tree
version=v4
num_class=1
num_tree_per_iteration=1
label_index=0
max_feature_idx=100
objective=regression_l1
feature_names=load_total_mw load_north_mw load_central_mw load_south_mw hydro_inflow_m3s hydro_total_discharge_m3s hydro_plant_discharge_m3s hydro_spill_discharge_m3s hydro_water_level_m disp_total_installed_mw disp_total_midday_mw disp_total_evening_mw disp_hydro_installed_mw disp_hydro_midday_mw disp_hydro_evening_mw disp_solar_installed_mw disp_solar_midday_mw disp_solar_evening_mw disp_wind_installed_mw disp_wind_midday_mw disp_wind_evening_mw temperature_hanoi humidity_hanoi cloud_cover_hanoi wind_speed_hanoi shortwave_radiation_hanoi direct_radiation_hanoi diffuse_radiation_hanoi temperature_danang humidity_danang cloud_cover_danang wind_speed_danang shortwave_radiation_danang direct_radiation_danang diffuse_radiation_danang temperature_hcmc humidity_hcmc cloud_cover_hcmc wind_speed_hcmc shortwave_radiation_hcmc direct_radiation_hcmc diffuse_radiation_hcmc coal_proxy_price brent_price gas_proxy_price usd_vnd dxy_index is_weekend is_workday is_holiday is_tet is_pre_holiday is_post_holiday season sin_hour cos_hour sin_dow cos_dow sin_month cos_month smp_lag_48 load_lag_48 smp_lag_49 load_lag_49 smp_lag_50 load_lag_50 smp_lag_96 load_lag_96 smp_lag_336 load_lag_336 smp_north_lag_48 smp_south_lag_48 smp_north_lag_336 smp_south_lag_336 smp_rolling_mean_24h smp_rolling_std_24h load_rolling_mean_24h load_rolling_std_24h smp_rolling_mean_72h smp_rolling_std_72h load_rolling_mean_72h load_rolling_std_72h price_spread_ns_lag48 load_ramp_lag48 smp_yesterday_mean smp_yesterday_max smp_yesterday_min smp_yesterday_zero_ratio hydro_discharge_rolling_24h solar_gen_proxy wind_gen_proxy residual_load_proxy thermal_margin_proxy hydro_depletion_index margin_temp_interaction is_spike is_zero spike_prob_24h spike_prob_72h zero_prob_24h zero_prob_72h
feature_infos=[16738.400000000001:43669.699999999997] [8141:23529.633000000002] [1030.2:4920.1390000000001] [6568.3000000000002:17620.469000000001] [-24696.790000000001:52718.32] [261.23000000000002:27182.77] [243.56999999999999:14362.75] [11.359999999999999:15398] [386.1925:23252.132105263157] none [14491.4:47673.900000000001] [19152.799999999999:47033.400000000001] none [-3952.3000000000002:18862.5] [6035.6999999999998:23435.200000000001] none [0:8134.5] [0:344.30000000000001] none [0:4273.1999999999998] [0:4263.3999999999996] [7.5:32.299999999999997] [31:99] [0:100] [0.55000000000000004:30.25] [3.5:282] [0:208.5] [3.5:150.5] [16.050000000000001:33.25] [52:99.5] [0:100] [0.80000000000000004:50] [7:306.5] [0:234] [7:146] [20.600000000000001:31.300000000000001] [56:98] [0:100] [0.5:24] [16:265] [0:198] [16:133.5] [63.700000762939453:438.35000610351562] [55.099998474121087:127.98000335693359] [1.5750000476837158:9.6800003051757795] [22394.345703125:26405] [89.639999389648438:114.11000061035156] [0:1] [0:1] [0:1] [0:1] [0:1] [0:1] [1:4] none none [-0.97492791218182362:0.97492791218182362] [-0.90096886790241903:1] [-1:1] [-1:1] [0:1778.5999999999999] [16738.400000000001:43669.699999999997] [0:1778.5999999999999] [16515.5:40602.099999999999] [0:1778.5999999999999] [15251.9:39424.300000000003] [0:1778.5999999999999] [16738.400000000001:43669.699999999997] [0:1778.5999999999999] [16738.400000000001:43669.699999999997] [0:1778.5999999999999] [0:1778.5999999999999] [0:1778.5999999999999] [0:1778.5999999999999] [0:1778.5999999999999] [0:869.78656539635756] [15840.402083333332:48300.345833333326] [1494.0634266859377:7412.3475695858406] [0.069944444444444434:1778.5999999999999] [0:822.68470809772941] [15990.384722222221:45267.230555555558] [2009.5728777065494:7328.5193476692311] [-1602.3:1778.5999999999999] [-2000.7000000000007:5250.3000000000029] [0:1778.5999999999999] [0:1778.5999999999999] [0:1778.5999999999999] [0:1] [919.52208333333328:41870.738333333335] [112.0236:1855.3908750000001] [124.17300000000002:5960.3040000000001] [13767.265887500002:40395.97834999999] [13155.821650000013:39784.534112499998] [386.1925:23252.132105263157] [371342.92174875003:1122197.6812312501] [0:1] [0:1] [0:1] [0:1] [0:1] [0:1]
tree_sizes=4159 4453 4514 4359 4666 4418 4488 4480 4715 4485 4408 4583 4337 4488 4475 4421 4609 4818 4505 4770 4516 4635 4312 4477 4461 4560 4800 4461 4466 4484 4519 4782 4356 4488 4612 4495 4586 4492 4582 4501 4386 4561 4496 4497 4660 4426 4495 4580 4674 4740 4557 4413 4337 4666 4641 4506 4644 4506 4569 4779 4551 4612 4649 4747 4570 4533 4373 4571 4570 4694 4478 4655 4642 4754 4509 4339 4559 4496 4631 4420 4442 4554 4815 4690 4739 4602 4415 4561 4608 4406 4506 4494 4702 4687 4296 4730 4572 4724 4590 4656 4708 4740 4561 4490 4657 4737 4692 4560 4410 4404 4486 4639 4590 4672 4430 4562 4435 4627 4566 4511 4404 4632 4548 4492 4432 4488 4441 4507 4406 4732 4315 4751 4453 4651 4591 4498 4661 4431 4254 4487 4566 4931 4502 4403 4637 4569 4578 4524 4725 4407 4452 4171 4548 4474 4408 4480 4659 4582 4790 4653 4416 4648 4648 4515

Tree=0
num_leaves=52
num_cat=0
split_feature=72 70 62 62 84 19 0 73 69 0 25 25 11 62 73 0 0 38 7 98 84 14 14 40 43 70 94 69 73 75 61 0 80 70 0 66 19 11 40 80 19 24 24 43 71 98 30 20 20 11 7
split_gain=25.3328 24.257 18.9369 12.5327 9.26995 9.08362 8.96192 8.19818 10.0013 9.47373 7.72665 7.62961 6.97682 6.3665 9.62392 9.12639 10.0921 8.01749 6.75072 6.35616 5.97265 5.81561 7.73605 5.80581 5.75839 9.41756 5.50267 6.6042 5.83333 5.53986 5.0381 4.78219 4.66759 4.51544 4.27111 4.17904 6.26411 3.44719 3.41783 3.33153 4.83333 3.27728 3.25762 3.98129 2.93795 2.47814 2.45423 2.38149 1.76348 1.71163 0.4
threshold=1365.6245000000001 1301.1500000000003 1369.3000000000004 1439.6000000000001 1481.5742291666668 2335.4500000000003 33280.700000000004 1002.4015000000001 32390.250000000004 30086.100000000002 140.75000000000003 175.75000000000003 33047.000000000007 808.29100000000005 0.98050000000000004 32425.200000000004 36031.600000000013 4.7250000000000014 1858.9600000000003 0.072916666666666685 307.29959375000004 15061.000000000002 17254.300000000003 53.750000000000007 76.954998016357436 1096.0000000000002 595496.85269812529 31618.450000000001 1393.1000000000001 451.61852896880941 33160.700000000004 36958.700000000004 34878.477430555562 1536.6000000000001 30726.750000000004 1395.4000000000003 946.10000000000002 34087.500000000007 103.25000000000001 35532.615972222229 1084.5000000000002 12.725000000000001 9.7750000000000021 88.705001831054702 1062.8000000000002 0.12847222222222224 83.750000000000014 874.50000000000011 954.25000000000011 38163.750000000007 47.845000000000006
decision_type=2 2 2 2 2 2 2 2 2 2 2 2 2 2 2 2 2 2 2 2 2 2 2 2 2 2 2 2 2 2 2 2 2 2 2 2 2 2 2 2 2 2 2 2 2 2 2 2 2 2 2
left_child=1 7 6 -4 33 12 26 13 9 -9 -6 -10 -5 14 19 17 30 -16 24 38 -21 -19 -23 34 25 37 49 29 50 -28 -17 -18 -8 35 -14 36 -3 -15 -1 -22 -41 42 43 44 -25 -32 -40 -37 -46 -2 -29
right_child=2 4 3 5 10 -7 32 8 11 -11 -12 -13 23 18 15 16 31 21 -20 20 39 22 -24 41 -26 -27 27 28 -30 -31 45 -33 -34 -35 -36 47 -38 -39 46 40 -42 -43 -44 -45 48 -47 -48 -49 -50 -51 -52
leaf_value=4.7389999389648443 -3.2310000610351564 -0.01 1.6394999694824219 -2.1144999694824218 -0.025999999046325686 -0.41000000000000003 0.51000000000000001 -1.5808200073242187 -5.4970001220703129 1.1575 4.3191050720214843 0 0 0.54749999999999999 -2.8305450439453126 2.5255000305175783 -2.7319950485229492 -2.4919999694824218 -0.50000999450683592 -0.008999999761581421 0 0.008999999761581421 -0.17100000381469727 0 5.9290002441406253 -0.7679700088500977 -1.7192400360107423 -7.4454998779296879 0 0 0 0 -0.0034999999403953555 5.229849853515625 -1.7069999694824218 3.8181150817871092 4.8529998779296877 3.5517001342773438 0 0 0.01 0 0.10000000000000001 1.0990000152587891 0 0.56650001525878912 0.01 1.0015449905395508 0 -2.6839999389648437 -2.3830000305175782
leaf_weight=33 23 20 22 24 39 29 24 32 37 38 24 26 20 20 34 28 20 27 23 23 20 23 24 21 31 22 26 20 30 27 22 33 30 39 25 20 23 29 20 29 25 29 31 21 23 20 33 38 27 20 20
leaf_count=33 23 20 22 24 39 29 24 32 37 38 24 26 20 20 34 28 20 27 23 23 20 23 24 21 31 22 26 20 30 27 22 33 30 39 25 20 23 29 20 29 25 29 31 21 23 20 33 38 27 20 20
internal_value=8.77835e-05 0.00110857 -0.00172764 3.67647e-05 0.00413793 -0.0006 -0.00390909 0.000193452 -0.00203008 0.000571429 0.000952381 -0.00492063 9.04977e-05 0.000742115 0.000144928 -0.00121212 0.000650407 -0.00333333 0.00272 0.00185792 0.000103093 -0.00148649 0.000638298 0.00071066 0.00382353 0.00225352 -0.00506024 -0.00398374 -0.006 -0.00132075 0.00314286 -0.00264151 -0.00037037 0.00557143 -0.00244444 0.00445545 0.00209302 0.00469388 0.00383721 0.00148649 0.00277778 0.00164474 0.00235772 0.00141304 0.00028169 0.000952381 0.00226415 0.0062069 0.0016 -0.00813953 -0.0085
internal_weight=1367 875 492 272 203 250 220 672 133 70 63 63 221 539 414 231 123 108 125 183 97 74 47 197 102 71 166 123 70 53 70 53 54 140 45 101 43 49 86 74 54 152 123 92 71 42 53 58 50 43 40
internal_count=1367 875 492 272 203 250 220 672 133 70 63 63 221 539 414 231 123 108 125 183 97 74 47 197 102 71 166 123 70 53 70 53 54 140 45 101 43 49 86 74 54 152 123 92 71 42 53 58 50 43 40
is_linear=0
shrinkage=0.01


Tree=1
num_leaves=53
num_cat=0
split_feature=72 70 74 72 0 29 16 66 56 91 41 20 29 24 91 22 81 20 94 19 20 20 5 64 78 40 33 23 78 41 19 32 39 64 0 24 91 20 0 32 23 97 28 3 1 1 81 14 0 41 23 8
split_gain=21.0691 23.6188 12.5472 11.1991 13.9049 9.728 8.44549 8.31039 8.01224 7.75282 7.1072 7.44637 8.01087 6.97286 6.96023 6.95758 6.37858 8.5888 6.32673 6.23673 5.98976 6.33814 6.19184 5.66178 5.59281 6.68528 10.115 6.47567 6.28788 5.58072 5.39074 8.97429 4.9 4.52038 4.37879 3.97801 3.96603 3.83688 4.94955 3.79753 3.60052 3.30179 4.00962 3.22475 2.81708 2.60999 2.5367 2.37576 2.025 1.77846 1.25455 0.427907
threshold=1456.5065000000002 918.50000000000011 1136.5245416666669 899.97300000000007 27519.650000000005 84.750000000000014 4734.3500000000013 1.0020000000000002 1.0000000180025095e-35 26967.264437500005 110.25000000000001 1373.95 67.750000000000014 5.0750000000000011 32092.412737500006 88.250000000000014 3984.2032089642425 1775.5000000000002 740700.10239062516 532.60000000000002 500.90000000000003 2695.4500000000003 1972.8450000000003 743.1880000000001 890.12016666666671 109.75000000000001 99.000000000000014 96.250000000000014 1100.347840277778 74.250000000000014 1784.6000000000001 94.750000000000014 188.25000000000003 1499.4500000000003 33977.250000000007 11.425000000000002 31370.442512500002 473.00000000000006 33571.150000000009 92.500000000000014 98.750000000000014 0.90625000000000011 25.825000000000006 14656.699000000002 16596.754000000004 14171.650000000001 4136.4604084679577 20373.600000000002 33254.80000000001 76.250000000000014 99.250000000000014 420.46513157894742
decision_type=2 2 2 2 2 2 2 2 2 2 2 2 2 2 2 2 2 2 2 2 2 2 2 2 2 2 2 2 2 2 2 2 2 2 2 2 2 2 2 2 2 2 2 2 2 2 2 2 2 2 2 2
left_child=1 6 7 14 33 19 8 32 15 39 11 24 -13 -7 18 29 -15 -18 23 -6 -4 22 -22 -3 25 37 -27 34 -26 -1 31 45 -2 -5 -28 50 -14 -8 -39 -9 -21 42 46 51 49 -24 -33 -40 -43 -29 -25 -11
right_child=2 3 20 4 5 13 10 9 -10 43 -12 12 36 16 -16 -17 17 -19 -20 40 21 -23 30 35 28 26 27 44 -30 -31 -32 41 -34 -35 -36 -37 -38 38 47 -41 -42 48 -44 -45 -46 -47 -48 -49 -50 -51 -52 -53
leaf_value=-0.3076945343017578 0.0050174999997019774 3.2942231285095218 -0.68768999938964837 -3.5091917999267577 -3.2360800613403318 2.6568089492797848 0.026197725082933904 -0.75860498123168951 -4.4716945495605467 -3.1986900604248047 -0.047389999389648441 -0.047389999389648441 -0.017127500145137312 -0.010205449899286033 -0.010015449905395508 -2.8413850341796878 3.3592014404296875 0.22707454643249514 1.3565249694824217 1.4907994293212892 -0.0030500000000000006 -0.081900003814697267 0 5.5184464706420897 -1.110575015258789 -1.8555799926757812 4.4999998807907104e-05 6.9369498168945318 0.00032999999821186065 0.055126499557495122 0.023830000305175784 0.019103700026124715 -0.85551502227783205 -0.02159552536010742 -0.0001 0.34632377834320066 8.9999997615814207e-05 4.2677448776245113 0 0.0085962001800537115 -0.13662999725341796 0 0.77201003036499016 -0.40590000000000004 0.096769975090026855 -0.048495001983642573 0 0.36334495754241941 0 0.56000000000000005 6.0424051208496099 -1.3945850151062014
leaf_weight=21 20 20 39 21 21 27 28 28 29 23 36 28 36 37 21 23 36 39 25 20 20 33 21 46 29 24 30 20 23 20 31 20 20 20 25 20 37 29 24 22 21 20 29 31 30 20 23 20 20 21 20 20
leaf_count=21 20 20 39 21 21 27 28 28 29 23 36 28 36 37 21 23 36 39 25 20 20 33 21 46 29 24 30 20 23 20 31 20 20 20 25 20 37 29 24 22 21 20 29 31 30 20 23 20 20 21 20 20
internal_value=2.92612e-05 0.000884574 -0.00177273 0.00274112 0.00140496 0.00248756 -0.000487805 -0.00396341 -0.00322581 -0.00524194 9.09091e-05 0.000470297 -0.00188119 0.00395683 0.00486842 -0.00125 0.00285714 0.00453333 0.00572519 -0.000806452 -0.000471014 0.000126582 0.000784314 0.00679245 0.00125413 0.00187251 0.000533333 0.00166667 -0.00173077 0.00121951 0.0013587 0.000588235 0 -0.00390244 -0.000909091 0.00790698 -0.000136986 0.00386139 0.00506849 -0.0022 0.00146341 0.00205357 0.00333333 -0.0072973 0.00366197 -0.00341463 0.00139535 0.00295455 -0.00025 0.00536585 0.00909091 -0.00906977
internal_weight=1367 927 440 394 242 201 533 164 93 124 440 404 101 139 152 64 112 75 131 62 276 237 204 106 303 251 150 126 52 41 184 153 40 41 55 86 73 101 73 50 41 112 72 74 71 41 43 44 40 41 66 43
internal_count=1367 927 440 394 242 201 533 164 93 124 440 404 101 139 152 64 112 75 131 62 276 237 204 106 303 251 150 126 52 41 184 153 40 41 55 86 73 101 73 50 41 112 72 74 71 41 43 44 40 41 66 43
is_linear=0
shrinkage=0.01


Tree=2
num_leaves=53
num_cat=0
split_feature=1 69 23 72 3 73 78 1 84 76 72 100 95 78 23 73 91 19 88 14 40 73 93 58 27 69 4 46 14 13 66 13 14 7 8 7 26 7 30 72 64 23 0 3 0 7 1 5 0 45 27 27
split_gain=17.8257 19.4227 12.5125 18.2522 13.4603 13.4401 14.8972 12.5696 11.1135 9.78147 9.53859 10.3936 10.4257 8.53385 8.41226 8.20772 7.33416 10.07 6.62401 6.61702 6.4 6.21751 14.426 9.13846 5.79118 5.40034 5.39898 5.21264 6.04133 6.73754 8.37934 6.09524 4.86332 8.88162 9.38314 6.24799 4.55307 4.52972 5.88395 4.21138 4.11613 6.41865 4.02381 3.7256 5.85814 3.87041 3.10957 2.72727 2.59086 1.57341 1.40386 0.921951
threshold=14004.900000000003 31308.400000000005 66.250000000000014 1386.9115000000002 14513.150000000001 1.3660000000000003 1187.6097465277778 15135.300000000001 366.70290625000013 33355.794791666674 1093.2 0.024305555555555556 1.0000000180025095e-35 1236.6179409722224 99.750000000000014 1311.7605000000001 28830.398493750006 1434.7 7171.5887500000008 12799.100000000002 96.750000000000014 1589.5000000000002 411.83013157894737 0.93301270189221952 113.25000000000001 26475.150000000005 3105.8350000000005 106.10000228881837 15038.150000000001 6942.8500000000013 929.90000000000009 3422.9000000000001 20195.400000000005 20.825000000000003 416.85402204836424 1641.6400000000003 56.750000000000007 464.935 67.750000000000014 0.93000000000000016 822.98950000000013 99.750000000000014 31436.000000000004 14269.85 30785.850000000002 112.98500000000001 12218.35 5629.1150000000007 29633.550000000007 23510.500000000004 68.250000000000014 70.250000000000014
decision_type=2 2 2 2 2 2 2 2 2 2 2 2 2 2 2 2 2 2 2 2 2 2 2 2 2 2 2 2 2 2 2 2 2 2 2 2 2 2 2 2 2 2 2 2 2 2 2 2 2 2 2 2
left_child=10 8 3 18 -5 7 24 -4 -2 -9 11 -1 27 -6 20 43 -16 19 50 -18 -8 23 -23 25 26 -12 -7 28 31 -30 -31 -13 33 34 -11 -34 46 -20 -39 -35 41 -28 -17 44 45 47 -27 -10 -48 -45 -3 -42
right_child=1 2 5 4 13 6 14 9 15 32 21 12 -14 -15 16 42 17 -19 37 -21 -22 22 -24 -25 -26 36 40 -29 29 30 -32 -33 35 39 -36 -37 -38 38 -40 -41 51 -43 -44 49 -46 -47 48 -49 -50 -51 -52 -53
leaf_value=-0.061458645721435556 -0.0425874487786293 2.8007795496594317 -0.51830414832305904 -2.0030130993957518 -1.0374955550750717 -1.517500059306622e-05 0.96638293478504955 0.084448735004425055 5.3483304173957515 -0.00010089999997615815 -0.00019103700026124715 0.10198976209449769 3.4198747182235718 0.0034542999966591594 0.0048692999954223631 -0.014907994293212892 -0.58086794672171027 -0.62822986845809214 -4.4999998807907104e-07 1.1216679855861664 0 -1.1516634443855285 0.016831699691772461 0.017243427609603856 -0.0058261825008392347 -11.17756781577301 -1.2207461122894288 -0.044575850513458255 2.7417057525963782 1.5379119272082968 -2.1511148545837404 -2.6484887862548829 4.6489324907989502 -0.025083725303724411 0.017069999694824218 8.5637500725686561e-05 -0.010103395400293171 0.0030769453430175781 0.027793850479125973 0.0043999999999999994 -0.60326099540328981 -0.024191099920272827 0.026876899993896482 4.4881901427169888 0.014690759153563531 0.76776173051452634 -3.882523922685623 6.9313421697246627 -3.1667031598205568 2.1783414749496579 3.0310920667419436 -4.1658035913848872
leaf_weight=28 33 22 34 35 24 21 20 29 24 20 30 21 28 26 26 21 21 26 29 23 20 24 33 22 26 28 39 20 21 22 21 21 23 39 27 28 21 22 25 31 20 37 21 26 38 25 37 20 27 20 21 21
leaf_count=28 33 22 34 35 24 21 20 29 24 20 30 21 28 26 26 21 21 26 29 23 20 24 33 22 26 28 39 20 21 22 21 21 23 39 27 28 21 22 25 31 20 37 21 26 38 25 37 20 27 20 21 21
internal_value=-4.38917e-05 0.000695742 -9.52381e-05 0.0020098 -0.00152941 -0.000903955 -0.0023 0.000909091 0.00324561 0.00187817 -0.00180693 -0.00010989 0.000909091 0.0018 0.000147059 0.00415385 -0.00145833 -0.00314286 0.00453782 -0.000227273 0.004 -0.0031982 -0.000350877 -0.00418182 -0.00432927 -0.0051049 -0.00514493 -0.00031746 0.000566038 0.0025 0.000232558 -0.00238095 0.000952381 -0.00017094 0.00319149 0.00352941 -0.00610619 0.00276316 0.00468085 -0.00242857 -0.00598291 -0.00460526 0.000238095 0.00522876 0.00420561 0.00594203 -0.00706522 0.00772727 -0.00828125 0.0076087 0.00767442 -0.00853659
internal_weight=1367 963 735 204 85 531 300 231 228 197 404 182 154 50 136 195 96 70 119 44 40 222 57 165 164 143 138 126 106 64 43 42 168 117 47 51 113 76 47 70 117 76 42 153 107 69 92 44 64 46 43 41
internal_count=1367 963 735 204 85 531 300 231 228 197 404 182 154 50 136 195 96 70 119 44 40 222 57 165 164 143 138 126 106 64 43 42 168 117 47 51 113 76 47 70 117 76 42 153 107 69 92 44 64 46 43 41
is_linear=0
shrinkage=0.01


Tree=3
num_leaves=50
num_cat=0
split_feature=33 20 20 2 24 38 6 69 68 20 79 70 33 61 93 20 89 69 19 20 16 20 66 17 35 42 14 91 91 79 2 35 75 66 23 34 46 41 93 35 38 31 68 31 16 20 31 33 16
split_gain=17.7783 15.0909 13.1369 15.487 9.41349 9.04156 8.91819 12.1897 8.40995 7.94209 7.92653 11.5844 12.2086 8.50622 8.48868 8.18337 7.86395 6.76451 6.71312 6.62752 7.06326 7.3429 7.81227 6.58481 7.59003 8.55828 8.14632 6.52111 8.38229 6.35764 8.91155 6.35286 6.08265 5.96267 5.90446 5.90144 4.78655 7.0969 5.82571 7.89372 5.22118 4.25177 3.99479 3.64882 3.47429 3.25952 2.5 2.4961 1.84091
threshold=225.50000000000003 2477.9000000000001 1501.4500000000003 2287.0000000000005 7.1250000000000009 4.7750000000000012 4683.3350000000009 35203.80000000001 1405.9160000000004 2993.3000000000006 313.51703309567023 1301.1500000000003 52.750000000000007 25275.150000000005 398.60444444444448 874.50000000000011 904.94064375000005 32390.250000000004 1683.8000000000004 1373.95 4625.7500000000009 1273.2000000000003 1308.2000000000003 12.850000000000003 26.025000000000002 353.12500000000006 20550.650000000005 28563.049962500001 27112.117218750005 548.50715760510991 3118.0000000000005 25.825000000000006 414.44553240959209 899.68550000000016 96.250000000000014 84.750000000000014 91.284999847412124 58.750000000000007 416.18426386913239 26.675000000000004 8.1250000000000018 9.6750000000000025 1447.9335000000003 6.4250000000000016 5880.2500000000009 884.6500000000002 5.4250000000000016 134.25000000000003 6327.8500000000013
decision_type=2 2 2 2 2 2 2 2 2 2 2 2 2 2 2 2 2 2 2 2 2 2 2 2 2 2 2 2 2 2 2 2 2 2 2 2 2 2 2 2 2 2 2 2 2 2 2 2 2
left_child=1 2 10 -4 16 -6 8 27 -5 -7 14 13 31 -12 -1 42 -3 18 -10 20 35 22 23 -22 26 29 -25 28 -8 30 43 -13 -17 34 -31 41 -16 -38 39 -39 48 -15 -14 -26 -29 -32 -9 -36 -41
right_child=-2 4 3 6 5 9 7 46 17 -11 11 12 15 19 36 32 -18 -19 -20 -21 21 -23 -24 24 25 -27 -28 44 -30 33 45 -33 -34 -35 47 -37 37 38 -40 40 -42 -43 -44 -45 -46 -47 -48 -49 -50
leaf_value=-1.4464551640098398 5.2606021135963328 0.92677498477935782 -1.1944837365850449 1.3825575194372559 -2.4607610956812298 -2.8396964790320318 1.6479938255762077 0.00021017793975260113 -2.0808385179154731 0.0027068611042607581 0.03882193922687411 0.0044656464917755146 6.1385182840382502 0.01440602482818603 -1.6908111890257493 -0.0093785023749533656 -0.047512477335395521 0.0073171503268586848 0.0037022996104073341 -0.038063211738241329 0.27050197343476534 4.3129927164080168 0.54410499487526953 -0.0095877097762092009 -0.87192581621751786 0.69049559485226508 5.7935498906201701 3.2229325940450226 -0.0030221287873754836 -0.78738166512955476 0.018305505882215502 -2.7553418537360379 0.21726893963143351 -0.01077766459690869 -0.012495018585532083 -5.3916007211912769 1.3120801621089309 0.50194921704925544 -0.0057706999969482434 -0.0053131000023551476 0.005608130993957519 -1.7972050209581301 0.03393793561019897 -0.0021978672939977979 0.0060439986815291639 -0.00032743850479125973 -0.96556623167060851 -0.069118660915908084 -0.043618700889015205
leaf_weight=38 23 21 28 38 35 39 32 20 21 38 39 30 34 23 25 26 28 22 20 31 28 22 36 22 21 20 20 38 26 30 28 23 34 27 20 21 25 30 27 22 35 20 33 26 25 20 20 35 22
leaf_count=38 23 21 28 38 35 39 32 20 21 38 39 30 34 23 25 26 28 22 20 31 28 22 36 22 21 20 20 38 26 30 28 23 34 27 20 21 25 30 27 22 35 20 33 26 25 20 20 35 22
internal_value=-2.19459e-05 -0.000171131 0.00021978 0.00206897 -0.00304348 -0.00464286 0.00282443 0.00428571 0.00049505 -0.00272727 -0.000380739 0.000164425 0.00233333 -0.000633947 -0.00200893 0.00401575 0.000612245 -0.00174603 -0.00414634 -0.00102222 -0.000692124 -0.000140845 -0.000510511 -0.00104377 -0.00152416 -0.0022467 0.00238095 0.00586777 0.00344828 -0.00285024 -0.000947368 -0.00169811 0.00133333 -0.00446429 -0.00576471 -0.00375 -0.00112903 -0.000496894 -0.00139706 -0.000366972 -0.00202532 -0.00162791 0.00641791 -0.00404255 0.00809524 0.00208333 -0.0005 -0.00381818 -0.00431818
internal_weight=1367 1344 1183 290 161 112 262 161 101 77 893 669 180 489 224 127 49 63 41 450 419 355 333 297 269 227 42 121 58 207 95 53 60 112 85 64 186 161 136 109 79 43 67 47 63 48 40 55 44
internal_count=1367 1344 1183 290 161 112 262 161 101 77 893 669 180 489 224 127 49 63 41 450 419 355 333 297 269 227 42 121 58 207 95 53 60 112 85 64 186 161 136 109 79 43 67 47 63 48 40 55 44
is_linear=0
shrinkage=0.01


Tree=4
num_leaves=54
num_cat=0
split_feature=6 60 68 23 44 26 4 80 68 11 56 66 84 26 73 33 23 35 45 93 61 11 45 68 81 84 8 83 35 35 80 44 84 17 36 60 3 8 73 81 44 6 3 66 4 61 42 38 93 6 11 87 22
split_gain=10.2568 18.9326 10.3268 9.89896 9.86681 9.71054 12.5133 10.2406 9.19275 7.87905 7.7234 8.39395 11.8751 7.26897 7.22222 7.04201 6.51934 7.47542 6.20124 5.61282 5.4902 5.48571 5.36319 6.07254 5.34594 5.34267 5.10455 5.36523 6.75227 10.4245 7.15249 7.14286 6.7295 6.88096 8.98073 9.50581 8.11052 6.64935 6.47326 5.9645 5.85728 4.64015 4.18864 4.06097 3.80501 3.73778 3.50303 3.31363 3.12567 2.69652 2.47319 2.0751 1.99481
threshold=3490.5600000000004 1395.4000000000003 1291.8000000000002 58.750000000000007 5.5090000629425058 2.2500000000000004 3478.9800000000005 30698.39409722223 1460.1105000000002 34827.750000000007 0.6078576107927941 1502.0000000000002 394.06693750000005 157.75000000000003 1579.9000000000003 6.7500000000000009 75.750000000000014 28.125000000000004 24373.000000000004 410.82950751879702 31019.650000000005 36480.80000000001 22836.000000000004 1.0895000000000004 3999.9682083362245 1498.3144270833334 392.9500000000001 2727.349999999999 25.225000000000005 26.025000000000002 30539.098958333339 3.9839999675750737 1012.5453645833335 148.90000000000001 88.250000000000014 0.10200000000000002 15247.050000000001 412.14865384615388 630.86300000000017 4118.6003527074963 2.9344999790191655 6974.5600000000004 15247.050000000001 869.45300000000009 2279.5050000000006 32158.850000000002 103.87500000000001 6.4750000000000005 401.50013888888896 6727.6000000000013 37932.850000000006 0.32291666666666669 89.750000000000014
decision_type=2 2 2 2 2 2 2 2 2 2 2 2 2 2 2 2 2 2 2 2 2 2 2 2 2 2 2 2 2 2 2 2 2 2 2 2 2 2 2 2 2 2 2 2 2 2 2 2 2 2 2 2 2
left_child=9 3 4 8 42 6 25 19 13 24 11 12 -11 22 45 -9 41 26 52 -7 -21 -8 -2 -24 47 -4 -18 28 31 38 48 39 33 36 35 -35 49 46 -30 -28 -34 -5 50 -12 -14 -13 -29 -1 -31 -32 -3 -25 -17
right_child=1 2 5 16 -6 7 21 15 -10 10 43 14 44 -15 -16 18 17 -19 -20 20 -22 -23 23 51 -26 -27 27 37 29 30 32 -33 40 34 -36 -37 -38 -39 -40 -41 -42 -43 -44 -45 -46 -47 -48 -49 -50 -51 -52 -53 -54
leaf_value=0.017887941597643182 -0.016728378849664681 5.2079960924603688 -0.00021416496185073857 -1.7125380417062559 0.0082118699493123875 0.022608556101509088 -0.0068591597838585571 -0.62424540058064881 -0.73406009736605116 -0.0087750702732987025 -0.00048151800889503397 -0.0028301473555239721 0.78924809679912633 -0.015946820963033917 0.0014246610927023645 0.011339818016734756 -2.088901720372621 0.01037818337894416 -0.052991679682018011 0.57778367752287407 0.018073084163584233 -0.63386282975902053 0.0078733711513073491 2.21440985470052 -5.1448902927286415 0.016626359698750665 -0.5520529612273275 -0.39610360061313576 1.0849606659262521 5.1905189709798085 -2.808533959903035 -2.9281766586831748 0.058598588506989596 0.0019383401858535443 0.014096903365947577 -5.0244926001554981 -0.015578668589550444 -0.58919228821830505 -0.0063779320076211036 0.13698552485601698 -0.0056912889019323032 -0.00032416411974334718 3.6790672320103126 -0.049516096743184072 0.049645955847981538 -1.2041364243333907 0.24716919073367746 -2.6478212670876848 0.0063234548891072271 -3.401150177406103 4.6024339849614773 6.4790689976789793 0.0061620876840103138
leaf_weight=27 21 37 34 32 34 23 20 22 34 30 22 20 22 23 20 22 20 23 23 30 21 28 39 23 39 23 22 20 39 20 20 21 20 22 32 27 26 28 21 20 29 22 21 25 24 25 24 20 21 31 34 21 20
leaf_count=27 21 37 34 32 34 23 20 22 34 30 22 20 22 23 20 22 20 23 23 30 21 28 39 23 39 23 22 20 39 20 20 21 20 22 32 27 26 28 21 20 29 22 21 25 24 25 24 20 21 31 34 21 20
internal_value=5.1207e-05 0.000484904 0.0022449 -0.000499287 0.00460317 0.00112782 -0.0012381 0.00267081 0.00167702 -0.00167883 -0.000531915 0.000638298 0.00289474 0.00291339 -0.002 0.000344828 -0.00114815 -0.000781893 0.002 0.00540541 0.0072549 -0.005 0.00403846 0.00518072 -0.00418605 0.00192982 -0.00105832 -0.000835214 -0.000350404 0.00025974 -0.000645161 -0.00333333 -0.00140097 -0.00240506 -0.00037037 -0.00306122 -0.00454545 -0.00333333 0.004 -0.000952381 0.00183673 -0.00444444 0.00630435 -0.00404255 0.00608696 -0.00422222 -0.000909091 -0.00191489 0.00317073 -0.00686275 0.00746479 0.00772727 0.00428571
internal_weight=1367 1093 392 701 126 266 105 161 161 274 188 141 76 127 65 87 540 486 65 74 51 48 104 83 86 57 463 443 371 308 248 63 207 158 81 49 77 72 60 42 49 54 92 47 46 45 44 47 41 51 71 44 42
internal_count=1367 1093 392 701 126 266 105 161 161 274 188 141 76 127 65 87 540 486 65 74 51 48 104 83 86 57 463 443 371 308 248 63 207 158 81 49 77 72 60 42 49 54 92 47 46 45 44 47 41 51 71 44 42
is_linear=0
shrinkage=0.01


Tree=5
num_leaves=51
num_cat=0
split_feature=95 6 16 69 74 62 97 39 69 72 16 31 36 21 25 25 31 39 69 21 4 0 94 67 74 39 6 41 3 86 86 72 74 83 31 17 36 82 88 16 43 31 43 56 27 25 97 3 37 13
split_gain=20.6992 12.5157 12.2985 13.9073 11.3751 11.3468 8.79174 8.41308 9.64421 7.96529 10.4305 13.9929 9.45386 8.45587 7.68551 9.68442 7.51116 8.4592 6.7366 6.53007 7.21633 6.5215 8.0348 6.41212 6.32913 7.97557 8.25233 6.0586 6.1691 5.7041 9.09091 5.69409 5.13756 6.61645 5.00871 10.6572 4.90905 4.79858 4.45359 4.41501 4.12087 5.63856 7.32814 4.08521 3.54632 3.37712 3.29252 2.38095 1.63975 0.459574
threshold=1.0000000180025095e-35 2827.7500000000005 5816.6000000000013 24550.750000000004 1243.3241458333334 1301.4970000000001 0.67708333333333337 91.250000000000014 33878.400000000009 1.0110000000000003 5111.1000000000013 3.9250000000000003 75.250000000000014 28.575000000000006 17.750000000000004 34.750000000000007 5.4250000000000016 212.75000000000003 36031.600000000013 28.225000000000005 8603.3650000000034 24587.500000000004 713403.1342421876 33361.55000000001 1329.5425000000002 193.75000000000003 6040.2500000000009 71.750000000000014 15294.700000000003 0.060000000000000012 955.22150000000011 1589.5590000000002 1159.1188333333334 2024.3499999999988 13.375000000000002 13.65 85.750000000000014 0.10799999999998545 4705.8225000000002 3636.8500000000008 74.844997406005874 7.3250000000000011 86.884998321533217 -1.0000000180025095e-35 33.250000000000007 149.75000000000003 0.072916666666666671 13929.450000000003 98.250000000000014 3049.2500000000005
decision_type=2 2 2 2 2 2 2 2 2 2 2 2 2 2 2 2 2 2 2 2 2 2 2 2 2 2 2 2 2 2 2 2 2 2 2 2 2 2 2 2 2 2 2 2 2 2 2 2 2 2
left_child=2 23 3 -1 5 16 37 -3 14 10 39 -12 44 21 -9 36 17 19 -19 20 -4 -14 34 -2 32 31 -27 28 47 -10 -31 -26 33 -17 35 -23 49 -6 -29 -5 -40 -42 -43 -37 -11 -41 -13 -18 -24 -16
right_child=1 7 4 9 6 -7 -8 8 29 12 11 46 13 -15 15 24 27 18 -20 -21 -22 22 48 -25 25 26 -28 38 -30 30 -32 -33 -34 -35 -36 43 -38 -39 40 45 41 42 -44 -45 -46 -47 -48 -49 -50 -51
leaf_value=3.064706882919265 -0.042048169624713048 -0.0062749252712472874 0.010748500815981455 -0.0088979407149549529 0.16496169907910446 -1.5644418143012877 -0.01776680039146079 -0.013336209041600346 3.0235866358249828 -0.13978746976819653 0.029246005702099658 -0.012650485983605778 0.071132468201651283 0.016747180426691918 2.2379771472987726 0.44619438894125979 0.059447516760878269 -0.068671260856385682 0.0081927610015184345 -0.00027142247854591367 5.5836538021956521 0.19657330340471571 -5.039978845963458 0.0002263693935632365 -0.051630614599355147 0.03960869537861076 2.4691937667306321 -0.035818549970641857 -0.0015558799159029774 -0.99533292519030658 0.0031507465419481889 0.0072858320983842 1.5301916852710258 -0.0063141526875448916 -4.4992593902014564 -0.43152259223662442 0.02707643725280863 2.5077835640680552 -1.3214601722229258 5.0653010202354025 0.02054592876897408 -0.048246169222980896 0.022146304734471507 -5.0491930564038912 0.5611100134957604 0.0028233819297924685 -0.28926859952067741 0.024554643079902693 -5.2695871649575263 2.2575214667267569
leaf_weight=30 24 28 20 23 23 25 26 28 24 22 31 21 21 20 27 32 21 33 32 23 38 37 33 20 30 26 22 34 22 22 22 39 37 29 36 32 21 27 39 24 37 22 20 26 20 23 28 21 23 20
leaf_count=30 24 28 20 23 23 25 26 28 24 22 31 21 21 20 27 32 21 33 32 23 38 37 33 20 30 26 22 34 22 22 22 39 37 29 36 32 21 27 39 24 37 22 20 26 20 23 28 21 23 20
internal_value=0.000131965 0.0018847 -0.000733844 -0.00191111 0.000410367 -0.000284238 0.00394737 0.00243243 0.00282322 -0.00238095 -0.000533333 -0.003 -0.00340741 -0.00421053 0.00356913 0.0040636 0.000165746 0.00191781 -0.000769231 0.00407407 0.00586207 -0.00480769 -0.00540107 -0.00318182 0.00302326 0.00145299 0.00458333 -0.00101852 0.0015625 -0.000588235 -0.00272727 -0.000724638 0.00489796 0.00311475 -0.0040458 -0.00284211 0.00735294 0.0064 -0.00210526 0.00228571 -0.00118644 0.000126582 -0.00238095 -0.00551724 0.000952381 0.00404255 -0.00632653 0.00380952 -0.00857143 0.00914894
internal_weight=1364 451 913 450 463 387 76 407 379 420 150 80 270 228 311 283 362 146 65 81 58 208 187 44 215 117 48 216 64 68 44 69 98 61 131 95 68 50 152 70 118 79 42 58 42 47 49 42 56 47
internal_count=1364 451 913 450 463 387 76 407 379 420 150 80 270 228 311 283 362 146 65 81 58 208 187 44 215 117 48 216 64 68 44 69 98 61 131 95 68 50 152 70 118 79 42 58 42 47 49 42 56 47
is_linear=0
shrinkage=0.01


Tree=6
num_leaves=52
num_cat=0
split_feature=69 95 23 13 29 72 16 100 73 10 10 90 97 65 20 34 74 34 90 24 30 75 78 8 60 34 30 26 69 10 33 13 4 26 90 90 21 69 13 39 78 67 96 16 90 97 33 4 10 59 90
split_gain=13.6906 11.1495 12.4564 11.5205 14.6265 15.8631 10.4809 11.5087 9.86445 9.84992 12.6415 9.78288 12.4038 8.81643 8.50881 8.47264 8.43058 8.35353 7.99695 9.64601 7.76542 7.63269 7.30457 6.83066 10.018 6.38722 6.92805 8.27652 7.90171 9.02007 7.38731 6.51853 6.00775 5.84864 5.49143 9.48513 5.09091 6.36364 5.03595 4.91893 4.9 4.80159 4.66667 4.29271 3.98293 3.27127 2.76825 2.5 2.23402 2.07171 1.41026
threshold=22337.600000000002 1.0000000180025095e-35 36.250000000000007 1475.6500000000003 89.750000000000014 919.17300000000012 5825.9000000000005 0.024305555555555556 1200.6425000000002 30525.950000000001 34194.900000000001 1036.8445500000003 0.40625000000000006 29862.850000000002 1262.7500000000002 75.250000000000014 1485.2413645833337 78.750000000000014 2055.0631500000004 7.075000000000002 95.250000000000014 560.56246073212867 467.61490972222231 411.70960526315793 895.92400000000009 96.250000000000014 97.250000000000014 0.75000000000000011 33131.80000000001 32928.900000000009 24.250000000000004 4848.1500000000005 7056.9250000000011 13.750000000000002 1570.7884500000005 1036.8445500000003 25.225000000000005 35238.000000000007 14322.000000000002 212.75000000000003 702.27681944444453 31096.750000000004 1.0000000180025095e-35 6946.0000000000009 2092.3150500000006 0.32291666666666669 116.50000000000001 3252.5700000000002 31433.000000000004 -0.68301270189221952 1223.1040500000004
decision_type=2 2 2 2 2 2 2 2 2 2 2 2 2 2 2 2 2 2 2 2 2 2 2 2 2 2 2 2 2 2 2 2 2 2 2 2 2 2 2 2 2 2 2 2 2 2 2 2 2 2 2
left_child=47 2 14 13 5 32 7 48 45 18 44 22 20 -3 39 -14 -10 -12 19 -9 23 -16 -8 24 40 26 28 -28 29 31 41 -7 -5 -24 35 -21 -22 -38 -19 46 -13 -29 -35 49 50 -6 -2 -1 -4 -25 -11
right_child=1 3 6 4 8 25 11 9 16 10 17 12 15 -15 21 -17 -18 38 -20 34 36 -23 33 43 -26 -27 27 30 -30 -31 -32 -33 -34 42 -36 -37 37 -39 -40 -41 -42 -43 -44 -45 -46 -47 -48 -49 -50 -51 -52
leaf_value=4.0892235537665638 0.19460757037066856 -0.35413821613541857 -0.68902961635241133 6.0012896511039955 1.5335513224263024 0.0012396821911956142 0.016097964140093769 0.92132600129545084 0.035779543863739216 -2.1511245448324066 0.025797960115214597 0.50924263321122842 0.0065977712583285535 0.0028583042082396502 0.42848843320161306 0.37628345226093346 -0.0012078854827609342 -0.19272561719516532 -1.0892975031851375 -0.098877966829887254 -0.0082918819670610676 -0.19221696268934146 -4.0514330127417075 -0.06823136635734707 -1.5487973961582748 -0.02112965922006798 -0.024922900273640608 0.77953961177022713 -0.040464433086338368 0.015953657129685758 0.50347499684462593 -0.57181385722518474 2.9472597043250697 0.0019860634800257398 -0.53657773632782657 1.0807691557917971 0.92663931897756135 0.00086367189218043196 0.0053068825939515899 0.0049752983279886809 0.0024505352760474564 -0.0749411258472059 -0.0802100354879135 -0.0005899069827716907 -1.6934354216697352 3.4508698388323045 1.6365176177880663 7.8081989427396614 -3.9202933678582892 -0.033834732120431192 -2.7840532184182361
leaf_weight=20 23 26 31 22 20 31 27 31 29 30 32 20 24 22 32 35 27 36 39 24 33 20 23 21 23 27 22 24 32 21 22 20 31 21 20 26 30 33 23 26 20 21 21 31 31 39 20 20 30 30 22
leaf_count=20 23 26 31 22 20 31 27 31 29 30 32 20 24 22 32 35 27 36 39 24 33 20 23 21 23 27 22 24 32 21 22 20 31 21 20 26 30 33 23 26 20 21 21 31 31 39 20 20 30 30 22
internal_value=-0.00026393 -0.000438066 -0.00108108 0.00087156 0.0014433 0.00018315 -0.0015515 -0.00274667 0.00443478 -0.00197452 -0.00356322 -0.000408163 0.000466667 -0.00375 0.00190083 0.00457627 0.00142857 -0.000989011 0 0.00148515 -0.000539419 -0.00115385 -0.00326087 -0.002 0.00047619 -0.001 -0.000362694 0.00168539 -0.00211538 -0.000277778 0.00343284 -0.00254902 0.00509434 -0.00507692 -0.000571429 0.0012 0.00166667 0.00333333 -0.00322034 0.0042029 0.0035 0.00111111 -0.00285714 -0.00390244 -0.00638554 0.00728814 0.00627907 0.0055 -0.00672131 -0.00568627 -0.00807692
internal_weight=1364 1324 888 436 388 273 767 375 115 314 174 392 300 48 121 59 56 91 140 101 241 52 92 145 63 220 193 89 104 72 67 51 53 65 70 50 96 63 59 69 40 45 42 82 83 59 43 40 61 51 52
internal_count=1364 1324 888 436 388 273 767 375 115 314 174 392 300 48 121 59 56 91 140 101 241 52 92 145 63 220 193 89 104 72 67 51 53 65 70 50 96 63 59 69 40 45 42 82 83 59 43 40 61 51 52
is_linear=0
shrinkage=0.01


Tree=7
num_leaves=52
num_cat=0
split_feature=68 60 24 98 20 73 20 61 19 99 13 21 89 8 89 89 23 69 21 83 40 65 89 32 22 21 68 19 81 68 23 36 11 27 67 5 46 98 67 7 83 69 13 3 72 20 20 69 65 3 20
split_gain=9.98874 14.3158 10.8696 10.1124 11.4489 7.8989 15.9831 7.38737 8.04481 15.6295 15.0373 12.0114 8.68449 8.52678 7.11912 8.21585 6.96792 6.94286 6.62201 7.38696 6.51943 7.41565 7.40241 8.62342 9.61001 7.63273 8.55641 7.27698 8.45079 8.142 7.82099 6.51905 6.42284 6.36127 6.18535 5.90953 5.8825 5.56522 5.17677 5.15714 5.15703 5.04043 5.7636 6.26781 4.7792 4.00346 3.47838 3.44903 5.86667 3.17979 2.70941
threshold=1772.5000000000002 1599.3500000000001 13.125000000000002 0.64236111111111127 1010.2500000000001 1355.7645000000002 1918.8500000000001 38754.900000000001 891.75000000000011 0.67708333333333337 13264.85 28.675000000000001 1538.5741312500002 392.85416666666669 1381.0409437500002 1156.9937437500002 16.750000000000004 29915.500000000004 17.975000000000005 2238.1000000000026 41.250000000000007 26760.250000000004 817.42220625000016 130.00000000000003 86.250000000000014 21.825000000000006 1311.2710000000002 378.85000000000008 3168.2220016684182 968.68100000000015 94.750000000000014 85.750000000000014 43234.000000000007 105.25000000000001 30406.750000000004 7387.4450000000006 106.81000137329103 0.69097222222222232 33927.900000000001 296.39000000000004 1858.9000000000017 35725.950000000004 11719.900000000003 13434.650000000001 893.4000000000002 327.50000000000006 1026.9000000000003 31836.550000000003 28394.150000000005 14468.950000000003 2030.8500000000001
decision_type=2 2 2 2 2 2 2 2 2 2 2 2 2 2 2 2 2 2 2 2 2 2 2 2 2 2 2 2 2 2 2 2 2 2 2 2 2 2 2 2 2 2 2 2 2 2 2 2 2 2 2
left_child=1 5 3 36 -5 7 14 8 11 12 38 13 16 -1 15 -7 -10 -6 -2 31 21 -15 -22 24 -24 -25 27 28 -27 35 -30 -20 34 45 50 -29 47 -4 -11 -14 -26 42 43 -36 -45 -13 -21 48 -3 -46 -18
right_child=18 2 37 4 17 6 -8 -9 9 10 -12 33 39 20 -16 -17 32 -19 19 46 22 -23 23 25 40 26 -28 29 30 -31 -32 -33 -34 -35 41 -37 -38 -39 -40 -41 -42 -43 -44 44 49 -47 -48 -49 -50 -51 -52
leaf_value=-8.1407669296261833 -0.35428215124031709 3.6038547871896696 -0.31086306023998467 0.37252061773832412 0.41602170251629389 -0.54999641534004218 -2.9476555430186471 -0.086982704006929298 -0.06619772984853324 -0.048790045231509184 0.026716282645041823 5.2004579550011911 4.0809780715429227 2.6228069273289965 -1.6968483476282574 1.8296826379612987 3.4384192977277337 -0.030894293274034191 0.0072086772249355556 -0.018096150634647028 -2.5699811895229749 -0.022701758980138553 -0.044712352609641785 -1.1129040757093502 3.0239783303669721 -0.82703626610837899 0.073477325903334542 -0.030003478770320193 0.36965662031579832 -2.4092585920053255 -1.2297987155226686 -0.050163148880450842 1.0498518629348919 -0.066945943602683716 -0.014952180964894377 0.0019662028452254823 0.0073568538719135492 0.016938742987707131 -0.016954759616056282 0.0064110025258378844 0.015401365005636032 -1.0879119792849459 0.83211932265532595 -0.017948110895047081 0.014708906038004692 0.022654798615929957 -1.6301979799061712 2.9585305999742326 0.022903324204893442 2.0150521201678608 1.2771404957478107
leaf_weight=24 32 24 23 33 20 21 34 32 32 34 29 22 24 27 31 22 21 28 32 28 23 31 24 29 21 21 21 36 23 20 22 28 37 23 38 33 28 23 26 21 20 28 23 37 21 20 23 31 20 20 20
leaf_count=24 32 24 23 33 20 21 34 32 32 34 29 22 24 27 31 22 21 28 32 28 23 31 24 29 21 21 21 36 23 20 22 28 37 23 38 33 28 23 26 21 20 28 23 37 21 20 23 31 20 20 20
internal_value=-0.000366569 -7.37101e-05 0.00217391 0.00326087 0.000617284 -0.000595358 -0.00314815 -0.000283126 -0.000105758 0.000900243 -0.00280899 -0.00104545 0.00192547 -0.00173333 -0.000540541 0.00209302 0.00126354 -0.0025 -0.00286713 -0.00171171 -0.00133903 0.00172414 -0.00194539 -0.00148148 0.00169231 -0.0024878 -0.00170455 -0.00251613 0 -0.00438202 0.00244444 0.000666667 0.00183673 0.00292308 0.00115385 -0.00275362 0.00533981 -0.00217391 -0.00566667 0.006 0.00463415 0.000299401 0.00107914 0.000172414 0.00179487 0.0052381 -0.0045098 0.0068 0.005 0.00414634 0.00463415
internal_weight=1364 1221 230 184 81 991 108 883 851 411 89 440 322 375 74 43 277 48 143 111 351 58 293 270 65 205 176 155 66 89 45 60 245 65 208 69 103 46 60 45 41 167 139 116 78 42 51 75 44 41 41
internal_count=1364 1221 230 184 81 991 108 883 851 411 89 440 322 375 74 43 277 48 143 111 351 58 293 270 65 205 176 155 66 89 45 60 245 65 208 69 103 46 60 45 41 167 139 116 78 42 51 75 44 41 41
is_linear=0
shrinkage=0.01


Tree=8
num_leaves=55
num_cat=0
split_feature=2 6 69 79 42 34 72 64 31 44 79 0 69 19 20 79 2 97 64 20 44 33 79 31 62 29 0 42 32 17 79 24 24 35 25 17 2 78 46 6 89 35 79 2 88 24 24 1 0 3 20 0 24 6
split_gain=11.984 11.3916 12.8596 11.9205 8.88012 9.0181 9.16076 10.7459 12.7126 11.8671 12.3384 10.2885 17.5828 9.21884 9.20327 10.0004 9.606 9.32872 8.62664 8.32914 8.22511 10.3141 9.80302 7.8118 10.519 8.00828 8.12685 7.57576 7.56866 12.1 7.23794 8.92488 7.22416 9.25779 14.5161 6.47235 6.24548 5.89091 5.71667 5.70273 9.46932 8.27456 4.45455 4.37576 4.14491 5.86073 4.00346 3.93195 3.91837 3.83546 3.6 2.71515 2.56098 0.9
threshold=3904.8500000000004 2802.1850000000004 22337.600000000002 639.09444263797775 335.75000000000006 109.25000000000001 951.00000000000011 1225.1210000000003 3.2750000000000008 3.5145000219345097 583.32999974758252 31683.450000000001 32641.750000000004 2251.5000000000005 1784.9000000000003 287.51274085888821 2601.3500000000004 0.093750000000000014 1033.3695000000002 82.90000000000002 2.9190000295639043 192.25000000000003 548.50715760510991 6.9750000000000005 1.0125000000000002 77.750000000000014 30826.550000000003 370.67500305175787 210.75000000000003 134.15000000000001 650.63104167919107 7.6750000000000016 9.6750000000000025 26.375000000000004 194.00000000000003 108.65000000000002 2818.3500000000008 930.31812500000012 101.00500106811525 3911.4100000000003 834.92589375 26.225000000000005 673.24777499904019 3245.6000000000004 2445.3708333333338 12.125000000000002 8.1250000000000018 16001.500000000002 30518.850000000002 15054.344500000001 954.25000000000011 30406.750000000004 8.8750000000000018 8356.6150000000016
decision_type=2 2 2 2 2 2 2 2 2 2 2 2 2 2 2 2 2 2 2 2 2 2 2 2 2 2 2 2 2 2 2 2 2 2 2 2 2 2 2 2 2 2 2 2 2 2 2 2 2 2 2 2 2 2
left_child=1 30 -3 4 5 6 13 14 -9 11 39 48 49 18 15 -8 17 -17 19 -4 21 22 -21 25 53 -5 -27 -6 29 -7 31 43 33 -22 -35 -26 52 42 -18 46 -41 -42 -28 -1 -33 50 -11 -14 -10 -13 -46 -34 -20 -25
right_child=-2 2 3 23 27 28 7 8 9 10 -12 12 47 -15 -16 16 38 -19 36 20 32 -23 -24 24 35 26 37 -29 -30 -31 -32 44 51 34 -36 -37 -38 -39 -40 40 41 -43 -44 -45 45 -47 -48 -49 -50 -51 -52 -53 -54 -55
leaf_value=-0.013151062006583376 2.4880489920875579 6.291615328916734 -0.071605165377406604 -0.12372441558653195 2.6935006118244891 -4.6385684695443956 -3.6455947212547573 -0.037417898986900414 -0.0068263559564637833 1.3063930686613616 1.2035063833999347 0.058259127513209281 -0.0017136327936353971 -0.10987075881588859 -3.4283615543634545 0.012188629343293128 -0.029578462510132644 -3.9393780250553596 4.6026966878472484 -0.0084907368379699404 3.5885696283936568 -0.033911774630421707 0.033748579016879748 -3.0788947145525789 -0.076968985900688902 -0.03572839811850017 -0.032497730598004024 -0.010641888646912035 -1.5711339184009157 0.080186637645363018 0.010782517633750772 -0.036214949300073629 0.022149942933381298 -0.567472995331047 0.099654928824612188 0.1043239812126147 2.483943475893732 0.25728622001821461 0.086667943543623477 1.5405655011687061 -1.3386687960496844 1.97254817000836 0.62468339814843188 0.46512288989998896 -0.028348298148922799 -0.00049119474534630727 0.015955414064494716 -0.11871984712838561 -0.36444799892902036 0.28264906765588543 -2.8688850860269146 1.5962867425385405 4.6128211438242959 -5.4943883402833498
leaf_weight=24 24 37 25 21 24 20 20 32 21 20 22 27 28 34 33 24 28 22 21 35 37 28 29 20 31 22 22 20 33 20 32 20 20 31 31 25 31 20 20 20 33 20 22 20 20 21 22 22 28 20 20 22 20 20
leaf_count=24 24 37 25 21 24 20 20 32 21 20 22 27 28 34 33 24 28 22 21 35 37 28 29 20 31 22 22 20 33 20 32 20 20 31 31 25 31 20 20 20 33 20 22 20 20 21 22 22 28 20 20 22 20 20
internal_value=-0.000337243 -0.000462687 -0.000126796 -0.000314136 0.000159067 -5.56174e-05 0.000242131 -0.000692641 0.000349206 0.00102473 0.00313869 -0.000958904 0.000927835 0.00142857 -0.00292517 -0.00157895 -0.000212766 -0.00347826 0.00193939 0.00108527 0.00167382 -0.000652174 0.0015625 -0.00251232 -0.00458333 -0.000654206 0.000697674 0.00454545 -0.00342466 -0.0005 -0.00299363 -0.00408 0.00319149 0.00171717 -0.000645161 -0.00178571 0.005 0.0025 0.00291667 0.00182609 0.000136986 -0.00207547 0.000454545 -0.000454545 -0.00604938 -0.0047541 0.0047619 -0.0032 -0.00469388 0.00531915 -0.007 0.00666667 0.00756098 -0.0085
internal_weight=1364 1340 1183 1146 943 899 826 462 315 283 137 146 97 364 147 114 94 46 330 258 233 92 64 203 96 107 86 44 73 40 157 125 141 99 62 56 72 64 48 115 73 53 44 44 81 61 42 50 49 47 40 42 41 40
internal_count=1364 1340 1183 1146 943 899 826 462 315 283 137 146 97 364 147 114 94 46 330 258 233 92 64 203 96 107 86 44 73 40 157 125 141 99 62 56 72 64 48 115 73 53 44 44 81 61 42 50 49 47 40 42 41 40
is_linear=0
shrinkage=0.01


Tree=9
num_leaves=52
num_cat=0
split_feature=69 14 16 63 61 38 34 35 61 75 61 44 68 64 83 38 24 43 38 80 63 81 75 14 83 82 33 100 13 14 36 5 92 5 63 78 43 38 28 35 92 75 44 98 5 3 78 69 36 43 3
split_gain=11.8253 11.1498 11.4032 9.84937 9.69097 9.64302 9.45388 11.5325 9.02476 9.97828 9.5857 8.56989 7.44644 12.5436 13.1868 12.1516 11.0187 7.98162 7.99555 8.25916 9.11243 7.1697 6.89495 12.0423 8.42911 9.55145 8.05105 7.36017 7.37276 9.60317 6.68331 6.40329 6.3 6.01958 5.7223 5.62488 5.61637 5.44637 4.81094 4.53215 4.21647 4.16383 4.14236 4.04739 3.88658 3.84787 3.82019 3.6 3.6 2.5 1.77778
threshold=24550.750000000004 9021.1500000000015 5825.9000000000005 30887.850000000002 32768.850000000006 9.4750000000000014 98.750000000000014 24.025000000000002 30063.100000000002 532.44726632936397 27322.350000000002 2.4565000534057622 1430.9115000000004 1033.3695000000002 2278.7000000000012 5.7750000000000012 10.225000000000001 77.20999908447267 4.1250000000000009 30505.344791666666 30215.650000000005 4238.168459158268 526.86103759723778 13983.450000000003 2534.4499999999994 -0.078499999999999945 143.25000000000003 0.64236111111111127 11719.900000000003 16457.650000000005 79.750000000000014 3564.7000000000003 24019.909875000008 4599.6050000000005 29796.950000000004 401.0842777777778 74.750000000000014 13.475000000000001 27.375000000000004 25.825000000000006 27604.989006250005 338.53510041332436 2.6654999256134042 0.23263888888888892 7152.6950000000006 15360.800000000001 702.27681944444453 32357.800000000007 87.750000000000014 73.420001983642592 14095.250000000002
decision_type=2 2 2 2 2 2 2 2 2 2 2 2 2 2 2 2 2 2 2 2 2 2 2 2 2 2 2 2 2 2 2 2 2 2 2 2 2 2 2 2 2 2 2 2 2 2 2 2 2 2 2
left_child=33 -2 5 4 6 12 7 -4 10 31 -9 -7 13 15 16 35 39 32 -19 40 -21 -8 23 26 25 -24 -5 28 29 -25 -13 -10 -14 -1 -33 -3 -17 46 -37 -15 -20 -35 43 -27 -6 -31 -32 -11 -38 -40 -12
right_child=1 2 3 22 44 11 21 8 9 47 50 30 17 14 -16 36 -18 18 19 20 -22 -23 24 27 -26 42 -28 -29 -30 45 37 34 -34 41 -36 38 48 -39 49 -41 -42 -43 -44 -45 -46 -47 -48 -49 -50 -51 -52
leaf_value=-0.023366341735831464 -0.045925463346606785 0.010805299071337472 -0.92729243798319094 -0.026768043791465638 3.7812704313856389 0.004184784565108025 -2.5301271688861897 0.011866861421669267 -0.63995205644932474 0.33762886377156626 2.0239487344589158 0.38029501291702433 -0.22178913100502404 4.0487014194255675 -0.28999136439756656 0.38321448917302503 -0.008014621069208366 0.05077712889657187 -0.003789641642084765 -3.3519743628069385 -0.016365755512306911 0.0070795006430924845 0.042841393719724737 0.13866450882706693 -0.037414837141912106 -0.013162023765780111 0.0029244365902314964 -0.032632415910572449 0.89489532599566901 0.030705189017606289 -0.35839868785131257 -0.037564518401068635 -1.9661211472949194 3.6049900871238072 0.019839028147287413 -3.3716462150331785 -0.74612831999893536 -1.0111949902398756 -0.12851386357855379 1.2735727643487829 1.1330956822524214 9.5295554619183189 -0.31204914244645859 0.021098933428256875 0.30988917143964539 -1.478212930164047 -5.7564655056567533 0.009672286701180444 0.0028480717810320266 -0.0014015724230745095 0.84281438890071159
leaf_weight=20 33 20 21 34 22 31 22 37 20 20 20 22 24 35 21 36 34 26 37 27 21 20 29 35 36 21 37 23 34 23 23 38 21 20 29 39 20 34 20 22 22 29 23 20 20 22 36 20 20 20 25
leaf_count=20 33 20 21 34 22 31 22 37 20 20 20 22 24 35 21 36 34 26 37 27 21 20 29 35 36 21 37 23 34 23 23 38 21 20 29 39 20 34 20 22 22 29 23 20 20 22 36 20 20 20 25
internal_value=-0.000410557 -0.000625483 -0.000475436 0.000445469 0.00171975 -0.00145663 0.00102941 0.00182609 0.00253589 0.000866142 0.00512195 -0.00369863 -0.000752688 0.000243902 0.00285714 -0.00142857 0.00450549 -0.00235955 -0.00112782 -0.00233645 -0.00541667 -0.00333333 -0.00074184 0.000384615 -0.00255814 -0.000967742 -0.00295775 0.00211679 0.00315789 0.0015 -0.00495652 -0.00103448 -0.006 0.00362319 0.000447761 -0.00373737 0.00157895 -0.00612903 -0.00493671 0.00719298 0.000169492 0.0055102 -0.003125 -0.00121951 0.00619048 -0.00155556 -0.0079661 0.005 -0.001 -0.0025 0.00822222
internal_weight=1364 1295 1262 651 314 611 272 230 209 127 82 146 465 287 112 175 91 178 133 107 48 42 337 208 129 93 71 137 114 80 115 87 45 69 67 99 76 93 79 57 59 49 64 41 42 45 59 40 40 40 45
internal_count=1364 1295 1262 651 314 611 272 230 209 127 82 146 465 287 112 175 91 178 133 107 48 42 337 208 129 93 71 137 114 80 115 87 45 69 67 99 76 93 79 57 59 49 64 41 42 45 59 40 40 40 45
is_linear=0
shrinkage=0.01


Tree=10
num_leaves=51
num_cat=0
split_feature=95 68 67 23 37 94 76 98 68 37 42 74 43 62 56 67 22 77 31 65 98 31 60 98 88 76 71 30 37 0 26 94 31 46 97 88 67 7 43 3 0 22 29 42 37 70 36 20 7 37
split_gain=10.5137 13.7419 13.1024 11.3794 10.3214 9.52929 11.6093 7.69832 7.5508 9.61701 10.6983 8.63624 8.45 10 8.44692 8.372 8.14014 7.31122 6.86662 6.08669 7.04622 8.39799 9.32151 7.73117 7.45472 6.91022 5.94445 5.74957 5.72027 5.29715 7.60536 9.21053 5.61988 4.98689 6.22644 5.44267 4.97778 4.9 4.71663 5.45974 11.7521 4.61092 4.45548 4.14815 3.7984 3.38593 3.25338 2.77778 2.65947 1.50261
threshold=1.0000000180025095e-35 1443.8545000000001 28490.850000000002 32.250000000000007 94.750000000000014 550253.44074093772 33625.94062500001 0.85069444444444453 962.50000000000011 45.250000000000007 173.59999847412112 1012.5453645833335 75.49499893188478 1249.0500000000002 1.0000000180025095e-35 37483.100000000006 89.250000000000014 4439.687086710358 3.2750000000000008 35157.100000000013 0.079861111111111119 5.3750000000000009 1.0000000180025095e-35 0.23263888888888892 11129.741458333336 37205.562500000007 0.99950000000000017 99.750000000000014 94.250000000000014 28667.450000000004 47.250000000000007 690000.49954156287 19.125000000000004 104.57500076293947 0.67708333333333337 5774.506875 29911.350000000002 20.835000000000004 74.36999893188478 13876.950000000003 28533.500000000004 86.250000000000014 82.250000000000014 118.76499938964845 99.250000000000014 1049.9945000000002 88.750000000000014 916.70000000000016 40.670000000000009 93.750000000000014
decision_type=2 2 2 2 2 2 2 2 2 2 2 2 2 2 2 2 2 2 2 2 2 2 2 2 2 2 2 2 2 2 2 2 2 2 2 2 2 2 2 2 2 2 2 2 2 2 2 2 2 2
left_child=3 2 -2 4 42 48 47 8 11 12 15 19 13 -10 -12 38 -13 18 -3 20 21 22 -5 24 43 28 -25 -26 -23 -20 32 -32 33 34 -31 -36 -6 -14 45 40 -40 -8 -1 -22 -41 49 -24 -7 -4 -11
right_child=1 17 5 7 36 6 41 -9 9 10 14 16 37 -15 -16 -17 -18 -19 29 -21 23 25 46 26 27 -27 -28 -29 -30 30 31 -33 -34 -35 35 -37 -38 -39 39 44 -42 -43 -44 -45 -46 -47 -48 -49 -50 -51
leaf_value=-0.034022899663846376 3.4214043212277261 -0.03244738834125175 2.6023983726523454 0.43761863913892796 1.2122411412662621 -0.028164315765612801 5.5168481120530677 -1.6944664232476887 1.0385489133913035 -3.918961800191235 0.099453129118892841 2.929882968377322 0.036526278340595381 -0.22723007263425643 -0.91029328169773038 0.012559599068819833 -0.0014340227529418634 -0.035211981364392124 -0.037771183653412768 -0.044236591524815731 -0.11928299529088872 -0.0079353496776438867 -0.027328989167774799 0.028179563129233826 -0.031186739770456155 0.026868845837657754 -0.048472406381890015 0.023856736330752516 1.0195583319884274 0.01900191243802898 -0.016250482519471681 0.0075404985993240596 -0.012139066185434101 0.14123195582012654 -0.0065742252331175586 0.0072269918701993998 0.031692310304323693 -2.5840291885017552 -1.5013725663499435 -4.1442869670198998 0.030738687768085679 2.4760345419665342 0.18880315911365275 -0.066310426475759549 -3.4906284216464321 -1.0269768228727412 -0.036056825927672925 -0.28709145075359088 3.565886701021002 -2.497741587700137
leaf_weight=29 37 24 20 30 20 20 20 22 20 27 39 39 20 20 29 25 31 32 23 27 21 36 25 25 27 27 22 20 31 34 36 21 21 34 27 26 36 20 32 32 27 23 27 27 22 31 22 25 21 23
leaf_count=29 37 24 20 30 20 20 20 22 20 27 39 39 20 20 29 25 31 32 23 27 21 36 25 25 27 27 22 20 31 34 36 21 21 34 27 26 36 20 32 32 27 23 27 27 22 31 22 25 21 23
internal_value=-0.000405904 0.000855856 0.00313253 -0.00102086 0.00196429 0.00162791 -0.000227273 -0.0014393 -0.00127413 -0.00231608 -0.00317073 -0.000341463 0.00075 0.004 0.000294118 -0.00424658 0.00285714 -0.000503597 8.13008e-05 -0.001 -0.000607029 0.000760234 -0.00168831 -0.00225352 -0.00389474 0.00276596 0.00106383 -0.00106383 0.00104478 0.000630631 0.00115578 -0.00192982 0.00239437 0.00322314 0.00195402 -0.000188679 0.005 -0.0025 -0.00494845 -0.00362832 -0.00152542 0.00348837 -0.00107143 -0.00666667 -0.00592593 -0.00679012 -0.00446809 -0.00377778 0.00560976 -0.0084
internal_weight=1355 444 166 911 112 129 88 799 777 367 287 410 80 40 68 219 70 278 246 340 313 171 77 142 95 94 47 47 67 222 199 57 142 121 87 53 56 40 194 113 59 43 56 48 54 81 47 45 41 50
internal_count=1355 444 166 911 112 129 88 799 777 367 287 410 80 40 68 219 70 278 246 340 313 171 77 142 95 94 47 47 67 222 199 57 142 121 87 53 56 40 194 113 59 43 56 48 54 81 47 45 41 50
is_linear=0
shrinkage=0.01


Tree=11
num_leaves=53
num_cat=0
split_feature=1 69 84 79 88 5 45 67 100 100 10 72 22 61 5 79 84 23 46 30 98 28 24 39 46 20 72 28 5 88 87 21 79 30 34 87 71 26 56 17 26 26 17 1 82 20 28 33 39 61 25 83
split_gain=11.2449 16.8727 11.7633 9.89243 9.23319 9.03006 8.81429 11.6655 7.89378 11.0427 7.74349 9.35756 12.7202 11.8136 11.0095 9.62934 9.6 7.53391 7.31654 7.20054 7.82222 6.58038 6.08444 6.00357 5.94434 7.65423 5.88109 8.18779 7.91781 7.71825 7.92861 6.42261 5.83476 5.82061 5.68279 5.62614 6.19726 5.33099 5.23427 5.01761 4.76217 5.0973 4.99029 3.99962 4.85233 7.39871 6.61435 3.12567 2.8198 2.66351 2.20448 0.962791
threshold=13926.85 31308.400000000005 300.75969791666671 708.15994062793311 19059.660208333338 2921.0350000000003 24192.500000000004 26907.800000000003 0.89236111111111127 0.71875000000000011 43283.500000000007 1454.9000000000003 81.750000000000014 35318.650000000009 13003.070000000002 343.50683039064285 1319.8089062500003 96.750000000000014 106.5550003051758 22.750000000000004 0.072916666666666685 21.475000000000005 11.325000000000001 233.25000000000003 96.56000137329103 240.00000000000003 872.16300000000012 25.525000000000002 3817.0200000000004 5259.9845833333338 0.21875000000000003 20.975000000000005 451.50659503951812 94.250000000000014 95.750000000000014 0.21875000000000003 1184.4090000000003 56.750000000000007 0.87837969732492682 40.550000000000004 27.750000000000004 127.75000000000001 35.800000000000004 16629.650000000005 1231.5500000000002 1687.2500000000002 25.975000000000005 43.250000000000007 207.25000000000003 30972.550000000003 165.75000000000003 1759.6000000000006
decision_type=2 2 2 2 2 2 2 2 2 2 2 2 2 2 2 2 2 2 2 2 2 2 2 2 2 2 2 2 2 2 2 2 2 2 2 2 2 2 2 2 2 2 2 2 2 2 2 2 2 2 2 2
left_child=5 2 -2 4 8 33 7 24 9 10 11 13 39 15 16 22 48 -5 -8 -4 -21 -22 -3 40 25 -7 31 28 -28 -30 -31 -9 -11 -1 35 36 51 -34 43 -13 42 50 -17 44 45 46 -14 -38 -15 -33 -42 -23
right_child=1 3 19 17 -6 6 18 26 -10 32 -12 12 38 14 -16 23 -18 -19 -20 20 21 34 -24 -25 -26 -27 27 -29 29 30 -32 49 37 -35 -36 -37 47 -39 -40 -41 41 -43 -44 -45 -46 -47 -48 -49 -50 -51 -52 -53
leaf_value=-0.016846262503890101 -0.57206825322504051 -1.6199132087210248 -0.033765520494773618 -0.0087870483722807969 -0.01409007203796047 -0.028302279127544048 0.63514325400922622 1.197669860770884 0.072689404382207265 0.0014849964802303051 -0.040569309538378832 -1.9461197068253315 -0.01852359693845098 -0.035146919803426276 0.030585396625544731 5.3474804756869565 0.71130884816357243 -4.5258644242806376 -0.057359177201716793 5.7033780465561827 -0.032734837539698011 0.54992674142294395 0.19054414817652002 -0.018057464381174733 -0.02856913519893237 4.3664904650514051 0.39854307026955604 -5.4497963783619792 -3.4705441567334039 0.029901098617425983 -1.1558935707232603 -2.7359110430118494 -0.032768279005089967 -5.4168612925393038 -1.3602602232277013e-05 0.035198734482265473 0.80367432815200091 -0.026301767016750292 -0.018429295804889886 -0.01181753490906691 2.7708391533771808 0.37440524425001953 0.0065511805454874341 -0.024917499758821612 -1.7693533751746173 0.037835523987382429 0.0059847105093635555 0.0032946872959707407 -0.066943266470945909 0.013981424195375621 2.3205279370573129 4.5305227304608398
leaf_weight=30 22 25 23 25 20 22 29 20 23 21 33 25 27 31 28 22 20 23 20 33 21 20 20 20 20 27 25 37 24 26 23 27 29 25 29 31 20 23 28 38 31 24 35 22 23 25 39 21 29 20 28 23
leaf_count=30 22 25 23 25 20 22 29 20 23 21 33 25 27 31 28 22 20 23 20 33 21 20 20 20 20 27 25 37 24 26 23 27 29 25 29 31 20 23 28 38 31 24 35 22 23 25 39 21 29 20 28 23
internal_value=-0.000420664 0.000142857 0.00242798 -0.000610583 -0.00030479 -0.00189333 -0.00125 -0.00195572 -0.000104634 -0.000309598 0.000157068 0.000444444 -0.00110132 0.0015655 -0.00111111 0.00297561 -0.003 -0.005 0.00265306 0.00312217 0.00373737 0.00284848 -0.00111111 0.004125 0.0015942 0.00346939 -0.00316832 -0.00437037 -0.00285714 -0.00452055 -0.0022449 -0.000746269 -0.0039726 -0.00563636 0.00361111 0.0046087 0.00595238 -0.00576923 0.000365854 -0.00492063 0.00485714 0.00638554 0.00263158 0.00117647 0.00192982 0.00296703 0.00121212 0.00317073 -0.005 -0.00276596 0.0079661 0.00860465
internal_weight=1355 980 243 737 689 375 320 271 669 646 573 540 227 313 108 205 80 48 49 221 198 165 45 160 69 49 202 135 98 73 49 67 73 55 144 115 84 52 164 63 140 83 57 136 114 91 66 41 60 47 59 43
internal_count=1355 980 243 737 689 375 320 271 669 646 573 540 227 313 108 205 80 48 49 221 198 165 45 160 69 49 202 135 98 73 49 67 73 55 144 115 84 52 164 63 140 83 57 136 114 91 66 41 60 47 59 43
is_linear=0
shrinkage=0.01


Tree=12
num_leaves=50
num_cat=0
split_feature=7 6 30 72 97 62 7 91 1 91 6 97 26 13 36 100 97 88 100 68 19 3 44 41 75 30 36 97 68 11 7 23 61 8 35 23 4 62 67 26 43 11 100 1 43 43 19 1 4
split_gain=11.9352 12.0754 12.0267 9.96953 14.9203 11.0815 11.1856 8.92806 8.47443 8.20111 8.1867 9.02601 7.22597 10.8067 10.6445 6.98087 6.72971 5.63777 5.59708 5.52782 5.46504 11.0166 5.24553 13.4258 6.12524 17.9491 6.06135 7.68025 6.03068 5.18493 5.17003 5.88731 5.08724 5.05833 4.91636 4.76398 7.2264 4.47047 4.46015 5.05027 4.40584 6.5074 4.29762 4.03333 3.38645 2.88235 2.61905 2.5 1.62909
threshold=1191.2500000000002 3490.5600000000004 95.250000000000014 1365.6245000000001 0.42708333333333343 998.35800000000006 948.0200000000001 29166.614431250004 14004.900000000003 34411.242431250008 6412.1650000000018 0.38541666666666669 136.25000000000003 10239.550000000001 87.250000000000014 0.017361111111111115 0.052083333333333336 16431.679375000003 0.44791666666666669 754.65650000000016 1953.5500000000004 14632.700000000003 3.5249999761581425 62.750000000000007 551.43056957824024 79.750000000000014 86.750000000000014 0.17708333333333334 1.0895000000000004 41954.80000000001 17.635000000000002 87.750000000000014 29307.350000000002 413.63039473684216 25.625000000000004 99.250000000000014 4076.6650000000004 372.90950000000004 35405.400000000009 56.750000000000007 82.395000457763686 37737.200000000004 0.17013888888888892 14748.250000000002 68.919998168945327 80.104999542236342 1014.7500000000001 13647.900000000001 2648.7600000000002
decision_type=2 2 2 2 2 2 2 2 2 2 2 2 2 2 2 2 2 2 2 2 2 2 2 2 2 2 2 2 2 2 2 2 2 2 2 2 2 2 2 2 2 2 2 2 2 2 2 2 2
left_child=1 22 17 5 20 6 9 40 15 12 -4 29 13 14 19 -7 -15 33 43 -3 21 32 24 -24 26 -26 27 28 -1 37 -9 -32 -5 -2 -29 45 -37 38 39 -12 -6 -42 -17 47 -21 -10 -33 -16 -36
right_child=2 3 10 4 7 8 -8 30 35 -11 11 -13 -14 16 18 42 -18 -19 -20 44 -22 -23 23 -25 25 -27 -28 34 -30 -31 31 46 -34 -35 48 36 -38 -39 -40 -41 41 -43 -44 -45 -46 -47 -48 -49 -50
leaf_value=-0.014226924054967312 -1.5187496726315237 -0.026728016486046152 -4.0983154354176863 -0.35051053512803315 0.13372668823839109 -0.74282022913115153 1.8061963135066703 -0.017910951788153662 3.4612770448265975 -1.0986638491104479 -0.025308020535064379 -0.049904167711722874 2.3445487744794464 -0.027801422384552927 -3.7626452106846973 4.5986520755142228 0.18914732431913009 -0.1890037391609195 -0.0019083818353551624 0.26015856464410086 -2.0663038644624239 0.010517866675833487 -0.37639551576596392 0.084933792318932277 0.043376450350232833 -0.0403862542397583 0.0015829229527646296 -0.090799791938518407 0.037457168747508603 -0.057698659452780576 -0.10870365203062843 0.05099308214531699 -2.9531065166032011 -0.0054768240840533571 -0.085520760821091765 2.2062197989410333 -0.14391876624082911 3.9523794415171567 0.02116075057929628 0.037028369617963172 0.025716366113932271 -0.0037431373165216501 -0.0069455160421169285 -0.0026925510547111688 1.3801357171033284 3.6649694037370142 0.0012890691737249538 -5.6914688941151121 -0.30061065070226584
leaf_weight=21 38 31 25 22 38 25 25 22 34 21 21 20 31 22 20 27 36 20 34 28 32 38 32 31 29 32 31 22 23 27 23 20 39 28 22 34 25 25 20 26 38 28 21 20 24 34 22 20 28
leaf_count=21 38 31 25 22 38 25 25 22 34 21 21 20 31 22 20 27 36 20 34 28 32 38 32 31 29 32 31 22 23 27 23 20 39 28 22 34 25 25 20 26 38 28 21 20 24 34 22 20 28
internal_value=-0.000346863 9.95475e-05 -0.00232 0.000695444 -0.00068323 0.0015625 0.000384615 0.00109948 0.0034 -0.000174216 -0.000731707 0.000215827 0.000300752 -0.000297872 -0.00152542 0.000684932 0.00344828 -0.00534884 -0.00382979 0.00108434 -0.00328244 -0.00212121 -0.00173432 0.000793651 -0.0025 0.000163934 -0.00360544 -0.00465517 -0.00136364 0.0012605 -0.00126437 0.000153846 -0.0047541 -0.00393939 -0.00666667 0.00496063 0.00288136 0.0023913 0.00104478 -0.000638298 0.00307692 0.00151515 0.00291667 -0.00566667 0.00307692 0.00676471 0.00238095 -0.0075 -0.0084
internal_weight=1355 1105 250 834 322 512 312 191 200 287 164 139 266 235 177 73 58 86 94 83 131 99 271 63 208 61 147 116 44 119 87 65 61 66 72 127 59 92 67 47 104 66 48 60 52 68 42 40 50
internal_count=1355 1105 250 834 322 512 312 191 200 287 164 139 266 235 177 73 58 86 94 83 131 99 271 63 208 61 147 116 44 119 87 65 61 66 72 127 59 92 67 47 104 66 48 60 52 68 42 40 50
is_linear=0
shrinkage=0.01


Tree=13
num_leaves=52
num_cat=0
split_feature=95 5 77 42 23 23 44 71 21 33 36 23 16 73 61 23 27 27 7 40 44 44 25 5 3 44 25 7 21 91 5 19 71 69 77 77 23 25 8 21 35 73 71 19 46 17 8 11 44 27 73
split_gain=15.2797 17.4007 8.59661 7.93203 8.32334 7.63613 7.65022 8.84082 7.95803 9.64162 7.46914 7.25477 6.54625 7.04561 6.25821 5.65059 5.58266 8.06713 9.63088 7.6891 6.69325 10.1482 7.84615 7.41534 7.08642 6.92726 5.75093 5.5 7.36364 5.2205 7.24472 5.01247 4.96305 4.88998 4.34603 6.19083 7.03275 4.26667 4.87619 4.24242 4.22083 4.0451 4.23529 5.54413 5.80993 4.71895 3.74912 3.73948 3.68906 3.44313 3.24
threshold=1.0000000180025095e-35 3424.1150000000002 3911.6273716632109 345.25000000000006 32.750000000000007 30.750000000000004 3.0694999694824223 1670.1525000000004 17.775000000000002 46.250000000000007 83.750000000000014 16.750000000000004 6860.2500000000009 867.62500000000011 33498.80000000001 3.2500000000000004 40.750000000000007 58.250000000000007 631.34000000000015 171.75000000000003 3.8384999036788949 3.1074999570846562 191.75000000000003 6354.130000000001 12853.300000000001 2.6154999732971196 164.50000000000003 657.70500000000004 27.025000000000002 30482.800862500004 6894.7400000000007 966.75000000000011 1032.7260000000003 34411.150000000001 3042.5567404439121 3607.7829651377606 99.750000000000014 218.25000000000003 411.62912955465589 27.525000000000002 26.725000000000005 1346.5740000000003 875.81000000000006 474.55000000000007 103.43500137329103 27.300000000000004 416.0884815078237 41360.450000000004 2.3990000486373906 33.250000000000007 645.71500000000003
decision_type=2 2 2 2 2 2 2 2 2 2 2 2 2 2 2 2 2 2 2 2 2 2 2 2 2 2 2 2 2 2 2 2 2 2 2 2 2 2 2 2 2 2 2 2 2 2 2 2 2 2 2
left_child=3 10 29 4 11 -4 7 47 -8 -10 49 15 16 14 -14 50 33 18 -18 20 21 25 23 -22 -25 27 31 48 -29 30 34 -27 -15 41 -3 36 -36 38 -23 -5 -28 42 43 -6 -45 -44 -37 -7 -19 -2 -1
right_child=1 2 5 39 12 6 8 -9 9 -11 -12 -13 13 32 -16 -17 17 19 -20 -21 22 37 -24 24 -26 26 40 28 -30 -31 -32 -33 -34 -35 35 46 -38 -39 -40 -41 -42 -43 45 44 -46 -47 -48 -49 -50 -51 -52
leaf_value=-0.008684467825284245 -0.069068911488585197 1.3534032524542312 -0.05439341262543481 0.0033660812105278056 -7.2424297914252955 2.2681785547030286 0.033200457086195047 -0.0038368463761298001 -0.72283000237164663 0.0070383434154800703 0.00093431322538366267 0.60490957844997528 0.019040929827292816 0.011030249926531444 -0.0078147912396842219 -0.024976119716679807 0.86234679270509784 -0.064433646693547009 -0.029289984858947911 0.044140835495480132 0.024047954661514749 -6.0017166030860425 5.116848098247889 -6.1880909453972643 -0.023808812114287533 0.045517222987688746 0.085874536626898465 0.0091451600650584094 -0.042832332899579752 2.9035903170381956 -0.017807838555511834 -0.043622566150290767 0.074632238061468459 -3.0421466831667274 0.02820690555666229 3.1067506466746511 -0.1520416582843892 -0.028063904473211079 -1.037399758833623 0.57843375900235261 -0.0050840582412447289 -3.93500072388168 0.51640081836967944 0.01633093273319728 -2.1554101031506891 -0.25368654583307637 0.02386221818300301 0.025855692497211702 -6.3730327451492093 -0.048671878818665242 1.9610763446696495
leaf_weight=25 22 36 25 20 21 29 31 21 21 32 36 34 22 21 34 31 38 21 33 27 31 32 24 22 25 29 25 22 22 23 35 24 22 20 21 24 20 20 28 22 31 27 32 27 20 36 25 20 23 23 20
leaf_count=25 22 36 25 20 21 29 31 21 21 32 36 34 22 21 34 31 38 21 33 27 31 32 24 22 25 29 25 22 22 23 35 24 22 20 21 24 20 20 28 22 31 27 32 27 20 36 25 20 23 23 20
internal_value=-0.000169742 0.00135135 0.0022865 -0.000911087 -0.00111623 0.000726257 0.00155844 0.004 -0.00047619 -0.00283019 -0.00283951 0.00145455 -0.0014888 0.000909091 -0.00142857 -0.000263158 -0.00184848 -0.00127883 0.00183099 -0.00182266 -0.00218997 -0.00299639 0 -0.00153846 -0.00404255 -0.00177665 -9.17431e-05 -0.00386364 -0.00136364 0.00380435 0.0031677 -0.00245283 0.00395349 -0.00333333 0.00428571 0.00311111 0.000243902 -0.006 -0.00733333 0.00333333 0.00214286 -0.00276074 -0.00205882 -0.00382353 -0.00191489 -0.000294118 0.0055102 0.00632653 -0.00636364 -0.00555556 0.002
internal_weight=1355 444 363 911 869 179 154 70 84 53 81 110 759 99 56 76 660 477 71 406 379 277 102 78 47 197 109 88 44 184 161 53 43 183 126 90 41 80 60 42 56 163 136 68 47 68 49 49 44 45 45
internal_count=1355 444 363 911 869 179 154 70 84 53 81 110 759 99 56 76 660 477 71 406 379 277 102 78 47 197 109 88 44 184 161 53 43 183 126 90 41 80 60 42 56 163 136 68 47 68 49 49 44 45 45
is_linear=0
shrinkage=0.01


Tree=14
num_leaves=52
num_cat=0
split_feature=7 72 13 35 77 81 2 16 45 0 94 3 72 43 44 71 3 16 70 56 8 44 31 71 16 98 98 27 37 65 44 35 68 81 88 6 81 11 94 43 37 94 0 76 3 14 3 65 0 11 8
split_gain=13.2603 17.7445 14.6341 10.08 10.1932 11.4838 9.3042 9.26042 11.0289 12.082 11.3419 9.31842 9.84791 7.31906 6.66741 8.40351 9.39834 10.5182 7.84 7.7998 6.65643 8.36469 7.49382 6.48262 9.3645 6.39217 6.60804 6.52174 6.3614 6.34496 6.29365 6.15456 5.73883 5.35705 6.69767 6.5964 5.93939 5.35048 5.91671 5.33597 5.14286 5.07512 4.28 4.12857 3.97714 3.65091 4.45681 3.48589 2.70941 1.82508 0.962791
threshold=1602.7350000000004 1499.0870000000002 1309.8500000000001 23.075000000000006 4076.5077576887334 4271.1185818289323 3607.2500000000005 3336.7000000000003 22883.500000000004 28613.950000000004 841708.34800500027 14678.150000000001 735.00000000000011 74.439998626708999 2.0805000066757207 992.56750000000011 14018.950000000003 5554.4000000000005 1409.1010000000003 0.87837969732492682 418.04631934566152 2.9765000343322758 8.3750000000000018 1009.7000000000002 5554.4000000000005 0.8090277777777779 0.59375000000000011 28.750000000000004 61.250000000000007 28878.800000000007 2.6654999256134042 27.075000000000006 1047.5920000000003 4126.8574008210599 13283.910416666668 7063.4100000000008 4256.7321598823446 38861.55000000001 649002.88838250027 90.454998016357436 98.750000000000014 695100.17108406278 33727.55000000001 33990.11041666667 15378.720500000001 17952.450000000004 14281.900000000001 30293.550000000007 31642.050000000003 39445.700000000004 418.50618421052638
decision_type=2 2 2 2 2 2 2 2 2 2 2 2 2 2 2 2 2 2 2 2 2 2 2 2 2 2 2 2 2 2 2 2 2 2 2 2 2 2 2 2 2 2 2 2 2 2 2 2 2 2 2
left_child=1 2 32 -4 5 7 14 -5 10 13 28 12 47 -10 -3 16 17 18 -16 25 22 30 31 24 -14 26 27 -17 -9 -27 -22 45 -1 34 35 -2 -35 38 -13 -29 -38 44 50 -31 -7 46 -6 -11 -28 -36 -18
right_child=33 6 3 4 20 41 -8 8 9 11 -12 37 23 -15 15 19 42 -19 -20 -21 21 -23 -24 -25 -26 29 48 39 -30 43 -32 -33 -34 36 49 -37 40 -39 -40 -41 -42 -43 -44 -45 -46 -47 -48 -49 -50 -51 -52
leaf_value=-0.0044594873516201209 -1.756636742343727 0.01771050451151341 4.9525185212483525 -0.074604473717173034 -0.017757814378109242 2.5508673240444115 0.032170966825987371 1.9702323511834647 -3.520431446311449 5.8887511482839079 -0.090456437194151001 -0.032725107498497927 -3.0620842568213833 -0.013291266672392544 -2.9296245472216693 -1.8968776833938796 -6.170753496732698 0.041892017501459933 -0.080553625915263632 -0.017932386697698657 0.10951456247315582 -0.090013131345073646 -3.1473012144007591 0.86527758915018615 0.78180367347660396 0.0029356777073003036 1.6860480608249981 0.18752450337042234 3.2331392753790698 -0.018570106208141007 5.9188293867081105 -0.8604085488042269 -1.2036892623991122 0.020529322577254532 -0.015915148182318421 0.98644248212770325 -0.25703170408996318 0.044016717590636877 0.064663533825676647 -0.1427683387331182 -3.7838774507975569e-06 0.14903934839313898 -0.025651298641181666 -0.0053642456236330169 0.03568413159187913 -0.061714562371430352 1.7869295886012615 0.038214453732331954 0.012615661908396501 -2.4991831967432225 -1.5038024800750378
leaf_weight=37 22 24 26 25 23 29 23 20 20 31 22 34 22 38 25 23 23 31 20 31 26 32 33 23 20 26 21 24 37 24 20 36 20 24 20 21 28 30 36 22 36 32 24 21 21 39 27 20 20 23 20
leaf_count=37 22 24 26 25 23 29 23 20 20 31 22 34 22 38 25 23 23 31 20 31 26 32 33 23 20 26 21 24 37 24 20 36 20 24 20 21 28 30 36 22 36 32 24 21 21 39 27 20 20 23 20
internal_value=-6.64207e-05 0.000313294 0.00119384 0.00157895 0.00135057 0.00221739 -0.00139303 0.00148148 0.00189802 0.000948905 0.00518987 0.00203704 0.00396552 -0.00310345 -0.00176781 -0.00211268 -0.00398601 -0.00157895 -0.00466667 -0.000849057 -0.000338983 0.00205128 -0.00151899 0.00138462 -0.000952381 -5.52486e-05 0.00145455 -0.000434783 0.00754386 -0.00239437 0.00478261 -0.0004 -0.00368421 -0.00264368 -0.0044186 -0.00162791 -0.000909091 -0.0002 -0.00171429 0.00173913 -0.0025 0.00560976 -0.00671642 -0.00466667 0.0076 0.00101124 0.0028 0.0072549 0.00463415 -0.0072093 -0.00860465
internal_weight=1355 1181 779 722 696 460 402 378 353 274 79 216 116 58 379 355 143 76 45 212 236 78 158 65 42 181 110 69 57 71 46 125 57 174 86 43 88 100 70 46 64 82 67 45 50 89 50 51 41 43 43
internal_count=1355 1181 779 722 696 460 402 378 353 274 79 216 116 58 379 355 143 76 45 212 236 78 158 65 42 181 110 69 57 71 46 125 57 174 86 43 88 100 70 46 64 82 67 45 50 89 50 51 41 43 43
is_linear=0
shrinkage=0.01


Tree=15
num_leaves=51
num_cat=0
split_feature=51 68 70 25 64 63 77 82 68 34 1 76 71 21 77 64 23 68 68 93 14 10 21 28 36 93 71 26 21 21 2 21 82 6 6 23 90 26 90 10 77 36 24 2 37 29 68 20 64 1
split_gain=15.3677 9.45014 15.3927 8.98068 8.68612 8.24593 7.35216 7.49052 8.18382 10.3207 11.6193 9.17268 9.15077 7.03335 7.85082 7.07151 6.45689 6.20572 6.03589 5.85656 5.72154 7.27628 7.45652 7.29292 7.31474 7.66782 6.63048 6.57312 6.33535 5.84012 5.51236 5.51139 8.41187 5.50546 6.33316 5.88906 5.26753 5.01876 4.95282 4.61764 6.28357 5.07596 4.01157 4.80316 3.60663 3.38936 3.10303 2.52 1.63093 0.48
threshold=1.0000000180025095e-35 1747.8555000000003 994.78700000000015 189.25000000000003 812.01650000000006 29081.300000000007 4764.2866621057465 1568.1000000000001 1454.9000000000003 95.750000000000014 13926.85 36872.358333333344 1050.4615000000001 28.675000000000001 3665.1051488296698 0.75000000000000011 56.750000000000007 1182.2335000000003 1509.9500000000003 417.59250000000009 20654.750000000004 34492.750000000007 27.875000000000004 28.775000000000002 88.250000000000014 405.5818055555556 882.39800000000014 44.500000000000007 21.475000000000005 27.675000000000004 3498.2045000000003 17.075000000000006 -5.2989999999999773 6029.9400000000014 5212.5550000000012 99.750000000000014 2204.0707500000008 7.7500000000000009 788.49855000000025 35095.100000000013 4080.2518073162009 87.250000000000014 10.525000000000002 3301.3150000000005 71.750000000000014 67.750000000000014 1447.9335000000003 524.15000000000009 1777.7950000000003 14883.250000000002
decision_type=2 2 2 2 2 2 2 2 2 2 2 2 2 2 2 2 2 2 2 2 2 2 2 2 2 2 2 2 2 2 2 2 2 2 2 2 2 2 2 2 2 2 2 2 2 2 2 2 2 2
left_child=1 2 13 33 5 -4 7 8 9 10 17 19 18 20 45 -16 -14 37 -10 47 21 23 30 24 25 28 -27 -26 -1 42 38 -18 -33 34 35 -3 -25 -6 -23 -40 41 -41 43 -22 -34 -15 -2 -12 -35 -49
right_child=46 3 4 -5 6 -7 -8 -9 12 -11 11 -13 16 14 15 -17 31 -19 -20 -21 29 22 -24 36 27 26 -28 -29 -30 -31 -32 32 44 48 -36 -37 -38 -39 39 40 -42 -43 -44 -45 -46 -47 -48 49 -50 -51
leaf_value=-2.3539936763347682 -2.6106781501063696 0.001044051783403785 5.6450665267374145 0.019124112608598622 1.5121518618883094 0.033415931635215883 -0.034964303336518156 1.5680596578959596 -1.2565877383877668 -0.6081381159847371 2.5822158680663048 -0.0091388830975270615 -0.021349642002422703 0.013829317012926941 0.015531571054730828 -0.024891635007898517 0.034677288501186905 -0.56823255319358312 -0.0062154399478271238 2.1717857448406033 3.1585330040653274 -0.014771997514350691 0.039050126351483028 -0.015265124681020231 -2.7049296426643257 0.6284886457243346 0.031983550846793191 0.029411735909260068 0.011079994332418642 -0.17057037584071519 0.0057383171144619154 0.95669117598960285 -0.021249894736662386 -2.5104626747595189 0.0064353579096321561 -1.0109578603964748 -5.4185062469049967 -0.013613271107585562 -4.0046568396247526 -0.065807946654580673 -0.016074253892916723 -0.018708668832701197 -0.021184088164733054 0.00039653896555908867 0.0083092468766017419 1.6233272851397129 -9.3705696680152553 2.2574805282754546 -0.022613980745456237 5.5150583508233
leaf_weight=30 20 26 23 26 28 27 33 35 24 25 20 25 27 21 24 35 32 26 33 34 32 20 23 22 32 35 25 38 36 24 20 21 24 21 22 33 20 23 25 35 39 22 21 25 37 30 24 20 22 30
leaf_count=30 20 26 23 26 28 27 33 35 24 25 20 25 27 21 24 35 32 26 33 34 32 20 23 22 32 35 25 38 36 24 20 21 24 21 22 33 20 23 25 35 39 22 21 25 37 30 24 20 22 30
internal_value=-9.45455e-05 9.76709e-05 0.000397968 -0.00226667 0.00162706 0.0056 0.00122736 0.00155172 0.00118881 0.00246753 0.00320388 0.00503876 -0.00030303 -0.000662461 0.00163636 -0.000847458 0.00106383 0.00012987 -0.00368421 0.00634615 -0.00114504 -0.00165877 -0.00315217 -0.000504202 0.000306122 0.00174603 0.00433333 -0.00228571 -0.000606061 0.000980392 -0.00391304 0.00210526 0.000731707 -0.0033871 -0.00185185 -0.00355932 -0.00428571 0.00215686 -0.00460993 -0.0053719 -0.004375 -0.00649123 0.00230769 0.00368421 -0.00114754 0.0045098 -0.00590909 0.008 -0.00627907 0.0092
internal_weight=1375 1331 1181 150 547 50 497 464 429 231 206 129 198 634 110 59 141 77 57 104 524 422 184 238 196 126 60 70 66 102 161 114 82 124 81 59 42 51 141 121 96 57 78 57 61 51 44 70 43 50
internal_count=1375 1331 1181 150 547 50 497 464 429 231 206 129 198 634 110 59 141 77 57 104 524 422 184 238 196 126 60 70 66 102 161 114 82 124 81 59 42 51 141 121 96 57 78 57 61 51 44 70 43 50
is_linear=0
shrinkage=0.01


Tree=16
num_leaves=53
num_cat=0
split_feature=72 70 98 11 39 29 46 81 81 63 40 83 29 82 63 40 25 79 79 31 90 75 90 26 80 25 60 40 98 40 90 46 98 26 31 79 22 82 10 24 23 97 80 17 82 11 11 83 13 19 90 17
split_gain=11.375 13.7961 11.359 10.0566 9.39756 10.5548 8.16615 7.58457 9.81714 8.4232 8.19394 10.1866 8.03255 7.92779 7.14512 7.77912 7.47756 7.10124 6.60219 6.25702 5.93939 6.09009 5.65296 5.30813 5.17281 8.87153 11.145 8.47118 8.07339 7.39002 6.93177 7.89468 6.79233 5.90806 5.89376 6.15681 5.20583 5.13778 5.11093 5.06288 5.03668 6.10921 4.95449 6.12874 4.5581 4.5522 7.18597 3.96131 4.00346 3.03333 2.75238 0.485541
threshold=1463.7500000000002 1285.0135000000002 0.46180555555555564 30397.750000000004 208.75000000000003 88.250000000000014 92.235000610351577 3647.5514466036025 4271.1185818289323 32250.550000000003 115.25000000000001 2336.9499999999994 81.250000000000014 -1.0499999999999543 29196.800000000003 86.750000000000014 191.75000000000003 398.63546001882656 313.51703309567023 3.1250000000000004 2328.2437500000005 549.82919163083227 1657.7095500000005 104.75000000000001 31394.133333333339 19.750000000000004 1295.3840000000002 34.750000000000007 0.63541666666666674 112.25000000000001 2353.0783500000002 103.29500198364259 0.21875000000000003 1.2500000000000002 10.675000000000002 500.77694915088699 89.250000000000014 -0.012000000000000009 30279.500000000004 8.0250000000000021 70.250000000000014 0.19791666666666671 28812.585763888892 129.10000000000002 -0.064499999999999932 39710.150000000009 36540.400000000001 2001.950000000001 11719.900000000003 868.70000000000016 1247.9386500000003 21.650000000000002
decision_type=2 2 2 2 2 2 2 2 2 2 2 2 2 2 2 2 2 2 2 2 2 2 2 2 2 2 2 2 2 2 2 2 2 2 2 2 2 2 2 2 2 2 2 2 2 2 2 2 2 2 2 2
left_child=1 7 18 -2 5 39 -5 14 10 17 19 45 13 -11 15 37 -17 -10 -3 -9 21 -19 -7 -13 25 -8 32 -26 38 30 31 -29 -27 -33 35 -31 -30 -1 -28 -4 51 -42 -21 49 -45 46 -12 -14 -49 -44 -43 -20
right_child=3 2 4 6 -6 22 24 8 9 12 11 23 47 -15 -16 16 -18 20 40 42 -22 -23 -24 -25 27 26 28 29 36 34 -32 33 -34 -35 -36 -37 -38 -39 -40 -41 41 50 43 44 -46 -47 -48 48 -50 -51 -52 -53
leaf_value=-0.034866289201956224 -6.5338299336701935 -0.00078067553673415006 -0.019578621868418078 -2.0513737289928109 3.7083495823521293 1.2054194570238064 -0.091452926293475262 0.024088107756767032 -0.033007918773253035 -0.039960567598752599 -0.010683148483593695 2.0488804074007958 -0.0090959095597871239 0.019094017424563209 1.4169601634274631 -1.6758345943686246 0.59615968965392852 -0.015414286055418414 1.3137815167140938 -0.036768812267671439 0.9879805617604217 0.96671004797567583 -0.029245748710506812 -0.0057092679586163734 -2.9742007873617742 0.53043224288019808 0.047088509988996323 0.032937574014479457 0.0063394329677190003 -0.018114096669414152 -0.058526316876541092 -0.31216081727139422 -2.2763801070695209 0.021208571815874003 -0.052813988864625197 0.037710571020783019 -0.010694796175790522 3.9012553481131249 0.022868330311637344 -2.2585262408074751 -0.02276592349485327 1.9555380526365027 -0.74605568421616153 -0.036960267704980808 0.0065260871835297433 0.0029489356721534121 -0.065149867188034866 -1.437615342044811 -0.037926529585712847 -4.050503685421984 4.4017880976440145 3.6316351418993049
leaf_weight=20 25 23 20 21 34 20 22 25 21 23 30 38 22 39 28 34 20 27 23 27 24 37 21 22 20 20 23 30 35 33 29 26 21 30 21 21 22 25 38 26 23 20 30 39 20 34 27 22 20 26 28 20
leaf_count=20 25 23 20 21 34 20 22 25 21 23 30 38 22 39 28 34 20 27 23 27 24 37 21 22 20 20 23 30 35 33 29 26 21 30 21 21 22 25 38 26 23 20 30 39 20 34 27 22 20 26 28 20
internal_value=-0.000109091 0.000511727 0.00248062 -0.00144165 0.000247934 -0.00149425 -0.00106796 -0.000235294 -0.00074141 0.000808511 -0.00188679 -0.000198675 -0.000952381 0.0016129 0.0019685 0.000707071 -0.00185185 0.00284404 0.00445255 -0.00341317 0.00409091 0.0025 0.00219512 0.003 -0.000741688 0.000497238 0.00132075 -0.00180952 0.00288136 -0.00115789 0.000434783 0.00186047 -0.00317073 -0.000357143 -0.0036 -0.00185185 0.000175439 0.00377778 0.00540984 -0.00478261 0.0054386 0.00380282 -0.00422535 -0.00513043 -0.00288136 -0.00230769 -0.00403509 -0.0034375 -0.0052381 -0.0075 0.00583333 0.00813953
internal_weight=1375 938 258 437 121 87 412 680 553 235 318 151 126 62 127 99 54 109 137 167 88 64 41 60 391 181 159 210 118 190 115 86 41 56 75 54 57 45 61 46 114 71 142 115 59 91 57 64 42 56 48 43
internal_count=1375 938 258 437 121 87 412 680 553 235 318 151 126 62 127 99 54 109 137 167 88 64 41 60 391 181 159 210 118 190 115 86 41 56 75 54 57 45 61 46 114 71 142 115 59 91 57 64 42 56 48 43
is_linear=0
shrinkage=0.01


Tree=17
num_leaves=56
num_cat=0
split_feature=27 24 41 2 83 38 68 35 69 29 34 40 24 14 62 92 31 32 10 62 78 68 47 83 34 100 33 24 30 28 74 66 97 83 66 38 30 2 7 11 47 72 34 7 66 24 66 81 97 24 82 24 40 4 5
split_gain=8.46931 12.0652 11.9827 7.36233 7.24476 9.7138 13.4927 12.1351 8.42622 8.00829 7.29916 7.26483 7.95801 7.12626 8.85037 6.98146 8.07801 7.9165 6.77304 6.44756 10.7413 8.6106 7.29677 8.77061 6.62759 6.4 6.19284 8.52419 8.1 6.04571 5.88568 6.49351 6.25746 7.35981 5.84953 7.1656 5.80923 7.20939 5.40346 5.29446 5.58072 5.26781 5.01073 4.96544 11.6485 8.97274 7.94976 6.61151 5.26312 4.6786 4.45455 3.65635 4.90275 1.82508 0.429501
threshold=19.750000000000004 6.2750000000000012 66.750000000000014 3152.1500000000005 1526.7999999999977 9.4750000000000014 1.0000000180025095e-35 27.825000000000006 27275.700000000004 83.250000000000014 97.750000000000014 112.25000000000001 8.8250000000000028 12395.700000000003 1143.4135000000003 19140.557568750006 6.9750000000000005 230.25000000000003 33622.650000000001 1561.2000000000003 1367.4134479166671 1467.0000000000002 1.0000000180025095e-35 1733.1499999999999 51.750000000000007 0.23958333333333334 63.250000000000007 8.1750000000000025 93.750000000000014 29.575000000000006 669.63734375000013 1.0895000000000004 0.32291666666666669 2169.2999999999997 1661.6500000000003 7.4750000000000014 63.750000000000007 2649.9500000000003 17.655000000000005 36712.200000000004 1.0000000180025095e-35 963.10000000000014 47.250000000000007 1040.9450000000004 337.61300000000006 7.1750000000000016 1455.6000000000001 4050.0062933959384 0.53125000000000011 6.6750000000000016 -0.07349999999999994 6.1750000000000016 143.25000000000003 8673.7000000000025 3977.3700000000003
decision_type=2 2 2 2 2 2 2 2 2 2 2 2 2 2 2 2 2 2 2 2 2 2 2 2 2 2 2 2 2 2 2 2 2 2 2 2 2 2 2 2 2 2 2 2 2 2 2 2 2 2 2 2 2 2 2
left_child=1 -1 13 42 10 7 9 15 -8 -7 11 12 41 14 -2 17 29 -6 -12 21 -21 22 23 25 -22 -15 -10 -28 -29 43 31 -18 33 -32 35 38 -23 -38 -9 40 -34 -4 54 45 -45 46 47 -17 53 -25 -24 -13 -53 -47 -3
right_child=2 3 4 -5 5 6 8 34 26 -11 18 51 -14 19 -16 16 30 -19 -20 20 24 36 50 49 -26 -27 27 28 -30 -31 32 -33 39 -35 -36 -37 37 -39 -40 -41 -42 -43 -44 44 -46 48 -48 -49 -50 -51 -52 52 -54 -55 -56
leaf_value=0.92547580241875527 0.13405247732716602 -3.0269188390190807 1.2833664077548792 0.0076262862308686761 0.011190837166187493 0.031808752943928834 0.0067759385293574741 -0.0004276782089290169 -5.2307402773957108 -0.019629901962564783 -4.7168878635107072 0.0015182936545182991 -0.042979340241511003 1.4351370631764742 -0.37927170430018547 -0.12025522273156433 -0.014119646735091616 -2.0608261251630222 0.007087692196703247 1.7176688692428039 -0.003717548762398716 0.039387116393826756 -0.021257264055620003 0.85558268357472944 0.023184072009410913 -0.59765209140650644 -0.41697003495441642 0.044777541707014874 -4.5323227720950783 0.15901416367920787 -0.0056251456597026005 -3.4826676055149353 1.5230757661209058 0.39641145828620922 -0.038920499321435036 0.7816636281387489 0.019159043599516045 -1.1513414612629975 -0.27168869844267257 -0.022805393306707389 -0.056676282692352427 -0.0062009585208880049 -0.030428961252968997 0.43365847115384454 -0.88674469976228554 3.3522144356945827 0.076903835598313153 0.0071121127152092688 0.017904653647768391 2.362455327088901 0.04782956018015621 3.2138262332734575 0.13845463716019862 5.1978169270694172 -2.3904635120935351
leaf_weight=27 28 20 25 22 23 23 20 20 29 20 22 23 34 20 37 22 35 29 27 39 20 23 22 23 29 20 29 20 20 25 21 20 20 20 22 25 20 39 22 34 21 27 37 24 20 23 23 23 20 28 22 25 22 20 21
leaf_count=27 28 20 25 22 23 23 20 20 29 20 22 23 34 20 37 22 35 29 27 39 20 23 22 23 29 20 29 20 20 25 21 20 20 20 22 25 20 39 22 34 21 27 37 24 20 23 23 23 20 28 22 25 22 20 21
internal_value=-0.000138182 -0.00259843 0.000112179 -0.0042 -0.000523918 -0.00102526 -0.0031677 -0.000351562 -0.00491525 0.00162791 0.00112195 0.00217949 0.000232558 0.00162162 -0.00138462 0.00035461 0.00083558 -0.00307692 -0.0022449 0.0022623 0.00454545 0.00133641 0.00288889 0.00450549 0.00142857 0.001 -0.00612245 -0.00449275 -0.0015 0.0022 -0.000760234 -0.00345455 0.000517241 0.00365854 -0.00370787 -0.00223881 -0.00121951 -0.00288136 -0.0047619 -0.0012 0.00121951 0.00269231 -0.00564103 0.00154286 -0.00136364 0.00251908 0 -0.00244444 0.0052381 0.0072549 -0.000454545 0.00457143 0.00617021 0.0072093 -0.00804878
internal_weight=1375 127 1248 100 878 673 161 512 118 43 205 156 86 370 65 423 371 52 49 305 88 217 135 91 49 40 98 69 40 200 171 55 116 41 89 67 82 59 42 75 41 52 78 175 44 131 68 45 63 51 44 70 47 43 41
internal_count=1375 127 1248 100 878 673 161 512 118 43 205 156 86 370 65 423 371 52 49 305 88 217 135 91 49 40 98 69 40 200 171 55 116 41 89 67 82 59 42 75 41 52 78 175 44 131 68 45 63 51 44 70 47 43 41
is_linear=0
shrinkage=0.01


Tree=18
num_leaves=52
num_cat=0
split_feature=95 72 70 98 16 13 17 16 98 79 67 27 38 98 98 45 79 2 83 13 23 32 98 44 44 91 98 26 46 24 83 82 65 16 10 73 79 67 13 29 72 70 23 79 45 80 98 17 35 2 0
split_gain=12.0672 11.2604 12.8507 13.9114 9.40093 11.2348 12.6936 14.7369 9.6019 9.42677 8.31558 7.80475 7.68934 22.5353 17.1861 8.97581 8.58265 7.7587 7.5 7.41159 7.5499 7.18846 9.06793 7.79801 7.1254 6.98484 8.57402 6.51538 6.77586 6.34168 6.25281 6.14649 6.14118 5.72643 6.75907 8.84082 5.3053 6.89198 8.49101 5.15703 5.14421 5.27801 4.95918 4.83746 4.80159 4.19235 4.98867 3.80672 3.60668 3.44821 2.15326
threshold=1.0000000180025095e-35 1454.9000000000003 888.66700000000003 0.46180555555555564 5825.9000000000005 14322.000000000002 13.950000000000001 3706.5500000000006 0.10763888888888891 418.08064797876744 32520.950000000004 19.750000000000004 4.9750000000000005 0.26736111111111116 0.14236111111111113 23510.500000000004 284.11057034544882 2923.1890000000008 1751.9499999999991 1475.6500000000003 33.750000000000007 133.25000000000003 1.0000000180025095e-35 3.342000007629395 2.7055000066757207 28154.758175000006 0.73263888888888895 149.75000000000003 104.064998626709 6.9250000000000016 2513.9000000000001 -10.870499999999991 31662.850000000002 7093.2500000000009 41095.450000000004 0.99950000000000017 590.79706133312391 30221.450000000001 3733.6500000000005 82.250000000000014 951.00000000000011 1399.1000000000001 98.250000000000014 581.9824365659847 23486.500000000004 30459.711111111119 0.24652777777777782 68.100000000000009 26.475000000000005 2563.1500000000001 32390.250000000004
decision_type=2 2 2 2 2 2 2 2 2 2 2 2 2 2 2 2 2 2 2 2 2 2 2 2 2 2 2 2 2 2 2 2 2 2 2 2 2 2 2 2 2 2 2 2 2 2 2 2 2 2 2
left_child=4 2 -2 40 5 6 7 8 -1 -9 11 -3 14 21 17 -16 -15 -6 -12 -13 -21 24 -23 33 -14 -5 -27 28 30 -25 32 -30 45 34 35 -24 37 -22 -39 -19 -4 -42 -37 -33 -20 46 -8 -47 -17 -11 -18
right_child=1 10 3 25 12 -7 27 9 -10 49 18 19 13 16 15 48 50 39 44 20 36 22 23 29 -26 26 -28 -29 31 -31 -32 43 -34 -35 -36 42 -38 38 -40 -41 41 -43 -44 -45 -46 47 -48 -49 -50 -51 -52
leaf_value=-0.022325691619348546 -0.03994832572757865 -0.96966456413938462 5.2658041622637128 3.3405501517568497 -0.017869093327256311 0.04284429531670645 -1.8856868118668559 -0.11716018166271036 -5.1784328746217536 0.53719023303624658 0.00072528650168602108 -0.0088282257610280274 0.64016465743809303 0.010009977399233498 -0.0016029318261248538 -1.0436521828624523 2.7724155969273103 0.0481536428410103 -0.01326339831319015 -0.0044333914072173511 -0.003939858917415117 0.45941383768736216 0.029895367281212736 -0.50832581383527631 -0.3924295779547039 -0.29515709282620856 1.5344618437261144 0.041887549232421613 0.016541528821331083 0.039674559838049232 -2.6539943979185932 -2.4866937133171323 0.0045034963452546964 -0.064513551452699699 -4.785092598482505 -0.23702007958329993 0.041298956221835458 0.0026186966651952858 0.50743524040263854 0.51846909293625032 0.01158833942885921 3.9614071485144384 -0.0066809238651003005 -0.011651798666056888 -0.022931838866388943 -4.4240047751792755 0.30589279392057256 -2.8586908256430013 -2.1355730355099385 6.9079736870211512 0.28111733664535293
leaf_weight=35 27 27 34 26 22 28 34 36 25 26 27 20 21 33 27 22 29 21 24 30 29 24 21 22 24 25 28 20 30 23 35 22 20 23 23 21 37 31 22 20 20 27 28 37 21 30 20 32 27 24 35
leaf_count=35 27 27 34 26 22 28 34 36 25 26 27 20 21 33 27 22 29 21 24 30 29 24 21 22 24 25 28 20 30 23 35 22 20 23 23 21 37 31 22 20 20 27 28 37 21 30 20 32 27 24 35
internal_value=-0.000167273 0.00116484 0.00304813 0.004125 -0.000826087 -0.00185022 -0.00225352 0.000136986 -0.00366667 0.0027907 -0.000149254 0.000918367 0.000171674 0.00100917 -0.00179856 -0.005 0.00505155 0.00206349 -0.00305556 0.00171598 0.00248322 -0.000695652 -0.00156757 -0.00242236 0.00288889 0.00113924 -0.000943396 -0.0035 -0.00392308 0.00111111 -0.00508772 -0.00168539 -0.00411765 -0.0037931 -0.00268817 -0.00114286 0.00361345 0.00219512 0.00433962 0.00463415 0.00703704 0.00489362 -0.00346939 -0.00355932 -0.00555556 -0.005 -0.00296296 -0.00677419 -0.00755102 0.0056 0.0071875
internal_weight=1375 455 187 160 920 454 426 146 60 86 268 196 466 327 139 76 97 63 72 169 149 230 185 161 45 79 53 280 260 45 171 89 136 116 93 70 119 82 53 41 81 47 49 59 45 116 54 62 49 50 64
internal_count=1375 455 187 160 920 454 426 146 60 86 268 196 466 327 139 76 97 63 72 169 149 230 185 161 45 79 53 280 260 45 171 89 136 116 93 70 119 82 53 41 81 47 49 59 45 116 54 62 49 50 64
is_linear=0
shrinkage=0.01


Tree=19
num_leaves=55
num_cat=0
split_feature=51 21 32 22 35 13 74 2 43 75 70 98 37 75 98 37 43 65 21 81 65 66 5 1 7 39 37 98 74 76 22 8 80 5 98 63 2 8 22 37 5 39 74 87 13 32 43 47 63 75 38 83 2 37
split_gain=14.5897 9.49545 8.68152 8.01921 9.25629 7.92408 11.8839 7.51737 6.22222 6.09524 5.50862 8.8799 9.93822 9.22451 8.16876 7.18741 7.25345 5.92124 5.44878 6.41232 7.71767 7.3337 5.92725 7.32335 5.26478 4.8722 4.69536 5.90427 12.2777 8.34567 8.98514 8.32278 15.0612 10.908 9.33511 7.3471 6.68051 6.34941 6.20701 5.87247 4.89312 4.98867 4.88067 4.6024 4.55354 4.48006 7.24339 4.08333 3.81818 3.45513 3.42857 2.80143 2.71515 2.16898
threshold=1.0000000180025095e-35 28.975000000000005 289.75000000000006 51.750000000000007 23.125000000000004 14587.550000000001 52.317645833333344 2110.2500000000005 74.439998626708999 504.67051009573669 1550.6085 0.5590277777777779 67.250000000000014 532.44726632936397 0.8090277777777779 99.750000000000014 85.814998626708999 30293.550000000007 14.625000000000002 4889.6703994235568 34272.350000000006 1674.7500000000002 13772.300000000001 17436.000000000004 22.710000000000004 120.75000000000001 13.750000000000002 0.37847222222222227 1243.3241458333334 32218.076041666671 91.750000000000014 404.688253968254 29988.479513888891 9140.7050000000017 0.017361111111111115 30767.150000000005 2995.9500000000003 417.69184210526322 90.250000000000014 91.250000000000014 6720.1400000000003 193.25000000000003 619.98385416666679 0.53125000000000011 6942.8500000000013 273.25000000000006 74.655002593994155 1.0000000180025095e-35 31632.500000000004 296.18613527729769 7.5250000000000012 1245.5000000000002 2782.8500000000004 88.250000000000014
decision_type=2 2 2 2 2 2 2 2 2 2 2 2 2 2 2 2 2 2 2 2 2 2 2 2 2 2 2 2 2 2 2 2 2 2 2 2 2 2 2 2 2 2 2 2 2 2 2 2 2 2 2 2 2 2
left_child=1 2 3 -1 25 6 -6 -8 9 -7 14 13 17 49 18 16 50 -13 24 20 21 22 23 26 -9 -5 -20 28 31 30 44 33 42 34 -28 38 -31 53 39 -34 41 -36 -33 -39 -29 46 -3 -22 52 -12 -14 -2 -47 -37
right_child=51 45 -4 4 5 8 7 10 -10 -11 11 12 15 -15 -16 -17 -18 -19 19 -21 47 -23 -24 -25 -26 -27 27 29 -30 36 -32 32 35 -35 40 37 -38 43 -40 -41 -42 -43 -44 -45 -46 48 -48 -49 -50 -51 -52 -53 -54 -55
leaf_value=-0.70733827539079874 -5.5535164318748507 0.030927805882767005 -0.087452731710249323 1.7499996355843883 -0.04431994489552462 0.68315562089554338 -1.8842452199024027 0.010561196097646787 0.05574607778919799 -0.035003158406458755 2.988903763863064 -0.0019980605763310561 0.050916532832449367 -0.0028844814407345998 -1.1065290044376415 -0.008661277303441621 1.2826299312958174 -0.022456202442923855 1.0219301808248882 0.078317666876224379 -2.1666456348841763 0.042383518892638535 -0.0070145569759261237 0.11712567853675805 -1.7536538633301155 0.036130226294905358 0.028880737962045419 -0.11598857984608324 0.79291060763277543 0.19803040120002416 0.66366504475754062 0.68728369090217789 -3.3318629959103836 3.8293086851441087 -1.3439500538676799 0.028981941175518146 -0.056093490547167654 0.031099966273982531 0.019584047540407244 -1.0573227440530713 -3.6325370075018659 0.048234973929454909 2.2547438530573269 -0.049316645266302278 -0.12116938819853952 1.8823742612324035 -0.03635358288986662 -0.018275394067386243 0.028297415178763056 2.712216809102117 -0.013533936964511955 -8.7018956230986095 1.301059736176851 0.0039411368571718479
leaf_weight=20 23 21 32 22 22 21 38 25 21 21 26 38 21 20 24 37 29 21 25 36 24 24 23 21 29 24 33 22 24 26 22 21 20 20 34 22 31 27 25 21 30 20 30 24 23 20 27 24 24 22 21 21 22 31
leaf_count=20 23 21 32 22 22 21 38 25 21 21 26 38 21 20 24 37 29 21 25 36 24 24 23 21 29 24 33 22 24 26 22 21 20 20 34 22 31 27 25 21 30 20 30 24 23 20 27 24 24 22 21 21 22 31
internal_value=0.000210909 0.000398197 0.000139688 0.000278481 0.000386266 0.000205541 0 0.000154739 0.00365079 0.00142857 0.000321285 0.00165957 0.000419162 0.00470588 -9.19842e-05 0.00222222 0.00408451 -0.00288136 9.49796e-05 0.00033675 0.000108192 0.000417362 0.000191304 0.000398551 -0.00296296 0.00478261 0.000169492 -3.95257e-05 0.000575916 -0.00193548 -0.00432836 0.000111732 0.00131222 -0.00182482 -0.00299145 -0.000117647 0.000877193 0.00153846 -0.00272727 -0.00512195 -0.0047619 -0.00296296 0.00607843 -0.000980392 -0.00688889 0.00315789 0.000833333 -0.00375 0.00484848 0.00708333 0.00142857 -0.00545455 0.00666667 0.00396226
internal_weight=1375 1331 1217 1185 1165 1119 1056 1034 63 42 996 235 167 68 761 108 71 59 737 683 647 599 575 552 54 46 531 506 382 124 67 358 221 137 117 170 57 104 66 41 84 54 51 51 45 114 48 48 66 48 42 44 42 53
internal_count=1375 1331 1217 1185 1165 1119 1056 1034 63 42 996 235 167 68 761 108 71 59 737 683 647 599 575 552 54 46 531 506 382 124 67 358 221 137 117 170 57 104 66 41 84 54 51 51 45 114 48 48 66 48 42 44 42 53
is_linear=0
shrinkage=0.01


Tree=20
num_leaves=52
num_cat=0
split_feature=13 70 21 75 98 21 95 58 53 76 13 30 71 91 45 65 91 94 94 98 20 2 81 17 94 2 94 81 13 2 39 30 25 13 29 26 57 75 65 32 25 38 75 45 70 81 76 91 75 11 44
split_gain=13.0001 8.65635 9.93623 9.66708 8.72599 11.0914 9.52307 8.96321 10.0833 8.48373 8.17013 8.503 7.61453 7.60876 10.6965 6.95248 6.71977 8.44636 15.7656 8.65785 7.02051 6.70476 6.65249 6.622 6.5864 6.54112 7.24396 6.52174 6.40893 6.41778 6.18947 6.07156 5.93846 5.85069 5.82347 5.27801 5.05762 5.70751 5.33968 4.77501 4.60952 4.44974 4.14434 4.10721 4.6786 4.08265 3.91841 3.47607 2.5 1.00087 0.942857
threshold=12634.050000000001 938.20000000000016 28.975000000000005 353.62355783717192 0.14930555555555561 17.375000000000004 1.0000000180025095e-35 0.25000000000000011 1.5000000000000002 27035.483333333337 7834.9500000000016 35.250000000000007 1099.9500000000003 32909.808562500009 25372.000000000004 26854.050000000003 31917.030668750001 564684.50165187521 606625.36738937511 0.63541666666666674 1026.9000000000003 3261.7275000000004 3486.0098714538781 107.85000000000001 506799.66237187502 2590.7000000000003 742669.06285812519 4141.9038185696018 8936.5000000000018 2941.8500000000004 175.75000000000003 97.750000000000014 210.75000000000003 2240.1000000000008 71.250000000000014 49.250000000000007 -0.22252093395631442 614.79602684882423 30362.750000000004 177.25000000000003 31.250000000000004 5.6250000000000009 464.14774777946667 23817.500000000004 802.73850000000004 3825.3419381580848 32890.289583333346 30726.665450000008 478.0589815176711 41249.05000000001 3.310000061988831
decision_type=2 2 2 2 2 2 2 2 2 2 2 2 2 2 2 2 2 2 2 2 2 2 2 2 2 2 2 2 2 2 2 2 2 2 2 2 2 2 2 2 2 2 2 2 2 2 2 2 2 2 2
left_child=1 2 3 22 6 12 7 35 -9 -7 11 27 21 14 25 -14 17 33 42 39 46 40 -1 -17 -2 26 -5 45 -12 -30 31 -27 47 -13 -4 -3 38 -38 -32 -20 -6 -18 -19 44 -24 -11 -21 48 -26 -49 -35
right_child=24 4 34 13 5 9 -8 8 -10 10 28 16 15 -15 -16 23 41 18 19 20 -22 -23 43 -25 32 30 -28 -29 29 -31 36 -33 -34 50 -36 -37 37 -39 -40 -41 -42 -43 -44 -45 -46 -47 -48 49 -50 -51 -52
leaf_value=0.0043397653689820279 -0.056622284410247747 1.8900584923805264 0.00048777192513978814 -3.4513889033692737 -2.5502248066257471 -0.10370003588772458 2.6760191641309592 0.071329975856397429 -2.398209422835929 -0.0212257987450819 -1.7021307441377358 0.0035293720699663828 1.7651155580651112 0.0069565452560329099 -0.54046087353987504 0.011555034432072132 -0.20551107592254242 -0.046395677660043461 0.39614982363759299 0.038345807725598376 -0.017322479475117655 0.00097291284098945054 -8.427684933901233 -0.62359398446897218 0.023530213805849031 -0.0062182714244226299 -0.013121396141085914 -0.030425176664915232 0.47293863403116276 -0.11889202451683502 0.081935114400815745 0.19136779148548769 0.0044574522506153607 1.6838157798150513 0.31938660142859926 0.0063803458027724873 -0.87075740577927796 0.0024958458157838394 -0.0070990825121889246 5.1290109273618327 -0.18214883991988623 0.010092631565915026 0.01253111160902475 -0.026880834237118602 -2.0177475530894928 0.0084837059524532198 0.03094930597437151 0.038447922946478127 4.2403129578250454 0.62542996206675783 2.8602296793891462
leaf_weight=25 20 27 31 37 28 21 22 24 24 21 22 20 27 35 31 28 21 31 25 22 30 22 28 30 20 37 38 23 25 20 21 39 29 22 21 20 33 36 24 33 20 27 20 33 23 25 26 20 20 22 20
leaf_count=25 20 27 31 37 28 21 22 24 24 21 22 20 27 35 31 28 21 31 25 22 30 22 28 30 20 37 38 23 25 20 21 39 29 22 21 20 33 36 24 33 20 27 20 33 23 25 26 20 20 22 20
internal_value=0.000289103 -3.28407e-05 -0.00105691 -0.00154545 0.000661157 0.000180624 0.00316239 0.00178947 -0.00125 0.000969163 0.00127021 0.00185792 -0.00212903 -0.000694864 -0.00121622 -0.000117647 0.00259259 0.00325301 0.00219251 0.00397059 0.00179487 -0.00457143 -0.00412844 -0.00206897 0.00328244 -0.000566038 -0.00306667 -0.00130435 -0.0019403 0.000222222 0.000421053 0.00263158 0.00423423 0.00645161 0.00307692 0.00489362 -0.00105263 -0.00275362 0.00155556 0.00689655 -0.00666667 -0.000833333 -0.00254902 -0.00547619 -0.0072549 0.000869565 0.00416667 0.00560976 0.0035 0.00761905 0.00857143
internal_weight=1349 1218 492 440 726 609 117 95 48 454 433 366 155 331 296 85 297 249 187 136 78 70 109 58 131 265 75 69 67 45 190 76 111 62 52 47 114 69 45 58 48 48 51 84 51 46 48 82 40 42 42
internal_count=1349 1218 492 440 726 609 117 95 48 454 433 366 155 331 296 85 297 249 187 136 78 70 109 58 131 265 75 69 67 45 190 76 111 62 52 47 114 69 45 58 48 48 51 84 51 46 48 82 40 42 42
is_linear=0
shrinkage=0.01


Tree=21
num_leaves=54
num_cat=0
split_feature=68 0 5 10 71 32 93 24 42 87 6 93 38 91 88 41 0 39 78 5 70 23 24 27 82 91 37 32 41 43 70 33 10 91 83 7 29 68 24 88 4 36 63 83 10 59 10 0 5 37 75 7 0
split_gain=19.4559 12.1644 11.7046 12.9518 11.3124 9.99942 12.6349 9.71747 8.09191 10.8 10.6 8.25263 7.77922 10.3417 9.25252 11.2766 11.717 7.27273 8.19394 7.16966 8.17791 10.7848 6.84959 6.5174 6.05313 5.84463 7.32462 5.84019 5.57497 6.85797 5.51512 5.34545 5.22648 4.66667 4.49246 5.22233 5.52366 6.99291 6.76559 7.0753 8.47949 8.4669 5.94558 5.42297 6.26211 7.1291 4.87013 3.61542 3.6 2.45125 1.65631 1.6 0.123077
threshold=1447.9335000000003 27099.750000000004 7837.7500000000009 29963.550000000007 1090.2030000000002 96.750000000000014 411.59644736842114 9.2750000000000021 100.42499923706056 0.71875000000000011 6573.3550000000005 393.23111111111115 10.675000000000002 28918.342793750006 3918.4875000000002 93.250000000000014 30692.000000000004 175.25000000000003 943.42697916666668 3798.9150000000004 872.16300000000012 95.750000000000014 3.5750000000000006 36.250000000000007 -1133.9499999999998 29922.102131250005 94.250000000000014 241.75000000000003 60.250000000000007 95.879997253417983 1011.3385000000001 61.250000000000007 31758.350000000002 27623.81113125 306.50000000000006 2771.0000000000005 65.750000000000014 851.55000000000007 5.4750000000000005 4615.8452083333341 4144.9800000000005 88.250000000000014 29560.600000000002 2763.3500000000026 41460.650000000009 -0.24999999999999994 32044.150000000005 31498.850000000002 8498.1200000000008 94.750000000000014 161.19028889149425 237.32500000000002 35003.100000000006
decision_type=2 2 2 2 2 2 2 2 2 2 2 2 2 2 2 2 2 2 2 2 2 2 2 2 2 2 2 2 2 2 2 2 2 2 2 2 2 2 2 2 2 2 2 2 2 2 2 2 2 2 2 2 2
left_child=1 2 3 17 5 23 47 31 19 11 -11 -10 14 -14 32 16 33 18 -1 -3 21 -21 -13 25 -24 26 -2 -12 -18 50 -22 -8 -6 -16 -26 36 -36 42 -39 -40 -41 46 -38 44 45 52 -42 -7 -47 -5 -30 -43 -44
right_child=4 8 -4 49 12 6 7 -9 9 10 27 22 13 -15 15 -17 28 -19 -20 20 30 -23 24 -25 34 -27 -28 -29 29 -31 -32 -33 -34 -35 35 -37 37 38 39 40 41 51 43 -45 -46 48 -48 -49 -50 -51 -52 -53 -54
leaf_value=-0.92807514853988271 -3.846302553250164 0.040893971558670625 1.4152459936338002 -2.5313640817520828 -0.0077571243653097597 -4.9278989218180191 0.041915435909726746 0.040253856851959022 -0.2606731456333421 -0.026612025894747413 0.015948132144930589 -0.012128360863716537 0.54232288830186914 -0.0013754355299954322 -0.02101354075763108 0.022698968668498142 -0.012979393491007985 -3.2824098073920416 4.1559275414092518 0.32206625667304845 -1.7646263499251216 -0.087004146597823892 -0.045302991250773167 -3.3946966042714983 -0.10557245516370817 -0.0021319813305074502 -0.34366028710599478 -0.029731802576161325 -0.02222249042275384 -0.0084107639193250847 -0.13320311887394762 -0.73677592502918199 0.042107012045384862 0.62681879496200676 0.0044128777281092066 0.00048289420588839025 9.027382037107877 3.8331572041006412 -0.11940921118948755 3.3203442906327303 0.57864399032297742 3.3168676105694521 1.9802002768181672 0.00033113739971194758 0.0045470830103515707 1.0146345357622863 -2.3026768583026507 -0.56946957433450651 0.023764904865987556 -2.7925201365604693 -0.061268894289781065 0.083679916652850059 0.10451319676230543
leaf_weight=24 27 27 21 24 20 22 20 37 25 39 38 25 21 20 21 21 39 20 20 22 23 35 20 28 20 28 24 23 21 24 26 24 21 21 33 37 31 27 30 34 22 20 32 24 20 20 20 21 20 22 25 20 20
leaf_count=24 27 27 21 24 20 22 20 37 25 39 38 25 21 20 21 21 39 20 20 22 23 35 20 28 20 28 24 23 21 24 26 24 21 21 33 37 31 27 30 34 22 20 32 24 20 20 20 21 20 22 25 20 20
internal_value=0.000303929 0.0012037 -0.00160305 -0.00290909 -0.00129897 -0.00290043 -0.000967742 0.00135802 0.00170532 0.0022 -0.0008 0.0028 0.00015748 0.00414634 -0.000610329 -0.00162791 -0.00258278 0 0.00227273 -0.000526316 -0.00169811 0.000877193 0.00309474 -0.00514019 0.00337778 -0.00367089 -0.00568627 0.00180328 -0.00431193 -0.006 -0.00469388 -0.00181818 0.00365854 0.00190476 0.00362791 0.00385366 0.00420912 0.00458824 0.00317919 0.00232877 0.00344828 0.00170732 0.0060479 0.00514706 0.00607143 0.00717391 -0.00142857 -0.00534884 0.004 -0.00695652 -0.00826087 0.005 0.00961538
internal_weight=1349 864 131 110 485 231 124 81 733 600 100 500 254 41 213 172 151 64 44 133 106 57 475 107 450 79 51 61 109 70 49 44 41 42 430 410 373 340 173 146 116 82 167 136 112 92 42 43 40 46 46 40 52
internal_count=1349 864 131 110 485 231 124 81 733 600 100 500 254 41 213 172 151 64 44 133 106 57 475 107 450 79 51 61 109 70 49 44 41 42 430 410 373 340 173 146 116 82 167 136 112 92 42 43 40 46 46 40 52
is_linear=0
shrinkage=0.01


Tree=22
num_leaves=50
num_cat=0
split_feature=68 5 62 5 33 16 77 81 92 61 61 5 17 61 69 69 36 76 5 37 94 37 40 10 17 91 60 17 68 61 25 97 17 10 16 34 35 42 37 68 43 0 44 97 37 43 89 5 23
split_gain=15.6893 14.2442 10.4657 10.6664 9.74854 7.69816 10.4357 10.9371 9.07408 8.69971 8.27398 7.63108 8.00952 6.98905 6.76383 9.20439 8.06026 8.88362 7.83865 9.7639 8.38193 9.93495 10.7755 8.125 6.74764 6.52848 8.74104 6.47755 6.16117 8.7216 6.12245 5.83864 8.29687 6.07152 10.6061 5.72915 5.5469 5.53263 5.5254 5.31858 5.08592 5.05027 5.01776 5.00504 4.51319 4.11935 3.66545 3.6 3.17621
threshold=802.66750000000013 3136.0250000000005 941.40000000000009 9936.0550000000021 195.25000000000003 6672.9000000000005 4183.7506324684546 4238.168459158268 23608.204175000006 36267.850000000006 32223.100000000002 8926.720000000003 158.25000000000003 34006.30000000001 32104.800000000007 31709.600000000002 88.250000000000014 32283.462500000005 8234.7050000000017 99.750000000000014 830781.92044437525 96.750000000000014 72.750000000000014 28389.700000000004 23.150000000000002 28786.382381250001 889.95000000000016 25.750000000000004 1499.9500000000003 31873.400000000005 165.75000000000003 0.78125000000000011 74.550000000000011 28975.050000000007 6031.2000000000016 109.25000000000001 26.875000000000004 109.20000076293947 86.750000000000014 1346.5740000000003 86.884998321533217 30476.300000000007 2.9765000343322758 0.51041666666666685 75.250000000000014 77.809997558593764 1423.0497937500002 12772.680000000002 99.250000000000014
decision_type=2 2 2 2 2 2 2 2 2 2 2 2 2 2 2 2 2 2 2 2 2 2 2 2 2 2 2 2 2 2 2 2 2 2 2 2 2 2 2 2 2 2 2 2 2 2 2 2 2
left_child=1 40 3 11 35 6 7 14 9 24 44 12 27 28 15 18 42 -18 19 20 21 22 39 -21 -8 26 -10 -3 -9 -30 -29 32 33 -24 -35 36 48 38 -12 -2 -1 -28 -16 46 -7 -26 -4 -6 -5
right_child=5 2 43 4 47 10 8 13 25 -11 37 -13 -14 -15 16 -17 17 -19 -20 23 -22 -23 31 -25 45 -27 41 30 29 -31 -32 -33 -34 34 -36 -37 -38 -39 -40 -41 -42 -43 -44 -45 -46 -47 -48 -49 -50
leaf_value=-0.044304529125686901 -0.08613410513184569 0.10220995577078089 4.4569124952390364 0.066650819388987162 0.053965695215447536 0.014472129356793451 -0.26392846027072658 1.8944256119074567 -5.1349192475709176 -1.4003153199164677 -0.020511576605480128 -0.094902069827327365 0.15137344010180795 -0.012872120923990142 -0.013140279941737965 0.049215508359029471 -0.36344548588872 0.04341273905337803 0.28643282108820894 0.0025037679594954987 -5.0500394844329337 1.5983008754291741 -0.6914182943454138 -2.2657218753794695 1.0786659778864991 -3.9127014874516113 -1.5865957439038341 -3.6026495450589553 -1.3616112698356895 0.88424357751642368 -0.002182622062528416 -0.01192289044603306 3.5592343102687991 0.84102111556007819 -1.9482910883404179 0.00047806526382950638 0.032385216957549111 -0.015089675878283063 0.040768630104185223 -2.1483939268328736 0.0065539899182112298 0.015684050024880124 -1.9371769195703941 3.5150641568460732 0.21995978447174772 0.012742334122759385 6.2681568770412754 -0.0286665431333957 0.012646831389889234
leaf_weight=29 23 35 28 38 20 30 24 32 27 27 36 26 21 23 37 32 20 31 21 20 21 29 23 32 22 31 21 21 29 23 28 22 26 33 21 25 36 38 20 22 23 26 35 39 26 30 22 20 25
leaf_count=29 23 35 28 38 20 30 24 32 27 27 36 26 21 23 37 32 20 31 21 20 21 29 23 32 22 31 21 21 29 23 28 22 26 33 21 25 36 38 20 22 23 26 35 39 26 30 22 20 25
internal_value=0.000274277 0.00183486 0.0025 0.00159322 0.00329268 -0.000470975 -0.000878113 -0.000162162 -0.00278846 -0.000679612 0.0016 -0.000534351 0.000666667 0.00271028 -0.000848214 -9.23077e-05 -0.00284553 0.000196078 -0.000648464 -0.00110294 -0.000181818 0.000452261 -0.000470588 -0.005 0.00105263 -0.00485714 -0.00324324 -0.000714286 0.00404762 0.00192308 -0.00306122 0.00104 0.00203883 0.00038961 0.00222222 0.00467742 0.00575758 -0.000212766 0.00178571 -0.00466667 -0.00307692 -0.000638298 -0.005 0.00550562 0.00464286 0.00307692 0.0076 -0.001 0.00396825
internal_weight=1349 436 384 295 164 913 763 555 208 103 150 131 105 107 448 325 123 51 293 272 220 199 170 52 76 105 74 84 84 52 49 125 103 77 54 124 99 94 56 45 52 47 72 89 56 52 50 40 63
internal_count=1349 436 384 295 164 913 763 555 208 103 150 131 105 107 448 325 123 51 293 272 220 199 170 52 76 105 74 84 84 52 49 125 103 77 54 124 99 94 56 45 52 47 72 89 56 52 50 40 63
is_linear=0
shrinkage=0.01


Tree=23
num_leaves=52
num_cat=0
split_feature=14 1 79 26 1 25 4 81 78 27 29 17 27 90 93 10 37 37 89 92 2 4 2 10 79 79 78 22 17 20 66 19 20 14 29 81 25 48 17 25 3 14 40 31 79 29 2 4 37 27 37
split_gain=16.9221 11.5557 11.3849 11.5335 9.8973 8.07245 10.2736 9.45614 8.10862 7.9965 10.0571 7.97007 15.3213 8.23703 11.3298 7.24339 7.11576 7.42515 6.5535 6.42259 6.16509 6.06618 5.97613 6.87442 5.883 9.54066 6.58911 6.25655 12.1749 5.64487 5.73806 5.56818 5.81818 5.48173 5.31948 5.36453 5.22648 4.9975 4.9035 4.84848 4.82892 5.93298 5.83073 5.3662 6.4843 4.72171 4.56414 4.15584 3.61303 2.99077 1.67828
threshold=15496.200000000003 13949.550000000001 719.60047600807059 156.25000000000003 13693.700000000003 187.00000000000003 4173.5700000000006 3623.1316547471383 506.27204513888893 40.250000000000007 85.750000000000014 126.25000000000001 98.250000000000014 1198.2694500000005 409.13679487179496 34082.250000000007 77.750000000000014 57.750000000000007 862.93179375000011 22455.804018750005 2725.1000000000008 4303.9650000000011 3434.4775000000004 28248.100000000002 679.99624073944744 530.6294584164948 401.0842777777778 87.750000000000014 195.35000000000002 2259.3500000000004 1417.6400000000001 852.70000000000016 2335.8500000000004 19783.900000000005 91.750000000000014 3849.1576979230031 107.25000000000001 1.0000000180025095e-35 29.100000000000005 139.75000000000003 15077.120000000001 19424.100000000002 48.750000000000007 5.0250000000000012 495.48721824469936 85.750000000000014 2995.9500000000003 3563.7800000000007 97.250000000000014 60.750000000000007 90.250000000000014
decision_type=2 2 2 2 2 2 2 2 2 2 2 2 2 2 2 2 2 2 2 2 2 2 2 2 2 2 2 2 2 2 2 2 2 2 2 2 2 2 2 2 2 2 2 2 2 2 2 2 2 2 2
left_child=1 4 3 11 9 6 8 15 -3 20 47 12 13 14 -2 -7 17 31 -16 -18 34 -9 23 -15 25 26 39 -27 33 30 -20 -10 -33 -29 35 -1 -4 -8 -39 -13 41 42 -25 -44 -45 -46 -30 -11 -21 -28 -40
right_child=2 5 36 -5 -6 7 37 21 16 10 -12 24 -14 22 18 -17 19 -19 29 48 -22 -23 -24 40 -26 27 49 28 46 -31 -32 32 -34 -35 -36 -37 -38 38 50 -41 -42 -43 43 44 45 -47 -48 -49 -50 -51 -52
leaf_value=-0.88432252950607326 0.80174117755066521 -0.017038018734767214 -3.8581197670126883 -0.04107059728884898 -3.7148028698668227 0.042978611662844259 0.0006052574905703955 -0.026306960832236003 -0.017223424171048371 0.01828513754145086 2.4903012233777861 0.35122800730967974 -3.8546093717344192 1.3851105249431703 1.6898765055213385 4.591524865952457 -0.0155063235650172 -0.64085833948335125 -0.083474777205878384 0.40655036376718628 0.016797131104772826 0.6734691295887274 2.6432891830323832 -1.5313383893135497 4.7772778539133656 0.04043905542697955 1.177873075690208 0.0038858241127889426 -0.007268225527106824 -1.7301464032267899 0.02066141741951447 1.5057373006109669 -0.002288814837780056 0.056909869404737787 -0.90562570679119037 -5.7344569263589396 -0.0088980442608653804 -0.047479541355303613 -0.54429196770775723 0.0021275886606763319 -0.30467188365692816 0.89652445093656041 -0.048482789679191882 1.4703008809336608 -0.015163466991850498 0.60122964580662053 -5.5537862276182635 -3.7514697509926216 0.081414606727751998 0.98958363414903006 -3.8917006671830228
leaf_weight=23 26 31 21 31 30 21 23 32 36 20 22 22 21 29 24 27 20 27 29 20 29 34 38 20 23 34 25 22 21 24 21 22 22 21 22 32 20 23 21 33 27 36 31 28 23 24 25 35 31 27 20
leaf_count=23 26 31 21 31 30 21 23 32 36 20 22 22 21 29 24 27 20 27 29 20 29 34 38 20 23 34 25 22 21 24 21 22 22 21 22 32 20 23 21 33 27 36 31 28 23 24 25 35 31 27 20
internal_value=0.000422535 -0.000786517 0.00146006 0.00176642 -0.00267606 0.000195122 -0.000675676 0.00245614 0.000526316 -0.00180328 0.000649351 0.00204893 0.00117207 0.00163158 -0.000483871 0.00583333 0.00134831 -0.000280374 -0.00204082 0.00380282 -0.00358491 0 0.00265625 0.00201835 0.00343874 0.00295652 0.00514019 0.00105691 -0.000337079 -0.00351351 -0.0016 0.00125 0.00363636 0.00348837 -0.00506494 -0.00672727 -0.00365854 -0.00356322 -0.005 0.00272727 0.00132275 0.00197531 0.000952381 0.00188679 0.00333333 0.00106383 -0.00391304 -0.00163636 0.00568627 0.00769231 -0.00707317
internal_weight=1349 623 726 685 213 410 296 114 209 183 77 654 401 380 124 48 178 107 98 71 106 66 256 218 253 230 107 123 89 74 50 80 44 43 77 55 41 87 64 55 189 162 126 106 75 47 46 55 51 52 41
internal_count=1349 623 726 685 213 410 296 114 209 183 77 654 401 380 124 48 178 107 98 71 106 66 256 218 253 230 107 123 89 74 50 80 44 43 77 55 41 87 64 55 189 162 126 106 75 47 46 55 51 52 41
is_linear=0
shrinkage=0.01


Tree=24
num_leaves=52
num_cat=0
split_feature=72 71 70 88 92 4 88 67 16 89 3 90 84 26 89 19 92 0 24 33 0 30 29 36 41 23 37 87 79 43 82 79 26 30 1 41 30 37 16 36 57 95 45 3 23 88 3 4 7 7 8
split_gain=17.7 14.4333 13.3243 16.1154 12.7075 9.88596 8.8732 10.7477 11.3422 8.46708 8.19394 7.61932 9.09155 7.03151 10.1541 6.86903 7.86717 7.43472 6.90548 7.41518 6.774 6.20165 10.809 6.3945 5.8846 5.86365 5.707 6.11485 8.03547 5.70592 5.68174 7.11111 5.9353 5.60303 5.47676 4.96305 4.83967 10.9609 5.80685 10.4408 4.42291 4.30361 4.04295 4.01099 3.79943 2.91203 2.5 2.45983 5.06288 2.42917 0.466667
threshold=962.50000000000011 1093.5130000000001 962.50000000000011 8016.4429166666669 21339.33763125 2261.3600000000001 4991.0889583333337 33636.250000000007 5471.3000000000011 845.42810625000004 14213.900000000003 3098.1163500000007 1761.5861979166668 164.25000000000003 1041.46940625 891.75000000000011 22420.693718750004 29964.550000000007 10.775000000000002 190.75000000000003 32182.600000000002 60.250000000000007 84.250000000000014 76.250000000000014 104.75000000000001 96.750000000000014 98.750000000000014 0.052083333333333336 555.82095693518238 79.430000305175795 209.10000000000005 319.60250351148454 2.2500000000000004 96.750000000000014 16425.622000000003 78.250000000000014 58.250000000000007 67.750000000000014 5392.3000000000011 79.750000000000014 1.0000000180025095e-35 1.0000000180025095e-35 23522.500000000004 13655.800000000001 99.750000000000014 7050.978958333334 14430.1 15887.235000000002 482.96000000000004 1203.9700000000003 416.63022048364161
decision_type=2 2 2 2 2 2 2 2 2 2 2 2 2 2 2 2 2 2 2 2 2 2 2 2 2 2 2 2 2 2 2 2 2 2 2 2 2 2 2 2 2 2 2 2 2 2 2 2 2 2 2
left_child=2 5 3 21 -4 10 26 8 9 -8 -2 12 20 14 49 16 35 -18 19 24 36 22 -1 -23 47 -10 27 46 -29 -11 32 -32 -6 -9 42 -16 37 -3 41 -40 -34 -38 -22 -31 45 -25 -7 48 -17 -5 -33
right_child=1 11 4 13 30 6 7 33 25 29 -12 -13 -14 -15 15 18 17 -19 -20 -21 34 23 -24 44 -26 -27 -28 28 -30 43 31 50 40 -35 -36 -37 38 -39 39 -41 -42 -43 -44 -45 -46 -47 -48 -49 -50 -51 -52
leaf_value=0.086484847403736465 -0.30952634232005338 -1.0305607749936707 -0.30800079570277367 0.15486686409161882 2.626072002793415 -2.580790150777891 0.06865773488909796 -1.1407253282232679 0.53113257865681962 -2.2691009031108376 1.6644600725312302 0.034356637147165844 -0.015997643768408735 -0.31692601632054496 -0.42414911887329176 0.083362771711390629 -0.027552336916360904 2.5345580721187146 -0.017557052892043182 -0.00292935773775838 0.014063509292991334 0.015246970811783158 -0.029187129050469069 -2.3300433989375837 0.0014850534971839941 -0.0071955432718357557 -4.6508795197055264 0.058374523415441269 -1.9242309928157793 0.029785147381177629 2.1500442366912629 11.49084197248942 -0.1002949997999483 -1.4954411308964353 -0.0064629450110824304 -0.0030641666243255007 0.0047276674585926375 0.19602607708798656 0.028575725190651706 -0.28218059841698484 3.1832039526081259 0.37621639080292946 1.836221805408951 -1.464645401870794 -0.041984583041163315 -0.57150867071415412 -0.28456735480061623 0.3597282666326444 0.018326697367986446 0.056340770710690408 6.8520751116221286
leaf_weight=33 24 28 23 25 22 20 20 24 38 24 20 22 26 20 22 20 35 27 31 35 39 20 21 20 24 39 35 25 28 25 24 28 23 20 33 21 28 23 38 29 26 34 22 22 23 23 20 24 26 27 20
leaf_count=33 24 28 23 25 22 20 20 24 38 24 20 22 26 20 22 20 35 27 31 35 39 20 21 20 24 39 35 25 28 25 24 28 23 20 33 21 28 23 38 29 26 34 22 22 23 23 20 24 26 27 20
internal_value=0.000214974 -0.000878187 0.00141524 0.000566038 0.00385542 -0.0021875 -0.00276471 -0.00150943 -0.000357143 -0.00274725 0.00227273 0.00068323 0.000266667 0.00175074 0.00211356 0.00132075 -0.000666667 0.0016129 0.002625 0.00364341 0.00080292 -0.00228571 0.00037037 -0.00395349 0.00510638 0.00246753 -0.00484375 -0.00354839 -0.00132075 -0.0043662 0.00496503 0.00694444 0.00295775 -0.00590909 0.00297872 -0.00395349 -0.000333333 -0.00294118 0.000697674 -0.00134328 0.00102041 0.00290323 0.0047541 -0.00234043 -0.00545455 -0.0072093 -0.0065 0.00657143 0.00521739 0.00615385 0.00916667
internal_weight=1349 706 643 477 166 384 340 212 168 91 44 322 300 337 317 265 105 62 160 129 274 140 54 86 94 77 128 93 53 71 143 72 71 44 94 43 180 51 129 67 49 62 61 47 66 43 40 70 46 52 48
internal_count=1349 706 643 477 166 384 340 212 168 91 44 322 300 337 317 265 105 62 160 129 274 140 54 86 94 77 128 93 53 71 143 72 71 44 94 43 180 51 129 67 49 62 61 47 66 43 40 70 46 52 48
is_linear=0
shrinkage=0.01


Tree=25
num_leaves=53
num_cat=0
split_feature=27 27 2 42 2 24 6 62 14 31 69 62 1 76 100 77 2 34 94 1 32 77 17 34 34 33 23 33 67 83 68 31 67 40 94 75 34 62 41 76 6 6 16 69 5 100 2 23 45 27 23 6
split_gain=13.3627 15.4519 9.45354 10.1613 9.2458 10.365 8.30176 13.1872 10.1312 11.46 8.42939 8.07387 8.80476 8.99434 8.02645 10.1486 7.77565 9.6745 11.5034 9.49279 9.49111 7.75663 7.23419 6.6938 7.76625 6.63236 6.4519 6.35011 7.37524 6.41841 6.97648 9.98768 9.0773 8.41318 8.11696 7.11111 5.7381 5.68364 4.61731 4.58158 4.4643 10.1939 4.02042 3.63655 3.6 3.5219 3.56698 3.59227 3.00444 2.78327 2.5 1.5252
threshold=19.750000000000004 23.250000000000004 3828.9790000000007 335.25000000000006 3261.7275000000004 8.5250000000000021 9890.8500000000022 1338.1500000000003 10478.050000000001 19.300000000000004 25198.950000000001 1636.4500000000003 14888.675500000001 34645.464583333342 0.15625000000000003 3733.5226207573 2377.7500000000005 96.250000000000014 736173.15195250034 17063.637000000006 275.75000000000006 4251.2291002674292 178.25000000000003 109.25000000000001 86.250000000000014 143.25000000000003 99.750000000000014 147.25000000000003 29001.450000000001 2597.5500000000034 1460.1105000000002 14.125000000000002 34523.650000000009 109.75000000000001 734115.55084500031 530.88558828895486 87.750000000000014 937.97600000000011 74.750000000000014 35445.382291666676 10743.565000000001 11631.505000000003 6114.7500000000009 32390.250000000004 4964.5400000000009 0.072916666666666685 2658.1000000000004 74.750000000000014 24277.000000000004 86.250000000000014 81.250000000000014 3782.2350000000001
decision_type=2 2 2 2 2 2 2 2 2 2 2 2 2 2 2 2 2 2 2 2 2 2 2 2 2 2 2 2 2 2 2 2 2 2 2 2 2 2 2 2 2 2 2 2 2 2 2 2 2 2 2 2
left_child=4 21 3 6 5 -1 7 10 -9 11 -3 14 44 -14 45 -16 17 18 50 20 27 -2 51 24 40 -21 -22 29 -29 30 31 32 34 38 37 -34 42 48 -32 -30 -8 -42 -5 -31 -13 46 -10 -48 -18 -26 -12 -7
right_child=1 2 -4 36 -6 22 23 8 9 -11 16 12 13 -15 15 -17 19 -19 -20 25 26 -23 -24 -25 49 -27 -28 28 39 43 33 -33 35 -35 -36 -37 -38 -39 -40 -41 41 -43 -44 -45 -46 -47 47 -49 -50 -51 -52 -53
leaf_value=0.020640513749748231 1.8454339752562419 3.36876938455609 1.4556614154873386 3.7007429027214407 0.045035920166297101 -4.5783880066068416 3.9506399597022899 -0.041563311445352025 1.038280328097168 -0.09929204980194882 -2.56213367311629 0.0042847238268459995 -0.022871405231031559 0.002278070148946214 0.3695256702738739 -0.042709725397593788 0.0080149192135734945 -5.5329569868669521 0.24194021944548674 -2.5071339606500493 1.9040279064596239 0.0075630709210335991 -0.0068522864939502218 -0.019095605056285488 0.027147335920538973 -0.026393535055752211 -0.016123463084939893 0.034817539650914046 -4.2198268302402804 0.097263882019137798 -2.9729810348871659 -1.8844354361446927 -2.2030872905660179 0.009191005682734274 -0.62176631641366409 0.027761109169529112 -0.0036480204859451059 5.3285731862101349 -3.6887290158661643 -0.015303928942052819 -0.058560485574939099 0.026454936929967952 0.64306507132778967 0.0012868517091810456 0.84278762049481659 1.7031326259107744 -0.0062118816302347739 0.039235373496939521 0.065546386996910261 4.2593105840976806 -0.63470328122753095 -1.4316667810398993
leaf_weight=34 34 37 30 23 27 23 21 37 25 25 20 20 27 29 22 34 20 26 28 26 38 23 20 28 24 31 24 21 31 21 32 29 25 27 30 20 22 22 20 23 22 33 20 23 20 30 22 23 25 22 20 29
leaf_count=34 34 37 30 23 27 23 21 37 25 25 20 20 27 29 22 34 20 26 28 26 38 23 20 28 24 31 24 21 31 21 32 29 25 27 30 20 22 22 20 23 22 33 20 23 20 30 22 23 25 22 20 29
internal_value=0.000380117 0.000704453 0.000458404 0.000313589 -0.00263158 -0.00396226 8.31025e-05 -0.000267953 0.00140127 0.00205776 -0.0011147 0.00269841 0.000416667 -0.00214286 0.00410256 0.00107143 -0.00140893 -0.00404255 -0.00205882 -0.000901639 -0.000394432 0.00578947 -0.00611111 0.00226667 0.00327869 -0.00473684 0.00322581 -0.00100271 -0.0036 -0.000340136 -0.00096 0.000175439 0.00126761 -0.00341772 0.00298969 -0.00244444 0.00415385 0.00492537 -0.00576923 -0.00555556 0.00131579 -0.000181818 0.00627907 0.00318182 0.004 0.0058 0.00457143 0.00288889 0.00288889 0.00652174 -0.0055 -0.00807692
internal_weight=1368 1235 1178 1148 133 106 1083 933 314 277 619 252 96 56 156 56 582 94 68 488 431 57 72 150 122 57 62 369 75 294 250 171 142 79 97 45 65 67 52 54 76 55 43 44 40 100 70 45 45 46 40 52
internal_count=1368 1235 1178 1148 133 106 1083 933 314 277 619 252 96 56 156 56 582 94 68 488 431 57 72 150 122 57 62 369 75 294 250 171 142 79 97 45 65 67 52 54 76 55 43 44 40 100 70 45 45 46 40 52
is_linear=0
shrinkage=0.01


Tree=26
num_leaves=56
num_cat=0
split_feature=37 5 95 68 74 20 2 79 4 88 77 19 79 4 67 67 44 98 4 93 37 74 81 44 21 88 25 36 69 16 25 91 0 91 21 21 69 36 43 68 41 20 88 67 93 68 81 39 81 7 4 21 19 43 0
split_gain=12.4691 11.9219 13.5666 11.3024 10.6755 8.27728 11.3832 7.92152 7.76856 7.67617 7.24324 7.03247 11.0833 7.89682 6.6881 6.66949 6.45949 6.54031 6.6371 6.37756 7.62807 6.35958 6.07306 5.74846 8.51777 8.14621 5.39303 6.93697 7.59375 9.54848 6.47379 5.71157 5.41806 5.31053 6.09531 8.05744 9.18575 6.77537 5.62987 5.40346 4.83278 4.7294 5.80741 7.40741 4.56414 4.48831 4.45728 4.00238 3.74657 3.72193 3.6 3.29472 2.91639 1.6 1.27536
threshold=15.000000000000002 4599.6050000000005 1.0000000180025095e-35 1196.7500000000002 1743.6928020833334 1981.1000000000001 3245.6000000000004 703.35542927822507 7056.9250000000011 4671.8943750000008 4155.4241500545386 617.50000000000011 641.48746100376752 11385.140000000001 31724.900000000005 35102.600000000013 4.7979998588562021 0.086805555555555566 9092.7350000000024 398.38625000000008 25.750000000000004 1200.7227395833336 3766.8418903766728 2.9424999952316289 28.825000000000006 6851.3543750000017 90.250000000000014 89.250000000000014 36564.750000000007 6114.7500000000009 45.250000000000007 30328.706318750006 37426.850000000006 27062.329100000003 17.625000000000004 22.425000000000004 34567.400000000009 87.750000000000014 83.565002441406264 1326.6000000000001 66.750000000000014 852.95000000000016 6258.0768749999997 30160.250000000004 413.21987179487184 1274.7500000000002 4157.8601693889086 166.75000000000003 4055.5372940064067 67.645000000000024 2599.6850000000004 20.925000000000004 1175.6500000000003 80.705001831054702 31642.050000000003
decision_type=2 2 2 2 2 2 2 2 2 2 2 2 2 2 2 2 2 2 2 2 2 2 2 2 2 2 2 2 2 2 2 2 2 2 2 2 2 2 2 2 2 2 2 2 2 2 2 2 2 2 2 2 2 2 2
left_child=21 5 9 8 7 19 10 41 -4 -3 -7 16 22 14 -14 -8 23 -18 -19 -2 -21 45 -13 47 25 -25 30 28 29 44 40 -29 -33 38 -35 51 37 50 39 -22 -24 48 43 -43 -28 -1 -38 -11 -5 -27 -37 -36 -31 -23 -12
right_child=1 2 3 4 -6 6 15 -9 -10 11 54 12 13 -15 -16 -17 17 18 -20 20 33 53 26 24 -26 49 27 31 -30 52 -32 32 -34 34 35 36 46 -39 -40 -41 -42 42 -44 -45 -46 -47 -48 -49 -50 -51 -52 -53 -54 -55 -56
leaf_value=0.71031040226481579 -4.5674834343498096 -4.2490651474658234 4.9533978210682736 0.71914309068077631 -0.016017758592671492 -0.032105158036526589 0.50032541303091638 -0.17251889712972177 1.2016659685831939 -0.61070872223137673 -3.4405225087905382 0.76102698744746511 -3.7995627983079499 -0.045605220322741502 0.047888029727814738 -0.036141037414851626 0.31175179391159086 0.87296390549202119 -0.25220538045684437 -0.15550257252109795 2.6293348663812264 1.167181742804646 -0.021607661503990312 -0.49322684112763249 0.56615513351384461 -3.8816290146333565 0.014247415392272126 0.064890923126941169 0.052283047385770165 -5.7386089591777987 4.9276938147202252 -1.576534016937851 -0.012109968192229528 -0.97089675335786429 0.013269524632940084 -0.014530516894540369 -0.013667532899544066 0.12200019948876049 -0.0036441552547409901 0.021693787208430779 0.065030659919789818 0.73463058699841088 -0.0063125121509852132 0.013640572258952641 0.043335886114868404 -1.2860311810868317 0.027824854637999608 0.50042881045057974 0.26945189876671577 -1.5461976798355388 -0.2443393827070969 0.061016873974183192 -0.0026361288098232728 2.6506429331403525 -2.3357196110498895
leaf_weight=22 25 23 36 20 21 33 22 21 33 20 24 21 20 34 28 21 23 23 25 25 20 20 26 26 20 29 21 21 32 21 34 26 20 29 29 20 24 22 24 22 20 27 36 27 25 20 25 28 21 22 20 20 29 20 22
leaf_count=22 25 23 36 20 21 33 22 21 33 20 24 21 20 34 28 21 23 23 25 25 20 20 26 26 20 29 21 21 32 21 34 26 20 29 29 20 24 22 24 22 20 27 36 27 25 20 25 28 21 22 20 20 29 20 22
internal_value=0.000365497 0.000124417 0.00080326 0.00280992 0.00144509 -0.00124122 -0.00344262 0.00236842 0.00623188 1.62075e-05 -0.0056962 0.00023569 0.0010582 -0.00219512 0.000416667 0.000697674 -0.0012037 0.00126761 -0.000833333 -0.000360656 7.14286e-05 0.00414634 0.00195946 -0.00241379 -0.00381443 -0.00532468 0.00156364 0.000666667 0.00203125 0.000625 0.00375 -0.0019403 -0.00391304 0.000588235 -0.00026455 0.0005 -0.000990991 -0.00354839 0.0030303 0.0052381 0.00130435 0.00328244 0.002 0.00407407 0.00391304 0.00142857 0.0022449 0.000416667 0.00609756 -0.00764706 -0.006 0.00387755 -0.0024 0.007 -0.00826087
internal_weight=1368 1286 859 242 173 427 122 152 69 617 79 594 378 82 48 43 216 71 48 305 280 82 296 145 97 77 275 195 128 96 80 67 46 255 189 160 111 62 66 42 46 131 90 54 46 42 49 48 41 51 40 49 50 40 46
internal_count=1368 1286 859 242 173 427 122 152 69 617 79 594 378 82 48 43 216 71 48 305 280 82 296 145 97 77 275 195 128 96 80 67 46 255 189 160 111 62 66 42 46 131 90 54 46 42 49 48 41 51 40 49 50 40 46
is_linear=0
shrinkage=0.01


Tree=27
num_leaves=52
num_cat=0
split_feature=72 14 95 69 84 25 33 1 30 80 77 13 70 78 84 19 80 81 26 30 34 94 68 34 69 11 72 96 62 78 34 72 13 78 75 21 66 58 68 94 13 36 66 81 91 1 11 47 22 67 67
split_gain=13.662 15.3527 14.5863 12.0426 13.0215 9.53471 9.14473 14.4704 10.138 10.6708 8.88031 8.72348 8.51337 8.29086 9.31018 9.0371 10.7411 11.862 8.06648 16.4317 7.91986 8.98997 8.10826 9.09558 7.70687 7.86395 7.40928 7.34741 12.478 8.33702 9.18031 8.15535 9.33763 7.24444 7.68003 6.88333 7 6.48 6.36068 5.88817 5.10774 4.93958 4.73661 4.08333 3.62037 7.01591 3.10303 2.91667 2.87817 2.7398 2.61673
threshold=1365.6245000000001 16548.550000000003 1.0000000180025095e-35 31649.750000000004 774.27677083333344 18.750000000000004 21.750000000000004 13926.85 30.250000000000004 29638.106944444447 4148.3560407497944 1827.2500000000002 941.33350000000007 1454.3273159722226 1345.3095520833335 919.00000000000011 35344.015277777791 4404.7669249715264 1.7500000000000002 98.750000000000014 44.750000000000007 629468.59661250026 1202.3975000000003 101.25000000000001 35139.200000000004 41925.250000000007 1281.3185000000001 1.0000000180025095e-35 1.0425000000000002 825.39837152777784 67.250000000000014 0.93550000000000011 13649.750000000002 491.28076736111115 609.15897209019545 27.725000000000005 1033.6125000000002 -0.5 1759.7555000000002 685212.6293621877 3498.8000000000006 78.250000000000014 1587.9500000000003 4256.7321598823446 28356.845850000002 15538.366500000002 37873.05000000001 1.0000000180025095e-35 85.750000000000014 34136.100000000013 35312.55000000001
decision_type=2 2 2 2 2 2 2 2 2 2 2 2 2 2 2 2 2 2 2 2 2 2 2 2 2 2 2 2 2 2 2 2 2 2 2 2 2 2 2 2 2 2 2 2 2 2 2 2 2 2 2
left_child=2 6 5 46 -5 -1 10 39 -9 -10 42 -4 -13 14 15 16 17 20 41 40 -7 -22 23 35 43 -26 44 29 31 30 -17 32 33 50 -35 36 37 -23 48 -8 -20 -11 -2 -18 -14 -46 -3 -37 -6 -32 -29
right_child=1 3 11 4 38 13 7 8 9 18 -12 12 26 -15 -16 27 24 -19 19 -21 21 22 -24 -25 25 -27 -28 28 -30 -31 49 -33 -34 34 -36 47 -38 -39 -40 -41 -42 -43 -44 -45 45 -47 -48 -49 -50 -51 -52
leaf_value=-0.80486529366012383 0.005096741460063281 0.11064919684001109 -0.054480591139500219 -3.6137045050948444 0.023198799541570655 1.2119202381978367 -0.36018887422656065 -0.021857814402005068 1.8210010072163629 0.18572587246203895 -2.332074655142911 -0.019519436628983158 4.5867539901502514 -2.2145598394928463 1.5001474232166636 -0.034949891816308247 -0.026192117379133097 1.4185660430360205 -0.042992639749131936 0.11547565549727307 -1.1999021607118596 -0.0062196203731153888 0.077278030444545606 -2.2855790236049849 0.026437980498561747 -0.48716011474352522 0.43168514506137057 0.0031953524734039474 -0.12495975350245261 2.5991832433952315 0.62174479552574891 -1.1767511298707498 0.044651717253471709 -0.03625325252105388 0.020225351492993867 4.5491221339663381 3.9159655914601177 -4.4734135241136173 -0.37755447641491408 -4.906091041720483 -0.019730498591072725 0.0048139515822532494 -0.020456454446075852 -4.0435745285923126 2.5864826759598367 5.2938334275006786 0.085956125366958458 0.0054255788505376606 0.052805269827054045 0.424301881890424 0.06209460987378037
leaf_weight=32 24 33 23 25 23 27 32 32 20 21 36 26 34 22 28 31 24 26 37 25 21 25 22 21 28 21 26 21 30 36 20 33 39 21 23 28 20 25 20 30 24 23 29 24 29 36 22 20 22 26 22
leaf_count=32 24 33 23 25 23 27 32 32 20 21 36 26 34 22 28 31 24 26 37 25 21 25 22 21 28 21 26 21 30 36 20 33 39 21 23 28 20 25 20 30 24 23 29 24 29 36 22 20 22 26 22
internal_value=0.000233918 -0.00112971 0.000966292 0.00158621 -0.000666667 0.000335196 -0.00231231 -0.00131148 0.00010989 0.0012 -0.00505618 0.00356322 0.00443709 0.000584795 0.000785498 0.000536278 -0.00060241 0.000553191 0.000153846 -0.00162791 -0.000239234 -0.000989011 -0.000186335 -0.00107914 -0.00340206 -0.000612245 0.00552 0.00178808 0.000582011 0.00380531 0.00194805 0.00169811 0.00285714 0.00103448 -0.00181818 0 -0.002 -0.004 0.00169231 -0.00548387 -0.00442623 0.00363636 -0.00245283 -0.00625 0.00676768 0.00538462 0.00527273 0.00291667 0.00377778 0.00478261 0.00395349
internal_weight=1368 478 890 145 90 716 333 244 182 150 89 174 151 684 662 634 332 235 130 86 209 182 161 139 97 49 125 302 189 113 77 159 126 87 44 118 70 50 65 62 61 44 53 48 99 65 55 48 45 46 43
internal_count=1368 478 890 145 90 716 333 244 182 150 89 174 151 684 662 634 332 235 130 86 209 182 161 139 97 49 125 302 189 113 77 159 126 87 44 118 70 50 65 62 61 44 53 48 99 65 55 48 45 46 43
is_linear=0
shrinkage=0.01


Tree=28
num_leaves=52
num_cat=0
split_feature=72 70 6 16 24 74 16 16 62 24 10 67 26 40 10 24 2 13 29 60 3 36 31 36 23 16 31 98 31 16 16 7 79 79 24 36 16 1 24 26 16 24 26 32 31 26 2 7 98 10 2
split_gain=10.832 10.4891 9.888 9.2795 7.84634 7.70618 11.0688 8.07065 7.03856 6.83795 6.27394 8.0598 10.2188 11.8116 8.13244 7.7381 7.19396 5.93086 10.0877 6.64424 6.40017 5.9351 5.83113 5.81319 9.70497 8.1 5.23682 5.08605 4.88175 6.50493 10.7156 9.93059 10.6624 10.24 9.90797 9.90362 7.69455 7.57403 7.43971 5.23857 12.0059 7.63477 9.44355 6.09282 4.98763 4.85728 4.43425 4.26087 3.66959 2.76923 1.51515
threshold=1502.0000000000002 1550.6085 3515.7950000000005 6644.2500000000009 4.4750000000000005 1172.0361875000001 5566.7500000000009 6573.3500000000013 1778.5500000000002 12.625000000000002 25823.050000000003 29270.350000000002 126.25000000000001 73.250000000000014 27472.000000000004 8.9250000000000025 2363.2000000000003 3840.1000000000008 92.750000000000014 1355.7645000000002 13671.150000000001 86.750000000000014 9.5250000000000021 85.750000000000014 99.750000000000014 5454.7000000000007 8.0750000000000028 0.56597222222222232 2.0250000000000004 6261.1000000000013 5816.6000000000013 26.950000000000006 658.83695237334121 608.61304059798761 7.625 84.250000000000014 5191.2500000000009 16347.600000000002 7.075000000000002 65.250000000000014 6615.7500000000009 8.6750000000000025 6.2500000000000009 137.25000000000003 7.3250000000000011 42.750000000000007 3358.8000000000006 22.710000000000004 0.17013888888888892 30576.450000000001 2709.3500000000004
decision_type=2 2 2 2 2 2 2 2 2 2 2 2 2 2 2 2 2 2 2 2 2 2 2 2 2 2 2 2 2 2 2 2 2 2 2 2 2 2 2 2 2 2 2 2 2 2 2 2 2 2 2
left_child=1 4 -3 17 5 6 -1 -8 26 27 -6 12 13 15 -13 -12 48 18 20 21 -2 -19 49 -21 25 -25 -5 -4 -18 30 31 35 33 36 -32 -30 37 -33 45 41 -41 -40 43 -43 -36 -31 50 -44 -16 -15 -22
right_child=3 2 9 8 10 -7 7 -9 -10 -11 11 14 -14 22 16 -17 28 19 -20 23 46 -23 -24 24 -26 -27 -28 -29 29 38 34 32 -34 -35 44 -37 -38 -39 39 40 -42 42 47 -45 -46 -47 -48 -49 -50 -51 -52
leaf_value=-0.041595722005902537 -0.0098772662483456938 -0.033597685303875212 4.6384904759077417 0.019005548240558442 -0.46546866545544502 2.1962255247217475 0.49012057686885657 0.0067836600487831576 -0.017829040578163164 -0.025869728586785989 2.659806870540967 0.52213339910748835 5.1483400343096655 -0.011496252118858541 -3.4432589261994444 0.031854306706340936 -0.52042248415705206 -4.9025234613869193 0.029672887262790146 0.10259538689999577 -2.4349574834796455 -0.013161794360787999 0.48369073615277586 -0.011764640878346926 -0.10251326517241963 0.091732210315954493 0.31729332399065685 1.5485872481744176 0.035050997610649462 -0.023742204565295851 -0.024212631236383852 0.14973022349343879 -0.21354628160132752 0.41207582186069852 5.6598819161009217 -3.8379411233395877 -0.30771001559875172 0.069878479609014749 -0.1591464780563657 -0.063936407533414855 0.059512310260073316 -0.023496264951493224 -0.0018986570121800822 0.047308877733404676 0.026798800429219588 -0.073977399060990559 -0.042562713351640621 -2.3179452213040519 -0.024776663797088743 -2.6300611282948556 -0.023379237910421142
leaf_weight=36 38 23 34 33 34 22 33 29 20 20 28 20 20 26 22 24 20 25 28 28 33 38 25 20 23 20 20 37 23 27 34 35 21 20 33 35 25 20 20 22 24 24 23 26 29 22 23 23 21 26 33
leaf_count=36 38 23 34 33 34 22 33 29 20 20 28 20 20 26 22 24 20 25 28 28 33 38 25 20 23 20 20 37 23 27 34 35 21 20 33 35 25 20 20 22 24 24 23 26 29 22 23 23 21 26 33
internal_value=0.000277778 0.000831643 0.00368421 -0.00115183 0.000458716 0.00283333 0.00163265 0.00419355 0.00205479 0.00516484 7.97872e-05 0.000278552 0.00234899 0.00131783 -0.00026362 0.005 -0.000491803 -0.00190939 -0.00329032 -0.000519481 -0.00448819 -0.00301587 -0.00116883 0.00120879 -0.00047619 0.0025 0.00396226 0.00661972 -0.000158103 4.11523e-05 0.00105455 -0.000391061 0.00123967 0.0026 0.00375 -0.0037931 0.001 0.00309091 -0.00127962 -0.000246914 0.0026087 -0.00137931 -0.000208333 0.0028 0.00612903 -0.00469388 -0.00595506 -0.00347826 -0.0044186 -0.00307692 -0.00727273
internal_weight=1368 986 114 382 872 120 98 62 73 91 752 718 149 129 569 52 549 309 155 154 127 63 77 91 63 40 53 71 506 486 275 179 121 100 96 58 80 55 211 162 46 116 96 50 62 49 89 46 43 52 66
internal_count=1368 986 114 382 872 120 98 62 73 91 752 718 149 129 569 52 549 309 155 154 127 63 77 91 63 40 53 71 506 486 275 179 121 100 96 58 80 55 211 162 46 116 96 50 62 49 89 46 43 52 66
is_linear=0
shrinkage=0.01


Tree=29
num_leaves=52
num_cat=0
split_feature=5 22 36 24 21 21 89 69 100 70 6 72 89 72 30 60 97 74 46 19 61 62 24 46 30 20 46 81 89 21 8 24 70 37 16 75 64 38 30 1 22 62 69 64 70 68 97 21 94 81 6
split_gain=11.4559 9.49088 9.41853 8.78385 8.729 17.6817 8.51584 8.52996 8.43739 10.5196 10.1317 9.37951 15.9114 7.97651 9.38043 8.56333 8.46825 8.16609 7.81489 7.77857 7.53725 7.07356 6.90987 9.39619 6.75 6.66667 6.12255 6.10203 5.91525 9.76667 9.89641 5.91252 5.82311 7.80726 7.65317 7.66501 5.72966 6.09058 5.72139 5.88035 7.37906 5.54113 5.27975 4.90667 4.11133 4.10801 5.76 3.51169 3.45513 2.75894 2.5
threshold=3507.1850000000004 58.250000000000007 85.750000000000014 9.9750000000000014 20.325000000000006 24.825000000000006 1342.5328312500001 31438.400000000005 0.78125000000000011 1072.3365000000001 11928.690000000002 1463.7500000000002 1153.4930062500002 1281.3185000000001 38.250000000000007 1508.2500000000002 0.48958333333333343 1218.0859479166668 105.90500259399415 1313.7500000000002 30086.100000000002 687.84250000000009 9.5750000000000011 102.7050018310547 93.250000000000014 538.40000000000009 103.564998626709 4079.4373639119744 1244.5121812500001 28.025000000000002 415.43671052631584 6.325000000000002 0.092500000000000013 45.250000000000007 4781.7000000000007 478.0589815176711 757.76300000000003 6.6750000000000016 57.250000000000007 13901.000000000002 87.750000000000014 1290.5500000000002 32159.950000000001 1442.4635000000003 0.89100000000000013 1499.9500000000003 0.26041666666666669 25.925000000000004 580920.63830156263 3921.3816844901007 2802.1850000000004
decision_type=2 2 2 2 2 2 2 2 2 2 2 2 2 2 2 2 2 2 2 2 2 2 2 2 2 2 2 2 2 2 2 2 2 2 2 2 2 2 2 2 2 2 2 2 2 2 2 2 2 2 2
left_child=4 26 13 8 22 45 18 -8 9 10 28 25 -13 17 -15 19 -17 32 20 24 -5 -22 23 -1 -16 -11 -2 -9 38 30 47 -27 -3 -34 -35 -36 -7 -38 -4 -40 -41 -21 -18 -24 -31 46 -6 -30 -19 -49 -25
right_child=1 2 3 6 5 36 7 27 -10 11 -12 12 -14 14 15 16 42 48 -20 41 21 -23 43 50 -26 31 -28 -29 29 44 -32 -33 33 34 35 -37 37 -39 39 40 -42 -43 -44 -45 -46 -47 -48 49 -50 -51 -52
leaf_value=0.76813433631462769 -2.6415531434626267 3.1474657281721705 1.4880580424986745 -1.6757795618849496 -0.010790969226644789 -0.0018796704420582814 0.41136085256318117 -6.736263439881534 0.089578186674736174 0.39796753863308354 0.019669875882865194 -0.77156857812871749 0.04281362255643039 -0.022085645042992843 -0.072616365945614533 1.3741027744406633 -0.0057294171885390391 3.459950267233967 -1.8771650718703186 -3.1009336142038615 -0.034569977545453601 0.5438455499403726 -2.1064551565526632 -4.3452632724090767 1.0669184705584212 1.4398574913583009 -0.00049618750170175472 0.0052170049350489904 -0.063063523946782468 -0.012065251596542521 0.0046467775716475639 5.3617979542237668 1.7335716655279425 1.2687909286404859 -1.6139249239544193 0.06982673631908981 -0.024417048870780802 -0.05272445210929378 0.18546755806525306 0.013612895032699371 -0.15947864668580949 -0.0094846896529654327 0.024194654711284191 -2.3753938000323207 1.0634582958723553 0.057627930979637261 0.08818561873978735 -2.2744898914588347 4.4138612816645608 -0.98337192558961928 -0.006218699844423514
leaf_weight=22 20 28 21 34 25 39 38 21 30 20 38 26 37 27 24 22 33 26 21 22 23 28 25 20 24 26 23 38 22 22 30 34 29 30 34 25 25 23 22 22 29 20 34 23 24 22 20 24 22 31 20
leaf_count=22 20 28 21 34 25 39 38 21 30 20 38 26 37 27 24 22 33 26 21 22 23 28 25 20 24 26 23 38 22 22 30 34 29 30 34 25 25 23 22 22 29 20 34 23 24 22 20 24 22 31 20
internal_value=0.000204678 0.000652174 0.000838831 0.0001059 -0.00166667 -0.00012987 -0.00162562 0.000515464 0.000873362 0.000514019 -0.000596491 0.00272727 -0.00015873 0.00205 0.000679612 0.00150838 0.00370787 0.00350515 -0.00358491 -0.000666667 -0.00223529 0.000196078 -0.00381818 -0.0016129 0.00208333 0.005 -0.00395349 -0.00186441 -0.00133603 -0.00254902 -0.00420561 0.00666667 0.00232877 0.00135593 -0.00011236 -0.00220339 -0.00310345 -0.00541667 0.000638298 -0.000684932 -0.00254902 -0.00380952 0.0019403 -0.00666667 0.00130435 0.00373134 0.002 -0.0061039 0.00708333 -0.00745455 -0.0045
internal_weight=1368 1104 1061 661 264 154 203 97 458 428 285 143 63 400 206 179 89 194 106 90 85 51 110 62 48 80 43 59 247 153 107 60 146 118 89 59 87 48 94 73 51 42 67 48 46 67 45 77 48 55 40
internal_count=1368 1104 1061 661 264 154 203 97 458 428 285 143 63 400 206 179 89 194 106 90 85 51 110 62 48 80 43 59 247 153 107 60 146 118 89 59 87 48 94 73 51 42 67 48 46 67 45 77 48 55 40
is_linear=0
shrinkage=0.01


Tree=30
num_leaves=53
num_cat=0
split_feature=51 29 19 26 80 20 24 8 72 63 10 13 40 66 45 46 37 42 45 29 69 24 79 69 31 74 78 92 31 4 68 78 63 36 37 20 31 43 31 13 66 31 26 44 43 11 44 31 4 74 20 29
split_gain=15.0971 8.90453 10.8919 10.2739 9.52204 7.88512 7.74879 11.9874 7.16408 9.44648 12.5414 10.7776 9.42857 10.2857 8.65515 6.97417 10.4235 6.93658 8.99521 7.83719 7.46208 6.88095 6.69234 6.44442 6.42722 10.6602 6.3 6.23939 6.91292 13.2 5.96471 9.34024 6.75984 11.4344 9.91589 6.49351 6.04926 5.37778 5.2106 5.18571 5.10284 7.35981 5.03704 4.95238 4.92513 4.83557 4.7305 4.14815 3.9058 3.19662 2.5 1.96609
threshold=1.0000000180025095e-35 80.750000000000014 2822.6000000000004 10.250000000000002 27150.282986111113 319.50000000000006 4.2250000000000005 415.85802275960174 1385.4050000000002 33319.400000000009 33541.400000000009 10182.600000000002 74.250000000000014 895.92400000000009 23450.500000000004 107.95000076293947 98.750000000000014 99.950000762939467 25247.500000000004 93.250000000000014 34974.700000000004 11.125000000000002 564.02824773877865 34149.30000000001 11.325000000000001 1088.8088958333335 793.655277777778 24137.828506250007 7.7750000000000012 3745.0950000000003 848.50000000000011 1701.2125208333334 29501.100000000002 85.250000000000014 74.750000000000014 1617.45 6.575000000000002 85.45999908447267 3.3250000000000006 8783.8000000000011 886.18300000000011 5.9750000000000005 21.250000000000004 3.245999932289124 75.974998474121108 36003.100000000006 3.1649999618530278 5.0750000000000011 6170.165 1037.5649270833335 365.00000000000006 87.750000000000014
decision_type=2 2 2 2 2 2 2 2 2 2 2 2 2 2 2 2 2 2 2 2 2 2 2 2 2 2 2 2 2 2 2 2 2 2 2 2 2 2 2 2 2 2 2 2 2 2 2 2 2 2 2 2
left_child=1 3 4 21 5 -3 7 48 9 10 12 40 -5 -14 -10 17 -17 19 23 24 -20 39 43 27 25 51 -25 28 38 -30 42 32 33 35 -35 -32 -34 -36 -19 -1 -12 -42 -29 -11 -22 -16 -2 -13 -6 -40 -27 -8
right_child=46 2 -4 8 6 -7 15 -9 14 22 11 47 13 -15 45 16 -18 18 20 -21 44 -23 -24 26 -26 50 -28 30 29 -31 31 -33 36 34 37 -37 -38 -39 49 -41 41 -43 -44 -45 -46 -47 -48 -49 -50 -51 -52 -53
leaf_value=-0.3658268572211727 -5.3817197974109696 0.039455831944596724 -0.79807121611860854 1.0269886084557687 1.4712147812489247 1.7981338840592518 0.086748208137991945 -0.004730094309962068 -1.3722635007668669 0.043361786024241115 3.875528456707598 0.038671093995180955 -0.27971489287216122 0.031840576839856624 -3.0361940477224603 0.64861142248567305 -0.36225575224915318 0.035707599447805473 2.2965252725861753 0.076091663978922267 -0.035011711176718946 -0.0017332838998547939 -0.033274091822759408 -0.00082177863138453505 0.04971171959716586 -1.451283115979922 -2.5708553850028579 -0.0026148981623400247 0.058158521281135592 -0.064888905943247865 1.4579180070870665 0.02513414624588171 -0.019745940991290314 -3.2090753656006554 -0.45741005970289722 0.011713498310223232 -0.069558714466464638 0.092952623639338233 0.044261096076026726 -3.7897279928502954 8.0567707234672437 -0.027776963281381146 5.6506386985848795 -1.1147285428231997 0.03060005943201068 0.0063539223166242621 -12.527262737781202 -0.032982118287626302 0.32630877695365174 1.966733762922332 -1.8717292130208165 -0.062267186231685159
leaf_weight=35 26 29 34 21 24 33 20 26 22 28 35 21 28 28 26 27 34 26 39 23 24 28 33 36 21 20 20 24 20 24 20 20 21 22 36 35 26 24 22 21 20 21 27 24 26 28 25 27 22 21 20 21
leaf_count=35 26 29 34 21 24 33 20 26 22 28 35 21 28 28 26 27 34 26 39 23 24 28 33 36 21 20 20 24 20 24 20 20 21 22 36 35 26 24 22 21 20 21 27 24 26 28 25 27 22 21 20 21
internal_value=4.39883e-05 0.000251333 0.000841984 -0.000896861 0.00106843 0.00483871 0.00076524 0.00388889 -0.000165746 0.000559441 0.00174129 0.00370968 -0.00142857 -0.00357143 -0.00289474 0.000443491 -0.00278689 0.000752351 0.00126706 -0.00136 0.0041573 -0.00404762 -0.00223529 0.000660377 -0.00254902 -0.00382716 -0.0025 0.0011413 0.00309735 0 0.00027451 -0.000490196 -0.00119565 -7.29927e-05 -0.00243902 0.00345455 -0.00446809 -0.000333333 0.00507246 -0.00607143 0.00605263 0.00365854 0.00333333 0 0.0016 -0.000740741 -0.00529412 0 0.00695652 0.0072093 -0.0075 -0.000243902
internal_weight=1364 1313 867 446 833 62 771 72 362 286 201 124 77 56 76 699 61 638 513 125 89 84 85 424 102 81 56 368 113 44 255 204 184 137 82 55 47 60 69 56 76 41 51 52 50 54 51 48 46 43 40 41
internal_count=1364 1313 867 446 833 62 771 72 362 286 201 124 77 56 76 699 61 638 513 125 89 84 85 424 102 81 56 368 113 44 255 204 184 137 82 55 47 60 69 56 76 41 51 52 50 54 51 48 46 43 40 41
is_linear=0
shrinkage=0.01


Tree=31
num_leaves=56
num_cat=0
split_feature=51 37 67 29 77 19 32 81 88 81 82 29 16 82 41 81 32 32 8 29 29 73 75 37 67 57 73 37 2 34 35 30 29 38 6 19 89 88 41 88 57 41 73 57 14 14 88 89 32 28 89 77 8 66 2
split_gain=14.8493 10.4277 8.25188 7.50614 7.31407 8.79701 7.35732 6.76987 8.53762 8.08898 7.05851 6.32268 8.4253 8.73995 7.0876 6.66599 10.8195 10.2336 7.51572 9.48718 9.86667 14.0806 7.4506 8.28872 8.12698 6.11073 13.6598 10.6668 9.23292 7.65631 6.37152 8.06873 6.15836 7.69619 6.09524 6.03188 10.4058 9.99717 8.46169 5.74052 6.16569 5.71429 5.56522 5.33333 5.25762 5.07937 5.02969 5.00961 4.35095 4.12208 3.73778 3.6 3.6 2.91382 0.9
threshold=1.0000000180025095e-35 16.250000000000004 22084.050000000003 61.750000000000007 4173.3842917748489 486.85000000000008 40.250000000000007 4271.1185818289323 10759.1775 4151.3369761662134 -27.700499999999973 84.750000000000014 6766.2500000000009 237.95000000000007 83.250000000000014 3888.9415635024466 81.250000000000014 58.750000000000007 413.37847744360909 87.250000000000014 88.750000000000014 1107.2235000000003 578.63263354438766 85.750000000000014 28908.350000000002 -0.22252093395631442 1383.5500000000004 95.750000000000014 3385.8720000000003 86.750000000000014 26.725000000000005 72.250000000000014 82.250000000000014 5.2250000000000005 5557.5000000000009 1953.5500000000004 992.45908124999994 4705.8225000000002 60.250000000000007 3840.8722916666661 -0.56174490092936669 78.750000000000014 1068.5770000000002 1.0000000180025095e-35 18322.750000000004 16268.6 3918.4875000000002 1444.05421875 261.75000000000006 31.625000000000004 1135.9893187500002 4455.4385061556086 411.59644736842114 1503.4000000000003 2897.1290000000004
decision_type=2 2 2 2 2 2 2 2 2 2 2 2 2 2 2 2 2 2 2 2 2 2 2 2 2 2 2 2 2 2 2 2 2 2 2 2 2 2 2 2 2 2 2 2 2 2 2 2 2 2 2 2 2 2 2
left_child=1 39 -3 49 11 51 -7 8 9 -8 -9 12 13 25 -15 22 17 42 45 -20 -21 -22 23 43 -25 26 27 47 30 -29 32 -32 33 -27 -26 37 -37 38 -12 -1 -41 -39 -17 -13 -14 -18 -2 -5 -33 -4 -47 -6 -35 -16 -42
right_child=46 2 3 4 5 6 7 10 -10 -11 35 15 44 14 53 16 18 -19 19 20 21 -23 -24 24 34 28 -28 29 -30 -31 31 48 -34 52 -36 36 -38 41 -40 40 54 -43 -44 -45 -46 50 -48 -49 -50 -51 -52 -53 -54 -55 -56
leaf_value=-0.0028546074275126406 -4.1722894605453824 0.072243938125062135 -0.75505007372815047 0.025256015118031702 -0.86152753788989345 -1.5849690318514571 -0.014299723049135134 -2.8482341172268537 0.016684776107871141 -4.5427079767570406 -0.32984441601954212 -0.48198937648478257 0.006311179724601699 3.0235086147373877 -0.52990834412137955 1.3170779086513971 2.8281516813469891 -0.24511639873827087 0.11174650265235921 -0.039629004497866049 1.8685810226476054 -0.010378892980404585 -0.17253067884513243 2.255358000349871 0.076127080798414987 0.94627568755424907 -0.50276727460246651 -0.94714784756961579 -0.067091428531163899 0.024947945854371538 0.0135234239566175 -2.2608294642266134 -0.56319305160790334 -0.023009208131519684 -0.013186861470274067 0.037279255809405297 -0.52911418734516436 2.6169897436949436 0.023883638195933407 0.56098390471341608 1.9740505782060715 0.04492318244652968 -0.024295623585442353 0.020517064432769457 0.062807163602022098 3.2812714628646757 -11.796819589150976 0.27376522767912748 -0.07221252565101606 -0.014176175451833802 0.044702552444126742 -0.035437149825637199 0.052834802740760585 0.27101392613511777 1.6068366990293816
leaf_weight=20 30 21 22 20 36 32 23 26 25 20 21 24 23 38 21 23 35 30 30 20 28 26 20 21 21 22 21 21 25 25 25 21 22 20 21 28 31 35 22 22 20 35 23 24 22 20 21 31 22 20 25 24 20 20 20
leaf_count=20 30 21 22 20 36 32 23 26 25 20 21 24 23 38 21 23 35 30 30 20 28 26 20 21 21 22 21 21 25 25 25 21 22 20 21 28 31 35 22 22 20 35 23 24 22 20 21 31 22 20 25 24 20 20 20
internal_value=0 0.000205636 -2.43704e-05 -0.000132231 1.71233e-05 -0.00117318 -0.000469799 7.5188e-05 -0.00264706 -0.00534884 0.0010101 0.00054321 -0.000310263 -0.000802139 0.0021519 0.0014578 0.00238462 -0.000789474 0.00369565 0.00192308 0 0.00222222 -0.000381679 0.000630631 0.00301587 -0.00159322 0.000169492 0.00175258 -0.00276836 -0.00173913 -0.00184211 -0.00411765 0 0.0016129 0.00047619 0.00174419 -0.000847458 0.00309735 -0.000697674 0.00365854 0.00516129 0.00542857 0.00217391 -0.0025 0.00377778 0.006 -0.00529412 0.00490196 -0.00674419 -0.00428571 0.00377778 -0.00466667 -0.001 -0.000731707 0.0075
internal_weight=1364 1313 1231 1210 1168 358 298 266 68 43 198 810 419 374 79 391 260 76 184 104 74 54 131 111 63 295 118 97 177 46 152 68 84 62 42 172 59 113 43 82 62 70 46 48 45 80 51 51 43 42 45 60 40 41 40
internal_count=1364 1313 1231 1210 1168 358 298 266 68 43 198 810 419 374 79 391 260 76 184 104 74 54 131 111 63 295 118 97 177 46 152 68 84 62 42 172 59 113 43 82 62 70 46 48 45 80 51 51 43 42 45 60 40 41 40
is_linear=0
shrinkage=0.01


Tree=32
num_leaves=50
num_cat=0
split_feature=11 69 67 67 68 33 87 93 58 67 67 14 31 67 76 75 65 23 25 69 45 23 87 68 32 33 58 100 86 38 69 69 70 65 58 19 75 37 31 64 79 82 76 65 11 75 7 65 31
split_gain=10.5612 13.2638 10.8584 7.59592 8.19899 11.2376 10.4097 9.69985 9.70342 9.57485 9.41374 11.1808 8.84353 8.65738 9.7512 7.79271 10.0682 7.51469 9.67471 6.91624 6.19862 6.57208 6.08081 8.41993 10.9047 9.15751 9.68581 6.19348 7.66104 10.6379 5.98917 5.56053 9.62866 8.03153 7.68345 7.51572 5.38905 5.31878 5.24869 5.18561 5.11924 4.81185 8.24176 4.79596 4.75426 4.40943 4.15385 3.95257 2.75627
threshold=30397.750000000004 25575.300000000003 24395.750000000004 38569.900000000009 1457.2285000000004 21.750000000000004 0.48958333333333343 418.4851315789474 -0.93301270189221919 28490.850000000002 35312.55000000001 13913.600000000002 9.8250000000000011 28115.800000000007 32994.703125000007 293.89003467245431 27914.050000000007 98.750000000000014 30.750000000000004 30839.600000000002 23792.500000000004 90.750000000000014 0.052083333333333336 243.90000000000003 89.750000000000014 195.25000000000003 -0.5 0.41319444444444448 0.060000000000000012 6.0750000000000011 33508.700000000004 35050.750000000007 0.8660000000000001 32763.550000000007 -0.6830127018922193 1333.2000000000003 228.08977771174327 82.750000000000014 12.475000000000001 969.09900000000005 544.36671051731616 100.50000000000001 29269.847916666669 30990.850000000002 37224.250000000007 112.01315862931951 112.98500000000001 33847.55000000001 5.6250000000000009
decision_type=2 2 2 2 2 2 2 2 2 2 2 2 2 2 2 2 2 2 2 2 2 2 2 2 2 2 2 2 2 2 2 2 2 2 2 2 2 2 2 2 2 2 2 2 2 2 2 2 2
left_child=1 -1 -2 4 6 19 9 8 -8 39 11 12 37 -13 46 16 -11 36 -19 -6 -21 -22 -17 25 38 26 44 28 -26 -30 -16 32 40 35 -34 -33 -18 48 -25 -4 -10 42 -3 -20 -24 -14 -15 -35 -7
right_child=2 41 3 -5 5 10 7 -9 31 15 -12 13 45 14 30 22 17 18 43 20 21 -23 23 24 27 -27 -28 -29 29 -31 -32 33 34 47 -36 -37 -38 -39 -40 -41 -42 -43 -44 -45 -46 -47 -48 -49 -50
leaf_value=4.5726924996444325 0.18991454715262579 0.037560137903535129 0.37290408140194176 -0.079370595385302348 0.015290999924518451 -0.02453504744397907 0.93792865313285545 0.3914330172556863 -0.014449370672578432 -0.28448957271295794 0.066824562259081399 -0.15145810087475939 -0.0080525160921625285 0.057520424525862035 0.026771891085749084 2.7827887879147255 3.920204929179643 1.4895264414291711 -0.040473404961851533 -2.6001234868488377 -3.64750863426057 -0.0061720592526622155 -0.0015290548679535478 2.1696226030469457 -4.2919874962248761 -0.031930171848239874 0.46539154328350024 0.058309763946238852 3.2520907867203932 -0.41558423836895209 -2.0255450780537361 0.56816997126964897 0.04425552691968547 -0.021517003896614133 -0.4674997252472845 -0.013883356161311644 -0.07243028379242826 -0.28794450460983601 -0.054550884265094128 3.0417830672973345 -0.07037866962637819 -10.126664557883144 -5.2164939463587068 -2.1268527141779012 5.2412492111210351 0.014882640148755432 0.011859022247261103 -0.0014805428231791096 -0.41900665283010458
leaf_weight=20 36 30 22 39 35 21 25 22 28 35 22 24 20 39 30 38 39 20 23 30 26 35 29 34 24 21 32 27 20 21 23 26 21 22 31 20 20 28 21 32 39 22 26 20 30 29 39 23 25
leaf_count=20 36 30 22 39 35 21 25 22 28 35 22 24 20 39 30 38 39 20 23 30 26 35 29 34 24 21 32 27 20 21 23 26 21 22 31 20 20 28 21 32 39 22 26 20 30 29 39 23 25
internal_value=-0.000102639 -0.00326531 0.00014218 -1.62602e-05 0.000125945 -0.000985915 0.000745098 -0.000894942 -0.00148936 0.0015748 6.66667e-05 -0.000431655 -0.00268293 0.00135484 0.00236641 0.00110132 -0.000700637 0.000655738 -0.00174603 -0.00349206 -0.00494505 -0.00311475 0.00205387 0.00150579 -6.80272e-05 0.00357143 0.00494505 -0.00217391 -0.00384615 -0.00121951 -0.000943396 -0.00219048 -0.00361345 -0.00032967 -0.000384615 0.0026087 0.00322034 -0.00486486 0.00345455 0.00555556 -0.0061194 -0.00512821 -0.00357143 -0.0044186 0.00254237 0.000612245 0.00461538 -0.00333333 -0.00695652
internal_weight=1364 98 1266 1230 1191 426 765 257 235 508 300 278 123 155 131 454 157 122 63 126 91 61 297 259 147 112 91 92 65 41 53 210 119 91 52 46 59 74 55 54 67 78 56 43 59 49 78 45 46
internal_count=1364 98 1266 1230 1191 426 765 257 235 508 300 278 123 155 131 454 157 122 63 126 91 61 297 259 147 112 91 92 65 41 53 210 119 91 52 46 59 74 55 54 67 78 56 43 59 49 78 45 46
is_linear=0
shrinkage=0.01


Tree=33
num_leaves=52
num_cat=0
split_feature=51 35 35 29 57 63 37 6 73 25 72 16 23 75 6 46 42 70 91 6 62 35 81 36 71 36 100 39 10 27 25 87 35 91 34 29 73 14 69 98 63 23 98 72 71 34 72 36 69 81 81
split_gain=15.347 9.84003 10.6448 8.96047 9.91679 9.18383 10.0901 8.43416 7.44546 6.96988 6.60033 7.4318 11.2034 8.04624 9.15346 8.58934 7.64162 8.61083 10.6959 8.38048 10.376 7.78451 9 7.75904 10.1983 8.43327 7.5169 7.47223 7.60509 12.2167 6.67133 13.2808 6.54193 6.5176 5.76908 5.68889 5.65385 5.50556 5.47439 5.41245 5.77795 5.25932 4.9 4.7305 4.2588 4.14815 4.12857 3.87923 3.77622 3.01467 2.25882
threshold=1.0000000180025095e-35 23.125000000000004 23.575000000000006 65.750000000000014 1.0000000180025095e-35 33780.05000000001 24.250000000000004 11255.450000000003 1016.9500000000002 36.750000000000007 1778.5500000000002 3788.6500000000005 99.750000000000014 713.82829721013024 1570.1900000000003 109.79000091552736 68.424999237060561 938.20000000000016 30726.665450000008 4643.3950000000013 1185.7330000000002 26.925000000000004 3969.6444526584942 85.250000000000014 394.50000000000006 86.750000000000014 0.35069444444444448 141.25000000000003 34082.250000000007 79.750000000000014 114.00000000000001 0.59375000000000011 26.125000000000004 28019.838793750001 79.750000000000014 89.750000000000014 630.86300000000017 21676.450000000004 31946.750000000004 0.47569444444444448 29399.350000000002 97.750000000000014 0.19791666666666671 1409.1010000000003 939.10900000000004 76.250000000000014 1429.8730000000003 80.250000000000014 28509.500000000004 4175.2337236371568 4301.2697515585432
decision_type=2 2 2 2 2 2 2 2 2 2 2 2 2 2 2 2 2 2 2 2 2 2 2 2 2 2 2 2 2 2 2 2 2 2 2 2 2 2 2 2 2 2 2 2 2 2 2 2 2 2 2
left_child=1 8 -3 4 45 10 -7 9 -1 -8 11 12 33 14 -13 16 -16 18 23 20 -19 22 -22 38 25 -25 -20 48 29 32 -27 -32 -29 -5 -11 -24 50 -9 -18 -12 -41 -26 -14 -2 -36 -4 -37 -42 -21 -30 -28
right_child=43 2 3 5 -6 6 7 37 -10 34 39 13 42 -15 15 -17 17 19 26 27 21 -23 35 24 41 30 36 28 49 -31 31 -33 -34 -35 44 46 -38 -39 -40 40 47 -43 -44 -45 -46 -47 -48 -49 -50 -51 -52
leaf_value=1.6898727140236958 -2.692826449836307 -0.90614139993110865 0.039163277493212849 -0.082306163189780734 -0.74729052070346003 1.8018865224215102 0.0058698506069160819 0.030141191684993549 0.0010192347326439301 -0.43274002990258964 -2.2087476206421646 -0.01506622132114422 -5.2051342580374191 0.067365343825633459 -0.33045609583591529 -0.10522782275792286 1.9568050394642629 2.4106869224400058 -0.023214672971606749 2.7561215020338383 0.03689596971383384 -0.036339045623197654 -0.15369880211208245 -0.4114283959852626 -0.32827618811838066 -1.0405926234146541 0.043153039229104316 -0.012736135873352339 4.1480270644657216 -0.73525810052268326 1.2375326022204896 -0.012904002248283175 3.3110588388820008 0.93370279206246243 -0.0087987281852240518 1.6602504888791674 0.0069529019546504612 -0.01997550365127659 -0.015919027782429693 0.028267336757948902 0.0036992886205204794 -4.8568768113995295 -5.7849697198835939 -12.617310077907057 -1.6996395182080075 -0.032404411969346743 -0.0033613186386522971 -0.023445374682094157 3.3355402344395864 1.7611917430965134 0.033185575337451693
leaf_weight=29 26 29 21 38 34 20 22 20 20 32 26 21 20 36 32 20 26 30 20 22 27 24 36 25 22 30 34 23 22 21 36 35 34 20 28 21 24 23 25 28 25 26 20 25 23 27 24 39 30 23 20
leaf_count=29 26 29 21 38 34 20 22 20 20 32 26 21 20 36 32 20 26 30 20 22 27 24 36 25 22 30 34 23 22 21 36 35 34 20 28 21 24 23 25 28 25 26 20 25 23 27 24 39 30 23 20
internal_value=8.79765e-05 0.00029703 0.000126582 0.000267206 -0.00292683 0.000494363 -0.00166667 -0.00256757 0.00469388 -0.00409524 0.000862944 0.00116494 -0.00142857 0.00149545 0.00126876 0.00146067 0.0016474 0.00187879 0.000712074 0.00299703 0.00135802 0.000151515 0.0012963 -0.000488889 -0.00149425 0 0.00346939 0.00451429 0.00317073 0.00128205 0.00128713 0.00295775 0.00368421 0.00137931 -0.00542169 -0.00037037 0.00487179 0.00116279 0.00294118 -0.00135593 -0.000217391 -0.00541667 -0.0055 -0.00529412 -0.00333333 0 0.002 -0.001875 0.00769231 0.00644444 0.00666667
internal_weight=1364 1313 1264 1235 82 1153 168 148 49 105 985 867 98 769 733 712 692 660 323 337 162 132 108 225 174 126 98 175 123 78 101 71 57 58 83 81 78 43 51 118 92 48 40 51 51 48 45 64 52 45 54
internal_count=1364 1313 1264 1235 82 1153 168 148 49 105 985 867 98 769 733 712 692 660 323 337 162 132 108 225 174 126 98 175 123 78 101 71 57 58 83 81 78 43 51 118 92 48 40 51 51 48 45 64 52 45 54
is_linear=0
shrinkage=0.01


Tree=34
num_leaves=54
num_cat=0
split_feature=51 29 24 46 63 0 7 93 3 26 26 46 3 93 11 78 32 20 35 20 66 35 94 94 0 67 10 63 36 34 59 20 20 3 5 94 70 7 24 2 89 38 88 62 2 3 69 0 3 66 65 27 10
split_gain=14.8493 8.19992 6.73348 6.43665 7.70149 6.5964 5.68011 7.72698 7.63385 7.29577 14.112 11.0601 7.62515 7.44011 7.45614 8.46561 7.41059 6.97906 7.0049 5.93853 8.10667 5.50846 6.08946 9.45136 6.79633 6.18082 7.32947 6.82512 11.9487 9.8747 9.69719 7.21879 8.04497 6.17622 6.07225 5.94665 6.32129 5.33445 5.19992 5.58072 5.06998 7.91967 4.95939 4.9 4.66368 4.63541 4.18856 3.58341 3.50303 3.33333 3.11688 3.04621 2.5
threshold=1.0000000180025095e-35 62.250000000000007 4.0250000000000012 105.27000045776369 30474.200000000004 35926.700000000004 1191.2500000000002 393.23111111111115 16642.289000000001 65.250000000000014 58.250000000000007 91.055000305175795 13329.600000000002 402.66105555555561 38498.400000000009 737.13989930555567 281.75000000000006 961.00000000000011 25.925000000000004 1295.2500000000002 1295.3840000000002 23.075000000000006 510980.00497031264 546697.86693625024 33727.55000000001 35312.55000000001 28038.050000000003 27880.800000000003 84.250000000000014 79.750000000000014 1.0000000180025095e-35 1715.6000000000001 2508.6500000000005 15901.815000000001 5629.1150000000007 685212.6293621877 1409.1010000000003 20.835000000000004 8.2250000000000014 2890.2000000000003 1097.4812062500002 7.625 6120.4277083333336 1487.2600000000002 2937.2380000000007 14403.85 27476.200000000004 32159.950000000001 14018.950000000003 1486.5455000000002 28419.700000000001 79.250000000000014 30168.850000000002
decision_type=2 2 2 2 2 2 2 2 2 2 2 2 2 2 2 2 2 2 2 2 2 2 2 2 2 2 2 2 2 2 2 2 2 2 2 2 2 2 2 2 2 2 2 2 2 2 2 2 2 2 2 2 2
left_child=1 45 3 4 42 -6 7 -4 9 10 11 52 46 -14 19 -16 21 18 -8 20 -15 -13 24 44 43 26 34 28 48 31 35 47 -33 -26 -25 36 -31 -2 -20 -40 -19 51 -3 -23 -24 -1 -11 50 -28 -30 -29 -42 -9
right_child=37 2 6 -5 5 -7 17 8 -10 12 -12 16 13 14 15 -17 -18 40 38 -21 -22 22 23 25 33 -27 27 29 49 30 -32 32 -34 -35 -36 -37 -38 -39 39 -41 41 -43 -44 -45 -46 -47 -48 -49 -50 -51 -52 -53 -54
leaf_value=-0.2435749628000754 -2.2159054156156297 0.0095856133356047139 -0.99033738404185445 0.069414698905866989 -0.21847384774735443 0.017043526473173982 1.2977211582574892 -1.1395302493470993 -0.039094948026995022 1.091179781366485 -0.40616459697652602 0.86585532743278437 2.3994010005889379 -0.6435304995456288 -0.0066065888704088943 1.1719784316702302 -0.043742697275009429 -0.9359731674111208 -0.064032747293597522 0.05647892622302738 0.0008702184512487921 -2.0489631149227856 0.82558550521805441 0.1088927988816836 0.27407798261507138 0.023829241332383427 2.7623272151262586 -0.020212353861201252 -0.14324825956182932 0.025698173023740251 1.3059389166191355 0.056006723953608541 -0.6459202406534067 -0.47116197405166094 1.6474557877381852 -1.5072710320790084 -0.015176372684947474 -11.300920021304767 -1.2060585452861756 1.1968987344666946 -0.14604049469177346 0.011677207136616612 1.4134929766505928 -0.010924871039340379 0.94539678896771207 -0.0074139257104358239 1.3790144628701508 -0.011993934153604771 0.04951109762789202 0.010517363383377467 -0.042505093399440065 -0.078377134394936543 -1.9665881749757512
leaf_weight=25 21 31 32 23 22 21 20 20 36 24 26 30 29 25 27 21 25 39 20 20 32 20 36 29 30 35 20 22 30 29 21 23 22 27 21 23 26 30 21 20 22 37 20 20 25 26 31 20 24 24 20 21 20
leaf_count=25 21 31 32 23 22 21 20 20 36 24 26 30 29 25 27 21 25 39 20 20 32 20 36 29 30 35 20 22 30 29 21 23 22 27 21 23 26 30 21 20 22 37 20 20 25 26 31 20 24 24 20 21 20
internal_value=0 0.000205636 0.000364501 0.00264957 0.00148936 -0.00162791 0.000131004 0.000455026 0.000624315 0.000809578 0.000299401 0.0005919 0.00244019 0.0012987 0.00024 0.00333333 0.000930233 -0.0014 0.000864198 -0.00168831 -0.00333333 0.00116118 0.000932358 0.00142222 -0.00134021 0.000848329 0.000451977 -0.000131579 0.00204082 -0.00116505 0.00111111 -0.00327103 -0.000222222 0.000877193 0.004 -0.000512821 0.00127273 -0.00529412 -0.000819672 0.00121951 -0.00294118 -0.0015 0.00411765 -0.0045 0.00508197 -0.00372549 0.00563636 -0.00548387 0.00590909 -0.00111111 -0.00714286 -0.0044186 -0.0045
internal_weight=1364 1313 1262 117 94 43 1145 945 913 877 668 642 209 154 125 48 602 200 81 77 57 577 547 450 97 389 354 304 98 206 99 107 45 57 50 78 55 51 61 41 119 80 51 40 61 51 55 62 44 54 42 43 40
internal_count=1364 1313 1262 117 94 43 1145 945 913 877 668 642 209 154 125 48 602 200 81 77 57 577 547 450 97 389 354 304 98 206 99 107 45 57 50 78 55 51 61 41 119 80 51 40 61 51 55 62 44 54 42 43 40
is_linear=0
shrinkage=0.01


Tree=35
num_leaves=52
num_cat=0
split_feature=51 80 79 79 13 7 56 4 75 92 22 0 77 81 65 27 24 38 65 32 23 21 24 57 79 5 64 13 32 28 0 13 5 24 40 32 20 17 23 0 64 33 76 32 21 77 17 17 28 40 4
split_gain=10.1389 7.4626 7.3903 9.923 7.33 7.08338 6.4556 8.00902 7.61905 7.48638 10.0573 8.55737 7.18799 9.13788 8.71448 6.99695 6.88449 8.2305 6.1761 6.30453 9.72391 6.20269 7.07494 5.98086 5.75267 5.29888 7.1354 8.6674 7.13169 6.13131 5.72727 6.68571 9.10364 5.65411 5.14795 8.83636 5.04086 5.43763 4.8302 5.88083 4.4946 4.4853 5.05103 4.47884 4.26968 4.26667 3.66959 3.6 3.39261 3.26667 1.74545
threshold=1.0000000180025095e-35 40567.280902777784 710.147552981986 678.32803238565305 1266.2500000000002 20.835000000000004 0.87837969732492682 7499.920000000001 426.892120525297 23828.537243750008 91.750000000000014 35478.250000000007 4164.58518917739 3855.2648366648177 32945.500000000007 115.75000000000001 10.675000000000002 6.9250000000000016 28825.900000000005 102.25000000000001 86.250000000000014 28.825000000000006 4.1750000000000016 1.0000000180025095e-35 590.79706133312391 9242.5400000000027 1001.3865000000002 6600.5000000000009 69.750000000000014 25.675000000000004 31762.350000000002 4481.8000000000011 4114.2050000000008 11.475000000000001 79.750000000000014 148.25000000000003 1196.8000000000004 118.10000000000001 84.750000000000014 31984.200000000004 1490.3000000000002 73.000000000000014 33625.94062500001 247.75000000000003 24.775000000000002 3774.751380591676 37.45000000000001 88.40000000000002 29.775000000000002 77.750000000000014 8098.6450000000013
decision_type=2 2 2 2 2 2 2 2 2 2 2 2 2 2 2 2 2 2 2 2 2 2 2 2 2 2 2 2 2 2 2 2 2 2 2 2 2 2 2 2 2 2 2 2 2 2 2 2 2 2 2
left_child=1 2 3 4 34 -2 9 38 -9 10 11 12 13 -6 24 18 17 -13 21 -20 -21 22 46 50 -14 26 28 30 -24 -30 31 32 47 43 -1 -36 37 -4 -8 -40 -34 -22 -43 -31 -5 -12 -11 -28 -3 -47 -15
right_child=5 48 36 44 6 -7 7 8 -10 15 45 16 14 23 -16 -17 -18 -19 19 20 41 -23 25 -25 -26 -27 27 -29 29 33 -32 -33 40 -35 35 -37 -38 -39 39 -41 -42 42 -44 -45 -46 49 -48 -49 -50 -51 -52
leaf_value=-0.26970620921750871 -0.94723736645207413 -0.019754513455753499 0.024841013407495369 0.10358981513329538 -0.0011653906947056922 -10.684889357462135 -0.84883820529560672 3.2597350340246676 -0.0098379681868354298 0.92439310147077525 0.0021037969947592487 -0.032250803114385017 0.0048588114848442821 2.096194802294213 0.041619694723225104 -0.69507647719568799 -1.4317957998884345 0.062036605997978909 -2.1554692185276911 2.3147733106045156 0.0026430215896772902 1.3549020448636764 -2.6247849307264643 0.39055146138902774 -0.17849575521341593 0.178032178920704 0.020976954188752974 -0.17540961229153315 0.10248116693064617 -1.1585301610102947 -0.0073814539521596849 0.59477075547685387 -0.69317276290280871 -1.6225014910861439 0.026132861559677371 -0.03522418046075098 -1.2823311337956964 -0.037985452879039178 -0.13223622735462953 0.0081995228038617696 0.013692432444187004 -0.0088292015091745273 -3.9089032672043538 0.015725816374487146 0.02400483816666955 0.79891101313542368 0.9951647337249262 1.6934286833906875 -0.31623357072655472 0.36477900826621179 0.69822304860407114
leaf_weight=24 22 25 20 25 37 31 30 21 35 21 20 39 31 20 26 30 25 28 34 27 25 24 25 32 22 28 20 25 33 39 28 35 25 20 20 24 27 21 23 35 26 24 23 20 33 30 22 20 23 30 24
leaf_count=24 22 25 20 25 37 31 30 21 35 21 20 39 31 20 26 30 25 28 34 27 25 24 25 32 22 28 20 25 33 39 28 35 25 20 20 24 27 21 23 35 26 24 23 20 33 30 22 20 23 30 24
internal_value=-5.08351e-05 0.000120846 0.000266458 0.00044702 0.000243478 -0.00433962 0.000443623 -0.00152778 0.00142857 0.000746269 0.00186813 0.000985915 0.0021875 0.00380531 -0.000126582 3.48432e-05 -0.00152174 0.000149254 0.000294118 -0.00157895 -0.00030303 0.000900243 0.000594315 0.00578947 -0.00245283 0.000116279 -0.000253165 0.00106145 -0.0019708 -0.000892857 0.00194805 0.00285714 0.00142857 -0.00240506 -0.00294118 -0.000909091 -0.00294118 -0.000731707 -0.00340909 -0.00172414 -0.00137255 -0.00222222 -0.00404255 -0.000847458 0.00448276 0.005 0.0044186 0.005 -0.00375 0.00633333 0.00818182
internal_weight=1377 1324 1276 1208 1150 53 1082 144 56 938 364 284 192 113 79 574 92 67 544 133 99 411 387 76 53 344 316 179 137 112 154 126 91 79 68 44 68 41 88 58 51 72 47 59 58 80 43 40 48 60 44
internal_count=1377 1324 1276 1208 1150 53 1082 144 56 938 364 284 192 113 79 574 92 67 544 133 99 411 387 76 53 344 316 179 137 112 154 126 91 79 68 44 68 41 88 58 51 72 47 59 58 80 43 40 48 60 44
is_linear=0
shrinkage=0.01


Tree=36
num_leaves=53
num_cat=0
split_feature=10 37 37 68 16 100 26 33 82 26 37 16 2 86 28 94 33 88 36 28 16 60 100 21 77 94 87 36 82 16 56 65 65 31 98 67 2 43 97 82 16 65 21 82 34 0 19 44 8 17 31 0
split_gain=13.0609 10.8682 10.3776 9.84569 7.42583 8.39856 7.61938 10.4692 7.31216 7.30022 7.18874 7.1815 12.6873 11.8587 11.5494 10.052 11.1195 9.14636 12.5936 9.43552 8.35411 8.93272 7.13405 8.5831 6.81032 11.3543 6.76119 13.2 10.7071 6.90138 7.49569 6.30233 8.25878 6.25103 5.83886 5.57539 5.36508 5.19201 5.09827 5.06278 5.68052 4.87625 4.83025 3.91455 3.6 3.56166 3.50061 3.42857 2.99688 2.91212 2.5 0.942857
threshold=26091.500000000004 11.250000000000002 63.750000000000007 1014.7880000000001 7172.0500000000002 0.14236111111111113 2.7500000000000004 99.000000000000014 1397.0500000000004 38.250000000000007 99.750000000000014 6611.2500000000009 2988.8235000000004 1.0080000000000002 21.075000000000006 898552.68867281277 127.25000000000001 7840.0958333333356 79.750000000000014 25.525000000000002 7093.2500000000009 1236.3805000000002 0.37152777777777785 27.075000000000006 4389.4608435773489 681874.88841281272 0.46875000000000006 89.750000000000014 -16.875499999999985 6317.8000000000011 -1.0000000180025095e-35 26666.400000000005 28235.150000000005 8.4250000000000025 0.30208333333333343 30476.300000000007 2618.6500000000005 73.514999389648452 0.30208333333333343 177.1700000000001 4097.0000000000009 33751.30000000001 25.725000000000005 -1.0000000180025095e-35 53.750000000000007 33090.600000000013 1107.6000000000001 2.7055000066757207 411.4138003095976 77.000000000000014 4.6750000000000016 32159.950000000001
decision_type=2 2 2 2 2 2 2 2 2 2 2 2 2 2 2 2 2 2 2 2 2 2 2 2 2 2 2 2 2 2 2 2 2 2 2 2 2 2 2 2 2 2 2 2 2 2 2 2 2 2 2 2
left_child=3 37 4 -1 5 6 36 -8 11 10 -10 12 14 26 -4 16 17 18 -16 33 21 22 -13 -24 25 38 27 28 -14 30 -28 -18 -33 -20 50 -19 -3 -2 43 40 -5 -22 -37 -7 -35 -30 -32 -39 -27 -15 -34 -38
right_child=1 2 8 39 -6 24 7 -9 9 -11 -12 20 13 49 15 -17 31 35 19 -21 41 -23 23 -25 -26 48 29 -29 45 -31 46 32 34 44 -36 42 51 47 -40 -41 -42 -43 -44 -45 -46 -47 -48 -49 -50 -51 -52 -53
leaf_value=0.59622493240845087 0.0056051642409679992 -0.16577134700102458 -0.60642009317028212 0.16138382643325472 1.7398260747785077 0.057688178691498497 0.045626291057245423 -0.10020362672172044 0.10255391698196242 1.3768096198515523 -2.5296031818399802 -0.70466299298325275 -0.033107051475038798 -0.43918530182815874 0.13472096285165272 -0.19689686135164178 0.41312218648635624 0.5762663921406127 0.052880614906872681 -1.893514304504488 0.011555367135858807 0.46034370166718525 2.2273070330276221 0.0058105136513396825 -0.13919138892122096 -1.2412201069364615 0.0023286938854801607 -0.73626073407488701 0.68823254236656062 0.011557336591680865 -4.2930481786280534 -0.079519503793037391 0.015130927904411227 0.0009060671987212932 0.093640711119231973 -0.024638043750086089 -0.44441864210253634 0.022555050767726636 5.4667516269114529 -5.0057937758458948 -2.1842935551656133 -1.9467017610578006 0.044081644565334435 -0.019926397786745837 -2.1043661127193793 4.9303922441120465 -4.4986237886880476 3.8577019786226767 -0.0037685359539122542 -0.15709200366118103 1.273736743979484 -0.3803417271300637
leaf_weight=23 20 21 32 20 27 29 32 38 29 39 20 23 23 20 38 24 26 38 22 39 26 35 23 33 33 21 23 30 21 28 25 32 20 20 27 24 20 21 21 38 22 23 23 24 20 22 30 21 22 24 20 22
leaf_count=23 20 21 32 20 27 29 32 38 29 39 20 23 23 20 38 24 26 38 22 39 26 35 23 33 33 21 23 30 21 28 25 32 20 20 27 24 20 21 21 38 22 23 23 24 20 22 30 21 22 24 20 22
internal_value=-0.00016703 0.00010989 -9.90099e-05 -0.00359223 -0.00167742 -0.00215548 -0.00398496 -0.00171429 0.000443459 0.00318182 0.000612245 0.00014742 -0.000322581 -0.00211382 0.000765432 0.00126005 0.00169054 0.000357143 -0.00122302 -0.00306931 0.00202454 0.00350877 0.00164557 0.00357143 -0.000533333 0.000598291 -0.00108911 0.000833333 0.00333333 -0.00283019 -0.00435897 0.00408 0.00292929 -0.000645161 0.00492537 0.00294118 -0.00650794 0.00419355 0.00297297 -0.00525 -0.00285714 -0.00142857 0.000638298 0.00132075 -0.003 0.00627907 -0.00636364 0.00619048 -0.00348837 -0.00681818 0.0025 -0.00857143
internal_weight=1377 1274 1212 103 310 283 133 70 902 88 49 814 651 246 405 373 349 224 139 101 163 114 79 56 150 117 202 96 66 106 78 125 99 62 67 85 63 62 74 80 42 49 47 53 40 43 55 42 43 44 40 42
internal_count=1377 1274 1212 103 310 283 133 70 902 88 49 814 651 246 405 373 349 224 139 101 163 114 79 56 150 117 202 96 66 106 78 125 99 62 67 85 63 62 74 80 42 49 47 53 40 43 55 42 43 44 40 42
is_linear=0
shrinkage=0.01


Tree=37
num_leaves=52
num_cat=0
split_feature=72 51 4 43 78 5 63 83 92 88 1 4 77 82 31 83 64 34 26 16 41 2 19 31 72 60 30 7 62 43 7 41 41 41 31 5 66 39 30 92 14 34 5 22 74 65 5 94 94 87 82
split_gain=12.7899 16.2514 11.8509 12.3177 12.9373 17.3204 11.7665 10.4857 9.57733 9.40473 8.92857 8.65036 8.26536 7.36373 11.5164 8.98246 12.7934 7.28338 7.42712 9.56858 7.9872 7.51486 7.08376 7.03657 6.96322 9.63085 10.6861 9.10228 8.29697 8.75758 7.57576 7.2 9.87429 6.57678 7.79189 8.4 6.56898 6.05945 5.73766 5.18443 6.12245 5.14011 4.92308 4.69353 6.55325 4.55477 3.83325 3.64804 3.34495 3.25952 2.0751
threshold=951.00000000000011 1.0000000180025095e-35 3317.5200000000004 69.290000915527358 1367.4134479166671 2812.5350000000003 33425.750000000007 3021.4000000000001 20827.786243750004 4615.8452083333341 16059.150000000001 17082.880000000001 4087.1066806711269 209.10000000000005 5.8750000000000009 1515.4000000000017 1041.7850000000001 97.750000000000014 94.750000000000014 6813.8500000000013 82.250000000000014 2546.4915000000005 1403.3500000000001 4.0750000000000011 1772.5000000000002 1156.6450000000002 55.750000000000007 379.48500000000007 1.0540000000000003 69.604999542236342 917.5250000000002 75.750000000000014 61.250000000000007 95.250000000000014 3.8750000000000004 4236.6250000000009 1217.7505000000003 179.25000000000003 96.750000000000014 23608.204175000006 14914.200000000003 79.750000000000014 6440.6050000000005 82.250000000000014 1324.2724270833335 28585.550000000007 4026.2100000000005 739195.99153062527 680476.27213375026 0.30208333333333343 -0.058500000000000045
decision_type=2 2 2 2 2 2 2 2 2 2 2 2 2 2 2 2 2 2 2 2 2 2 2 2 2 2 2 2 2 2 2 2 2 2 2 2 2 2 2 2 2 2 2 2 2 2 2 2 2 2 2
left_child=6 2 3 41 5 -5 8 9 -1 43 12 33 -6 14 23 -15 -17 18 19 21 -20 -16 -14 37 25 28 -27 31 30 -30 -11 32 -28 34 -8 -36 -7 45 -39 -25 -41 -2 -26 -4 -45 -10 -38 49 -3 -23 -31
right_child=1 48 7 4 10 36 11 -9 13 24 -12 -13 22 15 17 16 -18 -19 20 -21 -22 47 -24 39 42 26 27 -29 29 50 -32 -33 -34 -35 35 -37 46 38 -40 40 -42 -43 -44 44 -46 -47 -48 -49 -50 -51 -52
leaf_value=0.36309862140347338 -0.82793562006934651 -11.195446982011481 -2.7071930937397561 -0.01294083734949552 0.035016846609479541 0.2835154316543429 -0.036365724411762682 0.9967794158989276 5.0736277749132519 -0.68262210549231894 -0.043894946016057243 0.049093538907031643 -0.029334731511098857 5.1143802724746426 0.77634534840632963 -2.7728719975585552 4.756792971063418 -0.11323604960885598 -0.00048393034791560419 0.024289739470811301 3.3485310133433952 -0.10736390466854706 0.01399045324794904 0.9123423416532469 -0.020290645241078355 -0.069003454111870394 1.1617627377874507 -0.023250960042865011 -0.0037090561352612064 -3.997152997764498 0.09271949802676796 0.5895383351672322 -0.012493817061028412 -0.11937050763582345 -0.037628885289103589 0.0091151711058863171 2.2019640403400844 -0.12564520107535887 1.4639610744424014 5.2967725682876754 -0.00044056066880779788 0.031530350410984488 -1.9370165484918902 0.014974397842384865 -0.12470772931407961 0.00014003875222862671 1.3507083448607109 -1.1044435243271091 -8.8662726833724861 -0.018298510013429806 -3.7354655317208683
leaf_weight=22 38 20 36 22 37 28 25 21 27 24 24 36 23 29 25 23 30 38 23 27 21 20 21 27 26 36 25 37 22 23 20 30 35 31 21 35 38 35 20 21 28 20 26 22 20 20 29 20 21 28 21
leaf_count=22 38 20 36 22 37 28 25 21 27 24 24 36 23 29 25 23 30 38 23 27 21 20 21 27 26 36 25 37 22 23 20 30 35 31 21 35 38 35 20 21 28 20 26 22 20 20 29 20 21 28 21
internal_value=-6.53595e-05 -0.00095302 -0.000596591 0.001 0.00207207 0.00435897 0.000981013 -0.00165094 0.00173554 -0.00200993 -0.00047619 -0.00148649 0.00111111 0.00142857 0.000842105 0.00414634 0.00169811 -0.000792079 0.000121951 -0.00116667 0.00363636 -0.00268817 -0.00181818 0.00269663 -0.00126154 -0.000622711 0.000920245 0.00228346 -0.00290909 -0.00515152 0.000454545 0.004 0.002 -0.00285714 -0.00135802 0.000714286 0.00621053 0.000980392 -0.00127273 0.005 0.00306122 -0.00310345 -0.00461538 -0.00512821 -0.00285714 0.00361702 0.00791045 -0.00441176 -0.00707317 -0.00291667 -0.00772727
internal_weight=1377 745 704 280 222 117 632 424 484 403 105 148 81 462 380 82 53 202 164 120 44 93 44 178 325 273 163 127 110 66 44 90 60 112 81 56 95 102 55 76 49 58 52 78 42 47 67 68 41 48 44
internal_count=1377 745 704 280 222 117 632 424 484 403 105 148 81 462 380 82 53 202 164 120 44 93 44 178 325 273 163 127 110 66 44 90 60 112 81 56 95 102 55 76 49 58 52 78 42 47 67 68 41 48 44
is_linear=0
shrinkage=0.01


Tree=38
num_leaves=53
num_cat=0
split_feature=68 39 46 19 0 65 92 81 7 8 39 4 4 33 33 19 39 56 29 25 34 2 88 79 39 66 30 29 39 66 83 88 64 13 24 39 7 76 2 2 33 24 93 6 95 2 19 6 39 68 30 39
split_gain=10.793 13.1495 9.24519 8.56562 10.935 8.53821 8.08837 8.28105 7.86601 8.4279 8.08612 12.4531 6.91848 6.83479 8.60444 7.11981 6.7977 6.74386 8.76956 14.244 12.3169 9.52119 7.62597 8.80051 7.05647 6.69462 6.31407 6.63552 6.08923 5.78659 5.73644 9.49091 10.7926 7.14973 6.35368 7.9021 5.80501 5.56522 5.4883 5.41799 5.35895 5.34066 5.09567 5.28244 7.19462 8.14267 4.86631 7.05833 3.6 3.51334 3.28205 2.65947
threshold=1447.9335000000003 147.25000000000003 92.720001220703139 420.55000000000001 31551.150000000005 33434.250000000007 24310.100375000005 4600.2688226511227 563.31500000000017 421.18381578947373 142.75000000000003 3868.2550000000006 17082.880000000001 21.750000000000004 42.250000000000007 2335.4500000000003 115.75000000000001 0.87837969732492682 85.750000000000014 102.75000000000001 71.250000000000014 3030.3895000000007 9175.5043750000004 423.65714810405308 201.75000000000003 1467.0000000000002 30.750000000000004 84.750000000000014 207.75000000000003 1355.7645000000002 2424.700000000003 9221.1835416666672 965.69150000000013 4481.8000000000011 5.4250000000000016 116.75000000000001 72.165000000000006 32758.548958333336 3520.8110000000001 2834.1500000000005 167.75000000000003 7.7250000000000005 402.89312698412704 11126.720000000003 1.0000000180025095e-35 3296.9835000000007 1170.0500000000002 7904.005000000001 178.75000000000003 0.10200000000000002 91.750000000000014 183.75000000000003
decision_type=2 2 2 2 2 2 2 2 2 2 2 2 2 2 2 2 2 2 2 2 2 2 2 2 2 2 2 2 2 2 2 2 2 2 2 2 2 2 2 2 2 2 2 2 2 2 2 2 2 2 2 2
left_child=1 30 -2 4 -4 6 7 42 9 13 11 -11 38 15 -15 25 -16 18 19 50 -21 24 23 -20 -22 -5 -18 28 -28 -10 31 32 41 34 -34 -36 -32 -29 40 -37 49 -1 -3 44 45 46 47 -44 -12 -7 -8 -6
right_child=2 5 3 8 51 12 17 -9 29 10 48 -13 -14 14 16 -17 26 -19 22 20 21 -23 -24 -25 -26 -27 27 37 -30 -31 36 -33 33 -35 35 39 -38 -39 -40 -41 -42 -43 43 -45 -46 -47 -48 -49 -50 -51 -52 -53
leaf_value=0.01282248749502944 -1.8008510391257568 2.6880475136922524 -0.61915880478161112 0.019044730239057884 0.055772859539100716 -0.037252596436212551 -1.0826798231626884 0.41357180552422373 -0.94415909955665145 0.042276457185997228 0.068608514721401365 -1.5986270848620863 0.048602603517961321 0.020575977532652136 -2.6811489626273879 -2.0707722780734379 -0.017814425340169575 -0.24948301456405489 0.010530259664719637 1.4791219368082935 0.014229129491842818 0.058358970586989883 -0.046611529146999307 1.438228811016184 -0.23405532090906817 -1.9071727743809219 0.06419156997341291 0.029243841537250563 -0.018015887963596818 -2.2896199864952154 -0.34529645327286351 4.4369350103291776 3.9204452779552379 3.4246923545593528 -0.68603736568922502 3.0125993281995567 0.067573085257405061 -0.0015478961827307626 -0.0062852476757015927 0.0057089155261860428 -0.46207310305239513 -0.87871932822183241 -1.279529742620918 0.036871201156557405 3.5813027520127743 -0.11270980506518076 0.037381658096921525 0.012118153302263266 0.0092269209274899022 0.0052878126282955929 -0.27390914704812835 0.099468824808660802
leaf_weight=28 30 20 29 25 21 29 26 20 27 32 20 23 24 30 21 23 34 21 26 27 27 32 21 24 38 22 20 23 29 26 24 28 25 35 25 21 27 23 34 27 31 24 28 24 31 26 26 32 20 24 24 20
leaf_count=28 30 20 29 25 21 29 26 20 27 32 20 23 24 30 21 23 34 21 26 27 27 32 21 24 38 22 20 23 29 26 24 28 25 35 25 21 27 23 34 27 31 24 28 24 31 26 26 32 20 24 24 20
internal_value=-0.000108932 0.000557452 -0.00128514 -0.000940171 0.00228571 -0.000243902 0.000401691 0.00188406 -0.00150754 -0.000956522 0.00157895 -0.000909091 -0.00239437 -0.00192 -0.000888889 -0.00457143 -0.00186667 -0.00075188 -0.000285714 -0.00149425 0.000322581 -0.00134021 0.00267606 0.0048 -0.00353846 -0.00234043 -0.00100775 0.000315789 -0.0022449 -0.00509434 0.00242424 0.00314554 0.00232432 0.00383459 0.00244898 0.000958904 -0.000588235 0.00304348 -0.00338983 0.00333333 -0.0047619 -0.00153846 0.00122995 0.000658683 -6.99301e-05 -0.00125 0.000232558 -0.00133333 0.005 -0.00283019 -0.006 0.00560976
internal_weight=1377 879 498 468 70 615 473 207 398 345 95 55 142 250 180 70 150 266 245 174 124 97 71 50 65 47 129 95 49 53 264 213 185 133 98 73 51 46 118 48 84 52 187 167 143 112 86 60 40 53 50 41
internal_count=1377 879 498 468 70 615 473 207 398 345 95 55 142 250 180 70 150 266 245 174 124 97 71 50 65 47 129 95 49 53 264 213 185 133 98 73 51 46 118 48 84 52 187 167 143 112 86 60 40 53 50 41
is_linear=0
shrinkage=0.01


Tree=39
num_leaves=52
num_cat=0
split_feature=14 1 61 60 14 27 61 63 78 78 20 63 39 14 33 1 20 34 14 7 34 46 94 94 42 76 14 43 97 31 66 76 39 1 58 42 34 40 66 34 88 34 90 37 82 1 71 36 45 43 7
split_gain=9.93068 8.72324 11.6605 7.62088 11.7062 9.30978 8.85916 8.06515 9.29475 13.0277 12.0383 12.863 8.49265 11.1267 11.014 9.92738 8.95442 9.25137 7.96769 10.6499 9.87218 9.70613 9.42465 7.7918 7.59216 7.44131 7.33606 6.60186 6.07236 5.63316 5.45813 5.66334 8.5565 5.42625 5.41023 6.69394 4.70436 4.49119 4.20234 4.02042 3.91841 3.67984 3.53103 3.37931 3.37667 5.55789 3.31813 3.07507 2.8513 2.84078 2.5
threshold=10382.700000000003 13949.550000000001 35282.250000000007 1398.6000000000001 12527.400000000001 42.250000000000007 27827.650000000005 21382.100000000002 1018.0149895833334 1187.6097465277778 1715.6000000000001 25901.300000000007 179.25000000000003 17691.150000000005 21.750000000000004 15743.900000000003 1026.9000000000003 91.250000000000014 17876.650000000005 221.15500000000003 77.750000000000014 106.189998626709 546697.86693625024 600689.64448812522 117.79999923706056 29269.847916666669 15567.800000000001 75.049999237060561 0.052083333333333336 7.075000000000002 929.90000000000009 34774.510416666679 232.25000000000003 14088.850000000002 -0.6830127018922193 119.77500152587892 90.750000000000014 58.250000000000007 1217.7505000000003 82.750000000000014 6473.1841666666678 51.750000000000007 1968.1420500000006 90.250000000000014 0.0095000000000000102 14551.050000000001 0.99950000000000017 85.750000000000014 23482.500000000004 80.590000152587905 1641.6400000000003
decision_type=2 2 2 2 2 2 2 2 2 2 2 2 2 2 2 2 2 2 2 2 2 2 2 2 2 2 2 2 2 2 2 2 2 2 2 2 2 2 2 2 2 2 2 2 2 2 2 2 2 2 2
left_child=1 -1 24 7 5 -5 -6 -2 12 38 11 -11 13 14 27 25 -15 46 19 20 22 -21 37 -13 -3 -14 33 -9 49 -28 31 -17 42 -24 -20 -36 -30 -8 47 -25 -22 -39 43 -33 45 -16 -18 -10 -7 -27 -48
right_child=3 2 -4 4 6 48 18 8 9 10 -12 23 15 16 44 30 17 -19 34 21 40 -23 26 39 -26 28 29 -29 36 -31 -32 32 -34 -35 35 -37 -38 41 -40 -41 -42 -43 -44 -45 -46 -47 50 -49 -50 -51 -52
leaf_value=-4.8093149411642466 0.47329964727560581 -0.012020334879862605 -0.041768135549518484 -2.223536274944681 2.0798025997772593 0.0083101269951538267 -0.00036874990841465825 -0.89323718631999383 -0.83657365460543009 -0.43765733069216395 -3.4025648560917605 -0.048500933867859058 0.020367913446892212 4.3925656602258858 -0.028693154334385591 0.16624957757428885 -3.541109012665308 0.025206063698070446 7.042652500115949 0.011092814636562167 0.70757421783046137 -1.1929124430460183 -1.0871398811339201 0.75465959465902377 0.019139244326604552 -5.8232396499627441 -0.04265711036672163 0.19234591649505584 0.0070268096646316034 0.014600283340308155 0.048780130885670459 -0.017709703256375015 0.10382617896899252 -0.012150950675624772 1.4298325763213513 -0.0018816335491664907 -0.12696395860088699 0.019732399192762755 -0.54820096829993881 0.099365475432225708 0.71429592088377325 0.98960788664422095 0.00015549905716620156 -0.0014212537582600048 2.209825811920219 0.21407911529539714 0.48791724883684923 -3.7074296542382665 -0.018828518229619666 -2.9097284510012855 -0.040902415381585427
leaf_weight=24 25 34 23 33 29 21 27 22 21 21 26 24 39 32 22 36 27 25 20 30 26 34 21 23 20 26 21 30 33 23 24 29 26 25 20 24 26 30 39 20 22 32 32 29 31 38 20 29 22 21 20
leaf_count=24 25 34 23 33 29 21 27 22 21 21 26 24 39 32 22 36 27 25 20 30 26 34 21 23 20 26 21 30 33 23 24 29 26 25 20 24 26 30 39 20 22 32 32 29 31 38 20 29 22 21 20
internal_value=-5.08351e-05 -0.00306931 -0.00142857 0.000188088 0.00121739 -0.00236842 0.00192708 -0.000392157 -0.0005689 -0.00241379 -0.000175439 0.00159091 6.80272e-05 0.00138577 0.00328671 -0.00102804 -0.000806452 -0.0023913 0.00149296 0.000790378 0.00180617 -0.0028125 0.000726257 0.00373134 0.00111111 -0.00296552 -0.00155556 -0.000384615 -0.00433962 0.00136364 0.000568182 -0.000131579 -0.0012069 -0.00434783 0.0046875 0.00272727 -0.00220339 0.00303371 -0.0052809 0.00627907 0.00583333 0.00451613 -0.00266667 -0.00413793 0.00538462 0.004 -0.00432836 -0.0072 0.000697674 -0.00702128 -0.0025
internal_weight=1377 101 77 1276 460 76 384 816 791 203 114 88 588 267 143 321 124 92 355 291 227 64 179 67 54 145 90 52 106 44 176 152 116 46 64 44 59 89 89 43 48 62 90 58 91 60 67 50 43 47 40
internal_count=1377 101 77 1276 460 76 384 816 791 203 114 88 588 267 143 321 124 92 355 291 227 64 179 67 54 145 90 52 106 44 176 152 116 46 64 44 59 89 89 43 48 62 90 58 91 60 67 50 43 47 40
is_linear=0
shrinkage=0.01


Tree=40
num_leaves=51
num_cat=0
split_feature=77 2 79 30 70 30 21 77 46 10 21 43 64 37 78 24 30 38 43 10 43 24 37 31 38 10 10 21 68 36 31 28 4 2 94 36 19 36 30 78 38 37 8 44 19 2 70 17 64 1
split_gain=8.3597 8.94367 8.27309 11.1774 10.1546 11.018 8.64542 9.17935 9.00478 8.87507 8.37246 8.84386 8.01656 7.60024 7.26867 7.69729 7.02024 6.92434 8.55516 10.5096 6.71934 6.52172 10.7738 6.34095 6.28047 6.27128 6.12245 6.0062 8.76027 9.48225 8.52394 8.00181 9.3331 8.35147 6.6915 7.18608 6.83877 6.60754 7.5974 6.09275 5.98318 7.098 5.68638 5.40346 4.78853 4.15738 3.75741 3.62143 3 1.96364
threshold=4747.7659466954265 3828.9790000000007 710.147552981986 74.750000000000014 1536.6000000000001 38.250000000000007 28.025000000000002 4160.6782310793596 90.939998626708999 28667.100000000002 27.075000000000006 69.200000762939467 1682.2000000000003 99.750000000000014 1558.4191770833334 7.1250000000000009 72.250000000000014 4.0750000000000011 69.604999542236342 34700.750000000007 79.670001983642592 4.0750000000000011 96.750000000000014 9.2750000000000021 13.950000000000001 38633.950000000004 30728.000000000004 20.675000000000001 1346.5740000000003 85.750000000000014 6.7750000000000012 28.175000000000004 2335.9950000000003 2955.0000000000005 634279.9454537502 85.250000000000014 690.20000000000016 85.250000000000014 99.250000000000014 572.96259027777785 6.4750000000000005 95.250000000000014 413.11269230769238 3.748499989509583 2082.0500000000006 2929.1500000000001 951.00000000000011 34.050000000000004 999.00000000000011 14888.675500000001
decision_type=2 2 2 2 2 2 2 2 2 2 2 2 2 2 2 2 2 2 2 2 2 2 2 2 2 2 2 2 2 2 2 2 2 2 2 2 2 2 2 2 2 2 2 2 2 2 2 2 2 2
left_child=1 2 4 -4 6 12 8 17 9 -1 21 -12 -6 14 23 -16 -13 -8 -19 -20 44 22 -10 49 27 -21 -15 28 40 30 -30 32 -29 -33 35 -34 -37 -36 46 -35 41 43 -32 -23 -2 -18 -39 -38 -5 -7
right_child=20 -3 3 48 5 13 7 -9 10 -11 11 16 -14 26 15 -17 45 18 19 25 -22 24 -24 -25 -26 -27 -28 31 29 -31 42 33 34 39 37 36 47 38 -40 -41 -42 -43 -44 -45 -46 -47 -48 -49 -50 -51
leaf_value=0.4685666508028497 -0.19692191974936987 0.70405891790746322 0.033364110903592252 -0.2954721958330232 0.024100364128284917 2.4400860414226258 0.77746960615533456 -0.047251437835110391 -0.019113143197706923 -2.1671917618027776 0.033533918291129637 0.00062057953283354845 -0.019115529906838374 0.026157141693712856 -0.014413010334158247 0.038428435030430461 -0.018805489071021038 -0.088140458035969718 -0.013906305990256492 3.5456099278414452 0.36611806477845044 1.0848420887159462 0.42439719338844184 0.020273493237946243 -0.036040663775798627 0.051504722291136638 -2.2774247816600091 0.067763446113241838 -3.4289454567574666 -3.5733886087256783 -1.2447308221566711 0.023145555611897607 -0.064487364880268003 -0.0060424732978345674 1.7224622411324533 0.36215933646868315 2.2267822423060655 -0.49366666370456053 0.10834717257128261 -4.9639592811377984 -0.16607497247485764 -0.04448975039027131 0.9941852647040762 4.1795637998219988 -0.47160044335195245 -0.36025860586186426 0.0869141833113109 -3.5030695378145662 -1.0841614939246378 3.7606905533371884
leaf_weight=21 34 32 26 24 21 33 26 27 33 30 20 24 25 28 21 38 25 26 32 33 20 22 25 39 32 29 21 29 30 33 21 28 28 37 31 25 20 32 36 21 36 20 26 20 23 27 23 28 24 27
leaf_count=21 34 32 26 24 21 33 26 27 33 30 20 24 25 28 21 38 25 26 32 33 20 22 25 39 32 29 21 29 30 33 21 28 28 37 31 25 20 32 36 21 36 20 26 20 23 27 23 28 24 27
internal_value=0.000215517 0.000403042 0.000272798 -0.00297297 0.000471464 0.00225296 0 0.00202312 -0.000446999 -0.0045098 -0.000163934 -0.00291667 -0.00217391 0.00323671 0.0043038 0.00152542 -0.00447368 0.0030137 0.002 0.00340426 -0.00298701 0.000251572 0.00344828 0.0059596 -6.92042e-05 0.00580645 -0.000204082 0.00018315 -0.00115385 -0.00309091 -0.00116883 0.00100592 0.00190476 -0.00162791 0.00121076 -0.000693069 0.000958904 0.00278689 0.00142857 -0.0037931 0.00102041 0.00290323 0.00148936 0.0052381 -0.00473684 -0.00653846 -0.000909091 -0.00125 -0.00583333 0.008
internal_weight=1392 1315 1283 74 1209 253 956 173 783 51 732 96 46 207 158 59 76 146 120 94 77 636 58 99 578 62 49 546 208 110 77 338 252 86 223 101 73 122 91 58 98 62 47 42 57 52 55 48 48 60
internal_count=1392 1315 1283 74 1209 253 956 173 783 51 732 96 46 207 158 59 76 146 120 94 77 636 58 99 578 62 49 546 208 110 77 338 252 86 223 101 73 122 91 58 98 62 47 42 57 52 55 48 48 60
is_linear=0
shrinkage=0.01


Tree=41
num_leaves=53
num_cat=0
split_feature=16 28 65 25 10 0 51 29 38 27 73 66 70 8 45 66 16 65 46 3 73 25 14 70 16 22 67 79 38 29 3 73 88 32 82 93 58 29 32 38 87 94 25 56 76 64 88 45 69 22 0 94
split_gain=10.8207 14.6312 13.1061 13.241 8.02378 13.6467 10.7163 8.26536 7.75498 8.83699 7.27109 9.47567 13.5329 7.19378 13.4873 7.97482 8.86427 7.07644 12.9906 6.88475 8.74189 6.82065 8.37987 6.81387 11.0678 6.62333 6.60048 10.5072 6.17107 6.16103 9.24572 6.66667 6.03521 5.8968 12.8762 5.812 5.79884 5.6384 6.66462 5.40292 4.9641 4.9581 4.68579 4.9 4.11225 3.91195 3.61846 3.53846 3.51493 3.08059 2.70941 1.44971
threshold=5647.5500000000002 30.425000000000001 33495.500000000007 188.25000000000003 30525.950000000001 32530.500000000004 1.0000000180025095e-35 86.750000000000014 3.8250000000000006 80.250000000000014 1.0000000180025095e-35 1127.1000000000001 1486.6485000000002 421.1543421052632 23625.000000000004 1.1040000000000003 3788.6500000000005 26536.150000000005 101.9650001525879 15165.731500000002 1207.1640000000002 216.75000000000003 16197.200000000003 998.8660000000001 5077.2000000000007 88.750000000000014 33156.750000000007 278.36521667954111 6.0750000000000011 90.250000000000014 14540.700000000003 1599.3500000000001 7887.687291666668 192.75000000000003 6.4560000000000182 413.284564777328 0.68301270189221941 88.750000000000014 206.50000000000003 8.6250000000000018 0.093750000000000014 726399.1504950003 120.25000000000001 -1.0000000180025095e-35 39494.828125000007 1154.0150000000001 9038.791250000002 24373.000000000004 32955.400000000009 88.250000000000014 28908.350000000002 630879.96120625024
decision_type=2 2 2 2 2 2 2 2 2 2 2 2 2 2 2 2 2 2 2 2 2 2 2 2 2 2 2 2 2 2 2 2 2 2 2 2 2 2 2 2 2 2 2 2 2 2 2 2 2 2 2 2
left_child=1 4 3 10 6 7 13 23 -7 35 33 17 19 15 -15 -1 50 -12 -19 20 45 46 48 32 -25 -16 27 -18 42 31 -31 49 -6 34 -2 -10 -8 38 -20 44 -29 51 -4 -44 -30 -13 -5 -9 -23 -14 -17 -35
right_child=2 -3 28 21 5 8 36 47 9 -11 11 12 29 14 25 16 26 18 37 -21 -22 22 -24 24 -26 -27 -28 40 39 30 -32 -33 -34 41 -36 -37 -38 -39 -40 -41 -42 -43 43 -45 -46 -47 -48 -49 -50 -51 -52 -53
leaf_value=0.093805310040559253 -0.023561940275592597 -0.27251461473215188 -0.46440417593164057 2.1458992944201696 -5.7286691078598384 0.04445917177165909 -7.386595239884671 -1.15188538754127 0.90905946167079221 -0.029788671331035639 0.059330980221139584 0.026369290669455744 -1.1069906561417675 1.6474503883587737 -0.01544838283675022 -2.7639540979470429 -1.2946308892935752 -1.6658401985404714 0.063526320202672681 3.0112474124588524 -0.60793701725881966 2.444708738197459 -0.041082045570291402 0.54339561804370529 -2.0059033569670586 0.41985826522294595 1.5187581284286149 1.3348746835929226 -0.85544560991314855 1.9809209713476197 -0.011761886559823593 0.010338746088622184 -0.076265391460406007 0.092715251404882737 0.52359643572578951 -0.0018668551641652909 -2.2336011367056097 -0.045425985615785577 -0.0099494992159821702 -0.011910375033535406 -0.01249130419123007 0.01346138243475466 0.2218470677108752 -0.025736401347215887 -0.082364557063141566 2.1870499193398842 3.7584077035030954 -0.92264425402728312 0.089058978372064945 -0.013436836966780601 -2.7361978798894335 3.5522178724528897
leaf_weight=34 28 35 21 26 31 24 20 26 26 36 33 22 26 29 27 20 32 38 24 27 20 37 31 27 20 20 20 26 22 24 29 36 21 21 32 35 21 23 26 32 39 20 20 20 23 25 24 23 21 28 21 20
leaf_count=34 28 35 21 26 31 24 20 26 26 36 33 22 26 29 27 20 32 38 24 27 20 37 31 27 20 20 20 26 22 24 29 36 21 21 32 35 21 23 26 32 39 20 20 20 23 25 24 23 21 28 21 20
internal_value=0.00012931 -0.0008646 0.000911425 0.00151326 -0.000484429 -0.00174721 0.000614887 -0.00378378 0.000743802 -0.000515464 0.000756972 7.87402e-05 0.00130802 0.00134328 0.00394737 0.0003125 -0.000632911 -0.00194444 -0.00315315 0.00425532 0.00253731 0.0042446 0.00258427 -0.00212121 0.000638298 0.000638298 0.000769231 -0.000309278 -0.00188406 -0.000629371 0.00207547 -0.00222222 -0.00461538 0.00289256 0.000666667 0.00180328 -0.00414634 -0.000684932 0.0012 -0.00376623 0.002 0.00508197 0.000491803 0.0025 -0.006 0.00489362 0.0072 -0.00714286 0.00482759 -0.00444444 -0.00463415 0.00707317
internal_weight=1392 613 779 641 578 269 309 148 121 97 502 381 237 268 76 192 158 144 111 94 67 139 89 99 47 47 117 97 138 143 53 90 52 121 60 61 41 73 50 77 65 61 61 40 45 47 50 49 58 54 41 41
internal_count=1392 613 779 641 578 269 309 148 121 97 502 381 237 268 76 192 158 144 111 94 67 139 89 99 47 47 117 97 138 143 53 90 52 121 60 61 41 73 50 77 65 61 61 40 45 47 50 49 58 54 41 41
is_linear=0
shrinkage=0.01


Tree=42
num_leaves=52
num_cat=0
split_feature=51 77 6 40 84 86 77 26 83 45 75 72 28 82 26 26 13 82 20 8 26 85 72 53 20 20 93 33 78 33 22 78 69 97 68 45 20 13 40 91 4 5 56 4 11 45 82 33 65 68 8
split_gain=8.51745 6.45996 6.96085 8.66374 8.57894 9.06766 8.45437 14.932 9.06002 13.421 10.1654 7.67085 8.39578 11.1779 8.32042 7.64021 7.47809 6.68715 6.46398 8.46401 6.30251 6.20168 6.01758 5.90635 5.90078 9.91148 6.73939 9.73309 7.6438 7.07339 6.6643 6.6244 5.80339 5.69618 5.52652 5.49147 5.48638 5.4303 5.06999 4.53686 6.03068 4.47195 4.24242 4.18284 3.80581 3.29089 3.25538 2.81069 2.51843 4.53648 0.4
threshold=1.0000000180025095e-35 4747.7659466954265 2650.5300000000002 169.25000000000003 1227.0582500000003 684.00000000000011 3189.0902185087102 123.00000000000001 1858.9000000000017 24057.500000000004 469.4882726350715 0.92650000000000021 24.425000000000004 -224.43300000000002 24.250000000000004 35.250000000000007 8492.5500000000011 0.0095000000000000102 1408.3000000000004 414.2852631578948 20.750000000000004 1418.5145000000002 951.00000000000011 2.5000000000000004 500.90000000000003 294.00000000000006 415.95586770981515 46.250000000000007 1300.0568541666669 46.250000000000007 74.250000000000014 1565.2354444444445 35478.250000000007 0.11458333333333336 0.10200000000000002 22981.500000000004 943.40000000000009 11632.050000000001 111.75000000000001 26792.641137500006 3336.0400000000004 4898.505000000001 1.0000000180025095e-35 1739.0900000000004 36493.55000000001 23712.500000000004 -2.5584999999999805 102.25000000000001 28864.900000000005 960.50000000000011 411.59644736842114
decision_type=2 2 2 2 2 2 2 2 2 2 2 2 2 2 2 2 2 2 2 2 2 2 2 2 2 2 2 2 2 2 2 2 2 2 2 2 2 2 2 2 2 2 2 2 2 2 2 2 2 2 2
left_child=1 2 17 4 5 6 7 8 10 15 -4 16 14 -14 22 -10 -8 32 19 48 41 -18 -13 -2 25 47 29 30 -29 -26 -28 46 43 34 -23 -16 -21 -35 -30 -24 -41 -3 -39 -1 -5 -32 -31 -6 49 -15 -48
right_child=23 20 3 44 24 -7 11 -9 9 -11 -12 12 13 18 35 -17 21 -19 -20 36 -22 33 39 -25 26 -27 27 28 38 31 45 -33 -34 37 -36 -37 -38 42 -40 40 -42 -43 -44 -45 -46 -47 50 -49 -50 -51 -52
leaf_value=-0.031682094071478789 -2.609668996335845 -2.0387690284594471 0.000762404343414429 4.109432839336054 0.93715868441497974 -1.775913862577789 0.01957333467403 4.1031757572003142 -0.027172862223489767 0.052446336724344941 0.32238914034330385 3.0107031636836066 0.25703579560436984 -4.555716301521004 -1.3578915961252311 -2.372347813759359 0.024379498488417424 0.016840067040600468 -1.5308437614285779 0.072400938508109844 0.015383532327460559 -0.081540911492510151 0.11643295851465338 -6.1076243593902637 0.022892926343012335 -0.065422530819856176 -0.0019138946780036822 0.090703265804453467 -0.022419065733103198 3.2665530610545352 0.95205914866171404 0.0060283822836465764 0.013471844721038254 -0.023780011890239296 0.0017716909918758872 -0.053338001777396137 -0.39332277265397947 0.48360179683925497 0.0048052615249363009 1.5446701845012225 -1.4349079307746804 -0.018071281317354852 7.2496122388914235e-05 -0.041673979811371872 0.050503266438469849 0.051898230367823268 3.3719261452330103 0.24430014058679336 -1.1169663713001863 -0.0065388905239461238 3.4909282410859319
leaf_weight=24 24 22 34 21 21 31 39 32 21 35 25 26 22 28 20 27 28 36 31 25 29 31 21 21 37 39 26 26 37 25 23 31 22 35 28 38 21 22 21 23 21 25 20 37 20 33 20 20 25 23 20
leaf_count=24 24 22 34 21 21 31 39 32 21 35 25 26 22 28 20 27 28 36 31 25 29 31 21 21 37 39 26 26 37 25 23 31 22 35 28 38 21 22 21 23 21 25 20 37 20 33 20 20 25 23 20
internal_value=5.74713e-05 0.000200445 0.000369788 0.000607639 0.000441044 -0.000191257 4.2796e-05 0.00195402 0.00056338 -0.00156627 0.00355932 -0.000588235 -0.00154321 -0.00302857 0.000201342 -0.005 0.000935961 -0.00193277 -0.00398693 -0.00295082 -0.00263158 0 0.00208791 -0.00422222 0.00166227 -0.00075 0.00230769 0.000963855 -0.00142857 0.00398496 0.00341463 0.00541667 -0.00349398 -0.000882353 -0.00322034 -0.00275862 0.000434783 0.000909091 -0.00344828 0.000461538 -0.00136364 -0.00489362 0.00333333 -0.00508197 0.00512195 0.00535714 0.00723077 0.00268293 -0.005 -0.00372549 0.009
internal_weight=1392 1347 1271 1152 1111 732 701 174 142 83 59 527 324 175 149 48 203 119 153 122 76 164 91 45 379 80 299 166 84 133 82 96 83 136 59 58 46 77 58 65 44 47 42 61 41 56 65 41 76 51 40
internal_count=1392 1347 1271 1152 1111 732 701 174 142 83 59 527 324 175 149 48 203 119 153 122 76 164 91 45 379 80 299 166 84 133 82 96 83 136 59 58 46 77 58 65 44 47 42 61 41 56 65 41 76 51 40
is_linear=0
shrinkage=0.01


Tree=43
num_leaves=52
num_cat=0
split_feature=79 27 69 27 38 63 79 69 7 63 7 62 7 87 91 73 24 38 76 7 70 73 66 94 38 7 83 83 24 70 3 3 94 83 19 83 81 98 42 24 27 38 30 30 19 40 30 98 24 83 4
split_gain=9.56713 8.36522 8.0228 7.75098 9.02389 9.57594 7.11178 7.14973 11.2252 10.6537 7.50092 8.90477 8.48713 7.35286 7.33621 6.75 6.61111 6.58547 7.4916 8.00476 5.76333 6.21796 5.67986 6.35286 6.19293 5.66667 5.52067 11.6914 7.87636 8.47606 6.63174 8.44453 5.76406 7.21347 6.74298 6.54762 5.26401 5.25974 5.04396 4.80696 7.87481 4.79155 4.17517 4.00346 3.93014 3.92 3.7437 3.6 2.87811 2.76923 1.75325
threshold=710.147552981986 20.250000000000004 32530.500000000004 22.750000000000004 2.1750000000000007 36038.80000000001 681.84602714942707 36031.600000000013 1509.9950000000001 31560.700000000004 40.670000000000009 1676.3500000000001 26.795000000000005 0.40625000000000006 30813.67004375 1.1040000000000003 6.2750000000000012 6.8250000000000011 34863.771875000013 57.805 915.5055000000001 1016.9500000000002 939.00900000000013 736173.15195250034 8.2750000000000021 20.835000000000004 881.80000000000121 1437.200000000001 4.9250000000000016 718.46600000000012 11806.750000000002 13876.950000000003 633658.13041625021 2476.4499999999994 1142.7000000000003 2075.2500000000005 4059.6307011434701 0.44791666666666669 137.92500305175784 7.8250000000000011 79.250000000000014 5.7750000000000012 99.750000000000014 83.750000000000014 852.70000000000016 105.25000000000001 50.250000000000007 0.40625000000000006 5.7750000000000012 2470.7000000000012 3009.0850000000005
decision_type=2 2 2 2 2 2 2 2 2 2 2 2 2 2 2 2 2 2 2 2 2 2 2 2 2 2 2 2 2 2 2 2 2 2 2 2 2 2 2 2 2 2 2 2 2 2 2 2 2 2 2
left_child=1 16 -2 -3 15 6 7 8 10 -9 12 17 26 -10 42 -5 -1 18 19 -12 -21 48 23 -19 -24 -18 44 43 37 39 -31 -32 33 34 -33 -34 -11 -29 50 -30 -41 -38 -15 -28 -6 -8 -37 -14 -22 -43 -27
right_child=2 3 -4 4 5 -7 45 9 13 36 11 -13 47 14 -16 -17 25 22 -20 20 21 -23 24 -25 -26 38 27 28 29 30 31 32 35 -35 -36 46 41 -39 -40 40 -42 49 -44 -45 -46 -47 -48 -49 -50 -51 -52
leaf_value=0.98936915174388596 -0.0029447085407927303 1.8256081920887561 -0.48684320888003385 1.9564858278600092 -0.010200219256319674 -0.26897405946990527 0.055413313420836156 0.16671020335348766 -1.3562466239022697 0.064170358378190559 0.85656712812634062 2.6379068880679988 -1.9605782291955334 -2.2449307583376403 0.018133697234540138 0.019182194823708924 0.00078128962787401115 3.6150525656319696 -0.030081473700664108 -0.061751262057784903 0.36253243001849939 0.001716441202636021 -0.047439501133949021 -0.0052077308771169544 0.011083959450886976 -2.7883201045211936 1.1525924408944008 1.0246420380980343 -2.3486243356217651 -0.2855238103722228 0.96354932661151738 1.7713277643784395 -0.085233388367937243 -0.26326230297736425 -0.14452058369426976 0.0020511902775521111 -0.042226814291924306 -0.0050231727686352581 -0.28494868320571082 -1.7660649106721018 0.01957625858495279 -0.0080691333052695848 -0.0091751561913744426 0.1453562102630645 -0.52657978531167482 0.028566496056593657 0.16615377990002261 -0.0047902056924562239 2.4691798285807898 0.031700782165074298 -0.50649327214170714
leaf_weight=24 39 39 37 24 38 33 25 31 31 21 20 23 20 21 23 24 34 23 25 38 20 33 36 30 37 22 22 35 21 29 36 22 21 22 21 22 33 20 26 23 24 26 22 20 22 25 34 20 29 26 20
leaf_count=24 39 39 37 24 38 33 25 31 31 21 20 23 20 21 23 24 34 23 25 38 20 33 36 30 37 22 22 35 21 29 36 22 21 22 21 22 33 20 26 23 24 26 22 20 22 25 34 20 29 26 20
internal_value=2.87356e-05 0.000227964 -0.00342105 0.000487395 0.000338836 0.000154125 0.000317757 0.000137255 -0.000192525 0.00226277 0.000203562 0.00140127 -0.00059322 -0.00340206 -0.00151515 0.00458333 -0.00222222 0.000927835 0.00224242 0.00314286 0.00216667 0.00365854 -0.000793651 0.00169811 -0.00260274 -0.00333333 -0.000185185 0.000268817 -0.000363636 -0.00105455 -4.83092e-05 0.000674157 -0.000422535 -0.00261538 -0.000232558 0.00142857 0.000754717 0.00309091 -0.005 -0.00411765 -0.00234043 -0.000352941 -0.00395349 0.0052381 -0.003 0.004 0.00321429 -0.005 0.00591837 0.00153846 -0.00714286
internal_weight=1392 1316 76 1190 1151 1103 1070 1020 883 137 786 314 472 97 66 48 126 291 165 140 120 82 126 53 73 102 432 372 330 275 207 178 142 65 43 77 106 55 68 68 47 85 43 42 60 50 56 40 49 52 42
internal_count=1392 1316 76 1190 1151 1103 1070 1020 883 137 786 314 472 97 66 48 126 291 165 140 120 82 126 53 73 102 432 372 330 275 207 178 142 65 43 77 106 55 68 68 47 85 43 42 60 50 56 40 49 52 42
is_linear=0
shrinkage=0.01


Tree=44
num_leaves=54
num_cat=0
split_feature=77 16 61 36 24 27 72 43 24 21 10 61 10 42 16 100 11 11 94 61 40 19 19 93 45 39 39 98 5 24 69 45 77 40 19 21 65 45 77 36 40 69 36 19 45 43 19 88 36 69 30 77 19
split_gain=8.77307 7.54499 10.4917 9.1198 9.65121 8.92262 7.67407 7.08369 6.97224 6.51315 7.4345 17.8734 7.75692 6.69197 6.32983 6.81502 6.19563 9.68476 6.05552 7.2287 5.93757 8.54743 9.82325 10.4638 10.6406 6.68659 6.0583 5.9195 5.77029 5.75646 6.11277 5.68363 5.60839 6.61931 10.3255 10.6379 5.48959 5.45455 7.91829 5.25655 5.24118 7.87635 4.92308 4.75955 4.61092 4.57733 4.09048 3.92727 3.8784 3.85333 3.13043 2.96609 2.60999
threshold=4155.4241500545386 5816.6000000000013 28490.850000000002 88.250000000000014 6.825000000000002 81.250000000000014 0.83200000000000007 91.715000152587891 4.5250000000000012 28.475000000000005 30664.800000000007 31642.000000000004 29665.250000000004 147.37500000000003 6468.5000000000009 0.44097222222222227 37586.30000000001 38085.55000000001 700244.66119531251 31423.650000000005 30.250000000000004 510.75000000000006 1395.6000000000001 418.43631578947372 25277.500000000004 124.25000000000001 166.75000000000003 0.22569444444444445 3912.7500000000005 7.1250000000000009 35725.950000000004 23912.500000000004 4010.4033038388211 70.750000000000014 1084.5000000000002 20.425000000000004 29921.150000000005 23712.500000000004 3774.751380591676 86.250000000000014 125.25000000000001 26994.700000000004 80.750000000000014 789.50000000000011 25827.000000000004 82.674999237060561 296.20000000000005 8730.5329166666688 89.750000000000014 30129.100000000002 92.250000000000014 4414.2522019932348 744.4000000000002
decision_type=2 2 2 2 2 2 2 2 2 2 2 2 2 2 2 2 2 2 2 2 2 2 2 2 2 2 2 2 2 2 2 2 2 2 2 2 2 2 2 2 2 2 2 2 2 2 2 2 2 2 2 2 2
left_child=1 5 46 8 48 9 -7 18 -4 10 12 31 32 -14 15 -6 27 -18 -8 50 -19 -22 23 24 -23 -24 42 43 -29 36 37 -12 33 34 35 -1 -10 38 45 -30 41 -35 -27 -2 -26 -31 -3 -13 -5 -48 -20 -28 -43
right_child=16 2 3 4 14 6 7 -9 29 -11 11 47 13 -15 -16 -17 17 20 19 -21 21 22 25 -25 44 26 51 28 39 30 -32 -33 -34 40 -36 -37 -38 -39 -40 -41 -42 52 -44 -45 -46 -47 49 -49 -50 -51 -52 -53 -54
leaf_value=-3.7156543752553182 -0.050248092178984204 0.032945734679809754 0.12881855086448757 0.0069804631927157948 2.8007963700592549 0.0041832101714379148 -2.5627271089899275 0.0020946338338660915 -0.00091683759147015323 9.3122623371527791 -4.7655857344565442 1.0113481605793677 -0.022456912321613984 0.63417479129473675 6.0138991615723674 -0.011135358560963291 0.5132521466675416 -0.89847795923856322 -0.1435126670156151 0.057957027381913183 -0.22200978856349962 -0.0656225196252707 0.024102218642829801 0.82224622364718503 4.4999705204398639 -0.05600543811432563 0.025014878031792635 -2.3752038575846433 3.2751039147681982 0.01305915496657899 0.035719414639519401 -0.045779563442460661 0.55291369289446646 0.003788994473423415 1.5964822994262005 0.21253298974334034 -1.0499385872018256 -0.020054910190575953 0.57446598005702043 -0.067022547309552205 0.11043838480818685 -2.9735636498713562 -1.6496240478378843 -1.2008585881524716 0.007149037759546022 -0.034825148856783152 1.5987129182145492 -0.008864857293528778 -0.69481825099335426 2.1450379576195764 -5.6712880386321114 -0.14220413530763146 -0.2739891076581264
leaf_weight=21 22 23 35 29 28 38 25 35 29 20 24 24 20 31 25 24 23 27 23 21 34 26 33 27 20 26 21 23 23 38 32 23 35 27 22 20 24 36 38 27 20 21 26 24 23 23 20 20 20 30 23 20 20
leaf_count=21 22 23 35 29 28 38 25 35 29 20 24 24 20 31 25 24 23 27 23 21 34 26 33 27 20 26 21 23 23 38 32 23 35 27 22 20 24 36 38 27 20 21 26 24 23 23 20 20 20 30 23 20 20
internal_value=-0.000143678 0.000382627 0.00132159 0.000656168 0.00285714 -0.000448343 -0.00236364 -0.00354331 -0.000431373 0.00045977 0.000121951 -0.00230769 0.00105485 0.0045098 0.00506494 0.00307692 -0.00134118 -0.000588235 -0.005 -0.00343284 -0.00109541 -0.000625 9.00901e-05 0.0025 0.000434783 -0.00174603 -0.00311828 -0.00327731 -0.00150685 -0.00109091 -0.000179641 -0.00659574 0.000107527 -0.000728477 0.00174603 -0.00121951 -0.00396226 -0.00111111 0.00010101 0.0004 -0.0025 -0.00382353 -0.00538462 -0.00608696 0.00348837 -0.00213115 0.00479452 0.00227273 -0.000612245 0.0064 -0.00565217 -0.000243902 -0.00658537
internal_weight=1392 967 454 381 126 513 165 127 255 348 328 91 237 51 77 52 425 306 92 67 283 256 222 96 69 126 93 119 73 220 167 47 186 151 63 41 53 135 99 50 88 68 52 46 43 61 73 44 49 50 46 41 41
internal_count=1392 967 454 381 126 513 165 127 255 348 328 91 237 51 77 52 425 306 92 67 283 256 222 96 69 126 93 119 73 220 167 47 186 151 63 41 53 135 99 50 88 68 52 46 43 61 73 44 49 50 46 41 41
is_linear=0
shrinkage=0.01


Tree=45
num_leaves=51
num_cat=0
split_feature=6 41 100 69 64 2 25 28 13 27 69 100 1 21 21 35 97 13 45 2 88 98 8 44 44 40 94 40 97 32 62 85 42 44 98 13 97 44 17 39 80 40 14 13 35 8 94 98 17 80
split_gain=10.6764 10.2275 8.65068 8.10789 9.19617 7.73777 6.32345 11.598 11.4661 11.5385 10.3079 15.5001 10.453 9.94713 9.73058 13.7169 8.92636 8.04163 10.4436 9.03006 8.31183 7.40825 6.96374 6.4781 8.76035 8.41106 8.38735 10.1547 7.68345 7.42271 9.86104 6.36517 7.29437 6.20513 6.10717 5.86782 5.48173 5.40582 7.00417 5.51868 5.32299 5.36678 5.30522 5.48983 4.60909 4.27059 4.14012 3.6368 3.6 1.6
threshold=2690.7200000000007 111.75000000000001 0.80208333333333348 24550.750000000004 1129.1120000000003 3442.9095000000002 255.50000000000003 28.775000000000002 11719.900000000003 75.250000000000014 33443.55000000001 0.40625000000000006 15965.357000000002 12.075000000000001 26.075000000000006 27.775000000000002 0.90625000000000011 7243.0500000000011 24373.000000000004 3140.2585000000004 8051.7702083333343 0.71180555555555569 404.688253968254 3.6755000352859502 4.0625000000000009 67.750000000000014 713403.1342421876 117.75000000000001 0.28125000000000006 106.75000000000001 1297.3770000000002 1253.0000000000002 145.62500000000003 5.6854999065399179 0.92708333333333348 3204.1500000000005 0.072916666666666671 3.4685000181198125 95.950000000000003 207.25000000000003 32359.031597222227 43.750000000000007 19783.900000000005 8413.3000000000011 25.325000000000006 408.85782051282058 579186.91909687512 0.26736111111111116 130.55000000000004 35857.182638888895
decision_type=2 2 2 2 2 2 2 2 2 2 2 2 2 2 2 2 2 2 2 2 2 2 2 2 2 2 2 2 2 2 2 2 2 2 2 2 2 2 2 2 2 2 2 2 2 2 2 2 2 2
left_child=5 2 3 4 -2 35 7 8 10 -10 12 37 13 -5 -9 31 17 19 22 20 21 23 33 25 -25 -15 27 28 -27 -26 -31 -16 42 -19 -18 46 -24 39 -39 -12 -3 -42 43 -33 -6 -11 -1 -48 -40 -4
right_child=1 40 49 6 44 -7 -8 14 9 45 11 -13 -14 16 15 -17 34 18 -20 -21 -22 -23 36 24 29 26 -28 -29 -30 30 -32 32 -34 -35 -36 -37 -38 38 48 -41 41 -43 -44 -45 -46 -47 47 -49 -50 -51
leaf_value=0.0083948487904373613 8.2919260157439929 -4.7512323046397524 0.22744483990191078 -1.5052735988017463 -0.1010835241427155 0.026415028987430773 0.071780482077341903 -4.6698907457033565 -0.031662663737697765 0.053675671203047878 -0.0300100236288342 -2.2847205964785426 1.9434935295373061 -1.3833728606289726 0.0070775473819505623 0.046008937005941559 -0.043661874867708644 -4.1329943910326659 -0.089565438043319651 1.0723455656916656 0.091944789559713969 0.16434519123485206 0.030040539398786079 2.0698379743644226 -0.44448577541199769 0.5711771342434967 -2.3237029655953911 2.0499285695023661 -0.18527271071200338 -0.082029680252190748 2.4712303613040603 -0.22467735132385222 0.40221462548493053 0.20085015846095544 3.3602695862182534e-05 -2.0109068200002436 0.71951794967088323 0.50716480737852521 -2.2336649837017406 0.0053456858628417713 -0.03781664722980671 0.44771291408436825 -0.0038080649142221415 -4.8893510768753039 2.6011775352200046 3.3262993495165585 -0.16586042135492701 -0.017819110476958517 0.0063288410545920097 0.015955049940409433
leaf_weight=26 32 20 20 27 24 24 27 27 24 20 39 37 35 35 23 35 25 26 28 36 22 31 22 30 37 21 21 20 31 25 21 38 20 24 28 23 21 24 20 23 21 20 38 31 20 34 36 33 20 20
leaf_count=26 32 20 20 27 24 24 27 27 24 20 39 37 35 35 23 35 25 26 28 36 22 31 22 30 37 21 21 20 31 25 21 38 20 24 28 23 21 24 20 23 21 20 38 31 20 34 36 33 20 20
internal_value=-8.05861e-05 0.000220769 0.000430293 0.00026738 0.00342105 -0.00267606 3.82409e-05 -8.83219e-05 0.000458488 0.00410256 6.85871e-05 -0.00214724 0.000706714 0.000357815 -0.00216981 -0.00135135 0.000674603 0.00113082 -0.00107438 0.00193939 0.00136054 0.000882353 0.000537634 0.000290456 0.0020354 -0.00125 0.000322581 0.00194444 -0.000384615 0.000361446 0.00304348 -0.00266667 -0.00354331 -0.002 -0.00320755 -0.00372881 0.00348837 -0.00047619 0.0015625 -0.00258065 -0.00377049 -0.00170732 -0.00457944 -0.00623188 0.000454545 0.00666667 -0.00263158 -0.00391304 -0.001 0.005
internal_weight=1365 1223 1162 1122 76 142 1046 1019 807 78 729 163 566 531 212 185 504 451 121 330 294 272 93 241 113 128 93 72 52 83 46 150 127 50 53 118 43 126 64 62 61 41 107 69 44 54 95 69 40 40
internal_count=1365 1223 1162 1122 76 142 1046 1019 807 78 729 163 566 531 212 185 504 451 121 330 294 272 93 241 113 128 93 72 52 83 46 150 127 50 53 118 43 126 64 62 61 41 107 69 44 54 95 69 40 40
is_linear=0
shrinkage=0.01


Tree=46
num_leaves=52
num_cat=0
split_feature=5 41 100 53 63 22 82 94 62 88 83 63 4 2 3 4 22 70 94 97 2 65 22 88 80 1 4 11 31 30 74 19 5 30 82 88 21 22 88 88 66 14 80 11 5 3 39 88 1 19 3
split_gain=9.67851 12.9199 9.83583 8.76623 8.75758 8.05808 7.83475 9.50299 8.06754 7.77316 6.86516 9.96886 6.02758 5.80033 6.51436 7.05669 5.67526 5.3394 9.4881 8.17767 7.64493 7.61077 7.46721 7.11628 10.986 8.88693 8.36742 7.80232 9.28755 10.0153 7.09533 11.1954 5.67627 5.38218 7.52695 5.37815 5.27103 6.60186 5.2492 4.95152 4.57143 4.53132 7.88212 4.40743 4.25177 3.87879 3.6 3.08786 2.5 1.63902 0.981818
threshold=3564.7000000000003 111.75000000000001 0.60069444444444453 2.5000000000000004 30555.950000000004 54.750000000000007 1197.2000000000003 556213.95312406274 1378.6160000000002 10537.723541666668 2336.9499999999994 26688.750000000004 2160.1300000000006 3791.3005000000007 16275.566500000003 2239.7300000000005 96.250000000000014 962.50000000000011 643378.13952375029 0.90625000000000011 3261.7275000000004 26536.150000000005 84.250000000000014 7661.0160416666668 30232.57777777778 15584.900000000001 7158.3500000000013 36033.55000000001 7.7750000000000012 66.750000000000014 1317.6787083333336 832.45000000000016 4989.9000000000005 95.250000000000014 -0.050500000000000038 7661.0160416666668 20.025000000000002 92.250000000000014 8675.2891666666674 9648.6277083333352 1266.1170000000004 17789.250000000004 32551.31493055556 36123.350000000006 2250.0200000000004 14576.600000000002 194.25000000000003 4133.1462500000007 14908.950000000003 655.6500000000002 15089.250000000002
decision_type=2 2 2 2 2 2 2 2 2 2 2 2 2 2 2 2 2 2 2 2 2 2 2 2 2 2 2 2 2 2 2 2 2 2 2 2 2 2 2 2 2 2 2 2 2 2 2 2 2 2 2
left_child=6 2 5 4 -4 -2 7 8 -1 38 11 -9 -13 14 15 -7 17 23 20 32 21 -19 43 24 26 -26 -17 41 29 -29 31 -24 -20 -31 -35 40 -32 -38 -5 -3 -34 42 -25 -23 -12 -45 -11 -14 -8 -49 -6
right_child=1 39 3 9 50 13 48 10 -10 46 44 12 47 -15 -16 16 -18 18 19 -21 -22 22 30 27 25 -27 -28 28 -30 33 36 -33 35 34 -36 -37 37 -39 -40 -41 -42 -43 -44 45 -46 -47 -48 49 -50 -51 -52
leaf_value=-0.023705475656730753 -0.6606241639955619 -0.007071961637798203 0.0080858634342605446 0.035014418690331714 0.021736866413755811 1.7878076219241004 -2.5569957259167744 0.065863845132399429 0.06295426888044417 -0.036752528093894232 0.016946411584631206 -0.01398060890890406 -0.072370450492095617 0.067967288198210379 -0.44306067064581584 0.92339472845558734 -0.21351928885916624 1.2688907053489147 1.4452572978517648 -0.009174174702587308 0.8348602588612285 0.0015522475125781638 -0.38311884443735145 0.27271347089679854 -3.5568870245202198 -0.024574403569299283 -1.6279123163636637 -1.9983280701182127 -2.6302061115501432 0.48223565293639503 -0.1630247871688093 2.8649092893850212 -0.046998085008833013 -0.051203552372213981 0.06917575432369176 3.7839985113833898 -0.022465869085241192 0.31603740028755495 3.04068381434262 -0.165965972845182 1.4303411061821885 0.05529063543482779 -0.031207412514075942 -0.71549156439243033 -0.0087169173730706397 -0.039020476143089108 0.010951620531849922 -0.27128219082700439 -1.1341656083841205 -5.5661577792399708 1.92201094136134
leaf_weight=25 27 31 22 21 20 22 20 32 29 20 20 37 21 26 37 32 24 24 33 26 37 21 26 28 39 22 22 34 38 25 22 21 28 25 27 34 30 22 23 30 28 22 29 30 23 25 20 20 20 21 24
leaf_count=25 27 31 22 21 20 22 20 32 29 20 20 37 21 26 37 32 24 24 33 26 37 21 26 28 39 22 22 34 38 25 22 21 28 25 27 34 30 22 23 30 28 22 29 30 23 25 20 20 20 21 24
internal_value=0.000285714 0.000701914 0.000965251 0.00333333 0.00606061 0.000564334 -0.00141791 -0.000701754 0.00296296 0.00119048 -0.00183908 -0.0029771 -0.00454545 0.000733411 0.000588235 0.000778894 0.000620155 0.000773333 0.00154791 0.00355705 0.000387597 -0.000316742 -0.000964467 -0.000145773 -0.00217391 -0.00508197 0.00111111 0.000877193 -0.000469799 0.000990991 0.000578512 0.00361702 0.00463415 0.00298701 0.00115385 0.00333333 -0.00135135 0.000384615 0.00409091 -0.00377049 0.00142857 0.00341772 0.00192982 -0.00342105 0.00162791 -0.00490909 -0.002 -0.00645161 -0.0055 -0.00804878 0.00863636
internal_weight=1365 1097 1036 150 66 886 268 228 54 84 174 131 99 859 833 796 774 750 407 149 258 221 197 343 115 61 54 228 149 111 121 47 123 77 52 90 74 52 44 61 56 79 57 76 43 55 40 62 40 41 44
internal_count=1365 1097 1036 150 66 886 268 228 54 84 174 131 99 859 833 796 774 750 407 149 258 221 197 343 115 61 54 228 149 111 121 47 123 77 52 90 74 52 44 61 56 79 57 76 43 55 40 62 40 41 44
is_linear=0
shrinkage=0.01


Tree=47
num_leaves=53
num_cat=0
split_feature=72 13 51 35 20 56 40 21 37 32 14 40 78 28 20 84 37 24 21 13 79 83 6 42 11 40 13 83 14 64 97 40 20 71 44 42 33 28 71 24 4 28 64 87 20 43 6 30 33 33 36 13
split_gain=15.9854 11.7578 11.5755 13.844 9.40783 8.93393 8.33027 7.82766 9.13847 7.76681 7.55687 9.06703 7.42143 7.40227 12.6187 9.43884 6.95901 16.3918 9.62115 8.50218 8.41492 8.24176 6.72856 6.66667 6.22487 6 6.18575 5.84429 5.66627 10.3058 10.1137 6.59933 7.17283 5.80993 5.60303 5.48821 5.37901 5.82165 5.03908 6.36965 6.83272 6.86665 5.96624 6.2751 5.26914 4.71873 4.49557 3.74912 3.57819 4.61385 3.51054 1.6
threshold=1365.6245000000001 1226.2000000000003 1.0000000180025095e-35 28.375000000000004 2695.4500000000003 -0.60785761079279388 64.250000000000014 29.325000000000006 11.250000000000002 135.75000000000003 17411.950000000001 122.25000000000001 930.31812500000012 28.775000000000002 664.00000000000011 545.01223958333355 95.750000000000014 6.0250000000000012 26.425000000000001 8138.3000000000011 418.08064797876744 2354.0999999999972 6122.4750000000013 115.29999923706056 36674.600000000006 45.250000000000007 11888.800000000001 2045.4000000000017 15629.150000000003 1602.1500000000003 0.11458333333333336 66.250000000000014 1262.7500000000002 846.00400000000013 3.1074999570846562 138.57499694824222 57.750000000000007 26.625000000000004 875.81000000000006 14.025000000000002 3317.5200000000004 22.675000000000001 1450.7640000000004 0.11458333333333336 912.15000000000009 71.299999237060561 7904.005000000001 93.250000000000014 195.25000000000003 168.75000000000003 86.750000000000014 5313.1500000000005
decision_type=2 2 2 2 2 2 2 2 2 2 2 2 2 2 2 2 2 2 2 2 2 2 2 2 2 2 2 2 2 2 2 2 2 2 2 2 2 2 2 2 2 2 2 2 2 2 2 2 2 2 2 2
left_child=1 27 3 5 7 6 -2 8 -3 -8 22 12 -12 16 47 23 28 45 19 20 -19 -20 38 -16 50 -21 -27 -1 30 31 33 -30 46 -10 -6 -24 -32 -38 42 40 41 -40 43 -7 -42 -18 -33 -15 49 -17 -9 -22
right_child=2 4 -4 -5 34 10 9 24 13 -11 11 -13 -14 14 15 48 17 18 21 25 51 -23 35 -25 -26 26 -28 -29 29 -31 36 32 -34 -35 -36 -37 37 -39 39 -41 44 -43 -44 -45 -46 -47 -48 -49 -50 -51 -52 -53
leaf_value=-0.044784553257529461 -0.054747205082537644 3.5759817397083635 -10.275951245939805 0.01394731317532822 3.2154194723113614 -2.1335159362006029 2.345529364415865 0.10264526032905412 -0.024051729110682273 0.00090652376981113824 -0.75218635143760515 -0.025646671675908169 0.760112029227203 -0.041733700753303127 0.050949166245384897 -0.041043704575927244 0.044871960396110105 -0.071176222858771204 3.0195737604962285 -3.0027111189856162 0.038106032671313114 0.046262081676608335 -0.55340612866303407 0.0022840183218866849 0.0035130851522302653 -0.84864600589895245 0.87502609668395681 -0.00083556614658704062 -0.72702081594659462 3.6491630175573695 -2.1963419852051609 -0.20912959066787448 1.5316914664645038 2.8393275220801679 0.01111424929137815 -0.0070012420214202219 0.28505191151242626 -0.3528349702857308 0.044103164468208444 -0.27842773769634704 0.0047227776634979901 -0.0073557823604077678 -2.0723631432201066 0.016577211039164076 -0.10584078517558952 0.98144836550435655 0.035446566551444313 -6.6330507457915138 -4.5296385541045829 0.037343458983674173 2.8968295755502504 0.88462906211316239
leaf_weight=23 26 37 29 24 24 23 30 22 27 33 20 28 27 25 30 22 20 26 30 25 20 35 30 30 30 29 21 20 20 20 26 28 30 20 20 23 20 22 37 23 23 28 23 22 35 39 30 24 22 20 24 20
leaf_count=23 26 37 29 24 24 23 30 22 27 33 20 28 27 25 30 22 20 26 30 25 20 35 30 30 30 29 21 20 20 20 26 28 30 20 20 23 20 22 37 23 23 28 23 22 35 39 30 24 22 20 24 20
internal_value=0.000344322 0.00114642 -0.0011157 -0.000725275 0.00140811 -0.00113689 0.00168539 0.00115869 0.000835655 0.00365079 -0.00187135 0.000933333 0.00361702 0.000572687 -0.00121387 0.000483871 0.0011811 0.00230189 0.000970874 -0.000496454 0.00212121 0.00415385 -0.00265918 0.00333333 0.00421053 -0.0028 -0.0008 -0.00395349 -4.11523e-05 0.00140625 -0.00165217 0.000185185 0.00136364 0.00191489 0.00590909 -0.00584906 -0.00411765 -0.00190476 -0.00186916 -0.000821918 8.13008e-05 0.00230769 -0.00411765 -0.002 -0.00241379 0.00694915 -0.000689655 -0.0055102 -0.0021875 -0.00047619 0.00652174 0.005
internal_weight=1365 881 484 455 838 431 89 794 718 63 342 75 47 681 173 124 508 265 206 141 66 65 267 60 76 75 50 43 243 128 115 108 88 47 44 53 68 42 214 146 123 65 68 45 58 59 58 49 64 42 46 40
internal_count=1365 881 484 455 838 431 89 794 718 63 342 75 47 681 173 124 508 265 206 141 66 65 267 60 76 75 50 43 243 128 115 108 88 47 44 53 68 42 214 146 123 65 68 45 58 59 58 49 64 42 46 40
is_linear=0
shrinkage=0.01


Tree=48
num_leaves=54
num_cat=0
split_feature=79 33 5 94 62 21 36 61 25 7 45 1 7 68 35 1 92 1 36 5 62 1 36 66 79 100 65 100 91 69 69 33 68 69 1 45 62 43 22 36 69 63 27 38 11 36 1 43 35 14 70 5 4
split_gain=8.42195 7.78241 7.05517 12.0643 8.12398 6.64368 6.57301 5.31264 7.56571 9.9165 11.0251 9.43554 7.51913 9.69652 10.9595 9.35365 9.22168 8.01099 7.38529 7.27401 9.29932 6.64953 6.66539 6.18617 10.5465 5.83987 5.81818 5.68116 5.62791 5.51677 6.5625 6.60571 6.90051 5.50556 5.48173 5.41855 6.36822 5.21888 8.29962 5.84662 5.42363 4.98617 4.48831 4.37838 4.26087 4.06923 3.93075 3.70995 3.62799 3.47037 2.8513 2.16 1.6
threshold=708.15994062793311 101.75000000000001 2883.6250000000005 589342.59743468754 1375.0500000000002 20.325000000000006 63.750000000000007 36564.750000000007 194.00000000000003 13.010000000000003 22806.000000000004 14004.900000000003 1396.7450000000001 1503.4000000000003 23.275000000000002 13991.200000000003 24943.167918750005 14487.100000000002 74.250000000000014 6680.630000000001 1062.4400000000003 12456.700000000003 87.250000000000014 1699.0500000000002 223.77343867098492 0.39930555555555564 25832.700000000004 0.64930555555555569 28896.050043750005 30978.550000000003 34567.400000000009 174.50000000000003 1098.5530000000001 30745.100000000002 14661.750000000002 26021.000000000004 1290.5500000000002 79.130001068115249 92.250000000000014 87.750000000000014 31889.350000000002 29454.650000000005 69.250000000000014 5.8750000000000009 41054.400000000001 87.250000000000014 16108.050000000001 68.305000305175795 26.325000000000006 15679.150000000003 1200.4805000000003 1797.5750000000003 9490.3000000000011
decision_type=2 2 2 2 2 2 2 2 2 2 2 2 2 2 2 2 2 2 2 2 2 2 2 2 2 2 2 2 2 2 2 2 2 2 2 2 2 2 2 2 2 2 2 2 2 2 2 2 2 2 2 2 2
left_child=2 41 3 5 43 -1 -4 8 9 10 -8 -10 13 14 -11 16 -16 45 34 20 -20 26 50 24 -22 -14 -18 48 33 52 31 -31 -33 -26 -15 36 44 38 40 42 -19 -2 -39 -5 -9 -17 -42 -37 -27 -30 -23 -45 -13
right_child=1 -3 6 4 -6 -7 7 35 11 12 -12 29 25 18 15 17 21 37 19 -21 23 22 -24 -25 28 27 -28 -29 49 30 -32 32 -34 -35 -36 47 -38 39 -40 -41 46 -43 -44 51 -46 -47 -48 -49 -50 -51 -52 -53 -54
leaf_value=-0.044336707724954162 -0.79051889329663971 0.014293565528106747 -0.81371122538151097 -0.27564346031938358 0.0032901190479751453 0.032904491574556369 0.082655657427483153 -0.013834656892535345 -0.82913940895443417 4.6786552239433901 -4.1372304501212476 10.227857222132243 -0.96566375505290836 0.0017191157228833675 -0.2639094812146307 1.4849251491328379 0.5202295056733327 -0.38922554657497649 -2.5373313808135003 0.014600305510268186 0.041265782685503717 0.75417443373287374 1.0569350048155881 -0.025364309241677829 -0.017818817872469309 -0.034558813812589614 -0.73995270603554053 -0.027286638854175777 -1.7197279660469105 -0.025503331403476829 0.080238571713452111 4.4845095110156308 -0.016062520887793929 0.046725571873319771 0.021359863897346797 -0.0097788882101475325 0.013411761033821488 1.7639351853916541 3.5298546143713838 3.8306255164240599 1.5848291609691274 -2.1116113731968937 -0.042778245665063094 -0.07109927393634928 -2.1990803130190124 0.29693083026672101 -0.0065398398870680019 0.055250497692311121 0.18071562175009839 -0.019758097317680669 -0.083013260702660963 -2.4333279759384996 0.052430068753481995
leaf_weight=29 24 27 30 25 32 25 21 23 21 22 25 20 38 22 34 32 22 21 25 39 22 21 27 34 23 25 22 23 20 20 36 24 26 20 21 36 21 22 21 38 23 22 20 25 23 20 37 26 21 23 22 24 20
leaf_count=29 24 27 30 25 32 25 21 23 21 22 25 20 38 22 34 32 22 21 25 39 22 21 27 34 23 25 22 23 20 20 36 24 26 20 21 36 21 22 21 38 23 22 20 25 23 20 37 26 21 23 22 24 20
internal_value=0.000153846 -0.00315068 0.000340557 -0.001625 -0.00358491 0.00222222 0.000618375 0.000744102 0.000996917 0.000595533 -0.00391304 0.00293413 0.000868421 0.00127106 0.00222772 0.00183246 -0.000135135 0.00307692 -0.000281124 -0.00106796 -0.00197605 0.00122807 0.00314286 -0.000985915 0.000185185 -0.00158879 -0.00181818 0.000144928 -0.00139535 0.00383562 0.00264151 0.000857143 0.0028 0.00116279 0.00348837 -0.00116279 -0.00313433 0.00208791 0.000588235 0.004 -0.000864198 -0.00565217 0.00142857 -0.00540541 -0.00521739 0.00653846 0.000666667 0.000967742 0.00217391 -0.00395349 0.000697674 -0.00714286 0.007
internal_weight=1365 73 1292 160 106 54 1132 1102 973 806 46 167 760 653 404 382 148 234 249 206 167 114 70 142 108 107 44 69 86 146 106 70 50 43 43 129 67 182 102 80 81 46 42 74 46 52 60 62 46 43 43 49 40
internal_count=1365 73 1292 160 106 54 1132 1102 973 806 46 167 760 653 404 382 148 234 249 206 167 114 70 142 108 107 44 69 86 146 106 70 50 43 43 129 67 182 102 80 81 46 42 74 46 52 60 62 46 43 43 49 40
is_linear=0
shrinkage=0.01


Tree=49
num_leaves=55
num_cat=0
split_feature=51 94 84 99 68 34 33 98 76 79 36 66 84 79 11 66 23 98 28 43 99 40 94 2 99 100 83 16 40 46 97 23 99 4 21 23 98 4 16 10 34 33 28 83 78 28 99 11 38 79 39 1 38 79
split_gain=8.21574 7.34737 7.15139 9.94412 12.4639 11.4546 9.37827 8.5712 13.9701 8.34388 7.73562 8.90075 7.46329 13.0368 11.5121 8.21314 9.67649 8.96524 9.25538 9.3901 7.98705 8.29077 7.44633 7.43547 11.7917 16.2628 7.27706 6.98535 8.6371 7.67343 7.1506 7.41026 6.84038 6.68783 6.67047 6.63758 6.30154 6.4 6.12245 5.89667 5.86707 4.93314 5.57608 4.90742 6.39938 4.72171 4.24242 3.86061 3.66288 3.43027 3.20248 2.52723 2.23184 1.9451
threshold=1.0000000180025095e-35 726399.1504950003 1243.3241458333334 0.072916666666666671 1405.9160000000004 87.250000000000014 0.75000000000000011 0.47569444444444448 36923.995833333342 395.551123353994 77.250000000000014 1486.5455000000002 423.20393749999999 449.58896938618915 35079.350000000013 683.20000000000016 22.250000000000004 0.19097222222222224 20.725000000000005 87.495002746582045 0.13541666666666671 107.75000000000001 564684.50165187521 2988.8235000000004 0.46875000000000006 0.60069444444444453 1997.5499999999995 5379.2000000000007 59.250000000000007 104.72500228881837 0.90625000000000011 95.750000000000014 0.88541666666666685 4303.9650000000011 20.575000000000006 76.250000000000014 0.46180555555555564 8480.465000000002 5580.8000000000002 39365.350000000013 71.250000000000014 149.75000000000003 23.575000000000006 2597.5500000000034 414.3238784722223 26.925000000000004 0.36458333333333343 41839.900000000001 8.0750000000000028 623.01504376014441 172.75000000000003 15033.650000000001 6.3750000000000009 581.9824365659847
decision_type=2 2 2 2 2 2 2 2 2 2 2 2 2 2 2 2 2 2 2 2 2 2 2 2 2 2 2 2 2 2 2 2 2 2 2 2 2 2 2 2 2 2 2 2 2 2 2 2 2 2 2 2 2 2
left_child=2 -2 3 4 5 35 -4 8 9 38 22 -12 13 26 -15 16 -14 18 -17 41 -19 33 -9 50 47 -26 -5 29 -29 -13 34 -32 43 49 -30 -1 37 -23 -8 -28 -37 42 -20 44 -16 -46 -44 -25 -36 -22 -18 -35 -52 -11
right_child=1 -3 6 12 -6 -7 7 10 -10 53 11 27 15 14 32 17 23 20 19 -21 21 36 -24 24 25 -27 39 28 30 -31 31 -33 -34 51 48 40 -38 -39 -40 -41 -42 -43 46 -45 45 -47 -48 -49 -50 -51 52 -53 -54 -55
leaf_value=-0.13760794604702434 -8.6869790946413978 0.29500194574494976 -0.76042044063104186 0.78451968447699472 -2.4634793219515343 -1.85079820134932 -0.20992341006113127 -0.0013500283591132583 -0.040969850598092494 3.6747822635844738 -0.25034350862119686 1.3586308117894013 -0.043666442216574029 -0.062559818211055856 -0.036357214861572673 3.4402017271582861 1.068535878702769 2.9872169669624835 -0.08121449109030536 2.9465120079850404 -0.023813763972309793 -0.05313631245556983 0.052733186041787977 0.026158562208555908 -4.5563886314543893 0.97698716257957585 -0.01395673545066067 -0.37128270275978742 -0.066097709561772133 0.00030514620403313154 0.0052226373659585027 -0.048330849498888287 0.017569078874105852 -2.2765879891165697 0.76843692423945043 1.4735003887712435 0.12262250316668105 0.0085788841268434508 0.61750259558115606 0.070355277397869703 -0.080478066753314759 -1.0124249792633526 2.6371091148436414 0.019553491836209268 -3.8207358966959548 0.016546466800382107 -0.0017874540557315782 0.35821674642586365 0.33133718101001353 0.022135973228221618 0.040807096288266155 -0.65531233544114598 0.041224466127537988 1.8914455785165825
leaf_weight=20 31 20 23 33 32 22 21 24 23 31 29 23 22 36 36 24 22 21 31 20 21 20 31 30 27 22 21 29 25 22 25 27 20 29 26 34 25 20 28 23 21 32 22 22 24 23 20 22 20 23 20 20 27 20
leaf_count=20 31 20 23 33 32 22 21 24 23 31 29 23 22 36 36 24 22 21 31 20 21 20 31 30 27 22 21 29 25 22 25 27 20 29 26 34 25 20 28 23 21 32 22 22 24 23 20 22 20 23 20 20 27 20
internal_value=0.000212454 -0.00372549 0.000365297 -0.000146561 -0.00271318 -0.000927835 0.00142857 0.00178218 0.00398374 0.0056 0.000818505 0 0.000290237 -0.00117647 -0.00279503 0.000961538 0.00260417 0 0.00181208 0.00072 -0.00150838 -0.00227848 0.00418182 0.00341176 0.00168317 -0.00183673 0.00220779 0.000761421 -0.000263158 0.00422222 0.000894309 -0.00192308 -0.00136 -0.00419355 0.00295775 0.000933333 0.000461538 -0.002 0.00265306 -0.000454545 0.00272727 -0.00047619 0.000958904 -0.00238095 -0.00349398 -0.00106383 0.00333333 0.005 0.00521739 -0.00136364 0.00594203 -0.00673469 0.00446809 0.00843137
internal_weight=1365 51 1314 887 129 97 427 404 123 100 281 226 758 238 161 520 192 328 149 125 179 158 55 170 101 49 77 197 152 45 123 52 125 93 71 75 65 40 49 44 55 105 73 105 83 47 42 52 46 44 69 49 47 51
internal_count=1365 51 1314 887 129 97 427 404 123 100 281 226 758 238 161 520 192 328 149 125 179 158 55 170 101 49 77 197 152 45 123 52 125 93 71 75 65 40 49 44 55 105 73 105 83 47 42 52 46 44 69 49 47 51
is_linear=0
shrinkage=0.01


Tree=50
num_leaves=53
num_cat=0
split_feature=13 74 20 64 33 10 90 91 65 46 66 41 90 57 19 20 39 69 11 41 2 69 11 10 77 60 60 0 28 31 97 13 8 36 26 33 39 2 0 17 25 47 60 74 7 66 11 69 36 29 39 43
split_gain=9.28738 10.9566 11.2339 10.8514 9.11284 12.7403 8.01515 8.91266 7.63276 7.78617 8.62564 7.37741 6.02252 7.12443 5.54168 11.0175 5.32867 5.30163 5.48122 7.51033 6.0901 10.5949 8.49123 7.21255 5.30719 4.91894 7.07774 8.13029 10.0839 7.40753 6.63722 6.10909 4.87589 5.92351 6.84214 6.83104 6.93416 7.37735 4.91853 4.85971 4.80769 4.55134 4.13111 5.88 4.00302 3.87516 3.6 3.23 3.10548 2.5 2.43982 1.13778
threshold=1266.2500000000002 1270.1450208333338 2201.9000000000005 1503.4500000000003 23.750000000000004 32625.550000000003 1446.6154500000005 30041.190206250005 20716.650000000005 91.055000305175795 940.57000000000016 101.75000000000001 3060.8644500000005 -0.56174490092936669 240.90000000000003 513.25000000000011 92.250000000000014 24550.750000000004 31920.950000000004 82.750000000000014 2995.9500000000003 30368.250000000004 38456.650000000001 39225.600000000006 3042.5567404439121 888.66700000000003 394.55000000000007 37333.950000000004 29.675000000000004 5.0750000000000011 0.36458333333333343 5499.0500000000002 422.65881578947375 75.750000000000014 1.0000000180025095e-35 116.50000000000001 153.75000000000003 3118.0000000000005 33050.650000000009 132.80000000000004 29.250000000000004 1.0000000180025095e-35 1145.1360000000002 443.05139583333334 30.495000000000005 1187.0635000000002 35837.30000000001 30490.950000000004 86.250000000000014 85.250000000000014 137.75000000000003 82.674999237060561
decision_type=2 2 2 2 2 2 2 2 2 2 2 2 2 2 2 2 2 2 2 2 2 2 2 2 2 2 2 2 2 2 2 2 2 2 2 2 2 2 2 2 2 2 2 2 2 2 2 2 2 2 2 2
left_child=6 2 8 4 50 -6 -1 -8 -2 10 -10 14 16 -14 -3 46 -11 -18 24 25 21 -21 -22 -24 -19 26 27 28 29 -20 41 -32 33 40 44 36 37 -36 -37 -25 -17 45 43 -23 -35 49 -16 -34 -15 -27 -4 -47
right_child=1 11 3 -5 5 -7 7 -9 9 12 -12 -13 13 48 15 32 17 18 19 20 22 42 23 39 -26 30 -28 -29 -30 -31 31 -33 47 34 35 38 -38 -39 -40 -41 -42 -43 -44 -45 -46 51 -48 -49 -50 -51 -52 -53
leaf_value=-0.13348783455839502 3.9107034425575367 1.4227929062404476 -3.3985197927045294 0.13121480237722125 -4.0117917034413697 0.021056551476206879 -0.34301128526381841 0.027328988719004216 -0.066974844613368334 -0.023575626332586693 -1.85405629346941 -0.040399441656701576 0.012151734427062235 -0.033921636432473659 -0.04076911734458271 2.1164305779131709 9.9939990144642366 0.027930214694746526 0.2106438357904781 -0.33740117580865286 -0.080577795034659158 0.43663009482746695 0.69115093063367139 -2.5655533170564047 -0.16492431035863775 4.1005475810088035 -0.71448659260094549 1.7101638337166072 -0.016032119909081197 -0.018143231159553928 -0.059567415166767515 0.14586170895364492 0.029849349252336871 0.0055338379093699827 -0.0054691471974129754 1.3450445036715073 0.74845416014591748 2.7407637741686197 -0.0052472684904097313 0.0023404853626617416 0.014189239013936969 0.010250350863258331 2.6198534951725748e-05 1.7666338539895423 -1.5040948606233699 1.4905920869115383 -0.024772256745170113 -0.012838306345615549 -2.1876999519583906 0.043276477392769123 -1.8767540864717993 1.7433476419337626
leaf_weight=22 21 25 29 27 20 23 32 34 39 37 26 37 25 22 20 20 20 21 32 37 38 20 25 20 29 20 24 22 33 30 22 20 21 22 23 25 38 20 39 31 32 24 22 30 21 25 20 23 26 20 24 20
leaf_count=22 21 25 29 27 20 23 32 34 39 37 26 37 25 22 20 20 20 21 32 37 38 20 25 20 29 20 24 22 33 30 22 20 21 22 23 25 38 20 39 31 32 24 22 30 21 25 20 23 26 20 24 20
internal_value=0.000188679 0.000403101 -0.000199115 -0.00300813 -0.00458333 -0.00116279 -0.00295455 -0.00121212 0.000243278 7.89474e-05 -0.00323077 0.00181347 0.000388489 -0.00232877 0.00226361 0.00191358 0.000707395 0.000940171 0.000761062 0.00106796 -0.000313901 0.00137615 -0.00192982 0 -0.0024 0.00212329 0.000780142 0.00179487 0.000526316 0.00290323 0.00337748 0 0.00260563 0.00316667 0.00234043 0.00337931 0.00530864 0.00255814 0.0009375 -0.00215686 0.00615385 0.0046789 0.00361111 0.0052 -0.00116279 0.00576471 -0.003 -0.000454545 -0.00458333 0.0035 -0.00735849 0.00777778
internal_weight=1378 1290 904 123 96 43 88 66 781 760 65 386 695 73 349 324 622 585 565 515 223 109 114 76 50 292 141 117 95 62 151 42 284 240 188 145 81 43 64 51 52 109 72 50 43 85 40 44 48 40 53 45
internal_count=1378 1290 904 123 96 43 88 66 781 760 65 386 695 73 349 324 622 585 565 515 223 109 114 76 50 292 141 117 95 62 151 42 284 240 188 145 81 43 64 51 52 109 72 50 43 85 40 44 48 40 53 45
is_linear=0
shrinkage=0.01


Tree=51
num_leaves=51
num_cat=0
split_feature=72 100 40 66 79 28 2 26 91 10 71 70 38 37 6 16 13 26 100 63 2 43 68 26 33 39 39 70 28 40 43 78 62 71 22 28 40 66 26 38 20 16 71 16 27 2 33 28 33 2
split_gain=10.3736 11.0231 9.21745 8.38373 8.0851 8.71757 10.8458 13.2729 7.56313 10.1588 7.49545 6.83379 6.41581 5.96951 5.63002 5.61015 8.89629 5.32008 5.29922 5.23001 6.4365 5.38985 8.27587 6.45059 8.08069 8.11453 7.65107 7.31517 7.37524 6.95136 6.9888 7.76566 6.08114 5.79294 5.17021 8.33018 9.89104 6.40381 5.0625 4.58373 6.50608 4.48718 3.97867 5.89324 3.94592 3.75208 3.74657 3.37191 2.67442 1.6
threshold=1365.6245000000001 0.64930555555555569 164.25000000000003 1.1355000000000002 92.564818785138542 28.675000000000004 3270.5280000000007 12.750000000000002 27062.329100000003 26741.900000000005 1114.1540000000002 1455.6435000000004 4.4750000000000005 7.7500000000000009 5436.1850000000004 6829.7000000000007 10926.000000000002 40.750000000000007 0.78819444444444453 21742.050000000007 2110.2500000000005 70.99499893188478 0.10200000000000002 65.250000000000014 178.75000000000003 108.25000000000001 121.75000000000001 718.46600000000012 28.525000000000002 89.750000000000014 79.009998321533217 864.97609375000013 1486.1455000000003 1126.0000000000002 91.750000000000014 29.525000000000002 74.250000000000014 1059.7215000000003 2.2500000000000004 8.8750000000000018 936.30000000000007 6073.7000000000016 1.0040000000000002 5725.5000000000009 85.750000000000014 2834.1500000000005 28.250000000000004 23.625000000000004 178.25000000000003 3020.1500000000005
decision_type=2 2 2 2 2 2 2 2 2 2 2 2 2 2 2 2 2 2 2 2 2 2 2 2 2 2 2 2 2 2 2 2 2 2 2 2 2 2 2 2 2 2 2 2 2 2 2 2 2 2
left_child=1 13 4 15 -2 6 8 46 9 -6 42 -12 -13 -1 47 16 18 38 -3 -15 -21 34 39 24 25 -24 -27 28 -25 33 -31 -32 48 -28 35 36 -22 41 -11 40 -23 -38 43 -10 -18 -36 -8 -14 -29 -30
right_child=2 3 -4 -5 5 -7 7 -9 10 17 11 12 14 19 -16 -17 44 -19 -20 20 21 22 23 27 -26 26 29 32 49 30 31 -33 -34 -35 45 -37 37 -39 -40 -41 -42 -43 -44 -45 -46 -47 -48 -49 -50 -51
leaf_value=1.8692267953302035 0.010608009100718754 0.0013327659727291438 0.032676377071526437 -0.16327506725505134 -4.5188133792345386 -5.4567406863779455 0.025404220969211161 -0.835741550603189 -0.63568493332406573 0.032546436517443864 0.56220670695489616 0.01466079372750289 -0.02645595097657016 4.11059012561378 -0.0028603041427576036 -0.012705848486946567 0.052092636587455825 0.11122086907199283 0.44719298575690547 -2.7973638976611443 -0.84687798560163718 4.7743645032654713 -0.40718905739664207 0.067734530818411229 -0.78398402918028809 2.8399107304086448 -1.543666367804772 0.59071513353037308 -0.17508309974053848 -0.01180522037413894 0.2839675630211792 0.066587207761276648 0.77097617317489209 0.50014974545390223 0.49335332045264907 0.02025667563239238 0.0062286515190908814 0.84019690838875971 -0.020402874056469639 6.2662465287374598 0.014733133057951471 -0.99145507238233366 -2.9018567227879584 -0.0054144557254388456 -0.088672816299447024 0.0038143176634409847 0.32491927920771296 -0.066315734559516878 4.9534536950110368 0.0024950847489513006
leaf_weight=26 34 28 22 25 31 27 20 34 30 32 22 21 20 21 32 26 22 24 22 28 33 27 34 35 27 38 38 20 20 21 30 36 20 29 23 33 26 21 32 20 31 28 36 29 30 24 21 26 23 20
leaf_count=26 34 28 22 25 31 27 20 34 30 32 22 21 20 21 32 26 22 24 22 28 33 27 34 35 27 38 38 20 20 21 30 36 20 29 23 33 26 21 32 20 31 28 36 29 30 24 21 26 23 20
internal_value=0.000290276 0.000937853 -0.000872211 -0.00150327 -0.00116773 -0.00153318 -0.00117073 0.00226667 -0.0019403 8.40336e-05 -0.00305556 -0.00140496 -0.00252525 0.00144809 -0.00384615 -0.00046875 0.000588235 0.00181818 0.0036 0.00127479 0.00112409 0.0013242 0.00189765 0.00130435 0.000355731 0.000973451 0.00177083 0.00304348 0.000933333 0.000779221 0.00264368 0.00424242 0.00555556 -0.00164179 -0.000106383 -0.00106383 -0.00240741 -0.0004 0.0003125 0.00487179 0.00344828 -0.00222222 -0.00515789 -0.00355932 -0.00230769 0.00276596 0.00609756 -0.00608696 0.00767442 -0.002
internal_weight=1378 885 493 153 471 437 410 75 335 119 216 121 99 732 78 128 102 88 50 706 685 657 469 391 253 226 192 138 75 154 87 66 63 67 188 141 108 75 64 78 58 54 95 59 52 47 41 46 43 40
internal_count=1378 885 493 153 471 437 410 75 335 119 216 121 99 732 78 128 102 88 50 706 685 657 469 391 253 226 192 138 75 154 87 66 63 67 188 141 108 75 64 78 58 54 95 59 52 47 41 46 43 40
is_linear=0
shrinkage=0.01


Tree=52
num_leaves=50
num_cat=0
split_feature=69 26 91 28 96 66 31 37 72 28 77 41 16 10 66 41 56 77 25 37 42 16 62 77 30 94 26 83 83 27 37 43 91 27 82 82 31 63 90 67 3 27 35 79 0 80 28 27 43
split_gain=9.91756 9.60837 10.6104 12.9497 10.1684 8.33209 11.0596 9.49051 10.0718 8.18839 7.70756 10.5206 10.0724 8.56307 7.67069 7.65808 7.65316 9.32621 8.27548 8.65829 7.30437 7.11111 6.88349 6.53874 6.49777 6.1878 5.92917 5.8506 8.69001 8.44362 5.91053 6.1164 5.71667 5.41729 9.19617 7.75951 8.06667 5.71806 5.25191 4.9324 4.9 4.8113 6.10159 5.53913 4.7619 4.6152 6.17775 2.70941 2.36605
threshold=24550.750000000004 66.750000000000014 30328.706318750006 28.275000000000002 1.0000000180025095e-35 1.1920000000000004 9.0750000000000011 13.750000000000002 896.37400000000014 30.475000000000005 4666.1556419380531 72.250000000000014 5900.8000000000011 32585.050000000007 1.0895000000000004 93.250000000000014 0.87837969732492682 4313.8251694830678 209.25000000000003 90.250000000000014 148.87500000000003 4832.1500000000005 941.40000000000009 4001.6695332754302 28.750000000000004 510980.00497031264 49.250000000000007 2272.200000000003 2447.4999999999986 81.250000000000014 99.250000000000014 75.849998474121108 33150.413831250007 20.250000000000004 -3.5420000000000296 31.505499999999987 11.625000000000002 28025.850000000002 1545.9538500000003 30476.300000000007 14038.250000000002 34.750000000000007 25.025000000000002 313.51703309567023 32196.450000000004 36637.985069444454 23.775000000000002 80.250000000000014 75.049999237060561
decision_type=2 2 2 2 2 2 2 2 2 2 2 2 2 2 2 2 2 2 2 2 2 2 2 2 2 2 2 2 2 2 2 2 2 2 2 2 2 2 2 2 2 2 2 2 2 2 2 2 2
left_child=21 2 3 5 9 6 -2 40 22 24 11 13 -12 -4 32 25 17 18 23 -20 48 -1 -9 -6 -3 -10 33 30 -29 -30 31 -26 -13 37 -35 36 44 -27 47 -23 -7 42 -37 -43 -36 46 -15 -16 -5
right_child=1 4 10 20 16 7 -8 8 15 -11 12 14 -14 45 38 -17 -18 -19 19 -21 -22 39 -24 -25 27 26 -28 28 29 -31 -32 -33 -34 34 35 41 -38 -39 -40 -41 -42 43 -44 -45 -46 -47 -48 -49 -50
leaf_value=6.3846934168401832 0.76783625682638101 -0.041296530212732128 -0.0019411469018681443 -5.7309062117734628 0.0030151732773150987 0.0034378419069580725 -0.013937731950642296 -0.011687168170397513 -1.8139878566973695 3.0905072385170058 0.021124057221082033 -0.0046709886494215071 -2.2435861078834716 1.4724081450667643 -0.049448486328776992 -3.0232949144569154 -3.3173329104767717 -0.18994936504226659 0.011365450612691404 -0.21550235038911283 0.0070535837452565617 3.4390705651625231 2.8582833290242355 0.47629474031659286 0.1161536457281709 -0.12617224783955483 -0.38459213231208628 -0.12008856188095809 1.204101801148812 -0.01036253347653014 0.018642004834805933 1.1897451186908359 0.12028506351470344 1.3201606050216077 -0.40890364701111664 0.014375513767234741 0.016978166746575953 -1.9599371040782729 0.0013719573451251269 -0.1109214270241172 1.047953920652102 0.2802903980111483 -1.3799802477087226 0.0099095631505903194 -0.0090678359113332222 0.049588329569930589 0.0056012499005846251 -0.021350513154792816 -0.99708097458785405
leaf_weight=24 37 37 35 24 36 20 24 31 24 31 24 28 31 30 21 36 24 20 23 29 22 26 38 26 27 25 22 20 26 36 36 36 20 38 35 21 20 27 38 22 20 20 24 26 25 25 31 20 37
leaf_count=24 37 37 35 24 36 20 24 31 24 31 24 28 31 30 21 36 24 20 23 29 22 26 38 26 27 25 22 20 26 36 36 36 20 38 35 21 20 27 38 22 20 20 24 26 25 25 31 20 37
internal_value=0.000275762 7.65697e-05 -0.000500556 -0.00127517 0.00135135 -0.000682261 0.00278689 -0.00115044 -0.00160194 0.00261044 0.0010231 0.00177419 -0.00236364 0.0038843 -0.00023622 -0.00230321 -0.000632911 0.000298507 0.00140351 -0.00153846 -0.00493976 0.00388889 0.00188406 0.00387097 0.00192661 -0.00179153 -0.00137809 0.00270718 0.000731707 0.00258065 0.00434343 0.00619048 0.00291667 -0.000957854 -0.000239234 -0.00122807 -0.0035 -0.00384615 -0.0021519 0.00166667 0.0035 0.000769231 -0.00155556 0.00304348 -0.00533333 0.0055814 0.00409836 -0.00463415 -0.00672131
internal_weight=1378 1306 899 596 407 513 61 452 412 249 303 248 55 121 127 343 158 134 114 52 83 72 69 62 218 307 283 181 82 62 99 63 48 261 209 171 80 52 79 48 40 91 45 46 60 86 61 41 61
internal_count=1378 1306 899 596 407 513 61 452 412 249 303 248 55 121 127 343 158 134 114 52 83 72 69 62 218 307 283 181 82 62 99 63 48 261 209 171 80 52 79 48 40 91 45 46 60 86 61 41 61
is_linear=0
shrinkage=0.01


Tree=53
num_leaves=54
num_cat=0
split_feature=20 22 38 8 93 76 67 38 31 21 81 14 11 22 83 22 40 81 14 25 80 8 25 93 95 6 63 31 82 76 82 25 81 4 68 81 98 99 100 68 43 20 20 8 80 71 25 33 34 14 6 25 21
split_gain=9.32137 10.728 9.62287 7.39576 7.22677 6.48 6.30438 5.82173 8.80679 7.67491 9.43146 12.8659 6.07436 8.43272 8.11228 7.47368 13.0283 6.04688 11.299 12.823 6.2719 5.49491 4.81916 5.40128 5.19245 7.25869 8.08702 8.40455 7.67989 8.62564 8.19754 7.18858 6.96716 6.09524 4.45455 4.05841 5.77916 10.9254 9.96399 7.18781 9.27118 7.80899 7.31939 7.53266 5.00087 3.81111 3.64034 3.42857 3.35748 3.23617 2.96409 2.56098 0.9
threshold=2354.0500000000006 87.250000000000014 4.6750000000000016 419.15324324324331 422.20236842105265 35097.45520833334 38728.600000000006 12.325000000000001 23.750000000000004 24.375000000000004 4030.3375669901066 15061.000000000002 31920.950000000004 89.750000000000014 1815.4000000000017 75.250000000000014 84.750000000000014 3556.2332558008825 14914.200000000003 208.25000000000003 39193.759027777785 397.38930555555561 249.75000000000003 424.46243243243248 1.0000000180025095e-35 7317.8650000000007 27833.500000000004 3.2750000000000008 -3.5420000000000296 35280.089583333342 324.43849999999998 30.750000000000004 4715.7025718233172 3605.3300000000004 1301.1500000000003 3819.749954330734 0.22569444444444445 0.17708333333333334 0.32986111111111116 899.68550000000016 81.02500152587892 1565.1000000000001 936.30000000000007 415.82210526315794 36392.100000000006 1200.6425000000002 133.75000000000003 83.750000000000014 84.250000000000014 20550.650000000005 6029.9400000000014 33.250000000000007 17.525000000000002
decision_type=2 2 2 2 2 2 2 2 2 2 2 2 2 2 2 2 2 2 2 2 2 2 2 2 2 2 2 2 2 2 2 2 2 2 2 2 2 2 2 2 2 2 2 2 2 2 2 2 2 2 2 2 2
left_child=6 2 51 34 5 -3 7 8 12 -9 11 -11 13 50 -15 16 -14 18 19 -17 21 -19 23 24 32 26 -26 -28 -29 30 31 -30 35 -33 -4 46 39 45 -39 41 47 42 43 -37 -44 -38 -23 -41 52 -22 -1 -2 -18
right_child=1 4 3 -5 -6 -7 -8 9 -10 10 -12 -13 15 14 -16 17 48 20 -20 -21 49 22 -24 -25 25 -27 27 28 29 -31 -32 33 -34 -35 -36 36 37 38 -40 40 -42 -43 44 -45 -46 -47 -48 -49 -50 -51 -52 -53 -54
leaf_value=-0.32359401188512077 -1.9403377330374902 -0.021495176669593833 -0.035628679402582096 0.06572050020304214 0.37325524646025715 0.0091257107822799288 -0.033970405392025581 0.019788518192575523 -2.4813481321080708 -0.27299233773636622 -0.46403252224877578 2.9655301116097896 -0.01256096031624844 2.5395509478152865 -0.048523107867842689 -1.6836897780488012 0.086700175635278681 -2.5307961516000512 1.3496623151318476 2.3445047163425019 0.01125179610656449 -2.3641398511779261 -0.0095106778198147095 -0.042831524982193281 0.56264328904085859 2.0053320247606972 -0.071712935989354826 2.8217934928594874 0.025104063416065903 1.5282002798802163 0.163866377791034 -0.064087222609778241 -0.13609916772255659 -0.0057680942135594241 -3.0004998166402754 3.6530843963784445 1.514383540769394 -0.09155784691163206 0.033485546005007909 -0.093918664799804721 0.05500691807875354 3.0844867724446239 -0.035595316460259097 -0.0097532459369429995 0.0022693907954085975 1.3294154988634903 0.0085358555086271597 -0.97233452896805628 0.11409350973113586 3.3520643400557222 -0.10418258625396862 -0.38789372255705884 2.226810880755222
leaf_weight=33 21 25 22 29 21 25 32 35 24 23 34 26 35 27 30 25 20 24 33 24 33 30 25 32 29 24 23 28 22 27 26 21 38 21 22 23 21 25 28 21 38 22 20 20 22 24 21 21 22 21 20 20 20
leaf_count=33 21 25 22 29 21 25 32 35 24 23 34 26 35 27 30 25 20 24 33 24 33 30 25 32 29 24 23 28 22 27 26 21 38 21 22 23 21 25 28 21 38 22 20 20 22 24 21 21 22 21 20 20 20
internal_value=0.00030479 -0.00178378 -0.00368421 -0.00150685 0.00126761 -0.0008 0.000628667 0.000749354 0.000987536 -0.00135593 -0.00301205 -0.000204082 0.00112856 -0.00109091 0.00157895 0.00139714 0.00402062 0.00108374 0.00365854 0.000612245 0.000794521 0.000532544 0.000705521 0.000877193 0.00109244 0.00230769 0.00167513 0.000833333 0.00172414 0.000598291 -0.000888889 -0.0028125 0.000374332 -0.0052381 -0.00409091 0.000833333 0.00129825 0.00326531 0.000188679 0.00026738 -0.002 0.00196262 0.000588235 0.00348837 -0.00238095 0.00688889 -0.00176471 -0.0052381 0.00677419 0.00407407 -0.00396226 -0.00756098 0.0085
internal_weight=1378 185 114 73 71 50 1193 1161 1043 118 83 49 1019 110 57 909 97 812 82 49 730 676 652 627 595 221 197 168 145 117 90 64 374 42 44 336 285 98 53 187 80 107 85 43 42 45 51 42 62 54 53 41 40
internal_count=1378 185 114 73 71 50 1193 1161 1043 118 83 49 1019 110 57 909 97 812 82 49 730 676 652 627 595 221 197 168 145 117 90 64 374 42 44 336 285 98 53 187 80 107 85 43 42 45 51 42 62 54 53 41 40
is_linear=0
shrinkage=0.01


Tree=54
num_leaves=54
num_cat=0
split_feature=69 11 38 69 21 82 1 25 65 79 81 65 42 25 40 34 21 14 25 87 23 17 71 16 28 23 25 75 3 75 97 24 75 38 79 79 20 25 6 24 24 24 11 38 7 71 68 75 4 81 63 42 1
split_gain=7.70224 8.99375 10.1357 7.84459 10.9619 10.9634 9.97677 14.1763 11.4075 9.45678 10.8007 9.31293 8.50488 8.09099 9.6753 8.51129 8.57365 8.52502 8.0156 7.94517 7.93407 8.4401 7.37611 6.98413 6.84378 8.72008 6.70211 8.50822 6.34667 7.05333 6.34168 6.0334 6.60964 6.02686 6.07585 8.29772 7.37575 5.86667 5.77708 7.37872 8.59865 5.6361 6.16126 5.51407 5.15703 4.62857 4.51494 4.26087 4.10894 3.74034 3.6 3.12567 0.9
threshold=24286.800000000003 30397.750000000004 1.9750000000000003 33090.600000000013 29.825000000000006 1498.9500000000003 15804.000000000002 210.75000000000003 28878.800000000007 645.57892213723858 4094.791394943863 28021.300000000003 350.25000000000006 55.250000000000007 92.750000000000014 45.250000000000007 22.575000000000006 14269.100000000002 20.750000000000004 0.46875000000000006 95.750000000000014 149.75000000000003 676.23400000000004 4832.1500000000005 20.975000000000005 69.250000000000014 38.750000000000007 329.14554610593734 9455.3500000000004 334.85904348861771 0.34375000000000006 10.675000000000002 483.13072367222338 3.9750000000000005 652.48210789594395 584.80661383479128 1565.1000000000001 128.75000000000003 7362.0900000000011 8.4250000000000025 5.2750000000000012 8.8750000000000018 35410.700000000004 4.5750000000000011 1491.8400000000004 1159.7415000000003 1602.2500000000002 356.40368525760226 2992.0900000000006 4557.7832899135401 30329.800000000003 145.62500000000003 14551.050000000001
decision_type=2 2 2 2 2 2 2 2 2 2 2 2 2 2 2 2 2 2 2 2 2 2 2 2 2 2 2 2 2 2 2 2 2 2 2 2 2 2 2 2 2 2 2 2 2 2 2 2 2 2 2 2 2
left_child=23 28 50 4 5 12 8 9 11 10 44 -5 13 14 15 18 17 -17 -4 -9 22 31 -12 -1 -15 38 27 -16 -2 -30 -25 32 48 -27 35 36 41 -11 39 40 -26 52 -43 -7 -8 -20 -10 -45 -22 -23 -3 -41 -35
right_child=1 2 3 6 -6 43 7 19 46 37 20 -13 -14 24 26 16 -18 -19 45 -21 21 49 -24 30 25 33 -28 -29 29 -31 -32 -33 -34 34 -36 -37 -38 -39 -40 51 -42 42 -44 47 -46 -47 -48 -49 -50 -51 -52 -53 -54
leaf_value=7.451854171975687 0.043851434690078052 0.030982683687746541 -0.13230967176288555 -1.9494575900120632 3.4877158766975818 -0.0067259619815850311 0.21774355810688042 -0.0072596093882572443 -0.051157819278334599 0.87499990252512161 -0.019012322034825307 0.3289158744041924 0.79416313165739938 -0.82127996650279955 1.8600725958931432 -0.8986106963284084 0.0667565626077119 -0.012435350713085956 0.025499238745879282 -0.045199476099725369 -0.045075064239918632 0.065063295201011714 2.2604178186693833 -0.015612906078824602 -0.0027620236393351262 -0.3448691420830271 0.29920831566729655 -0.023155542261050727 -0.030720376694343795 -3.4837796235994127 4.047575846315091 -2.8831738846382291 -0.038166348442111857 -0.099977775156418466 -0.20803586625059872 1.3617808195179422 -1.2330864918604847 0.015388449517386823 2.1641575019697035 -0.37196187828756033 0.35906152651022621 -0.061246333003428008 0.081914347632180931 1.486003918877316 0.012244415189889422 2.2519795896902663 -0.29795268447129353 1.6605809244014951 0.39073240611243315 -0.010173697993330301 0.55767939737697059 -0.0026908572900914297 -0.003487218974925575
leaf_weight=21 34 20 26 28 26 22 21 39 37 20 37 21 29 20 26 24 20 35 24 31 21 23 33 22 27 35 24 29 20 30 23 25 21 20 31 28 21 24 23 20 33 24 34 23 20 21 38 23 20 20 20 21 20
leaf_count=21 34 20 26 28 26 22 21 39 37 20 37 21 29 20 26 24 20 35 24 31 21 23 33 22 27 35 24 29 20 30 23 25 21 20 31 28 21 24 23 20 33 24 34 23 20 21 38 23 20 20 20 21 20
internal_value=0 -0.000167683 4.88599e-05 -0.000117845 0.000550071 0.000307467 -0.00110647 -0.000253521 -0.00354839 0.000736842 -4.14938e-05 0.000204082 -0.000113821 -0.000375427 0.0010917 -0.0004 -0.00265823 -0.00457627 0.00211268 -0.00428571 -0.001 -0.00246154 0.00171429 0.00333333 -0.00131653 -0.000979228 0.00392405 0.002 -0.00333333 -0.0056 0.00111111 -0.00425287 -0.00258065 -0.00220657 -0.00146067 -0.000612245 -0.00176471 0.005 0.00112903 9.90099e-05 0.00233333 -0.000612245 0.00137931 0.00411765 0.00463415 0.00466667 -0.006 0.00608696 -0.000243902 0.00116279 0.005 -0.00317073 -0.0035
internal_weight=1378 1312 1228 1188 709 683 479 355 124 285 241 49 615 586 229 150 79 59 71 70 200 130 70 66 357 337 79 55 84 50 45 87 62 213 178 147 119 44 124 101 60 98 58 68 41 45 75 46 41 43 40 41 40
internal_count=1378 1312 1228 1188 709 683 479 355 124 285 241 49 615 586 229 150 79 59 71 70 200 130 70 66 357 337 79 55 84 50 45 87 62 213 178 147 119 44 124 101 60 98 58 68 41 45 75 46 41 43 40 41 40
is_linear=0
shrinkage=0.01


Tree=55
num_leaves=52
num_cat=0
split_feature=29 72 95 6 7 2 2 29 2 89 83 81 27 28 60 29 2 99 67 80 77 16 79 40 78 100 79 38 78 77 28 32 13 83 16 79 14 21 32 53 77 97 28 77 88 40 40 7 29 0 77
split_gain=17.2085 8.45138 16.7387 12.3854 8.66316 6.92929 7.00223 6.74923 10.7278 7.40741 6.74694 7.14435 6.59827 9.35541 8.58167 7.30268 8.88961 7.25926 8.76563 11.4354 7.25034 7.49778 7.06494 6.96599 6.39392 6.32099 6.84815 6.28247 7.31429 7.963 6.1667 8.46257 7.08969 5.78224 5.64149 5.34449 7.34487 8.10946 5.7166 5.21096 5.13767 4.84 4.79858 4.42505 4.40479 4.29206 7.0401 5.21387 3.42857 2.53846 2.48902
threshold=96.250000000000014 1444.3830000000003 1.0000000180025095e-35 3307.3700000000003 20.545000000000005 3261.7275000000004 2645.5500000000006 84.750000000000014 3267.4500000000003 1006.46203125 2727.349999999999 4557.7832899135401 18.750000000000004 23.425000000000004 1.0895000000000004 86.250000000000014 2988.8235000000004 0.32291666666666669 31928.300000000007 30642.381597222226 4295.665152401968 6182.9500000000007 537.60425247855881 98.250000000000014 1067.5954583333335 0.052083333333333336 503.71981019888796 5.3750000000000009 515.63184722222229 3727.1164452657263 25.525000000000002 234.75000000000003 12634.050000000001 1775.3999999999999 5755.2000000000016 265.62054316349077 17540.650000000005 21.825000000000006 96.250000000000014 1.5000000000000002 3855.9511164834348 0.093750000000000014 27.325000000000006 2932.5751789376754 5299.0150000000012 138.25000000000003 86.750000000000014 70.545000000000016 83.250000000000014 33798.450000000004 4066.2024525456395
decision_type=2 2 2 2 2 2 2 2 2 2 2 2 2 2 2 2 2 2 2 2 2 2 2 2 2 2 2 2 2 2 2 2 2 2 2 2 2 2 2 2 2 2 2 2 2 2 2 2 2 2 2
left_child=1 2 12 -4 49 6 -6 39 10 -10 11 35 -1 25 27 17 22 18 19 -16 21 23 -17 -20 -8 -14 -27 28 29 -15 -29 34 33 -33 48 44 37 38 40 -3 -37 -30 -36 -19 -9 46 47 -41 -32 -5 -45
right_child=-2 7 3 4 5 -7 24 8 9 -11 -12 -13 13 14 15 16 -18 43 20 -21 -22 -23 -24 -25 -26 26 -28 30 41 -31 31 32 -34 -35 42 36 -38 -39 -40 45 -42 -43 -44 50 -46 -47 -48 -49 -50 -51 -52
leaf_value=-0.99911868911600188 2.1174499423605404 -2.4106700387329796 -0.068012757324624792 1.7157302340842346 2.2333644291403703 4.8851909217920353 1.2167615833212058 -0.024311098423918768 -0.0018924893542676103 0.17183119213671297 0.007758060573941513 -2.342129503691901 -0.20953145189518549 0.077540938912210311 0.17616562163837857 0.0070770449961034473 -0.57254408945765567 -0.012220341710866809 -0.069130522450836798 -2.5747683572177436 -0.38450992853672977 -0.01142033218526224 2.7450388614570143 2.97733430027957 -0.34868593052765301 2.4368878828355238 0.021358501238164466 -4.1342557687667876 -0.004507304692600243 -0.028420081591291058 -0.012369102206860147 0.0051041054449505853 0.032059035768334333 -0.020615300356015359 0.020102211203433109 -0.013679212107776293 0.024970287004111569 -0.048245776102939682 0.0092649317863470176 0.061590163887505267 -1.4864114127192374 -0.18482522748658212 0.37204945382209076 -1.3745204219893306 0.014090984504908524 0.0043536359399299002 -1.6613187601299757 -0.036763383171738953 0.031141116774722314 4.926684428819974 -0.044747481338728114
leaf_weight=32 23 32 25 26 20 22 29 25 27 27 20 33 27 22 21 34 32 22 21 28 23 23 22 28 28 30 24 22 20 38 21 28 32 37 23 23 30 34 29 21 26 25 27 27 34 36 27 36 21 22 23
leaf_count=32 23 32 25 26 20 22 29 25 27 27 20 33 27 22 21 34 32 22 21 28 23 23 22 28 28 30 24 22 20 38 21 28 32 37 23 23 30 34 29 21 26 25 27 27 34 36 27 36 21 22 23
internal_value=-0.000317003 -0.000461538 9.94475e-05 0.00290698 0.00401361 0.00232323 0.000909091 -0.00156522 -0.000714286 0.00333333 -0.0015748 -0.00205128 -0.000559345 -0.000356633 -0.000774194 -0.00197368 0.000454545 -0.00296296 -0.00166667 -0.00510204 0.000105263 0.00166667 0.00285714 0.00387755 -0.000877193 0.00283951 0.00481481 0.000379747 -0.00161905 0.000666667 0.00137441 0.00195767 -0.000103093 -0.002 0.00413043 -0.00134328 -0.00239437 -0.00357143 -0.00179487 -0.00328947 -0.00387755 -0.00466667 0.0064 -0.00555556 0.00118644 -0.00233333 -0.00357143 -0.00157895 0.00142857 0.0075 -0.0072
internal_weight=1388 1365 905 172 147 99 77 460 308 54 254 234 733 701 620 304 88 216 144 49 95 72 56 49 57 81 54 316 105 60 211 189 97 65 92 201 142 112 78 152 49 45 50 72 59 120 84 57 42 48 50
internal_count=1388 1365 905 172 147 99 77 460 308 54 254 234 733 701 620 304 88 216 144 49 95 72 56 49 57 81 54 316 105 60 211 189 97 65 92 201 142 112 78 152 49 45 50 72 59 120 84 57 42 48 50
is_linear=0
shrinkage=0.01


Tree=56
num_leaves=54
num_cat=0
split_feature=2 29 94 79 7 44 13 43 13 30 24 45 66 70 5 24 36 23 2 64 17 36 76 75 7 13 5 33 79 24 19 70 1 17 17 23 70 79 10 79 17 16 10 79 78 10 63 24 26 91 10 76 43
split_gain=10.777 10.7842 10 6.4836 6.74984 6.58335 6.13534 11.2417 8.047 9.47926 7.99218 9.70729 11.6851 11.3555 7.68345 6.62767 7.8223 6.47171 6.3558 8.7842 7.36366 7.39434 7.22222 7.1366 10.0627 9.80749 6.30646 6.55623 6.16026 5.77112 5.56971 5.54896 6.40827 5.54655 5.36253 5.33333 4.9 4.89858 6.75388 8.97393 8.15182 6.90503 6.40346 4.61462 4.48363 4.30499 12.8115 3.94593 3.80919 3.29385 2.81299 2.17391 1.77778
threshold=3809.1545000000006 96.250000000000014 579186.91909687512 719.60047600807059 7296.1500000000005 3.1074999570846562 1266.2500000000002 83.43500137329103 1642.9000000000003 77.750000000000014 7.0250000000000012 22842.500000000004 1475.4665000000002 1601.7 5301.3750000000009 3.8750000000000004 77.250000000000014 99.750000000000014 2597.5000000000005 1461.9945000000002 47.95000000000001 82.750000000000014 32218.076041666671 248.54920083025914 1191.2500000000002 13113.6 5072.8250000000007 90.250000000000014 579.62277972690788 5.6250000000000009 532.60000000000002 1682.1500000000003 16931.861000000001 192.10000000000005 54.050000000000004 89.750000000000014 1296.0300000000002 639.09444263797775 30111.250000000004 401.22532084127027 61.500000000000007 5392.3000000000011 33356.30000000001 535.07098047543286 651.30453472222246 33049.500000000007 32822.400000000009 11.625000000000002 19.750000000000004 31775.279225000009 30279.500000000004 34427.232291666674 94.314998626708999
decision_type=2 2 2 2 2 2 2 2 2 2 2 2 2 2 2 2 2 2 2 2 2 2 2 2 2 2 2 2 2 2 2 2 2 2 2 2 2 2 2 2 2 2 2 2 2 2 2 2 2 2 2 2 2
left_child=1 3 -2 4 6 -5 7 17 9 -8 11 29 15 36 -15 28 -17 -1 19 20 21 -12 52 33 25 31 -18 -28 -13 -10 -26 32 37 45 -29 -21 -14 38 -25 -40 41 -41 -39 -36 -23 50 -47 -46 -32 -50 -20 -42 -22
right_child=2 -3 -4 5 -6 -7 8 -9 10 -11 18 12 13 14 -16 16 26 -19 23 35 22 44 -24 24 30 -27 27 34 -30 -31 48 -33 -34 -35 43 -37 -38 42 39 40 51 -43 -44 -45 47 46 -48 -49 49 -51 -52 -53 -54
leaf_value=-0.022558778003182806 2.2356615894192191 2.096275442936935 0.0027187703809608233 -0.0012647902205566795 -0.01899091714680699 -0.90034858681349905 -0.0061235306323894883 0.023627477197105524 0.066728535400787076 0.060373021032751391 -1.976931578501077 0.34480543488065957 0.15246292667071598 -0.0094314871646225106 0.016969965163917439 4.9491833657239948 -2.4240769777493649 -3.506017056537853 -0.59321174292612011 2.3356899628524594 -5.0454757280611622 0.19036599394586121 -0.026844845565992009 0.66513909506022206 0.022021316057178303 2.9820561901361127 0.012443524784910481 -0.22830614545603869 -0.013013452995939511 2.3422461520454982 -0.0032527079110558246 1.6443427489891975 -1.4783255541288935 0.0091722824684835474 -0.098523740697819398 -0.016446680708068533 0.4068438582840308 -0.21661605300886341 -0.042528999078567588 0.67743260592207744 2.8518174776923568 -0.95070928585512704 0.011251862093257204 0.0049699019989827989 0.040725527577903764 0.06304055804914166 -0.13108551245658631 -1.6818058164571266 -0.12092707687799344 -0.032059244063114181 -0.056286675716732182 0.077797641435155038 -4.1922709084514036
leaf_weight=21 20 23 20 29 20 28 34 32 31 28 20 39 24 31 21 20 27 30 20 21 25 22 20 34 23 21 33 26 25 21 27 23 27 23 32 28 36 20 23 22 23 29 22 37 23 31 28 28 29 23 22 23 20
leaf_count=21 20 23 20 29 20 28 34 32 31 28 20 39 24 31 21 20 27 30 20 21 25 22 20 34 23 21 33 26 25 21 27 23 27 23 32 28 36 20 23 22 23 29 22 37 23 31 28 28 29 23 22 23 20
internal_value=-0.000115274 -0.000267062 0.005 -0.000384906 -0.000236593 -0.00368421 -0.000144231 -0.00277108 4.29185e-05 0.00354839 -0.000154125 0.000967742 0.00037037 0.00303571 -0.000384615 -0.000878661 -0.00188571 -0.00568627 -0.0008 -0.00227053 -0.00341772 -0.0016129 -0.006 -0.000182556 0.000514905 0.00153558 -0.00264516 -0.00171875 0.001875 0.005 -0.00215686 0.00097561 0.000493274 -0.00225806 -0.00305263 0.00142857 0.006 0.00112245 0.00194805 0.000833333 0.00216495 -0.000588235 -0.00190476 -0.0015942 -0.000136986 -0.00326733 -0.00152542 -0.00176471 -0.00341772 -0.005 -0.00571429 0.00521739 -0.00822222
internal_weight=1388 1348 40 1325 1268 57 1248 83 1165 62 1103 403 351 112 52 239 175 51 700 207 158 93 65 493 369 267 155 128 64 52 102 246 223 124 95 49 60 196 154 120 97 51 42 69 73 101 59 51 79 52 42 46 45
internal_count=1388 1348 40 1325 1268 57 1248 83 1165 62 1103 403 351 112 52 239 175 51 700 207 158 93 65 493 369 267 155 128 64 52 102 246 223 124 95 49 60 196 154 120 97 51 42 69 73 101 59 51 79 52 42 46 45
is_linear=0
shrinkage=0.01


Tree=57
num_leaves=52
num_cat=0
split_feature=35 95 72 41 5 5 83 63 27 81 3 31 38 81 84 5 92 97 44 26 14 40 27 46 61 26 83 92 31 35 44 98 31 83 56 99 11 68 72 34 30 46 20 2 98 82 0 26 75 41 31
split_gain=8.33848 8.38754 16.0617 11.1176 9.20202 8.75107 11.4845 9.48952 8.39511 6.62288 6.50724 10.5757 11.3263 9.22279 7.13217 7.1041 6.75871 6.48828 6.46832 7.54173 6.33638 6.20499 6.16404 6.05476 5.92519 5.63333 5.53913 5.48638 5.38439 8.40821 5.73853 5.37357 11.6482 8.02137 8.72813 6.1919 4.84036 4.80159 4.66598 4.66207 4.54902 4.35207 4.36623 3.86665 4.95935 4.89314 3.82066 3.79555 3.71212 3.42857 2.5098
threshold=28.175000000000004 1.0000000180025095e-35 1429.8730000000003 83.750000000000014 3595.5150000000003 3639.3400000000006 1751.9499999999991 29753.500000000004 36.250000000000007 5233.8227661808969 13472.663500000001 5.4250000000000016 11.675000000000002 3814.0189553576706 1190.070135416667 3291.3550000000005 26723.226381250006 0.28125000000000006 2.6330000162124638 38.250000000000007 16674.400000000005 77.750000000000014 109.25000000000001 98.11999893188478 36230.400000000001 7.2500000000000009 2177.349999999999 28521.450993750008 8.1750000000000025 26.325000000000006 3.6339999437332158 0.086805555555555566 4.7750000000000012 1960.000000000002 -1.0000000180025095e-35 0.28125000000000006 36893.100000000013 1047.5920000000003 1310.4000000000003 70.750000000000014 98.250000000000014 96.279998779296889 430.30000000000001 3257.2500000000005 0.28125000000000006 577.26300000000003 34406.950000000004 27.250000000000004 555.66712923749014 77.750000000000014 8.7250000000000014
decision_type=2 2 2 2 2 2 2 2 2 2 2 2 2 2 2 2 2 2 2 2 2 2 2 2 2 2 2 2 2 2 2 2 2 2 2 2 2 2 2 2 2 2 2 2 2 2 2 2 2 2 2
left_child=1 9 3 4 -3 25 21 8 -8 10 15 12 13 -12 16 17 22 -1 48 40 -9 -7 28 -21 36 -4 -25 -18 29 -13 46 32 -17 34 47 49 -2 -5 -16 -31 -20 42 -34 44 -6 -46 -30 -33 -15 -35 -38
right_child=24 2 5 37 43 6 7 20 -10 -11 11 14 -14 18 38 31 27 -19 19 23 -22 -23 -24 26 -26 -27 -28 -29 30 39 -32 33 41 35 -36 -37 50 -39 -40 -41 -42 -43 -44 -45 45 -47 -48 -49 -50 -51 -52
leaf_value=-3.5226909460722511 0.0074462238733640418 -0.014858938058390803 -0.226511988701388 2.1418337365942568 3.399406499304563 0.0064992373365927256 0.01732273633294289 -0.034218167950354886 -0.01861071749800642 0.034597285346502957 -1.8357142299177773 0.023025283083611667 -5.6748223048687985 -0.030171842930540552 1.8432140098753922 -0.74296000313932919 0.30835365122324604 0.001234489981465473 -2.3518500573908425 0.0075022522860543677 -0.00089584444665469774 0.97782629412729893 -0.53339091646395465 0.019210185737023072 -0.0083166512848244171 -0.0035465957156146557 3.2549661841610997 -0.79475942786570986 -3.7735109310660597 -0.082841468815446434 -0.1779439212178886 -3.8667803050009826 0.71430830839344372 2.201022476382168 0.0094763282215161136 -0.67196247594649494 0.052208031801076457 -0.21294997427908424 -0.43505443023416052 -0.0033225960389877997 0.076578873044341578 5.0705088419642159 -0.10428460148545814 4.8889934698787361 3.6348379840043732 -0.0063956115908668908 -0.07881587618707496 -0.18058509129308081 0.0032938697037586209 0.12233953945412548 0.010726307590583699
leaf_weight=29 35 24 30 21 27 34 33 39 39 24 27 23 27 20 20 33 21 25 34 21 20 31 26 20 36 24 26 25 30 20 34 20 35 21 37 25 27 24 33 29 24 26 20 20 29 21 27 23 24 21 24
leaf_count=29 35 24 30 21 27 34 33 39 39 24 27 23 27 20 20 33 21 25 34 21 20 31 26 20 36 24 26 25 30 20 34 20 35 21 37 25 27 24 33 29 24 26 20 20 29 21 27 23 24 21 24
internal_value=-0.000201729 -0.000442338 0.000721154 0.00313253 0.00471074 -0.00088 0.000102041 -0.00160305 0.000833333 -0.00101176 -0.00116223 -0.0018591 -0.000224215 0.000612245 -0.003125 -3.1746e-05 -0.00387234 -0.00333333 0.00147929 0.00264 -0.00457627 0.00353846 -0.00470899 0.00492537 0.00229508 -0.00444444 0.00695652 -0.000434783 -0.00398773 -0.00194444 -0.0056044 0.000651341 0.0022807 -0.000612245 -0.00275 0.0019403 0.00372093 -0.00111111 0.000188679 -0.00428571 0 0.00432099 0.00272727 0.00608247 0.00506494 0.0032 -0.00754386 -0.00581395 -0.00181818 0.00428571 0.00568627
internal_weight=1388 1266 416 166 121 250 196 131 72 850 826 511 223 196 288 315 235 54 169 125 59 65 189 67 122 54 46 46 163 72 91 261 114 147 80 67 86 45 53 49 58 81 55 97 77 50 57 43 44 42 51
internal_count=1388 1266 416 166 121 250 196 131 72 850 826 511 223 196 288 315 235 54 169 125 59 65 189 67 122 54 46 46 163 72 91 261 114 147 80 67 86 45 53 49 58 81 55 97 77 50 57 43 44 42 51
is_linear=0
shrinkage=0.01


Tree=58
num_leaves=53
num_cat=0
split_feature=22 29 2 35 35 65 1 89 94 14 70 73 43 82 44 35 72 44 38 88 94 27 83 60 29 10 27 72 67 97 92 10 21 14 38 87 83 73 35 27 89 44 16 44 92 73 14 78 2 78 78 21
split_gain=9.71182 7.47537 7.63601 8.09185 7.28694 7.03645 11.9743 8.30756 8.2903 8.0908 10.7494 9.52089 7.05467 6.91541 6.89855 6.58136 12.8705 8.84889 7.72221 9.6001 9.73928 11.7121 9.2901 7.79937 7.95064 7.13645 7.84691 9.6515 6.79218 8.87994 8.37692 6.41778 6.40524 6.85116 6.4 6.37229 6.15609 7.12516 6.08444 5.41875 7.8 4.84076 4.58009 4.37838 3.9058 3.86551 3.56571 6.45333 3.51967 3.51054 1.75325 1.72024
threshold=57.250000000000007 96.250000000000014 3828.9790000000007 22.975000000000005 28.925000000000004 27011.500000000004 13926.85 1230.5092312500001 561341.72473937517 14269.100000000002 1299.8000000000002 1207.1640000000002 65.20999908447267 -1.0499999999999543 2.1464999914169316 25.975000000000005 1301.1500000000003 2.5505000352859502 6.2750000000000012 15937.943125000002 682875.53486000025 98.250000000000014 2651.1000000000008 1367.9500000000003 82.250000000000014 40893.80000000001 84.250000000000014 963.64250000000015 31356.850000000002 0.59375000000000011 22091.899206250007 31758.350000000002 26.525000000000002 17029.800000000007 6.9750000000000005 0.13541666666666671 1480.6999999999991 1128.1815000000004 25.875000000000004 28.750000000000004 1139.4900562500002 3.1345000267028813 5725.5000000000009 3.1649999618530278 25763.446712500008 929.24950000000013 12891.000000000002 1261.8893298611113 3221.8000000000006 515.63184722222229 567.61035416666675 18.675000000000004
decision_type=2 2 2 2 2 2 2 2 2 2 2 2 2 2 2 2 2 2 2 2 2 2 2 2 2 2 2 2 2 2 2 2 2 2 2 2 2 2 2 2 2 2 2 2 2 2 2 2 2 2 2 2
left_child=34 2 3 45 5 9 7 8 -7 12 11 32 -5 -9 -6 16 17 -8 19 20 21 22 23 24 -17 26 39 42 31 30 -30 -18 33 -11 -1 -12 37 -14 -35 -20 -41 -25 -28 -19 -15 -2 -42 -48 -23 -27 -44 -10
right_child=1 -3 -4 4 14 6 15 13 51 10 35 -13 36 44 -16 18 28 43 25 -21 -22 48 -24 41 -26 49 27 -29 29 -31 -32 -33 -34 38 -36 -37 -38 -39 -40 40 46 -43 50 -45 -46 -47 47 -49 -50 -51 -52 -53
leaf_value=-2.6942191908865833 1.6529921001530905 2.0655344255662929 0.61544636160206334 0.47957476109047364 0.050633190624274196 -0.4296852646287741 -0.056518557597014352 0.039648987537125764 -1.9114944287419906 0.86051788679791386 2.8232045396332182 -3.0196989767897118 0.16877054033400085 -0.011216249544214629 0.0013060357279641667 0.010701340878884677 -1.3058720918022464 3.8134814878641783 0.79716708767238176 -0.016425630603163679 -0.10816289045639886 2.9061782002384025 -0.034356344298339503 2.4853836409639967 -0.0781997210809144 -0.012566831967751227 0.0079108904737536252 -0.029217668529643803 -1.8516793958068725 0.012844698707198071 0.0032541682258380301 0.0066307747084919178 -0.02971826943721366 -1.1334930299622332 -0.0094961414641845307 0.2373026952912824 -1.2987449805706088 -0.66214558489895081 0.70605778155393151 -0.033938337331914481 -0.0065927886977856986 -0.06658450618654109 0.035695273521843596 0.30527011471101356 -2.8534301443708836 0.0090642661610429217 -0.01286707135904855 1.0030960209471889 0.0032644981884973503 -4.203401895185892 4.2340932130240869 -2.8859898965732977
leaf_weight=20 21 23 36 24 23 27 22 20 24 34 23 31 24 22 28 20 25 37 20 24 38 28 39 23 38 24 24 31 20 31 32 20 39 20 20 21 35 22 25 30 28 22 20 37 24 20 30 20 23 22 22 32
leaf_count=20 21 23 36 24 23 27 22 20 24 34 23 31 24 22 28 20 25 37 20 24 38 28 39 23 38 24 24 31 20 31 32 20 39 20 20 21 35 22 25 30 28 22 20 37 24 20 30 20 23 22 22 32
internal_value=-0.000144092 0 -9.81132e-05 -0.000224981 -0.00036859 -0.000526316 -0.000967742 -0.00355705 -0.00566265 0.000805369 0.00202073 0.000738255 -0.00142857 -0.000909091 0.00333333 -0.000453333 0.000982143 0.00375 -0.00106464 -0.00231373 -0.00168831 -0.000777202 -0.00225352 -0.000679612 -0.00310345 0.000110701 0.000844444 0.00298969 -0.00109375 0.00060241 -0.00192308 -0.00422222 0.0020339 0.00367089 -0.005 0.00636364 -0.00283951 -0.000434783 0.00111111 -0.00078125 -0.00166667 0.00244444 0.00515152 0.00540541 -0.00304348 0.00414634 0 0.0016 0.00333333 -0.00347826 0.00714286 -0.00785714
internal_weight=1388 1348 1325 1289 1248 1197 899 149 83 298 193 149 105 66 51 750 224 96 526 255 231 193 142 103 58 271 225 97 128 83 52 45 118 79 40 44 81 46 45 128 108 45 66 74 46 41 78 50 51 46 42 56
internal_count=1388 1348 1325 1289 1248 1197 899 149 83 298 193 149 105 66 51 750 224 96 526 255 231 193 142 103 58 271 225 97 128 83 52 45 118 79 40 44 81 46 45 128 108 45 66 74 46 41 78 50 51 46 42 56
is_linear=0
shrinkage=0.01


Tree=59
num_leaves=56
num_cat=0
split_feature=95 5 72 44 36 79 72 62 26 66 17 3 20 17 81 3 3 62 32 89 10 6 6 80 35 80 83 83 97 19 19 26 33 27 6 22 7 92 30 83 36 3 5 79 36 79 30 19 3 83 17 10 8 8 5
split_gain=11.8494 14.2434 12.8343 11.7405 10.1729 8.24436 7.57119 11.5367 8.34076 13.509 7.83939 7.27825 7.26865 6.92632 6.87619 6.63821 7.89846 7.09892 6.59185 7.88739 6.43567 6.37432 9.23753 8.61024 9.052 6.61304 6.32675 5.99043 5.91856 6.12341 6.73694 6.29762 5.85812 7.84 5.40117 5.22648 5.1719 5.0944 4.88006 4.79895 4.41868 5.13333 4.32962 6.78462 6.28738 4.29063 2.85168 2.8 2.5 2.5 2.22017 1.718 1.6 1.10769 0.9
threshold=1.0000000180025095e-35 3366.1950000000006 1281.3185000000001 4.7495000362396249 76.250000000000014 708.15994062793311 962.50000000000011 1275.3305000000003 11.750000000000002 1505.6875000000002 294.25000000000006 11045.700000000003 2335.8500000000004 11.200000000000001 3871.343856073609 13876.950000000003 11984.850000000002 1047.2740000000001 163.25000000000003 1255.01439375 28445.950000000004 10022.355000000001 10975.645000000002 29325.489236111112 28.225000000000005 28275.57881944445 2136.599999999999 2485.0500000000015 0.36458333333333343 891.75000000000011 1473.5000000000002 29.750000000000004 177.25000000000003 83.250000000000014 4460.8450000000012 90.750000000000014 46.995000000000012 26035.770881250006 86.750000000000014 1408.6000000000006 89.250000000000014 15294.700000000003 5223.5350000000008 469.78158891505171 76.250000000000014 434.50349368225994 99.750000000000014 262.35000000000008 15783.450000000003 2144.9000000000001 88.40000000000002 32154.400000000005 412.8120512820513 412.14865384615388 4446.6500000000005
decision_type=2 2 2 2 2 2 2 2 2 2 2 2 2 2 2 2 2 2 2 2 2 2 2 2 2 2 2 2 2 2 2 2 2 2 2 2 2 2 2 2 2 2 2 2 2 2 2 2 2 2 2 2 2 2 2
left_child=4 12 3 34 20 13 7 10 15 11 21 -10 14 49 -2 16 -8 -17 42 -20 -1 23 26 25 28 47 -23 39 29 45 -31 -32 40 -34 -3 -19 37 38 48 -13 41 -24 43 44 -15 -25 -44 -6 -22 -4 -47 -46 -21 -36 -41
right_child=1 2 5 -5 6 -7 8 -9 9 -11 -12 27 -14 18 -16 17 -18 35 19 52 36 22 32 24 -26 -27 -28 -29 -30 30 31 -33 33 -35 53 -37 -38 -39 -40 54 -42 -43 46 -45 51 50 -48 -49 -50 -51 -52 -53 -54 -55 -56
leaf_value=-0.17868427896550818 -0.067269460318209712 2.3848469805162305 0.0030698468757646567 0.25307437764844326 -1.285757530764903 -1.0173792172740883 -3.7107289211747179 1.6326150136875479 0.033404343192591848 0.034776032863606601 -0.083397523254501144 -0.72289014103682792 -0.7233544876301724 -0.0068659141899894329 0.01156994124033834 -5.6852247243033132 0.08945080771787027 -2.7631088731812032 -0.035006087885404116 0.053613772349700856 -0.068192378712910867 0.060988599005059305 0.04712249370670249 -0.76364121647112726 0.010299981371243135 1.2216028491375077 0.025484868128557804 -0.4637285364410102 0.011523493346281556 0.0077525298996630465 -0.017004053533932667 -0.25774708759334025 -0.12959564892336839 0.0012727661471731899 3.9231901970647449 -0.58113181842277617 -0.16985617464565281 0.55226813578823331 1.5557255990897543 -4.1298977504389995 -0.022431494398555595 3.6126794500660298 0.010628438711175931 -0.017011289033183163 0.079334406818627912 -2.6091262195993354 0.52206772207258456 2.2397060947532363 0.041655114938672161 -0.029788319304617845 -1.7323095202579246 0.013143022118575907 0.0004903444702433321 4.7223285062300535 -1.2551557261262465
leaf_weight=29 21 27 20 39 21 21 28 36 20 36 20 31 23 23 35 31 31 21 22 20 20 24 22 32 28 24 22 32 27 38 21 27 20 25 20 20 23 22 22 20 27 20 24 26 21 23 23 24 20 20 24 20 20 32 20
leaf_count=29 21 27 20 39 21 21 28 36 20 36 20 31 23 23 35 31 31 21 22 20 20 24 22 32 28 24 22 32 27 38 21 27 20 25 20 20 23 22 22 20 27 20 24 26 21 23 23 24 20 20 24 20 20 32 20
internal_value=-0.000115274 0.0012035 0.00201058 0.00474576 -0.000762621 0.000769231 -0.00119497 -0.000455446 -0.00248276 -0.000943396 -0.0008742 -0.00252033 -0.00265823 0.00129707 -0.000714286 -0.00435115 -0.00186441 -0.00638889 0.0020603 -0.000645161 0.00176471 -0.000601336 0.001 -0.00148789 -0.00245455 0.0015942 0.00478261 -0.00359223 -0.00322917 -0.00393939 -0.00209302 -0.00458333 -0.000526316 -0.00333333 0.00696203 -0.00365854 0.0028972 0.00404762 0.00258065 -0.00521127 0.00130435 0.00333333 0.00328467 0.002 0.00375 -0.00594937 0.00574468 -0.000666667 0.0005 -0.0025 -0.00787234 0.00609756 0.002 0.00884615 -0.0075
internal_weight=1388 457 378 118 931 260 795 505 290 159 469 123 79 239 56 131 59 72 199 62 136 449 160 289 220 69 46 103 192 165 86 48 114 45 79 41 107 84 62 71 69 42 137 90 64 79 47 45 40 40 47 41 40 52 40
internal_count=1388 457 378 118 931 260 795 505 290 159 469 123 79 239 56 131 59 72 199 62 136 449 160 289 220 69 46 103 192 165 86 48 114 45 79 41 107 84 62 71 69 42 137 90 64 79 47 45 40 40 47 41 40 52 40
is_linear=0
shrinkage=0.01


Tree=60
num_leaves=53
num_cat=0
split_feature=67 60 40 22 14 40 94 43 62 6 2 60 60 17 72 83 37 67 40 22 38 39 53 57 2 3 43 11 60 11 10 38 3 31 46 10 19 31 94 29 32 43 20 67 2 2 2 11 17 3 100 83
split_gain=12.0597 8.08293 12.9549 9.69634 8.89588 9.10686 10.1465 8.84971 8.348 8.26277 7.78274 8.28305 7.57576 7.5188 8.40039 7.9041 7.30873 7.17815 7.13919 9.50414 6.90506 6.66 6.86154 7.40163 8.12698 6.64802 6.53445 6.23482 10.298 9.9346 7.92861 6.83721 6.13784 6.00519 6.88696 5.90635 5.88 5.50065 4.89043 4.84 4.65682 6.00385 4.65455 4.61731 4.51339 9.23906 4.48831 4.27059 4.21136 4.17164 3.99686 2.91212
threshold=38181.30000000001 1395.4000000000003 30.250000000000004 80.250000000000014 10021.650000000001 113.75000000000001 562364.5653525003 73.235000610351577 1476.2020000000002 1454.6350000000002 2397.2500000000005 1.0895000000000004 0.10200000000000002 22.100000000000005 1459.9455000000003 602.95000000000084 86.250000000000014 28287.950000000004 86.250000000000014 68.250000000000014 5.9750000000000014 241.25000000000003 2.5000000000000004 -0.22252093395631442 2995.9500000000003 13585.85 87.495002746582045 37313.200000000004 146.17950000000005 39559.250000000007 34011.450000000004 6.0250000000000012 10842.600000000002 6.1250000000000009 103.34499740600587 37184.200000000004 1014.7500000000001 16.175000000000004 633658.13041625021 92.750000000000014 126.75000000000001 69.290000915527358 704.25000000000011 30912.500000000004 3245.6000000000004 2861.1500000000001 3270.5280000000007 42767.05000000001 73.450000000000003 12088.286000000002 0.15625000000000003 1884.6000000000006
decision_type=2 2 2 2 2 2 2 2 2 2 2 2 2 2 2 2 2 2 2 2 2 2 2 2 2 2 2 2 2 2 2 2 2 2 2 2 2 2 2 2 2 2 2 2 2 2 2 2 2 2 2 2
left_child=1 3 25 18 -4 6 7 -6 36 -5 11 -11 -2 14 40 35 20 -10 37 -20 -7 22 27 24 -24 -3 42 28 -17 -29 -30 -31 -13 -19 -35 -15 -8 49 -22 44 -12 -42 -25 -34 45 -9 -26 -33 -21 -1 -18 -44
right_child=12 2 4 9 5 16 8 39 17 10 13 32 -14 15 -16 21 50 33 19 48 38 -23 23 26 46 -27 -28 29 30 31 -32 47 43 34 -36 -37 -38 -39 -40 -41 41 -43 51 -45 -46 -47 -48 -49 -50 -51 -52 -53
leaf_value=-0.060504035107101027 -0.0093938738440860654 0.02943862825931454 -0.020160056940220033 -0.027388461123155326 -0.045281371253004368 -0.015990382459751044 0.018861494135573344 0.51684704485185873 0.044273470041913926 0.091878958846708894 2.1626577991932643 0.030158040094944147 -0.075278753161739043 0.010367542895378763 -1.3241380425084766 -0.031288214956165974 3.2433308938443632 -0.77474181685314014 0.18062587575963551 -0.017671140316118973 0.030986884086771364 -0.52111046103874548 0.08855629964069156 -0.016492334151271028 -0.051209426079196076 -1.1830521289985094 0.015065387408173482 0.36352476768183645 -0.02101630799987669 -0.058307990335101978 1.2945446528968472 0.0066119175112683681 -3.9757219985074306 -0.043311367617368632 0.0091880099491185221 3.0235051407077336 2.1773098617832964 -0.41576212279544644 0.31133120730381686 3.6240276940104814 2.6103864557308283 0.012492697043558796 -0.1466153265561137 -3.5480257118003706 0.13195348710355187 -0.99393721612003394 0.0045537718235450497 1.2050058826242802 -0.22873825364759831 -4.1293451939726058 0.072686120742857546 -3.6724578918466046
leaf_weight=20 22 24 39 26 27 37 30 33 30 27 29 23 33 24 21 35 26 22 21 36 26 25 21 20 22 35 21 29 26 32 23 34 32 32 23 21 20 24 31 20 21 33 20 20 26 21 20 20 21 33 25 24
leaf_count=20 22 24 39 26 27 37 30 33 30 27 29 23 33 24 21 35 26 22 21 36 26 25 21 20 22 35 21 29 26 32 23 34 32 32 23 21 20 24 31 20 21 33 20 20 26 21 20 20 21 33 25 24
internal_value=4.329e-05 0.000232908 0.00119545 -0.00039801 0.00175214 0.00216783 0.00112676 0.00322835 -0.000573248 0.000138675 0.000369181 -0.00215686 -0.00454545 0.000863724 0.00326923 0.000263789 0.0042069 -0.00214953 -0.00264516 -0.000512821 0.00255319 -0.000215054 0.000144092 -0.00148649 0.00111111 -0.00322034 -0.00341176 0.00135678 -0.000714286 0.00286957 0.0022449 0.00116279 -0.00386667 -0.00376623 -0.002 0.00422222 0.0028 -0.00480519 0.00473684 0.0046 0.0046988 0.00296296 -0.005 -0.00576923 0.0035 0.00185185 -0.00142857 0.00333333 -0.00263158 -0.00660377 0.0072549 -0.00681818
internal_weight=1386 1331 527 804 468 429 284 127 157 649 623 102 55 521 104 417 145 107 155 78 94 372 347 148 63 59 85 199 84 115 49 86 75 77 55 45 50 77 57 100 83 54 64 52 80 54 42 54 57 53 51 44
internal_count=1386 1331 527 804 468 429 284 127 157 649 623 102 55 521 104 417 145 107 155 78 94 372 347 148 63 59 85 199 84 115 49 86 75 77 55 45 50 77 57 100 83 54 64 52 80 54 42 54 57 53 51 44
is_linear=0
shrinkage=0.01


Tree=61
num_leaves=54
num_cat=0
split_feature=67 25 70 22 13 86 21 22 79 71 60 21 32 97 5 73 67 82 86 19 82 2 43 79 40 40 33 86 79 33 2 71 44 3 86 34 27 20 42 28 33 21 33 36 74 34 42 2 65 46 17 3 2
split_gain=11.2398 12.2713 10.4046 9.65137 8.93965 9.14084 9.88378 8.60924 8.38095 7.98644 7.57576 7.32071 7.29691 8.18331 6.89243 8.22004 11.5178 7.55965 6.88076 6.65849 8.07815 6.55767 6.46707 7.39488 7.41176 7.38608 6.69687 6.30183 7.67941 7.22888 8.38556 9.13962 6.90196 9.16667 5.96593 5.95442 7.2039 6.98182 5.94552 5.82348 5.68858 5.38206 5.20843 5.2021 4.9 4.34858 4 3.88658 3.83546 3.65801 3.6 1.94216 0.9
threshold=38181.30000000001 17.750000000000004 951.00000000000011 94.750000000000014 919.35000000000002 1178.2305000000003 27.675000000000004 77.750000000000014 542.75627527704341 1346.5740000000003 0.10200000000000002 16.225000000000005 172.50000000000003 0.65625000000000011 1560.7 0.15000000000000005 32123.200000000004 46.794999999999966 1.0135000000000003 862.35000000000014 -0.07349999999999994 3066.4500000000003 107.39999771118165 518.24202109368684 75.250000000000014 41.250000000000007 193.75000000000003 899.50000000000011 343.50683039064285 75.250000000000014 3234.8755000000006 933.3900000000001 3.217000007629395 14314.6 1662.9605000000004 68.250000000000014 83.750000000000014 841.05000000000007 148.87500000000003 25.875000000000004 51.250000000000007 28.575000000000006 131.75000000000003 81.750000000000014 1106.4538437500003 74.750000000000014 109.32500076293947 2764.4500000000003 30886.300000000007 99.424999237060561 89.950000000000017 14126.700000000003 3159.1000000000004
decision_type=2 2 2 2 2 2 2 2 2 2 2 2 2 2 2 2 2 2 2 2 2 2 2 2 2 2 2 2 2 2 2 2 2 2 2 2 2 2 2 2 2 2 2 2 2 2 2 2 2 2 2 2 2
left_child=1 3 7 21 -4 9 34 8 -3 27 -2 -11 13 50 -9 16 -16 18 22 -18 -21 -1 23 24 25 -17 35 28 32 30 31 38 33 -6 39 -25 37 -37 48 -7 -29 51 44 -33 -31 -10 -22 -14 -30 -42 -13 -26 -38
right_child=10 2 4 -5 5 6 -8 14 45 11 -12 12 47 -15 15 17 19 -19 -20 20 46 -23 -24 26 41 -27 -28 40 29 42 -32 43 -34 -35 -36 36 52 -39 -40 -41 49 -43 -44 -45 -46 -47 -48 -49 -50 -51 -52 -53 -54
leaf_value=-3.8960395257585758 -0.0092999351056452031 -2.5961326914680813 -0.67331067440824077 0.013233305127309958 -0.60466065999854368 -0.017394094844919567 2.0365586408033658 -0.027114576511923776 -2.680470653651168 1.4822190585275445 -0.074525965630121663 0.0034894514660518674 1.6180241432002769 -0.020651408025911672 0.44096160904390885 -2.4498037258413059 -0.039387156425721236 -2.5263456178107453 1.0439681949816537 -0.029677343354722736 0.022160373531966347 -0.0021931458961363974 -0.084266351834584335 0.24731138917721779 -6.0255988231838806 0.4004964477032037 -0.020627917344652313 0.24644936422370861 -1.138776185004257 3.815822496887618 1.415025063406486 -0.0094662368132017657 -0.50412720638486408 0.76314359954654609 0.0099594534950540534 0.014834297961431158 0.089280852679649456 -1.704792631503627 0.015562915125935032 -0.27476250111794004 1.2077914279806092 0.3392144555680614 1.5268702535259946 1.4822419431716558 0.073378841403896333 0.14812893375823361 3.3588973234323376 0.080229882637608163 -0.10855995283495823 -0.48662169832410251 2.5307412238295832 -0.051820201786184919 0.021723754376927286
leaf_weight=37 22 33 21 26 24 38 34 28 23 28 33 20 22 33 38 30 35 28 21 22 25 24 37 22 23 26 28 22 27 20 39 29 24 20 20 20 20 24 31 31 20 20 34 21 20 21 20 20 20 22 20 20 20
leaf_count=37 22 33 21 26 24 38 34 28 23 28 33 20 22 33 38 30 35 28 21 22 25 24 37 22 23 26 28 22 27 20 39 29 24 20 20 20 20 24 31 31 20 20 34 21 20 21 20 20 20 22 20 20 20
internal_value=-0.00011544 6.76183e-05 0.000321543 -0.00356322 0.00118182 0.0013928 -0.00105691 -0.000650685 -0.00376623 0.00197674 -0.00454545 0.00398601 0.00286957 0.000958904 -0.000177515 0.000104384 0.00214286 -0.000737463 -0.000289389 0.000392157 0.00223881 -0.0057377 -0.000689655 -0.000118577 -0.00193277 0.000714286 0.00149254 0.00120643 0.000614887 0.00145228 0.000299401 -0.0009375 -0.00235294 0 -0.00280899 0.00264151 0.00142857 -0.00136364 -0.00307692 -0.0042029 0.0040625 -0.00428571 0.00405405 0.0024 0.0065 -0.000909091 0.00466667 0.00619048 -0.00531915 0.00190476 0.004 -0.00627907 0.0045
internal_weight=1386 1331 1244 87 660 639 123 584 77 516 55 143 115 73 507 479 140 339 311 102 67 61 290 253 119 56 134 373 309 241 167 128 68 44 89 106 84 44 78 69 64 63 74 50 40 44 45 42 47 42 40 43 40
internal_count=1386 1331 1244 87 660 639 123 584 77 516 55 143 115 73 507 479 140 339 311 102 67 61 290 253 119 56 134 373 309 241 167 128 68 44 89 106 84 44 78 69 64 63 74 50 40 44 45 42 47 42 40 43 40
is_linear=0
shrinkage=0.01


Tree=62
num_leaves=54
num_cat=0
split_feature=67 6 26 68 2 82 4 20 85 35 98 63 16 63 40 40 20 63 34 26 40 16 88 88 16 78 82 35 93 40 2 34 1 4 73 90 94 94 92 80 77 14 78 4 26 40 37 3 2 14 8 7 90
split_gain=11.9763 13.2535 11.0769 8.34149 11.4394 9.21212 8.71855 12.9281 10.8132 9.57532 10.261 9.43617 9.44017 11.2517 8.46416 13.9614 8.18973 8.18148 7.9881 8.08867 7.94255 10.5018 12.9067 8.70853 6.42222 10.4523 6.5939 6.3 6.28656 6.26009 6.23856 7.99727 6.02961 5.9364 9.29916 5.825 5.6352 5.46221 5.2842 5.28021 4.92308 4.63897 6.82284 6.6881 5.98519 6.69394 4.60909 4.45455 4.32 3.5584 3.50303 3.25982 5.27473
threshold=36944.700000000004 2854.0550000000007 113.25000000000001 781.96150000000011 2297.6500000000005 109.30599999999994 3635.3850000000007 1873.2500000000002 1455.6630000000002 27.075000000000006 0.29513888888888895 30087.700000000004 5545.1500000000005 30887.850000000002 158.25000000000003 149.25000000000003 1715.6000000000001 31127.600000000002 94.250000000000014 4.2500000000000009 141.75000000000003 4525.9000000000005 7661.0160416666668 6211.222083333334 6655.6000000000013 1288.0976111111113 109.30599999999994 27.525000000000002 417.69184210526322 124.25000000000001 2592.6000000000004 79.750000000000014 16213.300000000001 4579.5400000000009 1016.9500000000002 2005.3939500000004 501613.72003406263 583975.1046809376 28083.857618750004 35785.989930555559 3733.5226207573 9419.2000000000025 1267.8950069444447 3009.0850000000005 7.2500000000000009 94.750000000000014 83.750000000000014 14294.150000000003 3261.7275000000004 17411.950000000001 405.81138888888898 1396.7450000000001 1297.6078500000003
decision_type=2 2 2 2 2 2 2 2 2 2 2 2 2 2 2 2 2 2 2 2 2 2 2 2 2 2 2 2 2 2 2 2 2 2 2 2 2 2 2 2 2 2 2 2 2 2 2 2 2 2 2 2 2
left_child=1 32 36 5 18 14 11 8 50 10 35 24 -13 -14 15 16 28 27 19 -5 21 -12 23 -23 25 26 47 -11 30 -7 -3 40 41 34 -9 51 -2 -38 -21 -33 -32 -1 44 -44 45 -43 -27 -6 -15 -35 -8 52 -10
right_child=2 3 -4 4 6 29 7 33 9 17 20 12 13 48 -16 -17 -18 -19 -20 38 -22 22 -24 -25 -26 46 -28 -29 -30 -31 31 39 -34 49 -36 -37 37 -39 -40 -41 -42 42 43 -45 -46 -47 -48 -49 -50 -51 -52 -53 -54
leaf_value=-2.0538436811768617 -0.23967240412874247 0.086550553167802705 -0.065792290876346624 -4.0957150382092511 1.1004663630794906 4.2730371357926007 -0.059900427277311444 0.23053517847180885 1.8427658178390669 -0.16744809635183724 -0.19927012599266763 4.1551128626971048 0.66957482642927613 -0.032871678701724673 -0.072686615064220347 2.486754567537647 1.7299241521708584 -1.8484112634056087 -3.9773475223659727 -0.025755380088127278 0.28637605216504619 0.015871760506852028 1.2658062141551378 -0.14216674288157494 1.3278094328143646 -0.95649939006146978 -0.088394191703117186 0.75541963823379743 -0.11111603887609235 10.381418060737346 -0.02938056992117551 -0.012274009588359757 0.01261432317767921 -2.7228009553289847 -2.2837369426197149 -0.0059251157155569443 0.079349725922209735 -0.026450392776155577 0.86686587654568059 0.065939636627876122 0.00037621721491779041 -2.5659364569676977 0.010718417752800585 -2.1852649119482641 -5.3926375235118655 0.036499142032642699 -0.011364571274519354 0.034749171494831879 0.010704544772266091 -1.0083821155184223 -4.7322599527065599 0.11638023082234007 0.11200997204492179
leaf_weight=23 32 37 36 20 22 33 20 26 30 21 24 32 22 20 32 23 20 27 20 22 20 27 25 23 24 24 32 24 25 34 26 38 29 21 23 22 29 20 21 35 26 24 28 20 25 20 20 22 30 32 24 25 26
leaf_count=23 32 37 36 20 22 33 20 26 30 21 24 32 22 20 32 23 20 27 20 22 20 27 25 23 24 24 32 24 25 34 26 38 29 21 23 22 29 20 21 35 26 24 28 20 25 20 20 22 30 32 24 25 26
internal_value=-0.00010101 0.000181245 -0.00316239 0.000581818 1.29702e-05 0.00191489 0.000436047 -0.000409091 0.000532544 0.00122449 0.00225225 0.00193548 0.00423077 0.00222222 0.0010687 0.00173913 0.000917874 -0.00194444 -0.00349398 -0.00174603 0.000252101 -0.000909091 0.000933333 -0.002 0.000277778 -0.000666667 0.00157895 0.000666667 0.00026738 0.00522388 0.000987654 -8e-05 -0.00242604 -0.00352941 -0.00102041 0.00456311 -0.00111111 0.00102041 0.000697674 0.00205479 -0.00307692 -0.00328571 -0.00247863 0.000416667 -0.00449275 -0.00227273 -0.00454545 0.00409091 -0.0004 -0.00584906 -0.00409091 0.00580247 0.00714286
internal_weight=1386 1269 117 1100 771 329 688 440 338 294 222 248 104 72 262 230 207 72 83 63 119 99 75 50 144 120 76 45 187 67 162 125 169 102 49 103 81 49 43 73 52 140 117 48 69 44 44 44 50 53 44 81 56
internal_count=1386 1269 117 1100 771 329 688 440 338 294 222 248 104 72 262 230 207 72 83 63 119 99 75 50 144 120 76 45 187 67 162 125 169 102 49 103 81 49 43 73 52 140 117 48 69 44 44 44 50 53 44 81 56
is_linear=0
shrinkage=0.01


Tree=63
num_leaves=55
num_cat=0
split_feature=76 24 39 20 98 24 24 81 93 14 83 29 98 98 80 45 82 82 81 37 58 10 28 76 43 76 70 98 13 83 24 14 2 0 82 20 29 14 45 39 20 24 83 37 83 13 14 76 14 13 23 20 39 45
split_gain=9.762 9.93529 11.5471 8.8801 8.64167 8.81633 8.25882 10.4446 9.05183 8.08898 7.71044 6.58178 6.39973 6.18034 5.94116 6.66125 6.77588 8.8366 6.95458 6.32549 9.10237 8 7.62442 8.59405 9.17523 9.1041 7.66098 7.01346 6.53333 6.05583 7.47583 9.07503 5.97087 5.62964 5.46038 5.34385 6.22222 5.83554 5.33516 5.19383 7.30125 6.06061 5.08804 4.7619 4.70694 4.53879 4.06756 4.00346 3.96589 3.6 3.58401 3.01385 2.38095 1.67619
threshold=41361.290625000009 10.175000000000002 221.25000000000003 764.00000000000011 0.28125000000000006 13.375000000000002 9.7750000000000021 3041.079932042891 393.23111111111115 15229.050000000001 2157.3999999999983 83.750000000000014 0.079861111111111119 0.76736111111111127 39715.029513888898 26028.000000000004 -532.99999999999989 -135.43800000000007 4091.4933500894572 99.750000000000014 1.0000000180025095e-35 33871.000000000007 21.175000000000004 33276.458333333336 64.86999893188478 32366.897916666672 1054.7400000000002 0.42708333333333343 4226.0000000000009 2638.0500000000034 7.075000000000002 15906.700000000003 2636.9500000000003 30221.450000000001 74.342999999999975 1231.4000000000003 88.750000000000014 19038.700000000001 23059.500000000004 154.75000000000003 1995.2500000000002 13.425000000000002 2083.7999999999997 54.250000000000007 2001.950000000001 3553.8500000000004 17564.100000000002 42767.90833333334 12094.800000000001 2240.1000000000008 95.750000000000014 2030.8500000000001 145.75000000000003 24678.000000000004
decision_type=2 2 2 2 2 2 2 2 2 2 2 2 2 2 2 2 2 2 2 2 2 2 2 2 2 2 2 2 2 2 2 2 2 2 2 2 2 2 2 2 2 2 2 2 2 2 2 2 2 2 2 2 2 2
left_child=1 6 3 10 5 -4 7 9 -9 -1 12 -8 -3 35 15 16 18 -18 -10 22 21 34 43 24 -24 26 38 52 49 30 31 48 -29 -14 -21 36 53 39 -26 40 -37 -42 -6 -19 -33 -12 -23 -2 -25 -22 -32 -41 -28 -5
right_child=47 2 4 13 42 -7 11 8 14 -11 45 -13 33 -15 -16 -17 17 19 -20 20 28 46 23 29 25 -27 27 32 -30 -31 50 44 -34 -35 -36 37 -38 -39 -40 51 41 -43 -44 -45 -46 -47 -48 -49 -50 -51 -52 -53 -54 -55
leaf_value=0.031702188103402557 -1.0066212560541892 0.074632752377288281 -0.49832148191070352 -7.2737835756412856 0.28351229164339575 0.1152164285141167 0.95633053870830154 -1.274839553559169 0.01991309185510377 3.4820950301390146 0.81875873159414969 0.0070499590880331534 -1.723888589290415 0.0074616789719134484 -0.030438419617860497 0.58116351671578015 0.90755292628201545 1.1702586566152875 -3.0655815735843994 -0.4642542096658972 -0.074260091374944381 0.021932627355283677 -1.8376634878996063 0.037425113175461794 -5.0987422375928828 -0.042007427824637136 0.48738214367777188 0.75045796996414027 -3.5611920892624482 -0.015981813354239521 1.5037780651061039 -0.042795571672703842 -0.013712098014385794 -0.015630016176069499 0.52267699660784206 0.020050107588521816 -0.014075669165876497 0.075380141899011641 0.09269458679430162 -0.070419624405637593 -1.8886073080314685 -0.0022783595204238162 3.432031694265238 0.49701723470123016 0.014034256656524493 -0.012222061816215166 0.15975688475328054 -0.022340261132131899 0.62153765459641397 0.010000825220674626 0.13617562788449036 -1.1318467347838257 2.3882687397907212 -0.094523088834861435
leaf_weight=23 20 22 28 22 20 21 21 21 22 20 32 23 23 34 32 24 36 27 25 26 20 20 21 20 33 37 21 21 20 32 26 24 30 28 23 34 21 25 20 20 33 33 21 36 25 26 29 22 26 20 34 22 21 20
leaf_count=23 20 22 28 22 20 21 21 21 22 20 32 23 23 34 32 24 36 27 25 26 20 20 21 20 33 37 21 21 20 32 26 24 30 28 23 34 21 25 20 20 33 33 21 36 25 26 29 22 26 20 34 22 21 20
internal_value=-1.443e-05 0.000133929 -0.00101031 -0.00174684 0.00222222 -0.000612245 0.000779977 0.000552147 0.000284974 0.00534884 0.000381679 0.005 -0.00178082 -0.00280303 0.000466045 0.000653686 0.00047482 0.000740741 -0.00319149 0.000457516 -0.00126582 0.000612245 0.00105727 0.000537084 -0.000882353 -0.000163934 0.000958904 0.00268817 -0.00433333 0.00208556 0.00290323 0.00115789 0.000196078 -0.00372549 -0.0022449 -0.0033913 -0.00587302 -0.00245509 -0.00207547 -0.00323944 -0.002 -0.00393939 0.00560976 0.00428571 -0.00183673 0.00310345 0.00346939 -0.0047619 0.00434783 -0.002 0.00566667 -0.00619048 0.00571429 -0.00809524
internal_weight=1386 1344 485 395 90 49 859 815 772 43 131 44 73 264 751 719 695 648 47 612 158 98 454 391 204 183 146 93 60 187 155 95 51 51 49 230 63 167 53 142 100 66 41 63 49 58 49 42 46 40 60 42 42 42
internal_count=1386 1344 485 395 90 49 859 815 772 43 131 44 73 264 751 719 695 648 47 612 158 98 454 391 204 183 146 93 60 187 155 95 51 51 49 230 63 167 53 142 100 66 41 63 49 58 49 42 46 40 60 42 42 42
is_linear=0
shrinkage=0.01


Tree=64
num_leaves=53
num_cat=0
split_feature=61 91 72 19 35 0 11 91 25 25 35 35 85 81 44 44 61 82 29 11 3 38 30 2 98 5 91 2 63 30 88 97 77 19 86 8 93 3 19 88 44 29 97 25 5 39 19 29 38 31 3 8
split_gain=10.7975 12.6909 11.024 10.0828 9.18728 8.89549 9.09795 8.78958 8.31664 8.12903 8.05844 12.6942 11.6485 9.04615 7.34744 12.5952 9.41569 8.56433 8.86174 7.57172 9.67081 7.44421 12.8485 7.22556 7.03275 6.91765 6.90196 6.74987 7.70706 7.42976 6.30545 6.22404 8.0224 5.93279 5.63568 5.51379 5.34947 5.2964 5.25128 4.95011 4.65825 6.1766 4.4043 4.22306 3.83312 3.67742 3.23438 2.76825 2.74805 3.87879 2.38095 1.71163
threshold=35424.350000000013 30439.583681250002 1049.9945000000002 1155.1500000000003 27.075000000000006 34485.80000000001 40890.950000000004 31775.279225000009 90.750000000000014 135.25000000000003 28.175000000000004 27.225000000000005 1691.3000000000002 3041.079932042891 5.6854999065399179 6.8954999446868905 30946.500000000004 802.85000000000014 75.250000000000014 35306.450000000004 13825.383500000002 4.8250000000000011 65.250000000000014 2946.5075000000002 0.12152777777777779 8020.3100000000004 27729.295506250004 2165.7500000000005 29349.950000000001 96.750000000000014 5386.6441666666678 0.30208333333333343 3574.9728870616432 227.75000000000003 1099.1510000000001 396.05722222222226 403.1306654135339 14468.950000000003 988.70000000000016 4265.3225000000002 4.055500030517579 84.750000000000014 0.17708333333333334 99.250000000000014 4553.2050000000008 220.75000000000003 1235.4000000000003 89.750000000000014 4.8250000000000011 5.4250000000000016 14325.950000000003 414.2852631578948
decision_type=2 2 2 2 2 2 2 2 2 2 2 2 2 2 2 2 2 2 2 2 2 2 2 2 2 2 2 2 2 2 2 2 2 2 2 2 2 2 2 2 2 2 2 2 2 2 2 2 2 2 2 2
left_child=1 2 10 9 48 7 51 39 -8 42 11 12 13 -1 17 16 -16 18 -4 33 46 -19 -23 -9 -6 -11 -13 -15 35 -30 -24 37 -33 -20 -34 -29 -37 -22 47 -3 44 -42 -2 -41 -38 -45 -21 -35 -5 -50 -17 -7
right_child=3 5 14 4 24 6 8 23 -10 25 -12 26 -14 27 15 50 -18 21 19 20 31 22 30 -25 -26 -27 -28 28 29 -31 -32 32 34 38 -36 36 40 -39 -40 43 41 -43 -44 45 -46 -47 -48 -49 49 -51 -52 -53
leaf_value=4.0580791091242414 0.0048822234029433078 -0.043416762110015217 -0.97718865965379875 -1.2641133134343472 0.050094808897566782 0.88104071859204658 0.60195766658988803 0.16038007873216067 -0.031475634563356308 -0.2514664395150536 0.63632830940547425 -0.0016990956209811338 4.7915622440941732 -3.0115084371414218 0.52881628069938347 -0.015889872081491993 -0.015681617959491398 -1.2872519713162529 0.11821246577134371 0.0073126586773168776 -1.89570673141617 3.057996098381234 -2.7719486001174243 -0.11360776171821449 -0.021977808191932496 0.005615372971169188 -0.7320273947374617 -3.073753593022865 -0.088700251255044091 0.03760872186769975 -0.11569116095685983 -0.0227429758813971 0.022212218670852924 -5.3231744181586569 -0.027301066945724994 0.33110698674951522 -0.033119160272231316 2.0295063047033044 -0.0029566617230965598 0.89533583698546093 -0.14559379311912848 0.52369853369913577 0.25564684807401322 0.010301704756311007 1.0152230754716087 4.3281957699719111 1.4964286087103755 -1.1229012955582136 -0.0099499834339636939 -1.6966550869598878 -0.84307173712645278 0.026284118281959562
leaf_weight=36 32 20 21 22 20 23 27 21 22 30 27 32 27 21 34 21 20 37 24 21 20 21 30 36 21 34 34 20 32 28 25 28 33 20 20 25 20 21 28 33 22 27 30 38 39 24 20 23 25 30 21 20
leaf_count=36 32 20 21 22 20 23 27 21 22 30 27 32 27 21 34 21 20 37 24 21 20 21 30 36 21 34 34 20 32 28 25 28 33 20 20 25 20 21 28 33 22 27 30 38 39 24 20 23 25 30 21 20
internal_value=-5.77201e-05 0.000350263 -0.00022779 -0.00196721 -0.0040678 0.00227273 0.00478261 0.000930233 0.00183673 0 0.00102564 0.000633609 0.00151515 0.000888889 -0.00122951 0.00125 0.00444444 -0.00183673 -0.000896057 -0.000387597 0.000920245 -0.00415929 -0.00236842 -0.0022807 -0.000243902 -0.0025 -0.00333333 0.00017094 0.000704225 -0.00233333 -0.00490909 -0.000491803 -0.00209877 -0.00263158 0.000188679 0.00189542 0.00263158 0.00268293 -0.00408451 0.00252174 0.00166667 -0.000612245 0.00258065 0.00347368 0.00355932 0.00193548 0.00512195 -0.00627907 -0.0061039 -0.00490909 -0.00285714 0.00813953
internal_weight=1386 1142 878 244 118 264 92 172 49 126 390 363 297 270 488 96 54 392 279 258 163 113 76 57 41 64 66 234 213 60 55 122 81 95 53 153 133 41 71 115 108 49 62 95 59 62 41 43 77 55 42 43
internal_count=1386 1142 878 244 118 264 92 172 49 126 390 363 297 270 488 96 54 392 279 258 163 113 76 57 41 64 66 234 213 60 55 122 81 95 53 153 133 41 71 115 108 49 62 95 59 62 41 43 77 55 42 43
is_linear=0
shrinkage=0.01


Tree=65
num_leaves=53
num_cat=0
split_feature=77 42 2 20 41 99 40 83 38 30 93 63 74 11 20 67 58 21 71 37 34 41 16 45 11 68 23 16 78 41 67 92 76 68 77 2 22 57 92 2 39 2 83 71 11 20 11 8 37 68 34 8
split_gain=11.3425 8.12834 11.8693 13.2622 11.4827 11.4734 9.10217 7.85726 7.84674 9.95062 8.23687 7.54214 8.9978 8.4694 10.9133 8.1126 7.12827 7.55097 6.87619 5.99182 5.61714 5.41609 8.94307 9.6 8.39318 6.4 5.18609 13.4231 7.56279 9.13215 8.08038 11.172 6.58538 8.94358 13.0076 6.05568 6.98182 5.03831 6.2288 5.81654 7.05333 5.30115 5.36678 4.75182 4.38157 6.60859 3.85137 3.65714 3.61542 3.3595 3.28646 2.5
threshold=4170.1411525310523 99.600002288818374 3257.2500000000005 2354.0500000000006 93.750000000000014 0.28125000000000006 79.750000000000014 2024.3499999999988 2.9750000000000005 89.250000000000014 392.40888888888895 27433.950000000004 102.59842708333333 29986.300000000003 464.00000000000006 26406.050000000007 -0.5 24.925000000000004 1126.0000000000002 93.750000000000014 42.750000000000007 96.250000000000014 5737.8000000000011 25387.500000000004 43405.400000000009 1006.5000000000001 98.250000000000014 4571.0500000000011 519.68573263888902 62.750000000000007 31494.650000000005 25518.515087500007 37945.812500000007 963.64250000000015 3758.7677245968853 2713.4500000000003 89.250000000000014 -0.22252093395631442 31815.996887500005 2729.0500000000006 184.75000000000003 2483.8000000000006 1579.9499999999991 1278.9145000000001 37606.350000000006 686.95000000000016 37606.350000000006 419.15324324324331 77.250000000000014 1219.5440000000001 96.750000000000014 416.63022048364161
decision_type=2 2 2 2 2 2 2 2 2 2 2 2 2 2 2 2 2 2 2 2 2 2 2 2 2 2 2 2 2 2 2 2 2 2 2 2 2 2 2 2 2 2 2 2 2 2 2 2 2 2 2 2
left_child=8 19 3 4 16 6 -4 -7 9 -1 -10 13 -13 14 -12 -14 17 -3 -11 -2 -18 24 50 25 26 -24 32 -28 48 46 -31 35 33 34 -17 -32 -37 -15 39 41 -41 42 -39 49 45 -35 -30 -5 -29 -22 -23 -47
right_child=1 2 5 47 -6 7 -8 -9 10 18 11 12 15 37 -16 21 20 -19 -20 -21 43 22 23 -25 -26 -27 27 28 29 30 31 -33 -34 44 -36 36 -38 38 -40 40 -42 -43 -44 -45 -46 51 -48 -49 -50 -51 -52 -53
leaf_value=2.5444920358969707 -1.3939327413520692 1.3174593520262283 1.3723090746527982 -2.0071232292386947 -2.2215690590404602 0.015912702773408748 0.0096535029114931618 -1.1287102597055321 -3.4110914321675092 -0.056647623925725893 0.21914938586976121 0.054510423857342082 -0.056363884029153564 0.35502436139893945 -3.5468226798939226 3.5103786454055008 0.48015971571770577 -0.0051325892945963238 1.4871900333802517 -0.017160705046412032 -0.039314050712192329 -0.2654711186966448 -0.010777300505634769 -0.7406976878531476 2.8922277940846106 1.2559432468666691 -0.22230001859270865 0.024945183928124632 0.0083673619229570236 -0.0604451518242312 0.052064929862429499 0.90359334380222511 -0.048819384599084401 -0.37757323174568103 -0.013396945250928145 -0.00090106722293436419 -3.6849636994707131 0.14799066864918781 0.47067568706508667 1.6534256171190067 -0.0308253568774206 -0.21824696520951115 -1.3252997533794388 0.012786430349427993 -0.055701530544594702 -0.0036628654076161127 0.29236626669023319 -2.0138965060879643 0.047349741973049697 -3.6882647658627525 -0.084515300080438394 1.0296349905913245
leaf_weight=29 39 28 38 24 31 23 30 28 21 35 30 36 29 32 22 38 20 23 21 22 27 24 20 24 37 20 36 21 29 25 20 20 20 33 29 24 20 21 30 30 20 37 20 27 39 20 22 21 22 20 23 20
leaf_count=29 39 28 38 24 31 23 30 28 21 35 30 36 29 32 22 38 20 23 21 22 27 24 20 24 37 20 36 21 29 25 20 20 20 33 29 24 20 21 30 30 20 37 20 27 39 20 22 21 22 20 23 20
internal_value=-0.0003 -0.0017207 -0.00111765 -0.00248869 -0.00125 0.00142857 0.00411765 -0.00215686 0.00027027 0.00317647 0 0.000145577 -0.000414747 0.00165289 -0.00192308 -0.000699187 -6.89655e-05 0.00294118 0.000714286 -0.00508197 -0.00170213 -0.000443686 -0.00243243 0 2.10526e-05 0.003 -0.000365297 0.000627615 0.00162562 0.000625 -0.00100917 0.00047619 -0.00155779 -0.000949721 0.0019403 -0.0015625 -0.00363636 0.00263158 0.00189873 0.0009375 0.0036 -0.000769231 0.00170732 -0.00297297 -0.00267857 -0.00123288 0.00411765 -0.00733333 0.00534884 -0.00489362 -0.00574468 0.0015
internal_weight=1400 401 340 221 176 119 68 51 999 85 914 893 651 242 52 615 145 51 56 61 94 586 111 64 475 40 438 239 203 160 109 84 199 179 67 64 44 190 158 128 50 78 41 74 112 73 51 45 43 47 47 40
internal_count=1400 401 340 221 176 119 68 51 999 85 914 893 651 242 52 615 145 51 56 61 94 586 111 64 475 40 438 239 203 160 109 84 199 179 67 64 44 190 158 128 50 78 41 74 112 73 51 45 43 47 47 40
is_linear=0
shrinkage=0.01


Tree=66
num_leaves=51
num_cat=0
split_feature=29 72 51 46 76 1 60 40 76 7 1 24 36 13 60 85 44 93 32 1 29 37 75 28 90 39 86 31 35 16 68 39 83 35 93 3 72 83 93 30 6 3 16 13 13 40 28 3 36 2
split_gain=14.6668 15.053 9.92322 11.0084 9.87304 16.2355 11.0705 10.7711 15.5658 12.7204 11.9194 10.1433 8.76377 7.89878 7.83153 8.10036 10.909 7.81322 7.79805 8.36601 8.21114 7.70667 7.53002 7.10789 7.078 9.42937 6.92308 6.75907 6.72184 9.16177 7.45305 6.17677 7.52505 5.90635 5.87128 5.44282 6.22346 7.2 6.8352 5.83333 5.25952 5.17835 5.09895 5.05051 4.85035 4.48242 3.90029 3.158 2.91548 0.942857
threshold=63.250000000000007 1456.5065000000002 1.0000000180025095e-35 92.720001220703139 36872.358333333344 13949.550000000001 1014.7880000000001 136.75000000000003 29627.240625000002 998.23000000000013 13487.6 9.7750000000000021 78.250000000000014 14587.550000000001 1002.7395 1492.0500000000002 3.1114999055862431 412.76717948717959 98.250000000000014 14755.650000000003 82.750000000000014 91.750000000000014 680.84389874950318 27.775000000000002 1005.8013000000003 129.25000000000003 1005.1755000000002 11.225000000000001 26.725000000000005 5531.3000000000002 967.15300000000013 209.75000000000003 2415.3500000000008 27.275000000000002 418.43631578947372 13846.550000000001 1096.0000000000002 2052.1999999999994 417.44671052631583 97.750000000000014 4119.0550000000012 11173.750000000002 5725.5000000000009 6916.1000000000013 8138.3000000000011 72.250000000000014 29.275000000000002 14941.300000000001 81.750000000000014 2863.5000000000005
decision_type=2 2 2 2 2 2 2 2 2 2 2 2 2 2 2 2 2 2 2 2 2 2 2 2 2 2 2 2 2 2 2 2 2 2 2 2 2 2 2 2 2 2 2 2 2 2 2 2 2 2
left_child=33 4 3 -3 5 7 13 8 9 27 11 -10 17 28 15 16 -6 -5 24 20 -20 34 31 47 -14 40 -16 41 29 -7 43 32 -17 -1 -19 45 37 -37 48 -39 -26 -2 -22 -30 -31 -8 -33 -21 -38 -27
right_child=1 2 -4 12 14 6 35 -9 10 -11 -12 -13 18 -15 26 22 -18 21 19 23 42 -23 -24 -25 25 49 -28 -29 30 44 -32 46 -34 -35 -36 36 38 39 -40 -41 -42 -43 -44 -45 -46 -47 -48 -49 -50 -51
leaf_value=-0.0077047158744874122 -0.27435668171515404 -1.7682466026977213 -11.489417610812025 -0.044585638530404162 0.09039318499173897 -0.02447391571476171 0.47366991582001078 0.42210872719666681 0.0258921222236317 -2.007994759957815 -1.6128167473274035 -1.362907245128983 0.0039998614717416192 3.2375573687769674 -1.9628335760435087 0.013896417748875779 -0.019061598210821491 1.462645669663412 -0.056999306643161558 -0.019543334467962619 0.009179143874290004 -0.0044611169889340477 0.012594778781648518 0.00057761706329405044 -0.10414329196096384 -2.9346220668202494 0.04697333550486503 1.4772331052332186 0.026317453943537954 1.1486378677006495 -1.9068446275169817 -1.3521183920988613 -0.038070827710301562 -0.16778272801616873 0.014453424483333626 -0.91469971265077932 2.4829047792873751 3.1443665237733627 0.070706048264819493 0.0067915971595442614 0.00049397522826392926 0.48830881939530918 0.03423702693252724 -0.023740875299625541 0.36896797209380894 3.4402309184271336 -0.017678970574223362 -0.05334835426468288 3.3533263420922435 -0.99202391720321093
leaf_weight=20 39 29 22 28 23 33 25 38 38 28 37 31 33 22 32 27 27 24 23 31 26 25 20 39 20 20 20 23 36 22 21 27 22 36 26 30 22 32 21 28 28 31 31 30 30 30 23 20 29 22
leaf_count=20 39 29 22 28 23 33 25 38 38 28 37 31 33 22 32 27 27 24 23 31 26 25 20 39 20 20 20 23 36 22 21 27 22 36 26 30 22 32 21 28 28 31 31 30 30 30 23 20 29 22
internal_value=-0.000342857 -0.000133929 -0.00163311 -0.00129412 0.000613155 0.00121302 0.00245742 -0.000716981 -0.00154185 0.000909091 -0.00433962 -0.00188406 -0.000858586 0.000721649 -0.00122172 -0.000177515 0.0032 0.00165049 -0.00174061 -0.000352941 0.002 0.00333333 -0.00159664 -0.00244444 -0.00365854 -0.00511111 -0.00461538 0.00268817 0 0.002 -0.00195402 -0.00272727 -0.000204082 -0.00535714 0.0056 0.00400922 0.00308642 0.00133333 0.00527778 0.00333333 -0.00208333 0.00114286 0.00403509 -0.00030303 0.00461538 0.00672727 -0.0052 -0.00490196 0.0072549 -0.00857143
internal_weight=1400 1344 447 425 897 676 411 265 227 121 106 69 396 194 221 169 50 103 293 170 80 75 119 90 123 90 52 93 172 85 87 99 49 56 50 217 162 90 72 60 48 70 57 66 52 55 50 51 51 42
internal_count=1400 1344 447 425 897 676 411 265 227 121 106 69 396 194 221 169 50 103 293 170 80 75 119 90 123 90 52 93 172 85 87 99 49 56 50 217 162 90 72 60 48 70 57 66 52 55 50 51 51 42
is_linear=0
shrinkage=0.01


Tree=67
num_leaves=53
num_cat=0
split_feature=68 17 17 95 35 89 89 14 69 41 92 90 100 11 41 69 13 87 28 79 13 4 26 74 33 7 43 13 16 61 4 41 83 17 34 35 69 88 88 89 16 42 92 16 83 59 7 21 83 83 83 3
split_gain=10.4428 11.9867 11.5167 10.3058 11.8486 10.6954 9.42631 8.84727 11.6371 9.11197 8.01515 9.31331 7.93183 10.7143 7.7277 7.63676 6.89955 6.70635 6.44163 7.63098 6.70925 7.78378 6.06658 9.01207 8.05845 8.03862 7.87432 7.05861 8.263 7.185 7.26603 7.14286 6.91128 7.86395 5.4961 5.37382 12.0361 8.75144 12.8926 5.80501 5.33333 7.38769 5.17993 4.93308 4.9 4.74797 4.45873 3.72427 5.23618 5.55809 3.12567 1.63902
threshold=1457.2285000000004 230.35000000000005 242.95000000000002 1.0000000180025095e-35 23.075000000000006 992.45908124999994 1335.5313562500003 16338.950000000003 32834.000000000007 43.750000000000007 24587.522081250008 1794.2998500000003 0.80208333333333348 40778.900000000009 67.750000000000014 32530.500000000004 1642.9000000000003 0.13541666666666671 31.025000000000002 313.51703309567023 6674.3000000000002 3355.1150000000002 2.7500000000000004 1231.8487604166669 195.25000000000003 26.845000000000002 66.875000000000014 11719.900000000003 5737.8000000000011 34485.80000000001 6867.0950000000012 85.250000000000014 2088.9000000000001 20.250000000000004 65.250000000000014 26.925000000000004 30092.400000000005 3683.9027083333335 5023.8300000000008 1388.0424187500003 5900.8000000000011 147.37500000000003 26460.253593750007 6387.0500000000002 2513.9000000000001 -0.68301270189221952 90.550000000000011 15.575000000000001 1609.9499999999991 2485.0500000000015 1911.399999999998 14379.85
decision_type=2 2 2 2 2 2 2 2 2 2 2 2 2 2 2 2 2 2 2 2 2 2 2 2 2 2 2 2 2 2 2 2 2 2 2 2 2 2 2 2 2 2 2 2 2 2 2 2 2 2 2 2
left_child=3 7 -3 4 -1 43 14 9 10 -2 -9 42 16 -14 -7 -8 50 -4 19 20 21 -18 32 24 26 -26 -24 29 -29 30 -28 -30 33 -21 -10 36 -11 -37 -39 -40 41 -32 -12 46 -34 -20 -5 -38 -49 51 -6 -50
right_child=1 2 17 5 12 6 15 8 34 35 11 -13 13 -15 -16 -17 18 -19 45 22 -22 -23 23 -25 25 -27 27 28 31 -31 40 -33 44 -35 -36 37 47 38 39 -41 -42 -43 -44 -45 -46 -47 -48 48 49 -51 -52 -53
leaf_value=2.6678441409224898 -3.5952883522422283 0.55589354781813349 0.015996156743897257 3.93736078154306 0.64178731313287674 1.9189929992521053 3.3792831806794368 0.23729174221150665 -0.063965123238103563 0.0088304045104419786 -0.024395499490486267 0.15890354614732874 0.04546819197238626 -0.026338795627893714 -0.64318351740613466 -0.057685536052532314 -1.2660693547562591 -2.8774198071429873 -0.012654666942559735 -0.065007385372148146 -4.5403481403569224 0.046556774363685473 -0.15333766281296307 1.5867016613065372 0.010028361416376211 -0.075810506638933142 2.3944903396799906 -0.0054101750395262587 0.52948777426741833 -0.03319201442170959 -1.2439555835470368 4.6315512415106515 0.061602216570208833 -2.6425276650083571 -0.25204802702369139 0.031104828725968713 -1.7813646193269919 -0.33303644016976935 0.039814589561224925 -0.0052301287714875853 2.2614395147831368 0.029321306730113492 0.0096383598551113021 1.0182895762990658 -0.021437186917503591 -0.060205524615069006 1.1966850647831111 -0.00061094485609966402 -0.9414321851718398 -0.011780689930535311 0.0045617618726598863 -1.6472222561048409
leaf_weight=21 24 22 36 36 20 21 32 22 35 36 20 20 35 25 25 23 37 20 23 21 22 37 31 31 26 35 38 25 28 34 36 28 20 28 20 20 29 28 24 27 25 39 26 20 20 25 20 20 20 22 21 21
leaf_count=21 24 22 36 36 20 21 32 22 35 36 20 20 35 25 25 23 37 20 23 21 22 37 31 31 26 35 38 25 28 34 36 28 20 28 20 20 29 28 24 27 25 39 26 20 20 25 20 20 20 22 21 21
internal_value=-0.000371429 -0.00154472 0.00205128 0.000264317 -0.000259918 0.00242938 0.00029703 -0.00222222 -0.00020979 -0.00328413 0.00204545 0.00030303 -0.000478873 0.003 -0.00304348 0.00309091 -0.0008 -0.000357143 -0.00106732 -0.000766488 -0.00333333 -0.00189189 -0.000236559 0.000319149 -0.000144928 -0.00344262 0.00056338 0.00114625 0.00358025 0 0.00101449 0.00571429 -0.00258427 -0.00510204 -0.00381818 -0.00271255 -0.00391892 -0.000909091 -0.00240506 0.000588235 -0.0004 -0.00173333 -0.00217391 0.00526316 0.0005 -0.00458333 0.00678571 -0.00553571 -0.00445783 -0.00587302 0.00317073 -0.00804878
internal_weight=1400 492 78 908 731 177 101 414 143 271 88 66 710 60 46 55 650 56 609 561 96 74 465 376 345 61 284 253 81 172 138 56 89 49 55 247 148 99 79 51 100 75 46 76 40 48 56 112 83 63 41 41
internal_count=1400 492 78 908 731 177 101 414 143 271 88 66 710 60 46 55 650 56 609 561 96 74 465 376 345 61 284 253 81 172 138 56 89 49 55 247 148 99 79 51 100 75 46 76 40 48 56 112 83 63 41 41
is_linear=0
shrinkage=0.01


Tree=68
num_leaves=53
num_cat=0
split_feature=29 37 83 100 66 88 4 67 1 67 13 88 29 91 26 88 13 27 73 29 23 6 90 29 53 37 32 71 25 1 100 23 57 27 93 8 35 60 25 8 24 13 88 6 37 6 29 64 41 37 6 53
split_gain=15.5144 7.71766 11.3579 7.25026 7.20412 6.53828 6.87652 7.0718 8.43109 7.82508 7.9453 8.56025 7.46846 14.5772 13.2408 10.3168 7.19766 9.49804 8.18393 7.23391 7.15133 6.9888 7.03827 6.97368 10.5683 7.29825 6.91765 7.16488 6.85445 6.81713 8.02771 6.09524 5.91735 6.98182 6.71746 6.50301 5.90635 5.87486 6.40346 5.6592 8.34478 5.2964 5.14832 4.95238 4.53482 6.16455 4.17096 3.70497 3.65714 3.59864 3.59279 2.17713
threshold=63.250000000000007 20.750000000000004 1351.5000000000002 0.89236111111111127 1145.1360000000002 2632.4683333333337 1774.0900000000001 30317.850000000002 13949.550000000001 38569.900000000009 1964.4000000000003 5455.2718750000004 85.250000000000014 25255.4006625 99.250000000000014 6488.6014583333354 7685.2500000000009 83.750000000000014 994.50000000000011 79.250000000000014 98.750000000000014 8356.6150000000016 1533.5365500000005 88.750000000000014 3.5000000000000004 63.250000000000007 100.75000000000001 0.98050000000000004 165.75000000000003 13512.300000000001 0.017361111111111115 86.250000000000014 -0.22252093395631442 86.750000000000014 416.57000000000005 404.44289285714291 27.275000000000002 1355.7645000000002 103.75000000000001 411.94578947368427 6.6250000000000009 10410.050000000001 4006.8697916666674 6040.2500000000009 91.750000000000014 5946.295000000001 80.250000000000014 1509.5500000000002 88.250000000000014 82.250000000000014 4725.4850000000015 2.5000000000000004
decision_type=2 2 2 2 2 2 2 2 2 2 2 2 2 2 2 2 2 2 2 2 2 2 2 2 2 2 2 2 2 2 2 2 2 2 2 2 2 2 2 2 2 2 2 2 2 2 2 2 2 2 2 2
left_child=36 2 -2 5 -4 -3 -7 12 29 10 11 42 13 15 48 -8 26 18 19 -18 31 -22 -23 44 25 -25 39 -28 41 30 -9 -19 34 -34 35 -29 -1 38 -32 -12 -41 -21 -10 -27 -14 -46 -17 -6 -15 -26 -42 -31
right_child=1 3 4 -5 47 6 7 8 9 -11 16 -13 23 14 -16 46 17 20 -20 28 21 22 -24 24 49 43 27 32 -30 51 37 -33 33 -35 -36 -37 -38 -39 -40 40 50 -43 -44 -45 45 -47 -48 -49 -50 -51 -52 -53
leaf_value=-0.0069475885594725275 -0.38820712609491487 -0.04087719823757243 0.13218256614441315 0.026522582442703019 1.5208273981957086 0.018581812465177549 0.75310165224070436 -1.2623488394564777 -0.09458731478584223 -0.029439037316846352 -1.3615616910947401 0.033950085671058561 0.42579202836756824 -1.1326083104497242 1.5692938255366919 0.010088899842704014 -0.093944026626238644 0.34135675357195455 -3.8495212492056368 -0.3741272510328249 -0.93536812912223311 0.021371177121423827 4.6352558127220513 -0.10628371481925988 -1.9456140796904187 2.7906942673434809 1.2524098650484983 0.11356653807498851 0.050437782127983243 -3.4485793876847999 -5.1100532410221167 -0.15180428618483346 0.010275241950193966 -0.25256168644170002 -0.016825740094447424 0.91107967897216457 -0.16574059977821889 2.7756802433362027 0.012711003570667203 0.97556745055388572 -0.56089675224142843 0.055939801542078234 -0.09707630267125536 0.076235893627308204 -0.013420809704725279 0.51307146996654196 -1.7271564455218891 0.93252147018146592 -0.81395071152176235 -0.0075359423233906956 0.018633493261343715 -0.095434546360266451
leaf_weight=20 24 39 24 35 20 32 28 32 20 30 26 21 38 36 22 21 26 21 23 21 21 37 29 24 21 28 36 32 31 23 20 21 20 24 20 38 36 27 22 26 27 20 37 24 20 26 20 33 20 28 23 27
leaf_count=20 24 39 24 35 20 32 28 32 20 30 26 21 38 36 22 21 26 21 23 21 21 37 29 24 21 28 36 32 31 23 20 21 20 24 20 38 36 27 22 26 27 20 37 24 20 26 20 33 20 28 23 27
internal_value=-0.0002 1.4881e-05 0.00267327 -0.000201126 0.00454545 -0.000331126 -0.000196749 -0.000325418 -0.000857875 -0.000349206 -0.0001 -0.00307692 0.000842697 -0.000884354 -0.00384615 0.00246377 0.000344828 -0.00088 -0.00289256 -0.00163265 0.00100775 0.00264368 0.00424242 0.00205742 0.00056 0.00289474 0.00147059 0.00270588 0 -0.00298013 -0.00148515 -0.00238095 0.00164179 -0.00136364 0.00311111 0.00457143 -0.00535714 0.000434783 -0.00190476 -0.000588235 0.000789474 -0.00268293 -0.00508772 0.005 0.00428571 0.00217391 -0.000731707 0.00660377 -0.00642857 -0.00306122 -0.0016 -0.006
internal_weight=1400 1344 101 1243 77 1208 1169 1137 781 630 600 78 356 147 78 69 522 250 121 98 129 87 66 209 125 76 272 170 72 151 101 42 134 44 90 70 56 69 42 102 76 41 57 52 84 46 41 53 56 49 50 50
internal_count=1400 1344 101 1243 77 1208 1169 1137 781 630 600 78 356 147 78 69 522 250 121 98 129 87 66 209 125 76 272 170 72 151 101 42 134 44 90 70 56 69 42 102 76 41 57 52 84 46 41 53 56 49 50 50
is_linear=0
shrinkage=0.01


Tree=69
num_leaves=54
num_cat=0
split_feature=7 72 76 94 25 82 97 62 68 77 30 41 76 74 57 77 38 1 94 62 25 36 0 20 0 20 39 79 33 62 41 39 14 77 5 81 62 82 37 41 37 40 41 38 32 32 36 19 100 40 94 40 17
split_gain=11.5707 8.75909 15.9815 12.6724 9.85315 9.3651 8.12954 8.0959 10.4529 10.5242 9.20264 6.93741 6.61163 7.01133 6.56188 11.1138 9.21486 8.24229 6.54545 9.91618 6.5213 7.18871 6.31975 6.09524 6.05938 6.25541 6.03534 5.55789 5.37238 10.6432 9.00779 6.01485 5.6074 7.82602 9.14516 6.25 5.08151 5.07937 4.77862 5.71769 4.54545 4.48831 4.41577 4.39074 4.06298 6.09524 3.71561 3.71212 3.71212 3.4381 3.08571 2.72727 2.11204
threshold=6420.4400000000014 1456.5065000000002 36872.358333333344 546697.86693625024 18.750000000000004 -0.064499999999999932 1.0000000180025095e-35 937.97600000000011 951.00000000000011 4074.6508206377553 55.750000000000007 62.750000000000007 35939.445833333346 102.59842708333333 -0.22252093395631442 3363.5536517917722 11.675000000000002 13991.200000000003 510980.00497031264 1378.6160000000002 117.25000000000001 87.750000000000014 30317.850000000002 440.90000000000003 34966.450000000004 1001.8000000000001 178.75000000000003 524.67792257905819 27.750000000000004 1776.5000000000002 83.250000000000014 114.25000000000001 17734.650000000005 3104.0232463748184 5788.3500000000004 4021.8627369982291 1299.8000000000002 -0.076499999999999943 87.750000000000014 91.750000000000014 79.750000000000014 106.75000000000001 84.250000000000014 7.2750000000000012 38.250000000000007 71.750000000000014 78.250000000000014 1522.5500000000004 0.13541666666666671 108.25000000000001 621957.22813125025 82.250000000000014 32.850000000000009
decision_type=2 2 2 2 2 2 2 2 2 2 2 2 2 2 2 2 2 2 2 2 2 2 2 2 2 2 2 2 2 2 2 2 2 2 2 2 2 2 2 2 2 2 2 2 2 2 2 2 2 2 2 2 2
left_child=1 2 3 22 -5 38 47 12 42 10 -10 -12 13 -6 15 -15 20 -17 19 -3 21 -16 -1 49 25 -8 -22 -26 31 32 50 -25 33 -30 35 -35 -33 -28 -4 -40 51 -13 52 -19 -38 -46 -37 -7 -42 -20 -31 -24 -9
right_child=-2 18 5 4 7 6 24 8 9 -11 11 41 -14 14 16 17 -18 43 23 -21 26 -23 40 28 27 -27 37 -29 29 30 -32 36 -34 34 -36 46 44 -39 39 -41 48 -43 -44 -45 45 -47 -48 -49 -50 -51 -52 -53 -54
leaf_value=0.074240178553063849 -0.070981843932170732 -1.8729429637923283 -0.16879283517766022 -1.4045220651697787 0.032779351762943922 1.5926174643775375 0.013780643718897919 4.6959356847873464 -0.20705023140803255 -1.0285821066959406 1.9480337477106979 0.27971746322721319 0.066249768206377541 0.25626320526561841 -0.0029828242184116549 -0.65089848143935192 -0.87478271209466518 -0.05623688223923419 -1.9692190116467598 -0.0034930659643597141 0.42863487777537873 -5.5920734508295631 4.5587751659129321 0.021450861901567694 0.0057142718884946684 -0.31086279756944968 -0.70235908069826514 -0.049139055094535651 -0.10314637410366441 -0.0038073830424079358 0.015319940620713537 -3.3338598614214168 0.74785737874041103 0.1491051604407721 -0.044037755870801026 0.046846484107380536 -1.4734625921568973 0.035073135035414926 0.010513533050847776 -0.036072250635402418 -0.00087534429981202862 -0.10717893272973517 2.3755348400917446 0.11639528123063071 0.067131978430605588 -0.017335453973217004 -0.0036784449943247383 0.0073754908692825237 2.184940417091342 -0.088148148857537731 -0.030113754661808403 1.1827898377949355 8.808806928531407
leaf_weight=28 26 29 33 34 35 24 20 33 22 23 23 22 29 22 26 26 33 33 28 37 26 29 24 24 22 22 28 38 21 20 22 39 27 24 21 21 20 35 24 25 20 20 29 23 21 21 27 20 24 20 28 20 29
leaf_count=28 26 29 33 34 35 24 20 33 22 23 23 22 29 22 26 26 33 33 28 37 26 29 24 24 22 22 28 38 21 20 22 39 27 24 21 21 20 35 24 25 20 20 29 23 21 21 27 20 24 20 28 20 29
internal_value=-0.000314286 -0.000189229 0.000367965 0.00112069 0.000517241 -0.00192982 -0.000410959 0.000842491 0.00243781 0.000363636 0.00195402 0.00384615 -8.69565e-05 -0.000506329 -0.00103203 0.000961538 -0.00220339 -0.000731707 -0.00133333 -0.00424242 -0.00111111 -0.00381818 0.00413793 -0.000833333 -0.00196078 0.000952381 0.000561798 -0.004 -0.000357143 0.000616114 -0.00257143 -0.002 0.00219858 0.00122807 0.00247312 0.00416667 -0.00306931 -0.00111111 -0.00463415 -0.00265306 0.00545455 0.00142857 0.00494505 0.00142857 -0.00129032 0.00047619 0.00208333 0.00318182 0.00318182 -0.00416667 -0.005 0.00772727 0.00645161
internal_weight=1400 1374 924 696 580 228 146 546 201 110 87 65 345 316 281 104 177 82 450 66 144 55 116 384 102 42 89 60 336 211 70 125 141 114 93 72 101 63 82 49 88 42 91 56 62 42 48 44 44 48 48 44 62
internal_count=1400 1374 924 696 580 228 146 546 201 110 87 65 345 316 281 104 177 82 450 66 144 55 116 384 102 42 89 60 336 211 70 125 141 114 93 72 101 63 82 49 88 42 91 56 62 42 48 44 44 48 48 44 62
is_linear=0
shrinkage=0.01


Tree=70
num_leaves=52
num_cat=0
split_feature=67 14 30 5 63 5 7 57 40 72 0 30 30 38 30 7 21 43 41 5 14 72 60 63 83 77 93 43 32 63 7 93 41 79 16 35 0 14 64 67 10 6 78 30 82 32 32 83 67 29 11
split_gain=7.67732 15.8363 12.8592 14.1054 12.6088 12.33 9.69969 8.80489 8.02285 10.6314 11.5623 7.5101 10.4962 8.86687 8.85508 8.12736 9.76138 10.8115 8.01956 10.0979 8 7.09158 6.82105 9.49235 8.03955 6.65258 9.16668 6.17143 6.50734 6.12146 11.3024 8.8167 11.5561 8.3286 6.42809 6.11671 6.3913 5.73885 6.163 5.73083 5.71667 4.9 4.87013 4.43077 4.37838 4.36818 4.93958 4.00039 4.14434 3.84 3.79605
threshold=30317.850000000002 15267.500000000002 98.750000000000014 6720.1400000000003 25628.200000000004 4325.0000000000009 17.555000000000003 -0.22252093395631442 30.250000000000004 1357.7240000000002 32955.400000000009 98.750000000000014 90.750000000000014 4.2750000000000012 84.750000000000014 1191.2500000000002 29.625000000000004 86.884998321533217 86.750000000000014 4553.2050000000008 20195.400000000005 1093.2 1057.3755000000003 25078.150000000005 2513.9000000000001 4266.9227861112022 413.89078947368426 92.430000305175795 56.750000000000007 29501.100000000002 2809.6600000000003 411.15057275541801 91.750000000000014 590.79706133312391 5825.9000000000005 27.025000000000002 32104.800000000007 17254.300000000003 1503.4500000000003 35625.700000000004 30168.850000000002 10062.055000000002 798.18668055555565 56.250000000000007 0.8069999999999028 71.750000000000014 134.75000000000003 2272.200000000003 33830.30000000001 87.250000000000014 34262.05000000001
decision_type=2 2 2 2 2 2 2 2 2 2 2 2 2 2 2 2 2 2 2 2 2 2 2 2 2 2 2 2 2 2 2 2 2 2 2 2 2 2 2 2 2 2 2 2 2 2 2 2 2 2 2
left_child=1 2 3 6 -2 -3 -1 -7 9 10 -6 12 14 -14 15 16 17 25 19 -19 -17 -8 23 -9 -25 26 35 28 -24 40 31 34 33 47 -31 -10 -37 38 -15 -27 -13 -12 -35 -23 49 -42 -47 48 -33 -28 -4
right_child=4 5 50 -5 8 7 21 22 11 -11 41 29 13 37 -16 20 -18 18 -20 -21 -22 43 27 24 -26 39 44 -29 -30 30 -32 32 -34 42 -36 36 -38 -39 -40 -41 45 -43 -44 -45 -46 46 -48 -49 -50 -51 -52
leaf_value=1.0045285861701734 -2.7932637750931408 1.6130763383397593 -4.1785993006753621 -3.3744709698540349 0.057342324478691246 1.5174279177252998 0.14744917995806892 0.56103853017181904 0.16119287822536296 -2.5084193242630572 -6.2534939773631164 0.67094733212000024 -1.4286891236046586 0.029106612183760011 0.071864207236783703 -1.3576518346685571 4.2144150852271318 0.010081103852550082 -0.034456073189663629 5.0930117728869098 -0.0026056597408667947 -1.1716727621349146 0.032100124721276296 -2.7119825741600803 0.019685224270949545 0.11154457582976864 -0.024114734006395581 -0.0065299158059211673 0.94399017778507177 -0.32498079560866561 0.31749260261996493 -0.02542102883248332 -0.032960438204200297 -0.04232365078263195 -0.015563783774249312 -0.10446725253142518 0.011261344931818178 -0.15240579886630387 -0.17960858260868875 -0.19697864277987032 -0.044724435910381236 -0.0012855531740089438 0.023350483137558622 -0.0045763816701210012 -0.011116992402720287 0.050237681605958082 0.019872287845701626 1.6293419781039695 0.15959254357756342 -0.10396909137142463 -0.0096678786604466188
leaf_weight=30 22 21 32 21 29 38 39 32 25 31 20 20 23 38 39 25 22 34 22 29 25 20 26 29 20 39 25 27 37 26 24 20 38 20 23 25 23 35 22 25 20 20 22 32 25 21 23 24 31 24 23
leaf_count=30 22 21 32 21 29 38 39 32 25 31 20 20 23 38 39 25 22 34 22 29 25 20 26 29 20 39 25 27 37 26 24 20 38 20 23 25 23 35 22 25 20 20 22 32 25 21 23 24 31 24 23
internal_value=-0.00020202 0.000913349 -0.00116751 0.000422535 -0.000698644 0.00269565 0.00173554 0.00196172 -0.000522946 -0.0032 -0.00101449 -0.000203106 -0.000933333 -0.00355932 -0.00017199 -0.000652174 -6.28931e-05 -0.000540541 0.00247059 0.00428571 -0.0044 0.00010989 0.000994152 -0.00111111 -0.00387755 -0.00175355 -0.00292517 0.00288889 0.00460317 0.00102564 0.000175439 -0.000588235 0.000580645 0.00213675 -0.00428571 -0.000410959 -0.0025 -0.00221053 -0.000333333 0.0009375 0.00333333 -0.0045 -0.00142857 -0.00230769 -0.00540541 0.001875 0.00363636 0.00413333 0.00254902 -0.00714286 -0.00527273
internal_weight=1386 427 197 142 959 230 121 209 937 100 69 837 525 118 407 368 318 296 85 63 50 91 171 81 49 211 147 90 63 312 228 204 155 117 49 73 48 95 60 64 84 40 42 52 74 64 44 75 51 49 55
internal_count=1386 427 197 142 959 230 121 209 937 100 69 837 525 118 407 368 318 296 85 63 50 91 171 81 49 211 147 90 63 312 228 204 155 117 49 73 48 95 60 64 84 40 42 52 74 64 44 75 51 49 55
is_linear=0
shrinkage=0.01


Tree=71
num_leaves=54
num_cat=0
split_feature=79 14 80 33 34 26 34 75 34 83 71 41 30 79 81 7 63 41 81 24 92 2 14 66 81 96 80 75 88 79 59 38 38 28 24 81 46 30 24 60 14 93 88 34 66 24 24 74 39 24 7 71 28
split_gain=8.24159 7.1301 17.928 13.3463 13.2187 9.97902 12.1753 9.31765 9.29096 12.3629 10.3372 9.16209 8.93537 8.09821 7.32053 10.9364 8.18256 6.92334 8.00618 9.22074 8.96013 6.25 6.21384 6.08444 6.02353 7.04077 8.02317 7.90796 5.96246 7.03669 7.45436 9.39783 5.83333 5.61471 7.67722 10.6675 5.6018 5.26569 4.84 4.62493 4.5675 7.97922 5.37568 4.25057 4.40026 4.07576 9.72791 3.6 3.31325 3.21429 2.766 2.26471 0.962791
threshold=719.60047600807059 15608.000000000002 33562.340972222235 79.250000000000014 68.750000000000014 5.2500000000000009 53.750000000000007 512.70016619441014 93.250000000000014 1858.9000000000017 1764.1225000000002 85.250000000000014 99.750000000000014 527.44862026053818 3871.343856073609 17.595000000000002 30237.450000000004 82.750000000000014 3714.0621555224538 6.5750000000000011 26338.030137500005 2941.8500000000004 20452.950000000004 1417.6400000000001 4006.1846082693583 1.0000000180025095e-35 36664.746875000004 495.30271142974146 4280.9985416666677 498.60775875743775 0.93301270189221952 7.6750000000000016 4.6750000000000016 23.975000000000005 10.475000000000001 4122.2672144531443 98.915000915527358 57.250000000000007 6.5750000000000011 1.0075000000000001 13872.200000000003 404.78390873015877 4886.2475000000013 71.750000000000014 1326.6000000000001 7.375 12.025000000000002 829.0909062500001 166.75000000000003 8.3250000000000028 20.815000000000005 1159.7415000000003 23.575000000000006
decision_type=2 2 2 2 2 2 2 2 2 2 2 2 2 2 2 2 2 2 2 2 2 2 2 2 2 2 2 2 2 2 2 2 2 2 2 2 2 2 2 2 2 2 2 2 2 2 2 2 2 2 2 2 2
left_child=1 3 17 4 7 6 -4 33 10 -10 14 -11 24 48 15 43 -16 28 -19 -20 -21 -2 38 -9 -7 37 -27 -28 -3 36 31 45 -8 34 40 -36 -30 -26 -15 -6 41 -1 -42 -5 -45 -31 -47 -39 -14 -17 -18 -41 -38
right_child=21 2 5 8 39 12 32 23 9 11 -12 -13 13 22 16 49 50 18 19 20 -22 -23 -24 -25 25 26 27 -29 29 30 -32 -33 -34 -35 35 -37 52 47 -40 51 42 -43 -44 44 -46 46 -48 -49 -50 -51 -52 -53 -54
leaf_value=0.68121285604273396 -0.0049430649185832074 -0.00097890320915366936 -0.56396073357245224 2.6549685648951731 -0.0048333233624232672 -0.03377333448954551 0.0029901558640240229 -1.4190187772278622 -2.3530670078171134 -0.11058384064480835 -0.022029599520430133 0.1110350104368536 -0.51360413210896261 0.005404548894779735 0.3324607048152497 -0.0077489003856322097 0.014724922519906267 0.62239983970618884 0.10954179939748336 -0.055344909034799848 -5.0223541568390013 -0.36377528778590917 -0.012633373232217724 -2.1805566898759405 -0.0045834252813720892 0.018446543693579252 0.013980593502866588 -0.060498320435843141 0.90954680577265212 2.887518926182437 -0.033169580013623634 -0.049207763613811205 0.11042913007147095 0.23009335055002225 0.0083096217560676231 -2.2923479219055798 3.5613827612217133 -0.031406742825734052 0.47496979682268942 -4.66602003729058 0.10615119853518419 -1.4491607964263735 -0.01260645087656599 -0.054895301190011951 2.7988683296207184 -0.0032641673482916678 1.5840739242897084 -2.1821858181053542 -0.0048271595280747403 -0.26611780266022372 -0.011153210174913277 -0.035538459445644446 2.1151930140838431
leaf_weight=22 32 38 21 29 23 34 21 20 31 29 28 22 20 20 38 21 29 27 25 33 24 32 22 25 22 27 20 27 28 35 28 21 35 25 20 22 23 20 25 22 23 20 21 39 20 31 23 20 23 24 22 34 20
leaf_count=22 32 38 21 29 23 34 21 20 31 29 28 22 20 20 38 21 29 27 25 33 24 32 22 25 22 27 20 27 28 35 28 21 35 25 20 22 23 20 25 22 23 20 21 39 20 31 23 20 23 24 22 34 20
internal_value=-0.00024531 -7.5643e-05 0.000603086 -0.000870279 -0.00249097 -0.000980392 0.00220779 -0.00111111 0.000481928 -0.00243902 0.00144 0.000588235 -0.00185714 0.000363636 0.00216216 0.000676692 0.00438202 0.00219101 9.17431e-05 -0.00146341 -0.00368421 -0.00375 0.00253731 -0.00511111 -0.00329412 -0.00235294 -0.00027027 -0.00276596 0.00311741 0.0037799 0.00246377 0.00363636 0.00464286 6.53595e-05 -0.00078125 -0.00428571 0.00633803 -0.00483871 0.00466667 -0.00594937 0.000930233 -0.00142857 0.00318182 0.00272727 0.00118644 0.00505618 0.00333333 -0.007 -0.00302326 -0.00333333 0.00176471 -0.0075 0.00860465
internal_weight=1386 1322 713 609 277 357 77 198 332 82 250 51 280 110 222 133 89 356 109 82 57 64 67 45 170 136 74 47 247 209 138 110 56 153 128 42 71 62 45 79 86 42 44 88 59 89 54 40 43 45 51 56 43
internal_count=1386 1322 713 609 277 357 77 198 332 82 250 51 280 110 222 133 89 356 109 82 57 64 67 45 170 136 74 47 247 209 138 110 56 153 128 42 71 62 45 79 86 42 44 88 59 89 54 40 43 45 51 56 43
is_linear=0
shrinkage=0.01


Tree=72
num_leaves=54
num_cat=0
split_feature=88 76 26 68 29 21 35 35 74 76 79 39 44 6 80 24 21 3 88 88 66 35 31 3 100 65 5 3 79 79 35 5 43 31 6 44 31 59 6 11 66 39 17 23 74 23 24 88 68 78 1 3 13
split_gain=10.9383 10.5317 17.4242 10.8815 9.65513 9.98217 14.709 14.2041 12.8887 10.24 9.82303 8.91746 7.46533 10.3167 9.31377 7.29779 7.24616 7.51572 7.23735 8.54953 14.2602 8.45181 9.51087 8.04762 7.87096 7.83006 7.34824 7.07483 7.50966 7.00606 6.30486 8.45586 5.78579 5.70095 6.71312 5.64943 5.57354 5.46263 5.10968 4.60851 4.14848 3.88923 6.64574 3.85333 3.69378 3.55926 3.24343 2.76657 2.29206 2.13892 1.91255 1.6 0.921951
threshold=2445.3708333333338 37945.812500000007 93.250000000000014 1457.2285000000004 90.250000000000014 29.825000000000006 27.225000000000005 28.375000000000004 102.59842708333333 30079.379166666669 355.43048707894695 116.25000000000001 3.9915000200271611 4140.0950000000003 33049.009027777785 7.7250000000000005 26.275000000000002 15514.550000000001 7463.7922916666676 3464.8918750000007 1371.8000000000002 25.575000000000006 5.1750000000000016 14791.048500000003 0.010416666666666668 29822.200000000001 4178.4250000000011 15089.250000000002 647.29829710149465 558.22249057434396 26.525000000000002 6605.0700000000006 93.595001220703139 6.1250000000000009 5946.295000000001 3.4685000181198125 8.7250000000000014 -0.68301270189221952 7635.3200000000006 36777.700000000004 828.05000000000007 131.75000000000003 143.00000000000003 81.750000000000014 935.03682291666678 94.750000000000014 4.9750000000000005 5843.2164583333333 886.18300000000011 524.73536111111127 13926.85 13265.700000000003 2376.5000000000005
decision_type=2 2 2 2 2 2 2 2 2 2 2 2 2 2 2 2 2 2 2 2 2 2 2 2 2 2 2 2 2 2 2 2 2 2 2 2 2 2 2 2 2 2 2 2 2 2 2 2 2 2 2 2 2
left_child=-1 3 16 4 5 6 8 9 -2 -8 15 -6 13 -12 33 -10 17 -3 19 23 26 22 -22 -5 39 44 -21 28 43 -18 31 -14 45 -15 -35 -28 47 40 51 -23 -11 42 -24 -16 -20 -26 -4 52 -32 -48 -17 -33 -13
right_child=1 2 46 18 11 -7 7 -9 10 37 12 36 30 14 27 50 29 -19 25 20 21 24 41 -25 32 -27 35 -29 -30 -31 48 38 -34 34 -36 -37 -38 -39 -40 -41 -42 -43 -44 -45 -46 -47 49 -49 -50 -51 -52 -53 -54
leaf_value=-0.02733105677850655 1.817610559719224 0.007103942942063156 -0.019715561844989463 -0.020674983023324295 -0.0019481646041903812 3.5332899070983501 0.60969827421606337 0.30660304098937341 0.031308628740204604 -0.070673906729476724 -0.12424952108332278 3.8146025556740466 0.029989174181328081 8.8522151497486341 5.0833578370287134 -1.069013097547151 2.4694262105606737 -0.83929001541706127 0.48848909170749572 -1.3403975899941816 -1.0293594368218661 -0.21932416618745371 0.047649455218259917 0.22268695625148119 -0.065268074968503231 -0.1160728447421185 -1.7273774771999033 -0.069613487124720458 -0.0052823716484933338 -0.019211370178697781 4.0651435005992917 -3.0332893546229647 0.011628622528709718 3.3805746515108366 0.0036620510986173495 -0.015610636840166765 0.018282325794650837 -2.2666674582607631 0.00059959582444784275 0.011950352169713884 -0.021121197689418007 0.042646377229604716 -0.023478589823403003 0.025467491447555519 0.086035134370798655 -0.022793493449020898 -0.03209402635110449 0.51493295556147545 0.066659215763122004 -0.15547131243278314 -0.42891014614763218 -0.86925279140426226 2.7544482902774412
leaf_weight=36 20 20 22 27 36 31 20 24 39 20 26 20 36 28 20 22 33 26 21 27 20 20 31 21 24 21 35 29 23 27 24 20 20 21 20 26 29 36 22 27 24 34 27 30 37 30 25 20 21 27 20 20 21
leaf_count=36 20 20 22 27 36 31 20 24 39 20 26 20 36 28 20 22 33 26 21 27 20 20 31 21 24 21 35 29 23 27 24 20 20 21 20 26 29 36 22 27 24 34 27 30 37 30 25 20 21 27 20 20 21
internal_value=-0.00011544 2.96296e-05 -0.00222222 0.000376068 0.00113573 0.000604027 0.000300885 -0.00274194 0.00115646 -0.0044 0.000783848 0.00365079 0.00152941 0.00279188 0.00368421 -0.00234568 0.000377358 -0.0026087 -0.000848214 -0.00143631 -0.00202492 -0.000729614 0.00125 0.0025 -0.00256198 0.00189873 -0.00545455 0.00176471 0.00342466 0.00266667 -0.00020979 -0.00163265 -0.00459459 0.00652174 0.00414634 -0.00737705 0.00533333 -0.006 -0.00387097 0.000638298 -0.00363636 0.0026087 0.00103448 0.0056 0.0037931 -0.0062963 -0.00594595 0.00704918 0.00288889 -0.00730769 -0.0052381 -0.006 0.00853659
internal_weight=1386 1350 180 1170 722 596 565 124 441 100 421 126 340 197 171 81 106 46 448 369 321 233 112 48 121 79 88 102 73 60 143 98 74 69 41 61 90 80 62 47 44 92 58 50 58 54 74 61 45 52 42 40 41
internal_count=1386 1350 180 1170 722 596 565 124 441 100 421 126 340 197 171 81 106 46 448 369 321 233 112 48 121 79 88 102 73 60 143 98 74 69 41 61 90 80 62 47 44 92 58 50 58 54 74 61 45 52 42 40 41
is_linear=0
shrinkage=0.01


Tree=73
num_leaves=55
num_cat=0
split_feature=11 61 22 11 2 98 82 17 7 40 61 1 14 80 88 4 7 72 61 93 6 6 22 60 82 3 7 82 16 11 10 70 21 75 64 33 66 42 4 19 2 33 10 16 0 7 67 67 13 21 40 78 8 16
split_gain=10.5257 11.9184 13.7227 10.0463 9.67796 10.1032 13.7308 12.4454 9.68738 9.45438 9.19909 9.97883 8.53333 8.02886 7.97967 7.88643 7.87692 9.42308 7.62001 6.90109 7.85423 6.76652 8.76749 7.18164 7.83487 7.67032 9.14667 6.4 5.77752 6.3905 5.74855 6.10717 5.52142 6.29423 9.55369 8.66512 7.27945 8.37963 6.61581 5.81573 5.39401 5.14712 5.0381 4.90107 4.9 4.80266 4.55787 4.31677 3.6 3.51054 2.95918 2.56098 2.54848 2.5
threshold=31920.950000000004 35478.250000000007 90.750000000000014 42767.05000000001 3498.2045000000003 0.072916666666666685 -111.76950000000004 207.10000000000002 20.545000000000005 58.250000000000007 28181.150000000005 13991.200000000003 16457.650000000005 33340.711458333339 10307.783958333335 9641.8250000000025 1935.0050000000003 994.78700000000015 34456.850000000006 404.58640873015878 5328.170000000001 4683.3350000000009 90.250000000000014 1371.8000000000002 -1.0000000180025095e-35 13846.550000000001 49.405000000000008 -1.0000000180025095e-35 6064.3000000000011 36163.650000000001 38729.100000000013 0.93000000000000016 13.475000000000001 630.74704183331698 899.8565000000001 126.25000000000001 1682.5500000000002 126.82500076293947 3119.5350000000003 1683.8000000000004 2824.6500000000001 75.250000000000014 31957.350000000002 6105.7500000000009 26830.700000000001 853.78000000000009 26907.800000000003 31832.350000000002 2636.4500000000003 20.925000000000004 135.75000000000003 930.31812500000012 419.34223684210531 4439.8000000000002
decision_type=2 2 2 2 2 2 2 2 2 2 2 2 2 2 2 2 2 2 2 2 2 2 2 2 2 2 2 2 2 2 2 2 2 2 2 2 2 2 2 2 2 2 2 2 2 2 2 2 2 2 2 2 2 2
left_child=9 4 3 30 5 7 8 10 -7 44 -2 -12 -5 -13 21 49 17 -4 -15 20 -11 32 23 24 -23 -25 48 -14 29 -24 31 -3 -8 34 35 -34 38 -38 39 42 -30 52 -36 -16 -1 51 -22 -26 -27 -6 -32 -10 -40 -21
right_child=1 2 16 12 15 6 14 -9 45 19 11 13 27 18 43 -17 -18 -19 -20 53 46 22 28 25 47 26 -28 -29 40 -31 50 -33 33 -35 36 -37 37 -39 41 -41 -42 -43 -44 -45 -46 -47 -48 -49 -50 -51 -52 -53 -54 -55
leaf_value=0.32459019982459686 1.6357671964993665 0.00025501164531829048 -0.023376243255470892 0.078472230567614445 0.036406063854476103 -0.27572635940172285 -0.40209302067766106 -0.46112268885766705 2.0829204755207695 0.2693926374438152 -0.20534483603846249 3.8863343120055762 -2.7166561328308805 -0.026727643918215853 -0.047567129851088769 -0.024961756719777344 0.072610049673516197 0.047459289367092539 0.047556768461007926 -6.6600743773099467 -0.067853558515661105 0.081115758177824487 -0.011861198301270691 0.9251549162076812 -0.51542843803440408 0.014053258167552336 -0.011476639278744585 0.060414250138982384 -0.011570645372649789 -0.93444911118052232 -0.17010810934883394 -0.31141177536769127 -5.4264972044314828 0.034389891923473852 0.42621820132127192 -0.018125208794705829 -1.8917068558024934 0.00019958454309409256 -0.30703043156916465 0.069728187576299117 0.62810545500914938 0.056527418355533848 -0.0064324838286685185 -0.037869372921960055 -0.047611067421347929 0.037344455269573168 -0.18384830665015756 0.013446371048521125 2.9203949466185009 2.9566986622413527 -0.042410410123313341 2.7338998805451009 -0.025677007035519284 -0.54803291407107257
leaf_weight=20 28 28 32 20 22 32 25 20 21 29 36 39 20 33 37 20 20 20 21 20 21 32 37 37 34 20 35 20 27 28 29 25 23 23 28 20 23 21 24 21 20 21 20 35 20 25 26 24 20 24 20 20 20 20
leaf_count=20 28 28 32 20 22 32 25 20 21 29 36 39 20 33 37 20 20 20 21 20 21 32 37 37 34 20 35 20 27 28 29 25 23 23 28 20 23 21 24 21 20 21 20 35 20 25 26 24 20 24 20 20 20 20
internal_value=-0.00024531 6.50407e-05 -0.00196581 -0.00358025 0.000542169 0.00027957 -0.000225764 0.00242938 0.00326531 -0.00269231 0.0033758 0.00224806 -0.000333333 0.00397849 -0.000748092 0.00424242 0.00166667 -0.000384615 0.00148148 -0.00413793 -0.00236842 -0.000360206 0.000636943 0.00188119 -0.000222222 0.00357143 0.00173333 -0.003 -0.00160714 -0.00353846 -0.0054902 -0.00320755 -0.00152416 -0.00106557 -0.00158371 -0.00581395 -0.000561798 -0.00409091 0.000597015 0.00275362 0.00106383 -0.00169231 0.000833333 -0.00388889 0.0015 0.00545455 -0.00489362 -0.00241379 0.005 0.00652174 -0.00795918 0.00756098 -0.00363636 -0.0075
internal_weight=1386 1230 234 162 996 930 753 177 98 156 157 129 60 93 655 66 72 52 54 116 76 583 314 202 90 112 75 40 112 65 102 53 269 244 221 43 178 44 134 69 47 65 48 72 40 66 47 58 40 46 49 41 44 40
internal_count=1386 1230 234 162 996 930 753 177 98 156 157 129 60 93 655 66 72 52 54 116 76 583 314 202 90 112 75 40 112 65 102 53 269 244 221 43 178 44 134 69 47 65 48 72 40 66 47 58 40 46 49 41 44 40
is_linear=0
shrinkage=0.01


Tree=74
num_leaves=52
num_cat=0
split_feature=11 76 26 14 24 72 64 77 19 26 20 61 34 64 91 90 61 40 64 69 27 26 39 56 5 100 31 76 90 26 26 64 4 36 100 97 44 61 62 4 26 26 100 34 61 32 19 22 63 77 22
split_gain=8.33734 11.4756 10.0385 10.3331 8.67097 12.6785 12.9167 11.8672 10.5269 10.1961 8.96135 9.83991 8.48009 8.56808 8.47288 8.25806 8.0153 7.7992 7.75092 7.64884 7.44918 8.57122 8.89259 7.24392 6.93847 10.9237 9.18611 9.85589 8.00308 6.78221 8.06667 9.98806 6.52155 6.41778 6.36862 8.92857 6.16081 6.10427 5.69332 5.55234 5.41343 9.32611 5.30873 4.9 4.9 4.69182 4.12903 3.91837 3.89559 2.95798 2.58799
threshold=31920.950000000004 37856.809375000004 93.250000000000014 12570.250000000002 11.075000000000001 1458.5980000000002 1.1720000000000004 3346.268433993203 1071.4000000000003 98.750000000000014 365.00000000000006 29055.950000000001 68.250000000000014 1233.7170000000003 29281.697837500004 1707.3787500000003 31460.100000000002 58.250000000000007 1509.5500000000002 26994.700000000004 22.750000000000004 23.250000000000004 165.25000000000003 -1.0000000180025095e-35 10300.855000000001 0.093750000000000014 8.7750000000000021 30466.330208333336 1558.3711500000004 40.250000000000007 56.750000000000007 1461.9945000000002 2599.6850000000004 80.750000000000014 0.59375000000000011 0.23958333333333334 2.9559999704360966 31222.800000000003 1199.2705000000003 15751.510000000002 0.75000000000000011 9.2500000000000018 0.024305555555555556 60.750000000000007 27599.850000000002 261.75000000000006 978.20000000000016 82.250000000000014 29694.300000000007 3465.963612588333 85.750000000000014
decision_type=2 2 2 2 2 2 2 2 2 2 2 2 2 2 2 2 2 2 2 2 2 2 2 2 2 2 2 2 2 2 2 2 2 2 2 2 2 2 2 2 2 2 2 2 2 2 2 2 2 2 2
left_child=17 4 3 -3 5 6 7 8 -2 12 -7 43 16 14 -14 46 40 44 -15 -19 -13 22 33 -17 25 28 38 -28 42 -23 -31 -32 -30 -22 35 -5 -29 49 -27 45 -8 -42 -6 -12 -1 -4 -9 -18 -34 -21 -11
right_child=1 2 39 34 24 10 9 15 -10 50 11 20 13 18 -16 23 47 19 -20 37 21 29 -24 -25 -26 26 27 36 32 30 31 -33 48 -35 -36 -37 -38 -39 -40 -41 41 -43 -44 -45 -46 -47 -48 -49 -50 -51 -52
leaf_value=0.32134429782635088 9.1724158880452809 -0.0287022383232544 -0.1289569661077426 -1.8527657710896608 -0.027575970378316727 -1.5340288644222648 -0.028135571520191291 -3.1755666728899006 -0.0043056057625862768 6.6247396562085532 0.13024826151097735 -1.2482809062123708 -0.031711923125950017 -0.87853635364679095 2.8603235554994293 -0.034633468008680772 0.8468970086222819 0.0120980597505686 0.0088300259836738438 -1.8431255701778271 0.062476961092280681 -0.03290420714498965 0.10999350280894224 0.05047624890583139 -0.0418483403137812 0.12276904345323271 0.15964624854924137 0.031430012695146434 0.024865235716718562 0.044092415227414118 0.027421229464351021 -0.036828554002894032 0.0063385758374193179 -0.021549595903828794 0.15986701964242234 0.06540188177638892 -1.759595098997494 -0.029030687259570125 0.020888220543660487 -0.0015660961953258262 2.3160679735166521 0.037812211510484327 -0.96211650093549284 0.025445660142688481 -0.047134956747134436 -0.039433936894981182 -0.017457779499036829 3.7712833320905244 -0.037525752776646097 -10.252104563043511 0.40212505809419585
leaf_weight=20 23 27 29 36 27 20 29 31 28 25 20 28 22 26 25 24 21 35 28 34 20 27 27 38 33 38 39 22 21 20 31 29 34 25 27 20 34 25 26 21 23 30 23 20 20 28 31 28 25 22 21
leaf_count=20 23 27 29 36 27 20 29 31 28 25 20 28 22 26 25 24 21 35 28 34 20 27 27 38 33 38 39 22 21 20 31 29 34 25 27 20 34 25 26 21 23 30 23 20 20 28 31 28 25 22 21
internal_value=-0.00012987 0.000146341 -0.00212766 -0.000181818 0.000556622 0.00116667 0.00218543 5.71429e-05 0.00411765 0.00352518 -0.000561798 -4.04858e-05 0.00267241 0.00049505 0.00361702 -0.0016129 0.00435115 -0.00230769 -0.00222222 -0.00362069 -0.000917874 -0.000167598 0.0025 0.000967742 -0.000807453 -0.000311419 0.00144654 -0.000526316 -0.00246154 -0.00196262 -0.0005 -0.00233333 -0.0005 -0.000222222 0.00156627 -0.000357143 -0.00321429 -0.00530864 0.004375 -0.00487179 0.00243902 0.00433962 -0.0056 0.0045 0.0015 -0.00649123 -0.00419355 0.00755102 -0.00220339 -0.00714286 0.00782609
internal_weight=1386 1230 188 110 1042 720 453 175 51 278 267 247 232 101 47 124 131 156 54 116 207 179 72 62 322 289 159 95 130 107 80 60 80 45 83 56 56 81 64 78 82 53 50 40 40 57 62 49 59 56 46
internal_count=1386 1230 188 110 1042 720 453 175 51 278 267 247 232 101 47 124 131 156 54 116 207 179 72 62 322 289 159 95 130 107 80 60 80 45 83 56 56 81 64 78 82 53 50 40 40 57 62 49 59 56 46
is_linear=0
shrinkage=0.01


Tree=75
num_leaves=50
num_cat=0
split_feature=80 72 24 44 42 13 24 72 38 26 43 25 35 3 71 13 25 69 45 3 17 69 13 66 0 38 83 83 17 66 63 26 81 23 72 62 34 42 35 38 2 31 17 13 41 26 98 100 98
split_gain=10.1915 10.2997 10.65 11.0201 10.4639 10.4503 9.38727 9.30767 9.1023 8.57731 8.55861 9.63292 9.61468 9.11809 8.63232 7.99789 7.96012 9.44922 7.77728 7.71576 9.07483 7.70624 7.40741 7.18007 7 6.70322 6.6524 10.7055 8.72727 6.14084 8.63564 7.3269 6.43327 5.83544 5.37997 5.24112 4.72208 4.63856 4.76644 4.40238 3.98629 3.88658 3.71429 3.50104 3.04507 2.89951 3.73778 1.94444 1.67828
threshold=37215.594444444454 951.00000000000011 10.775000000000002 2.4869999885559086 116.37500000000001 8492.5500000000011 17.375000000000004 998.8660000000001 10.425000000000002 93.250000000000014 111.59000015258789 187.00000000000003 26.225000000000005 14769.250000000002 1021.4055000000002 14322.000000000002 75.250000000000014 33200.05000000001 26174.500000000004 14281.900000000001 31.150000000000002 24286.800000000003 7972.3000000000011 1371.8000000000002 28613.950000000004 6.8750000000000009 1948.3000000000013 1785.4499999999991 22.100000000000005 925.05000000000007 29196.800000000003 62.750000000000007 4015.4415566217394 99.250000000000014 1682.5500000000002 941.40000000000009 82.750000000000014 116.70000076293947 24.975000000000005 6.6750000000000016 2660.8000000000006 9.0750000000000011 231.65000000000001 7808.4000000000005 83.250000000000014 0.75000000000000011 0.32291666666666669 0.010416666666666668 0.39930555555555564
decision_type=2 2 2 2 2 2 2 2 2 2 2 2 2 2 2 2 2 2 2 2 2 2 2 2 2 2 2 2 2 2 2 2 2 2 2 2 2 2 2 2 2 2 2 2 2 2 2 2 2
left_child=1 2 3 8 33 -6 7 -3 -1 15 11 12 14 22 35 36 19 29 43 21 23 -9 -14 -21 -13 -19 27 37 -28 -18 31 41 -32 -4 45 -5 44 -23 -39 -38 -7 -31 -26 -11 -2 -22 -47 -36 -27
right_child=9 6 4 10 5 40 -8 16 -10 18 -12 24 13 -15 -16 -17 17 25 -20 20 34 26 -24 -25 42 48 28 -29 -30 30 32 -33 -34 -35 47 -37 39 38 -40 -41 -42 -43 -44 -45 -46 46 -48 -49 -50
leaf_value=-0.050822997931765042 -0.028415215940021856 -0.85573563322125124 -0.63283797587266832 0.61737847935857881 2.311177451715634 0.0098597321660816757 -2.5170080107878907 3.7850799643919864 0.027752159815906348 -0.020979836864327969 -0.022491100695337867 0.0064760709026934239 0.013305066453798729 0.72057822653055925 -0.028280156605496282 0.051551288991897863 0.12364155087471666 -0.011361752756907983 0.0009084782703989722 -2.7503195919625463 0.65100015662311228 -3.646398919187118 -0.16988659302866368 0.041034048397902298 4.7376548533673866 -3.1343144697905472 0.10889356778085282 -3.8125303688949312 -0.015995371010446041 -0.23943217627469793 -0.019655771059869941 0.0011716679904418175 0.30869570625696036 -0.014298865949292692 0.01836836686206322 4.1588906394531531 0.12321171454801949 0.060190512802532119 -0.10352946567218591 -0.036103790848580924 -1.9556969359069265 -0.085648108469238177 2.0794272689477955 -0.092847657334701489 -3.9237668816764621 1.5153293335739559 0.43167298559666178 -0.0066450402367185047 -1.9912329186754796
leaf_weight=33 27 26 23 39 37 20 33 26 23 21 30 21 27 26 27 23 37 39 21 22 34 34 27 26 39 20 25 21 30 22 32 29 38 31 21 31 20 30 31 28 21 20 24 38 20 20 25 24 21
leaf_count=33 27 26 23 39 37 20 33 26 23 21 30 21 27 26 27 23 37 39 21 22 34 34 27 26 39 20 25 21 30 22 32 29 38 31 21 31 20 30 31 28 21 20 24 38 20 20 25 24 21
internal_value=-0.000124725 0.00023176 0.00135699 0.00227666 -0.00106061 0.00128205 -0.000553936 -0.000290965 -0.00178571 -0.00222222 0.00305842 0.00363985 0.00231638 -0.00025 0.00443299 -0.000508475 -4.78469e-05 -0.00139535 -0.00475 0.000894309 0.00244186 -0.000456853 -0.00259259 -0.00125 0.00642857 -0.00425 -0.00122807 -0.00258621 0.00163636 -0.00011236 -0.00106383 -0.00352113 0.00142857 -0.00444444 0.00387097 0.00628571 -0.00178947 -0.00115789 0.000491803 0.000416667 -0.00219512 -0.00619048 0.00809524 -0.00661017 -0.00404255 0.00544304 0.00377778 0.00111111 -0.00707317
internal_weight=1363 1165 479 347 132 78 686 653 56 198 291 261 177 80 97 118 627 258 80 369 172 197 54 48 84 80 171 116 55 178 141 71 70 54 124 70 95 95 61 48 41 42 63 59 47 79 45 45 41
internal_count=1363 1165 479 347 132 78 686 653 56 198 291 261 177 80 97 118 627 258 80 369 172 197 54 48 84 80 171 116 55 178 141 71 70 54 124 70 95 95 61 48 41 42 63 59 47 79 45 45 41
is_linear=0
shrinkage=0.01


Tree=76
num_leaves=53
num_cat=0
split_feature=69 14 43 41 1 81 25 74 83 91 56 74 5 94 27 38 38 97 60 37 67 5 1 83 13 69 66 1 83 81 91 77 91 65 3 13 37 37 89 83 93 27 25 13 25 56 1 37 58 5 35 17
split_gain=7.30987 8.69205 8.33396 6.70882 7.50163 9.55529 11.5038 7.55056 7.33311 7.9214 11.2223 10.1879 8.58636 8.27839 9.33333 8.02132 7.93893 7.63007 8.9324 10.3781 7.44978 7.79727 7.41504 9.17916 7.12779 6.80886 6.33951 5.86854 7.03275 5.73916 6.6899 5.68429 8.97467 9.91891 8.12695 7.64874 6.77858 13.8737 7.06981 10.9507 6.71865 5.22648 5.20809 4.44712 4.02286 3.92036 3.72415 3.6 3.17979 2.81299 2.67857 1.82508
threshold=34010.700000000004 11654.500000000002 85.405002593994155 112.75000000000001 15487.350000000002 3599.7894517607469 67.250000000000014 590.73700000000019 3116.7000000000012 26792.641137500006 0.6078576107927941 1007.15396875 3564.7000000000003 837224.79146437522 83.250000000000014 4.8250000000000011 9.4750000000000014 0.11458333333333336 1602.2500000000002 94.250000000000014 30692.000000000004 5598.4100000000008 13197.85 2013.0000000000002 1428.3000000000002 30792.700000000001 965.30000000000007 14755.650000000003 2024.3499999999988 4271.1185818289323 28850.118456250002 3963.7243955505542 32741.755443750004 29862.850000000002 14699.6 6942.8500000000013 89.250000000000014 67.250000000000014 1444.05421875 2259.1000000000008 413.02562415654523 84.250000000000014 150.75000000000003 6544.2500000000009 101.25000000000001 1.0000000180025095e-35 13512.300000000001 80.750000000000014 -0.24999999999999994 4833.6550000000016 25.225000000000005 134.15000000000001
decision_type=2 2 2 2 2 2 2 2 2 2 2 2 2 2 2 2 2 2 2 2 2 2 2 2 2 2 2 2 2 2 2 2 2 2 2 2 2 2 2 2 2 2 2 2 2 2 2 2 2 2 2 2
left_child=3 2 51 4 8 -6 50 -8 9 12 11 16 25 17 -15 -12 26 45 19 46 21 -17 23 -13 -24 -1 -11 29 -29 30 49 32 33 -3 -33 -35 37 40 39 -38 -36 -5 -9 -44 -28 -14 -19 -32 -41 -26 -7 -2
right_child=1 31 -4 41 5 6 7 42 -10 10 15 22 13 14 -16 20 -18 18 -20 -21 -22 -23 24 -25 27 -27 44 28 -30 -31 47 34 -34 35 36 -37 38 -39 -40 48 -42 -43 43 -45 -46 -47 -48 -49 -50 -51 -52 -53
leaf_value=-0.52177452243099243 -3.7156956393878762 0.70713308387373408 0.011041097076460327 -0.0060876143519905321 4.5562082894593896 1.4603041822936533 -0.022186264165799267 -0.05429260913378739 1.7685941085699184 0.21724977660100986 -0.16655495348704577 -0.56248579256514686 0.94818966643014979 -2.0086517250677614 0.013714202315089638 -0.011172992557517818 -8.0218270591215521 -2.8963771883035991 0.3283922490990499 0.24807390489802189 -0.35679037441144473 0.020303121406453056 -0.054013922639200587 0.13080926944481974 0.077099233108898033 0.10078266965934159 -0.52573884960601602 0.17857476748467818 -0.046427583314408771 2.1222289104094467 0.74320548884130122 -3.143668017501509 0.050862216297678467 0.022328742833646116 -1.1926465337450558 -0.055478947316694928 0.11709542775448516 -0.92450563587191381 3.0152501154352991 -0.016515716472771939 0.52427451233035371 -0.16618898202092119 -0.0084228474895645025 3.8226590491089723 -0.0026776424354419902 0.38388883328596407 -0.050269581368847661 -0.14771828581394941 -2.7312183355380815 1.5609210886374638 0.065894534221468834 -0.03359720744337856
leaf_weight=31 23 28 21 20 27 27 35 22 20 32 31 24 34 36 27 27 28 22 28 38 21 30 25 23 20 20 28 20 21 25 20 29 32 20 29 37 34 25 26 21 31 21 21 31 22 26 21 20 20 22 21 20
leaf_count=31 23 28 21 20 27 27 35 22 20 32 31 24 34 36 27 27 28 22 28 38 21 30 25 23 20 20 28 20 21 25 20 29 32 20 29 37 34 25 26 21 31 21 21 31 22 26 21 20 20 22 21 20
internal_value=-0.000168745 -0.00131313 -0.0046875 0.000299897 0.000475162 0.00228261 0.00133758 -0.000458716 2.69542e-05 -0.000138504 -0.000979499 -6.06061e-05 0.00116608 0.00198276 -0.00111111 -0.00376147 -0.00254545 0.00313609 0.00155963 -0.000123457 -0.00205128 -0.000175439 0.00118182 -0.00234043 0.00213873 -0.00254902 -0.00097561 0.00297297 -0.000243902 0.00420561 0.00292683 -0.000662651 0.00111111 -0.000588235 -0.00162791 -0.00298246 -0.000860215 -0.00294118 0.000891089 -0.000666667 -0.000333333 -0.00365854 0.00135135 0.00307692 -0.0032 0.006 -0.00348837 0 -0.00414634 0.00571429 0.00541667 -0.0072093
internal_weight=1363 396 64 967 926 184 157 109 742 722 439 330 283 232 63 109 110 169 109 81 78 57 220 47 173 51 82 148 41 107 82 332 117 85 215 57 186 85 101 75 60 41 74 52 50 60 43 40 41 42 48 43
internal_count=1363 396 64 967 926 184 157 109 742 722 439 330 283 232 63 109 110 169 109 81 78 57 220 47 173 51 82 148 41 107 82 332 117 85 215 57 186 85 101 75 60 41 74 52 50 60 43 40 41 42 48 43
is_linear=0
shrinkage=0.01


Tree=77
num_leaves=52
num_cat=0
split_feature=90 61 63 34 34 35 4 79 14 4 31 61 6 90 81 34 78 23 31 30 43 29 83 40 90 5 30 83 83 89 81 41 16 83 34 35 31 4 84 3 29 78 63 30 24 5 41 5 35 7 46
split_gain=9.15187 8.41945 9.58356 9.5145 9.27638 9.14094 8.64485 8.37627 8.43758 12.0535 11.0384 11.3804 9.81001 15.8689 9.28693 8.99386 8.82527 9.47992 10.2086 8.31992 7.87845 8.22259 7.84 7.73174 6.75514 6.37413 6.2974 6.20874 6.1655 6.10561 6.01958 5.80644 5.7941 5.73442 5.44686 8.10288 5.37261 6.16283 6.20617 7.75087 6.51362 5.03806 4.66368 4.3573 4.08333 4.06957 3.96589 3.6 3.50635 3.23438 2.84972
threshold=490.48335000000014 35518.80000000001 33526.450000000004 114.75000000000001 94.750000000000014 28.325000000000006 2073.8350000000005 708.15994062793311 15608.000000000002 8821.0650000000005 16.650000000000006 33795.600000000006 4907.7850000000008 1310.0251500000004 4069.9685894477043 38.250000000000007 1306.5532187500005 94.750000000000014 6.825000000000002 64.250000000000014 80.705001831054702 81.250000000000014 2032.3500000000024 84.750000000000014 1608.0403500000004 3595.5150000000003 35.750000000000007 1609.9499999999991 1977.6500000000017 848.92884375000006 4490.0411634411903 80.750000000000014 5471.3000000000011 1759.6000000000006 72.250000000000014 25.625000000000004 7.7750000000000012 16161.290000000003 490.99513541666676 16316.150000000001 78.750000000000014 1294.3477500000001 27127.100000000002 80.750000000000014 10.225000000000001 4964.5400000000009 75.750000000000014 4368.1050000000005 26.475000000000005 92.500000000000014 101.9650001525879
decision_type=2 2 2 2 2 2 2 2 2 2 2 2 2 2 2 2 2 2 2 2 2 2 2 2 2 2 2 2 2 2 2 2 2 2 2 2 2 2 2 2 2 2 2 2 2 2 2 2 2 2 2
left_child=46 3 -3 4 5 7 -4 8 10 12 11 16 13 41 31 -14 17 23 33 26 48 -22 -5 29 34 -13 -18 -21 -26 -2 50 -11 -15 -19 35 -17 37 38 -8 40 -40 49 -20 -9 -23 -29 -1 -7 -6 -10 -16
right_child=1 2 6 22 20 47 36 43 9 14 -12 25 15 32 30 24 19 18 42 27 21 44 -24 -25 28 -27 -28 45 -30 -31 -32 -33 -34 -35 -36 -37 -38 -39 39 -41 -42 -43 -44 -45 -46 -47 -48 -49 -50 -51 -52
leaf_value=0.0082041886981182952 -0.4799050399636714 -0.11323401557575992 0.044371680578752237 -0.016792199025258428 -1.1396908400070442 0.015084743550113654 -0.031191796759618376 -0.013771771654763745 -0.033925451663847486 0.063860940770040495 -1.4259629641970608 0.013657897024911865 1.5407439817452655 0.034118478989133491 -2.7838198150020332 3.1483824624565528 -0.032850162863964097 -0.51655677720668247 4.4102042530692511 -0.037332021251393732 -0.049382919319530476 0.64937709257282294 0.10043701016355588 -0.56368501368862423 1.4073586539133982 4.2553279066493346 0.20978581830475332 -2.4337445021650996 -0.044899398174832232 0.3872043033454961 0.095024876740946285 -0.017684594065790264 0.50765480378246786 0.8075214272491783 1.5293776805028108 -0.0036224193341886438 -0.16764669786931674 0.019384336293127549 -0.011756988573585146 -1.8697998249108754 0.067702914577738596 0.0080220998975132195 0.02938227365840234 -1.3809883088895907 -0.0019320736175809314 -0.042914433801321865 0.35257069976468153 4.9221771204372331 -3.047900589535621 -3.794453258942708 -0.033185936059271913
leaf_weight=20 23 26 20 20 20 20 27 20 21 38 38 30 29 25 22 26 26 25 25 25 27 24 25 39 30 29 21 26 22 24 20 39 36 26 23 21 38 31 23 25 25 20 36 34 24 20 26 20 36 20 27
leaf_count=20 23 26 20 20 20 20 27 20 21 38 38 30 29 25 22 26 26 25 25 25 27 24 25 39 30 29 21 26 22 24 20 39 36 26 23 21 38 31 23 25 25 20 36 34 24 20 26 20 36 20 27
internal_value=-3.66838e-05 -0.000189825 -0.002 0.000163339 -2.83822e-05 0.000323974 -0.00121693 0.000112867 0.000360577 0.00136038 -0.000653753 -0.000133333 0.00260073 0.000491803 -0.000958904 0.00430464 -0.000886076 0.00040404 0.00232143 -0.00305085 -0.00251908 -0.0004 0.00466667 -0.00209302 0.00311475 0.00389831 0.000212766 -0.00521127 0.000384615 0.000638298 -0.00362319 0.00142857 0.00409836 -0.000980392 0.00514286 0.00319149 -0.00195266 -0.000992366 -0.0022 -0.000684932 0.00166667 -0.00311475 0.00508197 -0.0037037 0.00208333 -0.0073913 0.00434783 0.005 -0.00535714 -0.00512195 -0.0055102
internal_weight=1363 1317 215 1102 1057 926 189 886 832 419 413 375 273 122 146 151 316 198 112 118 131 75 45 86 122 59 47 71 52 47 69 77 61 51 70 47 169 131 100 73 48 61 61 54 48 46 46 40 56 41 49
internal_count=1363 1317 215 1102 1057 926 189 886 832 419 413 375 273 122 146 151 316 198 112 118 131 75 45 86 122 59 47 71 52 47 69 77 61 51 70 47 169 131 100 73 48 61 61 54 48 46 46 40 56 41 49
is_linear=0
shrinkage=0.01


Tree=78
num_leaves=54
num_cat=0
split_feature=95 79 6 79 69 81 81 41 23 16 91 83 81 24 28 22 7 74 23 16 69 63 2 2 69 13 79 81 20 7 83 22 16 6 38 26 73 1 20 63 73 69 63 38 3 88 44 0 85 63 6 11 1
split_gain=8.87169 10.3766 9.20482 10.5992 8.90167 11.1833 10.2674 8.7745 7.7047 8.59035 10.8226 11.8412 8.32746 8.09123 9.78385 15.6072 10.0524 7.93144 10.8727 7.11385 6.74689 9.88562 6.4 6.30362 6.72582 6.05296 8.76639 8.80287 9.2772 7.85203 5.87125 5.85281 5.74865 7.32607 6.62963 7.58885 6.61973 6.13636 5.60667 5.58878 5.34585 5.18907 4.81256 4.50312 5.0903 4.08147 4.03333 3.74657 3.42857 2.81577 2.5 2.5 0.419048
threshold=1.0000000180025095e-35 708.15994062793311 3515.7950000000005 675.02219666693452 33254.80000000001 4271.1185818289323 3921.3816844901007 54.750000000000007 3.2500000000000004 3788.6500000000005 29520.579743750004 1990.0000000000002 5161.5036500445794 10.175000000000002 28.775000000000002 84.250000000000014 2809.6600000000003 734.99673958333346 88.750000000000014 6151.4000000000005 31021.800000000007 31158.900000000005 3257.2500000000005 2624.0000000000005 30950.700000000001 8241.8000000000011 446.91132531714862 3849.1576979230031 2081.4000000000005 17.585000000000004 1894.1999999999991 88.250000000000014 4898.9000000000005 9845.7000000000025 4.6750000000000016 49.250000000000007 1288.8500000000001 13671.150000000003 1074.7500000000002 29666.800000000003 1146.1145000000004 31946.750000000004 31560.700000000004 6.7750000000000012 14364.85 11590.521458333335 3.4479999542236333 31498.850000000002 1584.4715000000003 30962.200000000001 5913.1750000000011 37128.450000000004 15002.800000000001
decision_type=2 2 2 2 2 2 2 2 2 2 2 2 2 2 2 2 2 2 2 2 2 2 2 2 2 2 2 2 2 2 2 2 2 2 2 2 2 2 2 2 2 2 2 2 2 2 2 2 2 2 2 2 2
left_child=8 2 20 4 5 6 30 -7 41 10 11 38 13 14 16 -16 32 18 -17 -6 -2 -22 -21 -8 -25 26 29 -28 47 -15 -4 48 37 34 46 36 43 -11 -10 -32 -37 -1 -20 -36 -45 51 -34 -29 -31 -19 -48 -27 -9
right_child=1 -3 3 -5 19 7 23 52 9 12 -12 -13 -14 25 15 17 -18 49 42 22 21 -23 -24 24 -26 45 27 28 -30 31 39 -33 33 -35 35 40 -38 -39 -40 -41 -42 -43 -44 44 -46 -47 50 -49 -50 -51 -52 -53 -54
leaf_value=2.5221557853053969 -0.079397765216913718 -0.25304620564418218 2.8677823158289808 1.5558801948790741 0.20794791293298076 0.047952679300540563 0.1206624721300547 0.85037336454338575 -4.4455794425342168 2.8787681506308389 -5.8071029949596653 0.20868071191002244 0.083465964857255451 0.011406775223159476 0.7911617746417815 -0.029851061031954184 0.17812346396522327 -3.0174215836402647 -0.021703154044190449 -0.070999389615232764 0.031910545271675882 -0.038379941428677546 -0.01094330041780732 -0.12818818561986009 0.01878271247038649 -0.51299756416078446 -0.038309453532505602 4.2677990759589521 -0.22616123017135276 -0.61302095880306007 -0.0087306511332989837 -0.053145281784168934 -2.030986202570237 3.1253866226280502 0.21151448572755585 -1.8965064089084789 -3.1060986615170076 -0.0054387805983231712 -0.30808055282310398 2.0485894140850736 0.19210546599644854 0.026129158008378769 0.022510197578266979 -0.34887849716769692 0.5337582532415579 -0.007731741965032706 -0.80946120937425181 0.024485910154874696 -0.94591540434273957 -1.7677595564123361 0.024898728904328694 -3.7009846791514747 2.8778919993977978
leaf_weight=21 21 34 32 22 25 20 36 22 25 24 25 22 20 32 28 23 24 20 25 20 36 32 20 35 31 20 21 21 26 21 27 33 20 33 24 39 25 20 24 26 20 25 39 21 22 37 20 20 21 23 20 20 20
leaf_count=21 21 34 32 22 25 20 36 22 25 24 25 22 20 32 28 23 24 20 25 20 36 32 20 35 31 20 21 21 26 21 27 33 20 33 24 39 25 20 24 26 20 25 39 21 22 37 20 20 21 23 20 20 20
internal_value=6.60308e-05 0.00119826 0.00162353 0.00238095 0.00191083 0.00277108 0.0015508 0.00645161 -0.00050885 -0.000722611 -0.00354167 -0.0015493 -0.000367454 -0.000539084 0.000255319 -0.00177215 0.00128205 -0.00323077 -0.00149425 -0.00138462 -0.00123596 0.000294118 -0.004 -0.000588235 -0.00242424 -0.00191176 -0.000974359 0.00136364 0.00313433 -0.0028972 0.00411765 -0.00466667 0.000763889 0.000163934 -0.000521327 0.000596026 0.0023913 0.00409091 -0.00428571 0.00207547 -0.00220339 0.00347826 0.000625 0.00402985 0.00209302 -0.00428571 -0.00333333 0.00609756 -0.00714286 -0.00674419 -0.0015 -0.0065 0.00904762
internal_weight=1363 459 425 336 314 249 187 62 904 858 96 71 762 742 470 158 312 130 87 65 89 68 40 102 66 272 195 88 67 107 85 75 288 244 211 151 92 44 49 53 59 46 64 67 43 77 60 41 42 43 40 40 42
internal_count=1363 459 425 336 314 249 187 62 904 858 96 71 762 742 470 158 312 130 87 65 89 68 40 102 66 272 195 88 67 107 85 75 288 244 211 151 92 44 49 53 59 46 64 67 43 77 60 41 42 43 40 40 42
is_linear=0
shrinkage=0.01


Tree=79
num_leaves=51
num_cat=0
split_feature=77 19 2 76 96 72 32 31 32 69 37 32 2 70 71 27 10 38 35 38 39 14 10 17 71 42 98 37 68 13 99 77 14 21 19 5 80 28 36 37 37 13 32 100 43 69 21 39 38 37
split_gain=7.56197 8.09994 9.54556 10.3757 7.87883 14.3849 8.01705 7.76203 7.53754 7.23086 9.38889 8.10466 7.43341 10.2864 7.16671 7.01487 8.24286 7.07478 7.87492 7.54758 6.54564 8.98893 11.8524 10.2887 7.96802 7.15344 6.65628 6.35817 6.46157 9.45543 7.97922 6.45333 6.12255 5.69801 8.41874 5.26746 5.17872 4.9 4.55689 6.31531 4.35412 5.31057 5.2871 4.51014 3.6 3.51542 3.43239 2.45578 2.35111 2.3055
threshold=4183.7506324684546 617.50000000000011 2834.1500000000005 41087.19062500001 1.0000000180025095e-35 793.15600000000006 118.75000000000001 4.8250000000000011 282.75000000000006 34149.30000000001 96.750000000000014 69.750000000000014 3275.4000000000005 1427.5000000000002 1509.9500000000003 92.750000000000014 36182.650000000009 10.675000000000002 27.125000000000004 2.6750000000000007 91.250000000000014 15629.150000000003 28535.250000000004 23.900000000000002 1.1040000000000003 267.92500305175787 0.11458333333333334 98.750000000000014 1.0075000000000001 9258.5500000000011 0.71875000000000011 3011.3609857603083 17125.800000000003 25.875000000000004 1107.6000000000001 4712.9900000000007 32520.525694444445 25.775000000000002 75.750000000000014 61.250000000000007 95.750000000000014 9050.9500000000025 214.75000000000003 0.11458333333333334 79.895000457763686 33090.600000000013 18.175000000000001 156.75000000000003 6.5250000000000012 51.750000000000007
decision_type=2 2 2 2 2 2 2 2 2 2 2 2 2 2 2 2 2 2 2 2 2 2 2 2 2 2 2 2 2 2 2 2 2 2 2 2 2 2 2 2 2 2 2 2 2 2 2 2 2 2
left_child=4 7 35 9 5 14 -6 -2 27 10 11 -4 32 37 40 17 -17 19 -19 -7 -21 25 -23 24 -24 26 -22 28 29 30 -8 -30 -11 -29 -35 -3 38 -14 -28 -40 43 -42 -43 -1 -41 -9 -25 -13 -12 -45
right_child=1 2 3 -5 6 15 8 45 -10 12 48 47 13 -15 -16 16 -18 18 -20 20 21 22 23 46 -26 -27 36 33 31 -31 -32 -33 -34 34 -36 -37 -38 -39 39 44 41 42 -44 49 -46 -47 -48 -49 -50 -51
leaf_value=2.3946865267892345 -1.2840586912851837 -4.2486089401721214 -0.037812419505986412 -0.25798613063932163 0.031945305505454484 1.0059419152882245 0.054506494553480743 0.02500975805811383 0.025911510655147758 -2.0720152972716908 0.13815452419570526 0.85394488777328859 -1.7774413912199385 0.20586843380365097 -0.092161010364207069 -0.80055561282334542 0.0097680789750246785 0.008684214916335406 0.14723415446992963 -0.41688580828842386 0.019778909599202234 2.2122817774281853 0.020760203855506833 1.3144432968286057 -0.10915266724576801 0.12132594473357727 -0.0095942879950779558 -3.6379590962613815 -0.011155985291922816 -0.029836697777522944 -0.018717870993472323 -4.3618473307035108 -0.0035098749670710474 0.075491803355673015 -0.0090354186330045671 -0.01027371447635177 0.012955153634615626 0.026025422452903159 -2.4662303462257009 0.011958098287102361 3.5275523717799566 -0.048206313912126895 0.45039872026680988 0.74877099195190033 -0.52106492817663408 -0.070289395719080439 0.075742438293155412 0.0012430457983923565 1.4091189407304319 7.3397968458884693
leaf_weight=27 30 34 26 21 32 26 20 23 25 20 25 28 20 21 24 33 36 39 20 30 33 21 36 21 26 21 36 26 20 36 22 30 23 20 34 38 32 20 27 20 39 23 25 20 20 24 38 21 20 31
leaf_count=27 30 34 26 21 32 26 20 23 25 20 25 28 20 21 24 33 36 39 20 30 33 21 36 21 26 21 36 26 20 36 22 30 23 20 34 38 32 20 27 20 39 23 25 20 20 24 38 21 20 31
internal_value=5.13573e-05 -0.00111675 -0.000410095 0.000530612 0.000526316 0.00107955 -0.000943396 -0.00402597 -0.00158798 0.00116071 0.00283333 0.000666667 -0.000769231 0.00147541 0.00343915 0.000213592 -0.00275362 0.000672646 0.00389831 0.000180879 -0.000193906 0.00021148 0.00211268 0.000909091 -0.00193548 -0.00121693 -0.00190476 -0.00221154 -0.00359375 -0.00179487 0.00142857 -0.0064 -0.00395349 0 0.00185185 -0.00361111 -0.00288889 -0.0015 -0.00398058 -0.00552239 0.00418182 0.00264368 0.000416667 0.00589744 -0.003 -0.00148936 0.00389831 0.00306122 0.00644444 0.00764706
internal_weight=1363 394 317 245 969 704 265 77 233 224 120 75 104 61 189 515 69 446 59 387 361 331 142 121 62 189 168 208 128 78 42 50 43 80 54 72 135 40 103 67 165 87 48 78 40 47 59 49 45 51
internal_count=1363 394 317 245 969 704 265 77 233 224 120 75 104 61 189 515 69 446 59 387 361 331 142 121 62 189 168 208 128 78 42 50 43 80 54 72 135 40 103 67 165 87 48 78 40 47 59 49 45 51
is_linear=0
shrinkage=0.01


Tree=80
num_leaves=51
num_cat=0
split_feature=81 59 11 92 17 82 77 69 13 13 13 38 11 87 94 77 78 46 28 13 81 38 38 57 34 100 43 69 26 5 24 75 10 32 19 20 38 46 17 98 5 97 69 76 26 34 32 76 0 72
split_gain=7.17661 11.4156 8.02566 7.24089 7.9222 8.06578 9.11863 6.85375 6.74766 8.56808 10.6642 6.72879 6.84924 6.40496 7.01938 6.7893 6.60953 6.75742 5.62637 8.82243 5.508 5.81818 5.54386 6.45142 5.08017 12.0705 8.58783 10.4064 8.7696 8.05973 7.52295 6.29972 5.18095 4.98846 4.86137 8.21553 4.57622 8.19394 4.20762 4.18285 5.33445 4.14376 3.96808 8.50061 3.83289 3.74195 3.72415 2.87817 2.67857 2.61462
threshold=4182.2746060945983 -0.9330127018922193 34087.500000000007 21378.272025000009 237.60000000000005 1231.5500000000002 4345.936027662473 32321.500000000004 1008.3500000000001 1897.0500000000002 2451.9000000000005 7.875 44437.900000000001 0.48958333333333343 587600.12942718773 3870.1510449251396 798.18668055555565 103.22500228881837 28.675000000000004 2126.0000000000005 4129.5162443718127 7.3250000000000011 2.7750000000000004 -0.22252093395631442 88.750000000000014 0.60763888888888895 88.409999847412124 32390.250000000004 133.75000000000003 3595.5150000000003 7.0250000000000012 603.50974269151686 38284.850000000013 204.75000000000003 266.90000000000003 1388.7500000000002 9.0250000000000021 95.95999908447267 78.750000000000014 0.28125000000000006 6075.5000000000009 0.32291666666666669 30657.700000000004 29128.112500000007 42.750000000000007 68.250000000000014 103.25000000000001 37730.195833333339 32834.000000000007 1489.3425000000004
decision_type=2 2 2 2 2 2 2 2 2 2 2 2 2 2 2 2 2 2 2 2 2 2 2 2 2 2 2 2 2 2 2 2 2 2 2 2 2 2 2 2 2 2 2 2 2 2 2 2 2 2
left_child=8 47 -3 11 5 13 46 -6 -1 34 49 12 18 15 -15 -5 -17 -18 19 -4 22 -22 23 -12 26 30 28 41 29 -24 -26 36 -30 -32 -10 -36 39 -38 -21 42 -41 -28 43 -31 -16 -33 -7 -2 -19 -11
right_child=1 2 3 4 7 6 -8 -9 9 10 20 -13 -14 14 44 16 17 48 -20 38 21 -23 24 -25 25 -27 27 -29 32 31 33 45 -34 -35 35 -37 37 -39 -40 40 -42 -43 -44 -45 -46 -47 -48 -49 -50 -51
leaf_value=-0.10370850579178242 -0.66427117125724411 -3.0644513531175313 -0.026428973079205848 1.2602063042007481 -0.088710043420384757 0.0017599726950074943 -0.29392353572399854 0.47806836962390259 0.78969240244489758 -0.048365769933091267 -0.06033129568239088 0.034455213525538965 -1.9440903439273276 -0.83173958627368294 0.0035404863379485262 5.5290359765422172 -0.00022635026257405321 0.20040488244364038 -0.026724862673247977 0.022299358051119045 -0.95669529369699602 -0.008591385480089489 -0.18849192844218754 0.76335876864449481 0.0018608262601951357 0.021424728868423056 0.89147097214480286 -0.018876980967862032 4.3834302825851976 0.003204947320639633 -3.5893882169632616 -0.051112872856400385 -0.00014897459068740585 -0.06558780983913709 -0.0097829794927540899 0.068598869383723268 -0.63253889491082871 0.005735109508379771 0.33295324450878011 0.0029771303249024306 -0.14339708568017584 0.13893754373574863 -0.0056492071713813586 2.0023404580885154 0.39494440959569538 -3.7020702969411254 0.4619753140170485 -0.016429350384811602 0.0842298002049848 -0.42466877144131832
leaf_weight=26 22 33 31 33 24 21 36 22 24 22 21 34 29 28 36 22 37 21 26 35 22 22 21 22 37 27 25 24 30 39 37 23 21 35 34 21 24 20 25 30 21 38 34 24 29 21 22 23 27 24
leaf_count=26 22 33 31 33 24 21 36 22 24 22 21 34 29 28 36 22 37 21 26 35 22 22 21 22 37 27 25 24 30 39 37 23 21 35 34 21 24 20 25 30 21 38 34 24 29 21 22 23 27 24
internal_value=0.000267148 0.00107143 0.00145359 0.00174721 0.00256983 0.00314103 0.000379747 -0.00130435 -0.000377113 -0.000201884 -0.000572289 0.000111111 -0.000821918 0.00407725 0.00204301 0.00542857 0.00420561 0.00294118 0.00025641 0.00142857 -0.000226537 -0.00363636 3.48432e-05 0.00348837 -0.000244821 -0.00191176 0.000329114 0.00310345 -0.000454545 -0.00120623 -0.0033945 -0.000677966 0.00333333 -0.00527778 0.00291139 0.00127273 0.000104167 -0.00272727 0.00366667 0.000945946 -0.00137255 0.0052381 0.00216495 0.00365079 0.00384615 -0.00409091 0.00348837 -0.00377778 0.00541667 -0.00521739
internal_weight=1385 616 571 538 358 312 79 46 769 743 664 180 146 233 93 140 107 85 117 91 618 44 574 43 531 136 395 87 308 257 109 236 51 72 79 55 192 44 60 148 51 63 97 63 65 44 43 45 48 46
internal_count=1385 616 571 538 358 312 79 46 769 743 664 180 146 233 93 140 107 85 117 91 618 44 574 43 531 136 395 87 308 257 109 236 51 72 79 55 192 44 60 148 51 63 97 63 65 44 43 45 48 46
is_linear=0
shrinkage=0.01


Tree=81
num_leaves=53
num_cat=0
split_feature=88 24 89 37 91 91 35 90 21 16 68 43 29 69 43 24 43 35 31 90 20 90 37 73 24 69 89 79 44 73 95 43 43 71 89 34 88 79 20 20 71 43 95 2 37 91 24 35 21 34 20 73
split_gain=6.55461 6.88555 10.3149 7.55449 10.8401 8.39142 9.69195 8.47357 7.88134 7.87263 7.44206 7.21472 7.30549 7.15158 7.79867 8.24809 6.66607 8.11656 6.91944 10.0844 9.75238 9.71544 7.37022 6.2102 6.19594 6.10462 6.01043 7.37455 6.33326 8.65815 5.96538 8.04497 7.11169 5.94464 5.76 5.50894 5.44004 7.67606 5.33107 7.9757 8.86166 5.2964 5.17695 4.26001 6.66726 3.94673 3.64305 3.01082 5.91325 2.91212 2.68058 2.33766
threshold=2331.0927083333336 14.225000000000001 1510.5682312500001 21.750000000000004 26028.996375000002 27841.649831250001 25.975000000000005 1496.2846500000003 17.725000000000005 6043.2500000000009 1494.7 67.014999389648452 64.750000000000014 32775.100000000006 73.024997711181655 9.8250000000000011 73.420001983642592 27.025000000000002 7.2750000000000012 1620.4576500000005 1399.4000000000003 2452.4167500000008 80.250000000000014 0.9840000000000001 8.0250000000000021 32898.850000000013 1044.97014375 604.05122702507322 3.5700000524520878 982.96400000000006 1.0000000180025095e-35 82.979999542236342 72.61999893188478 657.50650000000007 852.42958125000007 76.250000000000014 11278.258125 481.99696591532887 1995.2500000000002 1485.9000000000003 1236.5435000000002 74.844997406005874 1.0000000180025095e-35 2397.2500000000005 85.250000000000014 30597.335881250001 8.4250000000000025 25.375000000000004 19.325000000000006 78.750000000000014 1074.7500000000002 1150.2500000000002
decision_type=2 2 2 2 2 2 2 2 2 2 2 2 2 2 2 2 2 2 2 2 2 2 2 2 2 2 2 2 2 2 2 2 2 2 2 2 2 2 2 2 2 2 2 2 2 2 2 2 2 2 2 2
left_child=-1 3 30 38 23 7 8 46 10 33 34 24 -13 47 -15 -16 17 35 19 22 45 36 -18 -5 -8 -24 28 43 29 -25 32 -32 -3 -9 -7 -14 37 -20 39 40 -2 -4 -30 -28 -45 -21 -6 48 -10 -27 -49 -34
right_child=1 2 41 4 5 6 11 9 13 -11 -12 12 16 14 15 -17 18 -19 21 20 -22 -23 25 26 -26 49 27 -29 42 -31 31 -33 51 -35 -36 -37 -38 -39 -40 -41 -42 -43 -44 44 -46 -47 -48 50 -50 -51 -52 -53
leaf_value=-0.04637590047044915 -0.13783834712988005 -0.22138056645439758 -0.026601794841028783 3.3623655208096013 -0.37602803072254654 0.98274003962155232 -1.8793323756986431 0.013509864234347684 0.58290091928592258 0.0191030954075916 -0.27214259591811946 -0.040908987438679947 0.050116293794528727 0.44567173948363059 0.027189193308560958 -0.95076995022085575 -0.020330983640883638 0.32962371206369234 -0.05798562293127725 -0.018053610230200731 0.0042549025738520185 0.059919164496856053 0.021769793700837831 2.479975076190811 -0.0031657821613185204 0.36788108823547722 0.12904820655957125 0.11224579996945364 0.05328524902857755 -0.1996653877265927 0.10705148112891187 -0.1032657819884831 -4.5251678276464098 -2.0177726131868563 -0.073235505284456034 -2.6656487604220906 -0.076364204334796529 0.0017423729680574194 -0.048662611123158402 1.3385274071827984 1.7389951740958554 0.39099496549973844 2.4108031421208191 -0.80757111865757569 -0.0088080204768007184 -0.085298143266120355 -0.073189328359844 0.051900454280717753 -0.019400977876889609 5.0647300839473681 3.0575021105205646 -4.0071587017104697
leaf_weight=24 26 22 20 29 37 25 32 22 20 31 37 31 21 23 32 21 36 37 37 29 24 26 34 27 27 20 26 33 23 22 23 22 35 26 20 20 22 35 31 20 25 21 20 23 26 27 20 25 23 24 23 20
leaf_count=24 26 22 20 29 37 25 32 22 20 31 37 31 21 23 32 21 36 37 37 29 24 26 34 27 27 20 26 33 23 22 23 22 35 26 20 20 22 35 31 20 25 21 20 23 26 27 20 25 23 24 23 20
internal_value=0.000180505 0.000271859 -0.00165644 0.000534224 0.000291971 -0.000219146 0.000205198 -0.0025 0.00180723 -0.000379747 -0.000731707 -0.000622407 -0.000165485 0.00305389 0.000789474 -0.00132075 0.000204082 0.00282051 -0.00044586 0.000721649 -0.002 -0.00233333 0.00263158 0.00222707 -0.00389831 0.00435897 0.0016 0 0.00347826 0.00102041 -0.00311475 -0.000222222 -0.00480519 -0.00291667 0.002 -0.000243902 -0.00382979 -0.0025 0.00313725 0.00464789 0.00254902 0.00268293 0.00627907 -0.00173333 -0.00346939 -0.00428571 -0.0054386 0.00494505 0.00302326 0.00681818 0.00666667 -0.00672727
internal_weight=1385 1361 163 1198 1096 867 731 136 249 79 82 482 423 167 76 53 392 78 314 194 80 120 114 229 59 78 200 108 92 49 122 45 77 48 45 41 94 72 102 71 51 41 43 75 49 56 57 91 43 44 48 55
internal_count=1385 1361 163 1198 1096 867 731 136 249 79 82 482 423 167 76 53 392 78 314 194 80 120 114 229 59 78 200 108 92 49 122 45 77 48 45 41 94 72 102 71 51 41 43 75 49 56 57 91 43 44 48 55
is_linear=0
shrinkage=0.01


Tree=82
num_leaves=56
num_cat=0
split_feature=83 33 83 37 35 35 10 26 31 31 8 80 24 3 19 38 24 3 32 88 45 75 10 80 68 81 79 26 83 40 82 38 14 75 82 24 75 21 82 75 7 87 98 45 93 14 27 68 37 8 81 40 75 78 3
split_gain=8.07486 13.0431 11.3203 10.1713 7.53463 11.3842 10.7589 8.81904 8.01478 6.9463 6.80508 6.64532 9.19906 5.80139 10.8358 8.42111 6.58182 6.38888 6.90866 11.3093 10.8595 7.0305 7.53102 6.4073 8.45251 11.9586 8.64367 9.16335 6.85714 6.23475 6.12772 6.16569 5.86957 5.78657 5.77919 5.70334 5.22648 5.21481 5.08592 5.0087 4.66765 7.04894 4.50667 3.93579 5.15703 3.88956 3.71014 3.27759 3.01863 2.5 2.32288 2.17391 2.01124 1.74292 1.00087
threshold=1496.450000000001 3.2500000000000004 1723.1499999999999 22.750000000000004 28.425000000000004 26.825000000000006 28975.050000000007 42.750000000000007 6.825000000000002 10.125000000000002 413.284564777328 29988.479513888891 9.2250000000000014 13472.663500000001 468.35000000000008 4.1750000000000016 11.175000000000002 14095.250000000002 253.75000000000003 7729.260416666667 23054.500000000004 321.72025585191926 36593.900000000009 35588.871180555565 1457.2285000000004 4533.0526873877252 536.45115836735056 3.7500000000000004 2253.2000000000012 85.750000000000014 795.64050000000009 7.375 17656.200000000001 258.10596929874441 -1.0000000180025095e-35 12.275000000000002 258.10596929874441 20.575000000000006 177.1700000000001 659.99581856363466 1119.1600000000001 0.23958333333333334 0.065972222222222238 24567.500000000004 403.61159523809528 13983.450000000003 99.750000000000014 1022.0265000000001 94.250000000000014 415.43671052631584 3955.937320166141 138.25000000000003 526.86103759723778 748.4755659722224 15217.743000000002
decision_type=2 2 2 2 2 2 2 2 2 2 2 2 2 2 2 2 2 2 2 2 2 2 2 2 2 2 2 2 2 2 2 2 2 2 2 2 2 2 2 2 2 2 2 2 2 2 2 2 2 2 2 2 2 2 2
left_child=1 38 10 34 5 6 8 11 -3 43 33 -8 -13 14 29 -16 40 30 19 23 -20 51 -23 24 25 28 27 -26 -19 -5 31 49 -24 -2 -4 39 -29 -12 -1 46 41 -17 -34 44 -7 -36 48 -18 -21 -15 -35 -22 -28 -9 -50
right_child=2 4 3 13 -6 9 7 53 -10 -11 37 12 -14 17 15 16 47 18 20 35 21 22 32 -25 26 -27 52 36 -30 -31 -32 -33 42 50 45 -37 -38 -39 -40 -41 -42 -43 -44 -45 -46 -47 -48 -49 54 -51 -52 -53 -54 -55 -56
leaf_value=0.0031508304107072771 -0.036187016158346061 -0.5494054964020525 0.96796589212364126 0.004385320622905752 0.053131769578232964 -0.1048391895736671 0.96145469263381733 1.9252076024354017 1.1840588315009735 0.01577303948319133 -0.038346377782305312 0.34839432419786759 -0.29930897985414762 -0.32986870529835843 -0.30457977486655419 0.0016114128001272121 7.0521183177368014 0.5398439704798671 1.0101305631719324 0.024529689941730843 -0.064625610444228501 -0.03860175167322899 1.7386914034887151 -0.12030148244802806 -0.028779971891512952 4.4997727044491356 -0.94520635486795057 0.0062718241073187846 -0.37226775041532106 -0.44467535716356332 0.0045089420391825966 -0.29810167171003893 0.015146861797319753 -2.3432683693703407 -0.013435378356592245 -0.064446176860696133 0.083761456386075933 0.075766072353270209 -1.6537444246120561 -0.0011049041917477987 -0.075871439949420902 3.270749812439055 -0.059735595881776557 0.0080243618550792945 -2.8805179036060533 0.28014399042573457 0.002251307871979984 0.17782187193409754 0.064609684795821187 -0.00014655067562226385 -3.657569725465537 -0.061897495381859756 -0.024993899630545199 0.21687702837426606 0.059385435271572078
leaf_weight=23 20 34 21 32 25 20 23 27 26 20 33 38 25 20 20 27 20 21 20 27 23 28 20 37 38 21 22 20 27 35 30 22 24 21 33 22 21 27 29 23 20 21 25 25 21 27 23 26 22 20 20 23 23 24 20
leaf_count=23 20 34 21 32 25 20 23 27 26 20 33 38 25 20 20 27 20 21 20 27 23 28 20 37 38 21 22 20 27 35 30 22 24 21 33 22 21 27 29 23 20 21 25 25 21 27 23 26 22 20 20 23 23 24 20
internal_value=0.000267148 0.00155556 -0.000185366 0.000199115 0.00233766 0.00187279 0.00319797 0.00474453 -0.000333333 -0.00116279 -0.00305785 0.0027907 0.00111111 -0.000133657 0.00134328 0.00298507 0.00403509 -0.000610932 -0.000188679 0.000572207 -0.00190184 -0.00286713 -0.00134021 -0.000782609 -5.18135e-05 0.00275362 -0.0016129 0.000379747 0 -0.0019403 -0.00304348 -0.00483871 0.000434783 -0.00540984 0.00358025 0.00284672 0.00365854 -0.000666667 -0.00307692 0.00373913 0.00205882 0.00375 -0.00142857 -0.00272727 -0.00463415 0.002 0.00478261 0.00695652 0.00594203 -0.0025 -0.00756098 -0.00608696 -0.00511111 0.00803922 0.00761905
internal_weight=1385 360 1025 904 308 283 197 137 60 86 121 86 63 823 201 134 114 622 530 367 163 143 97 230 193 69 124 79 48 67 92 62 69 61 81 137 41 60 52 115 68 48 49 66 41 60 92 46 69 40 41 46 45 51 42
internal_count=1385 360 1025 904 308 283 197 137 60 86 121 86 63 823 201 134 114 622 530 367 163 143 97 230 193 69 124 79 48 67 92 62 69 61 81 137 41 60 52 115 68 48 49 66 41 60 92 46 69 40 41 46 45 51 42
is_linear=0
shrinkage=0.01


Tree=83
num_leaves=55
num_cat=0
split_feature=83 33 60 98 44 37 88 33 24 73 16 79 37 2 3 2 21 46 24 24 36 16 88 41 26 36 26 38 40 79 21 43 37 5 24 6 68 88 5 94 60 92 38 98 82 20 5 24 6 64 83 5 5 8
split_gain=8.34098 10.1235 8.34094 13.8889 8.75122 10.4453 8.5494 11.2904 9.02268 10.2827 8.04235 9.55152 7.91426 7.62779 7.47551 7.44114 7.02278 8.63538 6.85032 7.79521 6.6271 6.58877 6.38192 16.9 6.69036 6.13727 5.96576 14.3321 8.45 8.1 5.89235 5.59399 5.52345 5.33753 4.99064 5.54837 4.96943 4.78447 7.53565 4.65304 4.35475 4.25105 5.24263 5.9727 4.03287 4.02781 3.6 3.6 2.5 2.21966 1.68133 1.00087 0.921951 0.419048
threshold=1496.450000000001 3.2500000000000004 1367.9500000000003 0.60763888888888895 6.2795000076293954 99.750000000000014 7729.260416666667 182.75000000000003 10.275000000000002 1.3660000000000003 4525.9000000000005 658.83695237334121 21.250000000000004 3293.9750000000004 14954.500000000002 2837.8500000000004 20.675000000000001 106.49000167846681 10.125000000000002 7.0250000000000012 72.750000000000014 6401.3500000000013 3464.8918750000007 71.750000000000014 136.25000000000003 85.250000000000014 44.500000000000007 5.9750000000000014 103.25000000000001 524.67792257905819 18.175000000000001 87.31000137329103 96.250000000000014 3912.7500000000005 10.775000000000002 5117.2500000000009 1362.7500000000002 6488.6014583333354 3867.3350000000005 544873.91979312513 911.75000000000011 18553.507150000009 6.2750000000000012 0.11458333333333334 177.1700000000001 1873.2500000000002 10849.6 6.325000000000002 6338.3000000000011 1001.3865000000002 2525.3999999999983 5960.1550000000016 9615.4150000000027 403.82742857142864
decision_type=2 2 2 2 2 2 2 2 2 2 2 2 2 2 2 2 2 2 2 2 2 2 2 2 2 2 2 2 2 2 2 2 2 2 2 2 2 2 2 2 2 2 2 2 2 2 2 2 2 2 2 2 2 2
left_child=1 44 6 13 5 18 12 8 10 46 -8 21 -2 14 16 -16 30 51 19 -5 -3 40 23 -14 32 31 27 29 48 -27 45 37 39 -20 35 -34 -15 38 -22 -24 50 -9 43 -43 -1 -4 -10 -30 -28 53 52 -18 -12 -41
right_child=2 20 3 4 -6 -7 7 41 9 -11 11 -13 22 36 15 -17 17 -19 33 -21 25 -23 24 -25 -26 26 28 -29 47 -31 -32 -33 34 -35 -36 -37 -38 -39 -40 49 -42 42 -44 -45 -46 -47 -48 -49 -50 -51 -52 -53 -54 -55
leaf_value=0.0031193221066002043 0.70086383661947838 -0.071316336939667921 1.3235603329447612 0.0015912898360649025 0.06473804964753492 -2.102635570873701 -0.023419329559231247 -1.0843510262969789 -0.65075797239778455 -9.5364652795727149 4.6154629592281831 -0.037806527943695198 0.078018594509124725 1.402339553836053 0.46875618452805129 -0.48309099380397685 2.6389045947059904 0.004950710487339297 -0.13425005643270216 -0.031752405669827496 0.010793575924655919 0.0015103831762123974 -1.7922131097315817 -0.033640692655649014 0.059237318161355912 0.23917758925394458 0.10246558277554481 -0.84908989666795764 -0.076115413623789166 -1.5465209349826206 -1.0589831228328275 0.77861793806262902 -3.6228030890448979 0.86346519096348862 0.016225935932569938 -0.14747769450875639 0.0084085157750212677 -0.025517972702002806 2.8385535180090051 -5.3384813981266781 0.013547424425032616 0.034175376826214555 -0.038192049384429383 -0.041482447163205212 -1.6372069803659355 -0.0029741719912104842 0.054164060651133668 0.032776870273472432 3.0733290636382993 -0.49320795929698108 0.047635394860298649 6.4905325164235625 0.075733290795922364 -0.027942037078244227
leaf_weight=23 27 37 25 36 31 38 27 20 20 23 20 20 20 23 26 22 20 27 22 39 37 35 39 20 21 20 20 37 20 20 25 21 21 30 25 22 28 20 36 22 20 29 32 20 29 27 20 20 20 20 20 22 21 20
leaf_count=23 27 37 25 36 31 38 27 20 20 23 20 20 20 23 26 22 20 27 22 39 37 35 39 20 21 20 20 37 20 20 25 21 21 30 25 22 28 20 36 22 20 29 32 20 29 27 20 20 20 20 20 22 21 20
internal_value=7.94224e-05 0.00138889 -0.000380488 0.000657596 -0.00132653 -0.00224242 -0.00116438 -9.17431e-05 0.00115044 -0.00206349 0.00239264 0.00338235 -0.00252918 0.0022449 0.00134021 -0.00208333 0.00246575 0.00478261 -0.000866142 -0.0028 0.00207792 0.00448276 -0.00313043 0.0005 -0.00389474 0.00261993 0.00133758 -0.000649351 0.00325 0.0035 0.00038961 0.00438596 -0.00455621 0.00192308 -0.00235294 -0.0044186 0.00568627 0.00333333 0.00452055 -0.0060396 0.00604938 -0.00287129 -0.00185185 0.000204082 -0.00269231 0.00230769 0.001 0 0.0065 -0.00774194 0.00737705 0.00761905 0.00853659 -0.00904762
internal_weight=1385 360 1025 441 196 165 584 327 226 63 163 136 257 245 194 48 146 69 127 75 308 116 230 40 190 271 157 77 80 40 77 114 169 52 68 43 51 93 73 101 81 101 81 49 52 52 40 40 40 62 61 42 41 42
internal_count=1385 360 1025 441 196 165 584 327 226 63 163 136 257 245 194 48 146 69 127 75 308 116 230 40 190 271 157 77 80 40 77 114 169 52 68 43 51 93 73 101 81 101 81 49 52 52 40 40 40 62 61 42 41 42
is_linear=0
shrinkage=0.01


Tree=84
num_leaves=55
num_cat=0
split_feature=8 10 17 35 19 22 0 65 23 20 11 13 94 19 42 20 23 58 85 70 19 20 65 75 88 40 38 26 0 78 0 94 11 98 0 81 81 94 77 77 45 4 45 81 94 94 70 2 91 91 4 8 13 19
split_gain=8.26711 5.91398 11.353 9.57687 7.62769 8.49553 7.52881 8.92857 7.49413 7.6544 10.0893 6.73731 6.41778 6.40087 9.7408 7.98753 6.56389 9.07579 7.70847 6.9888 6.19688 6.18453 6.1338 8.47848 17.3065 11.2512 9.72 8.86164 7.5457 13.0343 12.9536 7.5031 10.6778 7.68615 7.3856 6.62745 8.28683 6.08233 8.24265 5.88083 5.67326 5.36508 4.95838 6.97119 6.43865 6.49342 6.08447 8.29739 4.72143 8.75758 4.31787 3.95727 3.37712 2.71515
threshold=392.40888888888895 29156.050000000007 134.55000000000004 23.125000000000004 1303.2500000000002 75.250000000000014 26617.400000000005 27227.400000000005 15.750000000000002 1262.7500000000002 35867.100000000013 8138.3000000000011 632274.74505062529 1576.0000000000002 136.80000305175784 1617.45 99.250000000000014 -0.5 1584.4715000000003 0.92250000000000021 584.20000000000016 1656.4500000000003 29921.150000000005 219.13993730089786 5912.0716666666667 162.75000000000003 7.4750000000000014 16.250000000000004 31359.100000000002 630.91794791666678 29001.450000000001 581936.01268093765 41672.650000000009 0.22569444444444445 32898.850000000013 4310.144161319472 3969.6444526584942 520382.12462125026 4526.2832860392318 4155.4241500545386 24870.500000000004 2870.0650000000005 24592.500000000004 4226.5408541600927 630879.96120625024 579186.91909687512 951.00000000000011 2405.2000000000003 29186.966131250003 28060.648818750004 3252.5700000000002 405.59694444444455 3804.2000000000003 591.50000000000011
decision_type=2 2 2 2 2 2 2 2 2 2 2 2 2 2 2 2 2 2 2 2 2 2 2 2 2 2 2 2 2 2 2 2 2 2 2 2 2 2 2 2 2 2 2 2 2 2 2 2 2 2 2 2 2 2
left_child=-1 2 42 -3 5 11 7 -7 -6 12 -11 -5 -10 15 16 -12 18 -18 19 -15 -4 22 28 24 -24 27 -26 40 29 -8 -31 32 -29 -33 48 36 -36 38 -19 -39 -25 -32 43 44 45 -2 47 -46 49 51 -22 -30 -48 -43
right_child=1 3 20 4 8 6 21 -9 9 10 13 -13 -14 14 -16 -17 17 37 -20 -21 50 -23 23 25 26 -27 -28 31 34 30 41 33 -34 -35 35 -37 -38 39 -40 -41 -42 53 -44 -45 46 -47 52 -49 -50 -51 -52 -53 -54 -55
leaf_value=-7.005044588500291 0.0065273782650957556 0.95255330907687585 0.040199785851739181 0.76525944349242836 -0.15297943520408053 0.0021309285564287779 0.72681458164316681 -0.33047561067358155 -0.010244381592702207 0.12633991289969415 0.002533884721706845 0.013348246675902738 -0.18418750229766723 -0.084280793399071852 0.10448051809205801 -2.7049443188851412 -3.7705054230320014 -0.77396241741548066 0.064033815432633839 0.030521769247927624 -0.22716608371846009 1.0441354755561383 -0.056450384821589379 0.038841126983382511 1.6704294253197238 -0.27366402089978986 -0.034636266944059003 0.59682579221406395 0.049823489148686784 0.062655606691964433 -0.014198796302657666 -0.044395060708301334 -0.058644895427057371 0.023429742320265207 0.0084083181713196162 3.6388217863591708 -0.21282166669095318 0.058453253230166945 0.00029420688957078057 -0.033581145161328381 0.055702865471962508 -3.2600646748527802 -0.064864282299358034 1.2075289049940958 -1.9597512962017505 -0.26910218039548378 4.0240989368905433 0.18533179700493307 0.57452250187650289 -0.018601223921997322 -2.118755891899947 0.23820148735874339 0.016619012146388938 -0.077527158274102739
leaf_weight=21 25 21 22 33 34 24 28 21 20 26 22 26 25 24 23 28 23 20 27 22 28 30 29 21 30 21 20 24 23 28 21 28 36 25 30 24 21 23 29 35 39 22 31 21 22 21 24 21 31 22 26 21 23 20
leaf_count=21 25 21 22 33 34 24 28 21 20 26 22 26 25 24 23 28 23 20 27 22 28 30 29 21 30 21 20 24 23 28 21 28 36 25 30 24 21 23 29 35 39 22 31 21 22 21 24 21 31 22 26 21 23 20
internal_value=3.61011e-05 0.000131965 -0.00121212 0.000454545 0.000324374 0.000945559 0.000610329 -0.00333333 -0.000813648 -0.00037464 0.000198675 0.00457627 -0.00422222 -0.000362319 0.000353982 -0.0036 -0.000344828 -0.00169231 0.00205479 -0.000434783 -0.00447368 0.000909091 0.000673759 -0.00040293 -0.00316456 0.000721649 0.0004 0.00156069 0.00168385 -0.000252101 -0.00208791 -8.84956e-05 0.00233333 -0.00283019 0.00302326 0.000666667 -0.00137255 -0.00046729 -0.00306122 0.00172414 0.00466667 -0.00460317 0.000106383 0.000828025 0 -0.00304348 0.00155556 -0.00116279 0.00484536 0.00333333 -0.0062963 0.00590909 0.00404255 -0.00666667
internal_weight=1385 1364 264 1100 1079 698 639 45 381 347 302 59 45 276 226 50 203 130 73 46 76 594 564 273 79 194 50 173 291 119 91 113 60 53 172 75 51 107 49 58 60 63 188 157 136 46 90 43 97 66 54 44 47 42
internal_count=1385 1364 264 1100 1079 698 639 45 381 347 302 59 45 276 226 50 203 130 73 46 76 594 564 273 79 194 50 173 291 119 91 113 60 53 172 75 51 107 49 58 60 63 188 157 136 46 90 43 97 66 54 44 47 42
is_linear=0
shrinkage=0.01


Tree=85
num_leaves=53
num_cat=0
split_feature=2 82 69 11 94 63 78 97 83 31 63 61 78 97 39 39 61 39 2 72 2 46 90 94 19 40 19 69 25 46 97 77 83 19 61 23 2 44 32 2 40 24 31 97 8 82 77 90 8 82 35 72
split_gain=12.0596 16.6207 14.4305 13.3145 12.3429 9.85146 8.51302 7.74971 6.69684 5.79554 6.22416 10.9419 11.8095 8.88374 9.05909 12.91 7.06193 6.14088 8.9739 8.24627 6.14688 9.64447 7.24703 11.0445 8.35326 6.81256 10.8576 9.74769 7.14097 6.92395 9.23298 6.50756 6.42182 6.15056 8.4829 6.06746 5.75765 5.47299 5.44538 5.22648 5.19697 5.12 4.55005 4.47884 4.12208 3.91304 4.87625 4.64822 3.85097 4.53996 2.71515 2.25732
threshold=3619.8395000000005 0.10799999999998545 24550.750000000004 30397.750000000004 589342.59743468754 23686.800000000003 1754.6384618055556 0.92708333333333337 2091.7500000000005 23.750000000000004 27833.500000000004 26406.050000000007 1007.9007326388889 0.26041666666666669 194.25000000000003 153.75000000000003 29633.550000000007 99.250000000000014 3532.3545000000004 1429.8730000000003 3347.4000000000005 105.82500076293947 2204.0707500000008 668242.1912046877 225.25000000000003 99.250000000000014 604.75000000000011 34787.100000000006 21.250000000000004 98.915000915527358 0.13541666666666671 3652.3846287556626 2597.5500000000034 862.35000000000014 32223.100000000002 96.250000000000014 2518.6500000000001 2.9424999952316289 183.75000000000003 2795.1500000000005 63.250000000000007 8.1750000000000025 8.1750000000000025 0.38541666666666669 411.94578947368427 -0.11949999999999998 3499.2660831824219 1608.0403500000004 405.9790000000001 177.1700000000001 25.325000000000006 937.4285000000001
decision_type=2 2 2 2 2 2 2 2 2 2 2 2 2 2 2 2 2 2 2 2 2 2 2 2 2 2 2 2 2 2 2 2 2 2 2 2 2 2 2 2 2 2 2 2 2 2 2 2 2 2 2 2
left_child=2 4 40 45 -2 -5 7 9 -9 10 11 12 -7 14 15 -13 -12 19 20 -18 22 32 24 33 42 26 44 28 -28 -27 35 -32 43 34 -24 -31 -15 -35 -33 -38 -1 -40 -19 -22 -26 -4 47 -47 -30 51 -42 -50
right_child=1 -3 3 5 -6 6 -8 8 -10 -11 16 13 -14 36 -16 -17 17 18 -20 -21 21 -23 23 -25 25 29 27 -29 48 30 31 38 -34 37 -36 -37 39 -39 41 -41 50 -43 -44 -45 -46 46 -48 -49 49 -51 -52 -53
leaf_value=0.0088977295362749481 0.015778739696763681 2.1821002747219844 -0.014055760038062562 0.18066960508065641 -0.12900769459982009 0.31585962033368487 0.055696244628315607 -0.079439655670130616 -0.003502797529193078 -2.4430258099734892 -0.12225157895077296 0.28910209779172774 -0.84109723259276481 1.9083788293291002 2.3038213544981114 -0.88849618036856104 0.0059116589877786585 2.0634210079649611 -2.5487382378558014 -2.0998963329946791 -0.028144009895928541 0.49910594631030103 0.19962035104788625 -0.22824644308236544 -1.5441954205611146 0.036227472589800296 -0.013940601081914786 -0.059839971552751024 0.017896467255448779 -0.12731669966710066 -0.093942658333279208 -0.069463203819218389 0.081689374585090707 0.074956407286460178 -0.013572372626613403 -0.040792942867781436 0.0036573584158448675 0.10268641795524015 -0.038748578506456466 0.032244784508151686 3.4463184104529296 0.63159336673391697 -0.0053510857135752234 0.040319389174099315 -0.039972907650493557 0.0040427112780537389 -10.12719723355718 -1.3388520102729395 0.035927830271390744 0.049625816379598578 8.6598660340427021 0.59304686371864268
leaf_weight=24 28 37 20 20 20 23 32 22 31 21 29 39 29 22 25 22 27 23 27 25 39 23 20 34 22 32 23 33 26 32 34 35 25 31 27 25 20 20 25 21 20 25 20 20 20 24 26 22 23 21 22 24
leaf_count=24 28 37 20 20 20 23 32 22 31 21 29 39 29 22 25 22 27 23 27 25 39 23 20 34 22 32 23 33 26 32 34 35 25 31 27 25 20 20 25 21 20 25 20 20 20 24 26 22 23 21 22 24
internal_value=0.000235294 0.00388235 -7.84314e-06 -0.00025641 0 4.47628e-05 -8.20419e-05 -0.000234742 -0.00396226 -3.95257e-05 7.06357e-05 0.00164179 -0.00230769 0.00302013 0.000930233 -0.00114754 -0.000329114 -0.000144547 9.87306e-05 -0.00346154 0.000322581 0.00252336 -8.69565e-05 0.0019697 -0.000699774 -0.00115 0.000208333 0.00146667 0.00282051 -0.00240385 -0.00318182 -0.00159664 0.000952381 0.00367347 0.00106383 -0.00649123 0.00587302 0.00607843 -0.000117647 0.00365854 0.00454545 0.002 0.00348837 -0.000847458 -0.00428571 -0.00391304 -0.005 -0.00304348 0.00404255 0.00529412 0.00666667 0.00702128
internal_weight=1360 85 1275 1209 48 1117 1097 1065 53 1012 991 201 52 149 86 61 790 761 709 52 682 107 575 132 443 400 192 150 117 208 176 119 84 98 47 57 63 51 85 41 66 50 43 59 42 92 72 46 94 68 42 47
internal_count=1360 85 1275 1209 48 1117 1097 1065 53 1012 991 201 52 149 86 61 790 761 709 52 682 107 575 132 443 400 192 150 117 208 176 119 84 98 47 57 63 51 85 41 66 50 43 59 42 92 72 46 94 68 42 47
is_linear=0
shrinkage=0.01


Tree=86
num_leaves=51
num_cat=0
split_feature=69 78 68 97 98 100 38 10 98 76 78 67 26 5 8 41 28 79 7 7 7 68 44 38 93 33 72 46 53 20 81 34 34 83 83 26 44 36 36 5 10 10 98 93 68 26 26 65 100 20
split_gain=8.83207 7.70735 8.3501 7.43608 9.94178 14.5668 13.4924 9.71779 10.3982 7.54286 6.57219 9.52778 6.3688 6.28416 6.25081 8.07966 6.06578 7.67384 7.96098 9.15003 6.4 6.39007 6.62102 6.16734 5.99309 7.96682 5.87247 5.80293 5.79144 6.68347 5.78734 5.74359 7.76308 5.58462 7.52708 5.98917 4.94201 4.79596 4.53494 5.43097 4.93325 5.7143 6.62526 5.40346 4.53128 4.49159 4.48831 4.1502 4.11133 2.5
threshold=24550.750000000004 1754.6384618055556 1772.5000000000002 0.21875000000000003 0.093750000000000014 0.065972222222222238 2.2500000000000004 36937.950000000004 0.64236111111111127 36923.995833333342 1100.347840277778 30970.050000000003 12.750000000000002 3977.3700000000003 421.18381578947373 51.750000000000007 30.475000000000005 535.07098047543286 1656.4700000000003 948.0200000000001 3250.9000000000005 718.46600000000012 3.4685000181198125 7.4750000000000014 419.12246443812234 14.250000000000002 1299.8000000000002 111.41500091552736 2.5000000000000004 896.70000000000016 4624.7722290322736 69.250000000000014 53.750000000000007 2476.4499999999994 2096.6500000000019 2.7500000000000004 3.3569999933242802 83.250000000000014 76.250000000000014 4052.7650000000008 29590.950000000004 33541.400000000009 0.18402777777777782 414.2852631578948 1599.8500000000001 48.250000000000007 43.250000000000007 29948.300000000003 0.57986111111111127 1311.1000000000001
decision_type=2 2 2 2 2 2 2 2 2 2 2 2 2 2 2 2 2 2 2 2 2 2 2 2 2 2 2 2 2 2 2 2 2 2 2 2 2 2 2 2 2 2 2 2 2 2 2 2 2 2
left_child=36 2 3 4 5 -2 -7 8 14 -9 30 -12 13 -10 24 -16 17 18 19 21 -20 45 37 48 25 26 -5 -17 33 -30 38 32 -4 34 35 -27 49 -23 -6 -40 -41 -42 43 -43 -14 -8 -11 -33 -19 -1
right_child=1 -3 31 7 10 6 16 9 12 46 11 -13 44 -15 15 27 -18 23 20 -21 -22 22 -24 -25 -26 28 -28 -29 29 -31 -32 47 -34 -35 -36 -37 -38 -39 39 40 41 42 -44 -45 -46 -47 -48 -49 -50 -51
leaf_value=3.4118552263484005 -1.3469846641963079 0.055139282182032456 -0.63879448772991387 2.8181061999957691 0.005101824442170149 1.8429058307545965 0.0014837345947794158 2.1954059876845613 -0.018768961570060763 0.040610765694699673 0.19346264951497966 -0.34663746305331922 -1.9982415243004648 0.41888913760633262 -0.0022907679212777767 1.3088844027141915 -0.047448573711250996 0.16048407395742892 -0.08289720541674965 3.6293033913689015 -8.5045144260166187e-05 3.5735466491403658 -0.13691808205694869 0.15235066065409286 -0.058419572492885638 0.82627706030987169 0.018837880492955678 0.015669674948279439 0.00088338974927623323 -0.27862273044416497 0.00556086421048454 -0.070362677240435545 0.17834100556774257 -0.10967653978939794 2.0340140335009478 -0.11975141946011167 4.5693769723513702 0.053226668930992579 -3.5616786838735845 0.023554155231982593 -3.962342470726262 -0.011763915633706729 0.0075260482942574097 -5.7877066962121626 -0.0036546656265600934 -0.057346860725914439 -0.038352266359139679 -0.083956202401747768 -0.0096981409711581808 -0.025675598452890865
leaf_weight=20 31 34 25 20 23 20 22 35 33 22 28 36 26 38 23 39 36 24 20 27 20 20 37 33 31 23 21 21 37 31 20 33 27 30 25 30 27 23 21 20 35 22 27 20 24 35 20 23 22 20
leaf_count=20 31 34 25 20 23 20 22 35 33 22 28 36 26 38 23 39 36 24 20 27 20 20 37 33 31 23 21 21 37 31 20 33 27 30 25 30 27 23 21 20 35 22 27 20 24 35 20 23 22 20
internal_value=0.000191176 7.73395e-06 -0.000119142 0.000130321 -0.000610932 0.000432432 0.00103245 0.00100189 0.000442478 0.00428571 -0.00214286 0.000625 -0.00206612 -0.000140845 0.00135952 0.00373494 0.000532915 0.00102473 0 0.00097561 -0.004 -7.29927e-05 0.00175 0.00367089 0.000564516 0.00115207 0.00512195 0.00566667 0.000227273 -0.00205882 -0.00308511 -0.00277778 -0.000384615 0.00166667 0.00307692 0.000943396 0.00373134 0.0044186 -0.00369048 -0.00434483 -0.00354839 -0.00442308 -0.00275362 -0.0052381 -0.0048 -0.00263158 0.00142857 -0.005 0.00130435 0.0015
internal_weight=1360 1293 1259 1151 622 370 339 529 452 77 252 64 121 71 331 83 319 283 204 164 40 137 80 79 248 217 41 60 176 68 188 108 52 108 78 53 67 43 168 145 124 104 69 42 50 57 42 56 46 40
internal_count=1360 1293 1259 1151 622 370 339 529 452 77 252 64 121 71 331 83 319 283 204 164 40 137 80 79 248 217 41 60 176 68 188 108 52 108 78 53 67 43 168 145 124 104 69 42 50 57 42 56 46 40
is_linear=0
shrinkage=0.01


Tree=87
num_leaves=53
num_cat=0
split_feature=29 21 2 32 43 78 72 76 86 100 30 94 29 84 2 10 26 34 43 84 10 69 13 94 68 70 10 88 29 88 88 76 70 94 13 43 69 70 76 32 0 16 23 57 99 78 23 94 30 16 30 2
split_gain=9.47097 11.0181 10.7432 11.2026 8.30288 7.79283 8.47432 7.5 7.23067 7 10.6484 7.16273 7.94716 6.83439 8.22993 7.45238 7.02414 7.18803 6.78014 6.75695 6.74676 8.6066 11.592 9.49309 9.43202 9.35264 8.18417 7.5 6.27795 7.09406 7.44605 6.00767 5.70836 5.74172 5.6129 5.40581 7.09105 4.91341 5.76471 7.76569 4.77019 4.56183 4.45561 6.32921 5.78715 4.04739 4.00238 3.86551 3.67122 3.04762 2.5 1.09394
threshold=65.750000000000014 29.025000000000002 3868.9735000000005 272.25000000000006 84.399997711181655 1754.6384618055556 1386.9115000000002 34239.762500000012 1487.7000000000003 0.024305555555555556 51.250000000000007 645151.82113250019 89.250000000000014 905.6833645833334 2580.4500000000003 30168.850000000002 0.75000000000000011 90.250000000000014 85.33499908447267 485.3996145833334 36937.950000000004 31901.800000000007 3364.7500000000005 695100.17108406278 1533.9000000000003 1499.0870000000002 29665.250000000004 3840.8722916666661 84.750000000000014 4536.041666666667 5532.8656250000013 29304.100000000002 0.77400000000000013 649002.88838250027 6350.9000000000005 74.439998626708999 36297.55000000001 769.32450000000006 35794.460416666676 253.75000000000003 29704.550000000003 5954.3500000000013 98.250000000000014 -0.56174490092936669 0.11458333333333336 418.68524652777779 97.250000000000014 581674.55848781264 88.750000000000014 5274.6500000000005 92.250000000000014 2609.1500000000005
decision_type=2 2 2 2 2 2 2 2 2 2 2 2 2 2 2 2 2 2 2 2 2 2 2 2 2 2 2 2 2 2 2 2 2 2 2 2 2 2 2 2 2 2 2 2 2 2 2 2 2 2 2 2
left_child=4 2 3 5 7 6 9 -1 20 10 -2 12 -12 14 31 -16 18 42 -15 -3 21 22 23 25 -24 -8 -23 -28 -29 -30 -31 34 -5 -34 -11 36 47 38 41 46 -26 -37 43 -18 -45 -43 -40 -17 -21 -42 -9 -44
right_child=1 19 -4 32 -6 -7 8 50 -10 13 11 -13 -14 16 15 35 17 -19 -20 48 -22 26 24 -25 40 -27 27 28 29 30 -32 -33 33 -35 -36 37 -38 -39 39 -41 49 45 51 44 -46 -47 -48 -49 -50 -51 -52 -53
leaf_value=-0.16431956011347651 -0.68723394974212371 -0.014617246440244465 1.6742521431478219 0.015481376554096291 -4.0051742627262357 0.046890656710220247 0.11304358854863202 2.264867637441029 -0.023426795830966886 0.28420961687709045 -1.9732142446972638 0.13308897110647408 0.26544845470602235 -0.099488330387157514 0.138765228980059 -0.037910928463990121 2.0156103093683404 0.011083082677361009 2.1703114043126797 2.0462531725158444 0.049024990844379585 -5.4667807480172721 -0.16307969116388008 -2.9490188644325759 1.1894580285172851 -0.065112545197202915 0.019107460345122004 -3.2350824612314275 -0.23061051240042807 0.063831918036390128 -0.042938424089982677 -3.0815890896097757 -2.7889698736303172 -0.067830074890801048 -0.025834107667677492 -2.9908950741105516 0.012065824588921106 1.1659337286782836 0.010114428990857119 -0.050162206424955204 0.0021856418455975485 -0.0046238836824030252 1.9294867341570081 -0.055446192447016929 0.84940532913679878 0.31262576364740541 0.046086703651220112 -3.1088902662982543 0.044394668880061432 0.1627551197604595 -0.0056694163515750443 4.981045858308347
leaf_weight=20 26 21 22 22 22 25 30 20 22 27 26 24 20 34 34 20 22 39 21 29 23 29 29 20 21 37 27 29 32 22 37 34 22 35 31 27 37 25 20 20 21 20 20 26 25 21 28 21 24 27 20 24
leaf_count=20 26 21 22 22 22 25 30 20 22 27 26 24 20 34 34 20 22 39 21 29 23 29 29 20 21 37 27 29 32 22 37 34 22 35 31 27 37 25 20 20 21 20 20 26 25 21 28 21 24 27 20 24
internal_value=0.000367647 0.00057903 0.000348837 0.000219966 -0.00292683 0.000480508 0.000352505 -0.001 -0.000788177 0.00104167 -0.00145833 0.000571429 -0.00173913 0.00145833 0.000630137 0.00150183 0.002891 0.00397436 -0.000181818 0.00432432 -0.00046875 -0.000803324 0.000702703 -0.00195402 0.00306122 -0.000149254 -0.00238636 -0.00142857 -0.0025 -0.00120879 0.000847458 -0.00195652 -0.00341772 -0.00508772 0 0.000878661 -0.00128205 0.00192547 0.00117647 0.00323529 0.00507246 -0.000882353 0.00521368 0.00369863 0.00176471 0.00121951 0.00541667 -0.00414634 0.00622642 0.00333333 0.0015 0.00772727
internal_weight=1360 1278 1204 1182 82 1103 1078 60 406 672 96 70 46 576 365 273 211 156 55 74 384 361 185 87 98 67 176 147 120 91 59 92 79 57 58 239 78 161 136 68 69 68 117 73 51 41 48 41 53 48 40 44
internal_count=1360 1278 1204 1182 82 1103 1078 60 406 672 96 70 46 576 365 273 211 156 55 74 384 361 185 87 98 67 176 147 120 91 59 92 79 57 58 239 78 161 136 68 69 68 117 73 51 41 48 41 53 48 40 44
is_linear=0
shrinkage=0.01


Tree=88
num_leaves=53
num_cat=0
split_feature=78 79 51 79 23 88 79 94 74 79 44 26 23 30 19 30 19 14 85 43 6 79 43 75 79 6 6 69 21 41 17 66 72 14 17 74 14 90 0 75 19 45 14 26 78 26 14 90 89 35 71 40
split_gain=7.83473 12.1371 8.25447 8.6926 9.49185 8.00476 7.11062 11.4783 6.44455 10.5597 14.7107 9.63414 8.71639 8.44838 10.3176 8.74293 6.76642 8.67392 7.65274 7.74657 7.12458 8.01022 7.11958 6.51753 6.22222 6.09524 5.87418 5.7682 6.4896 9.75803 7.0127 7.0901 11.0873 6.13652 5.35315 5.28021 4.9558 4.56584 4.55005 4.40297 3.98915 4.71973 4.66988 7.02984 5.78738 4.92162 4.69565 4.11133 3.56455 2.81299 2.61905 1.89394
threshold=1754.6384618055556 202.86935091819862 1.0000000180025095e-35 710.147552981986 86.250000000000014 3918.4875000000002 684.63187018096608 655029.53958750016 1227.0582500000003 367.49950885023202 3.1114999055862431 90.250000000000014 89.750000000000014 99.250000000000014 2061.0500000000006 14.750000000000002 233.15000000000001 12029.850000000002 1584.4715000000003 84.895000457763686 4618.0150000000003 315.57156650871445 87.639999389648452 701.16058424167159 515.1842739050669 4357.4850000000006 3338.6300000000006 25836.800000000007 29.725000000000005 99.250000000000014 208.85000000000002 645.71500000000003 889.95000000000016 15426.050000000001 25.750000000000004 374.52072916666674 16725.600000000002 1632.8749500000004 30884.200000000004 145.38489504124405 1503.1500000000003 25265.000000000004 16640.650000000005 62.750000000000007 648.83384027777788 29.250000000000004 15608.000000000002 1446.6154500000005 1121.9863687500001 26.525000000000002 933.3900000000001 73.750000000000014
decision_type=2 2 2 2 2 2 2 2 2 2 2 2 2 2 2 2 2 2 2 2 2 2 2 2 2 2 2 2 2 2 2 2 2 2 2 2 2 2 2 2 2 2 2 2 2 2 2 2 2 2 2 2
left_child=1 26 3 6 -5 -4 8 -8 9 10 12 16 -3 15 40 -11 -10 -18 50 20 21 -20 -21 27 25 -24 -1 -17 29 30 31 32 35 -33 -28 -29 -35 -12 -14 -36 42 -42 46 45 -45 47 -15 -44 -16 -6 -19 -22
right_child=-2 2 5 4 49 -7 7 -9 11 13 37 -13 38 14 48 23 17 18 19 22 51 -23 24 -25 -26 -27 34 28 -30 -31 -32 33 -34 36 39 -37 -38 -39 -40 -41 41 -43 43 44 -46 -47 -48 -49 -50 -51 -52 -53
leaf_value=-1.2695911262564146 0.065690320686191767 -0.3323076622754968 -2.4387713083810012 0.024968877620025778 -0.8201431092201209 -8.3354186599885516 0.73829580148995888 -0.0014890326292125501 1.2271055868884946 0.10936276301581924 -0.62619972349183572 2.3953404585921114 0.019618740039141436 0.031120356857284016 -0.24726095387357536 3.0073673499651323 -0.71399246593227417 -0.0018973737393734686 0.10289573666406275 -0.019151306456544632 0.043470951826521026 -0.010413621229861399 0.0032508219792623922 0.054745546796278494 -0.16144889425224129 3.2524987369927585 0.060645278888923022 0.010891084659201109 0.036781802998941598 0.024433327368080938 -0.9454413601964009 -5.7397677080725398 0.17505431443783401 0.0074950851158657626 -0.0027570194556785668 -0.048688941321819258 -0.42833816564069355 -3.3740361943920756 0.32518035180147775 -0.80744405909245698 0.020363710851251035 0.088780171633625379 -0.017417180585803865 0.03334411370294995 0.14943950175775134 -0.19408135489732536 0.79640675672336037 0.38086867005651615 0.0078918728035393283 -0.043311693751377521 -0.44136594490605247 0.53930474836242359
leaf_weight=20 36 26 35 29 22 21 22 24 23 31 31 37 20 25 26 20 26 22 25 27 20 29 21 29 21 21 21 38 22 36 30 29 21 23 32 35 34 26 23 21 20 26 22 29 25 27 23 24 20 20 20 24
leaf_count=20 36 26 35 29 22 21 22 24 23 31 31 37 20 25 26 20 26 22 25 27 20 29 21 29 21 21 21 38 22 36 30 29 21 23 32 35 34 26 23 21 20 26 22 29 25 27 23 24 20 20 20 24
internal_value=0.000397059 0.000271903 0.000536585 0.000715503 -0.00267606 -0.00321429 0.000933817 0.00478261 0.00076632 0.00025641 -0.00238095 0.00196203 0.000724638 0.000796748 0.00213483 -0.000229885 0.00132616 0.000859375 0.00147826 0.00234043 0.00428571 0.00185185 0.000222222 -0.000725552 0.00206349 0.00428571 -0.00319149 -0.00118056 -0.00156716 -0.00203252 -0.00285714 -0.00211111 -0.000212766 -0.00418605 -0.00189189 -0.00205479 -0.0022807 -0.00614035 0.00348837 -0.00358491 0.00303167 0.00565217 0.00234286 0.00133858 0.00407407 -0.000684932 0.005 0.00130435 -0.00217391 -0.00571429 -0.00238095 0.00727273
internal_weight=1360 1324 1230 1174 71 56 1103 46 1057 741 126 316 69 615 267 348 279 256 230 188 98 54 90 317 63 42 94 288 268 246 210 180 94 86 74 73 57 57 43 53 221 46 175 127 54 73 48 46 46 42 42 44
internal_count=1360 1324 1230 1174 71 56 1103 46 1057 741 126 316 69 615 267 348 279 256 230 188 98 54 90 317 63 42 94 288 268 246 210 180 94 86 74 73 57 57 43 53 221 46 175 127 54 73 48 46 46 42 42 44
is_linear=0
shrinkage=0.01


Tree=89
num_leaves=51
num_cat=0
split_feature=2 82 94 51 88 80 14 93 98 68 41 31 10 2 41 29 61 27 39 75 88 34 88 61 38 25 41 17 73 0 61 61 73 33 19 45 7 10 44 19 94 74 62 17 25 14 34 29 39 29
split_gain=9.23314 14.6671 8.57143 7.00164 8.00476 6.44701 10.4822 8.05512 5.21756 7.24311 9.05381 11.2869 11.4262 10.1585 10.8822 8.28873 7.7827 7.72304 7.70948 7.49048 6.81793 6.63639 12.3391 6.56108 6.05363 6.7165 6.47319 6.2308 7.06581 7.90826 6.01322 9.5648 9.00779 6.00519 5.94715 5.90635 5.63333 5.02857 4.7648 4.19333 4.15572 4.06254 4.07765 4.04563 3.6 3.49898 3.49299 3.3894 2.91212 2.5
threshold=3619.8395000000005 0.10799999999998545 589342.59743468754 1.0000000180025095e-35 3918.4875000000002 27277.400000000001 15290.800000000001 393.23111111111115 0.96875000000000011 1772.5000000000002 82.750000000000014 13.525000000000002 30168.850000000002 3257.2500000000005 79.750000000000014 86.250000000000014 28771.550000000003 20.250000000000004 130.25000000000003 334.85904348861771 4886.2475000000013 56.250000000000007 12188.746249999998 26089.350000000002 9.2750000000000021 237.75000000000003 70.250000000000014 136.85000000000002 630.86300000000017 31709.600000000002 36839.400000000009 33587.850000000006 1169.1900000000003 180.25000000000003 1170.0500000000002 26053.000000000004 195.40000000000003 36452.500000000007 7.2539999485015878 541.05000000000007 592029.37437906268 829.0909062500001 1466.7500000000002 152.15000000000001 55.250000000000007 16674.400000000005 75.750000000000014 85.250000000000014 118.25000000000001 90.250000000000014
decision_type=2 2 2 2 2 2 2 2 2 2 2 2 2 2 2 2 2 2 2 2 2 2 2 2 2 2 2 2 2 2 2 2 2 2 2 2 2 2 2 2 2 2 2 2 2 2 2 2 2 2
left_child=3 2 -2 5 -5 6 -1 -7 9 10 13 12 -12 14 16 -11 23 19 -14 -18 -20 48 40 -9 25 27 -26 28 41 34 31 32 33 37 44 -32 49 -22 46 -16 -23 -19 -43 -33 -30 -8 -29 -25 -15 -17
right_child=1 -3 -4 4 -6 7 45 8 -10 15 11 -13 18 21 39 36 17 24 20 -21 30 22 -24 47 26 -27 -28 38 29 -31 35 43 -34 -35 -36 -37 -38 -39 -40 -41 -42 42 -44 -45 -46 -47 -48 -49 -50 -51
leaf_value=-0.035317975860365135 0.010529397613718886 2.1139278608231966 -0.12453901357257038 -2.4143835952971915 -8.2520644733886677 -0.20134256514035753 1.542709053239727 -0.010124337912585562 0.039691752680412785 0.021037947493843794 0.093124673018360207 -2.0489445724055639 0.036772283689835081 2.4420456678624509 0.065394368637578054 -0.051934871439903177 -0.0029379435478018678 0.50217567788197692 -0.055681950230129972 -1.4826196500782407 -0.70025154607357598 -0.11432295336652136 0.038676501640491495 2.3338688757859338 0.25230918418926751 0.40181532923940111 -0.046826654506433474 -0.099373997568350303 0.047899484839749339 -1.1734924719539432 -1.1903419526299897 0.040755109812256642 0.13885274871425704 -0.74038621700694873 0.071299117926667807 -0.0032128398169339817 -1.6563332829862165 0.017246975173860021 1.9631990988162724 0.58423832527844033 0.076980773420449899 -0.028162392541921863 0.15055142119582957 0.0054537867134667808 -0.40290030160712226 0.13693567679191332 -0.10931628442311596 0.96125734758276771 0.26600266024263314 0.0057026593521126469
leaf_weight=32 28 37 20 35 21 36 27 30 37 37 36 27 27 20 20 20 26 24 27 30 35 38 33 22 39 20 23 28 20 38 21 31 28 22 27 24 20 20 21 23 20 23 20 36 20 20 22 25 24 20
leaf_count=32 28 37 20 35 21 36 27 30 37 37 36 27 27 20 20 20 26 24 27 30 35 38 33 22 39 20 23 28 20 38 21 31 28 22 27 24 20 20 21 23 20 23 20 36 20 20 22 25 24 20
internal_value=0.000455882 0.00364706 0 0.000243137 -0.00321429 0.000401969 0.00316456 0.000210526 0.000362319 0.000234302 0.000494845 -0.000838323 -0.00029316 0.00119497 0.000538922 -0.00237113 8.73362e-05 -0.000498688 -0.00099631 -0.00392857 -0.00155738 0.00362963 0.00208791 0.00298701 9.23077e-05 -0.000570342 0.00290323 -0.00102881 0 -0.00161905 -0.000967742 -0.000116279 -0.002 -0.00376623 0.000447761 -0.00422222 -0.00466667 -0.002 -0.00352113 0.00534884 -0.000689655 0.00253731 0.000697674 0.00283582 -0.002 0.00617021 -0.0052 0.00531915 0.00681818 -0.0025
internal_weight=1360 85 48 1275 56 1219 79 1140 1104 1067 970 334 307 636 501 97 458 381 271 56 244 135 91 77 325 263 62 243 172 105 217 172 105 77 67 45 60 55 71 43 58 67 43 67 40 47 50 47 44 40
internal_count=1360 85 48 1275 56 1219 79 1140 1104 1067 970 334 307 636 501 97 458 381 271 56 244 135 91 77 325 263 62 243 172 105 217 172 105 77 67 45 60 55 71 43 58 67 43 67 40 47 50 47 44 40
is_linear=0
shrinkage=0.01


Tree=90
num_leaves=52
num_cat=0
split_feature=10 77 68 29 2 77 44 3 11 30 11 21 45 13 62 100 25 17 86 29 21 87 11 23 98 91 19 96 45 68 19 30 77 45 91 10 44 13 100 28 36 43 91 36 98 2 17 2 19 17 80
split_gain=8.03449 10.6671 10.3245 13.5179 12.5813 12.0186 9.69399 11.5135 9.54152 9.08894 8.38905 8.05748 7.55829 7.13967 11.36 9.27974 9.38312 9.58262 7.0685 7.10984 9.43488 6.88501 8.40303 6.69394 6.49472 6.47113 7.18007 6.46849 5.86318 5.63302 5.53814 5.49147 5.16618 4.61325 6.01629 8.48792 8.1 4.36675 6.23077 4.23498 5.72609 6.52044 9.15238 5.73043 4.45455 4.0592 4.72651 6.87201 2.81577 2.5 2.36381
threshold=41166.350000000013 3679.5642629641766 962.50000000000011 83.750000000000014 3261.7275000000004 4222.9913402085122 7.4420001506805429 10519.950000000003 41547.80000000001 41.750000000000007 40890.950000000004 29.825000000000006 23449.500000000004 12856.100000000002 802.83000000000004 0.35069444444444448 124.75000000000001 39.800000000000004 1.0080000000000002 80.250000000000014 23.225000000000005 0.76041666666666685 38695.700000000004 99.250000000000014 0.92013888888888895 32811.618956250008 1513.7500000000002 1.0000000180025095e-35 24365.000000000004 1383.5500000000004 1283.4000000000003 29.250000000000004 4414.2522019932348 22930.500000000004 28896.050043750005 26849.600000000002 2.8149999380111699 3173.4500000000003 0.11458333333333334 29.325000000000006 88.250000000000014 74.49499893188478 30041.190206250005 90.250000000000014 0.093750000000000014 2466.5500000000006 60.150000000000006 2713.4500000000003 1829.3500000000001 65.000000000000014 31088.89131944445
decision_type=2 2 2 2 2 2 2 2 2 2 2 2 2 2 2 2 2 2 2 2 2 2 2 2 2 2 2 2 2 2 2 2 2 2 2 2 2 2 2 2 2 2 2 2 2 2 2 2 2 2 2
left_child=2 -2 11 6 5 9 7 -4 32 31 33 13 29 14 21 16 17 23 19 20 -14 39 -23 -16 -20 28 -27 -15 -6 -9 -3 -5 -7 37 35 -35 -36 -11 -39 40 41 -1 -43 -42 -41 -37 47 -47 -32 -18 -48
right_child=1 30 3 4 25 8 -8 12 -10 10 -12 -13 18 27 15 -17 49 -19 24 -21 -22 22 -24 -25 -26 26 -28 -29 -30 -31 48 -33 -34 34 36 45 -38 38 -40 44 43 42 -44 -45 -46 46 50 -49 -50 -51 -52
leaf_value=0.33671163391668435 0.030774609352561315 -0.017120781677342163 0.044971130499545903 -0.0014914298040614371 0.058521558111888576 -1.0936496031034459 0.080442449013252995 -1.0103344816728481 0.016388820577791435 2.033592917300957 -0.25121830528145361 3.0895330585312486 0.1010054348491377 0.0076555170779685601 3.2153440988322219 7.9791865808319811 0.21929335064131919 -0.18513712465966303 -3.208717534891397 -0.17140283197789727 -0.026225808637529342 0.038289736624086579 -0.0038227804908363664 -0.031223889180764339 -0.0086835753371639086 0.73933579352788881 -0.048731533509197525 0.070847361133039743 1.9777556682200379 -3.326935052354552 -0.33448813104054487 -0.43305634533882703 -1.8948218405183201 -0.44829679834579117 -0.08410209768793489 0.00010182393821988514 0.023342335938620878 -0.61824420244506106 1.0731212294117303 -0.019264589220351302 -0.10329440665851376 -0.36693683535231569 0.020092785784198233 0.016831201984028848 -2.8118572411821727 0.50448223446535723 0.30352540355928825 -0.028058944110482903 -2.4078697595390222 13.080234954845801 0.030670300288216545
leaf_weight=26 36 32 25 38 20 24 34 34 30 21 26 27 23 21 24 38 20 26 27 29 32 31 28 20 20 22 26 33 34 32 23 20 35 23 24 24 36 26 26 22 35 20 28 26 22 21 23 20 20 20 22
leaf_count=26 36 32 25 38 20 24 34 34 30 21 26 27 23 21 24 38 20 26 27 29 32 31 28 20 20 22 26 33 34 32 23 20 35 23 24 24 36 26 26 22 35 20 28 26 22 21 23 20 20 20 22
internal_value=0.000327273 -0.00225225 0.000553797 -0.000138018 0.000757856 2.2779e-05 -0.00203125 -0.00279279 -0.00325843 0.000857143 0.00157534 0.00173448 -0.00360406 0.00140909 0.000932642 0.00310811 0.00163636 -0.000571429 -0.00221374 -0.00047619 0.00163636 -0.000420168 0.00254237 0.00227273 -0.00531915 0.00392157 0.00125 0.00481481 0.0062963 -0.00636364 -0.0044 -0.00275862 -0.00559322 0.00210526 0.00129534 0.0024812 -0.00133333 0.00424658 0.00269231 -0.00139665 -0.000518519 0.00135135 -0.000833333 -0.00278689 -0.00409091 0.00363636 0.00465116 0.00219512 -0.00674419 0.0055 0.00688889
internal_weight=1375 111 1264 797 541 439 256 222 89 350 292 467 197 440 386 148 110 70 131 84 55 238 59 44 47 102 48 54 54 66 75 58 59 266 193 133 60 73 52 179 135 74 48 61 44 110 86 41 43 40 45
internal_count=1375 111 1264 797 541 439 256 222 89 350 292 467 197 440 386 148 110 70 131 84 55 238 59 44 47 102 48 54 54 66 75 58 59 266 193 133 60 73 52 179 135 74 48 61 44 110 86 41 43 40 45
is_linear=0
shrinkage=0.01


Tree=91
num_leaves=52
num_cat=0
split_feature=67 88 79 65 79 20 29 14 21 28 29 30 20 35 24 77 93 21 28 10 27 25 26 3 79 63 92 19 25 20 89 28 93 93 67 24 24 46 88 33 21 13 23 88 93 29 19 58 76 94 63
split_gain=7.60422 7.54869 6.72831 10.8267 6.86147 6.76784 6.79868 9.46753 7.20699 7.87441 6.70545 12.9165 7.21458 7.05333 6.4983 9.54104 5.89043 9.51301 10.9549 10.8062 8.93663 8.45413 7.28202 7.25034 8.33333 6.55135 7.99121 7.69364 12.2799 9.82395 5.83333 5.70892 9.0952 6.32872 5.87275 5.65385 5.61404 6.85714 7.80112 10.8423 5.5825 5.43903 5.26066 5.23228 7.64284 7.44056 6.19286 4.55787 4.18739 2.87811 1.92095
threshold=38860.500000000007 2445.3708333333338 708.15994062793311 27867.300000000003 681.84602714942707 3422.8000000000006 89.750000000000014 11018.700000000003 12.075000000000001 21.175000000000004 87.750000000000014 75.750000000000014 947.40000000000009 25.175000000000004 13.475000000000001 4666.1556419380531 411.90065789473687 28.575000000000006 28.775000000000002 39365.350000000013 95.250000000000014 89.250000000000014 134.75000000000003 14294.150000000003 548.50715760510991 27967.750000000004 18813.379612500012 1605.8500000000001 163.25000000000003 1262.7500000000002 1479.0615937500002 28.475000000000005 411.15057275541801 397.38930555555561 25904.400000000005 6.8750000000000009 11.025000000000002 104.45499801635744 6187.0360416666672 54.750000000000007 28.325000000000006 9204.2500000000018 84.250000000000014 7050.978958333334 403.76114285714294 85.250000000000014 785.80000000000007 -0.5 33122.833333333336 613232.91718468769 31070.350000000002
decision_type=2 2 2 2 2 2 2 2 2 2 2 2 2 2 2 2 2 2 2 2 2 2 2 2 2 2 2 2 2 2 2 2 2 2 2 2 2 2 2 2 2 2 2 2 2 2 2 2 2 2 2
left_child=1 -1 4 -4 5 6 8 -8 -3 42 16 49 -13 -14 15 36 17 18 31 22 -20 23 -19 24 -18 -23 -27 28 29 47 -5 32 33 -11 -35 -29 37 38 39 -9 41 -30 -10 45 -45 -36 -46 -28 -6 -12 -25
right_child=-2 2 3 30 48 -7 7 14 9 10 11 12 13 -15 -16 -17 21 19 20 -21 -22 25 -24 50 -26 26 27 35 40 -31 -32 -33 -34 34 43 -37 -38 -39 -40 -41 -42 -43 -44 44 46 -47 -48 -49 -50 -51 -52
leaf_value=-0.030426781889431157 -0.20786080985899971 -0.65959444273009771 0.029845928751963943 -0.6991483646081611 0.016618268719753599 -1.4115386208138674 -0.10570095223120378 0.022566438021156255 0.013562381345411368 -3.4084316988155479 -0.14220894472557155 0.85157637666555086 1.5675549600548579 -0.51433486654608174 -0.034989000648615813 -0.51865009841651122 -0.015816032487086164 0.03164089995584294 -4.9893722540812027 -0.043777560301760429 -0.0076907459006130361 0.57757616659985223 4.0790892272590593 0.16598639071973373 0.4216999798256556 0.041714420334975306 -2.2725376288058374 -0.064061271323813798 0.020774334102645228 0.061682186573752247 -1.8805411474431822e-06 0.048900516830881438 -1.7010435514575546 -1.0792179594357771 -1.4992559234201424 -0.0034450107326584891 1.3085273001070601 0.12269734963707352 -0.050739895343433865 1.6899726897887484 -0.01048554773701941 0.63748096527408959 1.1729552003200876 2.9863657306095912 -0.53315315874461178 0.023642698859603638 0.37041453155147552 -0.0039692473179813153 1.2583375303782898 -0.041570118019294451 0.031521123020624306
leaf_weight=32 30 32 22 35 20 28 21 38 31 23 29 27 20 30 38 22 28 37 38 26 27 20 35 22 21 20 26 24 20 21 21 20 20 25 30 26 36 35 27 35 21 23 21 23 20 29 28 21 27 20 24
leaf_count=32 30 32 22 35 20 28 21 38 31 23 29 27 20 30 38 22 28 37 38 26 27 20 35 22 21 20 26 24 20 21 21 20 20 25 30 26 36 35 27 35 21 23 21 23 20 29 28 21 27 20 24
internal_value=0.000312727 0.000423792 0.000540746 -0.00230769 0.000720648 0.000572391 0.000689655 0.00214286 0.000286344 0.000456621 0.000218447 -0.00190476 0.000649351 -0.0016 0.00272727 0.0034715 0.000601719 -0.00023622 -0.00116608 0.00244898 -0.00476923 0.00160883 0.00444444 0.00410526 0.00142857 0.000540541 0 -0.000659341 0.000606061 -0.00235294 -0.00464286 -9.17431e-05 -0.000606061 0.00011236 0.00083871 -0.004 0.00426901 0.00333333 0.002 0.00369863 0.00375 0.00581395 0.00423077 0.00169231 0.00352113 -0.000508475 0.00125 -0.00489362 0.00446809 -0.00591837 0.00695652
internal_weight=1375 1345 1313 78 1235 1188 1160 252 908 876 824 126 77 50 231 193 698 381 283 98 65 317 72 95 49 222 202 182 132 68 56 218 198 178 155 50 171 135 100 73 64 43 52 130 71 59 48 47 47 49 46
internal_count=1375 1345 1313 78 1235 1188 1160 252 908 876 824 126 77 50 231 193 698 381 283 98 65 317 72 95 49 222 202 182 132 68 56 218 198 178 155 50 171 135 100 73 64 43 52 130 71 59 48 47 47 49 46
is_linear=0
shrinkage=0.01


Tree=92
num_leaves=55
num_cat=0
split_feature=20 100 2 81 39 41 91 81 43 21 44 19 73 20 40 70 69 41 83 33 44 33 65 16 35 74 78 44 2 41 23 16 42 19 36 42 73 19 39 83 41 91 39 2 87 19 19 36 65 35 19 87 2 35
split_gain=5.92592 10.2104 8.64192 14.3024 8.01274 7.80946 13.9809 8.95517 8.74639 8.06522 7.32462 7.16112 6.57176 6.16874 6.04842 7.98266 6.52464 6.01319 6.69064 8.69963 12.6277 9.62667 8.81195 8.37313 7.70667 6.44538 13.4749 6.09524 5.93939 5.90727 5.78908 5.73557 5.5863 11.3995 7.91147 7.3761 8.63267 5.98926 5.4552 5.16841 6.7219 4.9 4.88998 4.44685 4.17096 4.09617 6.69394 3.48444 3.40356 3.24208 3.1746 3.42857 2.5 1.9451
threshold=1892.7 0.6215277777777779 3261.7275000000004 4384.7463811745592 127.25000000000001 69.250000000000014 29738.636975000005 3210.2568529555369 85.33499908447267 26.275000000000002 3.3194999694824223 1605.8500000000001 1202.3975000000003 107.50000000000001 71.750000000000014 1465.0135000000002 30586.500000000004 75.750000000000014 2283.9500000000012 80.750000000000014 2.6154999732971196 141.75000000000003 33795.200000000004 5437.2000000000007 26.025000000000002 1327.3510937500002 723.77754166666671 2.2339999675750737 2631.3000000000006 72.250000000000014 94.750000000000014 5676.9000000000005 261.00000000000006 394.45000000000005 87.250000000000014 328.75000000000006 1368.999 773.55000000000007 187.75000000000003 1733.1499999999999 66.750000000000014 30968.291431250003 185.25000000000003 3267.4500000000003 0.072916666666666671 266.90000000000003 879.45000000000016 87.750000000000014 28187.750000000004 25.125000000000004 1077.9000000000003 0.42708333333333343 2660.8000000000006 27.225000000000005
decision_type=2 2 2 2 2 2 2 2 2 2 2 2 2 2 2 2 2 2 2 2 2 2 2 2 2 2 2 2 2 2 2 2 2 2 2 2 2 2 2 2 2 2 2 2 2 2 2 2 2 2 2 2 2 2
left_child=5 2 3 11 -4 6 7 -1 13 14 41 -2 31 42 16 45 44 27 23 -20 -21 -22 -23 30 -25 26 47 -15 -29 49 -19 -5 34 -34 -10 37 38 -35 -37 -8 53 -6 -7 -30 -9 -16 -47 -26 -17 -13 51 -36 -32 -41
right_child=1 -3 4 12 10 8 39 9 32 -11 -12 29 -14 17 15 48 -18 18 19 20 21 22 -24 24 25 -27 -28 28 43 -31 52 -33 33 35 50 36 -38 -39 -40 40 -42 -43 -44 -45 -46 46 -48 -49 -50 -51 -52 -53 -54 -55
leaf_value=4.2015705810732671 -0.9821097524923077 -0.65464508445094804 0.46131044632493351 -2.3571761547308978 -0.012152845346886036 0.61313559037191412 0.010076743069339162 -0.011492139451783529 -0.00023198957229634971 -1.1659900929237486 -0.20856896806905853 0.013340405535864207 -2.0227402773200303 0.0071348888171621225 1.6730729628908612 0.053370112732205363 -1.4742550141510673 0.030062108071597919 0.027432970286700636 -0.043521113701319641 -0.91619899983671471 0.32202011936807962 -0.85172683395655835 3.2470549832302882 3.1918733844432974 0.049549140904833831 -0.75166381867824916 -0.022954714623149668 -0.75804669189199725 -0.10173842333706019 -5.2154586282351056 0.042178345779421644 0.92408095593851758 0.019001302442955257 0.025924378401146413 0.033831773223706181 0.17589955919197572 -4.3151627500949568 -0.054030739901236739 3.855056182851015 0.006313574502623826 0.30888336627718382 -0.0032847487891690011 -0.23026260606308363 2.0329979895518715 -0.022967584626233526 2.0942228364834286 0.0087221603195530052 -0.027184477995204875 1.098415716203615 0.07194790733752475 0.61643263356828837 -0.31201378615436626 0.077560488078881329
leaf_weight=20 39 26 37 29 20 24 22 21 37 28 25 28 25 21 21 23 24 28 26 39 25 29 21 20 20 29 26 20 27 22 20 22 27 27 21 22 20 38 24 31 22 20 27 28 20 24 20 25 31 22 21 21 20 20
leaf_count=20 39 26 37 29 20 24 22 21 37 28 25 28 25 21 21 23 24 28 26 39 25 29 21 20 20 29 26 20 27 22 20 22 27 27 21 22 20 38 24 31 22 20 27 28 20 24 20 25 31 22 21 21 20 20
internal_value=0.000283636 -0.000920635 -0.000380623 -0.00165775 0.00196078 0.000641509 0.00192661 0.000603448 6.82128e-05 0 -0.000153846 0.000630631 -0.005 -0.000736842 0.00076087 0.00210084 -0.00169231 -0.00113208 -0.000487805 -0.00214286 -0.00333333 -0.000933333 0.0016 0.000744681 0.00233333 0.0012 -0.000422535 -0.00333333 -0.00466667 0.0025 -0.00205882 -0.00294118 0.00155039 0.000379747 0.0034 -0.000839695 0.00151515 -0.00323077 -0.000869565 0.00515789 0.00643836 0.0025 0.00254902 -0.00636364 0.000731707 0.00446154 0.00272727 0.00288889 -0.000740741 0.0044 0.00555556 0.00714286 -0.0045 0.00843137
internal_weight=1375 315 289 187 102 1060 327 232 733 212 65 111 76 475 184 119 65 424 328 140 114 75 50 188 120 100 71 96 75 72 68 51 258 158 100 131 66 65 46 95 73 40 51 55 41 65 44 45 54 50 63 42 40 51
internal_count=1375 315 289 187 102 1060 327 232 733 212 65 111 76 475 184 119 65 424 328 140 114 75 50 188 120 100 71 96 75 72 68 51 258 158 100 131 66 65 46 95 73 40 51 55 41 65 44 45 54 50 63 42 40 51
is_linear=0
shrinkage=0.01


Tree=93
num_leaves=54
num_cat=0
split_feature=80 14 67 88 8 40 82 66 70 31 66 8 71 6 6 97 40 16 94 22 71 78 8 10 41 92 30 97 40 13 88 6 67 10 47 14 33 10 67 28 22 83 98 68 16 80 65 88 92 14 31 72 88
split_gain=9.81354 8.82353 8.07882 7.93686 15.1074 9.84197 16.1526 7.97077 7.81499 7.14706 6.17585 8.63436 9.31231 8.45873 7.43206 7.28636 6.80387 8.54449 9.93549 7.42929 7.44049 6.72709 6.50605 6.48898 6.41254 6.33794 8.14632 6.16687 6.11555 10.1452 6.11141 5.73509 5.44267 5.01951 6.79891 6.7878 9.40833 5.09394 4.74074 4.29469 4.24667 4.2449 4.14138 3.9844 3.90451 3.79442 3.58056 6.4564 3.52867 3.11815 2.99688 2.98368 2.38095
threshold=27150.282986111113 15290.800000000001 39085.350000000006 4513.9975000000004 416.63022048364161 70.250000000000014 2.0680000000000409 1509.9500000000003 1316.2175000000002 7.3250000000000011 1390.1885000000002 425.37000000000006 1670.1525000000004 5504.2000000000016 3307.3700000000003 0.23958333333333334 77.250000000000014 5846.9500000000007 593445.05293125019 81.750000000000014 1.0000000180025095e-35 311.74126041666676 405.81138888888898 29389.400000000005 102.25000000000001 21595.047593750005 96.750000000000014 0.42708333333333343 131.75000000000003 6415.2000000000007 5330.8889583333339 3698.5950000000007 32978.950000000004 33594.250000000007 1.0000000180025095e-35 17125.800000000003 167.75000000000003 36452.500000000007 34401.750000000007 23.925000000000004 89.250000000000014 2267.0500000000015 0.12847222222222224 965.30000000000007 5954.3500000000013 30421.262500000001 32818.55000000001 9599.1683333333367 24080.923625000007 16674.400000000005 4.8750000000000009 1554.6185000000003 12038.153958333334
decision_type=2 2 2 2 2 2 2 2 2 2 2 2 2 2 2 2 2 2 2 2 2 2 2 2 2 2 2 2 2 2 2 2 2 2 2 2 2 2 2 2 2 2 2 2 2 2 2 2 2 2 2 2 2
left_child=1 9 3 4 5 40 48 8 38 -1 16 12 14 -14 -12 -16 17 18 43 22 25 -22 -18 -20 42 50 -27 44 29 30 -29 -9 -24 34 45 37 -37 -35 -6 -8 -2 -30 -25 -5 -17 -23 47 -19 -7 -3 -21 -32 -38
right_child=2 49 -4 10 7 6 39 31 -10 -11 11 -13 13 -15 15 27 19 46 23 20 21 33 32 24 -26 26 -28 28 41 -31 51 -33 -34 35 -36 36 52 -39 -40 -41 -42 -43 -44 -45 -46 -47 -48 -49 -50 -51 -52 -53 -54
leaf_value=-1.3903513025512533 -2.574621207122362 1.5198963048181215 -0.31877278219385585 4.7613435766307362 -0.012556654465658504 -0.0069526981157924089 -0.010399026756474203 0.0066484042414327342 0.26535002915230882 1.5901791416980047 -0.0040049796611512176 -0.15822468962968358 0.007187130890094773 -0.065707655687216787 -0.017944840871778663 1.6840869590988488 0.64761915163428985 0.036645220744600401 0.05735825897379096 0.0025586269178055764 -0.055676236673143642 -0.21767179387801122 -1.993073958408796 -0.1544450130480734 0.0020101405719984713 -2.2844091797306239 0.17800022169454027 -0.0044428232236168284 2.2231645609324406 -0.30833053898991125 0.24232833521987368 -0.032215520441439757 0.032603262750438573 -0.060542459546827805 0.0032377251893987856 0.036644784283748642 -3.4938270269706102 2.4036278672269344 0.031192482733033083 0.21159808750835157 -0.11236663651610196 0.37770607263510786 -4.3701179319255967 0.028940143381102096 2.9681619742327325 -5.6942882807920805 0.0052878407667147614 3.7860839635984962 -0.71477340198487282 0.2180627347627587 0.039886688870010518 0.140379099561358 -0.01310811361006964
leaf_weight=27 26 31 24 20 27 22 31 29 22 24 30 22 36 20 30 29 25 31 30 22 21 25 27 26 27 27 28 29 27 26 30 23 26 24 26 27 21 20 27 22 24 25 21 27 23 24 26 24 30 20 21 22 21
leaf_count=27 26 31 24 20 27 22 31 29 22 24 30 22 36 20 30 29 25 31 30 22 21 25 27 26 27 27 28 29 27 26 30 23 26 24 26 27 21 20 27 22 24 25 21 27 23 24 26 24 30 20 21 22 21
internal_value=0.000152727 0.00313725 -8.64101e-05 2.40192e-05 -0.00144876 -0.00354839 -0.00180952 0.00109375 0.00315789 0.000196078 0.000455487 0.00151862 0.00192661 -0.00178571 0.00269373 0.00327801 -0.000145867 0.0012069 -0.000198675 -0.000961039 -0.00166124 -0.00272727 0.00179487 -0.00192308 -0.00351351 0.000612245 -0.00163636 0.00393365 0.00295597 0.00158879 0.00333333 -0.00192308 -0.000188679 -0.00212766 -0.00413333 -0.00079646 -0.00275362 0.00227273 0.00111111 0.00207547 -0.0072 0.00576923 -0.00574468 0.00361702 0.00692308 -0.00632653 0.00382716 0.00527273 -0.00576923 0.00607843 0.00348837 0.00538462 -0.00571429
internal_weight=1375 102 1273 1249 283 155 105 128 76 51 966 349 327 56 271 241 617 232 151 385 307 209 78 104 74 98 55 211 159 107 81 52 53 188 75 113 69 44 54 53 50 52 47 47 52 49 81 55 52 51 43 52 42
internal_count=1375 102 1273 1249 283 155 105 128 76 51 966 349 327 56 271 241 617 232 151 385 307 209 78 104 74 98 55 211 159 107 81 52 53 188 75 113 69 44 54 53 50 52 47 47 52 49 81 55 52 51 43 52 42
is_linear=0
shrinkage=0.01


Tree=94
num_leaves=50
num_cat=0
split_feature=1 1 80 31 4 25 19 11 14 35 14 92 35 44 38 77 59 11 63 0 29 31 29 44 80 44 0 77 19 19 11 38 77 10 45 2 80 44 2 41 38 1 89 31 0 44 10 0 64
split_gain=6.85953 9.80379 9.50414 12.8433 16.7266 9.12686 8.49333 8.37388 7.77011 7.25913 9.24704 9.14954 8.31169 6.92747 8.97792 6.88566 6.60571 7.66969 6.38945 7.09705 7.60686 7.15384 6.26684 7.9111 9.58151 6.55679 13.1874 6.4 6.21814 6.89555 9.04546 8.25557 7.27468 6.63438 6.17254 6.73092 7.07259 8.61746 8.54911 9.20821 6.03529 5.85281 5.84841 3.87327 3.77143 3.61048 3.32873 3.16052 2.996
threshold=14004.900000000003 13797.950000000003 33233.03229166667 9.0750000000000011 3868.2550000000006 80.750000000000014 805.85000000000014 40705.05000000001 15021.750000000002 26.675000000000004 17254.300000000003 27943.820406250004 24.675000000000004 2.0805000066757207 9.9250000000000025 3942.4652196661596 0.6830127018922193 37755.350000000006 19692.900000000005 28533.500000000004 85.750000000000014 5.4750000000000005 90.750000000000014 2.6085000038146977 29131.310069444447 3.9344999790191655 33090.600000000013 3208.8296809130902 591.50000000000011 1409.6000000000001 42936.750000000007 5.0250000000000012 4348.2222351021101 39663.100000000006 25950.500000000004 3498.2045000000003 36612.969097222231 2.5340000391006474 2955.0000000000005 80.250000000000014 5.0750000000000011 17505.150000000005 1044.97014375 9.8250000000000011 34296.55000000001 3.0444999933242802 35453.500000000007 31642.050000000003 1105.4000000000003
decision_type=2 2 2 2 2 2 2 2 2 2 2 2 2 2 2 2 2 2 2 2 2 2 2 2 2 2 2 2 2 2 2 2 2 2 2 2 2 2 2 2 2 2 2 2 2 2 2 2 2
left_child=1 8 3 22 16 -6 -3 13 18 10 12 -12 -10 -4 34 -14 17 -5 -1 21 -21 -20 23 -2 27 48 -27 -25 33 32 45 -32 41 -9 35 36 38 -38 39 -15 -40 44 -24 -23 -30 -31 -16 -7 -26
right_child=2 6 7 4 5 47 -8 28 9 -11 11 -13 15 14 46 -17 -18 -19 19 20 -22 43 42 24 25 26 -28 -29 29 30 31 -33 -34 -35 -36 -37 37 -39 40 -41 -42 -43 -44 -45 -46 -47 -48 -49 -50
leaf_value=2.4078241524418598 -0.017646846906884586 -1.7685823409751644 0.020993877567904953 0.16866681093500252 -0.88808479219290859 -0.71193934495608491 -0.020896027182797709 -0.0085819187033630128 -0.013818748915130992 0.18988840346123595 -1.0984037098151849 0.52533068827345342 0.15148811590711078 -0.013755740375856775 -0.030927795979942854 1.8043452808881053 1.2965544298316127 -0.044678826803278934 -0.0025256993202319223 -3.4222282881873349 0.051432620609269737 -1.8118762996127664 1.194062726223645 0.030992083889236754 0.15022593745667392 0.89260850076980802 -0.71518966292032859 -0.20252984802906496 -0.0026408437454003004 -0.028024868985588064 -1.6891327218737635 0.028812621519625915 2.2098105123425857 -1.134374011074627 -0.17486020554017478 0.12650665499805261 -0.0073817268829010699 0.10910376501838469 -1.4330860331113138 0.35241529162455054 -0.0039789011166173859 0.16622053674780296 0.1007525807517312 -1.745346412335488 -0.90710830594277869 -1.4037663932549802 -0.0010355373649314202 0.020733884387537895 2.0960423483633481
leaf_weight=21 27 25 36 27 33 22 27 20 22 34 38 25 34 24 33 21 20 23 31 24 35 31 29 20 31 37 26 20 22 31 27 38 27 21 20 34 20 31 30 26 38 24 21 32 20 28 32 28 29
leaf_count=21 27 25 36 27 33 22 27 20 22 34 38 25 34 24 33 21 20 23 31 24 35 31 29 20 31 37 26 20 22 31 27 38 27 21 20 34 20 31 30 26 38 24 21 32 20 28 32 28 29
internal_value=0.000152727 -0.00095 0.000605128 0.00180662 -0.000457516 -0.00349398 -0.005 -0.000206186 -0.000344828 0.00114943 0.000142857 -0.00269841 0.00246753 0.000864198 0.000347222 0.00454545 0.00314286 0.0012 -0.00183908 -0.00254902 0.000169492 -0.00425532 0.00325 0.00242105 0.00325153 0.00463415 0.00238095 -0.001 -0.00155039 -0.000875576 -0.00241935 0.000153846 0.0011828 -0.00512195 0.00130045 0.00182266 0.00100592 0.00411765 -0.000338983 0.0028 -0.00264706 -0.000606061 0.0064 -0.00619048 -0.00285714 -0.00525424 -0.00292308 -0.0008 0.007
internal_weight=1375 400 975 393 153 83 52 582 348 174 140 63 77 324 288 55 70 50 174 153 59 94 240 190 163 123 63 40 258 217 124 65 93 41 223 203 169 51 118 50 68 66 50 63 42 59 65 50 60
internal_count=1375 400 975 393 153 83 52 582 348 174 140 63 77 324 288 55 70 50 174 153 59 94 240 190 163 123 63 40 258 217 124 65 93 41 223 203 169 51 118 50 68 66 50 63 42 59 65 50 60
is_linear=0
shrinkage=0.01


Tree=95
num_leaves=56
num_cat=0
split_feature=24 89 41 26 2 46 40 61 83 29 31 31 40 94 89 68 6 89 40 78 6 65 68 83 31 5 26 31 3 40 68 16 90 62 24 86 64 16 62 0 6 97 29 5 13 34 34 60 2 6 24 28 45 29 0
split_gain=12.0247 9.40074 10.4677 11.711 11.3056 8.56337 10.7809 8.47837 8.05675 8.65738 7.85497 7.75928 7.46226 7.0762 8.06534 6.96944 6.72599 7.90739 9.94602 10.1224 8.91835 6.66667 6.55826 7.15274 7.72645 7.04167 6.98413 6.90449 8.18182 6.76174 6.54779 6.54283 9.77868 6.48148 6.00714 5.6194 8.73559 5.36678 5.12804 5.07686 5.04895 5 4.90909 4.9 4.74797 4.74113 4.17371 3.92567 3.6 3.6 2.9697 2.5 2.40903 1.62037 1.6
threshold=8.4750000000000032 817.42220625000016 93.250000000000014 29.250000000000004 3284.2000000000003 105.08499908447267 83.750000000000014 30726.750000000004 2982.1499999999983 93.250000000000014 11.625000000000002 14.375000000000002 165.75000000000003 888085.72371000017 1612.0896187500002 1310.4000000000003 3960.1350000000007 1591.0851937500001 86.250000000000014 438.2365069444445 5836.4700000000003 27784.400000000005 1469.6035000000004 2454.0499999999961 2.7750000000000004 4214.2800000000016 49.750000000000007 7.075000000000002 15378.720500000001 101.25000000000001 1458.4250000000002 7024.7500000000009 2651.0935500000001 1368.2000000000003 11.125000000000002 880.9145000000002 1022.2515000000001 6095.9000000000005 1454.0715000000002 35653.450000000004 4552.21 0.38541666666666669 89.250000000000014 6695.5300000000007 3693.6500000000005 45.250000000000007 101.25000000000001 791.98750000000007 2890.2000000000003 5465.1900000000014 5.5750000000000011 23.375000000000004 23592.500000000004 85.250000000000014 33541.150000000009
decision_type=2 2 2 2 2 2 2 2 2 2 2 2 2 2 2 2 2 2 2 2 2 2 2 2 2 2 2 2 2 2 2 2 2 2 2 2 2 2 2 2 2 2 2 2 2 2 2 2 2 2 2 2 2 2 2
left_child=5 34 8 46 47 10 38 -8 9 16 12 -12 13 14 22 -9 31 18 52 -20 -19 43 23 24 37 33 -25 28 42 -29 -11 32 35 -24 51 36 -3 -1 53 -28 -36 54 50 -21 -27 -13 -4 -5 -22 -43 -26 -2 -18 -7 -23
right_child=1 2 3 4 -6 6 7 15 -10 30 11 45 -14 -15 -16 -17 17 20 19 21 48 41 25 26 27 44 39 29 -30 -31 -32 -33 -34 -35 40 -37 -38 -39 -40 -41 -42 49 -44 -45 -46 -47 -48 -49 -50 -51 -52 -53 -54 -55 -56
leaf_value=-3.3269207478858012 -2.8939961980456754 -3.1346900531966901 -3.0729064726748083 1.8934117665548558 -0.52897728464421379 1.0421876999808699 -0.19684966932782272 2.58115887215311 0.55185905493863441 4.0949966185949345 0.23838684839435234 0.011958989245020979 1.1053728166647745 -1.2461699583318502 -0.39540826645739757 -0.004571754686560737 0.082458934692067457 3.171861513080362 0.14349011310507431 -0.50626023046819812 -0.040328731170626277 -1.5242913319623812 -2.0942104215061481 -0.21443018854871113 0.037190150862642615 -0.35128727238872659 0.074194377051666344 0.81627168279862106 -0.012181116526664308 -0.12440744544278666 0.0030180980935035333 -0.032738259973230023 0.03836580440758753 0.075772455155618368 -1.0478410639104909 -1.8023413860108626 0.06913495169610552 0.30044845003945692 0.048700195943157283 -0.061773157530288197 0.061559621101727018 0.03736041650015097 0.36142881807797794 0.18510227610365312 -0.326504345628846 -0.5086612266728503 -0.019367181917314277 -0.0028554117581686611 0.078679661083100413 -0.025371659390316496 0.71721599548730663 -0.14739519762460648 0.07043306597361812 0.16987004459296118 -0.94225566682632789
leaf_weight=21 20 26 35 21 20 21 22 39 22 22 37 20 28 26 26 31 23 21 22 20 20 20 21 32 33 25 22 23 22 25 26 28 23 27 33 24 36 20 23 23 39 20 22 20 23 22 22 20 20 20 33 20 24 27 20
leaf_count=21 20 26 35 21 20 21 22 39 22 22 37 20 28 26 26 31 23 21 22 20 20 20 21 32 33 25 22 23 22 25 26 28 23 27 33 24 36 20 23 23 39 20 22 20 23 22 22 20 20 20 33 20 24 27 20
internal_value=0.00019551 -0.000742358 -0.000226087 -0.00288136 0.000163934 0.00112392 0.00312883 0.000869565 0.000459519 0.00016092 0.000508475 0.00341772 0 -0.000330189 0 0.00257143 -0.000335917 0.00064 -0.00037037 -0.00169014 0.00377049 -0.00283333 0.000376344 0.00115942 0.0021608 -0.001875 -0.00142857 0.00316456 0.00454545 0 0.00416667 -0.00211679 -0.00100917 0.000833333 -0.00339286 -0.00255814 -0.000967742 -0.00170732 0.00605634 0.00111111 -0.00166667 -0.0045 0.00590909 0.0005 -0.00458333 0.00047619 -0.00614035 0.00317073 0.001 -0.002 0.00727273 -0.0065 0.00361702 0.00791667 -0.007
internal_weight=1381 687 575 118 61 694 163 92 457 435 531 79 452 424 398 70 387 250 189 142 61 120 372 276 199 96 77 158 110 48 48 137 109 48 112 86 62 41 71 45 72 80 88 40 48 42 57 41 40 40 66 40 47 48 40
internal_count=1381 687 575 118 61 694 163 92 457 435 531 79 452 424 398 70 387 250 189 142 61 120 372 276 199 96 77 158 110 48 48 137 109 48 112 86 62 41 71 45 72 80 88 40 48 42 57 41 40 40 66 40 47 48 40
is_linear=0
shrinkage=0.01


Tree=96
num_leaves=53
num_cat=0
split_feature=27 24 60 66 77 20 77 78 78 27 66 73 3 43 39 43 84 39 0 61 11 83 17 84 61 24 100 39 21 21 78 16 16 24 24 29 29 46 90 2 56 11 7 39 17 61 32 78 34 14 46 14
split_gain=11.033 10.8366 7.45984 12.4043 9.34898 8.41829 9.38363 8.29594 8.77519 7.86832 7.00035 12.0714 9.97266 6.99073 12.8869 9.7854 8.02344 9.88879 7.88239 8.9299 8.08401 7.66089 9.49636 6.82933 6.61336 6.52692 8.65284 8.11189 10.9582 9.25605 6.29083 6.19375 10.3881 6.16788 5.94268 5.88235 5.86011 6.29066 5.8084 4.66667 4.49527 4.36987 4.34858 4.21326 3.86551 3.77622 3.3986 3.29385 2.93751 2.70941 1.59489 0.549072
threshold=17.750000000000004 6.2750000000000012 1386.2 1776.5000000000002 3042.5567404439121 1687.2500000000002 4335.4415728455397 973.21448263888885 1211.9456805555558 34.750000000000007 1.0410000000000001 657.50650000000007 15470.400000000003 74.270000457763686 171.75000000000003 66.754997253417983 349.60527083333335 117.25000000000001 33508.700000000004 31222.800000000003 39510.55000000001 1128.0999999999988 29.100000000000005 662.16470833333346 30086.100000000002 6.9250000000000016 0.19791666666666671 219.25000000000003 23.375000000000004 19.325000000000006 519.68573263888902 6250.8000000000011 5788.1500000000005 12.875000000000002 8.4250000000000025 83.750000000000014 88.250000000000014 102.08499908447267 1483.8673500000004 3347.4000000000005 1.0000000180025095e-35 37188.850000000006 1296.4200000000003 165.25000000000003 108.65000000000002 31980.600000000002 224.75000000000003 1039.667902777778 94.250000000000014 21676.450000000004 103.40500259399415 15906.700000000003
decision_type=2 2 2 2 2 2 2 2 2 2 2 2 2 2 2 2 2 2 2 2 2 2 2 2 2 2 2 2 2 2 2 2 2 2 2 2 2 2 2 2 2 2 2 2 2 2 2 2 2 2 2 2
left_child=1 -1 4 5 10 25 24 13 31 -10 12 -12 46 15 16 -6 -15 -18 19 42 34 -17 -23 49 -7 26 43 28 29 -27 -22 32 47 50 -20 -11 37 -5 -30 -8 -19 -31 -16 -4 -29 -39 -2 -9 -21 -24 -3 -26
right_child=2 33 3 36 7 6 39 8 9 35 11 -13 -14 14 18 21 17 40 20 48 30 22 23 -25 51 27 -28 44 38 41 -32 -33 -34 -35 -36 -37 -38 45 -40 -41 -42 -43 -44 -45 -46 -47 -48 -49 -50 -51 -52 -53
leaf_value=0.98554220434406659 0.036818249354016189 -1.5790161951476449 0.44739148106657595 -0.032012129485248418 0.059472093279246525 0.2300279458460863 -0.053197797605417992 -0.70677549753367308 -1.4110496377905191 -0.066007320797032226 -0.16055998992798926 0.079967364559347762 -0.052379265478626882 -0.0061323272372106928 0.45330131312681482 0.020509448492934287 0.0061977676673563142 4.5380059645125854 0.0028079033207603211 -0.26510124706437177 -0.021218649744727008 -1.1102656705529992 -7.1175452954668543 0.044069957048097609 0.44361299571516727 -0.34994138868076957 -0.03938862991909698 3.1401428979495587 -0.0020749912406075465 0.010768597265489604 0.012950260977648549 -2.3988510417940647 1.8967294461525626 -0.64212347406216552 0.032266904037018679 0.098903735371753912 -0.049746872876372576 0.055558783961379206 -0.15307236313241906 0.039505632427491492 1.1762869947144685 2.0774852772644672 -5.3101536991108889 0.46693737992330148 0.61019973949193962 0.0047569758584149868 0.087765492943548018 -3.0607623551055569 -0.011334892075774929 -0.011655811589510276 -0.095417712890721568 1.6475297404786546
leaf_weight=21 27 22 26 28 39 24 21 23 21 34 28 28 20 39 23 23 29 39 23 37 31 27 21 23 29 24 23 21 21 20 20 30 21 27 29 34 34 22 30 21 23 23 21 29 20 30 39 29 20 20 21 23
leaf_count=21 27 22 26 28 39 24 21 23 21 34 28 28 20 39 23 23 29 39 23 37 31 27 21 23 29 24 23 21 21 20 20 30 21 27 29 34 34 22 30 21 23 23 21 29 20 30 39 29 20 20 21 23
internal_value=0.000398262 -0.00296703 0.000635659 0.00164179 6.09013e-05 0.00256338 0.00474576 -0.000427099 -0.0021875 0.00011236 0.00239437 -0.000357143 0.00418605 0.00026694 0.00107784 -0.00150327 0.00353846 0.00516484 -0.000490196 -0.00247525 0.00145631 -0.00298246 -0.00428571 -0.0021875 0.00684211 0.00147679 0.00384615 0.000314465 -0.00101695 0.00164179 -0.00137255 -0.00417476 -0.00260274 -0.00485714 0.00423077 0.00176471 -0.00122807 0.00025 -0.0045098 0.000952381 0.00741935 0.0044186 0.000909091 0.006 0.00414634 0.00230769 0.00606061 -0.005 -0.00508772 -0.00463415 -0.0072093 0.00884615
internal_weight=1381 91 1290 469 821 355 118 679 192 89 142 56 86 487 334 153 130 91 204 101 103 114 91 64 76 237 78 159 118 67 51 103 73 70 52 68 114 80 51 42 62 43 44 55 41 52 66 52 57 41 43 52
internal_count=1381 91 1290 469 821 355 118 679 192 89 142 56 86 487 334 153 130 91 204 101 103 114 91 64 76 237 78 159 118 67 51 103 73 70 52 68 114 80 51 42 62 43 44 55 41 52 66 52 57 41 43 52
is_linear=0
shrinkage=0.01


Tree=97
num_leaves=55
num_cat=0
split_feature=79 24 2 46 79 35 6 80 71 68 74 2 43 65 71 90 43 85 16 34 5 91 2 34 34 5 1 11 81 11 94 100 87 2 71 93 93 35 98 37 8 65 81 46 39 30 80 65 24 68 90 37 2 17
split_gain=8.81405 8.82954 10.5765 7.85833 6.71087 6.39054 11.4711 8.6026 7.40888 13.3975 8.75744 8.45914 7.62546 8.39099 9.24255 7.97899 7.25954 6.68681 11.222 8.42995 9.51859 6.88634 6.83067 8.33682 8.1 7.6758 6.00918 6.68231 6.31579 6.00282 8.60827 6.50328 6.29109 5.83339 5.73913 5.71455 6.17836 5.7037 5.59674 5.48571 5.12512 5.08093 4.82385 7.94821 4.66667 4.64555 4.55111 4.45404 4.20066 10.3589 4.02042 3.52966 3.3 1.77778
threshold=748.89132082030949 4.2250000000000005 3904.8500000000004 104.11500167846681 627.11193553696 27.325000000000006 2690.7200000000007 30584.711805555562 1068.5770000000002 1467.0000000000002 815.96431250000012 3200.6645000000003 66.510002136230483 26887.900000000005 1219.5440000000001 1173.4348500000003 82.74499893188478 1691.3000000000002 5471.3000000000011 75.250000000000014 14023.970000000001 26199.992756250005 2527.1000000000004 90.750000000000014 97.250000000000014 8620.9600000000009 16347.600000000002 38382.350000000006 4110.8901660236261 37932.850000000006 634279.9454537502 0.038194444444444454 0.052083333333333336 3073.4770000000003 645.71500000000003 417.94876244665727 404.38928571428579 25.625000000000004 0.059027777777777783 53.750000000000007 421.42618421052634 28985.300000000003 3849.1576979230031 101.53000259399415 225.75000000000003 81.750000000000014 32482.772222222226 24254.700000000001 7.4750000000000005 851.55000000000007 1496.2846500000003 49.250000000000007 3110.1500000000005 32.850000000000009
decision_type=2 2 2 2 2 2 2 2 2 2 2 2 2 2 2 2 2 2 2 2 2 2 2 2 2 2 2 2 2 2 2 2 2 2 2 2 2 2 2 2 2 2 2 2 2 2 2 2 2 2 2 2 2 2
left_child=1 3 5 4 34 6 16 -7 9 17 -11 40 -10 37 46 41 -3 19 -19 21 22 47 24 33 -21 -25 28 -28 42 30 31 -17 -31 -24 52 36 -23 -14 -27 -36 53 -16 43 -9 -44 -29 -15 -8 -38 -50 -5 -30 -1 -12
right_child=-2 2 -4 50 -6 7 8 26 12 10 11 -13 13 14 15 29 -18 18 -20 20 -22 35 23 25 -26 38 27 45 51 32 -32 -33 -34 -35 39 -37 48 -39 -40 -41 -42 -43 44 -45 -46 -47 -48 -49 49 -51 -52 -53 -54 -55
leaf_value=0.15180855119866674 -0.31617154719722079 -2.1993200974407441 2.3369890680206571 0.80783076119884667 -0.28672518933577168 0.77052806937549512 0.039951210525297494 -0.012607740118571516 -1.2049373288811875 0.019685624582333056 -1.9981513916808364 0.0044805311186888906 0.22287652384504278 0.061359470979434984 0.0021340207740793106 -0.0040285684109314041 0.018667322317517002 -2.1085592320294277 3.2076678594867714 -0.065428184553621899 0.031413239570052695 0.38869177202734007 -0.0022097238465600077 0.27633538900027949 -6.3450079048508767 0.13916663852649802 0.031944234996648488 0.011137993204810298 -0.056138493972479088 -0.028121262155837719 0.026597385286552703 -1.1017079656483666 1.1682140168621444 -0.69970774255833634 0.70446050140235461 1.278751024718294 -0.095706604189589511 1.9972217554859506 -0.051776035431581831 -0.2348474223107769 -0.014118001609681312 0.76447869601382301 -0.031143920456122794 -1.7076721358126146 0.057043341014804856 -0.066373527871539453 0.62336996801396338 2.0607346071470025 0.14892147254474572 -0.48961371516742774 1.4372383540392202 -0.043437491716375599 0.0096643561729834009 -1.8155439652674552
leaf_weight=24 29 39 21 20 20 22 29 31 20 37 25 27 33 20 20 27 20 20 37 20 26 21 31 25 20 26 23 24 21 24 20 29 23 33 20 21 25 21 22 28 24 29 21 22 21 31 25 34 25 26 23 36 20 20
leaf_count=24 29 39 21 20 20 22 29 31 20 37 25 27 33 20 20 27 20 20 37 20 26 21 31 25 20 26 23 24 21 24 20 29 23 33 20 21 25 21 22 28 24 29 21 22 21 31 25 34 25 26 23 36 20 20
internal_value=0.000282404 0.000399408 0.000108605 0.00264516 0.00125 -1.70068e-05 0.000367965 -0.00142857 0.00065896 0 -0.00278195 -0.004375 0.00195876 0.00239852 0.00152074 0.000465116 -0.00389831 0.000839002 0.00403509 0.000364583 -0.00103448 0.0019337 -0.00186441 -0.00080292 -0.0055 0.00150685 -0.002 0.00025641 -0.00315789 -0.000894309 -0.00263158 -0.00464286 0.00191489 -0.0034375 0.0023913 0.000508475 -0.000515464 0.00592593 -0.000833333 0 -0.00623188 0.00387755 -0.00157895 -0.00358491 0.000952381 -0.00163636 0.00555556 0.00460317 -0.00184211 -0.000196078 0.00627907 -0.00578947 0.005 -0.00822222
internal_weight=1381 1352 1197 155 112 1176 924 252 865 574 133 96 291 271 217 172 59 441 57 384 203 181 177 137 40 73 230 78 152 123 76 56 47 64 92 118 97 54 48 48 69 49 95 53 42 55 45 63 76 51 43 57 44 45
internal_count=1381 1352 1197 155 112 1176 924 252 865 574 133 96 291 271 217 172 59 441 57 384 203 181 177 137 40 73 230 78 152 123 76 56 47 64 92 118 97 54 48 48 69 49 95 53 42 55 45 63 76 51 43 57 44 45
is_linear=0
shrinkage=0.01


Tree=98
num_leaves=53
num_cat=0
split_feature=51 24 2 69 90 78 25 60 72 2 1 80 11 1 1 32 82 31 59 3 5 92 42 41 25 80 39 11 26 88 2 31 61 37 3 37 39 41 92 92 42 30 14 26 31 6 36 3 11 17 6 2
split_gain=7.9554 10.7933 6.76528 6.52765 5.82829 6.43939 5.83248 6.76197 11.469 9.85949 9.5296 7.93398 7.63885 13.2996 8.14826 7.43797 8.00942 7.64063 7.3497 7.34235 6.26718 5.98396 7.90197 7.95936 9.19836 6.19048 5.95599 5.91556 6.70635 5.743 5.39661 5.23534 5.14695 4.96231 8.0334 6.94923 8.19456 9.81778 8.00522 10.8964 9.82662 7.30913 6.89713 4.61385 4.22932 8.92857 3.65801 3.42857 3.1025 2.89943 2.36381 0.981818
threshold=1.0000000180025095e-35 3.8250000000000006 3904.8500000000004 30695.900000000005 3520.3045500000007 515.63184722222229 17.750000000000004 1398.6000000000001 1304.0115000000003 3701.4615000000003 13813.450000000003 28111.163888888888 39445.700000000004 15847.500000000002 19168.722000000005 217.25000000000003 209.10000000000005 8.3250000000000011 -0.9330127018922193 15247.050000000001 5301.3750000000009 22814.378075000004 136.80000305175784 79.250000000000014 75.250000000000014 34824.776736111118 166.75000000000003 36618.600000000013 130.25000000000003 3815.7912500000007 3218.5500000000006 6.1750000000000016 35139.200000000004 50.250000000000007 14325.950000000003 67.750000000000014 216.25000000000003 105.25000000000001 27399.635987500009 28701.119893750005 117.57500076293947 99.750000000000014 15290.800000000001 8.7500000000000018 11.325000000000001 3155.6450000000004 87.250000000000014 14095.250000000002 36003.100000000006 141.60000000000005 6191.3650000000007 3118.0000000000005
decision_type=2 2 2 2 2 2 2 2 2 2 2 2 2 2 2 2 2 2 2 2 2 2 2 2 2 2 2 2 2 2 2 2 2 2 2 2 2 2 2 2 2 2 2 2 2 2 2 2 2 2 2 2
left_child=1 3 4 -1 6 -6 20 9 10 12 43 -10 13 18 15 16 17 26 -8 48 47 25 44 24 49 -13 -14 28 -15 -2 46 -5 -29 34 -20 -35 37 38 40 -40 -37 -42 -41 -9 45 -23 -17 -3 -12 -24 -32 -50
right_child=29 2 -4 31 5 -7 7 8 11 -11 19 21 14 27 -16 30 -18 -19 33 -21 -22 22 23 -25 -26 -27 -28 32 -30 -31 50 -33 -34 35 -36 36 -38 -39 39 42 41 -43 -44 -45 -46 -47 -48 -49 51 -51 -52 -53
leaf_value=1.0363714223388047 -2.6772775731316734 0.059858230905945879 1.9606518648670559 0.053513617013122169 -0.00011126301761550009 -0.58190895949493027 -3.5071458939044038 0.66545859272440799 0.42383844864360848 -1.5192355091967431 2.3999777315507025 0.39377223417225082 0.0041556577059883712 -0.015889836955833531 0.18296094669305446 -0.051467836985116103 -2.3737106969201638 -0.031351021001399575 0.38480485430706668 1.0963161131192993 -0.22250457875882543 0.0020585185630485965 0.025209575972630613 0.10872079723685801 -0.013489605848864737 -0.014477142278337849 1.8976530285083235 0.16540174706710312 0.07535536146206602 -9.4708924726781873 -0.068579112823654573 -0.007658714315440688 0.031624792646682005 -0.11958076587935473 -0.01675668799618207 0.0041680093994311794 0.27357203511027672 0.082249395185699861 6.6615117295214832 -1.0624980007377183 -3.5769980705587483 -0.17898463932198869 0.046679367656241373 -0.2741941977317417 0.0001015976612665219 -0.10032539939003651 0.0035265516680334382 -1.65536308948304 3.8279352657880219 -0.0040450321537295409 -2.8696800450165312 2.5288265694169629
leaf_weight=33 29 21 22 38 34 32 29 20 20 21 24 30 37 24 21 20 24 37 31 32 25 20 21 20 25 35 24 26 21 20 22 36 29 39 20 20 29 30 20 33 31 22 24 22 20 36 22 21 24 22 23 20
leaf_count=33 29 21 22 38 34 32 29 20 20 21 24 30 37 24 21 20 24 37 31 32 25 20 21 20 25 35 24 26 21 20 22 36 29 39 20 20 29 30 20 33 31 22 24 22 20 36 22 21 24 22 23 20
internal_value=7.96524e-05 0.000225225 -4.08163e-05 0.00327103 -0.000141313 -0.0030303 2.63852e-05 0.000205607 0.0012532 -0.000397644 0.00352113 -4.01606e-05 -0.000182371 0.000607477 -0.00165217 -0.0022488 -0.000655738 0.000612245 -0.000365854 0.0052 -0.00283582 -0.000567686 -0.00158537 0.000454545 -0.00117647 0.002 0.00278689 0.0038 0.00111111 -0.00387755 -0.00448276 0.00162162 0.006 0.000100334 0.00294118 -0.000483871 0.000239234 -0.000555556 -0.0016 0.000649351 -0.0039726 -0.00622642 -0.00157895 -0.00047619 -0.00394737 -0.00535714 -0.00190476 -0.00047619 0.00705882 0.00162791 -0.00688889 0.00863636
internal_weight=1381 1332 1225 107 1203 66 1137 1070 391 679 142 249 658 428 230 209 122 98 328 100 67 229 164 88 68 65 61 100 45 49 87 74 55 299 51 248 209 180 150 77 73 53 57 42 76 56 42 42 68 43 45 44
internal_count=1381 1332 1225 107 1203 66 1137 1070 391 679 142 249 658 428 230 209 122 98 328 100 67 229 164 88 68 65 61 100 45 49 87 74 55 299 51 248 209 180 150 77 73 53 57 42 76 56 42 42 68 43 45 44
is_linear=0
shrinkage=0.01


Tree=99
num_leaves=54
num_cat=0
split_feature=72 13 5 34 40 11 4 2 24 83 63 28 10 10 46 17 17 100 85 24 68 23 5 17 25 46 71 4 5 31 92 23 98 100 24 44 4 58 13 77 70 81 77 5 5 79 31 24 4 43 69 3 44
split_gain=9.06253 11.5055 12.0317 10.827 10.5489 9.92117 14.2099 8.78255 8.63412 8.28086 7.63475 7.87109 9.96713 9.57274 7.82675 7.46962 8.55657 8.26783 7.46695 7.09159 6.92959 6.76142 6.51135 7.00648 6.43157 8.23894 5.71429 5.32079 8.59219 7.29744 10.3516 7.51189 6.96599 5.12468 5.09749 6.72804 6.4854 5.0827 5.61938 6.23077 4.9641 4.9568 12.213 4.65181 6.47059 5.16182 4.21607 4.12857 3.89423 3.65714 3.01882 1.92358 1.67619
threshold=1301.1500000000003 7808.4000000000005 2539.4650000000006 95.750000000000014 112.75000000000001 33047.000000000007 1895.2800000000002 2709.3500000000004 8.1750000000000025 2763.3500000000026 24682.350000000002 20.825000000000006 32765.000000000004 37937.05000000001 104.08499908447267 188.05000000000004 282.4500000000001 0.61458333333333348 1479.1000000000001 8.5750000000000028 345.10000000000008 35.750000000000007 4052.7650000000008 15.700000000000001 17.750000000000004 90.799999237060561 1047.0500000000002 8310.2700000000023 9866.6500000000015 7.7250000000000005 24587.522081250008 98.750000000000014 0.045138888888888895 0.26736111111111116 6.7250000000000005 3.6505000591278085 3355.1150000000002 -0.24999999999999994 3921.2500000000005 3929.2913865803307 998.8660000000001 3928.8143003910241 3915.9596415701603 3549.7050000000004 6249.1350000000011 293.17814318789078 10.575000000000001 9.0750000000000011 9880.9200000000019 69.604999542236342 35139.200000000004 14068.150000000001 3.0110000371932988
decision_type=2 2 2 2 2 2 2 2 2 2 2 2 2 2 2 2 2 2 2 2 2 2 2 2 2 2 2 2 2 2 2 2 2 2 2 2 2 2 2 2 2 2 2 2 2 2 2 2 2 2 2 2 2
left_child=1 2 4 8 -1 26 -7 -5 34 10 -8 14 19 40 -12 21 17 20 -10 22 -17 -3 -13 -24 -20 -26 -2 -23 33 30 31 -30 -33 -29 35 49 -37 -27 39 -39 -14 -42 -43 -21 45 -45 -47 -44 -35 -4 -6 -25 -36
right_child=5 15 3 7 50 6 9 -9 18 -11 11 12 13 -15 -16 16 -18 -19 24 43 -22 27 23 51 25 37 -28 28 29 -31 -32 32 -34 48 52 36 -38 38 -40 -41 41 42 47 44 -46 46 -48 -49 -50 -51 -52 -53 -54
leaf_value=-1.8532811228260508 -9.0766938196961728 0.066738301506959058 0.18250732627739916 -1.7960027060676611 -0.0099919400002161825 0.087167648634932246 0.017678959037370157 0.023856477368626505 -0.04605934299559894 0.056817872636035889 -1.1762290024479984 0.80500513633477944 -4.617855999735391 0.048401219726937166 -0.0024550031941655759 -0.0076474862986509254 -0.11109760700094853 0.058748723671698637 -0.07301376771530968 -0.37970829947638046 0.29439865993122188 0.019429800617616455 0.25154196944026902 0.0018305699214784187 -0.37160199798370924 0.12673410437689986 -0.015510713034875922 -3.4454546574425815 -0.059384153123947264 -0.50620093150346523 4.1175817146661036 -0.018604739080899414 0.064798054632874857 0.1350038311834165 0.10626244959289771 2.3213227856028902 -0.1271595662691119 2.4322813231122966 2.7806102773893588 0.037346308119521297 -0.083523877443244993 0.013813390713327061 -0.032811700155335848 0.11871276416154362 -0.040229247305407341 -0.029774408824699821 0.0091976818535562388 -0.032685321689168136 -0.91562519510529106 5.3464651513123407 0.018221379637774288 -0.076116518213843687 1.1479559335339813
leaf_weight=26 35 38 20 29 21 20 20 36 26 34 24 23 27 25 22 38 33 31 21 21 25 32 20 20 24 24 35 23 30 27 22 21 28 20 20 20 34 26 25 26 21 24 24 22 20 24 22 21 32 36 20 21 22
leaf_count=26 35 38 20 29 21 20 20 36 26 34 24 23 27 25 22 38 33 31 21 21 25 32 20 20 24 24 35 23 30 27 22 21 28 20 20 20 34 26 25 26 21 24 24 22 20 24 22 21 32 36 20 21 22
internal_value=0.00025344 0.00088785 0.00197368 0.00264781 -0.0019403 -0.000780952 -0.000241758 -0.00107692 0.00339506 -0.00062069 -0.00102244 -0.00133858 -0.00080597 -0.0028169 -0.00521739 -0.00035 0.00165354 0.00319149 0.00186047 0.000673575 0.00111111 -0.00128205 0.00285714 0.00114754 0.00273973 0.0036 -0.00428571 -0.00191489 -0.00251232 -0.0009375 0.00029703 -0.00139241 0.00102041 -0.0052 0.00513158 0.004 0.00148148 0.00485149 0.0061039 0.00423077 -0.00401709 -0.00288889 -0.0015942 -0.00100917 0 0.00147059 -0.000434783 -0.00466667 -0.00346154 0.00642857 0.00121951 -0.00121951 0.00809524
internal_weight=1381 856 456 389 67 525 455 65 324 435 401 381 335 142 46 400 127 94 172 193 63 273 84 61 146 125 70 235 203 128 101 79 49 75 152 110 54 101 77 52 117 90 69 109 88 68 46 45 52 56 41 41 42
internal_count=1381 856 456 389 67 525 455 65 324 435 401 381 335 142 46 400 127 94 172 193 63 273 84 61 146 125 70 235 203 128 101 79 49 75 152 110 54 101 77 52 117 90 69 109 88 68 46 45 52 56 41 41 42
is_linear=0
shrinkage=0.01


Tree=100
num_leaves=55
num_cat=0
split_feature=65 69 0 4 34 37 41 27 2 90 30 44 7 88 14 24 83 31 87 69 21 21 83 83 70 60 69 97 34 24 81 30 10 84 88 21 90 56 27 13 19 69 34 36 88 14 21 40 31 75 30 24 70 37
split_gain=9.3258 7.25357 8.5823 9.41191 6.33571 6.14223 9.32817 6.75439 6.50869 13.8355 6.26009 7.08307 6.20762 5.92969 7.24736 5.73019 4.90532 5.74639 15.931 7.17391 5.45887 8.40722 6.83656 7.44743 6.33316 11.297 10.8224 8.72963 8.51053 6.16901 6.43228 7.0362 10.0119 6.2007 9.90857 5.87061 5.107 4.9546 4.74725 4.66667 4.44046 7.08376 4.28094 4.1834 4.0536 4.04739 3.85305 4.04193 4.54254 3.84886 3.66748 3.18744 2.82609 2.5
threshold=34098.150000000009 25439.250000000004 26720.950000000004 9915.6000000000022 83.750000000000014 11.250000000000002 48.250000000000007 18.750000000000004 3520.8110000000001 1694.9614500000005 14.750000000000002 3.0360000133514409 20.825000000000003 5730.0437500000007 12527.400000000001 6.9250000000000016 3116.7000000000012 14.125000000000002 0.38541666666666669 32530.500000000004 16.025000000000002 17.375000000000004 2272.200000000003 2148.8500000000008 1113.2955000000002 1.1920000000000004 31308.400000000005 0.90625000000000011 87.750000000000014 3.8750000000000004 3819.749954330734 99.750000000000014 32496.050000000007 366.70290625000013 6120.4277083333336 25.625000000000004 1570.7884500000005 1.0000000180025095e-35 85.250000000000014 3333.1000000000004 841.6500000000002 36564.750000000007 96.250000000000014 83.250000000000014 8112.9414583333346 16592.500000000004 14.125000000000002 108.25000000000001 6.4250000000000016 500.01900851513028 79.750000000000014 9.0750000000000011 1601.7 84.250000000000014
decision_type=2 2 2 2 2 2 2 2 2 2 2 2 2 2 2 2 2 2 2 2 2 2 2 2 2 2 2 2 2 2 2 2 2 2 2 2 2 2 2 2 2 2 2 2 2 2 2 2 2 2 2 2 2 2
left_child=1 46 3 13 50 12 7 -7 10 53 11 -8 -4 14 -3 -9 17 20 19 52 39 -22 23 24 25 28 -27 37 44 -24 36 33 -33 -32 -35 -25 -31 43 -36 -12 -6 -42 -28 -26 -23 -39 -1 48 -48 -30 -2 -46 -19 -10
right_child=4 2 5 -5 40 6 8 15 9 -11 16 -13 -14 -15 -16 -17 -18 18 -20 -21 21 22 29 35 27 26 42 -29 49 30 31 32 -34 34 38 -37 -38 45 -40 -41 41 -43 -44 -45 51 -47 47 -49 -50 -51 -52 -53 -54 -55
leaf_value=2.341468680450288 -0.79028908889114891 -4.6523960650972489 1.5585773037143187 0.080276401012549403 -0.67771260804696165 -0.092209856243501725 0.0073832267922198068 -1.6919923361046352 0.039054286528655967 -0.013157699752848367 0.03160814339184901 2.1683273534572551 0.039423215532708653 -3.7121522694626545 0.051680843176855895 0.12034592106924524 0.10136813183054251 0.0012086665778198891 -3.2732563531320755 -1.0756973603850986 -0.14003869592127813 0.020298402845957079 0.027773021150466707 0.039166203531587555 0.051209597233538628 0.009335860186221177 -0.0226466060586085 -0.030173682014779969 0.031126330923837445 -0.37591121648161668 -0.030223614129604996 0.0035932433848828984 -3.4709634588953504 0.042976408296408426 -0.047818569086053503 2.8157988254217998 -0.045640232348066599 0.94740153626362056 0.088666302028857655 0.083159183581006602 -0.052380092516623636 0.07070113669513424 -3.8174358681689604 2.4796557002033528 -0.00023751076876164567 -0.022792515924452309 -0.26720164952187636 5.5192186447977445 1.848336143322139 3.3554984352651953 -0.16116485562040495 -0.097278824810278414 0.01986524103170308 1.2532011100541416
leaf_weight=20 32 34 31 22 27 33 34 21 20 34 21 25 24 37 26 25 38 26 21 20 29 29 25 27 21 35 26 23 23 23 20 21 27 21 28 20 24 21 26 21 21 23 20 32 26 20 28 20 33 21 36 21 20 20
leaf_count=20 32 34 31 22 27 33 34 21 20 34 21 25 24 37 26 25 38 26 21 20 29 29 25 27 21 35 26 23 23 23 20 21 27 21 28 20 24 21 26 21 21 23 20 32 26 20 28 20 33 21 36 21 20 20
internal_value=0.000228245 0.000498812 0.000275387 -0.00226891 -0.00223022 0.000565676 0.000384615 -0.00291139 0.000671067 0.00351351 0.000419162 0.00355932 0.00381818 -0.00360825 -0.00166667 -0.000434783 0.000180412 0 -0.00241379 0 0.000322581 8.21018e-05 0.000344828 0.00117808 0.000628931 -0.000447761 -0.00333333 0.00247863 0.0015 -0.00106977 -0.00168421 -0.000629371 -0.00375 0.000947368 0.00226667 0.00489362 -0.00489362 0.00382979 0 0.00380952 -0.000140845 0.00181818 -0.00652174 0.00584906 -0.000526316 0.00121951 0.00306931 0.00209877 0.000819672 0.005 -0.00441176 -0.00234043 0.00217391 0.0075
internal_weight=1402 1263 1162 119 139 1043 988 79 909 74 835 59 55 97 60 46 776 738 87 66 651 609 580 365 318 201 81 117 120 215 190 143 48 95 75 47 47 94 54 42 71 44 46 53 76 41 101 81 61 44 68 47 46 40
internal_count=1402 1263 1162 119 139 1043 988 79 909 74 835 59 55 97 60 46 776 738 87 66 651 609 580 365 318 201 81 117 120 215 190 143 48 95 75 47 47 94 54 42 71 44 46 53 76 41 101 81 61 44 68 47 46 40
is_linear=0
shrinkage=0.01


Tree=101
num_leaves=55
num_cat=0
split_feature=51 37 93 37 40 43 38 72 43 62 94 85 4 93 81 16 31 87 76 38 38 43 38 35 76 31 81 93 93 89 81 64 62 98 35 28 83 38 72 33 33 13 38 4 40 16 42 78 4 84 38 31 20 94
split_gain=10.7994 6.73323 7.04981 5.97252 7.5371 6.53591 6.78163 6.4445 5.9685 6.12127 8.00458 7.49003 5.94657 5.83358 5.56068 10.993 6.76571 10.7262 10.078 5.81497 11.981 8.459 8.85482 7.71429 7.01624 7.09742 8.24342 6.99476 7.07755 6.77691 5.94701 5.37568 5.30963 5.71667 5.23272 6.37964 6.21629 4.59494 8.1352 6.07724 6.47589 5.91836 4.48959 4.48051 7.93483 4.2964 4.19809 6.36246 9.66494 5.26753 4.12857 3.7855 3.09658 3.17795
threshold=1.0000000180025095e-35 11.250000000000002 415.56486842105267 39.750000000000007 164.25000000000003 74.844997406005874 13.15 0.94650000000000001 73.639999389648452 1073.7945000000002 641868.56890937511 1105.1850000000002 3234.8100000000004 411.066052631579 4672.9772922324728 6401.3500000000013 14.125000000000002 0.36458333333333343 31835.631250000002 2.7750000000000004 3.5250000000000004 86.155002593994155 13.15 26.225000000000005 39258.948958333342 11.425000000000002 4328.9432126272104 412.30131578947368 399.09708333333339 824.42368124999996 4522.8660128004112 1503.4500000000003 1378.4500000000003 0.46180555555555564 27.075000000000006 22.075000000000006 2126.4999999999986 7.3250000000000011 896.37400000000014 170.25000000000003 92.250000000000014 7685.2500000000009 6.4750000000000005 3201.5700000000006 138.75000000000003 5531.3000000000002 269.62500000000006 1154.8894722222224 8949.6150000000016 1356.1047708333335 8.7750000000000021 6.5250000000000012 1373.95 649002.88838250027
decision_type=2 2 2 2 2 2 2 2 2 2 2 2 2 2 2 2 2 2 2 2 2 2 2 2 2 2 2 2 2 2 2 2 2 2 2 2 2 2 2 2 2 2 2 2 2 2 2 2 2 2 2 2 2 2
left_child=1 2 12 4 7 6 8 -3 9 11 32 -5 -1 -2 16 -16 19 18 31 23 -21 24 29 -7 25 26 27 28 -22 -23 -28 -18 -11 -34 35 -29 -37 38 39 40 -13 50 -10 -9 45 -45 52 48 -48 -49 -39 -30 53 -31
right_child=13 3 -4 5 -6 14 -8 43 42 10 -12 37 -14 -15 15 -17 17 -19 -20 20 21 22 -24 -25 -26 -27 30 34 51 46 -32 -33 33 -35 -36 36 -38 41 -40 -41 -42 -43 -44 44 -46 -47 47 49 -50 -51 -52 -53 -54 -55
leaf_value=2.4955143321354689 -0.49977559713368563 -0.026561532027440809 -0.00055792280665190031 0.040738436703170927 0.052471448930752701 1.0321012872212187 0.10754722583698698 -0.069053173717947003 -0.27256112217657963 -0.17318590156668273 2.7530306406760521 -0.069126958790222418 0.62614496681212117 -10.356218422742236 0.87338590225175039 -0.010018079500974471 -0.0053763052410699006 -3.8166276273717639 -2.293038082228525 -0.12583285298462438 -0.63200614668339161 -0.022497854761147781 -0.035117101191221738 0.0099116726366934183 0.019611076345075952 0.053178516483842586 0.37314021088936827 -0.32390088116053739 0.025074499999070882 0.017253234437397451 -0.05556963518617572 0.032053688371160065 0.99904129831498178 -0.005026148832745523 -0.079254872779393137 0.17731572640513713 -0.017428866164248383 0.065530319517240254 -1.7858366835843993 -1.6757035685294688 0.061638256230815716 -0.20334141116118495 -1.8118451465886605 1.1343012673669537 -0.071413230482401599 -0.00053609017592229694 -0.35009108047929555 3.2780030603663399 0.093050850592390155 0.94979495087341737 -0.55595334190206025 1.1113360688091702 0.40651579837367807 0.053539551660470329
leaf_weight=20 22 23 29 34 20 21 30 38 28 25 21 23 21 35 34 23 21 27 21 37 21 20 21 21 28 36 38 20 29 29 20 23 28 20 32 34 27 21 37 23 22 29 23 20 20 21 20 22 35 20 24 20 22 23
leaf_count=20 22 23 29 34 20 21 30 38 28 25 21 23 21 35 34 23 21 27 21 37 21 20 21 21 28 36 38 20 29 29 20 23 28 20 32 34 27 21 37 23 22 29 23 20 20 21 20 22 35 20 24 20 22 23
internal_value=0.000228245 0.000408922 0.00342857 0.000243137 -0.00169014 0.000485437 -0.00056701 -0.00262295 -0.000949721 -0.000423453 0.00170213 -0.0013615 0.00609756 -0.00403509 0.00103356 0.00403509 0.000784884 -0.00173913 0.000461538 0.0011745 0.000902527 0.00129594 0.00283019 0.0047619 0.000229508 -0.000252708 -0.000871369 -0.00191257 0.000571429 0.00350785 0.00241379 0.00318182 0.000136986 0.00208333 -0.00345133 -0.00209877 -0.000491803 -0.00217877 -0.00352381 -0.00147059 0.000666667 -0.00027027 -0.00411765 -0.00151515 0.000163934 0.00268293 0.00415205 0.00278351 0.000545455 0.00571429 0.002 0.00265306 0.00594595 0.00461538
internal_weight=1402 1345 70 1275 142 1133 388 122 358 307 94 213 41 57 745 57 688 92 65 596 554 517 212 42 305 277 241 183 70 191 58 44 73 48 113 81 61 179 105 68 45 74 51 99 61 41 171 97 55 42 45 49 74 52
internal_count=1402 1345 70 1275 142 1133 388 122 358 307 94 213 41 57 745 57 688 92 65 596 554 517 212 42 305 277 241 183 70 191 58 44 73 48 113 81 61 179 105 68 45 74 51 99 61 41 171 97 55 42 45 49 74 52
is_linear=0
shrinkage=0.01


Tree=102
num_leaves=53
num_cat=0
split_feature=63 33 68 56 42 62 62 66 79 2 23 44 4 23 7 63 31 19 42 11 6 84 79 31 68 35 100 77 63 0 23 13 75 7 68 6 25 33 22 31 13 38 31 11 38 22 4 27 20 2 22 22
split_gain=9.03658 10.8588 8.40897 8.80751 10.0042 8.88278 12.6884 10.7817 9.43478 7.89935 7.65143 11.0383 7.63269 6.66133 9.32806 6.09329 10.6812 6.555 5.84491 4.99496 6.71253 13.9464 10.8201 9.07875 8.00833 7.53305 14.3364 7.93721 9.56098 10.7375 7.08531 11.1797 6.53178 6.03 5.65402 5.97349 5.34689 5.36156 5.2871 4.79202 5.44813 4.72896 4.65585 5.63003 4.90275 4.49766 3.71212 3.66358 3.36825 2.66189 1.67828 1.63902
threshold=35690.600000000013 130.25000000000003 1490.2360000000001 0.87837969732492682 127.82500076293947 1.0070000000000003 1364.7395000000001 1682.5500000000002 501.88893522612142 3267.4500000000003 52.750000000000007 2.7055000066757207 9350.2900000000027 78.250000000000014 1549.2050000000002 27940.100000000002 9.5250000000000021 265.50000000000006 206.50000000000003 34307.900000000009 3515.7950000000005 1275.3589687500003 642.45243445930748 7.4250000000000007 1.0895000000000004 26.075000000000006 0.26041666666666669 4173.3842917748489 31581.750000000004 32955.400000000009 98.750000000000014 9566.1500000000015 507.06324224148642 26.305000000000003 1022.0265000000001 4849.2100000000009 189.25000000000003 132.25000000000003 89.750000000000014 13.525000000000002 1932.8000000000002 5.6750000000000016 5.4750000000000005 37649.000000000007 6.325000000000002 87.750000000000014 13006.845000000003 55.250000000000007 1388.7500000000002 2479.2000000000003 88.750000000000014 88.750000000000014
decision_type=2 2 2 2 2 2 2 2 2 2 2 2 2 2 2 2 2 2 2 2 2 2 2 2 2 2 2 2 2 2 2 2 2 2 2 2 2 2 2 2 2 2 2 2 2 2 2 2 2 2 2 2
left_child=2 -2 13 5 -5 12 9 8 18 10 -7 -12 -4 14 15 17 42 -1 48 34 22 23 24 25 -21 32 -27 28 29 -28 -25 -32 -22 51 35 -15 37 -37 -26 40 -9 -36 43 -17 -44 -6 -16 -10 -8 -13 -30 -23
right_child=1 -3 3 4 45 6 7 39 47 -11 11 49 -14 19 46 16 -18 -19 -20 20 21 33 -24 30 38 26 27 -29 50 -31 31 -33 -34 -35 41 36 -38 -39 -40 -41 -42 -43 44 -45 -46 -47 -48 -49 -50 -51 -52 -53
leaf_value=0.0067731083525479213 0.038126222811072953 -0.73540665696817775 0.14189186974336523 -0.33356668921030591 0.018369856801933152 0.012788876175084616 0.099129922053388525 -0.075408952505683136 -0.01606436248677871 0.033687448944216554 0.040283192514120256 -3.7397398654823655 -4.1970259621207582 2.4714986971380282 -0.98053885086846526 -0.051801092254207842 -0.010005919163900734 3.2439108707380053 0.011954090517871973 -0.060106573319904717 1.0478561023036475 3.0671594733867735 0.020387268955288685 -1.0289007762937508 -0.02386926678844703 -4.5728994809345025 2.7951683078927609 -0.098148858815802098 0.017538850434890466 -0.018720604068678523 -2.9116058497577257 0.037784601604880182 0.964220403894122 0.90128798040837999 -2.8318199572731988 4.5032108110565075e-05 0.03864638537006268 -0.24164767075462973 0.16525922625020151 0.010036853420719343 -0.0071584913843496635 -0.33779745552309026 0.06962233883396006 0.6343149573421113 4.4901682803574321 -0.015225410832491987 0.018925046490090643 0.0077867320485383454 0.99050914451692296 -1.9818123158872505 0.082851665174608582 1.3554643449295387
leaf_weight=22 27 32 32 38 26 22 26 23 29 23 21 20 20 23 20 33 39 34 36 32 34 21 23 21 25 26 21 27 20 20 33 32 24 34 22 31 21 28 23 24 31 32 22 38 25 20 24 21 21 39 21 20
leaf_count=22 27 32 32 38 26 22 26 23 29 23 21 20 20 23 20 33 39 34 36 32 34 21 23 21 25 26 21 27 20 20 33 32 24 34 22 31 21 28 23 24 31 32 22 38 25 20 24 21 21 39 21 20
internal_value=0.000271041 -0.00355932 0.000439315 -0.000635593 -0.00357143 0 -0.000595238 0.000900474 0.00263158 -0.00312 -0.00431373 -0.00575 0.00384615 0.00102181 0.00237354 0.00323944 0.0022293 0.00607143 0.0046988 0.000456026 0.000984683 0.00163842 -0.00126214 0.000609319 -0.003 0.00181347 0.000518519 0.00211009 0.00365854 0.000243902 -0.00209302 -0.000461538 0.00482759 0.00546667 -0.0010828 0.000291262 -0.001 -0.00254237 -0.000416667 -0.00205128 -0.0037037 -0.0037037 0.00372881 0.00211268 0.00617021 -0.000434783 -0.00181818 -0.0008 0.00702128 -0.0079661 0.00707317 0.00804878
internal_weight=1402 59 1343 472 84 388 336 211 133 125 102 80 52 871 257 213 157 56 83 614 457 354 103 279 80 193 135 109 82 41 86 65 58 75 157 103 80 59 48 78 54 54 118 71 47 46 44 50 47 59 41 41
internal_count=1402 59 1343 472 84 388 336 211 133 125 102 80 52 871 257 213 157 56 83 614 457 354 103 279 80 193 135 109 82 41 86 65 58 75 157 103 80 59 48 78 54 54 118 71 47 46 44 50 47 59 41 41
is_linear=0
shrinkage=0.01


Tree=103
num_leaves=52
num_cat=0
split_feature=51 37 25 64 29 10 32 93 2 27 22 37 2 27 6 22 32 25 27 28 39 75 56 25 20 39 83 2 77 42 22 26 20 20 94 94 83 94 32 31 31 72 98 69 67 32 32 2 27 30 11
split_gain=11.1638 7.70882 9.72631 7.2861 9.12966 7.1865 10.0278 5.83358 5.81008 11.8667 8.11688 7.66817 7.67268 12.5408 11.4195 11.1322 9.40626 8.38975 8.07093 8.42075 7.95455 7.3066 11.6678 9.85955 8.29885 7.34743 7.18091 7.13751 6.96599 6.95046 6.66402 7.26536 6.8188 6.22222 5.83827 5.5623 8.8966 8.02098 6.55994 5.26753 4.78962 4.16 4.06255 6.1824 3.6 3.51971 5.36108 3.42189 2.92196 2.78327 2.70941
threshold=1.0000000180025095e-35 11.250000000000002 18.750000000000004 1327.3960000000002 91.250000000000014 26995.500000000004 143.75000000000003 411.066052631579 2372.3000000000006 43.750000000000007 89.250000000000014 43.250000000000007 2995.9500000000003 34.250000000000007 4883.2500000000009 86.250000000000014 121.25000000000001 51.250000000000007 53.750000000000007 25.475000000000005 158.25000000000003 340.54833860055095 0.6078576107927941 160.25000000000003 986.00000000000011 212.75000000000003 2154.2500000000023 2904.4345000000008 3617.1651441637864 118.92499923706056 88.750000000000014 38.750000000000007 837.55000000000007 943.40000000000009 659893.5337181252 616244.25311531266 2259.1000000000008 830781.92044437525 268.25000000000006 8.4250000000000025 14.375000000000002 0.92650000000000021 0.44791666666666669 32182.600000000002 36669.30000000001 153.25000000000003 253.25000000000003 2764.4500000000003 31.750000000000004 99.250000000000014 38059.500000000007
decision_type=2 2 2 2 2 2 2 2 2 2 2 2 2 2 2 2 2 2 2 2 2 2 2 2 2 2 2 2 2 2 2 2 2 2 2 2 2 2 2 2 2 2 2 2 2 2 2 2 2 2 2
left_child=1 42 3 -3 -5 6 48 -2 9 -7 33 30 14 15 16 -14 50 -15 -19 -20 28 25 23 34 -24 -22 29 35 -21 -18 31 -10 -32 39 -23 36 -16 38 40 -11 45 44 43 -1 -25 -37 47 -47 -4 -29 -13
right_child=7 2 5 4 -6 8 -8 -9 11 10 -12 12 13 17 27 -17 26 18 19 20 21 22 24 41 -26 -27 -28 49 -30 -31 32 -33 -34 -35 -36 37 -38 -39 -40 -41 -42 -43 -44 -45 -46 46 -48 -49 -50 -51 -52
leaf_value=1.7554123512864692 -0.51208788037062347 0.031479932322150302 1.5804892062816833 -1.775788274155508 -0.0087699846748721527 -3.5372776707532037 -0.029621289114937489 -10.249320571622711 -0.015903718861910922 0.0098768966895089235 -3.4103494279065321 -0.017868287700481485 -0.030272369652363133 -1.6348473792671538 0.1404729510459316 0.13410574024353844 -1.8422419999051789 0.33790748450592589 -0.86649292795423383 0.018851758772455422 -0.2795277563065322 -0.016347132918510816 1.4215279242538619 0.0093184633091686724 -2.9674813398348041 0.00094268198676793408 0.15708936751331462 0.051564027998963667 -2.9260086188767596 0.013355412710972785 -0.0028080228828833275 1.2632645114952705 -0.024591950567293647 -0.044516211742607038 0.042364104034200739 0.18452756773942577 -0.014699917182670257 -0.026796229913399094 -0.03279981657084121 0.78263372462416814 0.0087251509468990757 3.9917870671606055 2.1932633486671183 -0.017040941550149454 0.034106444514269633 0.01226144589911295 2.6697426010759329 1.0047637499928694 0.027600728581394795 1.6353293817709271 -0.97607806073333792
leaf_weight=26 22 28 21 34 30 26 24 35 31 22 36 20 30 32 38 39 21 25 26 21 27 32 25 20 29 38 24 24 28 33 25 30 31 21 21 36 33 29 29 20 24 25 22 22 20 36 20 21 27 22 21
leaf_count=26 22 28 21 34 30 26 24 35 31 22 36 20 30 32 38 39 21 25 26 21 27 32 25 20 29 38 24 24 28 33 25 30 31 21 21 36 33 29 29 20 24 25 22 22 20 36 20 21 27 22 21
internal_value=0.000299572 0.000483271 0.000305882 -0.00282609 -0.0046875 0.000549451 0.00361111 -0.00403509 0.000351035 -0.00168 -0.00010101 0.000608519 0.000932106 0 0.00187935 0.00391304 -0.000756303 -0.000731707 -0.000267062 -0.000705128 -0.00020979 0.000548523 0.00162791 0.00338983 -0.00222222 -0.00230769 0.00128205 0.00288462 -0.00387755 -0.000740741 -0.00179487 0.000491803 -0.00428571 0.00206349 0.000188679 0.00225564 -0.000140845 0.00312821 0.0039759 0.00428571 0.00489051 0.006 0.00371429 0.00208333 0.004 0.00575221 0.00454545 0.00298246 0.00625 0.00652174 -0.00463415
internal_weight=1402 1345 1275 92 64 1183 72 57 1111 125 99 986 869 438 431 69 119 369 337 312 286 237 172 118 54 65 78 312 49 54 117 61 56 63 53 266 71 195 166 42 137 65 70 48 40 113 77 57 48 46 41
internal_count=1402 1345 1275 92 64 1183 72 57 1111 125 99 986 869 438 431 69 119 369 337 312 286 237 172 118 54 65 78 312 49 54 117 61 56 63 53 266 71 195 166 42 137 65 70 48 40 113 77 57 48 46 41
is_linear=0
shrinkage=0.01


Tree=104
num_leaves=54
num_cat=0
split_feature=51 63 32 26 27 1 26 30 32 30 16 22 0 68 24 68 16 26 25 25 26 43 43 85 63 26 1 68 16 0 65 39 65 24 1 67 16 93 11 92 26 30 85 73 42 78 32 22 25 28 100 26 67
split_gain=11.4596 7.23482 9.89893 7.11953 8.85503 6.75711 8.53307 7.47567 9.71915 9.72127 7.80425 7.83139 7.51527 7.44048 7.02388 6.92113 6.61867 11.2721 6.39153 6.90205 8.00018 9.60571 8.33356 10.0922 8.09157 7.89645 9.00568 7.41499 6.89702 8.17415 6.24001 7.86482 7.61358 6.20525 5.96737 6.4 5.94753 5.83358 5.45723 7.00648 6.95215 5.39841 4.8749 5.27722 4.75887 4.57619 4.39291 3.71647 3.47621 2.91851 2.5343 2.1645 1.13778
threshold=1.0000000180025095e-35 35690.600000000013 237.25000000000003 92.250000000000014 93.250000000000014 17712.207000000006 82.250000000000014 25.250000000000004 244.25000000000003 34.750000000000007 2673.5000000000005 93.750000000000014 29270.350000000002 1460.1105000000002 9.7750000000000021 848.50000000000011 6151.4000000000005 135.75000000000003 18.750000000000004 36.750000000000007 5.7500000000000009 73.58499908447267 75.174999237060561 1509.0500000000002 27550.500000000004 9.2500000000000018 14069.35 1759.7555000000002 6584.6500000000005 33443.55000000001 28551.950000000004 121.25000000000001 30219.700000000004 7.2250000000000005 13901.000000000002 31096.750000000004 5545.1500000000005 411.066052631579 34722.400000000009 24683.961493750005 125.25000000000001 93.250000000000014 1682.4000000000003 1.0575000000000003 118.20000076293947 572.96259027777785 75.250000000000014 85.750000000000014 200.25000000000003 23.825000000000006 0.54513888888888895 0.75000000000000011 32631.150000000005
decision_type=2 2 2 2 2 2 2 2 2 2 2 2 2 2 2 2 2 2 2 2 2 2 2 2 2 2 2 2 2 2 2 2 2 2 2 2 2 2 2 2 2 2 2 2 2 2 2 2 2 2 2 2 2
left_child=1 3 -3 5 16 6 7 42 9 -9 -11 18 -10 44 45 -16 48 -18 34 30 21 -21 23 24 -22 -24 47 28 29 33 31 -20 -32 -28 -12 -36 -23 -2 -6 40 -40 -15 43 -1 -13 -14 -25 -27 -5 -34 52 -33 -50
right_child=37 2 -4 4 38 -7 -8 8 12 10 11 13 14 41 15 -17 17 -19 19 20 22 36 25 46 -26 26 27 -29 -30 -31 32 51 49 -35 35 -37 -38 -39 39 -41 -42 -43 -44 -45 -46 -47 -48 -49 50 -51 -52 -53 -54
leaf_value=0.011683906850464686 -0.50696700156691732 0.024798047757874812 -1.3182052668084001 0.038606831313412783 -0.70032629736433027 0.04409684404946175 -0.051119610002480657 -1.0349378181116335 0.017731992763840739 -3.0217197483124822 -2.7327628621466347 1.067553314662081 -0.011694331715193403 0.15872167599838935 -0.1032535979543986 0.041035131711584384 0.20196010857628355 -0.029770335333415016 -0.0028586902746730513 0.14129066044307909 -0.041284760111424672 -6.5281701257993907 0.41327781517844098 -0.061188772239261273 -0.60244487147399783 0.027434887055791144 0.15291018931886319 -0.018390973667301153 -0.02707395875331902 0.045918150395931542 -0.010753657075024566 0.54913045694898222 0.011700597510467708 -0.015384013324175374 0.049090313572977107 -0.072072471601672294 -0.019717142866776498 -10.146827365906484 0.035666707925381617 0.61290015147815102 -0.086619539139453541 -0.024346031061620709 -0.011839428301745489 0.98824291487581695 0.11463917394610668 -4.2131762713583498 0.21300812825286841 1.3351826224485484 4.26408282259084 0.13803815437247222 0.028198603283590647 1.7378582277736048 1.0205035558947184
leaf_weight=26 22 28 31 38 25 34 29 29 24 38 26 29 21 23 20 23 34 38 20 20 28 22 20 20 26 23 37 31 20 24 23 22 29 32 20 20 28 35 20 20 21 25 21 21 35 35 33 26 25 20 22 20 20
leaf_count=26 22 28 31 38 25 34 29 29 24 38 26 29 21 23 20 23 34 38 20 20 28 22 20 20 26 23 37 31 20 24 23 22 29 32 20 20 28 35 20 20 21 25 21 21 35 35 33 26 25 20 22 20 20
internal_value=0.000356633 0.000542751 -0.00288136 0.000699844 0.0021673 0.000322581 0.000171891 0.000333333 8.96861e-05 0.000507152 0.00072973 0.000968661 -0.00252033 0.00339286 -0.00373737 -0.000697674 0.00344633 0.00111111 0.000508475 0.000877863 0.000205128 -0.00285714 0.000875 -0.00140187 -0.00444444 0.00201878 0.00139896 0.000138889 0.00132743 0.00247312 0.00283582 0.00516129 0.000833333 0.000724638 -0.00242424 0 -0.0052 -0.00403509 -0.000465116 0.00114754 -0.00121951 0.000416667 0.00352941 0.00531915 0.005625 -0.00607143 0.00169811 0.00510204 0.00504762 0.00306122 0.00641791 0.00761905 0.00777778
internal_weight=1402 1345 59 1286 263 1023 989 960 892 769 740 702 123 112 99 43 177 72 590 524 390 70 320 107 54 213 193 144 113 93 134 62 72 69 66 40 50 57 86 61 41 48 68 47 64 56 53 49 105 49 67 42 45
internal_count=1402 1345 59 1286 263 1023 989 960 892 769 740 702 123 112 99 43 177 72 590 524 390 70 320 107 54 213 193 144 113 93 134 62 72 69 66 40 50 57 86 61 41 48 68 47 64 56 53 49 105 49 67 42 45
is_linear=0
shrinkage=0.01


Tree=105
num_leaves=55
num_cat=0
split_feature=72 95 63 61 3 11 63 42 4 77 2 28 34 81 74 42 59 4 38 72 23 63 73 88 66 11 58 69 2 5 64 86 78 23 69 2 70 8 70 63 74 28 45 13 69 38 5 74 42 11 64 2 63 5
split_gain=7.33326 16.8071 10.1016 9.84545 9.16297 8.85046 6.82231 9.85994 6.74546 6.4882 6.06153 11.1387 8.586 8.64631 10.8449 10.452 8.56549 7.52613 7.3878 6.70476 6.00013 7.21341 6.61797 9.90661 9.61262 10.1486 6.76 6.24076 6.26863 11.0354 5.90386 10.1728 5.86667 5.82234 5.69814 7.12998 5.75751 5.65313 8.50991 5.58072 5.1533 4.76667 4.55005 3.86887 4.55477 3.78409 3.34841 2.93492 2.81299 2.5 2.38095 1.97342 1.79884 1.67828
threshold=1444.3830000000003 1.0000000180025095e-35 33389.55000000001 33795.600000000006 15726.663500000002 30498.750000000004 33670.150000000001 103.87500000000001 6867.0950000000012 3906.0113154911 2577.1500000000005 29.325000000000006 96.750000000000014 4055.5372940064067 1007.15396875 146.25000000000003 -0.68301270189221952 3605.3300000000004 5.5750000000000011 963.10000000000014 80.250000000000014 25785.300000000003 1602.2500000000002 3840.8722916666661 1422.5025000000003 37060.55000000001 0.68301270189221941 34492.450000000004 2878.8000000000006 6293.0150000000003 1544.7560000000003 1483.6000000000001 1062.2250625000001 99.750000000000014 31424.500000000004 3051.0500000000006 0.79250000000000009 411.15057275541801 911.64450000000011 28390.700000000004 583.80643750000013 27.625000000000004 25437.500000000004 5592.9000000000005 32739.650000000005 8.8250000000000028 5096.1450000000013 1460.1695833333335 106.70000076293947 40509.350000000013 1503.4500000000003 2764.4500000000003 26769.700000000004 5788.3500000000004
decision_type=2 2 2 2 2 2 2 2 2 2 2 2 2 2 2 2 2 2 2 2 2 2 2 2 2 2 2 2 2 2 2 2 2 2 2 2 2 2 2 2 2 2 2 2 2 2 2 2 2 2 2 2 2 2
left_child=1 4 3 8 10 -2 48 -8 9 50 12 34 13 14 15 52 18 -16 -13 -15 21 -7 23 26 25 -25 -22 28 29 -23 -24 46 -10 -26 35 37 40 38 -12 -40 41 -36 -20 -38 -45 -18 -32 -35 -6 -43 -3 -11 -1 -30
right_child=5 2 -4 -5 6 20 7 -9 32 51 11 16 -14 19 17 -17 45 -19 42 -21 22 27 30 24 33 -27 -28 -29 53 -31 31 -33 -34 47 36 -37 43 -39 39 -41 -42 49 -44 44 -46 -47 -48 -49 -50 -51 -52 -53 -54 -55
leaf_value=-0.31795818928233732 -5.6480527114647829 2.4531940615612386 -0.088897719452025833 4.1263117278123547 -0.20670405538683889 0.093492628878676529 -0.15632147066585966 0.019485664741339285 1.3515888658616422 0.0024763951664068373 2.4207244779033528 -0.04520739375344017 -3.9420299977489748 -0.0085778608152561643 0.013275202762987904 0.14254050851211525 -0.041402390777765231 2.0949255240855051 1.9370842695308128 -4.673945646450667 -0.0040698628645587228 -0.037484296067987685 -0.0068370521621147606 -0.32115894476632745 -0.00052238183424678118 0.089314615456250759 0.23656312125416809 0.01324374809785852 -0.047137099035899091 0.099777666422490599 0.068928141665979686 -0.0060585819018971199 -0.31411085151715862 -1.4152623986380206 0.0020839895761101818 -0.70114771555910227 3.51223921122119 -0.022091214040369227 -0.32370371081068355 0.11189487245275659 -0.13848996988033985 0.059085854461460009 -0.0048512514989689937 -0.036655665318764324 0.029870355096394546 -0.039828377490688224 0.021797607515915737 -0.13656225621195667 -0.055499231996155099 2.8840182431040602 1.9710158539765377 2.7292509177512843 -0.31821018179238109 -0.57760157337560014
leaf_weight=20 24 21 26 32 20 21 35 33 24 22 21 22 32 22 21 31 23 20 23 20 20 38 28 34 22 22 25 22 20 22 25 25 20 36 26 33 32 36 21 20 29 20 20 20 27 30 23 20 22 20 21 21 21 21
leaf_count=20 24 21 26 32 20 21 35 33 24 22 21 22 32 22 21 31 23 20 23 20 20 38 28 34 22 22 25 22 20 22 25 25 20 36 26 33 32 36 21 20 29 20 20 20 27 30 23 20 22 20 21 21 21 21
internal_value=0.000287823 0.000804851 0.00347594 0.00440994 0.000111111 -0.000758929 -0.00254545 -0.000588235 0.00317829 0.00482353 0.000590164 0.00125296 -0.000909091 6.45161e-05 0.00150442 -0.000833333 -0.00135593 0.00560976 0.00107692 -0.00380952 -0.000424528 -0.00208333 0.000428571 -0.000726257 -0.00208955 0.00107143 0.00333333 -0.00300813 -0.00405941 -0.002 0.00247525 0.0039726 0 -0.00435897 0.0022623 0.000687023 0.00344828 0.00204082 0.00387097 0.00121951 0.00178947 0.00333333 0.00348837 0.00544304 0.00361702 -0.00433962 0.00666667 -0.00607143 -0.00571429 0.0055 0.00761905 0.00209302 -0.00414634 -0.00707317
internal_weight=1355 907 187 161 720 448 110 68 129 85 610 423 187 155 113 72 118 41 65 42 424 144 280 179 134 56 45 123 101 60 101 73 44 78 305 131 174 98 62 41 95 66 43 79 47 53 48 56 42 40 42 43 41 41
internal_count=1355 907 187 161 720 448 110 68 129 85 610 423 187 155 113 72 118 41 65 42 424 144 280 179 134 56 45 123 101 60 101 73 44 78 305 131 174 98 62 41 95 66 43 79 47 53 48 56 42 40 42 43 41 41
is_linear=0
shrinkage=0.01


Tree=106
num_leaves=54
num_cat=0
split_feature=60 92 68 95 13 6 10 20 46 6 81 23 68 13 64 99 28 10 25 27 99 19 28 24 14 43 64 22 13 43 99 32 57 37 64 37 64 68 37 23 33 60 6 70 60 27 33 22 3 8 59 20 24
split_gain=7.38897 9.74314 10.7855 13.1323 11.0239 9.43536 8.6936 10.9506 8.39207 11.1239 7.47417 6.53558 6.45652 6.40554 6.35037 8.71116 6.21783 8.06386 5.9636 14.8633 6.2509 6.13614 6.57339 8.615 5.48464 5.39834 5.39081 9.11931 7.23803 6.53515 10.572 7.03275 7.3373 5.65296 5.27917 7.89222 8.39256 5.87778 5.11126 5.11103 6.32675 4.88076 10.0726 10.6219 5.07037 4.89925 4.61385 2.91505 2.78716 4.26747 2.56 2.2683 2.00238
threshold=1044.8275000000001 19140.557568750006 1454.9000000000003 1.0000000180025095e-35 1932.8000000000002 4883.2500000000009 41166.350000000013 1501.4500000000003 104.08499908447267 9406.7000000000025 4691.3980142226701 75.250000000000014 929.00200000000007 14477.800000000001 980.98900000000015 0.28125000000000006 29.025000000000002 35498.900000000009 89.250000000000014 55.750000000000007 0.28125000000000006 1683.8000000000004 21.575000000000006 9.3750000000000018 15906.700000000003 83.170001983642592 1.0000000180025095e-35 92.250000000000014 10598.050000000001 84.735000610351577 0.57291666666666685 254.75000000000003 -0.22252093395631442 80.750000000000014 1.0935000000000004 56.750000000000007 1012.2905000000002 980.78700000000015 99.750000000000014 30.750000000000004 99.750000000000014 1148.2645000000002 4164.8200000000006 1465.0135000000002 1380.8500000000001 45.750000000000007 182.75000000000003 94.750000000000014 15008.150000000003 410.64710526315793 -0.24999999999999994 1918.8500000000001 8.0750000000000028
decision_type=2 2 2 2 2 2 2 2 2 2 2 2 2 2 2 2 2 2 2 2 2 2 2 2 2 2 2 2 2 2 2 2 2 2 2 2 2 2 2 2 2 2 2 2 2 2 2 2 2 2 2 2 2
left_child=5 -2 3 11 -5 10 7 26 9 -9 34 12 -3 -8 15 -4 17 18 19 20 21 22 -16 -24 -23 -25 28 29 -7 31 -31 32 -28 -33 37 -36 -37 -1 48 -20 -41 -13 43 -43 -44 -46 -15 -29 49 -6 -30 -51 -34
right_child=1 2 14 4 38 6 13 8 -10 -11 -12 41 -14 46 16 -17 -18 -19 39 -21 -22 24 23 25 -26 -27 27 47 50 30 -32 33 52 -35 35 36 -38 -39 -40 40 -42 42 44 -45 45 -47 -48 -49 -50 51 -52 -53 -54
leaf_value=-0.013893243125729428 -0.2881547635648411 -0.011307774586108564 0.083380333659751213 -0.017049988586993886 1.3455159333282913 -0.018750336707948553 -0.62818250362315842 -1.1554022205326153 1.6458443119158819 0.03863597775809971 -1.739872192984355 0.15797091256432746 2.2817008128563026 0.034357435717967552 -1.4843707405306732 -0.092969758421600837 -0.030224966959424251 0.075881839546973626 0.0010331259629852596 0.17058704365043817 -0.57182555764184406 -0.0028598275098607241 0.021796584552152796 0.014469212137214353 0.11218818072114506 -0.049004901006382794 0.049640568205073773 -2.6689585567918277 0.11072006321311317 0.49833851447618849 -0.029209326800946196 -0.033972873957980834 -0.3918609632041985 0.1204198862167766 0.019712895723866555 -3.8197599424024524 -0.0033884237966203528 0.032253353984341197 0.029449795051614391 -0.29485057443455243 -0.013776212245438344 0.60230916375513088 -1.2271011607604616 -0.057600611468724215 -1.9431199438857476 4.2701826616869871 -0.01191910452356751 -0.013718929344240119 4.2984172535504852 3.626699251879137 0.10869258315889986 1.5213921058926068 -5.7972338316404057
leaf_weight=36 28 22 21 22 20 31 33 29 27 21 22 25 24 20 25 22 20 25 25 21 23 33 37 24 28 31 36 27 25 31 23 21 20 20 28 30 23 24 21 22 24 25 27 22 23 22 22 20 22 29 20 25 28
leaf_count=36 28 22 21 22 20 31 33 29 27 21 22 25 24 20 25 22 20 25 25 21 23 33 37 24 28 31 36 27 25 31 23 21 20 20 28 30 23 24 21 22 24 25 27 22 23 22 22 20 22 29 20 25 28
internal_value=0.000110701 0.000785908 0.00101408 0.00234043 0.00467626 -0.000696921 4.40529e-05 0.000659631 0.00402597 0.0016 -0.00276074 0.000631579 0.00391304 -0.00306667 -0.000131234 0.00348837 -0.000591716 -0.000251572 -0.000716724 9.00901e-05 -0.000746269 -0.00011236 -0.00145299 -0.000217391 0.00245902 -0.00272727 -0.000198675 -0.000973451 0.00210526 5.58659e-05 0.00296296 -0.0012 -0.00285714 0.00219512 -0.00191489 -0.00358025 -0.00584906 0.000333333 0.00589744 -0.00323944 -0.00521739 -0.000416667 -0.0012605 0.00234043 -0.00361111 -0.00155556 -0.00047619 -0.00489362 0.006875 0.00594595 0.00466667 0.00740741 -0.00541667
internal_weight=1355 738 710 329 139 617 454 379 77 50 163 190 46 75 381 43 338 318 293 222 201 178 117 92 61 55 302 226 76 179 54 125 84 41 141 81 53 60 117 71 46 144 119 47 72 45 42 47 96 74 45 54 48
internal_count=1355 738 710 329 139 617 454 379 77 50 163 190 46 75 381 43 338 318 293 222 201 178 117 92 61 55 302 226 76 179 54 125 84 41 141 81 53 60 117 71 46 144 119 47 72 45 42 47 96 74 45 54 48
is_linear=0
shrinkage=0.01


Tree=107
num_leaves=53
num_cat=0
split_feature=1 42 44 20 10 30 41 40 41 80 7 88 3 7 8 98 33 44 34 68 80 38 81 10 16 98 91 92 31 16 10 46 83 69 40 81 100 8 31 38 71 46 3 67 42 4 88 41 69 3 62 0
split_gain=6.85782 9.61552 10.588 12.476 9.23661 10.3117 9.55613 8.96761 7.07962 7.06618 6.79568 8.99181 6.90794 6.60337 6.55209 6.44958 6.99982 6.44947 6.19422 7.94438 17.3161 12.3057 11.4054 9.17861 9.12461 8.74239 8.32225 11.6364 8.12698 7.72853 7.23478 6.18972 9.15266 8.51212 5.96825 6.91775 5.95512 5.78393 6.78462 6.91429 5.18123 5.11935 4.45455 4.45455 4.3573 4.01955 5.02857 3.88889 3.50713 2.71515 1.17391 0.4
threshold=13949.550000000001 145.62500000000003 3.9344999790191655 211.95000000000002 40077.500000000007 1.7500000000000002 100.25000000000001 129.75000000000003 91.750000000000014 31351.503472222226 17.685000000000006 7572.3239583333334 14925.250000000002 670.5100000000001 415.43671052631584 0.32986111111111116 160.25000000000003 3.9694999456405644 97.750000000000014 1469.6035000000004 35785.989930555559 5.0250000000000012 4320.2356289662157 35498.900000000009 6261.1000000000013 0.46180555555555564 28955.817543750003 23204.257137500008 4.3250000000000011 6405.7000000000016 30760.950000000004 103.52999877929689 1579.9499999999991 28509.500000000004 31.750000000000004 3463.8629428116305 0.45486111111111116 403.68062698412706 8.1750000000000025 6.3750000000000009 0.99950000000000017 92.235000610351577 15217.743000000002 31611.950000000004 107.12500000000001 3317.5200000000004 6925.5662500000008 60.750000000000007 35203.80000000001 14485.400000000001 998.35800000000006 33200.05000000001
decision_type=2 2 2 2 2 2 2 2 2 2 2 2 2 2 2 2 2 2 2 2 2 2 2 2 2 2 2 2 2 2 2 2 2 2 2 2 2 2 2 2 2 2 2 2 2 2 2 2 2 2 2 2
left_child=1 2 3 -1 5 -2 15 9 18 13 -10 -12 14 17 -13 16 -6 -3 19 20 28 22 30 26 -22 -24 29 42 40 -23 -21 32 -5 -33 -30 -36 47 -20 39 -39 -7 -34 -28 -29 -18 -19 -47 49 -26 -37 -49 -42
right_child=4 7 -4 31 6 8 -8 -9 10 -11 11 12 -14 -15 -16 -17 44 45 37 21 24 23 25 -25 48 -27 27 43 34 -31 -32 33 41 -35 35 36 -38 38 -40 -41 51 -43 -44 -45 -46 46 -48 50 -50 -51 -52 -53
leaf_value=-2.0111024184032251 -0.031799850075739718 -0.83313832435374213 -4.045164889014039 1.1462611265642035 0.030894146785027873 1.3634071849834117 -1.4414782958872485 0.21725878089219941 0.13955560908163583 -0.60158191564843111 -0.22455661260902979 0.093247457321078767 0.0038500444951965742 -3.6290960682595825 0.027221953129340132 1.1562213832213977 -0.25841639520230436 1.7613000627551934 -1.7193427670070305 -0.015786253103800888 0.01595238849076195 0.0073807436063839946 -0.82101823171380195 0.075123021151503877 -0.064935033238620959 0.014442839754347193 0.039267039713968041 -0.029885617010568324 -0.025871066213477813 0.052006132380245304 -0.074638700814263839 0.016519623671438565 -0.63002172749631136 -2.5424328945351635 -0.011893904328132301 0.34389173389621952 0.0037920092602934359 0.10146364901346475 -0.2061831701950736 -0.0054572609454253389 4.254415278976726 0.0409623696761343 -0.010051255634247799 -0.067022427775099938 0.00020308150977920548 -0.0011023674092012926 1.6387917159939025 1.789114337540598 -0.0043400930807702695 2.410450975170622 2.9251328115114017 10.151402115985535
leaf_weight=36 25 22 29 35 31 23 30 32 35 32 24 27 34 23 29 22 34 21 21 20 36 39 20 23 26 21 22 22 21 22 26 24 32 20 22 22 29 21 20 24 20 30 22 22 20 35 20 25 21 20 23 20
leaf_count=36 25 22 29 35 31 23 30 32 35 32 24 27 34 23 29 22 34 21 21 20 36 39 20 23 26 21 22 22 21 22 26 24 32 20 22 22 29 21 20 24 20 30 22 22 20 35 20 25 21 20 23 20
internal_value=0.000273063 -0.00084399 -0.0023301 -0.00141243 0.000726141 0.00112455 -0.00167883 0.000810811 0.0013217 -0.000196078 0.00328859 0.00210526 0.00355556 0.000909091 0.00571429 -0.000280374 -0.00152941 0.00204082 0.000872894 0.0012522 0.00233766 -3.861e-05 -0.00310345 0.00151163 -0.00156627 0.000731707 0.000604027 -0.00136364 0.00377778 0.00344262 -0.00652174 -7.0922e-05 0.00134021 -0.00318182 0.00259259 0.00333333 0.00428571 -0.00162791 -0.000153846 0.002 0.0068254 -0.000967742 0.00227273 -0.005 -0.0037037 0.00342105 0.002 0.00555556 -0.00446809 0.00333333 0.0075 0.009
internal_weight=1355 391 206 177 964 827 137 185 802 153 149 114 90 121 56 107 85 98 653 567 308 259 87 172 83 41 149 88 225 61 46 141 97 44 162 141 119 86 65 45 63 62 44 44 54 76 55 90 47 42 48 40
internal_count=1355 391 206 177 964 827 137 185 802 153 149 114 90 121 56 107 85 98 653 567 308 259 87 172 83 41 149 88 225 61 46 141 97 44 162 141 119 86 65 45 63 62 44 44 54 76 55 90 47 42 48 40
is_linear=0
shrinkage=0.01


Tree=108
num_leaves=51
num_cat=0
split_feature=10 77 26 4 82 29 44 94 94 62 30 64 30 2 80 28 10 28 29 40 66 4 26 30 22 72 70 60 72 43 98 10 36 13 26 20 29 78 68 17 0 83 4 30 90 13 0 24 7 7
split_gain=6.79623 9.20023 6.93796 12.6534 10.0295 9.15577 7.20874 7.72169 8.42322 12.8665 11.4945 9.44532 7.86299 7.71429 7.21511 11.9089 8.02801 7.45869 7.45147 7.38641 9.10132 14.1199 7.80287 7.33018 8.47564 11.2438 10.8552 8.47517 7.28628 7.19647 8.05632 6.44355 6.06614 7.21921 6.04277 5.8049 5.56522 5.49673 5.107 5.08804 5.02564 4.61098 4.16383 4.09867 3.91405 3.51169 2.70902 2.38095 1.79207 1.25388
threshold=41166.350000000013 3665.1051488296698 92.250000000000014 4802.4500000000007 -0.076499999999999943 80.250000000000014 8.7130002975463885 551951.51809000014 510980.00497031264 1331.3900000000003 85.250000000000014 1533.5775000000001 82.750000000000014 3296.9835000000007 36538.861805555563 28.075000000000006 35339.80000000001 28.125000000000004 78.250000000000014 135.25000000000003 1.1920000000000004 8575.1800000000021 30.250000000000004 34.750000000000007 88.750000000000014 1530.4560000000004 899.97300000000007 1443.8545000000001 1601.7 66.614997863769545 0.26736111111111116 31871.900000000005 90.250000000000014 10239.550000000001 25.750000000000004 1060.6500000000003 88.750000000000014 828.82351041666686 1460.1105000000002 35.800000000000004 30238.650000000005 2183.6500000000019 2974.0000000000005 96.250000000000014 1446.6154500000005 7159.4500000000016 34566.400000000009 10.075000000000001 20.545000000000005 17.575000000000003
decision_type=2 2 2 2 2 2 2 2 2 2 2 2 2 2 2 2 2 2 2 2 2 2 2 2 2 2 2 2 2 2 2 2 2 2 2 2 2 2 2 2 2 2 2 2 2 2 2 2 2 2
left_child=2 -2 6 5 32 -4 7 8 9 10 -1 42 36 -13 15 18 45 -16 -9 20 40 23 38 -22 26 29 -25 47 39 -26 -31 -6 33 -5 -18 -3 -10 -12 -21 -29 -20 -19 -11 -23 -14 -17 49 -28 -32 -33
right_child=1 35 3 4 31 -7 -8 14 12 11 37 13 44 -15 17 16 34 41 19 22 21 43 -24 24 25 -27 27 28 -30 30 48 46 -34 -35 -36 -37 -38 -39 -40 -41 -42 -43 -44 -45 -46 -47 -48 -49 -50 -51
leaf_value=0.048505733229900726 0.054920205165524434 -0.01050884690986921 -0.033336081048280251 0.018565687570126502 0.021191048212931808 0.028184441621771167 0.17907920662637986 0.4925454733617724 -1.9304150388068979 0.38990096082711384 -0.54126335064948006 -0.6974620779966122 0.21300311510782791 0.054568397690592553 -0.010512519695995221 -0.059486266154787554 -0.14838048698328629 0.083569345781445425 1.5483503925621036 2.895881483396288 -0.067401474402776843 -7.4290424846578986 -0.063703447225406787 -3.4827578322821537 -0.032818290749001909 -0.013879125466854617 0.0035291798387872219 -0.017161892792686265 0.0014959393561492578 0.03823654124206307 2.9723418301133666 5.8629623357341814 1.8933872309084763 -0.085242369154743647 0.018314226130610171 -0.9431891647941848 0.056943536934384691 -1.4249842404705391 0.041066490465002763 -0.13702650423964155 0.00068589540037777526 0.030821263030131163 0.029700501967733529 -1.2271669895907265 0.77765941002145156 -6.4733189475065309 0.061944292921182087 0.15511984907032342 1.0142004479624218 0.092940518365168714
leaf_weight=26 29 32 32 31 31 20 23 22 23 29 24 21 25 21 27 33 26 20 25 23 39 20 27 23 24 36 21 20 36 29 22 24 21 27 32 35 23 25 24 21 39 29 20 31 38 30 20 21 30 25
leaf_count=26 29 32 32 31 31 20 23 22 23 29 24 21 25 21 27 33 26 20 25 23 39 20 27 23 24 36 21 20 36 29 22 24 21 27 32 35 23 25 24 21 39 29 20 31 38 30 20 21 30 25
internal_value=0.000273063 -0.00229167 0.000468626 0.00203463 0.00329609 -0.00230769 0.000116732 -9.95025e-06 0.00141818 0 -0.00306667 0.00252747 0.00357798 -0.000952381 -0.000547945 -0.00088685 -0.00371901 0.00236842 -0.000243902 -0.000489237 -0.000983982 -0.00158177 0.00243243 -0.000807453 -0.00024735 0.00148936 -0.00197183 -0.000756303 -0.00272727 0.00314286 0.0045679 0.0054 0.000632911 -0.00103448 -0.00103448 -0.00432836 0.000434783 -0.00591837 0.00489362 -0.00560976 0.0025 0.00469388 0.0055102 -0.00647059 0.00587302 -0.00619048 0.00710145 0.00285714 0.00692308 0.00836735
internal_weight=1355 96 1259 231 179 52 1028 1005 275 166 75 91 109 42 730 654 121 76 533 511 437 373 74 322 283 141 142 119 77 105 81 100 79 58 58 67 46 49 47 41 64 49 49 51 63 63 69 42 52 49
internal_count=1355 96 1259 231 179 52 1028 1005 275 166 75 91 109 42 730 654 121 76 533 511 437 373 74 322 283 141 142 119 77 105 81 100 79 58 58 67 46 49 47 41 64 49 49 51 63 63 69 42 52 49
is_linear=0
shrinkage=0.01


Tree=109
num_leaves=51
num_cat=0
split_feature=19 34 57 6 5 79 90 35 5 75 36 62 41 29 81 39 37 11 72 11 35 30 79 19 62 19 10 77 31 39 69 34 26 72 41 37 90 90 35 17 91 11 75 75 39 37 13 41 29 62
split_gain=8.40377 10.697 8.19328 7.13726 9.99754 9.14703 8.36286 7.80386 8.15862 12.6 10.612 9.74319 7.65108 10.2949 9.93944 8.48439 8.40664 7.89157 7.62222 11.1111 7.5637 7.43889 8.40303 7.95001 11.6771 9.87032 7.50116 7.09145 7.19256 6.61461 5.63984 5.63238 5.7483 8.4 8.1 7.3373 8.6639 7.9389 8.38902 7.1402 5.41799 4.48831 4.30394 4.26835 3.93195 3.80289 2.77778 2.57651 1.75325 1.6
threshold=570.85000000000002 99.750000000000014 -0.56174490092936669 4883.2500000000009 4913.5150000000003 719.60047600807059 763.66395000000011 24.875000000000004 3366.1950000000006 619.25079221756835 85.750000000000014 1324.7635000000002 63.250000000000007 87.750000000000014 3766.8418903766728 200.75000000000003 56.750000000000007 35582.000000000007 888.66700000000003 39179.450000000004 26.325000000000006 73.250000000000014 544.36671051731616 1344.0500000000004 1.0000000180025095e-35 862.35000000000014 40077.500000000007 2589.8689870648982 2.8750000000000004 121.75000000000001 32196.450000000004 92.250000000000014 78.750000000000014 980.8850000000001 71.250000000000014 99.750000000000014 2489.668650000001 1955.7247500000001 26.725000000000005 7.4500000000000011 29058.769012500001 37669.750000000007 507.06324224148642 504.67051009573669 140.25000000000003 91.750000000000014 2566.4000000000005 86.750000000000014 83.250000000000014 0.75000000000000011
decision_type=2 2 2 2 2 2 2 2 2 2 2 2 2 2 2 2 2 2 2 2 2 2 2 2 2 2 2 2 2 2 2 2 2 2 2 2 2 2 2 2 2 2 2 2 2 2 2 2 2 2
left_child=1 27 -3 4 6 12 -2 43 9 18 11 -10 16 14 -14 30 29 20 49 40 -16 22 -19 24 -23 -26 42 -1 -29 -5 -15 32 35 34 -34 36 37 38 39 -30 -20 -12 -25 -8 -41 -18 -13 -22 -4 -9
right_child=3 2 48 5 -6 -7 7 8 10 -11 41 46 13 15 17 -17 45 21 19 -21 47 23 -24 26 25 -27 -28 28 31 -31 -32 -33 33 -35 -36 -37 -38 -39 -40 44 -42 -43 -44 -45 -46 -47 -48 -49 -50 -51
leaf_value=1.1582848447938381 0.13354092910550863 0.014562830597445743 -4.2683620540921838 1.4742970809817597 -0.23737477445100502 -0.5955681706656023 -0.0087822486986848421 -0.0230732943272519 0.0034938880403993446 0.035040763297487502 0.054298818150039792 0.026026731769734975 0.8069096800538883 -0.01257148203104576 -0.81708114363989615 0.067250142665439133 1.7423738417313055 -0.036659503435859719 0.0099655832864669631 0.049524554625036882 0.051722667487634162 0.21225785740735095 0.02028528804413866 0.10189084109022176 0.011265561693500441 -0.27347963344841603 -0.011569003531869125 -2.1138781153568651 -0.14392372537746784 -0.017686568769418091 -3.0617642295344751 0.11027099582206937 -0.010799243348789232 -0.013538274932197933 1.874392151560468 -2.7495602829361721 -0.053810171993728291 1.1239350006190505 -0.16615195095289997 0.016570037204091413 -0.15019755038116858 -0.092605239836502096 0.044141142614460643 -1.6794753137684586 1.8561571248308792 0.59114631554501662 1.8887553554491607 0.17728841456011604 -2.5576270856846848 -0.17780625682524126
leaf_weight=37 30 26 22 21 23 29 37 20 29 28 20 20 38 20 21 20 29 31 21 24 21 30 28 23 23 21 31 24 22 26 23 25 24 24 36 33 36 34 35 28 27 22 34 33 22 36 25 23 20 20
leaf_count=37 30 26 22 21 23 29 37 20 29 28 20 20 38 20 21 20 29 31 21 24 21 30 28 23 23 21 31 24 22 26 23 25 24 24 36 33 36 34 35 28 27 22 34 33 22 36 25 23 20 20
internal_value=0.000361624 -0.000758929 -0.00441176 0.000915105 -0.000131926 0.00166667 0.000280899 -0.000184049 0.000625 -0.001 0.00258621 0.00486486 0.00198397 0.00131783 0.00203704 -0.00238095 0.00428571 0.0013986 -0.0025 -0.000555556 0.00446154 0.000497738 -0.00254237 0.00160494 -0.000810811 -0.00409091 0.00363636 -0.000105263 -0.000553936 0.00106383 -0.00488372 -0.00015674 -0.000544218 0.00166667 0.00366667 -0.00142857 -0.000621469 0.000496454 -0.000841121 0.00111111 -0.00333333 -0.00142857 0.00578947 -0.00314286 0.0032 0.00661538 0.00777778 0.00681818 -0.00714286 -0.006
internal_weight=1355 448 68 907 379 528 356 326 256 140 116 74 499 387 324 63 112 286 112 72 65 221 59 162 74 44 88 380 343 47 43 319 294 84 60 210 177 141 107 72 48 42 57 70 50 65 45 44 42 40
internal_count=1355 448 68 907 379 528 356 326 256 140 116 74 499 387 324 63 112 286 112 72 65 221 59 162 74 44 88 380 343 47 43 319 294 84 60 210 177 141 107 72 48 42 57 70 50 65 45 44 42 40
is_linear=0
shrinkage=0.01


Tree=110
num_leaves=52
num_cat=0
split_feature=27 27 24 24 68 10 11 22 10 44 59 66 24 83 24 43 98 37 65 83 37 33 47 60 25 72 79 43 75 81 27 8 44 75 83 75 83 97 22 19 26 19 45 3 10 33 68 53 19 42 60
split_gain=14.9677 13.6589 9.17505 8.75032 9.18773 8.86576 13.0373 9.8576 8.84843 7.45377 7.89203 7.53501 9.02711 12.8608 8.505 7.29798 8.02778 7.14051 7.11111 6.98211 6.98182 6.58707 6.4 9.14502 7.24286 7.0036 6.21273 9.46021 6.79738 5.94917 6.82729 5.90702 10.104 8.50433 9.15684 6.20018 7.72628 5.34545 5.0303 4.97778 4.91483 4.90463 4.67208 5.11087 4.41076 4.37576 4.08333 3.93156 3.52913 3.38755 1.82508
threshold=20.250000000000004 23.750000000000004 6.2750000000000012 4.2250000000000005 951.00000000000011 41294.450000000004 33671.350000000006 84.250000000000014 43411.80000000001 8.2389998435974139 -0.9330127018922193 1250.2500000000002 9.5250000000000021 2259.1000000000008 6.6250000000000009 79.055000305175795 0.65625000000000011 95.250000000000014 28842.350000000002 1931.7999999999959 83.750000000000014 131.75000000000003 1.0000000180025095e-35 1052.2935000000002 174.50000000000003 1020.2010000000001 598.86068502504816 86.779998779296889 453.67620996676175 3982.2235370757021 17.750000000000004 415.85802275960174 6.8954999446868905 321.72025585191926 1853.0499999999995 507.06324224148642 1815.4000000000017 0.30208333333333343 88.750000000000014 670.65000000000009 38.250000000000007 1630.9000000000003 25265.000000000004 14226.400000000001 37281.600000000013 180.25000000000003 1475.4665000000002 2.5000000000000004 756.50000000000011 103.27500152587892 899.68550000000016
decision_type=2 2 2 2 2 2 2 2 2 2 2 2 2 2 2 2 2 2 2 2 2 2 2 2 2 2 2 2 2 2 2 2 2 2 2 2 2 2 2 2 2 2 2 2 2 2 2 2 2 2 2
left_child=2 20 -1 26 5 6 7 -5 -7 10 -6 14 13 19 17 16 46 -12 -15 42 -2 -9 23 24 25 -16 28 -28 49 -4 38 32 35 -33 -35 44 -37 -25 -31 -36 48 -38 43 -13 47 -23 -14 -8 -17 -3 -30
right_child=1 3 29 4 9 8 31 21 -10 -11 11 12 15 18 22 40 -18 -19 -20 -21 -22 45 -24 37 -26 -27 27 -29 50 30 -32 33 -34 34 39 36 41 -39 -40 -41 -42 -43 -44 -45 -46 -47 -48 -49 -50 -51 -52
leaf_value=0.053860382675004689 0.5708346805851704 0.9469801898599961 -0.66651536635940123 1.3409111336208519 -1.6850741869291017 -4.4464628347701547 0.013521247777047232 0.077861242669169203 0.014475976336566084 0.17551553041451487 -1.7125134622255234 0.048559517259684527 -0.021959204618956302 0.0082277540906009021 -5.0818605458287855 -0.02634574209080686 0.15567937429295145 -0.40972312318128618 -0.050666339083510196 0.34230476553846501 1.3583648656236544 -1.0049534556967152 0.049281697966480673 0.18700105742724782 0.036633452762199252 -0.69287834384908953 -0.072149062139471171 0.080473422654513599 0.21326519620614734 -1.609624846295364 0.02443603580662046 -0.048018337043584991 -0.092459042263735122 1.8638803268314601 0.018648042488198856 -0.054395577811563713 0.078336522819456134 -0.012288370092583874 -0.062229252233524032 -0.018748955660256354 0.0056224686746960814 0.0090919078033428642 0.40219945185806949 -0.017221789297236521 3.8618731245600157 -0.0052396386451979172 0.0041227951437433734 0.99850122009756959 -0.58961248895894625 0.0057047058791212689 0.039741452435457764
leaf_weight=21 33 21 36 20 35 38 29 37 26 21 26 34 24 20 23 28 24 24 25 38 22 24 32 24 24 37 27 20 23 25 25 22 25 31 20 21 38 20 28 36 27 22 24 21 35 20 24 21 33 39 20
leaf_count=21 33 21 36 20 35 38 29 37 26 21 26 34 24 20 23 28 24 24 25 38 22 24 32 24 24 37 27 20 23 25 25 22 25 31 20 21 38 20 28 36 27 22 24 21 35 20 24 21 33 39 20
internal_value=0.000423546 0.000763116 -0.00274074 0.000540316 0.000218424 0.00126882 0.00182045 -0.00128713 -0.0021875 -0.000612245 -0.000828924 -0.000526316 0.000434783 0.00209877 -0.002 -0.00125 0.00111111 -0.0056 -0.00244444 0.00384615 0.00563636 -0.00283951 -0.000875 -0.001875 -0.00380952 -0.00566667 0.0028 -0.000212766 0.00417476 -0.00385965 -0.00230769 0.00286667 0.0039267 0.00100917 0.00241379 0.00481928 0.00283951 0.00181818 -0.00433962 0 -0.00318182 0.00466667 0.0021519 0.000545455 0.00670588 -0.00545455 -0.00125 0.0048 -0.0047541 0.002 0.0072093
internal_weight=1393 1258 135 1203 1053 465 401 101 64 588 567 532 322 162 210 160 72 50 45 117 55 81 160 128 84 60 150 47 103 114 78 300 191 109 87 166 81 44 53 56 88 60 79 55 85 44 48 50 61 60 43
internal_count=1393 1258 135 1203 1053 465 401 101 64 588 567 532 322 162 210 160 72 50 45 117 55 81 160 128 84 60 150 47 103 114 78 300 191 109 87 166 81 44 53 56 88 60 79 55 85 44 48 50 61 60 43
is_linear=0
shrinkage=0.01


Tree=111
num_leaves=54
num_cat=0
split_feature=27 27 21 79 79 61 59 88 88 82 4 79 69 88 7 95 38 38 11 11 91 88 91 7 31 31 61 82 76 79 80 62 26 21 61 92 84 83 2 38 71 19 73 22 73 31 38 23 88 64 7 4 2
split_gain=9.09512 11.644 7.61686 7.70827 7.14609 6.94912 6.7116 8.15569 9.22105 6.47492 8.27211 6.58729 10.057 8.64719 6.35676 8.13942 5.14445 6.0667 5.81408 7.91927 5.84407 8.34286 7.71602 7.84613 8.5639 7.73244 7.12207 6.9334 7.2298 8.67706 7.26053 6.36866 9.69035 9.1078 8.25765 18.7778 8.08573 5.90663 5.2842 4.84538 5.96471 4.41379 4.39935 4.16 4.15385 4.11283 3.98656 3.83449 3.66449 3.63192 3.60738 3.56455 1.6
threshold=20.250000000000004 23.250000000000004 30.275000000000002 278.36521667954111 265.62054316349077 31019.650000000005 -0.9330127018922193 6371.8231249999999 5664.7331250000016 -1098.4529999999997 11501.250000000002 708.15994062793311 32775.100000000006 2574.8735416666673 141.51500000000001 1.0000000180025095e-35 2.6750000000000007 3.2750000000000008 44516.350000000006 43405.400000000009 29650.355437500002 12773.355416666667 28896.050043750005 13.010000000000003 13.525000000000002 20.875000000000004 32680.400000000005 -8.6795000000000169 31376.243750000001 524.67792257905819 29193.056250000005 912.00000000000011 54.750000000000007 26.275000000000002 35372.55000000001 19374.899906250004 1122.6424270833336 2024.3499999999988 2502.6500000000005 4.2750000000000012 1190.4635000000003 1568.5500000000002 975.55000000000007 92.250000000000014 1159.7415000000003 7.5250000000000012 10.975000000000001 86.750000000000014 9106.3041666666668 953.83150000000012 22.145000000000007 8575.1800000000021 3159.1000000000004
decision_type=2 2 2 2 2 2 2 2 2 2 2 2 2 2 2 2 2 2 2 2 2 2 2 2 2 2 2 2 2 2 2 2 2 2 2 2 2 2 2 2 2 2 2 2 2 2 2 2 2 2 2 2 2
left_child=14 5 3 4 6 -2 -3 8 39 10 -5 13 47 -11 15 45 48 -18 19 20 21 22 23 51 27 -26 -22 42 30 -30 38 32 43 -34 -35 -36 -33 -24 -29 -8 -41 -21 -25 52 -17 -1 50 -13 -15 -32 -9 -19 -28
right_child=1 2 -4 9 -6 -7 7 46 -10 11 -12 12 -14 16 -16 44 17 18 -20 41 26 -23 37 24 25 -27 31 28 29 -31 49 36 33 34 35 -37 -38 -39 -40 40 -42 -43 -44 -45 -46 -47 -48 -49 -50 -51 -52 -53 -54
leaf_value=-0.32887025988511648 1.2119859481534461 -1.9612586234775069 1.8169682917603398 0.023888355914861423 -1.9052251038027641 0.1161206986138541 0.088037708280421331 -0.018628135332492052 0.38245263951669956 -0.071427571518076438 -6.020651532098908 0.033654769556371422 -0.55754444741610465 0.74645773718592978 -2.6018582760843563 0.023322792275459883 -0.054353070927031476 0.040379255499394091 -1.0599896448528265 0.028422955448837117 3.8285947945535144 -0.2364319049069426 0.0064182500732572392 4.05079259032577 -1.4197264296032177 0.023772748442433069 0.13944803184586949 0.11250390020847535 -0.10240771023220044 0.053661467072105465 1.6371672779310729 -0.96702132846346656 -0.18277650967091863 0.047263435786628324 0.050944794452774417 -0.041704516452642205 0.53086188274859214 -0.052283775213788797 -0.16621737683162033 0.03347699075143748 -0.015124058749454364 0.35303820229873312 0.34425191256714427 0.013386035299276761 -0.0058034428386875628 -1.9681832337542162 0.0056816931184709655 -0.051792181385676588 0.024192189676544032 1.5673411524654031 -0.1545700017573052 -0.81176572182239948 0.085824657055207226
leaf_weight=37 25 26 25 23 23 24 21 22 26 23 22 22 39 27 24 24 36 20 37 29 21 27 29 21 23 26 20 21 31 23 28 20 20 33 20 25 37 33 22 30 34 29 26 25 26 24 20 21 24 29 24 26 20
leaf_count=37 25 26 25 23 23 24 21 22 26 23 22 22 39 27 24 24 36 20 37 29 21 27 29 21 23 26 20 21 31 23 28 20 20 33 20 25 37 33 22 30 34 29 26 25 26 24 20 21 24 29 24 26 20
internal_value=0.000466619 0.00073132 0.000537634 0.000422297 -0.00123894 0.0055102 -0.000640394 5.64972e-05 0.00171171 0.000814196 -0.00288889 0.000996714 -0.00170732 0.00126354 -0.002 -0.000990991 0.00143564 0.00122853 0.00142857 0.00163743 0.0013099 0.000545455 0.000949721 0.00162162 0.00232 -0.00142857 0.00253112 0.00323383 0.00220779 -0.000740741 0.0038 0.002 0.00300613 0.00102041 0.0025641 -0.000222222 -0.000877193 -0.00225806 0.000697674 0.000117647 -0.00125 0.00517241 0.00659574 0.006 0.002 -0.00344262 -0.00272727 0.00162791 0.0045098 0.00614035 -0.00434783 -0.00217391 0.008
internal_weight=1393 1258 1209 1184 226 49 203 177 111 958 45 913 82 831 135 111 808 757 721 684 626 385 358 296 250 49 241 201 154 54 100 220 163 98 78 45 57 62 43 85 64 58 47 65 50 61 66 43 51 57 46 46 40
internal_count=1393 1258 1209 1184 226 49 203 177 111 958 45 913 82 831 135 111 808 757 721 684 626 385 358 296 250 49 241 201 154 54 100 220 163 98 78 45 57 62 43 85 64 58 47 65 50 61 66 43 51 57 46 46 40
is_linear=0
shrinkage=0.01


Tree=112
num_leaves=53
num_cat=0
split_feature=1 65 73 38 42 67 22 22 24 82 26 7 42 7 42 22 68 35 13 37 40 73 28 86 100 36 23 91 98 26 10 70 43 1 35 83 73 46 34 37 84 37 76 94 70 10 10 56 37 34 26 5
split_gain=10.0047 11.8679 13.759 8.78261 8.26248 8.4627 9.41177 7.55981 8.87077 11.7426 7.54805 9.92464 6.85028 6.64162 6.53508 7.16928 6.51624 10.4556 9.40706 8.8124 7.51132 7.34928 6.79448 6.50049 6.20906 6.06061 5.92603 5.87627 6.89461 5.39796 9 6.66726 6.51362 5.33333 5.2108 7.92454 6.42505 5.63398 4.98617 4.91929 5.03178 4.90909 4.83973 4.51034 4.12688 3.95568 3.53922 3.43536 3.30688 2.60999 2.54848 0.102439
threshold=15630.750000000002 34751.250000000007 1412.9215000000002 12.550000000000002 146.25000000000003 30563.050000000007 85.250000000000014 87.750000000000014 7.2250000000000005 1.0000000180025095e-35 129.25000000000003 16.905000000000005 138.32500457763675 22.710000000000004 135.67499542236331 69.750000000000014 1326.6000000000001 25.775000000000002 2864.2000000000003 96.750000000000014 94.750000000000014 802.66750000000013 21.675000000000004 510.6375000000001 0.086805555555555566 85.750000000000014 9.7500000000000018 27587.816956250001 0.35069444444444448 32.750000000000007 32076.850000000002 718.46600000000012 94.314998626708999 13991.200000000003 26.875000000000004 2083.7999999999997 1.3660000000000003 102.53499984741212 93.250000000000014 63.750000000000007 540.71876041666678 76.750000000000014 35367.914583333339 580920.63830156263 1494.499 42213.400000000009 32076.850000000002 1.0000000180025095e-35 94.250000000000014 51.750000000000007 93.250000000000014 8802.0050000000028
decision_type=2 2 2 2 2 2 2 2 2 2 2 2 2 2 2 2 2 2 2 2 2 2 2 2 2 2 2 2 2 2 2 2 2 2 2 2 2 2 2 2 2 2 2 2 2 2 2 2 2 2 2 2
left_child=4 2 3 26 10 7 25 27 9 -9 11 38 14 -4 15 -13 17 24 22 20 -19 -22 -18 45 -17 -7 -2 28 -6 30 32 -31 -8 -14 36 41 37 -28 -1 -37 -41 -36 -38 -39 -24 50 -20 -5 -10 -26 -3 -45
right_child=1 23 13 47 5 6 29 8 48 -11 -12 12 33 -15 -16 16 18 19 46 -21 21 -23 44 -25 49 -27 34 -29 -30 31 -32 -33 -34 -35 35 39 42 43 -40 40 -42 -43 -44 51 -46 -47 -48 -49 -50 -51 -52 -53
leaf_value=-0.10168174365014171 1.3330521223438114 0.010643708911695929 0.0018179891691139005 -0.026757684711577169 0.2387421681024427 -1.3716001851445714 -0.066131345283173673 0.50297465047821799 -0.068623486110522269 -0.028845971071355059 0.082732628854167975 -1.6805087669181598 -0.44470368548856726 -2.3923304013221998 0.019589604383590128 0.00074767128828375114 -1.9728297612269001 -1.5668199245911505 -0.07260301447921759 0.037999865475315205 -0.053985482386440853 0.37362040141582931 0.04148674360010024 -0.42259951385269828 0.73154026115673998 -0.0095971289439140094 0.0098168349940344676 0.065738824096553752 -0.0021864834470517991 0.0036127222881206056 -1.7792079659261111 1.842920025726827 0.83031280410573427 -0.0030236667416255235 0.0096134137863797074 -0.0025313728169736871 0.20908924448699176 0.20872125298860839 -4.9340812165188659 0.027147122319092064 3.2891478345670091 -0.026711023401213313 -0.01619255838591032 2.1211580924258202 -0.011941226567983784 0.070166593529749507 -1.7591276960862292 0.0097448095944366771 0.0038695913716636477 4.4820181020865464 -0.031976540507587962 0.081970657580957895
leaf_weight=24 33 24 33 25 36 22 23 25 27 27 25 33 28 20 33 22 20 20 24 38 33 24 29 33 20 27 21 22 31 26 24 23 25 21 25 21 37 33 22 24 34 30 36 20 38 20 27 22 21 21 20 21
leaf_count=24 33 24 33 25 36 22 23 25 27 27 25 33 28 20 33 22 20 20 24 38 33 24 29 33 20 27 21 22 31 26 24 23 25 21 25 21 37 33 22 24 34 30 36 20 38 20 27 22 21 21 20 21
internal_value=0.000538406 0.00161654 0.00232184 0.00298429 -0.000127758 0.00103064 -0.000588235 0.00248677 0.0006 0.00346154 -0.000956175 -0.0012369 -0.000765661 -0.00245283 -0.000314136 -0.000716332 -0.000253165 0.00101124 -0.00188406 -0.000782609 -0.00272727 -0.000877193 0.000114943 -0.00154639 0.00428571 -0.00428571 0.00355224 0.00460674 0.00313433 0.000909091 -0.000833333 0.00346939 0.00166667 -0.00428571 0.00311258 0.00164179 0.00428571 0.006 -0.00565217 0.00367089 0.00517241 -0.00127273 0.00205479 0.0072973 0.00164179 0.0003125 -0.00529412 -0.00106383 -0.0025 0.00658537 -0.00136364 0.0095122
internal_weight=1393 532 435 382 861 359 170 189 100 52 502 477 431 53 382 349 316 178 138 115 77 57 87 97 63 49 335 89 67 121 72 49 48 49 302 134 168 95 46 79 58 55 73 74 67 64 51 47 48 41 44 41
internal_count=1393 532 435 382 861 359 170 189 100 52 502 477 431 53 382 349 316 178 138 115 77 57 87 97 63 49 335 89 67 121 72 49 48 49 302 134 168 95 46 79 58 55 73 74 67 64 51 47 48 41 44 41
is_linear=0
shrinkage=0.01


Tree=113
num_leaves=54
num_cat=0
split_feature=72 4 19 27 35 94 13 31 14 13 44 16 44 42 10 95 21 44 33 24 0 84 37 22 39 97 33 60 35 84 24 35 37 24 57 19 10 37 44 84 91 13 13 30 13 43 72 27 39 21 19 39 0
split_gain=7.0974 10.6755 12.0727 9.23806 8.759 9.23774 8.64366 8.4318 7.66969 7.14628 9.30194 7.14463 9.53423 7.11111 6.48259 6.41926 6.8925 10.4257 9.2925 10.4353 12.8943 9.19219 7.77102 10.6764 7.80168 7.07588 9.81337 6.6748 6.07409 6.03932 5.95983 7.49327 5.92877 6.69492 5.53203 5.37559 5.26878 5.23982 5.21464 5.0568 5.5254 5.04846 5.01951 4.88067 4.55111 4.38596 4.52009 4.36364 5.60303 3.66904 3.6 1.65686 0.452174
threshold=1465.0135000000002 3184.0500000000006 344.00000000000006 16.750000000000004 26.025000000000002 479573.11346625019 4563.7500000000009 14.375000000000002 17254.300000000003 2163.2500000000005 2.307999968528748 5995.2000000000007 6.4130001068115243 127.82500076293947 30037.850000000002 1.0000000180025095e-35 28.575000000000006 2.6330000162124638 138.75000000000003 4.5250000000000012 35003.100000000006 631.40523958333347 96.250000000000014 88.250000000000014 175.75000000000003 0.031250000000000007 99.000000000000014 972.45500000000004 26.425000000000004 1049.1252708333336 7.1250000000000009 27.075000000000006 93.250000000000014 11.475000000000001 -0.22252093395631442 1084.5000000000002 35498.900000000009 81.250000000000014 3.9490000009536748 1375.1293645833337 30744.167431250007 9258.5500000000011 5024.9000000000005 73.250000000000014 3173.4500000000003 74.36999893188478 962.50000000000011 87.250000000000014 218.25000000000003 26.825000000000006 717.50000000000011 158.25000000000003 32062.100000000002
decision_type=2 2 2 2 2 2 2 2 2 2 2 2 2 2 2 2 2 2 2 2 2 2 2 2 2 2 2 2 2 2 2 2 2 2 2 2 2 2 2 2 2 2 2 2 2 2 2 2 2 2 2 2 2
left_child=3 2 -2 -1 7 -6 14 32 -9 10 -4 12 28 -12 43 16 18 -18 22 -20 30 -22 24 -24 -7 -26 -27 -17 35 47 -21 -32 37 38 44 -8 -11 45 49 -29 -41 -25 -33 -3 -16 -5 -47 -19 -49 52 -40 -36 -34
right_child=1 6 9 4 5 15 11 8 -10 36 13 -13 -14 -15 34 27 17 29 19 20 21 -23 23 41 25 26 -28 39 -30 -31 31 42 33 -35 51 -37 -38 -39 50 40 -42 -43 -44 -45 -46 46 -48 48 -50 -51 -52 -53 -54
leaf_value=-0.60743709636392185 -0.42468434384625864 -0.86335364256243707 0.038131701542256161 -0.024837488612857311 -0.14793866043136464 -0.12781242614511804 -0.28020942014128636 0.22023046936646901 -1.8136858655364534 0.28733613134375618 -1.1006487586222111 0.064555799342812567 0.029263823348153403 0.0071830663098018197 0.0020474031527531948 -0.010591790228694059 -0.010139007839883394 0.58674650460551414 0.028861584448126063 -3.6561463467882311 0.032056957721825728 -0.027133615588941718 -0.024505241455208885 0.42194577949514972 -0.029577757295453182 0.065166298322467481 -0.048258328503075598 3.2608058600724452 -3.2052894739076501 2.1282598701870477 -0.0018199960260108128 -0.11327371664448216 0.74434294687901836 -0.0023351342591490863 -1.0254664443910761 0.0089560014720038161 0.0082974029891094061 -0.10110344489570788 0.020048546655586891 -0.02252184856709533 2.652487893235524 0.1590894671600436 -4.3769999623369698 0.018952027160114883 -1.1745116861336127 4.2338188385619553 0.51725013588004887 -0.14063109215084299 0.0569015858564553 0.073138199163461121 -0.0023348310591667478 -0.024521532664193817 3.3211205223656428
leaf_weight=39 22 21 33 38 26 34 23 23 27 38 25 24 27 20 25 20 32 22 26 26 32 23 31 29 20 33 21 28 22 20 35 20 20 24 27 33 23 20 20 24 21 34 21 30 20 32 25 20 24 20 20 24 26
leaf_count=39 22 21 33 38 26 34 23 23 27 38 25 24 27 20 25 20 32 22 26 26 32 23 31 29 20 33 21 28 22 20 35 20 20 24 27 33 23 20 20 24 21 34 21 30 20 32 25 20 24 20 20 24 26
internal_value=0.000437904 -0.000617849 0.00142857 0.000920502 0.00112323 0.000450161 -0.00181159 0.00254237 -0.0012 0.00251799 0.000512821 7.75194e-05 -0.00104762 -0.00244444 -0.00346939 0.000704698 0.000258449 0.00237288 -0.00038961 -0.00202186 -0.00299363 0.000909091 0.00108911 0.00319149 -0.000740741 0.00108108 0.00296296 0.00311828 -0.00282051 0.00418605 -0.00509804 -0.00368421 0.00330612 0.00476923 -0.005 -0.00107143 0.00508197 0.00165217 0.00584906 0.00452055 0.00244444 0.00555556 -0.00658537 -0.000588235 -0.00244444 0.00263158 0.00438596 0.00272727 0.000909091 0.00757576 0.003 -0.0072549 0.00913043
internal_weight=1393 437 161 956 917 622 276 295 50 139 78 129 105 45 147 596 503 118 385 183 157 55 202 94 108 74 54 93 78 86 102 76 245 130 96 56 61 115 106 73 45 63 41 51 45 95 57 66 44 66 40 51 46
internal_count=1393 437 161 956 917 622 276 295 50 139 78 129 105 45 147 596 503 118 385 183 157 55 202 94 108 74 54 93 78 86 102 76 245 130 96 56 61 115 106 73 45 63 41 51 45 95 57 66 44 66 40 51 46
is_linear=0
shrinkage=0.01


Tree=114
num_leaves=51
num_cat=0
split_feature=27 27 26 77 37 81 94 93 27 44 44 44 26 87 95 26 68 39 92 37 35 71 32 32 88 77 1 88 10 46 94 31 20 76 58 62 39 87 25 33 22 86 33 65 65 35 58 37 83 1
split_gain=8.10336 12.9716 9.36256 8.17467 7.86502 9.30769 7.85354 7.043 6.94953 6.09527 8.57828 14.495 10.7159 8.99181 8.40232 11.5614 7.12168 6.92165 7.53947 8.56665 11.1495 9.19031 7.67083 8.91938 7.1528 6.67256 6.36234 9.67836 8.95053 7.85043 7.60227 5.96723 6.61484 7.09772 5.8084 5.10583 8.79381 6.00677 5.67151 5.05051 5.00042 4.97307 4.85728 4.36623 7.57705 5.49547 4.26968 3.72975 2.13611 1.6
threshold=20.250000000000004 23.250000000000004 1.0000000180025095e-35 4295.665152401968 72.750000000000014 4212.7882224580999 580920.63830156263 412.52013186813195 28.250000000000004 2.6384999752044682 3.1114999055862431 3.5145000219345097 99.250000000000014 0.19791666666666671 1.0000000180025095e-35 11.250000000000002 1367.9500000000003 104.00000000000001 25590.347262500007 77.250000000000014 26.475000000000005 1.0575000000000003 60.250000000000007 100.75000000000001 6687.0047916666672 4481.2233847935731 14685.350000000002 7463.7922916666676 29590.950000000004 102.28499984741212 585784.75995218765 7.4250000000000007 912.15000000000009 36690.06458333334 0.68301270189221941 0.75000000000000011 229.75000000000003 0.65625000000000011 191.75000000000003 101.75000000000001 90.250000000000014 0.53700000000000003 167.75000000000003 29256.350000000002 28585.550000000007 27.175000000000004 0.68301270189221941 77.750000000000014 1351.5000000000002 16392.500000000004
decision_type=2 2 2 2 2 2 2 2 2 2 2 2 2 2 2 2 2 2 2 2 2 2 2 2 2 2 2 2 2 2 2 2 2 2 2 2 2 2 2 2 2 2 2 2 2 2 2 2 2 2
left_child=6 3 4 -2 -3 -6 7 -1 34 26 14 12 13 49 15 -11 -16 24 22 41 21 40 -19 -24 -13 43 28 29 -10 -28 -31 32 -29 -34 -4 37 38 -17 -37 -30 -21 -20 -32 44 -25 -45 -8 -9 -22 -12
right_child=1 2 8 -5 5 -7 46 47 9 10 11 17 -14 -15 16 35 -18 18 19 20 48 -23 23 25 -26 -27 27 31 39 30 42 -33 33 -35 -36 36 -38 -39 -40 -41 -42 -43 -44 45 -46 -47 -48 -49 -50 -51
leaf_value=-1.6418633588046445 1.4606520982807443 -0.08083220982812836 0.23750803279130453 0.05945325494504336 -3.6169413701630608 0.028882518134220214 -3.5956558952906832 0.059478729557368819 -1.0790723783378746 -0.22716676160751248 -4.0643058417242228 0.040473267976175863 0.39387591058825194 -0.012481136403745693 4.2192469556322614 0.033405805420741987 0.009673471898346225 1.0268994125641309 -3.4548856238553931 0.026253021069210156 0.052474588449304423 -0.4888263873508259 -0.018844591344695835 0.12289450558748242 -2.3076370796388863 -0.014729551848764304 -0.53949785593581523 1.9770549452274646 0.034384577008921911 0.0036762900673392809 -0.028209715216996521 -0.0054234568506196191 0.055533931524982261 -0.025561234236854552 0.02362737750990446 0.013380804866531171 3.6543842479363549 0.48009026816070383 -0.91107780594384002 0.019128715699248441 -0.63295164085526867 -0.011665908732129297 -0.0052832218218999182 0.71539145819800165 -0.41863591457382721 0.028906629298742194 -0.4966962598093474 -0.0039076883330327128 1.4323400826335839 -2.0191291894748584
leaf_weight=26 29 27 30 20 26 26 25 28 20 36 20 22 21 36 26 37 31 24 20 32 22 26 30 37 25 29 21 26 30 33 22 32 29 34 21 38 20 28 20 36 22 37 27 39 23 27 33 23 21 20
leaf_count=26 29 27 30 20 26 26 25 28 20 36 20 22 21 36 26 37 31 24 20 32 22 26 30 37 25 29 21 26 30 33 22 32 29 34 21 38 20 28 20 36 22 37 27 39 23 27 33 23 21 20
internal_value=0.000624551 0.000874404 0.000669975 0.00591837 -0.00265823 -0.000384615 -0.0017037 0.00038961 0.000902655 0.000732159 0.00120936 0.000506567 -0.00298969 -0.00473684 0.00279661 0.00173184 0.00614035 0.0012844 0.00172237 0.000222222 0.00170732 -0.0005 0.00301435 0.00232432 -0.00234043 0.00329032 -0.000451613 -0.00133929 0.00186047 -0.00359223 -0.00219512 0.000578512 0.00191011 0.00015873 0.0045098 0.00300699 0.00128205 0.00507692 -0.000689655 0.00363636 0.00185185 -0.00298246 -0.00469388 0.00428571 0.00233333 0.00606061 -0.00448276 0.00254902 0.00581395 -0.008
internal_weight=1393 1258 1209 49 79 52 135 77 1130 1079 769 533 97 76 236 179 57 436 389 180 123 80 209 185 47 155 310 224 86 103 82 121 89 63 51 143 78 65 58 66 54 57 49 126 60 66 58 51 43 40
internal_count=1393 1258 1209 49 79 52 135 77 1130 1079 769 533 97 76 236 179 57 436 389 180 123 80 209 185 47 155 310 224 86 103 82 121 89 63 51 143 78 65 58 66 54 57 49 126 60 66 58 51 43 40
is_linear=0
shrinkage=0.01


Tree=115
num_leaves=53
num_cat=0
split_feature=77 1 77 32 17 72 82 17 82 4 20 2 82 30 67 4 20 20 7 16 100 73 31 83 56 72 7 38 77 83 87 82 6 98 38 83 25 41 100 35 31 4 79 41 31 31 73 61 2 2 14 7
split_gain=11.1153 10.1108 11.9051 9.29532 9.29867 8.00883 12.0715 9.02573 12.3923 7.83267 7.45437 11.6679 9.85521 8.5027 7.32526 7.14956 11.5952 8.01974 8.44264 6.72563 7.34891 9.1611 6.85471 10.7786 7.4374 7.24757 6.69942 6.82818 6.51373 6.50134 6.45333 6.33819 6.03163 6.75165 5.68786 5.35684 7.0985 7.22569 5.13676 5.01247 4.29078 4.21456 4.2 4.19333 3.97578 6.50893 3.8912 3.80581 3.73778 3.51054 1.90273 1.6
threshold=4164.58518917739 13016.673000000001 4204.3369398779751 259.75000000000006 169.65000000000001 962.50000000000011 462.73750000000001 37.45000000000001 1498.9500000000003 3317.5200000000004 2282.9500000000003 3245.6000000000004 428.40749999999997 69.750000000000014 26555.000000000004 11833.645000000002 961.00000000000011 1565.1000000000001 1656.4700000000003 6615.7500000000009 0.78819444444444453 929.62700000000007 8.5750000000000028 1977.6500000000017 -1.0000000180025095e-35 0.9820000000000001 244.80000000000004 7.1750000000000016 3781.2239262907901 2116.9000000000001 0.44791666666666669 477.75000000000006 6206.8650000000007 0.44097222222222227 7.075000000000002 2534.4499999999994 89.250000000000014 55.750000000000007 0.16319444444444445 28.175000000000004 11.325000000000001 7056.9250000000011 586.09025266442688 75.750000000000014 7.0250000000000012 11.425000000000002 1.1980000000000002 32492.350000000002 3166.0640000000003 2869.9440000000004 14074.450000000003 32.375000000000007
decision_type=2 2 2 2 2 2 2 2 2 2 2 2 2 2 2 2 2 2 2 2 2 2 2 2 2 2 2 2 2 2 2 2 2 2 2 2 2 2 2 2 2 2 2 2 2 2 2 2 2 2 2 2
left_child=5 -2 46 4 10 6 15 8 14 31 13 51 -13 38 -7 19 42 18 -18 20 21 22 24 -24 25 -1 27 32 -29 34 -26 44 33 -11 -15 36 37 -16 -4 -21 -39 -8 -17 -6 50 -46 -3 -23 -31 -28 -9 -12
right_child=1 2 3 -5 43 7 41 9 -10 26 11 12 -14 29 35 16 17 -19 -20 39 -22 47 23 -25 30 -27 49 28 -30 48 -32 -33 -34 -35 -36 -37 -38 40 -40 -41 -42 -43 -44 -45 45 -47 -48 -49 -50 -51 -52 -53
leaf_value=1.0290838158278834 -2.2359436922080427 -0.12224892766459569 -0.91583002230394306 -0.11351994305573673 0.045758162404405861 0.016871403560106232 4.2022230411666968 0.11802290696630731 0.042726935105883927 -2.8417650274751178 -0.06813863520691732 -0.14172400877026911 0.18007239862569363 0.064502789026180979 -0.69857650526778492 1.940979324257329 0.013711888217052177 0.052783721545712398 -1.2589155087165071 -0.36525757361545874 0.091727439691779156 3.0840220195438279 0.22503579946937088 -0.44359236975572741 0.020230823796354023 0.0080238254966772168 0.31717761778214304 -0.011549249644808005 -0.03832593813437403 0.023743896929743366 -4.338092210692742 -0.010722850479388013 0.51256342383907294 0.081693541377106271 1.8169867340183015 -1.9084560052672541 -0.28456124052185344 -0.023557488237272099 0.0051588133771862856 0.00017599227287340855 0.27857133998227313 3.038343234244715 0.04106953512419606 0.033458976780850275 0.00056552526540493532 0.39727870849258784 -0.040660174433963372 0.17879094157449785 -0.78239879615428887 0.0016587498322645595 1.8304692261208666 -2.4180680741103662
leaf_weight=22 31 21 22 33 23 32 22 20 25 21 20 25 31 38 22 28 27 33 23 24 21 21 22 26 30 35 22 37 24 25 20 25 22 39 28 21 33 27 23 29 20 36 20 20 36 28 26 20 20 24 23 20
leaf_count=22 31 21 22 33 23 32 22 20 25 21 20 25 31 38 22 28 27 33 23 24 21 21 22 26 30 35 22 37 24 25 20 25 22 39 28 21 33 27 23 29 20 36 20 20 36 28 26 20 20 24 23 20
internal_value=0.000746706 -0.000640394 -0.000186667 0.000487805 0.00105085 0.00133333 0.00228758 0.000459082 -0.00133333 0.00146417 0.00031746 -0.001875 0.00107143 0.00166667 -0.0023871 0.00167082 0.00358779 0.0013253 -0.0012 0.000740741 0.00152074 0.000918367 -0.000193548 -0.00333333 0.00121495 0.00368421 0.00015873 -0.000909091 -0.00344262 0.00315315 -0.0016 0.00333333 0.00097561 -0.000666667 0.00515152 -0.00349593 -0.00254902 -0.000724638 -0.002 -0.00245283 0.00148936 0.00655172 0.0075 0.00534884 0.00439252 0.0028125 -0.00489362 0.00512195 0.000222222 0.00347826 0.00674419 -0.006
internal_weight=1366 406 375 328 295 960 459 501 180 321 252 96 56 156 155 401 131 83 50 270 217 196 155 48 107 57 189 143 61 111 50 132 82 60 66 123 102 69 45 53 47 58 48 43 107 64 47 41 45 46 43 40
internal_count=1366 406 375 328 295 960 459 501 180 321 252 96 56 156 155 401 131 83 50 270 217 196 155 48 107 57 189 143 61 111 50 132 82 60 66 123 102 69 45 53 47 58 48 43 107 64 47 41 45 46 43 40
is_linear=0
shrinkage=0.01


Tree=116
num_leaves=51
num_cat=0
split_feature=72 51 85 27 76 11 16 10 76 1 27 39 30 62 62 33 62 31 6 46 91 30 74 46 62 78 22 72 60 27 68 28 39 36 22 27 78 100 78 83 16 91 10 62 78 78 36 67 76 16
split_gain=8.49392 9.62222 10.3439 12.9256 10.4441 9.53251 8.83104 9.53519 7.88296 7.36004 7.24825 6.71767 6.11412 6.18936 12.9628 10.4722 9.92821 8.67129 8.16556 8.65153 7.35553 5.89474 5.76 5.67589 12.2766 9.66032 10.1327 9.6253 7.20238 5.74824 5.71429 5.36678 5.11328 4.69875 6.36025 9.56267 8.24014 11.3466 5.72394 4.54173 6.05658 4.84848 4.42369 4.34295 4.16538 5.4831 4.14305 7.61471 3.27561 0.962791
threshold=962.50000000000011 1.0000000180025095e-35 1505.8000000000002 79.250000000000014 25591.726041666672 32627.750000000004 6624.4000000000005 35071.500000000007 38041.910416666673 13619.250000000002 95.750000000000014 99.250000000000014 3.5000000000000004 1378.4500000000003 1231.0935000000002 16.750000000000004 1439.6000000000001 7.075000000000002 3210.4450000000002 104.09499740600587 27542.856212500006 69.750000000000014 590.73700000000019 106.61500167846681 962.03250000000014 524.73536111111127 84.750000000000014 0.92450000000000021 1282.5740000000003 67.750000000000014 905.63250000000005 27.075000000000006 210.75000000000003 79.750000000000014 92.750000000000014 86.750000000000014 1288.0976111111113 0.010416666666666668 1507.2229166666668 2183.6500000000019 6766.2500000000009 30921.784693750003 34133.900000000009 1035.9215000000002 401.0842777777778 252.50736111111112 88.250000000000014 31016.150000000005 33230.712500000001 5846.9500000000007
decision_type=2 2 2 2 2 2 2 2 2 2 2 2 2 2 2 2 2 2 2 2 2 2 2 2 2 2 2 2 2 2 2 2 2 2 2 2 2 2 2 2 2 2 2 2 2 2 2 2 2 2
left_child=6 2 3 5 -4 -2 8 42 23 43 22 -6 -13 14 15 -14 -15 -16 -17 31 -18 -11 -10 24 25 29 48 -28 -25 -1 -29 -20 44 38 35 36 -35 -38 -22 41 -41 -9 -8 -7 45 -31 47 -26 -27 -48
right_child=1 -3 4 -5 11 9 7 39 10 21 -12 12 13 16 17 18 20 -19 19 -21 33 -23 -24 28 46 26 27 30 -30 32 -32 -33 -34 34 -36 -37 37 -39 -40 40 -42 -43 -44 -45 -46 -47 49 -49 -50 -51
leaf_value=0.0022516443750436664 0.45206809559772454 -7.7243588975321806 0.12320347170246314 -2.977813733601733 -1.0051580435104293 -0.65698847628264578 -0.0090114335506551527 0.011345100663751193 0.02119400655388403 -0.11896140524519468 -0.039577388463478441 -0.0053102033000180047 -2.0052434312657303 2.3804759998151765 -1.1960234184169627 0.12381201252422307 -0.012390528733492109 -0.00074469937685279325 -0.36878248312322087 0.19301575794542988 1.1373789338791245 0.27040578651453123 -0.014490687066027311 0.018050689849534493 0.019560133491764616 0.021336391741161764 0.03013107877544818 -2.9118069499111012 -0.42664179233610261 0.26438147740229201 0.017547863625502872 0.010132015896154431 0.011630094063537958 0.021419195833294921 0.57156652373754047 0.075613329055919526 0.039325958038432446 -0.081911291357707181 0.0099740425265420971 -0.01887889253466532 0.065160571938022799 -0.26786087694979954 -0.19589556722350487 -1.3317256818633274 4.4500898097679951 0.021701024366137675 7.8052896729306553 4.0609054246905769 1.7544445632630843 6.1823616821473344
leaf_weight=28 20 36 27 39 39 27 21 24 25 21 34 21 29 20 26 23 39 27 21 39 33 36 20 28 25 28 26 36 20 26 20 20 28 36 25 22 26 31 28 21 38 20 20 20 30 22 23 29 23 20
leaf_count=28 20 36 27 39 39 27 21 24 25 21 34 21 29 20 26 23 39 27 21 39 33 36 20 28 25 28 26 36 20 26 20 20 28 36 25 22 26 31 28 21 38 20 20 20 30 22 23 29 23 20
internal_value=0.000775988 4.10397e-05 0.000302158 -0.00190184 0.000977444 -0.000322581 0.00162205 -0.000555556 0.00226069 -0.00153846 -0.000632911 0.000653465 0.000987124 0.00123596 -0.000162162 0.00151515 0.00223077 -0.00433962 0.00300971 0.0015 0.00166667 0.000877193 0.002 0.00281553 0.00324176 0.00213483 0.000225564 -0.00195122 -0.000416667 0.00402985 -0.00428571 -0.00170732 0.00509434 0.00243781 0.00142857 0.000434783 -0.000967742 -0.00333333 0.0047541 0.00106796 0.00288136 -0.00136364 -0.00463415 -0.00446809 0.00641026 0.00458333 0.00628866 0.00444444 0.00372549 0.00860465
internal_weight=1366 731 695 163 532 124 635 144 491 104 79 505 466 445 185 132 260 53 103 80 240 57 45 412 364 267 133 82 48 134 56 41 106 201 140 115 93 57 61 103 59 44 41 47 78 48 97 54 51 43
internal_count=1366 731 695 163 532 124 635 144 491 104 79 505 466 445 185 132 260 53 103 80 240 57 45 412 364 267 133 82 48 134 56 41 106 201 140 115 93 57 61 103 59 44 41 47 78 48 97 54 51 43
is_linear=0
shrinkage=0.01


Tree=117
num_leaves=54
num_cat=0
split_feature=63 1 8 1 37 90 21 90 19 26 29 41 14 13 14 27 27 34 36 24 14 63 4 34 43 1 8 43 63 61 37 29 63 67 44 70 37 72 94 13 94 19 83 34 34 62 83 3 39 26 3 14 5
split_gain=7.26585 9.77123 9.88431 9.5411 9.37391 7.788 7.70795 8.91746 7.59343 7.37331 7.16765 9.92725 6.84247 7.77778 6.54976 8.19394 6.4 6.28416 6.07574 8.04648 10.56 7.9442 6.69674 7.05128 6.02151 5.80904 7.45015 9.46632 5.77559 10.3146 5.02612 7.53266 4.95867 6.3711 10.682 9.06426 6.87013 4.9 4.60952 4.33961 6.55325 4.18803 5.78664 4.16453 6.16161 6.80886 4.10427 3.46154 3.24 3.01467 2.75238 2.71515 2.61905
threshold=26889.850000000002 15294.550000000001 397.38930555555561 14755.650000000003 23.750000000000004 2514.5032500000002 17.725000000000005 1235.5213500000002 378.85000000000008 164.25000000000003 88.250000000000014 67.250000000000014 15290.800000000001 6674.3000000000002 17063.500000000004 44.250000000000007 26.750000000000004 51.250000000000007 88.250000000000014 11.025000000000002 16014.600000000002 35633.700000000004 15272.145000000002 92.750000000000014 70.99499893188478 15743.900000000003 411.70960526315793 75.049999237060561 28693.550000000003 30285.000000000004 57.750000000000007 86.750000000000014 29501.100000000002 33322.850000000006 2.6384999752044682 1301.1500000000003 94.750000000000014 1296.0300000000002 672206.06546687521 8555.0000000000018 628132.51020093751 1618.9000000000003 1733.1499999999999 53.750000000000007 80.250000000000014 1326.6000000000001 1834.0000000000002 11940.619500000003 163.75000000000003 55.750000000000007 16089.145500000002 12764.450000000003 10499.500000000002
decision_type=2 2 2 2 2 2 2 2 2 2 2 2 2 2 2 2 2 2 2 2 2 2 2 2 2 2 2 2 2 2 2 2 2 2 2 2 2 2 2 2 2 2 2 2 2 2 2 2 2 2 2 2 2
left_child=4 2 -2 6 -1 14 7 16 24 18 11 -6 13 -13 15 -5 -4 -12 19 22 50 25 23 30 -3 -20 52 -28 29 38 31 -10 47 34 -34 -36 -35 -16 -8 -29 -41 42 -9 -32 45 -45 49 -30 -49 -14 -21 -26 -27
right_child=1 8 3 5 10 -7 28 41 9 -11 17 12 46 -15 37 -17 -18 -19 21 20 -22 -23 -24 -25 51 26 27 39 32 -31 43 -33 33 36 35 -37 -38 -39 -40 40 -42 -43 -44 44 -46 -47 -48 48 -50 -51 -52 -53 -54
leaf_value=-0.32878872016820088 -2.4939475062397523 -0.002413393274393192 -0.52002985077946973 0.0081226367572508392 0.8003024104866876 -0.075072874785462512 0.15194860354925341 -1.2397947224514974 0.01117464517232097 -0.02332620144440762 -0.88400290404009074 0.03695485555243487 0.11533547008391487 -2.8622343985967116 4.2528648295521752 -0.041569519989955186 0.14035403706395369 0.069995375660056675 -0.014719638030621094 0.022002281207256377 -0.016145005172413837 -0.10958186612216597 0.046189695682932616 -0.033893693052364872 0.63996456051265083 0.86491534753068211 -0.026190008623098979 0.17809254985950845 0.011298398799141154 -0.33699080583536356 0.041438637823059572 -0.53611779332104703 -0.035464445559099972 0.0066008629326691293 -0.012402186592392957 1.1232123377452941 0.3767632247099551 -0.18667149027514363 -0.88257203662568118 -0.012233051073839657 0.055715071429503576 -0.00050115054989784244 -0.2790248110296355 -0.12834653449839678 0.032209178547591519 0.025374110942964646 0.011063700972179869 0.20659295480843312 0.1839694238918782 1.3232367283735733 1.2859688815637704 1.8838623010109445 3.1506241209478789
leaf_weight=23 34 20 20 22 38 22 28 23 20 30 38 36 23 20 20 33 20 33 32 28 33 23 26 33 20 20 32 23 20 26 29 23 30 28 23 39 22 20 20 22 20 20 29 31 20 20 20 20 25 22 20 22 22
leaf_count=23 34 20 20 22 38 22 28 23 20 30 38 36 23 20 20 33 20 33 32 28 33 23 26 33 20 20 32 23 20 26 29 23 30 28 23 39 22 20 20 22 20 20 29 31 20 20 20 20 25 22 20 22 22
internal_value=0.000644217 0.000296496 -0.000661765 -0.000313725 0.00217391 -0.00282051 0.00043257 -0.00178571 0.00121265 0.000808679 0.00278261 0.00396226 0.00256198 0 -0.00157895 -0.00381818 0.002 0.000140845 0.00111111 0.000176678 0.00283951 0.00247423 -0.000891089 -0.00159091 0.00451613 0.00321637 0.00410072 0.00257732 0.00131673 -0.00108108 -0.000629371 -0.00348837 0.00217391 0.00112676 -0.000434783 0.00193548 0.004 0.0015 0.00166667 0.00476923 0.00285714 -0.00388889 -0.00538462 0.0006 -0.000704225 -0.00254902 0.00476923 0.00446154 0.006 0.00644444 0.00583333 0.00666667 0.00761905
internal_weight=1366 1113 544 510 253 117 393 112 569 507 230 159 121 56 95 55 40 71 477 283 81 194 202 176 62 171 139 97 281 74 143 43 207 142 92 62 50 40 48 65 42 72 52 100 71 51 65 65 45 45 48 42 42
internal_count=1366 1113 544 510 253 117 393 112 569 507 230 159 121 56 95 55 40 71 477 283 81 194 202 176 62 171 139 97 281 74 143 43 207 142 92 62 50 40 48 65 42 72 52 100 71 51 65 65 45 45 48 42 42
is_linear=0
shrinkage=0.01


Tree=118
num_leaves=53
num_cat=0
split_feature=69 51 94 43 79 39 94 79 2 82 25 25 47 68 13 14 13 69 94 43 24 84 71 79 22 71 82 65 63 43 6 84 22 24 98 78 2 1 16 22 16 37 24 24 24 33 68 2 24 69 79 11
split_gain=8.71544 8.15309 6.82795 9.87916 7.30623 11.3335 6.46154 5.93566 5.46874 6.13698 11.0898 9.00206 7.82613 10.4334 8.20455 7.67549 6.94302 7.51304 7.31304 6.82899 6.67512 7.12532 7.65708 10.0227 6.36782 6.28953 6.19286 6.15712 10.5146 5.5825 5.26753 5.25762 5.21335 5.13676 8.93447 6.48853 5.77444 9.28929 9.33947 6.10909 4.91863 4.36015 7.7363 4.97549 4.12208 3.88658 3.6 3.42857 3 2.96077 2.82122 2.45831
threshold=24550.750000000004 1.0000000180025095e-35 447455.68841531262 74.655002593994155 708.15994062793311 211.25000000000003 615147.63983750029 692.04359553917038 2110.2500000000005 0.017500000000000019 248.50000000000003 229.75000000000003 1.0000000180025095e-35 1759.7555000000002 3273.2500000000005 12764.450000000003 2769.1500000000001 35926.700000000004 655851.94455187523 85.405002593994155 4.0250000000000012 102.59842708333333 1482.0405000000003 420.77450383154456 94.250000000000014 1503.2500000000002 963.10000000000014 29226.900000000005 29279.350000000002 67.014999389648452 6787.1400000000012 985.99948958333346 91.750000000000014 6.4250000000000016 0.10069444444444446 397.30198263888894 2538.8000000000006 14931.1 6114.7500000000009 87.750000000000014 6878.9000000000005 86.250000000000014 10.125000000000002 7.5750000000000011 7.625 34.250000000000007 1509.9500000000003 2675.3500000000004 10.525000000000002 32321.500000000004 476.38351572361688 37390.80000000001
decision_type=2 2 2 2 2 2 2 2 2 2 2 2 2 2 2 2 2 2 2 2 2 2 2 2 2 2 2 2 2 2 2 2 2 2 2 2 2 2 2 2 2 2 2 2 2 2 2 2 2 2 2 2
left_child=6 2 3 -2 7 30 -1 8 -4 10 16 12 13 15 -14 47 17 18 19 25 51 -22 23 29 32 -10 -16 28 45 -23 -6 -3 33 34 -25 -35 -37 -38 -39 -40 41 43 50 -17 -34 -24 -29 -11 -8 -31 -43 -18
right_child=1 31 4 -5 5 -7 48 -9 9 11 -12 -13 14 -15 26 40 20 -19 -20 -21 21 22 27 24 -26 -27 -28 46 -30 49 -32 -33 44 35 -36 36 37 38 39 -41 -42 42 -44 -45 -46 -47 -48 -49 -50 -51 -52 -53
leaf_value=-0.019419843145367262 -1.062354236597288 -1.5504008111131231 -2.1269544027130194 0.014371298305199693 -1.1108710565040896 0.0085425902203757603 4.8245049349824498 0.061048017987710604 0.0028656252476037779 -0.010744572989163431 -0.02309293942996354 4.0871160357726426 0.10206618848442744 -0.021280728948786916 -1.7675477310426895 -0.057190410280147645 0.056243278285501928 -0.36579461204858932 0.019369040023199311 0.011631105196434099 0.032170060952443826 0.023266387168459347 0.32541057596662853 0.015687010228702124 -0.021024898692987192 -0.035783025185807359 -0.04962311388791054 2.7444910109945737 -0.045792292668539611 -3.607497358433509 -0.020219289193357019 -7.6452940427282225 0.077985251251079371 -0.033554756121841223 -0.099414542934476241 1.9794713580690302 -0.054703386458397438 0.14412995227290756 0.081027225276321196 -0.018459289646659868 1.8765741463788723 0.70229929124048174 0.0021739784846315758 0.15024644514332283 0.038546801597569361 0.0074332980635988897 0.046890255474262135 0.19764942456311382 0.11068316469741418 -2.9224594135907895 0.39346169122491392 0.051982776298772598
leaf_weight=28 33 23 37 23 22 29 30 24 20 21 36 26 33 33 20 21 23 23 23 33 31 21 20 25 22 39 28 20 20 23 20 22 22 39 27 21 32 38 22 20 25 24 29 38 20 22 20 21 20 20 25 29
leaf_count=28 33 23 37 23 22 29 30 24 20 21 36 26 33 33 20 21 23 23 23 33 31 21 20 25 22 39 28 20 20 23 20 22 22 39 27 21 32 38 22 20 25 24 29 38 20 22 20 21 20 20 25 29
internal_value=0.000600293 0.000403727 0.000555109 -0.00285714 0.000716091 -0.00239437 0.00384615 0.000913978 0.000805861 0.000938389 0.000407876 0.00203488 0.00157233 0.00248945 -0.00111111 0.00333333 0.000696296 -0.00130435 -0.00026087 -0.00152174 0.00121043 0.000845361 0.000528634 -0.000170455 0.000625 -0.00355932 -0.00375 0.00294118 0.000967742 -0.00375 -0.00571429 -0.00377778 0.00105263 0.000446429 -0.00230769 0.00127907 0.00233083 0.00142857 0.00325 0 0.00432099 0.00357664 0.00512821 0.00152542 0.00428571 0.00380952 0.006 -0.00047619 0.006 -0.00581395 0.00755102 0.00461538
internal_weight=1366 1288 1243 56 1187 71 78 1116 1092 1055 711 344 318 237 81 204 675 138 115 92 537 485 454 352 288 59 48 102 62 64 42 45 266 224 52 172 133 112 80 42 162 137 78 59 42 42 40 42 50 43 49 52
internal_count=1366 1288 1243 56 1187 71 78 1116 1092 1055 711 344 318 237 81 204 675 138 115 92 537 485 454 352 288 59 48 102 62 64 42 45 266 224 52 172 133 112 80 42 162 137 78 59 42 42 40 42 50 43 49 52
is_linear=0
shrinkage=0.01


Tree=119
num_leaves=52
num_cat=0
split_feature=65 68 39 62 76 44 71 20 13 72 45 29 81 65 75 1 75 80 20 23 16 11 80 41 41 39 78 1 66 22 75 13 27 16 41 76 91 98 78 23 23 82 33 82 11 40 13 66 40 45 8
split_gain=8.0585 9.376 10.0658 9.2569 9.15686 8.43407 8.05342 7.49436 10.0017 9.27248 9.14432 8.68925 9.27975 9.47564 8.81633 8.06255 8.04376 6.86941 6.7128 14.1735 6.59184 6.28931 7.21719 10.329 9.61763 6.07986 7.50089 5.8056 5.74755 5.84588 9.35987 5.60201 7.63194 5.57061 5.56383 5.17927 6.40523 9.8795 7.25926 9.59483 7.50823 5.07347 5.20255 4.74797 4.69333 4.56121 4.3645 3.81688 3.75065 3.09215 1.04833
threshold=26854.050000000003 1386.2 92.250000000000014 0.15000000000000005 37102.926041666673 6.2549998760223398 1234.7290000000003 1295.2500000000002 1642.9000000000003 223.71250000000003 25402.500000000004 88.750000000000014 3623.1316547471383 27671.900000000005 254.85518703859466 14112.750000000002 54.549511382082237 31549.965277777785 730.75000000000011 65.250000000000014 5454.7000000000007 33426.600000000006 30459.711111111119 74.250000000000014 49.750000000000007 128.25000000000003 648.83384027777788 14755.650000000003 1682.5500000000002 89.250000000000014 493.67373647313809 9314.5500000000011 93.250000000000014 5954.3500000000013 84.750000000000014 33755.575000000004 31035.773100000002 0.21875000000000003 828.82351041666686 99.250000000000014 81.750000000000014 961.50000000000011 36.750000000000007 499.22050000000007 40413.700000000004 95.750000000000014 3758.2500000000005 1308.2000000000003 79.750000000000014 25282.500000000004 415.67776315789479
decision_type=2 2 2 2 2 2 2 2 2 2 2 2 2 2 2 2 2 2 2 2 2 2 2 2 2 2 2 2 2 2 2 2 2 2 2 2 2 2 2 2 2 2 2 2 2 2 2 2 2 2 2
left_child=3 7 -3 -1 5 21 18 11 -9 31 15 12 14 -14 -2 -11 -15 -18 19 -5 -7 -4 48 24 -24 -21 -27 -25 29 30 -26 50 49 41 -29 -19 37 -37 39 40 -38 42 -20 -17 -41 -28 -8 -13 -23 -33 -10
right_child=1 2 4 6 -6 20 46 8 9 10 -12 47 13 16 -16 43 17 35 33 25 -22 22 23 27 28 26 45 34 -30 -31 -32 32 -34 -35 -36 36 38 -39 -40 44 -42 -43 -44 -45 -46 -47 -48 -49 -50 -51 -52
leaf_value=2.48348736141967 -0.038363427144087206 -2.3074442840838221 -3.4981626116992346 0.73831280581402514 0.061446029855066364 0.12097520919244477 0.18092686255210821 -0.037038692745283874 0.50417702969417832 -0.41828359802775611 -0.92761111342295299 0.11889431993413906 -0.55053740491646563 0.16280105530477898 5.6941156326970086 1.7355448495593266 0.82543245530479514 -0.09212922452273066 -0.85710038288534252 0.199836521508376 -0.010232368684813576 -0.16639116189252393 -0.074053336935404723 0.023415899517197945 -0.10031600357402834 0.085715288553419089 -1.9551492638675876 -0.033474885126869122 -0.0044433496894487707 0.18193603925272744 0.051081405156925365 0.0080664529551537755 -0.0065945285914200766 0.094339478829887261 -0.021040648143141955 -0.017628579731483428 -0.00073895644566784045 2.603996012765402 -1.4989386005860001 -0.00037531289697730926 -0.094036758704692192 0.0021522386997852297 -8.3950715438914276 0.17625508338450743 3.9227768923759609 -0.0041170319213147642 1.3554650767996907 1.1780760825473218 -0.0094689552320616453 0.064044217336105991 7.159730879177582
leaf_weight=22 21 30 24 31 25 26 28 21 20 22 21 37 23 21 28 25 21 34 34 33 32 20 25 22 23 26 24 34 28 37 21 22 27 21 20 31 30 29 36 30 23 27 21 23 25 23 27 27 35 27 23
leaf_count=22 21 30 24 31 25 26 28 21 20 22 21 37 23 21 28 25 21 34 34 33 32 20 25 22 23 26 24 34 28 37 21 22 27 21 20 31 30 29 36 30 23 27 21 23 25 23 27 27 35 27 23
internal_value=0.000527086 0.000104862 -0.00109453 0.00192429 -0.000645161 -0.00106628 0.00145763 0.000850077 0.00229437 0.00295238 0.000549451 4.80769e-05 -0.000568182 -0.00122112 0.00346939 0.00228571 -0.000714286 -0.00119691 0.000666667 0.00211679 0.00241379 -0.00176471 -0.00132075 -0.00047619 0.00119403 0.000377358 -0.00123288 -0.00342105 0.00247706 0.00382716 0.00136364 0.00478992 0.00315789 -0.00126214 -0.00518519 -0.00168067 -0.00107843 0.00166667 -0.00222222 -0.000925926 -0.00396226 -0.00243902 -0.00418182 0.00458333 0.002 -0.00361702 0.00490909 0.0034375 -0.00454545 0.0055102 0.00767442
internal_weight=1366 1049 402 317 372 347 295 647 231 210 91 416 352 303 49 70 280 259 240 137 58 289 265 210 134 106 73 76 109 81 44 119 76 103 54 238 204 60 144 108 53 82 55 48 55 47 55 64 55 49 43
internal_count=1366 1049 402 317 372 347 295 647 231 210 91 416 352 303 49 70 280 259 240 137 58 289 265 210 134 106 73 76 109 81 44 119 76 103 54 238 204 60 144 108 53 82 55 48 55 47 55 64 55 49 43
is_linear=0
shrinkage=0.01


Tree=120
num_leaves=51
num_cat=0
split_feature=80 14 88 5 35 29 40 88 81 76 36 40 28 80 28 14 81 28 22 83 40 20 81 10 60 1 65 2 72 40 97 28 61 61 93 65 42 78 40 66 73 29 76 83 20 65 28 63 40 0
split_gain=9.05451 15.3476 8.07773 11.9268 12.3188 9.05187 10.2829 8.51441 8.19905 13.9443 9.06259 12.196 11.5563 8.78367 9.73562 8.02508 7.67736 7.39267 6.83196 6.80433 6.55901 6.44234 10.1587 6.36174 13.52 6.13263 6.0796 11.8026 7.22442 6.04571 8.14209 5.95118 13.0186 5.93407 5.6774 5.63333 5.48782 8.3072 6.13993 4.90909 4.9 4.9 4.66919 4.6045 4.2407 4.21978 3.96825 2.93492 1.82508 0.409756
threshold=27150.282986111113 14269.100000000002 4536.041666666667 4178.4250000000011 24.475000000000005 80.250000000000014 83.250000000000014 3419.256041666667 4271.1185818289323 33958.373958333344 88.250000000000014 131.75000000000003 26.675000000000004 33463.562152777791 30.325000000000006 13708.200000000003 3539.848954046407 27.525000000000002 87.750000000000014 1366.7500000000002 87.250000000000014 1592.9000000000003 3780.2647256165128 35653.000000000007 146.17950000000005 14883.250000000002 29063.850000000002 2800.1500000000005 0.93000000000000016 133.75000000000003 0.34375000000000006 25.175000000000004 32315.050000000003 31019.650000000005 415.67776315789479 29001.900000000005 97.575000762939467 567.61035416666675 109.25000000000001 771.42450000000019 982.96400000000006 86.250000000000014 30418.900000000005 1960.000000000002 253.50000000000003 28021.300000000003 24.175000000000004 33179.30000000001 73.250000000000014 31222.800000000003
decision_type=2 2 2 2 2 2 2 2 2 2 2 2 2 2 2 2 2 2 2 2 2 2 2 2 2 2 2 2 2 2 2 2 2 2 2 2 2 2 2 2 2 2 2 2 2 2 2 2 2 2
left_child=1 41 3 5 -5 40 7 -7 10 18 12 16 21 -11 19 29 -12 -14 25 -15 -6 22 -4 31 -25 -10 39 -28 47 30 -8 46 48 -9 49 -13 -21 -38 -39 -19 -2 -1 -24 -44 -3 -23 -18 -29 -33 -20
right_child=2 44 8 4 20 6 15 33 9 13 11 35 17 14 -16 -17 23 26 34 36 -22 45 42 24 -26 -27 27 28 -30 -31 -32 32 -34 -35 -36 -37 37 38 -40 -41 -42 -43 43 -45 -46 -47 -48 -49 -50 -51
leaf_value=0.15478669037298595 -0.11711160124573056 0.039744710136937783 -0.12109737297940498 0.065456202366621793 -2.3382274989014444 -0.36139335149155655 0.0019906371860977752 0.64919613784628727 -0.18558503354082781 0.81717813075174717 0.99408106481443437 6.2888582058451687 -0.039052442365538377 0.084153846330240645 0.018861562408090348 0.44749681692828036 -0.078090854554923331 -0.012531626011752062 0.39125239547596613 -2.6793980922496865 -0.014573618976869547 -0.10193761607765735 0.58958977409692626 -0.013452164977490204 0.63753369606945265 1.3158363698181836 1.6079465066735068 -0.05599217088072795 0.0094823130461562256 0.033219652383369817 -0.060485541898431062 -4.2806340924013382 0.0069767587373849695 -0.0093743263472582401 0.24241738271170257 0.020793550256933208 -0.026532410735591889 -0.068509680603487291 0.077609625911603988 -0.3774481003983074 -0.023165823658432734 -1.1181396419271132 -0.049415713498984007 0.0428581607528251 2.5798402386696613 0.030547778833413319 0.035613229296391692 -0.010381079562058214 -0.043462216226029471 1.9741703603083671
leaf_weight=20 20 24 24 20 33 22 34 21 26 27 36 24 33 24 25 29 24 33 20 21 23 24 33 25 25 32 31 24 39 25 22 23 39 39 22 30 38 34 32 33 20 20 21 27 34 28 21 21 20 21
leaf_count=20 20 24 24 20 33 22 34 21 26 27 36 24 33 24 25 29 24 33 20 21 23 24 33 25 25 32 31 24 39 25 22 23 39 39 22 30 38 34 32 33 20 20 21 27 34 28 21 21 20 21
internal_value=0.00033675 0.00326531 0.00011041 -0.0012987 -0.00473684 -0.000172414 0.000729167 -0.00195122 0.0005625 0.00186335 -9.40439e-05 0.00131086 -0.00110512 0.000248756 -0.000574713 0.00272727 0.000234742 -0.00261682 0.00454545 -0.00154362 -0.00714286 0.000955414 0.00238095 -0.000621469 0.0024 0.00206897 -0.0018232 -0.000434783 -0.00238095 0.00111111 -0.000714286 -0.00181102 -0.00341463 0 0.0068254 0.00555556 -0.00248 -0.00153846 0.000606061 -0.00424242 -0.0045 -0.0015 0.00407407 0.00208333 0.00655172 -0.00192308 0.00111111 -0.00511111 -0.0072093 0.00902439
internal_weight=1366 98 1268 308 76 232 192 82 960 322 638 267 371 201 174 110 213 214 121 149 56 157 105 177 50 58 181 115 84 81 56 127 82 60 63 54 125 104 66 66 40 40 81 48 58 52 45 45 43 41
internal_count=1366 98 1268 308 76 232 192 82 960 322 638 267 371 201 174 110 213 214 121 149 56 157 105 177 50 58 181 115 84 81 56 127 82 60 63 54 125 104 66 66 40 40 81 48 58 52 45 45 43 41
is_linear=0
shrinkage=0.01


Tree=121
num_leaves=54
num_cat=0
split_feature=77 26 63 38 26 65 16 77 16 31 38 63 45 38 20 38 60 62 20 32 20 20 26 69 91 16 36 35 0 14 77 97 16 75 31 11 35 39 39 31 0 14 33 14 11 16 1 72 77 20 6 16 16
split_gain=11.558 13.7768 9.01841 8.64184 9.39339 8.22261 11.3976 12.0294 8.78483 11.2249 10.7568 8.31554 11.194 7.854 7.69458 8.4026 7.77076 9.92596 13.0531 13.1274 10.107 8.28254 6.40212 6.15951 5.79884 5.77544 5.7399 6.86646 5.73255 7.87879 5.58927 5.6446 7.96367 5.57634 5.14994 4.99025 4.90656 4.85984 8.19156 4.61425 4.43478 5.42617 4.04739 3.96589 3.84731 3.72455 7.37449 4.00346 2.96077 2.81299 1.6 1.6 1.6
threshold=3328.5295765144406 159.25000000000003 24682.350000000002 9.7750000000000021 100.75000000000001 26887.900000000005 3858.5000000000005 3554.479613726684 4832.1500000000005 8.3750000000000018 6.8750000000000009 28737.150000000005 24247.500000000004 9.9250000000000025 643.45000000000016 2.3750000000000004 1505.6875000000002 504.7675000000001 896.70000000000016 241.75000000000003 1546.3500000000001 1940.0500000000004 1.7500000000000002 32196.450000000004 31917.030668750001 5737.8000000000011 90.750000000000014 27.775000000000002 31359.100000000002 15771.950000000003 3766.3513455451694 0.15625000000000003 6533.5500000000002 251.66364086067162 11.225000000000001 37484.500000000007 26.575000000000006 162.75000000000003 118.25000000000001 3.7250000000000005 33050.650000000009 14707.550000000001 101.75000000000001 15906.700000000003 39710.150000000009 4189.6000000000013 12970.950000000003 1361.0500000000002 4179.7592331626529 1964.0500000000004 6029.9400000000014 6240.9500000000016 6163.3500000000013
decision_type=2 2 2 2 2 2 2 2 2 2 2 2 2 2 2 2 2 2 2 2 2 2 2 2 2 2 2 2 2 2 2 2 2 2 2 2 2 2 2 2 2 2 2 2 2 2 2 2 2 2 2 2 2
left_child=3 2 43 26 25 13 11 23 10 14 35 -7 -13 45 28 -16 17 18 -17 20 -20 36 -19 42 -21 -5 27 33 -10 -30 -11 32 -32 -1 40 -9 -18 38 -33 -24 41 -35 -8 -2 51 -4 -47 -48 -41 -40 -14 -39 -3
right_child=1 52 5 4 -6 6 7 8 9 30 -12 12 50 -15 15 16 21 22 19 24 -22 -23 39 -25 -26 -27 -28 -29 29 -31 31 37 -34 34 -36 -37 -38 44 49 48 -42 -43 -44 -45 -46 46 47 -49 -50 -51 -52 -53 -54
leaf_value=-0.16669617188443467 -7.5528894603511434 -0.0049542427254661006 0.70750637148431961 -2.5092153690975003 0.1248223439660773 -2.0698431513430866 -0.056417480289895183 2.0138668958918755 -1.290577565364271 0.066224527657503002 -0.04280995012032035 0.051135818918288008 -0.34995159614368293 -0.59322649730843846 1.0829896704405713 0.87283384630466909 0.063538442818508595 0.024135745285148696 0.0016977924632832987 -0.030356758982502487 0.51410648455710539 -0.0019079691026554324 -0.036459178600607912 -0.047919353475460974 -0.01236264194200179 -0.00020710512844005074 0.48811808883025415 0.8241032991200189 0.29860155731832755 -0.043111786107959647 -3.6807150643836031 0.01966584009558003 -0.0010307337208769159 0.071914680285858901 -0.037156445321573632 0.13590511256250204 2.6892224586103475 -0.0087177651075044105 -1.0381564107747749 -1.8575026970075557 -0.0027129609827683931 0.1134745492607562 0.041913612299549749 -0.0030067930500808594 0.042398809797838631 -0.063896188265379877 2.552057772556299 0.038407811206282616 -1.1505223371524462 -0.022434053990461944 -0.0458359583430639 0.0022852717574337257 -0.027431138526427989
leaf_weight=31 26 20 27 22 24 25 21 27 21 33 28 27 20 20 24 36 37 27 39 20 20 25 20 29 21 27 36 23 22 30 29 22 24 29 33 30 34 20 22 23 24 39 20 20 21 26 22 20 20 20 20 20 20
leaf_count=31 26 20 27 22 24 25 21 27 21 33 28 27 20 20 24 36 37 27 39 20 20 25 20 29 21 27 36 23 22 30 29 22 24 29 33 30 34 20 22 23 24 39 20 20 21 26 22 20 20 20 20 20 20
internal_value=0.000234261 -0.000241187 -1.92678e-05 0.00201389 -0.000958904 0.000181452 -0.000148233 0.000242038 0.000629371 0.000222222 0.00364706 -0.00347826 -0.00164179 0.00269565 0.00116945 0.00179191 0.00136646 0.000353982 0.00205882 0.0002 0.00322034 0.00375 -0.00222222 -0.00371429 -0.00414634 -0.00346939 0.00302326 0.0022905 -0.00178082 0 -0.00165877 -0.00235955 -0.00509434 0.00153846 0.00248 0.00614035 0.00549296 -0.0012 -0.003125 -0.00396825 0.00369565 0.005 -0.00121951 -0.00434783 0.000819672 0.00389474 0.00264706 0.0052381 -0.00581395 -0.00571429 -0.005 -0.001 -0.006
internal_weight=1366 1078 1038 288 73 992 877 785 715 630 85 92 67 115 419 346 322 226 136 100 59 96 90 70 41 49 215 179 73 52 211 178 53 156 125 57 71 125 64 63 92 68 41 46 61 95 68 42 43 42 40 40 40
internal_count=1366 1078 1038 288 73 992 877 785 715 630 85 92 67 115 419 346 322 226 136 100 59 96 90 70 41 49 215 179 73 52 211 178 53 156 125 57 71 125 64 63 92 68 41 46 61 95 68 42 43 42 40 40 40
is_linear=0
shrinkage=0.01


Tree=122
num_leaves=53
num_cat=0
split_feature=6 67 21 10 75 1 21 46 45 98 69 45 82 25 20 81 24 20 14 90 64 44 61 82 97 78 81 81 67 67 14 11 37 1 10 67 24 1 10 10 67 61 39 45 46 37 14 13 97 26 1 0
split_gain=14.0086 8.08199 6.43434 6.92929 6.23212 6.67837 10.1457 9.89309 8.88078 8.99721 7.33372 7.14366 7.04374 5.78728 7.0388 9.39584 12.0628 14.875 10.6883 8.1241 7.7171 6.56852 6.91229 8.35579 7.5705 7.49386 6.82947 5.75475 12.5048 7.82841 5.74467 5.86667 5.44916 5.27719 8.32363 6.55551 5.16072 5.08804 5.00087 4.48396 4.07273 3.92727 3.78126 3.6 3.5461 3.23 3.10303 2.72113 2.63743 1.82508 1.6 0.109091
threshold=2690.7200000000007 25275.150000000005 20.325000000000006 32953.850000000013 743.2159826511064 17063.637000000006 29.875000000000004 91.055000305175795 26028.000000000004 0.23263888888888892 22337.600000000002 25446.500000000004 0.10799999999998545 242.25000000000003 943.40000000000009 3825.3419381580848 7.625 692.50000000000011 15038.150000000001 2452.4167500000008 963.10000000000014 2.9765000343322758 31110.250000000004 -0.07349999999999994 0.13541666666666671 1413.083510416667 3888.9415635024466 3984.2032089642425 30563.050000000007 29774.100000000002 12928.900000000001 33526.000000000007 86.750000000000014 15487.350000000002 31538.050000000003 35274.05000000001 7.5750000000000011 13878.000000000002 38501.500000000007 31317.300000000003 32551.800000000007 35595.700000000004 173.25000000000003 23432.000000000004 97.774997711181655 97.250000000000014 12799.100000000002 3758.2500000000005 0.15625000000000003 8.7500000000000018 14625.150000000001 33063.450000000004
decision_type=2 2 2 2 2 2 2 2 2 2 2 2 2 2 2 2 2 2 2 2 2 2 2 2 2 2 2 2 2 2 2 2 2 2 2 2 2 2 2 2 2 2 2 2 2 2 2 2 2 2 2 2
left_child=2 36 46 -4 5 6 7 12 9 11 -9 38 -3 14 15 18 17 50 30 39 -20 22 -16 -24 -25 32 43 -28 29 45 31 -12 -26 34 -30 -35 -2 -14 -7 -18 -5 -42 -10 -23 -44 -29 -1 -11 -41 -36 -17 -50
right_child=1 4 3 40 -6 8 -8 10 42 47 13 -13 37 -15 21 16 19 -19 20 -21 -22 26 23 24 25 -27 27 28 33 -31 -32 -33 -34 35 49 -37 -38 -39 -40 48 41 -43 44 -45 -46 -47 -48 -49 51 -51 -52 -53
leaf_value=-5.4480857891055168 1.4379570883500827 0.010109152501054836 0.0035329896508962955 -0.04249084688455583 -0.24670129029849613 -0.016065761213175943 3.5739036111439395 3.7350079951752213 -0.0051061200635134042 -0.69584480804576365 0.58634679026029046 -1.7901166342550527 -2.3142062620297761 -0.014864685028172677 0.34626605756177825 -0.18853332599962813 0.13493021416074519 0.7424102349339341 0.083478732042808354 0.023481423571752438 -0.021112035867498626 -0.02317748048944759 0.044891516474779597 -0.068705026161563473 0.01868599841381215 -0.040126389978235796 -0.046585480013542124 0.019591464881932127 -0.0062786715051359864 1.3158241593390418 -1.5738850444568158 -0.040527174291939028 0.17546741558650339 0.097892496738323731 -1.1452716518452528 -1.5174991656803196 0.03274010650272581 -0.017961908393876753 0.0084224224586890752 0.30361539945324106 0.01680652808427887 -0.011203750454674848 0.0062341554441801899 0.36519559931992779 0.12984502739914816 -0.0071816787427888993 -0.024348669374302193 0.13440246115090401 2.2002003862755606 -0.50126598035247782 -0.041218970171373236 3.0737704395382854
leaf_weight=24 35 23 22 22 28 20 23 23 20 20 20 31 21 26 27 20 35 38 36 30 23 20 36 23 28 36 31 23 34 20 35 24 27 33 23 34 39 20 22 21 33 22 20 20 27 21 20 23 20 20 20 24
leaf_count=24 35 23 22 22 28 20 23 23 20 20 20 31 21 26 27 20 35 38 36 30 23 20 36 23 28 36 31 23 34 20 35 24 27 33 23 34 39 20 22 21 33 22 20 20 27 21 20 23 20 20 20 24
internal_value=0.000234261 0.00058054 -0.00272727 -0.00131313 0.000374238 0.000490633 0.000831557 0.000666667 -0.00125683 -0.00293103 0.000951821 -0.00506849 -0.003125 0.000797101 0.000947631 0.00202312 0.00336538 0.00025641 0 0.00523077 0.00322034 0.000131579 0.00163842 0.0008 -0.000526316 0.000769231 -0.000824373 -0.00146444 -0.000865385 0.0028125 -0.00240506 0 0.00309091 -0.0025 -0.00428571 -0.000447761 0.00378378 -0.00560976 -0.00238095 0.0066 -0.00272727 -0.00127273 0.00164179 0.003 0.00319149 0.000454545 -0.00590909 0.000697674 0.00815385 -0.0072093 -0.004 0.00954545
internal_weight=1366 1223 143 99 1149 1121 938 915 183 116 851 73 64 828 802 346 208 78 138 130 59 456 177 150 114 91 279 239 208 64 79 44 55 144 77 67 74 41 42 100 77 55 67 40 47 44 44 43 65 43 40 44
internal_count=1366 1223 143 99 1149 1121 938 915 183 116 851 73 64 828 802 346 208 78 138 130 59 456 177 150 114 91 279 239 208 64 79 44 55 144 77 67 74 41 42 100 77 55 67 40 47 44 44 43 65 43 40 44
is_linear=0
shrinkage=0.01


Tree=123
num_leaves=52
num_cat=0
split_feature=88 22 80 14 68 23 5 8 69 82 22 38 8 14 34 80 0 91 74 80 80 46 38 43 17 17 66 88 38 37 98 23 88 13 39 78 82 98 26 46 37 88 10 7 17 19 88 34 11 2 2
split_gain=13.9608 10.7323 10.8813 11.2862 6.33546 7.83455 7.64107 7.20768 12.573 6.58852 8.2471 10.1023 7.19055 7.11032 6.93146 6.59098 10.2638 9.80992 13.9084 7.09459 6.10909 6.10649 6.19682 7.76866 6.36416 6.82237 5.60769 5.38572 5.17234 5.15838 4.71429 6.03068 4.57415 6.75032 4.5584 4.55568 7.93597 6.21621 7.35 6.69643 5.47866 7.51361 5.94464 4.66919 4.48242 3.93818 3.60738 3.48311 3.48188 2.69365 1.67828
threshold=2445.3708333333338 59.250000000000007 27150.282986111113 14729.850000000002 1772.5000000000002 3.2500000000000004 6440.6050000000005 415.95586770981515 31794.000000000004 1772.0000000000002 86.250000000000014 4.1750000000000016 393.23111111111115 16197.200000000003 41.250000000000007 35785.989930555559 32159.950000000001 26028.996375000002 1213.8809166666667 37802.949305555558 38967.264930555561 91.055000305175795 13.475000000000001 82.74499893188478 227.10000000000005 201.10000000000002 940.57000000000016 10537.723541666668 3.8750000000000004 98.750000000000014 0.14236111111111113 93.750000000000014 8353.2475000000031 3422.9000000000001 150.25000000000003 448.35056250000008 19.865000000000013 0.23263888888888892 3.7500000000000004 98.915000915527358 83.250000000000014 5229.8825000000006 33197.400000000009 31.665000000000003 61.500000000000007 1395.6000000000001 4886.2475000000013 72.250000000000014 35959.700000000004 3234.8755000000006 3001.9500000000003
decision_type=2 2 2 2 2 2 2 2 2 2 2 2 2 2 2 2 2 2 2 2 2 2 2 2 2 2 2 2 2 2 2 2 2 2 2 2 2 2 2 2 2 2 2 2 2 2 2 2 2 2 2
left_child=-1 46 3 -3 5 47 7 -6 -9 10 11 13 -12 -7 -14 16 17 -13 26 -17 -21 -16 24 -24 25 28 -19 32 30 44 -23 -32 33 -26 -5 45 37 38 -37 -40 41 -39 -42 48 -18 49 -2 -4 -38 -30 -15
right_child=1 2 4 34 6 9 -8 8 -10 -11 12 15 14 50 21 19 29 18 -20 20 -22 22 23 -25 27 -27 -28 -29 35 -31 31 -33 -34 -35 -36 36 43 40 39 -41 42 -43 -44 -45 -46 -47 -48 -49 -50 -51 -52
leaf_value=-0.038356848782717806 -1.8278616945322557 -0.36529174647581258 0.096118626770772778 4.6320643435726785 -0.026756536233602343 -0.0013707289435966811 -0.048588518664824082 -0.031354127843847585 0.055615369357931453 2.6196460500065863 -3.1190270530220245 0.69378552830988471 0.99479545514280154 -0.1986901686536493 -1.9522320855775448 -0.51509281866936951 0.08340216256478801 -0.028454431687624144 0.0065207464099004036 0.011316766107989693 -2.3732052532009971 0.11687008759054822 0.0075081781554835114 -0.52562192406821784 1.1652435183142751 -0.10418654065438751 -1.1070492764464652 -0.0096593130523596922 0.088071472737920001 0.0047118078701707056 0.64199383620887096 -0.040289356646344476 0.81248072543552963 -0.11659358669239273 0.04915834033811347 0.09731121921929034 0.28617492016122625 -0.19211651134471031 -0.02622499880869068 -2.9954859903698474 -0.015765179295543427 0.45951400759275129 0.377786210523755 -0.00080061703098013696 3.3112755965981355 -0.0092687306602078964 -0.011660670545726268 0.90743222557312242 0.062716198406185378 0.023180713092477392 -1.4730349718726745
leaf_weight=35 22 32 36 25 37 30 34 24 21 23 20 36 32 20 33 32 30 20 35 22 20 33 20 23 29 22 32 23 31 28 21 23 21 20 27 20 25 24 32 28 22 25 26 33 25 20 24 22 23 24 21
leaf_count=35 22 32 36 25 37 30 34 24 21 23 20 36 32 20 33 32 30 20 35 22 20 33 20 23 29 22 32 23 31 28 21 23 21 20 27 20 25 24 32 28 22 25 26 33 25 20 24 22 23 24 21
internal_value=0.000234261 0.000398197 0.000568093 0.00404762 0.000324729 0.000562212 -0.00189655 -0.000243902 0.00244444 0.000360273 0.000239044 -0.000997151 0.000903522 -0.0043662 0.00109005 -0.000142857 0.000776699 -0.00105691 -0.00287356 -0.0027027 0 0.000848586 0.00109155 -0.00255814 0.00139048 0.00087963 -0.00615385 0.00376344 0.00117073 0.00349398 0.00350649 0.00136364 0.00514286 0.00346939 0.00692308 0.000630631 0 -0.00118644 -0.00325 -0.005 0.000515464 -0.00183673 0.00291667 0.00259259 0.00527273 0.0028 -0.00434783 0.00413793 0.00458333 0.00418182 -0.00707317
internal_weight=1366 1331 1285 84 1201 1085 116 82 45 1027 1004 351 653 71 633 280 206 123 87 74 42 601 568 43 525 432 52 93 410 83 77 44 70 49 52 333 258 177 80 60 97 49 48 81 55 75 46 58 48 55 41
internal_count=1366 1331 1285 84 1201 1085 116 82 45 1027 1004 351 653 71 633 280 206 123 87 74 42 601 568 43 525 432 52 93 410 83 77 44 70 49 52 333 258 177 80 60 97 49 48 81 55 75 46 58 48 55 41
is_linear=0
shrinkage=0.01


Tree=124
num_leaves=51
num_cat=0
split_feature=5 79 23 41 94 69 41 80 5 40 94 25 63 29 80 71 36 70 25 40 24 83 23 14 63 6 73 71 100 6 31 37 91 31 27 72 83 94 4 99 70 35 37 41 40 37 23 4 60 72
split_gain=12.8598 9.95436 12.0178 8.99786 8.41764 7.98454 7.66236 7.36614 9.50784 8.10961 9.56196 8.87329 9.17755 11.8008 7.3133 8.47657 7.03201 8.00093 7.20091 6.99239 10.512 6.77686 6.74031 8.59147 6.60921 6.6881 6.597 9.77223 6.19286 5.99162 5.84283 6.56666 10.6193 7.85604 11.6895 7.80329 8.88348 5.55646 6.17195 5.54113 5.13778 4.96153 4.84074 4.35981 3.8872 6.78014 3.63114 3.3 3.17582 3.32814
threshold=3564.7000000000003 733.98349676157511 86.750000000000014 109.25000000000001 585784.75995218765 28429.650000000005 105.75000000000001 33370.379513888889 15141.745000000001 142.75000000000003 551951.51809000014 18.750000000000004 30636.600000000002 93.250000000000014 27150.282986111113 1.0000000180025095e-35 91.250000000000014 931.14900000000011 195.25000000000003 110.25000000000001 7.6750000000000016 1888.700000000001 62.250000000000007 11893.200000000003 32653.650000000005 7635.3200000000006 678.78550000000007 1062.8000000000002 0.14930555555555561 5163.7600000000011 2.3250000000000006 38.750000000000007 27249.427887500005 13.175000000000002 34.250000000000007 980.8850000000001 2421.5499999999979 682875.53486000025 8603.3650000000034 0.052083333333333336 1500.1820000000002 26.825000000000006 84.750000000000014 80.750000000000014 111.25000000000001 93.750000000000014 68.750000000000014 3317.5200000000004 1044.8275000000001 1509.0000000000002
decision_type=2 2 2 2 2 2 2 2 2 2 2 2 2 2 2 2 2 2 2 2 2 2 2 2 2 2 2 2 2 2 2 2 2 2 2 2 2 2 2 2 2 2 2 2 2 2 2 2 2 2
left_child=4 3 -3 6 19 -6 7 9 30 10 26 -12 13 14 46 -16 17 18 42 20 -1 28 -7 48 25 -5 -2 -28 -19 -23 -9 39 -33 34 -34 36 41 -11 -39 -32 -22 -36 -17 -31 -38 -46 -13 -29 -24 -50
right_child=1 2 -4 24 5 22 -8 8 -10 37 11 12 -14 -15 15 16 -18 21 -20 -21 40 29 23 -25 -26 -27 27 47 -30 43 31 32 33 -35 35 -37 44 38 -40 -41 -42 -43 -44 -45 45 -47 -48 -49 49 -51
leaf_value=0.040534333634465611 1.0414567613324448 0.045103314904835178 -1.4463531185931382 -0.28582643510570632 -0.74548189336618498 -0.02648897087126632 0.14015698785139535 -2.8951700306683756 0.050579547270170652 2.7759558095545938 -0.074041146040074043 2.2485223179114553 -0.028438749839551924 2.4054261528797611 0.65445277749521635 -2.7454744230934658 0.11570138671464272 0.0085715853241537469 0.015501674045062259 0.017213190773947257 -0.0035218220347388854 0.005888557145269765 -0.03143665668415567 0.037532763396031496 -0.77571396511443991 0.11341897358687768 -1.2077355506616154 2.6595211550006175 2.5651159516992856 -0.19312581082470243 0.0059221136768537819 0.19137767614106571 0.59136211821191642 -1.458304622153948 1.7461257102973673 -0.60148979031834748 -0.07335093111265728 -0.0096240610540586306 0.10466100874126028 -0.71624276748670812 -0.32475381630248179 0.0070358325469666817 -1.2051173916691682 -0.0015644063462725943 -0.017643512810444333 0.29918321830564792 0.1230287067298525 0.020279619735375551 0.31345211692805547 -0.057064675504873333
leaf_weight=37 34 20 25 28 32 21 28 22 33 39 37 20 26 20 22 21 29 28 25 30 25 37 36 35 21 20 23 24 20 20 20 33 25 29 34 37 27 28 22 22 20 36 34 21 34 21 23 20 20 22
leaf_count=37 34 20 25 28 32 21 28 22 33 39 37 20 26 20 22 21 29 28 25 30 25 37 36 35 21 20 23 24 20 20 20 33 25 29 34 37 27 28 22 22 20 36 34 21 34 21 23 20 20 22
internal_value=0.00033675 0.000827206 -0.00377778 0.00102589 -0.00158273 -0.00301205 0.0012731 0.00112051 2.68097e-05 0.00183246 0.00132231 0.000600522 0.00109827 0.0015625 0.00106667 0.000428016 -0.00012766 -0.000776699 -0.00325 0.000535714 -0.00097561 0.000793651 -0.0019403 -0.000973451 -0.00246377 -0.000416667 0.00405941 0.00223881 0.00375 -0.00102564 -0.000470588 -0.000125786 0.000434783 -0.000288066 0.000373832 -0.00047619 0.000526316 0.00460674 0.0024 -0.00380952 -0.00422222 0.00314286 -0.00527273 -0.00365854 -0.00170732 -0.000181818 0.00488372 0.005 -0.00282051 -0.000952381
internal_weight=1366 1088 45 1043 278 166 974 946 373 573 484 383 346 320 300 257 235 206 80 112 82 126 134 113 69 48 101 67 48 78 340 318 276 243 214 189 152 89 50 42 45 70 55 41 82 55 43 44 78 42
internal_count=1366 1088 45 1043 278 166 974 946 373 573 484 383 346 320 300 257 235 206 80 112 82 126 134 113 69 48 101 67 48 78 340 318 276 243 214 189 152 89 50 42 45 70 55 41 82 55 43 44 78 42
is_linear=0
shrinkage=0.01


Tree=125
num_leaves=52
num_cat=0
split_feature=13 24 16 69 77 89 83 61 6 6 5 11 61 77 68 64 16 83 98 66 46 13 42 98 31 2 30 17 89 26 11 13 89 68 83 71 42 26 4 2 59 44 26 98 26 41 16 97 89 7 30
split_gain=10.6486 11.2545 8.43133 7.26695 6.57143 6.31207 6.8013 7.37735 6.06253 11.5857 6.38549 5.99202 7.78328 11.2303 8.61397 8.21579 7.64284 7.50379 7.09805 7.77963 11.1553 9.63556 8.32463 7.39231 7.28686 7.04952 6.68604 6.57482 6.28731 11.6103 8.13908 5.95349 6.78205 5.822 5.58204 5.38708 6.43946 9.94561 5.53823 5.18907 5.03228 4.81667 4.34683 4.24808 4.14405 3.66095 3.76863 3.01882 3.00268 2.88944 2.80637
threshold=11542.050000000001 4.7750000000000012 2720.0500000000006 22337.600000000002 2634.8538486856883 1255.01439375 2292.2500000000005 31980.600000000002 7904.005000000001 9322.1150000000016 15141.745000000001 31920.950000000004 30238.650000000005 3208.8296809130902 1145.1360000000002 1509.5500000000002 4832.1500000000005 1437.200000000001 0.57986111111111127 1395.4000000000003 106.36000061035158 2659.0000000000005 99.875000000000014 0.21875000000000003 2.9750000000000005 3657.3390000000004 21.250000000000004 13.950000000000001 1437.05274375 17.750000000000004 36436.200000000004 14477.800000000001 1412.5475812500001 1469.6035000000004 1789.250000000002 0.99950000000000017 107.92499923706056 69.750000000000014 1994.8050000000001 2585.9000000000005 0.25000000000000017 4.5629999637603769 17.250000000000004 0.10763888888888891 34.250000000000007 54.750000000000007 6199.6000000000013 0.34375000000000006 1577.0822437500003 57.805 99.750000000000014
decision_type=2 2 2 2 2 2 2 2 2 2 2 2 2 2 2 2 2 2 2 2 2 2 2 2 2 2 2 2 2 2 2 2 2 2 2 2 2 2 2 2 2 2 2 2 2 2 2 2 2 2 2
left_child=1 5 42 39 -2 33 7 -7 -6 -10 31 27 13 -13 17 18 -16 -15 19 22 21 -21 23 -14 -24 26 -17 -5 29 30 -28 32 -11 49 -32 38 -37 43 -26 -4 -36 44 -3 -38 -29 -18 -47 -35 -30 -1 -40
right_child=4 2 3 11 8 6 -8 -9 9 10 -12 12 15 14 16 25 45 -19 -20 20 -22 -23 24 -25 35 -27 28 41 48 -31 34 -33 -34 47 40 36 37 -39 50 -41 -42 -43 -44 -45 -46 46 -48 -49 -50 -51 -52
leaf_value=3.2713959300987416 0.081339685298581807 -3.3801812409874366 0.051171539378667717 0.13881195231944884 -0.052360762407687819 0.014227538145195099 0.061431617734507719 -1.2035934737048573 3.2944285435022187 -0.02246378330223596 0.040216319630746913 0.37959277326205909 -1.8012437763880254 0.69419416831946124 0.046469716552089299 -0.020105335346240809 0.042508173367911704 -0.01213248291259216 -2.409120161426463 -0.0021990657895646138 -0.10048588225835506 1.166219514691196 0.028616041292102407 -0.0079517922459793784 0.0022250244292444004 2.4591592726448823 0.11951846430964505 -6.8625666098371108 0.090149336233782296 -0.12125542757821543 0.02692880897896353 -0.029391808100687991 0.055678053364506576 -0.014476702121120679 -0.016789744625683958 0.070815318358477472 -0.023203902592875549 0.63804968430805575 -0.060662625681931079 9.719908850939607 0.0033438957624506542 0.0037345491695350199 -0.11152198423300835 -2.8432012426333859 -0.035226287854212814 -1.0575928604821758 -0.017349622457217204 0.010879153025617219 0.023957452866623596 0.79844588863062338 -0.18454867581241893
leaf_weight=27 23 25 25 26 21 23 36 20 22 26 32 35 32 39 22 21 21 23 32 27 31 29 21 20 21 21 20 32 26 32 32 36 24 21 23 26 20 36 32 21 26 20 21 32 28 34 20 20 20 22 26
leaf_count=27 23 25 25 26 21 23 36 20 22 26 32 35 32 39 22 21 21 23 32 27 31 29 21 20 21 21 20 32 26 32 32 36 24 21 23 26 20 36 32 21 26 20 21 32 28 34 20 20 20 22 26
internal_value=0.00015544 -0.000197087 -0.000601202 -0.00039916 0.0023913 0.00218935 0.000126582 -0.00255814 0.00167702 0.00242857 0.00118644 -0.000596026 -0.0003 0.0014433 0.000314465 -0.000858086 -0.00154639 0.00322581 -0.00174026 -0.00133144 0.00126437 0.00392857 -0.00218045 -0.00576923 -0.00130841 0.000678733 0.0001 -0.00283019 0.000726257 -0.00037594 0.00128713 -0.000232558 0.002 0.004 -0.000123457 -0.0019171 -0.000526316 -0.00181818 -0.00392405 0.00347826 -0.0022449 -0.00425 -0.00478261 -0.00461538 -0.00566667 -0.00306667 -0.00444444 0.00121951 0.00391304 0.00632653 -0.00551724
internal_weight=1351 1167 998 952 184 169 79 43 161 140 118 906 800 194 159 606 97 62 385 353 87 56 266 52 214 221 200 106 179 133 101 86 50 90 81 193 114 88 79 46 49 80 46 52 60 75 54 41 46 49 58
internal_count=1351 1167 998 952 184 169 79 43 161 140 118 906 800 194 159 606 97 62 385 353 87 56 266 52 214 221 200 106 179 133 101 86 50 90 81 193 114 88 79 46 49 80 46 52 60 75 54 41 46 49 58
is_linear=0
shrinkage=0.01


Tree=126
num_leaves=51
num_cat=0
split_feature=11 69 10 83 21 83 13 3 6 7 11 2 94 23 17 83 21 20 17 17 21 94 41 6 100 34 93 22 90 83 40 34 6 69 6 13 35 33 90 27 83 7 42 79 10 73 23 13 70 10
split_gain=9.6008 9.9041 7.14475 6.89482 9.06537 7.47392 8.84265 9.50231 9.30169 8.34568 7.32382 7.68831 8.78978 7.06909 6.50489 5.95952 8.09592 14.0646 6.9226 8.14238 6.17549 6.29234 7.67286 9.55081 9.46419 8.80587 7.66503 7.00076 7.53463 7.85373 8.38642 7.44983 6.29762 6.24423 6.21227 6.89713 6.06632 5.30504 4.98701 4.69925 4.6045 4.55111 4.33083 4.1342 4.75233 3.70759 3.69346 3.46209 3.02619 2.38095
threshold=30669.300000000003 26582.050000000003 27281.550000000003 1408.6000000000006 29.925000000000004 881.80000000000121 12474.650000000001 13108.800000000001 5328.170000000001 20.485000000000003 34623.400000000009 2305.4500000000003 646826.22361500014 94.750000000000014 25.750000000000004 1733.1499999999999 16.125000000000004 2666.2500000000005 100.55000000000001 149.75000000000003 17.375000000000004 718230.15194875014 68.250000000000014 5557.5000000000009 1.0000000180025095e-35 77.750000000000014 416.18426386913239 79.250000000000014 949.92345000000012 2231.3500000000008 57.250000000000007 98.250000000000014 9406.7000000000025 29915.500000000004 5657.2400000000007 2126.0000000000005 23.925000000000004 164.25000000000003 1955.7247500000001 38.750000000000007 2424.700000000003 200.99000000000004 113.92499923706056 443.34667917477304 30760.950000000004 1152.6500000000003 96.750000000000014 3852.2500000000005 1271.1500000000003 26091.500000000004
decision_type=2 2 2 2 2 2 2 2 2 2 2 2 2 2 2 2 2 2 2 2 2 2 2 2 2 2 2 2 2 2 2 2 2 2 2 2 2 2 2 2 2 2 2 2 2 2 2 2 2 2
left_child=1 -1 38 5 10 6 7 -4 39 -7 11 -5 40 -14 -3 18 17 36 47 -20 -18 22 25 24 -24 33 45 -25 32 42 -31 37 -29 -22 35 -35 -17 -32 49 -9 -13 -10 -30 -11 -45 -26 -28 -12 -16 -2
right_child=2 14 3 4 -6 9 -8 8 41 43 15 12 13 -15 48 16 20 -19 19 -21 21 -23 23 27 26 -27 46 28 29 30 31 -33 -34 34 -36 -37 -38 -39 -40 -41 -42 -43 -44 44 -46 -47 -48 -49 -50 -51
leaf_value=1.9000471771777239 0.69560951608260502 -9.844324947556715e-05 0.085752220569712531 -2.9958901326129395 2.469314825672916 3.2512983409923586 1.5094385436840099 0.0091690902998457901 -1.0196921724899222 1.0452384985630905 -2.6978633969652055 -0.032322405404605105 0.071889624173619923 -0.042305398729176436 -0.51477881550655757 0.068246638820383621 -0.014336034834495628 -0.028432697781897272 0.098117883846950957 -0.073725816313352427 1.7282746991499744 -0.18603038299771471 0.04684923243450595 -0.25412142229484586 -1.6271941872093703 0.077547793526573122 -0.0073682070776360763 -0.77039582696731101 3.7076418986324087 -0.022039792299850761 -0.022826128627340733 0.15027809172512441 0.010503750824675074 -0.074624939054660319 -0.036170372395816004 0.17641968980140063 1.3350378201074842 0.56332221201955601 -0.00024866838966191337 -0.014714589475866303 -0.67839978110247146 -0.026037365517104085 0.041933017002349006 1.3189040202569691 -0.088070081151155652 -0.024829245814537937 0.020329043550506954 -0.12541997308405214 -9.0718516945904533 0.85420618758544808
leaf_weight=27 21 27 26 21 27 27 24 21 25 26 20 27 25 30 32 23 24 29 21 33 23 31 31 29 21 33 23 21 21 31 29 23 27 24 25 33 34 36 24 36 21 20 36 21 34 29 22 33 23 21
leaf_count=27 21 27 26 21 27 27 24 21 25 26 20 27 25 30 32 23 24 29 21 33 23 31 31 29 21 33 23 21 21 31 29 23 27 24 25 33 34 36 24 36 21 20 36 21 34 29 22 33 23 21
internal_value=0.000185048 -0.00266055 0.000434783 0.000255102 -0.000152838 0.00169231 0.000263158 -0.00078125 -0.00215686 0.0037037 -0.000326209 -0.00258065 -0.00145631 0.00127273 -0.00439024 3.92157e-05 0.000395137 0.00325581 -0.00214953 0.00037037 -3.4965e-05 0.000182482 0.000444874 -0.000290237 -0.00253968 0.00246377 -0.00410526 0.00083004 0.00142857 0.00238636 0.00092437 0.0025 -0.00208333 0.00104762 -0.000243902 0.00157895 0.00614035 0.000769231 0.00363636 0.000526316 -0.00458333 -0.00555556 0.0054386 0.00209877 0.000545455 -0.0068 -0.00111111 -0.00471698 -0.00636364 0.00571429
internal_weight=1351 109 1242 1176 916 260 152 128 102 108 889 124 103 55 82 765 658 86 107 54 572 548 517 379 126 138 95 253 224 176 119 88 48 105 82 57 57 65 66 57 48 45 57 81 55 50 45 53 55 42
internal_count=1351 109 1242 1176 916 260 152 128 102 108 889 124 103 55 82 765 658 86 107 54 572 548 517 379 126 138 95 253 224 176 119 88 48 105 82 57 57 65 66 57 48 45 57 81 55 50 45 53 55 42
is_linear=0
shrinkage=0.01


Tree=127
num_leaves=52
num_cat=0
split_feature=16 10 10 80 1 70 16 1 76 80 69 33 1 80 16 16 1 1 19 43 14 26 16 43 69 14 16 14 16 90 35 69 4 41 69 43 70 0 69 72 43 76 90 68 43 76 56 10 6 10 0
split_gain=7.79943 7.39081 16.1127 16.1423 9.6836 9.63333 9.19922 8.09767 13.1123 9.32946 7.54893 9.77517 9.26954 7.21005 7.12192 7.14694 6.6205 6.54507 11.9907 9.22973 7.30668 6.09128 8.71109 7.97534 6.4 5.83091 7.76484 5.65434 5.58542 7.86242 5.5365 5.39461 6.42359 5.1797 5.15714 4.95252 8.20232 6.72128 4.85016 5.28588 4.70118 4.56414 4.55005 4.25699 4.04759 5.37901 3.81481 3.22165 2.5 2.35875 0.409756
threshold=2921.3000000000006 30728.000000000004 31871.900000000005 29988.479513888891 12456.700000000003 1146.9565000000002 4781.7000000000007 15630.750000000002 37945.812500000007 37923.550347222226 32775.100000000006 164.25000000000003 17365.657000000003 40567.280902777784 5454.7000000000007 4644.5500000000002 17063.637000000006 14755.650000000003 479.65000000000003 86.155002593994155 12826.750000000002 49.250000000000007 6662.6000000000013 74.439998626708999 35424.350000000013 15376.750000000002 5696.9500000000007 14707.550000000001 3788.6500000000005 1583.2057500000003 27.075000000000006 31901.800000000007 9092.7350000000024 83.250000000000014 34752.30000000001 77.20999908447267 1250.9475000000002 29055.950000000001 31709.600000000002 1564.9780000000003 68.919998168945327 25720.388541666671 1446.6154500000005 1405.9160000000004 101.02999877929689 33779.20520833334 -1.0000000180025095e-35 36182.650000000009 9721.7050000000017 33297.55000000001 30518.850000000002
decision_type=2 2 2 2 2 2 2 2 2 2 2 2 2 2 2 2 2 2 2 2 2 2 2 2 2 2 2 2 2 2 2 2 2 2 2 2 2 2 2 2 2 2 2 2 2 2 2 2 2 2 2
left_child=31 4 25 5 27 -4 28 14 10 -10 11 -9 16 33 15 -5 21 18 49 20 -19 22 23 -12 -24 40 -27 41 -6 50 34 32 -1 -11 -23 36 -8 -37 39 -39 -3 -2 -15 -22 45 -20 -42 -47 -14 -16 -30
right_child=1 2 3 7 6 -7 35 8 9 13 12 -13 48 42 17 -17 -18 19 44 -21 43 30 24 -25 -26 26 -28 -29 29 -31 -32 -33 -34 -35 -36 37 -38 38 -40 -41 46 -43 -44 -45 -46 47 -48 -49 -50 -51 -52
leaf_value=0.20286600078584408 -0.1334418244703241 -0.0060535081511592396 2.0176409776545281 -0.018119684665464316 0.002613623877998661 0.010205600258384726 0.027827684263369328 0.0018192716042046975 -0.19365556449713217 0.099766513308025911 -0.00046749054245525361 5.7464862297060355 0.07036935446322333 -0.003205765942968888 -0.011911096467215521 -3.1707718352731322 -0.10009232451195846 -0.0028942088228176388 0.052873047190702072 0.0040936738639415137 -0.23919057132223706 -0.018415764943212589 -0.014456220275519155 0.055235056955615133 0.056304256276424422 -0.046908440341921813 0.1325226770710064 0.97750444848561946 3.1037791845404632 0.067564172432179784 -0.036851844512283335 -7.304299779118109 -3.3028897178883909 -0.0042707876764483911 0.88781850905503501 2.3398701266149708 -0.72422403909742916 0.13130005673927925 0.017301869038419043 -0.060745723197185145 -0.86809802406857828 -3.6831012602091393 -0.03766546517603251 -3.6237764054126256 -0.012661515203264995 -0.01316862968644552 -0.091795403585180624 0.069975958787841769 0.22687590502581756 -0.066675330028213839 0.95096567548896049
leaf_weight=31 21 20 30 20 34 24 35 31 36 38 20 33 20 20 23 33 28 24 26 36 27 24 20 37 20 37 26 27 20 35 22 22 25 32 21 21 22 33 25 20 28 25 23 22 20 20 31 22 20 20 21
leaf_count=31 21 20 30 20 34 24 35 31 36 38 20 33 20 20 23 33 28 24 26 36 27 24 20 37 20 37 26 27 20 35 22 22 25 32 21 21 22 33 25 20 28 25 23 22 20 20 31 22 20 20 21
internal_value=-7.40192e-06 0.000180676 -0.000278373 0.000277778 0.00144543 0.00555556 0.00233083 -0.000108401 0.000741573 -0.00167785 0.00195946 0.005 0.00112069 -0.000265487 -0.00139932 -0.00471698 0.000208333 -0.000666667 0.000839695 -0.00247706 -0.00452055 0.00097561 0.00257732 0.00508772 -0.001 -0.00338028 -0.00111111 -0.00178082 0.00454545 0.00605263 -0.00134328 -0.00307692 -0.00142857 0.00171429 0.000666667 0.000769231 -0.00157895 0.00212121 0.000769231 -0.000943396 -0.00518987 -0.00391304 -0.00348837 -0.00673469 0.00295455 0.00411765 -0.00661017 0.00190476 0.0055 -0.00348837 0.00902439
internal_weight=1351 1273 934 792 339 54 266 738 445 149 296 64 232 113 293 53 192 240 131 109 73 164 97 57 40 142 63 73 110 76 67 78 56 70 45 156 57 99 78 53 79 46 43 49 88 68 59 42 40 43 41
internal_count=1351 1273 934 792 339 54 266 738 445 149 296 64 232 113 293 53 192 240 131 109 73 164 97 57 40 142 63 73 110 76 67 78 56 70 45 156 57 99 78 53 79 46 43 49 88 68 59 42 40 43 41
is_linear=0
shrinkage=0.01


Tree=128
num_leaves=51
num_cat=0
split_feature=51 8 4 26 76 94 74 1 19 66 72 62 82 14 44 59 93 24 81 30 37 27 39 24 39 14 39 29 80 29 0 4 46 4 3 62 62 3 26 19 98 65 29 46 0 62 60 26 37 80
split_gain=9.35304 8.33333 6.11709 8.02701 13.3073 11.2814 11.8127 9.14387 8.37751 10.6164 8.12102 8.84035 7.56081 7.86019 7.41352 7.33693 6.922 6.57475 7.44048 6.47424 8.89601 6.46406 6.21948 7.25134 9.6019 8.77254 6.15975 8.24071 7.94385 6.11211 5.88848 5.66829 8.4298 5.60365 5.3098 6.5064 6.13966 5.76979 7.44275 7.18871 5.21805 4.66561 4.58158 4.06 3.96825 3.90718 3.74106 3.01385 2.56098 1.36039
threshold=1.0000000180025095e-35 411.70960526315793 3669.8650000000002 44.500000000000007 37132.434375000004 730839.26409031276 642.10971875000007 16735.485000000004 1757.3000000000002 510.02700000000004 854.40500000000009 706.60300000000018 802.85000000000014 16222.150000000001 2.682000041007996 0.6830127018922193 413.89078947368426 5.1250000000000009 4182.2746060945983 41.750000000000007 62.250000000000007 19.750000000000004 212.25000000000003 8.3250000000000028 166.75000000000003 15061.000000000002 216.75000000000003 84.750000000000014 36439.384027777785 88.250000000000014 32390.250000000004 6170.165 106.15500259399415 4579.5400000000009 16054.800500000001 1.0175000000000003 956.88600000000008 13434.650000000001 8.2500000000000018 686.00000000000011 0.59375000000000011 28021.300000000003 73.250000000000014 104.15500259399415 30946.500000000004 1509.5000000000002 1398.6000000000001 7.7500000000000009 95.250000000000014 30421.262500000001
decision_type=2 2 2 2 2 2 2 2 2 2 2 2 2 2 2 2 2 2 2 2 2 2 2 2 2 2 2 2 2 2 2 2 2 2 2 2 2 2 2 2 2 2 2 2 2 2 2 2 2 2
left_child=2 -2 12 5 7 10 44 14 9 48 26 -12 13 17 40 30 -15 18 -1 20 -19 -21 23 25 -25 -16 27 28 -4 47 -13 -24 -33 -31 35 -23 -37 -38 39 -39 -5 -14 -9 -18 -7 -43 49 -17 -6 -27
right_child=1 -3 3 4 8 6 -8 42 -10 -11 11 15 41 16 22 29 43 19 -20 21 -22 34 31 24 -26 46 -28 -29 -30 33 -32 32 -34 -35 -36 36 37 38 -40 -41 -42 45 -44 -45 -46 -47 -48 -49 -50 -51
leaf_value=0.29892224370774073 0.23505959936136486 -10.472415023661624 -3.1981556922349479 -0.054598033845401059 -0.051716750870090172 0.022346980714028911 -3.9696251775715359 3.239379409213496 0.0056490585637884181 0.03257383284816099 -4.9617003942727882 -2.0464820761952804 -0.045503509371448272 3.5734789523279744 -0.33397522180869077 0.12503019069245397 -0.032534363120937243 -0.06316628112998604 0.010113076120382321 -0.074301558717611696 0.033694889559713559 0.04484306604690446 2.4446506195044146 -0.44988756397711216 0.072717426877688812 0.6678161737323669 0.54468626521687269 1.806430253909415 0.0021841578373818582 0.052392908731890023 -0.0098573184632694544 -0.31908116936994463 0.0022973354049450733 -0.04643935593850259 -0.0092253000794628726 -0.035511850946493048 0.1222484682053821 0.57678611769605104 -0.025846844787951684 -0.00083544162806098389 0.0055054468033821904 -0.099860432655207665 0.99915105064073229 0.38001140291018687 -0.30905928356448853 0.042894770943203556 0.041121832759167858 0.015780095090522014 -0.058076421820291525 0.14705100273971358
leaf_weight=21 20 30 21 24 21 24 35 23 34 29 23 30 25 33 20 22 22 38 27 37 22 21 23 25 35 23 37 38 25 28 34 29 35 33 31 20 27 29 27 26 22 20 31 21 21 23 24 20 20 22
leaf_count=21 20 30 21 24 21 24 35 23 34 29 23 30 25 33 20 22 22 38 27 37 22 21 23 25 35 23 37 38 25 28 34 29 35 33 31 20 27 29 27 26 22 20 31 21 21 23 24 20 20 22
internal_value=0.000244264 -0.004 0.000407379 -0.000108303 0.000818182 -0.0011509 -0.0045 0.00178571 -0.00230769 -0.00428571 -0.000289389 -0.00157895 0.00131915 0.0018408 0.00106383 -0.000778443 0.00473684 0.00116564 0.00458333 0.00057554 -0.00233333 0.00137615 0.00177966 0.00302013 0.000333333 0.00483146 0.00173554 0.000238095 -0.0026087 0.000873786 -0.0034375 -0.000344828 -0.001875 -0.00114754 0.0021547 0.00293333 0.00209302 0.00302752 0.00170732 0.00381818 -0.0026087 -0.00176471 0.00555556 0.00209302 -0.00111111 0.000232558 0.00652174 0.00380952 -0.00756098 0.00822222
internal_weight=1351 50 1301 831 440 391 80 336 104 70 311 190 470 402 282 167 76 326 48 278 60 218 236 149 60 89 121 84 46 103 64 87 64 61 181 150 129 109 82 55 46 68 54 43 45 43 69 42 41 45
internal_count=1351 50 1301 831 440 391 80 336 104 70 311 190 470 402 282 167 76 326 48 278 60 218 236 149 60 89 121 84 46 103 64 87 64 61 181 150 129 109 82 55 46 68 54 43 45 43 69 42 41 45
is_linear=0
shrinkage=0.01


Tree=129
num_leaves=55
num_cat=0
split_feature=51 94 10 14 94 83 21 13 77 26 29 11 83 75 26 25 77 10 25 89 67 3 3 4 3 13 73 56 98 67 26 11 76 36 73 4 13 92 40 77 75 40 32 44 61 81 98 38 13 22 77 10 83 3
split_gain=9.28791 8.33333 7.98355 11.8642 11.3282 10.5856 12.2647 7.24518 5.91509 9.69675 7.14548 9.79964 10.7294 6.0123 5.73263 7.78149 5.59816 6.86186 8.36509 6.72327 6.78952 6.18924 5.73492 8.62194 9.44742 14.163 6.65399 6.61879 10.1595 6.09524 5.47257 8.01251 6.3432 5.64818 5.29909 6.43422 8.14286 11.0806 6.47067 6.08145 5.2871 5.1262 4.87151 4.84 4.19333 3.7572 4.66667 3.6 3.50635 3.43636 2.65947 2.62668 2.48896 0.4
threshold=1.0000000180025095e-35 705964.87497937528 28389.700000000004 15608.000000000002 742669.06285812519 1708.6999999999991 21.825000000000006 685.35000000000014 3389.6560310920145 129.25000000000003 82.750000000000014 39179.450000000004 2272.200000000003 375.59362597198998 25.250000000000004 41.250000000000007 3643.3980852070649 41294.450000000004 166.75000000000003 1146.4915312500002 30970.050000000003 15551.032000000001 15999.400000000003 3391.1550000000007 15186.150000000001 1448.6000000000001 965.16150000000005 1.0000000180025095e-35 0.53819444444444453 31096.750000000004 93.750000000000014 38112.05000000001 34197.926041666673 88.750000000000014 1062.8000000000002 6170.165 13433.200000000003 22455.804018750005 89.750000000000014 4189.6215367364521 549.82919163083227 154.25000000000003 187.00000000000003 3.185999989509583 33013.05000000001 4189.5825248205338 0.45486111111111116 6.7750000000000012 4481.8000000000011 79.250000000000014 4408.7584068399674 26995.500000000004 1702.500000000002 13929.450000000003
decision_type=2 2 2 2 2 2 2 2 2 2 2 2 2 2 2 2 2 2 2 2 2 2 2 2 2 2 2 2 2 2 2 2 2 2 2 2 2 2 2 2 2 2 2 2 2 2 2 2 2 2 2 2 2 2
left_child=2 -2 3 4 5 -1 -7 -4 9 10 11 12 -9 -11 15 -12 19 18 22 43 -21 -19 23 24 25 -18 -24 28 53 -29 44 32 -32 -34 35 39 37 -37 47 -25 -16 -22 -40 -10 -20 48 -47 -39 -36 -41 -28 -5 -26 -27
right_child=1 -3 7 51 -6 6 -8 8 16 13 14 -13 -14 -15 40 -17 17 21 30 20 41 -23 26 34 52 27 50 29 -30 -31 31 -33 33 -35 45 36 -38 38 42 49 -42 -43 -44 -45 -46 46 -48 -49 -50 -51 -52 -53 -54 -55
leaf_value=2.5788346231943802 -7.8696470211050142 0.31878330301425567 0.012045136367011948 0.07066964187978915 -0.84627933575731851 -1.2133429993926728 0.2959330212706634 6.7637421970004338e-05 0.055117274013242235 0.10325739473029433 0.0037456332110047431 0.079006340855395471 -2.347344469275451 2.3485584876227783 -0.090978580310532631 0.1801261141750615 -1.64761404150109 -0.072333893122482285 0.037065065316265335 -2.8473099146604302 0.00019863268210240927 0.0077221836270236219 0.0067677709018074414 0.9104600344672511 0.0071424120135990463 0.92739733022056969 -0.0282066939897972 0.039287181385550131 -0.0024613266303827419 -0.022005177146902515 0.022280840346673741 0.071990252608911925 -0.05420761832951447 0.070504440818261613 -0.045048474277733792 -0.056395036166443209 0.070773102369582508 -3.6173734033935592 -0.031268590087551694 -0.048857456894112049 0.0050885624137763886 -0.060234815042191706 0.29363659167672168 -0.033724410390343199 0.60829516815490614 -1.6060221207599303 0.0068599117362537999 -0.23819007174351739 -0.031421661335572934 0.098909759240404044 -0.45306672707941842 1.2712972006919432 0.45054710304737955 1.178485316478495
leaf_weight=23 30 20 23 22 30 34 21 38 25 22 30 21 30 23 25 29 21 38 20 21 31 29 28 26 20 20 20 21 37 21 25 25 30 21 21 21 21 20 28 22 23 24 23 20 23 21 21 20 24 20 21 32 26 20
leaf_count=23 30 20 23 22 30 34 21 38 25 22 30 21 30 23 25 29 21 38 20 21 31 29 28 26 20 20 20 21 37 21 25 25 30 21 21 21 21 20 28 22 23 24 23 20 23 21 21 20 24 20 21 32 26 20
internal_value=0.00022946 -0.004 0.000392006 0.00246914 0.000555556 0.0025641 0.000181818 9.65759e-05 -1.79211e-05 0.00136929 0.000408163 -0.00168539 -0.00352941 0.00555556 0.00214953 0.00423729 -0.0004 -7.95756e-05 0.000218341 -0.00239669 -0.00421053 -0.00313433 -0.000349908 4.21941e-05 0.00172043 0.000428571 -0.00304348 0.00176471 0.00350649 -0.00142857 0.00236111 0.00108911 -0.000526316 -0.00254902 -0.00104167 -0.000149254 -0.00142857 -0.0025 -0.000989011 0.00235294 -0.000416667 -0.00236364 0.00137255 0.000666667 0.00534884 -0.00310345 -0.000952381 -0.004 -0.00511111 0 -0.00560976 0.0062963 0.00565217 0.007
internal_weight=1351 50 1301 162 108 78 55 1139 1116 241 196 89 68 45 107 59 875 754 687 121 76 67 543 474 186 140 69 119 77 42 144 101 76 51 288 201 133 112 91 68 48 55 51 45 43 87 42 40 45 42 41 54 46 40
internal_count=1351 50 1301 162 108 78 55 1139 1116 241 196 89 68 45 107 59 875 754 687 121 76 67 543 474 186 140 69 119 77 42 144 101 76 51 288 201 133 112 91 68 48 55 51 45 43 87 42 40 45 42 41 54 46 40
is_linear=0
shrinkage=0.01


Tree=130
num_leaves=50
num_cat=0
split_feature=10 68 98 22 8 20 62 37 95 37 75 6 98 62 98 82 82 10 75 6 77 10 42 75 81 61 37 37 26 6 13 0 13 79 6 62 67 44 40 26 67 44 3 45 16 10 39 34 91
split_gain=7.29396 11.9352 9.41111 9.00236 10.4953 9.64895 8.87478 8.75125 8.1 7.37994 8.61194 10.1963 8.06434 7.84803 7.81385 7.20001 18.6286 11.1496 8.98693 6.88912 6.88754 6.77091 6.25327 6.75747 8.69063 6.69124 6.78942 9.82813 8.01172 11.4128 7.28139 6.9396 6.23077 5.74841 8.40907 6.74074 6.17143 5.34545 5.0672 5.71138 6.44102 4.33333 4.32 4.05531 7.68254 8.33333 4.02286 3.08571 2.50572
threshold=39531.950000000004 962.50000000000011 0.28125000000000006 84.250000000000014 412.94705128205135 240.00000000000003 504.7675000000001 67.750000000000014 1.0000000180025095e-35 96.750000000000014 381.29028747037279 6870.1900000000014 0.11458333333333334 1.0245000000000002 0.038194444444444454 185.78400000000008 61.296999999999919 26319.050000000007 697.43651700002636 11928.690000000002 3995.0372167181936 41636.200000000004 94.424999237060561 649.87101238675939 3531.0252885185018 25753.150000000005 21.750000000000004 77.750000000000014 18.750000000000004 6029.9400000000014 4286.1500000000005 32955.400000000009 2636.4500000000003 708.15994062793311 4438.3850000000011 1368.2000000000003 32678.050000000003 3.1074999570846562 71.750000000000014 1.2500000000000002 32342.400000000005 3.0694999694824223 15480.759500000002 24772.500000000004 5616.6500000000005 30760.950000000004 182.75000000000003 76.250000000000014 28488.380462500005
decision_type=2 2 2 2 2 2 2 2 2 2 2 2 2 2 2 2 2 2 2 2 2 2 2 2 2 2 2 2 2 2 2 2 2 2 2 2 2 2 2 2 2 2 2 2 2 2 2 2 2
left_child=1 3 6 4 48 46 19 -6 -4 10 -7 47 -13 14 -11 16 18 -17 22 21 -16 -2 -3 24 -24 -26 -27 38 30 -30 32 -31 -29 34 35 41 -37 -15 -28 -40 -41 -19 -23 44 45 -36 -5 -12 -1
right_child=2 15 8 5 7 9 -8 -9 -10 13 11 12 -14 37 20 17 -18 33 -20 -21 -22 42 23 -25 25 26 27 28 29 31 -32 -33 -34 -35 43 36 -38 -39 39 40 -42 -43 -44 -45 -46 -47 -48 -49 -50
leaf_value=0.60989351885128684 0.0011716764605533697 -0.30797702590899872 0.13505718385241824 -0.0049741492693471832 3.8172717017444278 -0.090895591113090396 -4.1067616584171773 -0.02473324749800003 -0.041180923939174045 1.2052472169821469 3.3011820823014735 0.018263330146919884 -0.06347664437349379 2.9607615403882095 -0.028609554432258572 -3.1014071268948999 0.35647250737604153 -0.033703513622030438 0.071965302838298606 0.11318738275231204 0.019083482401563139 -0.071610554191257475 0.83564965974738525 -2.1820088887856981 -3.5947983398162386 0.56373262331868879 0.044196139382785493 0.013642350788928299 -0.074480338767106191 0.075628384783014577 -0.0066426132848402021 -0.040632806915408076 1.2774951557231902 -0.49514139933588008 0.082984113554381664 -0.038129419458529934 0.033191849931565827 0.064130964003700205 -0.24065833611838816 -0.039102633017909713 0.0078147611668892558 -2.3777514111963978 -0.029701635250389859 -0.0049999301353863572 0.7702247681729617 -0.41374422529848703 -1.2359383890762372 0.0045004956523025655 3.4107726106406879
leaf_weight=33 38 36 20 22 21 37 25 37 20 22 28 32 33 24 23 37 30 25 24 27 25 30 22 30 22 33 20 36 33 21 35 26 39 20 24 21 35 20 36 28 29 27 20 31 36 24 28 20 27
leaf_count=33 38 36 20 22 21 37 25 37 20 22 28 32 33 24 23 37 30 25 24 27 25 30 22 30 22 33 20 36 33 21 35 26 39 20 24 21 35 20 36 28 29 27 20 31 36 24 28 20 27
internal_value=0.000100575 0.000379538 -0.00177778 0.00171296 0.0040678 0.000828025 -0.003 0.00103448 0.0025 0.00159091 0.000133333 0.00150442 -0.00107692 0.00350877 0.00142857 -0.000358974 0.00036 -0.00164286 -0.00012766 -0.00182609 -0.000833333 -0.00318182 -0.00044843 -9.7561e-05 0.000263158 -0.000111732 0.000238095 -0.000231023 0.00115789 -0.00125 0.00290909 0.00191489 0.00466667 -0.000864198 -0.000403587 -0.00240741 0 0.00681818 -0.00256637 -0.00354839 -0.00157895 -0.005 -0.0056 0.00147826 0.00261905 0 -0.0032 0.005 0.007
internal_weight=1392 1212 180 432 118 314 140 58 40 264 150 113 65 114 70 780 500 280 470 115 48 88 446 410 380 358 336 303 190 80 110 47 75 243 223 108 56 44 113 93 57 52 50 115 84 48 50 48 60
internal_count=1392 1212 180 432 118 314 140 58 40 264 150 113 65 114 70 780 500 280 470 115 48 88 446 410 380 358 336 303 190 80 110 47 75 243 223 108 56 44 113 93 57 52 50 115 84 48 50 48 60
is_linear=0
shrinkage=0.01


Tree=131
num_leaves=55
num_cat=0
split_feature=76 76 68 85 6 76 95 68 31 73 24 14 6 80 14 31 66 60 43 88 81 67 30 21 38 80 1 73 21 22 66 72 16 87 88 80 31 16 45 81 30 36 8 24 98 98 87 75 73 66 6 82 88 21
split_gain=7.26882 9.95041 6.89867 9.36817 6.72449 11.8596 11.5452 9.41136 10.0777 7.94961 8.75748 7.77941 8.70048 7.63748 13.8382 12.169 7.49296 8.88041 7.39825 9.05674 7.06378 6.88061 8.9869 6.73401 6.71875 6.80948 6.85186 6.61151 6.56522 8.29788 7.82182 6.76003 10.6939 6.21665 6.42305 5.95224 6.09199 5.85522 5.75765 5.73806 5.50476 5.10907 4.87013 4.56121 4.35981 4.07855 4.00102 10.6317 3.71561 3.6 3.54632 2.25017 1.66309 0.9
threshold=37945.812500000007 38411.80000000001 929.90000000000009 1427.0120000000004 4418.2250000000013 37102.926041666673 1.0000000180025095e-35 1121.5380000000002 3.2750000000000008 1234.7290000000003 3.7250000000000005 10382.700000000003 4164.8200000000006 30805.748611111117 15038.150000000001 5.4250000000000016 1.1040000000000003 939.00900000000013 74.200000762939467 6120.4277083333336 4133.4101707823311 31928.300000000007 91.250000000000014 25.225000000000005 9.9250000000000025 35244.747569444451 15002.800000000001 1004.4745000000001 14.125000000000002 74.750000000000014 1727.9000000000003 1377.6000000000001 6580.9500000000007 0.57291666666666685 4359.3245833333331 39917.496875000012 5.5750000000000011 4461.1000000000013 24115.000000000004 3921.3816844901007 79.750000000000014 81.750000000000014 414.09197368421059 9.0250000000000021 0.29513888888888895 0.15625000000000003 0.13541666666666671 275.14037834895652 999.50000000000011 1447.9335000000003 7178.5250000000005 90.753000000000057 7661.0160416666668 19.675000000000004
decision_type=2 2 2 2 2 2 2 2 2 2 2 2 2 2 2 2 2 2 2 2 2 2 2 2 2 2 2 2 2 2 2 2 2 2 2 2 2 2 2 2 2 2 2 2 2 2 2 2 2 2 2 2 2 2
left_child=4 -2 3 -3 5 11 9 38 -9 10 -6 41 28 14 43 24 -16 -18 -10 46 39 52 50 -11 25 26 -15 -4 51 -30 31 33 40 34 53 36 -5 -19 44 -21 49 -1 -27 -12 -8 -24 47 -20 -14 -33 -23 -13 -17 -31
right_child=1 2 27 35 6 -7 7 8 18 23 13 12 48 15 16 21 17 37 19 20 -22 22 45 -25 -26 42 -28 -29 29 30 -32 32 -34 -35 -36 -37 -38 -39 -40 -41 -42 -43 -44 -45 -46 -47 -48 -49 -50 -51 -52 -53 -54 -55
leaf_value=-3.4657133493201209 -0.049760138888251877 0.12543571190320163 0.054963317499110736 0.016219838393741245 0.29121095521086859 0.021511969740526712 3.7335765738152613 -0.16330635999877646 -0.037666227182078287 -0.053165692798410324 -1.6847386649868668 -0.061658040219091478 -0.001969432166214021 -0.010953788879807731 1.0286639628096352 -0.92742107179199906 -1.8981605463904976 0.97333107292999244 1.5187093985733622 0.0087089748180165863 0.31021371069749692 3.4827562492616382 -0.046803817889850226 0.18691943650879722 -0.029318465791830142 0.28117353580937682 2.3850692130814362 -0.96212262693513095 0.087598555341720993 1.2679443722171113 -0.076047594919164963 -0.58324586820936219 0.051546804920701697 -0.029701976330412109 0.0637801364444638 -0.043877634583275767 -0.040652018438503544 0.02147958789587797 7.5781604208748261 -0.051775910574688652 -0.25424271167368218 -0.104604652941706 -0.095888081152930446 -0.012693110558786459 0.012075821639835491 -0.78386562888131239 0.40276482068191483 -0.0090439385500564375 -1.5540139161541688 0.0039176684455671249 -0.01286629103379411 -1.3080929244263044 -0.0097769249365678868 0.45917554850308412
leaf_weight=23 29 28 22 23 30 30 20 23 27 27 24 26 21 21 29 23 25 23 26 21 24 20 23 33 27 22 32 23 39 20 23 20 29 21 34 34 30 25 22 29 30 33 20 23 21 28 27 29 27 20 22 20 21 20
leaf_count=23 29 28 22 23 30 30 20 23 27 27 24 26 21 21 29 23 25 23 26 21 24 20 23 33 27 22 32 23 39 20 23 20 29 21 34 34 30 25 22 29 30 33 20 23 21 28 27 29 27 20 22 20 21 20
internal_value=-2.87356e-05 -0.00185185 -0.000875 -0.00217391 0.000257689 -0.000733945 0.000821382 0.00249071 0.00145631 -8.03213e-05 -0.000547945 -0.00118227 -0.000628571 -0.000931373 0.000872483 -0.00196911 0.00294118 0.00123288 0.00224044 0.00307692 0.000540541 -0.0040146 -0.00247312 0.00333333 0.000327869 0.00157895 0.00396226 0.00244444 0 0.000625 -0.000138249 0.000515464 -0.00131313 0.00242105 0.00378378 -0.0037931 -0.00169811 0.00375 0.00587302 -0.0016 -0.00342857 -0.00464286 -0.00142857 -0.00361702 0.00365854 -0.00529412 0.00536585 0.00381818 -0.00458333 -0.001 0.000952381 -0.00347826 -0.00727273 0.0065
internal_weight=1392 189 160 115 1203 436 767 269 206 498 438 406 350 408 149 259 102 73 183 156 74 137 93 60 122 95 53 45 302 256 217 194 99 95 74 87 53 48 63 50 70 56 42 47 41 51 82 55 48 40 42 46 44 40
internal_count=1392 189 160 115 1203 436 767 269 206 498 438 406 350 408 149 259 102 73 183 156 74 137 93 60 122 95 53 45 302 256 217 194 99 95 74 87 53 48 63 50 70 56 42 47 41 51 82 55 48 40 42 46 44 40
is_linear=0
shrinkage=0.01


Tree=132
num_leaves=52
num_cat=0
split_feature=77 2 69 69 26 32 27 82 72 44 6 31 39 17 16 35 27 34 40 32 8 69 56 17 77 81 34 17 31 32 34 82 27 62 5 66 16 27 78 40 80 83 77 40 72 69 16 40 68 26 5
split_gain=7.96152 10.3476 8.67348 8.57507 8.07104 7.95991 9.74842 9.22352 8.82158 13.5274 8.14619 11.6067 7.16677 7.07588 8.06754 6.99013 6.91732 6.77866 6.52896 8.05831 8.34853 7.88929 6.82614 6.23842 7.49585 7.08938 8.29885 7.94746 5.63333 5.6011 7.9011 5.98568 5.40314 5.415 5.07937 8.27458 5.76908 4.92513 4.90909 4.63485 4.55005 4.48 4.09481 5.91385 3.86061 3.85333 3.84891 3.74625 3.65652 3.06087 1.6
threshold=3398.0368009625904 2363.2000000000003 31889.350000000002 28329.000000000004 126.75000000000001 236.25000000000003 111.75000000000001 19.865000000000013 1304.0115000000003 6.2549998760223398 8423.7950000000019 7.7250000000000005 99.250000000000014 80.350000000000009 5755.2000000000016 27.375000000000004 80.750000000000014 103.25000000000001 127.75000000000001 90.750000000000014 405.59694444444455 29684.450000000004 1.0000000180025095e-35 60.150000000000006 3652.3846287556626 4046.2909245482733 71.750000000000014 198.05000000000004 7.3250000000000011 98.250000000000014 54.250000000000007 840.40000000000009 20.250000000000004 848.21300000000008 5096.1450000000013 1509.9500000000003 6545.3000000000011 21.250000000000004 630.91794791666678 154.75000000000003 32853.302083333336 2651.1000000000008 3116.4438163278533 84.750000000000014 1.0110000000000003 32898.850000000013 7093.2500000000009 92.750000000000014 1194.1500000000003 6.2500000000000009 5960.1550000000016
decision_type=2 2 2 2 2 2 2 2 2 2 2 2 2 2 2 2 2 2 2 2 2 2 2 2 2 2 2 2 2 2 2 2 2 2 2 2 2 2 2 2 2 2 2 2 2 2 2 2 2 2 2
left_child=4 2 3 -2 16 8 7 23 10 12 18 13 -10 -12 -15 -8 32 41 19 20 -3 -21 47 -7 -25 27 -27 -26 -20 30 31 37 -1 38 36 -36 -31 -14 -34 -28 -33 45 43 -35 -6 -18 -38 -23 49 -22 -45
right_child=1 5 -4 -5 44 6 15 -9 9 -11 11 -13 29 14 -16 -17 17 -19 28 21 48 22 -24 24 25 26 39 -29 -30 34 -32 40 33 42 35 -37 46 -39 -40 -41 -42 -43 -44 50 -46 -47 -48 -49 -50 -51 -52
leaf_value=-0.69561639532721475 -1.9510750316494785 -0.10702379409526674 -3.333921885768151 0.075505067853869165 5.2572380685017537 0.0059789282183502056 2.4260893638391496 1.6671139959815537 -1.2990196347148446 0.022876567806166682 -0.020307492021725548 -2.925740118342282 -0.022946847345234112 -0.0090249947221381684 5.4917841664470588 -0.0039019125913787906 -0.012071605644122015 -1.8598866054326488 0.28628575967560349 -0.13961123513020457 0.96359776220069249 0.022586881467637633 -0.3421030318259487 -0.2615232417610629 0.013861100179608688 -0.0019507036445144774 -1.8587083712539361 -0.17203936083417085 6.3597535515819867 -0.0089814582266161454 -0.04422291335783908 -1.5831389360171977 0.078768844623073417 2.3176596136906431 0.074969870184550091 -0.025046407615225558 0.10556915735817493 0.084570369557402714 -3.0372828089624999 -0.076410571955829149 -0.52102764362271548 -0.044340693362298955 0.0046957017391247025 0.014728253550769078 0.066508759048885688 0.088648294828618884 0.029653797160298173 0.047196051051043589 0.62005591773350788 4.4264003981138647 0.036650193005613743
leaf_weight=20 28 30 30 38 22 22 28 22 39 39 20 25 24 25 29 22 30 22 30 32 23 33 27 28 32 29 38 25 24 37 37 23 32 25 23 37 23 26 22 20 20 20 31 20 30 20 24 20 24 22 20
leaf_count=20 28 30 30 38 22 22 28 22 39 39 20 25 24 25 29 22 30 22 30 32 23 33 27 28 32 29 38 25 24 37 37 23 32 25 23 37 23 26 22 20 20 20 31 20 30 20 24 20 24 22 20
internal_value=0 -0.000408163 -0.00354167 -0.00151515 0.00140127 -0.000101833 -0.00157895 -0.0025 0.000446927 -0.000681818 0.00153846 -0.000909091 -0.0013738 0.00108108 0.00296296 0.0024 0.000687023 -0.00152174 0.00245283 0.00165877 0.00373737 -0.000178571 0.0015 -0.00319588 -0.00383721 -0.00291667 -0.00471264 -0.000175439 0.00555556 -0.00080292 -0.00230769 -0.000752688 0.00188235 0.00253333 0.000555556 -0.00166667 0.00214286 0.0016 0 -0.00689655 -0.00348837 0 0.00395833 0.00538462 0.005 0.0016 0.00446809 0.00358491 0.00565217 0.00733333 0.003
internal_weight=1392 1078 96 66 314 982 266 216 716 352 364 99 313 74 54 50 262 92 265 211 99 112 80 194 172 144 87 57 54 274 130 93 170 150 144 60 84 50 54 58 43 70 96 65 52 50 47 53 69 45 40
internal_count=1392 1078 96 66 314 982 266 216 716 352 364 99 313 74 54 50 262 92 265 211 99 112 80 194 172 144 87 57 54 274 130 93 170 150 144 60 84 50 54 58 43 70 96 65 52 50 47 53 69 45 40
is_linear=0
shrinkage=0.01


Tree=133
num_leaves=54
num_cat=0
split_feature=63 75 45 62 4 20 2 39 81 43 90 72 21 69 91 77 43 14 22 64 77 77 20 35 21 7 84 69 21 7 14 6 27 28 7 90 34 26 81 2 42 28 42 20 20 80 6 14 20 64 75 84 20
split_gain=9.92303 9.21358 7.25862 10.1366 6.90294 6.745 9.74556 9.64286 9.15298 8.05096 7.83504 9.70415 7.59018 7.45245 9.46753 7.26147 7.14286 6.88554 6.33513 6.1068 6.59032 7.49577 6.68619 7.46558 6.37486 9.53662 9.18823 7.79221 6.73341 6.44215 6.22895 5.32637 7.65046 18.3382 7.61006 6.30691 5.35515 5.26316 5.24263 6.12245 4.5782 4.55357 6.31846 4.55285 4.09978 4.08265 3.31325 3.28526 4.83384 3.13311 3.11688 2.85466 0.951452
threshold=34303.000000000007 603.50974269151686 26182.500000000004 1355.8960000000002 19117.450000000004 2477.9000000000001 3261.7275000000004 121.75000000000001 4441.8903730765942 85.45999908447267 1794.2998500000003 1465.0135000000002 20.025000000000002 33798.450000000004 32676.772037500003 4564.922515975014 79.764999389648452 16033.250000000002 85.250000000000014 1778.5500000000002 4189.6215367364521 4278.9167438986306 1687.2500000000002 28.175000000000004 28.825000000000006 17.645000000000007 1097.345 27877.850000000002 22.125000000000004 13.175000000000002 16457.650000000005 6533.6550000000016 83.750000000000014 27.525000000000002 608.71000000000015 1632.8749500000004 72.250000000000014 4.7500000000000009 3984.2032089642425 2795.1500000000005 101.77500152587892 21.775000000000002 219.55000305175784 1017.5500000000001 1026.9000000000003 31549.965277777785 4757.3450000000012 16725.600000000002 2864.0500000000006 1367.5000000000002 370.40133136490539 574.25318750000008 954.25000000000011
decision_type=2 2 2 2 2 2 2 2 2 2 2 2 2 2 2 2 2 2 2 2 2 2 2 2 2 2 2 2 2 2 2 2 2 2 2 2 2 2 2 2 2 2 2 2 2 2 2 2 2 2 2 2 2
left_child=4 2 3 40 5 8 12 -8 13 10 11 15 47 19 16 43 18 -18 -15 20 22 -22 23 24 25 26 27 -1 -28 -26 -23 34 33 36 35 41 -33 -24 -21 -40 -2 -27 -43 -10 -42 -11 -30 48 -7 -37 -29 -12 -20
right_child=1 -3 -4 -5 -6 6 7 -9 9 45 51 -13 -14 14 -16 -17 17 -19 52 38 21 30 37 -25 29 31 28 50 46 -31 -32 32 -34 -35 -36 49 -38 -39 39 -41 44 42 -44 -45 -46 -47 -48 -49 -50 -51 -52 -53 -54
leaf_value=-0.0041032809585897084 -1.7140233633391182 -0.023354287225696026 0.09308839478675443 0.016907278742720334 -0.043720547293341093 -0.0022546896366353098 0.97586383366481699 -0.015150165818057049 3.0796020467351037 0.29035546168078813 0.038090480131412911 -1.2977002522067276 0.015661645472622606 -0.031981903123714531 0.012207751442314578 -0.15722512733350741 0.02218395554925159 -0.022855396666151107 -2.9872942788156069 -0.050030244993021292 -0.4060891807695366 -0.015568887283534304 1.6277602097107786 0.35234194507469269 1.9921891991063205 0.80231504225045724 -0.42149985495027437 -1.8157832057676724 0.0046487447217334575 -0.0036694086160134281 0.058985537904130594 0.015271121004663836 0.2023941888708744 -0.099007052600515386 -2.4634889807043359 -0.6238540277615513 0.37384709559135315 0.02183813413558167 -0.019581050424695039 0.16527383893152339 0.072512863497539576 -0.1176296419629701 0.28945427359798387 4.9474288164388156 -0.034923847599475026 -0.027243202705772674 2.4009018605950114 -1.9114738308402224 -1.6379781242811646 0.021072858385367727 -6.1095340429803446 0.88067760960270425 -2.0123069152180717
leaf_weight=24 21 30 23 24 29 22 21 35 21 21 20 22 20 22 28 23 29 34 20 32 36 24 38 20 35 27 20 22 23 26 23 30 37 20 24 31 25 38 28 21 20 24 26 20 34 25 20 22 31 27 20 33 21
leaf_count=24 21 30 23 24 29 22 21 35 21 21 20 22 20 22 28 23 29 34 20 32 36 24 38 20 35 27 20 22 23 26 23 30 37 20 24 31 25 38 28 21 20 24 26 20 34 25 20 22 31 27 20 33 21
internal_value=4.31034e-05 -0.00236842 -0.00114754 -0.00232323 0.00033871 0.00045417 -0.00152318 0.00178571 0.000735849 0.00275676 0.00395683 0.00209302 -0.00347368 0.000308571 -0.00168831 0.0040625 -0.00285714 -0.00047619 -0.0052381 0.00073509 0.0010625 -0.00156627 0.00145422 0.00101871 0.000759219 0.0003 -0.00193798 -0.00454545 0.000793651 0.00377049 0.00106383 0.00136531 0.00303571 0.0012 0.000188679 0.00111111 0.00418182 0.00421053 -0.00185185 0.000204082 -0.00413333 0.00298701 0.0012 0.00658537 -0.00259259 -0.000869565 0.00302326 -0.00493333 -0.00358491 -0.00137931 -0.00714286 0.00698113 -0.00756098
internal_weight=1392 152 122 99 1240 1211 151 56 1060 185 139 86 95 875 154 64 126 63 63 721 640 83 557 481 461 400 129 66 63 61 47 271 112 75 159 135 55 76 81 49 75 77 50 41 54 46 43 75 53 58 42 53 41
internal_count=1392 152 122 99 1240 1211 151 56 1060 185 139 86 95 875 154 64 126 63 63 721 640 83 557 481 461 400 129 66 63 61 47 271 112 75 159 135 55 76 81 49 75 77 50 41 54 46 43 75 53 58 42 53 41
is_linear=0
shrinkage=0.01


Tree=134
num_leaves=53
num_cat=0
split_feature=76 88 65 71 72 44 95 35 16 66 2 84 44 14 14 58 66 47 21 21 42 92 10 20 14 14 90 6 65 21 94 6 90 28 32 77 79 39 17 32 68 28 90 26 25 77 4 21 66 77 6 2
split_gain=13.021 8.13888 9.01792 13.0418 8.91211 10.4802 9.7951 9.48347 9.28158 11.1982 9.12162 9.42857 8.87878 9.70484 9.89169 8.65454 7.8496 8.90909 9.0271 7.74637 5.78803 7.47136 6.94444 5.7359 8.19605 5.70333 6.31238 5.60345 5.56792 5.52429 14.6121 6.98699 6.06061 5.18809 4.89799 4.74097 4.71488 6.72293 6.13493 4.63714 4.47109 4.45455 4.21941 5.04235 7.61723 4.00154 3.67927 3.21111 2.92739 2.5 1.83995 0.962791
threshold=40905.312500000007 2445.3708333333338 26854.050000000003 1551.3000000000002 1365.6245000000001 6.2549998760223398 1.0000000180025095e-35 25.725000000000005 6484.6500000000005 1674.7500000000002 2946.5075000000002 1428.8426979166668 2.6935000419616704 15038.150000000001 16395.050000000003 0.68301270189221941 1398.6000000000001 1.0000000180025095e-35 22.125000000000004 27.475000000000005 118.37500000000001 24347.172318750007 39878.850000000013 916.70000000000016 17623.850000000002 16725.600000000002 2079.8977500000005 4140.0950000000003 24952.650000000005 21.475000000000005 616244.25311531266 3911.4100000000003 1434.1981500000004 21.875000000000004 247.75000000000003 3245.1084417929492 518.24202109368684 210.25000000000003 77.000000000000014 217.75000000000003 1503.4000000000003 25.775000000000002 1049.2618500000001 110.75000000000001 146.75000000000003 3714.2132799676542 15272.145000000002 27.375000000000004 1460.1105000000002 4101.6899105505945 6727.6000000000013 2937.2380000000007
decision_type=2 2 2 2 2 2 2 2 2 2 2 2 2 2 2 2 2 2 2 2 2 2 2 2 2 2 2 2 2 2 2 2 2 2 2 2 2 2 2 2 2 2 2 2 2 2 2 2 2 2 2 2
left_child=1 -1 3 12 6 8 16 -7 29 27 11 -8 -3 15 28 19 20 41 -19 40 21 22 36 50 -25 26 -22 -10 -15 31 -31 32 -6 -33 -23 -32 38 -38 -4 48 -14 -18 -27 44 -44 -37 -2 -24 -12 -47 -16 -35
right_child=46 2 4 -5 5 7 10 -9 9 -11 39 -13 13 14 23 -17 17 18 -20 -21 25 34 47 24 -26 42 -28 -29 -30 30 35 33 -34 51 -36 45 37 -39 -40 -41 -42 -43 43 -45 -46 49 -48 -49 -50 -51 -52 -53
leaf_value=-0.053362837547060837 -0.044535971230078845 1.0882718569618581 0.76246443440405121 1.5638259560208869 0.036494817005220559 0.037409649319642996 0.96426358771996479 -0.015184515191006028 0.04026473111914939 -0.023345013891012477 4.0095887942854231 -0.44454011372450319 -4.5448861691367162 0.022943253660625027 0.12222986974792215 0.38676053573567792 1.7405286745546724 -0.08827051484362898 0.068037520965943468 0.013220147453183154 0.043942984277989351 -0.0079446742489116349 0.0032147454372026076 -0.061659631087890458 0.1071759853710266 -0.29890453812239715 -0.033222419105340031 0.0014376025581469916 2.145635713104229 0.044257777686419315 0.0055813736582350738 -0.073094742401741505 -0.50308345693915191 -1.2666121779368462 -0.1209936042208995 -0.69183143862391272 0.14886713751397695 0.0015381311720906129 -0.014209250942242384 2.7899083791667998 -2.1729782240489031 0.18475864027700112 -2.2033834863612705 -0.10307589039884343 1.9088254234239095 0.0086329358801698428 -0.0031396271981662528 -0.060218869954168176 3.1629403821475655 -0.12649833068692196 0.045267747436948551 -1.9952741056003569
leaf_weight=36 29 32 25 23 25 21 33 30 32 35 20 21 31 26 21 39 22 23 21 23 37 37 36 22 23 33 20 26 21 21 22 33 30 23 25 25 38 26 31 21 20 22 29 21 23 20 22 24 33 20 20 20
leaf_count=36 29 32 25 23 25 21 33 30 32 35 20 21 31 26 21 39 22 23 21 23 37 37 36 22 23 33 20 26 21 21 22 33 30 23 25 25 38 26 31 21 20 22 29 21 23 20 22 24 33 20 20 20
internal_value=5.74713e-05 0.000246085 0.000375479 0.00189369 -7.96813e-05 -0.00127937 0.000660225 0.00294118 -0.00192771 0.000752688 0.003125 0 0.00129496 0.000650407 0.0024812 -0.00150442 2.0284e-05 0.00272727 -0.000454545 -0.00351351 -0.000567901 0.000413223 0.00144444 0.000465116 -0.002 -0.00202454 0.000526316 0.00344828 0.00617021 -0.00297071 -0.0012963 -0.00435115 -0.00163636 -0.00631579 -0.00258065 -0.00310345 0.00283333 0.0046875 0.000714286 0.00540541 -0.00568627 0.00590909 -0.00339623 -0.00205479 -0.000384615 -0.00446154 -0.00490196 -0.00133333 0.00698113 -0.0025 0.00317073 -0.00860465
internal_weight=1392 1341 1305 301 1004 383 621 51 332 93 128 54 278 246 133 113 493 88 44 74 405 242 180 86 45 163 57 58 47 239 108 131 55 76 62 87 120 64 56 74 51 44 106 73 52 65 51 60 53 40 41 43
internal_count=1392 1341 1305 301 1004 383 621 51 332 93 128 54 278 246 133 113 493 88 44 74 405 242 180 86 45 163 57 58 47 239 108 131 55 76 62 87 120 64 56 74 51 44 106 73 52 65 51 60 53 40 41 43
is_linear=0
shrinkage=0.01


Tree=135
num_leaves=52
num_cat=0
split_feature=61 7 2 6 1 25 33 37 24 79 31 74 74 23 94 23 94 25 13 28 13 68 79 38 1 74 74 69 23 13 27 37 7 83 37 88 38 2 14 16 40 31 39 23 28 27 73 24 83 14 24
split_gain=11.894 7.91193 10.8023 8.75267 9.05623 7.44919 8.94239 7.03828 7.74956 6.92635 8.40424 6.86525 7.64264 10.336 6.91429 6.64368 7.42459 6.42805 9.96628 11.7619 10.0602 8.0175 8.16581 9.29916 7.86462 8.35227 6.60571 6.24294 7.36072 9.69231 9.31575 5.7992 6.17273 5.52512 7.18874 6.16319 5.49826 5.46589 4.88195 4.85026 4.81333 4.79984 5.32563 4.75111 4.66667 4.11189 3.97494 3.24 3.14608 2.91382 2.70465
threshold=35518.80000000001 1396.7450000000001 3619.8395000000005 3242.9000000000005 15804.000000000002 117.25000000000001 197.25000000000003 48.250000000000007 11.175000000000002 619.75692165551743 3.4750000000000005 1022.8402812500001 1551.1411562500004 99.250000000000014 636736.76786187512 97.250000000000014 503546.05499000015 194.00000000000003 7091.0500000000011 24.825000000000006 10182.600000000002 1490.2360000000001 278.36521667954111 7.4250000000000016 14004.900000000003 559.02064583333345 349.60527083333335 26994.700000000004 78.250000000000014 4226.0000000000009 20.250000000000004 99.750000000000014 17.635000000000002 2216.6500000000001 83.250000000000014 6970.8862500000005 5.9250000000000016 2890.2000000000003 11582.900000000001 4781.7000000000007 122.75000000000001 3.4250000000000007 216.75000000000003 75.250000000000014 28.075000000000006 39.750000000000007 986.90950000000009 9.3250000000000011 2376.0499999999979 19536.100000000002 9.0750000000000011
decision_type=2 2 2 2 2 2 2 2 2 2 2 2 2 2 2 2 2 2 2 2 2 2 2 2 2 2 2 2 2 2 2 2 2 2 2 2 2 2 2 2 2 2 2 2 2 2 2 2 2 2 2
left_child=1 2 3 4 11 45 37 -2 9 10 -9 38 13 -13 -15 -12 -17 18 21 -20 41 22 23 -5 -19 -26 -22 -23 29 -29 -30 32 -32 35 -35 39 -27 -7 -1 -24 -28 -21 43 -43 -10 -3 50 -34 -45 -39 -41
right_child=7 5 -4 17 -6 6 -8 8 44 -11 15 12 -14 14 -16 16 -18 24 19 20 26 27 33 -25 25 36 40 28 30 -31 31 -33 47 34 -36 -37 -38 49 -40 46 -42 42 -44 48 -46 -47 -48 -49 -50 -51 -52
leaf_value=-1.2156814999218055 0.0088730171120110259 -0.21430657446773055 1.2418637067589489 0.088672475870320802 0.015013325045915998 0.13585010819947038 -0.036375931237978464 -1.6568125362755506 -2.1291586068077324 -0.031149189124338408 -0.078673765645757232 0.055977314660236303 -1.5444531075235746 -2.9200276858308123 0.015715195869813313 -0.0071160809918092106 0.087867912637723866 -0.45784339441180222 8.3112535562100014 -1.9963781618391978 -0.018582259988034009 0.95671986008700571 1.9558047276160901 -0.18163013189405852 0.0072251841274863287 1.2533600188887959 0.93579877589825999 -0.34905782303427124 -0.031135563286370946 0.012081102088669504 0.003353050764154205 -0.044672235103082401 0.035822263131203583 -0.34283587202496235 0.023835834379401392 3.4427791777312327 3.3819810466538991 0.02052681786754278 -1.7952998185920523 -0.11504955329922734 -0.011107139499386829 -0.0021415752332133156 0.011017603272229124 -5.2421190331732781 -0.035723814201565923 -4.2640802266929771 1.9778834244039423 0.61160051445617936 -0.25713335227557488 -0.028564384710606527 0.057432193932231687
leaf_weight=20 33 22 33 26 39 28 20 30 21 24 29 22 27 21 24 22 36 21 20 22 20 21 39 23 30 29 30 39 35 24 38 25 20 20 29 29 37 20 27 27 20 21 21 21 21 26 37 25 22 21 20
leaf_count=20 33 22 33 26 39 28 20 30 21 24 29 22 27 21 24 22 36 21 20 22 20 21 39 23 30 29 30 39 35 24 38 25 20 20 29 29 37 20 27 27 20 21 21 21 21 26 37 25 22 21 20
internal_value=2.21076e-05 0.000429448 0.000737052 0.000545829 -0.00144444 -0.00182482 -0.00011236 -0.00212963 -0.00289617 -0.00177305 -0.000769231 -0.00262411 -0.00106383 0.000746269 -0.002 0.000804598 0.00275862 0.000998736 0.000623145 -0.00126904 -0.0020904 0.00140461 0.00264 -0.00102041 0.00316239 0.004375 0.000857143 4.40529e-05 -0.000485437 -0.00333333 0.000769231 0.00222222 0.00349398 0.00353234 0.000612245 0.00447368 0.00636364 0.0015942 -0.00574468 0.00349593 0.0028 -0.00401869 -0.00294118 -0.004375 -0.00666667 -0.005 0.00214286 0.006 -0.00627907 -0.000731707 0.000212766
internal_weight=1357 1141 1004 971 180 137 89 216 183 141 117 141 94 67 45 87 58 791 674 197 177 477 250 49 117 96 70 227 206 63 143 108 83 201 49 152 66 69 47 123 50 107 85 64 42 48 84 45 43 41 47
internal_count=1357 1141 1004 971 180 137 89 216 183 141 117 141 94 67 45 87 58 791 674 197 177 477 250 49 117 96 70 227 206 63 143 108 83 201 49 152 66 69 47 123 50 107 85 64 42 48 84 45 43 41 47
is_linear=0
shrinkage=0.01


Tree=136
num_leaves=54
num_cat=0
split_feature=63 60 98 10 77 46 24 56 24 80 77 10 57 91 80 98 24 91 45 21 77 26 93 11 10 64 74 78 78 80 100 64 78 11 72 98 85 66 24 46 36 36 0 20 93 37 58 24 5 68 32 20 5
split_gain=10.6738 6.43083 10.0695 11.4557 9.98007 8.38832 8.30246 7.49376 7.13779 7.13016 7.80032 6.45333 6.30293 7.40078 6.66383 6.90073 6.05018 7.12645 7.38754 7.3368 5.92178 5.90945 7.89682 6.2207 7.26545 8.23605 8.70768 12.7979 8.67356 7.03592 10.6099 8.5945 8.16142 6.77426 5.82842 9.03594 8.31546 6.53333 5.76923 4.84 4.66667 4.58333 4.17401 4.00346 3.63695 3.6 3.42857 3.21429 2.34104 2.07879 1.75819 0.9 0.409756
threshold=36038.80000000001 1395.4000000000003 0.58680555555555569 26319.050000000007 3252.1824986837578 106.564998626709 7.7250000000000005 1.0000000180025095e-35 10.775000000000002 31993.264583333337 3833.7936685459413 33266.450000000004 -0.56174490092936669 30553.478087500003 30539.098958333339 0.10763888888888891 14.550000000000002 30921.784693750003 22997.500000000004 24.125000000000004 4201.7201672462843 162.25000000000003 395.22375000000005 40890.950000000004 36937.950000000004 1475.7230000000002 1324.2724270833335 1173.7365416666669 1039.667902777778 37923.550347222226 0.41319444444444448 1156.8100000000002 803.99386458333345 37669.750000000007 962.50000000000011 0.15625000000000003 1502.4000000000003 1148.2645000000002 10.225000000000001 104.25500106811525 84.750000000000014 81.250000000000014 35318.650000000009 841.05000000000007 423.84702702702708 86.750000000000014 -0.5 7.8250000000000011 4833.6550000000016 939.00900000000013 262.75000000000006 1918.8500000000001 4466.4400000000014
decision_type=2 2 2 2 2 2 2 2 2 2 2 2 2 2 2 2 2 2 2 2 2 2 2 2 2 2 2 2 2 2 2 2 2 2 2 2 2 2 2 2 2 2 2 2 2 2 2 2 2 2 2 2 2
left_child=1 4 3 -3 8 7 -7 20 12 10 47 -10 -1 14 15 -14 17 18 -4 41 52 22 -6 24 25 26 27 28 33 30 31 -25 -31 34 35 36 -24 45 -32 -37 -19 51 50 -30 -43 -36 -38 -9 -21 -35 -26 -20 -5
right_child=-2 2 16 5 21 6 -8 9 11 -11 -12 -13 13 -15 -16 -17 -18 40 19 48 -22 -23 23 29 42 -27 -28 -29 43 32 38 -33 -34 49 37 39 46 -39 -40 -41 -42 44 -44 -45 -46 -47 -48 -49 -50 -51 -52 -53 -54
leaf_value=2.8689568632393048 -0.028297000169997623 -1.7812478121990194 0.75253958097103324 1.6463008889038881 -3.8021094089966034 0.088632919657076426 -0.74628470970497152 0.01090742723950683 0.0068367991087937008 0.032528379903068158 -0.032252916778116786 -0.094812886816041095 0.00599529953951667 0.094102884705555209 -0.026389014953712105 0.1740151664531096 -0.048471228583114263 0.02581745468711532 -0.022904044566120094 -0.044808804258826884 0.017416227189668163 -0.037730448430746605 -0.012498478726423489 0.10102498214477196 0.12210803305423008 0.41733831997868159 -2.1189499839604657 0.39614453717760456 -0.42360875784099605 3.2764508789173226 -0.92884924213369735 -1.6161249985058155 -0.016931121644281625 0.0098939174742295015 -3.495474439982766 -0.042312697937700622 0.067723875935685032 0.019261691121014585 -4.5716726838282664 -0.0011546592987626858 0.042135800853113692 0.049884311312769811 -0.0016267918478452825 -5.1007869709030125 -0.0036571255379821833 -2.1765778167543073 0.033890683014209895 0.23300066850443202 -0.020901486475958287 0.87917932679533739 0.21480240715730922 -0.012100895815609199 3.7349251254858826
leaf_weight=20 35 22 22 20 23 28 30 21 30 39 32 20 38 28 32 21 30 21 20 22 33 27 29 32 21 22 30 32 20 31 39 26 20 20 20 20 21 20 25 25 21 26 26 22 22 20 21 24 25 22 20 20 21
leaf_count=20 35 22 22 20 23 28 30 21 30 39 32 20 38 28 32 21 30 21 20 22 33 27 29 32 21 22 30 32 20 31 39 26 20 20 20 20 21 20 25 25 21 26 26 22 22 20 21 24 25 22 20 20 21
internal_value=2.21076e-05 0.000166415 0.00106212 0.00237037 -0.000376671 0.00298387 -0.000344828 0.004 0.00164021 0.00241379 0.000649351 -0.0016 0.00280576 0.00193277 0.000549451 0.00254237 -0.000480349 0.000150754 -0.000828025 -0.0017037 0.00648649 -0.000977918 -0.0007743 -0.000547945 0.000121655 -0.000465116 -0.000869565 -0.000342466 -0.00107692 -0.00213873 -0.00344262 -0.000344828 0.000980392 -0.000275229 -0.00113636 0.000172414 0.00239437 -0.00366667 -0.00625 -0.00333333 0.00380952 0 0.00313433 -0.0052381 0.00208333 -0.006 0.0052381 0.00333333 -0.00489362 0.00333333 0.00512195 -0.0025 0.00902439
internal_weight=1357 1322 499 270 823 248 58 190 189 116 77 50 139 119 91 59 229 199 157 135 74 634 607 584 411 344 322 292 260 173 122 58 51 218 176 116 71 60 64 45 42 88 67 42 48 40 42 45 47 42 41 40 41
internal_count=1357 1322 499 270 823 248 58 190 189 116 77 50 139 119 91 59 229 199 157 135 74 634 607 584 411 344 322 292 260 173 122 58 51 218 176 116 71 60 64 45 42 88 67 42 48 40 42 45 47 42 41 40 41
is_linear=0
shrinkage=0.01


Tree=137
num_leaves=51
num_cat=0
split_feature=70 72 83 35 7 92 40 19 45 43 19 60 40 43 33 71 1 60 98 40 25 92 38 79 1 72 7 56 43 72 3 3 7 1 0 31 73 7 43 38 79 25 81 72 81 81 97 35 81 14
split_gain=9.17811 10.0035 9.45778 8.25126 7.81445 8.08458 9.01905 7.46581 8.4145 10.4417 6.77729 6.35496 6.62722 6.11141 6.07678 7.17037 6.05238 5.95238 6.06061 5.85281 8.21018 5.31513 9.70005 8.43547 8.21612 7.56629 7.36976 6.29147 7.11831 5.75079 5.35966 5.28824 5.27716 6.37467 11.7974 8.89807 5.43493 5.25128 6.31702 4.8753 4.86163 4.85348 4.79739 4.76219 4.45455 4.34349 3.99034 3.72308 3.47037 2.60999
threshold=951.00000000000011 1606.1500000000003 1261.000000000002 27.875000000000004 17.565000000000005 20787.890162500011 115.25000000000001 1618.9000000000003 23021.000000000004 75.604999542236342 313.60000000000008 1212.2000000000003 55.750000000000007 78.485000610351577 63.250000000000007 870.95000000000016 16707.490500000004 1469.6035000000004 0.64236111111111127 59.250000000000007 184.50000000000003 27604.989006250005 5.2250000000000005 398.63546001882656 15294.550000000001 1385.4050000000002 1585.4150000000002 0.6078576107927941 82.395000457763686 1422.5025000000003 16425.206000000002 11615.200000000003 2220.3300000000004 16059.150000000001 34620.600000000013 5.8750000000000009 1.3660000000000003 17.585000000000004 78.31000137329103 4.5750000000000011 517.68518896121986 195.25000000000003 4133.4101707823311 0.9195000000000001 3896.5610233226021 4218.5009817225955 0.11458333333333336 24.575000000000006 4193.3419218890385 19783.900000000005
decision_type=2 2 2 2 2 2 2 2 2 2 2 2 2 2 2 2 2 2 2 2 2 2 2 2 2 2 2 2 2 2 2 2 2 2 2 2 2 2 2 2 2 2 2 2 2 2 2 2 2 2
left_child=21 4 -3 37 19 16 7 8 9 -7 -8 -10 -13 -9 15 -14 -6 -11 -19 -2 -21 24 44 -24 25 26 31 28 -25 30 32 -1 33 43 49 36 41 -4 -39 -12 -33 -36 -41 -26 -23 -40 -34 -15 -37 -35
right_child=1 2 3 -5 5 6 10 13 11 17 39 12 14 47 -16 -17 -18 18 -20 20 -22 22 23 27 29 -27 -28 -29 -30 -31 -32 40 46 34 35 48 -38 38 45 42 -42 -43 -44 -45 -46 -47 -48 -49 -50 -51
leaf_value=-1.8069837380629914 3.7744292145071041 -0.072522867667668897 0.037993459997240783 -0.021398544686756442 0.0027252752860062613 0.27754367565255733 1.7613834110274738 -0.00018773530113031401 0.04695633661114499 -1.0900550988401099 -0.044881161331087861 -0.53548842992903367 -0.045648688318280159 0.013999714329630042 -0.11076025153565568 0.25521780937177219 -1.675931203462262 2.1132332608538604 -0.013873303315758572 -0.024657431825342257 3.3612369342156105 -0.0084341389228728761 -0.03359734553739066 0.60758421931430318 -0.016016201531230116 -4.0225668161030486 -1.8975996935651696 -0.017726091249633688 0.034153121385994044 0.062654868931603852 -0.038093494500358302 -0.069444707977363934 0.029900340211485004 -0.04526716148459671 2.7772787650111024 -0.056037952107749138 -0.11033414962793581 0.20044094578189522 0.0090372821774520416 0.0028871018701549511 0.046424852590766674 0.0052371826841183409 0.12544384995780111 0.081938532530409058 -4.9016293411953766 -0.089053811084614978 -0.0071564566799394462 1.890589414738679 -0.0030993396692957703 -0.022143803347165866
leaf_weight=24 21 37 20 27 20 25 26 29 25 30 23 34 24 20 28 30 23 32 22 27 29 22 29 36 32 24 26 22 35 27 33 34 26 21 25 20 25 25 27 33 39 23 28 25 22 26 21 32 23 20
leaf_count=24 21 37 20 27 20 25 26 29 25 30 23 34 24 20 28 30 23 32 22 27 29 22 29 36 32 24 26 22 35 27 33 34 26 21 25 20 25 25 27 33 39 23 28 25 22 26 21 32 23 20
internal_value=0.00018423 0.000954357 -0.00123457 8e-05 0.00158645 0.0011157 0.00151927 0.000694864 -0.00016 0.00192661 0.004 -0.00177305 -0.00275862 0.00333333 -0.00121951 0.000740741 -0.00302326 0.000238095 0.00222222 0.00454545 0.00285714 -0.000694006 0.000843373 0.00229508 -0.00123932 -0.00319728 -0.00219512 0.00376344 0.00521127 -0.000342679 -0.000748299 -0.000927835 -0.000268199 -0.000934579 -0.00197452 -0.000344828 0.00178082 0.00142857 0.00025641 0.00261905 0.000410959 0.00375 0.00409836 0.00192982 -0.00318182 -0.00169811 0.00276596 0.00538462 -0.00395349 -0.00658537
internal_weight=1357 723 162 125 561 484 441 331 250 109 110 141 116 81 82 54 43 84 54 77 56 634 166 122 468 147 123 93 71 321 294 97 261 214 157 116 73 98 78 84 73 48 61 57 44 53 47 52 43 41
internal_count=1357 723 162 125 561 484 441 331 250 109 110 141 116 81 82 54 43 84 54 77 56 634 166 122 468 147 123 93 71 321 294 97 261 214 157 116 73 98 78 84 73 48 61 57 44 53 47 52 43 41
is_linear=0
shrinkage=0.01


Tree=138
num_leaves=49
num_cat=0
split_feature=63 24 6 96 24 41 19 46 74 60 61 31 31 37 19 20 73 95 79 62 25 77 37 19 77 3 80 3 93 3 100 42 90 42 36 78 42 41 41 28 5 4 78 35 80 3 25 28
split_gain=10.6738 7.95237 7.15445 7.7191 10.2132 9.1845 10.7823 10.5194 8.32775 11 8.20884 8.16541 7.53266 7.33107 9.26812 7.64907 12.0927 15.1785 8.39901 8.2057 11.3397 7.94438 9.97798 9.32452 11.8421 7.69269 12.1189 8.20568 7.08384 10.3831 6.49351 6.41486 6.34405 6.24725 5.86579 5.35528 5.21056 5.00192 4.93958 4.61063 8.64286 4.57143 4.05867 3.83546 3.56745 4.71973 2.38095 2.25195
threshold=36038.80000000001 19.400000000000006 2650.5300000000002 1.0000000180025095e-35 3.8750000000000004 84.250000000000014 1077.9000000000003 102.5550003051758 443.05139583333334 1.2160000000000002 34746.80000000001 23.225000000000005 6.825000000000002 99.750000000000014 532.60000000000002 2201.9000000000005 1202.3975000000003 1.0000000180025095e-35 206.17882913134085 1369.3000000000004 20.750000000000004 3389.6560310920145 65.750000000000014 919.00000000000011 4096.6024214250074 13742.350000000002 33463.562152777791 14738.85 412.23105600539816 14089.000000000002 0.21875000000000003 127.82500076293947 2055.0631500000004 143.62500000000003 85.250000000000014 713.37066666666681 106.22499847412111 70.250000000000014 78.250000000000014 27.275000000000002 1887.6300000000003 7359.380000000001 393.52606250000002 27.925000000000004 31249.441666666669 14844.900000000001 67.250000000000014 25.325000000000006
decision_type=2 2 2 2 2 2 2 2 2 2 2 2 2 2 2 2 2 2 2 2 2 2 2 2 2 2 2 2 2 2 2 2 2 2 2 2 2 2 2 2 2 2 2 2 2 2 2 2
left_child=1 2 36 11 -5 7 35 37 -8 -10 12 13 -9 15 -15 18 17 -17 32 21 -21 22 -20 25 -25 -23 27 -27 30 31 -16 -30 -4 -24 44 42 -1 -6 -28 40 -38 47 -7 -41 45 -22 -31 -36
right_child=-2 -3 3 4 5 6 8 10 9 -11 -12 -13 -14 14 28 16 -18 -19 19 20 34 23 33 24 -26 26 38 -29 29 46 -32 -33 -34 -35 41 -37 39 -39 -40 43 -42 -43 -44 -45 -46 -47 -48 -49
leaf_value=0.0054792214051274978 -0.027792592134825968 -1.8427076854952658 0.040528997021130872 0.072737493028315947 -0.019246954342118146 0.040782691421361435 -0.086100805774778813 0.027751980270388766 1.6833834202419962 -0.042342254993581588 0.024306585384712642 -1.8874599753716752 -1.3383899325843402 -0.42166176301741232 0.85738893546997452 -0.83324994087052451 -0.13865087400777606 0.53531316318105493 -0.0096653441378170678 -0.010408063056413985 1.6098187666368864 -1.0396668120129522 1.382532399300352 2.4245384377559751 -0.022450885129095849 0.27476823889603169 -0.055174113269168712 -0.0075506379453196895 0.070202356327556253 -0.03761904518627817 0.016242549060231787 -0.0072534633383236425 -0.023378421178958143 0.073420374775715891 0.43951748704903837 -0.014127928323169545 0.024612559083281634 -5.4030880114089133 -4.025421134329588 -0.81271304174182446 -1.5921361758959234 2.2235533439929362 1.160876718794847 -0.01807538904376579 1.896376261775909 0.0097013624308367949 -1.7124458989651632 -0.013974819141316153
leaf_weight=39 35 31 28 30 20 23 32 20 22 22 23 28 23 39 20 32 38 34 25 33 26 33 37 38 38 37 23 25 21 21 35 31 32 27 22 22 28 32 21 20 28 21 22 27 32 20 21 20
leaf_count=39 35 31 28 30 20 23 32 20 22 22 23 28 23 39 20 32 38 34 25 33 26 33 37 38 38 37 23 25 21 21 35 31 32 27 22 22 28 32 21 20 28 21 22 27 32 20 21 20
internal_value=2.21076e-05 0.000166415 0.0002866 0.000548303 -0.000859107 -0.00149425 0.00020979 -0.00355932 -0.00236842 0.000454545 -0.000909091 0.00102564 -0.00348837 0.00120482 -0.000531915 0.0017134 -0.000769231 0.00181818 0.00219331 0.00263598 0.00436782 0.00164474 0.0041573 0.000604651 0.00342105 -0.000935252 0.000377358 0.00322581 0.000604027 -0.00106383 0.00345455 0.00192308 -0.00133333 0.00625 0.00560284 0.00313433 -0.00183099 -0.00692308 -0.00363636 -0.00300971 -0.00107143 0.00333333 0.00511111 -0.00531915 0.0074359 0.00565217 -0.0047619 0.00142857
internal_weight=1357 1322 1291 1149 291 261 143 118 76 44 66 858 43 830 188 642 104 66 538 478 174 304 89 215 76 139 106 62 149 94 55 52 60 64 141 67 142 52 44 103 56 63 45 47 78 46 42 42
internal_count=1357 1322 1291 1149 291 261 143 118 76 44 66 858 43 830 188 642 104 66 538 478 174 304 89 215 76 139 106 62 149 94 55 52 60 64 141 67 142 52 44 103 56 63 45 47 78 46 42 42
is_linear=0
shrinkage=0.01


Tree=139
num_leaves=52
num_cat=0
split_feature=69 79 43 17 83 39 0 75 44 19 34 0 26 28 74 20 61 66 34 72 31 74 83 72 92 19 72 69 25 69 27 65 26 27 79 74 85 44 88 69 74 20 61 13 87 25 43 74 66 0 37
split_gain=7.09822 7.83856 7.79425 10.6704 9.95278 11.267 9.2529 8.76887 8.93027 8.22752 8.57342 9.13318 7.64721 7.08156 6.31619 10.5 8.78537 10.9289 7.37149 6.79413 7.30994 6.43416 7.01484 8.52214 7.36863 6.89446 10.4652 7.6233 6.1164 6.08519 7.60497 6.72099 8.0449 5.7212 5.54005 6.09599 5.48685 5.18157 5.32761 9.77469 6.03223 4.55111 4.54301 4.45455 4.43538 4.34051 3.91841 3.69475 3.6 2.30205 1.91255
threshold=32530.500000000004 710.147552981986 79.670001983642592 244.65000000000003 645.60000000000048 95.500000000000014 31059.000000000004 211.25587273104466 3.5145000219345097 479.65000000000003 69.250000000000014 33090.600000000013 21.250000000000004 28.025000000000002 289.84400000000005 817.45000000000016 31460.100000000002 834.05400000000009 91.250000000000014 951.00000000000011 4.4250000000000016 1669.4833958333336 2679.700000000003 854.40500000000009 25188.887843750006 1630.9000000000003 937.4285000000001 29915.500000000004 76.750000000000014 24286.800000000003 20.250000000000004 24553.800000000003 8.2500000000000018 52.250000000000007 598.86068502504816 1299.3150729166668 1479.1000000000001 3.3355000019073491 8581.6470833333351 34199.400000000001 434.18179166666675 2282.9500000000003 28908.350000000002 3498.8000000000006 0.36458333333333343 101.25000000000001 84.895000457763686 551.71988541666678 1304.9915000000003 30826.550000000003 82.750000000000014
decision_type=2 2 2 2 2 2 2 2 2 2 2 2 2 2 2 2 2 2 2 2 2 2 2 2 2 2 2 2 2 2 2 2 2 2 2 2 2 2 2 2 2 2 2 2 2 2 2 2 2 2 2
left_child=14 2 4 9 -2 -6 -7 43 37 -4 50 -12 -13 -5 15 -1 17 36 19 20 -19 22 24 -24 25 26 27 -18 -22 -21 42 -32 49 -28 35 -34 -16 38 39 -9 -40 -27 -31 -8 -42 -10 -14 -38 -3 -33 -11
right_child=1 48 3 13 5 6 7 8 45 10 11 12 46 -15 16 -17 21 18 -20 29 28 -23 23 -25 -26 41 33 -29 -30 30 31 32 34 -35 -36 -37 47 -39 40 -41 44 -43 -44 -45 -46 -47 -48 -49 -50 -51 -52
leaf_value=0.031015058414503676 0.051872810176697114 -0.01059591096440375 0.034707901874637952 -2.6078381733068308 -5.3724143750240216 -7.9481579684050505 -0.95067805757368573 -0.028658457961148947 0.0018978366976164201 0.11416658240363849 0.12332711548402893 0.0092776302293834882 -0.0074198776914114915 0.0086877425724490292 -0.018480684358135064 -2.0573416996748999 -1.1739110659789949 -0.52607614381248324 -1.6555838792142834 3.0421342482148273 2.4787321914236737 -0.024646499725378954 0.31255782322091263 -0.068160000659542475 1.6733320528168807 3.5176516141052634 0.1075334869885981 0.051054408446851392 0.0023004514125543095 -0.012502840935092793 -1.5079594977948725 0.025851852520530644 -0.29757528001597466 0.76090376293328577 0.020752944144674337 0.0014365807503460438 0.10398541739925012 -2.6942491120502599 0.025828587454480308 0.10421212579430772 -0.02714627421390664 0.013921571203501579 -1.541702812778234 -0.016506423859497247 -0.92900571179151836 0.83294817245342134 -0.06385655645957275 2.6439091096215557 -0.40073702278643797 0.71637841444590356 0.0068296099639789578
leaf_weight=24 37 20 21 22 21 20 22 37 26 22 20 39 26 27 20 32 21 22 33 25 36 30 36 21 23 20 39 31 27 23 25 26 31 32 20 27 26 20 26 29 26 25 34 22 24 24 22 31 20 24 20
leaf_count=24 37 20 21 22 21 20 22 37 26 22 20 39 26 27 20 32 21 22 33 25 36 30 36 21 23 20 39 31 27 23 25 26 31 32 20 27 26 20 26 29 26 25 34 22 24 24 22 31 20 24 20
internal_value=9.57996e-05 -0.000725126 -0.000415913 0.00105023 -0.00137725 -0.00198653 -0.00144928 -0.0009375 -9.43396e-05 0.00223529 0.0014094 -9.34579e-05 -0.00149425 -0.00306122 0.000732984 -0.0025 0.000988701 9.30233e-05 -0.000651558 -0.0001875 0.00223529 0.0023741 0.00290323 -0.000175439 0.00382199 0.00309524 0.00186992 -0.00153846 0.00396825 -0.00106383 -0.00161905 -0.000457516 0.00046875 0.0043662 -0.00153846 -0.00310345 0.00350649 -0.00123457 -0.00056338 0.00151515 -0.00236842 0.00644444 -0.00473684 -0.005 -0.0044 0.0036 -0.00416667 0.00508772 -0.005 0.0036 0.0052381
internal_weight=1357 593 553 219 334 297 276 256 212 170 149 107 87 49 764 56 708 430 353 320 85 278 248 57 191 168 123 52 63 235 210 153 128 71 78 58 77 162 142 66 76 45 57 44 50 50 48 57 40 50 42
internal_count=1357 593 553 219 334 297 276 256 212 170 149 107 87 49 764 56 708 430 353 320 85 278 248 57 191 168 123 52 63 235 210 153 128 71 78 58 77 162 142 66 76 45 57 44 50 50 48 57 40 50 42
is_linear=0
shrinkage=0.01


Tree=140
num_leaves=53
num_cat=0
split_feature=79 14 95 72 78 24 33 13 16 79 16 21 30 27 81 80 41 88 27 77 14 13 2 16 3 20 80 42 4 13 26 32 72 77 2 2 77 63 79 27 16 77 26 27 40 99 21 1 75 77 40 20
split_gain=9.69218 11.711 9.14393 15.1762 8.31976 14.0369 9.99249 8.88553 11.3467 11.0001 8.40547 9.90993 8.33333 7.33479 7.2824 8.90464 8.46147 7.20835 13.0846 7.17283 7.08051 10.8889 7.00576 6.90855 6.35992 6.30313 6.21353 8.13123 6.59532 8.97855 6.17703 6.48231 6.16175 5.97096 5.24869 5.15048 9.57586 4.90949 4.64015 4.30979 7.35981 5.88 9.45818 7.2961 6.90051 4.15229 6.25541 4.00346 3.85116 3.65714 2.62269 2.41429
threshold=708.15994062793311 12353.050000000001 1.0000000180025095e-35 1281.3185000000001 448.35056250000008 9.8250000000000011 86.750000000000014 6380.2500000000009 3962.2000000000003 457.67736597202344 4781.7000000000007 21.725000000000005 87.750000000000014 72.750000000000014 4146.1584429981513 38686.505902777782 69.750000000000014 6258.0768749999997 63.250000000000007 3974.3217428056455 17656.200000000001 13433.200000000003 2640.7000000000003 5917.7000000000007 14294.150000000003 976.1500000000002 34631.208680555566 136.37500000000003 3868.2550000000006 3245.2000000000003 1.7500000000000002 92.500000000000014 931.14900000000011 3968.5479591384078 3045.0335000000005 3267.4500000000003 3929.2913865803307 31710.750000000004 643.64595606310138 105.25000000000001 5867.9000000000005 3465.963612588333 23.250000000000004 83.250000000000014 94.750000000000014 0.031250000000000007 15.475000000000001 15825.450000000003 455.46855880737689 4204.3369398779751 126.75000000000001 896.70000000000016
decision_type=2 2 2 2 2 2 2 2 2 2 2 2 2 2 2 2 2 2 2 2 2 2 2 2 2 2 2 2 2 2 2 2 2 2 2 2 2 2 2 2 2 2 2 2 2 2 2 2 2 2 2 2
left_child=1 30 4 35 5 13 -7 8 -6 12 -10 22 -9 -3 15 19 -16 26 -19 34 -18 38 24 33 -12 47 27 49 29 -29 31 -1 -13 -2 -11 36 48 -27 -22 41 -41 44 51 -44 -32 -24 -47 -15 -4 -5 -34 -43
right_child=23 2 3 17 7 6 -8 9 10 14 11 32 -14 25 16 -17 20 18 -20 -21 21 -23 45 -25 -26 37 -28 28 -30 -31 39 -33 50 -35 -36 -37 -38 -39 -40 40 -42 42 43 -45 -46 46 -48 -49 -50 -51 -52 -53
leaf_value=-0.0028284826755316317 -0.1872473970370867 0.082290852831865491 0.61638727339854538 0.084601717592585071 -0.71537917818972152 -2.8330618799929739 0.021868656219789652 -0.05548976474671348 0.99614824737367857 -0.72359010434655235 -0.035019307330826525 -0.019641143128288522 -3.2462759444556015 0.020363584138990882 0.046831721180521341 -0.038174397038121526 0.072974755312195189 -0.021199182359515581 0.0309394918146223 0.052189630156293083 -4.2950552427736381 0.075177057615898116 0.019986303419307416 0.012780590040427678 -3.4977006929092682 -0.070315055852086084 -0.45383498854805832 -0.0041050132019601702 -0.013313519813226741 0.39871442412489155 -0.010697813497536327 -0.70914443186772258 0.10998104156439081 -1.8773906111578249 0.0024723058076887394 4.0050512259635207 0.011609720430629617 0.013148737769656563 -0.017795810594040305 -2.3462255252467035 0.021423333426788815 0.025434103811127446 -3.8334170540611532 -0.011497024773714361 2.0566001938527427 0.063775184140377611 -1.614787157615009 4.5826715100118705 2.5034571478210843 0.013113373203494379 0.031658619044410072 -0.015651459361487513
leaf_weight=25 35 34 20 21 21 23 32 20 35 34 31 25 30 20 25 23 22 26 30 32 32 27 27 23 21 30 23 27 27 23 26 39 27 23 21 25 37 29 22 20 21 24 20 35 24 22 20 22 23 24 20 21
leaf_count=25 35 34 20 21 21 23 32 20 35 34 31 25 30 20 25 23 22 26 30 32 32 27 27 23 21 30 23 27 27 23 26 39 27 23 21 25 37 29 22 20 21 24 20 35 24 22 20 22 23 24 20 21
internal_value=2.19138e-05 0.000232919 0.00070668 0.00215686 9.62861e-05 0.00189474 -0.00236364 -0.000540037 0.000843373 -0.00173611 0.00149123 0.000673575 -0.006 0.00362963 -0.000840336 -0.00272727 0.00078125 0.000547264 -0.0025 -0.00126437 -0.000485437 -0.00185185 -0.00107438 -0.00333333 -0.00384615 0.00227723 0.00172414 0.00262295 0.000649351 0.0028 -0.00168627 -0.004375 0.00361111 -0.00517241 -0.00345455 0.0052381 0.004 0.000169492 -0.00444444 -0.00078534 -0.00365854 0 -0.0014 -0.00418182 0.0028 0.00101449 -0.000952381 0.0052381 0.0072093 0.006 0.00574468 0.002
internal_weight=1369 1288 1033 306 727 190 55 537 249 288 228 193 50 135 238 110 128 201 56 87 103 81 121 81 52 101 145 122 77 50 255 64 72 58 55 105 80 59 54 191 41 150 100 55 50 69 42 42 43 45 47 45
internal_count=1369 1288 1033 306 727 190 55 537 249 288 228 193 50 135 238 110 128 201 56 87 103 81 121 81 52 101 145 122 77 50 255 64 72 58 55 105 80 59 54 191 41 150 100 55 50 69 42 42 43 45 47 45
is_linear=0
shrinkage=0.01


Tree=141
num_leaves=57
num_cat=0
split_feature=81 20 23 44 42 91 73 33 35 3 23 80 3 63 35 90 90 63 3 61 2 25 94 25 20 90 83 20 41 61 77 100 62 45 61 67 33 80 6 37 43 66 17 84 82 83 82 37 41 100 83 37 83 69 37 2
split_gain=8.75875 9.95235 6.88564 9.64592 10.2711 7.28951 6.74372 9.02402 11.3746 8.25143 7.6609 6.89265 7.45675 8.56288 7.03305 6.13285 8.83235 7.37601 6.82031 8.51642 7.31934 8.47868 5.93228 9.99126 6.14164 8.38041 7.72927 7.03039 5.93279 6.58018 5.82535 5.65609 10.7762 10.2333 5.36678 5.34964 5.18263 6.0012 5.52312 6.43727 9.47643 7.32848 7.16246 6.13636 4.95918 4.36987 4.27773 4.23893 3.98629 3.85333 3.28943 2.91255 2.61905 2.5 1.83995 0.981818
threshold=4619.4938311620253 3100.2000000000003 86.250000000000014 3.3194999694824223 104.20000076293947 32212.46236875001 0.99950000000000017 3.2500000000000004 27.475000000000005 16218.660500000002 45.750000000000007 38686.505902777782 14193.200000000003 27967.750000000004 26.075000000000006 2489.668650000001 2613.8416500000008 34701.650000000009 15311.600000000002 28374.500000000004 2571.8000000000006 88.250000000000014 550253.44074093772 18.750000000000004 1687.2500000000002 1198.2694500000005 1969.950000000001 1469.0000000000002 68.250000000000014 31873.400000000005 4173.3842917748489 0.60763888888888895 899.00000000000011 23450.500000000004 25753.150000000005 30518.850000000002 180.25000000000003 32640.753125000003 8766.760000000002 43.250000000000007 98.52500152587892 919.17300000000012 29.100000000000005 540.71876041666678 0.10799999999998545 2443.7500000000023 0.0095000000000000102 83.750000000000014 79.750000000000014 0.76041666666666674 2318.0500000000015 94.250000000000014 2292.2500000000005 33652.350000000006 89.750000000000014 3218.5500000000006
decision_type=2 2 2 2 2 2 2 2 2 2 2 2 2 2 2 2 2 2 2 2 2 2 2 2 2 2 2 2 2 2 2 2 2 2 2 2 2 2 2 2 2 2 2 2 2 2 2 2 2 2 2 2 2 2 2 2
left_child=1 6 5 30 47 53 7 -1 10 49 -9 12 13 -12 -15 17 -17 22 19 34 -21 -22 28 51 25 31 -26 36 29 35 -4 32 46 54 -18 -8 38 -38 39 -27 41 43 44 -41 -43 -23 52 -5 -44 -10 -39 -24 -25 -2 -34 -14
right_child=2 -3 3 4 -6 -7 15 8 9 -11 11 -13 55 14 -16 16 18 -19 -20 20 21 45 23 24 26 27 -28 -29 -30 -31 -32 -33 33 -35 -36 -37 37 50 -40 40 -42 42 48 -45 -46 -47 -48 -49 -50 -51 -52 -53 -54 -55 -56 -57
leaf_value=-2.4037463870115476 1.0771200904789142 -2.6124346699620524 0.021223228249301025 0.019786440385114339 -2.2286262541312669 0.0028388885441189872 0.505166625436551 -0.0043984439213971436 -0.014626607103360981 0.0079122910488430183 4.3891567759482948 -0.0015372095786647219 0.98830552415410444 0.76059881790961925 -0.18537492306671588 -3.0375644801760719 -0.34839317769363459 -0.034454093014677882 0.09438790080157175 -3.2914005000985389 0.034333771950291761 -0.0037693670483656856 -1.0012403196178923 -4.1865057280924951 0.011646569823445887 -0.086118119742157162 0.078976650898661807 -0.085186329544406122 -0.011428136155478424 0.90787232753593605 0.0070800638903880577 0.070181295756267068 0.0046673146069985284 -0.051551168714192241 0.030565262692309938 -0.2542826863468427 -0.0093855252860680256 1.3441654752072578 -5.3371124056032908 -0.18165687191153487 0.740860639461138 -0.034669114257518244 0.059049252038517616 0.28386829635081484 -0.016216762479205209 -2.4339134144700068 -1.0921830513412851 -0.4117100046906505 -0.0084696592608789704 -0.019995850765410297 0.055246171503250147 -0.11536251304999658 -0.11661935500803593 1.8489324881811526 1.1988917756444377 2.7535978621716186
leaf_weight=20 20 29 25 27 30 23 21 35 30 20 20 25 24 20 33 21 20 38 25 29 21 20 22 22 39 25 28 22 24 28 37 22 20 32 21 22 21 20 21 20 28 21 21 24 28 23 20 20 20 20 21 20 20 20 21 20
leaf_count=20 20 29 25 27 30 23 21 35 30 20 20 25 24 20 33 21 20 38 25 29 21 20 22 22 39 25 28 22 24 28 37 22 20 32 21 22 21 20 21 20 28 21 21 24 28 23 20 20 20 20 21 20 20 20 21 20
internal_value=0.000255661 -7.71208e-05 0.00217822 0.000935252 -0.00142857 0.00492063 7.02988e-05 0.00146067 0.00198381 -0.00142857 0.00333333 0.0043662 0.00538462 0.00342466 0.00132075 -0.000355913 -0.002 7.23589e-05 -0.00119497 -0.00208955 -0.00376344 -0.001875 0.000321593 -7.16846e-05 0.000310078 -0.000111359 0.00313433 0.000890411 0.00263158 0.00408451 0.00387097 -0.00197452 -0.00274074 -0.000136986 0.00170732 0.00162791 0.00133333 0.00387097 0.000576923 0.00112299 0.00185185 0.000746269 -0.000888889 0.00409091 -0.00346939 -0.0044186 -0.00580645 0.00148936 0.00219512 -0.0036 0.00609756 -0.0047619 -0.00761905 0.0075 0.00317073 0.00863636
internal_weight=1369 1167 202 139 77 63 1138 267 247 70 177 142 117 73 53 871 180 691 159 134 93 64 653 558 516 449 67 292 95 71 62 157 135 73 41 43 270 62 208 187 162 134 90 44 49 43 62 47 41 50 41 42 42 40 41 44
internal_count=1369 1167 202 139 77 63 1138 267 247 70 177 142 117 73 53 871 180 691 159 134 93 64 653 558 516 449 67 292 95 71 62 157 135 73 41 43 270 62 208 187 162 134 90 44 49 43 62 47 41 50 41 42 42 40 41 44
is_linear=0
shrinkage=0.01


Tree=142
num_leaves=52
num_cat=0
split_feature=24 33 29 14 89 90 17 72 24 17 34 21 1 77 3 31 66 17 34 33 90 13 66 93 34 89 27 43 17 71 8 48 32 78 84 66 8 73 8 27 99 43 98 99 84 89 34 5 21 32 1
split_gain=9.63957 9.75413 8.88957 8.38917 7.51451 12.1044 9.14145 8.21565 8.32503 10.3278 8.83488 7.45098 7.44318 7.79115 7.33333 7.06374 8.17575 6.64976 12.3324 8.16207 7.29167 6.34594 7.26229 6.31662 6.23371 6.11855 10.5757 5.95238 5.91358 5.56522 5.52412 6.33157 7.05333 5.07201 10.0732 6.26767 8.83884 5.66274 6.30303 5.20924 4.91145 4.77537 4.73227 10.397 4.7306 4.11836 4.36623 3.42857 2.96077 2.0751 1.6
threshold=8.0750000000000028 33.250000000000007 93.250000000000014 13913.600000000002 1542.0748687500002 925.08885000000021 268.25000000000006 1.0425000000000002 9.8750000000000018 32.850000000000009 83.250000000000014 20.975000000000005 12051.300000000001 3083.929395802144 13647.050000000001 5.4750000000000005 1346.5740000000003 49.850000000000009 76.750000000000014 193.25000000000003 1285.1905500000003 6942.8500000000013 1097.1170000000004 415.47881578947374 76.250000000000014 1699.6080562499999 83.250000000000014 84.595001220703139 3.1000000000000005 911.75000000000011 417.59250000000009 1.0000000180025095e-35 103.25000000000001 311.74126041666676 514.55354166666677 1509.9500000000003 407.50384615384615 1004.4745000000001 414.1830263157895 70.750000000000014 0.30208333333333343 73.889999389648452 0.73263888888888895 0.23958333333333334 861.3407395833334 862.93179375000011 74.750000000000014 6964.7750000000005 24.575000000000006 60.250000000000007 14088.850000000002
decision_type=2 2 2 2 2 2 2 2 2 2 2 2 2 2 2 2 2 2 2 2 2 2 2 2 2 2 2 2 2 2 2 2 2 2 2 2 2 2 2 2 2 2 2 2 2 2 2 2 2 2 2
left_child=1 3 4 -1 6 -6 7 8 10 -10 -2 -4 -3 41 49 -16 -17 18 29 33 -21 28 24 -11 -23 26 27 -7 -9 -15 31 32 -30 -19 -35 36 -36 38 -38 -37 45 -14 43 -32 -43 -33 -47 -20 -25 -5 -24
right_child=2 12 11 14 5 25 -8 21 9 23 -12 -13 13 17 15 16 -18 19 47 20 -22 22 50 48 -26 -27 -28 -29 30 -31 42 40 -34 34 35 39 37 -39 -40 -41 -42 44 -44 -45 -46 46 -48 -49 -50 -51 -52
leaf_value=-0.0030378376839148304 0.015234836202079518 -2.7393918244784876 -0.0049667398488409736 0.13656997057973849 -0.019136000584333842 -0.020870039636406591 0.4310094620687101 0.1551900802826906 1.4315260430482715 -0.00091688787664928714 4.3258066071699037 1.3010906583074249 3.2996328087096414 0.74166534815272356 1.5230725680128543 -0.31982158717449383 0.037365456635990689 -0.028089757814497053 -2.6910035066391451 0.020961431810842236 -0.22891360662311186 0.016612395436779521 -4.418263940412154 -0.50801959174273636 -7.5821627008813532 -0.030787872947795853 0.46501191413248705 0.055182614430939289 -1.7030055730205989 -0.15918401915348007 -0.12705155175006513 -0.0087024649191140349 0.14889145502193649 0.072134822361620415 -0.3260907306552045 0.011181473104580205 0.032640036067313923 -0.7581431090818298 -0.0056654750540344814 0.20214399208124939 -3.8890970243844709 -0.0046130956175655744 0.022683688248154678 0.018719545538352735 0.443746840138732 -1.4374098449204591 -0.012070125999406567 -0.045419084457769258 -0.089897442689293533 3.0764054518709223 -1.3682946929209794
leaf_weight=34 39 24 38 23 27 28 23 21 22 39 22 30 27 23 30 27 31 20 21 24 32 25 20 20 21 28 38 20 20 23 30 30 30 35 26 33 22 20 26 30 21 25 29 31 21 20 35 21 23 21 20
leaf_count=34 39 24 38 23 27 28 23 21 22 39 22 30 27 23 30 27 31 20 21 24 32 25 20 20 21 28 38 20 20 23 30 30 30 35 26 33 22 20 26 30 21 25 29 31 21 20 35 21 23 21 20
internal_value=0.000255661 0.00117932 -0.000506667 0.00325301 -0.00085044 0.00120567 -0.00138632 -0.00166023 0.000181818 -0.00153846 0.00311475 0.00294118 0.000419426 0.000722611 0.00439394 0.00272727 0.000689655 0.00011236 -0.00227273 0.000895522 -0.0025 -0.00252125 -0.00488372 -0.00317073 -0.00217391 0.00263158 0.00395349 0.000833333 -0.0017603 0.00130435 -0.00219512 -0.00333333 -0.0004 0.00179245 0.00229167 0.00121019 -0.000425532 0.00147059 0.00333333 0.00365079 -0.00471698 0.00369863 -0.000222222 -0.00180328 0.00173913 -0.00364706 -0.00527273 -0.00619048 -0.00581395 0.00772727 -0.008
internal_weight=1369 619 750 166 682 141 541 518 165 104 61 68 453 429 132 88 58 356 88 268 56 353 86 82 46 114 86 48 267 46 246 156 50 212 192 157 94 68 48 63 106 73 90 61 46 85 55 42 43 44 40
internal_count=1369 619 750 166 682 141 541 518 165 104 61 68 453 429 132 88 58 356 88 268 56 353 86 82 46 114 86 48 267 46 246 156 50 212 192 157 94 68 48 63 106 73 90 61 46 85 55 42 43 44 40
is_linear=0
shrinkage=0.01


Tree=143
num_leaves=51
num_cat=0
split_feature=24 29 68 51 16 16 27 79 29 16 42 42 39 38 17 20 67 1 44 42 88 41 91 0 94 64 64 91 35 83 85 44 29 68 68 38 16 94 35 29 45 2 1 29 57 6 20 24 57 7
split_gain=9.3196 8.0798 9.96257 7.48454 8.76541 13.0983 13.3708 9.01894 9.45543 9.11681 8.55896 7.45571 7.33619 11.5407 9.4731 7.3081 7.22203 13.866 8.33333 7.00337 7.10591 9.58008 6.94253 7.96603 5.97122 5.68751 9.15238 6.16081 5.57576 5.43857 8.61943 9.33053 7.93919 7.405 6.89292 6.71312 5.27405 4.4849 4.44974 4.2798 6.4128 5.63372 6.77437 6.47868 5.11509 7.84 4.39351 3.387 2.92182 1.53089
threshold=8.0750000000000028 93.250000000000014 1348.6445000000001 1.0000000180025095e-35 5077.2000000000007 3788.6500000000005 92.250000000000014 629.56029764491052 80.750000000000014 5405.8500000000013 96.250000000000014 162.07499694824222 220.25000000000003 3.7250000000000005 268.25000000000006 1477.7000000000003 31096.750000000004 14991.650000000001 2.6654999256134042 146.25000000000003 7887.687291666668 53.750000000000007 27062.329100000003 37333.950000000004 730839.26409031276 1295.8500000000001 800.50000000000011 31109.932187499999 25.925000000000004 1948.3000000000013 1682.4000000000003 2.6499999761581425 89.250000000000014 997.60000000000014 1778.5500000000002 6.6750000000000016 5159.0500000000002 456313.08035093761 26.325000000000006 90.750000000000014 25950.500000000004 3145.0000000000005 13949.550000000001 87.250000000000014 -0.56174490092936669 4942.5950000000003 1373.95 11.275000000000002 -0.56174490092936669 93.480000000000004
decision_type=2 2 2 2 2 2 2 2 2 2 2 2 2 2 2 2 2 2 2 2 2 2 2 2 2 2 2 2 2 2 2 2 2 2 2 2 2 2 2 2 2 2 2 2 2 2 2 2 2 2
left_child=3 12 -3 4 5 15 48 9 -9 -6 -11 -10 14 -14 16 -1 17 19 -19 36 21 -21 38 29 37 26 27 -15 -4 32 31 -31 35 -33 -32 -24 47 -18 -12 40 41 42 -39 46 -43 -46 -44 -2 -7 -50
right_child=1 2 28 -5 7 6 -8 8 11 10 22 -13 13 25 -16 -17 24 18 -20 20 -22 -23 23 -25 -26 -27 -28 -29 -30 30 34 33 -34 -35 -36 -37 -38 39 -40 -41 -42 44 43 -45 45 -47 -48 -49 49 -51
leaf_value=-2.1430465775241658 -0.77780922778504757 2.3453671357501369 -0.10606516606985926 -8.655490409695572 -0.76037048636296367 0.14002676375963513 -0.013400144233125744 -0.72239290367161491 0.075439357167770546 -0.0087284566065471188 0.43930937173734469 -0.23229862258858436 -0.018944640578490508 0.054630788286629893 0.426699367448023 0.031385447133982031 -1.5853505246267809 -0.0080849005231659193 0.60118967764341369 0.49818011055077088 0.40626866588241256 -0.04190342590699269 -1.5785156405926821 0.047304395127334475 -1.9316779717766477 0.68126954914191351 -1.6920034283274357 -0.0040939413515961977 0.10233434867545788 -0.05278507182881878 0.45727425804724453 1.9652414858917249 0.044594389168226049 -0.0043661735724973925 0.0047653438081611474 -0.0022761905565188622 -0.0069545109279247645 -0.18185309293740232 0.020536358160836148 0.023646164906901534 0.13105720169282709 -3.0374940090707776 -0.0057097094974000798 -0.036876085920565939 0.0041690200395516543 -0.6834189078849281 0.078581190824753316 -3.0551804427469724 1.3044788694941094 0.21365224261139226
leaf_weight=28 25 22 24 20 39 24 20 28 38 34 27 25 27 34 23 26 23 21 28 24 26 38 21 29 32 34 24 22 22 24 25 24 32 34 21 20 38 35 21 27 24 23 34 30 25 20 24 21 28 31
leaf_count=28 25 22 24 20 39 24 20 28 38 34 27 25 27 34 23 26 23 21 28 24 26 38 21 29 32 34 24 22 22 24 25 24 32 34 21 20 38 35 21 27 24 23 34 30 25 20 24 21 28 31
internal_value=0.000109569 -0.00064 0.00264706 0.00101777 0.0012187 0.00324841 0.00533981 0.000497738 -0.00230769 0.00122507 0.00179487 -0.00015873 -0.000967742 0.00106383 -0.00149723 -0.000740741 -0.00177606 -0.00040724 0.00428571 -0.00174419 0.000227273 -0.0016129 0.0023741 0.00165217 -0.00279461 0.00245614 0.001 0.00321429 0 0.000945274 0.0021875 0.000243902 -0.00123288 0.00241379 0.00565217 -0.00414634 -0.00380952 -0.00230189 0.00583333 -0.00190083 -0.00237209 -0.00298429 -0.00170732 -0.000227273 -0.00529412 -0.00333333 0.00172414 -0.00608696 0.00710843 0.00830508
internal_weight=1369 750 68 619 599 157 103 442 91 351 312 63 682 141 541 54 518 221 49 172 88 62 278 230 297 114 80 56 46 201 128 82 73 58 46 41 84 265 48 242 215 191 123 88 68 45 58 46 83 59
internal_count=1369 750 68 619 599 157 103 442 91 351 312 63 682 141 541 54 518 221 49 172 88 62 278 230 297 114 80 56 46 201 128 82 73 58 46 41 84 265 48 242 215 191 123 88 68 45 58 46 83 59
is_linear=0
shrinkage=0.01


Tree=144
num_leaves=54
num_cat=0
split_feature=24 46 88 94 88 32 29 71 16 41 2 14 3 69 16 90 2 75 27 93 93 29 88 90 24 2 27 27 30 40 5 30 14 98 2 2 93 10 81 14 5 5 24 90 14 37 3 90 88 27 2 71 25
split_gain=7.22679 9.22686 10.6817 9.11955 13.5537 7.168 9.80757 7.14286 7.84189 10.7775 7.54939 7.59494 7.79221 6.99053 6.98071 11.8041 10.2049 8.64293 8.75003 6.8992 12.3865 6.83636 6.63711 6.38298 7.9128 6.85102 7.04348 6.1919 6.11647 5.56639 5.07686 5.06685 8.57313 6.88095 6.7425 9.71659 8.43833 7.4643 7.2 6.59726 7.19145 6.24001 5.71375 5.63791 5.43236 5.06785 6.26411 4.96118 4.88564 4.12208 3.34378 3.22165 2.04848
threshold=8.0750000000000028 105.01499938964845 10537.723541666668 634940.66510500025 6709.291458333335 96.750000000000014 90.750000000000014 933.3900000000001 5346.4000000000005 58.750000000000007 3234.8755000000006 15496.200000000003 13197.600000000002 24286.800000000003 5654.8000000000002 2551.7551500000004 3241.7450000000003 442.52447205328116 65.250000000000014 415.92919274537707 405.1516666666667 87.750000000000014 5429.9989583333336 925.08885000000021 14.075000000000001 3251.8520000000003 96.250000000000014 20.250000000000004 66.750000000000014 124.25000000000001 6846.2650000000012 35.750000000000007 11654.500000000002 0.66319444444444453 3676.1000000000008 2800.1500000000005 414.67855263157895 34700.750000000007 4256.7321598823446 15229.050000000001 6221.8400000000011 10165.450000000003 6.3750000000000009 1421.7808500000003 14729.850000000002 98.750000000000014 14106.642500000002 1657.7095500000005 9482.9725000000017 39.250000000000007 3152.1500000000005 687.30000000000007 97.250000000000014
decision_type=2 2 2 2 2 2 2 2 2 2 2 2 2 2 2 2 2 2 2 2 2 2 2 2 2 2 2 2 2 2 2 2 2 2 2 2 2 2 2 2 2 2 2 2 2 2 2 2 2 2 2 2 2
left_child=1 13 3 50 -5 7 14 10 27 -10 11 -2 -13 -1 16 21 17 29 -19 20 -8 23 -17 28 25 48 -27 -9 -16 30 -7 44 33 -33 35 38 37 -37 39 47 -41 45 43 -39 -15 46 -38 -34 51 -29 -3 -25 -24
right_child=5 2 -4 4 -6 6 19 8 9 -11 -12 12 -14 31 15 22 -18 18 -20 -21 -22 -23 52 24 -26 26 -28 49 -30 -31 -32 32 34 -35 -36 36 41 42 -40 40 -42 -43 -44 -45 -46 -47 -48 -49 -50 -51 -52 -53 -54
leaf_value=3.3096972314090158 -3.2923407198216772 0.73380275077951407 -0.024823744835370368 -0.10793989851340589 0.16372874122582812 0.022909363587489084 1.6169305636339624 -0.69093026529367951 0.0055103704597251335 -1.1033601957736836 0.014689556542438842 0.039879870335772505 -2.590795383829434 0.0038152664742146692 0.015340152705639182 0.0090920503304722546 -2.8061034649701102 -0.073105910453624606 0.1697222653495194 0.148137958787915 -0.031880876527875676 -0.10627976333068982 0.026194659432280835 -0.019038421971577679 -0.026526574196647817 -0.017101661307492206 0.081157465349364771 0.73778211619566803 -0.086669126547732581 -1.5799944457136661 -2.36081602238237 -2.4444707477034391 0.011036314808236976 0.0034321101680680807 0.1138786904790212 -0.14338953929091247 0.036120382079224571 0.0046096778684807946 0.16458310802230933 1.3961791628865223 0.024059915666831549 0.058136929747978211 0.024856257708933075 -1.5235519952884478 -0.70207130405454243 0.037979220798666571 -0.47802177209988783 -0.75529542448259346 0.37965738999325127 0.013366835906514527 0.94909992266780707 0.064325997520113115 0.037688307162052195
leaf_weight=23 25 25 25 24 39 23 30 25 33 20 26 21 33 32 20 31 27 20 31 29 22 32 20 20 24 23 23 22 27 26 22 32 27 24 22 28 20 27 25 23 28 24 21 26 26 20 23 22 29 20 33 22 24
leaf_count=23 25 25 25 24 39 23 30 25 33 20 26 21 33 32 20 31 27 20 31 29 22 32 20 20 24 23 23 22 27 26 22 32 27 24 22 28 20 27 25 23 28 24 21 26 26 20 23 22 29 20 33 22 24
internal_value=0.000153397 0.00095315 0.00315068 0.00438017 0.00174603 -0.000506667 0.000133333 -0.002 -0.000333333 -0.00320755 -0.00390476 -0.00544304 -0.00333333 0.000274841 -0.00045045 0.000440678 -0.00221477 -0.000983607 0.00215686 0.00333333 0.00115385 -0.000727273 0.00386667 0 0.00106383 0.00213675 -0.000869565 0.0019403 -0.00319149 -0.00323944 -0.00111111 0 0.000408163 -0.00321429 0.0010119 0.000636943 -0.000793651 -0.0027451 0.0028 0.0016 0.00411765 0.00149425 -0.00108108 -0.00283019 -0.00275862 -0.00015873 -0.00209302 -0.00102041 0.00408451 0.00428571 0.00724138 0.00190476 0.00636364
internal_weight=1369 619 146 121 63 750 525 225 120 53 105 79 54 473 444 295 149 122 51 81 52 220 75 188 141 117 46 67 47 71 45 450 392 56 336 314 189 102 125 100 51 87 74 53 58 63 43 49 71 42 58 42 44
internal_count=1369 619 146 121 63 750 525 225 120 53 105 79 54 473 444 295 149 122 51 81 52 220 75 188 141 117 46 67 47 71 45 450 392 56 336 314 189 102 125 100 51 87 74 53 58 63 43 49 71 42 58 42 44
is_linear=0
shrinkage=0.01


Tree=145
num_leaves=53
num_cat=0
split_feature=51 8 89 53 76 1 19 87 21 14 8 79 63 14 83 45 21 34 32 4 83 83 94 89 25 20 97 16 13 83 68 33 62 69 79 61 61 91 1 67 80 29 5 33 29 5 16 34 32 83 69 5
split_gain=8.63757 6.37415 6.34887 8.31233 6.61164 9.77791 9.70903 8.41443 8.66586 8.19102 8.74992 7.96865 8.46113 7.42115 7.30454 6.97494 8.84615 6.62023 8.70772 8.91696 6.44857 8.01467 6.28571 6.27047 5.6963 6.97964 9.96767 7.10934 5.95238 5.37858 9.97232 10.1306 5.6554 5.10968 5.02361 7.02532 8.30617 9.61897 6.27014 4.95322 6.84046 4.66253 4.71834 4.51168 4.29581 4.2517 4.1131 4.08333 2.81069 2.50043 4.00346 1.6
threshold=1.0000000180025095e-35 411.70960526315793 652.88754374999996 2.5000000000000004 36626.027083333342 15294.550000000001 1101.2500000000002 0.69791666666666685 14.125000000000002 15608.000000000002 393.23111111111115 650.63104167919107 29649.800000000007 15109.500000000002 2272.200000000003 23682.500000000004 27.975000000000005 64.750000000000014 144.75000000000003 16161.290000000003 568.70000000000084 1024.5500000000013 486439.57306750014 518.10915000000011 18.750000000000004 430.30000000000001 0.15625000000000003 4832.1500000000005 1897.0500000000002 1990.0000000000002 1075.2605000000001 51.250000000000007 758.98800000000017 29359.050000000007 583.32999974758252 37654.650000000001 35725.950000000004 30439.583681250002 16574.421500000004 33927.900000000001 33534.710416666676 79.750000000000014 3867.3350000000005 81.750000000000014 87.250000000000014 8121.9500000000007 5940.1500000000005 75.750000000000014 60.250000000000007 1775.3999999999999 33591.350000000006 6140.1600000000008
decision_type=2 2 2 2 2 2 2 2 2 2 2 2 2 2 2 2 2 2 2 2 2 2 2 2 2 2 2 2 2 2 2 2 2 2 2 2 2 2 2 2 2 2 2 2 2 2 2 2 2 2 2 2
left_child=2 -2 3 -1 5 9 14 8 -8 10 -4 20 45 24 49 16 -16 -6 -19 22 -11 -22 -20 48 -12 26 46 -27 -28 30 31 -23 -31 -34 35 36 37 -24 -36 40 -10 -29 47 -44 -32 -13 -26 -43 -5 50 -7 -35
right_child=1 -3 4 23 17 6 7 -9 39 11 13 12 -14 -15 15 -17 -18 18 19 -21 21 29 34 -25 25 27 28 41 -30 32 44 -33 33 51 38 -37 -38 -39 -40 -41 -42 42 43 -45 -46 -47 -48 -49 -50 -51 -52 -53
leaf_value=-2.6813021602294986 0.34557269437946891 -8.655136763580856 -2.8339803164160235 -0.00088809817074462756 -0.030767950435300628 0.044922137342504484 -0.10471199974986986 -0.054036117705340232 0.012290803163076522 -0.03175325636402733 -0.61646456367476576 -0.0011520033690241951 -1.5959104464495375 -0.026080972605265155 -0.043526567252507517 0.27770753908155654 0.44539973938800381 0.11266812128626461 -1.5471067065035826 0.091984245960282179 2.4593653837452041 3.8442778551392416 -0.027444401414944784 -0.034484642928394482 -0.0039044046512990605 0.23166909844106684 0.0045273862577788863 -0.623462595205028 -1.5941471177208155 0.02506438708388246 0.0093036868288724865 -0.027649914559187291 3.2360865598573514 0.019059288249187813 0.012090599506854019 0.1959613469675083 -0.016545953988514141 3.0994008089954219 -0.034131486778307497 0.0070719813170011638 0.14166557201581439 0.036874824164124881 -0.037625520806210691 0.021783379604084298 -0.029079590924999989 0.10216570457099494 0.13495737152848303 0.010596606467349556 0.091024763324023039 2.6400385631768439 0.64150048206906907 0.4025245987538601
leaf_weight=24 22 31 22 20 25 20 23 31 25 21 28 28 31 37 20 38 26 27 22 32 27 23 22 30 27 31 20 20 28 28 23 21 22 20 23 25 36 23 25 30 27 24 31 27 29 21 22 24 21 35 22 20
leaf_count=24 22 31 22 20 25 20 23 31 25 21 28 28 31 37 20 38 26 27 22 32 27 23 22 30 27 31 20 20 28 28 23 21 22 20 23 25 36 23 25 30 27 24 31 27 29 21 22 24 21 35 22 20
internal_value=0.00075 -0.00320755 0.000910482 -0.00157895 0.00110561 0.0014916 0.00299663 0.00102941 0.00238095 0.00080916 -0.00026393 0.00197452 -0.00075 0.00015674 0.00465839 0.00261905 0 -0.000307692 0.000212766 -0.000480769 0.00290598 0.00342723 -0.00136364 0.000140845 0.00070922 0.0011811 -0.000927835 0.00248408 -0.00416667 0.00268817 0.00104167 0.00454545 0.00444444 0.00612903 -0.000649351 0.000566038 -0.000864198 0.002 -0.00333333 0.00390244 0.00576923 0.00142857 0.00226415 0.000344828 -0.00192308 0.00183673 0.0022449 0.00458333 0.00268293 0.00688312 0.0052381 0.004
internal_weight=1360 53 1307 95 1212 952 297 136 105 655 341 314 80 319 161 84 46 260 235 208 234 213 176 71 282 254 97 157 48 186 96 44 90 62 154 106 81 45 48 82 52 126 106 58 52 49 49 48 41 77 42 40
internal_count=1360 53 1307 95 1212 952 297 136 105 655 341 314 80 319 161 84 46 260 235 208 234 213 176 71 282 254 97 157 48 186 96 44 90 62 154 106 81 45 48 82 52 126 106 58 52 49 49 48 41 77 42 40
is_linear=0
shrinkage=0.01


Tree=146
num_leaves=53
num_cat=0
split_feature=51 79 70 23 31 34 6 89 33 70 97 4 25 4 65 34 61 35 61 46 25 25 31 8 2 35 93 22 27 2 25 99 61 16 16 17 11 22 33 3 66 68 11 99 68 35 2 16 2 11 77 3
split_gain=8.19406 8.65545 7.22464 7.59914 6.87081 11.0463 8.39344 12.3616 7.84788 6.87701 14.6859 12.6196 6.70635 6.54701 13.9086 11.4711 8.33727 7.60175 6.87428 9.67986 6.82153 6.63499 7.9755 6.37415 6.32577 7.22617 10.0186 7.40578 9.39521 7.4588 7.03249 7.43179 6.51524 6.4483 6.47589 6.01667 5.7036 9.08329 5.46564 5.32127 5.26038 5.02064 4.78389 4.03333 3.94506 3.61958 5.43576 3.58974 3.09594 2.87234 2.5 2.07768
threshold=1.0000000180025095e-35 708.15994062793311 1601.0590000000002 86.750000000000014 14.125000000000002 75.250000000000014 4983.8000000000011 932.94654375000016 8.2500000000000018 1536.6000000000001 0.65625000000000011 4737.2350000000015 107.25000000000001 10926.815000000002 33928.500000000007 100.75000000000001 37333.950000000004 28.175000000000004 32050.900000000005 104.53499984741212 139.75000000000003 175.25000000000003 4.7750000000000012 411.70960526315793 3326.6500000000001 26.975000000000005 396.05722222222226 88.750000000000014 21.250000000000004 2386.3500000000004 120.25000000000001 0.093750000000000014 31110.250000000004 5725.5000000000009 4571.0500000000011 224.40000000000003 36003.100000000006 84.250000000000014 53.750000000000007 15294.700000000003 1311.2710000000002 1.0410000000000001 38007.650000000009 0.17708333333333334 1348.6445000000001 26.525000000000002 3296.9835000000007 6644.2500000000009 3092.8500000000008 37361.200000000004 3574.9728870616432 15256.812000000002
decision_type=2 2 2 2 2 2 2 2 2 2 2 2 2 2 2 2 2 2 2 2 2 2 2 2 2 2 2 2 2 2 2 2 2 2 2 2 2 2 2 2 2 2 2 2 2 2 2 2 2 2 2 2
left_child=1 4 3 -3 9 6 7 -6 -8 13 45 36 -13 14 15 17 -16 24 41 20 39 -22 -23 -2 25 27 -27 28 -1 -29 31 44 33 34 -30 43 -12 -38 -26 -20 51 -15 -34 -17 -31 46 -11 -39 -19 -33 -45 -28
right_child=23 2 -4 -5 5 -7 8 -9 -10 10 11 12 -14 18 16 35 -18 48 19 -21 21 22 -24 -25 38 26 40 29 32 30 -32 49 42 -35 -36 -37 37 47 -40 -41 -42 -43 -44 50 -46 -47 -48 -49 -50 -51 -52 -53
leaf_value=-0.45423937359852717 0.34211696743567432 0.053431314941695049 -0.53706369585465252 -0.022121950786953958 -3.2619367796969003 -1.2236379375776834 0.72564608240212991 0.014580870148679807 -0.012006632926219852 0.02552466463133729 0.02287286122672751 0.017671761177873443 2.6202916847456983 0.032058588117333101 -1.6339022625351027 -3.5041366621124053 0.01090669102835114 0.68795094160381098 0.085584024880310902 -0.022900855928075396 -0.043500555821403789 -0.0054392416955236266 0.034731532075655588 -8.568585395945048 0.011960984922361861 2.9252279752222057 -1.6831086837714953 -0.92574312565496331 0.33626208441480387 0.49276453142658638 -0.01201675384800943 0.049088483932828365 -0.12410900926906102 0.11055655509573008 -0.023936178221800893 0.44374515400218506 -0.025820162879212502 -0.013962002507920361 1.9394762097649549 0.0072191980131682335 -0.01717381607393385 0.20639756010615518 0.037011751424671266 -0.015509681884976541 0.0010786076208150249 2.4485794001244381 1.4194959908547555 0.038912103743758308 0.014917310341757955 3.0094043896213862 -0.063257987864557996 -0.10482183114156211
leaf_weight=22 22 23 22 34 34 23 37 27 24 32 29 21 24 22 27 20 20 21 26 25 23 38 39 31 27 21 25 31 22 29 21 20 27 22 23 20 23 39 25 25 31 31 29 20 30 21 21 21 22 27 20 21
leaf_count=22 22 23 22 34 34 23 37 27 24 32 29 21 24 22 27 20 20 21 26 25 23 38 39 31 27 21 25 31 22 29 21 20 27 22 23 20 23 39 25 25 31 31 29 20 30 21 21 21 22 27 20 21
internal_value=0.000647059 0.000803366 -0.00240506 -0.000526316 0.00100977 -0.00103448 0.000163934 -0.00245902 0.00278689 0.00128347 0.00281385 0.0010828 0.00555556 0.000868545 0.000337079 0.000763889 -0.00489362 0.00133065 0.00231441 0.00136364 0.00231788 0.0008 0.00220779 -0.00320755 0.000949227 0.000523691 -0.00183673 0.00128713 -0.000344828 0.00278481 0.00385827 0.00490566 0.000731707 0.00283582 0.000666667 -0.00275 -0.000714286 -0.00204819 0.00423077 0.00529412 -0.00350649 0.0054717 -0.00178571 -0.00433333 0.00254237 0.00648649 0.00509434 0 0.00534884 0.00787234 -0.0025 -0.00565217
internal_weight=1360 1307 79 57 1228 145 122 61 61 1083 231 157 45 852 623 576 47 496 229 176 151 100 77 53 453 401 98 303 145 158 127 106 123 67 45 80 112 83 52 51 77 53 56 60 59 74 53 60 43 47 40 46
internal_count=1360 1307 79 57 1228 145 122 61 61 1083 231 157 45 852 623 576 47 496 229 176 151 100 77 53 453 401 98 303 145 158 127 106 123 67 45 80 112 83 52 51 77 53 56 60 59 74 53 60 43 47 40 46
is_linear=0
shrinkage=0.01


Tree=147
num_leaves=52
num_cat=0
split_feature=79 51 93 70 44 69 21 82 42 94 28 21 98 28 95 11 59 22 6 85 13 21 93 36 29 16 6 85 77 41 68 16 80 28 45 4 30 40 90 90 11 13 13 94 94 65 6 29 28 4 33
split_gain=9.25914 8.86627 8.1166 6.34193 5.77051 6.05833 6.45458 10.7408 10.7302 11.6311 5.79804 8.52235 17.2042 7.97107 6.08841 6.32331 5.85423 7.37828 10.9033 12.1616 8.95337 7.52083 7.43607 6.70807 5.84429 5.66347 5.55016 5.41023 5.30719 5.27768 7.18874 5.22648 5.18907 4.88561 4.45455 4.24408 6.18375 4.09167 3.56871 4.87411 4.51035 5.63767 6.15884 4.31747 6.42423 6.47684 7.68 5.0903 3.27273 3.04762 2.99688
threshold=708.15994062793311 1.0000000180025095e-35 411.70960526315793 1601.0590000000002 8.7754998207092303 22337.600000000002 14.125000000000002 1682.3000000000002 169.17500305175784 535680.85086375021 21.925000000000004 20.675000000000001 0.12152777777777779 23.375000000000004 1.0000000180025095e-35 36712.200000000004 -0.68301270189221952 82.750000000000014 8548.0500000000011 1509.9500000000003 7834.9500000000016 26.775000000000002 410.74342105263162 87.750000000000014 85.750000000000014 6468.5000000000009 6573.3550000000005 1450.9000000000003 3995.0372167181936 52.750000000000007 1499.9500000000003 4946.6000000000013 34402.734722222231 21.325000000000006 25433.500000000004 2992.0900000000006 76.750000000000014 14.750000000000002 900.25425000000007 2887.0222500000004 36303.750000000007 6245.8500000000013 9131.9000000000015 524885.80778750021 567726.73491500015 29548.200000000004 6433.1800000000012 84.250000000000014 21.825000000000006 10539.385 118.75000000000001
decision_type=2 2 2 2 2 2 2 2 2 2 2 2 2 2 2 2 2 2 2 2 2 2 2 2 2 2 2 2 2 2 2 2 2 2 2 2 2 2 2 2 2 2 2 2 2 2 2 2 2 2 2
left_child=1 4 -3 26 5 48 8 10 9 -7 29 12 24 -13 15 -14 17 20 19 23 -15 -20 -21 32 -12 31 -2 -23 -24 30 -8 -16 -19 -31 -29 36 -18 -37 49 40 41 -40 -43 -42 -45 46 -46 -47 -1 -39 -41
right_child=3 2 -4 -5 -6 6 7 -9 -10 -11 11 13 14 16 25 -17 35 18 21 22 -22 27 28 -25 -26 -27 -28 34 -30 33 -32 -33 -34 -35 -36 37 -38 38 39 50 43 42 -44 44 45 47 -48 -49 -50 -51 -52
leaf_value=1.9123534405277218 -0.011743761010404813 0.33869579776131742 -8.7082345606011895 -0.59656232036936818 0.37354619662141841 0.0043426934164363142 0.73699717349124272 2.2111563347203038 0.045822024712520872 -0.92672197121101529 0.0093384654205412327 1.6069476857644858 -0.11008499643310388 1.1145766522005869 0.13275675758930933 -2.1614494560607493 0.0060019724165564052 -0.0053951696005612448 0.024464356765139562 -0.035231188418988854 -0.0084251046648388325 0.13562671960708028 0.14500839824535916 -6.8355284489880983 1.8969449758612416 0.011126384895082402 0.064435597901174119 0.0021599354465398702 -0.0070967823956354925 0.02285766164824957 -0.060636204544017927 -0.50967907878318852 -0.49232222241669432 1.2365584679040731 -0.016151313003219321 0.2352275006981106 0.49250822309855885 0.046148227458021183 0.014076782852817446 0.0076658953020004141 -0.017008379045442439 -0.28593254661205703 0.00036676105461882493 0.1658763962126768 0.0039609739376903408 0.0071470060330365518 0.27597384807487385 -0.025616160944006563 3.2863150958628098 0.11385544835020527 0.043992191934525478
leaf_weight=22 36 22 24 25 21 34 29 31 21 29 20 24 21 36 20 36 38 25 32 37 28 20 29 24 23 26 25 22 21 32 20 21 21 25 22 30 33 21 37 22 27 37 28 20 30 21 20 22 22 27 21
leaf_count=22 36 22 24 25 21 34 29 31 21 29 20 24 21 36 20 36 38 25 32 37 28 20 29 24 23 26 25 22 21 32 20 21 21 25 22 30 33 21 37 22 27 37 28 20 30 21 20 22 22 27 21
internal_value=0.000617647 0.000832025 -0.00347826 -0.00255814 0.000993485 0.000903065 0.000765262 0.000973123 -0.00190476 -0.00396825 0.000801527 0.000552017 -0.00149701 0.000993548 -0.0033871 -0.00578947 0.00081225 -0.00022082 -0.000988142 -0.00261146 0.0028125 0.00166667 -0.000114943 -0.00571429 0.00395349 -0.00134328 -0.000819672 -0.0003125 0.0024 0.00301887 0.000612245 -0.00365854 -0.00347826 0.00508772 -0.00227273 0.00156682 0.00380282 0.00112948 0.000810811 0.000385965 -0.000165289 -0.00176471 -0.00353846 0.001 0.00185841 0.000752688 0.0032 -0.00209302 0.00454545 0.00333333 0.00348837
internal_weight=1360 1274 46 86 1228 1207 1163 1079 84 63 1048 942 167 775 124 57 751 317 253 157 64 96 87 70 43 67 61 64 50 106 49 41 46 57 44 434 71 363 333 285 242 102 65 140 113 93 50 43 44 48 43
internal_count=1360 1274 46 86 1228 1207 1163 1079 84 63 1048 942 167 775 124 57 751 317 253 157 64 96 87 70 43 67 61 64 50 106 49 41 46 57 44 434 71 363 333 285 242 102 65 140 113 93 50 43 44 48 43
is_linear=0
shrinkage=0.01


Tree=148
num_leaves=55
num_cat=0
split_feature=51 44 29 68 81 30 68 29 47 39 78 76 81 81 38 77 69 0 41 3 79 69 44 74 5 34 39 3 75 26 41 5 75 41 75 71 0 38 20 81 83 93 6 0 14 73 4 38 45 20 3 78 28 28
split_gain=7.70151 6.47862 6.4032 12.7587 6.37415 5.32241 5.00844 8.23166 11.1232 12.9083 8.04702 8.11123 7.0612 10.0278 6.96316 6.23077 5.82256 6.97582 5.82153 8.04379 5.42411 9.59003 14.8647 8.31368 9.62268 8.1 7.28086 6.4768 5.74617 10.8469 10.5072 8.24727 7.98045 7.19535 7.14654 8.33741 5.76397 12.3706 7.70671 12.2808 6.43322 5.17613 5.00438 5.00122 4.9 4.78212 4.04037 3.21429 2.91255 2.8637 2.70941 2.56098 2.38095 1.71163
threshold=1.0000000180025095e-35 8.7909998893737811 93.250000000000014 1341.2500000000002 3873.7252286466214 80.250000000000014 1499.4500000000003 88.250000000000014 1.0000000180025095e-35 145.25000000000003 1169.0591458333336 33555.612500000003 4055.5372940064067 4348.520684865869 9.4750000000000014 4044.7122805468639 32321.500000000004 31019.650000000005 109.25000000000001 15165.731500000002 252.74453640078653 26994.700000000004 3.1074999570846562 1238.3076145833336 5184.3900000000012 78.750000000000014 246.25000000000003 15179.233500000002 430.69128572653102 6.2500000000000009 79.750000000000014 5223.5350000000008 266.4864924226469 92.250000000000014 504.67051009573669 1144.9860000000001 35167.80000000001 8.9250000000000025 553.80000000000007 4384.7463811745592 1783.3000000000013 415.82210526315794 6122.4750000000013 37265.750000000007 17540.650000000005 854.15900000000011 14516.650000000003 7.075000000000002 23592.500000000004 1122.7500000000002 14281.900000000001 560.43588888888905 28.775000000000002 21.825000000000006
decision_type=2 2 2 2 2 2 2 2 2 2 2 2 2 2 2 2 2 2 2 2 2 2 2 2 2 2 2 2 2 2 2 2 2 2 2 2 2 2 2 2 2 2 2 2 2 2 2 2 2 2 2 2 2 2
left_child=1 2 6 -4 -2 -5 18 10 9 53 12 14 48 -14 16 -13 17 -12 20 44 21 -1 25 26 27 -23 28 -25 29 31 45 -22 -32 -34 42 36 37 38 -36 40 -40 -11 -30 52 -20 -31 -44 -43 -8 -42 -41 -39 -38 -9
right_child=4 -3 3 5 -6 -7 7 8 -10 41 11 15 13 -15 -16 -17 -18 -19 19 -21 23 22 -24 24 -26 -27 -28 -29 34 30 32 -33 33 -35 35 -37 43 51 39 50 49 47 46 -45 -46 -47 -48 -49 -50 -51 -52 -53 -54 -55
leaf_value=-0.20097102013192455 0.33530883978370424 0.36981073465520425 2.5446375666980474 0.56622592294372454 -4.5433623184136165 -0.016232521816634506 -1.9628753767044078 -0.018963063390253245 0.26895208685231958 0.01085251293116987 0.9582430864900251 -0.025743444821527774 0.20843990018799718 -0.7468088376714147 0.042128941129453874 0.015640475309283117 0.083294544780678742 -0.070496361069065927 0.034010660000575385 -1.5359418326796808 0.57033459895584859 0.0089612407896736343 -1.3756105770541662 -0.0048493003926080649 3.02800875463124 0.33036463436674479 -0.068069789196207431 1.5495419526620406 0.011088069073422049 -0.12346687120131822 1.7654891214535544 0.012247446971188864 0.018408640647740615 -0.49863911312224518 0.17987309552478178 -0.10023157834480266 -0.013489493684416671 0.25094753784657253 -0.25173041484371195 0.085328423372827283 -0.034878876534798951 -0.010936912228653308 4.8315426258260121 0.019506280935276645 -0.022779750566458916 -1.6512758055333496 0.043214900733784659 -0.016401243018760184 -0.0096401418230732602 0.049555436553023073 2.3959978127571344 0.050203732706565612 -0.02554709455104117 -1.8073280691175759
leaf_weight=21 22 21 29 29 31 35 22 20 27 28 30 26 23 27 20 26 20 26 20 21 22 20 28 39 35 20 20 24 33 38 23 28 21 20 20 34 21 21 29 20 23 24 26 36 20 24 21 21 20 20 21 20 21 23
leaf_count=21 22 21 29 29 31 35 22 20 27 28 30 26 23 27 20 26 20 26 20 21 22 20 28 39 35 20 20 24 33 38 23 28 21 20 20 34 21 21 29 20 23 24 26 36 20 24 21 21 20 20 21 20 21 23
internal_value=0.000529412 0.000680949 0.00059098 0.00311828 -0.00320755 0.000625 0.000393965 -0.000548303 -0.00244755 -0.0037931 0.000583333 0.00202703 -0.00173913 0.0008 0.00375 -0.00115385 0.00236842 0.000714286 0.000839506 -0.00213115 0.00108144 -0.00123596 0.000588235 0.00139394 0.00408163 0.0045 0.000925267 0.00174603 0.00114391 -0.000340909 -0.00190476 0.0036 0.0009375 -0.00170732 0.00185792 0.00111888 0.00174603 0.00275862 0.0012782 0.000265487 -0.00222222 -0.00123288 0.0045 -0.000512821 0.0005 -0.00483871 0.00659574 -0.00333333 -0.0047619 0.000232558 0.00463415 0.00756098 -0.00285714 -0.00813953
internal_weight=1360 1307 1286 93 53 64 1193 383 143 116 240 148 92 50 96 52 76 56 810 61 749 89 68 660 98 40 562 63 542 176 126 50 64 41 366 286 252 174 133 113 72 73 80 78 40 62 47 45 42 43 41 41 42 43
internal_count=1360 1307 1286 93 53 64 1193 383 143 116 240 148 92 50 96 52 76 56 810 61 749 89 68 660 98 40 562 63 542 176 126 50 64 41 366 286 252 174 133 113 72 73 80 78 40 62 47 45 42 43 41 41 42 43
is_linear=0
shrinkage=0.01


Tree=149
num_leaves=51
num_cat=0
split_feature=2 51 91 94 19 19 89 63 80 1 19 4 80 57 8 38 19 68 7 80 4 41 2 31 38 31 31 8 97 14 0 36 77 14 11 41 43 42 36 68 83 63 80 67 0 4 80 38 11 19
split_gain=8.41107 7.33146 8.26201 11.9668 7.66957 9.72388 10.1847 10.8353 7.12431 9.72253 8.70409 8.61709 7.54057 8.45491 9.54262 7.91347 10.83 8.19605 6.86665 6.73198 7.32462 6.4897 8.25329 8.09468 6.66347 8.12968 6.61738 6.37415 6.28738 6.25891 6.2066 7.9375 10.8376 7.98756 7.05333 5.74298 5.43088 4.89054 8.76623 6.33431 10 4.74797 4.26667 4.16203 4.10894 4.00346 3.88244 3.82121 3.28943 1.89394
threshold=3828.9790000000007 1.0000000180025095e-35 26028.996375000002 720329.63218187529 1014.7500000000001 898.80000000000007 740.40598125000008 34521.05000000001 35495.592013888898 16481.601500000004 1155.1500000000003 16161.290000000003 29596.964930555561 -0.22252093395631442 419.15324324324331 6.0250000000000012 1891.8000000000004 1202.3975000000003 20.545000000000005 34700.713541666672 6671.9950000000008 71.250000000000014 2459.3790000000004 4.0750000000000011 9.3750000000000018 6.0750000000000011 8.4750000000000014 411.70960526315793 0.11458333333333336 19589.050000000003 31423.650000000005 77.750000000000014 3189.0902185087102 15608.000000000002 36493.55000000001 76.750000000000014 82.784999847412124 124.12500000000001 84.750000000000014 1276.8195000000003 2570.0500000000015 29998.000000000004 26304.89305555556 35625.700000000004 34183.750000000007 2702.9950000000003 33463.562152777791 6.7750000000000012 41297.650000000009 486.85000000000008
decision_type=2 2 2 2 2 2 2 2 2 2 2 2 2 2 2 2 2 2 2 2 2 2 2 2 2 2 2 2 2 2 2 2 2 2 2 2 2 2 2 2 2 2 2 2 2 2 2 2 2 2
left_child=1 2 30 4 5 6 -4 21 12 43 -11 28 36 14 18 17 41 -15 -14 20 -5 23 -23 -8 25 -25 -27 -3 48 37 31 45 42 -34 -35 -7 -6 38 -24 -39 -41 -17 -33 -10 -21 -1 -32 -44 -12 -40
right_child=-2 27 3 19 8 35 7 -9 9 10 11 -13 13 15 -16 16 -18 -19 -20 44 -22 22 29 24 -26 26 -28 -29 -30 -31 46 32 33 34 -36 -37 -38 39 49 40 -42 -43 47 -45 -46 -47 -48 -49 -50 -51
leaf_value=0.051289805773697135 1.6802126761619116 0.33195575138586736 -0.011624189738130997 -0.025862597079859884 1.3179962129519731 4.0497263947593076 1.1929493128237942 -0.072934073925705556 2.9775690320341539 0.050848582101622769 -0.0085323851139725571 0.033925374010291588 0.012974784529114172 -0.4001650545525029 0.049078404766739733 -0.004883106083801143 0.034711265387621142 -1.8324332600525168 -0.73934074929470062 0.070414276662753489 -5.2543279235419345 0.51364754412554814 0.00087982993803389551 -0.99919358171164763 0.023988824912495189 0.94069643404731684 -0.068390743715158561 -8.3503835731954492 0.0056873340578042896 -0.021318388194988973 2.3906275093741223 -0.03695285060180923 -2.0004662137862992 0.19777419034489041 -0.0233631689060337 0.022434954299502995 -0.0081371093579736369 -0.03002665571080132 1.1585697060039939 0.0015774923467625334 0.081574851167674364 -0.7466575164676883 0.36889447588304458 0.01407583955160722 -0.029289485071239088 1.2882215459436503 0.049343464144471175 0.0056302100854992432 -5.7890805105227257 0.057342328821626508
leaf_weight=20 32 22 30 24 33 24 20 38 22 24 21 26 28 23 37 23 27 32 37 20 27 25 33 26 25 21 36 31 23 22 23 20 34 20 30 23 30 33 24 36 24 25 31 29 21 22 34 29 20 20
leaf_count=20 32 22 30 24 33 24 20 38 22 24 21 26 28 23 37 23 27 32 37 20 27 25 33 26 25 21 36 31 23 22 23 20 34 20 30 23 30 33 24 36 24 25 31 29 21 22 34 29 20 20
internal_value=0.000558824 0.000436747 0.000588235 0.000177866 0.000521739 0.00143478 0.00094431 0.00138381 -0.000391304 0.00127273 -0.000350877 -0.00177778 -0.00132203 -0.00215517 0 -0.00384615 -0.00173333 -0.00672727 -0.00230769 -0.00326087 -0.00568627 0.00194203 0.00299539 0.00015625 -0.000925926 -0.00228916 -0.000175439 -0.00320755 -0.00375 0.00229167 0.0021673 0.00135922 0.000365854 -0.00214286 0.0004 0.00574468 0.00174603 0.00294118 0.00480519 0.00139785 0.00333333 -0.00458333 0.003 0.00490196 -0.000243902 0.0052381 0.00508772 0.00433333 -0.00609756 0.00772727
internal_weight=1360 1328 1275 1012 920 460 413 383 460 165 114 90 295 232 102 130 75 55 65 92 51 345 217 128 108 83 57 53 64 192 263 206 164 84 50 47 63 170 77 93 60 48 80 51 41 42 57 60 41 44
internal_count=1360 1328 1275 1012 920 460 413 383 460 165 114 90 295 232 102 130 75 55 65 92 51 345 217 128 108 83 57 53 64 192 263 206 164 84 50 47 63 170 77 93 60 48 80 51 41 42 57 60 41 44
is_linear=0
shrinkage=0.01


Tree=150
num_leaves=52
num_cat=0
split_feature=79 44 17 26 57 1 14 60 79 26 98 8 58 29 60 57 33 16 31 33 14 8 38 41 38 38 1 16 17 32 35 82 98 91 38 3 3 73 82 3 1 60 98 98 93 67 67 29 91 85 8
split_gain=7.75725 10.1441 6.84476 5.80898 12.0103 10.2438 14.658 8.06095 8.05919 9.70809 8.02415 7.74699 6.38642 6.11489 5.73557 5.62321 10.198 9.77374 12.1241 10.0583 9.65639 8.77091 7.66947 7.90672 7.38462 7.01299 5.93147 5.9006 9.58613 5.71429 5.68596 13.07 8.72431 7.45095 6.36386 5.87181 7.88268 6.30023 5.4902 5.36204 5.35335 5.33333 4.93238 5.76156 4.9 4.7306 4.68284 4.07 3.53239 2.4 0.452174
threshold=708.15994062793311 8.7909998893737811 307.40000000000003 63.250000000000007 0.81174490092936691 15294.550000000001 17843.800000000003 1.0020000000000002 579.62277972690788 95.750000000000014 0.52430555555555569 394.00597222222228 -0.6830127018922193 96.250000000000014 0.10200000000000002 -0.22252093395631442 157.75000000000003 5890.7000000000007 4.9750000000000005 96.750000000000014 16268.6 422.41342105263163 8.6250000000000018 62.250000000000007 6.9750000000000005 9.3750000000000018 11640.136 3788.6500000000005 1.55 267.75000000000006 26.925000000000004 192.06899999999999 0.17013888888888892 29561.339300000003 5.325000000000002 15598.6 14068.150000000001 1142.7500000000002 324.43849999999998 15217.743000000002 14144.550000000001 1326.6000000000001 0.44097222222222227 0.35763888888888895 415.18881578947372 31570.700000000001 30618.650000000005 78.250000000000014 31646.705356250004 1556.4385000000004 402.35000000000008
decision_type=2 2 2 2 2 2 2 2 2 2 2 2 2 2 2 2 2 2 2 2 2 2 2 2 2 2 2 2 2 2 2 2 2 2 2 2 2 2 2 2 2 2 2 2 2 2 2 2 2 2 2
left_child=1 2 3 11 5 8 7 -7 9 -5 50 -1 39 15 -14 16 17 18 38 20 24 26 23 -19 41 -26 -17 -28 -29 -18 31 35 48 45 -33 36 49 -38 -13 -8 -11 -20 43 -2 -25 -34 -23 -6 -32 -30 -9
right_child=42 -3 -4 4 47 6 12 10 -10 40 -12 13 14 -15 -16 21 29 22 19 -21 -22 46 -24 44 25 -27 27 28 30 -31 32 34 33 -35 -36 -37 37 -39 -40 -41 -42 -43 -44 -45 -46 -47 -48 -49 -50 -51 -52
leaf_value=-2.55390577862571 -0.69369765196608091 2.1263443799665929 -0.027063512604774083 0.041518079730182705 0.03658465880404832 -0.012992292831156662 0.054667103653641504 3.2745666131168565 -0.14721520058514465 -1.6424758854062669 0.85766385702112502 0.65854061066770653 0.01074052787506286 1.334358477263448 -0.025749454404074449 -3.5165047277451551 -0.9259765602521437 0.057475084757835936 0.81364910799950463 1.4195230623517858 0.17812107097029192 -0.0077660240664542335 0.027529840111094429 -0.92779541881696059 -0.59179732811163266 -0.38805366125501378 -0.32711940141620544 2.4455561282050828 0.072023710655872472 0.0026493817177900779 -3.935906848777627 -1.273957874370675 -0.14921803852806537 0.0461761161543882 0.011175572743341853 0.17543124739662683 0.063784676090143821 -0.29956667616236604 0.44097869064117734 -0.049886986512255573 0.017846736986398781 -0.011691896736758252 -0.72803694535325547 0.046563113643931092 -0.099266692539868431 0.040793349725371082 -1.553504732364793 0.045281936971760736 -0.0082106646815972798 0.7184935223144554 4.7249070227426619
leaf_weight=31 33 22 21 32 26 21 33 20 33 22 29 30 22 22 29 29 24 28 21 24 30 26 28 20 22 20 35 21 30 21 37 32 21 30 34 20 28 29 21 24 25 28 20 24 20 25 25 28 20 30 26
leaf_count=31 33 22 21 32 26 21 33 20 33 22 29 30 22 22 29 29 24 28 21 24 30 26 28 20 22 20 35 21 30 21 37 32 21 30 34 20 28 29 21 24 25 28 20 24 20 25 25 28 20 30 26
internal_value=0.00035503 0.000541176 0.000422985 0.000519481 0.00156757 0.000822785 0.00215686 0.005 -0.00160714 0.000126582 0.00653333 6.96056e-05 -0.00037037 0.000252708 -0.00294118 0.000111248 0.00109792 0.00178082 0.00306122 0.00158621 0.000413223 -0.00059322 -0.000833333 -0.00264706 -0.00120879 -0.00428571 -0.000118765 0.000204082 0.000588235 -0.00333333 0.000178571 0.00123153 -0.00142857 0.000789474 -0.00242424 0.0029927 0.00213675 -0.000526316 0.0072549 0.00192982 -0.00276596 0.00142857 -0.00272727 -0.00122807 -0.0055 -0.00173913 -0.0045098 0.00592593 -0.00438596 0.00466667 0.00913043
internal_weight=1352 1275 1253 1232 370 316 204 96 112 79 75 862 108 831 51 809 337 292 196 145 121 472 96 68 91 42 421 392 357 45 336 203 133 76 66 137 117 57 51 57 47 49 77 57 40 46 51 54 57 60 46
internal_count=1352 1275 1253 1232 370 316 204 96 112 79 75 862 108 831 51 809 337 292 196 145 121 472 96 68 91 42 421 392 357 45 336 203 133 76 66 137 117 57 51 57 47 49 77 57 40 46 51 54 57 60 46
is_linear=0
shrinkage=0.01


Tree=151
num_leaves=48
num_cat=0
split_feature=17 68 34 34 4 100 7 3 61 43 21 25 71 98 5 71 21 1 1 96 78 85 1 35 35 26 75 21 1 75 41 23 7 25 20 36 36 43 84 41 45 4 28 93 75 69 46
split_gain=7.78048 7.9798 17.4286 10.6996 8.22118 7.79108 9.06283 7.43469 7.08216 7.28519 8.99947 8.96057 9.72222 8.4821 6.63724 6.45333 6.36164 6.09814 11.1638 9.21905 9.1276 8.71526 8.71176 7.98956 11.5994 7.2961 6.90264 6.08022 5.89722 5.82167 7.10461 6.20513 6.05113 5.68922 6.81037 5.36838 5.11244 4.43466 7.19535 4.37879 4.04739 3.94644 3.89784 6.50997 3.49643 2.2289 1.83075
threshold=307.40000000000003 1301.1500000000003 109.25000000000001 107.75000000000001 2239.7300000000005 0.21180555555555561 749.0100000000001 15186.150000000001 26617.400000000005 84.735000610351577 24.175000000000004 21.750000000000004 0.99950000000000017 0.8090277777777779 4074.7500000000005 1050.4615000000001 26.325000000000006 14004.900000000003 13693.700000000003 1.0000000180025095e-35 1010.6589895833334 1418.5145000000002 16931.861000000001 26.925000000000004 27.725000000000005 49.250000000000007 665.16318737031077 20.575000000000006 15341.700000000003 356.40368525760226 86.250000000000014 94.750000000000014 87.77500000000002 167.75000000000003 936.30000000000007 87.250000000000014 81.750000000000014 79.009998321533217 300.75969791666671 59.250000000000007 26021.000000000004 2825.2900000000004 28.825000000000006 404.688253968254 651.58697009083528 32530.500000000004 105.01499938964845
decision_type=2 2 2 2 2 2 2 2 2 2 2 2 2 2 2 2 2 2 2 2 2 2 2 2 2 2 2 2 2 2 2 2 2 2 2 2 2 2 2 2 2 2 2 2 2 2 2
left_child=1 2 17 4 27 8 15 16 -6 11 14 -10 -13 35 -11 44 -4 18 29 20 22 25 42 28 -25 -21 33 -3 -22 31 32 -1 -31 37 -35 36 41 -23 -39 -33 -24 -14 43 -19 46 -45 -7
right_child=-2 3 7 -5 5 6 -8 -9 9 10 -12 12 13 -15 -16 -17 -18 19 -20 21 23 26 40 24 -26 -27 -28 -29 -30 30 -32 39 -34 34 -36 -37 -38 38 -40 -41 -42 -43 -44 45 -46 -47 -48
leaf_value=-0.45578420608293263 -0.028124315753185955 -0.0046811822880326939 1.9099234582070472 0.081944946283363088 -1.4918411039359591 -1.5261000436823822 0.028228285046516727 -0.71559340158796259 -0.71077297684531915 0.0046640262497614285 -0.025976706204452801 0.088676682459791253 -0.05586843797780737 -0.029362436808567177 0.33033941721422194 -0.001096949804539506 -0.029946445069840309 0.030723382918923247 -0.72641478480628519 0.12644708755825076 0.033392825530982918 -3.8864587375538475 -0.062488719590500647 -0.95038277878906652 1.9140379719695007 0.015053063720113563 0.026109209111306989 0.049935108009524123 3.8337449440311735 0.027807828633968804 -0.0063795855295256136 0.29297140309988196 1.2463756666650554 0.11248983872843978 -0.011205351472964666 -0.79572316131272514 0.048569803004253308 -0.024425590610006244 0.012349592168073294 -0.0012622745452225642 0.056109755600978278 0.024992426016225987 4.4419519959802143 2.6678653396319909 -1.4550461604811551 1.4898350565227281 -3.7048690053041446
leaf_weight=24 22 39 21 38 26 24 34 29 36 30 25 24 21 37 39 25 32 29 35 20 31 22 20 26 31 35 34 32 29 33 35 22 38 21 37 20 26 20 21 32 21 22 26 31 26 26 25
leaf_count=24 22 39 21 38 26 24 34 29 36 30 25 24 21 37 39 25 32 29 35 20 31 22 20 26 31 35 34 32 29 33 35 22 38 21 37 20 26 20 21 32 21 22 26 31 26 26 25
internal_value=0.000443787 0.000541353 0.00119078 -0.000382514 -0.000763209 -0.00127273 -0.00328358 -0.00317073 -0.000392157 7.14286e-05 0.00234043 -0.00107527 0 -0.00111111 0.0042029 -0.0048 -0.000943396 0.00170243 0.000319635 0.00233333 0.00355556 0.000761905 0.0051634 0.00145299 -0.00122807 0.00418182 -0.000451613 0.00239437 0.004 0.00130435 0.00283019 -0.000769231 0.00464789 -0.00157025 0.000689655 0.000561798 0.00188406 -0.00365079 -0.00170732 0.00111111 0.00121951 -0.000232558 0.00660714 0.0055814 -0.00626667 0.00754386 -0.00469388
internal_weight=1352 1330 781 549 511 440 134 82 306 280 94 186 150 126 69 100 53 699 219 480 270 210 153 117 57 55 155 71 60 184 106 78 71 121 58 89 69 63 41 54 41 43 112 86 75 57 49
internal_count=1352 1330 781 549 511 440 134 82 306 280 94 186 150 126 69 100 53 699 219 480 270 210 153 117 57 55 155 71 60 184 106 78 71 121 58 89 69 63 41 54 41 43 112 86 75 57 49
is_linear=0
shrinkage=0.01


Tree=152
num_leaves=53
num_cat=0
split_feature=37 24 69 21 34 11 37 21 27 81 43 80 72 40 39 27 34 87 10 64 27 32 100 65 80 82 60 22 45 19 79 37 37 40 34 11 23 43 69 69 21 27 84 23 37 64 21 80 65 45 81 13
split_gain=7.83773 10.6684 7.83888 8.59621 9.36223 8.44926 15.3105 8.63828 14.0367 8.86166 7.71429 7.6078 9.17849 8.56793 11.4375 8.45 7.65523 7.88961 7.59427 7.54977 6.83985 12.3635 8.03694 7.08143 7.00586 6.55739 9.16211 6.4 6.4 6.36775 6.36068 6.27315 10.0136 6.1655 5.44439 5.38892 5.33333 5.19231 8.21337 5.68116 5.56522 5.15454 5.12381 5.80654 4.72171 4.45873 4.09973 4.01569 3.27361 2.81299 2.77778 2.5
threshold=21.750000000000004 9.3250000000000011 24550.750000000004 13.875000000000002 42.750000000000007 34676.250000000007 29.250000000000004 28.675000000000001 73.250000000000014 3599.7894517607469 79.670001983642592 34367.062847222223 0.85550000000000004 58.250000000000007 173.25000000000003 85.250000000000014 70.250000000000014 0.80208333333333337 28248.100000000002 1123.9650000000004 66.250000000000014 133.25000000000003 0.079861111111111119 27100.250000000004 32400.084027777786 -0.021000000000000008 1033.6125000000002 90.750000000000014 25427.500000000004 773.55000000000007 533.33254939619667 95.250000000000014 99.750000000000014 117.75000000000001 84.750000000000014 36893.100000000013 88.750000000000014 68.630001068115249 36267.850000000006 34628.750000000007 26.325000000000006 23.250000000000004 1231.8487604166669 91.250000000000014 95.750000000000014 743.1880000000001 21.325000000000006 30232.57777777778 29382.750000000004 25422.500000000004 4046.2909245482733 4191.5500000000011
decision_type=2 2 2 2 2 2 2 2 2 2 2 2 2 2 2 2 2 2 2 2 2 2 2 2 2 2 2 2 2 2 2 2 2 2 2 2 2 2 2 2 2 2 2 2 2 2 2 2 2 2 2 2
left_child=1 30 19 4 10 7 -7 8 25 -9 -4 18 16 49 -15 51 -13 37 -8 -2 21 22 48 -24 27 -5 -27 -25 -17 42 50 36 -33 -3 47 44 -10 -18 39 40 -39 -21 43 -22 -31 -37 -28 -23 -20 -14 -1 -16
right_child=2 33 3 5 -6 6 11 9 31 -11 -12 12 13 14 15 28 17 -19 20 41 29 34 23 24 -26 26 46 -29 -30 35 -32 32 -34 -35 -36 45 -38 38 -40 -41 -42 -43 -44 -45 -46 -47 -48 -49 -50 -51 -52 -53
leaf_value=0.48572135597036775 8.1255800544206629 -0.12455939471981556 -2.1018282229099934 0.037425305114886939 -3.2029125197521857 -0.92158376835749012 1.3893969716379979 6.960881251169841 -0.049576674991382984 -0.0022623841661448645 0.95316524224904442 -0.025549095792140694 -0.02190948051283793 0.1627823234419479 -0.069603459915996299 -0.016141802533377148 0.0051958431954194787 -0.015104193421265224 0.059236358827683237 2.3934097342594889 0.00010149368921961721 -0.46005180849039862 0.57466568266604501 -0.0062404248250097633 0.021106695491284789 -6.4617880745526497 -0.29659372106523169 -0.82146580971437089 0.18417432778015269 0.031745885689608636 0.0066736181326287362 0.032766187269009671 -0.92547737245608475 2.3616619012288402 0.0023447841580585306 1.7863015877213382 -3.5602859265298936 3.533269305131697 0.031693013468776593 -0.03280227664282153 0.068389087568382065 -0.22673520156108962 0.38026569602981142 0.36231109060987715 -1.2525021924618005 0.021867733759778431 0.30028273793466498 -0.0089323343704882357 0.020190894174883685 -4.453665605218311 1.7876768010022115 -1.9758448432945324
leaf_weight=20 23 30 21 39 34 28 20 25 21 26 21 34 20 26 20 20 39 33 31 22 31 20 32 20 27 20 25 20 20 23 20 33 36 22 25 21 28 23 27 23 23 21 33 25 24 24 28 34 24 22 25 20
leaf_count=20 23 30 21 39 34 28 20 25 21 26 21 34 20 26 20 20 39 33 31 22 31 20 32 20 27 20 25 20 20 23 20 33 36 22 25 21 28 23 27 23 23 21 33 25 24 24 28 34 24 22 25 20
internal_value=0.000517751 0.00299145 0.000283401 9.40975e-05 -0.00315789 0.00032022 0.000837438 -0.00117438 -0.002 0.00254902 0 0.00109694 0 -0.00189189 -0.000377358 -0.00225 0.00138614 0.0022619 0.00198157 0.00363636 0.00169082 0.00055794 0.00220779 0.000505051 -0.00134328 0.000535714 -0.00123288 -0.004 0.001 0.00314917 0.00569231 -0.00440678 -0.00246377 -0.000384615 -0.00265823 0.00130435 -0.00714286 0.00333333 0.00458333 0.00275362 0.00478261 0.00116279 0.00505618 0.00321429 -0.00106383 0.00377778 0.000943396 -0.00444444 0.00527273 -0.00571429 0.00777778 -0.0055
internal_weight=1352 117 1235 1169 76 1093 812 281 230 51 42 784 350 148 106 80 202 168 434 66 414 233 154 99 67 112 73 40 40 181 65 118 69 52 79 92 49 135 96 69 46 43 89 56 47 45 53 54 55 42 45 40
internal_count=1352 117 1235 1169 76 1093 812 281 230 51 42 784 350 148 106 80 202 168 434 66 414 233 154 99 67 112 73 40 40 181 65 118 69 52 79 92 49 135 96 69 46 43 89 56 47 45 53 54 55 42 45 40
is_linear=0
shrinkage=0.01


Tree=153
num_leaves=52
num_cat=0
split_feature=31 11 80 93 27 4 81 62 90 4 88 97 74 91 7 80 35 1 11 1 36 88 40 40 17 37 5 4 4 81 69 83 37 23 82 76 4 17 90 27 20 37 27 69 58 7 20 57 11 81 74
split_gain=8.41253 7.83982 9.77544 11.0385 11.2573 8.01843 7.43472 9.32192 7.42064 9.9371 9.52185 8.03272 8.41822 7.32584 7.31393 7.20769 8.13646 7.6051 8.50822 6.75364 8.16667 6.94444 6.38581 9.97313 6.89307 6.86518 7.4348 7.3794 11.0875 7.25468 6.27826 7.84 6.143 5.8051 5.76267 8.56307 6.72968 8.24432 6.39989 5.66303 7.35766 9.01487 5.56383 4.87707 3.77912 3.69667 3.6 3.3 2.5 2.30422 1.13778
threshold=22.575000000000003 31920.950000000004 34367.062847222223 418.7917034139403 34.250000000000007 10790.715000000002 3041.079932042891 792.01550000000009 2117.1496500000007 2668.2050000000004 4906.7166666666672 0.072916666666666671 734.99673958333346 27249.427887500005 22.145000000000007 36538.861805555563 27.275000000000002 17002.800000000003 37559.900000000009 15743.900000000003 83.250000000000014 7729.260416666667 116.75000000000001 102.25000000000001 253.35000000000002 60.750000000000007 4892.880000000001 3355.1150000000002 2771.2300000000005 4271.1185818289323 30092.400000000005 2359.1999999999994 97.750000000000014 49.750000000000007 -47.976999999999911 39908.488541666673 17082.880000000001 176.00000000000003 937.50615000000016 84.250000000000014 970.60000000000014 94.250000000000014 94.750000000000014 30839.600000000002 -0.6830127018922193 31.675000000000001 1918.8500000000001 1.0000000180025095e-35 36303.750000000007 3918.1178003576069 467.01204166666668
decision_type=2 2 2 2 2 2 2 2 2 2 2 2 2 2 2 2 2 2 2 2 2 2 2 2 2 2 2 2 2 2 2 2 2 2 2 2 2 2 2 2 2 2 2 2 2 2 2 2 2 2 2
left_child=1 5 8 4 47 6 -1 -8 11 -10 -11 13 44 50 -9 16 17 18 -6 20 48 -22 23 25 33 26 -14 28 -27 30 -29 -32 -2 -24 35 -17 37 38 -36 45 -41 -42 -18 -15 -13 -40 -30 -4 -12 -35 -3
right_child=32 2 3 -5 15 -7 7 14 9 10 19 12 22 43 -16 34 42 -19 -20 -21 21 -23 24 -25 -26 27 -28 29 46 -31 31 -33 -34 49 36 -37 -38 -39 39 40 41 -43 -44 -45 -46 -47 -48 -49 -50 -51 -52
leaf_value=0.029349535289200507 -2.8986129527488402 0.27853254826235019 0.20604125937546969 -0.63367431939936458 -0.016109393713342902 0.037989399066294664 -6.6681601678506226 0.019085367446216139 0.0528934682907337 -0.054832522570024758 -0.0081037150501948978 0.005156936531405705 0.38609061641617526 1.5063275012832884 -3.4456730253471095 -1.1710364606747854 -0.19609311796025033 -0.12701861012866605 1.808342050817892 3.1527667176004783 -1.5505411154348558 -0.0044300560047476718 0.027556985807986569 -0.023732486123238687 -0.016946215774274687 -0.023728364024238214 2.6273591469930402 0.0059425259976257161 0.10017717784052234 0.036370411527629591 -1.1080316024359453 0.014235768777305416 -0.092984448150036855 0.060486993797724223 -0.028907394415147735 0.0087426352671942497 0.11248993451609013 -0.027185620372869441 -0.032682802700171487 2.47569689243524 0.07379423888085343 -5.2763374923313702 -0.0017991752185661004 -0.094837463342887493 -3.3539810845406706 0.020903137601330144 1.2806261075171113 0.097880177131155863 0.30654535836537838 2.0961626873958972 0.53666847925274297
leaf_weight=35 23 20 24 36 29 23 25 39 37 31 20 21 37 30 29 21 34 31 26 21 24 36 23 37 20 31 20 24 20 28 25 20 22 23 29 20 23 30 26 24 20 21 20 31 22 21 20 20 20 35 25
leaf_count=35 23 20 24 36 29 23 25 39 37 31 20 21 37 30 29 21 34 31 26 21 24 36 23 37 20 31 20 24 20 28 25 20 22 23 29 20 23 30 26 24 20 21 20 31 22 21 20 20 20 35 25
internal_value=0.000473373 0.00061974 0.000899654 -0.000241758 0.000214797 -0.00152318 -0.0025 -0.00397849 0.00164051 -5.29101e-05 -0.00118421 0.00226562 0.00162562 0.00471698 -0.00205882 -0.000346667 -0.00214286 -0.000232558 0.002 8.26446e-05 -0.001 -0.00333333 0.00212121 0.00129771 0.00425743 0.00208889 0.00508772 0.00107143 0.00352113 -0.000721649 -0.00246377 -0.00466667 -0.00377778 0.00555556 0.000723404 -0.00268293 0.0014433 0.000760234 0.00177305 0.00285714 0.00476923 0.00219512 -0.00518519 0.00245902 -0.00255814 0.000212766 0.007 0.005 0.0025 0.00724138 0.00777778
internal_weight=1352 1307 1156 455 419 151 128 93 701 189 152 512 406 106 68 375 140 86 55 121 100 60 363 262 101 225 57 168 71 97 69 45 45 81 235 41 194 171 141 112 65 41 54 61 43 47 40 44 40 58 45
internal_count=1352 1307 1156 455 419 151 128 93 701 189 152 512 406 106 68 375 140 86 55 121 100 60 363 262 101 225 57 168 71 97 69 45 45 81 235 41 194 171 141 112 65 41 54 61 43 47 40 44 40 58 45
is_linear=0
shrinkage=0.01


Tree=154
num_leaves=51
num_cat=0
split_feature=72 46 34 29 88 26 10 1 19 30 13 45 42 70 60 63 10 30 62 33 21 32 33 88 29 87 35 39 29 31 16 68 83 31 93 87 87 28 21 35 29 31 88 69 83 19 35 28 1 1
split_gain=7.47959 12.8495 11.4135 8.23849 7.23072 7.07738 14.7253 8.64009 7.46913 11.9854 8.11734 9.8742 9.86385 7.02553 9.08308 8.82924 6.63626 7.42384 10.1632 10.0095 8.15182 8.06095 8.5613 8.84646 7.81966 6.85963 6.76207 5.97129 8.92358 5.88318 7.81926 5.47555 6.46115 7.71022 7.47756 5.46502 5.34144 8.28872 7.27914 7.14261 5.28938 5.2842 5.21849 4.97835 4.74052 4.07765 3.65714 3.22165 2.70086 1.08
threshold=1299.8000000000002 108.689998626709 101.75000000000001 93.250000000000014 17451.242083333334 86.750000000000014 39365.350000000013 14004.900000000003 841.6500000000002 68.250000000000014 7091.0500000000011 22930.500000000004 229.37500000000003 802.73850000000004 1099.9500000000003 29149.600000000002 38446.55000000001 34.750000000000007 1373.2 0.75000000000000011 24.125000000000004 43.250000000000007 27.750000000000004 4114.6629166666671 86.250000000000014 0.031250000000000007 24.925000000000004 159.25000000000003 85.750000000000014 5.7750000000000012 6655.6000000000013 1194.1500000000003 2210.1500000000001 7.5250000000000012 414.46342105263165 0.44791666666666669 0.072916666666666671 27.975000000000005 26.575000000000006 26.575000000000006 83.750000000000014 6.4750000000000005 5330.8889583333339 33571.150000000009 2813.8999999999983 1283.4000000000003 26.725000000000005 24.075000000000006 15743.900000000003 16821.600000000002
decision_type=2 2 2 2 2 2 2 2 2 2 2 2 2 2 2 2 2 2 2 2 2 2 2 2 2 2 2 2 2 2 2 2 2 2 2 2 2 2 2 2 2 2 2 2 2 2 2 2 2 2
left_child=2 16 3 4 5 8 7 -7 10 42 11 -1 46 -13 -15 -16 17 25 21 -20 24 -19 43 -24 40 -2 -26 -25 -29 -28 47 32 33 -11 -34 -8 -4 39 -39 -38 -21 -14 -10 -23 48 -40 -12 -31 -9 -50
right_child=1 -3 36 -5 -6 6 35 44 9 31 12 13 41 14 15 -17 -18 18 19 20 -22 22 23 27 26 -27 29 28 -30 30 -32 -33 34 -35 -36 -37 37 38 45 -41 -42 -43 -44 -45 -46 -47 -48 -49 49 -51
leaf_value=0.1996875629884578 -0.015646024824470452 0.040529949898344741 -1.0867757881852147 2.4068202397409162 -0.008777464846514503 -0.18640114408405967 0.010236031705617557 0.2926662781245753 -0.030982027230004445 5.0444246952736522 -0.65886947328375622 -0.10012876377016187 -0.26661321916059266 0.8635342822076737 -1.0707901132272417 0.07942042467738944 0.018626655848304394 0.12002584783468959 -1.325386558489956 0.011820266815133759 -0.024415372667851744 -2.8696268232213518 0.049237962160720773 -2.4543849355012877 -0.061592894076635582 -1.7581271383259489 0.30304250043950876 -3.6472861279012538 0.18632695437515573 0.013455674133284872 0.092562319520252803 0.016449357624819739 0.050873213626929668 0.26090905693891081 -0.021087957681393855 -0.13935710710365987 -0.059868105930594231 -0.19301349863145492 -0.054763053290610986 0.13734832027388214 0.19156003214618694 1.8010787945316082 0.0051053671660916478 -3.8879250045270535 0.044184306122489865 0.0056451859908096562 -2.0725380522997878 -0.13975404430457994 4.5592703917624684 5.9220910510595699
leaf_weight=31 37 35 24 27 28 28 28 38 25 39 24 29 22 31 26 21 29 25 25 26 34 33 29 24 23 21 23 20 21 20 22 34 34 38 20 30 25 20 20 23 28 21 29 23 23 23 21 22 30 20
leaf_count=31 37 35 24 27 28 28 28 38 25 39 24 29 22 31 26 21 29 25 25 26 34 33 29 24 23 21 23 20 21 20 22 34 34 38 20 30 25 20 20 23 28 21 29 23 23 23 21 22 30 20
internal_value=0.000517751 -0.000423077 0.00110577 0.00162123 0.00140299 0.00161994 0.00319797 0.00496403 0.000921348 0.00223744 -0.000353982 0.00115942 -0.00272727 -0.000280374 0.00128205 -0.00148936 -0.000845361 -0.00114035 -0.000653266 0.000762332 0.00151515 -0.00245714 -0.00333333 -0.00148936 0.00243902 -0.00448276 0.000909091 -0.00353846 -0.00121951 0.00218391 0.000625 0.00357576 0.00450382 0.00636364 0.00185185 -0.00103448 -0.00155556 -0.000630631 -0.00301587 0.0025 0.00555556 0.000697674 -0.00185185 -0.00642857 0.00621622 -0.000697674 -0.006 -0.00190476 0.00727273 0.0088
internal_weight=1352 520 832 697 670 642 197 139 445 219 226 138 88 107 78 47 485 456 398 223 198 175 150 94 164 58 110 65 41 87 64 165 131 77 54 58 135 111 63 48 54 43 54 56 111 43 45 42 88 50
internal_count=1352 520 832 697 670 642 197 139 445 219 226 138 88 107 78 47 485 456 398 223 198 175 150 94 164 58 110 65 41 87 64 165 131 77 54 58 135 111 63 48 54 43 54 56 111 43 45 42 88 50
is_linear=0
shrinkage=0.01


Tree=155
num_leaves=52
num_cat=0
split_feature=44 60 13 45 38 77 82 78 77 64 30 51 61 76 28 46 77 22 77 93 72 64 76 38 77 7 72 78 77 10 10 16 41 35 27 38 78 98 31 22 41 10 22 76 10 13 10 34 27 64 19
split_gain=9.23421 7.42714 9.66587 9.05107 7.6785 7.36375 7.9712 12.8444 7.29084 6.90875 6.95283 6.84891 6.82175 9.10499 6.46923 6.30303 6.08327 7.51241 8.27329 7.56954 5.27401 15.244 7.09128 7.08493 7.04205 9.07402 8.76882 8.07853 7.5594 8.38891 7.46775 5.81731 5.73016 6.63422 5.72567 5.64463 5.21813 8.58812 5.1297 4.9 4.87619 4.60803 4.3563 8.04762 6.40934 4.8067 4.06756 3.33064 2.7855 2.63425 1.6
threshold=8.7909998893737811 930.34250000000009 1266.2500000000002 26104.000000000004 15.775000000000002 3437.7805464929329 -0.98500000000001353 713.37066666666681 2495.3034647874874 863.61250000000007 22.750000000000004 1.0000000180025095e-35 27599.850000000002 33779.20520833334 24.175000000000004 97.844997406005874 4489.1419539252765 86.250000000000014 4019.0486571555662 416.38465504978672 1776.5000000000002 1370.1260000000002 36923.995833333342 7.4750000000000014 2823.5712242104833 998.23000000000013 1.0425000000000002 890.12016666666671 4624.7490358959913 33049.500000000007 30858.750000000004 6176.1500000000005 83.750000000000014 25.625000000000004 65.250000000000014 4.1750000000000016 1159.4758923611114 0.58680555555555569 7.2750000000000012 89.250000000000014 78.750000000000014 35728.05000000001 87.750000000000014 30213.848958333339 29476.450000000004 3333.1000000000004 28667.100000000002 82.750000000000014 89.750000000000014 1509.5500000000002 1028.45
decision_type=2 2 2 2 2 2 2 2 2 2 2 2 2 2 2 2 2 2 2 2 2 2 2 2 2 2 2 2 2 2 2 2 2 2 2 2 2 2 2 2 2 2 2 2 2 2 2 2 2 2 2
left_child=1 3 14 4 5 12 7 -7 -4 10 -8 20 46 38 -3 -5 17 18 41 48 22 -22 24 31 -10 26 40 -27 29 30 42 -24 33 -23 -35 -31 39 -38 -14 -32 50 -12 43 -28 45 -44 -1 49 -19 -37 -26
right_child=-2 2 8 15 -6 6 9 -9 11 -11 16 -13 13 -15 -16 -17 -18 19 -20 -21 21 32 23 -25 25 27 28 -29 -30 35 36 -33 -34 34 -36 47 37 -39 -40 -41 -42 -43 44 -45 -46 -47 -48 -49 -50 -51 -52
leaf_value=-0.019356990875732234 0.71674279141681096 -0.1170523235283789 1.6905283853424797 -0.00023484599991997396 0.01470104706369493 -0.042658620969231141 -0.1759507104093356 2.5045233148128698 -0.062168633009872139 -2.7026871394401484 -0.044483760411859898 -7.9901275589336072 -0.0081216546972001456 0.043742463061264968 0.0042934434656376128 0.030636981932118709 0.019162573512581039 -3.3566552073045974 -1.4416708441135138 -0.0091978750713118188 -0.99685475216506292 0.030166034311993641 0.025631674932587743 -0.75947550144139597 5.0932411598759684 0.040124650399361313 0.066257366605559156 -0.24073061363189474 -0.03885088667319591 0.0015225133146325471 -1.8975403533420439 -0.037876515650537693 0.030674172321773812 -0.039316973966715282 0.0013749388211275143 2.3930198231852682 0.10327222642224096 -0.014284193615471698 -1.332455773060413 0.001471732916319013 0.62373986974716178 1.1081234778784776 0.94381716141371841 -0.099907405093421137 0.77453109648308971 -0.026417197271517895 0.075997717720541688 0.012473700139609229 -0.026812966346872857 0.55415082330983656 9.0300729006026064
leaf_weight=20 23 32 38 26 22 36 20 24 29 39 20 20 30 21 20 22 25 33 28 38 20 22 20 30 20 39 36 25 39 21 20 32 21 20 21 26 31 30 25 20 30 26 23 27 34 33 29 20 38 21 20
leaf_count=20 23 32 38 26 22 36 20 24 29 39 20 20 30 21 20 22 25 33 28 38 20 22 20 30 20 39 36 25 39 21 20 32 21 20 21 26 31 30 25 20 30 26 23 27 34 33 29 20 38 21 20
internal_value=0.000238267 0.000132159 0.000714286 -0.000804598 -0.00122363 -0.00150442 -0.00229358 0.001 0.000989848 -0.00303371 -0.00236842 0.000773333 0.00056 -0.00131579 -0.00346154 0.00333333 -0.00182692 -0.00245902 0 -0.00412844 0.000931507 -0.00115385 0.00127796 -0.00146341 0.00169118 0.00196117 0.0024612 -0.0015625 0.00186352 0.00233918 0.00141732 0.000769231 0.000714286 -0.000793651 -0.00317073 0.005 -0.000693069 0.00114754 -0.00345455 -0.0035 0.00571429 0.0026087 0.00281046 0.000793651 0.00422222 0.00214286 0.00346939 0.00641791 -0.00605634 0.00787234 0.008
internal_weight=1385 1362 840 522 474 452 327 60 788 267 228 750 125 76 52 48 208 183 74 109 730 104 626 82 544 515 451 64 381 342 254 52 84 63 41 88 101 61 55 40 70 46 153 63 90 56 49 67 71 47 40
internal_count=1385 1362 840 522 474 452 327 60 788 267 228 750 125 76 52 48 208 183 74 109 730 104 626 82 544 515 451 64 381 342 254 52 84 63 41 88 101 61 55 40 70 46 153 63 90 56 49 67 71 47 40
is_linear=0
shrinkage=0.01


Tree=156
num_leaves=54
num_cat=0
split_feature=6 0 4 4 44 69 24 42 38 30 16 65 83 38 34 26 41 37 31 87 69 31 26 16 34 81 26 44 81 25 38 81 75 28 5 81 40 4 42 65 65 41 11 27 13 58 81 34 78 2 78 0 25
split_gain=9.25919 10.2878 8.90402 10.1108 9.02593 7.45524 7.39824 6.91968 8.1985 6.12136 10.2864 5.98811 7.53613 5.89301 5.85042 8.40476 7.94027 7.71151 12.2742 9.68706 9.53427 9.65714 9.21406 8.4 8.2144 9.085 7.3531 7.73721 7.15077 6.52314 5.92239 8.15361 5.62603 7.43568 5.60352 5.37778 4.78348 4.75769 4.49669 10.2693 4.32213 4.08982 3.83167 3.80581 3.32488 3.63655 3.10037 2.91382 2.91212 2.62811 2.5 1.83995 1.74545
threshold=3515.7950000000005 35926.700000000004 3009.0850000000005 2844.5200000000004 8.7909998893737811 22337.600000000002 5.4750000000000005 110.34000015258789 9.8750000000000018 99.750000000000014 6361.0000000000009 27671.900000000005 1870.8999999999962 7.075000000000002 109.25000000000001 1.0000000180025095e-35 115.25000000000001 58.750000000000007 2.1750000000000007 0.38541666666666669 30532.500000000004 6.3250000000000011 90.250000000000014 6624.4000000000005 69.250000000000014 4310.144161319472 56.750000000000007 5.5740001201629648 4212.7882224580999 146.75000000000003 6.8750000000000009 4034.2168792623038 478.0589815176711 28.775000000000002 4872.0250000000005 4324.3633357981971 69.250000000000014 11385.140000000001 145.62500000000003 28878.800000000007 30324.300000000003 79.250000000000014 36436.200000000004 95.250000000000014 3952.8000000000006 -0.5 4434.5367541026635 50.250000000000007 1216.9437881944448 3173.3475000000003 1094.8099062500003 28490.850000000002 208.25000000000003
decision_type=2 2 2 2 2 2 2 2 2 2 2 2 2 2 2 2 2 2 2 2 2 2 2 2 2 2 2 2 2 2 2 2 2 2 2 2 2 2 2 2 2 2 2 2 2 2 2 2 2 2 2 2 2
left_child=1 7 3 6 5 -4 -2 13 11 10 50 -9 -13 35 15 34 17 20 -19 22 51 23 26 -22 29 30 28 -28 38 -21 31 -26 43 -34 -7 -1 -24 -32 39 -20 -14 47 -40 -16 -23 -46 -30 -36 -15 -27 -8 -17 -38
right_child=2 -3 4 -5 -6 14 9 8 -10 -11 -12 12 40 48 32 16 -18 18 19 24 21 44 36 -25 25 49 27 -29 46 -31 37 -33 33 -35 41 -37 52 -39 42 -41 -42 -43 -44 -45 45 -47 -48 -49 -50 -51 -52 -53 -54
leaf_value=0.031833567763305523 1.0130418341879104 0.027972634177947528 3.2357806889001881 0.75437447871835672 0.70957536350264294 -3.2421968527391534 0.019196270515948445 0.052802585570946178 0.035454175751679314 0.27892205160047068 -0.12586203849248123 -0.19470058966395173 0.014651883897947983 -0.54835865535927442 -3.6769114276300008 0.020275607124721866 -2.9521058606964554 -0.15219594414647222 -0.20092200124581283 -0.0065104432476324062 0.055529686702162746 -0.25405110466881015 0.041304697207214663 -0.045277490682600077 0.2529910605545071 0.40020796988685858 -0.025138474579030616 0.044465382267946572 0.7973911701999985 -0.37931371172481376 -2.6678583998458851 -0.019523232642685878 0.030650440197449207 -0.10422884590109487 -0.019760496691489167 -1.4592106862130765 1.5175314546086827 0.0053707406020603397 0.039664610534632445 0.029637534652210036 -0.092650688903303621 -2.9258677658636616 0.013661215851843442 -0.031102855725303233 -0.054993819873358961 -0.0093084821171211304 0.38424278001877232 1.5721510722690348 -1.6336598513419569 0.016926916295796166 -0.024040969565985039 0.6599955431549589 3.0051270592793742
leaf_weight=24 30 35 29 27 23 21 20 26 30 25 21 39 24 20 21 20 29 28 25 39 35 26 21 21 36 20 38 20 35 25 24 22 33 20 20 36 20 25 32 21 22 25 25 20 21 23 30 21 24 23 20 21 24
leaf_count=24 30 35 29 27 23 21 20 26 30 25 21 39 24 20 21 20 29 28 25 39 35 26 21 21 36 20 38 20 35 25 24 22 33 20 20 36 20 25 32 21 22 25 25 20 21 23 30 21 24 23 20 21 24
internal_value=0.000267148 -0.00135714 0.000678733 0.00300699 0.00033264 0.000181044 0.00172414 -0.00208163 -0.000638298 0.000232558 -0.00147541 -0.00189189 -0.00317647 -0.00403846 2.1978e-05 0.000294118 0.000644719 0.000857143 0.00144465 0.00180198 -0.00101796 -0.00238095 0.00298969 0.000714286 0.000186916 0.00146667 0.0020354 -0.00103448 0.00309524 -0.0028125 -9.34579e-05 0.00206897 -0.00234043 -0.000188679 -0.00264368 -0.002 0.00630769 -0.00265306 0.00145631 -0.000869565 -0.000434783 -0.00121212 0.00333333 -0.00512195 -0.00485714 -0.00318182 0.00569231 0.000731707 -0.00681818 0.00534884 0.0015 0.00317073 0.00818182
internal_weight=1385 280 1105 143 962 939 116 245 141 86 61 111 85 104 910 816 729 700 533 505 167 126 291 56 214 150 226 58 168 64 107 58 94 53 87 60 65 49 103 46 46 66 57 41 70 44 65 41 44 43 40 41 44
internal_count=1385 280 1105 143 962 939 116 245 141 86 61 111 85 104 910 816 729 700 533 505 167 126 291 56 214 150 226 58 168 64 107 58 94 53 87 60 65 49 103 46 46 66 57 41 70 44 65 41 44 43 40 41 44
is_linear=0
shrinkage=0.01


Tree=157
num_leaves=53
num_cat=0
split_feature=43 81 31 69 24 6 11 17 65 81 91 67 95 2 38 10 39 77 100 5 31 24 61 94 73 62 61 74 73 96 94 7 69 31 13 7 66 77 7 39 13 35 76 2 35 67 81 24 91 17 94 46
split_gain=8.06817 8.63051 8.2881 9.52643 8.91066 6.97974 6.80415 11.3971 7.50888 10.0211 10.5049 8.33333 6.59527 12.0746 13.8764 10.8408 8.92262 8.4592 7.7526 7.66268 8.33413 8.40561 7.27188 7.2069 7.06254 7.04315 6.90568 6.57501 9.08964 8.60025 8.41803 7.31906 7.22728 5.99003 5.96878 5.71505 7.98505 5.80741 5.45866 7.69723 4.53128 4.48831 4.02261 7.24284 3.99259 3.79259 3.65402 3.59864 3.36825 3.17794 2.69829 2.16667
threshold=87.639999389648452 3921.3816844901007 17.625000000000004 33050.650000000009 7.7750000000000012 6122.4750000000013 31823.950000000001 28.100000000000005 26157.100000000002 4232.5690205923138 23763.371462500003 27742.800000000003 1.0000000180025095e-35 3261.7275000000004 8.5250000000000021 37118.150000000001 237.25000000000003 4500.7898157946938 0.15625000000000003 5042.3300000000008 10.425000000000002 9.1250000000000018 34485.80000000001 569982.40548062522 1200.6425000000002 1255.2510000000002 30884.200000000004 320.47737500000005 0.15000000000000005 1.0000000180025095e-35 512760.84628031263 267.21000000000009 35559.600000000006 5.5750000000000011 10859.450000000003 40.670000000000009 1341.2500000000002 3824.1225759474082 164.35500000000005 197.75000000000003 9379.8000000000011 26.675000000000004 31183.166666666668 2886.6000000000004 26.125000000000004 32374.550000000007 4059.6307011434701 8.4750000000000032 24123.701043750003 233.60000000000002 634279.9454537502 103.564998626709
decision_type=2 2 2 2 2 2 2 2 2 2 2 2 2 2 2 2 2 2 2 2 2 2 2 2 2 2 2 2 2 2 2 2 2 2 2 2 2 2 2 2 2 2 2 2 2 2 2 2 2 2 2 2
left_child=6 5 3 35 -5 -2 7 44 9 10 -8 -12 16 14 17 24 18 25 19 20 21 23 -18 -10 51 -14 -27 32 38 30 -30 -32 40 -9 -31 36 -3 -37 -29 -40 -20 -36 -28 -44 -1 -39 -21 -34 -35 -7 -16 -15
right_child=1 2 -4 4 -6 49 8 33 12 -11 11 -13 13 15 50 -17 22 -19 27 46 -22 -23 -24 -25 -26 26 42 28 29 34 31 -33 47 48 41 37 -38 45 39 -41 -42 -43 43 -45 -46 -47 -48 -49 -50 -51 -52 -53
leaf_value=0.38480269983924753 0.34056117814637121 -2.4193969554565933 -2.3524021651737166 -2.3915710956347214 0.021614657297971025 0.50739375486867933 -0.23845991965409419 -0.054884065422877985 0.37094726839335246 1.3518355304673144 0.0044873731315191057 1.0130846447024457 0.85432892518941228 0.15163476248476121 0.007786488075830187 -0.040151310892013611 3.2373995885284024 -1.0968322337395504 -5.5268366114657557 -0.10345971839392321 0.021307670772916794 -0.47233428012017614 -0.0026227536216731867 -1.4425732871223311 0.010934663640736307 0.021607760408625141 -0.016118779977997884 0.090398155549207826 -0.028815677287685235 -1.3193339714010559 2.2708759681008241 0.012714332701764442 0.029705234247146693 -1.4596899074793197 0.010697015614728307 0.0083205686434576695 0.49863812513144878 0.85778142227690213 0.054802748716814273 -0.034285482219859241 -0.031520216120369392 -0.028344779340979814 0.012906101520190911 -0.024631065857337996 -0.029079762269744264 0.031599478034236288 -3.12809878580889 -0.01627098654924691 -2.8395466371080875 0.71350055495357667 0.037858419867936657 3.7454044019365909
leaf_weight=33 28 22 21 27 23 27 39 27 22 24 24 24 21 24 22 28 23 20 24 29 29 30 25 27 23 28 22 38 21 25 20 38 21 26 20 36 35 30 35 32 26 22 26 25 27 24 23 28 21 20 24 26
leaf_count=33 28 22 21 27 23 27 39 27 22 24 24 24 21 24 22 28 23 20 24 29 29 30 25 27 23 28 22 38 21 25 20 38 21 26 20 36 35 30 35 32 26 22 26 25 27 24 23 28 21 20 24 26
internal_value=0.000267148 0.00174061 0.000733945 0.00137056 -0.0024 0.00466667 -0.000128205 -0.00223881 0.000167015 0.00261261 0.00103448 0.00416667 -0.000153483 0.00107266 -0.000425532 0.00386139 -0.00078853 -0.00197183 -0.00117647 -0.003 -0.00148148 -0.00316456 0.00333333 -0.000612245 0.00589041 -0.000983607 -0.00207921 -0.000342857 0.000517928 -0.00109589 0.00113924 0.00310345 -0.00252525 -0.00486486 -0.00373134 0.00265306 0.000175439 0.00422222 0.0027619 0.00104478 -0.0052 -0.00142857 -0.00369863 -0.00215686 0.001 0.0062963 -0.00615385 0.000204082 -0.00702128 0.00702128 0.00434783 0.008
internal_weight=1385 293 218 197 50 75 1092 134 958 111 87 48 847 289 188 101 558 142 510 160 108 79 48 49 73 122 101 350 251 146 79 58 99 74 67 147 57 90 105 67 50 42 73 51 60 54 52 49 47 47 46 50
internal_count=1385 293 218 197 50 75 1092 134 958 111 87 48 847 289 188 101 558 142 510 160 108 79 48 49 73 122 101 350 251 146 79 58 99 74 67 147 57 90 105 67 50 42 73 51 60 54 52 49 47 47 46 50
is_linear=0
shrinkage=0.01


Tree=158
num_leaves=56
num_cat=0
split_feature=43 68 35 21 20 45 74 71 74 36 98 20 69 40 94 35 43 26 62 100 74 5 74 45 38 94 94 14 88 36 21 62 14 36 38 20 21 14 14 8 86 20 80 98 98 8 57 14 89 36 23 20 22 7 21
split_gain=9.99435 7.17119 11.9662 11.6829 9.71052 9.12119 8.36666 8.80015 8.41005 8.25646 8.16358 7.07634 7.19943 9.56955 6.98682 7.64018 6.93333 6.89117 6.8675 6.42121 10.0257 6.83849 14.0094 6.74018 7.07438 6.80479 7.72578 6.25 6.23371 5.8449 5.58595 6.90394 8.02003 6.29731 5.12 4.76595 4.72991 4.6713 6.85135 5.84063 6.25127 4.95779 4.9 4.49126 8 4.48565 4.3883 3.86551 3.86551 3.74034 3.27964 2.81069 2.27797 1.718 0.9
threshold=85.33499908447267 1301.1500000000003 26.075000000000006 29.925000000000004 3422.8000000000006 22749.000000000004 823.56877083333347 0.97150000000000014 941.2665208333334 77.250000000000014 0.98263888888888895 1964.0500000000004 32425.200000000004 155.75000000000003 500295.40816062532 24.625000000000004 79.430000305175795 3.7500000000000004 1505.7500000000002 0.17708333333333334 941.2665208333334 3398.2100000000005 1193.973322916667 22948.500000000004 13.15 668242.1912046877 631649.48109125008 19122.700000000001 6851.3543750000017 89.250000000000014 15.125000000000002 802.83000000000004 20452.950000000004 83.750000000000014 7.875 947.40000000000009 23.325000000000006 17843.800000000003 17514.250000000004 404.54520238095245 880.30950000000018 1207.5500000000002 32217.673611111113 0.12847222222222224 0.30902777777777785 411.23119095816469 -0.22252093395631442 17381.950000000001 1304.0247187500001 90.250000000000014 97.250000000000014 852.95000000000016 91.250000000000014 78.435000000000016 26.625000000000004
decision_type=2 2 2 2 2 2 2 2 2 2 2 2 2 2 2 2 2 2 2 2 2 2 2 2 2 2 2 2 2 2 2 2 2 2 2 2 2 2 2 2 2 2 2 2 2 2 2 2 2 2 2 2 2 2 2
left_child=1 2 5 19 6 -1 46 47 -9 16 14 12 37 43 -11 -16 -10 -13 36 21 23 -4 50 -21 25 26 27 -25 -24 35 -7 32 49 -33 -27 -29 -17 38 39 42 41 51 -2 48 -45 -39 -3 -8 -14 -32 -23 -41 -35 -48 -38
right_child=11 4 3 -5 -6 30 7 8 9 10 -12 17 13 -15 15 18 -18 -19 -20 20 -22 22 28 24 -26 34 -28 29 -30 -31 31 33 -34 52 -36 -37 54 45 -40 40 -42 -43 -44 44 -46 -47 53 -49 -50 -51 -52 -53 -54 -55 -56
leaf_value=-0.188717885576897 1.8324740525552223 -0.29832445121977458 -2.8284211415575355 2.9706148519612934 -2.1028053692391246 -0.020714734560873031 0.05719340276850602 0.088028445257943691 0.053020444094482672 0.0087988281927244855 0.0082997662277182541 0.005493144348189506 0.089098673561178163 -0.054381816475788956 0.0070548009797359156 -1.9298968893729995 -0.011132857986295512 -2.3613399796847121 -0.032851757678790762 0.15944310258155647 2.6067002227224281 -0.01065287745003193 1.8532979812920325 0.0065761348889271541 0.027790359510597315 -0.0098941309956888188 0.022198426737266162 0.59776900358081164 -0.032144851134475648 -3.1020600626988166 0.010596589532445654 0.024519051666938286 3.4132447461456059 2.7258601891887397 -2.7983411410434678 -0.036287750228279736 -0.00035547415347891745 1.1607882827304101 -0.027924340137528713 0.0037437466361732951 0.74363397882474713 -0.14736704627283426 0.025517559397967054 -0.10142460416744165 0.013486694274819666 0.19641104721710079 -0.94072319577851504 0.0041633631923651887 0.0062623218454747791 -4.2739679228785841 -3.4593674897155258 0.015909202889865949 4.5250607031948329 -2.9632072332391886 -1.7288645984539937
leaf_weight=20 20 21 21 28 20 34 21 21 39 29 27 22 21 20 22 22 26 21 38 29 22 26 21 20 25 25 22 21 25 27 20 30 28 35 25 32 20 24 22 20 26 30 20 36 36 33 20 20 20 23 23 21 24 21 20
leaf_count=20 20 21 21 28 20 34 21 21 39 29 27 22 21 20 22 22 26 21 38 29 22 26 21 20 25 25 22 21 25 27 20 30 28 35 25 32 20 24 22 20 26 30 20 36 36 33 20 20 20 23 23 21 24 21 20
internal_value=0.000382671 -0.000151057 0.000528053 -0.000510204 -0.00121447 0.00242991 -0.000844687 -0.000163934 -0.000833333 -0.00135802 -0.00247191 0.00173469 0.0022063 0.00037594 -0.00337748 -0.00442623 0.00169231 -0.00209302 -0.0056 -0.000989011 -8.06452e-05 -0.00293103 -0.00178947 -0.000707965 -0.00137056 -0.00209302 -0.000819672 -0.002 0.00217391 -0.00325 0.00309278 0.003875 0.0015493 0.00573034 -0.0052 -0.00132075 -0.00354839 0.00333333 0.00245283 0.00328467 0.00195876 0.000422535 0.0065 0.00150442 0 0.00578947 -0.00419355 0.00414634 0.00414634 -0.00116279 -0.0055102 0.00268293 0.00762712 -0.00609756 -0.0015
internal_weight=1385 993 606 392 387 214 367 305 264 243 178 392 349 133 151 122 65 43 100 364 248 116 95 226 197 172 122 100 46 80 194 160 71 89 50 53 62 216 159 137 97 71 40 113 72 57 62 41 41 43 49 41 59 41 40
internal_count=1385 993 606 392 387 214 367 305 264 243 178 392 349 133 151 122 65 43 100 364 248 116 95 226 197 172 122 100 46 80 194 160 71 89 50 53 62 216 159 137 97 71 40 113 72 57 62 41 41 43 49 41 59 41 40
is_linear=0
shrinkage=0.01


Tree=159
num_leaves=54
num_cat=0
split_feature=42 83 37 16 10 13 2 20 2 34 73 69 28 82 20 98 37 31 19 1 1 83 89 72 83 65 14 36 64 13 10 89 28 37 81 76 5 19 31 81 72 86 20 20 38 16 7 66 83 56 30 28 65
split_gain=7.74325 6.93796 6.58335 5.83358 5.38163 8.81667 8.0569 10.2224 17.0565 7.00198 6.98297 6.09451 6.4 6.04768 5.8257 5.70166 6.4378 7.01978 6.76471 5.97042 13.4541 8.92088 9.79441 13.0975 10.8431 9.29492 8.64706 9.76907 8.61401 8.31664 8.98313 7.18294 6.49513 6.37415 6.32331 5.93765 5.69966 5.66154 5.41799 5.17094 4.9 4.36683 4.07273 4.07028 4.26474 4.25177 4.00346 3.977 6.17037 5.54505 3.64269 3.62799 3.50635
threshold=353.12500000000006 3105.6000000000008 98.750000000000014 6261.1000000000013 39928.950000000004 12403.550000000001 3428.9330000000004 2354.0500000000006 3261.7275000000004 68.750000000000014 1.0815000000000003 22337.600000000002 22.075000000000006 -10.870499999999991 3100.2000000000003 0.96875000000000011 24.750000000000004 1.7750000000000001 862.35000000000014 14004.900000000003 13693.700000000003 2216.6500000000001 1636.5947812500003 1444.3830000000003 735.59999999999866 30324.300000000003 15021.750000000002 81.250000000000014 1012.2905000000002 3364.7500000000005 35071.500000000007 1184.9996437500001 26.375000000000004 98.250000000000014 3992.7046284447583 28825.708333333339 8020.3100000000004 328.60000000000008 10.275000000000002 4133.4101707823311 1199.7385000000002 707.29700000000014 1429.7500000000002 1017.5500000000001 7.7250000000000005 6662.6000000000013 290.51500000000004 944.05600000000015 1733.1499999999999 1.0000000180025095e-35 53.250000000000007 28.375000000000004 29948.300000000003
decision_type=2 2 2 2 2 2 2 2 2 2 2 2 2 2 2 2 2 2 2 2 2 2 2 2 2 2 2 2 2 2 2 2 2 2 2 2 2 2 2 2 2 2 2 2 2 2 2 2 2 2 2 2 2
left_child=1 4 -3 -2 5 6 7 11 14 41 -7 12 -1 -6 39 16 18 -18 37 20 26 22 23 24 -21 29 27 40 36 -23 33 38 -27 -31 -22 -29 -28 -13 -25 -9 -19 -8 50 45 -45 -15 -30 49 -49 -26 -11 -34 -41
right_child=3 2 -4 -5 13 10 9 8 -10 42 -12 15 -14 43 -16 -17 17 19 -20 21 34 25 -24 31 47 32 28 35 46 30 -32 -33 51 -35 -36 -37 -38 -39 -40 52 -42 -43 -44 44 -46 -47 -48 48 -50 -51 -52 -53 -54
leaf_value=0.36763381266365036 0.086297279114667488 0.60413483998105288 0.015915254587188617 -0.022445383156036187 -0.035020554592975803 3.5583881985804964 0.03785388632784633 0.039743660291638491 0.021003460377704449 -0.019989632872778024 0.00041221729967741416 0.54348025543095213 5.2295860204704256 2.410030368395931 -4.6934955433880328 0.011644435659822212 -0.063633579918678324 0.40682704448169982 0.41137969035310146 -0.026207740790182066 -3.3442259272054771 0.036397701091767293 -0.33964924638642208 -0.051173951413209753 0.0500515918623766 -0.41735793385878284 -0.85736443459279399 -0.2011447831048162 1.4168364412221341 -0.09554601592770709 0.7203457133239215 0.0080529215071524617 0.0076098351470439583 0.0034184663162973826 -0.11447934230031934 -2.7248419975253682 0.042804955297564805 -0.06913829982945649 0.00024915995928189279 -1.8095971911236326 -0.74542652414253652 1.5720712586260761 -0.34653428153397708 -0.45883445683110241 0.00071455225903473087 -0.011072191781955213 0.018879246672578294 1.3425092851636407 3.9102461681099276 -0.0030598002577529116 0.15635224160569794 -0.049589616085617079 -0.049940054880788391
leaf_weight=20 35 28 29 22 29 37 33 20 25 22 31 26 20 20 29 36 21 20 34 21 36 21 20 27 39 20 27 28 22 31 24 33 25 22 21 34 33 20 21 21 20 24 21 26 25 23 20 20 34 21 23 21 24
leaf_count=20 35 28 29 22 29 37 33 20 25 22 31 26 20 20 29 36 21 20 34 21 36 21 20 27 39 20 27 28 22 31 24 33 25 22 21 34 33 20 21 21 20 24 21 26 25 23 20 20 34 21 23 21 24
internal_value=0.000425993 0.000271084 0.00368421 0.00403509 0.000118017 0.00033101 0.000111111 -0.000198537 -0.00294118 0.00252033 0.00382353 0.000190931 0.004 -0.00186992 -0.00489362 0 -0.000183727 -0.000498534 0.0025 -0.0003177 -0.00149425 0.00045 0.00169492 0.00231481 0.00422222 -0.00134146 -0.000294118 -0.00235294 0.00176471 0.000612245 -0.000909091 -0.000864198 -0.00424242 -0.00320755 -0.00578947 -0.00483871 -0.000666667 0 -0.00333333 -0.00323077 0.0015 0.00508772 0.00030303 -0.000638298 -0.00254902 0.00162791 0.0052381 0.0054386 0.00740741 0.00366667 0.002 -0.00217391 -0.00511111
internal_weight=1385 1328 57 57 1271 1148 1080 957 119 123 68 838 40 123 94 798 762 682 80 661 261 400 236 216 135 164 204 102 102 98 77 81 66 53 57 62 60 46 48 65 40 57 66 94 51 43 42 114 54 60 45 46 45
internal_count=1385 1328 57 57 1271 1148 1080 957 119 123 68 838 40 123 94 798 762 682 80 661 261 400 236 216 135 164 204 102 102 98 77 81 66 53 57 62 60 46 48 65 40 57 66 94 51 43 42 114 54 60 45 46 45
is_linear=0
shrinkage=0.01


Tree=160
num_leaves=51
num_cat=0
split_feature=70 100 27 2 11 27 79 0 27 23 10 11 37 4 6 81 86 79 10 38 62 35 74 42 56 83 41 34 34 41 41 41 26 11 8 43 2 35 11 0 67 36 86 30 78 26 8 2 34 23
split_gain=8.67523 10.4833 10.4699 11.6376 12.2686 10.49 8.12883 8.07516 7.49546 7.3311 7.28559 7.14669 6.7871 7.10255 10.9723 9.0559 7.01754 6.46223 6.71098 7.69163 8.83675 6.32103 5.96801 6.02279 6.74437 5.82232 5.76471 5.58462 5.51767 5.40921 11.0809 9.58325 6.38325 5.29954 5.08607 4.98701 4.90751 4.44147 4.39238 4.45873 4.38596 5.14528 4.12857 3.46876 3.19662 3.13043 3.1094 2.45236 2.35111 1.67619
threshold=951.00000000000011 0.24652777777777782 34.250000000000007 3073.4770000000003 42405.850000000013 70.250000000000014 621.73357752721211 36862.100000000006 17.750000000000004 58.750000000000007 34414.80000000001 35254.55000000001 22.750000000000004 2668.2050000000004 2503.3850000000007 4287.9242798046653 684.00000000000011 723.94769270319136 34974.05000000001 5.4750000000000005 1275.3305000000003 27.425000000000004 675.90877083333351 121.22500228881837 1.0000000180025095e-35 2161.3999999999983 79.250000000000014 40.250000000000007 69.250000000000014 94.750000000000014 78.250000000000014 63.250000000000007 1.2500000000000002 37649.000000000007 406.32619047619056 82.395000457763686 2636.9500000000003 25.075000000000006 36674.600000000006 34681.750000000007 35312.55000000001 87.250000000000014 0.060000000000000012 68.750000000000014 1142.573809027778 30.250000000000004 412.52013186813195 2828.8500000000004 74.750000000000014 98.250000000000014
decision_type=2 2 2 2 2 2 2 2 2 2 2 2 2 2 2 2 2 2 2 2 2 2 2 2 2 2 2 2 2 2 2 2 2 2 2 2 2 2 2 2 2 2 2 2 2 2 2 2 2 2
left_child=1 9 47 4 5 42 10 8 27 -1 -5 25 16 15 -15 43 44 18 19 20 -16 22 23 -7 -25 49 -20 -2 -12 30 31 32 -21 -13 -33 -29 -22 -38 -8 -40 -30 -42 -4 -14 -10 -34 -32 -3 -36 -11
right_child=7 2 3 6 -6 21 38 -9 12 11 28 33 13 14 17 -17 -18 -19 26 29 36 -23 -24 24 -26 -27 -28 35 40 -31 46 34 45 -35 48 -37 37 -39 39 -41 41 -43 -44 -45 -46 -47 -48 -49 -50 -51
leaf_value=0.063479068640798247 0.80314924809798816 0.13121013054209246 0.0055085292224075193 0.024609499967161688 -1.6475191118322889 0.077087547393957956 -5.1729932547921376 -0.29404441973883549 0.72302365604589047 -2.5111985732121278 -0.10682747555105579 0.02711969531471219 0.026836245203525479 -1.3836104882913143 -0.1007267348209409 -0.003047421467292311 0.022610781065071299 -0.54561943943370161 2.2584543349044135 -0.044761514829893531 0.70194430866824831 -0.057736884937398369 1.3961800926683285 0.048762775898238096 -1.5474179718940024 -0.15523540034565866 0.066577059244125714 -0.010917177837537009 -0.087063624888690128 -0.74395789622809139 1.3644159435846033 -6.2396412966387598e-05 0.98063767598537488 -1.0048623453034469 -0.1133345488773162 -0.92047228812162829 -0.047367943567189673 0.10739849594060463 0.0020176541841507739 -0.028573946575723142 0.094879941932201992 -0.036575139394394489 -0.85552613413160161 0.25943043179668651 1.3809990101394882 0.015679858491796889 0.0036647896672802023 0.10908625544967922 -0.016161168218203143 -5.3862780981828839
leaf_weight=20 26 20 24 25 20 34 23 32 22 20 21 37 31 21 35 36 31 32 32 28 37 23 32 36 23 25 36 33 38 28 23 26 23 34 25 21 22 38 21 24 28 29 21 25 21 23 20 29 20 22
leaf_count=20 26 20 24 25 20 34 23 32 22 20 21 37 31 21 35 36 31 32 32 28 37 23 32 36 23 25 36 33 38 28 23 26 23 34 25 21 22 38 21 24 28 29 21 25 21 23 20 29 20 22
internal_value=0.000436047 -0.000429253 0.000318471 -0.000189573 0.0014554 0.00222798 -0.00186603 0.00116466 0.00138462 -0.00265823 -0.000496454 -0.00347826 0.00174803 0.00137255 0.0008742 0.00391304 0.00459459 0.00120536 0.00153846 0.000977011 0.00287879 0.00351351 0.0044 0.00311828 0.00118644 -0.0058209 0.00441176 -0.0015 -0.00155172 -0.000185185 0.000425532 -0.000896552 0.00162162 -0.00126761 -0.00352113 -0.00333333 0.00443299 0.00266667 -0.00470588 -0.00288889 -0.000526316 0.00122807 -0.002 0.00642857 0.0072093 0.00391304 0.00488372 0.00469388 -0.00555556 -0.00809524
internal_weight=1376 629 471 422 213 193 209 747 715 158 141 138 635 561 469 92 74 448 416 348 132 148 125 93 59 67 68 80 116 216 188 145 74 71 71 54 97 60 68 45 95 57 45 56 43 46 43 49 45 42
internal_count=1376 629 471 422 213 193 209 747 715 158 141 138 635 561 469 92 74 448 416 348 132 148 125 93 59 67 68 80 116 216 188 145 74 71 71 54 97 60 68 45 95 57 45 56 43 46 43 49 45 42
is_linear=0
shrinkage=0.01


Tree=161
num_leaves=54
num_cat=0
split_feature=69 8 91 10 0 21 13 14 21 38 66 62 38 26 38 7 39 38 14 13 88 77 100 66 94 29 8 34 53 91 10 2 2 42 91 34 37 61 4 38 73 21 78 98 26 66 13 2 93 85 44 29 38
split_gain=8.34686 7.0328 7.00555 7.5611 10.058 7.19535 6.40901 9.84685 7.68273 6.31418 6.1412 7.8007 9.90403 8.166 9.70415 7.16132 12.3927 7.94313 9.13109 9.08278 14.2508 7.00245 6.76444 9.84545 6.61729 6.44966 6.82698 6.40346 6.04668 7.90955 5.82231 6.40075 6.0796 7.38289 5.58036 5.525 4.84586 4.79344 5.36912 7.37378 7.67659 7.38706 4.97204 4.48804 4.13486 4.55219 4.07818 3.90288 3.80034 3.50713 3.3 3.04762 2.5
threshold=33847.80000000001 418.20396870554771 29922.102131250005 39427.100000000013 34144.600000000013 28.525000000000002 13113.6 20294.200000000004 27.525000000000002 6.2750000000000012 1.0075000000000001 799.97750000000008 10.025000000000002 96.250000000000014 7.5750000000000011 20.545000000000005 125.75000000000001 3.7250000000000005 15608.000000000002 4934.2000000000007 5843.2164583333333 4204.3369398779751 0.14930555555555561 1311.2710000000002 730839.26409031276 85.250000000000014 402.51757142857156 79.750000000000014 2.5000000000000004 28060.648818750004 27472.000000000004 2732.2500000000005 3442.9095000000002 109.20000076293947 25875.008762500005 82.750000000000014 79.250000000000014 31786.850000000002 1919.2800000000002 8.8250000000000028 939.10900000000004 25.875000000000004 637.56367708333335 0.093750000000000014 22.250000000000004 1398.6000000000001 3333.1000000000004 2941.8500000000004 411.90065789473687 1584.4715000000003 2.6024999618530282 88.250000000000014 5.3750000000000009
decision_type=2 2 2 2 2 2 2 2 2 2 2 2 2 2 2 2 2 2 2 2 2 2 2 2 2 2 2 2 2 2 2 2 2 2 2 2 2 2 2 2 2 2 2 2 2 2 2 2 2 2 2 2 2
left_child=2 6 10 4 30 -5 7 37 48 -3 25 12 13 14 34 16 -13 51 21 46 -21 28 -22 -24 35 26 -1 -28 -19 -30 -4 -32 33 -33 -12 44 -35 49 -39 40 42 -42 -40 -27 45 -18 -20 -38 -8 -2 -41 -17 -6
right_child=1 9 3 5 52 -7 8 -9 -10 -11 11 15 -14 -15 -16 17 24 18 19 20 22 -23 23 -25 -26 43 27 -29 29 -31 31 32 -34 36 -36 -37 47 38 39 50 41 -43 -44 -45 -46 -47 -48 -49 -50 -51 -52 -53 -54
leaf_value=0.17987879968278395 -2.6613420173226596 -0.0068294124042017137 0.23876197857134146 0.03023005728459666 2.8282488538073642 -0.17217090680298749 0.11422864722387178 -1.660397470773604 -0.036209388000450538 0.17205953937053534 -1.7956485169571184 2.2078086232484599 -5.0320712480524126 0.15185526464874075 0.2117437174026133 0.2212136279450744 -0.056749421189186168 0.035259039184078772 0.017518915947544948 -0.2409186089603608 0.16316207006307135 -3.3173836251070616 0.013192852474519992 -0.15983467870079529 -0.011962223178393053 0.49202163759197126 -2.6175866725322088 0.031376713427084132 -1.4947208754847399 0.0033914330517949543 0.53924888815499861 0.060846045551467033 0.066492081034319597 0.0055578420799376254 -0.56697280531163607 0.026567882751490225 -0.021286460482190059 0.012556683499969828 -0.0031673748076347912 -0.99700061542421647 -0.35510446705223608 0.020148241292273356 0.057685699914298671 1.5374421407190848 -0.010002920431167519 0.1903274650015625 1.3031214655179708 -1.7396154002658688 0.0052770421435176145 -0.032079805416314403 -0.16260148474648958 0.024375883626848831 0.04345115137191357
leaf_weight=26 26 25 20 21 20 20 23 24 35 28 28 30 36 25 22 27 22 27 22 20 26 23 24 20 36 21 20 22 33 20 33 21 23 30 36 23 21 20 30 24 39 24 32 20 28 32 39 23 24 21 20 21 20
leaf_count=26 26 25 20 21 20 20 23 24 35 28 28 30 36 25 22 27 22 27 22 20 26 23 24 20 36 21 20 22 33 20 33 21 23 30 36 23 21 20 30 24 39 24 32 20 28 32 39 23 24 21 20 21 20
internal_value=0.000290698 -0.000936709 0.000784913 0.00222222 0.00298578 -0.00170732 -0.00146199 -0.00223077 0.00097561 0.00245283 0.000288066 -9.67742e-05 -0.00210884 -0.000630631 -0.00209302 0.000528541 0.00216374 -0.000397351 -0.00110236 0.000463576 -0.00155556 -0.00339806 0.000571429 -0.00181818 0.000921986 0.00247706 0.000588235 -0.00190476 -0.002 -0.00396226 0.00192982 0.00125828 0.000169492 -0.000947368 -0.0040625 0.00219048 -0.00243243 -0.00161017 -0.000899471 -0.00147929 -0.00024 -0.00269841 0.00225806 0.00560976 0.00097561 0.00259259 0.00344262 -0.00454545 0.00361702 -0.00446809 -0.005 0.00333333 0.0075
internal_weight=1376 395 981 252 211 41 342 260 82 53 729 620 147 111 86 473 171 302 254 151 90 103 70 44 141 109 68 42 80 53 171 151 118 95 64 105 74 236 189 169 125 63 62 41 82 54 61 44 47 47 44 48 40
internal_count=1376 395 981 252 211 41 342 260 82 53 729 620 147 111 86 473 171 302 254 151 90 103 70 44 141 109 68 42 80 53 171 151 118 95 64 105 74 236 189 169 125 63 62 41 82 54 61 44 47 47 44 48 40
is_linear=0
shrinkage=0.01


Tree=162
num_leaves=54
num_cat=0
split_feature=0 51 53 68 82 74 31 33 36 31 58 42 0 37 13 46 39 100 39 43 82 43 82 34 42 100 88 4 71 19 37 0 48 71 92 82 68 33 19 74 88 0 31 4 22 83 0 88 4 35 38 71 38
split_gain=7.5679 8.01098 8.87109 7.3316 7.97569 7.85603 7.41702 9.8369 12.2007 8.56663 9.26236 8.83636 7.12472 7.8485 7.28084 6.48175 6.04725 5.5852 10.8663 9.25309 10.4727 9.54304 9.15341 8.94771 8.68213 8.20548 8.57418 7.37888 7.33031 5.86227 5.96656 5.49431 5.35714 8.16817 7.24917 5.21121 5.01549 8.19846 8.1 4.50134 4.41384 7.37408 4.07765 4.00238 3.99119 3.96978 3.5582 3.44313 3.01534 2.76825 2.70941 2.17779 2
threshold=36444.650000000001 1.0000000180025095e-35 3.5000000000000004 1778.5500000000002 1772.0000000000002 1054.6253437500002 15.075000000000001 28.750000000000004 78.250000000000014 11.625000000000002 1.0000000180025095e-35 132.04999542236331 26406.050000000007 12.500000000000002 7159.4500000000016 106.15500259399415 199.25000000000003 0.27430555555555564 178.75000000000003 86.24499893188478 -40.445499999999917 82.090000152587905 -0.074499999999999997 84.750000000000014 102.79999923706056 0.83680555555555569 10425.750833333335 13964.030000000001 1.0040000000000002 198.95000000000002 67.250000000000014 29202.800000000003 1.0000000180025095e-35 1107.2235000000003 24513.766756250006 -0.07349999999999994 704.00000000000011 33.250000000000007 988.70000000000016 329.53037500000011 6925.5662500000008 33591.350000000006 5.3250000000000011 3302.6700000000005 90.250000000000014 2752.4000000000001 37333.950000000004 12987.203750000002 11501.250000000002 27.175000000000004 6.9750000000000005 1.026 7.4750000000000014
decision_type=2 2 2 2 2 2 2 2 2 2 2 2 2 2 2 2 2 2 2 2 2 2 2 2 2 2 2 2 2 2 2 2 2 2 2 2 2 2 2 2 2 2 2 2 2 2 2 2 2 2 2 2 2
left_child=1 3 -3 4 6 -5 9 8 -8 12 11 -11 14 -14 43 17 44 19 36 21 -21 23 48 28 -25 26 49 -28 -15 -30 42 -10 -7 -34 -35 -18 39 -38 -39 -19 41 -17 -31 -1 47 51 -37 -2 -20 -24 -32 -42 -12
right_child=16 2 -4 5 -6 32 7 -9 31 10 52 -13 13 15 -16 40 35 18 22 20 -22 -23 25 24 -26 -27 27 -29 29 30 50 -33 33 34 -36 46 37 38 -40 -41 45 -43 -44 -45 -46 -47 -48 -49 -50 -51 -52 -53 -54
leaf_value=-0.47285910373991596 -1.8723930880502593 0.18965333826156083 -8.1151467464123499 -2.8542785533096038 2.529390308974496 0.058076529624682557 0.98128786959012093 -1.3232650443869827 0.34287913147615601 -0.11316705482507815 2.0428930959861509 0.07547457470340288 1.666462657867358 0.050459262234167294 -4.8364607315906785 -0.046080592523317518 -0.039807771704435002 0.016320771561773268 -0.017039439590460743 -0.0032165056359953594 0.71928395921424371 -0.046539639506966858 0.16331142659942011 0.0064911772686536721 -2.4476195211531309 -0.05329661204969012 -0.13426192948037327 0.057633236959799453 0.10339224294898242 0.10658562333804121 -0.019409468376198748 -0.22593022749385738 0.024132124790580339 -0.031126413630340518 0.00066436394600343147 -0.0026988806025845034 1.1495355453000842 0.26082323184362222 -1.0622327698705363 6.2616091450561395 0.057880918123388872 2.8212751085345138 -0.036636147031891823 0.11750847899970504 -0.0013231674149613325 0.021530060282284422 0.121439148979005 -0.031557045998436777 -0.063467312329081191 0.46061377270943582 -0.34115101191282809 1.8932605333824735 0.02073859739104119
leaf_weight=20 23 31 21 29 25 24 26 28 30 20 25 24 38 37 26 25 29 20 23 30 36 26 23 23 28 20 21 23 32 20 20 39 25 30 29 20 25 20 20 27 22 21 23 28 23 27 29 22 33 20 21 21 25
leaf_count=20 23 31 21 29 25 24 26 28 30 20 25 24 38 37 26 25 29 20 23 30 36 26 23 23 28 20 21 23 32 20 20 39 25 30 29 20 25 20 20 27 22 21 23 28 23 27 29 22 33 20 21 21 25
internal_value=0.000508721 0.000764228 -0.00307692 0.000933786 0.00121998 -0.00124088 0.00108268 -0.00121951 0.000315789 0.00139978 0.00425532 0.000909091 0.00106383 0.00136552 -0.00189189 0.00112082 -0.00164384 0.000683012 0.00170909 -0.00027027 0.0030303 -0.00121739 6.13497e-05 -0.000490196 -0.00411765 0.0017757 0.00310345 0 0.000718954 -0.000517241 -0.00190476 -0.00188406 0 -0.00119048 -0.00322034 0.00025641 0.00410714 0.00230769 -0.0005 0.00659574 0.00327586 0.000869565 0.000697674 0.000416667 -0.00382353 0.00485714 0.0022449 -0.00555556 -0.00321429 0.00627907 -0.00463415 0.00674419 0.0072
internal_weight=1376 1230 52 1178 1041 137 1016 123 95 893 94 44 799 725 74 687 146 571 275 296 66 230 163 204 51 107 87 44 153 116 84 69 108 84 59 78 112 65 40 47 116 46 43 48 68 70 49 45 56 43 41 43 50
internal_count=1376 1230 52 1178 1041 137 1016 123 95 893 94 44 799 725 74 687 146 571 275 296 66 230 163 204 51 107 87 44 153 116 84 69 108 84 59 78 112 65 40 47 116 46 43 48 68 70 49 45 56 43 41 43 50
is_linear=0
shrinkage=0.01


Tree=163
num_leaves=52
num_cat=0
split_feature=5 82 68 23 89 34 41 72 41 19 6 95 37 72 25 83 74 76 83 98 80 74 92 76 8 41 34 29 11 5 83 82 23 24 43 3 41 83 68 11 34 43 82 23 24 43 92 37 61 83 61
split_gain=7.11132 6.55142 6.38369 7.56163 8.21468 6.10159 6.00768 14.9315 9.29698 11.6463 9.22954 9.68537 9.85425 9.06682 8.76166 7.96634 7.75804 6.6564 6.64368 8.12204 6.4493 6.43702 5.89363 13.6595 5.7971 7.42029 5.76136 5.62124 5.57259 6.93926 5.4504 5.56155 5.14469 4.97948 5.21287 4.9 4.8682 8.65302 7.66415 11.7828 6.03077 5.31183 4.62528 4.62857 4.48831 4.2964 4.04739 4.03081 3.79259 3.74657 2.89114
threshold=12233.805000000002 -0.064499999999999932 1682.4000000000003 99.750000000000014 974.9553937500001 77.750000000000014 82.750000000000014 0.79250000000000009 78.750000000000014 815.80000000000007 3490.5600000000004 1.0000000180025095e-35 48.250000000000007 1281.3185000000001 50.750000000000007 1397.750000000002 852.85545833333356 27984.373958333334 2161.3999999999983 0.093750000000000014 29193.056250000005 381.26248958333338 23801.648137500004 30334.761458333342 406.32619047619056 66.250000000000014 77.750000000000014 86.750000000000014 36003.100000000006 5694.8050000000012 2694.0500000000015 795.64050000000009 99.750000000000014 7.075000000000002 83.43500137329103 14314.6 98.750000000000014 2267.0500000000015 1148.2645000000002 34827.750000000007 93.250000000000014 90.454998016357436 0.0044999999999999494 99.750000000000014 7.6750000000000016 78.069999694824233 23581.642018750004 69.750000000000014 32179.000000000004 1925.8999999999999 35653.450000000004
decision_type=2 2 2 2 2 2 2 2 2 2 2 2 2 2 2 2 2 2 2 2 2 2 2 2 2 2 2 2 2 2 2 2 2 2 2 2 2 2 2 2 2 2 2 2 2 2 2 2 2 2 2
left_child=2 5 6 4 -4 -2 8 21 10 35 14 12 18 22 33 16 -14 -9 19 -12 -15 -8 -13 -24 -22 47 -6 49 -5 46 31 42 -3 -1 45 -10 38 40 48 -40 -38 -39 43 -17 -7 -35 -30 -26 -19 -16 -23
right_child=1 32 3 28 26 44 7 17 9 -11 11 13 15 20 27 30 -18 36 -20 -21 24 50 23 -25 25 -27 -28 -29 29 -31 -32 -33 -34 34 -36 -37 37 41 39 -41 -42 -43 -44 -45 -46 -47 -48 -49 -50 -51 -52
leaf_value=0.82156621041105815 -0.18869659358441376 0.03097883764880021 -0.06921238928660238 -6.1697270266840167 0.0049696324020138986 0.039037368266516742 -0.0034373979401554644 0.044897860228718514 0.21143599163788415 0.36996716602846647 0.86639060829316517 3.820953892669313 0.53388769604270625 -0.010853274121955976 -4.7121764357131415 -0.63959339879431609 -0.45110724979889377 -0.19826851505625789 0.92261433098910683 -0.062569457216691465 0.05855342648886868 0.86498840540726563 1.7470137848983693 -0.063718990281875498 0.0096388689539890337 -0.034973869365504832 0.056215320663568012 -0.00043966409583803687 -0.0088383171246929453 -0.028654854908440847 0.043379880703382334 0.066296934135873273 -0.031601348632289632 0.0040998284402917308 0.027971817783870236 -0.009785898053799421 0.066832444765602864 -0.77418723147632706 -3.1777681556391371 0.041994769796211494 -1.3760854171229033 -0.00070826352906205533 -1.5076783735708434 0.0047834991965521392 -0.034495820640403456 -8.1720533060902056 0.025990415127137151 0.20002856742842581 -0.053144455750489102 -0.010065459201838741 0.036389598298791265
leaf_weight=21 30 24 25 33 32 20 31 35 20 27 24 31 30 35 21 35 22 30 29 34 23 34 31 21 25 23 22 29 20 26 28 22 28 21 35 20 32 31 20 33 20 26 32 35 22 20 21 21 24 20 22
leaf_count=21 30 24 25 33 32 20 31 35 20 27 24 31 30 35 21 35 22 30 29 34 23 34 31 21 25 23 22 29 20 26 28 22 28 21 35 20 32 31 20 33 20 26 32 35 22 20 21 21 24 20 22
internal_value=0.000348837 -0.00193548 0.00057508 -0.00117318 0.00113924 -0.00388889 0.000866729 -0.000236686 0.00137415 0.00492537 0.00101796 0.00169661 0.000515464 0.00333333 -0.00101796 -0.000686275 0.00269231 -0.0014741 0.00333333 0.00137931 0.00165354 0.00333333 0.00590361 0.00384615 0.00304348 0.0015942 0.00333333 -0.00371429 -0.003 -0.00134328 -0.00184211 -0.00274194 0.000769231 0.000927835 -0.000263158 0.0015 -0.00212963 -0.000642202 -0.00364486 -0.000943396 0.00230769 -0.00333333 -0.00372549 -0.00228571 -0.00142857 -0.00268293 0.00121951 0.00391304 -0.0062963 -0.00609756 0.00535714
internal_weight=1376 124 1252 179 79 72 1073 338 735 67 668 501 291 210 167 204 52 251 87 58 127 87 83 52 92 69 54 70 100 67 152 124 52 97 76 40 216 109 107 53 52 57 102 70 42 41 41 46 54 41 56
internal_count=1376 124 1252 179 79 72 1073 338 735 67 668 501 291 210 167 204 52 251 87 58 127 87 83 52 92 69 54 70 100 67 152 124 52 97 76 40 216 109 107 53 52 57 102 70 42 41 41 46 54 41 56
is_linear=0
shrinkage=0.01


end of trees

feature_importances:
load_central_mw=190
wind_speed_hanoi=172
load_ramp_lag48=162
disp_solar_midday_mw=156
cloud_cover_hcmc=154
disp_wind_evening_mw=153
disp_hydro_midday_mw=151
direct_radiation_hanoi=149
load_lag_336=147
wind_speed_danang=146
disp_hydro_evening_mw=144
wind_speed_hcmc=142
disp_total_midday_mw=138
smp_rolling_std_72h=134
brent_price=130
temperature_hanoi=129
disp_wind_midday_mw=128
load_rolling_std_72h=128
smp_lag_336=126
disp_total_evening_mw=124
diffuse_radiation_danang=124
temperature_hcmc=124
load_north_mw=121
direct_radiation_hcmc=121
load_rolling_std_24h=121
hydro_discharge_rolling_24h=121
hydro_total_discharge_m3s=120
hydro_plant_discharge_m3s=119
load_south_mw=118
diffuse_radiation_hanoi=117
hydro_inflow_m3s=116
humidity_danang=116
smp_north_lag_336=116
margin_temp_interaction=115
load_total_mw=113
hydro_spill_discharge_m3s=113
spike_prob_72h=112
diffuse_radiation_hcmc=111
shortwave_radiation_hanoi=106
shortwave_radiation_hcmc=106
gas_proxy_price=106
cloud_cover_hanoi=105
cloud_cover_danang=101
direct_radiation_danang=100
disp_solar_evening_mw=98
price_spread_ns_lag48=98
humidity_hcmc=96
smp_rolling_mean_72h=95
temperature_danang=91
load_rolling_mean_72h=91
humidity_hanoi=87
hydro_water_level_m=84
smp_lag_96=84
load_lag_96=83
load_lag_49=82
shortwave_radiation_danang=81
load_lag_48=81
smp_lag_49=80
residual_load_proxy=79
smp_rolling_std_24h=78
coal_proxy_price=76
load_rolling_mean_24h=76
load_lag_50=75
wind_gen_proxy=72
smp_north_lag_48=71
hydro_depletion_index=71
zero_prob_72h=70
usd_vnd=69
dxy_index=69
smp_south_lag_336=69
smp_rolling_mean_24h=65
smp_south_lag_48=64
spike_prob_24h=61
smp_lag_48=58
smp_lag_50=58
solar_gen_proxy=52
thermal_margin_proxy=47
smp_yesterday_mean=39
smp_yesterday_zero_ratio=37
is_spike=32
is_pre_holiday=31
sin_dow=30
cos_dow=26
sin_month=23
smp_yesterday_max=23
smp_yesterday_min=21
zero_prob_24h=21
cos_month=16
season=12
is_weekend=10
is_zero=9
is_workday=3

parameters:
[boosting: gbdt]
[objective: regression_l1]
[metric: l1]
[tree_learner: serial]
[device_type: cpu]
[data_sample_strategy: bagging]
[data: ]
[valid: ]
[num_iterations: 3000]
[learning_rate: 0.01]
[num_leaves: 127]
[num_threads: -1]
[seed: 42]
[deterministic: 0]
[force_col_wise: 0]
[force_row_wise: 0]
[histogram_pool_size: -1]
[max_depth: -1]
[min_data_in_leaf: 20]
[min_sum_hessian_in_leaf: 0.001]
[bagging_fraction: 0.8]
[pos_bagging_fraction: 1]
[neg_bagging_fraction: 1]
[bagging_freq: 5]
[bagging_seed: 400]
[bagging_by_query: 0]
[feature_fraction: 0.5]
[feature_fraction_bynode: 1]
[feature_fraction_seed: 30056]
[extra_trees: 0]
[extra_seed: 12879]
[early_stopping_round: 0]
[early_stopping_min_delta: 0]
[first_metric_only: 0]
[max_delta_step: 0]
[lambda_l1: 0]
[lambda_l2: 0]
[linear_lambda: 0]
[min_gain_to_split: 0]
[drop_rate: 0.1]
[max_drop: 50]
[skip_drop: 0.5]
[xgboost_dart_mode: 0]
[uniform_drop: 0]
[drop_seed: 17869]
[top_rate: 0.2]
[other_rate: 0.1]
[min_data_per_group: 100]
[max_cat_threshold: 32]
[cat_l2: 10]
[cat_smooth: 10]
[max_cat_to_onehot: 4]
[top_k: 20]
[monotone_constraints: ]
[monotone_constraints_method: basic]
[monotone_penalty: 0]
[feature_contri: ]
[forcedsplits_filename: ]
[refit_decay_rate: 0.9]
[cegb_tradeoff: 1]
[cegb_penalty_split: 0]
[cegb_penalty_feature_lazy: ]
[cegb_penalty_feature_coupled: ]
[path_smooth: 0]
[interaction_constraints: ]
[verbosity: -1]
[saved_feature_importance_type: 0]
[use_quantized_grad: 0]
[num_grad_quant_bins: 4]
[quant_train_renew_leaf: 0]
[stochastic_rounding: 1]
[linear_tree: 0]
[max_bin: 255]
[max_bin_by_feature: ]
[min_data_in_bin: 3]
[bin_construct_sample_cnt: 200000]
[data_random_seed: 175]
[is_enable_sparse: 1]
[enable_bundle: 1]
[use_missing: 1]
[zero_as_missing: 0]
[feature_pre_filter: 1]
[pre_partition: 0]
[two_round: 0]
[header: 0]
[label_column: ]
[weight_column: ]
[group_column: ]
[ignore_column: ]
[categorical_feature: ]
[forcedbins_filename: ]
[precise_float_parser: 0]
[parser_config_file: ]
[objective_seed: 16083]
[num_class: 1]
[is_unbalance: 0]
[scale_pos_weight: 1]
[sigmoid: 1]
[boost_from_average: 1]
[reg_sqrt: 0]
[alpha: 0.9]
[fair_c: 1]
[poisson_max_delta_step: 0.7]
[tweedie_variance_power: 1.5]
[lambdarank_truncation_level: 30]
[lambdarank_norm: 1]
[label_gain: ]
[lambdarank_position_bias_regularization: 0]
[eval_at: ]
[multi_error_top_k: 1]
[auc_mu_weights: ]
[num_machines: 1]
[local_listen_port: 12400]
[time_out: 120]
[machine_list_filename: ]
[machines: ]
[gpu_platform_id: -1]
[gpu_device_id: -1]
[gpu_use_dp: 0]
[num_gpu: 1]

end of parameters

pandas_categorical:null
