tree
version=v4
num_class=1
num_tree_per_iteration=1
label_index=0
max_feature_idx=100
objective=regression_l1
feature_names=load_total_mw load_north_mw load_central_mw load_south_mw hydro_inflow_m3s hydro_total_discharge_m3s hydro_plant_discharge_m3s hydro_spill_discharge_m3s hydro_water_level_m disp_total_installed_mw disp_total_midday_mw disp_total_evening_mw disp_hydro_installed_mw disp_hydro_midday_mw disp_hydro_evening_mw disp_solar_installed_mw disp_solar_midday_mw disp_solar_evening_mw disp_wind_installed_mw disp_wind_midday_mw disp_wind_evening_mw temperature_hanoi humidity_hanoi cloud_cover_hanoi wind_speed_hanoi shortwave_radiation_hanoi direct_radiation_hanoi diffuse_radiation_hanoi temperature_danang humidity_danang cloud_cover_danang wind_speed_danang shortwave_radiation_danang direct_radiation_danang diffuse_radiation_danang temperature_hcmc humidity_hcmc cloud_cover_hcmc wind_speed_hcmc shortwave_radiation_hcmc direct_radiation_hcmc diffuse_radiation_hcmc coal_proxy_price brent_price gas_proxy_price usd_vnd dxy_index is_weekend is_workday is_holiday is_tet is_pre_holiday is_post_holiday season sin_hour cos_hour sin_dow cos_dow sin_month cos_month smp_lag_48 load_lag_48 smp_lag_49 load_lag_49 smp_lag_50 load_lag_50 smp_lag_96 load_lag_96 smp_lag_336 load_lag_336 smp_north_lag_48 smp_south_lag_48 smp_north_lag_336 smp_south_lag_336 smp_rolling_mean_24h smp_rolling_std_24h load_rolling_mean_24h load_rolling_std_24h smp_rolling_mean_72h smp_rolling_std_72h load_rolling_mean_72h load_rolling_std_72h price_spread_ns_lag48 load_ramp_lag48 smp_yesterday_mean smp_yesterday_max smp_yesterday_min smp_yesterday_zero_ratio hydro_discharge_rolling_24h solar_gen_proxy wind_gen_proxy residual_load_proxy thermal_margin_proxy hydro_depletion_index margin_temp_interaction is_spike is_zero spike_prob_24h spike_prob_72h zero_prob_24h zero_prob_72h
feature_infos=[16738.400000000001:43669.699999999997] [8141:23529.633000000002] [1030.2:4920.1390000000001] [6568.3000000000002:17620.469000000001] [-24696.790000000001:52718.32] [261.23000000000002:27182.77] [243.56999999999999:14362.75] [11.359999999999999:15398] [386.1925:23252.132105263157] none [14491.4:47673.900000000001] [19152.799999999999:47033.400000000001] none [-3952.3000000000002:18862.5] [6035.6999999999998:23435.200000000001] none [0:8134.5] [0:344.30000000000001] none [0:4273.1999999999998] [0:4263.3999999999996] [7.5:32.299999999999997] [31:99] [0:100] [0.55000000000000004:30.25] [3.5:282] [0:208.5] [3.5:150.5] [16.050000000000001:33.25] [52:99.5] [0:100] [0.80000000000000004:50] [7:306.5] [0:234] [7:146] [20.600000000000001:31.300000000000001] [56:98] [0:100] [0.5:24] [16:265] [0:198] [16:133.5] [63.700000762939453:438.35000610351562] [55.099998474121087:127.98000335693359] [1.5750000476837158:9.6800003051757795] [22394.345703125:26405] [89.639999389648438:114.11000061035156] [0:1] [0:1] [0:1] [0:1] [0:1] [0:1] [1:4] none none [-0.97492791218182362:0.97492791218182362] [-0.90096886790241903:1] [-1:1] [-1:1] [0:1778.5999999999999] [16738.400000000001:43669.699999999997] [0:1778.5999999999999] [16515.5:40602.099999999999] [0:1778.5999999999999] [15251.9:39424.300000000003] [0:1778.5999999999999] [16738.400000000001:43669.699999999997] [0:1778.5999999999999] [16738.400000000001:43669.699999999997] [0:1778.5999999999999] [0:1778.5999999999999] [0:1778.5999999999999] [0:1778.5999999999999] [0:1778.5999999999999] [0:869.78656539635756] [15840.402083333332:48300.345833333326] [1494.0634266859377:7412.3475695858406] [0.069944444444444434:1778.5999999999999] [0:822.68470809772941] [15990.384722222221:45267.230555555558] [2009.5728777065494:7328.5193476692311] [-1602.3:1778.5999999999999] [-2000.7000000000007:5250.3000000000029] [0:1778.5999999999999] [0:1778.5999999999999] [0:1778.5999999999999] [0:1] [919.52208333333328:41870.738333333335] [112.0236:1855.3908750000001] [124.17300000000002:5960.3040000000001] [13767.265887500002:40395.97834999999] [13155.821650000013:39784.534112499998] [386.1925:23252.132105263157] [371342.92174875003:1122197.6812312501] [0:1] [0:1] [0:1] [0:1] [0:1] [0:1]
tree_sizes=4431 4150 4562 4571 4239 4614 4623 4406 4560 4321 4315 4564 4395 4566 4562 4461 4631 4707 4731 4494 4254 4461 4389 4390 4487 4567 4476 4557 4405 4553 4408 4649 4476 4324 4552 4673 4359 4620 4625 4582 4821 4590 4359 4590 4740 4460 4123 4427 4533 4598 4666 4473 4791 4413 4364 4640 4792 4764 4741 4581 4536 4652 4577 4649 4464 4543 4664 4640 4632 4814 4589 4404 4485

Tree=0
num_leaves=55
num_cat=0
split_feature=20 62 72 70 16 73 28 68 11 68 30 75 0 68 78 75 20 45 38 66 38 83 62 4 72 64 7 20 24 38 89 94 19 28 98 24 71 26 94 11 56 0 16 20 4 40 77 30 58 80 84 24 80 61
split_gain=20.212 23.1638 22.1438 17.9046 17.8929 15.611 14.4263 10.275 10.08 9.21846 9.80168 8.84065 8.31804 7.53843 7.38867 11.8054 9.5561 7.06909 6.4 6.00343 7.05833 5.80078 5.70032 5.41799 6.87081 6.44953 8.85276 6.22973 5.50095 4.80248 4.90003 4.65258 7.67794 4.55546 7.69126 4.55111 4.18937 3.96379 3.86969 3.42227 3.35437 3.21641 2.88 2.54848 2.5 2.48242 2.025 1.69252 1.6 1.51779 1.48664 1.33098 0.892915 0.276923
threshold=2515.9500000000003 1400.8065000000004 963.10000000000014 802.73850000000004 6361.0000000000009 1438.8910000000003 25.225000000000005 1467.0000000000002 42998.600000000006 1400.9750000000001 99.750000000000014 217.79273006866751 33878.400000000009 1290.5500000000002 409.99036458333336 514.69962759720613 825.20000000000016 23019.500000000004 7.5250000000000012 997.60000000000014 7.1250000000000009 2485.0500000000015 910.45150000000012 17663.095000000005 769.32450000000006 0.75000000000000011 1858.9600000000003 1340.2 11.025000000000002 4.9250000000000016 1437.05274375 655851.94455187523 832.45000000000016 21.475000000000005 0.66319444444444453 12.025000000000002 793.2700000000001 28.250000000000004 646826.22361500014 34827.750000000007 -0.60785761079279388 34828.950000000004 6672.9000000000005 675.25000000000011 3068.5150000000008 110.25000000000001 3189.0902185087102 64.750000000000014 0.68301270189221941 34097.063888888901 913.08847916666684 8.3750000000000018 32040.735069444447 28287.950000000004
decision_type=2 2 2 2 2 2 2 2 2 2 2 2 2 2 2 2 2 2 2 2 2 2 2 2 2 2 2 2 2 2 2 2 2 2 2 2 2 2 2 2 2 2 2 2 2 2 2 2 2 2 2 2 2 2
left_child=1 2 3 14 6 12 9 22 42 13 18 -5 17 -4 15 16 46 48 -11 20 -13 38 -2 24 25 27 28 45 29 -27 -31 32 43 -7 -35 -24 50 -18 -8 -36 -21 -17 -6 -19 -38 -16 -1 -40 -3 -14 -9 -41 -53 -49
right_child=7 5 4 11 8 33 21 36 -10 10 -12 19 49 -15 23 41 37 31 -20 40 -22 -23 35 -25 -26 26 -28 -29 -30 30 -32 -33 -34 34 39 -37 44 -39 47 51 -42 -43 -44 -45 -46 -47 -48 53 -50 -51 -52 52 -54 -55
leaf_value=2.1803200626373291 -0.30200000762939455 4.4364999389648441 -0.089999999999999997 -0.00026000000536441803 0 -0.32299999237060545 -2.168499984741211 -11.826499633789062 -1.134800033569336 -2.0595149993896484 -4.3848599243164061 4.5780300903320317 5.4189651489257811 2.5124499511718752 -3.9399999999999999 2.5100000000000002 0 0.21653000354766846 0.0055900000408291815 1.1103100204467773 -0.0050000000000000001 -0.53783000946044923 3.147229919433594 2.0410000610351564 -2.9057299804687502 0 -1.0359999847412109 0 -0.008999999761581421 5.2350000000000003 0 0 0 1.5536399841308595 -1.115199966430664 -0.05458999808877707 -2.3474549102783202 -0.25285500526428223 -1.9750299835205078 0 5.5740301513671877 0 2.3737699890136721 2.9251000976562502 0 -0.0094999998807907115 0 -9.8995001220703127 1.7088850402832032 2.0272000122070315 -3.1692401123046876 0 0 -9.3810000610351558
leaf_weight=20 25 20 31 23 25 25 20 20 20 20 28 35 24 22 25 27 20 20 20 22 21 37 25 27 23 32 27 24 21 21 22 28 38 36 25 20 20 38 20 31 39 25 25 24 20 30 20 20 20 22 21 21 20 32
leaf_count=20 25 20 31 23 25 25 20 20 20 20 28 35 24 22 25 27 20 20 20 22 21 37 25 27 23 32 27 24 21 21 22 28 38 36 25 20 20 38 20 31 39 25 25 24 20 30 20 20 20 22 21 21 20 32
internal_value=7.31529e-05 0.000501645 -0.000382831 0.000848708 -0.00246875 0.00265537 -0.00372 -0.00337748 0.002 -0.00123967 -0.00367647 0.00392857 0.00454082 0.00188679 -0.000223881 0.00153333 -0.000510204 0.0034 -0.0005 0.00504274 0.00267857 -0.00604651 -0.000571429 -0.00126984 -0.00177778 -0.00118812 0.000243902 -0.00341772 0.00166667 0.00293333 0.00511628 0.00209091 0.00329268 0.000316456 0.00105263 0.00155556 -0.00580247 -0.00310345 -0.0073913 -0.000412371 0.00721311 0.00538462 0.0044 0.00613636 -0.0035 -0.00527273 0.00325 -0.00847222 0.007 0.00826087 -0.00804878 0.000694444 -0.000487805 -0.00942308
internal_weight=1367 1216 862 542 320 354 250 151 70 121 68 140 196 53 402 150 98 150 40 117 56 129 70 252 225 202 123 79 96 75 43 110 82 158 133 45 81 58 92 97 61 52 50 44 40 55 40 72 40 46 41 72 41 52
internal_count=1367 1216 862 542 320 354 250 151 70 121 68 140 196 53 402 150 98 150 40 117 56 129 70 252 225 202 123 79 96 75 43 110 82 158 133 45 81 58 92 97 61 52 50 44 40 55 40 72 40 46 41 72 41 52
is_linear=0
shrinkage=0.01


Tree=1
num_leaves=50
num_cat=0
split_feature=95 72 64 72 41 98 72 20 94 4 77 33 30 3 10 83 23 5 0 0 4 94 66 41 19 30 83 77 4 14 66 41 66 81 64 30 91 66 10 23 5 60 16 19 78 39 3 40 14
split_gain=20.9496 21.3339 12.8691 12.0299 12.8675 10.6589 9.08016 8.6186 11.7995 7.70899 9.30078 9.78201 6.87203 9.11716 6.55515 6.0755 5.76438 6.72431 5.54395 7.75029 8.48838 7.90901 15.744 6.69281 10.3742 7.74754 7.83154 5.49501 5.34133 5.22095 5.1851 7.5956 6.85877 5.97847 5.36192 5.71429 5.00879 6.6886 4.98236 4.94798 4.89764 4.21076 4.12491 5.21894 4.05669 2.41514 2.10394 1.63902 0.393765
threshold=1.0000000180025095e-35 1339.1775000000002 1225.1210000000003 1500.1820000000002 72.250000000000014 0.51736111111111127 925.40000000000009 2882.9000000000005 551951.51809000014 6170.165 4425.0838723215793 207.25000000000003 66.750000000000014 15179.233500000002 31014.350000000002 2045.4000000000017 50.250000000000007 3725.52 23908.400000000005 29911.350000000002 14695.070000000002 613232.91718468769 1099.9500000000003 60.750000000000007 1142.7000000000003 95.750000000000014 2216.6500000000001 3989.7529961385799 10423.125000000002 12353.050000000001 344.35000000000008 105.75000000000001 938.15000000000009 4051.3922906507528 1.0000000180025095e-35 99.250000000000014 29231.076550000002 1212.2000000000003 36452.500000000007 63.750000000000007 4735.2350000000015 1075.2605000000001 5846.9500000000007 1047.6500000000003 438.2365069444445 207.25000000000003 15089.250000000002 113.75000000000001 17540.650000000005
decision_type=2 2 2 2 2 2 2 2 2 2 2 2 2 2 2 2 2 2 2 2 2 2 2 2 2 2 2 2 2 2 2 2 2 2 2 2 2 2 2 2 2 2 2 2 2 2 2 2 2
left_child=3 5 -3 4 18 40 9 8 15 38 11 30 14 36 -5 -4 -10 -18 -1 21 23 -20 -23 24 -21 26 -25 -7 39 -19 31 34 -32 -34 35 -11 37 -14 -6 -8 -2 47 43 -31 -36 48 -44 -41 -42
right_child=1 2 7 12 6 27 28 -9 16 10 -12 -13 13 -15 -16 -17 17 29 19 20 -22 22 -24 25 -26 -27 -28 -29 -30 42 32 -33 33 -35 44 -37 -38 -39 -40 41 45 -43 46 -45 -46 -47 -48 -49 -50
leaf_value=1.9847698583602904 2.0480711250305177 -4.0552874134063721 1.7630000305175781 1.4662623001098631 0.10199999809265137 1.9318104095458983 -0.015536399841308595 -3.3924165248870852 0.0053783000946044926 -1.6208099365234376 0.011380000114440918 -4.9790457957744598 -6.6194955902099606 1.105 -0.97058185710906986 0 -0.020272000122070314 0.01115199966430664 -1.4511599365234376 -0.054045150756835948 -0.012550000000000002 -0.012803200864791871 1.8529441305171699 0 0.82229756355285644 1.1057377685546876 2.8108768802642823 -0.01 0.005219999887794256 -0.20169220771789551 2.0750900299072264 -0.042350000000000006 -0.045780300903320317 0.010359999847412109 4.0607569190025332 0 -7.9891512786865233 -5.5900000408291819e-05 0 -8.7609427001953133 7.1271877380371098 -0.041891998481750486 0.010297574996948243 0 0 9.5542596984863284 0 -2.6618623218536372 3.7164677642822266
leaf_weight=22 36 36 33 25 33 33 21 24 39 21 35 20 28 21 30 20 25 23 39 22 36 35 21 31 32 30 25 29 20 20 32 39 27 29 21 24 29 33 34 21 30 27 20 24 25 21 23 20 23
leaf_count=22 36 36 33 25 33 33 21 24 39 21 35 20 28 21 30 20 25 23 39 22 36 35 21 31 32 30 25 29 20 20 32 39 27 29 21 24 29 33 34 21 30 27 20 24 25 21 23 20 23
internal_value=0.000241405 0.00198257 0.000313589 -0.000638767 -9.43396e-05 0.00476744 -0.00115813 0.00111554 0.00171806 -0.000352941 -0.0010989 -0.00180672 -0.00307229 -0.0045045 -0.000181818 0.00584906 0.00045977 -0.000518519 0.00153584 0.00114391 0.00238636 -0.00115789 0.00125 0.0035 0.000740741 0.00523256 0.00303571 0.00145161 -0.00366972 0.000545455 -0.00119266 -0.00246154 0.000681818 -0.00142857 -0.000879121 -0.00333333 -0.00588889 -0.0042623 0.00268657 -0.0047191 0.00663636 -0.00602941 -0.000574713 -0.00272727 0.00152174 0.00810811 0.00162791 -0.00804878 0.00924528
internal_weight=1367 459 287 908 742 172 449 251 227 340 273 238 166 111 55 53 174 135 293 271 176 95 56 140 54 86 56 62 109 110 218 130 88 56 91 45 90 61 67 89 110 68 87 44 46 74 43 41 53
internal_count=1367 459 287 908 742 172 449 251 227 340 273 238 166 111 55 53 174 135 293 271 176 95 56 140 54 86 56 62 109 110 218 130 88 56 91 45 90 61 67 89 110 68 87 44 46 74 43 41 53
is_linear=0
shrinkage=0.01


Tree=2
num_leaves=53
num_cat=0
split_feature=64 1 20 69 93 72 65 22 69 69 99 100 98 73 4 26 13 20 4 45 19 65 97 59 3 26 69 64 72 96 78 27 4 1 4 45 98 27 69 40 94 91 35 84 97 19 63 46 80 99 65 5
split_gain=18.2497 14.1271 15.2728 12.1001 11.7375 11.7827 12.4316 9.17443 11.1901 9.42979 8.70324 11.9738 11.8507 10.5093 8.09093 8.73636 8.06166 7.26749 6.23377 10.8286 6.22666 10.1192 8.4579 7.58553 6.1303 7.97922 7.87101 7.82273 5.98487 10.4335 7.23001 9.42148 7.00417 5.52551 5.52458 5.55535 5.10145 4.89182 5.95418 5.00595 4.8722 4.72646 4.58464 4.3575 5.82913 3.74458 3.6 3.20703 2.91382 2.73282 2.72394 2.06289
threshold=1398.6000000000001 15804.000000000002 2740.2500000000005 26475.150000000005 393.23111111111115 1500.1820000000002 23898.100000000002 84.750000000000014 33508.700000000004 27989.150000000005 0.36458333333333343 0.28819444444444448 0.024305555555555556 1.0000000180025095e-35 11833.645000000002 12.750000000000002 10681.85 954.25000000000011 5495.9700000000003 22883.500000000004 591.50000000000011 27559.400000000005 0.11458333333333336 -0.24999999999999994 14528.35 32.750000000000007 32641.750000000004 743.1880000000001 883.83150000000012 1.0000000180025095e-35 1059.762371527778 70.750000000000014 7640.6750000000011 13682.700000000003 4144.9800000000005 23592.500000000004 0.079861111111111119 51.250000000000007 31438.400000000005 130.25000000000003 809227.34139281267 27430.901643750003 26.225000000000005 320.47737500000005 0.11458333333333336 782.05000000000007 29872.900000000005 105.09499740600587 33894.89548611112 0.57291666666666685 31794.800000000003 5598.4100000000008
decision_type=2 2 2 2 2 2 2 2 2 2 2 2 2 2 2 2 2 2 2 2 2 2 2 2 2 2 2 2 2 2 2 2 2 2 2 2 2 2 2 2 2 2 2 2 2 2 2 2 2 2 2 2
left_child=4 3 42 41 -1 6 40 34 9 -9 11 28 13 -12 20 -16 -15 48 19 -11 47 -22 23 -23 26 -26 27 -7 29 32 51 33 46 -32 35 -5 -19 38 -21 -39 -6 -2 -3 -17 -45 -29 -8 -14 -13 -24 -44 -30
right_child=1 2 -4 7 5 24 10 8 -10 18 12 17 14 16 15 43 -18 36 -20 37 21 22 49 -25 25 -27 -28 45 30 -31 31 -33 -34 -35 -36 -37 -38 39 -40 -41 -42 -43 50 44 -46 -47 -48 -49 -50 -51 -52 -53
leaf_value=-2.8500540574455262 0.98279825906276141 3.5368104095458985 -1.8856268892765047 -0.014400000381469727 1.9459299228763582 -9.4619951655578607 0.31230176140864191 -0.44426499938964847 -2.8772136120605469 1.1593631232299806 0.01 0.76219971437454226 -0.048250566246032724 0.12839180206155779 0.010256399848937987 -1.4549964675030709 -0.61717858669757841 2.3128405487737655 3.2285017674865721 -7.8379375457763678e-05 1.9034687987976073 -0.00011380000114440918 -0.010204787339448929 -0.061326238699741666 -2.4685196474250928 0.11004355514526366 -10.211987035247803 -0.77563855168803031 -0.87822330440465357 -0.024196634706497192 -0.77594868075561518 -1.0275626259670259 -5.7890399932864566e-05 0.58621974114704134 -0.70552993477024128 0.00055589998476207256 6.2886726962354178 -0.00012567685413360601 0.05739871435165405 5.5900000408291815e-07 0.0095800747089385997 2.7229998779296873 1.9124923054504397 -0.00011380000114440918 -5.4467313917706024 0.032189291525835169 8.9802758155364995 -0.0010199999809265138 -0.015740489148378375 0.019150011338591576 0.15148766380310058 -0.66984952651977536
leaf_weight=39 28 39 26 29 22 23 20 23 22 23 29 21 20 22 22 29 30 24 28 28 21 35 24 22 28 27 37 23 20 22 21 30 24 28 37 30 22 32 25 24 24 23 21 29 30 22 20 21 20 26 29 23
leaf_count=39 28 39 26 29 22 23 20 23 22 23 29 21 20 22 22 29 30 24 28 28 21 35 24 22 28 27 37 23 20 22 21 30 24 28 37 30 22 32 25 24 24 23 21 29 30 22 20 21 20 26 29 23
internal_value=-0.000212143 0.00139186 0.00443478 0.000397727 -0.00104444 -0.000801394 -0.000242511 -0.000365449 0.000829268 0.00163934 -0.00059542 0.000677966 -0.00163889 0.0017284 -0.00261649 -0.00472727 -0.000961538 0.0037931 0.0025 0.00159091 -0.0012426 -0.00015625 -0.00140187 -0.00403509 -0.00325 -0.000545455 -0.00466667 -0.00264706 -0.000625 0.00139535 -0.00204918 -0.000253165 0.0034375 0.00244898 -0.00291667 -0.00101695 0.00652174 0.000275229 0.00245283 -0.00178571 0.00478261 0.00490196 0.00640449 -0.00613636 -0.00457627 -0.000222222 0.006 -0.00463415 0.000731707 0.0016 0.0044 -0.00534884
internal_weight=1367 467 115 352 900 861 701 301 205 183 655 295 360 81 279 110 52 87 160 132 169 128 107 57 160 55 105 68 208 86 122 79 64 49 96 59 46 109 53 56 46 51 89 88 59 45 40 41 41 50 50 43
internal_count=1367 467 115 352 900 861 701 301 205 183 655 295 360 81 279 110 52 87 160 132 169 128 107 57 160 55 105 68 208 86 122 79 64 49 96 59 46 109 53 56 46 51 89 88 59 45 40 41 41 50 50 43
is_linear=0
shrinkage=0.01


Tree=3
num_leaves=53
num_cat=0
split_feature=69 24 62 6 32 58 32 6 16 61 19 68 14 2 14 37 61 80 56 32 41 42 6 70 68 6 62 36 24 24 77 13 41 14 16 2 6 91 81 21 56 81 17 79 81 23 21 37 42 19 70 13
split_gain=16.3933 15.9727 13.193 15.7464 14.7322 12.0645 11.8424 11.8307 10.7082 11.1096 9.33154 9.30174 9.10222 8.95708 8.85927 9.11788 11.8661 14.0927 8.74549 11.6142 8.2491 8.20971 7.50541 7.35232 7.688 11.7885 7.02363 6.95675 8.99148 6.78751 6.78462 6.50317 6.24771 6.87201 6.03679 5.94747 5.92288 5.76 4.97307 4.82524 7.94948 9.6 7.31002 4.87619 4.67729 4.19333 4.10894 3.99107 3.75977 2.81626 1 0.921951
threshold=25676.850000000002 14.025000000000002 1375.0500000000002 4030.8800000000006 84.000000000000014 0.93301270189221952 139.75000000000003 3280.4050000000002 4693.6000000000013 38355.55000000001 988.70000000000016 1467.0000000000002 14415.600000000002 3159.1000000000004 9936.0500000000011 99.250000000000014 36862.100000000006 36935.064930555563 -1.0000000180025095e-35 214.75000000000003 54.750000000000007 196.50000000000003 6338.3000000000011 1457.5665000000001 1355.7645000000002 5380.005000000001 800.49450000000013 89.250000000000014 8.3250000000000028 6.5250000000000012 4013.7397041409272 9815.3500000000004 83.750000000000014 16197.200000000003 4554.4500000000007 2795.1500000000005 5504.2000000000016 28221.713331250005 4342.0159293825909 28.925000000000004 -1.0000000180025095e-35 4248.6115381183427 127.25000000000001 518.24202109368684 4212.7882224580999 97.750000000000014 22.975000000000005 51.750000000000007 123.62500000000001 570.85000000000002 1550.6085 3333.1000000000004
decision_type=2 2 2 2 2 2 2 2 2 2 2 2 2 2 2 2 2 2 2 2 2 2 2 2 2 2 2 2 2 2 2 2 2 2 2 2 2 2 2 2 2 2 2 2 2 2 2 2 2 2 2 2
left_child=18 2 4 10 11 13 7 -6 32 14 47 26 35 22 -10 27 17 29 19 20 -1 23 49 -5 50 -26 -2 39 -29 -17 37 -31 33 -8 -28 -12 -9 -23 -38 40 44 43 -43 -42 -16 -41 -27 -4 51 -3 -25 -13
right_child=1 5 3 21 6 -7 8 36 9 -11 12 48 -14 -15 15 16 -18 -19 -20 -21 -22 30 -24 24 25 46 34 28 -30 31 -32 -33 -34 -35 -36 -37 38 -39 -40 45 41 42 -44 -45 -46 -47 -48 -49 -50 -51 -52 -53
leaf_value=1.5731853952613892 -0.57281750072715765 -0.96688541894830704 -0.018922203053283692 -0.022845359196982388 -0.045303372934055147 0.00064034098104014993 -2.3048839793769265 2.2193484703146038 -0.001110650037714839 -1.2890700498971128 -0.0083498581610107446 -4.1521680401492578 0.61654675389126579 -0.00019150011338591578 1.5340578427989895 -0.085641858200635926 0.031805423199754948 -1.6058857551788188 1.9368763350781919 4.357693928376337 -0.21239448082809451 0.0025944183843163398 -0.012571997143745422 5.0516882371120451 1.0223644406949766 -0.00057398714351654054 7.819368797651375 -0.30723200167151449 1.1887604437636006 -0.021089695361641649 2.0554642524861224 0.010327699252910614 -6.5173756358706951 1.825098100071417 -0.043154334961131031 -1.2586797525558471 0.00010388199451357105 -0.015392399837493898 3.4090971249185928 0.0041192248393702498 -1.3891952828823144 -0.0010113959688624371 0.83778758487032423 0.0010525763638424867 0.019106999952843786 5.8062503597712523 0.028508055129699703 0.0097058129810906578 -3.9940072786827088 -1.9644957441876489 8.8820899006652834 -5.7408901323526536
leaf_weight=26 27 29 23 22 24 23 21 22 24 31 22 20 30 33 30 38 21 27 34 20 27 20 31 20 39 21 20 39 22 22 20 29 26 20 26 23 37 25 20 20 28 22 26 32 26 23 20 31 21 38 25 21
leaf_count=26 27 29 23 22 24 23 21 22 24 31 22 20 30 33 30 38 21 27 34 20 27 20 31 20 39 21 20 39 22 22 20 29 26 20 26 23 37 25 20 20 28 22 26 32 26 23 20 31 21 38 25 21
internal_value=-0.000299927 -0.000619048 -0.000198915 0.00143695 -0.000928105 -0.00363636 -0.000285714 0.00281553 -0.000891841 -0.000347826 -0.00131783 -0.00392593 -0.0036 -0.00480916 6.99301e-05 0.000419753 -0.00167883 -0.00293103 0.00345794 0.00150685 -0.000943396 0.00311321 -0.00632653 0.00442177 0.00536 0.0035 -0.00150685 0.00149254 -0.00147541 -0.00101124 0.000153846 0.00137255 -0.00462687 -0.00219512 0.000869565 -0.00644444 0.00468354 -0.002 0.00298246 0.00236715 0.00158537 0 0.00333333 -0.00266667 0.00464286 0.00534884 -0.000243902 0.00185185 -0.00677419 -0.00820896 0.00866667 -0.00853659
internal_weight=1367 1260 1106 341 765 154 630 103 527 460 129 135 75 131 429 405 137 116 107 73 53 212 98 147 125 80 73 268 61 89 65 51 67 41 46 45 79 45 57 207 164 108 48 60 56 43 41 54 62 67 45 41
internal_count=1367 1260 1106 341 765 154 630 103 527 460 129 135 75 131 429 405 137 116 107 73 53 212 98 147 125 80 73 268 61 89 65 51 67 41 46 45 79 45 57 207 164 108 48 60 56 43 41 54 62 67 45 41
is_linear=0
shrinkage=0.01


Tree=4
num_leaves=49
num_cat=0
split_feature=96 68 68 60 44 6 36 6 8 26 8 26 24 33 91 83 42 87 81 6 7 6 80 42 76 24 3 80 7 3 3 83 83 22 61 22 4 22 24 66 23 35 3 80 26 44 24 3
split_gain=19.3957 14.4808 13.7556 12.4843 14.5641 14.372 12.2998 21.8162 13.2271 12.751 10.1706 9.26815 9.21633 8.00927 7.74789 7.45659 8.38503 7.36148 7.30399 7.2105 10.377 6.55887 5.91436 5.91775 7.02363 5.73519 7.49048 5.52339 5.33675 4.82722 13.2184 6.10754 4.77045 5.01382 4.75827 4.73057 4.71873 4.18841 4.08235 3.95257 3.87727 3.44269 3.42222 3.10548 2.61569 2.5 1.63246 1.48566
threshold=1.0000000180025095e-35 1350.0420000000001 781.96150000000011 1469.1795000000002 5.5324997901916513 3677.7300000000005 80.750000000000014 2775.9150000000004 424.40297297297303 30.250000000000004 418.04631934566152 5.7500000000000009 12.225000000000001 127.25000000000001 27112.117218750005 1595.2500000000002 95.83499908447267 0.052083333333333336 4122.2672144531443 5594.4900000000007 2144.4150000000004 3404.2800000000002 28667.79548611111 99.950000762939467 29712.330208333336 8.2250000000000014 14364.85 32359.031597222227 25.955000000000002 15174.600000000002 15928.650000000001 1637.1000000000024 1226.9000000000017 88.750000000000014 31835.250000000004 90.250000000000014 3745.0950000000003 79.250000000000014 7.4750000000000005 0.10200000000000002 10.250000000000002 27.025000000000002 13472.663500000001 33857.697569444455 132.25000000000003 2.8815000057220463 6.4750000000000005 14463.1
decision_type=2 2 2 2 2 2 2 2 2 2 2 2 2 2 2 2 2 2 2 2 2 2 2 2 2 2 2 2 2 2 2 2 2 2 2 2 2 2 2 2 2 2 2 2 2 2 2 2
left_child=1 3 11 12 5 -5 7 -3 13 18 41 39 15 22 -14 32 -17 21 36 43 28 -15 -8 -24 -25 26 -26 -13 -21 31 45 -29 33 -1 -20 44 -9 -7 -30 -2 -11 42 -4 -18 -33 -31 -39 -27
right_child=2 6 10 4 -6 37 8 9 -10 40 -12 27 14 17 -16 16 19 -19 34 20 -22 -23 23 24 25 47 -28 29 38 30 -32 35 -34 -35 -36 -37 -38 46 -40 -41 -42 -43 -44 -45 -46 -47 -48 -49
leaf_value=1.718853027884534 0.022839664149129638 -4.1068494248288729 -8.9513687829416568 -0.00016956026784648734 -0.034348593710845407 1.3576134091221612 0.011515040806812404 1.6948617114659292 0.0031984967400152703 0.0032604992981246947 0.0057274290566780928 0.021072953759151841 1.178666064676855 -0.019019261183094601 -0.59754141334542143 -0.31323848560121198 4.0131153304189082 0.24277527538153273 -0.013857395674789958 -0.93261231442346459 2.3476968034327017 0.016503703798547362 0.010181411972850036 -0.00042590748517296983 -4.9608088083023283 -4.0385284303236766 -1.6395450392729234e-05 0.0048112603375237732 -0.014707425747480194 0.0040279185914507513 -0.0015254024016694307 -0.032010510262935832 2.5305974362646602 -0.00020718875707142258 1.0121407962880269 -0.00030031554406807781 0.0070793712842859317 2.561886475315247 1.8062404228331175 0.0012161879196270944 -0.053644812779985486 -2.1181499105740604 -7.4504746738226002 0.42821365956871654 -0.026075219060976877 0.042105504970739817 6.1776685726442429 -2.9130459073939119
leaf_weight=28 22 24 33 34 25 23 36 39 38 21 29 31 22 27 37 34 26 30 20 24 26 20 21 25 30 32 26 31 28 20 27 39 21 34 37 28 20 25 27 23 25 32 30 22 22 20 44 29
leaf_count=28 22 24 33 34 25 23 36 39 38 21 29 31 22 27 37 34 26 30 20 24 26 20 21 25 30 32 26 31 28 20 27 39 21 34 37 28 20 25 27 23 25 32 30 22 22 20 44 29
internal_value=-0.000197513 0.00055102 -0.00209302 0.00179167 0.00417219 0.00555556 -0.00064 0.00139785 -0.00184713 0.00271605 -0.00483871 -0.000798479 0.000699088 -0.0026087 -0.00288136 0.00148148 0.000374332 0.00012987 0.00448276 0.00137255 -9.52381e-05 -0.00234043 -0.00366834 -0.00447853 -0.00521127 -0.00623932 -0.00392857 -0.00165138 -0.00189873 -0.00229947 -0.000149254 -0.0035 0.0039759 0.00258065 0.00192982 -0.00483146 0.00694915 0.0076087 -0.000181818 0.00333333 -0.00173913 -0.00642105 -0.00777778 0.00458333 -0.00639344 0.0035 0.00884058 -0.00836066
internal_weight=1367 980 387 480 151 126 500 186 314 162 124 263 329 276 59 270 187 77 116 153 105 47 199 163 142 117 56 218 79 187 67 120 83 62 57 89 59 92 55 45 46 95 63 48 61 40 69 61
internal_count=1367 980 387 480 151 126 500 186 314 162 124 263 329 276 59 270 187 77 116 153 105 47 199 163 142 117 56 218 79 187 67 120 83 62 57 89 59 92 55 45 46 95 63 48 61 40 69 61
is_linear=0
shrinkage=0.01


Tree=5
num_leaves=54
num_cat=0
split_feature=62 16 5 6 4 88 36 4 41 27 72 39 41 37 4 14 13 39 1 69 35 43 37 31 14 43 0 37 39 27 1 16 16 67 94 80 4 6 88 82 25 25 6 46 27 32 36 13 73 74 25 97 3
split_gain=22.8507 12.1758 11.0552 10.6034 10.1843 16.2112 10.6852 10.0329 11.6482 11.8815 9.66297 9.42036 8.68254 9.52447 7.35614 7.10194 10.2163 7.03715 11.0478 6.97896 8.04652 6.82551 6.75121 6.51853 6.37826 6.32129 5.98977 5.9484 5.5099 7.627 5.50902 8.20519 9.19273 5.15703 4.99354 4.9 4.75472 4.63055 5.92101 6.29428 5.85106 9.16667 5.12821 4.33153 4.2513 4.32751 4.9 4.00791 4.00417 4.9 2.65947 2.53546 0.427907
threshold=1462.7080000000003 5911.5000000000009 1594.0250000000003 2926.7900000000004 3336.0400000000004 4771.2247916666665 78.250000000000014 17082.880000000001 72.250000000000014 33.250000000000007 937.4285000000001 117.25000000000001 50.250000000000007 24.750000000000004 7158.3500000000013 18860.500000000004 13992.400000000001 187.25000000000003 14685.350000000002 31372.200000000001 27.025000000000002 85.24499893188478 96.250000000000014 5.1250000000000009 20294.200000000004 81.224998474121108 31577.650000000005 61.250000000000007 157.75000000000003 18.250000000000004 12888.200000000003 5292.2000000000007 3858.5000000000005 28908.350000000002 569982.40548062522 29382.632291666672 15887.235000000002 9154.0350000000017 3743.2656249999995 -0.11949999999999998 140.75000000000003 216.75000000000003 4725.4850000000015 105.75000000000001 81.250000000000014 230.25000000000003 89.250000000000014 4848.1500000000005 1004.4745000000001 625.76717708333342 166.75000000000003 0.63541666666666685 14463.1
decision_type=2 2 2 2 2 2 2 2 2 2 2 2 2 2 2 2 2 2 2 2 2 2 2 2 2 2 2 2 2 2 2 2 2 2 2 2 2 2 2 2 2 2 2 2 2 2 2 2 2 2 2 2 2
left_child=1 7 -3 23 28 33 -7 8 9 22 -8 -4 -13 -14 26 37 24 18 21 20 30 -12 27 -2 50 -16 35 -1 29 -5 -10 32 -32 -6 -26 -11 -18 38 -15 47 42 -42 -41 -19 48 52 -47 -40 49 -21 -17 -31 -46
right_child=3 2 11 4 5 6 10 -9 19 14 17 12 13 15 25 16 36 43 -20 44 -22 -23 -24 -25 34 -27 -28 -29 -30 51 31 -33 -34 -35 -36 -37 -38 -39 39 40 41 -43 -44 -45 45 46 -48 -49 -50 -51 -52 -53 -54
leaf_value=-1.4451252288454168 -0.36588087721448564 -0.0091177905712065011 -0.064135385877897827 1.1164548739124183 -0.00044590916929840475 0.64304415820161387 9.4793558933447315 1.1691162641631754 -7.13878615348571 0.86484874396634515 -0.0083591614626313954 5.5820652585374013 -0.036415380234711352 0.12369119200758188 -0.035462139039459405 -0.88351221359171095 1.4373769530068468 0.05138884183288784 -0.058217526694327136 -0.12602188610138751 0.10099947931333919 0.030802171738305517 0.020502956983968475 0.00063563317390821327 -0.14600949054023829 0.10385211572124561 1.3205249727360016 -2.44634245028185 0.00016465055410912893 2.6654993221619274 -0.29820650670601589 -0.057614232149162607 1.3308150702460517 -2.1195595465150725 1.928811910474884 -0.26437908241552582 0.016998789715226819 1.3511684859373059 0.020794637448713793 -0.44849406521814644 0.90664187042940203 0.00083848009552220826 2.4967411732315936 -2.5691685960945213e-05 -8.2312003165591197 -6.7467490706553006 -0.22747916416147718 -0.033345976287608575 -2.1792802084622709 0.57956218194829345 -0.61497342302377778 0.031650107754396722 -3.2531037393473579
leaf_weight=39 20 32 31 38 20 25 32 26 29 20 21 21 38 32 29 20 25 30 24 20 31 25 23 31 20 26 21 32 25 37 23 21 21 21 27 20 28 23 22 26 24 20 24 23 23 20 20 24 24 20 21 26 20
leaf_count=39 20 32 31 38 20 25 32 26 29 20 21 21 38 32 29 20 25 30 24 20 31 25 23 31 20 26 21 32 25 37 23 21 21 21 27 20 28 23 22 26 24 20 24 23 23 20 20 24 24 20 21 26 20
internal_value=-0.000307918 -0.00113872 4.36681e-05 0.00170854 0.00233429 0.00104072 0.00233333 -0.00220472 -0.00253112 -0.000761905 0.00135484 0.000469484 0.000886076 0.000534759 0.00137931 0.00107143 -0.000638298 8.13008e-05 -0.002 -0.00389706 -0.00216 0.000869565 -0.00340426 -0.00254902 -0.00272727 -0.00127273 0.00377049 -0.00492958 0.00460317 0.00564356 -0.00361702 -0.002 0.000454545 -0.00463415 -0.000212766 0.0015 0.00283019 0.00230769 0.00174419 0.000857143 0.00234043 0.005 0 0.00283019 -0.00537415 -0.00686747 -0.0045 -0.00217391 -0.0034375 -0.0015 -0.00560976 0.00777778 -0.00906977
internal_weight=1364 966 458 398 347 221 180 508 482 210 155 426 395 374 116 336 141 123 70 272 125 46 94 51 88 55 61 71 126 101 94 65 44 41 47 40 53 195 172 140 94 44 50 53 147 83 40 46 64 40 41 63 43
internal_count=1364 966 458 398 347 221 180 508 482 210 155 426 395 374 116 336 141 123 70 272 125 46 94 51 88 55 61 71 126 101 94 65 44 41 47 40 53 195 172 140 94 44 50 53 147 83 40 46 64 40 41 63 43
is_linear=0
shrinkage=0.01


Tree=6
num_leaves=54
num_cat=0
split_feature=60 67 20 16 34 39 68 59 91 69 78 30 75 60 90 10 16 73 96 29 4 39 13 43 8 69 87 36 21 90 69 8 20 74 60 33 75 30 67 39 29 21 36 36 80 23 16 7 10 76 8 29 8
split_gain=24.6847 16.6121 14.4225 11.0709 16.854 10.9578 9.43587 11.5688 9.48776 9.41215 9.62001 9 8.00128 10.3278 7.90087 9.32231 11.1409 9.26399 11.2405 8.99554 8.58155 7.82623 7.85405 7.55421 7.33342 7.14436 5.9467 9.26986 8.4741 5.60406 5.49951 5.45257 5.40516 7.98961 5.87778 4.90003 4.9 4.87013 4.67204 4.49123 7.58551 6.75584 4.46377 4.45455 4.43152 3.89026 3.53665 2.7 2.5 2.49161 1.74545 1.67828 1.6
threshold=1395.4000000000003 23908.400000000005 2235.8500000000004 6405.7000000000016 86.750000000000014 119.75000000000001 899.68550000000016 -0.24999999999999994 28713.282918750003 30092.400000000005 1193.4859201388892 98.750000000000014 605.26502791907944 1602.2500000000002 2725.5973500000005 27588.050000000003 3473.2500000000005 1482.0405000000003 1.0000000180025095e-35 87.750000000000014 10209.570000000002 165.75000000000003 5422.6500000000005 82.625000000000014 415.95586770981515 30839.600000000002 0.46875000000000006 89.250000000000014 28.125000000000004 3321.627750000001 34567.400000000009 411.066052631579 1166.1000000000001 1210.5110520833334 1.1355000000000002 27.250000000000004 565.14334784814594 80.750000000000014 29270.350000000002 143.75000000000003 89.750000000000014 23.725000000000005 78.250000000000014 84.750000000000014 35857.182638888895 99.750000000000014 6378.0500000000011 26.845000000000002 35653.000000000007 27984.373958333334 418.43631578947372 81.250000000000014 409.15692307692319
decision_type=2 2 2 2 2 2 2 2 2 2 2 2 2 2 2 2 2 2 2 2 2 2 2 2 2 2 2 2 2 2 2 2 2 2 2 2 2 2 2 2 2 2 2 2 2 2 2 2 2 2 2 2 2
left_child=1 35 3 4 6 23 -2 -8 9 49 -11 -6 13 -4 15 -7 -17 18 21 20 24 22 37 30 -20 -10 -22 28 -28 46 31 38 33 34 -23 -1 -34 -18 -3 -5 41 -41 -15 -26 45 -31 51 48 -36 -9 -27 -16 -19
right_child=2 5 12 39 11 14 7 8 25 10 -12 -13 -14 42 29 16 17 52 19 -21 26 32 -24 -25 43 50 27 -29 -30 44 -32 -33 36 -35 47 -37 -38 -39 -40 40 -42 -43 -44 -45 -46 -47 -48 -49 -50 -51 -52 -53 -54
leaf_value=0.11169234282797091 8.6682717895625334 -0.020436243788755935 -3.8200004521677613 2.5399642600340639 0.005333635307050306 2.898023151292962 -0.0064053352909282562 1.4618422550603862 0.030494150020922463 -0.10200774120035835 0.0016522279770939199 -2.5671216314615362 0.4429537179659303 -0.023427098916475826 -2.6682077383862737 -3.3527274456520018 0.72450002676149672 -1.0055580957562911 -0.047504496051675685 -0.03249199836415536 0.27498410369735543 0.0097499267751773675 2.481239264110783 0.0024080054720645731 0.00047643594604635284 3.7702383948009142 -4.5856094895866963 0.029193446247488496 0.037733385792293406 -0.01694332745961943 -4.8759961819981328 -0.063494032019118851 4.038578960388894 1.9148435567328403 -0.86208567607123598 0.15610967742258186 0.079182192853932978 -0.12589421294189582 -1.7974977064604856 0.00072141351338544935 -0.0096875860161496664 2.3523479889755592 0.0462847456781477 -0.024955374872382478 -0.53205862503747914 0.64784687263029728 -0.0037320816458184893 -0.31311766660143231 -0.019245137362534019 0.12376364609342398 0.023595127982249688 -5.427638709900001 -2.4063314285688198
leaf_weight=21 37 23 36 38 32 26 36 20 23 21 33 32 24 23 20 30 20 20 39 27 38 36 31 29 22 24 21 24 20 21 21 31 20 27 20 22 20 22 26 20 21 35 21 22 20 22 23 20 20 23 20 21 20
leaf_count=21 37 23 36 38 32 26 36 20 23 21 33 32 24 23 20 30 20 20 39 27 38 36 31 29 22 24 21 24 20 21 21 31 20 27 20 22 20 22 26 20 21 35 21 22 20 22 23 20 20 23 20 21 20
internal_value=-0.000117302 -0.0011716 0.00159923 0.00243373 0.00142857 -0.00149626 0.00265823 0.0018 0.00292683 0.000927835 -0.00185185 -0.003125 -0.00173077 -0.00325 -0.000982143 -0.000458716 -0.000751445 -0.000388548 2.22717e-05 -0.00164319 -0.000860215 0.00152542 0.00424658 -0.00415385 -0.00325301 0.0058209 0.00106796 -0.000769231 -0.00365854 -0.00322835 -0.00544554 -0.00425 0.000306748 -0.000731707 -0.00208333 0.00488372 0.0035 0.00142857 -0.00632653 0.00508772 0.00368421 0.00563636 0 -0.000454545 -0.00111111 0.000697674 -0.0053125 -0.004 -0.0025 0.0044186 0.00818182 -0.00707317 -0.005
internal_weight=1364 845 519 415 301 802 237 200 164 97 54 64 104 80 672 545 519 489 449 213 186 236 73 130 83 67 103 65 41 127 101 80 163 123 96 43 40 42 49 114 76 55 44 44 63 43 64 60 40 43 44 41 40
internal_count=1364 845 519 415 301 802 237 200 164 97 54 64 104 80 672 545 519 489 449 213 186 236 73 130 83 67 103 65 41 127 101 80 163 123 96 43 40 42 49 114 76 55 44 44 63 43 64 60 40 43 44 41 40
is_linear=0
shrinkage=0.01


Tree=7
num_leaves=51
num_cat=0
split_feature=71 89 38 5 24 60 72 24 67 24 38 40 40 41 33 21 28 19 65 20 27 19 71 16 99 11 33 53 38 68 22 78 25 33 91 24 24 82 61 41 28 46 19 21 40 40 25 16 43 65
split_gain=16.3885 13.1469 9.82565 10.5674 16.5484 12.3547 12.8949 11.6272 10.4783 9.84161 10.9531 10.0614 9.69739 9.66488 11.5413 9.59762 14.1633 9.47917 9.88203 9.09915 9.09509 8.70795 9.47678 8.54982 11.0385 9.71454 7.92066 9.53603 7.07923 6.92497 6.85374 6.58457 6.19397 5.99499 5.88947 7.34565 5.71923 5.69868 8.71978 5.67326 5.51701 4.89043 4.45187 4.23345 3.43939 3.13228 2.77692 2.69295 1.67828 0.836364
threshold=1589.5000000000002 638.88459375000014 2.9250000000000007 3014.5800000000004 5.5750000000000011 1467.0000000000002 1310.4000000000003 10.275000000000002 23908.400000000005 14.675000000000002 9.0250000000000021 162.75000000000003 112.25000000000001 65.750000000000014 31.250000000000004 25.925000000000004 28.075000000000006 604.75000000000011 29662.550000000003 1873.2500000000002 57.250000000000007 251.00000000000003 0.9840000000000001 3858.5000000000005 0.052083333333333336 42308.000000000007 117.75000000000001 1.5000000000000002 7.2750000000000012 1499.9500000000003 89.750000000000014 1294.3477500000001 52.750000000000007 26.750000000000004 32212.46236875001 6.6750000000000016 8.4250000000000025 -120.3 34681.750000000007 86.750000000000014 28.775000000000002 103.62500000000001 2061.0500000000006 24.525000000000002 138.75000000000003 114.75000000000001 73.750000000000014 6199.6000000000013 73.514999389648452 29723.600000000002
decision_type=2 2 2 2 2 2 2 2 2 2 2 2 2 2 2 2 2 2 2 2 2 2 2 2 2 2 2 2 2 2 2 2 2 2 2 2 2 2 2 2 2 2 2 2 2 2 2 2 2 2
left_child=1 32 17 4 -4 8 39 45 -5 10 11 12 23 31 -15 46 -17 -3 -19 20 -8 -12 36 -10 30 34 -16 -28 -11 43 -25 -2 -1 -24 35 -26 -23 -18 -39 44 -35 -37 -21 -9 49 -6 -14 -33 -34 -7
right_child=13 2 3 5 7 6 19 29 9 28 21 -13 15 14 26 16 37 18 -20 42 -22 22 33 24 25 -27 27 -29 -30 -31 -32 47 48 40 -36 41 -38 38 -40 -41 -42 -43 -44 -45 -46 -47 -48 -49 -50 -51
leaf_value=-0.0084416150153381071 0.0011003951329415201 -2.594503646314438 0.26478766588258168 0.17650218842964824 -2.9381593895793174 3.9278758253185733 1.2986451768136933 0.041374635549320186 -4.2000899855212115 -3.282943730781211 -3.0384434397479967 -0.11261337372576109 0.15013943255633272 -0.028016757179044189 0.01957849541048539 -0.052168024285190136 3.3127649368645193 0.66534038959896291 -1.2284838891389975 -2.8931748254742824 -0.00046965643364595789 -0.60961551072207931 -3.1114035113942298 -1.2796121809006045 -0.073475541108484213 -0.025624593291329979 -0.0054328416581683834 0.85217218346089285 -0.16827137429661057 -4.3820916144545867 0.0054355549928295855 0.12252600963248973 -0.2526456218401244 1.716961727490077 1.4202533424398047 3.9814422596398544 -0.71028414499023396 0.25338938709034448 -0.054757140147073752 0.74934538314029986 -0.01192152981702981 0.013364100481928 0.0083710589245255349 -0.00087319423359426621 2.65423683455115 -0.024004890279336444 1.4016177044331624 1.3537834840218608 -4.2765751502719818 6.1168137327066319
leaf_weight=29 25 36 25 29 35 22 22 20 28 31 21 32 20 27 37 22 21 20 38 21 29 27 20 25 32 34 27 33 35 27 29 31 20 33 23 31 22 28 24 20 34 26 26 21 23 24 32 23 21 23
leaf_count=29 25 36 25 29 35 22 22 20 28 31 21 32 20 27 37 22 21 20 38 21 29 27 20 25 32 34 27 33 35 27 29 31 20 33 23 31 22 28 24 20 34 26 26 21 23 24 32 23 21 23
internal_value=8.79765e-05 -0.00037037 -0.000100825 0.000190572 -0.00223684 0.000627219 0.00290323 -0.00370079 -1.51745e-05 -0.000285714 0.000141844 0.00100737 0.00146667 0.00270936 0.000967742 0.00346939 0.00157895 -0.00319149 -0.000689655 0.000408163 0.00333333 -0.00210191 -0.00117647 0.000175439 0.0009 0.00232877 0.00257732 0.000333333 -0.00393939 -0.000882353 -0.00296296 0.00544304 -0.00457143 0.000804598 0.00375 0.00258427 -0.00469388 0.00369863 0.00192308 0.00568182 0.00223881 0.00473684 -0.00276596 0.00170732 0.00705882 -0.00694915 0.00692308 0.00740741 -0.00707317 0.00866667
internal_weight=1364 1161 1091 997 152 845 186 127 659 630 564 407 375 203 124 147 95 94 58 98 51 157 136 228 200 146 97 60 66 68 54 79 70 87 112 89 49 73 52 88 67 57 47 41 68 59 52 54 41 45
internal_count=1364 1161 1091 997 152 845 186 127 659 630 564 407 375 203 124 147 95 94 58 98 51 157 136 228 200 146 97 60 66 68 54 79 70 87 112 89 49 73 52 88 67 57 47 41 68 59 52 54 41 45
is_linear=0
shrinkage=0.01


Tree=8
num_leaves=53
num_cat=0
split_feature=29 35 32 24 68 35 41 62 27 11 35 1 65 74 7 6 69 32 27 31 88 31 21 20 80 27 25 21 5 80 89 79 65 25 3 22 88 80 29 62 0 46 3 6 34 89 35 35 53 72 2 0
split_gain=15.5415 9.24597 9.76 9.61515 9.44138 9.41023 12.1201 10.1838 9.24075 9.17658 10.7293 10.0822 9.23521 10.4107 9.03979 9.28002 8.39682 9.51372 12.0784 8.84312 8.63021 10.9778 10.1 8.51212 8.19394 8.18336 8.66344 7.48975 11.3465 7.18203 8.05426 7.17239 9.5016 7.04167 8.04059 7.67745 6.15385 11.494 9.71669 5.08235 5.00087 4.96241 5.89474 4.7651 4.66737 3.58941 3.6 3.44048 3.19729 3.80581 0.951452 0.419048
threshold=95.250000000000014 23.025000000000002 84.000000000000014 4.0250000000000012 1602.2500000000002 24.725000000000005 48.750000000000007 1299.8000000000002 43.250000000000007 42233.200000000004 26.025000000000002 13949.550000000001 28767.000000000004 545.01223958333355 254.80500000000004 6338.3000000000011 31372.200000000001 277.25000000000006 83.750000000000014 2.3750000000000004 8051.7702083333343 3.4750000000000005 26.375000000000004 970.60000000000014 29243.144791666669 82.250000000000014 164.50000000000003 28.125000000000004 12612.895000000002 37411.305555555562 1132.4885812500002 284.11057034544882 27011.500000000004 35.250000000000007 14106.642500000002 90.750000000000014 6211.222083333334 31249.441666666669 80.750000000000014 1355.8960000000002 30654.250000000004 93.31500244140625 13329.600000000002 5657.2400000000007 82.250000000000014 1363.5372562500002 27.375000000000004 26.075000000000006 1.5000000000000002 1509.0000000000002 3275.4000000000005 32530.500000000004
decision_type=2 2 2 2 2 2 2 2 2 2 2 2 2 2 2 2 2 2 2 2 2 2 2 2 2 2 2 2 2 2 2 2 2 2 2 2 2 2 2 2 2 2 2 2 2 2 2 2 2 2 2 2
left_child=1 4 3 -3 -1 7 -7 24 33 11 -11 12 13 -10 48 -16 17 18 41 -18 29 -22 23 -23 -5 50 -27 45 -29 30 -21 -15 -33 34 43 -36 37 -32 -38 -35 -20 -13 -43 -4 -39 -24 -47 -37 49 -8 -12 -50
right_child=-2 2 8 5 -6 6 14 -9 9 10 25 16 -14 31 15 -17 19 -19 40 20 21 22 27 -25 -26 26 -28 28 -30 -31 36 32 -34 39 35 47 38 44 -40 -41 -42 42 -44 -45 -46 46 -48 -49 51 -51 -52 -53
leaf_value=1.7287900035428774 2.2271022686556128 1.9850971059706313 0.007294953366220918 0.22732149561970627 -0.011187788926536602 0.030841512921113159 -1.3646791603974715 0.20518151792283715 -3.2501142934733993 1.0147902879902344 -2.425961449984428 0.0017384737310391384 -2.2212014068532051 -0.058114462363853876 -2.1747229271800728 0.02459510960209901 1.9074483517957992 3.7140495611633089 -0.017227558138189956 -1.1148178107442228 -0.15737104771203828 -0.13078135198746563 0.081464804076325129 0.052574383512123436 -3.2222605977342051 0.032341388933394714 -0.080849366655184357 1.4644880779576954 -1.2297559070550224 -0.078199097264302075 -0.012689361412460048 0.1139970270107699 -0.11778659360376077 1.6797170112515938 -0.0012399540974182383 2.147313300610024 -0.23502960682124524 0.34881235974502772 0.0054608839839850676 0.0085798829208236973 0.0046924289929824248 3.7157754900022337 0.041118410713305201 -2.0648576506023275 0.021528594499788962 0.048604290768549961 1.5638040936852795 0.42950150209174554 -1.7779463236576509 -2.4967329560866709 -0.17520870458852628 -5.4087985610834881
leaf_weight=29 33 22 29 20 20 39 20 36 35 26 21 20 28 27 26 28 22 22 20 28 31 24 29 20 24 23 35 33 20 28 20 39 25 34 31 21 25 23 27 30 22 21 36 20 22 20 20 27 20 21 20 22
leaf_count=29 33 22 29 20 20 39 20 36 35 26 21 20 28 27 26 28 22 22 20 28 31 24 29 20 24 23 35 33 20 28 20 39 25 34 31 21 25 23 27 30 22 21 36 20 22 20 20 27 20 21 20 22
internal_value=0.000190616 2.25394e-05 -0.000140406 -0.00179856 0.00428571 -0.00234375 -0.00363636 0.0005 0.000318725 -0.000147783 -0.00264 0.000305677 -0.00194805 -0.000793651 -0.0050365 -0.00185185 0.000956848 0.00304965 0.00193277 0.000204082 -0.000162162 0.00126904 0.00228916 -0.00181818 -0.00272727 -0.00414141 -0.00172414 0.00377049 0.000943396 -0.00179191 -0.000896552 0.000989011 0.0028125 0.00229167 0.0009375 0.00291139 0.00025641 0.00230769 -0.00230769 0.005 -0.00238095 0.00428571 0.00578947 -0.0022449 0.00511111 0.00594203 0.004 0.00541667 -0.00710843 -0.00512195 -0.00756098 -0.00904762
internal_weight=1364 1331 1282 278 49 256 176 80 1004 812 125 687 154 126 137 54 533 141 119 392 370 197 166 44 44 99 58 122 53 173 145 91 64 192 128 79 117 65 52 64 42 77 57 49 45 69 40 48 83 41 41 42
internal_count=1364 1331 1282 278 49 256 176 80 1004 812 125 687 154 126 137 54 533 141 119 392 370 197 166 44 44 99 58 122 53 173 145 91 64 192 128 79 117 65 52 64 42 77 57 49 45 69 40 48 83 41 41 42
is_linear=0
shrinkage=0.01


Tree=9
num_leaves=50
num_cat=0
split_feature=96 34 32 14 33 68 30 4 25 64 75 38 14 23 35 36 35 71 63 89 5 98 24 82 16 89 34 89 69 67 38 13 83 80 57 92 16 43 4 88 61 61 25 68 97 23 82 33 1
split_gain=15.1175 11.8883 19.9566 13.193 10.4374 9.50859 9.40323 9.91111 9.38245 9.17304 9.67719 9.14286 9.09171 8.75219 8.67216 8.14547 7.69455 8.3888 7.93253 7.53898 6.77489 6.7487 6.71312 6.63081 6.93995 8.79103 6.4381 6.3431 7.11496 6.11544 5.95238 5.92421 5.90635 5.7905 5.4 8.2618 5.16528 5.10319 4.88308 4.76471 4.73674 6.37415 4.16819 3.87747 4.14816 3.02969 2.67857 2.67442 2.5
threshold=1.0000000180025095e-35 86.750000000000014 84.000000000000014 20151.200000000004 163.25000000000003 828.05000000000007 79.250000000000014 8310.2700000000023 162.25000000000003 1199.8000000000002 240.28947288409202 8.9750000000000014 19088.550000000007 9.7500000000000018 27.075000000000006 82.250000000000014 24.175000000000001 1234.7290000000003 29149.600000000002 1220.00701875 2959.4250000000006 0.10763888888888891 7.2750000000000012 620.8130000000001 5788.1500000000005 1384.5416812500002 26.250000000000004 845.42810625000004 30695.900000000005 32374.550000000007 6.0250000000000012 5457.2500000000009 1960.000000000002 30216.527430555561 -0.22252093395631442 25003.37467500001 6739.7500000000009 76.630001068115249 3135.0750000000003 5429.9989583333336 31873.400000000005 33639.400000000001 111.75000000000001 1250.2500000000002 0.40625000000000006 53.250000000000007 1501.2500000000002 95.500000000000014 14088.850000000002
decision_type=2 2 2 2 2 2 2 2 2 2 2 2 2 2 2 2 2 2 2 2 2 2 2 2 2 2 2 2 2 2 2 2 2 2 2 2 2 2 2 2 2 2 2 2 2 2 2 2 2
left_child=1 2 16 4 9 6 7 -2 34 11 -11 14 13 -4 22 -7 18 19 38 26 30 37 -3 24 25 27 -18 -22 -29 36 -15 -25 -9 48 -8 -36 39 -10 -1 -26 47 -42 -31 -28 -45 -14 -33 -17 -19
right_child=5 3 12 -5 -6 15 8 32 21 10 -12 -13 45 20 -16 40 17 33 -20 -21 23 -23 -24 31 29 -27 43 28 -30 42 -32 46 -34 -35 35 -37 -38 -39 -40 -41 41 -43 -44 44 -46 -47 -48 -49 -50
leaf_value=-0.64866025933971405 -0.022876189624258095 -2.9317517721023858 3.5168098339030878 1.630992580070787 -0.38711817402894322 0.013084724490153765 0.048595337228407684 0.057812109674857858 -0.0064320696162176042 -0.0052062376602048004 0.11981153473043697 -2.1410641388616529 -0.88872343077258775 -0.72823499854765117 0.8539774483251571 -8.5813631656465965 0.01664317712017846 0.2067633401839192 1.0001230601721522 0.055764034992937792 -0.008688866328045039 -0.049183938277337143 -0.0035358638092328732 0.81597780400455922 0.61623556545048819 -0.16127180277372535 -0.23318138502017582 -0.0070042800820159573 1.0126454174855184 -0.021692841788913998 0.027502241303866141 3.3364705463342559 -0.02665349635358873 -0.034569648647089703 -0.0064254511416755537 0.021676271948418716 0.023654472698667106 0.013645514876951495 0.95591692350379709 0.43224850793922032 0.017451263761733903 -5.6053727564929368 0.2129214971192506 -4.610547541473891 -2.4429238545193477 0.042749707694976165 9.8027653362596556 -9.5292796110966371 0.60404031771760591
leaf_weight=27 39 21 32 26 35 25 36 20 29 39 32 21 21 20 22 20 21 20 27 26 29 30 20 38 34 26 27 21 33 23 28 27 36 31 31 23 29 28 25 34 22 31 28 34 23 30 21 23 20
leaf_count=27 39 21 32 26 35 25 36 20 29 39 32 21 21 20 22 20 21 20 27 26 29 30 20 38 34 26 27 21 33 23 28 27 36 31 31 23 29 28 25 34 22 31 28 34 23 30 21 23 20
internal_value=0.000102639 0.0007724 0.00136424 -0.0012963 -0.00221053 -0.00155216 -0.000514706 -0.00305263 0.000847458 -0.00109677 0.0015493 -0.00333333 0.00261603 0.00309693 -0.00142857 -0.0038843 -0.000747331 -0.00178218 0.00189873 -0.00328244 0.00268542 -0.00149425 -0.00414634 0.00317784 0.00237354 0.000458716 -0.00447619 0.00204819 0.00407407 0.00378378 -0.000833333 0.0055814 -0.000357143 0.000985915 0.00311111 0.00111111 0.00525773 0.000526316 -0.000384615 0.00676471 -0.00520833 -0.00320755 0.000980392 -0.00571429 -0.00719298 -0.00137255 0.00791667 -0.00767442 0.0035
internal_weight=1364 971 755 216 190 393 272 95 177 155 71 84 474 423 63 121 281 202 79 131 391 87 41 343 257 109 105 83 54 148 48 86 56 71 90 54 97 57 52 68 96 53 51 84 57 51 48 43 40
internal_count=1364 971 755 216 190 393 272 95 177 155 71 84 474 423 63 121 281 202 79 131 391 87 41 343 257 109 105 83 54 148 48 86 56 71 90 54 97 57 52 68 96 53 51 84 57 51 48 43 40
is_linear=0
shrinkage=0.01


Tree=10
num_leaves=50
num_cat=0
split_feature=96 68 20 29 23 68 37 76 90 97 77 74 20 71 88 31 88 88 62 29 74 37 26 87 36 46 29 67 91 66 67 88 39 37 3 39 68 93 97 90 7 26 22 97 20 65 91 24 87
split_gain=13.9938 18.3174 12.024 12.0374 12.6162 10.5485 9.82129 8.74795 8.57485 8.12698 7.62656 14.9261 8.05632 7.29783 7.11111 6.91032 8.32354 6.8097 6.54551 7.59582 7.21088 7.89096 7.18337 9.6221 6.98069 10.9184 7.83439 7.44274 6.44235 5.92597 5.09562 7.12923 7.12687 7.20764 6.97135 6.4 6.06815 8.33333 5.17366 4.7778 4.61019 4.42366 4.25997 4.11935 3.86522 3.3 3.28943 3.26667 2.81577
threshold=1.0000000180025095e-35 940.57000000000016 2201.9000000000005 89.250000000000014 18.750000000000004 1295.3840000000002 73.250000000000014 28541.735416666666 1223.1040500000004 0.84375000000000011 4029.0482985757658 1012.5453645833335 916.70000000000016 344.35000000000008 4615.8452083333341 7.2250000000000005 5455.2718750000004 7887.687291666668 1447.5500000000002 88.250000000000014 1751.6564791666667 96.250000000000014 1.2500000000000002 0.031250000000000007 87.750000000000014 102.91500091552736 78.250000000000014 30654.250000000004 28337.697525 1217.7505000000003 33866.000000000007 11908.500208333333 214.75000000000003 95.750000000000014 14095.250000000002 227.25000000000003 1.2160000000000002 413.89078947368426 0.15625000000000003 1645.2922500000004 29.830000000000002 5.2500000000000009 86.750000000000014 0.15625000000000003 1047.4500000000003 28451.350000000002 28896.050043750005 8.6750000000000025 0.86458333333333337
decision_type=2 2 2 2 2 2 2 2 2 2 2 2 2 2 2 2 2 2 2 2 2 2 2 2 2 2 2 2 2 2 2 2 2 2 2 2 2 2 2 2 2 2 2 2 2 2 2 2 2
left_child=1 7 3 4 39 30 40 -1 -8 15 11 13 -12 -9 -10 29 41 -13 22 20 21 46 -6 28 25 -25 -26 -28 -24 -5 32 38 33 -2 -33 -34 37 -36 48 -3 -4 -17 -7 -14 -35 -23 -20 -31 -32
right_child=5 2 6 9 18 42 8 10 14 -11 12 17 43 -15 -16 16 -18 -19 19 -21 -22 45 23 24 26 -27 27 -29 -30 47 31 34 35 44 36 -37 -38 -39 -40 -41 -42 -43 -44 -45 -46 -47 -48 -49 -50
leaf_value=2.2595112580104408 -0.079431717099188004 0.80499423968980288 -0.17783937831571106 0.17949382609569056 -1.5303292269540942 -9.1953936071105868 -0.41489401161619277 0.010715517573503695 -2.1608318200748449 -0.010043702633535561 1.7246348583172459 0.089350754456822154 4.417289651356894 -0.29831419968128198 0.62983556187431489 1.1533211727371218 -0.07467280650219156 3.5606168399795686 1.5531943740666958 -0.013952598626733719 -0.0041059702340005538 0.014340526254896799 -4.5516210243383419 0.96236168650313747 0.031087876330521482 -2.1372844973379563 -3.6208918696535228 -0.016264196093941245 -0.18496782229436862 3.2552426670927335 -0.69859124990805355 -0.02029167886678521 0.26476670169166389 -0.0093493086915050171 0.1641119625004169 0.0067763474863368383 -0.073799051223277456 -0.0056864142213676836 -0.00044521429341391332 0.56919320732389211 -4.0611571120841337 0.81332164670546747 -9.956924855388916 5.6619143995372818 0.031486434619195522 -0.017468479408078268 0.57601120764182168 2.7774978028391799 -0.010193543499605365
leaf_weight=34 39 23 31 28 38 27 37 35 20 27 29 30 30 36 25 31 23 25 21 23 26 20 22 33 20 20 20 21 36 30 23 32 20 34 24 20 27 24 30 30 34 20 32 22 29 24 20 30 20
leaf_count=34 39 23 31 28 38 27 37 35 20 27 29 30 30 36 25 31 23 25 21 23 26 20 22 33 20 20 20 21 36 30 23 32 20 34 24 20 27 24 30 30 34 20 32 22 29 24 20 30 20
internal_value=-8.11808e-05 0.000554415 -0.000231924 0.000409556 -0.000579345 -0.00170604 -0.00278912 0.00294606 -0.000487805 0.00248677 0.00217391 0.000634921 0.0045679 -0.00239437 0.00244444 0.00333333 0.00108108 0.00454545 -0.00127907 0.000447761 0.00153153 0.00294118 -0.00238095 -0.00151163 0.000175439 0.00283019 -0.00213115 -0.00463415 -0.00482759 0.00522727 -0.000993789 -0.00211111 0.000422535 -0.000980392 -0.00046729 0.004 0.0012 0.00333333 -0.00452055 0.00396226 -0.00569231 0.00333333 -0.00559322 0.00692308 0.00111111 0 0.00609756 0.007 -0.00674419
internal_weight=1355 974 733 586 397 381 147 241 82 189 207 126 81 71 45 162 74 55 344 134 111 85 210 172 114 53 61 41 58 88 322 180 142 102 107 40 75 48 73 53 65 51 59 52 63 44 41 60 43
internal_count=1355 974 733 586 397 381 147 241 82 189 207 126 81 71 45 162 74 55 344 134 111 85 210 172 114 53 61 41 58 88 322 180 142 102 107 40 75 48 73 53 65 51 59 52 63 44 41 60 43
is_linear=0
shrinkage=0.01


Tree=11
num_leaves=53
num_cat=0
split_feature=5 69 24 43 39 28 72 43 39 30 83 17 8 17 39 79 88 26 67 77 20 83 79 93 22 91 43 8 34 79 34 84 30 23 72 20 24 56 82 23 73 10 46 5 84 34 26 26 30 25 34 28
split_gain=22.1965 16.494 12.124 10.6966 10.5326 13.4399 16.2121 9.78919 9.8521 9.36041 8.37872 8.13846 7.82623 7.78357 7.58025 11.8224 10.7605 11.2758 9.54774 8.31228 6.9559 6.86251 10.44 7.06815 8.72324 8.00772 8.30596 7.23055 8.69604 6.82107 6.72974 7.62925 6.2974 6.09781 6.05626 11.6016 5.90209 5.54113 5.31858 4.84848 4.69752 4.45548 3.94604 3.92567 3.87258 4.84 3.73515 9.07596 2.5 1.85185 1.6 1.05
threshold=3014.5800000000004 20964.150000000005 14.550000000000002 68.630001068115249 95.500000000000014 23.775000000000002 1461.4575000000002 67.235000610351577 134.75000000000003 64.250000000000014 2177.349999999999 203.80000000000004 413.02562415654523 105.90000000000002 215.75000000000003 612.53754906861298 7999.2702083333343 75.750000000000014 35625.700000000004 4076.5077576887334 813.35000000000002 708.54999999999939 531.69052354068083 415.73035603715175 94.250000000000014 28391.134068750005 90.034999847412124 414.0164473684211 97.750000000000014 287.51274085888821 54.750000000000007 233.95733333333337 99.250000000000014 90.750000000000014 0.97550000000000014 800.75000000000011 8.8750000000000018 -0.60785761079279388 452.08449999999999 99.750000000000014 956.25900000000013 37894.80000000001 104.20499801635744 1684.6600000000001 1065.2472604166669 50.750000000000007 23.750000000000004 1.0000000180025095e-35 98.250000000000014 166.75000000000003 81.750000000000014 21.575000000000006
decision_type=2 2 2 2 2 2 2 2 2 2 2 2 2 2 2 2 2 2 2 2 2 2 2 2 2 2 2 2 2 2 2 2 2 2 2 2 2 2 2 2 2 2 2 2 2 2 2 2 2 2 2 2
left_child=29 -2 4 -4 12 6 10 13 39 -8 44 38 -3 41 21 16 17 -16 49 20 -17 22 -10 24 27 -25 33 28 34 42 48 -32 -14 -27 37 36 -36 -23 -11 -9 43 -7 50 -33 51 -46 47 -5 -31 -18 -1 -6
right_child=1 2 3 46 5 7 9 8 14 11 -12 -13 32 -15 15 19 18 -19 -20 -21 -22 23 -24 25 -26 26 -28 -29 -30 30 31 40 -34 -35 35 -37 -38 -39 -40 -41 -42 -43 -44 -45 45 -47 -48 -49 -50 -51 -52 -53
leaf_value=-0.086508221437884614 3.1756140542390665 -1.8530996869402532 0.19899140663625881 -0.9182348570560962 4.3702965667154414 0.12604453061270876 2.3297352939384979 6.1545393411893841 1.5376624303260289 -3.186458276034565 0.015417058517155252 0.028157856678082505 -0.02075661358499449 -1.9395318653761842 -0.041137692401806855 -3.247941168130001 3.83603298896423 0.49108068532763122 0.0072470544065870073 -0.27936686361021906 3.0963328640876582 -0.0051023720780810919 -0.024154465596246677 -0.015700604937463961 -2.5153761777963091 -0.027498725026476604 1.9402066612932043 -0.079503791652068112 -0.68752512092813334 -5.5899881950496866 -0.028611772298721364 0.0005888683888824758 0.11833632297804635 0.13739755217083607 -0.020159312892969586 -6.9254680921114646 0.14190218024084408 3.8816426052806525 -0.36476489616595009 0.013694363843937277 -0.041587396431009886 -0.081523544050083191 -0.014585196550807403 4.1553202630028601 0.68327119435475125 3.1748270666436262 -0.83615236217769595 0.0083856790955633594 -0.732116361817715 5.9495169666164047 -2.301926051323631 0.73520450382745117
leaf_weight=20 28 38 23 34 28 27 24 22 21 22 33 20 21 26 20 28 27 24 29 20 25 20 20 38 26 34 20 36 38 20 20 20 26 37 31 24 20 22 23 33 28 29 22 21 20 25 22 33 20 27 20 20
leaf_count=20 28 38 23 34 28 27 24 22 21 22 33 20 21 26 20 28 27 24 29 20 25 20 20 38 26 34 20 36 38 20 20 20 26 37 31 24 20 22 23 33 28 29 22 21 20 25 22 33 20 27 20 20
internal_value=-0.000243542 0.000274914 8.80282e-05 -0.00303571 0.000429688 0.000734824 0.00293023 8.28729e-05 0.000498442 -0.000337079 0.0052381 -0.00230769 -0.00294118 -0.00317073 0.00011925 0.0017 0.00354331 -0.000454545 0.00566265 -0.00150685 0.000566038 -0.000697674 0.00317073 -0.00115607 -0.00225806 0.000697674 0.00230769 -0.00151832 -0.000580645 -0.00340314 -0.00209302 -0.000561798 -0.000212766 0.000704225 0.000769231 -0.000933333 0.00176471 0.00380952 -0.00466667 0.00454545 0.00101449 -0.00107143 -0.00612903 0.00317073 0.00677419 0.00466667 -0.00460674 -0.00343284 -0.0055 0.00814815 -0.008 0.00875
internal_weight=1355 1164 1136 112 1024 939 215 724 642 89 126 65 85 82 587 200 127 44 83 73 53 387 41 346 217 129 91 191 155 191 129 89 47 71 117 75 51 42 45 55 69 56 62 41 93 45 89 67 40 54 40 48
internal_count=1355 1164 1136 112 1024 939 215 724 642 89 126 65 85 82 587 200 127 44 83 73 53 387 41 346 217 129 91 191 155 191 129 89 47 71 117 75 51 42 45 55 69 56 62 41 93 45 89 67 40 54 40 48
is_linear=0
shrinkage=0.01


Tree=12
num_leaves=51
num_cat=0
split_feature=6 41 72 23 45 61 43 40 41 3 36 7 36 36 32 81 26 62 41 57 68 16 88 10 13 43 97 75 1 10 88 71 81 68 65 97 35 44 13 64 71 16 1 3 77 65 44 41 41 3
split_gain=23.2655 20.6282 19.6325 9.29375 8.69927 9.59915 12.3344 8.77499 8.51446 8.50787 8.03852 10.3483 9.62402 9.0426 7.86901 7.71252 7.68755 16.6766 7.25098 6.82037 6.62353 7.23325 7.04935 12.5208 8.55823 6.91429 6.38308 6.36581 6.07585 5.80492 5.71601 7.1594 5.54113 5.51687 7.19171 7.01299 5.84841 4.94608 4.80571 4.89314 4.31693 4.14584 3.94592 3.6 3.33064 2.98368 2.88208 2.75569 1.87234 1.75819
threshold=2984.3400000000006 65.750000000000014 1601.7 1.2500000000000002 25427.500000000004 26198.700000000001 79.985000610351577 75.750000000000014 61.250000000000007 16741.638500000005 83.250000000000014 42.705000000000005 90.250000000000014 92.250000000000014 111.75000000000001 4471.7510805839147 80.250000000000014 663.62750000000017 98.250000000000014 -0.56174490092936669 1.0000000180025095e-35 6267.6000000000013 9325.183750000002 33541.400000000009 6489.8500000000013 85.08499908447267 0.052083333333333336 226.02135333092824 15294.550000000001 31758.350000000002 4829.1168750000006 1216.0520000000004 3814.0189553576706 1467.0000000000002 30182.600000000002 0.17708333333333334 26.175000000000004 3.6290000677108769 8138.3000000000011 645.83400000000017 1199.9500000000003 5257.2000000000007 14908.950000000003 14355.650000000003 4204.3369398779751 29662.550000000003 4.2405002117156991 87.750000000000014 83.250000000000014 14135.600000000002
decision_type=2 2 2 2 2 2 2 2 2 2 2 2 2 2 2 2 2 2 2 2 2 2 2 2 2 2 2 2 2 2 2 2 2 2 2 2 2 2 2 2 2 2 2 2 2 2 2 2 2 2
left_child=30 2 4 -3 5 -2 7 28 46 10 14 16 15 26 -5 20 37 47 -17 -4 21 -13 24 -24 -22 -25 -14 -16 -7 49 31 33 -19 34 -1 -36 -35 44 -26 -40 -21 -28 -39 -33 48 -29 -8 -18 -12 -9
right_child=1 3 19 9 -6 6 8 29 -10 -11 11 12 13 -15 27 18 17 32 -20 40 22 -23 23 25 38 -27 41 45 -30 -31 -32 43 -34 36 35 -37 -38 42 39 -41 -42 -43 -44 -45 -46 -47 -48 -49 -50 -51
leaf_value=0.032214508792714806 1.9960411528779067 0.83442083619954566 0.023719126188958987 -0.2868116542949582 3.7468290061909739 -1.1024436541343154 7.6053778863777506 1.3436613851896317 0.0028549613866466804 -0.38274263561145816 -0.76037223133449805 -0.093632042083156869 -0.0070849659360357597 -0.99660950344793731 0.0015174152369165942 -0.025403218206685209 -1.5113930734019667 2.3528959095322888 0.15048798656526158 -3.3579020521946581 0.041140281533593892 -0.0024670575307752908 2.4994696954354803 -0.14327956678141346 -4.0310408252541619 0.033754917892257749 2.7898617368862908 0.02373756164930774 0.028986009466428441 -0.011303191272721893 -0.89069928969876555 0.085567148643998017 -0.011447703783565728 -5.5193513437511843 -0.035762291974410852 0.00025413040376100432 -2.1185101625626528 -2.5527922535265248 -7.6091989967647953 0.012910191895939923 -0.010888226769201008 2.0399591802728225 0.032632073841661231 -0.010362360698311389 -0.034732162777836674 2.603778846000925 0.37743499397978397 -0.038391781833431608 -0.86866579561230939 0.3986733241931596
leaf_weight=20 32 28 33 24 25 34 33 21 31 21 25 28 24 28 38 34 23 22 20 28 23 22 33 35 20 35 34 30 25 30 39 20 20 29 22 20 21 30 29 21 39 36 22 20 20 22 23 21 22 20
leaf_count=20 32 28 33 24 25 34 33 21 31 21 25 28 24 28 38 34 23 22 20 28 23 22 33 35 20 35 34 30 25 30 39 20 20 29 22 20 21 30 29 21 39 36 22 20 20 22 23 21 22 20
internal_value=-0.000273063 0.000257732 0.00219251 -0.000658228 0.00357664 0.00301205 0.00225806 0.000307692 0.00517241 -0.000866142 -0.000688259 -0.00113238 -0.000236967 0.00213115 0.00175439 -0.0012 -0.00297561 -0.000697674 0.00222222 -0.0016 -0.00195122 -0.0052 -0.00112245 0.000679612 -0.00311828 -0.00171429 0.00361702 0.00311111 -0.00254237 0.00267606 -0.00350785 -0.00263158 0.00380952 -0.00392857 -0.00193548 -0.00428571 -0.0064 -0.00462185 -0.00485714 -0.0032 -0.00343284 0.00514286 -0.00230769 0.001 -0.00641791 0.00538462 0.0075 -0.005 -0.00787234 0.00512195
internal_weight=1355 1164 374 790 274 249 217 130 87 762 741 627 422 122 114 300 205 86 54 100 246 50 196 103 93 70 94 90 59 71 191 152 42 112 62 42 50 119 70 50 67 70 52 40 67 52 56 44 47 41
internal_count=1355 1164 374 790 274 249 217 130 87 762 741 627 422 122 114 300 205 86 54 100 246 50 196 103 93 70 94 90 59 71 191 152 42 112 62 42 50 119 70 50 67 70 52 40 67 52 56 44 47 41
is_linear=0
shrinkage=0.01


Tree=13
num_leaves=53
num_cat=0
split_feature=69 5 70 24 88 69 24 40 24 34 33 44 73 29 88 19 21 24 57 13 46 19 61 89 26 23 21 3 35 88 70 42 81 42 27 89 38 34 69 34 69 29 17 33 27 21 16 91 21 40 23 36
split_gain=18.3536 15.0841 15.3804 11.5282 10.9179 14.5058 10.6851 9.21109 11.1982 9.98818 11.0221 8.92821 16.0806 8.41739 8.31751 8.18797 8.05497 8.00444 6.63492 6.19293 6.66994 5.77744 7.84149 5.59659 8.01183 7.14221 7.95673 6.67033 5.35335 5.18791 5.60556 5.50595 5.15714 5.00087 4.91393 4.89314 4.72028 4.61755 4.64035 8.17231 7.51705 5.07819 4.32213 4.2 3.61303 3.31579 3.23956 3.07875 2.96077 2.43203 1 0.942857
threshold=20964.150000000005 2999.7750000000005 1020.2010000000001 7.4750000000000005 5429.9989583333336 30745.100000000002 15.225000000000003 73.750000000000014 8.4750000000000032 80.750000000000014 15.250000000000002 8.4499998092651385 1340.2500000000002 88.250000000000014 6851.3543750000017 686.00000000000011 25.925000000000004 11.275000000000002 -0.22252093395631442 6350.9000000000005 103.43500137329103 372.25000000000006 29423.500000000004 1510.5682312500001 78.750000000000014 94.750000000000014 27.675000000000004 14656.699000000002 26.175000000000004 11278.258125 926.60550000000012 120.47499847412111 4205.260920873855 136.37500000000003 87.750000000000014 1384.5416812500002 5.6250000000000009 93.250000000000014 34567.400000000009 48.750000000000007 33090.600000000013 80.750000000000014 62.45000000000001 175.25000000000003 35.750000000000007 27.275000000000002 5954.3500000000013 33260.529493750008 25.175000000000004 102.25000000000001 92.750000000000014 80.250000000000014
decision_type=2 2 2 2 2 2 2 2 2 2 2 2 2 2 2 2 2 2 2 2 2 2 2 2 2 2 2 2 2 2 2 2 2 2 2 2 2 2 2 2 2 2 2 2 2 2 2 2 2 2 2 2
left_child=-1 37 6 4 18 14 11 19 -9 10 -10 12 16 32 -6 -11 21 50 51 20 44 22 -3 25 43 26 36 45 -19 30 31 -23 -7 -33 -26 -28 -18 38 39 -2 41 -41 -22 -25 -5 -27 -20 -29 -8 -43 -12 -4
right_child=1 2 3 7 5 13 48 8 9 15 17 -13 -14 -15 -16 -17 23 28 46 -21 42 29 -24 24 34 27 35 47 -30 -31 -32 33 -34 -35 -36 -37 -38 -39 -40 40 -42 49 -44 -45 -46 -47 -48 -49 -50 -51 -52 -53
leaf_value=3.0958508185003986 -3.077605035766231 0.098259889769877318 1.3883956579148446 -1.0267328499687169 0.085007297306433402 -0.015945223014875373 -7.3291607377148207 -0.032152877192398968 -0.067856049231839036 0.017593309074887386 4.8511211320860887 1.4823328915744731 -3.5184781164099559 -0.099658007036347918 3.4655003277612395 -0.045127623041924123 -0.021500919728457905 -0.0099250232617565624 0.0048649327574476651 1.790893502824938 -1.2784282194565526 -0.10680370157213426 -2.1130958202732524 0.0044825261698571463 -0.0015136241219290197 -1.7816183269749066 -0.32406250734942615 0.0058052195268006443 0.63503987840063203 5.9584052664022771 0.94108904669170113 2.0416143476331121 1.7031039700962507 -0.017198758889941095 4.5708326556750185 0.0034103277230696657 0.20172410547826983 -1.3465203250984776 -1.2831926282628456 -0.090632529346440727 0.023831725170288018 0.043082601876912478 0.033540216571996607 -0.067318740207598579 -1.3782235964285605 -0.023494159016122257 1.2487754743417276 -0.039980097630986658 -0.14916247935236396 -0.010582781582641927 2.4488519180445061 1.9530921276413495
leaf_weight=28 26 22 20 31 26 24 23 24 37 36 20 30 37 24 21 21 22 25 23 28 22 32 26 20 23 36 29 28 22 27 23 20 21 22 32 21 26 33 38 22 24 20 24 28 20 21 34 24 20 22 25 22
leaf_count=28 26 22 20 31 26 24 23 24 37 36 20 30 37 24 21 21 22 25 23 28 22 32 26 20 23 36 29 28 22 27 23 20 21 22 32 21 26 33 38 22 24 20 24 28 20 21 34 24 20 22 25 22
internal_value=-0.000154982 -0.000324039 0.000105079 0.00130909 0.00311628 0.00103448 -0.00101351 0.000149254 0.00142857 0.00225806 0.00379845 -0.000637523 -0.000944123 -0.00188406 0.00531915 -0.00122807 -0.000456432 0.00565217 0.00555556 -0.002 -0.00319588 0.00127907 -0.00166667 -0.00141935 0.000485437 -0.00236715 -0.000408163 -0.00412844 0.00276596 0.00241935 0.00134021 0 0.000666667 0.00238095 0.00309091 -0.0032 0.0025 -0.00297297 -0.00223684 -0.00122807 0.000227273 -0.0015625 -0.000434783 -0.0025 -0.00568627 -0.00649123 0.00333333 -0.00153846 -0.00581395 0.00047619 0.00866667 0.00857143
internal_weight=1355 1327 1142 550 215 116 592 335 210 186 129 549 519 69 47 57 482 92 99 125 97 172 48 310 103 207 98 109 47 124 97 74 45 42 55 50 48 185 152 114 88 64 46 48 51 57 57 52 43 42 45 42
internal_count=1355 1327 1142 550 215 116 592 335 210 186 129 549 519 69 47 57 482 92 99 125 97 172 48 310 103 207 98 109 47 124 97 74 45 42 55 50 48 185 152 114 88 64 46 48 51 57 57 52 43 42 45 42
is_linear=0
shrinkage=0.01


Tree=14
num_leaves=53
num_cat=0
split_feature=35 68 70 29 19 2 79 16 37 68 31 11 75 86 45 81 7 79 78 77 90 3 70 65 74 31 35 3 78 37 81 65 16 16 5 37 27 70 65 61 79 2 94 90 8 29 5 28 70 44 79 31
split_gain=12.934 10.1217 12.0992 11.9462 13.8397 12.044 10.5308 9.80168 9.46237 9.38017 8.48571 8.44014 8.32492 7.72633 7.34192 7.22671 7.53266 6.96777 7.34203 8.46061 8.95855 8.0032 6.79495 7.3699 6.76128 6.02826 6.39737 6.98182 5.7619 5.67794 6.91429 5.64843 5.58502 4.65532 8.50115 7.02363 6.15027 4.99352 12.7751 7.57498 6.82877 4.46429 6.41147 12.9326 4.06205 3.92 3.85333 3.77641 3.6 3.54632 2.85168 2.5
threshold=23.075000000000006 888.66700000000003 843.89450000000011 89.750000000000014 1556.9500000000003 2601.3500000000004 694.73576984235467 4066.2500000000005 27.750000000000004 1503.4000000000003 11.025000000000002 34623.400000000009 226.02135333092824 0.15150000000000002 24263.000000000004 3803.372932820062 17.605000000000004 694.73576984235467 243.18700347222224 4160.6782310793596 2303.4091500000009 15653.840500000002 1037.7275000000002 27497.700000000004 52.317645833333344 11.175000000000002 26.225000000000005 14430.1 594.73607986111119 97.250000000000014 4021.8627369982291 35738.150000000009 6468.5000000000009 5917.7000000000007 3096.6450000000004 74.250000000000014 112.75000000000001 919.17300000000012 29687.750000000004 33536.05000000001 564.02824773877865 2459.3790000000004 579186.91909687512 2278.5745500000007 416.63022048364161 93.250000000000014 4872.0250000000005 23.625000000000004 1480.5510000000002 3.185999989509583 531.69052354068083 8.3250000000000011
decision_type=2 2 2 2 2 2 2 2 2 2 2 2 2 2 2 2 2 2 2 2 2 2 2 2 2 2 2 2 2 2 2 2 2 2 2 2 2 2 2 2 2 2 2 2 2 2 2 2 2 2 2 2
left_child=9 2 8 5 13 11 7 10 -2 -1 -7 15 -4 -5 -6 16 -3 18 24 20 21 29 -13 -24 -10 26 -14 -28 -21 32 -31 33 -20 34 -9 -36 37 40 51 -40 -35 -15 45 48 -37 -43 -25 -16 -44 -41 -22 -39
right_child=1 3 12 4 14 6 -8 31 17 -11 -12 22 25 41 47 -17 -18 -19 19 28 50 -23 23 46 -26 -27 27 -29 -30 30 -32 -33 -34 36 35 44 -38 38 39 49 -42 42 43 -45 -46 -47 -48 -49 -50 -51 -52 -53
leaf_value=1.6638636436008727 -0.039770747440913884 -5.1492640974009589 -0.027402141017343153 2.7540824748919666 0.085689331279432804 1.9528553791635994 -7.6271726311127557 -2.6338589844905149 -0.0045783767098778842 -0.010164527552472059 -0.014170047900151502 -4.0736954671744119 8.7137264472819815 1.8477528597666526 -1.253304774198571 -4.3756408466702821 0.13901480874166253 0.016616692802539777 0.00031978685220794057 0.50759808774858617 -0.32082188227593195 -0.057122203237076098 0.085319085606168063 -0.024841136187769938 0.010763848922197825 0.0090763202214213124 0.00076346548617874598 3.4636843788061338 -0.015095961467423704 -0.017970165556590284 0.016202679080912233 -1.0317266996719068 8.3455874864124517 -2.8208035504955427 -0.23352911623804037 -0.34326914955232485 2.0386710813111124 0.37353718334883868 -0.02016902119819465 0.051147871713431228 0.014413392971007317 0.065590893043359591 -0.52867990915154994 0.21680671291184886 0.030909771357405087 2.0701541571406556 0.011083458085267518 -2.0797934446406088 -0.016054624009982123 -0.017052561604789882 -0.078707711314901646 0.029672991658541967
leaf_weight=32 28 23 33 32 25 20 38 20 21 21 22 33 34 28 38 38 20 23 33 25 23 21 22 30 37 20 24 20 35 21 24 20 20 21 23 38 22 20 25 20 29 25 20 22 35 25 20 20 20 22 24 20
leaf_count=32 28 23 33 32 25 20 38 20 21 21 22 33 34 28 38 38 20 23 33 25 23 21 22 30 37 20 24 20 35 21 24 20 20 21 23 38 22 20 25 20 29 25 20 22 35 25 20 20 20 22 24 20
internal_value=-0.000125461 -0.000322581 0.000858369 -0.000980861 0.000823529 -0.00177281 -0.00078481 -0.000252101 -0.000149254 0.00471698 0.00428571 -0.00387097 0.00343511 0.00244186 -0.00253012 -0.0062963 -0.00348837 0.000358306 -7.04225e-05 -0.000884956 -0.00204819 -0.000588235 -0.002 -0.000277778 0.00310345 0.00489796 0.00615385 0.00363636 0.00233333 0.000612245 -0.002 -0.000857143 0.00283019 -0.000508475 -0.00206897 -0.000833333 0.000502793 -0.000191083 0.00102804 -0.00164179 -0.0028 0.00142857 0.000535714 -0.0016129 0.000684932 0.0032 -0.0024 -0.00448276 -0.005 0.000952381 -0.00574468 0.0055
internal_weight=1355 1302 466 836 255 581 395 357 335 53 42 186 131 172 83 81 43 307 284 226 166 119 105 72 58 98 78 44 60 98 45 315 53 295 116 96 179 157 107 67 50 140 112 62 73 50 50 58 40 42 47 40
internal_count=1355 1302 466 836 255 581 395 357 335 53 42 186 131 172 83 81 43 307 284 226 166 119 105 72 58 98 78 44 60 98 45 315 53 295 116 96 179 157 107 67 50 140 112 62 73 50 50 58 40 42 47 40
is_linear=0
shrinkage=0.01


Tree=15
num_leaves=52
num_cat=0
split_feature=95 34 68 68 14 21 76 70 90 56 60 23 2 91 29 17 44 1 71 34 44 6 20 70 37 2 1 61 60 39 71 82 1 93 17 93 77 39 37 44 21 20 6 6 5 5 36 25 14 34 14
split_gain=13.4024 14.7101 16.1726 11.2562 11.1789 11.3061 10.7089 10.1011 8.97408 8.57352 8.54264 10.5932 8.51278 9.91029 8.40844 7.8183 7.70979 7.688 7.44615 7.25001 6.74291 6.45466 6.3883 6.59984 8.77276 6.12114 5.63588 13.9314 9.61521 5.52513 5.79427 11.0314 7.75221 6.43282 5.28498 4.84848 4.75152 4.46839 4.45455 3.92727 3.72469 6.61151 3.52916 7.174 2.79894 2.61905 2.56 2.5 2.5 2.36511 1.718
threshold=1.0000000180025095e-35 98.250000000000014 1346.5740000000003 1681.0000000000002 16067.450000000003 17.875000000000004 25492.792708333334 1304.0115000000003 1260.3559500000003 -0.8783796973249266 986.62100000000009 94.250000000000014 3132.5360000000005 28172.129700000001 87.750000000000014 152.95000000000002 2.5984998941421513 13797.950000000003 1107.2235000000003 85.750000000000014 2.8545000553131108 3717.3850000000007 132.50000000000003 686.34850000000017 79.250000000000014 3267.4500000000003 16108.050000000001 35424.350000000013 1405.9160000000004 238.25000000000003 1.1980000000000002 -0.15599999999999994 15178.800000000001 413.47486842105269 129.10000000000002 420.46513157894742 3906.0113154911 219.75000000000003 83.250000000000014 2.6269999742507939 25.575000000000006 1565.1000000000001 6846.4700000000012 4861.6150000000007 4989.9000000000005 5694.8050000000012 86.750000000000014 132.25000000000003 12570.250000000002 63.750000000000007 16222.150000000001
decision_type=2 2 2 2 2 2 2 2 2 2 2 2 2 2 2 2 2 2 2 2 2 2 2 2 2 2 2 2 2 2 2 2 2 2 2 2 2 2 2 2 2 2 2 2 2 2 2 2 2 2 2
left_child=3 2 17 6 5 21 -1 -6 16 19 22 40 13 -13 45 -7 47 -2 46 38 -18 -4 -11 29 -25 49 28 -28 42 30 31 -24 33 -33 -34 -16 48 39 -10 -36 41 -12 43 -22 -38 -9 -5 -8 -17 -19 -51
right_child=1 -3 4 18 7 15 8 14 9 10 11 12 -14 -15 35 36 20 25 -20 -21 26 -23 23 24 -26 -27 27 -29 -30 -31 -32 32 34 -35 37 -37 44 -39 -40 -41 -42 -43 -44 -45 -46 -47 -48 -49 -50 50 -52
leaf_value=0.88606881844449514 -0.022138295590310494 -0.54820090578213543 -2.8470883951429795 -5.4665546643996619 -0.96286791931509197 -0.042487044671976691 0.76297326954536082 0.98516913348343793 -0.018084403197889013 -1.0421310879255234 -0.012221925644971626 0.061254036822786379 0.10103480917389458 -2.6364245730394194 1.266255958001737 0.0029049994747516027 -1.633868403619527 3.6593609048669631 -0.019427521682427635 0.052803382354565075 -2.0851472784619398 -0.0062080374244419968 0.19879293331258546 2.4433728167470026 -0.019132481818071784 1.9862883783077991 1.4142517837683579 -0.098281888383565802 0.011025844917540096 0.034372358044971338 -2.0003837483315183 -0.027566063388261678 -3.755521613310882 0.019409196104761411 0.00093134595377921683 -0.0091905970217572418 0.053722726603829665 -0.057231417496920643 0.079114298887292808 -0.3350674057594496 2.3840945166084699 2.213163677063072 -2.6403805568930254 -0.090031029014395983 0.025099156205715185 1.7289225580082468 -12.68735032824123 -0.026316280836054886 -0.0016346670776312302 3.3659454332753973 5.3881495262607473
leaf_weight=39 25 34 27 20 27 39 20 22 22 24 23 35 32 27 20 20 28 25 20 27 23 29 29 23 35 34 24 34 38 20 26 24 38 26 33 24 27 23 22 22 23 22 37 36 21 20 25 20 20 21 20
leaf_count=39 25 34 27 20 27 39 20 22 22 24 23 35 32 27 20 20 28 25 20 27 23 29 29 23 35 34 24 34 38 20 26 24 38 26 33 24 27 23 22 22 23 22 37 36 21 20 25 20 20 21 20
internal_value=-0.000370909 0.00103297 0.00154394 -0.00106522 0.00027027 -0.00125683 -0.000760234 0.00274336 -0.0010049 -0.00028777 -0.000762887 0.00111111 -0.00106383 -0.00322581 0.0044186 0.000393701 -0.00253846 0.00456 -0.00507692 0.00295775 -0.00327273 -0.005 -0.00170279 -0.00130435 0.00172414 0.0058 -0.00260417 0 -0.00373134 -0.0020332 -0.00248869 -0.00189744 -0.00289157 0.0004 -0.00431034 0.00136364 0.00204545 -0.00282051 0.000454545 -0.00127273 0.00411765 0.00244444 -0.00541667 -0.00389831 0.00416667 0.00761905 -0.00733333 0.0015 -0.0005 0.00757576 0.00609756
internal_weight=1375 455 421 920 296 183 855 113 816 556 485 162 94 62 86 127 260 125 65 71 220 56 323 299 58 100 192 58 134 241 221 195 166 50 116 44 88 78 44 55 68 45 96 59 48 42 45 40 40 66 41
internal_count=1375 455 421 920 296 183 855 113 816 556 485 162 94 62 86 127 260 125 65 71 220 56 323 299 58 100 192 58 134 241 221 195 166 50 116 44 88 78 44 55 68 45 96 59 48 42 45 40 40 66 41
is_linear=0
shrinkage=0.01


Tree=16
num_leaves=54
num_cat=0
split_feature=80 1 76 73 73 72 84 41 25 70 60 82 41 79 19 93 46 8 80 84 24 46 13 81 1 97 22 31 93 73 29 97 66 29 22 1 90 83 26 79 13 25 19 22 93 80 39 1 25 22 39 13 31
split_gain=12.7305 13.3422 9.72197 10.0457 18.0461 11.7129 12.7658 9.05533 11.3169 10.0749 8.5928 8.50914 7.83255 8.07474 7.86515 8.23958 7.76219 7.67216 10.4379 9.22542 8.24319 8.26531 7.57863 7.44802 7.88433 7.44274 7.23325 6.87387 7.21501 6.79409 6.49527 9.81164 6.14902 6.80886 6.12505 6.09524 5.71429 5.62637 5.53233 17.8182 5.5102 5.85728 5.3307 5.24097 4.90023 4.21607 3.39394 2.81069 2.71515 2.53968 2.32288 1.6 0.981818
threshold=23692.855555555561 13949.550000000001 41087.19062500001 1457.2285000000004 1581.2500000000002 1682.1500000000003 320.47737500000005 80.750000000000014 18.750000000000004 963.10000000000014 848.50000000000011 -0.11949999999999998 59.250000000000007 313.51703309567023 296.20000000000005 404.44289285714291 104.814998626709 421.42618421052634 33894.89548611112 474.86180208333343 9.7750000000000021 104.11500167846681 4812.6000000000013 4146.1584429981513 14333.050000000001 0.093750000000000014 89.250000000000014 10.575000000000001 418.85580369843535 757.62600000000009 74.750000000000014 0.53125000000000011 1602.2500000000002 87.750000000000014 84.250000000000014 13197.85 1645.2922500000004 2318.0500000000015 7.7500000000000009 610.27689489066722 12936.100000000002 151.25000000000003 862.35000000000014 87.750000000000014 402.89312698412704 31743.809722222224 179.25000000000003 15161.100000000002 185.75000000000003 89.750000000000014 152.25000000000003 5024.9000000000005 4.8750000000000009
decision_type=2 2 2 2 2 2 2 2 2 2 2 2 2 2 2 2 2 2 2 2 2 2 2 2 2 2 2 2 2 2 2 2 2 2 2 2 2 2 2 2 2 2 2 2 2 2 2 2 2 2 2 2 2
left_child=-1 7 3 5 50 6 11 8 49 10 35 -3 27 30 -15 47 46 18 37 26 21 40 32 24 -6 -4 -20 28 52 42 -14 -32 33 -11 -25 -10 -22 -17 -7 -40 41 -21 44 -26 -9 -36 -13 -16 -48 -2 -5 -12 -8
right_child=1 2 25 4 23 38 12 29 9 22 51 16 13 14 15 17 -18 -19 19 20 36 -23 -24 34 43 -27 -28 -29 -30 -31 31 -33 -34 -35 45 -37 -38 -39 39 -41 -42 -43 -44 -45 -46 -47 48 -49 -50 -51 -52 -53 -54
leaf_value=1.6534153309520145 -6.8526609067280493 0.19680500397945963 -0.021261884346433783 -3.8840393930741208 0.19692308804074465 -2.6616901006527853 2.4855433886301612 -0.020291762540463987 0.86324450018192211 -0.17836156112130525 -1.3213003361351778 -0.0067812289520858774 2.4189390885795325 2.6167975899235576 -0.015672681454771673 1.5673707016811418 0.0032592724970791987 -0.039603700076394126 0.0058331032421224515 -0.065407942823652393 -0.090737214006671577 1.6746053792459794 2.0904814097855082 -0.016832874178187813 0.0077334800556088691 -3.7447023406733129 1.1658863852357562 0.0076515714292562367 1.0538074493415746 -2.9090745352227594 -0.86872946409210672 0.022080865159131071 -0.024823649287011827 1.1907704901413256 0.027080225174291137 -0.21402354678843399 -0.0029474525122206484 3.8526339953881585 0.52043681987949508 -12.844059023796186 0.084491987130728821 0.0061927258453587713 0.016790730918105991 -0.017008748174007996 -3.4457928822800032 -0.01876474751632199 -1.2865282706049141 -3.599630160388636 -0.045425954610492376 -0.63557930601957124 -3.4161525750051824 -0.093683956769683302 1.4775066888253616
leaf_weight=36 21 25 21 20 21 25 20 25 21 20 20 22 21 38 20 39 35 28 22 20 21 28 31 24 34 20 28 29 28 38 35 26 34 31 22 21 24 24 22 22 21 29 23 35 29 24 22 21 20 24 21 20 24
leaf_count=36 21 25 21 20 21 25 20 25 21 20 20 22 21 38 20 39 35 28 22 20 21 28 31 24 34 20 28 29 28 38 35 26 34 31 22 21 24 24 22 22 21 29 23 35 29 24 22 21 20 24 21 20 24
internal_value=-0.000312727 -0.0004705 0.000132518 0.000340426 -0.00164179 0.000879567 0.00128358 -0.00212291 -0.00102881 0 -0.00268293 -0.0016129 0.00194139 0.00137079 0.00201102 0.00150769 -0.00292929 0.00211268 0.00265625 0.00150259 0.00020979 0.00183673 0.00189655 -0.000125 0.00177778 -0.00463415 0.0052 0.00445545 0.00611111 -0.00443478 -0.00146341 -0.00311475 0.000352941 0.00254902 -0.00257143 0.00047619 -0.00333333 0.00619048 -0.00304348 -0.000909091 0 -0.00183673 -0.00272727 0.000144928 -0.00444444 -0.000434783 -0.005 -0.00268293 -0.00666667 -0.00555556 -0.00756098 -0.006 0.00863636
internal_weight=1375 1339 981 940 201 739 670 358 243 198 82 124 546 445 363 325 99 284 256 193 143 98 116 160 90 41 50 101 72 115 82 61 85 51 70 42 45 63 69 44 70 49 77 69 54 46 64 41 42 45 41 40 44
internal_count=1375 1339 981 940 201 739 670 358 243 198 82 124 546 445 363 325 99 284 256 193 143 98 116 160 90 41 50 101 72 115 82 61 85 51 70 42 45 63 69 44 70 49 77 69 54 46 64 41 42 45 41 40 44
is_linear=0
shrinkage=0.01


Tree=17
num_leaves=55
num_cat=0
split_feature=69 62 5 68 82 68 19 4 83 37 6 40 11 83 92 98 61 78 62 30 20 19 72 35 27 14 38 66 69 10 10 32 81 87 4 40 40 20 78 38 7 34 78 34 35 11 31 41 56 24 41 19 4 4
split_gain=15.1884 11.0277 17.6899 12.7884 11.373 10.1044 13.2277 9.27718 8.91491 8.81053 13.4458 10.9079 8.77945 9.07526 8.05468 7.88492 10.3655 7.25311 7.95031 6.61789 7.15605 11.9335 8.67097 6.54031 6.97137 6.21431 6.10501 9.24176 6.05728 5.9798 6.13557 5.88 5.65714 5.29265 7.97872 6.42821 5.1014 5.09827 5.09031 4.8 4.69158 4.36364 5.81818 4.3482 4.29154 3.79522 3.65714 3.64219 3.46592 3.43636 3.27273 2.98814 2.14077 1.6
threshold=20727.850000000002 1250.4000000000003 2346.9900000000002 997.60000000000014 41.639000000000017 1457.2285000000004 1059.5000000000002 3449.7650000000008 2949.6000000000008 70.250000000000014 5045.8500000000013 54.250000000000007 34578.650000000001 2485.0500000000015 20827.786243750004 0.36458333333333343 31888.600000000002 912.37950347222238 889.31700000000012 44.750000000000007 847.75000000000011 1473.5000000000002 1049.9945000000002 29.125000000000004 77.750000000000014 16698.700000000004 4.6750000000000016 704.00000000000011 28429.650000000005 32369.050000000003 28389.700000000004 263.50000000000006 4182.2746060945983 0.40625000000000006 11501.250000000002 157.25000000000003 115.75000000000001 1373.95 798.18668055555565 7.3250000000000011 20.765000000000004 87.750000000000014 999.95628472222234 100.75000000000001 24.775000000000002 37060.55000000001 7.5750000000000011 72.250000000000014 -1.0000000180025095e-35 9.0250000000000021 61.750000000000007 1114.7500000000002 12861.465000000002 3201.5700000000006
decision_type=2 2 2 2 2 2 2 2 2 2 2 2 2 2 2 2 2 2 2 2 2 2 2 2 2 2 2 2 2 2 2 2 2 2 2 2 2 2 2 2 2 2 2 2 2 2 2 2 2 2 2 2 2 2
left_child=-1 3 45 4 8 15 7 46 17 39 11 -11 13 48 -14 40 28 18 23 -16 41 22 -22 24 26 -23 -2 32 -17 30 -9 -19 -28 34 -26 36 37 43 -6 53 -4 42 -21 -35 -42 -3 -7 -18 -5 -24 -13 -38 -10 -8
right_child=1 2 5 12 38 6 9 29 52 10 -12 50 14 -15 19 16 47 31 -20 20 21 25 49 -25 33 -27 27 -29 -30 -31 -32 -33 -34 35 -36 -37 51 -39 -40 -41 44 -43 -44 -45 -46 -47 -48 -49 -50 -51 -52 -53 -54 -55
leaf_value=3.542180663054225 -2.5982557945167071 -2.0571737321949728 2.364863248812247 -5.0900927546864327 7.7958041093675954 0.80700954637669631 -1.5595788233367964 1.0440617190101698 0.09066612177266975 0.027495288486561353 0.3767310841890042 -0.39281516472350447 -1.8377926984650521 0.010434187674952432 0.079418454611893743 -0.96187811157260827 1.9249658387403379 -0.20674536030488802 0.57018555407928651 -2.8223839641049411 8.0422131794920713 -5.9565970790185396 0.17162453397796074 0.011583572053863858 -0.030567314672937346 -0.011550857873316675 -0.022796930403546356 0.9190019030646136 0.3355641072764402 0.027657964097253834 -0.02834962392149663 -0.062546616781175388 0.029892270928076777 0.0079346015675624271 3.3388880277493591 0.016232985316639813 -0.13874531681397012 -2.0037036985835925 0.18280144915970908 -0.015279696170949411 3.3044947322821088 -3.7495039395788803 0.039088808699162321 -0.056805850711790423 1.6611263560311744 -0.0038294876011845821 0.44538621744488593 0.028049702857840173 -6.2349655764366867 -1.1449450010129441 -0.011675100328246025 -0.1386772860743343 2.6003934423687634 -2.7756285088880053
leaf_weight=24 26 23 23 34 20 21 20 21 21 23 28 22 30 22 36 24 32 30 21 22 20 21 22 21 27 34 33 28 25 32 30 20 30 33 20 21 23 21 39 20 22 22 22 20 36 21 24 33 29 20 22 21 20 20
leaf_count=24 26 23 23 34 20 21 20 21 21 23 28 22 30 22 36 24 32 30 21 22 20 21 22 21 27 34 33 28 25 32 30 20 30 33 20 21 23 21 39 20 22 22 22 20 36 21 24 33 29 20 22 21 20 20
internal_value=-0.000385455 -0.000525537 0.000613027 -0.00124246 -0.000222222 0.00117155 -3.53357e-05 0.00234375 -0.000779817 -0.002 -0.000105263 -0.00253731 -0.00275449 -0.00552941 -0.00180723 0.00292308 0.00122807 -0.00124051 -0.000724638 -0.00114155 -0.00191257 -0.00042735 0.00258065 -0.00111111 -0.00148515 -0.00381818 0.00042735 0.00164835 -0.0022449 0.000361446 -0.00176471 -0.0048 -0.00047619 -0.00268817 0.000212766 -0.00366906 -0.00457627 -0.00297297 0.00389831 -0.005 0.00530864 -0.00454545 -0.00272727 -0.00132075 0.0037931 -0.00545455 0.006 0.00384615 -0.00746032 0 -0.00545455 -0.00727273 0.00365854 -0.007
internal_weight=1375 1351 522 829 495 478 283 128 436 155 95 67 334 85 249 195 114 395 345 219 183 117 62 324 303 55 117 91 49 83 51 50 63 186 47 139 118 74 59 60 81 66 44 53 58 44 45 65 63 42 44 44 41 40
internal_count=1375 1351 522 829 495 478 283 128 436 155 95 67 334 85 249 195 114 395 345 219 183 117 62 324 303 55 117 91 49 83 51 50 63 186 47 139 118 74 59 60 81 66 44 53 58 44 45 65 63 42 44 44 41 40
is_linear=0
shrinkage=0.01


Tree=18
num_leaves=55
num_cat=0
split_feature=95 72 80 72 98 70 23 73 38 41 38 81 35 24 17 33 40 83 41 77 35 83 10 41 23 67 40 10 26 33 98 65 40 2 17 81 33 80 10 2 10 38 8 63 32 65 79 10 44 67 73 13 0 0
split_gain=18.257 15.4607 11.5865 10.3807 9.57144 8.79175 13.8864 9.06985 8.00476 8.07215 7.59054 7.52031 6.97811 6.80828 6.73247 6.61369 8.43127 6.77966 9.43704 8.20872 7.78062 6.08444 5.87067 6.46697 6.66063 7.24541 6.94803 7.86496 6.88236 6.35371 7.26264 6.96327 6.00596 7.73244 5.95994 5.50142 5.77697 9.13718 5.22648 4.75463 4.64085 4.86007 4.5248 4.47831 4.41075 4.14857 3.70413 3.65714 3.47037 2.46767 2.38409 1.83203 1.6 0.4
threshold=1.0000000180025095e-35 1458.5980000000002 24176.665277777782 1674.7500000000002 0.47569444444444448 963.10000000000014 99.750000000000014 1340.2500000000002 8.4750000000000032 77.750000000000014 5.0750000000000011 3965.2638531829939 29.125000000000004 9.1750000000000025 125.55000000000001 27.250000000000004 51.750000000000007 2663.1500000000001 61.250000000000007 3995.0372167181936 26.575000000000006 2126.4999999999986 27472.000000000004 110.25000000000001 5.2500000000000009 31978.650000000005 109.25000000000001 35453.500000000007 8.7500000000000018 33.250000000000007 0.038194444444444454 31990.250000000004 144.25000000000003 3245.6000000000004 170.80000000000004 4547.688914028312 153.75000000000003 30698.39409722223 35582.850000000006 2976.7500000000005 29331.200000000004 7.3250000000000011 404.688253968254 25679.050000000007 79.250000000000014 29408.350000000002 420.77450383154456 31582.700000000004 2.7565000057220463 36253.700000000004 728.53150000000016 6489.8500000000013 34040.200000000004 31110.250000000004
decision_type=2 2 2 2 2 2 2 2 2 2 2 2 2 2 2 2 2 2 2 2 2 2 2 2 2 2 2 2 2 2 2 2 2 2 2 2 2 2 2 2 2 2 2 2 2 2 2 2 2 2 2 2 2 2
left_child=2 4 -1 5 42 7 10 12 9 -6 13 -8 22 -7 -5 16 -3 18 48 20 -20 -22 -4 24 -24 26 43 47 34 -30 31 -31 39 -34 38 36 37 -12 -27 -32 -18 -42 -2 -26 -13 53 -46 -28 -17 -41 -45 -9 -25 -44
right_child=1 15 3 14 8 6 11 51 -10 -11 35 44 -14 -15 -16 17 40 -19 19 -21 21 -23 23 52 25 28 27 -29 29 30 32 -33 33 -35 -36 -37 -38 -39 -40 49 41 -43 45 50 46 -47 -48 -49 -50 -51 -52 -53 -54 -55
leaf_value=2.0512913574507547 0.14621654052331798 0.072131446809441543 0.33977951536538337 -5.4727187887273594 0.05706051905106712 0.73791176854031659 0.058548472778917518 -4.1151126946848127 1.365062437035012 -0.093185482939369263 0.11598420771511325 -3.6949103059019737 0.011467736333325219 -0.20803471868772455 -3.1364936047465335 0.67098749599226226 -4.9766038674229574 0.033008554022387913 -0.48786375884043764 0.024164366800701675 0.023899551701893076 -0.0075933515616501794 0.52893035077504791 0.00020669671094051948 -0.12712085552061791 0.0031414242010175748 -0.031984800588308729 -0.19769192042133515 0.041327382728202071 -0.20472384298299623 -0.8618701839427827 0.098318302347710759 0.042087527318466614 -0.041505676953802605 -0.037197875127792684 4.7265030304843751 2.4506420639784525 -2.264634698767062 1.6021545187051072 -0.030261641526207972 -0.57520377375527953 0.013194972224007857 4.719536530541582 -1.9836666615977567 -0.43299486567328926 2.8501092779852004 0.036068989889325234 0.064295370545720321 0.0096095687050097457 -8.3457760603900493 -1.684541373280996 -4.1196724334744532 0.11250198547760293 5.9242141825171482
leaf_weight=21 31 23 28 30 37 34 38 22 24 23 25 31 21 20 33 20 20 27 23 26 20 25 23 20 27 20 21 23 20 21 33 32 26 23 20 20 22 22 21 27 37 21 20 31 23 35 24 24 23 22 32 20 20 20
leaf_count=21 31 23 28 30 37 34 38 22 24 23 25 31 21 20 33 20 20 27 23 26 20 25 23 20 27 20 21 23 20 21 33 32 26 23 20 20 22 22 21 27 37 21 20 31 23 35 24 24 23 22 32 20 20 20
internal_value=-0.000341818 0.0012967 -0.00115217 -0.00132369 0.00347368 -0.00102871 0.000501931 -0.00171577 0.000952381 -0.001 0.00258741 -0.00206897 -0.00136449 -0.00037037 -0.0052381 -0.000264151 -0.00227723 0.00097561 7.29927e-05 -0.00170213 -0.00352941 -0.00111111 -0.00159533 -0.00185185 -0.00219731 -0.00248227 -0.00417722 -0.00176471 -0.0014717 -0.00235294 -0.00293478 0.000188679 -0.00419847 -0.00142857 0.00147541 0.00438202 0.00304348 0.00106383 0.00365854 -0.00585366 -0.00384615 -0.00241379 0.0054717 -0.006 -0.00384615 0.0068 -0.00191489 0.000666667 0.00395349 -0.00387755 -0.00746032 -0.00619048 0.002 0.009
internal_weight=1375 455 920 899 190 836 259 577 84 60 143 116 535 54 63 265 101 164 137 94 68 45 514 486 446 423 158 68 265 204 184 53 131 49 61 89 69 47 41 82 78 58 106 90 78 75 47 45 43 49 63 42 40 40
internal_count=1375 455 920 899 190 836 259 577 84 60 143 116 535 54 63 265 101 164 137 94 68 45 514 486 446 423 158 68 265 204 184 53 131 49 61 89 69 47 41 82 78 58 106 90 78 75 47 45 43 49 63 42 40 40
is_linear=0
shrinkage=0.01


Tree=19
num_leaves=52
num_cat=0
split_feature=60 5 98 86 7 26 74 35 64 21 65 22 83 76 1 74 73 32 4 86 71 64 1 80 37 5 95 57 39 39 63 43 70 20 63 20 73 22 35 39 38 8 13 76 43 35 66 60 22 2 39
split_gain=15.1487 20.4214 13.9285 14.788 11.0688 10.7168 10.497 9.43669 8.83821 8.21304 10.2426 10.0484 9.10466 8.8938 11.972 8.22948 7.86797 7.84374 8.56706 7.43072 9.83278 7.29157 8.01562 7.20929 12.3243 7.03685 10.761 6.32218 6.29093 7.84326 6.14179 5.87061 5.82642 5.77193 5.70758 5.68052 5.54667 6.33549 5.35163 5.33333 5.30438 5.2842 4.93958 4.25076 7.84854 4.15738 3.71561 3.23 2.87234 2.28317 2.25017
threshold=1395.4000000000003 4026.2100000000005 0.66319444444444453 1.0770000000000002 97.790000000000006 1.2500000000000002 52.317645833333344 28.375000000000004 1251.0205000000003 23.225000000000005 31794.800000000003 74.250000000000014 2922.0500000000015 31835.631250000002 15743.900000000003 1222.451822916667 1.1355000000000002 108.25000000000001 5293.8700000000008 1187.3400000000004 1277.5695000000003 852.00000000000011 14069.35 27810.113541666669 95.750000000000014 7387.4450000000006 1.0000000180025095e-35 -0.56174490092936669 125.25000000000001 152.25000000000003 29998.000000000004 77.604999542236342 971.05050000000017 787.55000000000007 26267.850000000002 1469.0000000000002 678.78550000000007 87.750000000000014 26.975000000000005 233.75000000000003 3.8250000000000006 414.1830263157895 5822.0500000000002 36923.995833333342 69.719997406005874 26.525000000000002 1409.1010000000003 791.98750000000007 86.750000000000014 2837.8500000000004 165.25000000000003
decision_type=2 2 2 2 2 2 2 2 2 2 2 2 2 2 2 2 2 2 2 2 2 2 2 2 2 2 2 2 2 2 2 2 2 2 2 2 2 2 2 2 2 2 2 2 2 2 2 2 2 2 2
left_child=5 19 4 -4 27 8 -7 9 23 10 11 42 13 21 33 36 -14 -5 -19 20 30 22 -11 -1 45 26 -6 -3 -22 -30 -2 -21 47 48 -24 -28 40 -38 -35 -9 -16 -26 -8 -42 -45 -25 -34 -13 -15 50 -29
right_child=1 2 3 17 25 6 7 39 -10 12 -12 32 16 14 15 -17 -18 18 -20 31 28 -23 34 24 41 -27 35 49 29 -31 -32 -33 46 38 -36 -37 37 -39 -40 -41 43 -43 -44 44 -46 -47 -48 -49 -50 -51 -52
leaf_value=0.99421676976065354 -3.1051286686990682 1.6452077963440916 -0.02340960365305636 1.1905372813193904 -0.11879655503389257 -2.8316203790989283 -3.3744660847831631 0.0076713624754881317 -1.0953774275641552 -3.8889303636652164 1.8222408118907161 0.050915004599252647 3.8170577244495592 -0.75275431528141246 0.090413705529445207 0.45748279432507633 -0.082958079342527941 -0.01672955539556497 1.2093686385945248 -0.0060438821580697886 -0.46778319069131352 0.93928048638603945 0.15306436961849523 -3.3060054639547145 -0.31082894899591335 3.3604076609220823 -0.22052946844158439 1.5378330945796308 0.45359091749397823 0.0040218485896710019 -0.014529232752614796 -0.014690708079502995 1.0958572840758423 -0.0013781137617604488 -0.0059488907207215962 0.028888514913008336 -5.36325285718695 -0.047429025305170125 -0.02288220088466348 0.15444995030933137 0.0045370874872890064 0.03652615902820909 -0.27703129315237834 0.00300653658603836 -1.5639544913842207 -0.82934690089298957 0.054543570444131384 -1.1945046599126701 -3.3224163979357355 3.4280686062264265 0.4988622448269745
leaf_weight=27 23 33 33 22 23 28 21 30 39 38 27 21 25 20 20 20 23 38 24 27 27 31 20 27 22 38 20 26 20 31 37 20 27 37 23 22 20 23 25 20 38 21 23 30 37 25 21 23 27 32 20
leaf_count=27 23 33 33 22 23 28 21 30 39 38 27 21 25 20 20 20 23 38 24 27 27 31 20 27 22 38 20 26 20 31 37 20 27 37 23 22 20 23 25 20 38 21 23 30 37 25 21 23 27 32 20
internal_value=-0.000152727 0.00120155 0.00268882 -8.54701e-05 0.00420561 -0.00096624 -0.000429799 -0.000179104 -0.00329193 -0.000516129 0.00141104 0.000294118 -0.0012035 -0.00168704 -0.00259259 -0.00106383 0.00291667 0.00214286 0.000322581 -0.00145946 -0.000289855 0.000714286 -0.000864198 -0.00196721 -0.00326316 0.00184466 -0.000153846 0.0063964 0.00205128 0.00411765 -0.00333333 -0.00489362 0.00217391 -0.00522936 0.00209302 0.00285714 -0.00178571 -0.00488372 -0.00322581 0.004 -0.00072 0.000697674 -0.00363636 -0.00161905 -0.00313433 -0.00653846 0.00458333 -0.000454545 -0.00787234 0.00794872 0.00652174
internal_weight=1375 516 331 117 214 859 698 670 161 620 163 136 457 409 297 188 48 84 62 185 138 112 81 122 95 103 65 111 78 51 60 47 92 109 43 42 168 43 62 50 125 43 44 105 67 52 48 44 47 78 46
internal_count=1375 516 331 117 214 859 698 670 161 620 163 136 457 409 297 188 48 84 62 185 138 112 81 122 95 103 65 111 78 51 60 47 92 109 43 42 168 43 62 50 125 43 44 105 67 52 48 44 47 78 46
is_linear=0
shrinkage=0.01


Tree=20
num_leaves=49
num_cat=0
split_feature=22 34 78 96 32 73 70 65 13 20 67 75 2 22 23 73 67 13 2 39 28 95 39 38 73 22 39 36 36 81 30 67 28 28 22 39 11 93 34 59 25 17 16 73 22 13 30 2
split_gain=10.2778 9.86896 17.3077 11.8643 18.934 14.2167 11.4772 8.33615 8.35054 7.2415 9.13377 7.22992 7.84006 7.03062 7.05511 6.77648 8.91266 6.72968 6.68176 6.62738 6.34878 7.21113 6.29992 6.50159 6.35757 7.04348 6.12271 5.8828 9.45546 6.3 5.56017 5.38642 5.55447 9.88034 5.11628 5.04539 5.9244 9.13202 4.64015 4.44174 4.34295 3.98629 3.63602 3.46612 2.86202 2.81577 2.5775 0.102439
threshold=59.750000000000007 77.750000000000014 788.88175347222227 1.0000000180025095e-35 86.750000000000014 1457.2285000000004 951.00000000000011 27711.400000000005 3098.9000000000005 132.50000000000003 30563.050000000007 451.61852896880941 3399.3000000000006 83.750000000000014 65.750000000000014 0.15000000000000005 34175.100000000013 6350.9000000000005 3073.4770000000003 239.25000000000003 21.925000000000004 1.0000000180025095e-35 217.75000000000003 11.675000000000002 1030.9550000000002 91.250000000000014 120.25000000000001 79.250000000000014 88.250000000000014 4189.5825248205338 98.750000000000014 28908.350000000002 26.925000000000004 28.775000000000002 88.250000000000014 148.75000000000003 35079.350000000013 411.90065789473687 41.750000000000007 0.25000000000000017 30.250000000000004 111.15000000000002 5880.2500000000009 678.78550000000007 87.750000000000014 2102.0000000000005 52.250000000000007 2618.6500000000005
decision_type=2 2 2 2 2 2 2 2 2 2 2 2 2 2 2 2 2 2 2 2 2 2 2 2 2 2 2 2 2 2 2 2 2 2 2 2 2 2 2 2 2 2 2 2 2 2 2 2
left_child=40 3 11 4 6 9 38 8 -8 -6 46 17 31 42 41 16 -5 -3 -19 22 21 -9 23 24 43 -26 -10 45 34 -30 -22 -13 -33 -34 -29 -17 -37 -38 -2 44 -1 -15 -4 -16 -7 -12 -11 -48
right_child=1 2 13 15 5 39 7 20 26 10 27 12 -14 14 19 35 -18 18 -20 -21 30 -23 -24 -25 25 -27 -28 28 29 -31 -32 32 33 -35 -36 36 37 -39 -40 -41 -42 -43 -44 -45 -46 -47 47 -49
leaf_value=-4.1476105820027671 -1.8854206618880471 0.014239562605622954 -1.2790006443491353 0.042691642032929432 -0.025263831160561859 0.11818305009675129 -0.060997464124578203 -0.216361884676184 4.0781916161452658 2.0485386020568375 0.95441134294570118 -0.0042811036949202451 -0.019005575993483161 0.3025969866461517 -0.047474132384471471 -8.5745640998858175 -0.018245671993903076 -4.9428596122004427 0.0028076298263193414 0.19129381408090687 -1.638871609616366 0.89758837425331661 -0.57880174275992413 -2.5833353700596233 -0.080056367008248835 0.024596442491580488 0.89580105401200638 0.54251929900966545 5.0238870487290557 1.2749876421442876 -0.013649088640618548 0.0092999356230995499 3.9109889566456446 0.043480861385386003 -0.047301255221940224 0.02829882895808955 -4.889102618648586 -0.0031065065022850094 -0.58938151832384011 -0.030110484293755686 -0.10624653053215202 -0.00054055808915601049 -0.015438513356797389 -1.6566329816240177 -0.002576734088872283 3.0282557216155994 1.0171970937998978 2.1940069305154628
leaf_weight=20 22 24 29 32 24 21 29 27 20 33 20 22 38 21 37 25 34 34 28 26 22 35 37 21 23 23 31 34 21 24 35 31 39 36 37 24 23 32 32 35 27 20 35 22 20 23 21 20
leaf_count=20 22 24 29 32 24 21 29 27 20 33 20 22 38 21 37 25 34 34 28 26 22 35 37 21 23 23 31 34 21 24 35 31 39 36 37 24 23 32 32 35 27 20 35 22 20 23 21 20
internal_value=0.000126019 0.000291859 -0.000732601 0.00103175 0.00170648 0.00327327 -0.000355731 0.000753769 0.00325 0.00439689 0.00493562 0.00119048 0.00240964 -0.00238095 -0.00156522 -0.00129412 0.00121212 -0.00116279 -0.00290323 -0.00238095 -0.00092437 0.00129032 -0.00312883 -0.00206349 -0.00104762 0.00173913 0.00568627 0.00358491 0.00241379 0.006 -0.00333333 0.00359375 0.0045283 0.006 0.000140845 -0.00288462 -0.00164557 -0.00345455 -0.00444444 -0.000526316 -0.00446809 0.00219512 -0.0053125 -0.00322034 0.00170732 0.00674419 0.00783784 0.0095122
internal_weight=1349 1302 546 756 586 333 253 199 80 257 233 252 166 294 230 170 66 86 62 189 119 62 163 126 105 46 51 159 116 45 57 128 106 75 71 104 79 55 54 76 47 41 64 59 41 43 74 41
internal_count=1349 1302 546 756 586 333 253 199 80 257 233 252 166 294 230 170 66 86 62 189 119 62 163 126 105 46 51 159 116 45 57 128 106 75 71 104 79 55 54 76 47 41 64 59 41 43 74 41
is_linear=0
shrinkage=0.01


Tree=21
num_leaves=52
num_cat=0
split_feature=68 27 43 71 6 37 4 75 24 56 33 39 36 39 61 0 82 7 5 0 93 75 91 22 20 93 41 70 38 82 63 68 83 4 7 88 68 88 43 70 38 41 29 5 78 88 75 4 0 5 7
split_gain=15.3567 14.1624 13.8884 12.0568 11.3437 10.7678 10.3449 10.0066 9.8968 9.1125 8.66218 11.7658 9.83059 8.62465 8.39262 8.72629 8.58006 10.8638 11.6371 10.8316 9.23682 8.28419 9.81339 7.76955 7.51263 11.4402 9.0968 7.04348 7.05532 6.87541 7.87305 6.60837 6.51562 7.31377 10.2594 8.12986 6.37954 5.98442 5.53226 5.10243 5.06538 4.92133 4.84945 4.61092 4.45873 4.38863 4.35981 2.81299 2.5 2.30114 0.436364
threshold=1469.1795000000002 76.750000000000014 69.290000915527358 1257.4950000000001 2984.3400000000006 47.250000000000007 8821.0650000000005 422.71314704994705 15.225000000000003 -1.0000000180025095e-35 31.250000000000004 127.25000000000001 80.750000000000014 154.75000000000003 38586.05000000001 30406.750000000004 5.2034999999999636 42.705000000000005 4892.880000000001 36564.750000000007 412.02234480431861 493.67373647313809 27881.574518750003 86.250000000000014 837.55000000000007 405.84083333333336 83.750000000000014 1328.3355000000004 12.4 765.96450000000004 32250.550000000003 869.45300000000009 2663.1500000000001 3449.7650000000008 17.585000000000004 6085.9335416666681 345.10000000000008 4092.702291666666 77.045001983642592 889.95000000000016 5.5250000000000012 75.750000000000014 81.750000000000014 8020.3100000000004 1267.8950069444447 4771.2247916666665 541.57035818025577 3563.7800000000007 33090.600000000013 6695.5300000000007 30.495000000000005
decision_type=2 2 2 2 2 2 2 2 2 2 2 2 2 2 2 2 2 2 2 2 2 2 2 2 2 2 2 2 2 2 2 2 2 2 2 2 2 2 2 2 2 2 2 2 2 2 2 2 2 2 2
left_child=1 2 5 4 44 -1 10 9 14 23 11 -6 -12 -14 15 21 17 18 -17 20 36 22 42 -4 25 -9 29 -5 32 30 38 -20 33 34 -29 -35 -19 -36 -26 -7 -22 -15 -3 -28 -2 -13 -42 -25 -18 50 -11
right_child=3 8 7 27 6 39 -8 24 -10 49 12 45 13 41 -16 16 48 19 31 -21 40 -23 -24 47 26 -27 43 28 -30 -31 -32 -33 -34 35 37 -37 -38 -39 -40 -41 46 -43 -44 -45 -46 -47 -48 -49 -50 -51 -52
leaf_value=0.56855567429383691 -10.724183414497626 0.018990926003936683 -0.035465859873056893 0.19957296464756205 0.16914454861491024 -0.014109893175370791 -10.970659506327658 -0.019861060296863613 -0.63193959886316453 3.0836121798472629 0.47010034763529901 -2.5085093927896653 -2.8335192368156523 2.0280532160362692 -0.68124044469107403 0.011149552641228036 0.36546479914232022 0.0049038449408771315 -0.017091099527526143 3.8603067352134732 0.16571311147949247 0.027551020134338047 -2.9823374568052028 1.3147421993068298 4.8310839667706862 3.1271111217270171 -1.4301487746199641 -0.020326002663170632 0.021291592964399472 8.2781430479299214 -2.7127093085125717 -2.8284766309306724 0.027246004505689841 -0.022874402773588237 -0.02264298269101846 -0.00050640283097970831 2.8231435071127482 0.036148777641380539 -0.0038003524143487965 -1.2214585233230508 -0.053819957052561949 -0.031617686935032072 -7.8456676340076772 -0.0017991412379967044 -3.009368242641417 -3.7275154855569825 -0.0040958595385259524 2.8764569737958858 6.7858046742819731 4.9341724442909554 2.6932128260745083
leaf_weight=20 36 33 38 23 36 31 29 29 21 24 30 26 21 23 24 33 20 21 33 28 21 29 24 20 25 39 20 20 21 33 27 30 32 31 20 25 22 35 31 38 20 20 21 23 20 20 21 22 20 20 20
leaf_count=20 36 33 38 23 36 31 29 29 21 24 30 26 21 23 24 33 20 21 33 28 21 29 24 20 25 39 20 20 21 33 27 30 32 31 20 25 22 35 31 38 20 20 21 23 20 20 21 22 20 20 20
internal_value=9.63677e-05 0.000874007 0.00208696 -0.00136752 -0.00279693 -0.00146067 -0.00170732 0.00293801 -0.000451306 0.005 -0.000795455 -0.00317073 0.0012766 -0.0009375 -0.0001 0.000265957 0.00122677 0.000480349 -0.00208333 0.00233083 0.000857143 -0.00214953 -0.00384615 0.00275 0.00162996 0.00441176 0.000440252 0.000434783 -0.000217391 0.00189655 0.000361446 -0.00460317 -0.000920245 -0.0019084 0.000133333 -0.00464286 0.0044186 0.00236364 0.0025 -0.00333333 -0.0016129 0.00162791 -0.00148148 -0.00348837 -0.00678571 -0.00652174 -0.00365854 0.00571429 0.0055 0.0078125 0.00909091
internal_weight=1349 881 460 468 261 89 205 371 421 144 176 82 94 64 400 376 269 229 96 133 105 107 78 80 227 68 159 207 184 116 83 63 163 131 75 56 43 55 56 69 62 43 54 43 56 46 41 42 40 64 44
internal_count=1349 881 460 468 261 89 205 371 421 144 176 82 94 64 400 376 269 229 96 133 105 107 78 80 227 68 159 207 184 116 83 63 163 131 75 56 43 55 56 69 62 43 54 43 56 46 41 42 40 64 44
is_linear=0
shrinkage=0.01


Tree=22
num_leaves=51
num_cat=0
split_feature=69 16 23 67 68 60 62 35 43 81 76 23 77 35 28 68 60 94 26 75 10 77 17 67 69 20 77 26 35 35 97 81 24 0 44 33 69 5 37 34 35 69 20 23 73 62 19 41 42 67
split_gain=10.9324 10.9748 13.0951 11.3411 11.2258 12.8008 12.4519 10.4641 9.49582 9.3011 13.5946 9.15912 9.03169 8.91429 8.28947 7.76877 9.58412 8.58501 8.91615 7.97379 7.54653 7.50024 11.4593 7.25612 7.924 6.21024 7.03305 5.87778 5.4712 6.60706 5.42625 5.35016 5.82245 8.30181 5.34964 5.33333 5.29 6.56846 6.49356 4.51303 4.55002 4.39855 4.35429 4.33226 4.35932 3.72308 3.6 3.20051 2.5 2.09655
threshold=20964.150000000005 5900.8000000000011 93.250000000000014 33322.850000000006 1460.1105000000002 1236.3805000000002 1420.7645000000002 24.625000000000004 74.655002593994155 4051.3922906507528 29026.057291666672 78.750000000000014 3828.8459962376305 26.025000000000002 25.775000000000002 1.0075000000000001 875.40000000000009 636736.76786187512 83.250000000000014 544.61804158914117 31758.350000000002 3789.6224934363931 126.25000000000001 34401.750000000007 36862.100000000006 1995.2500000000002 3890.1211616643091 39.250000000000007 27.175000000000004 26.525000000000002 0.15625000000000003 3647.5514466036025 5.6250000000000009 33173.950000000004 2.1875000000000004 28.250000000000004 32132.250000000004 4349.9450000000006 98.250000000000014 82.750000000000014 25.325000000000006 31021.800000000007 253.50000000000003 89.250000000000014 1004.4745000000001 450.59250000000003 1303.2500000000002 90.250000000000014 122.07500076293947 32551.800000000007
decision_type=2 2 2 2 2 2 2 2 2 2 2 2 2 2 2 2 2 2 2 2 2 2 2 2 2 2 2 2 2 2 2 2 2 2 2 2 2 2 2 2 2 2 2 2 2 2 2 2 2 2
left_child=-1 2 4 8 6 48 9 35 20 10 42 14 -12 -11 -10 16 47 19 41 25 -3 30 36 -24 28 26 -17 46 29 -25 -5 -13 -33 39 -30 -4 -23 -38 -39 40 -34 45 -2 -22 -45 -19 -7 -9 -6 -43
right_child=1 3 7 21 5 27 -8 15 11 13 12 31 -14 -15 -16 17 -18 18 -20 -21 43 22 23 24 -26 -27 -28 -29 34 -31 -32 32 33 -35 -36 -37 37 38 -40 -41 -42 49 -44 44 -46 -47 -48 -49 -50 -51
leaf_value=2.2425658412530538 0.0061715623119646757 0.22513810794685285 0.062577348167519795 -0.12625077595526807 -9.8501832192845864 -0.033111296718682133 4.633796229747059 -0.0035919634479142136 -0.031693615123809166 2.9897306804114452 -0.0026120031269969415 4.7553259553433813 -1.5415252214699642 -0.00057944589190822798 0.20270310696193514 -1.4049604654539889 0.6986635221508718 -8.5290090692742471 -0.032276250175196225 0.2983305873020422 0.0046393749985265851 0.31751643497709447 -0.019972475893167016 0.030886905938596963 -0.018689981503994965 -3.7978021220354141 0.03578728986496673 0.21329556871922792 -0.019195638152466537 2.6819286167026442 -0.010766286239390759 1.4886512616993952 0.066221142892872231 -0.0081504216931417676 0.03413189377457946 -0.029119720710954349 -3.2806207962845981 -1.9587156579039857 0.1170424134491027 0.015303346759984753 1.6744307472074462 -7.7488073771874841 1.348861151992381 -0.0059821024212981765 -1.578314732522049 -0.61314882844291152 0.31862553885690981 -0.026861055818882009 -3.5269873889626564 -1.8450788539659937
leaf_weight=24 27 22 30 21 20 20 26 26 32 30 29 26 26 26 38 20 37 20 24 28 27 20 32 25 29 28 33 32 22 26 25 31 23 30 21 20 23 34 23 31 37 38 22 24 25 32 20 24 20 20
leaf_count=24 27 22 30 21 20 20 26 26 32 30 29 26 26 26 38 20 37 20 24 28 27 20 32 25 29 28 33 32 22 26 25 31 23 30 21 20 23 34 23 31 37 38 22 24 25 32 20 24 20 20
internal_value=-2.22387e-05 -0.000143396 -0.00103245 0.000788253 0.000536913 -0.00196429 0.00204301 -0.00226316 0.00202312 0.001 -0.000769231 0.00306452 -0.00418182 0.00428571 0 -0.00290909 -0.000344828 -0.00382716 -0.00552239 -0.00174312 -0.000612245 -0.000631229 3.92157e-05 0.00174194 0.00284553 -0.00333333 -0.00132075 0.000555556 0.00425532 0.00647059 -0.00434783 0.00426966 0.00355263 0.00256198 0.00162791 0.002 -0.0026 -0.00375 -0.00192982 0.00406593 0.00566667 -0.00672727 0.00306122 -0.00210526 -0.00387755 -0.00461538 -0.002 -0.0032 -0.0065 -0.00862069
internal_weight=1349 1325 678 647 298 112 186 380 346 160 104 248 55 56 70 330 87 243 134 109 98 301 255 155 123 81 53 72 94 51 46 178 152 121 43 50 100 80 57 91 60 110 49 76 49 52 40 50 40 58
internal_count=1349 1325 678 647 298 112 186 380 346 160 104 248 55 56 70 330 87 243 134 109 98 301 255 155 123 81 53 72 94 51 46 178 152 121 43 50 100 80 57 91 60 110 49 76 49 52 40 50 40 58
is_linear=0
shrinkage=0.01


Tree=23
num_leaves=51
num_cat=0
split_feature=62 14 78 78 4 26 37 2 2 26 29 26 88 20 10 59 2 17 4 88 63 88 66 4 17 25 90 89 26 90 27 31 92 2 1 32 90 93 82 89 19 81 93 7 89 17 14 11 14 32
split_gain=9.91119 13.7435 11.5731 10.7323 10.6863 11.2986 9.20687 9.55111 8.75758 8.09691 13.0906 10.8306 7.41026 7.32992 8.86782 7.44787 7.3096 7.27818 7.03923 12.5621 11.4506 10.6174 8.5482 8.2439 7.83372 7.02953 6.87361 10.2068 6.76543 10.3184 6.59341 5.86667 5.69978 10.7531 7.00848 5.66651 5.60303 7.04437 5.11813 5.08804 5.08592 4.79945 4.71344 4.34232 5.87128 4.17096 4.06804 3.6 3.5704 2.7
threshold=889.31700000000012 10718.35 369.59608680555556 775.24890277777786 18287.395 1.2500000000000002 8.2500000000000018 2181.2000000000003 3225.2000000000003 64.500000000000014 83.750000000000014 48.250000000000007 3977.4966666666674 954.25000000000011 27955.750000000004 -0.24999999999999994 2878.8000000000006 32.850000000000009 3997.4950000000003 5730.0437500000007 31581.750000000004 4170.1847916666675 1699.0500000000002 6063.4300000000012 95.950000000000003 17.750000000000004 2415.1648500000006 988.95834374999993 33.750000000000007 2104.7323500000007 87.750000000000014 9.8250000000000011 22690.091587500003 2649.9500000000003 14551.050000000001 166.75000000000003 1223.1040500000004 412.30131578947368 -1.0000000180025095e-35 1097.4812062500002 1872.4500000000003 4367.7446766027979 415.27973684210531 31.735000000000003 852.42958125000007 29.100000000000005 17514.250000000004 36893.100000000013 15021.750000000002 191.25000000000003
decision_type=2 2 2 2 2 2 2 2 2 2 2 2 2 2 2 2 2 2 2 2 2 2 2 2 2 2 2 2 2 2 2 2 2 2 2 2 2 2 2 2 2 2 2 2 2 2 2 2 2 2
left_child=2 12 17 8 5 42 -5 -8 31 11 16 18 -2 14 -7 32 -11 -1 21 48 23 24 25 39 -9 -23 27 -15 46 -30 -14 -3 -16 34 -34 43 -29 -38 -35 -21 -28 -26 -4 -27 -45 -25 -19 -18 -20 -17
right_child=1 3 4 6 -6 13 7 9 -10 10 -12 -13 30 26 15 49 47 28 19 20 -22 22 -24 45 41 35 40 36 29 -31 -32 -33 33 38 -36 -37 37 -39 -40 -41 -42 -43 -44 44 -46 -47 -48 -49 -50 -51
leaf_value=5.174258819293037 -2.9969376941323822 4.7821473536213039 -5.6753816605647662 1.1722063513041381 3.192194667393951 0.194593929128066 -0.95936241401342559 0.74655194958549687 -0.012360082220295072 -0.050201615774503036 4.8228982275792225 -0.388907306149603 0.026929313699838222 -3.6626172376593416 -2.3844427718049128 -2.002797647130556 2.2982057582122191 -0.00033713487758421868 -0.012465401145209947 2.6001057395891389 -0.14136416156837822 -0.13602566521355633 -0.015233901664197557 -0.10383738745389036 -0.0035974905466930511 1.4737647490824011 -3.6816579032168146 -0.0013423750801693668 0.013680797744120936 -1.5784717523722613 -0.025055823041527089 0.18673983637215455 -1.4354659810682275 -0.0080244804737004821 0.0050853606457235221 0.0067967147713366817 0.47226027049718683 0.031642720433385459 0.15609139764043561 0.022718962016113179 0.010916855975935048 -2.7776172918304254 -0.049577898388893045 2.9466684696431766 0.0095935530596649565 0.41297439485315807 1.3342030226024038 -0.015915279076005748 -1.2884129040997672 -1.5912088356739154
leaf_weight=20 26 33 29 36 23 21 24 36 20 21 34 29 28 27 34 30 20 24 20 21 20 24 37 20 23 37 29 33 37 30 24 22 37 28 21 24 23 32 23 20 23 29 20 26 24 21 31 20 31 24
leaf_count=20 26 33 29 36 23 21 24 36 20 21 34 29 28 27 34 30 20 24 20 21 20 24 37 20 23 37 29 33 37 30 24 22 37 28 21 24 23 32 23 20 23 29 20 26 24 21 31 20 31 24
internal_value=-0.000126019 0.00064 -0.00108514 0.00110119 -0.00185996 -0.00221198 0.000653266 0.000338681 0.00466667 0.000614525 0.00326316 4.52489e-05 -0.00333333 -0.00163636 -0.00284404 -0.00350254 0.000491803 0.00140845 0.000460048 -0.00124183 0.000784314 0.00146154 0.00290698 0.00243902 -0.00136364 0.00407407 -5.98802e-05 0.00130435 0.000491803 -0.00164179 -0.00115385 0.00672727 -0.00230769 -0.00119266 -0.00413793 0.00513514 0.00295455 0.00490909 0.00215686 0.00560976 -0.00307692 -0.00384615 -0.00673469 0.00632184 0.0044 -0.000731707 0.00309091 0.003 -0.00529412 -0.00666667
internal_weight=1349 750 599 672 457 434 597 561 75 537 95 442 78 385 218 197 61 142 413 153 102 260 172 82 88 135 167 115 122 67 52 55 143 109 58 111 88 55 51 41 52 52 49 87 50 41 55 40 51 54
internal_count=1349 750 599 672 457 434 597 561 75 537 95 442 78 385 218 197 61 142 413 153 102 260 172 82 88 135 167 115 122 67 52 55 143 109 58 111 88 55 51 41 52 52 49 87 50 41 55 40 51 54
is_linear=0
shrinkage=0.01


Tree=24
num_leaves=52
num_cat=0
split_feature=72 33 95 4 59 79 0 46 30 23 1 4 4 73 28 24 0 33 24 46 8 30 70 17 46 90 28 88 90 89 33 1 44 3 84 16 29 72 90 17 89 24 30 67 43 1 37 21 90 90 7
split_gain=10.1224 13.1865 13.0281 12.2363 9.21076 8.71111 8.66879 8.16793 7.04151 12.2699 13.0055 9.51201 9.14847 8.91876 8.60472 8.12132 8.73367 7.48831 7.40937 8.27475 6.87201 6.79767 6.72449 6.5176 6.48919 7.63886 6.29932 6.69231 7.15122 5.61006 6.80237 6.15385 7.38057 7.68332 7.31893 6.85501 8.92347 4.9 4.87703 4.87593 8.30528 5.56522 4.20613 4.1185 4.08333 3.96857 3.94061 2.92196 2.81299 2.71033 2.10632
threshold=1341.3900000000001 27.250000000000004 1.0000000180025095e-35 9092.7350000000024 -0.9330127018922193 252.74453640078653 23034.050000000003 90.680000305175795 94.750000000000014 94.250000000000014 16448.346500000003 4144.9800000000005 10790.715000000002 695.16250000000002 28.275000000000002 7.9250000000000016 34406.950000000004 76.250000000000014 8.7250000000000014 103.13000106811525 411.37088235294124 94.750000000000014 937.4285000000001 158.25000000000003 98.505001068115249 1893.6382500000002 23.425000000000004 8016.4429166666669 1645.2922500000004 728.15340000000003 45.250000000000007 16707.490500000004 2.3990000486373906 15089.250000000002 917.85969791666673 5292.2000000000007 92.750000000000014 690.17250000000013 1545.9538500000003 136.85000000000002 852.42958125000007 8.2250000000000014 63.250000000000007 31570.700000000001 79.670001983642592 15607.500000000002 99.750000000000014 27.375000000000004 1918.4728500000001 1347.2770500000004 20.485000000000003
decision_type=2 2 2 2 2 2 2 2 2 2 2 2 2 2 2 2 2 2 2 2 2 2 2 2 2 2 2 2 2 2 2 2 2 2 2 2 2 2 2 2 2 2 2 2 2 2 2 2 2 2 2
left_child=2 22 6 4 -3 -4 -1 48 9 15 18 44 26 14 46 16 20 -15 50 -20 -9 45 -2 -12 -24 39 -13 37 -29 -6 -31 32 33 -32 -34 -36 38 -28 -37 40 -26 -42 -17 -23 -10 49 -14 -16 -8 -7 -11
right_child=1 3 5 -5 29 21 7 8 11 10 23 12 13 17 47 42 -18 -19 19 -21 -22 43 24 -25 25 -27 27 28 -30 30 31 -33 34 -35 35 36 -38 -39 -40 -41 41 -43 -44 -45 -46 -47 -48 -49 -50 -51 -52
leaf_value=2.1547638054020997 -6.6759057421890295 -5.687877582811991 -0.027169892159567388 -9.4726769967464701 -0.40141275256017495 6.9429478923742547 -0.024143617780985713 -0.029744585155439873 4.358683241406359 -1.0286450032152632 -0.027778709313091673 1.3335051421087358 0.69180048775156588 0.10661485407064283 3.1230207823625116 0.38967191074404717 -0.13924240680952882 -2.0992669885608848 0.059404618112638891 -2.513386322332174 2.5028699229166822 -0.04407978557664885 0.16582015410420722 6.7973213725991783 1.1291069766175503 0.048050156136412045 -0.074148052610961093 -0.022986159232083272 0.030439102474334852 0.78068726081175188 0.22975662441956907 0.80895225183106223 0.13498135901248251 0.0064864676801352885 0.037031846393469618 -1.744236627164953 0.019798759425844401 -7.0931006389974165 -0.016914594769108376 -2.4406860212422425 -2.0451882602623108 -1.2484137860497446 0.00614476150410185 3.026911137735171 0.020271563354946964 10.700602014724266 -0.0086795815681925542 0.044251889634800638 -1.0672351034096017 0.54242784420614976 -2.567546814720691
leaf_weight=22 31 22 27 21 24 21 22 20 24 23 38 22 21 20 27 34 31 22 36 30 21 25 20 20 22 35 20 39 34 34 22 21 22 29 31 26 21 20 36 25 23 23 30 37 24 29 26 21 20 23 32
leaf_count=22 31 22 27 21 24 21 22 20 24 23 38 22 21 20 27 34 31 22 36 30 21 25 20 20 22 35 20 39 34 34 22 21 22 29 31 26 21 20 36 25 23 23 30 37 24 29 26 21 20 23 32
internal_value=0.000126019 -0.00102459 0.000778165 0.000226537 0.000763889 0.00333333 0.00018598 -1.4771e-05 0.000267717 -0.000793651 -0.00251397 0.0013125 0.000588235 0.00240876 0.00410526 0.00147059 -0.000833333 -0.00142857 -0.00438017 -0.00212121 0.00219512 0.00437037 -0.00318436 0.00137931 -0.0022973 -0.003125 -0.00125926 -0.00221239 -0.000410959 0.0012782 0.00173554 0.00105769 0.000481283 0.00372549 -0.000735294 -0.00175439 -0.00325301 -0.0055 -0.00516129 -0.00462366 -0.00323529 -0.00565217 0.0040625 0.00193548 0.00541667 0.00643836 0.00106383 0.00708333 -0.00428571 0.00454545 -0.00709091
internal_weight=1349 488 861 309 288 162 699 677 635 315 179 320 272 137 95 136 72 42 121 66 41 135 179 58 148 128 135 113 73 266 242 208 187 51 136 114 83 40 62 93 68 46 64 62 48 73 47 48 42 44 55
internal_count=1349 488 861 309 288 162 699 677 635 315 179 320 272 137 95 136 72 42 121 66 41 135 179 58 148 128 135 113 73 266 242 208 187 51 136 114 83 40 62 93 68 46 64 62 48 73 47 48 42 44 55
is_linear=0
shrinkage=0.01


Tree=25
num_leaves=53
num_cat=0
split_feature=62 32 36 27 17 100 34 36 6 23 16 94 2 2 5 6 62 31 34 83 40 76 1 40 40 76 46 75 90 5 16 40 24 31 83 36 24 10 57 68 68 69 36 34 14 45 69 68 14 5 40 1
split_gain=16.5577 14.759 24.4744 12.5462 11.7565 10.7762 15.8127 10.5018 9.88105 9.23613 10.2512 8.96296 8.86879 8.50041 8.00146 8.22465 7.89642 7.49504 7.49393 11.3006 6.88084 6.83294 6.54126 7.50778 11.2455 5.47358 5.47252 5.9597 8.50144 9.35987 6.79233 5.24265 5.2115 10.3469 5.20924 5.88703 4.94716 4.62857 4.61385 4.5597 4.80316 6.49633 4.4244 4.98701 4.18208 4.07659 3.96825 3.80581 3.17979 2.65947 2.17778 0.419048
threshold=1462.7080000000003 84.000000000000014 84.250000000000014 33.750000000000007 20.950000000000003 0.30902777777777785 78.250000000000014 68.250000000000014 6305.9300000000012 99.750000000000014 6878.9000000000005 600377.25503531273 3293.9750000000004 2658.1000000000004 6894.7400000000007 7086.9800000000005 913.36300000000017 6.575000000000002 87.750000000000014 2310.3000000000034 72.250000000000014 28773.620833333338 13712.000000000002 131.75000000000003 146.75000000000003 31307.895833333339 104.814998626709 490.64145804114008 1707.3787500000003 11423.860000000002 5755.2000000000016 93.250000000000014 7.6750000000000016 7.2250000000000005 2096.6500000000019 88.250000000000014 6.4750000000000005 31538.050000000003 -0.22252093395631442 1236.3805000000002 1488.1000000000001 30745.100000000002 82.750000000000014 38.750000000000007 17623.850000000002 23482.500000000004 32104.800000000007 948.86650000000009 12094.800000000001 6498.4150000000009 118.75000000000001 13554.500000000002
decision_type=2 2 2 2 2 2 2 2 2 2 2 2 2 2 2 2 2 2 2 2 2 2 2 2 2 2 2 2 2 2 2 2 2 2 2 2 2 2 2 2 2 2 2 2 2 2 2 2 2 2 2 2
left_child=1 3 7 42 31 6 8 -3 17 10 39 -6 14 50 47 -16 -15 -4 19 20 37 -9 -23 32 -25 -22 27 30 29 -29 -17 -5 -24 -34 -14 -36 -37 -11 -27 -2 -41 -42 43 -1 -28 -43 -47 -7 -26 -18 -8 -45
right_child=9 2 5 4 11 12 13 21 -10 18 -12 -13 34 16 15 26 49 -19 -20 -21 25 22 23 24 48 38 44 28 -30 -31 -32 -33 33 -35 35 36 -38 -39 -40 40 41 45 -44 51 -46 46 -48 -49 -50 -51 -52 -53
leaf_value=-0.40402170883430344 9.4085977236984117 -1.4696428903345822 0.01227528680771787 0.011622352694215134 0.035287821590964018 7.4987428439701569 -4.0774745147980562 1.0141446125258393 -0.049750304739117013 -0.52255424883150081 -0.030776022006105606 -4.3511175516567544 0.016953832720389334 0.003607994694834713 -3.5697126376487076 -6.7265511682003467 -2.6956361730999565 0.48013410085422481 -0.086343680392176589 0.04926821935352111 0.63739695033395383 -0.013519288297393309 3.6203447469053498 -0.13882122521836737 0.06939127190677348 1.0105044629817499 -0.0035486405562722145 -0.58707737743512045 0.76652939129490361 3.1570566687139379 0.011549519835714336 1.1267408022126499 -0.072322454021964758 0.69105402734547006 -0.27143661510044503 0.10863463501291222 -0.14453208167396206 0.025989023651894698 -0.05408468160100785 -0.018616945297200909 1.1545501015437762 0.025369533225197218 -1.9992405898313803 -3.8552322260572409 6.2830757701094271 0.028824905037083078 -0.02428235148510046 0.02852934644883022 0.005311203562172912 -0.20791188134826344 -1.1749902575676092 -1.2800094145422753
leaf_weight=24 39 20 34 29 27 21 36 30 23 36 26 27 33 35 32 21 21 23 26 36 29 32 28 20 20 20 20 21 34 23 20 20 21 28 26 20 26 20 22 25 28 22 35 20 37 21 24 20 21 20 24 22
leaf_count=24 39 20 34 29 27 21 36 30 23 36 26 27 33 35 32 21 21 23 26 36 29 32 28 20 20 20 20 21 34 23 20 20 21 28 26 20 26 20 22 25 28 22 35 20 37 21 24 20 21 20 24 22
internal_value=0.000131579 -0.00054326 7.59494e-05 -0.00294118 -0.000485437 -0.00101754 -0.00277778 0.00290909 0.00075 0.00192513 0.00351351 -0.0037037 5.64972e-05 -0.00485294 0.00108434 0.000288462 -0.00263158 0.00298246 0.00037037 0.00116564 -0.00023622 0.0036 0.00282353 0.00376812 0.00114754 0.00183099 0.00113636 -8.40336e-05 0.00153846 -0.00136364 -0.00317073 0.00306122 0.00584416 0.00387755 -0.00238095 -0.00388889 -0.00173913 -0.00285714 -0.00047619 0.00446541 0.0035 0.00452632 -0.00544554 -0.0069697 0.00368421 0.00283582 0.00111111 0.00512195 0.00414634 -0.00560976 -0.00766667 -0.00904762
internal_weight=1368 994 790 204 103 570 216 220 80 374 185 54 354 136 249 208 76 57 189 163 127 200 170 138 61 71 176 119 78 44 41 49 77 49 105 72 46 56 42 159 120 95 101 66 57 67 45 41 41 41 60 42
internal_count=1368 994 790 204 103 570 216 220 80 374 185 54 354 136 249 208 76 57 189 163 127 200 170 138 61 71 176 119 78 44 41 49 77 49 105 72 46 56 42 159 120 95 101 66 57 67 45 41 41 41 60 42
is_linear=0
shrinkage=0.01


Tree=26
num_leaves=52
num_cat=0
split_feature=62 26 74 25 26 37 91 21 36 26 36 67 88 66 77 82 91 36 93 41 25 44 19 20 41 77 82 26 25 41 82 91 88 26 68 67 93 74 37 21 0 81 21 81 93 98 68 75 39 25 21
split_gain=17.8464 12.0268 11.592 10.9065 12.1621 11.7822 10.0109 9.50044 10.5501 9.4463 9.44259 8.48095 8.06838 11.6464 16.1485 12.0536 8.92682 8.93637 7.94528 8.19394 7.92262 7.31815 6.90266 7.44777 6.88997 6.54779 7.56536 6.46406 7.6824 6.25457 6.20611 6.12245 5.90915 5.42636 5.37496 6.49962 5.73158 5.03537 5.60083 5.17479 5.00087 4.9 4.64822 4.25664 4.20172 4.09978 3.6 3.48444 3.42857 2.71515 1.6
threshold=1462.7080000000003 85.250000000000014 1551.1411562500004 86.250000000000014 6.2500000000000009 22.750000000000004 28273.719006250001 12.725000000000001 84.250000000000014 168.75000000000003 87.250000000000014 26830.700000000001 7729.260416666667 1099.9500000000003 4024.8944701773935 192.06899999999999 28488.380462500005 91.250000000000014 419.22645448079669 67.750000000000014 27.750000000000004 2.9294999837875371 1872.4500000000003 1440.2 66.750000000000014 4087.1066806711269 -0.050500000000000038 8.7500000000000018 121.75000000000001 63.250000000000007 -877.04999999999984 27542.856212500006 5200.3677083333341 40.750000000000007 939.00900000000013 32727.300000000007 416.18426386913239 307.29959375000004 97.750000000000014 28.525000000000002 31901.800000000007 4242.1054912683094 26.575000000000006 3315.2277739846882 405.80884126984137 0.25347222222222227 1375.6500000000003 541.57035818025577 117.25000000000001 123.25000000000001 28.075000000000006
decision_type=2 2 2 2 2 2 2 2 2 2 2 2 2 2 2 2 2 2 2 2 2 2 2 2 2 2 2 2 2 2 2 2 2 2 2 2 2 2 2 2 2 2 2 2 2 2 2 2 2 2 2
left_child=2 3 7 4 5 -2 -5 48 11 12 49 -9 13 24 15 -15 17 25 19 40 31 -6 23 27 -10 26 -14 -18 -29 44 -30 -13 -20 -26 36 -36 -31 -32 39 -39 -7 -38 -28 -35 -22 -40 -46 -24 -1 -8 -3
right_child=1 50 -4 6 21 18 10 8 9 -11 -12 20 16 14 -16 -17 22 -19 32 -21 29 -23 47 -25 33 -27 42 28 30 34 37 -33 -34 43 35 -37 41 38 45 -41 -42 -43 -44 -45 46 -47 -48 -49 -50 -51 -52
leaf_value=-0.62100048929889429 2.3692585277818448 8.2959299791615742 -5.2172474942167257 0.049401458317331441 0.011969798934106195 0.036213513080101213 -0.11991703714625357 0.48359322727312481 -0.0042164157507015082 0.14378027039535141 0.012687674507818686 -0.91284734959402958 0.030679887668336073 0.11465429134195977 -2.4161613382912437 -0.06090285115175062 0.018869071808959203 -0.90292094667720824 -1.5894810862873183 -0.0082810237408216178 0.014747162647377641 2.2654759982171782 -0.04191271060178739 3.7437666119293569 -4.5492159150139164 -0.14125882474623358 0.18788714468178824 -6.7433119928038723 -0.10441164365766502 0.059618696233090934 -1.7893429837811732 -0.03915050775121056 0.036168845735999704 -0.11766971976816509 -1.0691701309948087 0.45330844288543326 -0.01485377389971883 0.0028951882742827804 0.17015867938322948 -0.17827353055428585 0.9909500759256582 0.021014965030424985 2.7613364848970252 -3.9958934737550562 3.8807216885008451 -0.00157363386504186 0.98251651780134241 -0.036248396014763158 -3.1582417695031193 -0.026818926341094711 1.1019670084913966
leaf_weight=21 27 20 21 25 28 27 22 37 22 29 23 21 32 21 33 34 37 23 33 33 21 37 20 20 34 22 22 20 22 36 26 28 31 22 37 31 20 39 34 20 28 20 24 39 20 20 20 25 21 20 20
leaf_count=21 27 20 21 25 28 27 22 37 22 29 23 21 32 21 33 34 37 23 33 33 21 37 20 20 34 22 22 20 22 36 26 28 31 22 37 31 20 39 34 20 28 20 24 39 20 20 20 25 21 20 20
internal_value=-4.38596e-05 0.00181818 -0.000744467 0.0011976 0.00229508 0.000949721 -0.00177778 -0.000585817 -0.00037594 -0.00109375 -0.00384615 0.00120275 -0.00135843 -0.00297561 -0.000227273 0.00309091 -0.000541872 0.00170732 -0.000131579 0.00181818 0.000551181 0.006 -0.00151943 -0.000840336 -0.00504274 0.003 0.00435897 -0.00137615 -0.0021547 0.00141463 -0.00142857 -0.00306122 -0.0028125 -0.00621053 0.000277778 -0.00176471 0.00210526 -0.000647482 0.000265487 -0.00186441 0.00418182 -0.0005 0.00695652 -0.00442623 0.00409836 0.00259259 0.006 -0.00511111 -0.0052381 -0.00666667 0.007
internal_weight=1368 374 994 334 244 179 90 973 931 640 65 291 611 205 88 55 406 123 152 88 254 65 283 238 117 100 78 218 181 205 161 49 64 95 144 68 76 139 113 59 55 40 46 61 61 54 40 45 42 42 40
internal_count=1368 374 994 334 244 179 90 973 931 640 65 291 611 205 88 55 406 123 152 88 254 65 283 238 117 100 78 218 181 205 161 49 64 95 144 68 76 139 113 59 55 40 46 61 61 54 40 45 42 42 40
is_linear=0
shrinkage=0.01


Tree=27
num_leaves=53
num_cat=0
split_feature=69 26 14 70 25 14 80 75 94 21 36 33 68 28 67 97 68 66 76 36 72 25 33 36 19 14 70 84 11 77 36 1 81 80 19 36 69 13 81 39 94 34 46 46 13 28 21 93 8 46 21 45
split_gain=13.1364 10.3756 11.8377 12.6195 14.2103 10.7292 12.0232 14.3674 13.0277 11.7136 9.85028 9.67667 9.38722 8.63647 10.9334 8.28191 8.15726 7.89227 7.88982 7.51441 9.2312 9.21661 11.4524 8.69991 8.35718 7.18087 6.59216 5.62137 6.4 5.13849 5.04931 6.66667 5.00298 6.24355 7.89531 7.53846 6.04917 5.88 4.85444 4.70776 4.47739 4.26747 5.7037 4.22936 4.45873 4.00346 3.92567 3.6 3.31579 2.91505 2.71033 2.4381
threshold=20727.850000000002 164.25000000000003 9276.0500000000011 1000.4405 173.25000000000003 18537.550000000003 32640.753125000003 649.87101238675939 621957.22813125025 12.875000000000002 79.250000000000014 36.250000000000007 1490.2360000000001 21.175000000000004 31189.050000000007 0.21875000000000003 1469.1795000000002 1778.5500000000002 27569.202083333334 86.250000000000014 711.12350000000004 30.750000000000004 81.750000000000014 77.250000000000014 2020.6000000000001 16698.700000000004 863.8325000000001 1317.6787083333336 35683.80000000001 2850.0843469477672 90.250000000000014 14069.35 3739.1029556432354 36041.856250000004 1122.1000000000001 89.750000000000014 35238.000000000007 13433.200000000003 3913.954354337036 173.25000000000003 635896.82800156262 58.250000000000007 101.18500137329103 101.82500076293947 7834.9500000000016 23.775000000000002 27.025000000000002 411.45783281733753 416.63022048364161 104.97999954223634 29.275000000000002 23471.500000000004
decision_type=2 2 2 2 2 2 2 2 2 2 2 2 2 2 2 2 2 2 2 2 2 2 2 2 2 2 2 2 2 2 2 2 2 2 2 2 2 2 2 2 2 2 2 2 2 2 2 2 2 2 2 2
left_child=-1 2 10 12 5 6 7 9 11 -5 -2 16 19 -11 18 48 -8 41 -15 21 24 -4 26 -24 29 27 -23 28 -20 46 31 -22 -31 35 37 47 -36 -35 -6 -13 -9 -16 -43 44 -25 -29 -21 -34 -14 -7 -3 -10
right_child=1 50 3 4 38 49 8 40 51 13 -12 39 15 14 17 -17 -18 -19 25 20 30 22 23 43 -26 -27 -28 45 -30 32 -32 -33 33 34 36 -37 -38 -39 -40 -41 -42 42 -44 -45 -46 -47 -48 -49 -50 -51 -52 -53
leaf_value=3.4566862520876653 0.00065975369755897023 0.84007490269853446 -0.14192841913435733 -0.58339982137419166 5.0463891362979068 1.2835478000391995 0.096449796616163999 -0.090194712399033469 -0.019666926149259051 1.0855751128462965 -4.4669370128480628 0.75576077275213471 -6.3180001272509072 0.91683079968259362 0.95193716839343601 -0.00015970597776183594 -2.4026519784853706 -0.0068728440552945228 -0.72769949418528423 -0.071729688876631767 -5.6315144074350929 1.5321968292923105 0.037673983237278524 -0.06915135504887944 -0.036017628980094182 0.66644927524351016 0.60999683233488411 -0.63402479515830523 0.0538940606682018 4.1801996401739316 -0.15876083235005714 -1.856597973827645 -0.043026743725032707 -0.41359464135606244 0.0016808831466978075 0.12721551510578391 3.5357436602136407 0.17497404304416161 1.3505070939479311 -0.015804084677019166 -1.5882958321091554 1.1443819147269432 0.052120395414579267 0.01868038109086961 -0.078886876877454326 -0.0096721304571561386 -0.14872474335317432 -0.64634802966644656 -8.1756167420817789 2.33564676809746 0.040618155520282091 -1.7547744051105207
leaf_weight=23 20 21 26 28 32 20 31 30 20 35 27 39 36 24 20 30 32 27 20 20 30 34 27 24 31 20 20 22 20 24 34 30 20 30 20 25 33 20 26 25 22 33 21 35 21 20 21 20 21 27 23 28
leaf_count=23 20 21 26 28 32 20 31 30 20 35 27 39 36 24 20 30 32 27 20 20 30 34 27 24 31 20 20 22 20 24 34 30 20 30 20 25 33 20 26 25 22 33 21 35 21 20 21 20 21 27 23 28
internal_value=-0.000102339 -0.000230483 -0.000392006 -0.000207337 0.000803859 0.000319149 -9.67118e-05 0.000994152 -0.00222857 0.00186207 -0.00531915 -0.000551181 -0.00120253 0.00251908 0.00180617 -0.00425287 -0.00333333 0.00425743 -0.00015873 -0.000715596 -0.00156425 0.000909091 0.00180124 -9.34579e-05 -0.000606061 -0.00137255 0.00555556 -0.00268293 0 4.29185e-05 -0.00425532 -0.006 0.000729167 0.000119048 0.00165049 -0.00230769 0.00433962 -0.0012 0.00551724 0.0021875 -0.00384615 0.00594595 0.00740741 -0.00175 -0.00377778 -0.0052381 -0.00317073 -0.005 -0.00649123 0.00489362 0.00454545 -0.00666667
internal_weight=1368 1345 1301 1254 622 564 517 342 175 290 47 127 632 262 227 87 63 101 126 545 358 187 161 107 264 102 54 82 40 233 94 60 192 168 103 65 53 50 58 64 52 74 54 80 45 42 41 40 57 47 44 48
internal_count=1368 1345 1301 1254 622 564 517 342 175 290 47 127 632 262 227 87 63 101 126 545 358 187 161 107 264 102 54 82 40 233 94 60 192 168 103 65 53 50 58 64 52 74 54 80 45 42 41 40 57 47 44 48
is_linear=0
shrinkage=0.01


Tree=28
num_leaves=51
num_cat=0
split_feature=70 6 22 16 72 76 100 32 67 26 59 40 19 79 72 92 100 36 1 99 99 10 40 16 19 26 1 38 24 60 29 72 36 62 33 72 40 44 40 0 19 22 2 72 16 24 16 29 26 1
split_gain=13.511 14.5673 12.0923 11.8796 13.4752 13.247 9.11798 9.24392 8.81671 9.48628 20.3784 10.9673 7.65103 12.1144 13.6647 7.63025 7.49999 11.1992 9.51598 8.86453 8.1481 7.99503 8.21778 9.02637 7.417 8.57927 7.15666 7.13517 6.98182 6.43282 6.0419 10.6011 5.87293 5.74157 5.50235 5.83402 4.7798 4.68831 4.67729 4.52609 4.50943 4.10966 4.09735 7.5013 3.90004 2.69277 2.65947 2.37154 1.75325 0.492308
threshold=963.10000000000014 2984.3400000000006 54.250000000000007 6502.7000000000007 1499.9500000000003 39842.758333333339 0.024305555555555556 102.25000000000001 25753.150000000005 79.750000000000014 1.0000000180025095e-35 103.25000000000001 2597.5500000000006 537.60425247855881 1357.7240000000002 21713.569875000005 0.26736111111111116 86.250000000000014 14843.150000000001 0.38541666666666669 0.052083333333333336 40740.500000000007 73.250000000000014 5142.9500000000007 632.30000000000007 7.2500000000000009 13949.550000000001 6.2750000000000012 7.8250000000000011 886.18300000000011 83.750000000000014 925.40000000000009 89.750000000000014 787.7745000000001 91.250000000000014 1682.5500000000002 129.25000000000003 3.185999989509583 82.250000000000014 31615.350000000002 1409.6000000000001 86.750000000000014 2800.1500000000005 0.79250000000000009 6240.9500000000016 8.4250000000000025 5518.8500000000013 83.250000000000014 10.250000000000002 14731.450000000003
decision_type=2 2 2 2 2 2 2 2 2 2 2 2 2 2 2 2 2 2 2 2 2 2 2 2 2 2 2 2 2 2 2 2 2 2 2 2 2 2 2 2 2 2 2 2 2 2 2 2 2 2
left_child=3 6 -3 4 16 15 41 -8 38 10 11 48 13 26 -15 45 20 18 -18 37 29 22 23 -21 -17 -26 27 28 -12 -1 31 -11 46 47 35 40 -13 -19 -4 -6 49 -2 -24 -44 -38 -5 -16 -22 -10 -28
right_child=1 2 8 5 39 -7 7 -9 9 30 12 36 -14 14 32 24 17 19 -20 21 33 -23 42 -25 25 -27 34 -29 -30 -31 -32 -33 -34 -35 -36 -37 44 -39 -40 -41 -42 -43 43 -45 -46 -47 -48 -49 -50 -51
leaf_value=0.086160911234472698 -0.74832088443971134 -2.3427731312680158 0.85280191811382677 3.6741286870706142 -7.2239536315608657 -0.040725143289480244 -2.6883991625779031 0.046594093204666079 -0.075341821058131156 13.713457730265102 0.9947608362138789 0.029243108923468104 -0.1819469390188721 7.4090410660832449 -3.5505146711242634 0.32342296767791007 1.4034061627409933 3.7849195489526726 -0.0018458783897177698 -1.4509396437308686 -1.5191933870685779 -3.2334366246691553 -2.9702503799507105 0.066332376788185432 0.069493277548599033 -0.031312843735785058 1.4360864560640163 1.1105019724255782 -0.032695375856163181 -0.59827915560228817 5.4706582945944255 -0.032926595834884123 0.018230068559952895 -0.046609361721643906 0.058625597288120945 0.040267117199609785 0.017601678970600294 -0.01909973829194965 0.68088187545717715 -4.1235610895306323 1.2509434108780528 -2.1428600145237748 -0.15196172237185232 0.018606826430551542 -0.021409187722154402 0.014419387530028277 -0.021085097799673595 -2.080367055610477 -4.639368783744894 3.3545491540428327
leaf_weight=24 23 26 30 30 30 36 23 36 20 27 20 21 33 33 21 22 32 22 38 21 22 27 27 39 22 38 32 37 24 26 21 25 20 31 21 32 23 28 26 29 23 34 30 33 22 22 20 24 22 20
leaf_count=24 23 26 30 30 30 36 23 36 20 27 20 21 33 33 21 22 32 22 38 21 22 27 27 39 22 38 32 37 24 26 21 25 20 31 21 32 23 28 26 29 23 34 30 33 22 22 20 24 22 20
internal_value=-0.000292398 0.000657343 0.00128548 -0.00133231 -0.00213251 0.000941176 -0.00258621 0.000169492 0.00158813 0.00117988 0.000630631 -0.00314815 0.00184524 0.00234323 -0.000638298 0.00238806 -0.00150943 -0.000639731 0.00285714 -0.00171806 -0.00354331 -0.00276836 -0.00186667 0.001 0.000487805 -0.00133333 0.00368421 0.00135802 -0.00136364 -0.0004 0.00452055 0.00269231 -0.00344262 -0.00558442 0.00515625 0.00607477 -0.000606061 0.002 0.00535714 -0.00661017 0.0076 -0.0054386 -0.00377778 -0.00238095 -0.00244444 0.00538462 -0.00560976 -0.00782609 -0.00714286 0.00923077
internal_weight=1368 715 599 653 483 170 116 59 573 517 444 108 336 303 94 134 424 297 70 227 127 177 150 60 82 60 209 81 44 50 73 52 61 77 128 107 66 50 56 59 75 57 90 63 45 52 41 46 42 52
internal_count=1368 715 599 653 483 170 116 59 573 517 444 108 336 303 94 134 424 297 70 227 127 177 150 60 82 60 209 81 44 50 73 52 61 77 128 107 66 50 56 59 75 57 90 63 45 52 41 46 42 52
is_linear=0
shrinkage=0.01


Tree=29
num_leaves=53
num_cat=0
split_feature=60 6 19 36 58 72 1 63 37 98 21 28 66 63 8 66 1 21 92 97 19 56 61 36 22 46 98 89 70 97 34 6 93 35 30 100 19 70 20 34 6 35 35 37 22 77 36 20 98 1 64 34
split_gain=15.9864 13.896 8.86177 9.66753 11.6654 11.1364 8.75207 10.5652 8.72222 9.12331 10.4507 8.40064 9.08915 8.60078 8.37945 8.0923 7.94045 7.86942 8.50417 9.3 8.50031 7.85102 7.70065 7.6544 6.88388 7.9957 6.51394 6.29182 6.28877 5.88 5.73058 6.43813 5.69859 6.77439 5.56522 5.04476 6.95632 4.93958 4.85554 4.78162 6.86785 5.22673 5.0903 4.5735 4.59188 4.36364 4.2964 3.96589 3.64882 3.13943 2.8513 1.89351
threshold=1469.1795000000002 2802.1850000000004 1865.7 84.250000000000014 0.25000000000000011 1463.7500000000002 13016.673000000001 31257.350000000002 8.7500000000000018 0.16319444444444445 26.925000000000004 25.525000000000002 1778.5500000000002 31799.000000000004 419.05207681365579 1097.1170000000004 13926.85 12.875000000000002 25626.169943750003 0.15625000000000003 266.90000000000003 1.0000000180025095e-35 35926.700000000004 82.250000000000014 85.250000000000014 104.09499740600587 0.052083333333333336 1020.4649812500001 1045.6005000000002 0.38541666666666669 94.250000000000014 10670.465000000002 393.90722222222229 27.125000000000004 58.250000000000007 0.26041666666666669 176.40000000000003 718.46600000000012 813.35000000000002 80.750000000000014 6499.2000000000016 26.475000000000005 26.175000000000004 49.750000000000007 89.250000000000014 3524.4801730504018 79.250000000000014 524.15000000000009 0.093750000000000014 15630.750000000002 1602.1500000000003 48.250000000000007
decision_type=2 2 2 2 2 2 2 2 2 2 2 2 2 2 2 2 2 2 2 2 2 2 2 2 2 2 2 2 2 2 2 2 2 2 2 2 2 2 2 2 2 2 2 2 2 2 2 2 2 2 2 2
left_child=2 27 3 17 5 6 48 32 -3 -10 11 12 13 16 -15 -7 23 -1 19 43 -20 30 -23 -11 25 -4 -26 -2 37 -21 31 -9 -8 39 -12 36 -6 -22 47 40 -34 -41 -42 -19 -45 -18 -14 -13 -5 -28 -29 -47
right_child=1 8 24 4 35 15 7 21 9 10 34 38 46 14 -16 -17 45 18 20 29 28 22 -24 -25 26 -27 49 50 -30 -31 -32 -33 33 -35 -36 -37 -38 -39 -40 41 42 -43 -44 44 -46 51 -48 -49 -50 -51 -52 -53
leaf_value=-1.2214864512318451 -4.7450123946512068 2.9744610068705324 -4.286067321951152 -0.063863871869291503 -0.15171906935106241 -8.5400589862535625 -0.037147427009871059 0.011545066406380977 3.8961569339300359 1.5557133270845152 7.3770128969142155 -0.028769526929604272 0.041430396437533296 0.96255705799134439 -1.094956904665513 -0.0095213319676622984 0.018008733108890108 0.005354600441517845 -0.0014013929712126333 0.5990474899434497 0.17716296931755277 -0.24029816353133374 -0.0019632757626578544 -0.033812526839354581 0.22805880004633416 -0.034715923116931162 -0.012641571701357228 -0.10640732740957339 2.4708693211246864 -0.0037444826336952663 3.0272996569691144 -0.27780071472312545 2.6964878486986965 0.47878230113228731 1.4751590591597241 -0.012162241430228538 -2.1544663507013024 0.0076853528131545336 0.0015958239255269089 0.27281486757001661 -0.55995671111506518 0.0066638335827269527 1.2007042920224407 -0.018575540214773558 -0.1866023512129224 0.03059589855499497 -0.028803982941453993 -0.038411746258485514 -5.8001319075813287 -0.3973998264518217 0.0064208154542515295 1.1370116567953841
leaf_weight=22 22 22 31 26 22 28 35 34 35 22 23 20 21 29 20 29 20 21 33 30 21 35 36 31 27 24 21 21 24 20 26 24 20 26 23 24 37 23 36 35 22 23 21 25 23 20 20 26 21 31 22 35
leaf_count=22 22 22 31 26 22 28 35 34 35 22 23 20 21 29 20 29 20 21 33 30 21 35 36 31 27 24 21 21 24 20 26 24 20 26 23 24 37 23 36 35 22 23 21 25 23 20 20 26 21 31 22 35
internal_value=-0.000131579 0.00136752 -0.000911111 -0.000496084 -0.00125954 -0.000612245 0 0.000563798 0.00205955 0.00170604 0.00121387 0.000533333 0.00155963 0.00254237 -0.00102041 -0.00473684 0.00390625 0.00115702 0.00172727 -8.40336e-05 0.00386139 -0.00135484 -0.00380282 0.000943396 -0.00328358 -0.006 -0.00139241 -0.00292308 0.00588235 0.0032 0.000714286 -0.00103448 0.0021978 0.00306122 0.00565217 -0.0046988 -0.00627119 0.00363636 -0.00219512 0.00206612 0.00015873 0.00413793 -0.00209302 -0.00246377 -0.00416667 0.006 -0.00268293 -0.00434783 -0.00404255 -0.00346154 -0.000697674 0.00745455
internal_weight=1368 468 900 766 524 441 384 337 403 381 346 300 218 177 49 57 128 242 220 119 101 155 71 53 134 55 79 65 68 50 84 58 182 147 46 83 59 44 82 121 63 58 43 69 48 75 41 46 47 52 43 55
internal_count=1368 468 900 766 524 441 384 337 403 381 346 300 218 177 49 57 128 242 220 119 101 155 71 53 134 55 79 65 68 50 84 58 182 147 46 83 59 44 82 121 63 58 43 69 48 75 41 46 47 52 43 55
is_linear=0
shrinkage=0.01


Tree=30
num_leaves=51
num_cat=0
split_feature=80 10 51 74 78 74 69 46 27 13 2 72 46 37 46 2 69 40 5 36 72 44 69 29 27 4 79 11 43 13 4 26 99 45 80 20 19 24 8 92 5 66 68 43 24 27 68 83 27 26
split_gain=12.0633 10.692 10.4534 8.77675 12.1218 11.2298 10.3044 9.96856 8.59694 8.4425 8.35335 7.50613 7.31742 7.07443 12.5304 9.57635 9.6009 9.40536 9.50734 8.12747 7.54313 7.44213 7.58468 7.67429 7.54931 7.06636 10.3636 7.84865 6.72222 6.65758 6.61461 6.57349 6.37252 6.80828 5.76136 5.68761 15.953 8.5834 6.30418 6.09524 5.55569 5.48999 5.09394 4.87879 4.86323 4.62857 4.5581 4.22698 3.30557 1.71237
threshold=25906.701388888894 19971.550000000003 1.0000000180025095e-35 313.39512500000006 430.98357638888893 648.95195833333344 36839.400000000009 90.450000762939467 120.75000000000001 13433.200000000003 2897.1290000000004 925.40000000000009 102.61499786376955 42.750000000000007 99.790000915527358 2695.0500000000006 33173.950000000004 117.75000000000001 3060.6700000000005 75.750000000000014 1.0025000000000002 6.7934999465942392 32104.800000000007 85.750000000000014 38.750000000000007 3537.3300000000004 355.43048707894695 35219.750000000007 91.52500152587892 3011.8000000000006 3701.4250000000006 134.75000000000003 0.90625000000000011 25427.500000000004 32217.673611111113 1273.2000000000003 1847.4500000000003 7.875 415.56486842105267 21760.474875000004 4026.2100000000005 1.0075000000000001 1469.6035000000004 79.055000305175795 5.7750000000000012 58.250000000000007 888.66700000000003 2190.599999999999 88.750000000000014 67.750000000000014
decision_type=2 2 2 2 2 2 2 2 2 2 2 2 2 2 2 2 2 2 2 2 2 2 2 2 2 2 2 2 2 2 2 2 2 2 2 2 2 2 2 2 2 2 2 2 2 2 2 2 2 2
left_child=1 -1 3 31 6 10 44 -7 9 13 11 -6 -12 14 40 21 17 18 -17 -16 -20 22 23 46 30 26 -22 -27 49 -21 -25 32 41 -34 -29 37 -37 38 -18 -39 -9 47 -38 -3 -5 -26 -15 -2 -46 -19
right_child=2 43 -4 4 5 7 -8 8 -10 -11 12 -13 -14 15 19 16 35 28 20 29 25 -23 -24 24 45 27 -28 34 -30 -31 -32 -33 33 -35 -36 36 42 39 -40 -41 -42 -43 -44 -45 48 -47 -48 -49 -50 -51
leaf_value=-0.36187848850186216 -4.2964224020006512 3.3855659607435116 -5.1591699128791637 1.0589405536940921 0.073685403844458361 -0.52800118649778005 -0.042982247781618972 0.26608533856595318 -0.18513203393813141 3.1012370735183983 -0.025825105077959237 -4.410653681176969 -3.2472795826321166 0.042324661973900696 -0.83925146898162584 -0.97733201508816703 -0.035225491667757729 0.25272697841602187 5.8738363821759094 0.087425141305401119 -0.013880684361819924 -1.5933986266485403 -0.15220509226366336 0.30797783821272245 0.77166113070399844 0.31490596136764637 1.810301911658085 -0.0017913391568307429 0.0080584851346969036 -0.015272299901443964 -0.96302282517341342 0.026771695095816554 0.018844527050889095 -0.093009372019628972 -3.7663727991061084 1.6432874695982997 0.051254334870893641 -0.055468135137643176 -0.12044886414504166 2.3893577105643358 2.5478242340105561 -0.0089018935898485686 -2.8555860403107172 0.68647807005094696 6.5598843767079176 0.024523350497698743 -0.31238070245099492 -0.04847428594413989 0.021535791585873598 2.5282706591445896
leaf_weight=20 32 23 28 22 30 36 24 25 23 26 35 34 37 20 26 22 27 26 21 33 24 32 34 26 21 20 33 32 32 32 21 20 34 20 22 27 20 21 20 21 28 23 24 21 36 24 39 39 25 23
leaf_count=20 32 23 28 22 30 36 24 25 23 26 35 34 37 20 26 22 27 26 21 33 24 32 34 26 21 20 33 32 32 32 21 20 34 20 22 27 20 21 20 21 28 23 24 21 36 24 39 39 25 23
internal_value=-0.000175953 0.0040625 -0.000384615 -0.000251572 7.24638e-05 -0.000270812 0.00327103 0.000150987 0.000375758 0.000548628 -0.00294118 -0.0003125 -0.00527778 0.000360825 0.00236111 -9.49367e-05 0.000795181 0.002 0.000689655 0.00010989 0.00157895 -0.00179724 -0.00102703 -6.62252e-05 0.00173913 0.000687023 0.00333333 -0.00135135 0.00481481 0.002 -0.00106383 -0.00238095 -0.00310811 -0.00037037 -0.00333333 -0.001125 0.000985915 -0.00280899 -0.00574468 0.00047619 0.00622642 -0.00468085 -0.00272727 0.00681818 0.00493976 0.00466667 -0.00288136 -0.00605634 0.00639344 0.00714286
internal_weight=1364 64 1300 1272 1104 997 107 861 825 802 136 64 72 776 144 632 415 255 174 91 152 217 185 151 92 131 57 74 81 65 47 168 148 54 54 160 71 89 47 42 53 94 44 44 83 45 59 71 61 49
internal_count=1364 64 1300 1272 1104 997 107 861 825 802 136 64 72 776 144 632 415 255 174 91 152 217 185 151 92 131 57 74 81 65 47 168 148 54 54 160 71 89 47 42 53 94 44 44 83 45 59 71 61 49
is_linear=0
shrinkage=0.01


Tree=31
num_leaves=54
num_cat=0
split_feature=29 75 30 45 6 34 71 88 88 41 81 77 34 61 38 2 95 16 27 27 79 85 35 23 14 16 67 35 32 19 45 2 6 48 23 89 37 38 75 16 81 38 2 34 29 88 82 2 79 82 16 17 61
split_gain=10.1302 8.79386 12.6144 14.6579 12.4056 9.57331 8.43306 11.9772 10.8879 9.02293 9.05412 8.71415 8.36447 8.02028 7.79057 7.78968 8.89285 8.75313 7.5543 11.85 8.65462 10.9412 9.60733 7.25589 7.24268 7.23613 11.1856 6.99272 6.73303 6.31916 6.10243 5.83333 5.70159 5.81534 6.25517 5.37647 5.3719 6.97762 6.43103 9.06256 5.35172 4.74922 3.80581 3.79555 3.75566 3.61 3.42912 3.52867 3.42291 2.5 2.5 2.5 1.86667
threshold=96.250000000000014 509.84765017899019 79.250000000000014 24577.500000000004 2388.6800000000007 107.75000000000001 1032.7260000000003 8165.5575000000017 13417.449166666667 60.750000000000007 4218.5009817225955 4101.6899105505945 70.250000000000014 37494.05000000001 10.975000000000001 2649.9500000000003 1.0000000180025095e-35 4734.3500000000013 33.750000000000007 47.250000000000007 642.45243445930748 1682.4000000000003 26.425000000000004 61.250000000000007 17202.500000000004 6084.1500000000005 29481.900000000005 27.025000000000002 82.750000000000014 1122.1000000000001 23391.000000000004 3060.2000000000003 3844.0450000000005 1.0000000180025095e-35 91.250000000000014 1514.0689687500001 42.750000000000007 5.2750000000000012 236.5974118198188 5368.3000000000002 4193.3419218890385 5.9250000000000016 3080.2560000000008 71.250000000000014 84.750000000000014 4149.3516666666674 85.56750000000001 2631.3000000000006 619.75692165551743 -0.069999999999999937 6584.6500000000005 73.450000000000003 30618.650000000005
decision_type=2 2 2 2 2 2 2 2 2 2 2 2 2 2 2 2 2 2 2 2 2 2 2 2 2 2 2 2 2 2 2 2 2 2 2 2 2 2 2 2 2 2 2 2 2 2 2 2 2 2 2 2 2
left_child=1 2 3 12 -4 13 7 36 11 40 44 31 28 15 32 17 18 30 51 -20 21 35 -22 -19 41 26 -18 -12 -1 -7 -3 -9 -14 -34 -35 -21 -6 52 -39 -40 -8 -5 -28 -26 -11 -30 47 -47 -25 -24 -37 -17 -38
right_child=-2 5 4 24 6 29 9 8 -10 10 27 -13 14 -15 -16 16 25 23 19 20 22 -23 49 48 43 -27 42 -29 45 -31 -32 -33 33 34 -36 50 37 38 39 -41 -42 -43 -44 -45 -46 46 -48 -49 -50 -51 -52 -53 -54
leaf_value=-0.030350594546451087 2.4367029821421391 -0.093133819342369334 -3.4438074617740217 -0.03264926003823209 -0.0014135840105854041 0.11288469581123074 0.8813986345668301 0.022205087707946807 -0.056740001055422901 -0.13452805965105533 -0.014639956980823843 -0.049118429044168015 -0.03345908245077929 -0.061143610080823543 -0.059483586893420821 -1.5936545011486647 -0.074130315302050206 -0.090274379911170113 6.2789281454542003 0.082979650903686045 0.31005929745512567 -0.105931165055884 -4.686386062906446 0.86871566550998058 -1.3916715603985492 1.9545929975146052 3.0189460778325543 0.6195375268942428 0.05925483421295729 1.4361869792052608 -8.0565290974994657 2.1925029325366152 -0.080317976576332634 0.018037590551224052 0.14477755050762151 3.6519313512799045 -2.3599072422293497 -2.7136917408959254 -4.607793327264587 0.068495228985249498 0.1697636106530005 0.028607254603768562 0.25277974767121963 -0.066552160656372192 -0.013049674959547409 1.8733564144380024 3.9662733195114401 0.021822518624938513 0.00057475594797246695 -0.056086623214213413 0.015674427709051485 -0.021422881647533389 -3.1459830613715942
leaf_weight=21 23 36 31 25 22 37 23 35 30 22 30 26 37 30 29 20 20 20 22 39 22 23 20 24 20 31 21 21 20 25 23 21 23 21 32 20 20 21 27 25 26 31 20 23 35 22 28 30 23 20 20 20 28
leaf_count=21 23 36 31 25 22 37 23 35 30 22 30 26 37 30 29 20 20 20 22 39 22 23 20 24 20 31 21 21 20 25 23 21 23 21 32 20 20 21 27 25 26 31 20 23 35 22 28 30 23 20 20 20 28
internal_value=-5.8651e-05 -0.000171514 -0.000832298 0.000552486 -0.00196388 0.000820896 -0.00150485 -0.00262745 -0.000178571 0.000318471 -0.0012963 0.00170732 0.00178707 0.000337553 0.000140845 0.000675676 0.00150943 -0.00142857 0.000442478 0.00129032 0.000365854 0.00215686 -0.00258065 0.00104478 -0.00272727 0.00413043 0.00213115 0.00176471 0.00371901 0.00451613 -0.00423729 0.00392857 0.00132743 0.00289474 0.00471698 0.00392405 -0.00454545 -0.0053719 -0.00342466 -0.00153846 0.00387755 -0.000357143 0.00512195 -0.00581395 -0.00403509 0.0048 0.00575 0.00423077 0.00319149 -0.0055 0.0065 -0.0035 -0.00833333
internal_weight=1364 1341 805 362 443 536 412 255 112 157 108 82 263 474 142 444 318 126 226 186 164 102 62 67 99 92 61 51 121 62 59 56 113 76 53 79 143 121 73 52 49 56 41 43 57 100 80 52 47 40 40 40 48
internal_count=1364 1341 805 362 443 536 412 255 112 157 108 82 263 474 142 444 318 126 226 186 164 102 62 67 99 92 61 51 121 62 59 56 113 76 53 79 143 121 73 52 49 56 41 43 57 100 80 52 47 40 40 40 48
is_linear=0
shrinkage=0.01


Tree=32
num_leaves=52
num_cat=0
split_feature=13 36 92 68 72 31 93 27 33 21 67 69 38 64 31 13 31 19 67 13 25 100 37 79 27 62 62 19 37 19 68 14 69 27 36 92 68 19 75 33 7 29 23 67 94 11 40 7 79 14 7
split_gain=10.0925 12.2644 9.34376 8.63887 8.17476 12.033 14.6165 11.8868 11.0935 9.94435 9.30438 9.29521 8.50213 8.67597 7.45568 6.90291 7.33992 7.32285 6.87201 6.60019 10.0476 11.0976 8.80011 9.00114 6.4 5.90944 6.68182 5.50737 7.87038 5.35863 5.32602 5.32563 5.20127 5.13163 8.7958 5.12645 5.09225 4.97523 4.84848 4.8 4.54335 4.3645 4.02381 3.47838 3.28623 3.16806 3.10303 2.34578 1.85185 1.6 0.4
threshold=298.10000000000008 79.250000000000014 20418.462868750004 1646.4500000000003 1458.5980000000002 3.4750000000000005 415.43671052631584 109.25000000000001 102.25000000000001 24.425000000000004 32157.850000000002 33443.55000000001 4.3750000000000009 1503.4500000000003 12.475000000000001 1066.1000000000001 14.375000000000002 1198.2500000000002 34481.250000000007 3403.4500000000003 145.75000000000003 0.70486111111111127 53.250000000000007 284.11057034544882 89.250000000000014 899.85000000000014 1561.2000000000003 1757.3000000000002 57.750000000000007 1059.5000000000002 0.10200000000000002 19536.100000000002 33980.80000000001 73.750000000000014 88.750000000000014 24747.36095625001 1368.6500000000003 955.90000000000009 299.98954885276095 92.250000000000014 574.95500000000004 85.750000000000014 90.250000000000014 32945.000000000007 569982.40548062522 35508.05000000001 70.250000000000014 345.40000000000003 367.49950885023202 13442.100000000002 735.95000000000016
decision_type=2 2 2 2 2 2 2 2 2 2 2 2 2 2 2 2 2 2 2 2 2 2 2 2 2 2 2 2 2 2 2 2 2 2 2 2 2 2 2 2 2 2 2 2 2 2 2 2 2 2 2
left_child=-1 2 -2 15 5 6 24 19 11 -10 -11 12 -6 47 38 -4 17 45 -12 22 21 25 -7 -24 39 32 35 28 -22 -5 -30 37 40 -32 43 -27 -19 -9 -15 -3 -21 -42 -8 -35 -13 -17 -25 -14 -47 -31 -41
right_child=1 4 3 29 8 7 42 31 9 10 18 44 13 14 -16 16 -18 36 -20 20 27 -23 23 46 -26 26 -28 -29 30 49 33 -33 -34 34 -36 -37 -38 -39 -40 50 41 -43 -44 -45 -46 48 -48 -49 -50 -51 -52
leaf_value=-1.3928095713789441 -0.057924712155036751 -0.035363222063550394 -0.039809391178866567 -0.025674870112556911 0.062548537114028926 1.9063922675341365 -0.042263070098805498 -0.2621995512737274 0.059467640269957975 -0.052631554318312165 0.61684471481009018 -3.3201376732101786 -3.0674916171876085 -0.0094341624511789582 -0.082967399167192118 0.40209362824731204 -0.03714821147260438 3.0987764600126577 -0.060922831668493507 -1.7650869095204018 -0.07281874455326004 0.13613564697750491 -0.16233861877758643 2.0664947286627684 -0.030643090537799896 -0.042024595874523972 -0.45770846188180642 -0.022210870197033408 3.7877387334488843 0.016597053073294458 9.0813697528990058 2.2903503810370913 0.054078612833606349 0.41396619822211167 -0.027243039418692955 0.84859943943556293 -0.071472704123403258 -0.01105007010907594 0.030014224049055169 -1.9814012938747037 -0.55359145837708812 0.069811106325403008 3.8784295426254141 0.026325023795708599 -5.8645993695787029 1.2323801811289343 0.025385342028221649 -1.7811790970820922 1.3940059974728649 -0.0052677368606435003 -1.3987714176836332
leaf_weight=21 29 20 30 21 30 26 24 37 20 32 21 29 27 24 20 35 35 34 20 36 31 23 20 20 36 28 22 35 28 20 22 21 29 23 35 38 27 27 20 20 22 20 32 28 28 27 24 20 27 20 20
leaf_count=21 29 20 30 21 30 26 24 37 20 32 21 29 27 24 20 35 35 34 20 36 31 23 20 20 36 28 22 35 28 20 22 21 29 23 35 38 27 27 20 20 22 20 32 28 28 27 24 20 27 20 20
internal_value=-0.00026393 -0.000156366 0.00160656 0.00217391 -0.000674374 -0.000120482 -0.00263158 0.000521008 -0.00209622 0.000752688 -0.000958904 -0.00343434 -0.00205674 -0.00333333 -0.0009375 0.00311628 0.00383784 0.0048 0.00219512 0.00109804 0.000571429 -0.000917431 0.00355556 0.0015625 -0.005 -0.00169231 0.000227273 0.00217822 0.00293413 -0.00114754 0.00397059 -0.00294118 -0.00327103 0.00296296 0.00186047 0.00181818 0.00213115 -0.004375 0.00136364 -0.007 -0.00461538 -0.00238095 0.00142857 0.0045098 -0.00684211 0.00662921 0.00409091 -0.00659574 0.00814815 0.001 -0.009
internal_weight=1364 1343 305 276 1038 747 152 595 291 93 73 198 141 111 64 215 185 150 41 510 420 218 90 64 96 195 88 202 167 61 136 85 107 108 86 66 61 64 44 60 78 42 56 51 57 89 44 47 54 40 40
internal_count=1364 1343 305 276 1038 747 152 595 291 93 73 198 141 111 64 215 185 150 41 510 420 218 90 64 96 195 88 202 167 61 136 85 107 108 86 66 61 64 44 60 78 42 56 51 57 89 44 47 54 40 40
is_linear=0
shrinkage=0.01


Tree=33
num_leaves=50
num_cat=0
split_feature=70 98 42 93 17 72 10 37 6 82 34 27 33 73 33 37 81 34 45 37 14 16 93 2 6 37 62 17 39 46 16 16 27 37 29 62 32 2 6 2 39 39 17 36 37 2 63 17 23
split_gain=13.0565 10.3099 11.3033 10.2854 9.32429 12.5463 14.2624 9.00889 8.82517 9.94959 8.00702 10.3846 10.1585 10.4764 10.6553 7.99889 9.29029 7.60028 7.31311 7.2898 6.64314 6.5736 6.56518 7.88453 6.44278 8.96095 7.46123 6.09524 6.03141 13.8878 6.41839 5.40192 5.37158 5.60554 6.75 5.24481 5.22648 5.18123 4.85348 4.5654 6.16038 6.45647 6.75841 4.45455 4.07765 3.43453 2.88202 2.61462 2.45098
threshold=962.50000000000011 0.16319444444444445 105.52500152587892 422.5526315789474 144.40000000000003 1004.5500000000001 28667.100000000002 9.2500000000000018 4010.2100000000005 477.75000000000006 82.750000000000014 81.750000000000014 23.750000000000004 937.1735000000001 58.750000000000007 57.750000000000007 4096.6161616060772 111.25000000000001 23522.500000000004 94.750000000000014 10556.700000000003 6163.3500000000013 422.20236842105265 2725.1000000000008 10200.925000000001 99.250000000000014 0.75000000000000011 13.950000000000001 222.25000000000003 103.15500259399415 6545.3000000000011 6277.4000000000005 109.25000000000001 69.750000000000014 81.250000000000014 1275.3305000000003 49.250000000000007 2354.4500000000003 5436.1850000000004 2451.5000000000005 120.75000000000001 175.75000000000003 66.350000000000009 79.250000000000014 78.250000000000014 2844.9485000000004 28390.700000000004 125.55000000000001 97.250000000000014
decision_type=2 2 2 2 2 2 2 2 2 2 2 2 2 2 2 2 2 2 2 2 2 2 2 2 2 2 2 2 2 2 2 2 2 2 2 2 2 2 2 2 2 2 2 2 2 2 2 2 2
left_child=3 2 44 4 5 6 -1 -3 9 15 12 18 22 27 -15 43 20 32 -12 28 -17 -11 23 -10 25 -21 -27 -14 29 -6 -31 -16 33 34 -8 38 -25 -7 -4 -35 -41 -42 -43 -9 -2 -28 -39 -18 -29
right_child=1 7 35 -5 19 37 17 8 10 21 11 -13 13 14 31 16 47 -19 -20 24 -22 -23 -24 36 -26 26 45 48 -30 30 -32 -33 -34 39 -36 -37 -38 46 -40 40 41 42 -44 -45 -46 -47 -48 -49 -50
leaf_value=1.2436696306644655 0.27270376162795623 1.1249620035515384 1.8783247641582781 0.53302491350839765 -0.19452102826889639 -0.946868917408619 -0.076814095217080033 0.036758153492145534 -0.033413759499624544 -3.6236142443712231 0.01456226396256443 -2.532063444977624 0.078094296785455763 1.4262469541405007 0.0027232982229766236 -0.16452796895853042 -2.1933700492897357 0.038919481243549402 -0.1098692873547919 -1.2426702887821555 0.10976692642484361 -0.078617079140425761 -0.093363216122103077 1.3868278581717035 -0.086494324275061235 0.027971062571995681 -1.6982218904256527 5.7541976452317183 3.4660935647251763 -0.024082073957567174 1.7941499639708205 -0.023508337263584773 -1.5422727195774628 0.044544599624153476 -1.852902319757691 5.1280424662843078 0.00021163799801166672 -5.2174320995531795 2.3022287415177698 -1.1273121962982218 0.92336866003453699 -0.10370557509019943 -0.0081076699360058523 -0.0016196608632560738 -0.72037690328686288 0.02281837681583098 -2.5603235212918314 -0.027834066380500459 2.5386977710532439
leaf_weight=38 23 36 25 22 37 21 24 22 20 37 29 35 21 31 32 21 24 29 34 21 30 25 35 21 35 29 21 34 39 27 32 20 24 22 24 27 20 38 23 21 32 26 37 22 20 25 31 22 20
leaf_count=38 23 36 25 22 37 21 24 22 20 37 29 35 21 31 32 21 24 29 34 21 30 25 35 21 35 29 21 34 39 27 32 20 24 22 24 27 20 38 23 21 32 26 37 22 20 25 31 22 20
internal_value=-0.000249267 0.000691114 0.00338983 -0.00126718 -0.00150079 -0.00253406 -0.00148014 0.000152284 -0.000162162 -0.00182266 0.000795455 -0.00163265 0.00173228 0.00329114 0.000843373 -0.00035461 -0.00195876 -0.00238494 0.000793651 -7.5188e-05 0.000980392 -0.00516129 -0.000833333 0.00114754 -0.00175573 -0.000416667 0.0012 0.006 0.00155556 0.000208333 0.00322034 -0.00192308 -0.00304762 -0.00247312 -0.00541667 0.00573333 0.00365854 -0.00577778 0.00375 -0.00144928 -0.00224138 -0.00115789 -0.00301587 0.00318182 -0.000697674 -0.00130435 -0.00710145 -0.00521739 0.00777778
internal_weight=1364 709 118 655 633 367 277 591 555 203 352 98 254 158 83 141 97 239 63 266 51 62 96 61 131 96 75 75 135 96 59 52 210 186 48 75 41 90 48 138 116 95 63 44 43 46 69 46 54
internal_count=1364 709 118 655 633 367 277 591 555 203 352 98 254 158 83 141 97 239 63 266 51 62 96 61 131 96 75 75 135 96 59 52 210 186 48 75 41 90 48 138 116 95 63 44 43 46 69 46 54
is_linear=0
shrinkage=0.01


Tree=34
num_leaves=53
num_cat=0
split_feature=62 51 67 88 24 20 20 38 38 38 83 46 24 17 26 99 11 2 30 11 0 5 63 20 38 83 34 3 83 2 89 93 0 88 5 99 99 86 47 32 0 76 36 71 20 10 71 29 35 70 7 16
split_gain=12.9199 9.80719 10.0392 9.52313 8.01191 10.7083 9.98195 8.89045 8.99181 10.5328 7.36364 7.17291 9.35455 7.14646 6.96642 7.82567 7.45521 10.4956 8.19874 7.37162 6.51734 6.48601 7.21584 6.3343 18.6889 9.05585 6.0983 6.06061 6.01009 6.54544 5.8828 6.52332 5.62899 6.54686 5.08517 10.2273 6.87509 4.662 4.55354 4.42619 4.1806 4.10894 3.88956 3.88479 3.6 3.6 3.52653 4.80574 3.44048 3.01467 2.96609 2.49161
threshold=1031.2500000000002 1.0000000180025095e-35 25753.150000000005 3292.680416666667 5.4750000000000005 719.75000000000011 1575.7000000000003 8.4250000000000025 7.3250000000000011 6.7250000000000005 1867.6000000000006 105.75000000000001 13.225000000000001 21.650000000000002 164.25000000000003 0.031250000000000007 42767.05000000001 3380.4000000000001 8.2500000000000018 35254.55000000001 33977.250000000007 4141.4800000000005 30215.650000000005 976.1500000000002 11.225000000000001 999.89999999999975 112.75000000000001 14485.400000000001 2344.8500000000008 2878.8000000000006 1269.01734375 414.1830263157895 34966.450000000004 9221.1835416666672 5563.9900000000007 0.34375000000000006 0.48958333333333343 434.40600000000006 1.0000000180025095e-35 163.25000000000003 32641.750000000004 34307.600000000013 88.250000000000014 1334.6255000000003 605.80000000000007 28909.600000000002 1.3660000000000003 88.250000000000014 26.725000000000005 1601.7 17.665000000000003 6562.7500000000009
decision_type=2 2 2 2 2 2 2 2 2 2 2 2 2 2 2 2 2 2 2 2 2 2 2 2 2 2 2 2 2 2 2 2 2 2 2 2 2 2 2 2 2 2 2 2 2 2 2 2 2 2 2 2
left_child=14 2 45 -4 5 -5 -7 8 9 11 -8 12 21 -13 15 19 17 18 -17 -1 -18 37 -23 25 32 44 34 -10 29 43 -19 -32 33 46 50 -36 -37 -6 -35 -38 -26 -15 -22 -9 -20 -2 47 -25 -41 -24 -27 -33
right_child=1 -3 3 4 7 6 10 28 27 -11 -12 13 -14 41 -16 16 20 30 23 -21 42 22 49 24 40 26 -28 -29 -30 -31 31 51 -34 38 35 36 39 -39 -40 48 -42 -43 -44 -45 -46 -47 -48 -49 -50 -51 -52 -53
leaf_value=-1.9649927565028142 0.80099904561904423 -4.2023976167233732 -0.12487777816498906 -0.01280805214845201 0.022993800033236731 1.8824251040459477 -0.055530724479612721 -0.021021798539635508 -0.071855646346417668 1.4119844845990956 2.7514322616768712 -1.1371513358525422 -0.43410904783009019 -0.27588658877503236 0.075581344881036808 0.26083373859936332 -1.6469946345622259 -3.5706413696173223 2.1472075509178956 -0.047337088854686744 -0.49664321880515694 0.0043095872560667443 0.90178574185271299 0.69638859442639356 -8.823800463763499 -0.031859253279633147 0.07212888754294719 -0.17326064964755666 -0.0010145726544616034 2.2929067345417771 0.46728906401780718 -0.084808509177023886 -0.0033099379269527236 3.6571142446622145 -0.55544357892935259 1.583943486659867 -0.061929505638957799 -0.093597206282464762 0.031248232647617846 -6.0018534735711562 -0.013906633776311877 0.66592436739999017 0.011446135570343446 0.015019504759739732 -0.010314511872071878 0.64695361639898163 -0.045079912380307403 -0.17512282211291297 -0.059235513671188608 4.307010277490912 0.26140183550309914 -0.0034523327832925513
leaf_weight=35 20 35 30 27 22 35 22 20 27 27 22 30 33 21 31 21 23 22 20 34 27 38 23 27 23 21 20 22 39 27 21 20 38 23 36 26 22 30 22 27 26 20 33 27 20 20 21 22 21 22 20 23
leaf_count=35 20 35 30 27 22 35 22 20 27 27 22 30 33 21 31 21 23 22 20 34 27 38 23 27 23 21 20 22 39 27 21 20 38 23 36 26 22 30 22 27 26 20 33 27 20 20 21 22 21 22 20 23
internal_value=-0.000175953 0.00086072 0.00115894 0.000815603 0.0011236 0.00358491 0.00544304 0.000514019 -0.000349206 0.00037594 0.00227273 -0.000292887 0.000833333 -0.00295775 -0.00108966 -0.00129683 -0.000944 -0.000516605 8.77193e-05 -0.00449275 -0.00373494 0.002 0.00373494 -0.000206897 0.00108911 -0.00133047 -0.00222798 -0.00428571 0.00292035 0.00459459 -0.00372093 -0.0021875 0.00281046 0.00391304 -0.00283237 -0.00378788 -0.00208333 -0.000769231 0.00688889 -0.00371429 -0.00428571 -0.000243902 -0.002 0.00234043 0.003 0.006 0.002 0.00346939 -0.00541667 0.00644444 0.000243902 -0.0044186
internal_weight=1364 639 604 564 534 106 79 428 315 266 44 239 168 71 725 694 625 542 456 69 83 135 83 435 202 233 193 49 113 74 86 64 153 115 173 132 96 52 45 70 49 41 60 47 40 40 70 49 48 45 41 43
internal_count=1364 639 604 564 534 106 79 428 315 266 44 239 168 71 725 694 625 542 456 69 83 135 83 435 202 233 193 49 113 74 86 64 153 115 173 132 96 52 45 70 49 41 60 47 40 40 70 49 48 45 41 43
is_linear=0
shrinkage=0.01


Tree=35
num_leaves=54
num_cat=0
split_feature=32 28 79 95 81 24 6 30 60 75 6 41 21 69 20 39 69 94 20 74 30 4 64 75 4 69 41 75 39 24 22 4 24 41 94 21 77 22 59 81 76 30 30 60 13 24 94 28 40 56 22 69 0
split_gain=12.9311 25.8978 11.0943 16.7953 10.2269 9.9041 9.46675 11.8787 9.16908 9.15572 8.9315 8.88419 8.20384 7.92493 7.85981 7.90371 10.2184 8.63269 7.73032 6.68932 6.67904 6.13943 6.08801 5.74109 11.2487 8.6478 7.31928 7.74491 7.69082 8.3371 7.44284 8.92558 6.3857 6.07646 6.97743 6.17399 6.31953 5.61646 6.03068 5.5254 5.12121 6.56364 5.60303 4.94685 5.77315 7.5082 4.65588 4.39744 4.29335 3.32209 2.86957 2.25333 0.1
threshold=85.750000000000014 24.625000000000004 280.3864438660346 1.0000000180025095e-35 3814.0189553576706 4.2750000000000012 2854.0550000000007 25.250000000000004 939.00900000000013 272.60101037578391 5407.4500000000007 48.750000000000007 25.225000000000005 25307.900000000005 240.00000000000003 167.75000000000003 32641.750000000004 658575.46202125028 1784.9000000000003 899.42678125000009 96.750000000000014 3461.3750000000005 1186.4845000000003 638.4004935525146 10292.965000000002 32390.250000000004 65.250000000000014 530.88558828895486 237.25000000000003 13.325000000000001 89.250000000000014 10691.905000000001 8.3250000000000028 71.250000000000014 854762.41323812527 25.125000000000004 4199.0132389378259 86.750000000000014 -0.68301270189221952 3647.5514466036025 38127.958333333336 96.250000000000014 56.750000000000007 1326.6000000000001 3078.8500000000004 9.5250000000000021 629468.59661250026 21.975000000000005 74.750000000000014 0.6078576107927941 75.750000000000014 30586.500000000004 31709.600000000002
decision_type=2 2 2 2 2 2 2 2 2 2 2 2 2 2 2 2 2 2 2 2 2 2 2 2 2 2 2 2 2 2 2 2 2 2 2 2 2 2 2 2 2 2 2 2 2 2 2 2 2 2 2 2 2
left_child=4 6 9 13 39 -6 -2 -8 48 14 43 22 46 -4 -3 -16 -17 -18 -12 -13 49 47 -10 26 25 -25 -15 28 29 33 37 -32 -26 -28 35 -35 40 38 -29 -1 41 42 -37 52 45 -45 -5 -21 -7 -14 -24 -23 -9
right_child=1 2 3 12 5 8 7 10 11 -11 18 19 20 23 15 16 17 -19 -20 21 -22 51 50 24 32 -27 27 30 -30 -31 31 -33 -34 34 -36 36 -38 -39 -40 -41 -42 -43 -44 44 -46 -47 -48 -49 -50 -51 -52 -53 -54
leaf_value=-0.066314539101147041 -0.056851303202929956 -0.29208854116400784 2.1815962137422957 0.019999008727271065 0.88158868815209301 -3.5653629495520551 -0.11536981549966482 2.5666023095804982 -0.3048106463156241 0.0095208722387286355 2.2603822030621323 0.0048742371098390658 3.3078181531978408 0.18976718886603394 -0.43076579007737276 0.013756837891115576 -0.012781877984202468 -0.70054297234478868 -0.075707393581228619 0.0047423095445230249 0.046262723267608559 -1.8656329890430998 -0.0026214227978883183 -2.7853903814828835 -0.081689291850490883 0.10944002333194494 0.0075174916117468227 0.57525951856592716 0.11661542088355679 0.044573119050295137 -0.029993242363715127 5.3852485116744848 -4.7688928714615537 -5.7960859811154535 0.026514769847028875 -0.49067390791397203 0.0094695602409722145 -0.03958014318619326 -0.043756790685130345 0.48611681225039255 -1.9950431258311971 0.0088610078843360425 -4.0009084198167946 -0.030638958040913489 2.2217038319371167 1.7911644279774563 -0.022867177824148814 -1.9982282193282481 -3.5972106277046736 1.6554877716589631 1.2024711350132724 -3.9399698572005089 1.896017850191563
leaf_weight=24 37 32 21 25 36 32 22 20 20 23 29 29 26 31 28 35 32 20 24 28 28 20 22 20 29 33 25 21 22 27 22 31 25 21 24 20 20 31 23 21 24 20 24 24 24 26 33 24 22 23 24 30 20
leaf_count=24 37 32 21 25 36 32 22 20 20 23 29 29 26 31 28 35 32 20 24 28 28 20 22 20 29 33 25 21 22 27 22 31 25 21 24 20 20 31 23 21 24 20 24 24 24 26 33 24 22 23 24 30 20
internal_value=-0.0002687 0.000277512 -0.000549451 4.6225e-05 -0.00198795 -0.00268293 0.00327434 0.00417989 -0.00338645 -0.00282353 0.00508982 -0.00238579 0.00318519 -0.00077821 -0.0037415 -0.00252174 -0.00103448 -0.00384615 0.00169811 -0.00389313 0.00532468 -0.00509804 0.000606061 -0.00103448 -0.00308411 0.000188679 -0.000466321 -0.000873239 -0.00198238 -0.00258537 0.00109375 0.00396226 -0.0062963 -0.00337079 -0.00411765 -0.00503876 -0.00407407 -0.000933333 0.00136364 0.00244444 -0.00522727 -0.00375 -0.00590909 0.00666667 0.00513514 0.0032 0.000344828 -0.00269231 -0.00703704 0.00755102 0.0026087 -0.0076 0.0095
internal_weight=1377 1045 819 649 332 287 226 189 251 170 167 197 135 514 147 115 87 52 53 131 77 102 66 493 107 53 386 355 227 205 128 53 54 178 153 129 108 75 44 45 88 64 44 114 74 50 58 52 54 49 46 50 40
internal_count=1377 1045 819 649 332 287 226 189 251 170 167 197 135 514 147 115 87 52 53 131 77 102 66 493 107 53 386 355 227 205 128 53 54 178 153 129 108 75 44 45 88 64 44 114 74 50 58 52 54 49 46 50 40
is_linear=0
shrinkage=0.01


Tree=36
num_leaves=51
num_cat=0
split_feature=68 95 100 31 61 16 8 19 33 71 83 83 77 82 83 26 83 36 8 67 10 68 77 10 34 34 19 63 56 83 19 2 85 16 31 66 21 7 82 8 2 7 26 7 31 0 7 17 76 0
split_gain=9.84872 16.973 16.4433 14.9501 15.0644 12.6527 13.7128 12.2292 12.2049 8.45533 9.38954 14.2462 9.63785 9.03462 8.14576 7.64568 7.59366 7.90408 10.0773 8.41148 7.18383 7.14694 6.84815 6.81166 6.52312 6.51855 6.44483 8.47059 6.25659 6.1325 6.05922 5.9835 5.91189 7.47556 5.86667 5.84539 8.8146 8.89418 5.50041 5.79871 5.44444 4.69029 4.26211 4.20746 4.09334 3.83558 3.11688 1.65445 1.04864 0.1
threshold=1367.9500000000003 1.0000000180025095e-35 0.010416666666666668 4.0750000000000011 25275.150000000005 6361.0000000000009 417.37513888888896 1142.7000000000003 33.250000000000007 1264.8500000000001 2326.8500000000045 1637.1000000000024 3968.5479591384078 -0.21499999999999994 1619.450000000001 60.750000000000007 2550.6500000000037 84.250000000000014 406.32619047619056 32631.150000000005 34940.55000000001 813.40300000000013 4055.2879721308891 29476.450000000004 78.250000000000014 41.750000000000007 1235.4000000000003 29560.600000000002 1.0000000180025095e-35 2336.9499999999994 650.70000000000016 3114.5000000000005 1509.9500000000003 5420.1500000000005 6.3750000000000009 1200.0500000000002 27.725000000000005 125.46000000000002 -156.0925 414.09197368421059 3030.3895000000007 608.71000000000015 8.2500000000000018 20.815000000000005 9.8750000000000018 34183.750000000007 26.285 35.800000000000004 30904.871875000008 34259.250000000007
decision_type=2 2 2 2 2 2 2 2 2 2 2 2 2 2 2 2 2 2 2 2 2 2 2 2 2 2 2 2 2 2 2 2 2 2 2 2 2 2 2 2 2 2 2 2 2 2 2 2 2 2
left_child=1 3 -3 8 -5 6 16 29 -1 10 11 12 21 41 25 31 17 18 -2 48 -14 -6 -20 -4 47 -8 30 -28 35 44 -16 -15 33 -10 -18 36 37 -13 -34 -40 -35 -12 -9 -11 46 -30 -7 -25 -19 -49
right_child=5 2 23 4 9 7 14 42 32 43 13 28 20 15 26 -17 34 19 22 -21 -22 -23 -24 24 -26 -27 27 -29 45 -31 -32 -33 38 40 -36 -37 -38 -39 39 -41 -42 -43 -44 -45 -46 -47 -48 49 -50 -51
leaf_value=1.4303413395175415 0.12553749804737036 -0.056282790170900654 0.081998114227446475 3.8376786507590754 0.055737171066458056 1.3094875407850139 0.029427328997036963 -0.0019855056462429834 -3.5459005177552267 0.013497550081799937 0.033907188958861231 -0.031240728323199667 0.84825454895401187 -0.15798754412744809 0.077045675145889114 -0.13277386339110925 -0.054874894782892286 -3.6505491230269422 -0.062152713739116926 -0.38995611350675907 -1.3116660921897665 -0.049846322556235625 -3.947984952746332 2.4272316812528203 0.016969553327753791 -3.3776603585879683 0.044912216420216595 -0.0047860736107848204 -1.6753853033084654 -0.0045563332066282944 -0.048885007950161631 0.047524957259479854 -0.17316193726388585 0.035406901194421643 0.057367953790038693 -1.4726478928553035 -0.074624212112678959 3.7523143626388253 0.093357405941367544 -0.053627422598279156 -0.12180959091336202 4.2401785143908528 -0.069902678088106907 3.9042078096620925 0.018420820622496364 -0.022477177793880598 0.39417954730514854 6.3028244491154126 -7.8981186759578144 4.2802413043191141
leaf_weight=22 34 29 26 25 33 20 26 37 30 22 37 21 26 23 22 33 24 31 30 28 25 20 24 27 26 34 34 34 31 27 28 24 24 20 20 30 29 27 37 33 25 28 20 30 22 25 22 20 32 20
leaf_count=22 34 29 26 25 33 20 26 37 30 22 37 21 26 23 22 33 24 31 30 28 25 20 24 27 26 34 34 34 31 27 28 24 24 20 20 30 29 27 37 33 25 28 20 30 22 25 22 20 32 20
internal_value=-0.000108932 0.00057971 0.00364865 -8.82353e-05 0.000838446 -0.00114754 -0.00206983 0.00135135 -0.00246073 0.000431034 -4.85437e-05 -0.00116105 0.00173077 0.002 0 -0.00025 -0.00372197 -0.00463687 -0.0025 -0.0067033 -0.00137255 0.00471698 -0.00518519 0.00529412 0.00655914 -0.003 0.00152542 0.00352941 -0.00300613 0.00362637 -0.0012 0.00234043 -0.00337278 -0.00546667 0 -0.00158879 -0.00012987 0.0025 -0.00170213 -0.000285714 -0.00288889 0.00476923 -0.0022807 0.00423077 0.0053125 -0.00571429 0.00714286 0.00820896 -0.00873016 0.0095
internal_weight=1377 828 148 680 489 549 401 148 191 464 412 267 104 145 178 80 223 179 88 91 51 53 54 119 93 60 118 68 163 91 50 47 169 75 44 107 77 48 94 70 45 65 57 52 64 56 42 67 63 40
internal_count=1377 828 148 680 489 549 401 148 191 464 412 267 104 145 178 80 223 179 88 91 51 53 54 119 93 60 118 68 163 91 50 47 169 75 44 107 77 48 94 70 45 65 57 52 64 56 42 67 63 40
is_linear=0
shrinkage=0.01


Tree=37
num_leaves=54
num_cat=0
split_feature=32 34 62 78 39 31 90 82 83 83 88 14 72 63 90 5 41 77 82 90 88 2 5 41 63 74 1 67 90 4 5 14 2 14 82 65 30 73 82 22 16 74 78 72 4 56 16 66 31 19 25 62 39
split_gain=10.6914 16.3987 14.4189 13.3347 13.7164 9.33982 10.7953 13.2086 9.21824 9.78986 8.58853 10.7969 8.4043 8.21785 7.91329 9.1023 7.82146 7.07028 7.79516 6.80943 11.6912 6.76878 8.31109 9.91991 8.13116 7.65651 7.6082 6.67502 6.62341 6.52727 6.39886 8.14203 7.7259 6.62759 6.31662 6.30829 6.2007 6.3251 6.03592 5.68952 5.36984 5.29586 10.5485 4.18213 7.1254 4.08198 3.79555 3.6 2.77778 2.53228 2.5 1.71163 1.6
threshold=85.750000000000014 62.750000000000007 1355.8960000000002 885.37168750000012 114.25000000000001 3.9750000000000005 2141.9842500000009 -1.0000000180025095e-35 1045.8500000000006 2792.3000000000015 5991.7550000000001 10776.35 1458.5980000000002 25001.800000000007 1980.5593500000004 3943.6950000000002 48.250000000000007 3955.0865715615796 0.8069999999999028 1471.4500500000006 9404.6285416666688 2667.2500000000005 7871.3700000000017 73.750000000000014 34701.650000000009 455.86353125000005 14415.400000000001 31782.050000000007 1881.2209500000006 4144.9800000000005 3725.52 12826.750000000002 3270.5280000000007 14914.200000000003 -0.21499999999999994 29432.500000000004 94.750000000000014 911.75000000000011 -1.0000000180025095e-35 75.750000000000014 4097.0000000000009 1460.1695833333335 1216.9437881944448 686.34850000000017 13829.610000000002 0.6078576107927941 5954.3500000000013 968.68100000000015 6.8750000000000009 266.90000000000003 167.75000000000003 998.35800000000006 217.25000000000003
decision_type=2 2 2 2 2 2 2 2 2 2 2 2 2 2 2 2 2 2 2 2 2 2 2 2 2 2 2 2 2 2 2 2 2 2 2 2 2 2 2 2 2 2 2 2 2 2 2 2 2 2 2 2 2
left_child=2 3 12 -2 -5 6 7 27 17 10 30 -12 13 -1 15 -6 39 18 52 20 -9 26 23 -23 25 48 49 -3 -27 41 32 -32 35 -33 46 -10 -15 40 -25 -4 -38 42 -18 44 -8 51 -11 -19 -24 -13 -29 -14 -7
right_child=1 5 16 4 14 8 43 19 9 34 11 21 45 36 -16 -17 29 47 -20 -21 -22 22 24 38 -26 28 -28 50 -30 -31 31 33 -34 -35 -36 -37 37 -39 -40 -41 -42 -43 -44 -45 -46 -47 -48 -49 -50 -51 -52 -53 -54
leaf_value=1.2091900315128814 3.0921736812236116 -1.2894880543217278 0.0067646211712438786 -0.71771839127600234 -0.35727737971616641 0.2635976975995622 0.019251400022432523 -0.077287122260728133 0.010096999032009463 1.7005950568222148 -0.25262125852386708 -0.81832851531164852 -5.6909643263717751 -0.4670960157167704 1.962172229952347 0.73121362643923049 1.6377009971474821 -1.7782129290775357 0.053325893485360362 0.8710783296352449 0.17377535225897009 -0.034370528281120999 0.021759896232266367 0.0032592088492973017 1.2847532255576035 -0.1183955425583742 0.0014345263480922141 0.021647421682053487 -0.024838147246405696 -1.5532284686659297 1.7098772071100201 -0.020696557681723987 0.034691818089236146 0.12210134953458569 0.011496832095218321 -0.044063219506610969 0.0073285803444891997 0.80845984183820041 0.076780434997899244 1.5134156665641021 -0.28952567061969703 0.037799192796892117 -0.45590308900291493 -2.3964048533482054 -0.3945311452322855 -2.0368455365005245 3.3500668133490219 0.041143057166889742 -0.051733773864898816 -0.91083231751006988 -0.072965675632206295 -7.5141227256998082 0.045955212513658347
leaf_weight=20 35 23 20 30 23 20 24 38 21 20 26 22 20 20 26 33 20 20 21 35 30 23 20 21 29 37 31 20 22 28 20 20 33 29 39 32 22 24 36 27 29 25 24 33 21 30 23 20 25 24 20 23 20
leaf_count=20 35 23 20 30 23 20 24 38 21 20 26 22 20 20 26 33 20 20 21 35 30 23 20 21 29 37 31 20 22 28 20 20 33 29 39 32 22 24 36 27 29 25 24 33 21 30 23 20 25 24 20 23 20
internal_value=-0.000123457 0.000373206 -0.00168675 0.00346939 0.00178571 -0.00013363 -0.00180328 -0.000361446 0.000489297 -1.80832e-05 -0.000573248 -0.00151899 -0.00351064 -0.00182609 0.00390244 0.00178571 0.000694444 0.00326733 0.00540984 0.00184466 0 -0.000965517 -4.69484e-05 0.0025 -0.00157895 -0.00288462 -0.00350649 -0.00396825 -0.00525424 -0.000927835 0.00135484 0.00362319 -0.000465116 0.00142857 0.00317073 -0.00283019 -0.00305263 -0.00173333 0.00473684 0.00404255 -0.00372549 0.000724638 -0.00136364 -0.00487179 -0.00288889 -0.00616438 0.00581395 0 0.000222222 -0.00608696 -0.0015 -0.00813953 0.008
internal_weight=1377 1045 332 147 112 898 244 166 654 553 471 316 188 115 82 56 144 101 61 103 68 290 213 80 133 104 77 63 59 97 155 69 86 49 82 53 95 75 57 47 51 69 44 78 45 73 43 40 45 46 40 43 40
internal_count=1377 1045 332 147 112 898 244 166 654 553 471 316 188 115 82 56 144 101 61 103 68 290 213 80 133 104 77 63 59 97 155 69 86 49 82 53 95 75 57 47 51 69 44 78 45 73 43 40 45 46 40 43 40
is_linear=0
shrinkage=0.01


Tree=38
num_leaves=54
num_cat=0
split_feature=70 68 79 6 33 39 8 83 83 83 34 39 60 4 81 13 13 96 13 0 75 21 21 66 5 34 34 94 64 25 25 75 24 83 2 39 79 92 81 7 39 66 88 19 79 19 29 92 75 56 4 57 0
split_gain=9.16351 13.7801 12.9868 11.9317 11.652 10.906 10.2402 9.01876 8.83107 12.3267 8.5765 8.52409 8.13163 7.63458 7.60258 7.3229 7.52093 7.25054 9.37297 7.89052 6.95726 6.87201 6.75 7.27273 6.4 6.23334 7.8953 6.13716 6.08766 5.99054 8.37338 6.38135 5.87418 5.71806 5.29126 5.1954 8.75826 6.33946 4.2496 4.07659 4.05702 4.57444 4.02873 5.31692 3.96825 3.92727 3.65714 3.6 3.11688 2.6237 2.5 1.63975 1.63902
threshold=1020.2010000000001 883.83150000000012 239.65813367669145 2802.1850000000004 30.250000000000004 147.75000000000003 422.5526315789474 1619.450000000001 1901.7999999999995 2712.9999999999986 90.750000000000014 115.75000000000001 1417.6400000000001 2530.7750000000005 3803.372932820062 14698.500000000002 12299.700000000003 1.0000000180025095e-35 4698.8000000000011 30476.300000000007 37.235207277339022 14.450000000000001 17.625000000000004 1682.5500000000002 2780.9150000000004 76.750000000000014 92.750000000000014 655851.94455187523 1682.5500000000002 171.25000000000003 78.750000000000014 503.7429467526643 14.075000000000001 2126.4999999999986 2959.8500000000008 212.75000000000003 515.1842739050669 21861.537012500008 4271.1185818289323 254.80500000000004 115.75000000000001 1311.2710000000002 4133.1462500000007 378.85000000000008 555.82095693518238 1891.8000000000004 85.250000000000014 29682.155650000012 188.68924845136294 -1.0000000180025095e-35 3449.7650000000008 -0.22252093395631442 33090.600000000013
decision_type=2 2 2 2 2 2 2 2 2 2 2 2 2 2 2 2 2 2 2 2 2 2 2 2 2 2 2 2 2 2 2 2 2 2 2 2 2 2 2 2 2 2 2 2 2 2 2 2 2 2 2 2 2
left_child=1 8 11 7 5 12 13 -4 14 15 29 -2 21 24 47 16 35 18 42 -20 50 -5 23 45 -3 -21 -27 28 48 30 32 -32 40 -7 -16 37 -37 -10 -36 -11 -6 -42 -15 -44 -41 -14 -12 -1 -22 -19 -13 -43 -51
right_child=2 6 3 4 10 33 -8 -9 9 39 46 20 22 17 34 -17 -18 49 19 25 27 -23 -24 -25 -26 26 -28 -29 -30 -31 31 -33 -34 -35 38 36 -38 -39 -40 44 41 51 43 -45 -46 -47 -48 -49 -50 52 -52 -53 -54
leaf_value=3.4557124111604134 -0.71054120736324233 -7.7549933049804682 -1.9895949023340793 -1.4917916739835482 1.248877863208167 -1.9487327359836422 0.50730495122659369 0.024997626726202791 0.026723887556536915 0.16033807470171232 -0.1897781913622052 -0.0033800548565577292 4.103920256679273 -0.23480987242660939 -0.039908382747372746 0.0440431760354058 -1.5821822797432474 -5.9941681760277827 -2.2299084915730472 0.61466124297123426 -1.2346378935279878 2.0950119986658469 -0.015266372099647435 -0.42299798166881775 1.3283747405774124 -2.0736013943708675 0.591344587619416 -0.089263800018322306 0.041343711412269536 10.087043440342255 -0.039014994452484811 0.85620045733326611 0.0057086015571263769 -0.0087346181873937112 0.048795796644676752 0.011924346397959145 -0.051216436126249827 -0.03196795267569702 0.0025593744367279603 1.6564239277555421 0.2445593912765785 2.3678541380787421 -1.4589288763648964 -0.031717997189134386 -0.060586390947801994 0.044439659694636847 0.014162612710868534 0.052610349487596068 0.28410309502314718 -9.560171006428984 0.044033731714639299 0.72390149017483818 -6.8157515156641715
leaf_weight=20 20 20 30 21 27 27 25 33 24 22 24 20 24 22 34 31 35 31 32 34 22 20 32 20 20 23 22 34 22 32 38 25 20 25 24 22 35 37 33 21 20 33 27 25 24 20 21 20 20 21 20 23 20
leaf_count=20 20 20 30 21 27 27 25 33 24 22 24 20 24 22 34 31 35 31 32 34 22 20 32 20 20 23 22 34 22 32 38 25 20 25 24 22 35 37 33 21 20 33 27 25 24 20 21 20 20 21 20 23 20
internal_value=-0.000225127 -0.00102273 0.000609212 0.00137864 0.0019469 5.29101e-05 -0.00254658 -0.00269841 0.00026178 -0.000836653 0.00330798 -0.00189873 0.00153285 -0.00306397 0.00236641 -0.00217391 -0.0030719 -0.0036965 -0.00264865 -0.000810811 -0.00101449 -0.00219512 0.003125 0.005 0.001 0.000886076 -0.00155556 -0.00244898 -0.000625 0.00412844 0.00344086 0.00047619 0.00495935 -0.00384615 0.000769231 -0.00186441 -0.00403509 0.000163934 0.00263158 0.00283582 0.00592233 0.00710526 -0.00540541 -0.00692308 0.00111111 0.00727273 -0.000666667 0.006 -0.00285714 -0.00638889 0.0025 0.00857143 -0.00804878
internal_weight=1377 704 673 515 452 189 322 63 382 251 263 158 137 297 131 184 153 257 185 111 138 41 96 64 40 79 45 98 64 218 186 63 123 52 91 118 57 61 57 67 103 76 74 52 45 44 45 40 42 72 40 56 41
internal_count=1377 704 673 515 452 189 322 63 382 251 263 158 137 297 131 184 153 257 185 111 138 41 96 64 40 79 45 98 64 218 186 63 123 52 91 118 57 61 57 67 103 76 74 52 45 44 45 40 42 72 40 56 41
is_linear=0
shrinkage=0.01


Tree=39
num_leaves=53
num_cat=0
split_feature=39 76 26 60 14 31 68 33 7 36 82 37 36 19 33 43 78 75 68 61 64 19 19 45 94 26 76 76 90 61 63 14 19 40 90 90 39 36 71 19 7 64 88 36 33 20 0 20 78 0 33 26
split_gain=9.2127 10.5674 7.53535 7.85013 19.0362 11.7049 9.84945 10.5094 9.7809 9.2234 9.17856 11.0603 8.23646 9.94777 7.6327 8.50784 7.53022 7.04079 12.7277 8.01475 7.61905 6.59722 10.8548 9.11182 7.49223 6.4 6.28017 6.25541 5.91749 5.71914 5.51556 5.6188 5.34876 4.99317 5.50501 13.4948 5.13333 4.77583 4.1855 6.52787 4.14138 4.08648 5.12121 4.01645 5.58502 3.26087 3.23904 2.84078 2.6936 2.48966 2.27273 1.06531
threshold=97.250000000000014 29080.858333333334 168.75000000000003 1236.3805000000002 13708.200000000003 14.125000000000002 1380.8500000000001 28.250000000000004 195.40000000000003 85.250000000000014 1777.5500000000002 97.250000000000014 79.250000000000014 862.35000000000014 96.750000000000014 90.904998779296889 1094.8099062500003 290.74791084203963 683.20000000000016 27917.400000000005 409.77550000000002 453.65000000000003 1421.9000000000003 25102.500000000004 671307.38296468765 70.250000000000014 33824.61250000001 34917.863541666673 1347.2770500000004 28771.550000000003 32186.150000000005 17589.300000000003 1701.7500000000002 155.75000000000003 2725.5973500000005 1943.3074500000002 165.25000000000003 84.250000000000014 0.99950000000000017 1403.3500000000001 17.665000000000003 1772.5000000000002 4929.6054166666672 86.250000000000014 98.250000000000014 636.80000000000007 30654.250000000004 1826.4000000000003 1100.347840277778 31615.350000000002 53.750000000000007 31.750000000000004
decision_type=2 2 2 2 2 2 2 2 2 2 2 2 2 2 2 2 2 2 2 2 2 2 2 2 2 2 2 2 2 2 2 2 2 2 2 2 2 2 2 2 2 2 2 2 2 2 2 2 2 2 2 2
left_child=1 -1 3 6 33 10 12 47 -7 16 11 29 13 40 15 37 -9 18 -14 20 25 24 23 30 -21 -19 48 -15 -25 -6 31 -23 -24 34 35 41 -37 -13 -31 45 -2 42 50 -34 -45 -40 -47 -8 -3 -11 -5 -48
right_child=2 26 -4 4 5 8 7 9 -10 49 -12 14 17 27 -16 -17 -18 19 -20 21 -22 22 32 28 -26 -27 -28 -29 -30 38 -32 -33 43 -35 -36 36 -38 -39 39 -41 -42 -43 -44 44 -46 46 51 -49 -50 -51 -52 -53
leaf_value=0.053726449982393051 0.066664246309386083 -6.6182405760709946 0.5501611000145229 -3.0930713176144424 0.0038617311262655741 -0.78584136537042226 -2.3611296714933099 0.35496761053543879 0.055118143676735447 -4.6477665572875848 -2.9058019062577767 0.3388137005069089 0.0034819571547080896 0.067495738951732151 -0.093567476648252282 0.60944718849370871 -0.029774830634550564 -6.475102296941925 -2.1415559110441511 -2.0528653804271584 3.7872196546463899 -0.053604913065518262 -3.7973476522765144 0.26336307281541516 -0.0072363081971926046 4.8608061993431173 -0.0094527603512074183 -0.16964280630081396 0.030083275062927024 3.148522555317141 -0.10138976433535798 0.12488079793722044 0.044183241762480001 0.028433263048727078 -0.025592042383002819 0.3606738364949757 0.00068047211991041081 -0.01697629035643218 0.014941893347397253 0.017844470405003254 0.039883488877853458 -0.0055618771087340372 -0.07494505424430932 -0.69422657668577858 -0.0060589932016489679 0.62922116615159296 3.3106526993393373 -5.3165802891782326 -0.026263487379100035 -2.5086057479504227 -0.066393976738063562 2.152414409235949
leaf_weight=32 21 27 39 22 20 27 21 24 30 20 21 24 39 22 26 20 23 20 33 27 30 31 28 35 32 20 30 20 29 27 23 37 23 20 34 20 22 23 23 34 26 29 22 20 33 20 29 26 22 29 22 20
leaf_count=32 21 27 39 22 20 27 21 24 30 20 21 24 39 22 26 20 23 20 33 27 30 31 28 35 32 20 30 20 29 27 23 37 23 20 34 20 22 23 23 34 26 29 22 20 33 20 29 26 22 29 22 20
internal_value=-0.000210603 -0.00297297 3.15956e-05 -0.000105949 0.000803738 0.0022093 -0.000809249 -0.00314685 -0.00192982 -0.00125 0.00303136 0.00353383 -0.000200364 0.00258427 0.000752688 0.00253731 0.00191489 -0.00073913 -0.00361111 -0.000206186 0.00285714 -0.000880503 -0.00019305 0.00148387 -0.00389831 0 -0.00493671 -0.000952381 0.004375 0.0050289 -0.000549451 0.000882353 -0.00269231 -0.00172775 -0.0022807 -0.00138686 0.00333333 0.000212766 0.00568627 0.00492063 0.00574468 -0.00347368 -0.00484848 -0.00131579 -0.00283019 0.00630435 0.0073913 -0.00702128 -0.00714286 -0.00428571 -0.00681818 0.00877551
internal_weight=1377 111 1266 1227 535 344 692 143 57 96 287 266 549 89 93 67 47 460 72 388 70 318 259 155 59 40 79 42 64 173 91 68 104 191 171 137 42 47 153 126 47 95 66 76 53 92 69 47 49 49 44 49
internal_count=1377 111 1266 1227 535 344 692 143 57 96 287 266 549 89 93 67 47 460 72 388 70 318 259 155 59 40 79 42 64 173 91 68 104 191 171 137 42 47 153 126 47 95 66 76 53 92 69 47 49 49 44 49
is_linear=0
shrinkage=0.01


Tree=40
num_leaves=56
num_cat=0
split_feature=39 33 8 79 4 68 28 83 33 71 19 83 83 43 56 30 43 46 8 31 46 2 80 73 8 24 17 80 17 77 80 79 81 46 37 10 3 34 8 83 64 79 81 36 19 2 56 34 31 94 81 46 43 19 3
split_gain=11.183 9.53817 11.3106 9.45668 10.0976 9.14386 14.9639 12.6353 12.2377 10.9404 10.0028 9.58081 9.34806 8.1 8.09841 7.70667 6.95898 6.74385 6.52955 8.53284 7.8914 6.34242 7.79611 6.31169 6.18727 10.4965 6.45128 8.20976 6.14674 6.2974 5.91481 6.44674 5.65992 5.2964 5.1941 4.8883 7.05484 4.83842 4.82513 4.71973 4.70051 9.30073 8.00564 5.76041 5.68999 5.05806 5.3393 6.11175 5.43063 3.95727 3.01882 2.7709 2.75569 0.942857 0.4
threshold=97.250000000000014 224.75000000000003 395.22375000000005 330.35665823877304 3563.7800000000007 1508.2500000000002 24.175000000000004 860.24999999999829 30.250000000000004 1099.9500000000003 1409.6000000000001 2177.349999999999 2792.3000000000015 69.290000915527358 -1.0000000180025095e-35 91.750000000000014 107.05999755859376 104.53499984741212 418.43631578947372 13.625000000000002 104.814998626709 3539.4070000000006 29077.617013888896 1.0040000000000002 419.57561522048371 4.9750000000000005 132.80000000000004 32758.574305555561 138.65000000000001 3808.1504165804076 34137.919097222235 570.53917694344284 4498.202004765365 102.91500091552736 94.250000000000014 30338.050000000003 13349.573500000002 73.750000000000014 414.88486842105266 2024.3499999999988 899.8565000000001 558.22249057434396 3556.2332558008825 90.250000000000014 440.40000000000003 3539.4070000000006 -1.0000000180025095e-35 78.750000000000014 5.2250000000000005 806319.9542462501 4072.6482955622228 101.34499740600587 85.814998626708999 1452.6000000000001 14513.150000000001
decision_type=2 2 2 2 2 2 2 2 2 2 2 2 2 2 2 2 2 2 2 2 2 2 2 2 2 2 2 2 2 2 2 2 2 2 2 2 2 2 2 2 2 2 2 2 2 2 2 2 2 2 2 2 2 2 2
left_child=3 2 37 -1 -5 6 10 30 9 23 11 35 16 -13 -6 -12 18 33 19 20 40 22 -10 -7 25 -24 -27 52 -22 -30 -8 -32 34 -11 -14 36 -4 -2 -17 -20 43 42 -42 45 -44 46 47 -9 -49 -39 -29 -48 -28 -25 -37
right_child=1 -3 5 4 14 8 7 12 21 17 15 13 32 -15 -16 38 -18 -19 39 -21 28 -23 24 53 -26 26 27 50 29 -31 31 -33 -34 -35 -36 54 -38 49 -40 -41 41 -43 44 -45 -46 -47 51 48 -50 -51 -52 -53 -54 -55 -56
leaf_value=-1.3784200256120192 -0.020444664244418646 1.0756871754400197 1.9957360839137754 0.78889740390556384 0.0033591460811395082 -2.6729638623060374 0.59111142295809516 -2.8253797799288396 0.10045014113118943 0.030148088497617284 -0.10396125156396195 -0.056969491522816523 3.7619452745774216 1.212255757542688 -1.3424203447609739 1.8990456121202948 -2.0098255341458917 0.075132238958442191 -0.84018990706487962 0.84207697193001085 5.7397384081763487 1.0528944177896959 0.089556101823304299 -5.0007022477993939 0.38136271665312765 -2.9925800424058298 -0.023144749886499092 -0.004544131020744308 0.04686631394194319 -0.02655148189556461 -0.11840588040192447 0.053581437876128478 -0.076263423945823056 -0.069697105999334277 0.031622360147606228 1.4585975220425502 1.5283855971280005 -0.59844241716624058 -0.010155530700324543 -0.016455385358896079 0.50342450653852755 2.7583450155004985 -0.096987404476250177 -2.6248353961988466 -0.015557205749834583 0.021553764354488521 -0.1903627687102632 -0.050054712166897546 0.20000174841313761 -4.3631465369524909 0.08808862058551542 -0.0067556182155306763 -0.0099310739258029555 -4.7450576451376447 4.1380963956068273
leaf_weight=22 25 23 30 23 28 33 36 21 27 20 25 20 25 20 31 26 29 21 20 20 23 22 30 20 38 26 23 21 21 26 29 22 22 21 36 20 32 23 24 26 22 26 26 29 32 20 31 29 23 21 20 20 21 22 20
leaf_count=22 25 23 30 23 28 33 36 21 27 20 25 20 25 20 31 26 29 21 20 20 23 22 30 20 38 26 23 21 21 26 29 22 22 21 36 20 32 23 24 26 22 26 26 29 32 20 31 29 23 21 20 20 21 22 20
internal_value=-0.000114943 0.000139752 2.37154e-05 -0.00326923 -0.00170732 0.000250836 0.000830325 3.25733e-05 -0.00106849 -0.00343066 0.00308756 0.00464789 -0.000550285 0.0005 -0.00389831 0.000133333 -0.00112613 -0.000322581 -0.000795181 -0.000352304 -0.000716332 0.000350877 -0.000194175 -0.006 -0.000949721 -0.00191489 -0.00333333 -0.002 0.00228571 0.000212766 0.00356322 0.00137255 0.00253012 -0.00268293 0.00409836 0.00627451 0.00451613 -0.00391304 0.0024 -0.00434783 -0.00146953 0.000188679 -0.0015 -0.00248555 -0.00344828 -0.00166667 -0.00241935 -0.000684932 0.00115385 -0.00590909 0.00121951 -0.00490196 -0.005 -0.00857143 0.009
internal_weight=1392 1288 1265 104 82 1196 831 614 365 137 217 142 527 40 59 75 444 62 415 369 349 228 206 75 179 141 111 85 70 47 87 51 83 41 61 102 62 69 50 46 279 106 80 173 58 144 124 73 52 44 41 51 44 42 40
internal_count=1392 1288 1265 104 82 1196 831 614 365 137 217 142 527 40 59 75 444 62 415 369 349 228 206 75 179 141 111 85 70 47 87 51 83 41 61 102 62 69 50 46 279 106 80 173 58 144 124 73 52 44 41 51 44 42 40
is_linear=0
shrinkage=0.01


Tree=41
num_leaves=53
num_cat=0
split_feature=69 72 62 83 35 25 33 32 16 62 83 83 25 17 79 25 33 38 17 8 69 38 22 17 16 64 100 10 45 69 81 92 81 3 83 88 93 28 83 10 77 25 82 38 69 79 14 82 45 29 28 72
split_gain=15.0331 8.89223 11.4737 10.1829 9.72624 12.828 7.83128 10.8667 7.78928 16.2802 15.844 9.46273 9.15826 7.70215 10.6704 7.66256 10.7539 8.00544 6.98182 6.77678 7.12396 6.48393 6.07227 5.9284 6.143 5.80265 5.46827 7.79322 5.20346 5.02593 8.42779 7.24286 6.5969 6.58845 10.2265 5.9401 9.1419 7.80201 6.75117 5.54856 4.90275 4.9 4.68272 4.60909 4.15385 4.14848 3.91837 3.88658 3.60218 3.49306 3.06087 1.26692
threshold=26809.900000000005 1466.7500000000002 1249.0500000000002 1045.8500000000006 24.725000000000005 167.75000000000003 24.250000000000004 156.25000000000003 5867.9000000000005 1419.1500000000003 1619.450000000001 2415.3500000000008 34.250000000000007 65.000000000000014 550.47013828753666 119.25000000000001 100.75000000000001 8.5250000000000021 44.050000000000004 422.53700924608825 38852.600000000006 10.275000000000002 75.250000000000014 37.45000000000001 5077.2000000000007 1504.1105000000002 0.26736111111111116 31845.250000000004 24332.500000000004 36370.400000000009 4094.791394943863 19999.950918750004 3992.7046284447583 14563.450000000003 2301.9999999999986 6709.291458333335 404.58640873015878 27.975000000000005 2154.2500000000023 32681.000000000004 3238.1175605693584 124.75000000000001 -0.037500000000000026 6.2750000000000012 37511.30000000001 452.25793916514567 15771.950000000003 -0.078499999999999945 23019.500000000004 88.750000000000014 28.825000000000006 1536.6000000000001
decision_type=2 2 2 2 2 2 2 2 2 2 2 2 2 2 2 2 2 2 2 2 2 2 2 2 2 2 2 2 2 2 2 2 2 2 2 2 2 2 2 2 2 2 2 2 2 2 2 2 2 2 2 2
left_child=22 2 3 13 -4 6 18 25 9 11 12 49 -10 -2 41 16 17 28 -6 20 29 23 -1 -11 -25 -8 27 48 -12 30 32 -32 35 42 -35 37 39 -5 -38 50 -28 -15 -33 -36 -31 -17 -9 -34 -24 51 -37 -3
right_child=1 8 4 19 5 -7 7 46 10 21 15 -13 -14 14 -16 45 -18 -19 -20 -21 -22 -23 26 24 -26 -27 40 -29 -30 44 31 33 47 34 43 36 38 -39 -40 -41 -42 -43 -44 -45 -46 -47 -48 -49 -50 -51 -52 -53
leaf_value=-0.20395304892042884 -0.095463588231937346 -5.0655332031263809 3.8152015977466669 -0.52209769965345976 -2.4718957142377711 9.2484920097745071 0.76080964563945697 -0.071351087803157839 -0.02955577086915688 0.040700659872580501 -0.0054905695880125066 -0.027255529566566957 0.099445639719877535 0.062474788486225459 0.12309617557908695 -0.0063266232157569479 -0.03256431746926667 0.049318234316154737 -0.0046764778288390253 1.2364500207187861 0.51791655365389289 0.78002149543442767 2.7751927592310319 -0.0027568456986529354 -0.16530451726679352 2.1526662633755884 0.06958075677212168 -0.050510697810340094 -2.8444056890727571 -0.067178793120250213 0.079221583494822556 -0.11740459315944475 -0.33178238028429435 -0.027474199135431771 0.031229837949052295 -0.084017652145252059 1.9437208898252372 1.7870182022183787 -0.8630454118673232 -0.066887677414493474 6.093845721160335 -1.6285007217373857 -0.0068739746015129945 2.2971496121782442 -0.028912131436107661 0.49014272409669291 0.2440242210218212 -0.096283515864124147 0.015784782650572985 -3.4954172524742035 -2.957196194049192 -4.8095054460528681
leaf_weight=21 38 27 30 26 20 32 23 28 20 36 26 30 33 20 33 20 21 21 24 21 23 20 30 22 23 24 22 36 27 39 28 29 22 29 20 23 22 20 28 29 25 20 38 24 39 24 21 20 29 33 22 31
leaf_count=21 38 27 30 26 20 32 23 28 20 36 26 30 33 20 33 20 21 21 24 21 23 20 30 22 23 24 22 36 27 39 28 29 22 29 20 23 22 20 28 29 25 20 38 24 39 24 21 20 29 33 22 31
internal_value=-0.000215517 -0.000593979 1.22699e-05 -0.000668842 0.00207921 0.00116279 -0.000142857 0.00145833 -0.00178744 -0.00306306 -0.0003125 -0.00553719 0.00433962 0.00207207 0.0039726 -0.00208633 -0.00368421 -0.00189189 -0.00363636 -0.0012749 -0.00151767 -9.90099e-05 0.00263804 -0.00135802 -0.00377778 0.00489362 0.00338028 0.002 -0.00396226 -0.00179039 -0.00131579 0.000357143 -0.00264151 -0.000571429 0.00150685 -0.00176471 -0.00290323 0.00130435 0.0004 -0.00513514 0.00617021 0.0005 -0.00283582 0.00454545 -0.00410256 0.00136364 -0.00183673 -0.00619048 0.00423729 -0.00714286 -0.00733333 -0.00862069
internal_weight=1392 1229 815 613 202 172 140 96 414 222 192 121 53 111 73 139 95 74 44 502 481 101 163 81 45 47 142 95 53 458 380 168 212 140 73 170 124 46 50 74 47 40 67 44 78 44 49 42 59 91 45 58
internal_count=1392 1229 815 613 202 172 140 96 414 222 192 121 53 111 73 139 95 74 44 502 481 101 163 81 45 47 142 95 53 458 380 168 212 140 73 170 124 46 50 74 47 40 67 44 78 44 49 42 59 91 45 58
is_linear=0
shrinkage=0.01


Tree=42
num_leaves=51
num_cat=0
split_feature=69 31 82 93 1 83 58 26 20 20 1 28 61 92 20 22 1 5 40 67 83 33 6 69 75 33 83 82 35 33 56 33 56 20 41 33 22 20 11 78 1 68 22 40 41 8 68 42 13 75
split_gain=12.2944 10.8794 13.1579 9.85003 9.13504 8.51299 10.7437 8.27686 8.3514 7.47358 8.58515 9.5635 9.73242 12.7205 8.00162 10.6869 10.3304 9.29032 7.33475 7.19807 7.05391 8.80681 8.48935 6.73089 6.95085 10.6583 8.63292 9.37732 8.21455 7.55041 6.65188 6.75565 6.61376 7.87692 9.2326 6.17992 5.42043 5.27042 5.49464 6.4 5.23128 5.11244 4.95718 4.34495 4.18287 3.64882 3.45142 3.13043 2.5 2.31317
threshold=32104.800000000007 13.175000000000002 -3.3924999999999268 392.9500000000001 14234.300000000001 1619.450000000001 1.0000000180025095e-35 1.2500000000000002 1565.1000000000001 2515.9500000000003 16347.600000000002 25.975000000000005 31851.950000000001 29779.289350000003 874.50000000000011 92.750000000000014 14415.400000000001 4531.1750000000011 80.750000000000014 35674.900000000009 1619.450000000001 132.25000000000003 6191.3650000000007 38279.450000000004 529.55941097223706 134.25000000000003 2550.6500000000037 280.10000000000002 26.975000000000005 108.25000000000001 1.0000000180025095e-35 185.75000000000003 0.6078576107927941 2799.2500000000005 75.250000000000014 166.75000000000003 87.250000000000014 1166.1000000000001 37060.55000000001 1278.0620937500003 16364.300000000001 791.98750000000007 87.250000000000014 76.250000000000014 85.750000000000014 412.94705128205135 1493.4000000000003 136.80000305175784 13433.200000000003 406.18086993868332
decision_type=2 2 2 2 2 2 2 2 2 2 2 2 2 2 2 2 2 2 2 2 2 2 2 2 2 2 2 2 2 2 2 2 2 2 2 2 2 2 2 2 2 2 2 2 2 2 2 2 2 2
left_child=1 3 -3 -1 18 6 36 -4 -9 10 11 12 13 14 17 16 42 -5 -2 43 22 44 41 24 25 29 27 28 40 32 31 -23 33 34 -7 -28 -6 38 39 -27 -26 -13 -16 -8 -22 -40 -34 -15 -25 -14
right_child=4 2 7 9 5 23 19 8 -10 -11 -12 20 49 47 15 -17 -18 -19 -20 -21 21 30 -24 48 26 37 35 -29 -30 -31 -32 -33 46 -35 -36 -37 -38 -39 45 -41 -42 -43 -44 -45 -46 -47 -48 -49 -50 -51
leaf_value=-2.5690234085042234 -8.9413863807502842 -0.77624490211248998 -0.20530681704843845 0.049498280274441642 -3.0877185166598715 0.66767151039991124 0.19555267851675345 -0.021940488738083765 0.69866245066890709 -0.80467428556849319 6.7382492586644318 0.0234952811264082 0.85281043859256378 1.411126432173063 1.3320346567149277 2.2769739931725947 -0.063055116964158137 -0.19785828154279286 -0.07821568363657655 -0.44103654679234683 -0.02830194207901391 1.1722049385223334 0.30733419693279723 -0.19733346904902785 0.041955454086070348 0.06061606110007315 3.0683846203733469 0.31553765609752454 -0.054870876397775138 -1.072441635985961 -0.066234594580805883 -0.0015202446699407251 -0.24322385343173275 -3.6227702772247574 -0.021711331161381825 -0.019764149860923973 0.047742229303619599 1.347715202438007 -0.063082670865753795 -0.068545284940947582 -1.6946944904509962 -1.6689205742261306 -0.012838987452197708 0.39634390832851046 -0.4654613546743912 -0.0053051420643147537 -2.8082194482343357 0.17660231192366802 0.61200122216767361 3.8325310750338697
leaf_weight=31 24 35 29 31 30 28 22 37 32 34 39 20 27 23 21 33 20 31 38 20 29 27 38 20 26 20 38 31 39 22 27 28 20 20 24 23 32 27 21 20 24 23 25 29 28 26 34 23 20 23
leaf_count=31 24 35 29 31 30 28 22 37 32 34 39 20 27 23 21 33 20 31 38 20 29 27 38 20 26 20 38 31 39 22 27 28 20 20 24 23 32 27 21 20 24 23 25 29 28 26 34 23 20 23
internal_value=-0.000215517 0.00070028 -0.0018797 0.00129088 -0.00117994 -0.000811688 0.00142857 0 0.00188406 0.0016 0.00189922 0.0015304 0.00284047 0.00188406 0.000559006 0.00232323 0 -0.00225806 -0.00483871 0.00408451 0 -0.00136691 0.00234568 -0.00142857 -0.0017833 -0.00282443 -0.000276243 -0.00183333 -0.00348315 -0.00459459 0.000731707 0.00272727 -0.00365079 -0.00166667 0.000384615 0.00278689 -0.0016129 -0.000526316 -0.00172414 0.001 -0.0008 -0.000697674 0.0026087 0.00607843 -0.00438596 -0.00404255 -0.0062963 0.00652174 0.0025 0.0068
internal_weight=1392 714 133 581 678 616 133 98 69 550 516 477 257 207 161 99 66 62 62 71 220 139 81 483 443 262 181 120 89 148 82 55 126 72 52 61 62 114 87 40 50 43 46 51 57 47 54 46 40 50
internal_count=1392 714 133 581 678 616 133 98 69 550 516 477 257 207 161 99 66 62 62 71 220 139 81 483 443 262 181 120 89 148 82 55 126 72 52 61 62 114 87 40 50 43 46 51 57 47 54 46 40 50
is_linear=0
shrinkage=0.01


Tree=43
num_leaves=53
num_cat=0
split_feature=69 39 95 94 32 98 3 83 32 100 85 38 13 76 61 32 80 61 62 7 38 38 42 39 7 83 80 40 79 73 75 43 98 92 66 81 77 19 75 91 19 3 83 73 38 83 24 17 4 27 17 64
split_gain=9.74533 10.6163 10.003 10.4199 10.4315 11.9729 9.63715 9.53029 9.09424 8.93279 8.10347 7.21589 7.92728 8.15893 6.58487 6.56116 6.53174 7.49709 6.46814 8.62895 10.673 6.28785 6.13698 7.71319 6.13636 6.10909 5.9753 5.50033 9.85805 6.83587 8.00828 8.40157 6.74721 7.03257 7.2411 6.45333 5.99043 5.22333 5.36678 5.08271 4.98909 4.9 4.62073 4.32 4.28241 4.06479 3.21754 3.11777 2.95718 2.37576 1.718 1.36039
threshold=26809.900000000005 114.25000000000001 1.0000000180025095e-35 629468.59661250026 254.75000000000003 0.69791666666666674 15186.150000000001 735.59999999999866 240.75000000000003 0.017361111111111115 1075.9720000000002 12.675000000000002 14698.500000000002 40627.913541666676 31528.750000000004 82.750000000000014 37717.435069444451 36178.200000000004 787.7745000000001 49.405000000000008 6.325000000000002 4.5250000000000012 196.50000000000003 133.25000000000003 20.475000000000005 860.24999999999829 31691.458680555555 148.75000000000003 570.53917694344284 1017.7505000000001 611.22999338736463 77.604999542236342 0.33680555555555564 21652.233243750008 1291.8000000000002 3739.1029556432354 3245.1084417929492 1142.7000000000003 203.73865923783274 30127.217237500005 966.75000000000011 12628.140000000001 1969.950000000001 1128.1815000000004 6.7750000000000012 1740.8499999999988 9.9250000000000025 77.000000000000014 6321.2200000000012 96.250000000000014 48.95000000000001 1609.5260000000001
decision_type=2 2 2 2 2 2 2 2 2 2 2 2 2 2 2 2 2 2 2 2 2 2 2 2 2 2 2 2 2 2 2 2 2 2 2 2 2 2 2 2 2 2 2 2 2 2 2 2 2 2 2 2
left_child=14 9 7 6 25 -6 15 8 43 -2 49 12 13 16 21 45 17 27 47 -20 -21 -1 23 -23 -25 -5 48 29 35 32 31 46 33 -12 36 -29 -35 38 -8 -13 -18 -16 -17 -3 -38 -4 -31 -11 -27 -9 -34 -44
right_child=1 2 3 4 5 -7 37 10 -10 18 11 39 -14 -15 41 42 40 -19 19 20 -22 22 -24 24 -26 26 -28 28 -30 30 -32 -33 50 34 -36 -37 44 -39 -40 -41 -42 -43 51 -45 -46 -47 -48 -49 -50 -51 -52 -53
leaf_value=3.5756235503163021 -2.2603897559012878 0.049823179860445314 0.58811625362210918 0.030600403537135969 2.0297491394986902 -0.0072425718782034082 -0.020934317926768857 -0.050416367042093742 0.079120615799645286 -4.3907715047360671 0.19103546261048826 -0.60652530613823163 0.35634664842721087 -0.066868041485736732 -0.16461214550315514 1.4047506275059241 0.00182115979375134 -1.210685699104149 1.4729877545235213 -0.095384600112093099 0.061628079138376202 -0.012174947826521038 -0.048434221828389371 0.038648553436850822 5.1783860047427774 -0.029440677772477431 -0.31445197115492057 0.0073529341354835508 -0.04339516316515999 -0.021727098314798497 0.30190921063268888 -1.9299182237607417 -2.6307663323356461 -0.00086047743526395325 0.04096581941658451 2.4585091384845139 -1.3151320463834537 -1.8294213596998885 1.3342380504136271 -0.0091648691139232224 0.11506266087013586 0.92161894477263417 1.7896652676074332 -2.6454281450794102 -0.064426879567112003 -0.0041610579340006452 0.2949483527723063 -0.021173976749255374 0.029434000813395259 -5.6114002415304753 -9.7610281903461082 4.6209873157620187
leaf_weight=29 21 30 21 28 26 25 20 24 33 28 20 36 36 36 20 29 28 20 34 36 20 30 20 24 20 24 31 20 39 25 21 38 20 32 28 30 39 24 21 21 22 20 23 20 32 37 23 23 22 20 21 22
leaf_count=29 21 30 21 28 26 25 20 24 33 28 20 36 36 36 20 29 28 20 34 36 20 30 20 24 20 24 31 20 39 25 21 38 20 32 28 30 39 24 21 21 22 20 23 20 32 37 23 23 22 20 21 22
internal_value=-0.000272989 -0.000577705 -0.000215558 0.00116147 -0.000769231 0.00294118 0.00269036 -0.000896359 0.00228916 -0.00296296 -0.00131537 -0.00100511 -0.000641509 -0.00097166 0.00202454 0.00424242 -0.000611354 -0.00102941 -0.00205674 -0.000444444 -0.00285714 0.00317073 0.00191489 0.00324324 0.00590909 -0.00257143 -0.00402597 -0.000721649 0.00146067 -0.00137124 0.000654206 -0.000697674 -0.0025 -0.00152318 -0.00236641 0.0044 -0.00359223 -0.000461538 0.00170732 -0.00438596 0.0028 -0.0015 0.00621622 -0.0004 -0.00521127 0.00172414 0.00208333 -0.00490196 -0.00173913 -0.00545455 -0.00609756 0.00822222
internal_weight=1392 1229 1067 353 156 51 197 714 83 162 631 587 530 494 163 132 458 408 141 90 56 123 94 74 44 105 77 388 89 299 107 86 192 151 131 50 103 65 41 57 50 40 74 50 71 58 48 51 46 44 41 45
internal_count=1392 1229 1067 353 156 51 197 714 83 162 631 587 530 494 163 132 458 408 141 90 56 123 94 74 44 105 77 388 89 299 107 86 192 151 131 50 103 65 41 57 50 40 74 50 71 58 48 51 46 44 41 45
is_linear=0
shrinkage=0.01


Tree=44
num_leaves=55
num_cat=0
split_feature=69 16 61 72 60 74 24 27 21 68 8 79 94 21 95 19 77 57 65 93 72 30 91 39 77 91 6 100 73 27 73 42 11 91 11 65 19 61 10 10 61 97 93 35 13 73 19 5 98 57 60 57 61 27
split_gain=9.10592 8.28808 14.8053 11.2876 13.0731 11.1722 9.86638 8.76653 8.68917 9.56953 12.547 8.65969 8.58029 12.4189 8.49484 8.41012 8.35106 12.2021 7.86688 9.28752 7.78479 8.98562 12.0184 7.44284 7.39241 7.24917 6.70154 6.5153 6.46351 9.7971 6.41078 6.4 6.2621 6.1824 5.87061 5.53384 6.45161 5.46088 6.66799 5.30282 5.22648 5.07524 5.0133 4.9 4.9 4.7306 4.04739 3.6878 3.46542 4.71694 3.07255 2.71515 2.48896 1.75325
threshold=20727.850000000002 6064.3000000000011 30063.100000000002 1341.3900000000001 997.60000000000014 349.60527083333335 15.525000000000002 18.750000000000004 21.325000000000006 1194.1500000000003 405.81138888888898 239.65813367669145 638131.22696875012 21.475000000000005 1.0000000180025095e-35 1910.6000000000001 4425.0838723215793 -0.56174490092936669 33434.250000000007 404.44289285714291 925.40000000000009 89.750000000000014 31261.722206250004 215.75000000000003 4076.5077576887334 28337.697525 3242.9000000000005 0.46875000000000006 1033.8175000000003 55.750000000000007 882.39800000000014 116.10000228881837 40509.350000000013 26431.179231250004 35392.05000000001 29037.300000000007 852.70000000000016 31322.850000000002 31871.900000000005 31206.300000000007 37333.950000000004 0.093750000000000014 410.48802631578951 24.775000000000002 5313.1500000000005 1503.2500000000002 1452.6000000000001 5598.4100000000008 0.052083333333333336 -0.22252093395631442 851.55000000000007 -0.56174490092936669 33363.55000000001 80.750000000000014
decision_type=2 2 2 2 2 2 2 2 2 2 2 2 2 2 2 2 2 2 2 2 2 2 2 2 2 2 2 2 2 2 2 2 2 2 2 2 2 2 2 2 2 2 2 2 2 2 2 2 2 2 2 2 2 2
left_child=-1 3 30 5 50 42 8 -6 9 10 33 26 13 37 16 28 18 -18 19 -13 21 48 24 41 39 -22 -4 -20 47 -30 53 -28 -25 -7 -15 36 -14 46 -39 -23 -24 -21 -2 -12 -43 -32 -9 -16 -10 -50 -5 -29 -44 -3
right_child=1 2 11 4 7 6 -8 12 20 -11 43 14 35 34 15 -17 17 -19 27 23 25 22 40 32 -26 -27 31 51 29 -31 45 -33 -34 -35 -36 -37 -38 38 -40 -41 -42 44 52 -45 -46 -47 -48 -49 49 -51 -52 -53 -54 -55
leaf_value=2.7192652527456516 -0.005827645867205326 7.2343447127919767 -0.072803212975597928 -5.9274854920374285 -0.84010593064519956 0.033358325400095305 -1.6705948362430065 -0.040530634888746829 0.016410559693327314 2.5720398176329287 8.6148904332536933 -0.11559895409758947 0.069754962874945162 2.0511601293201736 3.9414389973908737 -0.038246012958794491 -0.016226640369828037 0.21411718522298784 -0.00056358632865025169 -0.12217111700266527 -5.6909265607191708 0.050334418609973459 0.053948884328738879 7.3669217835849778 -0.46090177779615032 0.0019860077608044825 -0.08146832508172093 -0.047327036640137959 1.0475163755360388 -0.021229379660792951 -0.010468672222810425 0.0052411109357282095 0.011161093802524391 -0.088372141230937798 0.034398489424249785 -3.3885924097529161 -1.0923011073788795 -0.75849548593740534 0.004121900892607373 -0.06753602529832943 -0.00038247736583145876 0.073499620151048536 -0.013868330722208451 0.75601639889569072 -0.076356054446599375 0.055304903206743514 0.063718909351292069 6.1912282502186669 8.847256180259242 0.9923921859115179 -4.7283045157744201 -0.15197030967198802 -4.6171254622522859 0.039127820061786514
leaf_weight=24 34 22 25 37 33 22 31 20 26 38 20 37 31 20 21 26 31 30 27 35 30 20 21 25 21 29 20 20 25 23 25 20 28 26 27 27 31 27 21 39 20 20 20 20 20 21 21 20 20 27 20 22 26 20
leaf_count=24 34 22 25 37 33 22 31 20 26 38 20 37 31 20 21 26 31 30 27 35 30 20 21 25 21 29 20 20 25 23 25 20 28 26 27 27 31 27 21 39 20 20 20 20 20 21 21 20 20 27 20 22 26 20
internal_value=-0.000272989 -0.000380117 0.000550622 -0.00103106 -0.00250794 -8.16327e-05 0.000585366 -0.00155039 0.00102902 0.0031746 0.00136364 -0.000147368 -0.000844444 0.000735294 0.000390244 0.00269565 -0.000508475 0.00278689 -0.00136752 -0.000181818 -3.95257e-05 0.000927835 -0.000743802 0.00109375 -0.003 -0.00322034 -0.00353846 -0.0042029 0.0041573 0.00166667 0.00431818 -0.001 0.00396226 -0.00208333 0.00489362 -0.00325843 -0.0016129 -0.00146067 -0.00375 -0.00118644 0.00365854 -0.000933333 -0.0035 0.0055 0.0015 0.00173913 0.00121951 0.00707317 0.00369863 0.00531915 -0.00684211 -0.00666667 -0.00565217 0.00714286
internal_weight=1392 1368 563 805 315 490 410 258 379 126 88 475 225 136 410 115 295 61 234 165 253 194 121 128 80 59 65 69 89 48 88 40 53 48 47 89 62 89 48 59 41 75 80 40 40 46 41 41 73 47 57 42 46 42
internal_count=1392 1368 563 805 315 490 410 258 379 126 88 475 225 136 410 115 295 61 234 165 253 194 121 128 80 59 65 69 89 48 88 40 53 48 47 89 62 89 48 59 41 75 80 40 40 46 41 41 73 47 57 42 46 42
is_linear=0
shrinkage=0.01


Tree=45
num_leaves=52
num_cat=0
split_feature=6 62 100 40 31 39 21 73 64 100 39 39 30 17 38 14 41 5 88 21 6 87 100 13 80 73 14 31 44 69 14 13 45 1 27 69 75 69 98 35 75 44 5 69 25 17 44 30 21 1 68
split_gain=14.9091 9.57522 18.7672 11.3617 10.466 13.7579 15.879 10.7193 10.4484 9.31545 9.88576 9.1465 8.92857 8.48906 7.89943 7.63227 7.27745 8.03749 7.8801 9.23479 8.9151 9.20718 8.4 8.26826 7.9757 7.1813 6.87509 6.45333 6.41771 7.63727 6.23281 6.20606 5.86312 9.29866 5.84012 5.83921 9.06256 5.8075 5.51802 8.1622 5.40254 5.31858 5.19503 5.04833 4.60909 3.93576 3.63114 2.60999 2.54209 2.5 1.71163
threshold=2926.7900000000004 937.97600000000011 0.37847222222222227 70.750000000000014 15.375000000000002 145.75000000000003 19.675000000000004 1355.7645000000002 1186.4845000000003 0.26736111111111116 228.25000000000003 238.25000000000003 99.750000000000014 54.050000000000004 10.575000000000001 15337.35 112.75000000000001 4964.5400000000009 8817.6495833333338 25.625000000000004 10324.6 0.38541666666666669 0.47569444444444448 12747.100000000002 38803.672569444454 672.8900000000001 19643.200000000001 7.7250000000000005 2.586499929428101 31060.300000000007 15038.150000000001 1066.1000000000001 23069.500000000004 14563.750000000002 85.250000000000014 32425.200000000004 196.98709712867858 30627.850000000002 0.21180555555555561 25.175000000000004 659.99581856363466 3.1114999055862431 1636.2150000000004 32995.700000000004 58.250000000000007 16.950000000000003 3.6505000591278085 75.750000000000014 15.575000000000001 14797.950000000003 1502.0000000000002
decision_type=2 2 2 2 2 2 2 2 2 2 2 2 2 2 2 2 2 2 2 2 2 2 2 2 2 2 2 2 2 2 2 2 2 2 2 2 2 2 2 2 2 2 2 2 2 2 2 2 2 2 2
left_child=28 9 3 15 5 7 46 48 13 11 16 14 -6 -8 25 37 17 -11 30 26 22 -22 -21 -24 34 27 -20 -2 31 -30 -19 44 -10 -34 -23 47 -37 -3 -17 -40 -4 -12 -33 -32 -1 -27 -7 -35 -5 -39 -31
right_child=1 2 40 4 12 6 8 -9 32 10 41 -13 -14 -15 -16 38 -18 18 19 20 21 24 23 -25 -26 45 -28 -29 29 50 43 42 33 35 -36 36 -38 49 39 -41 -42 -43 -44 -45 -46 -47 -48 -49 -50 -51 -52
leaf_value=-0.078262264553968452 -0.063533736042798716 -0.23308684826895146 3.8379289538595605 3.4675207292491304 0.069057413246195715 -0.19750556566919814 0.083753807272225908 -0.014631567155763494 0.94192158976789953 0.43417702242889605 -0.029428778529359229 0.21570271681809303 -1.4252788230043507 -2.1478868255685608 -5.3895948896485653 2.9563093587197455 0.038749581735204285 0.12501301525648312 0.018415443405352044 0.17625144460940997 0.47353066597275373 -0.17533706189165085 -0.054968749601884088 0.12163095516122659 -6.6709178728186549 -0.050040532437499688 2.9215512496388691 0.79184102681580182 -0.050739711293809046 -0.76149897680230871 -1.6049948141673036 0.048631019261384648 -0.0088406863579918379 3.172540373755254 0.037262165249902814 -0.022527279742969291 1.5070119470808243 0.0089035610075910744 0.080569854298103899 -0.19063702414288039 1.8585579204491913 -2.6178917203166532 -0.076015147917988024 -5.2110066738271597 -0.517303122354412 -2.4198492557169726 -0.015925476050379077 0.65221392904574726 2.8632011378475388 -2.7982503945067707 -5.5548480343743005
leaf_weight=20 30 39 38 23 21 20 27 20 32 20 23 24 24 26 20 24 34 21 30 24 26 25 38 22 20 29 26 20 28 20 39 28 36 21 26 25 27 20 39 35 20 22 38 20 24 26 23 20 39 20 23
leaf_count=20 30 39 38 23 21 20 27 20 32 20 23 24 24 26 20 24 34 21 30 24 26 25 38 22 20 29 26 20 28 20 39 28 36 21 26 25 27 20 39 35 20 22 38 20 24 26 23 20 39 20 23
internal_value=-0.00047619 -6.75676e-05 0.000791599 0.000231729 0.00119792 0.00179941 0.000661479 0.00536585 0.0017757 -0.00100885 -0.000240385 -0.00315436 -0.00333333 -0.00207547 -0.00424 -0.00186441 0.000296496 -0.000148368 -0.000536278 0.000379747 -0.000718232 -0.00278351 0.00166667 -0.000333333 -0.00464789 -0.00314286 0.00392857 -0.0004 -0.00314917 -0.00549296 -0.00325 -0.00163636 0.00304348 0.00209302 -0.00254902 0.00376344 0.00153846 -0.00417722 0 -0.00135135 0.0062069 -0.00466667 0.00030303 -0.00491525 -0.00454545 -0.00563636 -0.00488372 0.00658537 0.00741935 -0.0015 -0.00813953
internal_weight=1365 1184 619 561 384 339 257 82 214 565 416 149 45 53 125 177 371 337 317 237 181 97 84 60 71 105 56 50 181 71 80 110 161 129 51 93 52 79 98 74 58 45 66 59 44 55 43 41 62 40 43
internal_count=1365 1184 619 561 384 339 257 82 214 565 416 149 45 53 125 177 371 337 317 237 181 97 84 60 71 105 56 50 181 71 80 110 161 129 51 93 52 79 98 74 58 45 66 59 44 55 43 41 62 40 43
is_linear=0
shrinkage=0.01


Tree=46
num_leaves=48
num_cat=0
split_feature=5 70 100 4 100 22 41 88 83 21 30 87 74 74 22 65 58 82 16 43 11 46 80 3 11 41 83 66 83 19 38 88 21 46 39 21 3 63 11 14 3 24 20 87 38 5 4
split_gain=12.9845 12.7966 14.3886 13.6626 12.2338 9.95145 12.406 12.1616 9.42419 8.19259 10.2302 8.13917 10.9971 8.21337 12.4519 10.6778 8.2278 7.32119 7.2984 8.18148 7.24387 6.63438 6.27977 7.08686 6.42432 5.93317 6.14787 5.8666 7.48103 7.48663 5.34545 7.95987 8.40722 5.33122 5.08271 5.03913 4.6993 6.30865 5.0625 4.9 4.69181 4.67453 4.52885 6.464 3.22494 5.17695 3
threshold=3014.5800000000004 962.50000000000011 0.26736111111111116 7440.2450000000008 0.37847222222222227 57.250000000000007 49.250000000000007 3866.5583333333338 761.44999999999902 27.175000000000001 77.250000000000014 0.38541666666666669 574.25318750000008 320.47737500000005 88.750000000000014 29187.800000000003 -0.5 177.1700000000001 5917.7000000000007 80.795001983642592 40705.05000000001 103.90000152587892 34097.063888888901 16154.050000000001 39977.05000000001 94.750000000000014 2301.9999999999986 1682.5500000000002 1888.700000000001 805.85000000000014 7.4750000000000014 6512.9747916666665 21.725000000000005 104.27499771118165 208.75000000000003 26.425000000000001 14862.350000000002 28136.900000000005 37092.600000000006 16338.950000000003 13655.800000000001 8.9250000000000025 1311.1000000000001 0.28125000000000006 7.625 6165.3450000000003 13639.880000000003
decision_type=2 2 2 2 2 2 2 2 2 2 2 2 2 2 2 2 2 2 2 2 2 2 2 2 2 2 2 2 2 2 2 2 2 2 2 2 2 2 2 2 2 2 2 2 2 2 2
left_child=17 2 25 20 5 -3 18 21 -5 22 -11 42 13 16 15 -15 35 27 19 -7 -4 -8 24 34 30 26 44 28 29 -1 36 32 -32 -19 -24 -13 37 39 -39 -9 -6 -30 43 -10 45 -2 -16
right_child=1 4 3 8 40 6 7 9 11 10 -12 12 -14 14 46 -17 -18 33 -20 -21 -22 -23 23 -25 -26 -27 -28 -29 41 -31 31 -33 -34 -35 -36 -37 -38 38 -40 -41 -42 -43 -44 -45 -46 -47 -48
leaf_value=0.062531779209604996 -1.4991141160055492 -2.2295076704265351 0.14759106511771614 0.15398239679563042 8.9507895512610354 1.2509551802653887 -1.2274945772111623 0.0016783129060686263 -0.033244160811756338 8.7045750468331651 -0.046587146018191208 -2.9918190373892983 -0.76861547210833092 0.31819370132770447 0.020115693838705154 -1.6907182106186549 0.0055397106831745506 -3.2511751195478347 3.6662957561987009 -0.11481666180006173 -0.00038425480315931851 -0.017343051472559511 -0.56898098313778445 0.51839965576919211 2.1165357985693749 -2.4229744833583351 0.014736534705212676 0.041348012600491757 -0.042160619504117654 -0.41271919523344852 -0.016023057592081568 -0.037114086484998435 0.4211971880545633 -0.050010726973218116 -0.001026032927763274 -3.7306013099221396 0.088946238316830101 0.01840957383698235 -0.034664508942302698 0.16843156544576732 0.083960160559713129 -0.07919496351095423 1.617425329452117 0.4392682911007163 -0.061536333719257943 -0.21061154850356809 1.8280835778590874
leaf_weight=22 20 24 38 36 21 30 21 20 24 37 28 28 38 24 24 36 33 35 35 24 21 20 36 25 37 29 36 23 22 34 30 30 28 26 21 31 28 32 32 20 38 29 21 35 36 23 24
leaf_count=22 20 24 38 36 21 30 21 20 24 37 28 28 38 24 24 36 33 35 35 24 21 20 36 25 37 29 36 23 22 34 30 30 28 26 21 31 28 32 32 20 38 29 21 35 36 23 24
internal_value=-0.000461538 -6.81431e-05 -0.00116697 -0.000217918 0.000923825 0.00046595 0.000749064 6.74157e-05 -0.000960452 0.000594059 0.00384615 -0.00150943 -0.00243697 -0.0015 0.00037037 -0.00266667 -0.00369565 -0.00287958 0.0041573 0.00185185 0.00423729 -0.00512195 -2.94985e-05 -0.00243902 0.0007393 -0.00388889 -0.00286957 -0.00153846 -0.00252336 0 9.09091e-05 -0.00181818 0.000344828 -0.0057377 -0.00438596 -0.0059322 0.00136364 0.000384615 -0.0015625 0.0035 0.00525424 -0.00529412 0.00125 -0.000169492 -0.00443038 -0.00627907 0.00416667
internal_weight=1365 1174 557 413 617 558 534 445 354 404 65 318 238 200 108 60 92 191 89 54 59 41 339 82 257 144 115 130 107 56 220 88 58 61 57 59 132 104 64 40 59 51 80 59 79 43 48
internal_count=1365 1174 557 413 617 558 534 445 354 404 65 318 238 200 108 60 92 191 89 54 59 41 339 82 257 144 115 130 107 56 220 88 58 61 57 59 132 104 64 40 59 51 80 59 79 43 48
is_linear=0
shrinkage=0.01


Tree=47
num_leaves=51
num_cat=0
split_feature=6 27 78 64 64 73 62 21 28 27 43 83 24 32 37 35 37 44 37 36 78 35 62 3 83 30 11 88 8 24 30 40 83 83 87 67 33 27 78 30 8 62 72 21 21 72 36 44 89 1
split_gain=11.2627 9.33093 14.6609 10.8114 10.5114 10.0599 14.0433 11.6826 15.4564 10.4985 10.3765 10.3526 9.07343 8.69307 8.51148 10.8876 8.46947 7.74784 7.57545 7.54463 7.53667 7.48873 11.1692 7.2904 7.19723 7.04348 6.91535 6.12255 5.72773 5.68562 6.06061 5.35904 5.48272 11.6592 5.27545 5.21986 5.17021 11.2318 6.55054 5.57446 5.34138 6.06638 4.74007 8.1 4.23613 4.9 3.81111 2.45125 2.36386 2.07879
threshold=2984.3400000000006 92.250000000000014 414.3238784722223 1186.4845000000003 1004.9370000000001 1454.7200000000003 889.31700000000012 27.175000000000001 24.375000000000004 13.750000000000002 74.934997558593764 1437.200000000001 5.5750000000000011 264.75000000000006 98.750000000000014 26.275000000000002 58.750000000000007 3.4069999456405644 51.750000000000007 90.750000000000014 277.25763888888895 26.425000000000004 0.75000000000000011 13417.050000000001 2154.2500000000023 87.250000000000014 41839.900000000001 9404.6285416666688 421.10986842105268 7.9250000000000016 94.250000000000014 28.000000000000004 1658.200000000001 2326.8500000000045 0.15625000000000003 32309.000000000004 90.250000000000014 51.750000000000007 1383.9179270833336 93.250000000000014 421.42618421052634 1509.5000000000002 933.91200000000015 24.825000000000006 27.925000000000004 0.92250000000000021 80.750000000000014 2.3200000524520878 831.42515624999999 14908.950000000003
decision_type=2 2 2 2 2 2 2 2 2 2 2 2 2 2 2 2 2 2 2 2 2 2 2 2 2 2 2 2 2 2 2 2 2 2 2 2 2 2 2 2 2 2 2 2 2 2 2 2 2 2
left_child=12 2 17 4 23 6 13 8 9 -8 11 -11 -1 14 21 27 -10 20 -13 34 -2 42 -23 -3 26 -5 29 -16 48 -14 -31 -25 -33 -34 35 -18 37 39 -38 46 41 -41 43 -4 45 -35 -7 -26 -12 -20
right_child=1 3 5 25 -6 36 7 -9 16 10 28 18 24 -15 15 -17 19 -19 49 -21 -22 22 -24 31 47 -27 -28 -29 -30 30 -32 32 33 44 -36 -37 38 -39 -40 40 -42 -43 -44 -45 -46 -47 -48 -49 -50 -51
leaf_value=0.013771253325134026 0.026426252979371331 -0.12627115485255633 0.026181787973478671 0.84628087696707033 -2.0082493207583596 0.11151869664431133 -0.38710068612964138 8.9777872889445334 0.59123912592773642 2.2545125569780304 3.6149088585923694 0.66817606551095809 -3.8665902469714264 0.044618910212926244 0.0068015256152899198 -0.9643223648042123 -3.2205350759191602 0.0054843135763428044 -0.82991322920648947 0.15111356883816573 6.4506139359387387 -0.34894187494184392 0.073149368547550983 0.029575528448924669 -0.073433902606798079 -0.058365144196308595 0.034229339722713456 0.12521791632684068 0.19021939154351461 0.010450382774813676 -1.6092104906884337 0.27638991465294616 -0.10158488259837384 0.066309004314414624 -0.0096206226563629559 -0.054400076488396877 -0.036842714025849842 0.092132823662666702 -0.018000186077369376 -2.6401195189504314 -0.0065426544434760234 -0.019704693852012015 -7.7014411314795659 -5.6231061844918342 -0.49092438584466069 -0.36407801098002962 -0.035618530426050794 -0.93058056404511036 3.175368871692116 -0.039926064419516155
leaf_weight=35 36 35 20 23 23 21 20 36 36 22 32 32 21 38 23 32 23 37 22 30 33 26 39 22 22 23 24 20 35 33 33 20 26 20 24 24 26 29 21 22 20 25 31 20 28 20 24 24 34 20
leaf_count=35 36 35 20 23 23 21 20 36 36 22 32 32 21 38 23 32 23 37 22 30 33 26 39 22 22 23 24 20 35 33 33 20 26 20 24 24 26 29 21 22 20 25 31 20 28 20 24 24 34 20
internal_value=-0.000358974 8.52515e-06 0.000460879 -0.00175 -0.00278351 1.20919e-05 0.000610329 0.00179487 0.00124294 0.00290323 0.00360406 0.00125 -0.00260417 -0.00124498 -0.00203791 0.000666667 -0.00138686 0.00396226 -0.000540541 -0.00287129 0.00594203 -0.00352941 -0.00107692 -0.00192982 -0.00363057 0.0026087 -0.00225225 0.00395349 0.00584158 -0.00356322 -0.00212121 -0.000882353 -0.00175439 -0.00276596 -0.00464789 -0.00659574 -0.00202128 -0.00106383 -0.00489362 -0.0025 -0.00432836 -0.00617021 -0.00577465 -0.0035 -0.000588235 0.0015 0.000222222 -0.00695652 0.00757576 -0.00333333
internal_weight=1365 1173 933 240 194 827 639 390 354 217 197 96 192 249 211 75 137 106 74 101 69 136 65 171 157 46 111 43 101 87 66 136 114 94 71 47 188 141 47 112 67 47 71 40 68 40 45 46 66 42
internal_count=1365 1173 933 240 194 827 639 390 354 217 197 96 192 249 211 75 137 106 74 101 69 136 65 171 157 46 111 43 101 87 66 136 114 94 71 47 188 141 47 112 67 47 71 40 68 40 45 46 66 42
is_linear=0
shrinkage=0.01


Tree=48
num_leaves=53
num_cat=0
split_feature=96 68 43 26 69 11 11 69 100 83 7 1 19 83 79 19 87 63 35 14 35 43 36 91 7 38 5 27 1 22 35 66 22 66 11 87 38 66 7 27 68 38 76 67 26 39 4 45 33 19 7 1
split_gain=10.4292 13.5969 15.2949 10.3516 12.2105 9.55956 8.27741 17.8005 8.13127 10.6304 7.02751 6.94552 9.80983 6.84536 12.9497 8.97428 6.70205 9.34348 8.64797 8.61872 8.53333 7.48846 8.50189 8.37607 7.1254 6.62526 6.98182 6.55827 6.93333 9.02946 7.59427 7.56314 6.32921 6.20326 6.00161 5.86109 5.78795 7.59397 5.2842 5.22616 5.18926 5.14482 4.96662 4.87625 4.66338 4.47884 4.11225 2.91255 2.8637 2.77778 0.962791 0.4
threshold=1.0000000180025095e-35 1457.2285000000004 69.290000915527358 78.250000000000014 24916.500000000004 34087.500000000007 37484.500000000007 32196.450000000004 0.16319444444444445 587.64999999999975 20.555000000000003 12656.950000000003 1028.45 1658.200000000001 555.82095693518238 468.35000000000008 0.40625000000000006 34595.500000000007 27.475000000000005 12635.400000000001 26.925000000000004 80.590000152587905 89.750000000000014 32353.160725000005 302.31500000000011 4.7250000000000014 6221.8400000000011 96.250000000000014 14004.900000000003 87.750000000000014 26.875000000000004 927.41650000000016 91.250000000000014 1486.5455000000002 39637.350000000006 0.61458333333333337 6.1250000000000009 968.68100000000015 1262.6900000000003 55.250000000000007 1602.2500000000002 7.875 29764.226041666672 30815.850000000002 78.250000000000014 127.25000000000001 3478.9800000000005 25042.500000000004 27.250000000000004 782.05000000000007 40.250000000000007 15033.650000000001
decision_type=2 2 2 2 2 2 2 2 2 2 2 2 2 2 2 2 2 2 2 2 2 2 2 2 2 2 2 2 2 2 2 2 2 2 2 2 2 2 2 2 2 2 2 2 2 2 2 2 2 2 2 2
left_child=1 2 11 4 -3 41 7 32 -2 -10 46 -1 36 14 15 -4 20 18 21 -20 24 23 35 49 -11 47 40 28 39 30 45 -31 42 -5 43 -23 -13 -38 -37 -15 -27 -6 -7 -17 -29 -30 -8 -12 -42 -18 -33 -16
right_child=8 3 13 33 5 6 10 -9 9 16 25 12 -14 27 51 34 17 -19 19 -21 -22 22 -24 -25 -26 26 -28 44 29 31 -32 50 -34 -35 -36 38 37 -39 -40 -41 48 -43 -44 -45 -46 -47 -48 -49 -50 -51 -52 -53
leaf_value=0.13200220558448958 -1.7777883364563578 2.2805622277932809 4.669464933642903 -0.038156965196851939 -4.9387122601244782 -0.025388882056616199 -0.034850344007246063 -1.1964596657764499 0.062860102055555242 -0.016629773421808991 -0.064074244537127706 -0.36329060799996965 0.26006945128502623 0.75334312749346211 5.2169061123088953 0.5138849216089586 -8.599043528787309 -2.8223615466948311 -0.028186852428644462 0.029812554350961636 -0.035774467433415322 -0.2087254401726317 0.041944768846692917 0.00020506080024517814 2.6731535269460456 1.1275163092338234 -0.20722821306861036 -0.18842293981094876 2.5114271678835434 0.010653748007697543 1.3744649691273449 1.8430860682761061 0.93168610515606987 0.65166214184065585 2.6180667380406071 -9.0977243658180402 -0.69602619986540448 0.036145961288735137 0.062541836788521252 -0.12073147937243338 -0.064483102908442488 -1.6212302012095217 0.050099868650051962 -0.96441305446161807 1.200354626349627 -0.83216646614495715 -0.013014388961118515 -3.7196578888055063 0.068756445087612653 -1.8197543041166224 8.3769899923518878 8.5919232557287781
leaf_weight=20 39 20 21 35 38 22 22 33 25 21 20 38 24 38 20 26 20 35 30 28 27 21 24 20 24 23 30 31 20 27 27 20 22 33 31 21 22 34 22 22 20 22 29 23 20 39 23 22 23 25 23 20
leaf_count=20 39 20 21 35 38 22 22 33 25 21 20 38 24 38 20 26 20 35 30 28 27 21 24 20 24 23 30 31 20 27 27 20 22 33 31 21 22 34 22 22 20 22 29 23 20 39 23 22 23 25 23 20
internal_value=-0.000168498 0.000376399 0.00142857 -0.000938215 -0.00159892 -0.00203438 -0.00128028 0.000943396 -0.00157068 -0.00107872 -0.00256831 -0.00144928 -0.00237288 0.00240196 0.0041844 0.00227723 -0.00157233 -0.00235772 -0.00156398 0.00172414 0.00111111 -0.00281046 -0.000909091 -0.00538462 0.00377778 -0.00144928 0 0.00146067 0.00222222 0.00333333 0.00116279 0.006 0.00369863 0.00264706 0.00075 -0.0028125 -0.00382979 -0.00178571 -0.000697674 -0.000666667 0.00181818 -0.00566667 0.00176471 -0.00142857 -0.00176471 -0.000847458 -0.006 -0.0047619 -0.000232558 -0.00777778 0.00860465 0.009
internal_weight=1365 983 546 437 369 349 289 106 382 343 183 138 118 408 141 101 318 246 211 58 72 153 88 65 45 138 96 267 216 156 86 70 73 68 80 64 94 56 43 60 66 60 51 49 51 59 45 42 43 45 43 40
internal_count=1365 983 546 437 369 349 289 106 382 343 183 138 118 408 141 101 318 246 211 58 72 153 88 65 45 138 96 267 216 156 86 70 73 68 80 64 94 56 43 60 66 60 51 49 51 59 45 42 43 45 43 40
is_linear=0
shrinkage=0.01


Tree=49
num_leaves=53
num_cat=0
split_feature=23 24 23 2 24 11 24 83 83 30 67 51 76 43 94 68 38 40 24 68 83 83 30 98 10 23 40 38 1 2 68 17 39 16 39 79 68 66 22 23 22 79 38 23 97 24 59 11 27 21 24 10
split_gain=10.2405 11.9107 8.56192 7.75904 10.6152 12.7764 7.1834 8.01505 13.5145 8.11623 7.46667 7.1011 8.45838 7.15743 9.21877 14.4713 9.80049 10.4346 11.9678 9.64808 8.96614 8.65175 8.14662 7.83863 7.63184 7.94782 8.73383 6.94733 6.69617 6.34921 6.16141 6.54352 6.15015 5.75964 8.6525 5.5723 5.5454 6.53742 5.58502 5.41411 6.14831 5.84429 5.29922 4.58211 4.51282 4.33509 4.24242 3.75652 3.71212 3.43027 1.55172 0.9
threshold=58.250000000000007 13.425000000000002 61.250000000000007 2636.9500000000003 17.925000000000004 37873.05000000001 9.8750000000000018 2154.2500000000023 2447.4999999999986 54.250000000000007 31724.900000000005 1.0000000180025095e-35 25720.388541666671 67.83499908447267 635896.82800156262 0.10200000000000002 2.7750000000000004 157.25000000000003 4.0750000000000011 1661.6500000000003 1733.1499999999999 2849.599999999999 44.750000000000007 0.28819444444444448 37371.450000000004 99.750000000000014 69.750000000000014 6.7750000000000012 15804.000000000002 2897.1290000000004 1398.6000000000001 124.05000000000003 209.75000000000003 5927.2000000000016 179.25000000000003 530.6294584164948 1400.9750000000001 1602.2500000000002 88.250000000000014 99.250000000000014 89.750000000000014 540.22996566519646 5.7250000000000005 97.750000000000014 0.53125000000000011 7.3250000000000011 -0.9330127018922193 32627.750000000004 29.250000000000004 25.525000000000002 17.125000000000004 40077.500000000007
decision_type=2 2 2 2 2 2 2 2 2 2 2 2 2 2 2 2 2 2 2 2 2 2 2 2 2 2 2 2 2 2 2 2 2 2 2 2 2 2 2 2 2 2 2 2 2 2 2 2 2 2 2 2
left_child=6 2 -2 47 5 -5 7 9 -9 -1 -10 12 -4 23 20 32 -17 18 -18 22 30 24 -20 35 25 28 -27 -26 -22 44 48 -32 -16 34 -8 43 38 -38 -11 45 41 -41 -7 -14 -28 -24 -19 -3 -15 -42 -49 -45
right_child=1 3 11 4 -6 42 33 8 10 36 -12 -13 13 14 15 16 17 46 19 -21 21 -23 39 -25 27 26 29 -29 -30 -31 31 -33 -34 -35 -36 -37 37 -39 -40 40 49 -43 -44 51 -46 -47 -48 50 -50 -51 -52 -53
leaf_value=2.5515683109880927 -1.6851736600804543 -0.055613575587777096 0.61586270281823019 0.030425282670342144 0.035416187175243634 -0.44039468165875706 0.50943494107283416 -0.16361722337793908 -0.029413244383840981 0.0069781551660702658 1.9712016957189225 -3.6018460928912961 -0.070080779647148012 2.1462723644284605 0.038024011122887294 -2.7564374113248924 1.1014303321858214 -0.0071593782072537594 0.23954249018671905 -0.95240118794892115 0.013763684681493872 0.10986555587940337 -0.10343214643049881 0.028225405581980344 -0.0095462870613600009 -1.059322262076527 2.5551419943824771 -0.1134294334635961 2.8915855007143638 -0.023731814704328329 -2.0899559652755637 0.72231473544784008 0.0015585666122691327 0.76017458726579967 -0.089302423662488431 0.0010074655967875045 -2.6358127008427039 0.036598769484673506 5.6292895223724102 -0.58422760199467971 0.21592342713666884 0.0068844585999868341 -0.45021262717473093 -0.18099364392502446 0.0010437417144562539 -5.4858516336348497 1.0958950181962845 -0.71528703906169011 3.5322984607594994 -0.05724595486572457 -0.72378324849144859 -1.6093364324167334
leaf_weight=36 22 20 30 37 27 22 21 38 20 33 28 28 22 24 25 22 25 20 20 31 39 39 26 28 35 30 26 27 22 36 23 22 23 31 20 21 28 21 20 23 21 20 28 20 22 29 22 29 20 23 20 20
leaf_count=36 22 20 30 37 27 22 21 38 20 33 28 28 22 24 25 22 25 20 20 31 39 39 26 28 35 30 26 27 22 36 23 22 23 31 20 21 28 21 20 23 21 20 28 20 22 29 22 29 20 23 20 20
internal_value=-0.000227106 -0.000682881 -0.00020316 -0.00300546 -0.00140351 -0.00310345 0.00141892 0.000535714 -0.00186047 0.00202899 0.00166667 -4.62963e-05 0.000119617 -7.44417e-05 0.000302158 -0.000909091 -0.00177305 -0.00123077 -0.00211009 -0.00295337 0.00139726 0.000507246 -0.00197531 -0.00243243 -0.00021097 0.000857143 -0.000701754 -0.00322581 0.00377049 0.000952381 0.0041573 0.00155556 0.00416667 0.00416667 0.00170732 -0.0039759 0.000588235 -0.00183673 0.00283019 -0.0028169 -0.00126437 -0.00395349 -0.0064 -0.00548387 0.00333333 -0.00527273 0.00333333 -0.00565217 0.00681818 0.00136364 -0.00714286 -0.0075
internal_weight=1365 1069 886 183 114 87 296 224 86 138 48 864 836 806 695 330 282 260 218 193 365 276 162 111 237 175 114 62 61 84 89 45 48 72 41 83 102 49 53 142 87 43 50 62 48 55 42 69 44 44 49 40
internal_count=1365 1069 886 183 114 87 296 224 86 138 48 864 836 806 695 330 282 260 218 193 365 276 162 111 237 175 114 62 61 84 89 45 48 72 41 83 102 49 53 142 87 43 50 62 48 55 42 69 44 44 49 40
is_linear=0
shrinkage=0.01


Tree=50
num_leaves=54
num_cat=0
split_feature=69 32 28 26 20 62 0 33 62 39 17 26 60 46 10 28 28 28 46 69 0 91 90 23 67 25 13 22 28 76 20 60 62 46 36 31 8 74 29 31 29 13 8 28 29 66 7 69 0 41 46 19 0
split_gain=12.128 12.2325 17.7054 16.7696 14.9353 11.1406 10.8903 9.98331 9.05806 8.96326 8.04756 7.97203 9.08449 7.74877 8.92358 7.66713 7.66454 7.59848 7.28412 7.24415 8.69565 7.14286 6.46242 8.75152 6.40137 7.21005 9.72074 9.1444 7.73015 6.63115 6.47865 6.3176 5.99499 6.46307 5.94422 7.35981 5.69672 5.84545 5.48638 5.24229 5.10204 5.02648 4.82857 4.45873 4.20746 3.91009 3.82488 3.69475 3.60916 3.387 2.80731 0.942857 0.106977
threshold=20727.850000000002 84.000000000000014 25.525000000000002 85.250000000000014 229.00000000000003 1375.0500000000002 38211.850000000013 45.250000000000007 1249.0500000000002 169.25000000000003 211.45000000000002 1.2500000000000002 1355.7645000000002 96.06000137329103 29590.950000000004 25.075000000000006 29.525000000000002 20.925000000000004 104.064998626709 32530.500000000004 31423.650000000005 24396.806562500005 2651.0935500000001 89.750000000000014 37289.450000000004 141.75000000000003 10129.900000000003 87.250000000000014 28.025000000000002 35607.498958333344 553.80000000000007 1383.5500000000004 1447.5500000000002 100.26499938964845 88.750000000000014 5.2250000000000005 415.67776315789479 1292.8996666666669 87.750000000000014 7.5750000000000011 86.750000000000014 5263.0000000000009 415.67776315789479 28.575000000000006 80.750000000000014 1227.7500000000002 77.480000000000004 31649.750000000004 32321.500000000004 80.250000000000014 106.36000061035158 158.20000000000002 30476.300000000007
decision_type=2 2 2 2 2 2 2 2 2 2 2 2 2 2 2 2 2 2 2 2 2 2 2 2 2 2 2 2 2 2 2 2 2 2 2 2 2 2 2 2 2 2 2 2 2 2 2 2 2 2 2 2 2
left_child=-1 5 7 4 21 9 8 45 16 13 24 12 -9 14 -2 -11 22 -7 49 20 -12 -4 23 34 25 26 30 -27 -28 -29 41 47 -33 -34 -5 -36 -19 -38 -39 -15 42 -6 -32 -26 -10 -3 -47 -13 -35 -18 52 -23 -41
right_child=1 2 3 6 10 17 -8 11 44 15 19 31 -14 39 -16 -17 18 36 -20 -21 -22 51 -24 -25 43 27 28 29 -30 -31 40 32 33 48 35 -37 37 38 -40 50 -42 -43 -44 -45 -46 46 -48 -49 -50 -51 -52 -53 -54
leaf_value=3.1028407187302482 0.45720825475383103 0.16994938891875833 -0.2667872709494688 0.074509006794289262 0.022907922147954524 0.75412422074199581 -0.2766757000106938 -1.7592089214439062 1.0865228981421786 0.53248112224545641 -0.57838532597473302 1.5919189663061069 0.080412341905129164 -0.25209097569822936 -0.79888507164453326 -5.4425558713472739 2.616860957082257 1.0220269550168397 -0.045442089228649937 -0.096877125663747038 0.076097813132657163 -0.63998501418011788 -0.14966940076051838 0.38406294234648686 -2.1240975546225394 0.527304849882551 0.04128874320466383 -0.15022393169896378 0.86463980811942065 -0.0094508241907464013 -0.053543505848443584 -0.41979575021936671 1.4420653209638943 -0.025822039189492222 -0.90360148303158871 0.0069083736144095629 -3.479091673003448 -0.0057574735224679621 0.038915859689280838 -1.7265655586477915 0.0038376215605649511 -0.016510185838285289 -0.0028255025471086003 -0.02185865134526848 4.7583231488774436 1.0080196741485243 0.43931088694350434 0.098662999466811355 1.3054941776029734 0.12438884078211848 -2.4035141656795522 -0.86624431028293813 -3.4387381545630684
leaf_weight=25 21 29 21 39 22 30 24 21 30 24 23 31 38 32 20 23 25 34 22 32 23 20 24 30 21 21 27 28 38 29 28 20 20 24 20 21 27 25 21 20 35 21 35 24 22 30 23 26 23 21 20 22 23
leaf_count=25 21 29 21 39 22 30 24 21 30 24 23 31 38 32 20 23 25 34 22 32 23 20 24 30 21 21 27 28 38 29 28 20 20 24 20 21 27 25 21 20 35 21 35 24 22 30 23 26 23 21 20 22 23
internal_value=-0.000101597 -0.00022912 0.000300097 -0.000508021 -0.00165957 -0.0019375 0.00143885 0.00242105 0.00204724 -0.00355191 -0.000958231 0.00123153 -0.00186441 -0.00485294 -0.00121951 0.000212766 0.00108911 0.000218978 0.00382353 -0.00384615 -0.00130435 -0.00619048 -0.000298507 0.000727273 -0.000273556 0.00028169 0.00126214 -0.00230769 0.00446154 -0.00438596 -0.000212766 0.0025 0.000804598 0.00223881 -0.001 -0.00365854 -0.00102804 -0.00260274 -0.000434783 -0.00642105 -0.00163265 0.00302326 -0.00333333 -0.00377778 0.00576923 0.00536585 0.00698113 0.00508772 0.000212766 0.00608696 -0.00809524 -0.00857143 -0.00953488
internal_weight=1378 1353 1033 748 470 320 278 285 254 183 407 203 59 136 41 47 202 137 68 78 46 63 134 110 329 284 206 78 65 57 141 144 87 67 80 41 107 73 46 95 98 43 63 45 52 82 53 57 47 46 63 42 43
internal_count=1378 1353 1033 748 470 320 278 285 254 183 407 203 59 136 41 47 202 137 68 78 46 63 134 110 329 284 206 78 65 57 141 144 87 67 80 41 107 73 46 95 98 43 63 45 52 82 53 57 47 46 63 42 43
is_linear=0
shrinkage=0.01


Tree=51
num_leaves=52
num_cat=0
split_feature=6 13 68 60 79 68 63 65 78 70 71 34 39 16 68 16 63 34 13 43 3 34 42 39 38 22 33 42 100 60 10 34 27 27 34 72 22 10 10 99 73 61 43 73 78 2 37 72 42 0 3
split_gain=10.284 13.5831 17.3515 15.15 13.1657 9.33445 12.2141 9.23985 9.13445 11.3983 10.3782 10.143 9.13065 9.02154 8.78449 7.82157 9.85961 7.79418 7.69231 7.53853 7.37131 7.13244 7.09968 7.02874 6.76692 6.75565 6.56548 6.4532 6.33695 5.91111 5.52539 5.47424 6.6968 10.0542 9.72885 6.28257 5.36678 5.34876 4.84848 4.61651 4.42735 4.33351 4.99537 4.15915 4.06871 4.55005 3.71953 2.81299 1.6 0.9 0.459574
threshold=2984.3400000000006 3422.9000000000001 813.40300000000013 1398.6000000000001 431.74245424840541 1368.6500000000003 30852.900000000005 29037.300000000007 243.18700347222224 854.40500000000009 1026.2165000000002 82.750000000000014 192.75000000000003 3706.5500000000006 1601.5500000000002 6703.8000000000011 29851.150000000005 77.250000000000014 2126.0000000000005 91.715000152587891 15294.700000000003 46.750000000000007 137.37500000000003 147.75000000000003 6.575000000000002 85.750000000000014 102.25000000000001 106.0550003051758 0.42708333333333343 1025.5000000000002 37371.450000000004 101.75000000000001 92.750000000000014 74.750000000000014 76.750000000000014 1099.1000000000001 85.750000000000014 31758.350000000002 29331.200000000004 0.71875000000000011 880.20000000000016 30563.050000000007 84.485000610351577 1764.1225000000002 1306.5532187500005 2861.1500000000001 40.250000000000007 1097.1530000000002 108.12500000000001 35167.80000000001 15077.120000000001
decision_type=2 2 2 2 2 2 2 2 2 2 2 2 2 2 2 2 2 2 2 2 2 2 2 2 2 2 2 2 2 2 2 2 2 2 2 2 2 2 2 2 2 2 2 2 2 2 2 2 2 2 2
left_child=5 14 8 4 29 6 -1 37 -3 11 25 15 23 47 17 16 -10 21 -19 26 44 27 43 -9 -24 -11 30 -2 -18 40 -13 32 33 34 35 -15 -14 41 -23 -8 -4 42 -5 -16 -7 -46 -40 -6 -28 -30 -48
right_child=1 2 3 7 13 20 39 12 9 10 -12 19 36 31 22 -17 28 18 -20 -21 -22 38 24 -25 -26 -27 48 -29 49 -31 -32 -33 -34 -35 -36 -37 -38 -39 46 -41 -42 -43 -44 -45 45 -47 50 -49 -50 -51 -52
leaf_value=0.041756592505059524 1.3643064612617526 0.074651749778821122 -0.48820149380619571 -0.014292717875880632 -0.67609436915684362 -5.0071350023137988 -0.001728451069310103 -0.029490978229673864 0.037003661261024758 10.989198365832065 -0.060265573265301499 0.46362664947228299 -0.077731521444816334 1.0516742860499764 -0.0021163051118693998 0.70658863732467214 -0.014854543911822171 -0.028197150729764923 0.18291761612744131 -0.016852907116029235 0.0044481465369402128 0.25918370130164592 -0.036677994374152444 -4.1154160842622103 0.0018039278020356192 5.8808028877958929 0.046680618744350866 -0.094273339928645311 -0.079722597867671732 -0.12580983210043609 -0.16401225257703 0.16774311801484523 -3.7698266979069079 0.1714787465497222 -2.3823764995312335 -0.60151201365015305 3.0425179704529364 1.4186324160052421 1.367300247959027 -0.065451565367502226 -2.5028851988043357 -0.0056646494856499177 1.3668931185715105 0.0086878466263020197 -0.012022578978892837 -1.0576716116035443 1.838704669578497 -8.6189237885956782 0.89872115359184779 -4.8620794858852436 2.301354022432772
leaf_weight=37 28 39 26 24 20 39 33 25 27 35 28 28 20 23 30 24 22 26 26 24 22 27 21 21 36 32 20 27 20 32 23 30 31 37 21 36 21 28 20 25 37 29 23 23 20 23 27 22 20 20 20
leaf_count=37 28 39 26 24 20 39 33 25 27 35 28 28 20 23 30 24 22 26 26 24 22 27 21 21 36 32 20 27 20 32 23 30 31 37 21 36 21 28 20 25 37 29 23 23 20 23 27 22 20 20 20
internal_value=-5.80552e-05 0.000296862 -0.000345622 -0.0015415 -0.00288889 -0.0021608 0.000105263 0.000680628 0.00132597 0.000773994 0.00368421 -0.000438596 -0.00172414 -0.00154545 0.00209003 -0.00256637 -0.00393258 0.00333333 0 0.00165217 -0.00423077 0.00449664 -0.000181818 -0.00478261 -0.00263158 0.0058209 0.00296703 0.00163636 -0.00612903 -0.006 0.000588235 -0.000561798 -0.00135135 -0.00025641 -0.00225 -0.000169492 0.00170732 0.00269231 0.00617021 -0.00275862 -0.00777778 0.00131579 0.00319149 0.00245283 -0.00560976 -0.00348837 0.00761194 -0.00571429 0.006 -0.0085 0.00914894
internal_weight=1378 1179 868 506 315 199 95 191 362 323 95 228 87 220 311 113 89 201 52 115 104 149 110 46 57 67 91 55 62 95 51 178 148 117 80 59 41 104 94 58 63 76 47 53 82 43 67 42 40 40 47
internal_count=1378 1179 868 506 315 199 95 191 362 323 95 228 87 220 311 113 89 201 52 115 104 149 110 46 57 67 91 55 62 95 51 178 148 117 80 59 41 104 94 58 63 76 47 53 82 43 67 42 40 40 47
is_linear=0
shrinkage=0.01


Tree=52
num_leaves=56
num_cat=0
split_feature=69 32 28 79 79 82 26 83 83 79 62 22 4 4 28 41 89 37 90 30 35 66 41 90 57 69 25 42 30 82 98 41 37 98 90 90 89 28 83 42 25 62 36 72 77 22 67 72 41 0 0 4 94 14 0
split_gain=12.9073 10.0064 16.52 15.8245 14.4569 11.6453 10.0539 9.21201 12.4384 10.6299 8.55803 8.5534 10.1518 9.48411 8.49333 8.03268 8.03258 7.87791 7.15765 7.1342 13.7362 12.0474 12.6429 12.8818 7.47574 6.61124 7.72504 8.8005 6.37059 7.21034 6.13636 6.04758 12.7192 5.86755 5.83095 5.50476 5.42065 5.21917 5.16569 4.96305 4.69335 9.72814 4.68139 4.13617 3.97191 4.45455 3.3894 3.24976 3.00444 2.71515 2.61673 2.5 2.13934 0.9 0.1
threshold=25676.850000000002 84.000000000000014 24.225000000000005 641.48746100376752 410.77407752775144 1362.2500000000002 1.2500000000000002 2701.1500000000001 2126.4999999999986 659.65778205979643 1355.8960000000002 88.250000000000014 15887.235000000002 7748.4250000000002 20.925000000000004 57.250000000000007 1184.9996437500001 65.250000000000014 1496.2846500000003 50.750000000000007 28.025000000000002 1.0000000180025095e-35 75.250000000000014 2117.1496500000007 1.0000000180025095e-35 37265.750000000007 103.75000000000001 330.25000000000006 76.250000000000014 -0.029000000000000022 0.22569444444444445 93.750000000000014 86.750000000000014 0.059027777777777783 1446.6154500000005 1992.9766500000003 862.93179375000011 25.075000000000006 2088.9000000000001 145.62500000000003 26.250000000000004 864.03100000000006 88.250000000000014 1250.9475000000002 3906.0113154911 88.750000000000014 31928.300000000007 1496.0620000000001 54.750000000000007 32683.200000000004 32104.800000000007 3355.1150000000002 704414.30319500028 18322.750000000004 31709.600000000002
decision_type=2 2 2 2 2 2 2 2 2 2 2 2 2 2 2 2 2 2 2 2 2 2 2 2 2 2 2 2 2 2 2 2 2 2 2 2 2 2 2 2 2 2 2 2 2 2 2 2 2 2 2 2 2 2 2
left_child=28 10 3 6 19 7 15 8 11 17 16 13 30 49 -12 -3 36 -10 42 20 24 -21 23 50 -4 26 -9 53 51 -30 33 32 -15 -13 -19 -36 40 -18 47 -31 -2 -42 48 -38 52 -46 -7 54 -16 -6 -23 -1 -24 -28 -8
right_child=1 2 4 -5 5 46 38 25 9 -11 14 12 -14 31 18 -17 37 34 -20 21 -22 22 44 -25 -26 -27 27 -29 29 39 -32 -33 -34 -35 35 -37 43 -39 -40 -41 41 -43 -44 -45 45 -47 -48 -49 -50 -51 -52 -53 -54 -55 -56
leaf_value=2.3638777895268599 -1.8779538928729227 -0.037928961285450098 0.16564300321007491 -0.06461147577918297 0.48154246269204265 3.741742221386394 1.8833358681359063 -0.0028435139604952855 -0.20884487731603288 -3.1230585199515297 0.739752426589257 -0.012021680138748873 1.335834612942326 4.6819943451332691 -2.2239444157552106 0.92766744718631799 0.5296793891360374 -0.14170413823483707 0.17131000536543214 0.059623265882009127 -0.058936033085423126 -0.27363039402318573 -0.52621673098818977 0.13235118158480305 -0.012118243715378544 -0.16237213005125969 0.2227642206866218 0.018919855947773973 -0.6395248684776722 0.47255098265574247 0.012508931059047103 0.073884643117308552 -2.7430136742069426 -0.11336236079751605 0.366916092836158 -0.018438614625075608 -0.21057042971051229 -8.3203152369254312 0.080353104628812205 0.01161866005087445 -3.269812018719616 0.042259079118677115 0.04925592044437057 -4.0849954831819 -0.88390317918441408 -0.003591858660124301 1.4451278427497287 0.59775632755757269 -0.018982723569089893 0.033650237485684055 -0.014697979070534746 3.6480624285550007 -1.0658907546128045 4.6183139709954224 2.0463221050649523
leaf_weight=20 27 39 32 23 22 22 20 21 29 38 30 24 21 20 20 20 22 37 32 24 27 22 29 22 21 21 20 27 25 22 33 20 21 31 21 35 20 21 34 21 20 22 23 27 22 22 25 23 25 20 21 20 32 20 20
leaf_count=20 27 39 32 23 22 22 20 21 29 38 30 24 21 20 20 20 22 37 32 24 27 22 29 22 21 21 20 27 25 22 33 20 21 31 21 35 20 21 34 21 20 22 23 27 22 22 25 23 25 20 21 20 32 20 20
internal_value=1.45138e-05 -0.000267717 0.000214067 0.00296089 -0.000399002 0.000568182 0.00410256 0.00010395 -0.000645161 -0.00275 -0.00190311 0.000943396 -0.00100917 0.00300971 0 0.000847458 -0.00345912 -0.00131148 -0.0014 -0.00226277 0.00025 -0.00329897 -0.00423529 -0.000769231 0.00320755 0.00266055 0.00386364 0.00552239 0.00333333 0.00147059 -0.0025 0.000491803 -0.00170732 -0.00454545 0.000107527 0.00214286 -0.00482759 0.000232558 0.00608247 0.00395349 -0.00304348 -0.000952381 -0.00323529 -0.00744681 -0.00638095 -0.00409091 0.00531915 0.00777778 -0.00511111 0.00666667 -0.00395349 0.0065 -0.00803279 0.0085 0.0095
internal_weight=1378 1270 981 179 802 528 156 481 372 160 289 212 109 103 130 59 159 122 100 274 80 194 170 65 53 109 88 67 108 68 88 61 41 55 93 56 116 43 97 43 69 42 68 47 105 44 47 63 45 42 43 40 61 40 40
internal_count=1378 1270 981 179 802 528 156 481 372 160 289 212 109 103 130 59 159 122 100 274 80 194 170 65 53 109 88 67 108 68 88 61 41 55 93 56 116 43 97 43 69 42 68 47 105 44 47 63 45 42 43 40 61 40 40
is_linear=0
shrinkage=0.01


Tree=53
num_leaves=51
num_cat=0
split_feature=3 68 4 81 20 16 59 75 95 67 11 25 38 97 68 22 43 0 98 63 11 83 4 20 38 22 16 63 23 85 16 82 6 60 91 67 22 0 43 31 71 33 28 38 60 75 80 33 11 71
split_gain=10.5573 10.1439 15.782 14.5311 13.5878 11.2401 10.5816 10.6983 10.4278 14.5345 9.16781 10.2389 8.17143 7.69825 7.66243 9.66168 8.25057 7.48794 8.91193 7.67252 7.38913 7.61024 7.46667 7.36333 6.92932 6.73231 5.72024 5.48821 5.45896 8.09377 6.75676 8.33282 6.03906 5.9835 5.21206 6.68952 6.21693 8.18235 5.89092 5.53501 5.2 5.06288 4.54463 4.35981 4.25284 4.2632 3.97202 3.95415 3.36402 1.55925
threshold=16573.369000000002 1380.8500000000001 10790.715000000002 4797.940879611142 2001.4000000000003 6450.5000000000009 -0.24999999999999994 353.62355783717192 1.0000000180025095e-35 24395.750000000004 36930.900000000001 32.250000000000007 5.8750000000000009 0.94791666666666685 869.45300000000009 92.250000000000014 97.659999847412124 33200.05000000001 0.51736111111111127 32186.150000000005 32627.750000000004 645.60000000000048 9803.7500000000018 1454.1500000000003 10.575000000000001 93.750000000000014 6755.3500000000013 32822.400000000009 84.250000000000014 1346.0205000000003 4711.9500000000007 347.50000000000006 5557.5000000000009 886.18300000000011 34108.713893750006 36147.200000000004 86.250000000000014 29423.500000000004 74.439998626708999 5.5250000000000012 1190.4635000000003 125.00000000000001 25.425000000000004 6.5250000000000012 1621.1375000000003 613.19033560353489 31394.133333333339 73.000000000000014 34087.500000000007 965.16150000000005
decision_type=2 2 2 2 2 2 2 2 2 2 2 2 2 2 2 2 2 2 2 2 2 2 2 2 2 2 2 2 2 2 2 2 2 2 2 2 2 2 2 2 2 2 2 2 2 2 2 2 2 2
left_child=1 3 4 8 5 6 7 13 9 -1 11 -8 44 -3 15 20 28 18 46 -19 22 -22 -11 42 26 -17 -7 -5 32 -30 -31 47 -16 -34 35 36 37 -23 -38 -40 -14 -2 -12 -39 45 49 -10 -32 -13 -6
right_child=41 2 -4 27 12 24 10 -9 17 14 23 48 40 -15 16 25 -18 19 -20 -21 21 34 -24 -25 -26 -27 -28 -29 29 30 31 -33 33 -35 -36 -37 38 43 39 -41 -42 -43 -44 -45 -46 -47 -48 -49 -50 -51
leaf_value=0.64894880678421518 -0.0073909689433951853 -4.2665797821962093 -8.3576534683127619 0.37561867014212674 -5.0095970507977219 0.91398263237415645 -0.0050263362706302588 0.037565902494374845 0.15499267173313969 -0.0052792216237499967 -0.00042188937463171801 0.25631615519790202 -3.1856055044315998 -0.0042788646304378689 1.5615531809841401 3.6220740378774248 0.068607204036797084 6.5833346555889829 -0.23694135950052214 1.3546719395764151 0.18027431026174504 -0.043764250274018986 0.13507924720029382 0.086196590297507494 0.027552983229798402 0.01029139523479846 -0.0063885807152451067 1.3789725971767843 -6.2060363001988286 -4.8623556295352026 0.98035059548764414 -4.1027592432175108 0.063110818962976045 -0.42490670013277265 0.076340276179848149 -4.4026392532350256 -0.6331296197928955 0.0054847627728315 0.0090629003039690674 -0.047666809863273388 0.072481162710080177 -0.19212429203988268 -0.023171329415647354 3.671405477236608 -0.0047252635261599363 -0.62213419062758046 5.9271043635235809 -0.069959775961360673 1.4025644428267889 -2.2153309073867296
leaf_weight=24 20 37 37 23 22 24 28 37 39 28 29 28 32 28 23 34 27 29 28 24 27 25 20 30 20 27 32 30 23 30 28 22 23 24 37 26 27 21 38 33 20 26 21 20 23 22 23 31 27 21
leaf_count=24 20 37 37 23 22 24 28 37 39 28 29 28 32 28 23 34 27 29 28 24 27 25 20 30 20 27 32 30 23 30 28 22 23 24 37 26 27 21 38 33 20 26 21 20 23 22 23 31 27 21
internal_value=-7.25689e-05 9.00901e-05 -0.00100386 0.000786241 -0.000519751 0.000557185 -0.000415094 -0.00294118 0.00043364 -0.00012945 0.00116564 0.00349398 -0.00314286 -0.00538462 -0.00043771 0.00046832 -0.00186147 0.00286713 0.00111111 0.00584906 -0.000264901 -0.000944882 0.00333333 -0.00125 0.00394737 0.00409836 0.00214286 0.00584906 -0.00254902 -0.00373134 -0.00261261 -0.00111111 -0.000285714 -0.00234043 -0.00154185 -0.00221053 -0.00146341 0.000909091 -0.00306122 -0.0015493 0 -0.00478261 -0.0036 0.00365854 -0.005 -0.00630769 0.00322581 0.000847458 0.006 -0.00813953
internal_weight=1378 1332 518 814 481 341 265 102 761 618 163 83 140 65 594 363 231 143 90 53 302 254 48 80 76 61 56 53 204 134 111 81 70 47 227 190 164 66 98 71 52 46 50 41 88 65 62 59 55 43
internal_count=1378 1332 518 814 481 341 265 102 761 618 163 83 140 65 594 363 231 143 90 53 302 254 48 80 76 61 56 53 204 134 111 81 70 47 227 190 164 66 98 71 52 46 50 41 88 65 62 59 55 43
is_linear=0
shrinkage=0.01


Tree=54
num_leaves=51
num_cat=0
split_feature=1 3 69 42 20 28 60 24 28 40 46 47 69 81 79 68 24 68 82 16 33 75 4 24 28 60 79 76 81 4 79 10 46 6 62 21 1 16 68 20 21 63 23 0 22 68 60 63 25 7
split_gain=12.4761 13.1175 13.0315 15.6408 10.5529 11.3175 9.71266 9.14834 8.98317 11.061 10.152 12.324 8.15202 9.20366 7.68182 10.0804 7.97802 7.54323 7.51111 8.12033 7.37061 7.29 8.48485 6.92907 7.90419 8.38325 6.92641 8.0766 7.88929 8.44616 7.7277 6.76034 6.48148 6.40977 6.1662 5.37747 6.10015 11.1708 7.04614 5.36508 5.16236 5.15019 4.9 4.75977 4.63178 4.62857 4.60803 3.14734 2.38095 0.9
threshold=13949.550000000001 16487.021500000003 26056.050000000007 68.52500152587892 2135.4000000000001 24.225000000000005 1602.2500000000002 13.925000000000002 24.975000000000005 95.250000000000014 96.06000137329103 1.0000000180025095e-35 31424.500000000004 4547.688914028312 449.58896938618915 1386.2 10.575000000000001 1602.2500000000002 0.017500000000000019 5696.9500000000007 116.50000000000001 705.14700754923058 3578.1000000000004 5.2750000000000012 30.775000000000002 1778.5500000000002 508.18631832866862 32218.076041666671 3965.2638531829939 11072.195000000002 573.4400217600305 28389.700000000004 102.03499984741212 3762.6200000000003 711.04750000000013 29.425000000000004 14731.450000000003 5911.5000000000009 1022.0265000000001 751.1500000000002 26.375000000000004 33083.600000000013 98.750000000000014 31709.600000000002 91.250000000000014 962.50000000000011 1778.5500000000002 25901.300000000007 191.75000000000003 87.77500000000002
decision_type=2 2 2 2 2 2 2 2 2 2 2 2 2 2 2 2 2 2 2 2 2 2 2 2 2 2 2 2 2 2 2 2 2 2 2 2 2 2 2 2 2 2 2 2 2 2 2 2 2 2
left_child=2 4 18 -4 5 17 14 8 9 10 -5 49 35 21 -6 34 -17 33 19 -1 -3 22 32 39 25 26 27 -25 -28 -30 -31 -10 -14 -2 -16 36 38 -38 -7 -24 -29 -15 -23 -35 -33 -20 -8 -9 -41 -12
right_child=1 20 3 7 6 12 46 47 31 -11 11 -13 13 41 15 16 -18 -19 45 -21 -22 42 23 24 -26 -27 28 40 29 30 -32 44 -34 43 -36 -37 37 -39 -40 48 -42 -43 -44 -45 -46 -47 -48 -49 -50 -51
leaf_value=-0.51633864865010748 0.33243807395326952 0.037190243469431096 0.27962658517167066 1.2781144907572211 -1.2543673752309163 3.8886235247137586 1.3564194561939786 -1.5068244647857694 -0.30538367449150244 1.2018789278193149 -5.3290604257013232 0.077629501769460374 -0.032587666953827393 0.084105432413978096 -0.034168301827108311 -3.6322356241453395 0.005950458785566424 0.025447659763793526 0.73003104559326748 1.3583416617694881 -0.36371349776252487 -0.098692048213996547 -0.0058495655172444939 0.046143298852228634 -0.51858515008330275 0.053240279281083949 2.7258354399486144 -3.1379172020178179 0.063286108527153606 0.14212226288220678 -2.2749477647131888 -0.037343419454884383 -0.013608389750318141 0.97054043453632566 4.0002606611015139 5.4604167334018632 -0.089300160039008356 0.070111516578562266 0.0047664537896233835 0.46981196932809871 -0.068962527678918126 1.2942896088380749 -6.2175003960883268 3.23577894287047 -4.3790704357178605 3.2636815629679066 -0.0042480479773411304 -1.0958866232555777 2.5207722741021326 -1.1338404451892974
leaf_weight=22 28 21 39 20 36 28 26 21 27 23 20 22 27 35 23 28 24 39 24 23 34 20 21 20 23 22 32 22 34 21 25 39 36 31 21 26 28 34 39 21 35 33 20 38 35 21 20 30 21 20
leaf_count=22 28 21 39 20 36 28 26 21 27 23 20 22 27 35 23 28 24 39 24 23 34 20 21 20 23 22 32 22 34 21 25 39 36 31 21 26 28 34 39 21 35 33 20 38 35 21 20 30 21 20
internal_value=-2.90276e-05 0.000564516 -0.0015544 -0.00256757 0.000843116 0.00135705 -0.00134831 -0.00346304 -0.00252427 -0.00047619 -0.00219512 -0.00419355 0.000786517 0.000128205 -0.00272727 -0.00125 -0.00423077 0.00397059 0.00177778 -0.00111111 -0.00418182 -0.00045 0 0.000707071 -8.54701e-05 0.000521327 -0.00015873 -0.00246753 0.00142857 -0.00025 -0.00304348 -0.00465347 -0.00333333 0.00546392 0.00227273 0.00277419 0.00193798 -0.000322581 0.00402985 0.00365079 -0.00438596 0.00352941 -0.0045 0.00710145 -0.00621622 0.00466667 0.0026087 -0.0072549 0.00571429 -0.0075
internal_weight=1378 992 386 296 937 759 178 257 206 105 82 62 623 468 132 96 52 136 90 45 55 400 360 297 234 211 189 77 112 80 46 101 63 97 44 155 129 62 67 63 57 68 40 69 74 45 46 51 42 40
internal_count=1378 992 386 296 937 759 178 257 206 105 82 62 623 468 132 96 52 136 90 45 55 400 360 297 234 211 189 77 112 80 46 101 63 97 44 155 129 62 67 63 57 68 40 69 74 45 46 51 42 40
is_linear=0
shrinkage=0.01


Tree=55
num_leaves=54
num_cat=0
split_feature=29 14 60 6 67 27 13 13 72 71 38 72 65 0 43 16 77 80 70 88 4 77 27 79 83 29 25 27 72 7 14 16 72 4 7 62 63 14 83 13 77 80 43 88 43 62 32 81 72 2 38 63 2
split_gain=14.0005 11.5814 10.0246 15.6726 12.2036 12.6869 10.6013 10.9043 10.4675 9.45335 9.64982 8.59792 9.87182 10.6904 8.66681 8.71111 8.41106 7.27777 7.20238 7.10963 6.90794 6.84597 7.8455 7.47756 7.25345 6.73553 8.87653 6.43195 10.4684 6.23109 7.69435 6.82519 6.19829 5.88 5.67273 5.65098 9.29243 5.61039 5.48211 4.40238 4.37642 4.84848 4.12208 4.09998 3.8815 5.58072 3.79084 3.83113 3.77143 3.66288 2.73928 4.8722 0.4
threshold=96.250000000000014 9276.0500000000011 1395.4000000000003 2775.9150000000004 23908.400000000005 18.250000000000004 14698.500000000002 3173.4500000000003 1391.1220000000001 0.99950000000000017 11.275000000000002 929.85000000000002 27350.300000000003 29875.250000000004 74.844997406005874 6043.2500000000009 3593.6588797043323 33261.520833333336 1661.6500000000003 4422.4595833333342 7842.5250000000005 4222.9913402085122 85.250000000000014 630.93387085986194 1983.3499999999988 70.750000000000014 183.25000000000003 76.750000000000014 0.96850000000000003 17.615000000000006 13913.600000000002 5077.2000000000007 223.71250000000003 2352.5050000000006 89.430000000000021 1602.1500000000003 30359.700000000001 20294.200000000004 1045.8500000000006 12936.100000000002 4400.9874293709299 32640.753125000003 78.884998321533217 7999.2702083333343 76.954998016357436 0.75000000000000011 85.750000000000014 3825.3419381580848 0.83200000000000007 3060.2000000000003 5.7750000000000012 28709.200000000004 3110.1500000000005
decision_type=2 2 2 2 2 2 2 2 2 2 2 2 2 2 2 2 2 2 2 2 2 2 2 2 2 2 2 2 2 2 2 2 2 2 2 2 2 2 2 2 2 2 2 2 2 2 2 2 2 2 2 2 2
left_child=1 33 4 18 42 -6 7 16 19 -10 17 12 27 -14 50 20 -7 29 -4 -5 -16 22 37 -23 -24 -8 -27 32 -29 -11 -31 -32 -9 -1 -33 46 -37 48 -18 44 41 -40 -3 -22 -26 -46 -21 -48 -15 -19 -13 -52 -38
right_child=-2 2 3 8 5 6 25 11 9 10 -12 14 13 21 15 -17 38 49 -20 35 43 23 24 -25 39 26 -28 28 -30 30 31 34 -34 -35 -36 36 52 -39 40 -41 -42 -43 -44 -45 45 -47 47 -49 -50 -51 51 -53 -54
leaf_value=-0.006605513894595628 2.0762536082842495 1.652170864531779 -1.6516272782257722 -0.048973868116588 -2.3788816737677605 0.1952295530017446 2.1976088162983509 0.016648934970309115 0.46511384963481772 0.02948934961574555 0.027924058482796145 -4.3713488990834932 -0.90604232031099785 -0.70884073576078366 -0.025497985251938134 0.13761761554504037 0.037910885154531185 -0.16978448387822354 -0.012723746041098979 2.8739980110067074 -9.4655887905646736 0.1116854521987308 0.12124465919892156 -0.070642121260160465 -0.049174252188915447 0.14366608610807866 -0.20652371052011206 0.8402189554223235 -1.4398232181738673 -0.04503174439203092 0.061479090037179981 0.012523210589304034 4.7638511847229656 -2.8342083549919774 -0.039919939741224333 -0.04295317357672996 0.79112133015986841 -0.013227440101819346 0.0041052215659116856 -3.5372945823755733 0.1279346379435029 -3.4780744213810251 0.061844749254883057 -7.2740834662662373 0.71098457397577985 -0.020723436013339046 2.0119619221037599 3.9729492450204509 -0.29702791993513578 -0.44926967969632697 -1.1585044354073764 -0.051251630968844851 3.6810170918762659
leaf_weight=20 23 22 28 26 28 35 22 24 25 34 33 30 39 22 34 30 23 20 20 20 27 34 22 20 23 26 23 20 34 23 34 33 22 30 32 27 20 22 20 20 26 24 20 29 20 21 27 39 20 26 22 24 20
leaf_count=20 23 22 28 26 28 35 22 24 25 34 33 30 39 22 34 30 23 20 20 20 27 34 22 20 23 26 23 20 34 23 34 33 22 30 32 27 20 22 20 20 26 24 20 29 20 21 27 39 20 26 22 24 20
internal_value=-0.000345821 -0.00047619 -0.000296578 0.000841889 -0.000966184 -0.00124682 -0.00100264 -0.00138282 0.00143508 0.000153846 -0.000468085 -0.00198569 -0.00107438 -0.00209125 -0.00367347 -0.002 0.00125 -0.00128713 -0.00458333 0.00329609 -0.00355556 -0.00125 -0.00223529 0.00185185 -0.000566038 0.00267606 0.000612245 0.0016 -0.000740741 -0.00025641 -0.00131148 -0.00010101 0.00434783 -0.0052 -0.002 0.00411765 0.0019403 -0.005 -0.000322581 -0.00190476 -0.00171429 -0.00363636 0.00428571 -0.00571429 -0.000625 0.00121951 0.00581395 0.0069697 -0.00714286 -0.00478261 -0.00631579 -0.00478261 0.005
internal_weight=1388 1365 1315 487 828 786 758 687 439 260 235 559 363 263 196 120 128 202 48 179 90 224 170 54 106 71 49 100 54 156 122 99 46 50 65 153 67 64 93 84 70 44 42 56 64 41 86 66 42 46 76 46 40
internal_count=1388 1365 1315 487 828 786 758 687 439 260 235 559 363 263 196 120 128 202 48 179 90 224 170 54 106 71 49 100 54 156 122 99 46 50 65 153 67 64 93 84 70 44 42 56 64 41 86 66 42 46 76 46 40
is_linear=0
shrinkage=0.01


Tree=56
num_leaves=56
num_cat=0
split_feature=24 29 24 70 3 71 13 34 38 63 94 19 78 91 38 10 16 1 75 38 17 16 64 94 32 26 23 78 19 10 19 29 32 1 58 17 44 36 79 32 16 11 74 79 5 13 94 10 16 2 2 19 44 5 61
split_gain=13.7458 9.91751 9.16365 9.01692 13.3947 12.0945 10.7161 10.2866 8.59585 7.90555 8.70968 7.50107 11.0208 10.3265 9.66524 8.54497 11.4316 9.81174 7.72947 9.3913 7.16983 6.98597 8.20435 9.54158 6.89334 6.88172 6.81869 6.75 6.69369 14.2012 7.16084 8.79381 13.2626 6.49021 6.4 6.32675 6.10387 5.95238 8.463 7.76143 4.9453 4.9 4.89563 4.84062 5.3469 6.76 4.30009 4.29078 4.12208 4.06719 4.05165 3.37191 3.30159 4.66667 2.40803
threshold=14.175000000000002 95.250000000000014 14.875000000000002 1396.7000000000003 10357.550000000001 1.0000000180025095e-35 1428.3000000000002 59.750000000000007 11.625000000000002 28574.100000000002 472534.76172656269 1409.6000000000001 264.41699652777783 34044.771868750009 7.0250000000000012 28667.100000000002 5825.9000000000005 16020.050000000001 310.65955101867661 8.8250000000000028 288.4500000000001 6514.6500000000005 1299.8000000000002 669548.88709875022 95.750000000000014 85.250000000000014 84.750000000000014 1395.8656180555556 503.05000000000007 35498.900000000009 972.70000000000016 72.250000000000014 213.25000000000003 12745.950000000003 -0.5 125.55000000000001 5.1929998397827157 89.750000000000014 501.88893522612142 146.50000000000003 5605.3000000000011 41925.250000000007 1074.6777708333336 666.15394677185134 6695.5300000000007 4369.0500000000011 651990.79045625008 30925.300000000007 5177.6000000000013 2640.7000000000003 2861.1500000000001 805.85000000000014 2.586499929428101 9068.845000000003 33498.80000000001
decision_type=2 2 2 2 2 2 2 2 2 2 2 2 2 2 2 2 2 2 2 2 2 2 2 2 2 2 2 2 2 2 2 2 2 2 2 2 2 2 2 2 2 2 2 2 2 2 2 2 2 2 2 2 2 2 2
left_child=1 3 49 11 -5 42 7 -7 9 46 -11 15 -13 14 24 26 17 33 19 35 28 22 23 -4 48 37 -1 -24 29 -20 50 -32 -33 -17 -19 -18 -28 38 39 -12 43 -15 -6 44 45 -35 -8 -46 -14 -2 -30 -41 -16 -54 -52
right_child=2 -3 21 4 5 6 8 -9 -10 10 25 12 13 41 52 16 18 34 20 -21 -22 -23 27 -25 -26 -27 36 -29 30 -31 31 32 -34 40 -36 -37 -38 -39 -40 51 -42 -43 -44 -45 47 -47 -48 -49 -50 -51 54 -53 53 -55 -56
leaf_value=1.850166265718006 -1.0894526672455553 1.6946074256853683 -4.2040647021548141 -0.47075558985242649 7.6521503517178555 -0.79465400130414754 0.47392009715044425 0.0050727574138811791 1.2638889965456721 1.807485559982311 0.034642896736168868 0.053805732769925355 -0.1101825864824546 0.42468414236562835 -5.5895421350545842 -3.1965251503821874 -1.1378993896223033 3.5827220797339612 0.12032603498407707 0.10415009955897847 -0.097290307014853777 0.21189282746688268 0.18271115403034752 -0.11877513294264269 0.066849326434260573 0.018198852486666452 -0.032836819435866492 -0.190703047654501 0.10056285180113847 -2.2960959561451122 2.837192909917253 1.4139534585647198 -0.14069677537571421 0.019716170421986954 -0.22606331525497222 -0.022360808213132844 2.9450687094620447 0.029839759741669036 -0.060835292760890058 -0.0032698785872782234 -0.99860098879947801 -0.1056997222720948 1.1501306460909171 -3.6404928627253925 -0.0018675991662597037 -1.20438611486105 0.011135281065173112 0.10176245790844854 -1.3816185208480669 -0.075991450593527743 6.0205576417061755 -0.93664896478159876 -3.8842102642803913 -0.022275225462387548 0.29694133462023337
leaf_weight=39 21 32 24 22 25 20 31 22 30 31 32 24 20 20 36 24 24 20 20 23 20 24 24 34 32 30 39 24 20 23 20 26 32 20 20 22 20 20 27 26 21 20 33 21 27 25 25 20 22 23 20 20 21 21 26
leaf_count=39 21 32 24 22 25 20 31 22 30 31 32 24 20 20 36 24 24 20 20 23 20 24 24 34 32 30 39 24 20 23 20 26 32 20 20 22 20 20 27 26 21 20 33 21 27 25 25 20 22 23 20 20 21 21 26
internal_value=-0.000244957 0.000131796 -0.00287356 -1.69205e-05 0.00121827 0.00166667 0.00089172 -0.00380952 0.00161765 0.000991736 0 -0.000634518 -0.00222222 -0.00302083 -0.00421053 -3.4965e-05 -0.000590717 -0.00242424 0.000724638 -0.00217391 0.00169082 -0.00153846 -0.00264151 -0.00517241 -0.00162162 -0.000967742 0.00265306 0.000416667 0.00229947 -0.00116279 0.00333333 0.00128205 -0.000689655 -0.0035443 0.002 -0.00478261 0.000508475 -0.002 -0.00295238 -0.00128205 -0.00268657 0.0015 0.00586207 -0.00185841 -0.000869565 -0.00333333 0.00428571 0.00148936 -0.00428571 -0.00681818 0.00575758 -0.00391304 -0.00666667 -0.0047619 0.0073913
internal_weight=1388 1214 174 1182 394 372 314 42 272 242 186 788 216 192 152 572 474 198 276 69 207 130 106 58 74 155 98 48 187 43 144 78 58 158 40 46 59 125 105 78 134 40 58 113 92 45 56 47 42 44 66 46 78 42 46
internal_count=1388 1214 174 1182 394 372 314 42 272 242 186 788 216 192 152 572 474 198 276 69 207 130 106 58 74 155 98 48 187 43 144 78 58 158 40 46 59 125 105 78 134 40 58 113 92 45 56 47 42 44 66 46 78 42 46
is_linear=0
shrinkage=0.01


Tree=57
num_leaves=55
num_cat=0
split_feature=24 24 40 41 72 95 0 72 68 0 24 81 28 98 38 64 75 2 27 88 78 26 46 83 75 5 98 82 83 98 84 24 84 11 84 98 88 28 85 28 25 24 28 81 2 24 24 31 2 72 27 28 44 5
split_gain=11.0378 10.2629 10.2581 9.76483 8.26427 8.01453 13.9974 8.47132 8.1066 9.93037 7.42521 9.60065 9.72814 6.64574 6.49215 6.2779 6.50519 6.87201 6.02363 9.47519 7.63277 9.45074 7.44546 7.41607 6.89862 6.26413 6.11863 6.04825 5.98361 5.91642 5.83139 8.37316 8.23333 5.60631 7.16921 5.422 5.11244 5.01039 5.95163 4.93958 4.92257 8.97232 11.3708 4.7794 4.77174 5.42311 4.74797 4.37646 4.06719 3.74351 2.72727 2.67442 2.59969 2.5
threshold=14.175000000000002 14.875000000000002 4.7500000000000009 72.250000000000014 1365.6245000000001 1.0000000180025095e-35 26830.700000000001 1458.5980000000002 1508.2500000000002 23034.050000000003 10.775000000000002 4290.9896414423802 26.925000000000004 0.37847222222222227 5.7750000000000012 1682.5500000000002 509.84765017899019 2739.6500000000005 65.750000000000014 4929.6054166666672 591.49832986111107 1.2500000000000002 103.564998626709 2813.8999999999983 603.50974269151686 3885.0750000000003 0.45486111111111116 -343.99999999999994 2663.1500000000001 0.33680555555555564 1460.1695833333335 9.9250000000000025 1283.7127291666668 36480.80000000001 718.70588541666677 0.12152777777777779 12272.485416666668 30.425000000000001 1602.6380000000001 23.525000000000002 148.25000000000003 8.6250000000000018 28.225000000000005 4114.9914167279494 3060.2000000000003 6.2750000000000012 8.9750000000000032 8.8750000000000018 2640.7000000000003 0.90500000000000014 99.750000000000014 23.075000000000006 3.217000007629395 5072.8250000000007
decision_type=2 2 2 2 2 2 2 2 2 2 2 2 2 2 2 2 2 2 2 2 2 2 2 2 2 2 2 2 2 2 2 2 2 2 2 2 2 2 2 2 2 2 2 2 2 2 2 2 2 2 2 2 2 2
left_child=2 48 -1 14 -5 8 -7 13 9 -4 11 12 -10 47 -3 16 17 -15 20 -20 22 26 -11 24 27 -23 46 -21 37 -9 32 44 -31 -26 -35 36 -25 38 40 -16 49 42 -42 -27 45 -32 -22 52 -2 -29 -39 -13 -8 -34
right_child=1 3 5 4 -6 6 7 29 10 18 -12 51 -14 15 39 -17 -18 -19 19 23 21 25 -24 35 33 43 -28 28 -30 30 31 -33 53 34 -36 -37 -38 50 -40 -41 41 -43 -44 -45 -46 -47 -48 -49 -50 -51 -52 -53 -54 -55
leaf_value=-0.26107511180658677 -1.0785581405730997 -0.034943656855943091 2.8264657471776506 -0.018191524623440484 -2.6095666866059406 -0.31664227402266015 13.206608575364635 -0.19720987626612696 0.29230446765179052 0.099420526726518632 0.021006992675672267 -4.6434228173358543 -6.7940808078808566 0.43718765400851561 0.0052533284089234236 2.7735439016045755 3.6909353250232591 -0.17885887229280362 -0.80085445177686088 0.076482047516408747 -0.24403743911050882 1.0652530251516681 2.55866874297427 -1.4092810384351293 0.0014803636712295348 -0.15335768940559219 0.061501527956551241 -0.014120421819750928 -0.41785884417154562 0.0001686469992988221 -0.0040605262374170314 0.029727655629300812 0.11518459331431069 -2.4468855957385638 -0.035000334104035906 2.476305792914733 3.3154978791499166 0.37720682299134367 0.064529362166717508 0.19145014593142365 0.078052450612929022 0.15708036785289511 -3.4268611207276058 0.52909566873726122 0.0083627439920764598 -0.042581582651879224 -0.10650263450048064 2.4101183477148318 -0.075231536087592463 -5.495370219451206 -0.00695161764997134 -2.5584727974423105 1.745349043528885 0.12140533576784378
leaf_weight=37 21 27 20 37 22 22 23 33 22 20 34 23 20 20 23 22 22 21 25 30 25 33 29 20 30 37 20 23 20 38 25 26 20 34 22 20 23 24 31 21 23 34 29 23 26 26 23 20 23 30 20 20 26 20
leaf_count=37 21 27 20 37 22 22 23 33 22 20 34 23 20 20 23 22 22 21 25 30 25 33 29 20 30 37 20 23 20 38 25 26 20 34 22 20 23 24 31 21 23 34 29 23 26 26 23 20 23 30 20 20 26 20
internal_value=-0.000288184 -0.00264368 4.94234e-05 -0.00123077 -0.00423729 0.000212404 0.00138462 0.00184783 -0.000368488 5.98802e-05 -0.00277311 -0.00435294 -0.000952381 0.00363636 0.00126761 0.00176471 0.00015873 -0.00219512 -0.000154321 -0.000821918 0.0012381 0.000186335 0.00469388 -0.000460048 -0.00102857 0.00225806 -0.00264706 -0.000227273 -0.000769231 0.000560748 0.00127072 -0.000291262 0.00333333 -0.00348837 -0.00535714 0.00269841 0.000697674 -0.000280374 -0.00105882 0.00363636 -0.00194245 -0.000465116 -0.00307692 0.000333333 -0.00194805 -0.00372549 -0.00458333 0.00594203 -0.00681818 -0.00433962 0.00272727 -0.00767442 0.00755102 0.0065
internal_weight=1388 174 1214 130 59 1177 390 368 787 668 119 85 42 154 71 85 63 41 648 438 210 161 49 413 350 93 68 264 234 214 181 103 78 86 56 63 43 214 170 44 139 86 52 60 77 51 48 69 44 53 44 43 49 40
internal_count=1388 174 1214 130 59 1177 390 368 787 668 119 85 42 154 71 85 63 41 648 438 210 161 49 413 350 93 68 264 234 214 181 103 78 86 56 63 43 214 170 44 139 86 52 60 77 51 48 69 44 53 44 43 49 40
is_linear=0
shrinkage=0.01


Tree=58
num_leaves=55
num_cat=0
split_feature=29 73 84 38 2 29 41 78 19 16 28 78 87 78 84 87 92 92 28 82 41 10 57 14 88 78 65 72 93 38 44 10 97 3 46 16 5 45 72 65 82 84 10 78 97 5 35 70 92 87 19 8 2 10
split_gain=10.6632 7.36093 12.3105 10.1881 11.1624 10.7416 8.37231 12.7724 9.95049 8.35781 10.1427 8.90581 9.40615 13.4206 7.83788 9.31489 7.80881 10.1876 7.72262 8.12698 7.88583 7.65022 7.39231 7.30531 11.9911 7.81301 6.8621 6.83205 7.36333 6.7371 6.66768 6.96009 6.39931 5.94657 5.6625 5.58072 5.11244 5.10654 5.08022 10.3024 9.20348 7.54247 5.00087 4.64497 4.23253 3.85333 3.71212 3.60738 3.49898 3.23438 2.84972 2.68058 2.5 1.89802
threshold=96.250000000000014 749.95000000000016 357.5684270833334 5.8750000000000009 3132.5360000000005 80.250000000000014 75.250000000000014 1340.5126145833335 233.15000000000001 7369.0000000000009 20.975000000000005 405.26730208333339 0.38541666666666669 713.37066666666681 642.10971875000007 0.15625000000000003 23524.571381250007 21498.508137500005 22.925000000000004 0.10799999999998545 54.250000000000007 33702.650000000009 -0.22252093395631442 17734.650000000005 8581.6470833333351 1399.8304375 28842.350000000002 965.41600000000005 411.94578947368427 8.8250000000000028 2.8000000715255742 29216.800000000003 0.38541666666666669 12461.500000000002 102.5550003051758 5501.5000000000009 5629.1150000000007 25451.000000000004 938.20000000000016 29001.900000000005 0.0095000000000000102 564.27323958333341 31582.700000000004 515.63184722222229 0.23958333333333334 3619.1200000000003 27.325000000000006 0.92250000000000021 20552.193975000002 0.13541666666666671 1303.2500000000002 415.39894736842109 2955.0000000000005 34194.900000000001
decision_type=2 2 2 2 2 2 2 2 2 2 2 2 2 2 2 2 2 2 2 2 2 2 2 2 2 2 2 2 2 2 2 2 2 2 2 2 2 2 2 2 2 2 2 2 2 2 2 2 2 2 2 2 2 2
left_child=1 9 22 5 6 44 7 27 -8 10 -1 16 13 47 -7 18 17 37 20 21 35 -20 -3 24 25 30 -9 -5 45 48 -15 36 52 -27 46 -16 -32 -12 39 -14 -40 43 -18 -41 -4 -29 -10 -13 -6 -34 -17 -44 -25 -33
right_child=-2 2 3 4 29 14 8 26 34 -11 11 12 38 23 15 50 42 -19 19 -21 -22 -23 -24 32 -26 33 -28 28 -30 -31 31 53 49 -35 -36 -37 -38 -39 40 41 -42 -43 51 -45 -46 -47 -48 -49 -50 -51 -52 -53 -54 -55
leaf_value=2.1958451083653472 2.0379299826649877 -3.8689037400843276 -2.779127777800753 0.2918265904905939 1.5115982388756186 0.21865298704842517 0.033235448646550973 0.41671049433094171 -0.32646816135436157 -0.12023910507790088 2.1708117558422124 0.047655700761568449 1.7713977046333487 0.098889699834779049 0.10778873913536474 -0.03459422028738366 0.027127074338494241 -0.025824541437677109 -0.95035115661843506 -1.0250181114686714 0.030250495891295259 0.0078462613953497011 -5.5073922109090176 -0.091352163610016843 2.7784414580475238 -0.44282472743823376 0.0065694526846727663 0.12011578055308661 -2.853744982101134 -0.08193938617990279 -0.10587675509818649 -1.673532955108866 0.15664363435907006 -0.07824560169765668 -0.033222271474070968 -0.37884672821290166 2.1463194376644155 -0.029129677926051267 -8.8895941426842882 -0.20005713271857162 -0.0040715900903923697 -2.5097778598175733 2.1460073813796874 0.012117062676029713 -0.86708591636026666 -0.1037957893549841 -0.024452704332834904 5.8121388774733829 0.39292410130917632 3.3858490364356557 -3.6289141679579995 0.035496607019529162 0.04471282988410117 -0.022506126173049309
leaf_weight=34 23 20 24 24 20 22 23 36 24 20 26 22 34 27 21 27 22 31 22 21 34 20 32 20 32 20 33 20 30 23 20 32 21 21 35 20 23 21 25 35 23 25 23 33 35 30 20 24 27 20 22 25 20 21
leaf_count=34 23 20 24 24 20 22 23 36 24 20 26 22 34 27 21 27 22 31 22 21 34 20 32 20 32 20 33 20 30 23 20 32 21 21 35 20 23 21 25 35 23 25 23 33 35 30 20 24 27 20 22 25 20 21
internal_value=-0.000230548 -0.000344322 -0.00109774 -0.000701468 0.000434783 -0.00216418 -0.000472727 0.000867052 -0.0027451 0.000371429 0.000558824 0.000278638 -0.000361446 0.000650155 -0.00110048 -0.00176471 0.00243243 0.00025641 -0.000434783 -0.00301587 0.00173333 -0.00047619 -0.00576923 -0.000180505 -0.00122449 -0.00231707 0.0042029 -0.00134615 -0.00275 0.004 -0.00105691 -0.00229167 0.00234568 -0.00609756 -0.00443038 -0.00121951 0.000697674 0.00319149 -0.00222857 -0.0011811 -0.005 -0.00290323 0.00485714 -0.00117647 -0.0059322 -0.0004 -0.00681818 0.00565217 0.00617021 0.00512195 -0.0055102 0.00666667 -0.0005 -0.00471698
internal_weight=1388 1365 665 613 345 268 275 173 102 700 680 646 498 323 209 187 148 78 138 63 75 42 52 277 196 164 69 104 80 70 123 96 81 41 79 41 43 47 175 127 48 93 70 68 59 50 44 46 47 41 49 48 40 53
internal_count=1388 1365 665 613 345 268 275 173 102 700 680 646 498 323 209 187 148 78 138 63 75 42 52 277 196 164 69 104 80 70 123 96 81 41 79 41 43 47 175 127 48 93 70 68 59 50 44 46 47 41 49 48 40 53
is_linear=0
shrinkage=0.01


Tree=59
num_leaves=53
num_cat=0
split_feature=70 72 83 44 62 8 6 26 14 92 36 29 29 58 35 30 30 94 19 3 33 43 22 63 43 17 62 5 92 80 67 10 30 37 5 29 88 89 30 19 83 83 83 94 27 19 10 8 97 30 7 6
split_gain=10.434 12.56 11.8775 11.0252 10.3518 8.845 8.72344 12.2567 7.82599 9.91656 10.0493 8.93308 8.14204 7.77996 8.40503 7.66808 8.29148 11.9845 11.9048 9.77376 8.94365 7.43558 7.44828 6.95044 11.7556 7.34722 9.54575 6.38986 7.59894 6.23077 6.02044 10.2766 5.6695 6.2974 5.55703 6.23371 5.55559 7.87481 5.41385 5.41106 5.19697 6.10909 4.99077 4.94728 4.93958 4.73715 6.44102 4.17517 3.7437 3.48188 3.11688 2.90049
threshold=1054.7400000000002 929.85000000000002 1045.8500000000006 3.0694999694824223 394.55000000000007 417.85973684210529 2213.9500000000003 137.25000000000003 17623.850000000002 25590.347262500007 82.250000000000014 85.250000000000014 82.250000000000014 1.0000000180025095e-35 28.375000000000004 52.250000000000007 97.750000000000014 567726.73491500015 1014.7500000000001 14418.100000000002 61.750000000000007 83.990001678466811 92.250000000000014 36038.80000000001 71.299999237060561 69.450000000000017 0.75000000000000011 4325.0000000000009 25478.240787500006 35917.624305555561 34523.650000000009 29545.000000000004 98.750000000000014 82.250000000000014 4938.6800000000012 88.250000000000014 6851.3543750000017 1030.96719375 96.750000000000014 966.75000000000011 2032.3500000000024 2405.4500000000012 1939.950000000001 649002.88838250027 83.250000000000014 632.30000000000007 38976.05000000001 405.44100793650802 0.55208333333333337 96.250000000000014 47.555000000000007 4010.2100000000005
decision_type=2 2 2 2 2 2 2 2 2 2 2 2 2 2 2 2 2 2 2 2 2 2 2 2 2 2 2 2 2 2 2 2 2 2 2 2 2 2 2 2 2 2 2 2 2 2 2 2 2 2 2 2
left_child=1 2 45 5 13 32 39 8 9 15 11 -11 -10 23 38 40 21 18 -18 -20 -19 22 51 24 -4 49 44 -5 -29 -28 31 -6 33 -3 50 -36 37 -14 -15 -2 -8 -42 47 -33 -27 -1 -47 -30 -13 -26 -12 -17
right_child=6 3 4 27 30 -7 7 -9 12 10 34 48 36 14 -16 16 17 20 19 -21 -22 -23 -24 -25 25 26 29 28 42 -31 -32 43 -34 -35 35 -37 -38 -39 -40 -41 41 -43 -44 -45 -46 46 -48 -49 -50 -51 -52 -53
leaf_value=4.5647735268986267 -0.0054016079720032939 0.054165941399005692 0.16002931737394227 -2.252797248159327 0.95454939274153194 0.35643646889050146 1.2658308667203451 1.6361713232463004 -0.031377148916858784 -0.031796099141419835 0.016152429207074701 0.17630102240884324 2.3333726662898009 -0.040693273310670568 2.7234065177444005e-05 -0.37441879526094107 3.9703881482447323 -0.56346884228416672 0.16445153256324185 -0.55293632507108126 0.0049054164918430343 0.0016080534592608528 -0.0041628356936767828 -2.7623688867641283 -3.3928637802637152 0.0044484582990798709 -0.06235267226799019 -0.0075482727033443098 -7.0139240536865977 0.0099847426495072219 0.28939699781340233 -0.36938749306167351 -8.1998228678680931 -0.24205611462958943 -0.085392652985159384 2.4360318224374842 8.261451894533554 -0.012737603007723305 -6.411534937074757 -1.2798592099257389 -0.034996114819828041 0.036830411224175082 -7.9304096587985491 0.024062482010364795 0.42259832327364399 -0.025519776627887146 0.071937907505161325 -2.259689319930914 0.84258845352621592 -0.016629082163900463 -0.84843487935192163 -0.030858154702671434
leaf_weight=25 22 26 36 33 21 21 24 22 23 20 20 34 23 38 31 23 24 33 26 34 28 35 29 21 23 23 26 39 22 26 28 20 22 21 25 21 34 24 39 25 20 22 20 33 21 29 28 21 22 25 22 35
leaf_count=25 22 26 36 33 21 21 24 22 23 20 20 34 23 38 31 23 24 33 26 34 28 35 29 21 23 23 26 39 22 26 28 20 22 21 25 21 34 24 39 25 20 22 20 33 21 29 28 21 22 25 22 35
internal_value=-0.000360231 -0.00119777 -0.00030426 -0.00315556 -0.000997567 -0.000444444 0.000537313 0.000850722 0.000582363 6.03622e-05 0.00207317 0.00473684 0.00307692 -0.00190939 -0.00407407 -0.000930931 -0.00168539 -6.89655e-05 0.00238095 0 -0.00344262 -0.00360656 -0.00517241 -0.000746269 -0.000111111 -0.00138889 0.000208333 -0.00496296 -0.00372549 -0.00269231 0.00176471 0.00027027 -0.00217391 -0.000212766 -0.000227273 0.00217391 0.0045679 0.00234043 -0.00584416 -0.00361702 0.00212121 0 -0.00587302 -0.00207547 0.00363636 0.00317073 0.00157895 -0.00395349 0.00678571 -0.00458333 -0.00285714 -0.00724138
internal_weight=1388 718 493 225 411 90 670 623 601 497 164 76 104 309 108 333 267 145 84 60 61 122 87 201 180 144 96 135 102 52 102 74 69 47 88 46 81 47 77 47 66 42 63 53 44 82 57 43 56 48 42 58
internal_count=1388 718 493 225 411 90 670 623 601 497 164 76 104 309 108 333 267 145 84 60 61 122 87 201 180 144 96 135 102 52 102 74 69 47 88 46 81 47 77 47 66 42 63 53 44 82 57 43 56 48 42 58
is_linear=0
shrinkage=0.01


Tree=60
num_leaves=53
num_cat=0
split_feature=79 60 32 28 11 79 94 14 2 11 6 64 38 2 7 6 6 38 14 7 72 31 13 10 94 33 6 60 67 20 64 17 20 94 38 67 29 79 78 97 83 97 63 3 37 31 6 13 17 31 7 2
split_gain=8.3217 10.4749 9.1754 12.1821 12.4121 12.7824 11.1283 11.4966 10.6754 11.8995 14.092 10.2153 7.33727 6.91868 6.83199 7.56546 6.75463 6.6339 7.80018 7.75993 8.73134 7.70667 8.20119 7.06091 6.48991 6.03625 10.1484 9.28457 6.97014 5.656 5.15454 5.14832 5.09926 5.07037 5.06617 5.01466 4.99602 5.25705 8.30388 9.53253 5.12994 4.84 4.49013 5.41106 4.3163 3.28864 3.25952 3.10548 2.91212 2.48896 1.6 1.6
threshold=200.21088277386306 1682.4000000000003 85.750000000000014 24.675000000000004 41954.80000000001 633.3561714175496 566074.88874750014 15496.200000000003 2937.2380000000007 41755.500000000007 9154.0350000000017 736.16750000000013 6.2750000000000012 2050.3500000000004 1713.4450000000004 3622.4950000000003 4322.4350000000004 5.7750000000000012 13217.900000000001 49.405000000000008 1429.8730000000003 15.225000000000001 4481.8000000000011 31014.350000000002 623160.07419843762 115.00000000000001 7063.4100000000008 1145.1360000000002 30815.850000000002 1794.2000000000003 1489.7000000000003 131.60000000000005 1927.3000000000002 649002.88838250027 5.6750000000000016 27201.650000000005 64.750000000000014 398.63546001882656 405.26730208333339 0.38541666666666669 2088.9000000000001 0.63541666666666685 28025.850000000002 12853.300000000001 81.250000000000014 5.9750000000000005 4438.3850000000011 8555.0000000000018 146.65000000000001 6.1750000000000016 87.77500000000002 3145.0000000000005
decision_type=2 2 2 2 2 2 2 2 2 2 2 2 2 2 2 2 2 2 2 2 2 2 2 2 2 2 2 2 2 2 2 2 2 2 2 2 2 2 2 2 2 2 2 2 2 2 2 2 2 2 2 2
left_child=1 24 11 4 5 6 7 34 13 32 31 29 -12 -5 15 -15 -17 19 -19 20 -13 22 -20 30 -1 26 49 28 35 -2 -21 -11 36 -3 -4 -27 -10 -38 48 40 -40 -29 43 -8 -42 -30 -26 -41 -39 -18 -23 -25
right_child=2 33 3 8 -6 -7 42 -9 9 10 12 17 -14 14 -16 16 25 18 21 23 -22 50 -24 51 46 27 -28 41 45 -31 -32 -33 -34 -35 -36 -37 37 38 39 47 44 -43 -44 -45 -46 -47 -48 -49 -50 -51 -52 -53
leaf_value=-1.6455675586717837 -2.972901680833802 0.061293801721976432 0.12575504130059592 -6.2060649065095843 1.4304872961031476 -0.63952736089969764 1.832252977149512 1.890879960030418 -0.041463298680588595 -1.6605950641894687 0.12456469079328698 2.6328776285604407 -0.037954040053053896 -0.090755484861257757 -0.13475550533102901 0.070605297666704495 -4.1412614781816535 -1.8954689467589805 1.3356268340701585 0.16546114111993138 -1.7228610720030559 -0.36957625575172559 0.22385108286881292 -1.0019079087813858 -1.1529697291155949 -3.3589351424610778 0.016695652837298749 2.2626573596702135 -0.013314039454069941 -5.8826931896143337 -0.052262872166409256 -0.0088211417982137306 2.0761187125795049 -0.017395346843139054 -0.099428012847986122 0.12319879537034702 -0.023584946981445542 0.041192213220402375 0.033539259242043783 0.030591449902561837 0.045924529851906572 0.01587427230959864 1.238085879965912 0.007985888013376654 -1.2699793316643688 -0.025551610833365962 -0.016741301725928394 4.4298152955499175 2.1469905104970959 -0.85119566436760385 0.043237695070195335 -2.6047647759388401
leaf_weight=25 31 24 22 20 34 31 25 21 26 37 30 25 23 32 39 22 20 28 32 21 26 20 28 20 20 21 39 25 39 27 22 20 24 30 27 25 38 20 34 26 23 20 29 22 32 21 28 22 24 26 20 20
leaf_count=25 31 24 22 20 34 31 25 21 26 37 30 25 23 32 39 22 20 28 32 21 26 20 28 20 20 21 39 25 39 27 22 20 24 30 27 25 38 20 34 26 23 20 29 22 32 21 28 22 24 26 20 20
internal_value=-0.00015873 -0.00259843 8.73709e-05 0.000585729 0.00270142 0.00163842 0.00287671 0 -2.74725e-05 0.00113456 -0.00163636 -0.001375 0.00207547 -0.0012894 -0.000942249 -0.000413793 0.000155039 -0.000534351 0.00109375 -0.00208955 0.000980392 0.0024 0.00466667 -0.0039759 -0.00506849 -0.000338983 -0.00247059 0.000860927 -0.000754717 -0.00517241 -0.00116279 -0.00508772 0.00226766 0.000740741 -0.00265306 0.00217391 0.00183673 0.00232877 0.00303867 0.00182482 -0.00011236 0.00466667 0.00552632 0.00361702 -0.002 -0.003 -0.00291667 0.00541667 0.00681818 -0.00565217 -0.001 -0.007
internal_weight=1386 127 1259 939 211 177 146 70 728 379 110 320 53 349 329 290 258 262 128 134 51 100 60 83 73 236 85 151 106 58 43 57 269 54 49 46 245 219 181 137 89 45 76 47 55 60 48 48 44 46 40 40
internal_count=1386 127 1259 939 211 177 146 70 728 379 110 320 53 349 329 290 258 262 128 134 51 100 60 83 73 236 85 151 106 58 43 57 269 54 49 46 245 219 181 137 89 45 76 47 55 60 48 48 44 46 40 40
is_linear=0
shrinkage=0.01


Tree=61
num_leaves=54
num_cat=0
split_feature=3 28 32 45 27 40 36 67 2 40 20 71 21 96 36 86 4 40 34 3 97 71 36 74 20 21 61 67 27 25 5 22 38 5 42 60 21 65 73 74 33 81 22 3 32 79 2 19 79 44 17 46 4
split_gain=9.76795 8.88533 12.2593 9.78663 8.61796 7.48453 11.2814 10.4382 13.9586 12.2346 9.41943 8.11444 11.4532 10.1587 7.35089 6.77073 8.82595 7.32852 6.5073 6.33655 10.9394 6.20409 9.01779 5.93579 6.09524 5.87084 9.7463 6.3913 5.78816 6.65633 10.3604 8.32286 11.1814 9.97182 8.07104 7.73605 6.92096 5.57562 5.39576 6.88754 5.32791 5.17695 5.16728 5.03646 4.9 4.81233 3.92567 3.8811 3.70553 3.29385 2.91212 2.87817 0.942857
threshold=14619.200000000003 22.125000000000004 74.250000000000014 22968.000000000004 117.25000000000001 112.75000000000001 81.750000000000014 28374.500000000004 2397.2500000000005 20.750000000000004 2882.9000000000005 0.99050000000000005 26.375000000000004 1.0000000180025095e-35 87.250000000000014 0.060000000000000012 4667.1150000000007 81.750000000000014 87.750000000000014 13395.200000000003 0.53125000000000011 1118.0500000000002 71.750000000000014 1265.3811666666668 2162.9000000000001 27.075000000000006 31322.850000000002 30160.250000000004 100.75000000000001 196.25000000000003 9140.7050000000017 89.250000000000014 5.9250000000000016 3835.1100000000001 103.52500152587892 674.72900000000016 26.075000000000006 29226.900000000005 337.61300000000006 985.99948958333346 102.25000000000001 4282.8924084322962 89.250000000000014 10233.000000000002 218.25000000000003 508.18631832866862 2884.1500000000005 972.70000000000016 307.98273005986869 3.4069999456405644 23.900000000000002 93.779998779296889 4885.0750000000007
decision_type=2 2 2 2 2 2 2 2 2 2 2 2 2 2 2 2 2 2 2 2 2 2 2 2 2 2 2 2 2 2 2 2 2 2 2 2 2 2 2 2 2 2 2 2 2 2 2 2 2 2 2 2 2
left_child=4 23 -3 -4 5 6 10 43 52 -10 19 12 14 25 -7 18 49 46 -11 21 50 22 -1 24 -2 26 27 -13 29 30 31 32 -5 -34 -31 -36 44 -30 -39 -40 45 -38 -15 -8 -32 -33 -18 51 -42 -17 -21 -45 -9
right_child=1 2 3 28 -6 11 7 8 9 15 -12 13 -14 42 -16 16 17 -19 -20 20 -22 -23 -24 -25 -26 -27 -28 -29 37 34 36 40 33 -35 35 -37 41 38 39 -41 48 -43 -44 47 -46 -47 -48 -49 -50 -51 -52 -53 -54
leaf_value=0.56802857224477044 3.8401604293232912 -2.0251888231915722 0.10554461255132608 -0.15118117639533274 -0.39085922178524324 -0.054015956283508429 -0.090133478341756681 -1.2044560484868181 0.055421273449558862 -5.5674736676102885 -3.4694318956654127 -0.012599173126508087 4.1014885469966167 -2.1601202890307687 1.0538703945435561 -0.56286340143814928 0.39902258826920517 -0.14715866449054787 -0.039118563510666074 -0.37776498015977911 1.1746297284880323 2.0460786601463541 -0.049132780147766716 1.4172281996132683 -1.0649216631634146 2.7014756724470077 -0.13245799586180568 1.4861827062569355 1.6947129317839114 -1.2643115656353958 0.10150532443091173 0.08892788577113922 0.0067661741873514102 0.73693763887626862 -0.068502052997598234 0.11105288090806678 4.2355335350470522 0.086456015051262117 -3.8697415406753284 0.12196680741664356 -0.01014386282304729 0.12302234677287159 0.0050281957637875506 0.027777863550082316 -1.4449051460074305 -1.6439891135475739 -0.0082788486297514213 -0.016913540099690542 -0.17474827690780367 -0.042630311704537897 -0.021382134010990105 1.7606366235756883 -7.1277554232202265
leaf_weight=22 21 34 38 22 24 23 35 20 33 39 26 23 35 39 31 29 21 30 28 20 22 27 24 20 21 32 25 25 21 21 20 32 35 26 23 24 20 38 23 25 24 23 24 23 20 21 20 21 22 23 24 22 22
leaf_count=22 21 34 38 22 24 23 35 20 33 39 26 23 35 39 31 29 21 30 28 20 22 27 24 20 21 32 25 25 21 21 20 32 35 26 23 24 20 38 23 25 24 23 24 23 20 21 20 21 22 23 24 22 22
internal_value=-5.77201e-05 0.000940767 0.000507813 0.000920502 -0.000763547 -0.000583756 -0.00126177 -0.00224044 -0.00328302 -0.002287 0.000909091 0.000817121 0.00325843 -0.00047619 0.00037037 -0.00326316 -0.00186992 0.000422535 -0.0058209 0.00194245 -0.00030303 0.0039726 0.00173913 0.00451613 0.00238095 0.00142857 -0.000136986 0.0025 0.0005 -0.00015015 0.000566038 -0.000769231 0.00156627 0.00377049 -0.00294118 -0.000638298 0.00349398 0.00252336 0.00139535 -0.000833333 -0.00272727 0.00627907 -0.00365079 0.00049505 0.0005 -0.000566038 0.00317073 0.00212121 -0.00521739 -0.005 -0.00318182 0.00377778 -0.00857143
internal_weight=1386 574 512 478 812 788 531 366 265 223 165 257 89 168 54 190 123 71 67 139 66 73 46 62 42 105 73 48 440 333 265 182 83 61 68 47 83 107 86 48 99 43 63 101 40 53 41 66 46 52 44 45 42
internal_count=1386 574 512 478 812 788 531 366 265 223 165 257 89 168 54 190 123 71 67 139 66 73 46 62 42 105 73 48 440 333 265 182 83 61 68 47 83 107 86 48 99 43 63 101 40 53 41 66 46 52 44 45 42
is_linear=0
shrinkage=0.01


Tree=62
num_leaves=53
num_cat=0
split_feature=1 45 35 16 68 11 95 73 93 7 34 67 77 7 26 26 2 98 62 34 45 3 43 90 62 97 30 2 26 37 87 2 92 43 35 77 82 87 2 77 90 35 82 8 2 88 43 4 11 2 43 20
split_gain=13.5047 14.2621 10.5277 12.4859 8.559 8.54661 8.68338 9.83843 10.6496 10.1131 8.40384 8.32589 8.56459 11.7742 9.96348 7.97122 7.04029 6.32972 12.1303 10.3364 6.43828 6.26411 6.18438 9.45813 6.91429 6.61172 6.34114 8.64848 6.10991 6.09373 5.7363 5.71747 5.71667 5.47117 7.01299 5.41233 5.31536 4.87243 6.95215 4.56017 6.92641 6.01189 5.09394 4.52009 3.73778 3.70405 3.6 3.57382 5.60345 3.30023 2.5 1.82435
threshold=13774.450000000003 22968.000000000004 23.975000000000005 6250.8000000000011 1681.0000000000002 33671.350000000006 1.0000000180025095e-35 1338.1500000000003 422.20236842105265 200.99000000000004 114.25000000000001 27015.200000000004 3878.4913613909944 1691.3850000000002 113.25000000000001 52.250000000000007 2469.9500000000003 0.086805555555555566 1250.4000000000003 75.750000000000014 23019.500000000004 11806.750000000002 75.974998474121108 1459.0327500000003 676.3130000000001 0.031250000000000007 97.250000000000014 3145.0000000000005 15.250000000000002 63.750000000000007 0.42708333333333343 2363.2000000000003 25590.347262500007 81.694999694824233 26.375000000000004 3152.0248759865754 177.1700000000001 0.71875000000000011 3124.6500000000001 4160.6782310793596 1906.0555500000003 25.725000000000005 0.8069999999999028 410.55026315789479 3114.5000000000005 7932.3750000000018 83.565002441406264 8821.0650000000005 37313.200000000004 3060.2000000000003 83.565002441406264 319.50000000000006
decision_type=2 2 2 2 2 2 2 2 2 2 2 2 2 2 2 2 2 2 2 2 2 2 2 2 2 2 2 2 2 2 2 2 2 2 2 2 2 2 2 2 2 2 2 2 2 2 2 2 2 2 2 2
left_child=2 31 16 17 5 28 10 8 29 -9 11 -7 14 22 15 37 -1 19 45 21 -20 -4 23 25 -25 -14 27 -24 -3 -8 -28 -2 -5 34 -31 -6 -22 38 -13 40 42 -41 -37 -30 -12 51 -29 48 -33 -15 -17 -19
right_child=1 4 3 32 35 6 7 9 -10 -11 44 12 13 49 -16 50 -18 18 20 -21 36 -23 26 24 -26 -27 30 46 43 33 -32 47 -34 -35 -36 39 -38 -39 -40 41 -42 -43 -44 -45 -46 -47 -48 -49 -50 -51 -52 -53
leaf_value=1.0321048734314773 0.00037791796662091316 0.20167031773717953 0.92466249464318551 -0.064194467698572732 -7.3993514290853817 0.21744655382679667 1.5286271083355798 -0.060162849941226185 -0.014402833577717758 0.018603756446149242 0.015372312255564466 -0.091553795964218684 -0.079663297708538944 0.013094728329633725 -1.2767369900622354 0.096946080338451993 -0.073865064586483578 -3.3148513090812286 0.090502498346546764 -5.1172282985482953 -0.026182035461003381 -0.012570108938076951 -0.06781703246762226 -2.5881636349369308 0.35178787447588378 -3.0337704700933443 0.66363981712551134 0.07888855549262111 -0.71405748166136196 2.9034457485234078 -0.010511149885572762 4.0321308090559613 0.56626584048750739 9.2145384689342222 0.0090177819721325922 0.020872479342934007 -3.6735538173141014 -3.5952843054912966 0.083665415229317294 -2.9760659524389017 -0.0072149434462583494 -0.01299515365470544 -0.071524756086291566 -0.05056363939545639 0.31696774568552971 -0.053475796720673346 -0.01246640294585002 0.014983135216261463 0.50481119558302212 2.1041123235259587 -0.0025435746588836293 -3.3821048085914209
leaf_weight=28 33 22 23 20 20 20 37 31 32 23 20 21 21 21 39 20 24 22 33 28 29 20 29 20 36 39 32 20 32 22 21 26 28 39 20 24 28 21 20 20 33 31 20 25 25 23 20 22 32 34 20 37
leaf_count=28 33 22 23 20 20 20 37 31 32 23 20 21 21 21 39 20 24 22 33 28 29 20 29 20 36 39 32 20 32 22 21 26 28 39 20 24 28 21 20 20 33 31 20 25 25 23 20 22 32 34 20 37
internal_value=-0.00011544 0.000450623 -0.00183673 -0.00257732 4.30108e-05 0.000460358 0.000810811 0.00254902 0.00386667 -0.00111111 0.0001002 -0.00030837 -0.000599078 0.000375427 -0.00262411 -0.000980392 0.00230769 -0.00349794 -0.00453488 -0.000985915 -0.002 0.00209302 -0.000588235 -0.00224138 0.000714286 -0.005 0.000983607 -0.00101449 -0.00265823 0.00525424 0.00358491 0.00380531 0.00208333 0.00679012 0.00428571 -0.00216216 -0.00403509 -0.00322581 -0.00121951 -0.00140625 0.00012987 -0.00372549 0.00272727 -0.00438596 0.00422222 -0.00731707 0.002 0.00525 0.00655172 0.00454545 0.0025 -0.00864407
internal_weight=1386 1043 343 291 930 782 703 204 150 54 499 454 434 293 141 102 52 243 172 71 90 43 238 116 56 60 122 69 79 118 53 113 48 81 42 148 57 62 41 128 77 51 44 57 45 82 40 80 58 55 40 59
internal_count=1386 1043 343 291 930 782 703 204 150 54 499 454 434 293 141 102 52 243 172 71 90 43 238 116 56 60 122 69 79 118 53 113 48 81 42 148 57 62 41 128 77 51 44 57 45 82 40 80 58 55 40 59
is_linear=0
shrinkage=0.01


Tree=63
num_leaves=54
num_cat=0
split_feature=93 23 0 81 70 31 45 29 25 69 43 24 79 37 38 24 24 93 39 24 2 80 56 69 79 79 74 29 74 0 74 20 70 79 38 38 45 69 23 98 24 43 14 31 10 38 81 0 98 24 10 48 38
split_gain=9.30071 7.46506 7.51941 13.1243 10.7404 10.2624 10.0741 9.40561 10.5207 9.23317 8.50698 7.80696 9.00007 8.29982 8.08812 8.48906 8.01391 7.97538 7.78537 7.51252 9.54969 10.2122 7.45573 7.44727 7.68 7.42235 9.14409 7.41805 7.24871 7.32423 7.23446 7.22255 6.44415 7.89288 7.83286 6.09524 6.03596 5.46201 5.15453 7.02535 5.03201 4.94386 4.64555 4.42369 4.41084 3.68412 4.79596 3.59606 5.94268 3.29089 2.96077 2.73718 1.71163
threshold=392.9500000000001 3.2500000000000004 30361.100000000002 3814.0189553576706 1096.0000000000002 15.375000000000002 22836.000000000004 88.250000000000014 153.25000000000003 29915.500000000004 65.604999542236342 5.1750000000000016 436.43413515650809 97.750000000000014 11.225000000000001 9.8250000000000011 4.6250000000000009 407.57705128205129 216.75000000000003 9.5750000000000011 2929.1500000000001 32443.802430555563 1.0000000180025095e-35 29684.450000000004 520.31381528269094 573.4400217600305 743.40869791666671 68.750000000000014 467.01204166666668 28613.950000000004 1342.4668645833337 1399.4000000000003 1682.5500000000002 500.77694915088699 5.8750000000000009 7.8250000000000011 25140.000000000004 36839.400000000009 99.750000000000014 0.21180555555555561 11.125000000000002 82.45999908447267 13292.300000000001 7.3250000000000011 34660.450000000004 6.5250000000000012 4186.3610269798501 29055.950000000001 0.086805555555555566 6.6750000000000016 36522.200000000004 1.0000000180025095e-35 6.9250000000000016
decision_type=2 2 2 2 2 2 2 2 2 2 2 2 2 2 2 2 2 2 2 2 2 2 2 2 2 2 2 2 2 2 2 2 2 2 2 2 2 2 2 2 2 2 2 2 2 2 2 2 2 2 2 2 2
left_child=43 23 3 10 18 9 -4 11 19 30 -3 16 13 38 22 -16 17 -8 47 20 49 -22 27 -2 -25 37 -27 -14 -12 41 -6 -23 33 35 -35 -21 -19 -24 39 -13 45 51 -15 -1 -28 46 -29 48 -5 -9 -40 -30 -49
right_child=1 2 6 4 5 -7 7 8 -10 -11 28 12 14 42 15 -17 -18 36 -20 32 21 31 25 24 -26 26 44 40 29 -31 -32 -33 -34 34 -36 -37 -38 -39 50 -41 -42 -43 -44 -45 -46 -47 -48 52 -50 -51 -52 -53 -54
leaf_value=-3.5714301928306837 4.9467886100380092 1.267774130443837 1.8577163817669766 -0.0049443911208395539 2.0820021306993604 -2.1708919177563377 -0.12467746618407731 -0.016300520388794652 -1.4090029575797667 -0.21760256265908276 0.05599656704878303 -0.22833087034049379 -0.019307125720734793 -0.03339013297918187 -3.1580264231951127 0.018768085909006266 1.0607138242353613 0.012663867954223125 0.0019337338379093471 -0.89473053114745416 1.5687388933239295 0.057874291505748521 0.4801095877632548 2.0121607630938856 -0.02625392232226147 -1.1433630031422879 -0.015144916151477625 2.7741027964890579 -1.3002546471293113 0.089597473363081298 -0.010703716894496004 -1.6626713865780633 0.46437573871216603 -0.57602135569693502 0.26177162449476798 0.0038250295992268081 2.48737115977934 -0.010751486517745122 -2.4780122058362344 0.030662920583572024 0.10458386533518121 -1.8544092199124931 0.021688963856988645 -0.34581701197929821 1.0010222364802381 1.7487507238722868 0.035919680717949806 -0.72415530465295719 -3.0060411918696905 -0.067604679255511155 -0.25472232074814999 0.062017594374278104 -6.5943658149345525
leaf_weight=20 22 21 31 23 37 28 25 33 24 30 27 25 21 24 26 27 25 36 28 21 23 23 31 20 30 29 26 20 22 27 24 36 35 23 21 21 29 21 23 32 25 20 31 21 22 34 23 20 29 23 20 25 23
leaf_count=20 22 21 31 23 37 28 25 33 24 30 27 25 21 24 26 27 25 36 28 21 23 23 31 20 30 29 26 20 22 27 24 36 35 23 21 21 29 21 23 32 25 20 31 21 22 34 23 20 29 23 20 25 23
internal_value=5.77201e-05 0.000200743 2.35664e-05 -0.00114583 -0.00256198 -0.000420168 0.000528684 0.00032634 -0.00116608 0.00120879 0.00126761 0.00106087 0.000478261 -0.00148387 0.00147541 -0.00207547 0.0033913 0.002 -0.00463415 -0.000579151 -0.00217391 0 0.00222222 0.00333333 0.0012 0.000542636 -0.00142857 0.00398374 0.000247934 -0.00106383 0.00344262 -0.00220339 0.00123967 -0.000232558 0.00272727 -0.00333333 0.00384615 0.00346154 -0.0032 -0.00122807 0.00509804 -0.00283582 0.00163636 -0.00463415 0.00125 0.00636364 0.0044186 -0.006 -0.00423077 -0.00535714 -0.00581395 -0.00106383 -0.00813953
internal_weight=1386 1345 1273 384 242 119 889 858 283 91 142 575 460 155 305 53 115 90 123 259 138 82 252 72 50 129 77 123 121 94 61 59 121 86 44 42 65 52 100 57 102 67 55 41 48 77 43 95 52 56 43 47 43
internal_count=1386 1345 1273 384 242 119 889 858 283 91 142 575 460 155 305 53 115 90 123 259 138 82 252 72 50 129 77 123 121 94 61 59 121 86 44 42 65 52 100 57 102 67 55 41 48 77 43 95 52 56 43 47 43
is_linear=0
shrinkage=0.01


Tree=64
num_leaves=52
num_cat=0
split_feature=68 70 5 98 19 100 74 74 86 82 2 82 23 8 97 0 63 29 2 38 85 3 11 30 37 45 0 61 30 0 28 39 3 74 61 37 13 73 70 82 37 37 44 97 23 94 98 68 44 8 98
split_gain=11.1289 15.8963 13.3402 9.5656 8.48052 8.05425 9.69395 7.8757 7.67467 7.56353 7.19718 7.10982 9.96219 5.90244 6.35796 5.27077 6.41027 6.23137 7.24736 6.16889 10.1626 9.65853 8.8564 5.22976 5.03532 5.82982 5.42162 7.40787 10.9674 9.68508 9.8735 9.64543 6.99735 6.50159 4.98617 4.9 7.27285 8.62854 5.00433 4.72925 4.94834 9.90316 4.56879 4.49299 4.29355 4.9 4.125 3.94927 2.65947 1.6 1.45455
threshold=1.0020000000000002 963.64250000000015 2683.2750000000005 0.13541666666666671 2597.5500000000006 0.43402777777777785 289.84400000000005 682.84689583333341 1.0000000180025095e-35 50.713499999999961 2181.2000000000003 -532.99999999999989 99.750000000000014 412.65500000000003 0.093750000000000014 25616.500000000004 28494.050000000003 66.250000000000014 3483.1645000000003 5.4750000000000005 1509.9500000000003 14738.85 41054.400000000001 93.750000000000014 8.2500000000000018 25562.500000000004 34090.000000000007 32527.500000000004 99.750000000000014 32062.100000000002 24.325000000000006 197.25000000000003 12740.250000000002 1577.9343645833339 34775.600000000006 99.750000000000014 3454.4500000000003 1004.4745000000001 703.25000000000011 -3.5420000000000296 66.250000000000014 94.250000000000014 3.7154999971389775 0.19791666666666671 93.750000000000014 655029.53958750016 0.12152777777777779 1599.8500000000001 3.9344999790191655 414.39894736842115 0.12847222222222224
decision_type=2 2 2 2 2 2 2 2 2 2 2 2 2 2 2 2 2 2 2 2 2 2 2 2 2 2 2 2 2 2 2 2 2 2 2 2 2 2 2 2 2 2 2 2 2 2 2 2 2 2 2
left_child=15 5 9 13 10 7 44 46 11 -3 -5 -8 -13 14 -4 -1 48 -18 19 23 -21 43 -23 -19 -12 26 27 28 31 -29 -31 32 -26 -32 -28 36 37 -9 -38 -34 -41 -42 -30 -22 -7 -46 -2 -44 -17 -25 -40
right_child=1 2 3 4 -6 6 8 35 -10 -11 24 12 -14 -15 -16 16 17 18 -20 20 21 22 -24 49 25 -27 34 29 42 30 33 -33 39 -35 -36 -37 38 -39 50 40 41 -43 47 -45 45 -47 -48 -49 -50 -51 -52
leaf_value=-0.22359962617124574 -1.3424023481695104 -0.0042054913058999005 -0.12343069152223655 -0.55105701293645337 -2.9536034917307554 -0.016231691568474434 2.2933892797319144 0.14771678003041674 0.34466831782467067 -1.8893059522210069 1.586803091476555 -3.6924719905536869 0.38464178509504593 3.1316336452955116 0.37019868240207515 3.3529449948958687 -0.023814146212098021 2.7702109571708933 0.093748734250494167 -0.10294951904467879 0.062718578715707393 0.043302148946972679 -0.054899733571429903 -0.021702342189418432 2.1272570156196773 -0.14582069174288861 0.43055120582174211 0.16203674567140611 -3.6426391593778895 0.055629495332821126 -2.2649393400730711 1.4690118069744897 -0.010267323436512675 -0.0037390775952290184 0.23042562511320477 0.013611308273152347 -0.091055638002736722 -1.0361313981028117 -2.7572149421602181 -0.017350960487672058 0.42781330336196038 -0.0010085203221353995 -0.03190151712474415 0.053799101547070516 -3.7464100042427879 -7.67623931453564 -6.1549450722517349 0.027429872680193725 5.2558050797466729 0.046705844636393538 -0.39847308812413262
leaf_weight=23 32 30 29 25 35 22 20 24 26 37 26 32 25 32 21 21 35 37 39 39 22 31 24 20 32 21 24 29 34 20 24 23 21 21 22 32 33 27 22 30 25 32 24 28 20 20 22 31 20 20 22
leaf_count=23 32 30 29 25 35 22 20 24 26 37 26 32 25 32 21 21 35 37 39 39 22 31 24 20 32 21 24 29 34 20 24 23 21 21 22 32 33 27 22 30 25 32 24 28 20 20 22 31 20 20 22
internal_value=7.21501e-05 -0.000457644 0.000493827 0.000981067 0.000460922 -0.00208443 -0.000424242 -0.00336449 0.00145631 -0.00373134 0.000818966 -0.00012987 -0.00192982 0.00414634 0.002 0.00158774 0.00190476 0.00138983 0.00192308 0.00122172 0 0.00161905 -0.00127273 0.00350649 0.00111617 0.000847458 0.00112245 0.000693642 0.0015873 -0.00170213 -0.00384615 0.00312883 0.00214286 -0.00644444 0.00434783 -0.00225 -0.003125 -0.000196078 -0.00506494 0.000925926 0.00195402 0.00368421 -0.00123596 0.0048 -0.00354839 -0.0055 -0.00666667 0.000545455 0.00560976 0.001 -0.00727273
internal_weight=1386 1027 648 581 499 379 165 214 103 67 464 77 57 82 50 359 336 295 260 221 144 105 55 77 439 413 392 346 252 94 65 163 140 45 46 160 128 51 77 108 87 57 89 50 62 40 54 55 41 40 44
internal_count=1386 1027 648 581 499 379 165 214 103 67 464 77 57 82 50 359 336 295 260 221 144 105 55 77 439 413 392 346 252 94 65 163 140 45 46 160 128 51 77 108 87 57 89 50 62 40 54 55 41 40 44
is_linear=0
shrinkage=0.01


Tree=65
num_leaves=53
num_cat=0
split_feature=67 71 83 58 39 81 68 2 39 22 6 41 93 38 43 67 6 43 20 13 6 34 56 83 57 76 34 34 34 70 77 78 74 14 83 13 30 76 30 8 16 63 40 70 57 76 78 76 14 4 2 21
split_gain=8.86839 10.3191 12.1813 14.2158 9.70671 9.39317 9.07074 13.9079 9.83365 9.90857 9.82868 9.27153 9.24131 10.0977 11.9361 7.92847 8.48046 7.43019 13.5176 7.83557 7.28951 6.64609 7.75456 6.52546 6.43203 6.88611 6.32762 7.67832 7.20078 8.77028 6.49524 6.64266 7.95121 8.67032 6.33299 8.24147 6.25541 6.13611 6.4 5.79229 5.70739 7.10167 8.27181 5.68114 5.54897 5.08621 4.66598 4.05011 4 3.3 2.5 2.25882
threshold=23908.400000000005 1505.6875000000002 2777.6000000000008 -0.5 97.250000000000014 4434.5367541026635 1018.5000000000001 2153.8000000000006 134.75000000000003 91.250000000000014 2503.3850000000007 94.750000000000014 398.06722222222226 5.7750000000000012 69.604999542236342 32283.100000000002 5486.505000000001 94.875000000000014 2046.3500000000001 3333.1000000000004 3762.6200000000003 97.250000000000014 0.87837969732492682 2032.3500000000024 -0.56174490092936669 33958.373958333344 111.25000000000001 101.25000000000001 94.250000000000014 963.10000000000014 2746.6980740205886 916.67075000000011 320.47737500000005 16067.450000000003 2326.8500000000045 10926.000000000002 89.750000000000014 33122.833333333336 99.250000000000014 422.36526315789479 5023.0000000000009 29172.250000000004 74.750000000000014 958.65000000000009 1.0000000180025095e-35 34128.880208333336 461.4358645833334 30542.157291666674 15021.750000000002 2788.4550000000004 2679.6500000000005 26.625000000000004
decision_type=2 2 2 2 2 2 2 2 2 2 2 2 2 2 2 2 2 2 2 2 2 2 2 2 2 2 2 2 2 2 2 2 2 2 2 2 2 2 2 2 2 2 2 2 2 2 2 2 2 2 2 2
left_child=44 4 3 -3 43 15 8 -8 9 51 49 26 -12 14 -14 16 20 18 37 -20 -5 22 24 -17 25 -15 27 28 29 30 -10 32 48 -34 35 -35 -31 38 -16 45 -13 -42 46 -2 -1 47 -43 -26 -32 -9 -22 -6
right_child=1 2 -4 5 6 -7 7 10 11 -11 12 40 13 21 17 23 -18 -19 19 -21 50 -23 -24 -25 39 -27 -28 -29 -30 36 31 -33 33 34 -36 -37 -38 -39 -40 -41 41 42 -44 -45 -46 -47 -48 -49 -50 -51 -52 -53
leaf_value=0.82810941824435136 -1.6424198128408838 -0.023885476065943118 1.2911206821062531 0.0063273360165194319 5.3085006662039129 1.3636874010416349 -2.487872431076517 -9.6527232206325024 0.16673027909330121 -0.016965766363113276 -6.1578600921050715 -0.71285717818359517 -1.5691077658969934 -0.067244063936895068 0.9387129560065699 0.010310483281349895 -0.010164650202147548 -2.1038885152362798 0.016942180335290092 -3.6181870546353285 0.55863462943013253 -1.3054086148864077 -0.023168332116976467 -0.019934433267118724 0.6632703451634544 1.4648288903467273 4.0953137316136905 -0.18199284529096027 0.035919216093602678 5.7411581651062527 -0.032678623088930492 -0.047294699817381131 0.11005707910036605 -1.3941264993767377 0.098686150438740711 0.70127539281842644 0.039221260819567921 1.3134134266548563 -0.06445552133258016 -0.050065743010906022 0.11539720007196716 0.039464720452439324 -1.0815124699360621 -0.12529243431335285 0.024331052253517234 0.031163395910766951 -1.2200578232145558 0.41960984133783641 -0.0039920462098838507 -4.0620194123970554 0.11667711903956958 0.020894782397564628
leaf_weight=26 38 27 38 23 34 30 20 24 21 21 22 22 26 36 20 21 23 36 32 29 20 30 27 31 33 23 26 27 21 28 25 23 22 20 29 26 27 32 20 22 28 20 32 37 33 21 33 35 20 20 20 20
leaf_count=26 38 27 38 23 34 30 20 24 21 21 22 22 26 36 20 21 23 36 32 29 20 30 27 31 33 23 26 27 21 28 25 23 22 20 29 26 27 32 20 22 28 20 32 37 33 21 33 35 20 20 20 20
internal_value=0.000442857 0.000275913 0.00218884 0.00117949 -0.000126354 0.0022619 0.000125847 -0.000826772 0.00104762 0.0044 -0.000491803 0.000488889 -4.5045e-05 0.00028436 -0.00138462 0.00115942 0.00302326 -0.000414201 0.000676692 -0.00278689 0.00492063 0.00171806 0.00238579 -0.00192308 0.00317647 0.000508475 0.00142857 0.00100346 0.00152672 0.00103734 0 -0.000666667 0.000140845 0.00175258 0.000133333 -0.00217391 0.00454545 0.00361111 0.001 0.00459459 -0.0017037 -0.00079646 -0.00223529 -0.0036 0.00423729 0.00573034 0.000188679 0.00705882 -0.00333333 -0.005 0.0075 0.00666667
internal_weight=1400 1341 233 195 1108 168 1033 508 525 75 488 450 444 422 195 138 86 169 133 61 63 227 197 52 170 59 315 289 262 241 186 165 142 97 75 46 55 72 40 111 135 113 85 75 59 89 53 68 45 44 40 54
internal_count=1400 1341 233 195 1108 168 1033 508 525 75 488 450 444 422 195 138 86 169 133 61 63 227 197 52 170 59 315 289 262 241 186 165 142 97 75 46 55 72 40 111 135 113 85 75 59 89 53 68 45 44 40 54
is_linear=0
shrinkage=0.01


Tree=66
num_leaves=54
num_cat=0
split_feature=36 88 44 68 68 96 32 83 76 2 16 24 82 75 1 24 13 16 32 16 16 6 24 62 2 40 44 13 27 35 90 93 24 62 7 87 7 30 16 75 85 1 16 13 88 29 40 68 13 40 24 90 31
split_gain=11.3281 11.6554 9.81042 11.7437 13.7486 11.8923 8.4246 9.69917 9.01674 8.66042 14.7177 9.36174 8.31972 7.99302 11.8145 10.7131 7.59447 6.90853 6.71987 6.27372 9.04864 6.32137 7.68345 6.19048 6.17108 8.12033 6.48735 6.01212 5.91244 7.07558 5.52574 5.44444 5.33316 9.61207 8.38414 8.85398 14.3083 8.28988 6.41915 10.3892 8.1873 8.21018 6.17521 5.94281 5.15048 5.08139 7.84259 4.9 4.72481 4.69866 4.45531 3.89423 2.88
threshold=84.250000000000014 2445.3708333333338 8.3059997558593768 1295.3840000000002 1170.8520000000003 1.0000000180025095e-35 86.750000000000014 1595.2500000000002 29128.112500000007 3251.8520000000003 6930.2000000000016 11.825000000000001 -78.375500000000031 258.10596929874441 13712.000000000002 11.175000000000002 4304.6500000000005 5801.8500000000013 293.25000000000006 5177.6000000000013 4832.1500000000005 3827.7900000000004 10.525000000000002 1073.7945000000002 2764.4500000000003 74.750000000000014 3.310000061988831 4191.5500000000011 61.750000000000007 26.475000000000005 1471.4500500000006 416.38465504978672 10.925000000000002 912.00000000000011 41.610000000000007 0.38541666666666669 324.14500000000004 49.250000000000007 4439.8000000000002 603.50974269151686 1300.5000000000002 17472.155500000004 6240.9500000000016 9956.6000000000022 4771.2247916666665 81.250000000000014 81.250000000000014 1509.9500000000003 9483.5500000000011 95.750000000000014 6.3750000000000009 1272.7732500000004 8.5250000000000021
decision_type=2 2 2 2 2 2 2 2 2 2 2 2 2 2 2 2 2 2 2 2 2 2 2 2 2 2 2 2 2 2 2 2 2 2 2 2 2 2 2 2 2 2 2 2 2 2 2 2 2 2 2 2 2
left_child=1 -1 3 4 16 12 7 44 52 10 13 50 -5 15 -15 47 23 19 32 20 21 -14 -23 -2 25 -9 -26 -16 -19 -30 -21 -7 34 43 37 45 -37 -18 -38 40 -40 -42 51 -34 -3 -36 -47 -10 -4 -45 -11 -39 -8
right_child=2 6 48 5 -6 31 8 24 9 11 -12 -13 17 14 27 -17 18 28 -20 30 -22 22 -24 -25 26 -27 -28 -29 29 -31 -32 -33 33 -35 35 36 38 42 39 -41 41 -43 -44 49 -46 46 -48 -49 -50 -51 -52 -53 -54
leaf_value=-0.31533480392984731 -0.64939122331999133 0.031080760178843078 0.060728148823111595 -2.0740099210016107 3.0076887177605589 -8.6720405321671326 1.7458505958420114 -0.047618639890642175 -0.046447085029976271 0.72398093932786356 -0.030296125117972039 -0.015641868572230065 -3.9386316610302909 -0.15922217813625303 1.8292747386213859 0.037454149091954617 0.111851596877882 -0.010943208949047829 0.51355439462407415 -1.7896012848844745 0.082335263096321637 -2.9081566849963365 0.74058167235470818 0.0084298294724684582 -1.1405377213337711 0.58409459491818372 -0.019735088934447538 0.081548914700993111 0.66148146568969202 0.0093817418080935164 -0.02453075760980861 -11.156183316693273 0.38997486066193704 -0.069548606000632063 3.6140464807988768 0.066133114574883425 -6.6245690935965733 -2.5062535855724288 -0.042718458311982392 -2.6074808929802828 0.068795768304793226 -0.23513520711989405 -0.004350984176977925 -0.009827297978042519 0.70229139798018081 2.7419391198112595 -0.025122611956798959 0.00039346324026477421 3.044647177678109 1.4012956459863284 1.1812629464446001 -0.71660031304015581 0.05994291556412279
leaf_weight=34 30 35 22 25 34 25 25 23 20 22 35 23 20 25 31 29 23 36 20 20 21 31 21 26 32 22 29 24 21 32 31 20 27 30 29 20 21 20 31 28 29 27 20 23 25 27 21 20 23 21 34 32 25
leaf_count=34 30 35 22 25 34 25 25 23 20 22 35 23 20 25 31 29 23 36 20 20 21 31 21 26 32 22 29 24 21 32 31 20 27 30 29 20 21 20 31 28 29 27 20 23 25 27 21 20 23 21 34 32 25
internal_value=0.000357143 0.00153996 -0.000326945 -0.000570071 0.000315399 -0.00214521 0.00194154 0.000120482 0.00290735 0.0021673 0.000978261 0.00493671 -0.00131783 0.00234899 0.0045 -0.000144928 -9.90099e-05 -0.000729614 0.000334076 -0.00208333 -0.000537634 -0.00222222 -0.000384615 -0.00357143 -0.00169811 0.00111111 -0.00377049 0.00709091 0.00146067 0.00358491 -0.00490196 -0.00688889 6.99301e-05 0.00207921 -0.00054878 0.000472103 -0.000897436 -0.00305263 -0.00205882 -0.00113043 0.000574713 0.00285714 -0.00472222 0.00408451 0.00333333 0.00324675 0.00125 -0.0035 0.00422222 0.00181818 0.00714286 -0.00653846 0.0068
internal_weight=1400 513 887 842 539 303 479 166 313 263 184 79 258 149 80 69 505 233 449 144 93 72 52 56 106 45 61 55 89 53 51 45 429 101 328 233 156 95 136 115 87 56 72 71 60 77 48 40 45 44 56 52 50
internal_count=1400 513 887 842 539 303 479 166 313 263 184 79 258 149 80 69 505 233 449 144 93 72 52 56 106 45 61 55 89 53 51 45 429 101 328 233 156 95 136 115 87 56 72 71 60 77 48 40 45 44 56 52 50
is_linear=0
shrinkage=0.01


Tree=67
num_leaves=54
num_cat=0
split_feature=80 11 68 95 21 81 42 76 73 76 92 36 88 74 61 13 8 8 79 41 21 80 41 83 90 26 7 16 36 4 89 14 5 88 69 79 79 90 92 8 21 90 69 27 22 11 6 5 35 13 7 33 3
split_gain=11.1442 9.95779 11.8376 10.6787 11.9577 11.4664 10.2833 13.0622 9.34137 9.14286 9.12832 8.74924 8.747 8.71134 8.69716 8.09365 7.9825 7.8404 7.72378 7.58893 8.63806 7.42143 7.30879 7.12831 12.7123 7.07517 7.01754 7.57895 6.82828 5.8743 8.78117 5.94422 6.00566 5.60565 7.40513 6.08209 7.44508 5.76024 5.5254 5.49715 5.15322 5.10037 5.02969 5.01625 4.43666 4.10894 4.087 4 3.72415 3.6 3.47037 3.34545 2.5
threshold=25596.186458333341 35448.100000000006 965.30000000000007 1.0000000180025095e-35 25.125000000000004 3745.0378445884321 110.34000015258789 28096.603125000005 1438.8910000000003 28096.603125000005 26246.434218750008 80.250000000000014 9286.1181250000009 413.99453125000008 31110.250000000004 9314.5500000000011 402.89312698412704 416.57000000000005 505.20637129908982 83.250000000000014 19.475000000000005 29510.970486111113 78.750000000000014 2415.3500000000008 1173.4348500000003 85.250000000000014 20.495000000000005 6401.3500000000013 90.250000000000014 4579.5400000000009 799.91851875000009 14152.650000000003 4214.2800000000016 13109.822916666668 36444.650000000001 616.70506679246262 510.55534246852932 1136.1829500000003 25230.45470625001 419.05207681365579 24.375000000000004 1918.4728500000001 32390.250000000004 37.750000000000007 91.750000000000014 37699.150000000009 12046.140000000001 6310.7500000000009 26.475000000000005 7834.9500000000016 2193.1250000000005 27.250000000000004 10153.800000000001
decision_type=2 2 2 2 2 2 2 2 2 2 2 2 2 2 2 2 2 2 2 2 2 2 2 2 2 2 2 2 2 2 2 2 2 2 2 2 2 2 2 2 2 2 2 2 2 2 2 2 2 2 2 2 2
left_child=44 2 9 5 22 15 40 -8 11 -2 23 26 13 -13 -10 -3 -9 25 -6 20 39 -12 28 47 -25 42 -7 -28 29 30 -5 45 -33 34 37 36 -35 -14 -24 -15 -4 -39 -18 -19 52 -32 50 -11 -22 -21 -38 -34 -1
right_child=1 3 6 4 18 8 7 16 14 10 21 12 33 19 -16 -17 17 43 -20 49 48 -23 38 24 -26 -27 27 -29 -30 -31 31 32 51 35 -36 -37 46 41 -40 -41 -42 -43 -44 -45 -46 -47 -48 -49 -50 -51 -52 -53 -54
leaf_value=0.26111753620595585 5.0432956957401576 0.11236567085416387 -0.052367688585590315 -0.40503050890730635 0.0098328369576168514 -0.017835864900103061 -7.7245927800871055 1.7000542752418946 0.00016054579539422686 0.56912947333289476 0.014868153835411003 -4.188764169700856 4.0966074820022911 0.0066239456691566728 -3.2094651415661422 -0.00098491577788263791 -0.24591292693987168 0.53120558109763893 8.7839040861601312 -1.8182710087654721 1.3204353220415967 -0.58283900986646753 -0.0090498041795361688 2.3146057532230615 -0.08209394504588069 0.097743270430253673 0.0506911731981044 0.52808903610732427 0.55996728531700679 -0.024329750266618544 0.035448230226631551 0.083880498155804714 0.11349666976541004 -0.042291273728862572 -1.2387052886352443 -0.066620581232418541 0.010071029380362287 -0.008955114321382112 0.0065602634119834701 -3.2448636348892115 -4.5719486100560189 0.95511604743951306 -4.1402471364077273 -0.021576462313507527 0.036943303176806136 -0.0034513490327683235 -0.036944486735284755 0.025873328054381861 0.0032255198146795227 -3.5285031483506417 2.9925682232166713 1.8266477407018282 1.1422237617538726
leaf_weight=20 24 26 37 26 39 38 30 22 23 20 20 30 22 27 33 20 30 32 33 20 22 27 21 21 31 25 38 38 22 30 21 34 22 27 30 28 23 30 24 22 27 26 21 26 22 20 21 25 21 20 20 23 20
leaf_count=20 24 26 37 26 39 38 30 22 23 20 20 30 22 27 33 20 30 32 33 20 22 27 21 21 31 25 38 38 22 30 21 34 22 27 30 28 23 30 24 22 27 26 21 26 22 20 21 25 21 20 20 23 20
internal_value=0.000371429 0.000179372 -0.00110048 0.00076087 0.00225397 -1.65289e-05 -0.00248 -0.00129032 -0.000411449 0.000952381 0 1.98807e-05 -0.000694087 -0.00246914 -0.00428571 0.00478261 -0.000128205 -0.00104478 0.00583333 -0.00136364 0.000217391 -0.00361702 0.00119342 0.00175258 -0.000769231 -0.00315789 0.00245614 0.00421053 0.0020202 0.00136364 0.00219178 0.00333333 0.00493671 0.000572687 0.00222222 -0.00092437 0.00032967 0.00384615 -0.00244444 -0.00265306 -0.0059375 0.00214286 -0.00529412 0.00172414 0.00451613 0.000243902 0.0021875 0.00466667 0.00348837 -0.005 0.00395349 0.00733333 0.0065
internal_weight=1400 1338 418 920 315 605 250 186 559 168 144 503 389 162 56 46 156 134 72 132 92 47 243 97 52 76 114 76 198 176 146 120 79 227 108 119 91 78 45 49 64 56 51 58 62 41 64 45 43 40 43 45 40
internal_count=1400 1338 418 920 315 605 250 186 559 168 144 503 389 162 56 46 156 134 72 132 92 47 243 97 52 76 114 76 198 176 146 120 79 227 108 119 91 78 45 49 64 56 51 58 62 41 64 45 43 40 43 45 40
is_linear=0
shrinkage=0.01


Tree=68
num_leaves=54
num_cat=0
split_feature=71 29 73 70 83 1 27 93 3 67 67 67 60 67 19 90 83 24 1 88 64 26 100 19 67 90 75 86 26 41 3 6 90 6 19 100 41 35 37 24 71 35 19 3 90 88 26 33 83 30 6 37 8
split_gain=11.7705 12.1629 8.55188 9.49539 8.52747 7.66364 12.6648 9.45101 8.65915 8.30812 7.48024 7.1993 6.96356 7.69503 6.78411 7.82782 7.12507 6.75871 6.72875 7.33291 6.66635 12.0269 9.61467 6.95618 10.9156 6.30208 6.86452 9.1478 8.44921 6.04772 5.91037 5.62618 10.5528 9.27841 8.29493 6.8362 5.60752 7.45341 7.87068 5.73766 5.59189 5.36678 4.88498 4.71285 4.55285 4.43656 4.26036 3.98781 3.65714 3.42857 2.5 2.5 1.89388
threshold=1463.0215000000001 94.750000000000014 1128.1815000000004 1014.2475000000001 2813.8999999999983 15909.85 41.750000000000007 416.57000000000005 14862.350000000002 30563.050000000007 31978.650000000005 31680.100000000002 883.83150000000012 31163.950000000004 1434.7 2725.5973500000005 2376.0499999999979 5.3250000000000011 18990.952000000005 8112.9414583333346 1.0695000000000003 70.250000000000014 0.54513888888888895 862.35000000000014 26907.800000000003 2092.3150500000006 361.64969031094932 927.86150000000009 2.7500000000000004 91.250000000000014 15174.600000000002 5486.505000000001 1893.6382500000002 3515.7950000000005 424.50000000000006 0.038194444444444454 55.750000000000007 26.325000000000006 85.250000000000014 11.525000000000002 1.026 26.525000000000002 936.30000000000007 13825.383500000002 1608.0403500000004 4477.5195833333346 55.750000000000007 99.750000000000014 1624.3500000000006 63.250000000000007 6573.3550000000005 91.750000000000014 416.0884815078237
decision_type=2 2 2 2 2 2 2 2 2 2 2 2 2 2 2 2 2 2 2 2 2 2 2 2 2 2 2 2 2 2 2 2 2 2 2 2 2 2 2 2 2 2 2 2 2 2 2 2 2 2 2 2 2
left_child=1 2 5 12 29 9 44 10 -9 20 30 47 13 -4 18 16 -16 40 19 -12 22 23 -1 24 -22 26 27 -5 -28 31 -8 33 -33 35 -35 -2 -19 43 49 -40 -13 -24 -10 -38 -7 -36 -21 -11 -26 -39 -6 -14 -47
right_child=4 -3 3 25 50 6 7 8 42 11 14 17 51 -15 15 -17 -18 36 -20 46 21 -23 41 -25 48 -27 28 -29 -30 -31 -32 32 -34 34 45 -37 37 38 39 -41 -42 -43 -44 -45 -46 52 -48 -49 -50 -51 -52 -53 -54
leaf_value=-6.8619838465790108 -0.056355172588668644 1.6102152052695464 0.13193539892332753 -1.9823113562039985 0.10954395695920599 0.18792804938571656 -0.025970054304602756 3.3126843059029842 -0.022611317086223819 -0.085864478246227616 -0.0068407509291251506 -0.06833182643734434 -3.2410865853739317 -6.1759477652774102 0.26736174004499447 -4.5732015893536149 -0.033832093739165549 -1.8995140030529638 -0.084047720298674453 0.18824164910119373 0.12518827003606045 2.1026487118168786 -0.034836046813581843 0.72710702316359777 -2.7231287948359091 0.59824270019940362 -1.1631293863256529 0.014689063618099464 0.10060224500387573 -0.007116936238399151 -1.5541476537058003 -0.04418826089426206 0.035092031935139323 -0.0039486989443735746 0.067868644128511166 0.076056905851582646 2.1888531053756553 -0.057527341886548448 -2.6349560411811961 -0.0091792777962800432 0.074994423507004943 1.3988700662776143 0.46120309221729289 -0.044514921834895312 2.6194359008157484 1.7927155138281539 2.6224899436429783 -2.852025100200767 -0.029949332563624899 0.42513633526276934 5.9412922491684075 -1.0647922407375643 0.029684661749591234
leaf_weight=35 30 28 32 27 20 21 26 22 24 36 28 37 20 29 25 26 26 26 24 23 32 32 20 38 20 20 26 22 33 28 20 36 23 21 23 23 34 21 35 20 21 21 23 20 20 29 35 22 36 21 20 20 20
leaf_count=35 30 28 32 27 20 21 26 22 24 36 28 37 20 29 25 26 26 26 24 23 32 32 20 38 20 20 26 22 33 28 20 36 23 21 23 23 34 21 35 20 21 21 23 20 20 29 35 22 36 21 20 20 20
internal_value=0.000371429 -7.9858e-05 -0.000245678 -0.00196507 0.00223443 0.000206897 0.00137026 0.000662252 0.00391304 -0.000550285 -0.000300429 -0.00167235 -0.00425743 -0.00213115 0.000588235 -0.00168831 0.000588235 -0.000893617 0.00218182 0.00348837 0.000854701 0.00202532 -0.00157895 0.000634921 -0.000909091 -0.00015625 -0.00111111 -0.00387755 0.00118644 0.00150215 -0.00391304 0.00209756 -0.000508475 0.00315068 0.00505376 -0.000188679 -0.00186441 -0.00112583 -0.00278351 -0.00527273 0.00206897 0.00170732 0.00148936 0.00185185 0.00658537 0.00666667 0.00551724 -0.00482759 -0.00357143 0.00047619 0.0065 -0.0075 0.00836735
internal_weight=1400 1127 1099 229 273 870 343 302 69 527 233 293 101 61 187 77 51 235 110 86 234 158 76 126 88 128 108 49 59 233 46 205 59 146 93 53 177 151 97 55 58 41 47 54 41 72 58 58 56 42 40 40 49
internal_count=1400 1127 1099 229 273 870 343 302 69 527 233 293 101 61 187 77 51 235 110 86 234 158 76 126 88 128 108 49 59 233 46 205 59 146 93 53 177 151 97 55 58 41 47 54 41 72 58 58 56 42 40 40 49
is_linear=0
shrinkage=0.01


Tree=69
num_leaves=56
num_cat=0
split_feature=36 5 68 30 38 73 93 77 38 68 81 20 38 17 8 68 5 61 33 93 5 14 19 1 79 0 0 93 97 64 97 33 32 94 81 57 20 77 7 77 77 79 38 20 77 25 0 74 100 73 0 39 74 37 38
split_gain=11.9581 12.5704 9.34577 11.5355 11.0791 10.8723 10.6884 7.93944 7.9028 8.76944 9.96224 7.35342 7.29132 7.12703 7.24539 6.96774 7.36364 9.13202 8.19605 6.6983 6.54493 7.06865 12.7254 6.85963 6.52617 6.33748 6.2349 5.94959 5.4113 5.34964 5.33333 7.08937 6.2732 7.12351 8.45287 5.30718 5.18857 5.10145 4.93675 4.28716 5.86213 6.71712 7.5959 5.58545 4.60649 4.24242 4.09697 4.0353 3.35331 3.29381 3.27273 3.02493 2.78218 2.63269 2.5
threshold=84.250000000000014 3549.7050000000004 1295.3840000000002 63.250000000000007 4.5250000000000012 1171.5155000000002 422.69473684210533 3562.920967594529 8.2750000000000021 1508.2500000000002 4186.3610269798501 580.80000000000007 13.800000000000002 177.20000000000002 415.61934210526323 931.92050000000006 6894.7400000000007 27519.650000000005 143.25000000000003 412.07890013495285 3366.1950000000006 14332.000000000002 966.75000000000011 15678.200000000003 401.22532084127027 37579.80000000001 32739.650000000005 420.66763157894746 0.093750000000000014 1599.8500000000001 0.13541666666666671 1.7500000000000002 74.250000000000014 625474.06285750039 3921.3816844901007 -0.22252093395631442 1477.7000000000003 4251.2291002674292 70.585000000000022 4546.700065807413 4295.665152401968 547.15804762240657 6.9750000000000005 1220.1000000000001 4160.6782310793596 190.75000000000003 32683.200000000004 1731.0575833333335 0.38541666666666669 1408.6660000000004 31889.350000000002 209.75000000000003 423.20393749999999 83.750000000000014 9.8750000000000018
decision_type=2 2 2 2 2 2 2 2 2 2 2 2 2 2 2 2 2 2 2 2 2 2 2 2 2 2 2 2 2 2 2 2 2 2 2 2 2 2 2 2 2 2 2 2 2 2 2 2 2 2 2 2 2 2 2
left_child=1 20 5 4 -4 7 30 13 9 27 -11 46 25 14 15 16 17 -2 -18 -6 21 22 24 -24 -1 39 -12 36 -10 -8 52 -32 -33 35 -35 -34 38 -38 53 40 41 42 43 -13 48 -27 -9 49 -43 50 -30 -50 -5 -3 -26
right_child=2 8 3 6 19 -7 29 11 28 10 26 12 -14 -15 -16 -17 18 -19 -20 -21 -22 -23 23 -25 54 45 -28 -29 47 -31 31 32 33 34 -36 -37 37 -39 -40 -41 -42 44 -44 -45 -46 -47 -48 -49 51 -51 -52 -53 -54 -55 -56
leaf_value=-0.016169110513293533 6.3899483342062098 0.22913314922311931 -0.3225046520700664 -8.236077407686258 0.26468812264454455 2.5474902960195509 0.44945870145180394 -0.58739381976228322 0.0079653522384190295 0.027402165030863714 -0.030821048241592701 -0.025256827482996666 -3.2866791079539817 2.7918960813999081 0.17686524086829963 -2.0611338143847253 0.10617877663243773 0.007546563534111126 -1.1500343146459406 0.018095247945570318 -0.19749753728774955 0.66082166134735565 -0.032215312473408357 -1.6610662252604584 0.015438587677893021 0.01102472597246237 -0.0026975853298620211 -0.32703608495847081 0.31401590277497543 -0.0024135803571309696 0.23636699317731549 -4.0759690144558292 -0.071382593881004486 -0.21537561885010348 -8.7527739076308251 0.052207824894085764 2.0343859674315952 0.65609313130009894 -0.57491599870807741 3.5757648662193326 -0.16643935360144937 2.9689832677286776 -3.2321646564210971 2.0865145626579191 -0.071114501662568802 -0.64290664298123434 -0.012979461478267536 0.0057216690572309071 0.021928171449260649 0.18974597632629381 1.5608451442095808 2.5962650442065485 -2.1424219379246696 0.017906761868681901 0.05238103600264369
leaf_weight=31 23 32 28 24 23 25 21 33 26 30 21 30 20 37 21 24 23 32 22 29 20 34 37 21 20 20 26 20 22 22 23 20 23 34 27 20 22 24 20 29 29 29 24 25 21 22 27 20 31 25 22 21 25 20 20
leaf_count=31 23 32 28 24 23 25 21 33 26 30 21 30 20 37 21 24 23 32 22 29 20 34 37 21 20 20 26 20 22 22 23 20 23 34 27 20 22 24 20 29 29 29 24 25 21 22 27 20 31 25 22 21 25 20 20
internal_value=0.000285714 0.00150097 -0.000417136 -0.00178683 0.0015 0.000352113 -0.00288703 5.52486e-05 0.00266667 0.00153488 -0.00116883 -0.000803324 -0.000166113 0.00175824 0.000758621 -0.00016129 0.001 0.00345455 -0.002 0.00423077 -0.000601093 6.13497e-05 -0.00100775 -0.00448276 0.00183099 0.00024911 -0.00404255 0.00304348 0.00478261 0.00162791 -0.00387755 -0.00292517 -0.00387097 -0.00288462 -0.00508197 0.000232558 0.00389831 0.00652174 0.00222222 0.000878661 0.000380952 0.00104972 -0.00113924 0.000909091 0.0027451 -0.00333333 -0.004 0.00595506 0.00382716 0.00710145 0.00545455 0.00230769 -0.00673469 0.00384615 0.0045
internal_weight=1400 513 887 319 80 568 239 543 330 215 77 361 301 182 145 124 100 55 45 52 183 163 129 58 71 281 47 138 115 43 196 147 124 104 61 43 118 46 72 239 210 181 79 55 102 42 60 89 81 69 44 52 49 52 40
internal_count=1400 513 887 319 80 568 239 543 330 215 77 361 301 182 145 124 100 55 45 52 183 163 129 58 71 281 47 138 115 43 196 147 124 104 61 43 118 46 72 239 210 181 79 55 102 42 60 89 81 69 44 52 49 52 40
is_linear=0
shrinkage=0.01


Tree=70
num_leaves=53
num_cat=0
split_feature=29 14 95 67 65 72 38 78 26 67 16 72 35 11 78 83 41 82 77 0 0 79 75 67 83 75 30 5 14 22 6 11 22 56 22 82 38 71 29 79 35 22 82 75 79 65 27 69 30 64 83 0
split_gain=13.1396 10.2922 8.07175 9.79728 9.31553 10.3061 9.10147 20.4829 9.02812 8.45914 8.18161 7.89378 7.54903 10.2861 7.44088 10.4738 10.6383 8.90283 9.09156 7.1254 6.88967 6.84521 7.85711 9.55744 7.96469 11.3712 10.5756 10.3804 6.71329 8.05932 6.37546 6.28176 7.14886 6.37213 6.00288 6.0005 6.69394 5.78396 6.41182 5.39256 5.28357 5.73806 4.91313 5.56017 4.90275 4.82434 4.35153 4.26087 3.48329 3.04621 2.38095 1.79884
threshold=96.750000000000014 9782.8500000000004 1.0000000180025095e-35 24395.750000000004 25187.300000000003 798.88000000000011 5.1250000000000009 409.99036458333336 141.75000000000003 29481.900000000005 5816.6000000000013 1682.1500000000003 26.925000000000004 42405.850000000013 1420.1402812500003 2157.3999999999983 57.750000000000007 -0.07349999999999994 4155.4241500545386 33571.150000000009 34456.850000000006 708.15994062793311 509.84765017899019 25275.150000000005 2157.3999999999983 433.36829382676297 96.250000000000014 5279.8150000000014 14152.650000000003 89.250000000000014 4189.6950000000006 32627.750000000004 87.750000000000014 1.0000000180025095e-35 90.250000000000014 -70.931999999999888 8.0250000000000021 811.01800000000014 74.750000000000014 319.60250351148454 27.325000000000006 82.250000000000014 1369.9500000000003 580.01088903324387 524.67792257905819 24254.700000000001 26.750000000000004 32062.100000000002 96.750000000000014 894.1880000000001 2462.6500000000019 31877.400000000005
decision_type=2 2 2 2 2 2 2 2 2 2 2 2 2 2 2 2 2 2 2 2 2 2 2 2 2 2 2 2 2 2 2 2 2 2 2 2 2 2 2 2 2 2 2 2 2 2 2 2 2 2 2 2
left_child=1 20 3 49 5 -5 7 50 21 -9 48 14 13 19 15 16 46 18 35 -12 -1 22 24 -24 25 28 27 -26 30 -30 -4 -18 40 34 -34 36 -17 38 -19 -31 41 -33 43 -25 -40 -7 -8 -28 -11 -3 -6 -50
right_child=-2 2 8 4 6 45 11 9 -10 10 12 -13 -14 -15 -16 17 31 37 -20 -21 -22 -23 23 42 26 -27 47 -29 29 39 -32 32 33 -35 -36 -37 -38 -39 44 -41 -42 -43 -44 -45 -46 -47 -48 -49 51 -51 -52 -53
leaf_value=-2.2045644860493532 2.7039846988416039 0.033761492230996969 0.030315698547060711 1.6828707101577345 0.026484358677508941 -3.4823020595762659 0.69448590905360652 0.23449255158347757 3.6369020953482436 -2.0145407087681568 -0.011694699316357424 -2.252833944296754 -0.51103830222234903 -1.7362186367358015 -0.11437026102825289 0.014570912962134757 1.4368562652560508 0.017391390788382494 0.33503636543449355 1.5377825921142394 -0.0097065304485879477 -0.61808654526584217 -0.015296436875621709 0.61632159243841678 -0.024999205997353901 -0.054100093140492467 -0.39718452077684857 0.047484315048969189 1.4369538379289841 -0.011959836903215133 -0.004905685119012038 0.4449641144372859 -0.042928741035552227 -0.9459375818683522 0.02359609439325297 0.099196594167526839 -3.3423216949347343 0.55396466292683755 -1.1465775402292726 2.0119114070849564 0.5037473117084772 -0.051037845920366316 2.1458747619896097 0.041968121341080994 -0.70300697221446695 -5.1472736662729224 0.80877397559018382 -0.016730911303844683 -6.2898270872670166 0.57678837948191986 3.3149838567475629 -0.090508298967612769
leaf_weight=30 21 22 24 30 21 37 23 32 20 37 24 31 39 22 27 24 20 21 31 21 27 26 21 22 25 31 23 32 33 21 28 29 36 22 37 36 20 20 25 26 23 21 33 35 22 25 24 23 21 21 21 20
leaf_count=30 21 22 24 30 21 37 23 32 20 37 24 31 39 22 27 24 20 21 31 21 27 26 21 22 25 31 23 32 33 21 28 29 36 22 37 36 20 20 25 26 23 21 33 35 22 25 24 23 21 21 21 20
internal_value=0.00024531 0.000124542 0.00030581 -0.000237288 -0.000475059 -0.00347826 -0.000106667 -0.00162791 0.00144208 -0.00287037 -0.00369565 0.000691057 -0.00188679 0.000149254 0.00101952 0.00133641 0.00276596 -0.000351759 0.00153153 0.00288889 -0.00403509 0.00111663 0.00145889 0.00369369 0.000526316 0.00190184 -0.00165049 0.00122807 0.00318182 0.005 0.000384615 0.00170213 0.00107143 -0.000736842 0.000684932 -0.00025 -0.00272727 -0.00272727 -0.00411765 0.00234043 0.00342466 0.0016 0.00511111 0.00333333 -0.00617021 -0.00580645 0.00702128 -0.00521739 -0.00615385 0.0044186 0.0047619 -0.00414634
internal_weight=1386 1365 1308 885 842 92 750 258 423 216 184 492 106 67 461 434 235 199 111 45 57 403 377 111 266 163 103 57 132 80 52 188 168 95 73 80 44 88 68 47 73 50 90 57 47 62 47 46 78 43 42 41
internal_count=1386 1365 1308 885 842 92 750 258 423 216 184 492 106 67 461 434 235 199 111 45 57 403 377 111 266 163 103 57 132 80 52 188 168 95 73 80 44 88 68 47 73 50 90 57 47 62 47 46 78 43 42 41
is_linear=0
shrinkage=0.01


Tree=71
num_leaves=51
num_cat=0
split_feature=93 14 33 28 28 26 92 41 30 34 33 30 5 26 82 38 71 30 83 71 75 88 5 83 7 60 80 42 26 81 60 63 83 65 26 4 88 2 24 34 83 97 38 30 5 26 24 31 5 77
split_gain=7.55771 7.26349 6.74299 13.1145 10.1254 10.6101 16.6849 9.39372 8.777 8.4983 8.43627 7.51154 7.07065 6.87719 6.85079 7.00295 8.08426 10.7239 9.40047 6.79554 6.60837 6.75565 6.60003 8.80762 6.33226 10.8219 11.9187 7.16953 14.9263 6.53742 6.15385 5.9683 5.8298 5.54707 5.42535 7.89222 5.48821 5.34781 5.29786 5.04317 5.13064 4.94347 5.96438 7.20091 4.8722 4.84 4.17096 4.162 2.43203 1.68948
threshold=392.9500000000001 9782.8500000000004 27.250000000000004 24.375000000000004 27.325000000000006 67.750000000000014 24347.172318750007 85.250000000000014 73.750000000000014 43.750000000000007 91.250000000000014 99.750000000000014 2862.2600000000007 9.7500000000000018 700.23900000000015 6.6250000000000009 0.99650000000000005 39.250000000000007 2024.3499999999988 1398.9500000000003 597.23060355908899 10472.503541666667 5598.4100000000008 2112.0000000000023 998.23000000000013 1467.0000000000002 29325.489236111112 110.04999923706056 2.7500000000000004 4069.9685894477043 1621.1375000000003 30663.750000000004 1467.0499999999995 29432.500000000004 0.75000000000000011 3426.0600000000004 7607.100625 2739.6500000000005 9.1750000000000025 107.25000000000001 2742.4000000000001 0.34375000000000006 7.9250000000000016 63.250000000000007 9416.340000000002 35.250000000000007 9.3250000000000011 6.2250000000000005 6571.8050000000012 4087.1066806711269
decision_type=2 2 2 2 2 2 2 2 2 2 2 2 2 2 2 2 2 2 2 2 2 2 2 2 2 2 2 2 2 2 2 2 2 2 2 2 2 2 2 2 2 2 2 2 2 2 2 2 2 2
left_child=-1 31 24 9 5 7 -7 8 33 -4 44 12 -11 -10 15 16 18 -18 -12 20 21 -19 23 49 25 26 32 -27 29 -29 45 -2 -3 46 -28 -36 -37 -9 -26 40 41 42 -17 -44 -6 -30 -5 -45 -24 -14
right_child=1 2 3 4 10 6 -8 37 13 11 14 -13 22 -15 -16 39 17 19 -20 -21 -22 -23 48 -25 38 27 34 28 30 -31 -32 -33 -34 -35 35 36 -38 -39 -40 -41 -42 -43 43 47 -46 -47 -48 -49 -50 -51
leaf_value=-1.7531150461626419 -2.1825188411888594 0.31089467415183947 -0.95281911416393539 -0.082249437319873664 0.038548205923945103 -0.020345922752969595 0.95927221868828816 -6.2770098312309708 0.10896872365854027 -0.050527467461162649 5.9583641479058818 2.0180686847534632 1.8551696065365326 -0.0077704970695242712 8.6250574359291168 0.073428985494869078 0.1750536012194607 -1.1265604609703634 -0.025707494687443294 0.041548440127670186 -0.20853380153729043 0.088142898500855091 -0.0038366129155454971 0.035677274990057989 0.30792297671241492 1.4409689282253515 -1.9943953016804754 -0.0021558353171832988 0.063610840488314169 -1.050163417028338 -1.9637239780294347 -0.0098870976597707824 -0.74561325159794001 -0.089536300077949105 0.1351390423736594 -3.2836906347324506 -2.2688581360702109 -0.13259871090301714 -0.030378355577985145 -0.81239358391933825 0.10731830756740726 0.2100568714187542 -0.41056088772679 0.045669464939296502 1.387108819249294 0.0093719585556536044 0.018506824265010803 -0.015158828905147874 2.5275147795666344 1.5224047661930971
leaf_weight=38 22 25 26 20 22 26 36 26 32 23 22 28 33 25 38 21 27 27 30 21 35 28 22 30 27 34 29 21 25 28 20 34 24 36 28 30 23 32 37 20 27 26 25 27 24 20 21 28 20 37
leaf_count=38 22 25 26 20 22 26 36 26 32 23 22 28 33 25 38 21 27 27 30 21 35 28 22 30 27 34 29 21 25 28 20 34 24 36 28 30 23 32 37 20 27 26 25 27 24 20 21 28 20 37
internal_value=0.00018759 0.000311573 0.000464396 0.00092291 0.00025641 -0.00133858 0.00225806 -0.0025 -0.00104478 0.00305936 0.00116071 0.00378238 0.0029697 0.00192982 0.000696517 0.000274725 -0.00105263 -0.00231884 0.00230769 -0.00369369 -0.00488889 -0.00272727 0.00380282 0.0052 -0.000673854 -0.00127036 -0.00308176 0.000675676 -0.000526316 -0.00469388 0.00261538 -0.00321429 0.00102041 -0.00324675 -0.00490909 -0.00358025 -0.00584906 -0.00586207 0.0021875 0.00172414 0.00233766 0.00149606 0.00049505 -0.00075 0.00521739 0.00466667 -0.000731707 0.00127273 0.00047619 0.00714286
internal_weight=1386 1348 1292 921 702 254 62 192 134 219 448 193 165 57 402 364 190 138 52 111 90 55 142 100 371 307 159 148 114 49 65 56 49 77 110 81 53 58 64 174 154 127 101 80 46 45 41 55 42 70
internal_count=1386 1348 1292 921 702 254 62 192 134 219 448 193 165 57 402 364 190 138 52 111 90 55 142 100 371 307 159 148 114 49 65 56 49 77 110 81 53 58 64 174 154 127 101 80 46 45 41 55 42 70
is_linear=0
shrinkage=0.01


Tree=72
num_leaves=52
num_cat=0
split_feature=1 8 80 80 68 64 78 82 88 64 3 80 74 35 79 17 21 1 88 66 11 5 1 79 43 79 94 77 24 20 40 65 21 38 26 11 80 67 88 88 6 38 94 94 1 39 80 80 17 3 40
split_gain=9.48005 11.7335 12.5449 11.6924 12.0075 15.7885 11.4502 14.0179 9.78291 11.6226 10.2537 10.1532 9.26968 8.88851 10.4022 8.18945 10.3869 8.7167 7.36405 7.1011 6.66497 7.07178 6.48756 6.2974 6.13573 6.43743 6.00729 7.28862 10.5636 6.38522 6.50313 5.81731 5.16182 5.12344 8.14286 11.2978 7.80201 6.66867 5.00568 5.24032 5.33333 4.81646 3.58519 5.56608 3.43089 3.32069 3.21707 2.81577 2.78327 2.70941 1.6
threshold=14004.900000000003 394.44622747747752 34213.563888888893 31329.780555555564 1467.0000000000002 1682.2000000000003 1331.3168888888893 237.95000000000007 8215.2058333333352 1.0010000000000001 12628.140000000001 27150.282986111113 883.02987500000006 23.925000000000004 658.83695237334121 125.55000000000001 22.675000000000004 14973.025500000002 5127.7443750000002 1236.3805000000002 42308.000000000007 10624.590000000002 14378.750000000002 537.60425247855881 84.595001220703139 635.8526164261724 557472.08952906274 4029.0482985757658 6.7250000000000005 294.00000000000006 81.750000000000014 30219.700000000004 27.675000000000004 10.975000000000001 92.250000000000014 40413.700000000004 34097.063888888901 33084.350000000006 17451.242083333334 12188.746249999998 11430.675000000001 8.1250000000000018 631649.48109125008 714759.16973062523 15825.450000000003 158.25000000000003 36392.100000000006 35588.871180555565 60.150000000000006 14632.700000000003 71.250000000000014
decision_type=2 2 2 2 2 2 2 2 2 2 2 2 2 2 2 2 2 2 2 2 2 2 2 2 2 2 2 2 2 2 2 2 2 2 2 2 2 2 2 2 2 2 2 2 2 2 2 2 2 2 2
left_child=1 -1 8 13 5 6 7 15 9 -3 -10 12 -11 -2 18 16 -5 -17 45 44 32 -22 -20 -12 25 38 -13 28 -28 -30 -31 -9 46 34 35 37 -37 -21 39 -19 -41 48 -26 -44 -6 -15 -18 -7 -24 -8 -29
right_child=3 2 -4 4 19 47 49 31 10 11 23 26 -14 14 -16 17 20 24 22 33 21 -23 41 -25 42 -27 27 50 29 30 -32 -33 -34 -35 -36 36 -38 -39 -40 40 -42 -43 43 -45 -46 -47 -48 -49 -50 -51 -52
leaf_value=-5.3678707342180472 -0.056931975831944349 -7.14242009947312 -1.2846282519805754 4.9652617850992549 -4.5541503917397597 4.2056079809820073 -0.63129059149018074 9.5716441320720502 0.34141743530244129 2.2151865757796037 2.0537107248542252 0.051745768676768125 0.015239689475299514 1.7440754579548776 -0.019373528232350792 0.046689543003185251 -0.0081037165176008445 -0.0056355181554570604 -0.0021614994794219608 -4.3679876838650644 -2.7650181349720651 -0.01108444756312877 1.5158500596940641 -1.9248430788537798 0.010808986775938827 0.071917314735973584 0.044027060085320924 -0.47974603296223178 -0.9534434637164354 -0.65975814493632801 0.066133683104680929 1.8726542256922827 -0.064549586167765863 0.022674629607256885 0.1759026375839958 0.25584842610222586 -0.52985334886834767 -0.0074921241387044439 -0.17659976610318101 2.9375144883527482 0.0034490983482355626 0.017502406198522211 -0.34210630251886626 0.024973619224432253 -1.5189969702200532 0.036843403854339422 0.055483561671670019 0.52942628890907639 0.10646310243843322 -0.23067163933059889 -0.65583948814089754
leaf_weight=22 31 31 31 27 25 23 21 20 28 23 21 38 39 33 28 32 22 31 31 34 26 21 22 26 36 21 28 20 26 28 27 32 31 20 21 20 26 32 23 28 21 33 32 22 36 26 27 20 24 20 20
leaf_count=22 31 31 31 27 25 23 21 20 28 23 21 38 39 33 28 32 22 31 31 34 26 21 22 26 36 21 28 20 26 28 27 32 31 20 21 20 26 32 23 28 21 33 32 22 36 26 27 20 24 20 20
internal_value=0.00020202 -0.00107843 -0.000673575 0.000736196 0.000133333 0.000932836 0.000425963 0.000884956 -0.000140845 -0.001 0.00306667 -0.000281124 0.00322581 0.0027193 0.00350254 0.00025 -0.00155844 0.00138211 0.00443787 -0.00186916 -0.00275591 -0.00574468 0.00290909 0.000212766 0.000654206 0.00209677 -0.00144385 -0.00234899 -0.00100917 -0.00283951 -0.000909091 0.00576923 -0.001 -0.000718954 -0.00142857 -0.0025 0.00130435 -0.00515152 0.00106796 0.00225 0.00428571 0.00443038 -0.00133333 -0.00296296 -0.0047541 0.00728814 0.00102041 0.00674419 0.00652174 -0.00463415 -0.006
internal_weight=1386 408 386 978 750 536 493 452 355 280 75 249 62 228 197 400 154 246 169 214 127 47 110 47 214 124 187 149 109 81 55 52 80 153 133 112 46 66 103 80 49 79 90 54 61 59 49 43 46 41 40
internal_count=1386 408 386 978 750 536 493 452 355 280 75 249 62 228 197 400 154 246 169 214 127 47 110 47 214 124 187 149 109 81 55 52 80 153 133 112 46 66 103 80 49 79 90 54 61 59 49 43 46 41 40
is_linear=0
shrinkage=0.01


end of trees

feature_importances:
load_ramp_lag48=90
wind_speed_hanoi=85
smp_lag_336=78
wind_speed_hcmc=77
disp_wind_midday_mw=75
disp_solar_midday_mw=72
load_central_mw=70
load_lag_336=63
smp_rolling_std_72h=63
disp_wind_evening_mw=62
direct_radiation_hanoi=62
hydro_total_discharge_m3s=61
shortwave_radiation_hcmc=61
hydro_inflow_m3s=60
hydro_plant_discharge_m3s=60
humidity_hcmc=59
humidity_hanoi=57
hydro_discharge_rolling_24h=57
load_north_mw=56
cloud_cover_danang=56
direct_radiation_danang=56
smp_north_lag_336=56
diffuse_radiation_danang=55
load_total_mw=54
disp_hydro_midday_mw=54
temperature_hanoi=54
temperature_hcmc=54
diffuse_radiation_hcmc=54
load_lag_96=54
disp_hydro_evening_mw=52
diffuse_radiation_hanoi=52
cloud_cover_hcmc=52
load_south_mw=49
load_rolling_std_72h=49
hydro_spill_discharge_m3s=48
temperature_danang=48
humidity_danang=48
disp_total_midday_mw=47
direct_radiation_hcmc=47
price_spread_ns_lag48=47
brent_price=46
smp_lag_49=46
hydro_water_level_m=44
smp_rolling_std_24h=44
load_rolling_mean_72h=44
disp_solar_evening_mw=43
load_rolling_std_24h=43
disp_total_evening_mw=42
shortwave_radiation_hanoi=41
smp_south_lag_336=40
wind_gen_proxy=40
cloud_cover_hanoi=39
smp_north_lag_48=39
smp_rolling_mean_72h=39
wind_speed_danang=38
shortwave_radiation_danang=38
dxy_index=37
smp_lag_48=37
hydro_depletion_index=37
margin_temp_interaction=35
load_lag_48=33
smp_rolling_mean_24h=33
spike_prob_72h=32
load_lag_49=31
gas_proxy_price=30
smp_lag_50=30
load_lag_50=30
smp_south_lag_48=30
load_rolling_mean_24h=30
spike_prob_24h=30
smp_lag_96=29
usd_vnd=23
residual_load_proxy=23
solar_gen_proxy=22
thermal_margin_proxy=22
zero_prob_72h=21
coal_proxy_price=20
sin_dow=19
smp_yesterday_zero_ratio=17
is_spike=16
cos_dow=14
smp_yesterday_mean=14
is_zero=10
zero_prob_24h=10
cos_month=9
sin_month=8
smp_yesterday_max=7
smp_yesterday_min=7
is_pre_holiday=3
is_weekend=2
is_workday=2
season=2

parameters:
[boosting: gbdt]
[objective: regression_l1]
[metric: l1]
[tree_learner: serial]
[device_type: cpu]
[data_sample_strategy: bagging]
[data: ]
[valid: ]
[num_iterations: 3000]
[learning_rate: 0.01]
[num_leaves: 127]
[num_threads: -1]
[seed: 42]
[deterministic: 0]
[force_col_wise: 0]
[force_row_wise: 0]
[histogram_pool_size: -1]
[max_depth: -1]
[min_data_in_leaf: 20]
[min_sum_hessian_in_leaf: 0.001]
[bagging_fraction: 0.8]
[pos_bagging_fraction: 1]
[neg_bagging_fraction: 1]
[bagging_freq: 5]
[bagging_seed: 400]
[bagging_by_query: 0]
[feature_fraction: 0.5]
[feature_fraction_bynode: 1]
[feature_fraction_seed: 30056]
[extra_trees: 0]
[extra_seed: 12879]
[early_stopping_round: 0]
[early_stopping_min_delta: 0]
[first_metric_only: 0]
[max_delta_step: 0]
[lambda_l1: 0]
[lambda_l2: 0]
[linear_lambda: 0]
[min_gain_to_split: 0]
[drop_rate: 0.1]
[max_drop: 50]
[skip_drop: 0.5]
[xgboost_dart_mode: 0]
[uniform_drop: 0]
[drop_seed: 17869]
[top_rate: 0.2]
[other_rate: 0.1]
[min_data_per_group: 100]
[max_cat_threshold: 32]
[cat_l2: 10]
[cat_smooth: 10]
[max_cat_to_onehot: 4]
[top_k: 20]
[monotone_constraints: ]
[monotone_constraints_method: basic]
[monotone_penalty: 0]
[feature_contri: ]
[forcedsplits_filename: ]
[refit_decay_rate: 0.9]
[cegb_tradeoff: 1]
[cegb_penalty_split: 0]
[cegb_penalty_feature_lazy: ]
[cegb_penalty_feature_coupled: ]
[path_smooth: 0]
[interaction_constraints: ]
[verbosity: -1]
[saved_feature_importance_type: 0]
[use_quantized_grad: 0]
[num_grad_quant_bins: 4]
[quant_train_renew_leaf: 0]
[stochastic_rounding: 1]
[linear_tree: 0]
[max_bin: 255]
[max_bin_by_feature: ]
[min_data_in_bin: 3]
[bin_construct_sample_cnt: 200000]
[data_random_seed: 175]
[is_enable_sparse: 1]
[enable_bundle: 1]
[use_missing: 1]
[zero_as_missing: 0]
[feature_pre_filter: 1]
[pre_partition: 0]
[two_round: 0]
[header: 0]
[label_column: ]
[weight_column: ]
[group_column: ]
[ignore_column: ]
[categorical_feature: ]
[forcedbins_filename: ]
[precise_float_parser: 0]
[parser_config_file: ]
[objective_seed: 16083]
[num_class: 1]
[is_unbalance: 0]
[scale_pos_weight: 1]
[sigmoid: 1]
[boost_from_average: 1]
[reg_sqrt: 0]
[alpha: 0.9]
[fair_c: 1]
[poisson_max_delta_step: 0.7]
[tweedie_variance_power: 1.5]
[lambdarank_truncation_level: 30]
[lambdarank_norm: 1]
[label_gain: ]
[lambdarank_position_bias_regularization: 0]
[eval_at: ]
[multi_error_top_k: 1]
[auc_mu_weights: ]
[num_machines: 1]
[local_listen_port: 12400]
[time_out: 120]
[machine_list_filename: ]
[machines: ]
[gpu_platform_id: -1]
[gpu_device_id: -1]
[gpu_use_dp: 0]
[num_gpu: 1]

end of parameters

pandas_categorical:null
