tree
version=v4
num_class=1
num_tree_per_iteration=1
label_index=0
max_feature_idx=100
objective=regression_l1
feature_names=load_total_mw load_north_mw load_central_mw load_south_mw hydro_inflow_m3s hydro_total_discharge_m3s hydro_plant_discharge_m3s hydro_spill_discharge_m3s hydro_water_level_m disp_total_installed_mw disp_total_midday_mw disp_total_evening_mw disp_hydro_installed_mw disp_hydro_midday_mw disp_hydro_evening_mw disp_solar_installed_mw disp_solar_midday_mw disp_solar_evening_mw disp_wind_installed_mw disp_wind_midday_mw disp_wind_evening_mw temperature_hanoi humidity_hanoi cloud_cover_hanoi wind_speed_hanoi shortwave_radiation_hanoi direct_radiation_hanoi diffuse_radiation_hanoi temperature_danang humidity_danang cloud_cover_danang wind_speed_danang shortwave_radiation_danang direct_radiation_danang diffuse_radiation_danang temperature_hcmc humidity_hcmc cloud_cover_hcmc wind_speed_hcmc shortwave_radiation_hcmc direct_radiation_hcmc diffuse_radiation_hcmc coal_proxy_price brent_price gas_proxy_price usd_vnd dxy_index is_weekend is_workday is_holiday is_tet is_pre_holiday is_post_holiday season sin_hour cos_hour sin_dow cos_dow sin_month cos_month smp_lag_48 load_lag_48 smp_lag_49 load_lag_49 smp_lag_50 load_lag_50 smp_lag_96 load_lag_96 smp_lag_336 load_lag_336 smp_north_lag_48 smp_south_lag_48 smp_north_lag_336 smp_south_lag_336 smp_rolling_mean_24h smp_rolling_std_24h load_rolling_mean_24h load_rolling_std_24h smp_rolling_mean_72h smp_rolling_std_72h load_rolling_mean_72h load_rolling_std_72h price_spread_ns_lag48 load_ramp_lag48 smp_yesterday_mean smp_yesterday_max smp_yesterday_min smp_yesterday_zero_ratio hydro_discharge_rolling_24h solar_gen_proxy wind_gen_proxy residual_load_proxy thermal_margin_proxy hydro_depletion_index margin_temp_interaction is_spike is_zero spike_prob_24h spike_prob_72h zero_prob_24h zero_prob_72h
feature_infos=[16738.400000000001:43669.699999999997] [8141:23529.633000000002] [1030.2:4920.1390000000001] [6568.3000000000002:17620.469000000001] [-24696.790000000001:52718.32] [261.23000000000002:27182.77] [243.56999999999999:14362.75] [11.359999999999999:15398] [386.1925:23252.132105263157] none [14491.4:47673.900000000001] [19152.799999999999:47033.400000000001] none [-3952.3000000000002:18862.5] [6035.6999999999998:23435.200000000001] none [0:8134.5] [0:344.30000000000001] none [0:4273.1999999999998] [0:4263.3999999999996] [7.5:32.299999999999997] [31:99] [0:100] [0.55000000000000004:30.25] [3.5:282] [0:208.5] [3.5:150.5] [16.050000000000001:33.25] [52:99.5] [0:100] [0.80000000000000004:50] [7:306.5] [0:234] [7:146] [20.600000000000001:31.300000000000001] [56:98] [0:100] [0.5:24] [16:265] [0:198] [16:133.5] [63.700000762939453:438.35000610351562] [55.099998474121087:127.98000335693359] [1.5750000476837158:9.6800003051757795] [22394.345703125:26405] [89.639999389648438:114.11000061035156] [0:1] [0:1] [0:1] [0:1] [0:1] [0:1] [1:4] none none [-0.97492791218182362:0.97492791218182362] [-0.90096886790241903:1] [-1:1] [-1:1] [0:1778.5999999999999] [16738.400000000001:43669.699999999997] [0:1778.5999999999999] [16515.5:40602.099999999999] [0:1778.5999999999999] [15251.9:39424.300000000003] [0:1778.5999999999999] [16738.400000000001:43669.699999999997] [0:1778.5999999999999] [16738.400000000001:43669.699999999997] [0:1778.5999999999999] [0:1778.5999999999999] [0:1778.5999999999999] [0:1778.5999999999999] [0:1778.5999999999999] [0:869.78656539635756] [15840.402083333332:48300.345833333326] [1494.0634266859377:7412.3475695858406] [0.069944444444444434:1778.5999999999999] [0:822.68470809772941] [15990.384722222221:45267.230555555558] [2009.5728777065494:7328.5193476692311] [-1602.3:1778.5999999999999] [-2000.7000000000007:5250.3000000000029] [0:1778.5999999999999] [0:1778.5999999999999] [0:1778.5999999999999] [0:1] [919.52208333333328:41870.738333333335] [112.0236:1855.3908750000001] [124.17300000000002:5960.3040000000001] [13767.265887500002:40395.97834999999] [13155.821650000013:39784.534112499998] [386.1925:23252.132105263157] [371342.92174875003:1122197.6812312501] [0:1] [0:1] [0:1] [0:1] [0:1] [0:1]
tree_sizes=3800 4254 4434 4435 4676 4450 4504 4624 4520 4524 4450 4765 4688 4749 4600 4451 4769 4866 4533 4519 4756 4543 4569 4295 4468 4652 4704 4930 4669 4512 4686 4579 4505 4666 4849 4666 4622 4681 4852 4580 4704 4685 4631 4621 4610 4533 4450 4495 4764 4349 4487 4653 4614 4514 4433 4510 4671 4650 4745 4430 4853 4523 4702 4605 4447 4890 4602 4756 4519 4589 4683 4763 4545 4429 4753 4615 4426 4426 4286 4662 4510 4738 4681 4654 4796 4604 4605 4503 4517 4581 4572 4529 4462 4412 4753 4370 4618 4775 4504 4539 4550 4609 4668 4934 4647 4550 4362 4475 4446 4533 4625 4602 4626 4612 4377 4554 4514 4687 4488 4523 4536 4433 4468 4527 4192 4467 4594 4358 4605 4658 4871 4457 4577 4737 4775 4629 4455 4777 4434 4849 4637 4782 4434 4602 4434 4647 4564 4502 4313 4443 4532 4417 4164 4786 4612 4602 4575 4624 4493 4657 4584 4781 4683 4761 4665 4834 4829 4745 4576 4607 4482 4565 4495 4545 4520 4434 4418 4601

Tree=0
num_leaves=51
num_cat=0
split_feature=72 71 70 66 78 16 14 20 98 43 14 98 80 14 16 69 45 7 0 73 69 92 0 78 16 25 16 66 7 83 7 11 0 24 14 43 71 11 42 43 0 69 35 40 66 73 66 24 92 43
split_gain=13.0508 21.0984 19.8523 10.639 10.0842 9.43317 9.09051 8.79786 7.3233 6.98024 6.7484 6.44615 6.09797 7.00833 6.01701 5.78493 8.0004 5.42672 5.31777 5.00433 4.9844 4.84848 4.67308 4.34148 4.28694 4.22837 5.48246 5.10729 4.12208 4.00002 5.3552 6.66328 4.66667 3.84767 3.71014 3.39596 3.31633 7.04585 3.82879 3.08718 2.99221 2.67639 2.66688 2.58753 2.25306 2.21429 1.69615 1.66107 1.56284 1.44
threshold=951.00000000000011 1266.8995000000002 735.00000000000011 1375.6500000000003 467.61490972222231 3636.8500000000008 21142.000000000004 1373.95 0.31597222222222227 69.604999542236342 12570.250000000002 0.64236111111111127 39715.029513888898 11748.35 6860.2500000000009 30175.400000000005 23009.500000000004 1585.4150000000002 33977.250000000007 0.99950000000000017 30927.600000000002 20418.462868750004 31460.100000000002 1222.471309027778 5554.4000000000005 227.25000000000003 4802.9500000000016 913.85000000000014 149.85000000000005 1496.450000000001 17.645000000000007 36493.55000000001 31642.050000000003 7.1250000000000009 17656.200000000001 75.31000137329103 394.50000000000006 36163.650000000001 117.79999923706056 101.77000045776369 28613.950000000004 32446.850000000002 27.575000000000006 92.750000000000014 1681.0000000000002 0.99950000000000017 1386.2 8.5750000000000028 25052.155837500006 84.895000457763686
decision_type=2 2 2 2 2 2 2 2 2 2 2 2 2 2 2 2 2 2 2 2 2 2 2 2 2 2 2 2 2 2 2 2 2 2 2 2 2 2 2 2 2 2 2 2 2 2 2 2 2 2
left_child=2 3 4 14 7 -4 8 12 36 -7 22 25 13 -1 15 16 -2 -9 20 42 23 -8 -3 -12 34 26 -11 -28 -10 40 -31 -32 -33 -21 47 -26 37 -6 -39 46 -5 -24 -15 -29 -42 -34 -22 -17 -25 -48
right_child=1 10 5 29 6 9 21 17 28 11 18 -13 -14 19 -16 24 -18 -19 -20 33 39 -23 41 48 35 -27 27 43 -30 30 31 32 45 -35 -36 -37 -38 38 -40 -41 44 -43 -44 -45 -46 -47 49 -49 -50 -51
leaf_value=0 -0.91310501098632812 -0.46549999237060546 0 -3.0990251159667968 0 0 -0.10649999618530273 -0.055 0 1.9534999847412109 1.7629999542236328 0 -0.10460499809123576 4.7826899719238281 0 -1.0349999999999999 0 0 1.251999969482422 0 0 0.01 0 0 -1.8618349456787109 6.0350000000000001 0 0.026475000381469726 0.61925498962402348 -0.017500000000000002 0.78500000000000003 0 0 3.6329998779296875 0 0 -4.860499877929688 0 -3.6429998779296877 0 0 0 0.01 1.4685000610351562 0 0 0 -4.0660000610351563 0 0
leaf_weight=20 36 26 31 22 28 31 22 26 22 32 20 27 20 22 23 33 35 22 26 29 20 33 21 22 30 23 24 30 20 24 25 28 25 37 23 36 38 28 27 21 32 31 20 22 23 31 20 36 39 25
leaf_count=20 36 26 31 22 28 31 22 26 22 32 20 27 20 22 23 33 35 22 26 29 20 33 21 22 30 23 24 30 20 24 25 28 25 37 23 36 38 28 27 21 32 31 20 22 23 31 20 36 39 25
internal_value=2.19459e-05 -0.000886767 0.00107256 -0.00218615 -0.000217391 0.0035 -0.00169725 0.00142857 -0.00288344 0.00433862 0.00132841 0.00518987 0.00263514 0.0034375 -0.00357143 -0.00406114 -0.00169014 -0.00229167 0.00233161 0.00444444 0.00167665 0.00181818 -0.00115385 0.00345679 -0.00512658 0.00610687 0.00527778 0.00381579 0.000714286 -0.00052381 0.000526316 0.00146789 0.000119048 0.00272727 -0.00652174 -0.00318182 -0.00413223 -0.00301205 -0.00509091 0 -0.00233766 0.000576923 0.00714286 0.00557692 -0.00109091 0.00178571 -0.00107692 -0.00768116 0.00213115 0
internal_weight=1367 733 634 462 414 220 218 196 163 189 271 158 148 128 252 229 71 48 193 108 167 55 78 81 158 131 108 76 42 210 133 109 84 66 92 66 121 83 55 86 77 52 42 52 55 56 65 69 61 45
internal_count=1367 733 634 462 414 220 218 196 163 189 271 158 148 128 252 229 71 48 193 108 167 55 78 81 158 131 108 76 42 210 133 109 84 66 92 66 121 83 55 86 77 52 42 52 55 56 65 69 61 45
is_linear=0
shrinkage=0.01


Tree=1
num_leaves=52
num_cat=0
split_feature=23 41 51 16 24 41 20 83 98 29 32 98 19 10 98 66 85 83 33 22 16 33 90 22 39 14 14 24 30 1 83 14 72 90 90 98 95 4 83 24 72 90 19 3 29 82 3 1 14 8 64
split_gain=12.2778 14.8844 11.1543 9.55117 8.44936 9.19749 8.25888 7.83676 8.7751 6.98381 7.11993 8.04698 6.9513 11.7009 8.8192 6.78368 6.18285 5.49728 5.7124 7.20238 5.70134 7.22922 5.60357 5.02906 6.70991 4.92669 6.59122 4.62875 4.82754 6.24409 4.73002 6.25074 5.33333 4.53788 4.42179 4.10526 6.31484 3.67391 3.59968 4.99657 3.84479 3.29296 3.16905 3.04611 3.025 2.67057 2.53854 2.28429 1.76087 1.62368 1.6
threshold=68.750000000000014 82.750000000000014 1.0000000180025095e-35 5420.1500000000005 7.3250000000000011 112.75000000000001 1995.2500000000002 2462.6500000000019 0.19791666666666671 64.750000000000014 285.25000000000006 0.024305555555555556 1576.0000000000002 31053.800000000007 0.21875000000000003 1.0075000000000001 1584.4715000000003 2742.4000000000001 52.750000000000007 88.750000000000014 5159.0500000000002 4.7500000000000009 1471.4500500000006 94.750000000000014 100.25000000000001 16119.750000000002 14707.550000000001 11.525000000000002 44.750000000000007 13682.700000000003 2019.8999999999999 13292.300000000001 1146.9565000000002 1372.1116500000005 1943.3074500000002 0.16319444444444445 1.0000000180025095e-35 7307.7100000000009 2267.0500000000015 5.2750000000000012 1199.7385000000002 1707.3787500000003 946.10000000000002 15457.400000000001 81.250000000000014 -0.021000000000000008 14294.150000000003 15847.500000000002 16725.600000000002 421.3864473684211 1509.5500000000002
decision_type=2 2 2 2 2 2 2 2 2 2 2 2 2 2 2 2 2 2 2 2 2 2 2 2 2 2 2 2 2 2 2 2 2 2 2 2 2 2 2 2 2 2 2 2 2 2 2 2 2 2 2
left_child=17 2 6 25 7 15 9 8 -5 -2 11 -11 -8 -14 -15 -6 -17 18 19 20 21 -1 -22 24 42 26 -3 28 -26 -30 32 -32 -29 47 -18 -35 -37 -19 39 -20 48 -40 -13 49 -9 -25 -27 -31 -41 -16 -42
right_child=1 3 -4 4 5 -7 12 44 -10 10 -12 23 13 14 43 16 34 37 38 -21 22 -23 -24 45 27 46 -28 30 29 33 31 -33 -34 35 -36 36 -38 -39 41 40 50 -43 -44 -45 -46 -47 -48 -49 -50 -51 -52
leaf_value=0.03099025115966797 -0.24716500759124757 -4.0563401214599608 -2.7020001220703125 -3.2386899353027343 0.00055000000000000003 -2.3175099975585938 -0.51300998687744137 0.00021750000417232514 0.0023274999618530276 -0.66405947861443271 2.5617599487304688 -0.011192549896240234 0.011327499723434449 0.47915748395919799 0 -2.5972848937988284 -0.014685000610351563 2.9900000000000002 0 0.76346503067016602 -0.89188501281738286 -0.6014500076293946 0 1.2001650238037109 0.089900000000000008 -1.1038689422607422 0.0092505250677466389 -0.15516987380981445 0 0.9703700309753418 0 0.086000003814697273 0 0.052065525054931644 0 -0.78500000000000003 0 0.61638999786376958 0 4.54308994140625 0 0.01035 0 -0.012519999694824219 2.9394350616455078 0 -0.023164999389648441 0.019302499389648439 0.019900000000000001 -0.027637251329421998 8.7500000000000013e-05
leaf_weight=29 34 27 37 23 38 23 35 20 22 34 29 22 30 24 27 23 27 23 35 35 22 25 29 22 31 32 22 20 28 25 21 31 30 24 20 23 29 23 38 23 20 23 20 20 20 38 26 22 23 20 20
leaf_count=29 34 27 37 23 38 23 35 20 22 34 29 22 30 24 27 23 27 23 35 35 22 25 29 22 31 32 22 20 28 25 21 31 30 24 20 23 29 23 38 23 20 23 20 20 20 38 26 22 23 20 20
internal_value=0.000204828 -0.00037037 0.000473373 -0.00213622 -0.000925926 -0.00251908 0.000782473 0.00152941 -0.00133333 0.00142857 0.00175947 0.00142857 -0.00121795 -8.26446e-05 -0.00186813 -0.0012963 -0.00314286 0.0017663 0.00130435 -0.000214286 -0.00152381 0.000740741 -0.00392157 0.00183938 0.00134969 -0.00457944 -0.0022449 0.00190141 0.00285714 0.00211921 0.000196078 0.00230769 -0.002 0.00308943 -0.00106383 0.00157895 0 0.005 0.00247253 0.00347107 0.00476744 0.000491803 -0.00238095 -0.00373134 0.00475 0.0045 -0.00655172 0.00553191 0.00673913 -0.00234043 0.0025
internal_weight=1367 999 676 323 216 131 639 85 45 483 449 420 156 121 91 108 70 368 322 140 105 54 51 386 326 107 49 284 182 151 102 52 50 123 47 76 52 46 182 121 86 61 42 67 40 60 58 47 46 47 40
internal_count=1367 999 676 323 216 131 639 85 45 483 449 420 156 121 91 108 70 368 322 140 105 54 51 386 326 107 49 284 182 151 102 52 50 123 47 76 52 46 182 121 86 61 42 67 40 60 58 47 46 47 40
is_linear=0
shrinkage=0.01


Tree=2
num_leaves=53
num_cat=0
split_feature=72 66 100 4 19 13 5 84 20 84 1 40 30 88 91 63 78 20 1 45 13 5 19 7 8 22 7 64 0 97 97 0 77 0 3 26 0 19 20 5 1 40 99 73 5 35 63 8 22 27 14 20
split_gain=10.7901 14.4991 9.65763 8.9716 12.0551 8.95873 9.79592 8.44875 7.44044 10.0174 10.3662 9.57549 9.44547 7.58119 7.46862 7.20194 6.80247 6.48982 8.51417 13.8568 6.58125 6.41133 5.85229 5.68098 5.60333 5.57495 5.56364 5.66777 8.08795 6.43846 5.98558 6.40531 5.54257 5.41133 5.26889 5.16102 4.9829 8.17488 4.9323 4.88195 4.60303 4.50212 4.48718 4.11601 3.96261 3.61 3.48791 3.31713 2.29368 2.15431 1.85143 2.42969
threshold=951.00000000000011 1047.5920000000003 0.66319444444444453 4144.9800000000005 936.30000000000007 9258.5500000000011 8802.0050000000028 924.17595833333337 1131.5500000000002 861.3407395833334 12656.950000000003 130.75000000000003 44.750000000000007 3918.4875000000002 23116.904893750001 27940.100000000002 979.51740972222217 1918.8500000000001 18518.266000000003 23359.000000000004 15149.250000000002 5414.2600000000011 453.65000000000003 65.200000000000017 403.61159523809528 84.750000000000014 80.010000000000005 1540.3000000000004 35318.650000000009 0.57291666666666685 0.36458333333333343 29423.500000000004 4241.2202333604637 31498.850000000002 15631.531500000003 29.250000000000004 33016.750000000007 510.75000000000006 1047.4500000000003 4989.9000000000005 16919.200000000004 41.250000000000007 0.072916666666666671 1.0000000180025095e-35 6392.6300000000001 24.525000000000002 30021.100000000002 418.96711237553347 82.250000000000014 80.750000000000014 12764.450000000003 1065.6000000000001
decision_type=2 2 2 2 2 2 2 2 2 2 2 2 2 2 2 2 2 2 2 2 2 2 2 2 2 2 2 2 2 2 2 2 2 2 2 2 2 2 2 2 2 2 2 2 2 2 2 2 2 2 2 2
left_child=5 2 15 7 21 8 23 47 9 11 -11 14 -12 -10 -1 22 -14 18 19 -8 -20 -5 -2 -7 -18 -21 27 29 32 30 31 -9 35 48 50 46 37 -23 49 -16 -40 -15 -35 -13 -43 -28 -29 -3 -6 -27 -17 -52
right_child=1 3 -4 4 33 6 17 26 13 10 12 43 16 41 39 34 24 -19 20 25 -22 36 -24 -25 -26 38 45 28 -30 -31 -32 -33 -34 42 -36 -37 -38 -39 40 -41 -42 44 -44 -45 -46 -47 -48 -49 -50 -51 51 -53
leaf_value=0.036429998779296875 -0.92489894866943356 -1.0157311498718262 0.012471650075912475 -0.0018094500656127932 -0.63194491040039058 -0.00015282450485229492 -0.37696130294799807 -0.00058495127487182626 0 -0.0077185753021240221 5.2534552434921258 0.016256721862066309 2.2052613233165741 0.018505769180297855 -0.00031207762527465824 -2.184515804008484 1.9717390870200471 -0.42003489453124998 -0.69501949636936189 -0.00062959984588623009 0.24366803550720215 0 0 -0.73101476433181756 -0.00023187500190734867 3.6429998779296877 0 0 0.00014685000610351563 0.00017412500000000002 0 0.30410499801635743 -0.00048663751769065868 0 -0.005643575271606447 -0.00010349999999999999 -0.00014826249694824218 0.043667496463775636 0 -0.74553134231567386 4.6066831006317139 2.3804962971098425 -0.59139047398376465 -0.00010349999999999999 0.05751249329020084 0.086276376327991483 6.1725002765655526e-05 0 -0.0062131125731468197 0.99044540242004386 -0.029394350616455078 -2.593985499923706
leaf_weight=21 31 21 25 20 23 23 35 22 28 20 23 26 22 22 20 20 30 31 32 22 20 31 33 26 20 23 20 39 23 35 38 39 20 26 22 29 22 30 31 27 24 30 28 21 29 25 21 20 20 28 21 29
leaf_count=21 31 21 25 20 23 23 35 22 28 20 23 26 22 22 20 20 30 31 32 22 20 31 33 26 20 23 20 39 23 35 38 39 20 26 22 29 22 30 31 27 24 30 28 21 29 25 21 20 20 28 21 29
internal_value=-8.77835e-05 -0.000914052 -0.00337017 -0.000108696 -0.0018 0.000867508 -0.00040678 0.000852273 0.0019764 0.000956522 0.00304348 -0.00113043 0.00442105 0.00412844 -0.00352941 -0.00429487 0.00263889 0.000406504 0.00102326 0.00214724 -0.0025 0.000582524 -0.00171875 -0.0044898 0.0006 0.00367188 0.00141479 0.000864662 -0.000606061 0.00231343 0.0010101 0.00295082 -0.00174312 -0.0043299 -0.00608696 -0.000674157 0.00180723 0.00327869 0.00462264 -0.00574468 0.00254545 0.00567901 -0.00222222 0.00234043 0.00711864 0.00466667 0.001 -0.00341463 -0.00697674 0.00686275 -0.00742857 -0.0064
internal_weight=1367 733 181 552 200 634 295 352 339 230 115 115 95 109 68 156 72 246 215 163 52 103 64 49 50 128 311 266 132 134 99 61 109 97 92 89 83 61 106 47 55 81 54 47 59 45 60 41 43 51 70 50
internal_count=1367 733 181 552 200 634 295 352 339 230 115 115 95 109 68 156 72 246 215 163 52 103 64 49 50 128 311 266 132 134 99 61 109 97 92 89 83 61 106 47 55 81 54 47 59 45 60 41 43 51 70 50
is_linear=0
shrinkage=0.01


Tree=3
num_leaves=51
num_cat=0
split_feature=69 2 35 23 79 42 79 41 91 69 69 68 62 89 31 80 89 75 41 46 69 61 7 66 85 81 24 77 70 61 77 13 13 46 2 13 30 13 13 36 17 68 21 36 24 31 7 13 56 80
split_gain=13.4641 11.9553 18.4265 16.2913 12.0671 9.62447 9.41795 8.57257 8.33068 9.28367 8.11589 8.43018 7.93623 7.62198 7.51664 7.55321 9.2869 7.49156 7.46839 7.02679 6.93818 8.93076 7.78082 9.16825 8.19619 6.73309 6.50624 6.2261 6.20893 6.09524 6.05645 5.46167 7.75056 7.85838 5.39438 5.08033 4.84484 4.80331 5.75397 4.51526 4.44294 4.40833 8.06667 4.32465 3.68939 3.52652 3.29419 3.22773 2.81577 2.1645
threshold=26353.000000000004 2679.6500000000005 27.025000000000002 65.250000000000014 708.15994062793311 113.47499847412111 449.58896938618915 113.75000000000001 34767.367662500015 37677.150000000001 31854.100000000002 1348.6445000000001 812.46800000000019 1517.5697062500001 17.775000000000002 28812.585763888892 1244.5121812500001 266.4864924226469 77.750000000000014 92.385002136230483 33063.450000000004 29633.550000000007 31.665000000000003 851.55000000000007 1681.0500000000002 4624.7722290322736 6.2250000000000005 4183.7506324684546 1536.6000000000001 35424.350000000013 4414.2522019932348 1827.2500000000002 10129.900000000003 105.94499969482423 3296.9835000000007 4481.8000000000011 98.750000000000014 7433.6000000000013 4563.7500000000009 80.750000000000014 174.75000000000003 1355.7645000000002 26.675000000000004 88.750000000000014 7.7250000000000005 7.2250000000000005 65.200000000000017 3599.2000000000003 1.0000000180025095e-35 30232.57777777778
decision_type=2 2 2 2 2 2 2 2 2 2 2 2 2 2 2 2 2 2 2 2 2 2 2 2 2 2 2 2 2 2 2 2 2 2 2 2 2 2 2 2 2 2 2 2 2 2 2 2 2 2
left_child=27 2 5 10 7 45 18 8 9 20 36 12 13 -12 15 16 35 -17 19 -4 25 -22 23 29 26 30 -24 37 48 -23 31 -5 33 41 -13 -7 -3 38 39 -1 -28 42 -33 47 -10 -2 -43 -19 -25 -49
right_child=1 3 6 4 -6 14 -8 -9 44 -11 11 34 -14 -15 -16 17 -18 43 -20 -21 21 22 24 28 -26 -27 40 -29 -30 -31 -32 32 -34 -35 -36 -37 -38 -39 -40 -41 -42 46 -44 -45 -46 -47 -48 49 -50 -51
leaf_value=0.041165001678466803 -2.9695135032704965 1.0905633097765732 -0.045714351891517638 -6.1725002765655524e-07 -1.2686867673130227 0 0.025079854961090088 -1.3152017255375672 -0.0060210527149200431 0.43572703459382056 -0.008839454062347412 1.035e-06 4.092894925743618 0.0073553134231567384 -0.68185074509445187 1.8094500656127931e-05 -0.0046196622064420588 -0.0098179413973832133 -1.1100640791981888 0.0065001579637908955 -0.44224280682373052 0.0064780275675236643 -0.033325729370117185 -2.416894138938904 0.20339148530701637 0.33773601085002902 -0.0053427976257634157 0.96408179254924531 2.0887498617172243e-07 -0.00026806721862066311 -0.010140375274391173 -0.011817848728179934 -0.019703700309753418 -0.00043667496463775635 -0.029898965000000003 1.040439375143392 0.0063194491040039057 -0.0072809144590759269 0.65680751890023004 -0.00018785312551498415 3.9791355459376523 0.00010077225440979006 4.4138582925299454 -0.00072167045153856294 -0.98156544262480738 -0.88136115003263471 0.025151325954644678 -0.44854123333089235 -1.7412500000000003e-06 -0.91920795068946837
leaf_weight=39 33 35 22 27 34 20 33 27 32 21 39 39 32 21 32 34 28 20 23 23 21 21 22 23 26 25 28 21 20 21 33 30 33 21 24 23 29 28 24 24 23 34 30 28 29 24 26 20 20 22
leaf_count=39 33 35 22 27 34 20 33 27 32 21 39 39 32 21 32 34 28 20 23 23 21 21 22 23 26 25 28 21 20 21 33 30 33 21 24 23 29 28 24 24 23 34 30 28 29 24 26 20 20 22
internal_value=0.000102414 -0.000227457 -0.00168831 0.000437352 -0.000382775 -0.00299296 0.0019802 -5.05902e-05 0.000212014 0.000633663 0.00278539 0.00154839 0.00347826 0.00133333 -0.00207048 -0.00133333 0.00126761 -0.00282258 -0.000147059 0.00222222 0.00035124 -0.000933333 -0.000294118 -0.00219048 0.00171717 0.00146718 0 0.00308824 -0.00460317 0.00142857 0.000940171 0.00159204 0.00224138 0.00326241 -0.00126984 0.00418605 0.00578125 0.00217391 0.00333333 0.00174603 0.00196078 0.00425 0.00233333 -0.00433333 -0.00327869 -0.00666667 0.00616667 -0.00580645 -0.00674419 -0.00738095
internal_weight=1367 1231 385 846 627 284 101 593 566 505 219 155 92 60 227 195 71 124 68 45 484 225 204 105 99 259 73 136 63 42 234 201 174 141 63 43 64 115 87 63 51 120 60 90 61 57 60 62 43 42
internal_count=1367 1231 385 846 627 284 101 593 566 505 219 155 92 60 227 195 71 124 68 45 484 225 204 105 99 259 73 136 63 42 234 201 174 141 63 43 64 115 87 63 51 120 60 90 61 57 60 62 43 42
is_linear=0
shrinkage=0.01


Tree=4
num_leaves=54
num_cat=0
split_feature=11 73 68 45 66 11 11 100 84 100 68 3 7 43 22 73 33 33 64 60 80 3 24 84 60 68 33 38 24 73 73 78 91 57 66 84 3 60 93 3 42 22 24 38 78 81 83 24 81 43 66 6 24
split_gain=14.6534 9.07609 10.8021 9.22086 7.83902 11.7436 12.7317 10.0323 11.0649 9.92215 10.342 9.34259 8.58242 7.27456 6.88828 6.83794 6.60416 10.8058 6.69394 6.44035 7.26722 7.16479 6.10732 6.65112 5.92099 5.84348 5.82751 5.65385 5.5254 5.36678 5.307 4.79819 4.73171 6.09524 4.54738 4.59928 8.73766 5.29454 8.22857 8.33282 6.28554 4.54301 4.54035 4.00545 3.98438 3.60615 3.47302 5.30718 3.47143 2.85168 2.52723 1.718 0.921951
threshold=34676.250000000007 1567.0240000000001 1503.4000000000003 24299.000000000004 1044.8275000000001 36838.850000000006 43737.850000000006 0.67013888888888895 320.47737500000005 0.086805555555555566 1759.7555000000002 13846.550000000001 17.575000000000003 82.45999908447267 92.250000000000014 1099.9500000000003 186.25000000000003 157.75000000000003 751.00000000000011 1386.2 28503.833680555559 13472.663500000001 10.075000000000001 1582.9733125 1276.8195000000003 1047.5920000000003 44.750000000000007 4.1250000000000009 9.3250000000000011 410.90000000000003 1345.6740000000002 334.34830902777782 29421.642212500003 -0.56174490092936669 1000.282 951.31167708333339 15217.743000000002 683.20000000000016 414.67855263157895 15582.732500000002 106.0550003051758 88.750000000000014 7.2750000000000012 6.6250000000000009 277.25763888888895 4072.6482955622228 2119.9499999999994 8.9750000000000032 4355.0145251271724 76.370002746582045 1493.4000000000003 6338.3000000000011 7.9250000000000016
decision_type=2 2 2 2 2 2 2 2 2 2 2 2 2 2 2 2 2 2 2 2 2 2 2 2 2 2 2 2 2 2 2 2 2 2 2 2 2 2 2 2 2 2 2 2 2 2 2 2 2 2 2 2 2
left_child=1 2 3 16 7 22 9 8 49 12 11 24 -7 52 15 26 17 19 -18 20 29 -22 23 25 -11 -6 -13 -14 -3 -1 -27 44 41 -34 35 37 -37 38 39 40 -10 -29 -8 -40 46 -39 -9 -48 -47 -2 -24 -19 -4
right_child=4 28 13 -5 5 6 42 31 34 10 -12 14 27 -15 -16 -17 18 51 -20 -21 21 -23 50 -25 -26 30 -28 32 -30 -31 -32 -33 33 -35 -36 36 -38 45 43 -41 -42 -43 -44 -45 -46 48 47 -49 -50 -51 -52 -53 -54
leaf_value=0.74016518187333902 -2.5680456552744695 0.0100992014503891 -3.1621427411974588 -0.075144780433477262 0.0059473160252563476 8.3234272615575794e-05 0.36989201832535817 0.0322969941444501 -2.0356759316329445 0.0026664536871311185 -0.073311653516597561 0.021521997877487948 -0.032921656206624877 -0.19544160811103933 0.010938602965012456 -0.0095953725619575287 -0.0047681153186630056 -2.4027267049122027 3.7017460912232649 1.1004437044250519 -2.7965990736371102 -0.0017830771846326621 0.027398162083644168 -1.8238388012409212e-06 0.08516209930516512 0.052569473811832669 -0.003893437640723123 -1.0077225440979006e-06 -1.1674575136899949e-06 -0.42189639409291374 0.015198616219305563 3.5878993726602859 0.024167200139389042 -0.0011489310854033469 -2.0098711438608565 6.1725002765655527e-09 -0.80365722402702044 -0.0027149641514190659 -0.39691615779165346 0.51178832162852028 0.0089518089855851277 -0.00063047131739153869 0.0092042253925037395 -0.0020045701036194804 -0.011884966164797608 1.0006887299368648 1.5277719202376527 -0.0010588865464344567 0.040651656087392393 -0.59005174321193699 0.039449124191773245 -0.040387131882715151 -0.98627889185660733
leaf_weight=21 23 21 21 23 24 22 23 33 21 20 27 22 24 27 22 37 24 21 20 34 26 32 20 26 39 25 26 32 24 20 21 28 21 21 23 35 20 31 22 22 38 30 38 23 22 21 20 23 35 24 29 20 20
leaf_count=21 23 21 21 23 24 22 23 33 21 20 27 22 24 27 22 37 24 21 20 34 26 32 20 26 39 25 26 32 24 20 21 28 21 21 23 35 20 31 22 22 38 30 38 23 22 21 20 23 35 24 29 20 20
internal_value=0 -0.00175141 -0.00236246 -0.00136929 0.000612043 0.00142077 0.000544554 -0.000344828 -0.0012426 -0.000204082 0.00129534 0.00222892 -0.00213333 -0.00588235 0.00046729 -0.000823529 -0.000733945 -0.0016092 0.00272727 -0.000225564 -0.00151515 -0.0037931 0.00386207 0.00239583 0.00542373 0.004 0.00166667 -0.003125 0.00244444 0.00170732 0.00608696 0.00206349 -0.00211538 0.00047619 -0.000515464 -0.000149254 -0.00272727 0.000516432 -0.000793651 0.00111111 -0.000847458 -0.00387097 0.0047541 -0.00422222 0.00102041 0.00241379 0.00210526 0.000232558 0.00392857 -0.00574468 0.00673469 -0.00609756 -0.00853659
internal_weight=1367 354 309 241 1013 549 404 464 338 343 193 166 150 68 107 85 218 174 44 133 99 58 145 96 59 70 48 128 45 41 46 126 104 42 291 268 55 213 126 81 59 62 61 45 98 87 76 43 56 47 49 41 41
internal_count=1367 354 309 241 1013 549 404 464 338 343 193 166 150 68 107 85 218 174 44 133 99 58 145 96 59 70 48 128 45 41 46 126 104 42 291 268 55 213 126 81 59 62 61 45 98 87 76 43 56 47 49 41 41
is_linear=0
shrinkage=0.01


Tree=5
num_leaves=51
num_cat=0
split_feature=69 95 72 46 72 77 17 31 88 36 31 31 31 67 80 21 14 41 83 88 6 39 35 88 80 16 73 88 4 27 64 74 14 77 74 13 31 94 56 21 88 83 94 4 39 67 41 17 4 97
split_gain=18.8532 10.1264 16.7751 10.181 10.2176 9.13966 9.0854 9.48156 9.03115 8.31816 11.9938 8.99573 9.74985 8.46372 8.19861 10.5036 9.78764 10.8952 7.94192 10.8149 8.96095 8.67251 7.38179 7.00833 6.69423 6.11073 9.93668 5.83333 5.79624 5.78584 5.73011 5.40476 10.4388 6.36123 4.65915 4.36984 4.28096 4.66474 4.08982 5.43763 3.88658 3.84515 4.05571 5.35538 4.9 3.30002 3.11562 2.67857 2.5 2.37894
threshold=22337.600000000002 1.0000000180025095e-35 1297.9565000000002 108.29000091552736 0.96250000000000002 4080.2518073162009 213.30000000000004 10.875000000000002 3153.9631249999993 84.250000000000014 5.4750000000000005 11.425000000000002 9.9250000000000025 29554.150000000005 33775.752777777787 28.825000000000006 15038.150000000001 73.250000000000014 2190.599999999999 8817.6495833333338 8356.6150000000016 165.75000000000003 25.075000000000006 5363.2877083333342 37033.331597222226 5554.4000000000005 1469.5330000000001 5330.8889583333339 3478.9800000000005 109.25000000000001 1251.0205000000003 1375.1293645833337 16222.150000000001 3995.0372167181936 605.04143750000014 7769.6500000000005 3.7250000000000005 747080.09521031275 1.0000000180025095e-35 24.675000000000001 5429.9989583333336 2369.5500000000015 623160.07419843762 13964.030000000001 202.75000000000003 32157.850000000002 73.250000000000014 27.300000000000004 3252.5700000000002 0.21875000000000003
decision_type=2 2 2 2 2 2 2 2 2 2 2 2 2 2 2 2 2 2 2 2 2 2 2 2 2 2 2 2 2 2 2 2 2 2 2 2 2 2 2 2 2 2 2 2 2 2 2 2 2 2
left_child=48 3 5 4 6 35 7 8 -2 10 30 12 45 -13 15 16 23 -18 19 -10 -21 -22 -7 -11 -23 26 27 -4 -28 41 -6 32 -27 38 -19 46 -16 49 -33 -40 -35 -20 43 -43 -45 -12 -3 -25 -1 -38
right_child=1 2 25 -5 9 22 -8 -9 18 14 11 13 -14 -15 36 -17 17 34 29 20 21 24 -24 47 -26 31 28 -29 -30 -31 -32 33 -34 40 -36 -37 37 -39 39 -41 -42 42 -44 44 -46 -47 -48 -49 -50 -51
leaf_value=3.2376663621307218 -3.255263960053596 0.25205803863881487 -0.0071048273630935598 0.020927520941006281 -3.1110960377078771 1.2322091960018862 0.065575626584695693 0.0080112815340852642 0.3661930981421046 -0.50892565979652538 -0.00025078687503576397 0.0063021278323891362 1.0739951293769776 -0.98229225908923778 -0.011631741701370752 1.4884243607741545 0.015080164321932833 -0.38418242055752183 -0.041838186463461831 -0.38263248404268796 -0.046104722977607517 3.8049593438668272 -0.0043922328889451608 -2.0153191723166151 0.014219672752829138 0.0041993505173751203 0.033036451253191955 0.0031404946916522825 0.005083814211077912 -0.075217442418926903 -0.0019269561111896303 -6.3184413814598077e-05 -0.0019432582003332155 -0.0075704742967275945 -0.0037427324987390452 1.1948254522711717 -3.3379701515242322 -1.6828078021396025 5.296990629817486e-06 -4.9328993624484543e-05 -0.00017133890922783949 0.55541479896330115 -0.034551377229406287 0.016974947859363411 -1.0658524269878975 0.012427931198765507 2.6348579814437505 -3.4932550295394389 3.4164700407205344 -0.90943338345796521
leaf_weight=20 22 34 28 37 30 21 35 33 29 32 35 23 21 26 21 24 39 28 21 21 23 20 36 27 32 39 22 32 36 21 32 25 30 22 38 26 37 21 21 20 20 25 21 20 20 26 24 21 20 27
leaf_count=20 22 34 28 37 30 21 35 33 29 32 35 23 21 26 21 24 39 28 21 21 23 20 36 27 32 39 22 32 36 21 32 25 30 22 38 26 37 21 21 20 20 25 21 20 20 26 24 21 20 27
internal_value=-0.00026393 -0.000468278 0.000779817 -0.00108108 -0.00130435 0.00361702 2.91545e-05 -0.000519481 -0.00112727 -0.00220472 -0.000569948 0.00114504 0.00317073 -0.0022449 -0.00320635 -0.00205742 -0.00286486 -0.000857143 -0.000592885 0.0012 -0.000416667 0.0012 0.000526316 -0.0055 0.00346154 -0.000576271 0.00118644 -0.00166667 0.00413793 -0.00234375 -0.00419355 -0.00175141 0.000434783 -0.00314815 -0.00333333 0.00571429 -0.0054717 -0.00647059 -0.00121212 0.000731707 -0.00619048 -0.00140187 -0.000465116 0.000769231 -0.0015 0.00114754 0.00724138 -0.00791667 0.0065 -0.0078125
internal_weight=1364 1324 436 888 851 141 343 308 275 508 193 131 82 49 315 209 185 105 253 125 96 75 57 80 52 295 118 60 58 128 62 177 69 108 66 84 106 85 66 41 42 107 86 65 40 61 58 48 40 64
internal_count=1364 1324 436 888 851 141 343 308 275 508 193 131 82 49 315 209 185 105 253 125 96 75 57 80 52 295 118 60 58 128 62 177 69 108 66 84 106 85 66 41 42 107 86 65 40 61 58 48 40 64
is_linear=0
shrinkage=0.01


Tree=6
num_leaves=52
num_cat=0
split_feature=69 16 4 34 90 24 77 10 4 73 70 60 24 13 69 4 20 60 39 87 16 100 34 20 4 13 74 69 23 30 75 73 97 87 64 78 36 64 90 76 80 34 39 60 70 21 90 69 69 4 23
split_gain=14.3145 13.2384 12.1684 8.89709 8.44377 9.26499 12.8879 9.31985 8.30095 9.2807 9.62667 7.90841 10.0752 11.7929 9.24799 7.29187 7.0492 7.01322 7.3832 8.68664 6.92899 7.25781 6.2758 6.23077 5.83314 10.3134 8.6525 5.79776 5.69242 5.64038 5.62718 5.5641 5.54657 5.53208 8.66468 6.10184 5.52397 9.80168 5.46746 5.27159 7.58403 4.9 4.9 4.68864 4.55111 4.38531 4.36987 4.26087 3.76923 3.6 3.49898
threshold=30745.100000000002 2720.0500000000006 1679.2700000000002 92.750000000000014 1968.1420500000006 5.7250000000000005 3756.2580031285147 29273.200000000001 3079.9550000000004 0.99050000000000005 962.50000000000011 1099.9500000000003 6.4250000000000016 5457.2500000000009 38279.450000000004 4737.2350000000015 327.50000000000006 940.57000000000016 215.25000000000003 0.84375000000000011 5554.4000000000005 0.41319444444444448 42.250000000000007 1477.7000000000003 3105.8350000000005 3476.8000000000006 1400.472197916667 28429.650000000005 99.750000000000014 99.250000000000014 365.89304992136039 301.42350000000005 0.031250000000000007 0.73958333333333337 529.66500000000008 651.30453472222246 81.750000000000014 845.24850000000004 1210.6867500000003 34427.232291666674 32640.753125000003 91.250000000000014 177.75000000000003 1493.4000000000003 1499.9500000000003 22.325000000000006 1992.9766500000003 35203.80000000001 32739.650000000005 6321.2200000000012 97.750000000000014
decision_type=2 2 2 2 2 2 2 2 2 2 2 2 2 2 2 2 2 2 2 2 2 2 2 2 2 2 2 2 2 2 2 2 2 2 2 2 2 2 2 2 2 2 2 2 2 2 2 2 2 2 2
left_child=3 -2 -3 4 5 7 16 -1 -8 -10 -11 14 28 15 17 24 -7 18 19 20 31 -22 -6 -18 29 48 -27 46 38 43 -12 -4 -23 34 35 47 -24 -38 -13 40 42 -16 -15 -14 -40 -30 -5 -20 -26 -39 -19
right_child=1 2 11 27 22 6 8 -9 9 10 30 12 13 39 41 -17 23 50 33 -21 21 32 36 -25 25 26 -28 -29 45 -31 -32 -33 -34 -35 -36 -37 37 49 44 -41 -42 -43 -44 -45 -46 -47 -48 -49 -50 -51 -52
leaf_value=-0.00016468922159264051 -1.9559062236215596 0.012497368828139248 -0.021018316288380925 -1.3107334768044956 0.67338503408434891 -0.02468369408285755 -0.022794569433145999 1.0278613396733121 -0.2007359512514304 -0.67777910848772172 -0.00015561250383316967 -0.0098605566028003421 7.1574377362147342e-07 -0.0020569279510599873 -0.0021256032957267823 -0.012989624386150003 1.1492058576352953 -0.38159547030579788 -0.025598899544182069 0.0071755536526356039 0.0032251859477122943 -0.074465267994737627 0.014843642602516943 0.012468604372773265 0.28474406218672155 0.0039391101847131103 -0.00036775943628832638 0.0064766849275766101 -3.8888976715587238e-05 0.0064587904279156576 0.6464047451887055 -5.5536079332171742 -3.7565301678070662 -0.013027447229843083 -0.2447074266959294 0.85892434546338747 1.1091202166466989 -0.032120845886163277 -0.00049000112114537726 0.0029597948794208577 0.81014496442326989 0.39093899607075655 0.0055087151826035035 -0.0068888213093983219 0.013152608882814242 -0.30247184978479147 -0.00057715554458070571 0.72488579720128787 0.00041040743964837061 0.0049519677372084278 -2.8610539281619389
leaf_weight=30 24 33 21 23 20 33 28 34 20 25 23 35 21 20 20 26 26 20 23 36 35 25 39 26 26 20 21 28 29 34 27 31 37 32 26 22 28 20 20 26 28 20 20 39 25 23 20 23 26 20 27
leaf_count=30 24 33 21 23 20 33 28 34 20 25 23 35 21 20 20 26 26 20 23 36 35 25 39 26 26 20 21 28 29 34 27 31 37 32 26 22 28 20 20 26 28 20 20 39 25 23 20 23 26 20 27
internal_value=-0.00026393 -0.00100671 -0.000804598 0.00114894 0.00172932 0.000735294 -0.000288462 0.0040625 -0.00235772 -0.000947368 0.000666667 -0.00103943 -0.000113895 0.000879479 -0.0020603 -0.000422535 0.00270588 -0.00256983 -0.00202572 -0.0032973 -0.00436242 -0.00278351 0.00385827 0.005 0.00026738 0.00204301 -0.00170732 -0.00211268 -0.00242424 -0.00148936 0.0032 -0.00730769 -0.00483871 -0.00015873 0.00106383 0.00294118 0.0028972 0.00117647 -0.00075 0.00382979 0.00529412 0.0025 0.0025 -0.00333333 0.00155556 -0.005 -0.0044186 0.000869565 0.005 -0.002 -0.00617021
internal_weight=1364 894 870 470 399 272 208 64 123 95 75 837 439 307 398 213 85 358 311 185 149 97 127 52 187 93 41 71 132 94 50 52 62 126 94 68 107 68 80 94 68 40 40 60 45 52 43 46 52 40 47
internal_count=1364 894 870 470 399 272 208 64 123 95 75 837 439 307 398 213 85 358 311 185 149 97 127 52 187 93 41 71 132 94 50 52 62 126 94 68 107 68 80 94 68 40 40 60 45 52 43 46 52 40 47
is_linear=0
shrinkage=0.01


Tree=7
num_leaves=53
num_cat=0
split_feature=19 16 21 23 98 8 69 11 5 7 71 38 27 38 20 16 16 19 72 25 71 40 43 5 82 98 71 69 27 23 40 16 3 72 27 43 78 40 43 43 99 68 69 72 32 23 81 69 11 3 27 23
split_gain=12.3093 12.3669 11.5164 11.4835 10.0007 9.75603 9.05086 13.1591 11.6129 8.37668 8.01348 14.9216 12.3753 10.7435 10.9024 12.9861 13.0821 12.9141 20.1686 9.16291 7.76354 10.1547 7.41383 11.741 10.1276 7.20238 7.16911 6.50605 6.39076 6.25108 6.18299 8.58112 9.20512 5.99679 6.09546 5.79884 5.74807 5.09496 4.83839 4.80159 4.66667 4.61443 4.94356 4.56252 4.55111 4.44814 4.43538 4.38863 3.30812 2.76825 2.72113 2.61673
threshold=1225.0500000000004 2720.0500000000006 16.625000000000004 7.0000000000000009 0.12152777777777779 412.02234480431861 22337.600000000002 33873.80000000001 7742.4000000000005 141.51500000000001 1251.9000000000003 11.875000000000002 97.750000000000014 10.675000000000002 1053.7500000000002 6114.7500000000009 6495.3000000000002 655.6500000000002 1011.3385000000001 188.25000000000003 1602.2500000000002 106.75000000000001 85.000000000000014 3424.1150000000002 1.0365000000000466 0.21180555555555561 967.15300000000013 30015.150000000005 79.750000000000014 96.250000000000014 36.250000000000007 6644.2500000000009 15470.400000000003 0.97550000000000014 49.750000000000007 74.36999893188478 1187.6097465277778 95.750000000000014 81.880001068115249 79.009998321533217 0.072916666666666671 791.98750000000007 31171.750000000004 0.85550000000000004 102.25000000000001 99.750000000000014 3961.528704365358 31552.800000000003 37737.200000000004 14325.950000000003 29.750000000000004 98.750000000000014
decision_type=2 2 2 2 2 2 2 2 2 2 2 2 2 2 2 2 2 2 2 2 2 2 2 2 2 2 2 2 2 2 2 2 2 2 2 2 2 2 2 2 2 2 2 2 2 2 2 2 2 2 2 2
left_child=1 27 4 39 -2 -6 -5 8 33 36 13 12 20 14 15 17 19 18 35 -17 46 47 23 44 30 -15 28 -1 -18 -26 -25 32 38 -8 50 -9 -7 -16 51 -3 -31 -36 -43 -24 -4 -30 -12 -22 -45 -44 -35 -32
right_child=2 3 22 6 5 9 7 10 -10 -11 11 -13 -14 25 37 16 26 -19 -20 -21 21 -23 43 24 29 -27 -28 -29 45 40 31 -33 -34 34 41 -37 -38 -39 -40 -41 -42 42 49 48 -46 -47 -48 -49 -50 -51 -52 -53
leaf_value=-0.0029094896130315707 1.0338137808913217 0.085587383634429165 -0.19320372930816207 2.9952176701964017 -0.012252509673351772 -0.00019712234450439147 1.308453817684923 -0.54311258407682472 0.019749047697067916 -0.0018124636998960637 0.0018310926508894971 -0.00036408184192544309 1.3164452012224173 0.20732333255539964 -0.024393982441237538 -2.0068762089124781 4.2136848397485487 0.044331652935140096 0.063295214435830055 -0.007474723190486943 1.3558166234060938e-05 -0.0018280438578228786 -0.010010185407295326 -1.3229237354885286 -0.0023712459209576826 0.00018878311502862531 -0.025005755618828524 -1.5872781857755407 -0.0077091220324079649 0.032170980811553097 -0.97405420247830277 -0.38646572267870022 0.029321575949850024 -0.90982541366585534 -0.84388245110467286 -0.78716834130876434 0.006891114088749737 -0.00037325269456679885 0.040219964878359812 1.5467213565196489 0.00040627744610513241 -0.024869394034284849 -5.3227895093186719 -0.070937165719522396 -0.0098598802243241232 2.4870581942892693 1.4511896048719655 0.061012360231236178 -0.0030816582280801148 -0.19720571101058251 0.01034083524359658 -0.080556142321785068
leaf_weight=26 32 24 20 20 23 29 20 21 31 33 24 23 27 28 36 39 21 37 36 27 26 30 27 25 22 20 23 27 26 21 22 27 30 23 23 20 33 29 20 21 21 34 20 34 25 25 26 20 23 23 20 21
leaf_count=26 32 24 20 20 23 29 20 21 31 33 24 23 27 28 36 39 21 37 36 27 26 30 27 25 22 20 23 27 26 21 22 27 30 23 23 20 33 29 20 21 21 34 20 34 25 25 26 20 23 23 20 21
internal_value=-0.000366569 0.000342466 -0.00163934 0.000643985 0.000666667 -0.000677966 0.000359897 0.000184697 -0.00206186 0.000736842 0.000957447 0.00272727 0.00385621 0.000154639 -0.000470588 0.0004 -0.00142857 0.00298246 0.000649351 -0.00484848 0.00253968 0.000526316 -0.00266272 -0.00181102 -0.000813397 0.00458333 0.000947368 -0.00433962 0.0025 0.0025 -0.00227586 -0.00133333 0.000107527 -0.00312883 -0.00384615 -0.00414634 0.00290323 -0.00415385 -0.00206349 0.00555556 0.0047619 -0.0052 -0.00402597 -0.0052381 -0.00644444 0.000588235 0.0056 0.00347826 -0.00684211 -0.00627907 -0.000697674 -0.00395349
internal_weight=1364 876 488 823 150 118 778 758 194 95 564 176 153 388 340 275 161 114 77 66 126 76 338 254 209 48 95 53 72 64 145 120 93 163 143 41 62 65 63 45 42 100 77 84 45 51 50 46 57 43 43 43
internal_count=1364 876 488 823 150 118 778 758 194 95 564 176 153 388 340 275 161 114 77 66 126 76 338 254 209 48 95 53 72 64 145 120 93 163 143 41 62 65 63 45 42 100 77 84 45 51 50 46 57 43 43 43
is_linear=0
shrinkage=0.01


Tree=8
num_leaves=52
num_cat=0
split_feature=69 44 2 69 19 41 72 27 41 83 46 7 31 88 33 24 11 0 73 41 33 31 31 41 17 29 17 6 7 46 2 74 65 46 1 31 20 11 5 64 44 35 83 2 32 5 83 8 2 1 3
split_gain=12.3264 9.95204 8.71729 10.9777 9.74313 10.0581 9.83455 10.3793 10.5012 9.52089 13.1912 9.44138 8.95708 8.59213 10.9187 7.98956 7.68256 7.25425 10.189 6.75472 7.45781 12.8329 10.0001 7.01597 8.06436 6.49733 6.4251 9.17455 6.41449 6.09782 7.3003 5.92887 5.82082 5.62504 6.75268 5.99044 6.35401 5.02857 4.73389 4.18739 4.03333 4.01838 4.10894 3.96825 3.6 3.59129 3.78815 3.34374 3.04621 1.14545 0.473469
threshold=22337.600000000002 8.7274999618530291 2335.1000000000004 31836.550000000003 1720.1500000000003 77.250000000000014 1296.0300000000002 72.750000000000014 47.250000000000007 1919.200000000001 103.26499938964845 316.81000000000006 6.825000000000002 5532.8656250000013 104.75000000000001 9.3250000000000011 35448.100000000006 31984.200000000004 1599.3500000000001 79.750000000000014 52.750000000000007 6.0750000000000011 9.3250000000000011 109.25000000000001 38.900000000000006 71.250000000000014 47.95000000000001 11490.640000000001 1595.1100000000004 105.14500045776369 2915.5500000000006 1388.7148541666668 25187.300000000003 98.694999694824233 14625.150000000001 7.1750000000000016 1074.7500000000002 36930.900000000001 6571.8050000000012 1050.1000000000001 2.8000000715255742 25.325000000000006 1569.1500000000035 2679.6500000000005 103.25000000000001 3060.6700000000005 1715.4000000000035 406.32619047619056 3124.6500000000001 14973.025500000002 14862.350000000002
decision_type=2 2 2 2 2 2 2 2 2 2 2 2 2 2 2 2 2 2 2 2 2 2 2 2 2 2 2 2 2 2 2 2 2 2 2 2 2 2 2 2 2 2 2 2 2 2 2 2 2 2 2
left_child=44 2 3 12 5 6 7 8 -4 10 11 -6 39 14 17 31 -10 18 43 40 21 -21 23 24 -22 -11 -27 49 29 30 -9 -15 -14 -26 -35 36 37 -36 -24 -2 -7 -12 -43 -8 -1 -18 -47 -23 -25 -28 -48
right_child=1 -3 4 -5 9 19 13 28 16 25 41 -13 32 15 -16 -17 45 -19 -20 20 22 47 38 48 33 26 27 -29 -30 -31 -32 -33 -34 34 35 -37 -38 -39 -40 -41 -42 42 -44 -45 -46 46 50 -49 -50 -51 -52
leaf_value=3.5612420542319763 -2.6313292744484009 0.029863312628980287 -0.028736569411743153 -0.61827983721304025 -0.32450930283797907 -0.012065468775594427 -1.9760282581019402 0.85173928590261727 0.0024368620001989556 -0.020150073509551562 0.011472123545942563 0.022958695767283429 0.69575613284666216 -0.0087818698246617238 -0.0077620593866577475 0.0067927267346648565 0.0039025626269921254 0.015519439165046771 0.0018190870206947682 0.012852520861717717 -0.89276852908443094 -0.019420202420941078 0.016729475656599827 -0.33127303227817467 1.4493124167980858 -0.0062673585496619503 -0.0041292795730426624 -0.0086787428642607876 -0.024599974065343328 3.5264798662604813 -0.0250245968151168 0.0043517027642072667 -0.0024717864376405507 0.81683769357780689 -0.008170546540644379 -2.7979123731357514 -0.048859731948485655 0.18300959292308769 1.4771587768911853e-05 -0.0041077929103466989 -0.014185439290393367 0.012472496993930809 -0.0019195100169557911 -0.0063558637209517235 2.9765062583338011 0.70445281675813742 1.9046935037012742 -0.67075737757843212 -0.0037317593063622158 -2.8622174217108638 2.7966385422437474
leaf_weight=20 27 34 25 37 29 24 24 28 33 30 35 20 22 31 24 38 23 34 26 28 35 20 30 21 31 27 20 20 23 20 38 21 24 26 20 20 24 35 21 20 30 21 20 21 20 25 29 33 22 35 20
leaf_count=20 27 34 25 37 29 24 24 28 33 30 35 20 22 31 24 38 23 34 26 28 35 20 30 21 31 27 20 20 23 20 38 21 24 26 20 20 24 35 21 20 30 21 20 21 20 25 29 33 22 35 20
internal_value=-0.000469208 -0.000634441 -0.000775194 -0.00323077 -0.0005 -1.10742e-05 0.000973085 0.00227273 0.00393548 -0.0022179 -0.00024 -0.00428571 -0.00139785 -0.000593607 -0.00224806 0.00177778 0.00507692 -0.000857143 -0.00267606 -0.00114286 -0.000655738 -0.00333333 0.000105263 -0.000769231 5.2356e-05 -0.00409091 -0.00529412 -0.0068 -9.17431e-05 0.00116279 -0.00030303 -0.000769231 0.00173913 0.00102564 8e-05 -0.00111111 0.000126582 0.002 0.00411765 -0.00446809 -0.00444444 0.00236842 0.000243902 -0.00555556 0.005 0.00649485 0.00756757 -0.00622642 -0.0044186 -0.00890909 0.00918367
internal_weight=1364 1324 1290 130 1160 903 483 264 155 257 125 49 93 219 129 90 130 105 71 420 366 81 285 234 191 132 102 75 109 86 66 52 46 156 125 99 79 55 51 47 54 76 41 45 40 97 74 53 43 55 49
internal_count=1364 1324 1290 130 1160 903 483 264 155 257 125 49 93 219 129 90 130 105 71 420 366 81 285 234 191 132 102 75 109 86 66 52 46 156 125 99 79 55 51 47 54 76 41 45 40 97 74 53 43 55 49
is_linear=0
shrinkage=0.01


Tree=9
num_leaves=52
num_cat=0
split_feature=14 69 70 89 69 45 78 78 43 14 14 34 30 83 80 14 75 34 34 70 1 23 78 16 64 16 75 35 35 25 32 33 69 75 35 16 81 81 71 28 35 44 16 71 75 13 25 5 3 78 14
split_gain=12.923 11.9756 10.4834 10.0159 10.6667 9.86224 10.6772 7.9067 7.79423 8.50989 14.6293 7.84314 7.63967 7.83937 7.53389 7.87035 9.65961 15.5834 9.03898 7.39198 8.83284 7.05333 7.04534 7.30735 6.7424 6.50027 6.36308 8.54959 6.16204 6.14029 7.91259 9.33016 7.29248 7.50622 7.3711 6.44141 9.23325 5.40346 5.09804 4.82632 4.7306 4.72624 4.66667 4.3645 4.35981 4.24242 3.7978 3.6 3.08905 2.61905 1.87234
threshold=10382.700000000003 22337.600000000002 1099.1000000000001 824.42368124999996 30368.250000000004 22806.000000000004 1169.0591458333336 999.95628472222234 83.040000915527358 16834.250000000004 18363.100000000002 92.250000000000014 31.750000000000004 2415.3500000000008 37122.946180555569 15730.050000000001 259.82723069151433 57.750000000000007 64.250000000000014 769.32450000000006 15472.200000000003 88.250000000000014 1348.6250277777781 5554.4000000000005 780.6255000000001 6615.7500000000009 555.66712923749014 25.825000000000006 27.275000000000002 55.250000000000007 99.750000000000014 56.250000000000007 31836.550000000003 444.65173599798885 26.775000000000002 5737.8000000000011 4282.8924084322962 4059.6307011434701 790.14750000000015 27.875000000000004 27.275000000000002 3.0590000152587895 6468.5000000000009 982.96400000000006 532.44726632936397 6544.2500000000009 194.00000000000003 6680.630000000001 14418.100000000002 1475.7416250000003 9419.2000000000025
decision_type=2 2 2 2 2 2 2 2 2 2 2 2 2 2 2 2 2 2 2 2 2 2 2 2 2 2 2 2 2 2 2 2 2 2 2 2 2 2 2 2 2 2 2 2 2 2 2 2 2 2 2
left_child=12 -2 3 4 47 24 7 19 9 14 21 22 -1 50 15 16 18 -18 -4 29 -21 -11 26 -24 -5 49 27 -10 -8 42 -31 -32 33 -33 35 -34 -37 -9 -6 -36 -20 46 -7 -28 -12 -13 -41 -3 -17 -25 -14
right_child=1 2 8 5 38 6 28 37 11 10 44 45 13 -15 -16 48 17 -19 40 20 -22 -23 23 25 -26 -27 43 -29 -30 30 31 32 34 -35 39 36 -38 -39 -40 41 -42 -43 -44 -45 -46 -47 -48 -49 -50 -51 -52
leaf_value=0.00028211297071751651 3.1568529786976285 -0.67121813808279795 0.025836492254133037 -0.454246402151191 -1.4463663765088299 -0.0068402351911089352 0.031462519466698327 -0.41750996110423244 -0.0056395965935559554 -0.023340326385482179 0.00017816652864396278 0.015500281343567521 -2.0423648802418732 -0.0020967437277556625 -0.012057564232162938 0.031911944588934184 -0.73705180593981978 0.0067247994673182076 -0.00078472654787547808 -0.0026450763218760689 4.3774227475268264 -0.0017790099674767871 0.00062138091582081083 -0.005092276058033314 -0.39121615589719155 -0.00037291568549693193 0.004797882681966294 1.7140690004635126 -0.1125567939188155 -1.3400042261112095 0.021615324619375001 -0.067742376163559048 -1.2676335078040615 0.62309524368649372 -0.030714594551252663 0.59599169741842584 -0.022487200160350156 -2.1346911041954759 -1.3265189088382352 -0.02137309010626276 0.0033655095164504202 -0.0017300300564417094 3.4424653210131488 -0.021466961808103448 0.39475990835373703 0.0029217008112232636 -2.8994477211269474 1.046737963505 0.023466589143600673 -0.0093243920675404237 -0.51154575974988781
leaf_weight=21 39 20 37 33 34 21 32 20 27 20 21 22 22 27 20 27 38 36 25 30 28 30 37 20 25 22 20 26 22 21 27 33 25 39 22 26 36 22 26 39 21 34 21 22 20 20 21 20 20 22 25
leaf_count=21 39 20 37 33 34 21 32 20 27 20 21 22 22 27 20 27 38 36 25 30 28 30 37 20 25 22 20 26 22 21 27 33 25 39 22 26 36 22 26 39 21 34 21 22 20 20 21 20 20 22 25
internal_value=-0.000337243 -7.0922e-05 -0.000243902 -0.00107829 -0.004 -0.000571924 -0.000134875 -0.000623656 0.000777577 0.00180952 -0.000769231 -0.000588235 -0.00389474 -0.00540541 0.00285714 0.00343137 0.00235669 -0.00027027 0.0046988 -0.000212766 0.00310345 -0.0044 -0.00142857 -0.00326733 -0.00448276 -0.0053125 0.000526316 0.00283019 0.00407407 -0.000739726 -0.00120743 -0.000794702 -0.00134545 0.00138889 -0.00231527 -0.000114943 0.0016129 -0.0047619 -0.00666667 -0.00396552 0.00173913 -0.00297872 0.00285714 -0.00238095 0.00365854 0.00333333 -0.00466667 0 0.00702128 -0.00761905 -0.00787234
internal_weight=1364 1269 1230 677 100 577 519 465 553 315 91 238 95 74 224 204 157 74 83 423 58 50 196 101 58 64 95 53 54 365 323 302 275 72 203 87 62 42 60 116 46 94 42 42 41 42 60 40 47 42 47
internal_count=1364 1269 1230 677 100 577 519 465 553 315 91 238 95 74 224 204 157 74 83 423 58 50 196 101 58 64 95 53 54 365 323 302 275 72 203 87 62 42 60 116 46 94 42 42 41 42 60 40 47 42 47
is_linear=0
shrinkage=0.01


Tree=10
num_leaves=51
num_cat=0
split_feature=66 97 20 91 62 66 68 22 24 86 42 30 37 73 24 66 26 3 88 87 43 43 91 73 22 88 74 90 68 7 76 40 76 46 3 88 87 46 0 36 20 68 36 31 46 66 29 22 43 30
split_gain=8.54 11.8932 9.83488 9.28174 9.89245 12.249 12.0316 11.2967 9.9153 8.96439 8.29697 8.25198 8.13733 7.69522 10.1906 7.78732 7.4375 7.39696 7.05845 7.01449 6.89825 8.5244 6.78788 6.76733 7.99957 6.73969 8.19151 6.48734 8.53534 6.42083 6.3 6.19493 6.09524 5.89324 5.50298 6.5744 8.45554 6.78482 10.6955 6.40346 5.28229 4.90667 4.9 4.7619 4.24561 3.98629 3.80581 3.70408 3.04621 2.05714
threshold=1395.4000000000003 0.80208333333333337 2259.3500000000004 21614.774725000007 1039.9775000000002 1.1040000000000003 940.57000000000016 83.250000000000014 13.575000000000001 1.0185000000000002 108.87500000000001 71.250000000000014 35.250000000000007 0.99950000000000017 7.9250000000000016 0.10200000000000002 133.75000000000003 9833.9090000000015 9648.6277083333352 0.59375000000000011 106.10499954223634 72.955001831054702 29421.642212500003 1.3660000000000003 88.750000000000014 3464.8918750000007 1019.5421458333335 1906.0555500000003 1294.6000000000001 18.140000000000004 34964.700000000004 91.750000000000014 29128.112500000007 104.20499801635744 15039.500000000002 8730.5329166666688 0.30208333333333343 106.5550003051758 29481.900000000005 87.250000000000014 719.75000000000011 1500.1820000000002 84.250000000000014 8.7250000000000014 103.34499740600587 951.00000000000011 80.250000000000014 87.250000000000014 84.595001220703139 72.750000000000014
decision_type=2 2 2 2 2 2 2 2 2 2 2 2 2 2 2 2 2 2 2 2 2 2 2 2 2 2 2 2 2 2 2 2 2 2 2 2 2 2 2 2 2 2 2 2 2 2 2 2 2 2
left_child=2 12 3 17 5 8 7 -7 11 -3 42 16 22 14 19 -15 44 -1 -17 -13 21 47 -2 24 -9 -6 48 28 -11 -28 32 -31 -8 -30 35 36 37 38 -23 43 -29 -12 -4 -40 -5 -26 -16 -14 -27 -34
right_child=1 9 10 4 25 6 30 23 -10 27 41 13 20 15 46 18 -18 -19 -20 -21 -22 34 -24 -25 45 26 29 40 33 31 -32 -33 49 -35 -36 -37 -38 -39 39 -41 -42 -43 -44 -45 -46 -47 -48 -49 -50 -51
leaf_value=0.0069388461436974257 0.0058491296350593148 -0.0119837372867692 0.015830780490848417 -0.24203511652381388 0.028738373891888019 0.78593737534362318 -0.037829445732311687 -1.9471443641558137 1.3910450651548365 -0.024841203245054455 -0.0066509354704549972 3.3870756016868881 0.060041681633965477 0.60463566169477945 -0.036080545419772667 -0.40640553048079447 0.39900639406959298 2.312193356172259 0.061641540808849052 -0.027922410139546026 2.8834883021579207 -0.0062819739063208905 1.2023291610044546 -2.6382913679048405 -0.0084265524847871604 1.0083945754672439 0.0058298443483820583 0.0010888477629292801 0.0080689556074872455 0.0093995404750802074 -0.71765024006095335 -0.040873399406091637 -0.98001598916934729 8.6514383204472266e-07 -0.018711406401348833 -0.013049838061880639 0.039193991614223794 -0.017062598928825931 -6.0766673722783075e-05 0.54536999400974728 -0.00050423974443867929 -2.7040124659025717 -0.67741617311073987 0.011654943152025546 -0.0053591982910929769 0.65343850255731417 -0.12189149229623303 0.050531074995219284 0.016273415334381421 -5.017195556799158
leaf_weight=27 33 28 20 32 20 32 28 27 31 20 25 23 24 37 20 21 20 22 37 25 20 39 21 35 20 21 37 24 30 26 36 33 20 29 32 24 34 25 27 22 34 23 20 21 25 21 21 25 22 36
leaf_count=27 33 28 20 32 20 32 28 27 31 20 25 23 24 37 20 21 20 22 37 25 20 39 21 35 20 21 37 24 30 26 36 33 20 29 32 24 34 25 27 22 34 23 20 21 25 21 21 25 22 36
internal_value=-8.11808e-05 0.0009375 -0.000699881 -0.000331126 -0.000623229 -0.00126143 -0.00286275 -0.000814815 0.000136986 -0.00127273 -0.00386364 -0.000498084 0.00198847 0.000652174 -0.00146067 0.00263158 -0.00324675 0.00387755 0.000344828 0.00166667 0.00133106 0.000915751 0.00555556 -0.00242718 -0.000588235 0.00157233 0.000791367 -0.000218978 0.00164557 -0.000833333 -0.00516667 -0.00288136 -0.00666667 0.00355932 8.92857e-05 0.000729167 0.00142857 0.000298507 0.00137615 0.00371429 -0.00275862 -0.00666667 -0.0005 0.00166667 -0.00508772 0.00219512 -0.00512195 0.00469388 0.0044186 -0.00857143
internal_weight=1355 512 843 755 706 547 255 135 292 165 88 261 347 184 89 95 77 49 58 48 293 273 54 103 68 159 139 137 79 96 120 59 84 59 224 192 168 134 109 70 58 48 40 48 57 41 41 49 43 56
internal_count=1355 512 843 755 706 547 255 135 292 165 88 261 347 184 89 95 77 49 58 48 293 273 54 103 68 159 139 137 79 96 120 59 84 59 224 192 168 134 109 70 58 48 40 48 57 41 41 49 43 56
is_linear=0
shrinkage=0.01


Tree=11
num_leaves=55
num_cat=0
split_feature=26 5 93 8 46 100 64 72 67 33 20 66 46 10 77 92 72 21 72 88 98 58 23 17 83 61 91 64 5 23 83 67 69 43 28 34 91 25 88 82 69 34 23 39 5 71 17 33 96 5 43 46 1 1
split_gain=11.146 8.39858 9.51968 12.7515 10.424 10.5609 12.5067 10.2953 9.97969 9.94221 9.87355 8.48006 10.0407 8.15942 7.8137 7.75997 7.79268 7.5858 10.241 9.98881 6.98529 6.88763 8.00673 6.81839 6.69643 7.28242 6.49723 6.4 5.92683 6.51744 6.35881 6.45462 5.82764 5.34481 8.89412 6.7805 5.87966 5.30793 4.78753 4.7784 4.63371 4.60952 4.60909 4.24242 3.99047 3.0551 2.96077 2.72058 3.76923 2.38095 2.1856 1.75819 1.6 0.111111
threshold=123.00000000000001 3060.6700000000005 424.60864864864874 422.61828947368429 103.20499801635744 0.75347222222222232 1.0000000180025095e-35 0.85550000000000004 31896.200000000001 57.250000000000007 2394.1000000000008 1041.9500000000003 102.61499786376955 43283.500000000007 4602.2130700247189 24217.857312500008 1540.0555000000002 13.475000000000001 1134.7030000000002 4500.8189583333333 0.21180555555555561 0.25000000000000011 97.750000000000014 171.75000000000003 2126.4999999999986 31577.650000000005 21614.774725000007 1276.5000000000002 10397.695000000002 95.750000000000014 2499.7000000000012 28374.500000000004 35926.700000000004 85.08499908447267 26.325000000000006 50.250000000000007 28019.838793750001 132.25000000000003 10186.632500000002 308.9310000000001 33798.450000000004 79.250000000000014 84.750000000000014 193.75000000000003 4872.0250000000005 1038.4410000000003 158.25000000000003 201.25000000000003 1.0000000180025095e-35 6249.1350000000011 83.68500137329103 103.90000152587892 18452.209500000001 13828.450000000003
decision_type=2 2 2 2 2 2 2 2 2 2 2 2 2 2 2 2 2 2 2 2 2 2 2 2 2 2 2 2 2 2 2 2 2 2 2 2 2 2 2 2 2 2 2 2 2 2 2 2 2 2 2 2 2 2
left_child=1 17 3 4 11 6 -6 38 24 10 42 14 15 21 26 16 45 -1 20 23 -19 22 47 51 25 -9 -3 -26 29 41 31 -31 43 34 35 -17 -35 39 -8 -5 46 49 -10 -30 -37 -13 -11 48 -2 -28 -4 -20 -34 -33
right_child=13 2 50 37 5 -7 7 8 9 40 -12 12 -14 -15 -16 33 -18 18 19 -21 -22 -23 -24 -25 27 -27 28 -29 32 30 -32 53 52 36 -36 44 -38 -39 -40 -41 -42 -43 -44 -45 -46 -47 -48 -49 -50 -51 -52 -53 -54 -55
leaf_value=-2.9910278125178014 2.4693139675069351 0.49952074233738103 0.016358440950475929 -0.017014612924086184 -0.6585091352949719 4.1896085508531407 8.6563681415481177 0.001851323418800921 0.01497048183167355 -0.0034378841488835131 -0.0072622402695281928 0.0047532918591358811 -0.0060436095685465442 -2.6119084542257918 0.40374206359942416 -0.0028639425219922684 -5.5132442655011848e-05 -0.0022616224858928767 0.015660490174718728 -0.34486411562817088 -0.0341749291798829 -0.0042531957104358217 -0.0051161997556024887 -0.00081303610995408864 0.57123450218374427 0.075197127760483082 -0.051725367091106741 -0.012540616325893655 -0.0019500016270524406 -0.002019349139051461 -0.93959212936719949 -4.9147199709122855 0.31911290498202538 -0.00013720704701022419 -0.035633154708524267 0.016835134455952167 -0.011380866934931904 0.0020486643859094693 1.7982527484797575 -0.010592584635874378 -0.0021438339890524154 0.0131644003333489 0.9139165363088515 -0.085831258842431077 0.17395994678143217 0.94247082923885428 -1.610131160619801 4.8921386767996964 0.0093215097776404628 -1.9253466722296342 0.0044012412856497245 0.0075073074460936763 -0.0074250942876133473 -3.3037276036791248
leaf_weight=21 26 20 20 25 35 35 22 30 20 20 35 21 21 21 20 34 24 32 21 26 35 27 28 20 20 26 21 20 20 23 26 20 20 37 35 27 20 20 28 26 25 28 24 22 23 26 23 23 26 21 21 20 20 25
leaf_count=21 26 20 20 25 35 35 22 30 20 20 35 21 21 21 20 34 24 32 21 26 35 27 28 20 20 26 21 20 20 23 26 20 20 37 35 27 20 20 28 26 25 28 24 22 23 26 23 23 26 21 21 20 20 25
internal_value=-0.000110701 -0.000431894 -8.74636e-05 -0.000283401 3.27154e-05 0.00134986 0.000792683 0.00146758 0.000617284 -0.00102041 0.00139241 -0.000830325 0.000447761 0.00245033 -0.00202797 0.00101215 0.00380282 -0.00245714 -0.00168831 0.000574713 -0.00462687 0.00338462 0.00456311 0.00278689 0.003125 0.00535714 -0.0024812 0 -0.00292683 -0.00402439 -0.00574468 -0.00735294 -0.000731707 -0.000113636 0.00109244 0.00285714 -0.00263158 -0.0043662 0.0056 -0.00607843 -0.00382353 -0.00171429 0.00454545 -0.00333333 0.0052 0.00617021 -0.00581395 0.00626667 0.005 -0.00380952 0.00463415 0.00512195 0.002 -0.00955556
internal_weight=1355 1204 1029 988 917 363 328 293 243 147 79 554 268 151 286 247 71 175 154 87 67 130 103 61 96 56 266 40 246 164 94 68 82 176 119 84 57 71 50 51 68 70 44 42 50 47 43 75 52 42 41 41 40 45
internal_count=1355 1204 1029 988 917 363 328 293 243 147 79 554 268 151 286 247 71 175 154 87 67 130 103 61 96 56 266 40 246 164 94 68 82 176 119 84 57 71 50 51 68 70 44 42 50 47 43 75 52 42 41 41 40 45
is_linear=0
shrinkage=0.01


Tree=12
num_leaves=54
num_cat=0
split_feature=51 44 62 4 23 36 30 81 3 7 7 88 72 57 86 41 88 23 13 100 44 23 26 42 10 64 64 6 36 6 40 71 77 11 65 1 3 1 97 100 4 19 6 88 23 40 8 45 7 35 41 6 35
split_gain=12.0734 8.0764 7.86002 11.6014 18.8785 9.08953 8.53472 9.82345 15.6745 13.7219 9.16667 7.84319 7.62665 9.60624 8.77369 8.02222 7.60502 8.32236 7.4963 8.00028 7.96102 7.29996 7.15233 8.68289 12.1289 10.8344 6.96386 7.50945 6.75904 8.95327 9.08719 6.75486 6.63438 6.52359 6.31792 6.31051 7.82751 5.72109 5.63791 5.28633 5.19467 5.53733 5.34545 4.35981 4.19773 3.42857 2.91203 2.81069 2.5 2.5 1.75325 1.6 1.08
threshold=1.0000000180025095e-35 8.7274999618530291 889.31700000000012 9803.7500000000018 48.000000000000007 92.250000000000014 45.750000000000007 3921.3816844901007 15470.400000000003 1595.1100000000004 1713.4450000000004 4513.9975000000004 962.50000000000011 1.0000000180025095e-35 1.0770000000000002 57.750000000000007 5023.8300000000008 54.250000000000007 10239.550000000001 0.46180555555555564 2.6935000419616704 99.250000000000014 54.750000000000007 109.20000076293947 30858.750000000004 1506.5000000000002 1447.4935000000003 5994.8350000000009 84.250000000000014 1570.1900000000003 107.75000000000001 1447.3335000000002 4019.0486571555662 35448.100000000006 31990.250000000004 15232.350000000002 14961.450000000003 11179.150000000001 0.072916666666666671 0.017361111111111115 3818.2300000000005 525.50000000000011 3911.4100000000003 4039.4968750000003 96.750000000000014 94.750000000000014 422.33697368421059 24437.500000000004 1369.3000000000002 25.625000000000004 75.750000000000014 9083.840000000002 26.775000000000002
decision_type=2 2 2 2 2 2 2 2 2 2 2 2 2 2 2 2 2 2 2 2 2 2 2 2 2 2 2 2 2 2 2 2 2 2 2 2 2 2 2 2 2 2 2 2 2 2 2 2 2 2 2 2 2
left_child=1 2 3 4 38 11 -5 9 18 51 -10 22 13 33 26 -16 -17 -18 48 -20 -21 -15 23 34 43 -26 27 45 29 -6 -31 46 -22 -13 39 44 -37 -2 -1 -4 42 -42 -19 -25 -30 -14 -28 -29 -9 -33 -35 -8 -46
right_child=37 -3 5 6 28 -7 7 8 10 -11 -12 12 14 21 15 16 17 40 19 20 32 -23 -24 24 25 -27 31 47 35 30 -32 49 -34 50 -36 36 -38 -39 -40 -41 41 -43 -44 -45 52 -47 -48 -49 -50 -51 -52 -53 -54
leaf_value=3.0231401238302111 -1.8036574352752839 0.034264295714426851 0.0052136124160095535 -0.041241769396336635 -0.02154801783032767 -0.067958393426493818 1.4684798985511349 -0.37426131364315934 7.0992041530097731 -0.010254761308010965 -0.0053031289694712999 0.052645470812015767 -0.0003709810759801248 0.34139091413838757 0.029163496830772094 -0.012346427956801125 0.016009580762514027 -0.0047179066950497738 0.02070314528371683 0.019630580856121085 -0.55343067585350836 -0.042197829068307345 0.0058497600783369184 0.003561834087424982 0.007202074907162557 -0.012293538244496327 -0.012740769371737487 0.028085427022447082 -0.17062439644534272 -1.1644810229290232 2.551792858789804 0.0030135206793560042 -3.1170080916603422 2.9685765499960675 -4.2100424144533223e-05 -0.0065137401691034149 -0.052522768740067019 -7.2947735516183716 -0.0025186043545792824 0.028086661868718596 -0.17647580646137606 -4.587938808164863e-05 0.017508839515318383 1.2479295508139687 -3.5964168350342876 -0.032247905753797185 -0.043293687646526226 0.0017964052879564608 -0.026759806798401471 -0.0047485545143115511 1.9515333897692517 4.342325003707912 -2.7153335070862585
leaf_weight=26 28 29 22 35 27 23 20 20 24 29 20 26 21 39 36 20 27 20 32 29 20 31 24 21 25 28 23 21 26 31 25 20 21 22 28 38 23 21 27 39 23 30 24 20 30 21 20 20 20 20 20 20 20
leaf_count=26 28 29 22 35 27 23 20 20 24 29 20 26 21 39 36 20 27 20 32 29 20 31 24 21 25 28 23 21 26 31 25 20 21 22 28 38 23 21 27 39 23 30 24 20 30 21 20 20 20 20 20 20 20
internal_value=-0.000228782 -4.59418e-05 -0.000164448 -0.00104796 -0.00252747 0.000532213 0.000344828 0.000980392 -0.000215054 0.0042029 0.005 0.000738061 4.13223e-05 0.00202899 -0.000751445 0.000777778 -0.000277778 0.000645161 -0.00183099 -0.000392157 -0.00228571 -0.000571429 0.00236715 0.00169399 -0.000425532 -0.00358491 -0.00240964 -0.000361446 -0.00381818 -0.00156627 0.000714286 -0.00445783 -0.00512195 0.00470588 0.00393258 -0.00518248 -0.00278689 -0.00510204 0.00283019 0.0057377 -0.000721649 -0.00283019 0.00181818 0.00365854 -0.00710526 -0.00333333 -0.0072093 0.00268293 -0.0055 -0.0015 0.00714286 0.008 -0.0088
internal_weight=1355 1306 1277 563 273 714 290 255 186 69 44 691 484 138 346 180 144 124 142 102 70 70 207 183 94 53 166 83 220 83 56 83 41 68 89 137 61 49 53 61 97 53 44 41 76 42 43 41 40 40 42 40 50
internal_count=1355 1306 1277 563 273 714 290 255 186 69 44 691 484 138 346 180 144 124 142 102 70 70 207 183 94 53 166 83 220 83 56 83 41 68 89 137 61 49 53 61 97 53 44 41 76 42 43 41 40 40 42 40 50
is_linear=0
shrinkage=0.01


Tree=13
num_leaves=55
num_cat=0
split_feature=11 69 40 36 96 26 25 34 24 73 8 38 81 57 7 24 24 63 40 89 3 11 69 40 3 34 3 89 29 69 81 24 77 5 70 23 13 73 73 42 23 35 33 8 25 35 13 17 88 17 61 27 44 21
split_gain=8.83621 12.3827 8.87436 8.7105 8.55121 8.36177 10.7138 11.2725 8.54282 9.224 10.2968 9.58976 7.83645 7.37011 7.27571 8.14374 12.1559 12.3611 10.641 7.5338 6.60456 6.60612 6.59193 6.36068 6.19591 5.96804 5.88817 8.46655 6.4 5.5675 5.18943 9.76967 6.46923 4.91813 5.29248 4.9 4.85471 4.531 4.23345 3.9475 5.57988 3.92 3.88479 3.6 3.47037 3.41333 3.38936 3.23729 3.07875 2.81069 2.77778 2.56098 1.17931 0.459574
threshold=33526.000000000007 28641.850000000002 154.25000000000003 86.750000000000014 1.0000000180025095e-35 45.750000000000007 78.750000000000014 84.750000000000014 11.425000000000002 965.16150000000005 405.1516666666667 5.0250000000000012 3531.0252885185018 -0.22252093395631442 16.905000000000005 6.325000000000002 13.475000000000001 29279.350000000002 95.250000000000014 1149.9922687500002 11232.950000000003 35448.100000000006 31581.400000000005 143.25000000000003 15928.650000000001 50.250000000000007 14418.100000000002 1016.96424375 89.750000000000014 31324.400000000005 3969.6444526584942 6.8750000000000009 4179.7592331626529 7742.4000000000005 1564.9780000000003 51.500000000000007 11373.950000000003 1107.2235000000003 1288.8500000000001 106.0550003051758 97.250000000000014 26.525000000000002 37.750000000000007 413.16576923076929 61.750000000000014 25.525000000000002 6350.9000000000005 203.80000000000004 7463.7922916666676 136.85000000000002 31248.250000000004 34.250000000000007 2.8815000057220463 24.675000000000001
decision_type=2 2 2 2 2 2 2 2 2 2 2 2 2 2 2 2 2 2 2 2 2 2 2 2 2 2 2 2 2 2 2 2 2 2 2 2 2 2 2 2 2 2 2 2 2 2 2 2 2 2 2 2 2 2
left_child=1 3 12 44 5 6 8 23 20 11 -11 -10 -3 -9 -6 39 17 -17 19 -19 -2 38 25 50 30 42 -24 37 -29 -12 31 -7 41 34 52 -34 53 -28 -22 -16 -41 45 -23 -43 -1 -32 -5 48 -33 -18 -8 -27 -14 -20
right_child=4 2 -4 46 14 24 7 13 9 10 29 -13 33 -15 15 16 49 18 36 -21 21 22 26 -25 -26 51 27 28 -30 -31 32 47 35 -35 -36 -37 -38 -39 -40 40 -42 43 -44 -45 -46 -47 -48 -49 -50 -51 -52 -53 -54 -55
leaf_value=0.042921912876201271 -0.023811204871298113 0.026286302862351684 0.035171909069964848 -0.12289204501507164 -3.9226425971181658 -0.013929648324544306 -0.0058485811334442811 0.020467390730698757 -0.010498490276621754 0.0068580371562989651 -0.0023201054171913646 0.017683156403275297 -2.9078950600905729 -0.017735774761267541 -0.014884119667406966 0.0081798593268025393 0.0062019629700575431 -0.868853116588019 -0.064945894812852206 0.022728666048598772 -0.73574484641457094 0.035803578453887458 -0.0051679181634474748 -0.0017675057549562511 -0.013154523686057152 0.88536579027868501 0.63529599434971773 0.0034047076608795818 -0.017618599511464682 -0.0206419287550424 0.013686402362114292 -0.0019860912898734102 1.9543288050090954 -0.021213984029929134 -0.044903537713552703 -0.39443617377777818 -0.12064265795477194 0.0088891442030675227 0.0040608815492128051 -0.0024934183110334896 4.0775228008366886 0.83187641138693158 -0.0032088220816328551 -0.00021263403507129346 3.1875619239177992 0.053711647438171937 0.0054934241902743477 4.121195215313108 0.34001202306686751 0.094844324417064044 -0.012173804172378235 0.41561113237041031 -6.5965095733012076 -0.048614426126273966
leaf_weight=23 20 21 22 21 21 32 20 23 20 21 30 37 20 28 25 31 20 32 20 21 20 27 32 20 37 21 28 20 20 31 20 28 20 23 20 20 30 25 21 33 35 20 20 20 20 30 30 21 24 21 25 20 38 27
leaf_count=23 20 21 22 21 21 32 20 23 20 21 30 37 20 28 25 31 20 32 20 21 20 27 32 20 37 21 28 20 20 31 20 28 20 23 20 20 30 25 21 33 35 20 20 20 20 30 30 21 24 21 25 20 38 27
internal_value=-0.000435424 -0.00218487 -0.00402778 0.000638298 -6.26679e-05 0.000486891 -0.000245747 -0.00293103 0.000508475 -0.00151079 -0.00365854 0.00157895 -0.00508197 0.000588235 -0.0014557 -0.00105085 -0.00217822 -0.00341615 -0.00476923 -0.00132075 0.00153285 0.0019685 0.00267606 -0.00569231 0.00191176 0.00477273 0.0012 0.00247312 -0.001 -0.0057377 0.00251064 0.000857143 0.00384615 -0.00623762 -0.0074359 0.0005 -0.00714286 0.00509434 -0.00170732 0.00139785 0.00264706 0.00533333 0.00234043 0.003 0.00395349 0.0072 -0.00215686 0.00287671 0.00153846 0.00268293 -0.00777778 0.00756098 -0.00896552 -0.00914894
internal_weight=1355 238 144 94 1117 801 529 116 413 139 82 57 122 51 316 295 202 161 130 53 274 254 213 65 272 88 125 93 40 61 235 105 130 101 78 40 77 53 41 93 68 90 47 40 43 50 51 73 52 41 45 41 58 47
internal_count=1355 238 144 94 1117 801 529 116 413 139 82 57 122 51 316 295 202 161 130 53 274 254 213 65 272 88 125 93 40 61 235 105 130 101 78 40 77 53 41 93 68 90 47 40 43 50 51 73 52 41 45 41 58 47
is_linear=0
shrinkage=0.01


Tree=14
num_leaves=53
num_cat=0
split_feature=29 16 35 68 11 5 72 43 61 35 45 31 77 62 14 19 19 68 11 94 7 77 88 5 44 19 57 71 28 27 94 71 43 90 75 16 90 28 44 77 81 31 81 14 13 29 68 78 2 0 35 98
split_gain=7.64917 7.13343 7.18103 11.5769 7.44447 9.89268 9.87964 7.97648 7.58393 6.4854 6.17849 6.11277 9.87329 7.97762 8.1676 9.04794 11.1376 9.81818 7.49236 10.0995 7.24926 7.1613 6.94252 10.042 6.93426 9.07394 9.33588 7.73142 8.43587 10.6813 7.20721 7.85602 6.98182 6.87537 6.55887 6.47992 6.19286 6.04511 6.25541 5.72319 9.96643 5.53248 5.45905 5.39243 5.16185 6.85186 4.98463 4.14762 4.82831 4 2.77333 2.56098
threshold=95.750000000000014 1477.95 23.125000000000004 1107.2235000000003 33238.450000000004 7742.4000000000005 0.97550000000000014 79.055000305175795 26089.350000000002 25.275000000000002 23792.500000000004 13.525000000000002 4170.1411525310523 1.0005000000000002 21676.450000000004 1142.7000000000003 782.05000000000007 1145.1360000000002 36582.700000000004 600377.25503531273 17.525000000000002 4160.6782310793596 11129.741458333336 12004.960000000001 3.0824999809265141 453.65000000000003 -0.22252093395631442 1128.1815000000004 23.925000000000004 28.250000000000004 655029.53958750016 1081.8975000000003 76.370002746582045 2626.2589500000008 512.70016619441014 6820.1000000000013 1819.1344500000005 23.375000000000004 6.3074998855590829 3410.6535541864264 4175.2337236371568 8.4750000000000014 3634.877846530137 12826.750000000002 6674.3000000000002 79.250000000000014 1400.9750000000001 1403.9095451388891 2861.1500000000001 34183.750000000007 26.775000000000002 0.13541666666666671
decision_type=2 2 2 2 2 2 2 2 2 2 2 2 2 2 2 2 2 2 2 2 2 2 2 2 2 2 2 2 2 2 2 2 2 2 2 2 2 2 2 2 2 2 2 2 2 2 2 2 2 2 2 2
left_child=1 -1 3 -3 5 6 -4 42 10 -9 -6 13 18 14 15 16 17 50 -13 -20 39 22 -17 -24 27 46 35 28 29 -22 31 -28 -33 47 -16 37 -14 -27 -39 -15 -41 49 43 -8 -18 -46 -26 -29 -49 -30 -10 -23
right_child=-2 2 4 -5 8 -7 7 9 11 -11 -12 12 36 20 34 21 44 -19 19 -21 24 51 23 -25 25 26 30 33 41 -31 -32 32 -34 -35 -36 -37 -38 38 -40 40 -42 -43 -44 -45 45 -47 -48 48 -50 -51 -52 -53
leaf_value=-1.540198273522206 0.050038211086544424 3.235137394739608 3.1339966575138596 -0.00045850501982186485 0.035445542669348587 0.031691517303309047 -0.032936654184761806 -2.4183583945466371 -0.30642737229703715 0.024170494478592514 -0.0039135517934831502 0.0094837772711838537 -1.1626736311231523 2.2662406017988661 -0.11215717484480779 -0.067887978946873387 -0.0087609299598934865 0.038620890129208836 0.0041878672971923207 -0.02575569953764803 0.0073386269466953905 -2.5841705254100225 4.0367475728283226 -0.086570188183259733 -0.27105519779598325 1.4202383141770925 -1.2306451388290436 0.00037694073531434514 0.97999916961036837 -0.01247787168337851 0.01718223286598736 0.019166656427473207 -0.0050289248711420367 0.0026525574423404133 1.5293084650776798 -0.011591280604791847 -0.0017511961005233427 -0.026582819870137615 0.017157087128006676 -0.23561905763918517 1.1805170332784749 0.0036446217740973208 -3.2008951629339841 -1.1727669574501669 -0.0032743418022447802 2.7184982155147082 -0.00071722708511589835 -0.0023265719964321173 -0.0034710576718422433 0.20273728936043311 -0.018268134577472374 -6.9230130357168322
leaf_weight=25 29 20 20 34 31 34 24 20 25 34 20 24 28 27 20 38 20 24 23 26 26 21 23 30 20 31 30 32 25 28 37 20 24 21 27 20 20 22 20 20 23 23 35 29 21 32 23 26 21 20 39 20
leaf_count=25 29 20 20 34 31 34 24 20 25 34 20 24 28 27 20 38 20 24 23 26 26 21 23 30 20 31 30 32 25 28 37 20 24 21 27 20 20 22 20 20 23 23 35 29 21 32 23 26 21 20 39 20
internal_value=-0.000597786 -0.000708899 -0.000607225 0.00296296 -0.000761828 -0.00255102 -0.00358025 -0.00450704 -0.000428164 -0.00148148 0.00333333 -0.00062 -0.00272727 -0.00032992 -0.00152941 -0.00215017 -0.000559006 -0.00295455 -0.000410959 -0.00265306 0.000426716 -0.00409091 -0.00252747 -0.000188679 -2.1322e-05 -0.00117409 -0.000294118 0.00126126 0.00295082 0 -0.00225225 -0.00405405 -0.00136364 -0.0008 0.00234043 0.00204301 -0.00625 0.00342466 0.000952381 0.00342857 0.00116279 0.00529412 -0.00636364 -0.00433962 0.00232877 0.00396226 -0.00534884 -0.0021519 -0.00404255 0.00733333 -0.005 -0.00756098
internal_weight=1355 1326 1301 54 1247 196 162 142 1051 54 51 1000 121 879 340 293 161 88 73 49 539 132 91 53 469 247 204 222 122 54 111 74 44 100 47 93 48 73 42 70 43 68 88 53 73 53 43 79 47 45 64 41
internal_count=1355 1326 1301 54 1247 196 162 142 1051 54 51 1000 121 879 340 293 161 88 73 49 539 132 91 53 469 247 204 222 122 54 111 74 44 100 47 93 48 73 42 70 43 68 88 53 73 53 43 79 47 45 64 41
is_linear=0
shrinkage=0.01


Tree=15
num_leaves=51
num_cat=0
split_feature=28 23 21 90 28 14 37 61 25 34 44 6 20 33 34 2 37 39 74 76 91 24 57 26 33 82 24 1 1 62 62 95 34 29 28 61 33 60 37 63 2 5 33 23 23 93 21 28 5 64
split_gain=11.7212 9.7599 8.79121 9.85201 8.68698 8.19443 7.22327 8.25614 7.17778 6.98592 6.93181 11.7517 7.33451 6.3747 8.37386 8.22443 7.52991 9.38648 7.05954 6.26267 8.45183 8.32416 5.78799 7.26536 5.75876 6.56914 5.63595 9.05602 6.4288 5.26731 5.53896 5.51936 5.47031 9.0947 8.6276 5.03553 4.89153 6.16117 4.73661 4.46839 4.92308 4.29581 4.26087 4.24208 8.96591 3.76351 3.65714 2.29479 1.88153 1.86667
threshold=22.375000000000004 69.250000000000014 11.875000000000002 1930.8901500000004 23.675000000000004 17125.800000000003 37.750000000000007 32050.900000000005 246.75000000000003 81.250000000000014 1.7544999718666081 2984.3400000000006 2918.1500000000005 64.250000000000014 76.750000000000014 2354.4500000000003 96.750000000000014 170.75000000000003 941.2665208333334 30466.330208333336 29303.536443750003 6.3750000000000009 -0.22252093395631442 104.25000000000001 20.750000000000004 -4.8220000000000018 6.4750000000000005 17765.750000000004 14611.200000000003 1039.9775000000002 831.73650000000009 1.0000000180025095e-35 95.750000000000014 81.250000000000014 28.725000000000005 30563.050000000007 33.250000000000007 1.0895000000000004 92.750000000000014 30329.800000000003 2713.4500000000003 2188.8200000000002 198.75000000000003 9.7500000000000018 44.750000000000007 411.83013157894737 16.325000000000006 21.375000000000004 6571.8050000000012 812.01650000000006
decision_type=2 2 2 2 2 2 2 2 2 2 2 2 2 2 2 2 2 2 2 2 2 2 2 2 2 2 2 2 2 2 2 2 2 2 2 2 2 2 2 2 2 2 2 2 2 2 2 2 2 2
left_child=2 4 -1 5 -2 6 -4 35 10 24 -3 36 13 16 19 -16 18 39 -13 -15 49 -22 -11 -24 -6 -26 27 28 -17 30 32 -31 33 -28 -34 38 -12 -38 -8 40 -18 -39 -23 -27 48 -20 -5 -9 -45 -21
right_child=1 8 3 46 9 -7 7 47 -10 22 11 12 -14 14 15 26 17 -19 45 20 21 42 23 -25 25 43 29 -29 -30 31 -32 -33 34 -35 -36 -37 37 41 -40 -41 -42 -43 -44 44 -46 -47 -48 -49 -50 -51
leaf_value=-0.21183150203230636 -0.016639335519180044 0.025937712364107312 -0.010947833100523354 0.65760606809580435 -0.036122471245030562 -0.065681341961768183 0.93059053268755465 0.008178329568618763 1.514015380426903 -0.016883684713208145 -1.8830922349728305 -0.010789574459842669 -0.25691800785738411 0.0013968360885507943 -2.4310318384621712 -4.7266748541499195e-05 -0.02618419480608877 0.017399688828842158 0.74034448411230969 -0.018870875728836497 0.73086385472861282 -1.143014403602465 0.022262331012226931 -0.042457040074760241 1.1160305152945322 0.54302288042547009 1.2097049265438311 3.1326232233285896 -0.16125628271651635 0.21576289203105567 -0.82049380086977064 -3.8038695693262361e-05 0.12594454385153367 -0.014768340752863077 -1.2980371686609844 -0.0025360996388223045 -4.0063369922952248 0.0011899292167296149 -0.0038332529367826828 -0.00046634167210748794 -0.021809960564690024 -0.060009023408269954 -0.068470115732973402 -0.029028457684406494 0.042460374781094476 0.0014524226355089398 0.020984325538078927 1.0506411388770247 0.0050844098874933017 -0.46369076714748053
leaf_weight=39 25 24 38 21 29 30 29 23 29 28 24 30 29 30 21 27 26 37 29 20 21 23 30 31 22 24 32 20 34 29 22 36 22 22 21 21 32 23 24 27 26 29 23 21 37 39 24 24 20 28
leaf_count=39 25 24 38 21 29 30 29 23 29 28 24 30 29 30 21 27 26 37 29 20 21 23 30 31 22 24 32 20 34 29 22 36 22 22 21 21 32 23 24 27 26 29 23 21 37 39 24 24 20 28
internal_value=-0.000792727 -0.00125227 0.00106227 0.00179487 0.000411985 0.000793651 0.00169811 0.00289256 -0.00178443 0.000991736 -0.0019603 -0.00212276 -0.00163205 -0.00141085 -0.00211137 -0.00111888 0 -0.00172414 0.00204082 -0.00406897 -0.00513043 -0.00283582 -0.00123596 0.000491803 0.00228758 0.00322581 -0.000641509 -0.00283951 -0.0047541 0.000326087 -0.00092437 0.00261538 0.000103093 0.00222222 -0.00255814 0.000810811 -0.00518519 -0.00404762 0.00245283 -0.00367089 -0.00538462 -0.00192308 -0.00521739 0.00215686 0.00102564 0.00382353 0.006 0.00617021 -0.00219512 -0.00833333
internal_weight=1375 1102 273 234 267 189 159 121 835 242 806 782 674 645 431 286 214 116 98 145 115 67 89 61 153 124 265 81 61 184 119 65 97 54 43 74 108 84 53 79 52 52 46 102 78 68 45 47 41 48
internal_count=1375 1102 273 234 267 189 159 121 835 242 806 782 674 645 431 286 214 116 98 145 115 67 89 61 153 124 265 81 61 184 119 65 97 54 43 74 108 84 53 79 52 52 46 102 78 68 45 47 41 48
is_linear=0
shrinkage=0.01


Tree=16
num_leaves=55
num_cat=0
split_feature=60 1 10 93 83 13 39 1 24 19 90 39 86 75 46 11 11 31 98 42 10 77 19 10 76 43 42 1 66 80 13 26 63 90 17 77 80 83 19 17 90 22 24 57 1 19 17 40 81 24 24 1 22 17
split_gain=11.9474 12.7149 10.1082 10.5949 9.3357 8.96449 9.52052 8.31598 7.97573 8.21654 7.92707 7.85883 9.59429 9.43829 7.79213 7.59974 7.95576 7.4927 7.35092 6.96254 6.7448 7.1796 6.70314 10.5113 6.58554 6.41212 6.38242 5.95279 7.48267 8.03947 5.50894 5.3415 5.56341 6.88805 5.37841 6.71825 7.02931 4.8925 4.83278 4.72076 7.01671 4.5413 4.37647 4.17096 4.12857 4.04739 4 3.69304 3.65714 3.6 3.04621 2.28887 1.718 1.01739
threshold=1057.3755000000003 16020.050000000001 30760.950000000004 422.61828947368429 2447.4999999999986 13433.200000000003 243.75000000000003 17796.431000000004 4.2250000000000005 1940.3000000000004 1521.1192500000004 165.25000000000003 0.060000000000000012 219.13993730089786 98.259998321533217 35410.700000000004 36493.55000000001 12.075000000000001 0.56597222222222232 104.47499847412111 32585.050000000007 3936.3282659778702 1522.5500000000004 29476.450000000004 33902.805208333339 74.439998626708999 193.75000000000003 12218.35 1266.1170000000004 27810.113541666669 2792.8500000000008 107.25000000000001 34067.750000000007 1198.2694500000005 13.050000000000002 3758.7677245968853 36267.34687500001 1845.8000000000013 744.4000000000002 166.70000000000002 1906.0555500000003 87.250000000000014 9.2250000000000014 1.0000000180025095e-35 15365.750000000002 946.10000000000002 50.850000000000001 98.750000000000014 3882.6867789077414 11.625000000000002 9.9250000000000025 15895.950000000003 89.750000000000014 219.70000000000002
decision_type=2 2 2 2 2 2 2 2 2 2 2 2 2 2 2 2 2 2 2 2 2 2 2 2 2 2 2 2 2 2 2 2 2 2 2 2 2 2 2 2 2 2 2 2 2 2 2 2 2 2 2 2 2 2
left_child=5 2 15 11 17 6 8 50 10 27 -1 12 -4 30 -15 24 -17 18 47 -9 21 -13 23 -18 26 -12 37 52 29 -29 -14 32 33 42 -35 48 -37 38 -2 40 -22 -41 -31 -43 -33 -6 -39 -3 -36 -30 -7 -11 -10 -16
right_child=1 4 3 -5 45 7 -8 19 9 51 25 20 13 14 53 16 22 -19 -20 -21 39 -23 -24 -25 -26 -27 -28 28 49 31 -32 44 -34 34 35 36 -38 46 -40 41 -42 43 -44 -45 -46 -47 -48 -49 -50 -51 -52 -53 -54 -55
leaf_value=-0.026057378772838615 0.83754621541049989 2.2480569612468582 0.019766768574657392 -0.39920057787167323 0.024606199996851416 0.020381434672993658 1.8912449644303178 0.11135343068519042 -1.0884422119464057 -0.26353058230770943 -0.0039292816605455937 0.032685860333607354 0.0043994746026648334 -0.013539524674912823 -0.036744848130423322 0.56132827026696397 -0.016659886413372179 -0.0028329503021602359 0.00032852491004588041 -1.2543268607720448 0.0032288647611411299 -0.00016294528871633871 0.035129419772022927 0.00400081052991737 -1.6967989305752553 0.062008873223476792 0.038727762403358276 0.023326046580468152 0.022676352057945857 -1.3190906589554312 -0.0065134903861892648 -1.6682118164896225 -0.0041648029801897926 0.00037316628492494765 -0.57436071669443334 0.019591019611165689 -0.20821214069197441 -0.80922560195915672 -0.086164734286356778 -0.021742135384654863 -0.0087777551116998385 -0.0060093086451050047 -1.3489986652056301 0.02634911022225845 0.33772388571892847 -0.029017447892409468 0.00010207702932889934 0.72355521618132668 -0.20315650351070833 -0.0020925372041024617 4.9282697976743242 -1.7073812652760803 -0.94493835213949073 -0.024425361613927436
leaf_weight=21 20 39 27 33 20 22 32 33 21 21 20 27 21 24 20 27 23 25 22 23 27 25 27 30 22 24 39 29 20 31 20 20 37 31 24 36 23 25 26 22 20 20 20 21 36 21 20 21 21 20 21 29 20 26
leaf_count=21 20 39 27 33 20 22 32 33 21 21 20 27 21 24 20 27 23 25 22 23 27 25 27 30 22 24 39 29 20 31 20 20 37 31 24 36 23 25 26 22 20 20 20 21 36 21 20 21 21 20 21 29 20 26
internal_value=-0.000647273 0.000216216 -0.000439189 -0.00159159 0.00283784 -0.00165354 -0.00216418 0.00111111 -0.0025 -0.00298405 0.000769231 -0.001 -0.00275362 -0.00405405 -0.00628571 0.00104247 0.00308411 0.00439252 0.00585366 -0.00142857 0.000493827 0.00346154 0.0015 -0.000566038 -0.000394737 0.00318182 0.000461538 -0.00249357 -0.00206897 -0.0025974 -0.000243902 -0.00311828 -0.00381166 -0.00451613 -0.00333333 -0.00442308 -0.00220339 -0.000989011 0.00130435 -0.000909091 0.00148936 -0.00269841 -0.00764706 -0.000731707 -0.000357143 -0.00121951 -0.00333333 0.00766667 -0.00733333 0.002 0.0044186 -0.0068 -0.00609756 -0.00869565
internal_weight=1375 740 592 333 148 635 536 99 504 439 65 300 138 111 70 259 107 107 82 56 162 52 80 53 152 44 130 389 348 308 41 279 223 186 135 104 59 91 46 110 47 63 51 41 56 41 45 60 45 40 43 50 41 46
internal_count=1375 740 592 333 148 635 536 99 504 439 65 300 138 111 70 259 107 107 82 56 162 52 80 53 152 44 130 389 348 308 41 279 223 186 135 104 59 91 46 110 47 63 51 41 56 41 45 60 45 40 43 50 41 46
is_linear=0
shrinkage=0.01


Tree=17
num_leaves=56
num_cat=0
split_feature=20 11 4 87 20 6 83 41 10 29 72 38 38 24 30 27 40 31 98 68 34 6 29 81 2 68 72 35 28 10 61 28 2 43 28 34 2 2 81 81 28 98 20 32 32 98 37 98 68 98 41 11 62 66 5
split_gain=12.9138 11.1744 10.8631 9.36639 10.5299 9.30532 9.2442 8.86104 8.54445 7.79951 8.12155 10.9972 10.9289 10.5245 7.94986 7.33275 7.12296 7.11648 7.041 9.30734 8.69542 9.83573 7.33054 9.38487 10.0616 6.75755 10.0559 10.9358 9.36005 8.10554 9.27993 7.81129 6.87449 6.68708 6.53333 6.26098 6.20887 6.16579 5.76621 5.60667 5.25762 5.19064 7.17389 8.9181 6.4 5.82234 5.15714 5.10774 4.94164 4.61092 4.53128 3.42857 3.28646 3.1094 2.81577
threshold=2217.7000000000003 35254.55000000001 12054.740000000002 0.42708333333333343 2419.3000000000006 5380.005000000001 1751.9499999999991 109.25000000000001 32004.800000000007 67.750000000000014 1661.6500000000003 8.3750000000000018 4.7250000000000014 3.0750000000000006 40.250000000000007 68.750000000000014 33.750000000000007 6.4750000000000005 0.92708333333333348 901.74750000000006 72.750000000000014 7317.8650000000007 73.250000000000014 3896.5610233226021 2855.8000000000006 1200.0500000000002 951.00000000000011 26.275000000000002 25.225000000000005 35728.05000000001 36505.950000000004 24.175000000000004 2658.1000000000004 76.075000762939467 21.075000000000006 97.250000000000014 3051.0500000000006 2585.9000000000005 3940.6725049800284 4175.2337236371568 26.425000000000004 0.16319444444444445 892.45000000000016 170.25000000000003 195.75000000000003 0.086805555555555566 99.750000000000014 0.57986111111111127 1467.0000000000002 0.27430555555555564 71.250000000000014 40092.950000000004 450.59250000000003 1250.2500000000002 4769.4850000000006
decision_type=2 2 2 2 2 2 2 2 2 2 2 2 2 2 2 2 2 2 2 2 2 2 2 2 2 2 2 2 2 2 2 2 2 2 2 2 2 2 2 2 2 2 2 2 2 2 2 2 2 2 2 2 2 2 2
left_child=1 2 16 4 -2 6 8 9 -6 38 11 13 -12 -11 50 -14 17 -1 19 20 -18 49 -21 24 33 26 27 32 31 -29 36 34 -16 40 -27 -9 -31 -25 -3 -36 -24 45 43 -43 -44 46 -13 -8 -5 -22 -15 -40 -34 -28 -39
right_child=3 7 -4 48 5 -7 47 35 -10 10 12 41 15 14 25 -17 18 -19 -20 22 21 -23 23 37 -26 28 53 29 -30 30 -32 -33 52 -35 39 -37 -38 54 51 -41 -42 42 44 -45 -46 -47 -48 -49 -50 -51 -52 -53 -54 -55 -56
leaf_value=-0.77937310496122347 -0.092956039132007756 -0.91573936437993997 -0.042300207410856182 -0.24913466453112748 -0.0052748954405671582 0.028182491132147987 -0.042238939010438771 -0.13314298604243013 0.0091324326356224273 -0.020221695677935841 0.0044668898329560999 0.029711623136249497 -4.5892737639552359e-05 0.71379535775537084 -0.0024135262562131783 -0.012284897334183366 3.821696596165209 -0.029807104551127339 0.016262572223823019 -4.0302688131519373 -2.226047069313482 0.91907928651871151 -0.00094208629490364173 -0.4270281732987965 0.027839272917422268 -0.0024756252315942472 -1.1442491513708937 -0.2061300192850547 0.034241440923048913 -0.084544230655924507 -0.025356092008171856 -0.0019130363716006848 0.64059875058973159 0.019669491545668792 0.0019745784466165877 0.003070065992430157 5.6998026771367725 -0.31024155376994955 -0.087212095486280172 1.4572100392050669 -3.6298141045301326 -0.00059418772527885589 0.0023845229560073827 0.037768737507716088 -0.80648922071508111 1.530908339427574 4.1899801097217839 -0.00023896786688299665 -3.3231048734704065 -0.0031740989790773767 0.13244134546150349 2.033479627910749 2.2884199273319985 -0.0060483057467366876 -1.2894335933947227
leaf_weight=21 25 20 30 29 22 29 37 29 21 21 22 36 38 26 24 33 38 22 23 20 20 20 23 28 22 21 23 27 36 22 26 22 23 31 24 23 23 20 21 25 22 20 20 23 20 22 20 24 23 23 24 21 24 20 23
leaf_count=21 25 20 30 29 22 29 37 29 21 21 22 36 38 26 24 33 38 22 23 20 20 20 23 28 22 21 23 27 36 22 26 22 23 31 24 23 23 20 21 25 22 20 20 23 20 22 20 24 23 23 24 21 24 20 23
internal_value=-0.000574545 -0.00016309 -0.0015544 -0.00285714 -0.00164557 -0.000526316 -0.00192308 0.000526316 0.00162791 0.000811554 0.00112782 0.00157343 -0.0016129 0.000705596 0.00107692 -0.00352113 -0.00106742 -0.00488372 -0.000543131 -0.000965517 0.00148515 -0.000793651 -0.00227513 -0.00159763 0.000408163 0.000529412 -0.000566038 0.000532544 0.00234375 -0.00163265 0.000140845 0.000652174 0.00352113 -0.00131579 0.00228571 -0.00346154 0.00288889 -0.0043662 -0.00258065 0.00428571 -0.00377778 0.00378882 0.00204819 0.00488372 -0.001 0.00564103 0.00392857 -0.00442623 -0.00653846 -0.00348837 0.0048 -0.00047619 0.00574468 -0.00488372 -0.00674419
internal_weight=1375 1165 386 210 158 133 104 779 43 727 665 572 93 411 390 71 356 43 313 290 101 63 189 169 98 340 212 169 128 98 71 92 71 76 70 52 45 71 62 49 45 161 83 43 40 78 56 61 52 43 50 42 47 43 43
internal_count=1375 1165 386 210 158 133 104 779 43 727 665 572 93 411 390 71 356 43 313 290 101 63 189 169 98 340 212 169 128 98 71 92 71 76 70 52 45 71 62 49 45 161 83 43 40 78 56 61 52 43 50 42 47 43 43
is_linear=0
shrinkage=0.01


Tree=18
num_leaves=52
num_cat=0
split_feature=44 74 24 13 40 13 65 24 23 63 83 0 33 46 46 41 24 10 40 72 98 38 38 23 83 65 24 38 32 27 65 98 83 38 77 24 70 46 26 80 16 85 40 79 8 16 29 73 63 10 2
split_gain=7.45991 7.99811 8.3616 8.61901 8.28989 7.67499 8.11776 6.38024 7.18796 6.32186 11.3473 8.04994 8.93659 12.9452 8.29252 8.29138 11.5513 8.20421 7.4439 7.24339 7.1444 6.82748 6.97952 6.72969 6.63625 7.54766 8.22085 8.62866 5.63371 6.34196 6.57655 7.16367 5.54113 5.53412 8.37197 5.2693 5.45181 5.48505 9.82009 7.25624 6.39212 6.47675 4.79683 4.58394 4.55633 4.48 4.42369 3.42274 2.99521 2.5 0.514286
threshold=1.6710000038146975 718.70588541666677 3.0750000000000006 11373.950000000003 165.25000000000003 13649.750000000002 32341.350000000002 13.575000000000001 3.2500000000000004 26398.700000000001 431.5999999999986 31460.100000000002 17.750000000000004 103.84499740600587 106.5550003051758 95.250000000000014 8.6250000000000018 30728.000000000004 94.750000000000014 1456.5065000000002 0.21180555555555561 7.7750000000000012 6.0250000000000012 73.250000000000014 968.10000000000048 26536.150000000005 4.8250000000000011 3.0750000000000006 256.75000000000006 18.250000000000004 28451.350000000002 0.69791666666666674 1408.6000000000006 4.9750000000000005 3855.9511164834348 4.0750000000000011 1099.1000000000001 104.814998626709 29.250000000000004 28573.597569444446 5846.9500000000007 1502.4000000000003 82.750000000000014 594.37425965232001 413.47486842105269 4781.7000000000007 84.750000000000014 1114.1540000000002 28252.750000000004 35582.850000000006 3186.1500000000001
decision_type=2 2 2 2 2 2 2 2 2 2 2 2 2 2 2 2 2 2 2 2 2 2 2 2 2 2 2 2 2 2 2 2 2 2 2 2 2 2 2 2 2 2 2 2 2 2 2 2 2 2 2
left_child=-1 4 46 9 5 7 -7 8 -2 10 -4 24 13 -13 15 17 -17 -14 42 -15 -20 22 32 -22 -11 -26 -27 -28 29 -29 45 -32 -12 -25 -35 -10 37 39 -39 -37 50 -42 47 -5 -9 -31 -3 -19 -47 -43 -41
right_child=1 2 3 43 -6 6 -8 44 35 11 21 12 14 19 -16 16 -18 18 20 -21 23 -23 -24 33 25 26 27 28 -30 30 31 -33 -34 34 -36 36 -38 38 -40 40 41 49 -44 -45 -46 48 -48 -49 -50 -51 -52
leaf_value=1.0148008514426732 0.060308841778313499 -0.2610263920565169 -0.18885256247420976 0.0039773609237931159 2.4404186285746956 4.106431750587328 -0.091489132405839266 0.64589377827041361 -0.00010326408603098968 -0.30949862406030737 0.85639601024437473 -0.015104642524980597 0.03739105013263893 1.0746844961729907 -0.0082837610556042128 0.040735987260789093 -1.4957773221375723 0.023167365686371923 -0.15082630144994963 -0.0010405320093773928 0.14907306337327803 0.027985788170079573 -0.0074017957322775416 0.0097468712698242869 0.44638508525793025 0.17270600596612298 0.028320382473707013 -0.47018673366186209 -2.8525427311199234 -0.073088164196452823 0.042972210454050364 -0.019452591290243192 0.0023653117809247282 0.002330113472384016 -0.15401865241072685 -0.030035000185946226 0.0044259513795630867 -1.4654468429061354 0.0037094859574056827 -1.6710077342200516 -0.031406751130210166 -0.041385334737414362 0.35706140018599525 0.049324493564912066 -0.030825468725118554 0.0015058604229243122 -0.010144370609793887 -0.00042389940422851615 -0.02259780867801843 -0.071104886471255818 -2.8174235259935188
leaf_weight=21 21 20 20 26 21 35 37 25 39 22 22 39 39 21 37 20 23 27 26 27 35 33 23 25 23 20 21 24 22 20 38 23 20 31 29 36 23 26 38 36 33 20 21 29 24 21 21 23 29 20 20
leaf_count=21 21 20 20 26 21 35 37 25 39 22 22 39 39 21 37 20 23 27 26 27 35 33 23 25 23 20 21 24 22 20 38 23 20 31 29 36 23 26 38 36 33 20 21 29 24 21 21 23 29 20 20
internal_value=-0.000676364 -0.000768095 -0.000222222 -1.16414e-05 -0.00185022 -0.00214781 0.000833333 -0.00274238 -0.00326923 -0.000273632 0.00186441 -0.000641399 0.000212766 -0.00264368 0.000952381 0.00150502 -0.00255814 0.0021875 0.00142857 0.000833333 0.000136986 0.00326531 0.00138462 0.00116667 -0.00201521 -0.00153527 -0.00211009 -0.00272727 -0.00344633 -0.00277419 -0.0019084 0.000491803 0.00380952 -0.000352941 -0.002 -0.00367698 -0.00420635 -0.00467249 -0.0021875 -0.00563636 -0.00674419 -0.00479452 0.00408451 0.00381818 0.000612245 -0.004 -0.00463415 0.0024 -0.0024 -0.0075 -0.00928571
internal_weight=1375 1354 900 859 454 433 72 361 312 804 118 686 423 87 336 299 43 256 217 48 146 98 65 120 263 241 218 198 177 155 131 61 42 85 60 291 252 229 64 165 129 73 71 55 49 70 41 50 50 40 56
internal_count=1375 1354 900 859 454 433 72 361 312 804 118 686 423 87 336 299 43 256 217 48 146 98 65 120 263 241 218 198 177 155 131 61 42 85 60 291 252 229 64 165 129 73 71 55 49 70 41 50 50 40 56
is_linear=0
shrinkage=0.01


Tree=19
num_leaves=52
num_cat=0
split_feature=20 2 87 20 71 31 5 38 7 83 25 31 31 22 31 22 25 83 1 81 73 37 37 83 39 87 37 71 66 1 75 66 83 32 66 22 26 8 37 2 38 13 39 38 20 37 98 98 31 21 81
split_gain=13.5067 9.35325 8.86108 7.77857 7.61555 8.53616 12.3023 8.66209 12.0698 7.47353 6.53459 6.10323 9.27312 5.92708 6.69848 5.80965 5.48973 5.59507 12.093 7.68425 6.76444 6.81894 6.3913 5.80987 9.04886 9.02686 6.40319 6.33916 7.87925 6.13653 8.58447 8.46886 8 5.76136 5.33597 5.14286 4.99354 4.96243 4.60491 5.89388 10.8 5.60667 4.45482 4.29758 5.68725 4.2185 3.92 3.44402 3.20417 2.69617 2.34578
threshold=2201.9000000000005 3607.2500000000005 0.42708333333333343 2419.3000000000006 1144.9860000000001 7.3250000000000011 4833.6550000000016 8.2750000000000021 46.995000000000012 1334.5999999999988 28.250000000000004 3.8750000000000004 5.1250000000000009 91.750000000000014 10.575000000000001 62.250000000000007 16.750000000000004 1534.8000000000013 12338.400000000001 4490.0411634411903 1025.7000000000003 76.250000000000014 98.750000000000014 2900.3500000000026 222.25000000000003 0.59375000000000011 65.250000000000014 1.3660000000000003 1.0000000180025095e-35 15294.550000000001 446.95139031296554 962.50000000000011 2253.2000000000012 190.75000000000003 929.90000000000009 86.250000000000014 20.750000000000004 423.26486486486493 47.250000000000007 2590.7000000000003 4.9750000000000005 7159.4500000000016 206.25000000000003 5.2250000000000005 916.70000000000016 87.750000000000014 0.086805555555555566 0.32986111111111116 12.375000000000002 17.975000000000005 4164.8853729157281
decision_type=2 2 2 2 2 2 2 2 2 2 2 2 2 2 2 2 2 2 2 2 2 2 2 2 2 2 2 2 2 2 2 2 2 2 2 2 2 2 2 2 2 2 2 2 2 2 2 2 2 2 2
left_child=4 2 3 -2 15 6 43 8 48 -5 -11 -8 -13 14 -9 -1 -17 19 -19 20 21 42 34 24 27 -25 50 28 35 30 -30 -32 -31 -24 -23 -20 -12 -10 -29 -40 -41 -42 -18 -6 -45 -28 -37 -22 -7 -4 -26
right_child=1 -3 49 9 5 7 11 13 37 10 36 12 -14 -15 -16 16 17 18 23 -21 47 22 33 25 26 -27 45 38 29 32 31 -33 -34 -35 -36 46 -38 -39 39 40 41 -43 -44 44 -46 -47 -48 -49 -50 -51 -52
leaf_value=0.27555692259835923 -0.057860582030211508 0.0098923077074225436 -3.1316534120259973 0.012118398685352931 0.47738528591528123 -0.0046386771574831445 0.91957804225318596 -0.0057666938491361249 0.64922442228883626 -0.015449347610144827 0.0020562035405248063 -0.057871386570553136 0.0021781373232925933 0.0157260360002584 0.0048847077683229967 -0.54881099409092038 4.219823816181357 -1.1335028741313979 0.015492120614096027 -0.032664583958774938 -1.9522925397938649 -0.98765519095991405 1.146235818549532 1.7442080090654037 -1.0315867384039792 -0.59624712017999193 1.2211001696683776 0.034229806233535894 -0.8235724203522673 0.68212255200444571 1.5875646262291974 -0.00073572114358464347 0.0076841472652474461 0.0021811603393099626 0.018246409347682766 -0.031092683618908063 -0.021824152694957522 -0.0029304512661164593 -1.4339690540194456 0.11117892296495903 -0.0013469638408869201 -0.39802052511987202 0.0096494025571260428 0.011293651515317138 0.00031698581453648035 -0.021777652621785774 -0.051817759911887383 0.00074961938355977724 -0.0039602135877188395 -5.7181168672747402 -0.43534187511464723
leaf_weight=24 28 29 22 27 33 39 31 20 30 38 27 24 31 23 23 20 21 27 20 35 20 24 22 32 27 26 22 20 29 36 24 28 36 32 22 25 20 23 28 21 24 25 25 26 27 38 25 31 20 25 20
leaf_count=24 28 29 22 27 33 39 31 20 30 38 27 24 31 23 23 20 21 27 20 35 20 24 22 32 27 26 22 20 29 36 24 28 36 32 22 25 20 23 28 21 24 25 25 26 27 38 25 31 20 25 20
internal_value=-0.000574545 -0.00287037 -0.00368984 -0.00242857 -0.000146678 0.00108571 0.00267442 -0.000449438 -0.00214286 -0.00125 -0.00270588 0 -0.002 0.00242424 0.000232558 -0.000679852 -0.000828025 -0.00069281 -0.00125704 0.000603448 0.00137056 0.00246575 0.001 -0.000909091 -0.00129464 0.00206897 -0.00383178 -0.000498534 0.000493274 0.00176471 -0.000123457 0.00230769 0.00388889 0.00333333 -0.00173913 -0.00228571 -0.000212766 0.00132075 -0.00237288 -0.00326531 -0.00171429 -0.00428571 0.00565217 0.00534884 0.00358491 -0.00166667 -0.004 -0.00176471 -0.00525424 -0.00744681 -0.00659574
internal_weight=1375 216 187 140 1159 350 172 178 112 112 85 86 55 66 43 809 785 765 533 232 197 146 100 506 448 58 107 341 223 153 81 52 72 54 46 70 47 53 118 98 70 49 46 86 53 60 50 51 59 47 47
internal_count=1375 216 187 140 1159 350 172 178 112 112 85 86 55 66 43 809 785 765 533 232 197 146 100 506 448 58 107 341 223 153 81 52 72 54 46 70 47 53 118 98 70 49 46 86 53 60 50 51 59 47 47
is_linear=0
shrinkage=0.01


Tree=20
num_leaves=55
num_cat=0
split_feature=20 29 16 75 76 16 20 20 21 34 38 23 81 75 28 29 23 20 16 36 39 75 94 94 39 67 25 21 26 70 25 75 85 98 11 70 39 32 2 73 26 13 65 67 16 23 91 34 70 17 70 30 73 11
split_gain=10.9081 12.2348 12.8598 10.463 9.24984 9.7568 9.61635 8.98688 8.75809 9.3645 8.30308 7.95815 8.68888 7.62878 6.90008 7.53846 6.7582 7.97813 6.9463 8.03694 6.61509 6.24684 5.99303 7.65915 6.86485 5.88336 5.76176 6.65581 10.2934 5.90397 5.66337 5.58945 5.79484 9.54469 10.859 7.60569 11.2661 15.8025 5.44444 5.00017 4.92162 4.80159 4.64289 4.54876 4.11133 3.82132 4.2496 3.6 3.6 3.55102 3.6 3.19685 3.09594 1.71163
threshold=1844.6000000000001 89.250000000000014 7024.7500000000009 127.43989030754896 26900.043750000001 5471.3000000000011 456.65000000000003 787.55000000000007 28.825000000000006 75.750000000000014 8.5250000000000021 47.250000000000007 4375.2417768354198 258.10596929874441 29.475000000000005 84.250000000000014 3.2500000000000004 1477.7000000000003 6484.6500000000005 89.250000000000014 121.75000000000001 133.13504649887975 464379.27715875016 512760.84628031263 129.25000000000003 29102.100000000002 16.750000000000004 21.075000000000006 59.250000000000007 1400.9750000000001 32.250000000000007 676.52710163964014 1469.7500000000002 0.64236111111111127 37105.450000000004 1291.6605000000002 179.75000000000003 256.75000000000006 2834.1500000000005 1438.8910000000003 1.7500000000000002 11810.200000000003 27011.500000000004 29481.900000000005 5169.2000000000007 99.750000000000014 29520.579743750004 83.750000000000014 928.10000000000014 14.800000000000002 888.66700000000003 95.250000000000014 719.17000000000019 33136.700000000004
decision_type=2 2 2 2 2 2 2 2 2 2 2 2 2 2 2 2 2 2 2 2 2 2 2 2 2 2 2 2 2 2 2 2 2 2 2 2 2 2 2 2 2 2 2 2 2 2 2 2 2 2 2 2 2 2
left_child=1 4 21 -2 5 48 8 10 13 -10 11 -8 14 42 15 47 -9 25 19 38 39 -3 -22 -24 -25 -18 -23 43 29 -29 -26 32 51 35 -35 36 -34 41 -19 40 44 -38 -6 -28 -5 46 -32 -13 -1 50 -15 -27 -12 -51
right_child=3 2 -4 20 6 -7 7 16 9 -11 52 12 -14 49 -16 -17 17 18 -20 -21 22 26 23 24 30 31 27 28 -30 -31 45 -33 33 34 -36 -37 37 -39 -40 -41 -42 -43 -44 -45 -46 -47 -48 -49 -50 53 -52 -53 -54 -55
leaf_value=0.85874595920243579 0.012205025095011186 0.010750637383650188 -0.0063492188978462351 -0.67475072594721563 0.013246062399654991 -0.019263565704608528 3.448966083841932 0.53865277760485675 3.1208937186423773 -0.20951461788394432 0.072204009677833025 0.085674933346154739 -2.445510632191366 -0.12738802192332283 -4.7989663518984553 -0.020508450284153181 -0.019319232748824987 0.0011680906532279373 -0.043109399189932895 -0.0069859649978981295 0.0095372872195912239 -0.0079213687045881307 -2.3304266473283373 -1.0978081658645888 0.0044268254244204455 -0.032337938119187185 0.027548669928376197 0.046574124431855324 0.55541220592001439 -0.009199255936295378 -0.0017394772982584875 -0.031012909114043256 -0.74113369440600496 -0.0028368518187166765 -0.01863417605553187 3.0723468242790379 0.077798431898288112 -0.028785762104701282 0.29139242315761382 -0.14504088738639695 0.019461453521191628 3.726406832062314 -0.64881802773444075 1.13715814925026 0.0089718659791993855 -3.2036008151898567 -0.13167756887265269 2.5285189141140645 0.021071158784265381 -5.7767546222359742 -1.842704764157268 -0.17634521341827447 0.025905516552685835 -0.02815946322431382
leaf_weight=20 26 22 34 24 21 23 23 28 22 20 22 20 25 20 21 25 22 25 20 21 24 21 28 20 38 21 25 29 21 21 33 33 31 28 24 27 24 36 20 28 27 21 29 29 22 28 24 20 20 23 20 29 21 20
leaf_count=20 26 22 34 24 21 23 23 28 22 20 22 20 25 20 21 25 22 25 20 21 24 21 28 20 38 21 25 29 21 21 33 33 31 28 24 27 24 36 20 28 27 21 29 29 22 28 24 20 20 23 20 29 21 20
internal_value=-0.000630096 -0.000126582 0.00207921 -0.00223602 -0.000666667 0.00301587 -0.000971129 -0.000357751 -0.00302857 0.000952381 0.00152542 0.000298507 -0.000810811 -0.00428571 0.000697674 0.00230769 -0.00117073 -0.00151832 0.00116279 0.00272727 -0.00277027 0.00321429 -0.00384615 -0.00450292 -0.00356643 -0.0022973 0.00246575 0.00328 0.00126761 -0.0012 -0.00268293 -0.00189781 -0.00136929 -0.000575916 -0.00423077 0.000791367 -0.000357143 0.00160494 0.00511111 -0.000693069 0.000684932 0.00555556 -0.0012 0.00592593 -0.00130435 -0.00411765 -0.00263158 0.005 0.006 -0.00614458 -0.004 -0.0044 0.00534884 -0.00813953
internal_weight=1349 1027 202 322 825 63 762 587 175 42 177 134 111 133 86 65 410 382 86 66 296 168 195 171 143 296 146 125 71 50 123 274 241 191 52 139 112 81 45 101 73 45 50 54 46 85 57 40 40 83 40 50 43 43
internal_count=1349 1027 202 322 825 63 762 587 175 42 177 134 111 133 86 65 410 382 86 66 296 168 195 171 143 296 146 125 71 50 123 274 241 191 52 139 112 81 45 101 73 45 50 54 46 85 57 40 40 83 40 50 43 43
is_linear=0
shrinkage=0.01


Tree=21
num_leaves=52
num_cat=0
split_feature=36 75 39 6 10 27 68 33 24 24 75 32 63 6 4 88 29 91 75 22 88 44 37 24 24 10 70 79 82 44 68 20 0 91 22 83 59 88 33 98 43 6 37 71 93 71 23 10 98 79 38
split_gain=8.8157 8.26916 13.8396 9.17684 8.92142 13.5698 10.2273 9.12713 9.38314 8.5337 8.41539 12.085 12.7034 8.27142 7.72774 7.12184 6.9297 9.71985 6.86304 6.66017 6.5793 8.41874 6.56404 6.37594 6.21916 6.04219 6.60802 5.72484 6.25541 5.56735 6.08813 5.25276 5.23987 7.46667 5.21967 5.0944 5.0918 4.68941 4.60213 4.4361 6.05962 5.11364 4.37576 3.95727 3.92567 3.80581 3.10303 2.91255 2.68227 3.8016 1.67828
threshold=92.250000000000014 133.13504649887975 220.25000000000003 2827.7500000000005 30979.850000000002 70.750000000000014 913.85000000000014 213.75000000000003 10.475000000000001 14.225000000000001 430.69128572653102 99.750000000000014 27833.500000000004 5719.5350000000008 1586.6750000000002 4006.8697916666674 80.750000000000014 28786.382381250001 605.26502791907944 87.750000000000014 7661.0160416666668 4.0290000438690194 57.250000000000007 4.3750000000000009 12.125000000000002 28667.100000000002 1357.7240000000002 443.34667917477304 6.4560000000000182 2.6384999752044682 1430.9115000000004 825.20000000000016 29481.900000000005 30553.478087500003 91.250000000000014 2583.8999999999983 -0.24999999999999994 14679.494791666668 48.750000000000007 0.052083333333333336 74.200000762939467 8610.8350000000009 90.750000000000014 1.0040000000000002 411.30882352941182 394.50000000000006 92.750000000000014 36182.650000000009 0.49652777777777785 343.50683039064285 6.6250000000000009
decision_type=2 2 2 2 2 2 2 2 2 2 2 2 2 2 2 2 2 2 2 2 2 2 2 2 2 2 2 2 2 2 2 2 2 2 2 2 2 2 2 2 2 2 2 2 2 2 2 2 2 2 2
left_child=1 2 24 14 5 9 46 10 -9 13 15 29 -13 18 -3 -6 17 -14 25 22 21 -15 -17 -19 34 26 -5 28 -24 -12 -31 -25 50 -34 36 48 -1 -33 -27 -18 -41 42 -42 -8 -4 -2 -7 -35 49 -21 -16
right_child=45 3 44 4 7 6 43 8 -10 -11 11 12 16 20 32 19 39 23 -20 35 -22 -23 27 31 -26 38 -28 -29 -30 30 -32 37 33 47 -36 -37 -38 -39 -40 40 41 -43 -44 -45 -46 -47 -48 -49 -50 -51 -52
leaf_value=-0.0041718156062116865 -0.01924476148507618 0.034321088071868004 -0.030168944865511933 -0.079828957146176202 0.0060566573071455156 -0.02808143763924489 -0.006701737735313385 2.9242942171988338 -0.14833139610618568 -0.014333053203942934 -0.046818638787627459 0.056547137196899432 -1.7755885483606226 0.46000460017479777 -1.0554783364341691 0.11890724527397054 2.2251665016869784 0.46944735744575378 -0.0022931460539989371 -0.054888874823533572 0.3737725162406626 -0.21769986825997531 0.035629225386596852 0.63218712966114921 0.021236719324133246 0.38892445697567113 1.1291970666185493 -1.5875468774785615 -1.9921834807442202 0.037226893937566868 -0.076987159945219319 -0.06943350056952885 0.0022566357928582438 -0.021178179392238105 0.0081136627073296365 -0.012945483032657809 0.0029652614179145787 0.016844980894203245 0.60176749378420968 -0.031273584246977182 1.7930005627383745e-06 -0.0068797569655764702 0.023596846360435901 -6.2574855088015013 0.00086419065492244877 -0.17110838418900287 0.034458453713609484 -0.48994433986227509 -0.031157435402783543 -0.13452612637464981 -1.7490977273993085
leaf_weight=23 20 21 21 31 31 20 23 27 20 35 25 36 21 34 20 27 25 21 22 26 35 20 22 25 23 38 24 26 20 35 36 37 28 22 32 25 32 24 27 21 22 25 33 21 20 21 24 20 24 37 21
leaf_count=23 20 21 21 31 31 20 23 27 20 35 25 36 21 34 20 27 25 21 22 26 35 20 22 25 23 38 24 26 20 35 36 37 28 22 32 25 32 24 27 21 22 25 33 21 20 21 24 20 24 37 21
internal_value=-0.000555967 -0.000412844 0.00178808 -0.000700086 -0.000380488 0.000903955 -0.0025 -0.00105812 0.00319149 0.00203008 -0.00137821 -0.000466321 0.000551724 0.00272727 -0.00318182 -0.00285714 -0.00023622 -0.001875 0.00422535 -0.00352657 0.000337079 -0.00185185 -0.00157895 -0.000654206 0.00363636 0.00516667 0.00272727 -0.00323529 -0.000952381 -0.00354167 -0.00211268 -0.00186047 -0.00423423 -0.00257143 0.00241379 -0.00517857 0.000545455 -0.00344262 0.00723077 0.00142857 0.00049505 0.00175 0.00345455 -0.00590909 -0.00317073 -0.00512195 0.000909091 -0.0052381 -0.00632184 -0.0052381 -0.00707317
internal_weight=1349 1308 151 1157 1025 354 88 671 47 266 624 386 290 231 132 238 254 128 142 207 89 54 95 107 110 120 55 68 42 96 71 86 111 70 87 112 55 61 65 126 101 80 55 44 41 41 44 42 87 63 41
internal_count=1349 1308 151 1157 1025 354 88 671 47 266 624 386 290 231 132 238 254 128 142 207 89 54 95 107 110 120 55 68 42 96 71 86 111 70 87 112 55 61 65 126 101 80 55 44 41 41 44 42 87 63 41
is_linear=0
shrinkage=0.01


Tree=22
num_leaves=53
num_cat=0
split_feature=77 62 82 68 75 77 28 25 34 25 68 89 0 89 71 42 71 26 20 0 89 94 75 76 20 40 37 5 82 40 68 36 75 33 62 5 8 81 68 10 87 82 8 24 75 97 71 41 42 36 26 60
split_gain=13.7465 9.66717 10.166 9.06851 12.9109 12.1953 13.4865 10.4674 9.52418 8.8585 8.81766 11.5381 9.21866 8.16568 8.11903 7.94975 7.75351 10.7582 8.58782 8.78581 8.95714 7.68332 7.19213 6.85111 7.56447 6.06139 9.25137 5.87359 5.36678 5.33333 5.28357 5.28 7.78465 5.27586 11.6571 5.24787 4.9634 4.95918 4.83741 4.69241 4.68109 4.59522 7.38462 4.53027 4.32133 6.45238 5.34545 3.42857 3.1455 2.70941 2.61905 2.5
threshold=4170.1411525310523 956.88600000000008 -146.97249999999994 1059.7215000000003 133.13504649887975 3488.8538394189 24.625000000000004 15.750000000000002 75.250000000000014 210.75000000000003 1457.2285000000004 1058.9730937500001 30361.100000000002 1489.5638062500002 1184.4090000000003 98.599998474121108 345.30000000000007 1.2500000000000002 1060.6500000000003 26907.800000000003 1587.5844562500001 626318.88887250016 266.4864924226469 29026.057291666672 201.20000000000002 149.25000000000003 99.750000000000014 6354.130000000001 840.40000000000009 114.75000000000001 889.95000000000016 87.750000000000014 561.91335254608578 12.750000000000002 1427.3005000000001 11683.945000000002 415.27973684210531 4324.3633357981971 1121.5380000000002 33266.450000000004 0.44791666666666669 100.50000000000001 417.69184210526322 10.075000000000001 493.67373647313809 0.093750000000000014 0.9840000000000001 74.250000000000014 110.34000015258789 87.250000000000014 35.750000000000007 1142.7500000000002
decision_type=2 2 2 2 2 2 2 2 2 2 2 2 2 2 2 2 2 2 2 2 2 2 2 2 2 2 2 2 2 2 2 2 2 2 2 2 2 2 2 2 2 2 2 2 2 2 2 2 2 2 2 2
left_child=1 16 38 8 13 27 7 -7 48 10 11 12 -2 36 28 -13 18 -18 19 -1 31 -8 37 -19 -25 26 40 43 -14 -10 35 39 -33 -24 -35 -26 -5 -12 -3 -21 51 42 -9 50 49 -46 -47 -22 -4 -20 -6 -17
right_child=9 2 3 4 5 6 21 41 29 -11 22 15 14 -15 -16 25 17 23 44 20 47 -23 33 24 30 -27 -28 -29 -30 -31 -32 32 -34 34 -36 -37 -38 -39 -40 -41 -42 -43 -44 -45 45 46 -48 -49 -50 -51 -52 -53
leaf_value=-0.24421337727112341 -0.012863034586227822 0.43624467452690696 1.4832199919381821 0.023294838445488793 -0.081398448777552729 -0.0083249268771995559 -0.12634038271814027 1.1737063133989361 1.0166685538179008 -1.8830913566288339 -0.013937314681493165 -2.4193548690674338 -0.021289015367324474 -0.0010068291208600322 1.9871231175209396 -2.2359029724527626 -1.5073667620291986 0.029704019616546434 -0.061456020956958117 0.067116638180495167 0.010062556587577294 -0.0062539931339364741 -1.5676515423360922 -2.3714760131595893 1.1738470043053015 0.15584356313576758 0.024113155456733117 0.0027769698581934809 0.74909230463683774 -0.023260900832781966 -0.094109229823472737 -0.091918297611606775 0.39353921419763216 0.0027140137161564505 -0.042476017281546499 -0.027543670949066717 0.0018839386399903007 0.0021324271301246278 0.48074476661289195 0.079623222249136455 -0.025021620135316659 0.0020785027481046822 0.018308611336884453 -0.0095613016546199532 0.021291539180804366 -0.055601935316228722 4.4892620279921579e-05 -0.0064218462267583275 3.5024088449932154 -1.6044389711435361 -0.0088664946131968691 -0.0919116478045989
leaf_weight=39 27 21 23 24 22 20 22 24 20 26 21 24 20 23 23 20 22 28 20 21 21 29 36 38 25 26 25 26 21 30 33 29 31 30 21 21 25 28 22 29 27 37 26 26 35 20 24 21 36 21 20 20
leaf_count=39 27 21 23 24 22 20 22 24 20 26 21 24 20 23 23 20 22 28 20 21 21 29 36 38 25 26 25 26 21 30 33 29 31 30 21 21 25 28 22 29 27 37 26 26 35 20 24 21 36 21 20 20
internal_value=-0.000481838 0.000167715 0.00117647 0.000715935 -0.000123457 -0.00119048 0.000506329 0.00252336 0.00321101 -0.00205063 -0.00165312 -0.000472103 0.00230769 0.00361111 0.004375 -0.00225352 -0.00083682 -0.00257485 9.6463e-05 0.00141361 0.0025 -0.00372549 -0.00367647 -0.00158621 -0.00264957 -0.00118644 -0.0023913 -0.00404255 0.00170732 0 -0.000886076 0.004 0.002 -0.0054023 -0.00333333 0.00130435 0.00591837 -0.000612245 0.00581395 0.0064 -0.00432836 0.00402299 0.006 -0.00558824 -0.002 -0.000632911 -0.00318182 -0.00142857 0.0059322 -0.00463415 -0.00761905 -0.0065
internal_weight=1349 954 476 433 324 252 158 107 109 395 369 233 91 72 64 142 478 167 311 191 152 51 136 145 117 118 92 94 41 50 79 110 60 87 51 46 49 49 43 50 67 87 50 68 120 79 44 42 59 41 42 40
internal_count=1349 954 476 433 324 252 158 107 109 395 369 233 91 72 64 142 478 167 311 191 152 51 136 145 117 118 92 94 41 50 79 110 60 87 51 46 49 49 43 50 67 87 50 68 120 79 44 42 59 41 42 40
is_linear=0
shrinkage=0.01


Tree=23
num_leaves=50
num_cat=0
split_feature=51 66 92 66 2 3 25 7 3 63 90 3 2 88 31 78 92 59 11 62 14 22 25 19 11 19 79 14 22 41 66 20 36 10 11 61 17 11 14 56 2 10 37 7 20 90 11 83 19
split_gain=8.64885 9.84974 9.80948 10.2172 7.98187 8.25648 8.67359 7.42906 7.39748 6.99127 9.87449 9.6153 9.80779 9.17871 8.92901 8.263 7.61905 7.10319 7.04037 7.03037 6.90615 6.41212 5.92194 5.78058 9.00455 8.73181 9.803 8.20399 7.87879 5.57704 6.07143 5.50476 5.12912 4.9 4.81208 4.74374 6.28264 9.89598 6.19503 6.99243 5.96801 5.72841 5.55129 5.18652 4.07765 3.85333 2.5 2.5 1.6
threshold=1.0000000180025095e-35 1052.2935000000002 27750.916156250008 834.05400000000009 2377.7500000000005 12740.250000000002 219.75000000000003 1074.2700000000002 14181.550000000001 32035.250000000004 1005.8013000000003 12853.300000000001 2988.8235000000004 3918.4875000000002 3.6750000000000003 1119.7528854166669 24712.980131250009 0.25000000000000017 42233.200000000004 618.57150000000013 16268.6 89.750000000000014 41.750000000000007 676.80000000000007 40192.05000000001 1118.4000000000003 503.71981019888796 21428.350000000002 88.250000000000014 69.750000000000014 0.10200000000000002 961.00000000000011 87.250000000000014 29273.200000000001 36098.850000000006 32891.600000000013 15.100000000000001 38205.000000000007 12353.050000000001 0.6078576107927941 2981.3000000000006 29156.050000000007 94.250000000000014 112.98500000000001 1280.3500000000001 1781.8825500000005 39389.55000000001 2259.1000000000008 955.90000000000009
decision_type=2 2 2 2 2 2 2 2 2 2 2 2 2 2 2 2 2 2 2 2 2 2 2 2 2 2 2 2 2 2 2 2 2 2 2 2 2 2 2 2 2 2 2 2 2 2 2 2 2
left_child=1 2 4 7 -1 6 44 32 20 11 -11 12 17 -12 16 -15 48 21 19 -16 47 -3 -19 24 34 26 -25 29 -28 -27 -31 -17 -4 -24 -10 36 41 38 -38 42 -37 -21 -40 -43 -6 -2 -32 -7 -13
right_child=45 9 3 -5 5 8 -8 -9 23 10 13 14 -14 15 18 31 -18 22 -20 35 -22 -23 33 25 -26 27 28 -29 -30 30 46 -33 -34 -35 -36 40 37 -39 39 -41 -42 43 -44 -45 -46 -47 -48 -49 -50
leaf_value=-0.44872718710643195 -2.9694255360054354 -0.040434819771108847 0.10115706744605277 -0.41694730782219153 0.012405913820183651 0.0019803309884031763 3.6118054540575897 1.7140964533515228 -0.17931380736578731 -0.021674496651023879 -0.01801108420515754 1.1465958339883233 -0.035094401659568994 0.46451175231672892 -0.2418951562089566 0.044427098434016293 0.0041812927073618649 -0.011057250892093693 0.035256924344812687 -0.0012124147281877334 -0.89867258674138073 0.0026251683410728715 1.6354648916885564 6.8584723948133259 -2.5804805339394727 -0.19967262641751712 1.5564436569720237 0.54909375566103746 -0.049431911174083999 -3.1187578151426338 -0.0027074623270780889 -0.011356537115063381 -0.017194267646820204 0.0018229065647901632 0.032250966278560465 0.034609381193544897 -0.0022037976965947367 -0.0079908180425258754 0.0095533827837505879 -0.0060608429751560326 0.00064880351056268066 0.0032154981536543204 0.029039680838374479 0.028207181701122856 -0.83344193068043226 -2.0449477888067511 -0.050787659022935652 -2.367313782306169 1.6382367152790227
leaf_weight=34 30 24 39 36 23 20 21 25 35 32 20 20 22 29 38 21 30 34 20 20 25 20 20 21 26 39 22 32 30 28 20 35 37 20 23 32 35 38 38 31 30 23 30 21 20 20 20 20 20
leaf_count=34 30 24 39 36 23 20 21 25 35 32 20 20 22 29 38 21 30 34 20 20 25 20 20 21 26 39 22 32 30 28 20 35 37 20 23 32 35 38 38 31 30 23 30 21 20 20 20 20 20
internal_value=-0.000318755 -0.000161663 -0.00110738 0.00124088 -0.00180828 -0.00143529 0.001875 0.00287129 -0.00202216 0.000640114 -0.00138686 0.00113074 -0.00114286 9.52381e-05 0.00187793 0.00152941 0.00514286 0 0.00123596 0.000892857 -0.00507692 -0.00318182 0.00189189 -0.00135135 -0.00357143 -0.000471698 0.00232877 -0.00194245 0 -0.00327103 -0.005 -0.000714286 0.00131579 0.0045 -0.00137931 0.0014094 0.000762712 -0.000232558 0.00104478 0.00232323 0.00387097 0.0034375 0.00411765 0.00545455 -0.000697674 -0.0044 -0.0025 -0.0025 0.008
internal_weight=1349 1299 596 137 459 425 64 101 361 703 137 566 140 105 426 85 70 118 356 336 65 44 74 296 84 212 73 139 52 107 68 56 76 40 58 298 236 172 134 99 62 64 68 44 43 50 40 40 40
internal_count=1349 1299 596 137 459 425 64 101 361 703 137 566 140 105 426 85 70 118 356 336 65 44 74 296 84 212 73 139 52 107 68 56 76 40 58 298 236 172 134 99 62 64 68 44 43 50 40 40 40
is_linear=0
shrinkage=0.01


Tree=24
num_leaves=52
num_cat=0
split_feature=16 19 23 1 90 33 8 30 17 53 87 29 1 3 28 92 73 84 56 73 8 88 7 90 89 88 8 79 87 79 17 1 84 21 84 57 44 1 43 88 26 19 16 8 84 26 59 30 33 26 7
split_gain=7.19294 8.39922 8.70295 7.86891 9.15561 8.04354 10.5629 8.02276 10.3856 10.1247 7.55548 8.16696 8.8041 10.8196 10.811 10.1946 7.44274 7.31254 7.14253 10.8538 8.91297 9.51274 6.69394 6.59148 7.22302 6.50566 7.26721 11.1368 9.62909 6.50116 7.26648 6.36369 6.1801 7.69241 8.73529 6.4639 6.06717 5.68421 8 5.14874 5.11251 5.05556 4.96573 4.9634 4.49557 4.32 4.2964 4 3.89423 2.71515 1.6
threshold=1477.95 1291.3500000000001 7.0000000000000009 12456.700000000003 2017.8112500000004 152.25000000000003 394.89527777777784 62.750000000000007 152.95000000000002 1.5000000000000002 0.42708333333333343 93.750000000000014 14685.350000000002 14325.950000000003 21.025000000000002 23146.724912500005 1058.7 999.46021875000008 0.6078576107927941 1551.3000000000002 404.688253968254 11590.521458333335 164.35500000000005 1074.0964500000002 859.4310562500001 5127.7443750000002 394.89527777777784 533.33254939619667 0.32291666666666669 338.49876529289833 28.100000000000005 12837.950000000003 545.01223958333355 26.975000000000005 320.47737500000005 1.0000000180025095e-35 2.7055000066757207 13712.000000000002 82.674999237060561 6766.4004166666682 96.250000000000014 898.80000000000007 4832.1500000000005 402.51757142857156 1029.1588125000003 19.250000000000004 -0.68301270189221952 98.750000000000014 101.75000000000001 121.50000000000001 30.495000000000005
decision_type=2 2 2 2 2 2 2 2 2 2 2 2 2 2 2 2 2 2 2 2 2 2 2 2 2 2 2 2 2 2 2 2 2 2 2 2 2 2 2 2 2 2 2 2 2 2 2 2 2 2 2
left_child=-1 2 42 4 45 6 -5 8 9 16 11 12 31 36 -15 17 -8 -16 19 20 43 23 -11 -22 -25 -7 49 39 -29 -20 -31 -3 33 34 -12 -35 -14 -33 -39 -28 46 -30 -2 -9 -26 -4 -41 -40 -32 -27 -21
right_child=1 10 3 5 -6 25 7 18 -10 22 32 -13 13 14 15 -17 -18 -19 29 50 21 -23 -24 24 44 26 27 28 41 30 48 37 -34 35 -36 -37 -38 38 47 40 -42 -43 -44 -45 -46 -47 -48 -49 -50 -51 -52
leaf_value=-1.4411000813683383 0.01126884648599538 0.014394937886797732 -1.0330841996634548 -4.5731756108357393 0.0058868320037270159 -0.038624860956817261 0.39198310474302406 0.0095734108615773052 -0.0048846639520138792 -0.070968598723540541 -0.14956597718027631 -0.0082854566713633365 0.015434113547968071 0.87302374515093717 -0.0031847207835152603 0.0065321544337875685 0.00082456183111231712 -0.60271486741774305 0.078456869094894341 0.0065234656443092873 -0.023815907863093108 0.038227940460553562 0.028304130547590702 0.13051176970892481 0.069432475284162562 0.050060622907483462 0.0019155915881631739 3.6324745854965732 -0.024895463072165329 0.040305586935812217 -0.028716349935891412 -0.02754030372367999 -2.5713807210790312 -0.09599434214559921 0.095770949186107346 -1.7576412300711135 0.027460704608581302 0.01149424514891317 -0.0018994183928299946 0.0092511413829504154 -0.092673818413497158 3.1826727027160837 1.4634964926118124 2.5981670806685617 -0.038532922880138154 -0.28829250752569502 -2.0922916993936109 -0.3209722733519359 -0.00024521608765667833 4.2261482018417258 0.018936156813522835
leaf_weight=24 21 24 30 25 32 36 20 25 32 24 34 25 20 21 33 29 21 28 23 20 31 24 20 24 30 22 23 32 39 28 32 20 30 23 32 27 31 30 25 21 31 24 31 24 28 20 20 20 20 20 20
leaf_count=24 21 24 30 25 32 36 20 25 32 24 34 25 20 21 33 29 21 28 23 20 31 24 20 24 30 22 23 32 39 28 32 20 30 23 32 27 31 30 25 21 31 24 31 24 28 20 20 20 20 20 20
internal_value=-0.000407709 -0.000309434 0.000263459 1.21803e-05 -0.00292683 0.000338295 0.00112527 0.00147982 -0.000769231 0.00105882 -0.00141593 -0.000522876 -3.55872e-05 0.00148148 -0.00027027 -0.00177778 0.00463415 -0.00409836 0.00227964 0.00327434 0.00225806 0.000948905 -0.00227273 -0.000265487 0.00121951 -0.00104478 -0.000431034 -0.00126316 0.00115789 9.70874e-05 -0.00125 -0.00210084 -0.00328767 -0.00224138 0 -0.0052 0.00529412 -0.00326316 -0.002 -0.00368421 -0.005 -0.00111111 0.00423077 0.00591837 -0.000689655 -0.0056 -0.00268293 -0.00466667 -0.00346154 0.00333333 0.008
internal_weight=1349 1325 873 821 82 739 471 446 117 85 452 306 281 162 111 90 41 61 329 226 186 137 44 113 82 268 232 190 95 103 80 119 146 116 66 50 51 95 75 95 72 63 52 49 58 50 41 45 52 42 40
internal_count=1349 1325 873 821 82 739 471 446 117 85 452 306 281 162 111 90 41 61 329 226 186 137 44 113 82 268 232 190 95 103 80 119 146 116 66 50 51 95 75 95 72 63 52 49 58 50 41 45 52 42 40
is_linear=0
shrinkage=0.01


Tree=25
num_leaves=54
num_cat=0
split_feature=43 83 27 14 24 33 17 36 27 39 69 36 16 92 77 43 43 28 90 36 33 16 27 27 24 10 67 69 28 2 83 46 56 91 90 91 76 75 46 69 91 2 1 45 91 83 39 84 24 17 27 36 14
split_gain=9.28791 12.0394 9.27365 8.86711 7.9597 7.22766 7.93319 8.67356 7.99684 7.89342 7.02724 7.94944 13.7895 8.86051 7.9165 7.6867 6.465 7.1672 11.8699 8.80762 8.22008 8.45666 6.63475 9.84253 7.13265 9.58081 9.86452 8.4741 6.17865 6.04926 5.79677 5.76353 5.70883 5.50894 5.39763 6.29029 6.56876 5.36627 5.17538 5.06785 4.82831 4.7305 4.62857 4.56543 7.55714 4.11547 4.06 3.74912 3.66545 2.72292 2.65947 2.5 1.6
threshold=79.130001068115249 499.9500000000026 106.25000000000001 16067.450000000003 14.550000000000002 186.75000000000003 188.05000000000004 76.250000000000014 80.750000000000014 164.25000000000003 25198.950000000001 73.250000000000014 6261.1000000000013 27285.279193750004 4366.6675180950278 83.565002441406264 78.485000610351577 21.625000000000004 1645.2922500000004 79.750000000000014 99.750000000000014 7037.2500000000009 60.750000000000007 78.250000000000014 5.3250000000000011 39037.850000000006 32470.200000000004 28735.500000000004 27.775000000000002 2802.7500000000005 2301.9999999999986 98.639999389648452 1.0000000180025095e-35 29058.769012500001 2477.25135 26321.553275000006 35881.835416666676 576.56189960760969 104.72500228881837 32062.100000000002 28678.133768750009 2768.3000000000006 14445.750000000002 24402.500000000004 28523.763450000006 2499.7000000000012 203.75000000000003 1327.3510937500002 16.425000000000004 148.90000000000001 117.25000000000001 88.250000000000014 17489.700000000001
decision_type=2 2 2 2 2 2 2 2 2 2 2 2 2 2 2 2 2 2 2 2 2 2 2 2 2 2 2 2 2 2 2 2 2 2 2 2 2 2 2 2 2 2 2 2 2 2 2 2 2 2 2 2 2
left_child=4 29 5 -4 16 6 8 -8 10 47 -3 14 13 15 -12 42 17 18 19 -1 28 22 -22 40 31 26 27 -26 34 -2 41 -25 48 -32 35 -19 43 -15 -10 -11 -24 -17 -13 44 -37 -7 -41 -9 -6 -14 -5 -27 -40
right_child=1 2 3 50 32 45 7 9 38 39 11 12 49 37 -16 30 -18 20 -20 -21 21 -23 23 24 25 51 -28 -29 -30 -31 33 -33 -34 -35 -36 36 -38 -39 52 46 -42 -43 -44 -45 -46 -47 -48 -49 -50 -51 -52 -53 -54
leaf_value=-0.072510830987060015 -0.085357129070287849 1.349079123481348 0.010092874169635589 -0.26452262560291201 -0.12043442442393958 2.8487391624370231 0.007045340943406894 -2.8969992381132044 0.0046245107257592436 0.2955677278162655 -2.0430524231673841 -0.0022456496958869897 0.039721360870521631 0.025951214446864285 0.0029395968904019232 -0.0068233396329288685 -0.20217963678797213 -0.11524165086165247 0.68716808168832422 0.92948231052008101 -0.64707032620910232 0.21394840129671125 0.002181626080071344 1.5512522147807903 0.006088004014712301 -0.13353155120157309 0.03342897808246989 -0.37319715924506641 -2.6411024656134998 -0.042426627468496951 0.0049606307192984322 -0.0079622886169317241 -0.80607203526324922 -0.043631685585452981 0.018896631520972082 0.052451944553476307 -0.025673991233136424 0.0016911655138817691 0.019548698224703506 0.00024001859452484585 3.5473915092455686 -0.094265541250727211 0.58738371267999401 0.0091781849985485258 -0.011144857520809733 0.028358447936465029 -0.050787220244525533 -0.0031000754127497904 -0.0015772664234376783 0.031143887924825916 -0.19017648070675514 -1.348196279725832 0.33741075871446924
leaf_weight=25 26 28 21 21 22 29 33 24 25 20 29 21 32 25 23 26 33 37 32 35 23 29 21 28 20 20 32 21 27 21 21 26 24 20 26 21 39 27 20 22 26 25 24 36 24 21 21 25 28 23 20 20 20
leaf_count=25 26 28 21 21 22 29 33 24 25 20 29 21 32 25 23 26 33 37 32 35 23 29 21 28 20 20 32 21 27 21 21 26 24 20 26 21 39 27 20 22 26 25 24 36 24 21 21 25 28 23 20 20 20
internal_value=-0.000394737 0.00041847 0.000773994 -0.00290323 -0.00122963 0.00116438 0.00082397 -0.00117241 0.00156812 -0.0025 0.000925926 0.000472973 0.00122951 -5.29101e-05 -0.00307692 -0.00138686 -0.000848586 -0.000598592 0.00195652 -0.000666667 -0.00109244 7.5188e-05 -0.000548523 0 -0.00113772 -0.00256637 -0.000410959 -0.00365854 -0.00257143 -0.00446809 -0.00304348 0.00185185 -0.00432432 -0.000243902 -0.00191257 -0.00261146 -0.0015 0.00346154 0.00476923 -0.00015873 0.00404255 -0.00529412 0.002 0.000123457 -0.002 0.0048 -0.00209302 -0.0055102 -0.0024 0.00563636 -0.00560976 -0.0065 0.007
internal_weight=1368 693 646 62 675 584 534 145 389 112 324 296 244 189 52 137 601 568 92 60 476 266 237 214 167 113 73 41 210 47 92 54 74 41 183 157 120 52 65 63 47 51 45 81 45 50 43 49 50 55 41 40 40
internal_count=1368 693 646 62 675 584 534 145 389 112 324 296 244 189 52 137 601 568 92 60 476 266 237 214 167 113 73 41 210 47 92 54 74 41 183 157 120 52 65 63 47 51 45 81 45 50 43 49 50 55 41 40 40
is_linear=0
shrinkage=0.01


Tree=26
num_leaves=54
num_cat=0
split_feature=95 68 79 37 44 20 46 82 4 36 66 7 68 77 5 37 36 82 26 26 37 74 39 26 25 4 81 21 41 87 16 2 56 41 39 88 47 4 26 47 98 2 46 36 46 86 2 81 25 19 82 87 91
split_gain=10.4055 10.6767 12.7854 10.114 9.33499 11.6824 9.24129 8.48463 9.40456 11.202 8.3387 9.91183 8.80328 14.7556 8.88713 8.70914 14.0851 8.53197 8.20114 11.8769 9.47242 8.83636 7.42282 7.15869 6.90837 8.69432 6.81448 6.93154 6.61374 8.81514 9.95556 6.41182 6.3189 6.03801 10.9209 5.58607 5.45071 5.38267 6.07138 5.20381 5.15048 4.94314 4.49341 4.39155 8.30202 5.07037 4.66667 4.11189 3.65974 3.65801 2.8 2.75981 2.65947
threshold=1.0000000180025095e-35 1065.5325000000003 103.54911012464049 86.750000000000014 1.716000020503998 2008.5000000000002 107.40500259399415 -144.34349999999992 2098.9450000000002 77.750000000000014 1398.6000000000001 154.49000000000004 771.42450000000019 4160.6782310793596 6894.7400000000007 94.250000000000014 85.750000000000014 379.30000000000001 0.75000000000000011 4.2500000000000009 91.750000000000014 905.6833645833334 226.75000000000003 46.750000000000007 23.250000000000004 8480.465000000002 3647.5514466036025 29.175000000000004 87.750000000000014 0.36458333333333343 6405.7000000000016 2875.1000000000004 -1.0000000180025095e-35 64.250000000000014 189.25000000000003 4615.8452083333341 1.0000000180025095e-35 2309.4150000000004 3.7500000000000004 1.0000000180025095e-35 0.12847222222222224 3270.5280000000007 92.920001983642592 87.250000000000014 106.29999923706056 889.29650000000004 2855.8000000000006 4186.3610269798501 86.250000000000014 1618.9000000000003 50.713499999999961 0.44791666666666669 32237.467731250003
decision_type=2 2 2 2 2 2 2 2 2 2 2 2 2 2 2 2 2 2 2 2 2 2 2 2 2 2 2 2 2 2 2 2 2 2 2 2 2 2 2 2 2 2 2 2 2 2 2 2 2 2 2 2 2
left_child=4 3 -3 -2 -1 10 37 -4 -9 32 11 12 13 39 17 16 35 18 -14 -20 21 -21 26 -5 49 43 -13 28 33 -30 40 36 -10 -28 -35 -12 -17 -7 -39 42 -31 51 -6 45 46 50 -45 -34 -40 -11 -26 -36 -50
right_child=1 2 7 23 5 6 -8 8 9 24 15 22 14 -15 -16 31 -18 -19 19 20 -22 -23 -24 -25 25 -27 27 -29 29 30 -32 -33 47 34 41 -37 -38 38 48 -41 -42 -43 -44 44 -46 -47 -48 -49 52 -51 -52 -53 -54
leaf_value=0.11359994079381207 4.6744249472834634 0.010147321171753378 0.055708410682259214 -0.019947339136212393 2.5528263154121773 -0.0088892177648129782 1.0264876827533989 -0.015538826343831092 -0.0037529130221833204 -0.0011933791549416078 -0.0080351462131993123 1.1901274045245875 -2.0771315177364813 -2.9495205452589035 -3.3898018480633314 0.53833879261535711 -0.033965864168549312 -0.77908022933099974 0.44605923610042025 1.3934627655206533 -1.7137302762928983 -0.075084039715456019 -0.058071024205057949 2.3640930317614641 -0.016937977700420638 0.014939767816719747 -0.087061655615970276 -2.5876360022871454 0.060778041448599274 -1.3281983251070151 0.037084624442413866 -0.039282210599420442 0.0039260214007941557 3.4468189136146306 0.01384099369675806 0.4298510142426048 0.0030806906404730505 -1.8326026726260234 -0.00059524763157380283 -0.013285828604392171 -0.01969204442532552 -0.013292689127500337 0.009991945427939233 -0.0032446554256655926 -0.013510783516180415 -0.0010674301566968136 0.011032879022763812 0.019941951150096705 -2.9720600736113041 0.0067450105580090748 -0.042401859215797269 0.69045246041664921 -0.016370834481989515
leaf_weight=22 38 37 22 23 21 23 21 22 25 22 22 21 22 26 39 26 33 23 21 22 39 33 32 26 24 21 23 21 22 35 21 21 22 25 20 25 21 38 21 37 25 27 37 21 23 27 21 26 21 20 21 21 20
leaf_count=22 38 37 22 23 21 23 21 22 25 22 22 21 22 26 39 26 33 23 21 22 39 33 32 26 24 21 23 21 22 35 21 21 22 25 20 25 21 38 21 37 25 27 37 21 23 27 21 26 21 20 21 21 20
internal_value=-0.000380117 0.000884354 0.000112994 0.00402299 -0.000981661 -0.00113812 -0.00375 -0.000536278 -0.000983051 -0.00047619 -0.00064389 -0.00115824 -0.002375 -0.000247934 -0.00366834 0.00148649 -0.00075 -0.002625 -0.00167883 -0.000608696 -0.00212766 0.000545455 0.000170648 0.00102041 -0.0017 -0.00265823 0.000727969 0.00025 0.000776256 -0.00106796 -0.00259259 0.00411765 0.00287671 0.00241379 0.00354839 0.00276596 0.00617021 -0.00479675 -0.0058 0.00157895 -0.00466667 0.00147059 0.00344828 -0.00357664 -0.00169231 -0.00527778 0.000952381 0.005 -0.00387097 0.00190476 -0.00733333 0.00365854 -0.00560976
internal_weight=1368 441 354 87 927 905 144 317 295 273 761 613 320 121 199 148 80 160 137 115 94 55 293 49 200 158 261 240 219 103 81 68 73 116 93 47 47 123 100 95 60 68 58 137 65 72 42 48 62 42 45 41 41
internal_count=1368 441 354 87 927 905 144 317 295 273 761 613 320 121 199 148 80 160 137 115 94 55 293 49 200 158 261 240 219 103 81 68 73 116 93 47 47 123 100 95 60 68 58 137 65 72 42 48 62 42 45 41 41
is_linear=0
shrinkage=0.01


Tree=27
num_leaves=57
num_cat=0
split_feature=66 1 69 11 70 70 26 25 13 75 26 91 85 19 62 43 68 69 80 33 8 62 21 66 85 77 19 81 19 19 69 78 62 21 67 28 34 42 14 43 43 8 80 91 91 75 33 91 76 19 8 1 39 68 91 1
split_gain=7.1366 9.56834 14.998 18.8945 9.10606 13.7356 8.75533 8.78501 8.29481 7.74011 7.45511 7.90556 7.20205 6.55548 10.8688 12.8281 7.1683 6.74916 8.90472 7.46167 7.62901 6.43916 6.29806 5.9925 8.46242 7.82099 5.93643 5.66874 5.59236 11.1535 5.36941 14.1688 6.30716 5.2964 5.29038 10.6345 5.09102 5.06617 4.87536 5.36944 4.5989 4.76171 4.97778 4.48219 4.46458 6.36742 4.46324 7.86395 4.45575 4.07515 3.74034 3.3 3.16426 2.81299 2.5 2.17391
threshold=1465.6000000000001 12456.700000000003 30839.600000000002 33238.450000000004 1504.5005000000003 1554.6185000000003 78.250000000000014 44.750000000000007 8555.0000000000018 467.38074637466508 0.75000000000000011 22003.931856250001 1499.3000000000002 1979.3000000000002 742.00000000000011 74.439998626708999 0.10200000000000002 35318.650000000009 30170.898611111112 174.50000000000003 411.30882352941182 1546.1500000000003 17.875000000000004 916.50000000000011 1584.4715000000003 3984.9532746945038 211.65000000000003 3623.1316547471383 785.80000000000007 1044.0000000000002 28577.600000000002 1492.8468055555559 1587.9500000000003 26.025000000000002 31928.300000000007 24.925000000000004 76.750000000000014 173.59999847412112 12029.850000000002 73.58499908447267 81.99499893188478 411.15057275541801 36392.100000000006 29764.253537500004 29319.842868750002 49.266589476751555 52.750000000000007 29251.237581250007 34427.232291666674 1513.7500000000002 414.46342105263165 14763.500000000002 174.75000000000003 1099.9500000000003 27430.901643750003 14438.400000000001
decision_type=2 2 2 2 2 2 2 2 2 2 2 2 2 2 2 2 2 2 2 2 2 2 2 2 2 2 2 2 2 2 2 2 2 2 2 2 2 2 2 2 2 2 2 2 2 2 2 2 2 2 2 2 2 2 2 2
left_child=1 10 6 36 21 48 7 22 9 33 -1 -12 -8 17 16 -16 -15 18 52 40 -21 26 -3 28 -25 -26 -2 -28 43 -30 31 -7 -32 -9 35 37 -4 -34 -29 -40 41 -19 -43 -20 -36 -46 47 -41 -6 -31 -22 -48 -5 -24 -11 -14
right_child=4 2 3 13 5 30 12 8 -10 54 11 -13 55 14 15 -17 -18 19 23 20 50 -23 53 24 25 -27 27 38 29 49 32 -33 34 -35 44 -37 -38 -39 39 46 -42 42 -44 -45 45 -47 51 -49 -50 -51 -52 -53 -54 -55 -56 -57
leaf_value=-1.7453502617571446 -0.021271294445519243 -0.0026643479379153327 -0.98073588780402066 0.0013361331113013863 -0.019385044023187598 0.65326809718945145 0.010883373588861864 -0.80397875338182956 -0.27634546917861408 0.00035305317336217323 0.0570146024740159 -0.47156565962802488 0.030203714783369057 -0.49660562970974276 -0.016078944001003338 0.048597456073177579 -5.9966426152331724 0.70923892214578843 -0.42352314300006511 -2.2159379406177524 0.27029890038520332 -0.016421394854325751 0.042887677641548799 0.13123858741917274 0.0024285735363120549 -1.1834898215081755 0.9668018435409973 -0.33720729174322134 0.037282811589680456 -1.2418246923839003 -0.016157175805915774 -0.018083747513630795 -0.00037008623959888033 0.019186881908846262 0.0082635125526783308 -0.0075684871634303218 -3.6904747610557607 0.016955081138852929 0.29644699972804978 -0.0093833475783236062 0.097371037623146223 0.013448124287002714 -0.10072298778286826 -0.074535482130416206 0.015493261513183879 -0.0037824910026793093 0.54896242857336286 0.016586392598650024 -0.0090844205793407379 -0.014519933584830105 -0.013032213846580322 0.013808471461111194 0.017692734865710297 0.6091491995629863 0.26039935756300137 6.9307144649242094
leaf_weight=26 24 29 20 22 24 23 22 21 29 20 20 29 23 22 20 21 30 22 32 21 23 20 20 29 22 23 23 23 28 30 24 22 22 20 28 20 33 27 22 28 32 21 24 27 22 32 24 21 23 25 20 20 25 22 20 23
leaf_count=26 24 29 20 22 24 23 22 21 29 20 20 29 23 22 20 21 30 22 32 21 23 20 20 29 22 23 23 23 28 30 24 22 22 20 28 20 33 27 22 28 32 21 24 27 22 32 24 21 23 25 20 20 25 22 20 23
internal_value=-0.000190058 -0.000714286 -0.000401949 -0.00129371 0.000805085 -0.000411985 0.00164659 0.000497238 -0.00127273 0.00037037 -0.00413333 -0.00183673 0.00470588 -0.000712909 -0.00311828 0.000731707 -0.00615385 -0.000187793 -0.00117871 0.00141104 -0.00125 0.00239024 0.00323944 -0.00203704 0.00027027 -0.00244444 0.00297297 0.0036646 -0.00323944 -0.00156627 0.000636364 -0.00244444 0.00142857 -0.00268293 0.00218543 0.000144928 -0.00698113 0.00265306 0.00289855 0.00373913 0.00313131 0.00164179 -0.000222222 -0.00559322 0.00390244 0.00222222 0.00268817 0.000612245 -0.00531915 -0.00418182 0.00116279 0.005 0.00276596 0.00571429 0.0035 0.00695652
internal_weight=1368 896 821 572 472 267 249 181 110 81 75 49 68 519 93 41 52 426 263 163 64 205 71 216 74 45 185 161 142 83 220 45 175 41 151 69 53 49 138 115 99 67 45 59 82 54 93 49 47 55 43 44 47 42 40 46
internal_count=1368 896 821 572 472 267 249 181 110 81 75 49 68 519 93 41 52 426 263 163 64 205 71 216 74 45 185 161 142 83 220 45 175 41 151 69 53 49 138 115 99 67 45 59 82 54 93 49 47 55 43 44 47 42 40 46
is_linear=0
shrinkage=0.01


Tree=28
num_leaves=54
num_cat=0
split_feature=0 27 31 10 72 7 79 40 61 32 3 38 76 32 80 24 38 93 32 60 39 29 36 13 13 6 44 31 13 0 93 19 10 67 93 62 29 23 61 7 3 19 16 6 76 62 93 1 33 13 99 39 1
split_gain=10.6339 9.92594 9.28233 11.4645 11.8528 8.08955 9.2962 7.75911 6.5192 10.073 9.48284 9.77096 8.27616 7.35576 7.07436 12.2471 11.0775 9.14521 11.7486 8.33141 9.64602 7.81463 10.595 8.70992 8.02314 7.50958 8.12714 7.50239 9.57635 6.72883 6.68571 9.76416 6.68231 6.18428 8.85714 7.49778 7.11912 9.00324 6.00302 5.84528 5.60994 5.25762 5.24186 5.0694 4.82089 9.1076 6.7271 7.11111 4.15584 3.86551 3.42857 2.81577 0.4
threshold=27099.750000000004 17.250000000000004 4.6250000000000009 29590.950000000004 928.10000000000014 6420.4400000000014 738.68763246097205 108.25000000000001 35478.250000000007 154.75000000000003 15394.150000000001 8.7250000000000014 35583.537500000006 66.250000000000014 30216.527430555561 10.475000000000001 6.8250000000000011 400.31902777777788 276.75000000000006 1.0000000180025095e-35 241.25000000000003 90.750000000000014 79.250000000000014 3422.9000000000001 4286.1500000000005 4643.3950000000013 5.2810001373291025 10.425000000000002 2481.7000000000003 33944.250000000007 418.7917034139403 857.10000000000014 38910.250000000007 31700.450000000004 405.92000000000007 1397.5500000000004 81.750000000000014 98.750000000000014 32950.600000000013 149.85000000000005 14333.000000000002 1118.4000000000003 5554.4000000000005 5657.2400000000007 36690.06458333334 0.75000000000000011 413.89078947368426 16287.865500000002 174.50000000000003 11373.950000000003 0.21875000000000003 162.25000000000003 14242.000000000002
decision_type=2 2 2 2 2 2 2 2 2 2 2 2 2 2 2 2 2 2 2 2 2 2 2 2 2 2 2 2 2 2 2 2 2 2 2 2 2 2 2 2 2 2 2 2 2 2 2 2 2 2 2 2 2
left_child=1 -1 43 4 -4 6 8 -5 12 13 29 32 14 -10 15 16 30 18 42 41 21 23 -23 27 -25 -17 -27 28 -21 -11 31 -2 -12 36 -35 38 -26 -38 -36 52 -24 -19 -16 -3 46 49 -14 -48 -34 -46 -6 -15 -18
right_child=5 2 3 7 50 -7 -8 -9 9 10 11 -13 44 51 17 25 39 19 -20 20 -22 22 40 24 33 26 -28 -29 -30 -31 -32 -33 48 34 35 -37 37 -39 -40 -41 -42 -43 -44 -45 45 -47 47 -49 -50 -51 -52 -53 -54
leaf_value=-1.1740614316446383 -0.018737034220444811 -1.2831212112036001 1.2109133678043824 -0.57284264528291218 0.21880118778543636 -1.0759330219098535 -0.049894711621670557 0.00020220158780807297 0.0038807280123410075 0.0051862598877534562 0.44146416249654608 0.092908039385683205 3.8900037768962301 -0.095900974474124157 -2.7153128898116101 -0.023614514476876871 1.098375685542079 -0.037567656372449208 0.027325413893218568 -0.0079713537827166541 -0.044780453171544318 0.0078992686062361317 -0.0097758856786925724 -0.0082928645383000925 -0.064005067939536628 -0.064383187690883192 0.016452088066010208 0.014285217366525833 0.048111481512445806 -3.3400478554505479 -0.0049432245481327436 0.92018990935946232 0.04156355772219459 0.53542631295092336 0.16484252003192676 -0.0139364983462783 -0.025200295673226524 0.025261203759214299 -0.013623904408796503 0.031105330967412741 -0.0040604792064864491 -4.797007327607747 -0.033773526845622653 -0.039369772675646619 0.0092928287041202616 -0.047280304349572727 0.074991263636437558 -0.024327103143534784 -0.16065336024561752 4.0601765408228907 -0.46685000303174468 -0.11190588231502044 0.80577453711075142
leaf_weight=20 36 25 24 28 21 23 37 27 21 26 23 28 29 23 23 32 20 23 21 29 20 28 28 30 31 35 23 38 21 31 26 29 20 21 27 23 23 20 22 29 31 22 20 22 20 27 25 20 35 21 21 20 20
leaf_count=20 36 25 24 28 21 23 37 27 21 26 23 28 29 23 23 32 20 23 21 29 20 28 28 30 31 35 23 38 21 31 26 29 20 21 27 23 23 20 22 29 31 22 20 22 20 27 25 20 35 21 21 20 20
internal_value=-0.000131579 -0.00234043 -0.00154762 -8.26446e-05 0.00272727 0.000220339 0.000337079 -0.00345455 0.0005 -0.00101322 0.000306748 0.00207547 0.000884658 -0.004375 0.000466045 0.00184 0.0035 -0.000219561 -0.00375 0.000297483 0.000765306 0.00112903 -0.00149425 0.00192982 0.000761421 -0.00111111 0.00103448 0.00454545 0.002 -0.00298246 0.00120879 0.00292308 0.00025641 0.00161677 0.00333333 0.00166667 -0.000540541 0.00209302 0.00387755 0.00652174 -0.00389831 -0.00377778 -0.00674419 -0.00531915 0.00309859 0.00117647 0.00486486 0.00244444 -0.00163636 0.00414634 -0.00047619 -0.00674419 0.009
internal_weight=1368 188 168 121 66 1180 1157 55 1120 227 163 106 893 64 751 250 160 501 64 437 392 372 87 285 197 90 58 88 50 57 91 65 78 167 93 72 74 43 49 69 59 45 43 47 142 68 74 45 55 41 42 43 40
internal_count=1368 188 168 121 66 1180 1157 55 1120 227 163 106 893 64 751 250 160 501 64 437 392 372 87 285 197 90 58 88 50 57 91 65 78 167 93 72 74 43 49 69 59 45 43 47 142 68 74 45 55 41 42 43 40
is_linear=0
shrinkage=0.01


Tree=29
num_leaves=52
num_cat=0
split_feature=35 6 97 72 36 28 30 28 24 5 16 69 78 35 30 57 77 64 8 98 3 63 43 89 69 89 60 81 75 6 5 38 43 3 38 16 37 89 1 28 69 60 16 1 28 78 20 3 77 21 22
split_gain=8.75375 7.82381 11.4771 9.51701 8.66187 10.6524 8.94508 9.70981 8.60163 8.1132 8.38309 8.62543 8.40754 7.59209 7.25308 9.36248 6.90615 6.84662 6.47698 9.86052 9.41177 10.4147 10.1029 5.7671 5.18367 7.28014 5.17441 4.99188 4.88309 7.42802 8.21778 4.83025 4.70113 8.4795 8.72981 6.52044 6.48148 4.95161 10.673 10.2937 8.08271 8.73016 5.86667 4.63118 4.62857 4.36987 3.86551 3.83546 3.33793 2.5 0.921951
threshold=29.375000000000004 4513.8250000000016 1.0000000180025095e-35 938.20000000000016 84.250000000000014 28.875000000000004 48.750000000000007 25.725000000000005 12.575000000000001 4803.0650000000005 3205.3000000000006 30745.100000000002 1413.083510416667 27.125000000000004 74.750000000000014 1.0000000180025095e-35 3691.3847679172591 1609.5260000000001 420.66763157894746 0.21875000000000003 14333.000000000002 32186.150000000005 82.180000305175795 1118.4856312500001 30015.150000000005 1332.0306187500003 1065.5325000000003 4348.520684865869 580.01088903324387 6357.755000000001 5987.6900000000014 5.2250000000000005 77.604999542236342 14715.200000000003 4.2750000000000012 5965.4500000000016 84.750000000000014 1500.06601875 15760.100000000002 28.925000000000004 31854.100000000002 1346.5740000000003 5763.2000000000016 13693.700000000003 29.225000000000005 576.4444965277778 1220.1000000000001 14809.775000000001 4096.6024214250074 20.525000000000002 85.750000000000014
decision_type=2 2 2 2 2 2 2 2 2 2 2 2 2 2 2 2 2 2 2 2 2 2 2 2 2 2 2 2 2 2 2 2 2 2 2 2 2 2 2 2 2 2 2 2 2 2 2 2 2 2 2
left_child=1 4 3 14 6 8 7 47 23 -4 16 12 24 -7 45 46 -11 32 19 26 48 22 -22 31 25 28 -8 -19 29 30 -12 -6 33 -13 -35 -36 -37 39 -39 40 -34 42 -42 -27 -17 -3 -16 -1 -21 -18 -10
right_child=-2 2 9 -5 5 13 18 -9 50 10 11 17 -14 -15 15 44 49 27 -20 20 21 -23 -24 -25 -26 43 -28 -29 -30 -31 -32 -33 37 34 35 36 -38 38 -40 -41 41 -43 -44 -45 -46 -47 -48 -49 -50 -51 -52
leaf_value=0.49023778112089827 0.023685248035729193 -1.4663750497716939 0.1686678082618969 -2.6607182631903807 0.0036076277646657361 0.027052159754286383 -0.087866243598790153 -0.0083461425196826641 -0.24527751526160033 0.0010130528189448873 0.016287567185350106 -0.81413596359198437 -0.0058069905614437844 -0.034597874981346546 0.93947969097659956 0.0060862185523077482 -1.1885337107455511 0.0035889766507732324 0.015651646241648193 -0.026770894387034328 0.010388455335083329 -0.17764066714753729 -0.0047290750688803139 -0.011786175417366398 0.96112187860138409 0.83580856609134668 0.29435963447933455 0.040800711686365572 -0.023836658450202882 2.5684654097129731 -0.11328457774605825 -0.038730774976408928 -0.010487822987446872 -0.05300564988876233 0.50847009655000908 -0.19900661660708119 0.027673164100381013 -0.011123908357913468 3.7321597341545063 -4.3651155698219757 -1.0844166692890445 0.18398425574752778 0.026680973198740014 2.5855560547747927 -3.7611522380024294 -0.024230340434303024 0.015279417839840565 0.0061946206594277143 -0.11865148788174948 -0.72441573745174059 -0.47871133139213079
leaf_weight=27 29 23 35 33 24 21 26 20 20 25 25 39 29 32 21 36 20 37 33 20 22 27 21 35 33 22 37 24 21 24 20 23 37 26 26 27 21 39 29 32 24 28 20 25 20 20 20 20 29 20 21
leaf_count=27 29 23 35 33 24 21 26 20 20 25 25 39 29 32 21 36 20 37 33 20 22 27 21 35 33 22 37 24 21 24 20 23 37 26 26 27 21 39 29 32 24 28 20 25 20 20 20 20 29 20 21
internal_value=-0.000263158 -0.000380881 0.000170261 -0.00213873 -0.00144105 -0.00318182 -0.00035461 0.00283582 -0.00479675 0.000734463 0.000490342 0.000855263 0.00256281 0.000566038 -0.001 0.000515464 -0.00292308 2.44499e-05 -0.00134884 -0.00208791 -0.00378151 -0.00142857 0.00162791 -0.00292683 0.00341176 0.00255474 0.00111111 0.00311475 0.000888889 0.00217391 -0.000222222 -0.000638298 -0.000517241 -0.00194245 -0.0004 0.00135135 -0.000833333 0.000430622 0.00264706 -0.000638298 0.000825688 0.00277778 0 0.00574468 -0.00214286 -0.0044186 0.00414634 0.00531915 -0.00714286 -0.0055 -0.00853659
internal_weight=1368 1339 881 173 458 176 282 67 123 708 673 608 199 53 140 97 65 409 215 182 119 70 43 82 170 137 63 61 90 69 45 47 348 139 100 74 48 209 68 141 109 72 44 47 56 43 41 47 49 40 41
internal_count=1368 1339 881 173 458 176 282 67 123 708 673 608 199 53 140 97 65 409 215 182 119 70 43 82 170 137 63 61 90 69 45 47 348 139 100 74 48 209 68 141 109 72 44 47 56 43 41 47 49 40 41
is_linear=0
shrinkage=0.01


Tree=30
num_leaves=54
num_cat=0
split_feature=51 80 83 43 66 83 10 68 72 26 40 31 98 45 26 27 26 11 73 19 36 27 95 31 78 26 4 24 37 4 92 44 44 83 83 89 10 68 37 45 69 92 89 29 31 24 11 59 83 13 63 24 40
split_gain=12.8837 11.5225 6.02229 7.28208 7.39018 9.45926 11.9136 12.7457 8.70274 8.49727 8.10899 6.954 10.1636 10.7238 10.592 10.8173 6.60571 6.15199 5.69108 5.67901 5.57593 7.07103 5.44943 12.176 6.33549 7.39634 6.80672 5.30262 5.16883 5.02641 5.36485 11.3117 10.5958 7.26278 8.19394 5.96829 4.92308 4.9 4.64822 4.3586 4.01569 3.95065 3.93156 3.6 3.56971 3.24208 3.12554 3.10108 4.47412 3.01882 2.8637 2.55335 1.86667
threshold=1.0000000180025095e-35 27150.282986111113 484.00000000000006 74.36999893188478 1170.5690000000002 2673.599999999999 41166.350000000013 900.05000000000007 1064.0825000000002 23.750000000000004 71.750000000000014 4.5250000000000012 0.41319444444444448 24592.500000000004 40.250000000000007 50.250000000000007 76.250000000000014 44096.850000000006 1199.9500000000003 541.05000000000007 85.250000000000014 99.750000000000014 1.0000000180025095e-35 9.8250000000000011 1177.7423055555557 34.750000000000007 3426.0600000000004 10.575000000000001 65.750000000000014 3135.0750000000003 22729.394743750006 2.9424999952316289 3.6339999437332158 2292.2500000000005 1888.700000000001 1139.4900562500002 35653.000000000007 959.65000000000009 51.750000000000007 26114.000000000004 34752.30000000001 29268.125668750006 1325.0291437500002 89.750000000000014 6.825000000000002 8.4250000000000025 36325.650000000009 -0.9330127018922193 2513.9000000000001 3295.9500000000003 30767.150000000005 10.675000000000002 122.75000000000001
decision_type=2 2 2 2 2 2 2 2 2 2 2 2 2 2 2 2 2 2 2 2 2 2 2 2 2 2 2 2 2 2 2 2 2 2 2 2 2 2 2 2 2 2 2 2 2 2 2 2 2 2 2 2 2
left_child=1 19 16 4 5 6 7 10 -6 49 -4 12 14 27 15 -5 42 18 -10 37 21 22 23 28 -24 26 43 50 -13 -22 47 46 -33 34 41 -35 -12 -1 -25 -7 52 -34 -3 -26 -2 -37 -32 -31 -49 -9 -14 -11 -16
right_child=44 2 3 11 8 39 -8 9 17 51 36 20 13 -15 40 -17 -18 -19 -20 -21 29 -23 24 38 25 -27 -28 -29 -30 30 31 32 33 35 -36 45 -38 -39 -40 -41 -42 -43 -44 -45 -46 -47 -48 48 -50 -51 -52 -53 -54
leaf_value=0.95267880282961925 -2.9536979216894217 -0.010382944757572404 -1.0520107954839595 0.034121750990384156 0.44706258296390844 -0.071002225972956273 -3.007019568581585 0.035773909940325088 -0.018432984087624761 -2.2467102035824382 0.034189149907175038 -0.093165558057907522 0.014165171898023172 -0.033944230485287205 2.8383948679971973 -0.68529267023574447 0.023336219239700168 0.0043783538109493916 0.0032329355365337993 1.7215919320748958 -0.012198762824533527 0.26300619121123281 1.1309946669936954 0.035344890745119963 0.0062691992788157097 -0.0087115674847052654 0.012704850872764434 0.020303770910289662 -0.031949090760414529 0.031619721735064228 0.013504678696041661 -0.49303547152998389 0.0097539066246359971 -0.0040069310865567817 -0.022260086398446198 0.012074123317088473 2.0259344987535135 -0.047128531580057302 -0.0033990551794107005 1.9745186713747798 0.021767328090613373 -0.010680949714167687 -3.0557873977435053 -0.0030562966137999289 -1.9772650590856324 0.045607556709999351 0.078606666073920195 -0.0012867158967861025 -0.099215818327242578 -1.1130005183578211 -0.021025940496716987 -1.6602320016558867 3.0193430921020616
leaf_weight=20 25 29 21 32 39 32 22 21 31 31 26 27 23 22 28 20 20 27 39 34 27 20 28 22 20 23 28 20 34 23 21 22 35 24 33 28 26 20 24 21 20 20 21 20 26 22 33 27 26 20 20 21 20
leaf_count=20 25 29 21 32 39 32 22 21 31 31 26 27 23 22 28 20 20 27 39 34 27 20 28 22 20 23 28 20 34 23 21 22 35 24 33 28 26 20 24 21 20 20 21 20 26 22 33 27 26 20 20 21 20
internal_value=2.93255e-05 0.000220868 -8.07103e-06 0.000162532 -0.000981432 -0.0020332 -0.00308511 -0.00216867 0.000882353 -0.00462366 0.000958904 0.000707071 0.00229268 -0.000352941 0.00416667 0.000769231 -0.00285714 -0.000721649 -0.00228571 0.00405405 0.000153322 0.00130081 0.00079646 -0.000841121 0.00226891 0.000989011 0.00264706 0.00174603 -0.00377049 -0.000674487 -0.000318471 0.000420168 -0.00076087 0.000123457 -0.00181818 0.00243243 0.00307692 0.0015 0.00304348 0.00169811 0.00676471 0.000545455 -0.0048 0 -0.00490196 0.0044 0.00444444 -0.00263158 -0.00396226 -0.00121951 -0.000232558 -0.00730769 0.00833333
internal_weight=1364 1313 1239 1169 377 241 188 166 136 93 73 792 205 85 120 52 70 97 70 74 587 246 226 107 119 91 68 63 61 341 314 238 184 162 88 74 52 40 46 53 68 55 50 40 51 50 54 76 53 41 43 52 48
internal_count=1364 1313 1239 1169 377 241 188 166 136 93 73 792 205 85 120 52 70 97 70 74 587 246 226 107 119 91 68 63 61 341 314 238 184 162 88 74 52 40 46 53 68 55 50 40 51 50 54 76 53 41 43 52 48
is_linear=0
shrinkage=0.01


Tree=31
num_leaves=53
num_cat=0
split_feature=51 77 14 34 32 75 97 23 37 6 35 83 89 28 34 81 73 29 38 23 91 89 75 21 83 83 75 16 38 38 34 82 61 34 45 23 71 37 85 29 61 17 34 89 45 88 19 89 77 82 32 28
split_gain=12.4281 8.94003 9.25234 8.44785 13.9484 9.72235 11.446 10.4207 8.56806 10 8.04974 8.58413 9.42976 7.33528 7.24286 7.22778 7.86883 7.07378 6.93509 10.7706 10.481 9.75493 14.0718 9.40926 10.0197 8.40017 6.87068 10.9004 9.19713 9.70851 9.66002 8.13381 9.23271 6.45544 6.14548 6.09524 6.06827 5.96287 5.938 5.30813 5.07246 4.84848 4.61608 6.4381 4.59526 4.46187 4.3645 4.1936 5.01951 4.16203 3.6 3.26168
threshold=1.0000000180025095e-35 4155.4241500545386 11177.550000000001 68.250000000000014 77.750000000000014 135.89127319439612 0.80208333333333337 84.250000000000014 98.250000000000014 5913.1750000000011 27.925000000000004 2577.0000000000005 1605.0881437500002 21.625000000000004 31.750000000000004 3940.6725049800284 1049.9825000000003 62.250000000000007 5.0250000000000012 80.750000000000014 31370.442512500002 869.93326875000002 472.85636211782361 27.175000000000001 2083.7999999999997 645.60000000000048 430.69128572653102 5346.4000000000005 3.6750000000000003 8.4250000000000025 82.750000000000014 -0.078499999999999945 31754.800000000003 98.250000000000014 23467.500000000004 95.250000000000014 947.34050000000013 67.250000000000014 1496.4715000000003 82.250000000000014 32768.850000000006 35.800000000000004 63.750000000000007 957.45170625000003 24577.500000000004 8438.7691666666688 879.45000000000016 1220.00701875 3813.8160972606615 177.1700000000001 165.75000000000003 22.075000000000006
decision_type=2 2 2 2 2 2 2 2 2 2 2 2 2 2 2 2 2 2 2 2 2 2 2 2 2 2 2 2 2 2 2 2 2 2 2 2 2 2 2 2 2 2 2 2 2 2 2 2 2 2 2 2
left_child=1 3 -3 4 13 7 10 -5 38 -10 17 12 -12 14 -1 -15 -17 -7 19 -4 25 -21 -23 24 51 -20 27 41 -28 30 47 -29 35 -32 -9 -33 44 -38 -6 -31 -36 -19 43 -40 45 -27 -45 -30 -49 -2 -26 -22
right_child=49 2 18 5 8 6 -8 34 9 -11 11 -13 -14 15 -16 16 -18 26 20 21 23 22 -24 -25 50 36 28 31 29 39 33 32 -34 -35 40 -37 37 -39 42 -41 -42 -43 -44 46 -46 -47 -48 48 -50 -51 -52 -53
leaf_value=1.5811274292110262 -1.6467223253979382 -0.57132963510251 -0.048067539387743122 -0.022628326038082111 0.0060531552209739737 -0.30189652969215253 -0.031198129273579234 0.003580925445794705 0.0091518847177074654 -0.041777127967921664 -0.014588678405266051 1.1615653079142905 0.018588346879742153 0.016061999520708449 -0.0019470650098017302 -0.0041649300686541916 -0.45672809495205818 -0.16734685143767625 -0.036510254837115334 -0.039431788366212916 -0.0096685219890846139 0.046887007831794357 -0.049053193243075041 -2.9222751422290059 4.0988932793518416 0.18391999854156096 0.37075463408793058 -0.18551485902520665 -0.0057477077880331009 -0.058099853211825536 0.01290940396852895 0.44259195713426935 1.9724678808769116 -0.023636311608587715 0.0093588761716948011 -0.08870062897800722 0.022840495438457255 -0.034186042708396001 1.9363106861477908 0.034027099199442946 0.031450818494391942 -5.5100228371392497 1.9547734846610316 0.39596506217672511 0.015522535012257298 0.01685341262372857 -1.274496951371133e-05 -0.04977017223700831 -0.030446668807095473 -2.899199685298977 -0.34367193195970946 -0.036201342575619896
leaf_weight=21 29 32 39 27 21 28 20 32 20 20 28 21 32 31 35 22 29 24 20 30 20 27 35 21 20 27 37 25 20 22 35 21 26 32 21 21 23 26 28 38 25 20 33 22 28 24 20 21 20 22 20 23
leaf_count=21 29 32 39 27 21 28 20 32 20 20 28 21 32 31 35 22 29 24 20 30 20 27 35 21 20 27 37 25 20 22 35 21 26 32 21 21 23 26 28 38 25 20 33 22 28 24 20 21 20 22 20 23
internal_value=-5.8651e-05 0.000129474 -0.00108434 0.000690423 0.00205298 0 -0.000590631 0.0027619 0.00402439 0 -0.000276008 0.00259259 0.000666667 -0.000289855 0.0025 -0.00219512 -0.0045098 -0.000871795 -0.000652742 -0.00251908 0.00031746 -0.000652174 0.0016129 -0.00211538 -0.00060241 0.00202703 -0.000497238 -0.00226277 0.000577778 -0.000319149 -0.001875 -0.000322581 0.00147059 0.000746269 0.00461538 -0.00142857 0.00296875 0.000204082 0.00532258 0.003 0.00695652 -0.00636364 0.00631068 0.00485714 0.00468354 0.00647059 0.00238095 -0.0047541 -0.00658537 -0.00490196 0.003 -0.00395349
internal_weight=1364 1313 415 898 302 596 491 105 164 40 471 81 60 138 56 82 51 390 383 131 252 92 62 104 83 148 362 137 225 188 128 93 68 67 78 42 128 49 124 60 46 44 103 70 79 51 42 61 41 51 40 43
internal_count=1364 1313 415 898 302 596 491 105 164 40 471 81 60 138 56 82 51 390 383 131 252 92 62 104 83 148 362 137 225 188 128 93 68 67 78 42 128 49 124 60 46 44 103 70 79 51 42 61 41 51 40 43
is_linear=0
shrinkage=0.01


Tree=32
num_leaves=52
num_cat=0
split_feature=72 71 11 7 87 36 37 76 92 56 70 100 75 13 11 21 68 19 82 69 11 39 93 79 100 7 2 86 21 21 21 39 7 19 31 23 27 21 69 2 2 62 11 76 2 79 79 32 40 2 27
split_gain=10.5061 16.4541 10.3797 9.11623 11.7087 10.993 7.95885 8.03292 7.02047 7.69217 8.13404 8.10108 8.0334 7.63177 6.94018 12.4877 6.65487 11.8228 9.24665 8.12807 7.76645 6.99022 8.7866 6.19083 6.0313 6.0186 10.0385 7.69883 6.65758 5.66128 8.1839 8.20953 7.38147 6.48231 5.58692 7.6881 6.13636 5.50894 5.50052 5.46593 5.42405 6.4 5.26878 4.94572 8.69565 4.41084 4.19235 4.00047 2.69609 2.22912 1.6
threshold=951.00000000000011 1277.5695000000003 33136.700000000004 17.535000000000004 0.093750000000000014 85.750000000000014 25.750000000000004 31443.412500000002 31975.405062500009 -0.8783796973249266 963.64250000000015 0.78819444444444453 279.94733175813678 2838.2000000000003 34623.400000000009 27.225000000000005 1200.0500000000002 769.10000000000014 -1.0000000180025095e-35 29894.900000000005 35740.950000000004 133.25000000000003 414.46342105263165 535.07098047543286 0.22569444444444445 20.535000000000004 2649.9500000000003 897.44900000000018 22.225000000000005 29.025000000000002 26.575000000000006 188.25000000000003 998.23000000000013 1333.2000000000003 4.8250000000000011 98.250000000000014 75.250000000000014 26.925000000000004 28641.850000000002 3267.4500000000003 2795.1500000000005 1200.4300000000001 36493.55000000001 37467.812500000007 3066.4500000000003 553.24177155445875 571.39967774182958 255.25000000000003 75.250000000000014 3159.1000000000004 53.250000000000007
decision_type=2 2 2 2 2 2 2 2 2 2 2 2 2 2 2 2 2 2 2 2 2 2 2 2 2 2 2 2 2 2 2 2 2 2 2 2 2 2 2 2 2 2 2 2 2 2 2 2 2 2 2
left_child=8 2 38 -3 25 -6 7 -4 9 23 11 14 -13 -12 15 -11 42 18 -18 -19 -20 39 -23 37 -16 27 -27 -5 -28 30 31 32 -26 47 -15 36 -36 -1 -2 -21 -24 -42 -8 44 -33 -35 -22 -32 -40 -25 -29
right_child=1 3 6 4 5 -7 16 -9 -10 10 13 12 -14 34 24 -17 17 19 20 21 46 22 40 49 29 26 28 50 -30 -31 33 43 -34 45 35 -37 -38 -39 48 -41 41 -43 -44 -45 -46 -47 -48 -49 -50 -51 -52
leaf_value=0.4235755758581462 -0.037112698433920663 0.012889669617188536 0.078108162816656695 -0.024066076302318235 1.0357715899271991 -0.0076946501802291492 -0.24700490750544618 -0.014292313594690298 1.4008516308230827 -3.443442428291454 -0.011048624312577316 -0.08564027596477633 7.3384302473521785 2.950086880228191 0.068391753298692279 -0.011766029956114785 0.045476574622316281 0.011714017405832024 -1.0163415748370699 -1.4405027172070564 0.024019666732573088 0.033659586976771093 -0.01789755072433441 0.0037180542614942791 -0.040024271061539336 0.024261670081909173 -0.0085971336053611257 0.00078872687712397763 0.00064259467081049257 -7.5812496335340986 0.01434420374689419 -0.084938418766358104 1.0441509944372969 -0.83665487047570997 1.4925179767914987 -0.040882123560691784 0.43944333039876449 -0.032216681863486148 -1.641956213124951 -0.0070211464806702656 -2.6075834561224593 0.014652617119389763 -0.77970139717262987 -6.2966690440378441 0.018138196444444275 0.029559401943231266 -0.0011573775840211823 2.8433752478408914 -3.0613433598182298 0.047033823811469491 -0.0034596078377582013
leaf_weight=20 30 39 23 23 34 23 23 30 33 28 23 20 31 35 33 30 27 31 27 33 21 23 22 24 31 34 33 20 32 24 21 23 25 22 24 23 20 21 23 23 20 20 38 20 23 26 26 31 30 25 20
leaf_count=20 30 39 23 23 34 23 23 30 33 28 23 20 31 35 33 30 27 31 27 33 21 23 22 24 31 34 33 20 32 24 21 23 25 22 24 23 20 21 23 23 20 20 38 20 23 26 26 31 30 25 20
internal_value=-0.000278592 -0.0010989 -0.00221277 0.000930233 0.000136986 0.00403509 -0.00152455 0.00207547 0.000660377 0.000414594 -5.84795e-05 -0.000773196 0.00294118 0.00216 -0.00133531 -0.00448276 -0.00209581 -0.00142857 0.00128713 -0.00302326 -0.000540541 -0.00404255 -0.00223529 0.00311111 -0.000681004 -0.00123457 0.00030303 -0.00365079 -0.002 -0.00121951 -0.000720721 -0.00245902 0.000357143 0.0014 0.00333333 0.00164179 0.00409091 0.000243902 -0.00542169 -0.00678571 -0.00419355 -0.002 -0.00508197 -0.00484848 -0.00304348 -0.00125 0.00191489 0.00384615 -0.00735849 0.0055102 -0.001
internal_weight=1364 728 470 258 219 57 387 53 636 603 513 388 51 125 337 58 334 273 101 172 74 141 85 90 279 162 99 63 65 246 222 122 56 100 102 67 44 41 83 56 62 40 61 66 46 48 47 52 53 49 40
internal_count=1364 728 470 258 219 57 387 53 636 603 513 388 51 125 337 58 334 273 101 172 74 141 85 90 279 162 99 63 65 246 222 122 56 100 102 67 44 41 83 56 62 40 61 66 46 48 47 52 53 49 40
is_linear=0
shrinkage=0.01


Tree=33
num_leaves=54
num_cat=0
split_feature=51 35 35 10 98 72 70 16 3 42 39 0 53 27 37 10 69 16 10 14 0 34 34 3 25 72 14 16 39 27 37 39 63 62 27 29 98 98 27 57 93 17 69 73 82 46 46 25 27 27 98 6 16
split_gain=11.8334 6.09973 10.4641 6.03043 7.58849 7.34776 10.1616 8.23185 11.0676 10.7645 8.90392 8.09841 6.67157 6.8377 6.58226 7.52335 10.3502 9.02729 7.362 6.40111 7.48831 6.20606 8.28369 9.83043 6.55515 6.05399 5.81502 7.11931 7.19672 7.39659 9.48513 5.79743 7.34928 5.66204 5.61279 8.14632 9.86757 8.00801 5.39153 5.19701 5.13778 5.04372 4.65646 4.3432 4.16203 3.99289 6.25541 3.68802 3.62963 3.16106 2.76923 1.6 1.53061
threshold=1.0000000180025095e-35 23.125000000000004 23.475000000000005 41294.450000000004 0.16319444444444445 915.5055000000001 1601.7 6502.7000000000007 15639.608500000002 229.37500000000003 198.25000000000003 32062.100000000002 1.5000000000000002 116.75000000000001 16.250000000000004 29545.000000000004 31709.600000000002 6073.7000000000016 31455.250000000004 19738.400000000005 37796.500000000007 86.250000000000014 64.750000000000014 15311.600000000002 120.25000000000001 1682.1500000000003 17734.650000000005 3636.8500000000008 201.25000000000003 88.750000000000014 95.250000000000014 161.75000000000003 32186.150000000005 1412.95 79.750000000000014 71.750000000000014 0.23263888888888892 0.30902777777777785 33.250000000000007 -0.22252093395631442 416.93360241820773 38.900000000000006 31794.000000000004 594.65350000000012 177.1700000000001 99.284999847412124 103.82500076293947 95.750000000000014 65.250000000000014 80.750000000000014 0.61458333333333348 5678.7300000000005 4134.2000000000007
decision_type=2 2 2 2 2 2 2 2 2 2 2 2 2 2 2 2 2 2 2 2 2 2 2 2 2 2 2 2 2 2 2 2 2 2 2 2 2 2 2 2 2 2 2 2 2 2 2 2 2 2 2 2 2
left_child=1 33 -3 5 19 12 7 9 11 14 42 -9 38 26 -7 41 17 18 -17 -5 -21 22 25 48 -23 50 34 -28 31 30 -30 32 -29 -1 37 -36 39 47 -4 -37 -40 52 -11 51 -2 -45 -47 -14 -24 -33 -8 -18 -16
right_child=44 2 3 4 -6 6 21 8 -10 10 -12 -13 13 -15 15 16 43 -19 -20 20 -22 24 23 -25 -26 -27 27 28 29 -31 -32 49 -34 -35 35 36 -38 -39 40 -41 -42 -43 -44 45 -46 46 -48 -49 -50 -51 -52 -53 -54
leaf_value=1.5168331176570571 -1.5996416685457764 -0.8084847680407562 0.010396977583179789 -3.4425552997721112 0.61705594097883587 0.077327081188490132 0.429994831796773 9.7175042977578274e-05 -0.019356730485961073 0.045892243831500881 0.025640350820508809 0.013442998866004452 0.20480609452865214 -0.058834558512027464 -1.6255366509937017 -0.0030080288804197504 -0.1269078667086958 -0.061737788127002542 0.031014317260659119 -0.13476402439933194 0.08043117624685539 0.016451801891453632 -0.01660446970822543 0.0044017272758966036 0.00012941917673900763 -0.0020770480534038163 -0.28344955048798104 0.35399843764416167 3.9781553150997042 -0.71902417043687394 -0.028329101329986069 0.064038316634173476 -0.099100807159001769 0.0001469121455096703 4.2156967208452727 0.00050468074418783188 1.7507615226675608 -0.0020596548785117444 -0.0052154898774787774 -2.7530231359912216 -0.091825940261050162 -0.074210407954219473 -0.024873556779740846 -0.81786051781339353 -2.8547154081547261 0.015049267842170479 -0.097240511677484903 2.5446934089403608 -0.0078348764449531309 1.1987398659206387 0.0029075149449115855 -0.023725702537249819 -0.52978084659648506
leaf_weight=25 29 24 23 31 22 23 26 28 33 25 23 31 20 31 21 37 20 21 21 22 20 30 27 28 25 31 22 33 26 23 24 30 24 24 28 23 32 20 20 22 25 20 24 25 22 22 20 34 27 23 26 20 28
leaf_count=25 29 24 23 31 22 23 26 28 33 25 23 31 20 31 21 37 20 21 21 22 20 30 27 28 25 31 22 33 26 23 24 30 24 24 28 23 32 20 20 22 25 20 24 25 22 22 20 34 27 23 26 20 28
internal_value=-0.000175953 7.61615e-06 -0.000126582 0 -0.00242105 0.000200873 -0.000483384 -0.00135747 0.00130435 -0.00205714 0.00138889 0.00389831 0.00113872 0.00161446 -0.00294964 -0.00341176 -0.00236559 0.000379747 0.00241379 -0.0039726 -0.00142857 0.00127273 0.00030303 -0.00195122 0.00418182 0.00253012 0.00197917 0.000829268 0.00147541 -0.000958904 0.0012 0.00309091 0.000877193 0.00346939 0.00329609 0.00180952 0.00012987 0.00540541 -0.00176471 -0.00288889 -0.00377778 -0.00623188 -0.00102041 -0.00439252 -0.00490196 -0.00283582 -0.000952381 0.00740741 -0.00444444 0.0054717 0.00461538 -0.007 -0.00795918
internal_weight=1364 1313 1264 1240 95 1145 662 442 92 350 72 59 483 415 278 255 186 79 58 73 42 220 165 82 55 83 384 205 183 73 50 110 57 49 179 105 77 74 68 45 45 69 49 107 51 67 42 54 54 53 52 40 49
internal_count=1364 1313 1264 1240 95 1145 662 442 92 350 72 59 483 415 278 255 186 79 58 73 42 220 165 82 55 83 384 205 183 73 50 110 57 49 179 105 77 74 68 45 45 69 49 107 51 67 42 54 54 53 52 40 49
is_linear=0
shrinkage=0.01


Tree=34
num_leaves=56
num_cat=0
split_feature=51 67 94 5 20 76 35 66 34 20 27 63 7 89 3 88 10 94 17 63 11 35 11 62 20 38 0 74 16 83 16 34 7 69 62 94 74 7 78 7 11 76 74 16 38 94 10 65 10 78 26 74 5 76 0
split_gain=10.9686 7.09537 7.92743 7.46623 8.28789 7.74432 6.95518 7.28657 13.1049 9.151 9.76888 10.3792 8.79033 7.13667 8.57418 9.16667 6.85801 6.47593 6.25343 9.1726 5.81924 12.7527 6.54273 7.89637 8.75758 12.1053 9.44696 7.03092 8.01818 8.48075 6.77664 5.69633 5.40468 5.26756 4.89709 10.0252 4.81079 4.68785 7.27651 4.307 4.2964 4.25177 4.2278 5.12645 4.04411 6.66763 13.0891 3.88658 3.74657 3.56166 3.43536 3.01863 2.75569 2.361 1.82508
threshold=1.0000000180025095e-35 28181.150000000005 837224.79146437522 6392.6300000000001 1131.5500000000002 28213.798958333333 23.075000000000006 1536.6000000000001 86.250000000000014 2162.9000000000001 28.250000000000004 29256.750000000004 17.525000000000002 1146.4915312500002 14333.000000000002 6851.3543750000017 34082.250000000007 621957.22813125025 186.10000000000005 30215.650000000005 35683.80000000001 27.525000000000002 39510.55000000001 1153.4340000000002 713.05000000000007 3.8250000000000006 36958.700000000004 1029.1588125000003 4309.7500000000009 2222.3999999999983 5725.5000000000009 41.250000000000007 72.165000000000006 31901.800000000007 1058.0160000000003 849928.23973781266 698.05983333333347 482.96000000000004 1159.4758923611114 20.835000000000004 44029.900000000009 40072.177083333336 1339.2626354166671 5780.5000000000009 9.7250000000000014 655029.53958750016 32369.050000000003 33100.30000000001 30833.600000000002 1435.874652777778 93.250000000000014 361.47943750000007 4989.9000000000005 27984.373958333334 32321.500000000004
decision_type=2 2 2 2 2 2 2 2 2 2 2 2 2 2 2 2 2 2 2 2 2 2 2 2 2 2 2 2 2 2 2 2 2 2 2 2 2 2 2 2 2 2 2 2 2 2 2 2 2 2 2 2 2 2 2
left_child=1 3 6 4 5 52 -3 9 12 10 11 -8 -9 17 49 -16 -4 42 19 -10 21 44 27 24 47 -26 30 28 -22 54 -27 -11 -6 -29 35 53 51 38 -33 -2 -25 -28 -14 -44 45 48 -47 -24 -12 -15 -31 -32 -1 -5 -30
right_child=39 2 16 34 32 -7 7 8 18 31 20 -13 13 14 15 -17 -18 -19 -20 -21 22 -23 23 40 25 26 41 33 29 50 36 37 -34 -35 -36 -37 -38 -39 -40 -41 -42 -43 43 -45 -46 46 -48 -49 -50 -51 -52 -53 -54 -55 -56
leaf_value=-0.049336613113397564 -1.4391559313282849 0.31947355298846114 -2.9758966772684312 0.0039742367377974966 0.02342275729434971 0.076553810376605233 0.0061902130822614181 1.1025607119482124 0.018494637343795559 -1.2021743489981915 -0.0098025196304985639 0.049710629494906407 0.033306870752103625 -0.02256453863040811 -0.0037646335019866596 0.019828183879123735 -0.021356789407906359 0.0088380040633129417 1.4386124916767431 -0.0056549220208859897 -0.48691114642361399 0.036681241221815895 -0.054458081163125234 -0.0014837362229275087 2.4552217174287971 -2.5126366695708127 4.0250740581473847 0.012814139425759128 0.30210457569964255 0.029771352030410737 -0.040226490165433865 -0.14334115587003698 -0.002948460402790406 -0.083985958499737695 0.89140989866516751 2.2481132216760678 0.013400647852428574 0.006098040425300948 7.5639715441674259e-05 -2.7714979091424632 0.32322569676905316 -0.028978953055112187 0.0029640568737121752 -0.010495208912724423 -3.5645195964153222 -0.70583391278656105 0.14099033814141146 -2.365099005427449 -0.071676068195848333 -0.044793780182603396 -0.022043076824505951 -0.081722322923851898 -0.058468564472872471 -0.072258955924030491 3.8066104660228373
leaf_weight=21 21 34 20 23 28 21 32 20 22 26 20 21 21 21 24 20 22 25 22 24 20 36 20 21 23 21 20 29 20 25 25 37 22 22 31 26 21 27 28 30 20 23 28 38 29 26 33 22 21 22 22 21 23 21 23
leaf_count=21 21 34 20 23 28 21 32 20 22 26 20 21 21 21 24 20 22 25 22 24 20 36 20 21 23 21 20 29 20 25 25 37 22 22 31 26 21 27 28 30 20 23 28 38 29 26 33 22 21 22 22 21 23 21 23
internal_value=-0.000351906 -0.000175171 -0.000501367 0.00148148 -0.00026087 -0.00261538 -0.000331754 -0.000479922 0.00087108 -0.00100817 -0.000519481 0.00358491 -0.000319635 -0.000954774 -0.00310345 0 -0.0047619 0.000714286 0.00470588 0.0026087 -0.000905861 -0.00248485 -0.000251256 -0.00130802 -0.00214286 -0.00103896 -0.00221374 0.00130435 0.00272727 0.004 -0.00409091 -0.00355932 0.0028 -0.00176471 0.00346535 0.002 -0.00253731 -0.0023913 -0.00384615 -0.00490196 0.00268293 0.00162791 -0.000574713 -0.00181818 -0.00395349 -0.003 -0.000847458 -0.00619048 -0.00609756 -0.00627907 0.00106383 -0.00434783 -0.005 -0.000909091 0.0072093
internal_weight=1364 1313 1097 216 115 65 1055 1021 287 734 616 53 219 199 87 44 42 112 68 46 563 165 398 237 196 154 131 161 110 90 88 118 50 51 101 70 67 92 65 51 41 43 87 66 129 100 59 42 41 43 47 46 44 44 43
internal_count=1364 1313 1097 216 115 65 1055 1021 287 734 616 53 219 199 87 44 42 112 68 46 563 165 398 237 196 154 131 161 110 90 88 118 50 51 101 70 67 92 65 51 41 43 87 66 129 100 59 42 41 43 47 46 44 44 43
is_linear=0
shrinkage=0.01


Tree=35
num_leaves=54
num_cat=0
split_feature=41 79 6 39 69 24 32 33 69 39 22 13 40 74 97 74 41 33 87 27 20 28 17 39 7 64 22 21 24 24 64 27 75 32 80 97 33 4 56 4 20 74 74 38 23 4 23 30 65 22 65 79 21
split_gain=6.54295 6.59892 8.05149 10.7556 5.60096 8.13445 4.82871 7.36902 5.81818 4.70372 5.98291 4.45455 4.30496 4.23775 9.25714 8.85646 7.98758 5.20044 6 6.98637 7.37735 5.32877 11.1511 8.79446 7.00295 7.52785 6.65523 5.98228 5.81524 8.3794 6.58464 5.5102 10.0987 7.23378 7.61261 7.75092 5.48638 5.27424 10.0833 5.0206 8.40773 5.84012 4.9 4.3636 7.00598 4.12208 4.05338 4.0385 3.72171 3.62228 3.43636 3.35873 1.94216
threshold=116.00000000000001 659.65778205979643 2827.7500000000005 120.75000000000001 31901.800000000007 5.5750000000000011 146.50000000000003 159.75000000000003 33090.600000000013 154.75000000000003 86.250000000000014 1550.0500000000002 5.7500000000000009 1490.5771979166668 0.55208333333333337 1526.5345937499999 65.250000000000014 6.7500000000000009 0.36458333333333343 33.250000000000007 1873.2500000000002 29.225000000000005 116.85000000000001 207.25000000000003 1713.4450000000004 809.13950000000011 89.250000000000014 27.925000000000004 7.075000000000002 5.4750000000000005 1154.0150000000001 69.750000000000014 469.4882726350715 137.25000000000003 32948.803125000006 0.13541666666666671 170.25000000000003 10292.965000000002 1.0000000180025095e-35 3449.7650000000008 1388.7500000000002 1714.9352395833337 551.71988541666678 8.0250000000000021 99.250000000000014 10209.570000000002 95.750000000000014 99.250000000000014 30501.400000000005 88.750000000000014 30451.050000000003 566.70611402908673 19.675000000000004
decision_type=2 2 2 2 2 2 2 2 2 2 2 2 2 2 2 2 2 2 2 2 2 2 2 2 2 2 2 2 2 2 2 2 2 2 2 2 2 2 2 2 2 2 2 2 2 2 2 2 2 2 2 2 2
left_child=1 2 3 -1 5 -3 8 11 -5 -6 -11 -8 -4 14 17 -15 49 18 19 -14 -21 22 23 28 25 37 36 43 29 30 -19 33 -33 34 35 -30 -25 42 -39 41 48 -17 -23 44 -24 -2 -7 -46 -41 -16 -12 -26 -31
right_child=45 4 12 6 9 46 7 -9 -10 10 50 -13 13 15 16 39 -18 21 -20 20 -22 24 27 26 51 -27 -28 -29 31 52 -32 32 -34 -35 -36 -37 -38 38 -40 40 -42 -43 -44 -45 47 -47 -48 -49 -50 -51 -52 -53 -54
leaf_value=-0.81328731359374251 -0.06303818016843038 -0.091123452594961005 -0.0086210308940153878 -0.00080619089758534105 -0.68373852695965864 0.10808578772613794 -0.00032379620847071709 -0.023824267318282119 -2.5830809804476185 -0.027720067202145753 0.087854890897050383 0.033062451502807608 -0.016660756970617797 -0.023842040066885055 0.0049647006489314666 -0.010989860150181014 0.0036921913506077629 -0.025097309177776507 -0.14028614246103505 1.2278643545494996 -0.014534731469996863 0.030168903273611259 -0.0049042767431217828 -0.072209428511186016 -3.1925519356766854 -0.17840027411709741 -2.3746772077876184 7.1089213142715133 -0.43864714724913501 0.50572424071387012 0.19331756133249897 -0.35537223444685312 0.048921149099057204 -0.14500431981965656 -0.034552478052376975 0.18472914625162848 0.053266244857585437 -1.6781870021663527 1.8795011698121886 0.002093374486765658 0.030966360070647854 0.00041658255615711377 2.9738511468244884 0.92474208358384435 0.024004296880451123 -1.6099556992560549 -0.0035538489138802554 3.4267184910991513 -0.0070258876772256208 1.062133030791939 -0.07463122695002504 -0.047714599272686495 0.42220387069029924
leaf_weight=24 20 21 35 22 20 27 22 32 22 36 20 22 29 24 22 25 35 38 36 20 23 20 30 25 21 25 29 31 28 20 28 22 20 31 20 26 21 24 24 33 26 26 20 38 26 22 24 23 25 25 22 24 23
leaf_count=24 20 21 35 22 20 27 22 32 22 36 20 22 29 24 22 25 35 38 36 20 23 20 30 25 21 25 29 31 28 20 28 22 20 31 20 26 21 24 24 33 26 26 20 38 26 22 24 23 25 25 22 24 23
internal_value=-0.000399419 -0.000277154 -8.58369e-06 -0.00222222 -0.00211765 0 -0.001 0.000526316 -0.00363636 -0.00367347 -0.0025641 0.00318182 0.000303624 0.000425963 0.000713422 -0.00106918 0.00390244 0.000362416 -0.00166667 0 0.00255814 0.000706436 0.00123173 0.00021148 -0.000886076 0.000442478 -0.0028 0.00351351 0.00109375 0.00284404 0.000606061 -0.000204082 0.00285714 -0.00142857 0.00027027 0.00222222 -0.000434783 0.00181818 -0.000416667 -7.40741e-05 0.00142857 -0.00254902 0.0045 0.00247863 0.00113924 -0.00428571 0.00215686 0.00346939 -0.000689655 0.00659574 0 -0.00422222 0.00627907
internal_weight=1377 1335 1165 144 170 72 120 76 44 98 78 44 1021 986 827 159 82 745 108 72 43 637 479 331 158 113 75 148 256 109 66 147 42 105 74 54 46 88 48 135 84 51 40 117 79 42 51 49 58 47 42 45 43
internal_count=1377 1335 1165 144 170 72 120 76 44 98 78 44 1021 986 827 159 82 745 108 72 43 637 479 331 158 113 75 148 256 109 66 147 42 105 74 54 46 88 48 135 84 51 40 117 79 42 51 49 58 47 42 45 43
is_linear=0
shrinkage=0.01


Tree=36
num_leaves=53
num_cat=0
split_feature=44 83 66 26 88 16 83 76 91 82 62 8 7 3 68 19 86 7 16 31 33 77 34 91 16 8 8 44 10 2 3 3 19 21 21 16 36 16 31 33 67 16 71 98 97 100 36 100 10 88 94 33
split_gain=8.73135 8.54246 9.18994 9.24838 9.01997 7.35695 8.73755 7.91308 9.94122 8.39341 7.19149 6.78229 7.78402 6.464 6.36597 6.38406 9.35227 6.93695 7.33898 6.05378 6.5641 5.88395 5.6913 5.52652 5.50491 5.78125 7.14694 8.19394 5.86943 9.38361 8.19394 8.56906 9.1726 7.74478 9.51728 6.66105 9.9 8.38712 5.90531 6.84106 6.40678 4.99025 4.84781 4.61597 3.85082 3.78699 3.63655 3.5461 3.22626 3.19342 3.05233 3.61542
threshold=1.6710000038146975 2679.700000000003 1503.4000000000003 139.25000000000003 12188.746249999998 1477.95 2421.5499999999979 31244.782291666674 29342.574862500001 -37.585000000000029 676.3130000000001 410.14723684210531 1457.0800000000002 15272.250000000002 901.74750000000006 245.25000000000003 1.0405000000000002 328.28000000000003 4439.8000000000002 11.525000000000002 45.250000000000007 3524.4801730504018 88.250000000000014 27495.510543750006 3436.9500000000003 422.61828947368429 420.86052631578951 3.2085000276565556 35285.100000000006 3218.5500000000006 15119.444500000001 15582.732500000002 1059.5000000000002 27.275000000000002 22.825000000000006 6223.7500000000009 78.250000000000014 5647.5500000000002 9.0750000000000011 81.750000000000014 34741.750000000007 4946.6000000000013 1412.9215000000002 0.14236111111111113 0.42708333333333343 0.10069444444444446 88.250000000000014 0.065972222222222238 29545.000000000004 4460.0635416666673 580920.63830156263 99.000000000000014
decision_type=2 2 2 2 2 2 2 2 2 2 2 2 2 2 2 2 2 2 2 2 2 2 2 2 2 2 2 2 2 2 2 2 2 2 2 2 2 2 2 2 2 2 2 2 2 2 2 2 2 2 2 2
left_child=-1 5 3 4 10 -2 7 8 9 23 21 13 49 -8 22 47 17 18 -17 20 -20 -3 48 -7 -9 26 28 -28 30 38 35 -32 -33 34 -31 36 -26 41 39 -30 -41 -38 -12 -36 -37 -4 -19 -16 -11 -13 -51 -52
right_child=1 2 45 -5 -6 6 11 24 -10 14 42 12 -14 -15 15 16 -18 46 19 -21 -22 -23 -24 -25 25 -27 27 -29 29 33 31 32 -34 -35 43 44 37 -39 -40 40 -42 -43 -44 -45 -46 -47 -48 -49 -50 50 51 -53
leaf_value=2.929897155672982 -1.7885590946205094 -0.01589781908984815 0.0054032834089434755 1.6893934128200367 0.31497948370322165 -0.68192223334411661 0.057270827404744644 0.16560561524655135 0.076534584542339426 2.6319743453043163 -0.043484537502320987 -0.0072466232668047526 0.010274356802973186 -0.4388034096506051 -0.17661627137592648 -1.8546298264942136 0.018513268279282031 0.062205344479189524 -0.016234700946981838 0.013772385988176587 0.013964494674088246 -0.49017313397705181 -0.057906517704319004 0.0038452863975963988 0.060849541754155884 -0.58380706522272885 0.046391063473382115 -0.018679733294935309 0.11588751969850605 -0.020778955602466613 0.022452742557751953 0.023775917985477596 -0.03677947930173571 -0.78965033245615535 -0.056835005826045906 -0.024373048571609185 -0.059507484412459587 0.0030881712859184259 -0.0058970374179812979 0.56512893516240748 -0.031271772257302301 -2.0013009220814464 0.12652658259968827 3.1631705972526185 -0.022503900235695384 7.3964166330614134 0.0065784129067010325 -0.16817333681851449 0.56241558541636194 -0.84515116287775582 -0.01755908754479062 -0.0054212688447753937
leaf_weight=23 26 25 27 24 36 31 35 20 31 22 25 21 22 24 27 20 33 21 25 30 27 22 20 28 22 22 24 20 20 29 31 24 22 37 26 20 30 31 35 38 34 27 22 22 38 22 23 20 29 21 22 21
leaf_count=23 26 25 27 24 36 31 35 20 31 22 25 21 22 24 27 20 33 21 25 30 27 22 20 28 22 22 24 20 20 29 31 24 22 37 26 20 30 31 35 38 34 27 22 22 38 22 23 20 29 21 22 21
internal_value=-0.000457516 -0.0005613 0.00133005 0.00012987 -0.000923077 -0.000894874 -0.000773333 -0.000406674 0.000697674 0.000224719 -0.00255319 -0.00289157 -0.00439252 -0.000169492 0.000909091 8.84956e-05 0.000949721 -0.000136986 -0.00156863 -0.000243902 -0.00230769 -0.00531915 0.00352113 -0.00322034 -0.00115385 -0.00134058 -0.00113208 0.00272727 -0.00148148 -0.000373444 -0.00257143 0.00012987 -0.0026087 -0.00245614 -0.000649351 -0.00380952 -0.00236364 -0.00386364 0.00149606 0.00282609 0.00138889 -0.00614035 0.000212766 0.00208333 -0.00655172 0.00510204 0.00318182 -0.00319149 0.00529412 -0.00576471 -0.006875 -0.00534884
internal_weight=1377 1354 203 154 130 1151 1125 959 387 356 94 166 107 59 297 226 179 146 102 82 52 47 71 59 572 552 530 44 486 241 245 77 46 114 77 168 110 88 127 92 72 57 47 48 58 49 44 47 51 85 64 43
internal_count=1377 1354 203 154 130 1151 1125 959 387 356 94 166 107 59 297 226 179 146 102 82 52 47 71 59 572 552 530 44 486 241 245 77 46 114 77 168 110 88 127 92 72 57 47 48 58 49 44 47 51 85 64 43
is_linear=0
shrinkage=0.01


Tree=37
num_leaves=54
num_cat=0
split_feature=5 32 32 34 41 73 62 77 83 22 31 39 83 42 1 34 83 78 83 83 67 17 64 78 31 62 87 16 94 5 7 88 34 72 65 77 82 31 94 43 90 19 64 62 2 5 31 64 74 62 42 67 93
split_gain=6.6695 9.93119 12.6081 9.20598 8.22142 9.01205 7.97433 8.41672 7.97922 7.7579 7.53012 7.27555 10.7091 9.77001 9.89965 9.66751 9.52778 9.51884 7.1902 9.38546 8.56307 7.14286 6.99717 10.5614 6.66747 6.62759 6.46791 7.22147 9.21812 12.48 7.59694 7.06227 6.09038 11.1503 7.7616 5.80993 5.74975 6.01758 6.48777 5.74957 5.58475 5.34964 5.15703 5.06035 4.89423 6.29192 4.57143 4.39454 3.91841 3.86551 3.6 3.42857 3.16106
threshold=3014.5800000000004 146.50000000000003 184.75000000000003 81.250000000000014 98.250000000000014 1090.2030000000002 1250.4000000000003 4400.9874293709299 1624.3500000000006 76.250000000000014 11.325000000000001 216.75000000000003 2694.0500000000015 96.02500152587892 14262.000000000002 95.750000000000014 2253.2000000000012 567.61035416666675 2727.349999999999 2396.349999999999 31057.750000000004 145.95000000000002 757.76300000000003 539.20941319444455 10.775000000000002 1364.7395000000001 0.30208333333333343 6095.9000000000005 668242.1912046877 4214.2800000000016 17.595000000000002 5664.7331250000016 62.250000000000007 0.99700000000000011 28061.600000000002 4006.6935447075107 -733.49999999999989 3.7750000000000004 632274.74505062529 77.809997558593764 1459.0327500000003 1020.7000000000002 1.1355000000000002 1602.1500000000003 2590.7000000000003 8383.1700000000019 3.5250000000000008 1499.9500000000003 1474.7934791666669 1175.6580000000001 121.66500091552736 34004.100000000006 402.57657142857153
decision_type=2 2 2 2 2 2 2 2 2 2 2 2 2 2 2 2 2 2 2 2 2 2 2 2 2 2 2 2 2 2 2 2 2 2 2 2 2 2 2 2 2 2 2 2 2 2 2 2 2 2 2 2 2
left_child=1 24 -3 -4 5 6 9 25 -9 40 11 13 15 -11 52 22 17 -16 19 26 -20 -5 23 -13 47 -8 27 30 29 -29 -7 43 34 -34 -27 -35 -6 41 -39 -19 -2 -38 -28 -32 -40 -46 -18 49 -21 -1 -42 -48 -15
right_child=4 2 3 21 36 18 7 8 -10 10 -12 12 -14 14 16 -17 46 39 20 48 -22 -23 -24 -25 -26 32 42 28 -30 -31 31 -33 33 35 -36 -37 37 38 44 -41 50 -43 -44 -45 45 -47 51 -49 -50 -51 -52 -53 -54
leaf_value=-2.6274906494805861 -1.84812954054586 0.044624679978584547 -0.023576807945809995 -0.077970395585621244 -0.020253259773296488 0.49530771047171085 0.53902670387883933 -0.17290520262566311 0.0048932887909315034 0.37128818466225788 1.2442663537039678 0.042368275531004918 2.0325114913434894 -0.36316436491883819 3.6011921876471797 -0.070317417718218922 0.014898933925455712 -0.040815754797794528 -0.024663984654976198 -0.036142958526656756 0.33914799687019193 0.0087197204567676014 -0.55555716683665413 3.1423187112639903 -0.0057750052025124917 0.041581607857597021 -0.050466620211771555 0.00042482633315827761 0.0125295728131271 -0.01470585801529325 -0.078625782776711534 0.010893342159074334 13.366922906931082 0.002788671070349258 0.8041446963078086 -0.087649968475811704 -0.008244502395732111 -0.6626939060614534 -0.10580956496130775 0.027330566773733436 -0.26132537435657743 3.8751923061178806 -1.5982168966799482 0.0021436447560676248 0.051030277421415776 -0.10074976342264101 -1.4877691985005097 -0.035627550670358644 -0.0073788738829420079 -0.021277103967456225 0.077270634284806378 -0.022822798916748221 -0.089021207199088834
leaf_weight=21 22 20 34 28 21 20 20 20 22 36 33 33 33 23 34 22 21 27 20 26 21 28 22 23 27 32 20 31 27 36 35 33 20 27 26 20 22 37 34 20 20 21 21 26 27 23 21 28 22 20 20 21 30
leaf_count=21 22 20 34 28 21 20 20 20 22 36 33 33 33 23 34 22 21 27 20 26 21 28 22 23 27 32 20 31 27 36 35 33 20 27 26 20 22 37 34 20 20 21 21 26 27 23 21 28 22 20 20 21 30
internal_value=-0.000573711 -0.00223301 -0.000181818 -0.00177778 -0.00028181 8.11359e-05 0.000771605 0.00251337 -0.00142857 6.50759e-05 0.000576441 0.000163934 0.00203008 -0.000901288 -0.00177665 0.0004 -0.000416667 0.00185185 -0.0012426 -0.00178451 0.00268293 0.000714286 0.00205128 0.00392857 -0.00458333 0.00365517 -0.00100402 -0.000288462 -0.00234043 -0.00432836 0.00140351 0.000212766 0.0028 0.000746269 0.00517241 -0.00191489 -0.00221622 -0.00158537 -0.00272727 -0.00106383 -0.00322581 0.00162791 -0.00463415 -0.00180328 -0.00119048 0.0008 -0.00333333 -0.00623188 -0.00583333 -0.00414634 -0.001 -0.0052381 -0.0054717
internal_weight=1377 206 110 90 1171 986 648 187 42 461 399 366 133 233 197 100 144 81 338 297 41 56 78 56 96 145 249 208 94 67 114 94 125 67 58 47 185 164 121 47 62 43 41 61 84 50 63 69 48 41 40 42 53
internal_count=1377 206 110 90 1171 986 648 187 42 461 399 366 133 233 197 100 144 81 338 297 41 56 78 56 96 145 249 208 94 67 114 94 125 67 58 47 185 164 121 47 62 43 41 61 84 50 63 69 48 41 40 42 53
is_linear=0
shrinkage=0.01


Tree=38
num_leaves=56
num_cat=0
split_feature=83 67 69 65 94 25 76 69 4 25 99 66 68 34 68 34 94 39 19 34 21 83 69 7 21 69 30 29 79 13 81 81 34 64 0 24 21 70 13 79 4 88 42 2 30 30 29 68 5 99 46 85 30 56 0
split_gain=8.11391 12.3427 9.90134 8.41543 9.71372 10.6995 9.69971 9.34725 8.4137 11.1569 8.11918 11.1704 13.0443 9.84029 8.92192 21.1153 11.4632 13.6858 9.09091 8.85188 8.04497 7.82843 9.11021 13.1738 7.80071 13.5856 8.0131 7.75115 7.67128 9.59766 7.53266 7.02338 6.96356 6.8462 6.69978 6.23077 5.63268 5.17314 7.84426 8.00526 4.89118 4.7619 4.45455 3.84127 3.71212 3.41333 3.34495 3.00174 3 2.91255 2.5 2.34885 1.96923 0.942857 0.123077
threshold=2900.3500000000026 31700.450000000004 30745.100000000002 32049.250000000004 537083.1890868753 102.75000000000001 31244.782291666674 27476.200000000004 8480.465000000002 14.250000000000002 0.86458333333333337 1290.5500000000002 1079.3815000000002 102.25000000000001 1326.6000000000001 79.750000000000014 521574.69235406263 216.75000000000003 1291.3500000000001 78.750000000000014 25.225000000000005 1795.4499999999973 27359.450000000004 89.430000000000021 20.125000000000004 33443.55000000001 30.750000000000004 80.750000000000014 372.37665736119141 7159.4500000000016 4059.6307011434701 4193.3419218890385 52.750000000000007 1602.1500000000003 33977.250000000007 10.175000000000002 22.425000000000004 915.5055000000001 10300.850000000002 573.4400217600305 9850.760000000002 9286.1181250000009 135.62500000000003 3053.8260000000005 96.750000000000014 97.750000000000014 88.750000000000014 1681.0000000000002 5820.1450000000013 0.031250000000000007 102.5550003051758 1682.4000000000003 68.250000000000014 1.0000000180025095e-35 31854.100000000002
decision_type=2 2 2 2 2 2 2 2 2 2 2 2 2 2 2 2 2 2 2 2 2 2 2 2 2 2 2 2 2 2 2 2 2 2 2 2 2 2 2 2 2 2 2 2 2 2 2 2 2 2 2 2 2 2 2
left_child=2 41 3 4 45 6 8 28 9 -6 11 14 48 24 16 51 18 37 -4 30 -17 22 46 -24 25 32 -26 -12 -7 -30 -19 -3 42 35 -21 -28 -8 38 52 50 44 -2 -14 53 -9 -1 -11 -27 -13 -34 -40 54 -18 -35 -16
right_child=1 31 10 -5 5 7 36 40 -10 21 27 12 13 -15 15 20 17 19 -20 34 -22 -23 23 -25 26 47 33 -29 29 -31 -32 -33 49 43 -36 -37 -38 -39 39 -41 -42 -43 -44 -45 -46 -47 -48 -49 -50 -51 -52 -53 -54 -55 -56
leaf_value=0.13253522430129264 0.0064739071952522962 4.272483485484873 -0.13792347866449611 -0.047127224222152604 -0.091261105705902387 -0.016316984497704985 -0.04461867461029298 0.58802283004960287 -0.87435290896376405 0.52345665105484884 -0.039854148156655382 1.4340542900055144 0.0082913067157773333 0.013491752230704986 -1.2219901145516163 0.023593420408136716 -0.79473524212579805 6.779653324158093 0.26514932123538693 0.61740442809191709 -0.06391732104969694 -0.016488170016087988 -0.022529393048719912 0.17807200535350351 0.0095295348429187774 -0.029697980691379071 -0.018693148288955311 0.24320710008150617 2.4526726718748613 -0.043219205903946643 -0.009975472583274728 0.032843312870597892 0.0080997043852492241 -0.021776707055327877 -0.050290265344526727 0.0040217310212247942 -0.015966262076277878 0.0014738312557680401 -2.6985042123862475 0.0020826921491975082 2.2482715160849769 -1.6642937754762659 -0.0035449938358856881 -0.005340235410334352 0.0015458053066252741 1.0315616329219399 3.8728586585685432 -0.00062515630085300882 2.8179150703655695 0.039891602758036826 -3.0740106325763303 -0.042605645416438909 -3.3486229516546269 -0.0076215543828948443 -2.8706760058993779
leaf_weight=30 27 20 22 28 20 21 29 24 36 21 25 28 22 26 20 22 20 23 22 20 23 35 27 25 26 34 26 31 21 31 20 35 22 20 34 26 23 20 20 36 21 21 22 21 20 20 20 20 21 20 20 24 32 22 32
leaf_count=30 27 20 22 28 20 21 29 24 36 21 25 28 22 26 20 22 20 23 22 20 23 35 27 25 26 34 26 31 21 31 20 35 22 20 34 26 23 20 20 36 21 21 22 21 20 20 20 20 21 20 20 24 32 22 32
internal_value=-0.000660857 0.00203883 -0.000879121 0.000309735 0.000660377 0.000106952 -0.00118644 0.00231884 -0.000108696 0.000945946 -0.00153285 -0.00180157 -0.000505618 -0.00127036 -0.00292683 -0.00520661 -0.00197232 -0.00281633 0.00272727 0.000103093 0.000222222 0.00203125 0.00354839 0.000769231 -0.00181495 -0.000142857 -0.00347518 0.00214286 -0.000136986 0.00192308 0.00348837 0.00527273 0.00232558 -0.0046087 -0.00259259 -0.00192308 -0.005 -0.00472973 -0.00546875 -0.00342105 0.00507692 -0.00166667 -0.000454545 -0.0068254 0.00318182 0.0048 0.00707317 -0.00407407 0.00428571 0.0052381 -0.0065 -0.00842105 -0.00846154 -0.00857143 -0.00961538
internal_weight=1377 103 1274 452 424 374 236 138 184 148 822 766 356 307 410 121 289 245 44 97 45 128 93 52 281 140 141 56 73 52 43 55 86 115 54 52 52 148 128 76 65 48 44 63 44 50 41 54 49 42 40 76 52 42 52
internal_count=1377 103 1274 452 424 374 236 138 184 148 822 766 356 307 410 121 289 245 44 97 45 128 93 52 281 140 141 56 73 52 43 55 86 115 54 52 52 148 128 76 65 48 44 63 44 50 41 54 49 42 40 76 52 42 52
is_linear=0
shrinkage=0.01


Tree=39
num_leaves=53
num_cat=0
split_feature=84 31 66 14 7 90 90 27 33 10 88 90 20 27 26 76 36 68 88 98 78 90 36 64 7 88 10 66 79 45 60 40 39 90 90 53 19 100 43 68 71 90 14 46 10 94 98 0 78 19 10 0
split_gain=9.51869 8.56479 8.52117 8.60852 8.47518 12.0227 12.0693 9.43007 8.2362 9.81037 9.92004 8.21918 7.84963 8.91836 8.71811 7.27578 9.36907 10.1225 9.51416 7.7124 8.06667 6.96473 6.63121 7.98769 6.61192 6.61113 6.3954 6.87508 6.0387 6.73247 8.22857 6.00354 14.7631 8.06001 7.63744 5.2964 5.00961 4.90909 4.9 4.87013 4.84848 4.47768 8.26101 3.80141 3.98616 3.67313 3.6 3.3824 3.88658 2.07692 1.83995 0.4
threshold=1490.5771979166668 11.925000000000002 1044.8275000000001 18245.750000000004 46.995000000000012 788.49855000000025 2030.2285500000003 17.750000000000004 86.750000000000014 33197.400000000009 7255.0979166666666 1471.4500500000006 2282.9500000000003 105.25000000000001 69.750000000000014 26745.211458333335 77.250000000000014 931.92050000000006 3523.2266666666669 0.21875000000000003 519.68573263888902 937.50615000000016 85.750000000000014 1465.8170000000002 85.935000000000016 3918.4875000000002 31538.050000000003 1398.6000000000001 548.50715760510991 24317.500000000004 1346.5740000000003 60.250000000000007 182.75000000000003 1483.8673500000004 2415.1648500000006 2.5000000000000004 3063.1500000000005 0.64930555555555569 79.670001983642592 1646.4500000000003 1355.7645000000002 1210.6867500000003 14486.550000000001 98.784999847412124 39878.850000000013 650129.98553156259 0.079861111111111119 31019.650000000005 999.95628472222234 1186.5000000000002 31053.800000000007 31059.000000000004
decision_type=2 2 2 2 2 2 2 2 2 2 2 2 2 2 2 2 2 2 2 2 2 2 2 2 2 2 2 2 2 2 2 2 2 2 2 2 2 2 2 2 2 2 2 2 2 2 2 2 2 2 2 2
left_child=2 8 12 4 7 -6 28 50 24 -10 -11 41 13 14 15 -1 18 19 -17 20 37 -16 23 25 49 -13 -5 -28 29 30 -7 35 -33 38 46 -23 -14 -18 -34 -3 -25 42 -9 -15 -45 -19 -35 48 -30 -2 -4 -47
right_child=1 39 3 26 5 6 -8 11 9 10 -12 22 36 43 21 16 17 45 -20 -21 -22 31 -24 40 -26 -27 27 -29 47 -31 -32 32 33 34 -36 -37 -38 -39 -40 -41 -42 -43 -44 44 -46 51 -48 -49 -50 -51 -52 -53
leaf_value=0.43911544039072725 -0.01673584787155567 -0.0024873300325656085 -0.5167576538353974 0.19831415706131345 0.96591093770097347 -0.39421206672159187 0.046905374774116493 -0.035311020963861732 -0.011338913414571218 -0.007432952319179802 1.118515624716635 0.00078043995306382172 -3.1597327102214106 -0.02885509934215362 1.1668242035962582 -0.011165286691988144 0.25794663761639069 -1.5241486486172411 1.239771042588186 3.5032653344258295 -2.0268340782217376 -2.2080334909078196 -0.018366574470253725 -0.026008009720941618 -0.0044109630411964659 0.64563424822915594 -0.035106669170729833 0.30829713257931429 -0.032780367570386007 -0.011829342837746349 1.2344391668178454 2.7815876865955387 -0.12971974816885037 0.03758460593515011 -0.0053170212362030709 0.0029825239870553415 -0.086285184221586597 -0.022028799541823345 -0.0076946671107414521 0.0071781068180819555 0.0089098321847105085 0.68379920365090985 1.1781361597624249 -0.015137766819650147 -2.4317881623714288 -0.89432436075827493 2.3552086454556336 -0.053828116822074341 -0.26264461102496961 -0.0111935111502043 -0.0034163474845726551 -3.4882221923306589
leaf_weight=36 25 22 21 22 22 24 36 23 38 38 26 27 31 38 23 26 22 34 23 21 36 21 37 20 21 38 27 32 22 21 21 26 20 20 31 20 20 32 20 20 24 24 26 33 28 20 20 32 20 27 20 20
leaf_count=36 25 22 21 22 22 24 36 23 38 38 26 27 31 38 23 26 22 34 23 21 36 21 37 20 21 38 27 32 22 21 21 26 20 20 31 20 20 32 20 20 24 24 26 33 28 20 20 32 20 27 20 20
internal_value=-0.00070443 -0.00262673 -0.000344828 0.000575139 4.36681e-05 -0.00151515 -0.00238636 0.00123077 -0.0036 -0.00176471 0.000625 0.00205479 -0.00114332 -0.000807018 -0.000233546 -0.00140741 -0.00205128 -0.00308108 0.00183673 -0.00117117 -0.00244444 0.00134328 0.000684932 0.00192661 -0.00616438 0.00415385 0.00358025 0.00186441 -0.00371429 -0.00151515 0.000666667 0.000674157 0.00167883 9.00901e-05 0.00211268 -0.00268293 -0.00490196 0 -0.0035 0.00142857 -0.00136364 0.00479452 0.00306122 -0.00353535 -0.00508197 -0.00594595 0.005 -0.00567568 -0.00380952 -0.00807692 -0.00317073 -0.008
internal_weight=1377 217 1160 539 458 198 176 260 175 102 64 219 621 570 471 270 234 185 49 111 90 201 146 109 73 65 81 59 140 66 45 178 137 111 71 41 51 54 40 42 44 73 49 99 61 74 40 74 42 52 41 40
internal_count=1377 217 1160 539 458 198 176 260 175 102 64 219 621 570 471 270 234 185 49 111 90 201 146 109 73 65 81 59 140 66 45 178 137 111 71 41 51 54 40 42 44 73 49 99 61 74 40 74 42 52 41 40
is_linear=0
shrinkage=0.01


Tree=40
num_leaves=54
num_cat=0
split_feature=100 74 17 2 36 71 19 1 67 1 34 34 39 37 74 2 45 68 30 67 24 71 67 44 1 78 19 37 45 10 80 64 74 38 31 28 3 73 43 30 68 2 39 37 68 34 2 24 24 39 68 80 30
split_gain=9.76361 10.6327 10.3143 8.16224 9.05143 5.91526 6.28556 6.08733 7.94601 7.83062 9.14539 9.55888 11.6368 9.06309 8.07542 7.48019 9.51408 9.93041 10.9139 7.72571 7.40648 8.86979 8.64 7.29138 7.09891 6.54324 6.0565 9.76007 9.23085 6.33208 6.00385 6.00138 6.00451 7.85714 5.82424 5.75805 5.75782 5.73806 5.40468 5.35309 5.29304 5.15454 5.13778 4.98405 4.87387 3.96703 3.86551 3.83275 3.79605 3.55577 3.42857 3.39231 1.42238
threshold=0.71180555555555569 289.84400000000005 112.55000000000003 2090.5000000000005 86.750000000000014 1747.9315000000004 3218.5500000000006 16081.750000000002 30618.650000000005 15161.100000000002 114.25000000000001 64.750000000000014 141.25000000000003 57.750000000000007 861.3407395833334 3657.3390000000004 24373.000000000004 1499.9500000000003 92.750000000000014 34956.100000000013 8.9250000000000025 992.56750000000011 33794.450000000004 2.7304999828338627 14242.000000000002 1284.1620069444446 222.30000000000004 99.250000000000014 24617.500000000004 32812.650000000009 30383.405555555557 1288.8500000000001 1172.0361875000001 5.325000000000002 4.8750000000000009 29.575000000000006 15326.750000000002 1.0815000000000003 76.780002593994155 81.250000000000014 1.0000000180025095e-35 2824.6500000000001 114.25000000000001 89.750000000000014 938.15000000000009 82.750000000000014 3040.3500000000008 8.6250000000000018 8.6750000000000025 197.75000000000003 1196.7500000000002 31394.133333333339 79.250000000000014
decision_type=2 2 2 2 2 2 2 2 2 2 2 2 2 2 2 2 2 2 2 2 2 2 2 2 2 2 2 2 2 2 2 2 2 2 2 2 2 2 2 2 2 2 2 2 2 2 2 2 2 2 2 2 2
left_child=1 36 -2 4 -3 6 7 9 -9 10 11 12 14 25 42 16 46 18 19 -18 21 34 38 -16 37 52 30 28 29 51 -15 -25 -33 -34 -11 44 47 -14 -22 41 43 -7 -5 -4 -20 -29 -10 -1 -21 -42 -47 -28 -13
right_child=2 3 40 5 -6 39 -8 8 15 20 -12 13 24 26 23 -17 17 -19 35 48 22 -23 -24 31 -26 -27 27 45 -30 -31 -32 32 33 -35 -36 -37 -38 -39 -40 -41 49 -43 -44 -45 -46 50 -48 -49 -50 -51 -52 -53 -54
leaf_value=-0.079992520410689036 2.3322333733271905 0.029327486251905219 -0.073805066376629508 -1.2111336347155865 -2.265767523406589 0.0058842641534194388 -0.036231099114209527 2.34670188436223 3.7517674480149794 0.050117814368993589 0.1011744771141582 -0.059454688145322766 -0.011129730424234943 0.00052124777144899764 -0.12810835877449128 0.43706558473590174 -0.074463188669746258 -0.017154765260589518 0.69767487949079354 -1.3424316920032748 0.016563673778272482 -0.18291733286941103 0.12133198109645964 1.2426578398199479 0.018662910267333317 -0.0029409790936150287 0.026914568361243223 -0.041165321484095706 -0.010023152323714904 0.0083990132150995444 -1.9210318244326545 -0.029026761681664008 1.0083900821513947 -0.0031980415933867052 -0.038504086131083387 -0.31510974461886532 -0.0030995126625433592 0.24881969966721718 -0.027572006321264008 -0.0066794057474918638 0.020637861224730509 -0.0040935636593563739 -0.056740957967268718 0.0055829619767569982 0.001859757513909841 -0.061833327358970645 0.0054095610331608727 -6.599713079576496 0.097598121052332357 1.2522075809967783 0.0035363209213992563 1.9872531762842938 -0.033333786982546555
leaf_weight=22 28 22 22 20 28 21 23 23 21 27 21 27 21 21 22 29 25 29 39 22 22 33 25 31 33 26 32 36 22 30 33 21 20 35 33 23 21 29 28 30 32 22 25 38 27 21 20 27 23 20 21 20 20
leaf_count=22 28 22 22 20 28 21 23 23 21 27 21 27 21 21 22 29 25 29 39 22 22 33 25 31 33 26 32 36 22 30 33 21 20 35 33 23 21 29 28 30 32 22 25 38 27 21 20 27 23 20 21 20 20
internal_value=-0.00079023 -0.00107029 0.00171429 -0.000846024 -0.0048 -0.000671378 -0.000481586 -0.000366795 0.00088968 -0.000834437 -0.000289608 -0.000530035 0.000894942 -0.00171521 -0.000574713 0.000387597 -0.000218341 -0.00117021 -0.000188679 -0.00314286 -0.0027381 -0.00462366 -0.0004 0.000697674 0.0039759 -0.00479452 -0.000762712 0.00010989 0.00211538 0.00365854 -0.0037037 0.0017757 0.000263158 0.002 -0.00233333 0.00213483 -0.00485714 0.0016 -0.0028 -0.00342466 0.000357143 -0.00116279 -0.00422222 -0.00166667 0.00363636 -0.0025641 0.00414634 -0.00673469 -0.000666667 0.00269231 -0.00047619 0.00576923 -0.00702128
internal_weight=1392 1252 140 1182 50 1132 1059 1036 281 755 587 566 257 309 174 258 229 188 159 70 168 93 75 129 83 73 236 182 104 82 54 107 76 55 60 89 70 50 50 73 112 43 45 60 66 78 41 49 45 52 42 52 47
internal_count=1392 1252 140 1182 50 1132 1059 1036 281 755 587 566 257 309 174 258 229 188 159 70 168 93 75 129 83 73 236 182 104 82 54 107 76 55 60 89 70 50 50 73 112 43 45 60 66 78 41 49 45 52 42 52 47
is_linear=0
shrinkage=0.01


Tree=41
num_leaves=54
num_cat=0
split_feature=72 32 92 0 81 81 69 25 66 25 17 8 94 81 79 72 76 38 46 88 76 16 17 83 25 27 100 66 25 83 35 27 56 76 82 83 22 22 69 70 33 46 32 32 38 67 16 94 3 92 0 0 22
split_gain=12.4437 11.4228 9.888 9.32652 10.2745 8.40546 8.19756 15.6514 14.8889 11.1871 10.3129 8.21042 8.04452 8.41148 7.91852 7.3198 6.67852 6.50104 6.45878 8.64406 7.32011 8.65644 7.31397 6.70004 9.23141 6.8959 6.31959 6.24106 7.66782 5.91988 5.86554 5.86696 5.25912 5.18571 4.9 4.83283 7.58164 12.7712 8.60444 4.71229 4.69925 4.50811 6.50365 5.10654 4.45187 4.3482 4.34295 3.88658 3.59396 3.33375 3.18462 3.17979 1.6
threshold=1469.2500000000002 58.750000000000007 21760.474875000004 27099.750000000004 3623.1316547471383 3077.6631780827151 35203.80000000001 210.75000000000003 1148.2645000000002 181.25000000000003 15.700000000000001 403.82742857142864 545983.98648625019 4242.1054912683094 461.40139619856222 0.99700000000000011 32417.878125000003 9.9250000000000025 101.62500000000001 6085.9335416666681 30980.496875000001 5755.2000000000016 7.4500000000000011 1166.7999999999995 155.00000000000003 65.250000000000014 0.35763888888888895 771.42450000000019 219.75000000000003 2096.6500000000019 24.175000000000001 27.750000000000004 1.0000000180025095e-35 29888.648958333335 -1.0000000180025095e-35 1569.1500000000035 80.250000000000014 87.750000000000014 32182.600000000002 1449.9735000000003 69.250000000000014 104.22000122070314 165.75000000000003 234.75000000000003 6.0250000000000012 35358.750000000007 6681.1000000000013 612096.68340875022 11173.750000000002 23204.257137500008 30726.750000000004 30063.100000000002 85.250000000000014
decision_type=2 2 2 2 2 2 2 2 2 2 2 2 2 2 2 2 2 2 2 2 2 2 2 2 2 2 2 2 2 2 2 2 2 2 2 2 2 2 2 2 2 2 2 2 2 2 2 2 2 2 2 2 2
left_child=1 30 40 5 14 -3 8 9 27 12 -10 -12 46 -14 17 -13 50 32 19 20 21 -4 -20 39 25 35 48 28 33 52 -1 -32 -5 -6 -9 -25 -37 -38 -39 -24 -2 42 -35 -44 -31 -43 -8 -15 -7 -18 -17 -33 -29
right_child=2 3 18 4 6 26 7 34 10 -11 11 15 13 47 -16 16 49 -19 22 -21 -22 -23 23 24 -26 -27 -28 29 -30 44 31 51 -34 41 -36 36 37 38 -40 -41 -42 45 43 -45 -46 -47 -48 -49 -50 -51 -52 -53 -54
leaf_value=1.482956403627727 -0.033318917160204652 0.037347672004377205 -0.57151671330125842 1.1648057984708249 0.030482666570498033 -0.27599808204512716 0.59968432645713121 -3.5161263661755955 0.54402196964216731 0.62413898655069888 1.3194683474191888 0.14064512657262837 0.027587500953351704 -1.7043361430156609 3.763129420569733 -0.051740472424393377 -0.02320108679351484 -0.5581004957985326 -0.014428509774687846 0.0039745521564622834 -0.038867592544011162 0.019051575128891853 0.017733284114296751 -0.015728812816104543 -0.023118288812083169 0.037044926180297325 -0.42517854861964816 -0.5977489222826935 1.6420251595299442 -3.3401443639240824 -0.021232808508374976 0.010970294078493797 -0.0077553704001445366 -0.73656522434943361 -0.064303212375230942 0.0072780361727611421 -0.012911905962500879 -0.0032744141521116252 0.01488316249818869 -0.0055034976859916511 -0.0068076575618200158 0.02461336753875084 0.010142672838723291 -1.481676111504338 0.0041895862947113225 -0.56544845054514947 0.13859758095391206 -0.034566589090707256 -0.044107383193346818 -0.058680145937314417 0.19209591765130821 0.73704190587018825 -1.3480639878478247
leaf_weight=20 36 30 29 31 20 34 20 20 33 30 29 39 36 20 32 20 32 22 28 27 30 20 33 22 37 33 29 20 22 21 25 21 22 20 20 32 26 25 20 20 21 33 21 26 26 20 27 22 22 22 26 20 20
leaf_count=20 36 30 29 31 20 34 20 20 33 30 29 39 36 20 32 20 32 22 28 27 30 20 33 22 37 33 29 20 22 21 25 21 22 20 20 32 26 25 20 20 21 33 21 26 26 20 27 22 22 22 26 20 20
internal_value=-0.000862069 -0.000220357 -0.00225513 -0.000565167 -0.000159574 -0.00321739 -0.000635659 0.00107692 -0.00137778 0.00251613 0.000646766 -0.000357143 0.0012 -0.000769231 0.00271028 -0.00136691 -0.0028 0.000933333 -0.00167539 -0.00377358 -0.00544304 -0.00306122 -0.000869565 -0.000322581 -0.00117949 -0.000126582 -0.00482353 -0.00301205 -0.00185185 -0.00517241 0.00325581 0.00181818 0.00283019 -0.00271429 -0.0045 -0.0012 -0.000291262 -0.00211268 0.00111111 0.00283019 -0.00614035 -0.0035 -0.00522388 -0.00319149 -0.00276596 -0.00132075 0.00446809 -0.00380952 -0.00678571 -0.00518519 0 0.00414634 -0.008
internal_weight=1392 953 439 867 752 115 645 195 450 155 201 168 125 78 107 139 100 75 382 106 79 49 276 248 195 158 85 249 162 87 86 66 53 140 40 125 103 71 45 53 57 120 67 47 47 53 47 42 56 54 46 41 40
internal_count=1392 953 439 867 752 115 645 195 450 155 201 168 125 78 107 139 100 75 382 106 79 49 276 248 195 158 85 249 162 87 86 66 53 140 40 125 103 71 45 53 57 120 67 47 47 53 47 42 56 54 46 41 40
is_linear=0
shrinkage=0.01


Tree=42
num_leaves=53
num_cat=0
split_feature=68 40 77 1 1 40 31 42 5 88 56 22 22 97 89 31 31 72 83 83 82 68 72 78 78 72 83 75 41 33 78 97 77 11 11 8 26 26 26 75 69 40 57 83 11 20 33 57 93 11 20 8
split_gain=14.4735 11.2119 10.1649 8.71784 9.73712 8.34568 8.1923 10.3084 10.241 10.184 7.24286 12.3429 7.10261 7.44868 7.36364 7.05679 6.92386 6.6062 6.58257 6.50865 9.92275 6.46968 7.76418 6.28626 7.96473 7.8927 9.28047 8.05664 8.89947 6.09864 5.86027 5.7826 7.3223 8.46031 5.69966 5.60617 5.54242 8.61583 4.9339 4.91393 4.82548 6.3689 4.60952 4.15827 3.96589 3.86551 3.74133 6.55515 2.72113 2.60999 1.77372 0.962791
threshold=1503.4000000000003 70.250000000000014 4129.7013545458522 15413.550000000001 17796.431000000004 77.250000000000014 6.9750000000000005 139.87500000000003 7180.1800000000012 3743.2656249999995 1.0000000180025095e-35 91.750000000000014 79.250000000000014 0.15625000000000003 911.94211875000008 3.8250000000000006 6.9750000000000005 1341.3900000000001 1534.8000000000013 2732.5000000000005 -0.16949999999999996 1308.2000000000003 1199.7385000000002 1353.4368784722224 1261.8893298611113 951.00000000000011 2222.3999999999983 614.79602684882423 70.750000000000014 41.750000000000007 702.27681944444453 0.21875000000000003 2965.3880963295519 35740.950000000004 36436.200000000004 418.29088904694174 6.7500000000000009 72.750000000000014 23.750000000000004 422.71314704994705 29359.050000000007 33.750000000000007 1.0000000180025095e-35 1768.3499999999988 35540.500000000007 954.25000000000011 131.75000000000003 -0.22252093395631442 404.54520238095245 35740.950000000004 903.05000000000007 412.02234480431861
decision_type=2 2 2 2 2 2 2 2 2 2 2 2 2 2 2 2 2 2 2 2 2 2 2 2 2 2 2 2 2 2 2 2 2 2 2 2 2 2 2 2 2 2 2 2 2 2 2 2 2 2 2 2
left_child=1 3 6 10 12 16 8 9 18 -8 40 -12 -5 14 -14 -4 49 19 -2 21 48 22 23 24 25 26 31 28 -28 34 -30 32 -7 -34 -9 50 -35 -38 -11 -37 43 -42 -33 -1 -27 -19 47 -20 -21 -3 -17 -52
right_child=2 5 15 4 -6 17 7 29 -10 38 11 -13 13 -15 -16 35 -18 45 46 20 -22 -23 -24 -25 -26 44 27 -29 30 -31 -32 42 33 36 -36 39 37 -39 -40 -41 41 -43 -44 -45 -46 -47 -48 -49 -50 -51 51 -53
leaf_value=-0.060307318212237643 -0.0011930073655097263 1.1518156604435947 0.002364381606498702 0.76121435574942209 -4.5110105291521414 5.4446676260660025 0.035528816329860602 0.036679652142020673 0.018439643194246451 -0.0041165499418657067 -0.59177143305986657 1.4503811163533125 2.2226877439647725 -0.035032794922490222 -0.0075690324142008271 -0.013932191095027786 0.0021743491103727894 0.044473011989115685 -0.00036388692983059702 2.5290377017859202 2.8728332291140455 -0.02721619605597031 0.76257127128684599 -0.14356721187953486 1.5311875307491682 -0.19909014083606097 -0.11281542193354677 -0.044858909873420616 -0.058531524904733366 0.021277431434641621 2.705433666918335 0.067781833768003286 -0.096442273700103262 0.11384200068550011 -0.0022089033846014938 0.00076273762136893253 -0.03243345821549333 1.6219836778315966 -0.038344603212461852 -0.69617993392527322 0.052811277650177291 -0.83446912038862409 -0.027883356981752937 -1.2206087542205151 -0.0094562440276610166 0.015185670173475186 -0.037113457368270431 -0.029457638412258531 -0.15957821370154157 3.0698649599831049 -0.015055881075940416 -0.12882313396580655
leaf_weight=30 31 20 20 20 28 27 20 27 21 39 28 20 22 39 22 20 31 21 25 20 38 23 25 39 20 26 21 27 32 31 22 20 30 25 33 23 39 30 29 32 20 33 28 29 20 20 29 30 23 21 20 23
leaf_count=30 31 20 20 20 28 27 20 27 21 39 28 20 22 39 22 20 31 21 25 20 38 23 25 39 20 26 21 27 32 31 22 20 30 25 33 23 39 30 29 32 20 33 28 29 20 20 29 30 23 21 20 23
internal_value=-0.000761494 -5.32481e-05 -0.00222958 -0.00168385 0.000229008 0.000679012 -0.0012381 0.000167598 -0.00308824 -0.00227273 -0.00325 0 0.00165049 0.000361446 0.00318182 -0.00449275 0.00388889 0.000277778 -0.00426087 -1.86916e-05 0.00259259 -0.000484581 -0.000208817 -0.000541872 -0.00013624 -0.000489914 9.96678e-05 -0.00235294 -0.000666667 0.00252747 0.00148148 0.00135678 0.00231788 0.00129032 0.000666667 -0.00542373 0.00276596 0.00130435 -0.00411765 -0.00309091 -0.00464286 -0.00245283 -0.00166667 -0.00661017 -0.00434783 0.00414634 -0.00571429 -0.00418182 -0.000697674 0.00658537 -0.00746032 -0.00860465
internal_weight=1392 939 453 291 131 648 315 179 136 88 160 48 103 83 44 138 72 576 115 535 81 454 431 406 367 347 301 102 75 91 54 199 151 124 60 118 94 69 68 55 112 53 48 59 46 41 84 55 43 41 63 43
internal_count=1392 939 453 291 131 648 315 179 136 88 160 48 103 83 44 138 72 576 115 535 81 454 431 406 367 347 301 102 75 91 54 199 151 124 60 118 94 69 68 55 112 53 48 59 46 41 84 55 43 41 63 43
is_linear=0
shrinkage=0.01


Tree=43
num_leaves=53
num_cat=0
split_feature=42 81 30 30 80 7 13 40 98 17 19 97 80 66 73 81 4 32 77 80 70 94 98 38 38 94 98 69 80 17 61 77 62 38 27 80 76 17 63 62 56 61 4 79 63 69 83 91 75 27 62 73
split_gain=9.00021 7.75334 7.68721 11.5661 9.6859 9.45543 6.94549 6.12606 6.76301 6.20499 6.82244 10.0295 9.29405 6.16009 6.12463 6.10281 6.31119 12.2154 10.1989 8.09827 6.46467 7.54147 6.93934 6.26702 11.5085 6.14297 6.00418 5.7619 5.68526 5.5515 8.6276 5.4668 5.428 5.33333 4.87013 4.52226 4.40348 4.21692 4.12272 4.04615 4.01101 4.93104 8.2269 7.75758 6.12265 5.37381 7.18548 6.98182 3.80034 3.27273 1.94216 1.45455
threshold=382.00000000000006 3623.1316547471383 95.250000000000014 71.250000000000014 28461.162500000002 17.595000000000002 13649.750000000002 156.75000000000003 0.30208333333333343 160.25000000000003 306.65000000000003 0.42708333333333343 30232.57777777778 1759.7555000000002 337.61300000000006 3921.3816844901007 3184.0500000000006 41.750000000000007 4295.665152401968 38467.45798611112 899.97300000000007 587600.12942718773 0.19791666666666671 5.0250000000000012 6.5250000000000012 693915.84951875021 0.58680555555555569 30927.600000000002 35495.592013888898 134.15000000000001 35725.950000000004 4123.4516534389759 0.15000000000000005 4.9750000000000005 67.750000000000014 33857.697569444455 29304.100000000002 169.65000000000001 30663.750000000004 1364.7395000000001 0.87837969732492682 31423.650000000005 2870.0650000000005 629.56029764491052 29796.950000000004 33775.600000000006 2499.7000000000012 30015.031093750007 472.85636211782361 43.750000000000007 1482.1500000000003 776.18350000000009
decision_type=2 2 2 2 2 2 2 2 2 2 2 2 2 2 2 2 2 2 2 2 2 2 2 2 2 2 2 2 2 2 2 2 2 2 2 2 2 2 2 2 2 2 2 2 2 2 2 2 2 2 2 2
left_child=1 2 3 4 -1 -4 7 9 32 10 11 12 33 15 29 25 17 -17 28 20 21 -18 31 50 -25 48 -10 -6 -19 -8 -31 -22 -9 -3 -7 -23 -5 -11 -15 -20 41 42 -39 51 -43 46 47 -46 -12 -26 -24 -44
right_child=-2 6 5 36 27 34 14 8 26 37 13 -13 -14 38 -16 16 19 18 39 -21 22 35 23 24 49 -27 -28 -29 -30 30 -32 -33 -34 -35 -36 -37 -38 40 -40 -41 -42 44 43 -45 45 -47 -48 -49 -50 -51 -52 -53
leaf_value=-0.074787501904390583 1.534329789685333 -1.0593191834160864 -0.37399939616893507 3.358849788434525 1.273312239083469 -0.028051052751889839 0.28405290442855341 0.044028281869224528 2.7173449343575977 -0.026110249146193899 0.0011661126535910957 0.0077286928866222215 -2.7654697927632323 0.067992645597855061 3.2147404422257755 1.0799670262688841 -1.4646217933715278 0.19714038112255863 -0.0081424050304691326 0.011098248016285721 0.77941925709570903 -0.43699266069635073 -0.027529265963723976 0.01569656323146066 -0.028491532753218852 -0.022758146237537514 9.4007588839661868e-05 -0.013325682678040218 -0.051528295930782363 4.0317080330233175 -3.7097085339619604 -0.020970025432988836 -0.020541415180878844 0.0139406962577967 1.8130385562265274 -0.0045242776123692804 0.035710257754566613 0.0041085589161148238 -0.001447249413577446 -0.036339004708356881 -0.010845723079090272 0.0085671072787663824 -0.04311864718970005 -0.0067953938530087108 -0.018192419067926881 0.011629131328674984 -0.73468631273031026 0.13189909905303857 0.041656776888652214 -0.014045360969677009 -0.0092969550814253482 -0.032723614357832553
leaf_weight=32 22 24 36 24 36 22 29 29 22 26 24 23 33 23 26 21 30 34 36 39 23 33 20 26 22 20 29 27 22 22 21 27 37 24 20 29 23 21 21 38 34 29 22 22 24 32 23 20 23 22 23 22
leaf_count=32 22 24 36 24 36 22 29 29 22 26 24 23 33 23 26 21 30 34 36 39 23 33 20 26 22 20 29 27 22 22 21 27 37 24 20 29 23 21 21 38 34 29 22 22 24 32 23 20 23 22 23 22
internal_value=-0.000890805 -0.000992701 0.000727273 0.00211268 0.000105263 -0.00179487 -0.00132174 -0.00155894 0.000598291 -0.00182888 -0.00130303 -0.00365385 -0.00530864 -0.000863309 0.00122449 -0.00117187 -0.00159551 6.62252e-05 -0.00107692 -0.00244898 -0.00309804 -0.00521739 -0.00190184 -0.00327434 -0.00142857 0.00164179 0.00333333 0.00238095 0.00214286 -0.000277778 -0.00255814 0.0012 -0.00151515 -0.0025 0.00142857 -0.00322581 0.00617021 -0.00309091 0.00272727 -0.00351351 -0.00269076 -0.00218605 -0.00402299 -0.00575758 -0.0009375 -0.00212121 -0.00373134 -0.00136364 0.00361702 -0.00454545 -0.00627907 -0.00818182
internal_weight=1392 1370 220 142 95 78 1150 1052 117 935 660 104 81 556 98 512 445 151 130 294 255 92 163 113 70 67 51 63 56 72 43 50 66 48 42 62 47 275 44 74 249 215 87 66 128 99 67 44 47 44 43 44
internal_count=1392 1370 220 142 95 78 1150 1052 117 935 660 104 81 556 98 512 445 151 130 294 255 92 163 113 70 67 51 63 56 72 43 50 66 48 42 62 47 275 44 74 249 215 87 66 128 99 67 44 47 44 43 44
is_linear=0
shrinkage=0.01


Tree=44
num_leaves=53
num_cat=0
split_feature=68 77 94 22 40 22 39 21 39 77 69 16 19 61 43 45 91 19 11 68 21 98 16 8 100 65 61 64 21 64 43 27 10 22 30 35 42 97 94 94 88 36 77 69 61 43 77 91 88 11 11 11
split_gain=11.6759 12.7202 9.2742 8.50446 9.29318 10.3357 11.1848 10.8659 8.04268 7.97448 7.96646 7.62782 10.5857 9.10728 8.62269 7.2133 9.22288 7.05852 7.96084 9.50274 8.24172 9.5592 7.79333 7.35543 6.91482 8.19897 7.24284 6.91159 6.32569 5.99427 7.62382 5.99031 11.1677 9.20743 5.87966 5.84892 5.53248 5.42625 4.54493 8.73718 7.01671 5.88235 3.8379 3.85284 3.79445 3.73778 3.6 3.56166 3.10231 2.59105 2.56 0.857143
threshold=1490.2360000000001 4400.9874293709299 521574.69235406263 63.750000000000007 62.750000000000007 88.750000000000014 127.25000000000001 28.825000000000006 166.75000000000003 3874.1540907108601 24550.750000000004 5159.0500000000002 1638.9000000000003 26024.200000000004 77.809997558593764 22951.000000000004 24396.806562500005 1434.7 35190.600000000006 1044.8275000000001 28.225000000000005 0.12847222222222224 5788.1500000000005 411.80337969924818 0.052083333333333336 29747.550000000007 31551.150000000005 1311.1175000000001 25.725000000000005 1509.5500000000002 67.674999237060561 102.25000000000001 30279.500000000004 90.750000000000014 99.750000000000014 26.875000000000004 108.60000228881837 0.072916666666666671 734115.55084500031 597292.14625062526 6709.291458333335 86.750000000000014 3437.7805464929329 32357.800000000007 33275.700000000004 81.99499893188478 3974.3217428056455 27112.117218750005 4114.6629166666671 37484.500000000007 43234.000000000007 37092.600000000006
decision_type=2 2 2 2 2 2 2 2 2 2 2 2 2 2 2 2 2 2 2 2 2 2 2 2 2 2 2 2 2 2 2 2 2 2 2 2 2 2 2 2 2 2 2 2 2 2 2 2 2 2 2 2
left_child=2 11 29 -4 5 7 9 49 48 -7 -6 12 13 -2 -15 -13 -17 18 20 22 31 -22 45 -19 25 26 -18 28 -21 30 -1 32 33 -12 -16 42 50 -8 39 40 -24 -41 -26 -44 47 -20 -46 -25 -3 -5 -32 -27
right_child=1 8 3 4 10 6 37 -9 -10 -11 17 15 -14 14 34 16 24 23 19 27 21 -23 38 44 35 51 -28 -29 -30 -31 36 -33 -34 -35 -36 -37 -38 -39 -40 41 -42 -43 43 -45 46 -47 -48 -49 -50 -51 -52 -53
leaf_value=-0.013995297017714761 -1.9268703446923408 -0.0070587119040374825 0.14739020558696872 -0.25156931430676044 3.367398859793644 -0.23633019779442116 -0.014432232053126631 0.028530890758100221 -0.0040640408541880975 0.67645091060863505 -0.076060296909463782 -0.020807637056246029 0.036301194494064555 -0.56669672663429138 0.0030984127161831805 0.012123646618779006 -0.0013285653415758992 0.44423709324388044 -0.017775321807774341 0.085622396304719503 3.7236710910999684 -0.023109734076939704 0.089942372086115802 -0.053492906266887637 -0.025288224536653248 -0.01466940441501219 0.0081402693080906644 0.0010126607359484216 0.51720422235010521 -0.007254830212631869 0.11075143289858275 0.68023464646378873 -0.29992557316014912 0.022402944255722687 0.020319336545790871 -0.018827223056276925 0.28312108798908425 -1.6404057609901417 -0.066445054585786478 0.021393407023095497 -0.020322614825601871 3.9872097255857573 -0.0084830058682481765 -0.0032365264358526699 0.010312788200376337 -0.14526603796878243 -0.095740071851566771 -2.0187437411760802 -0.3100030823628262 -0.73958632502628519 3.383131212701743 -0.0040072662129948169
leaf_weight=32 23 23 22 30 33 33 25 20 21 24 31 32 29 20 37 28 26 23 25 29 23 24 20 21 24 21 25 36 20 33 25 20 37 35 20 38 23 21 23 34 27 34 26 23 20 20 20 22 37 33 20 21
leaf_count=32 23 23 22 30 33 33 25 20 21 24 31 32 29 20 37 28 26 23 25 29 23 24 20 21 24 21 25 36 20 33 25 20 37 35 20 38 23 21 23 34 27 34 26 23 20 20 20 22 37 33 20 21
internal_value=-0.00091954 -0.00219409 -0.000261438 -0.000675159 -0.0008519 -0.0027957 -0.000679612 -0.00542169 -0.00580247 0.0022807 -0.000225303 -0.00145038 0.000542636 -0.001 0.000649351 -0.00242424 -0.00181034 -0.000514706 4.56621e-05 0.0011194 -0.00164706 0.00191489 -0.000163934 -0.00283019 -0.00254902 -0.000537634 0.00215686 0.00388235 0.00632653 0.00218045 0.0034 -0.00300813 -0.00398058 -0.00151515 0.00263158 -0.00423423 0.00529412 -0.00434783 0.00101449 0.00182609 -0.00148936 0.00411765 -0.00589041 -0.00428571 -0.00421687 -0.00377778 -0.002 -0.00627907 -0.00766667 -0.00746032 0.00733333 -0.00380952
internal_weight=1392 474 918 785 763 186 103 83 81 57 577 393 129 100 77 264 232 544 438 268 170 47 183 106 204 93 51 85 49 133 100 123 103 66 57 111 68 46 138 115 47 68 73 49 83 45 40 43 60 63 45 42
internal_count=1392 474 918 785 763 186 103 83 81 57 577 393 129 100 77 264 232 544 438 268 170 47 183 106 204 93 51 85 49 133 100 123 103 66 57 111 68 46 138 115 47 68 73 49 83 45 40 43 60 63 45 42
is_linear=0
shrinkage=0.01


Tree=45
num_leaves=52
num_cat=0
split_feature=69 64 88 40 98 100 41 94 39 35 68 69 39 91 2 31 27 30 68 59 62 44 98 69 57 1 73 27 40 21 69 30 5 56 32 35 17 75 66 62 17 31 1 45 93 68 98 1 5 32 30
split_gain=7.83217 12.3128 6.42003 8.75564 10.7432 8.39968 9.00067 8.44898 7.71289 10.8435 8.4033 10.287 7.64893 7.55322 10.0096 7.23491 7.64033 7.5287 12.7037 7.73275 7.02351 6.96635 6.91429 6.45396 6.31595 7.00223 6.41212 6.31105 6.23392 5.61542 5.26753 5.18892 5.18627 5.08152 4.54952 6.50317 4.44974 4.417 4.40743 4.3645 4.24808 4.1626 5.56334 5.87778 5.22648 3.7706 3.89778 3.72102 5.13443 4.10876 3.6
threshold=24550.750000000004 1077.7395000000004 5962.0341666666664 139.25000000000003 0.29513888888888895 0.75347222222222232 104.75000000000001 837224.79146437522 189.25000000000003 29.375000000000004 1311.2710000000002 29894.900000000005 142.75000000000003 32180.248143749999 2590.7000000000003 4.7750000000000012 69.250000000000014 98.750000000000014 997.60000000000014 -0.68301270189221952 1676.3500000000001 2.7055000066757207 0.54513888888888895 30745.100000000002 -0.56174490092936669 12888.200000000003 1282.0450000000003 118.25000000000001 81.250000000000014 26.325000000000006 29023.850000000002 94.750000000000014 3817.0200000000004 0.6078576107927941 166.75000000000003 26.025000000000002 107.85000000000001 451.61852896880941 986.62100000000009 0.75000000000000011 22.100000000000005 5.0250000000000012 14611.200000000003 25192.500000000004 411.65894736842114 1231.4915000000003 0.48263888888888895 12593.1 4599.6050000000005 67.250000000000014 84.750000000000014
decision_type=2 2 2 2 2 2 2 2 2 2 2 2 2 2 2 2 2 2 2 2 2 2 2 2 2 2 2 2 2 2 2 2 2 2 2 2 2 2 2 2 2 2 2 2 2 2 2 2 2 2 2
left_child=1 -1 8 5 27 7 -7 15 10 31 11 32 20 14 -14 17 24 19 -19 -4 47 -13 -6 -18 26 -26 -17 41 -21 -30 -9 45 -2 -27 35 -16 -3 -25 39 -39 -23 44 -43 -44 -5 -10 -47 -12 49 -49 -51
right_child=2 36 3 4 22 6 -8 30 9 -11 12 21 13 -15 34 16 23 18 -20 28 -22 40 -24 37 25 33 -28 -29 29 -31 -32 -33 -34 -35 -36 -37 -38 38 -40 -41 -42 42 43 -45 -46 46 -48 48 -50 50 -52
leaf_value=2.9290388544029713 0.036242734325429078 0.10781221239413548 0.15432163135559479 -1.7967637831244962 2.3432095402682682 6.6626484795730718 -0.015060661504928793 -0.060905442949183597 -0.047042843984876001 0.029628384741452844 -2.6577564178696198 -0.014711252431957153 -0.012793899751356187 -0.020413774902445451 0.0082651178892833837 -0.16939817523891701 0.010192376217599377 -0.0065629623270053649 0.067109525776418599 0.013019683955887634 0.00070062886450161224 1.9338761271657665 0.0027256654962444699 -0.94308305489470545 -0.066872070296803338 0.43979472231144157 0.00076827084921140491 0.44682013032587081 -0.18146643500390672 -0.0096969759660826809 -5.1818651405504612 -0.42674004972080964 -0.34812963179946854 0.0031910228686707009 0.037218332088424996 -0.010852188473697944 -0.068316914645785987 -0.020768411271316661 0.00070778657458841934 -3.7275150481330974 1.0533869737359489 0.29871715959349493 -0.07288611520265037 0.018659275521102393 -0.010283223232269772 -0.50741958492426875 -0.0031527658948539636 0.0047167090258209863 -0.037844167960160435 -0.0009993294116243381 -0.022314432109063882
leaf_weight=30 24 27 38 21 35 26 20 20 33 20 23 30 25 22 29 24 38 36 27 28 32 20 35 35 21 31 20 20 21 22 22 39 27 24 20 22 21 28 21 27 32 22 36 24 20 23 24 23 37 20 20
leaf_count=30 24 27 38 21 35 26 20 20 33 20 23 30 25 22 29 24 38 36 27 28 32 20 35 35 21 31 20 20 21 22 22 39 27 24 20 22 21 28 21 27 32 22 36 24 20 23 24 23 37 20 20
internal_value=-0.000769231 0.00230769 -0.000955711 -0.000350404 0.0013615 -0.0010397 0.00304348 -0.00142857 -0.00177982 -0.00381295 -0.00108374 0.000977444 -0.00208791 -0.000169492 0.00104167 -0.00102041 -0.00204461 0.000581395 0.00333333 -0.00100917 -0.00354839 0.00317073 0.00457143 -0.00355705 -0.000166667 0.00157895 -0.00318182 -0.00020979 -0.00295775 -0.00534884 -0.00571429 -0.00495798 -0.00254902 0.00345455 0.00295775 0.00137255 -0.000833333 -0.00477477 -0.00342105 -0.00490909 0.00538462 -0.00105691 0.000243902 -0.00133333 -0.00365854 -0.0035 -0.00531915 -0.00463415 -0.0038 -0.00206349 -0.004
internal_weight=1365 78 1287 742 213 529 46 483 545 139 406 133 273 118 96 441 269 172 63 109 155 82 70 149 120 76 44 143 71 43 42 119 51 55 71 51 48 111 76 55 52 123 82 60 41 80 47 123 100 63 40
internal_count=1365 78 1287 742 213 529 46 483 545 139 406 133 273 118 96 441 269 172 63 109 155 82 70 149 120 76 44 143 71 43 42 119 51 55 71 51 48 111 76 55 52 123 82 60 41 80 47 123 100 63 40
is_linear=0
shrinkage=0.01


Tree=46
num_leaves=51
num_cat=0
split_feature=19 11 80 20 1 8 88 3 21 30 16 43 62 16 93 94 39 87 4 88 39 56 8 11 39 14 41 39 24 3 2 8 38 31 30 11 11 5 92 10 94 21 41 88 62 3 19 5 22 19
split_gain=6.94903 6.76325 6.45139 9.60733 6.72785 7.68312 6.11391 6.01586 6.4789 6.18945 11.5746 6.77509 6.29573 11.508 17.1866 12.1507 9.81802 15.8914 9.45323 11.7459 7.96208 7.6708 6.87343 8.72371 6.71151 6.81106 6.50012 7.34952 6.61524 6.47177 6.08444 5.84306 5.83634 9.69177 7.39175 10.1449 5.82424 5.72727 5.45585 7.32897 4.9 4.85277 4.7451 4.66667 3.72415 3.64499 3.57672 3.38513 3.26621 0.419048
threshold=3218.5500000000006 26964.500000000004 26731.995833333338 319.50000000000006 17278.473500000004 415.39894736842109 14679.494791666668 16054.800500000001 22.925000000000004 20.750000000000004 5632.4000000000005 84.735000610351577 937.97600000000011 5437.2000000000007 422.5526315789474 643378.13952375029 164.75000000000003 0.093750000000000014 2352.5050000000006 6595.390416666668 127.25000000000001 -1.0000000180025095e-35 403.82742857142864 39179.450000000004 150.25000000000003 12891.000000000002 70.750000000000014 125.75000000000001 11.625000000000002 14941.300000000001 2612.8500000000004 419.12246443812234 5.8750000000000009 5.8250000000000011 94.250000000000014 34526.000000000007 34648.30000000001 4872.0250000000005 18553.507150000009 42672.55000000001 713403.1342421876 26.375000000000004 58.250000000000007 9753.8375000000033 0.75000000000000011 15108.450000000003 1142.7000000000003 3451.6000000000004 92.750000000000014 532.60000000000002
decision_type=2 2 2 2 2 2 2 2 2 2 2 2 2 2 2 2 2 2 2 2 2 2 2 2 2 2 2 2 2 2 2 2 2 2 2 2 2 2 2 2 2 2 2 2 2 2 2 2 2 2
left_child=1 -1 3 -3 7 6 38 9 -9 10 -4 -12 18 16 15 22 26 30 -11 20 -20 -17 -15 42 36 -26 27 28 -14 -23 -18 37 33 41 43 -36 -21 -25 -6 -40 -5 -27 48 -34 -8 -44 -37 -22 -24 -49
right_child=-2 2 4 40 5 -7 44 8 -10 12 11 -13 13 14 -16 21 17 -19 19 24 47 29 23 31 25 32 -28 -29 -30 -31 -32 -33 34 -35 35 46 -38 -39 39 -41 -42 -43 45 -45 -46 -47 -48 49 -50 -51
leaf_value=-2.0803789947828695 -0.082540756416729158 -0.029507353585440165 -0.031959106180586554 3.3368333239682806 -0.31538513022914066 10.782002480640097 0.96036263037578751 -0.11207618886366932 -0.0062774981183606271 0.021396854120385438 0.0035110746309268094 1.478541314954416 0.306162998139345 0.23980582074979098 -0.019468422927668861 0.044663298419452671 -0.011976509816948542 0.012145181763928195 -0.011201260935673486 -2.1244514071402723 -0.073547491664370107 0.018921277179521738 -6.4936102393964011e-05 -0.016392839707862778 1.0434654240148526 0.010456123248535834 0.14363659141185517 0.047956952831300567 -0.0097239116592220259 -0.016278569932506006 -0.42247264922360162 0.0091859790497557416 0.0086688242654190291 -0.22176662364310815 -0.29631726299905575 1.997439371323865 -0.055987532391029618 0.056122252528805039 0.025068527657342934 -0.24363404129843858 0.57127910867466347 -0.021706238930717384 -0.048830653425120163 -0.089978807450120254 0.0090314334659571931 -0.0052422259185231695 0.21562572920009121 -0.83942722404082104 -0.010080967144085431 -1.2236531757769773
leaf_weight=33 28 22 22 20 37 20 22 23 35 26 35 30 38 27 34 32 20 31 32 27 25 38 29 28 20 35 37 32 20 21 25 21 21 38 21 21 33 22 37 20 20 23 28 21 21 23 27 20 22 22
leaf_count=33 28 22 22 20 37 20 22 23 35 26 35 30 38 27 34 32 20 31 32 27 25 38 29 28 20 35 37 32 20 21 25 21 21 38 21 21 33 22 37 20 20 23 28 21 21 23 27 20 22 22
internal_value=-0.000783883 -0.000680628 -0.000567485 0.00258065 -0.000724638 0.00121019 0.000364964 -0.00100461 -0.00413793 -0.000827653 0.00172414 0.00384615 -0.00106383 -0.000340909 -0.00150769 -0.000721649 0.00152709 -0.00131579 -0.00199029 -0.00238342 -0.00535354 0.00230769 -0.0021 -0.00283237 -0.00135889 -0.000572687 0.00322835 0.00177778 -0.000344828 0.000169492 -0.00511111 -0.000140845 -0.00111111 -0.00291667 0.00045045 0.00246377 -0.00433333 -0.002 -0.00106383 0.000877193 0.0055 -0.000344828 -0.00470588 -0.00285714 0.00348837 -0.00686275 0.005 -0.00731343 -0.00254902 -0.00904762
internal_weight=1365 1337 1304 62 1242 157 137 1085 58 1027 87 65 940 528 325 291 203 76 412 386 99 91 200 173 287 227 127 90 58 59 45 71 207 96 111 69 60 50 94 57 40 58 102 42 43 51 48 67 51 42
internal_count=1365 1337 1304 62 1242 157 137 1085 58 1027 87 65 940 528 325 291 203 76 412 386 99 91 200 173 287 227 127 90 58 59 45 71 207 96 111 69 60 50 94 57 40 58 102 42 43 51 48 67 51 42
is_linear=0
shrinkage=0.01


Tree=47
num_leaves=52
num_cat=0
split_feature=68 42 4 13 14 35 35 27 44 42 98 83 21 62 64 28 78 67 76 76 30 83 35 98 56 91 44 3 97 62 65 68 11 73 87 20 33 88 32 33 28 37 30 33 30 27 1 11 65 20 43
split_gain=7.95419 10.3289 10.6076 9.68632 11.0041 9.34306 7.93469 12.3921 7.33394 7.07912 6.98413 6.55499 8.632 7.94566 9.08739 10.0818 6.8119 6.48866 6.81488 7.93601 6.34517 6.20606 6.02274 5.88194 5.50476 5.2041 4.9 4.61385 9.01071 6.02552 9.28002 5.73557 4.60442 8.66247 6.66155 6.07544 8.61211 9.553 5.74294 7.07233 6.12812 5.86667 5.72693 5.55789 4.21037 4.11739 3.52802 3.43959 2.25792 2.24009 1.6
threshold=1503.4000000000003 110.52500152587892 2098.9450000000002 3758.2500000000005 15187.750000000002 23.125000000000004 25.825000000000006 80.250000000000014 2.2674999237060551 108.12500000000001 0.61458333333333348 2949.6000000000008 28.075000000000006 883.2315000000001 789.33750000000009 26.225000000000005 612.36900000000014 35127.350000000006 34154.665625000001 31947.425000000003 90.750000000000014 1845.8000000000013 24.875000000000004 0.63541666666666674 0.6078576107927941 21614.774725000007 2.8675000667572026 14167.6 0.28125000000000006 1272.6500000000003 27227.400000000005 888.66700000000003 34676.250000000007 933.3900000000001 0.32291666666666669 1425.2000000000003 196.25000000000003 14639.44125 249.75000000000003 136.00000000000003 26.025000000000002 97.250000000000014 68.250000000000014 61.750000000000007 95.750000000000014 89.750000000000014 15265.700000000003 37105.450000000004 29063.850000000002 970.60000000000014 83.904998779296889
decision_type=2 2 2 2 2 2 2 2 2 2 2 2 2 2 2 2 2 2 2 2 2 2 2 2 2 2 2 2 2 2 2 2 2 2 2 2 2 2 2 2 2 2 2 2 2 2 2 2 2 2 2
left_child=5 9 -3 4 8 -1 22 24 -4 21 -10 13 47 14 25 -16 -15 18 19 27 -19 26 -5 -20 -8 -7 -2 29 -29 31 -31 -18 33 42 45 36 37 38 39 40 -36 -42 -27 -37 -44 -34 -21 -13 -17 -23 -6
right_child=1 2 3 6 50 11 7 -9 10 -11 -12 12 -14 16 15 48 17 20 23 46 -22 49 -24 -25 -26 32 -28 28 -30 30 -32 -33 34 -35 35 43 -38 -39 -40 -41 41 -43 44 -45 -46 -47 -48 -49 -50 -51 -52
leaf_value=1.7278394969159114 -0.011645895836740774 0.011797352814109515 -0.0053189353840945143 -0.0034850365633280847 -0.024278478762352729 1.3751700903597281 -0.049140086688504211 0.029233904689934621 -0.0031231139226224136 -5.6547088161859245 0.0051270806676521896 -0.063846983580451336 2.5321116030963369 1.2873619072286342 9.5240219268717403e-05 -1.8288960292495575 0.023593373254366574 0.073116102344654058 3.3114163513039294 -0.023020060005117988 -0.06711125145295023 -0.026487232266602913 0.013853722999806771 -0.0034627281165207353 -0.01121130719330609 -0.84414463651859617 0.0025578706420038345 0.80586232985517259 -0.0052578772050326777 0.41288422305119232 -0.0047809732390375146 -0.40846252981007808 -0.058972284962812031 -5.5086609512307065 0.0093492409662322591 -0.0005662642415788932 2.0902634178567268 3.6435583511690584 -0.10429930330347627 0.039110338269333841 -0.065585523233836096 -0.019338209939406374 0.57477829188170615 -1.0908808388920133 -0.0080388456022929614 1.4546134811772857 -0.49962194030912094 0.013174695377447018 -2.3572016089632739 -0.047915985709663426 -0.011770952755478325
leaf_weight=32 20 25 26 32 20 20 32 38 30 20 33 24 20 31 27 26 22 24 36 31 34 26 38 28 28 23 20 28 32 26 28 29 22 20 25 22 32 20 28 20 20 24 22 38 26 21 20 25 29 22 20
leaf_count=32 20 25 26 32 20 20 32 38 30 20 33 24 20 31 27 26 22 24 36 31 34 26 38 28 28 23 20 28 32 26 28 29 22 20 25 22 32 20 28 20 20 24 22 38 26 21 20 25 29 22 20
internal_value=-0.000827839 -0.00195349 -0.0010559 -0.00158249 -0.00364341 -0.00031016 0 -0.00183673 -0.00168539 -0.00462963 0.00015873 -0.000498339 0.00246377 -0.000743405 -0.0016129 -0.00463415 0.000352304 -5.91716e-05 0.000571429 -0.000277778 -0.00310345 -0.00340909 0.00257143 0.0034375 -0.00466667 -0.000966057 -0.0005 0.000787879 0.003 -0.00047619 0.00185185 -0.00294118 -0.00123967 -0.00318681 -0.000588235 -0.00126638 -0.000295858 -0.00138686 -0.00247863 -0.00123596 -0.00275362 -0.005 -0.0015493 -0.004 0.000416667 0.00302326 -0.00372549 0.000204082 -0.00709091 -0.00583333 -0.008
internal_weight=1365 430 322 297 129 935 168 98 89 108 63 903 69 834 465 82 369 338 280 216 58 88 70 64 60 383 40 165 60 105 54 51 363 91 272 229 169 137 117 89 69 44 71 60 48 43 51 49 55 48 40
internal_count=1365 430 322 297 129 935 168 98 89 108 63 903 69 834 465 82 369 338 280 216 58 88 70 64 60 383 40 165 60 105 54 51 363 91 272 229 169 137 117 89 69 44 71 60 48 43 51 49 55 48 40
is_linear=0
shrinkage=0.01


Tree=48
num_leaves=55
num_cat=0
split_feature=68 7 46 35 4 69 22 94 25 22 70 22 68 69 69 11 36 70 83 61 68 11 83 33 27 19 81 4 7 70 7 100 36 65 33 27 76 14 66 81 27 65 11 35 62 100 65 11 70 7 27 11 38 19
split_gain=8.12606 11.0444 10.4087 8.28963 6.44831 6.82551 6.44275 9.01241 5.96244 9.19884 7.92765 9.18528 11 7.09264 5.66868 5.83985 4.90909 7.9013 4.76011 6.51989 5.72137 7.16682 6.32861 6.31986 5.73019 4.88305 5.66984 7.57673 5.04483 4.75829 4.77181 7.33333 4.61028 4.54593 6.10327 7.12964 6.85375 4.52971 4.47664 4.24017 5.44125 5.21894 5.20924 4.66667 4.03333 3.96825 3.90965 4.35262 7.68254 3.80428 3.07201 2.76825 2.5 1.96923
threshold=1503.4000000000003 333.38500000000005 106.23500061035158 23.075000000000006 2098.9450000000002 33775.600000000006 74.750000000000014 565497.93354343774 17.750000000000004 89.250000000000014 1231.7500000000002 91.250000000000014 1059.7215000000003 26942.500000000004 24550.750000000004 29663.950000000004 89.750000000000014 1459.9455000000003 2937.099999999999 34183.750000000007 1224.9500000000003 43878.450000000004 2190.599999999999 213.75000000000003 72.750000000000014 259.20000000000005 3934.8919517302875 9850.760000000002 1691.3850000000002 0.81050000000000011 26.795000000000005 0.42708333333333343 81.750000000000014 29516.500000000004 36.250000000000007 51.250000000000007 35316.260416666672 14729.850000000002 1471.9000000000003 4084.5342861184213 71.250000000000014 34272.350000000006 41954.80000000001 27.325000000000006 1310.0000000000002 0.63541666666666674 28985.300000000003 35079.350000000013 1299.8000000000002 20.535000000000004 81.250000000000014 37774.350000000006 6.325000000000002 266.90000000000003
decision_type=2 2 2 2 2 2 2 2 2 2 2 2 2 2 2 2 2 2 2 2 2 2 2 2 2 2 2 2 2 2 2 2 2 2 2 2 2 2 2 2 2 2 2 2 2 2 2 2 2 2 2 2 2 2
left_child=3 4 -3 -1 5 -2 7 -6 9 -5 14 12 13 -12 -10 -16 17 -14 20 -20 21 23 24 25 -22 37 27 -27 -29 39 -31 -32 -19 46 -35 -36 -37 50 -13 -28 43 42 45 -41 -15 -42 47 53 -49 -50 -17 -51 -46 -8
right_child=1 2 -4 8 6 -7 33 -9 10 -11 11 38 16 44 15 18 -18 32 19 -21 22 -23 -24 -25 -26 26 29 28 -30 30 31 -33 -34 34 35 36 -38 -39 -40 40 41 -43 -44 -45 52 -47 -48 48 49 51 -52 -53 -54 -55
leaf_value=1.9601865826414673 0.011679379285968419 0.049248847110309399 -0.01565204202577674 -0.51151426533927091 -0.025047566932853337 -0.016950979028583828 -1.4755072492999757 0.010774440388219191 1.1016755367117979 0.0024861600912635851 -0.029279937146225132 0.0032391295864510274 0.0027448028611709984 0.14661157815651241 -2.7715174582502549 0.0075191803344056571 0.0064800336339960116 -0.012507029851466159 -0.044698868254350099 1.7238500895133553 0.016818891641741395 -2.335692995813369 0.18543446793644869 0.38870665852561281 -0.46868402654657765 -0.028124446569989907 -0.075102134341163182 4.050509547737839 0.0093806436488966301 -1.407098208850976 0.011787796213745247 -0.39684238126960497 -0.10071771981542617 0.0022872824354205606 -0.0061615337833360751 0.024777601420012469 -0.029849296604284689 -0.52733099143630224 0.97502967825249875 0.10957611015051993 -0.17910047665401466 0.019927588638692113 -0.076787560393896448 -0.011986411888939549 2.0752209931114476 0.018901878074441596 -0.026416157239643554 0.037852099741893463 -0.002554546283693664 -0.010883075594952716 -1.5218885921649963 -0.013594068721825883 3.8618538204850505 -0.38160687764704143
leaf_weight=31 25 38 34 20 25 21 20 29 21 21 28 24 21 20 24 21 22 22 21 34 25 31 21 32 21 39 23 28 27 20 33 33 23 29 27 22 24 20 31 21 21 30 21 21 20 24 20 21 20 23 20 20 20 32
leaf_count=31 25 38 34 20 25 21 20 29 21 21 28 24 21 20 24 21 22 22 21 34 25 31 21 32 21 39 23 28 27 20 33 33 23 29 27 22 24 20 31 21 21 30 21 21 20 24 20 21 20 23 20 20 20 32
internal_value=-0.000769231 -0.00190698 0.00166667 -0.000245989 -0.0026257 0.000869565 -0.00314103 0 -0.000420354 -0.00414634 -0.000243337 0.00134199 0.000227273 0.00272727 -0.000822785 -0.000998363 -0.00227273 -0.00363636 -0.000800681 0.002 -0.00109023 -0.00148387 0.00164179 -0.00115207 -0.000434783 -0.00149254 -0.00102639 0.00106383 0.00345455 -0.00182186 -0.00372093 -0.00242424 -0.006 -0.00379845 -0.00215686 -0.00369863 -0.00130435 -0.00409836 0.00490909 -0.000807453 -0.000144928 -0.00145833 -0.0030303 0.00285714 0.00466667 -0.00111111 -0.00487179 -0.00426471 -0.00285714 -0.00460317 -0.00219512 -0.00627907 0.0065 -0.00653846
internal_weight=1365 430 72 935 358 46 312 54 904 41 863 231 176 88 632 611 88 66 587 55 532 465 67 434 46 402 341 94 55 247 86 66 45 258 102 73 46 61 55 161 138 96 66 42 60 45 156 136 84 63 41 43 40 52
internal_count=1365 430 72 935 358 46 312 54 904 41 863 231 176 88 632 611 88 66 587 55 532 465 67 434 46 402 341 94 55 247 86 66 45 258 102 73 46 61 55 161 138 96 66 42 60 45 156 136 84 63 41 43 40 52
is_linear=0
shrinkage=0.01


Tree=49
num_leaves=50
num_cat=0
split_feature=16 22 22 23 38 39 38 1 16 28 34 82 16 24 38 17 21 2 76 61 22 22 22 1 17 24 24 46 34 23 76 16 11 11 27 28 36 28 34 36 21 99 33 64 2 1 43 73 43
split_gain=8.83764 6.8359 8.11885 6.87663 10.7252 8.13331 14.2671 11.4609 8.14918 9.3234 8.77009 6.00314 6.05025 8.39975 5.75308 5.50214 5.49706 13.0237 8.42356 7.10284 6.02408 9.15528 6.9012 7.68849 6.99417 6.85696 7.67536 6.47138 5.90513 9.7961 6.28667 8 6.16783 6.03679 5.79139 5.28936 11.9806 5.2676 5.2 5.07421 6.02849 5.01354 4.76374 4.66667 3.48672 6.52605 3.49339 3.32938 2.62269
threshold=1477.95 96.750000000000014 95.250000000000014 9.7500000000000018 7.7750000000000012 229.25000000000003 4.1250000000000009 14463.200000000003 4781.7000000000007 27.775000000000002 117.25000000000001 999.50000000000011 3205.3000000000006 14.025000000000002 5.0750000000000011 7.0500000000000007 27.975000000000005 3419.5145000000007 36772.11041666667 30826.550000000003 91.250000000000014 93.250000000000014 67.750000000000014 17098.647500000003 5.5500000000000007 11.175000000000002 8.2250000000000014 103.84499740600587 85.750000000000014 95.250000000000014 31510.187500000004 6554.6500000000005 36674.600000000006 37967.30000000001 85.250000000000014 22.825000000000006 87.250000000000014 29.175000000000004 42.750000000000007 77.750000000000014 24.075000000000006 0.23958333333333334 44.750000000000007 736.16750000000013 3390.7620000000002 15895.950000000003 84.895000457763686 0.99950000000000017 91.279998779296889
decision_type=2 2 2 2 2 2 2 2 2 2 2 2 2 2 2 2 2 2 2 2 2 2 2 2 2 2 2 2 2 2 2 2 2 2 2 2 2 2 2 2 2 2 2 2 2 2 2 2 2
left_child=-1 2 3 4 39 8 -7 -8 9 11 16 12 -5 15 -4 -14 20 18 19 -18 22 25 27 24 -24 26 34 -10 30 -30 31 32 -26 -31 -22 -23 -37 41 -17 -2 -41 -9 -13 -39 45 46 -32 -25 -21
right_child=1 -3 14 5 -6 6 7 37 10 -11 -12 42 13 -15 -16 38 17 -19 -20 48 21 35 23 47 28 -27 -28 -29 29 33 44 -33 -34 -35 -36 36 -38 43 -40 40 -42 -43 -44 -45 -46 -47 -48 -49 -50
leaf_value=-1.14919557320454 -1.6684401600971839 -0.018260023439192159 0.045285350590439963 -0.65775184104424589 0.61217406460317292 -0.060624532187817499 0.60815512901123681 0.012109919777737189 -0.019667171144092197 -1.5210773192161 0.057914147337232852 0.0049554571374750426 -0.0025150420431522226 -0.022641979722197648 0.00056989882321945376 0.96242753799614533 -0.004576555003337303 -0.73054274060275759 -0.10782482111728671 3.3969625948281954 0.066315891096797086 -0.018465278695062363 0.014707757318257663 0.42470305032547984 -0.051967268333542316 0.56020231908958784 -0.10246252065208047 0.0083002232951056333 -0.072042632686995414 0.058442640333451847 -0.016443856007227052 0.0035666404803914166 -0.0088518486859932195 -0.013989702113478617 -0.041292014505666934 0.034488996303333914 -0.045789609839122038 2.3342108539103807 0.036484648114559808 0.24463756146874782 -0.013863104022077074 -0.094367617541354892 1.0801700587049721 0.062714708461654819 -0.19589514011671041 -0.011637166976356177 -0.092348938898376795 -0.032294897706554609 4.0006248694810855
leaf_weight=24 21 24 25 38 28 35 28 25 32 35 31 28 31 25 36 20 26 27 37 27 35 23 23 21 33 24 24 22 29 20 35 24 39 26 23 30 28 21 32 27 25 22 24 21 26 30 32 23 20
leaf_count=24 21 24 25 38 28 35 28 25 32 35 31 28 31 25 36 20 26 27 37 27 35 23 23 21 33 24 24 22 29 20 35 24 39 26 23 30 28 21 32 27 25 22 24 21 26 30 32 23 20
internal_value=-0.000652015 -0.00054437 -0.000447988 -0.000621019 0.00188119 -0.000839827 0.00131579 0.00299145 -0.0011665 0.000472103 -0.00166234 0.00131313 0.000273973 0.00148148 0.00311475 0.00301205 -0.00188092 -7.29927e-05 0.00145455 0.00342466 -0.00229236 -0.000802139 -0.00296386 -0.0034626 -0.00400631 0.00113208 -0.000243902 0.00037037 -0.00442177 -0.002 -0.00525114 -0.00333333 -0.005 0.000869565 0.00172414 -0.00333333 -0.00172414 0.00123596 0.005 -0.000136986 0.00153846 -0.00106383 0.00423077 0.00380952 -0.00674797 -0.00587629 -0.00761194 0.000454545 0.00574468
internal_weight=1365 1341 1317 1256 101 1155 152 117 1003 233 770 198 146 108 61 83 739 137 110 73 602 187 415 361 317 106 82 54 294 75 219 96 72 46 58 81 58 89 52 73 52 47 52 42 123 97 67 44 47
internal_count=1365 1341 1317 1256 101 1155 152 117 1003 233 770 198 146 108 61 83 739 137 110 73 602 187 415 361 317 106 82 54 294 75 219 96 72 46 58 81 58 89 52 73 52 47 52 42 123 97 67 44 47
is_linear=0
shrinkage=0.01


Tree=50
num_leaves=52
num_cat=0
split_feature=76 69 90 41 19 0 36 7 60 76 13 28 7 90 43 43 46 46 91 77 25 17 67 60 29 90 13 41 33 90 26 25 39 90 10 66 46 91 10 65 46 11 25 97 77 28 25 90 0 60 17
split_gain=10.1983 9.34671 8.28377 7.54877 7.59013 8.91034 7.98454 7.34124 11.375 6.31857 10.0833 6.10734 9.64162 6.38049 6.21711 10.5277 8.44179 10.3517 9.98364 8.73097 8.83302 7.2069 6.06999 6.4381 6.03557 9.28539 8.2315 7.74149 7.26272 5.89091 5.86667 5.81534 5.49681 5.5872 5.55556 7.139 5.53913 4.93889 6.06897 5.75213 6.91639 4.88931 5.66154 5.63333 4.81333 4.60909 4.43785 4.02368 4.00791 3.43636 2.5
threshold=30257.234375 24550.750000000004 1930.8901500000004 116.00000000000001 1964.4500000000003 26198.700000000001 73.750000000000014 345.40000000000003 1037.8880000000001 27984.373958333334 3403.4500000000003 22.025000000000002 26.950000000000006 558.77850000000012 113.02500152587892 104.39500045776369 105.9650001525879 104.814998626709 29370.407068750003 3389.6560310920145 212.75000000000003 97.250000000000014 25753.150000000005 1371.8000000000002 84.250000000000014 2874.6049500000004 12538.900000000003 73.250000000000014 41.250000000000007 863.00235000000009 1.2500000000000002 179.75000000000003 231.75000000000003 2042.6458500000001 35095.100000000013 944.05600000000015 101.9650001525879 32237.467731250003 34974.05000000001 31662.850000000002 103.37500000000001 34792.400000000009 102.75000000000001 0.32291666666666669 3870.1510449251396 23.575000000000006 97.250000000000014 1446.6154500000005 31901.800000000007 1002.7395 22.950000000000003
decision_type=2 2 2 2 2 2 2 2 2 2 2 2 2 2 2 2 2 2 2 2 2 2 2 2 2 2 2 2 2 2 2 2 2 2 2 2 2 2 2 2 2 2 2 2 2 2 2 2 2 2 2
left_child=1 30 7 4 5 -2 -6 9 -9 22 -11 12 -7 -13 15 16 17 19 -18 20 21 -15 23 -3 32 26 27 28 -26 -12 -1 46 33 34 -21 -36 -35 39 -39 40 -8 42 -4 50 -20 -31 -19 -29 -30 -34 -43
right_child=3 2 41 -5 6 11 37 8 -10 10 29 13 -14 14 -16 -17 18 31 44 24 -22 -23 -24 -25 25 -27 -28 47 48 45 -32 -33 49 36 35 -37 -38 38 -40 -41 -42 43 -44 -45 -46 -47 -48 -49 -50 -51 -52
leaf_value=0.75053799775563701 -0.046678333687357007 0.0028872775075686904 -1.8281298310774503 -1.1841176201972357 -0.77682116668127432 0.14929615561342965 -1.0137963046843128 -0.086677175666310016 0.012112816140554686 0.021946293214029675 0.034312174802111822 0.077224171586787391 -0.0022405808899934156 -0.2693339240638154 -0.12686437159719996 0.94995141914235548 -0.00010571717887082218 0.01400897378689709 -0.01088951913118902 -0.084760279840486438 3.371746050159719 0.021805625949359368 -0.39683731217416252 -0.4764428312254772 -0.013352159002029606 0.010063006023506802 0.30306917940039108 -0.0048923987332717099 -0.0012937923367441801 -0.046088543597815175 4.0978550794752264 -0.035839671816502314 0.24448728559651575 -2.8824544320255643 -0.16192643046931138 0.078302678605877404 -0.023409910132489147 -0.0021667167054537089 -0.64238090503108336 0.011114491167011631 0.0048850632241424193 0.59005589972331129 0.23200864085783324 -0.0016442562088195122 -0.07642326242307286 -0.011254914989788563 2.513471361785887 -0.039124794180633804 0.61730008003024228 -0.022468361810266475 0.41000035866947399
leaf_weight=24 30 28 20 37 32 21 22 37 32 32 20 27 32 27 30 39 38 20 20 27 28 22 35 20 28 32 21 25 22 24 20 23 20 26 34 20 20 22 36 23 31 20 26 20 30 20 33 36 24 22 20
leaf_count=24 30 28 20 37 32 21 22 37 32 32 20 27 32 27 30 39 38 20 20 27 28 22 35 20 28 32 21 25 22 24 20 23 20 26 34 20 20 22 36 23 31 20 26 20 30 20 33 36 24 22 20
internal_value=-0.000696662 0.000653266 0.000112994 -0.0012449 -0.00107105 -0.000656371 -0.00301205 -0.000887097 0.00188406 -0.00195531 -0.000208333 -0.000441767 0.00283019 -0.000691643 -0.000884558 -0.000675039 -0.00100334 -0.000509804 -0.00386364 -0.00110599 0.00194805 -0.000612245 -0.0039759 -0.00166667 -0.00176471 -0.000531915 -0.00153846 -0.00244444 -0.00027027 -0.0025 0.005 0.00289474 -0.00313609 -0.00417323 -0.00259259 -0.000740741 -0.00695652 -0.0019403 -0.00413793 -0.000263158 -0.00207547 0.00245283 0 0.00433333 -0.0068 -0.00454545 0.00471698 -0.00508197 0.00217391 0 0.0065
internal_weight=1378 398 354 980 943 777 166 248 69 179 96 747 53 694 667 637 598 510 88 434 77 49 83 48 357 188 156 135 74 64 44 76 169 127 81 54 46 134 58 76 53 106 46 60 50 44 53 61 46 42 40
internal_count=1378 398 354 980 943 777 166 248 69 179 96 747 53 694 667 637 598 510 88 434 77 49 83 48 357 188 156 135 74 64 44 76 169 127 81 54 46 134 58 76 53 106 46 60 50 44 53 61 46 42 40
is_linear=0
shrinkage=0.01


Tree=51
num_leaves=54
num_cat=0
split_feature=63 71 38 39 84 34 68 6 79 33 10 10 30 40 0 0 58 38 10 34 38 10 34 34 40 42 99 63 13 2 40 91 39 34 30 92 61 61 65 37 16 66 42 58 20 28 71 33 22 58 28 66 16
split_gain=9.23874 9.01907 7.74296 8.42975 10.1593 7.23478 7.04223 6.9674 6.81434 6.10948 5.96718 6.51239 9.38027 6.94441 7.62475 7.50429 8.7188 6.20124 5.25204 8.43813 7.80444 6.28524 10.7261 9.96345 7.75124 9.28599 7.70934 6.88095 6.67887 8.07719 8.94331 7.13735 7.01939 6.55841 10.9781 5.53846 9.66211 9.44019 5.93579 5.04692 6.48 4.76754 7.00417 8.1 4.74774 5.34585 4.61731 4.60909 4.12208 4.04211 3.96825 3.32468 2.61905
threshold=27074.800000000003 1486.5455000000002 7.9250000000000016 206.25000000000003 743.40869791666671 52.250000000000007 1101.0000000000002 1309.0450000000003 719.60047600807059 43.250000000000007 26995.500000000004 29331.200000000004 98.750000000000014 42.750000000000007 36230.400000000001 34259.250000000007 -0.5 7.875 30833.600000000002 65.250000000000014 6.6750000000000016 33049.500000000007 90.250000000000014 112.25000000000001 89.750000000000014 99.875000000000014 0.59375000000000011 34154.450000000004 1448.6000000000001 3066.4500000000003 148.25000000000003 28918.342793750006 209.75000000000003 72.750000000000014 99.750000000000014 22281.525812500004 31577.650000000005 32289.650000000005 27350.300000000003 90.750000000000014 6151.4000000000005 1338.2810000000002 139.87500000000003 -0.24999999999999994 1758.2 28.725000000000005 1002.4015000000001 182.75000000000003 89.750000000000014 0.25000000000000011 27.725000000000005 944.05600000000015 6176.1500000000005
decision_type=2 2 2 2 2 2 2 2 2 2 2 2 2 2 2 2 2 2 2 2 2 2 2 2 2 2 2 2 2 2 2 2 2 2 2 2 2 2 2 2 2 2 2 2 2 2 2 2 2 2 2 2 2
left_child=1 2 3 4 5 -1 -6 -2 10 -10 17 12 49 14 15 16 -13 48 19 20 -15 22 35 24 39 27 -25 -26 -27 30 31 -30 -31 -34 47 -20 38 -38 -37 40 -23 42 43 -4 45 -41 -18 -35 -9 -12 -33 -32 -40
right_child=7 -3 41 -5 6 -7 -8 8 9 -11 11 13 -14 18 -16 -17 46 -19 21 -21 -22 23 -24 26 25 28 -28 -29 29 32 51 50 33 34 -36 36 37 -39 52 44 -42 -43 -44 -45 -46 -47 -48 -49 -50 -51 -52 -53 -54
leaf_value=-2.5617431849727712 -0.02074117878686476 1.5989834021025211 -0.44578973514739512 -0.08266496878569253 1.0076211652425453 -0.01267684374143449 -0.0011704611693685895 0.0049066195506897396 -1.1404330399222329 -0.008302767043517725 -0.024261482532894597 0.0060194853666736079 0.012605210545532404 0.66652134975168653 -4.7955069662498335 0.036386841039025425 -2.1494533385518566 -0.23685107934227906 -0.064764698366603368 -0.010141831004067526 -0.0044283517538916519 1.9283057675063575 0.031902114316752647 -0.048730279177572167 -0.013395394597458071 -0.028455746209113841 -0.10113954095108989 -0.30868472117476292 -0.053352130230122211 0.60065515988721319 -0.014802109164942621 -0.012906012757395615 -0.061516799378457575 3.454369840873543 -0.12096173579641205 -0.014742882120735943 0.019402473577184963 -0.011395161700569742 -1.4107825421727966 0.074393326606314508 0.0016576767440108608 -0.013419876843943333 0.96643466543890744 0.10459925927733817 -0.0037014361889950199 -0.034773818426753124 -0.014096970828530944 0.51476381510065206 0.51143553550848997 -0.79150474567091655 0.61415704812288274 0.42689595968315686 -0.0095701565131139244
leaf_weight=20 30 21 20 32 31 26 39 20 24 31 27 20 32 31 23 29 32 23 22 23 21 25 29 32 32 21 21 24 26 39 22 21 29 20 21 20 24 35 22 39 25 21 24 20 21 20 20 24 22 30 24 28 20
leaf_count=20 30 21 20 32 31 26 39 20 24 31 27 20 32 31 23 29 32 23 22 23 21 25 29 32 32 21 21 24 26 39 22 21 29 20 21 20 24 35 22 39 25 21 24 20 21 20 20 24 22 30 24 28 20
internal_value=-0.000856313 0.000866142 0.000300429 -0.00108108 0.000172414 -0.00347826 0.00257143 -0.00124555 -0.00111517 -0.00454545 -0.00093359 -0.00112936 -0.00370787 -0.000870056 -0.00306452 -0.00188119 -0.00361111 0.002 -0.000512484 0.002 0.00423077 -0.000787172 -0.00244186 -0.000233463 0.000238612 -0.000574018 -0.00433962 -0.00428571 0.000181818 0.000629921 -0.00123967 -0.00352113 0.00233083 0.000851064 0.00261538 -0.00356643 -0.00272727 0.000169492 -0.00548387 0.00230769 0.0048 0.00270588 0.0040625 0.0015 0.00075 0.00220339 -0.00576923 0.00545455 0.00428571 -0.00614035 -0.00111111 0.002 -0.00761905
internal_weight=1378 254 233 148 116 46 70 1124 1094 55 1039 974 89 885 124 101 72 65 761 75 52 686 172 514 461 331 53 56 275 254 121 71 133 94 65 143 121 59 62 130 50 85 64 40 80 59 52 44 42 57 45 50 42
internal_count=1378 254 233 148 116 46 70 1124 1094 55 1039 974 89 885 124 101 72 65 761 75 52 686 172 514 461 331 53 56 275 254 121 71 133 94 65 143 121 59 62 130 50 85 64 40 80 59 52 44 42 57 45 50 42
is_linear=0
shrinkage=0.01


Tree=52
num_leaves=53
num_cat=0
split_feature=69 14 43 3 77 79 98 89 66 94 16 32 79 98 22 72 22 94 32 0 25 58 16 96 28 26 28 3 35 72 90 77 37 35 41 16 26 79 26 74 31 90 4 31 74 67 3 14 4 32 31 14
split_gain=10.6481 7.9304 8.58726 7.61163 6.64255 5.72343 6.3301 6.96247 5.81034 9.28702 8.18004 14.4083 10.0245 8.40832 8.38833 7.95633 8.30117 9.3023 9.02579 9.01727 8.02847 7.93395 9.89788 10.8548 10.8459 7.73425 7.51361 7.37408 6.72657 6.71157 6.53178 6.51862 6.4742 6.07172 7.29447 5.74701 6.49138 5.58581 5.25464 4.99537 4.7484 6.03408 4.61984 4.11197 4.04209 3.88658 3.80581 3.69782 5.33333 2.65947 2.46526 2.17391
threshold=25198.950000000001 10199.250000000002 63.905000686645515 14167.6 4806.6745100159578 34.741087930434567 0.82638888888888895 1297.0232437500001 1294.6000000000001 748677.38033750025 5323.5500000000002 106.75000000000001 436.43413515650809 0.29513888888888895 93.250000000000014 1778.5500000000002 89.250000000000014 758226.09420156281 133.25000000000003 33541.150000000009 55.250000000000007 0.25000000000000011 5177.6000000000013 1.0000000180025095e-35 29.425000000000004 33.750000000000007 27.725000000000005 15165.731500000002 24.575000000000006 1499.0870000000002 1235.5213500000002 2850.0843469477672 95.250000000000014 27.125000000000004 76.250000000000014 4855.1500000000005 17.750000000000004 239.65813367669145 0.75000000000000011 999.46021875000008 5.3750000000000009 1918.4728500000001 3410.5950000000007 10.975000000000001 1136.5245416666669 28181.150000000005 15205.700000000003 17381.950000000001 6867.0950000000012 84.000000000000014 8.1750000000000025 14106.650000000001
decision_type=2 2 2 2 2 2 2 2 2 2 2 2 2 2 2 2 2 2 2 2 2 2 2 2 2 2 2 2 2 2 2 2 2 2 2 2 2 2 2 2 2 2 2 2 2 2 2 2 2 2 2 2
left_child=3 37 39 38 5 -4 8 42 15 10 13 14 51 -10 43 16 17 21 19 -18 -20 22 32 30 26 27 -25 -23 -15 44 -24 -22 -7 40 -35 36 -30 -2 -1 -3 41 -33 -8 -12 -14 -40 -6 48 -19 -34 -39 -13
right_child=1 2 4 -5 46 6 7 -9 9 -11 11 12 29 28 -16 -17 18 47 20 -21 31 25 23 24 -26 -27 -28 -29 35 -31 -32 33 49 34 -36 -37 -38 50 45 -41 -42 -43 -44 -45 -46 -47 -48 -49 -50 -51 -52 -53
leaf_value=8.2083946424539169e-05 -0.0036508810342475453 -0.028345449184800978 0.0048994114948750205 -0.081493969937303887 -0.6757537977916297 0.027923255694796749 -0.0096001742483891213 -0.013592773476026292 0.47782626923668292 -0.038433957068910798 -0.027650313207964138 0.030815731020833743 -0.08763795430257329 0.45541320584369688 8.4740502203717921e-05 -1.2883187138842138 -0.028171188747022704 0.28535102666524614 0.051645026885979738 2.1484289618160335 -0.0052821280862904085 -0.88287816507529249 0.023331359173257748 -0.012776952629821661 -6.256538712381694 -0.083384661142998542 3.0423678709607378 0.026776756294102259 -0.0098411547808253431 -0.0089278818346000266 1.9993844818494462 -1.064943221538887 -0.75902441475880433 -0.033546189141354529 0.066034493428631047 0.59521233176727129 0.0060232233313548614 -1.4740669937868864 3.9009540737020827 0.034557354112767037 -2.3339317528227044 -0.0051120689578114421 0.00056748263841828158 -0.0055633007183297761 3.578572526159252 0.14135523270906239 -0.015063682476158854 0.21836559247023515 -0.055287173384633341 -0.12388229388312631 -0.092456222374208322 0.2946333694668144
leaf_weight=25 34 24 23 20 21 26 25 20 39 35 38 23 22 20 28 26 29 21 35 21 39 21 24 25 26 39 24 25 30 29 34 31 21 27 25 20 22 21 22 23 33 23 28 21 32 20 20 22 28 20 25 23
leaf_count=25 34 24 23 20 21 26 25 20 39 35 38 23 22 20 28 26 29 21 35 21 39 21 24 25 26 39 24 25 30 29 34 31 21 27 25 20 22 21 22 23 33 23 28 21 32 20 20 22 28 20 25 23
internal_value=-0.000972424 -0.00120062 -0.000999174 0.00241379 -0.00116838 -0.00102404 -0.00112727 -0.0039726 -0.000925024 5.2356e-05 0.00054755 -0.000648148 0.00147287 0.00251908 -0.0037931 -0.00150388 -0.00127625 -0.000280899 -0.00262357 0.0012 -0.00352113 -0.00108772 0 0.00157895 -0.000933333 -0.00364706 0.00183673 -0.000869565 0.000869565 -0.00060241 0.00482759 -0.00438202 -0.00313433 -0.00539568 -0.00269231 -0.000555556 -0.00230769 -0.00425 0.00402985 0.00319149 -0.00701149 -0.00518519 -0.00207547 -0.0059322 0.00148148 0.00619048 -0.00512195 0.00295775 0.00142857 -0.00560976 -0.00652174 0.00521739
internal_weight=1378 1291 1211 87 1164 1123 1100 73 1027 382 347 216 129 131 87 645 619 356 263 50 213 285 200 133 75 85 49 46 92 83 58 178 67 139 52 72 52 80 67 47 87 54 53 59 54 42 41 71 49 41 46 46
internal_count=1378 1291 1211 87 1164 1123 1100 73 1027 382 347 216 129 131 87 645 619 356 263 50 213 285 200 133 75 85 49 46 92 83 58 178 67 139 52 72 52 80 67 47 87 54 53 59 54 42 41 71 49 41 46 46
is_linear=0
shrinkage=0.01


Tree=53
num_leaves=52
num_cat=0
split_feature=80 14 43 21 6 16 83 75 4 3 68 83 3 6 33 6 68 3 34 16 71 67 82 21 67 43 43 6 71 91 38 6 43 91 3 20 97 63 38 68 76 98 28 28 28 14 68 0 28 85 0
split_gain=8.64396 11.4682 6.71808 6.02474 6.38869 6.32431 12.801 10.2643 8.69111 9.21213 8.32449 9.47437 7.58418 7.74775 7.41769 8.13075 9.96702 7.41167 7.35147 8.53536 8.8243 8.38095 7.56489 7.23057 7.00076 6.99986 6.4414 10.1369 8.38375 5.88694 5.84464 5.76732 5.65363 6.94602 5.54015 8.25157 5.46038 5.43763 5.12468 7.26923 4.95049 10.4469 4.81237 4.63167 4.41084 3.663 3.6 3.54632 3.23438 2.5008 1.52381
threshold=26925.315972222226 14977.400000000001 63.905000686645515 30.275000000000002 1309.0450000000003 6502.7000000000007 2694.0500000000015 500.01900851513028 11385.140000000001 15326.750000000002 900.05000000000007 1418.6999999999991 11173.750000000002 4304.0950000000003 173.25000000000003 4816.7200000000003 1156.6450000000002 13671.150000000001 114.75000000000001 5437.2000000000007 1277.5695000000003 31782.050000000007 1028.1000000000001 18.175000000000001 31867.900000000005 81.99499893188478 75.49499893188478 3960.1350000000007 902.23350000000016 29520.579743750004 5.6750000000000016 7254.8900000000003 93.944999694824233 28132.223131250004 14439.800000000001 1892.7 0.23958333333333334 30663.750000000004 5.1750000000000016 1341.2500000000002 37205.562500000007 0.26736111111111116 22.275000000000002 25.925000000000004 21.175000000000004 16119.750000000002 1293.8450000000003 32390.250000000004 28.325000000000006 1584.4715000000003 33443.55000000001
decision_type=2 2 2 2 2 2 2 2 2 2 2 2 2 2 2 2 2 2 2 2 2 2 2 2 2 2 2 2 2 2 2 2 2 2 2 2 2 2 2 2 2 2 2 2 2 2 2 2 2 2 2
left_child=1 44 30 4 -4 8 7 14 10 29 11 -6 -13 -14 15 16 -7 -15 19 20 22 23 34 -22 -19 26 28 -28 -21 31 -2 -10 45 -34 38 -36 -26 -30 -12 -40 41 -9 -18 -24 -1 -27 -3 -33 -8 -31 -17
right_child=2 46 3 -5 5 6 48 40 9 -11 18 12 13 17 -16 50 42 24 -20 25 21 -23 43 -25 36 32 27 -29 37 49 -32 47 33 -35 35 -37 -38 -39 39 -41 -42 -43 -44 -45 -46 -47 -48 -49 -50 -51 -52
leaf_value=0.043065252789921508 -0.055891816336715999 1.7015514513555317 -0.019903754941418297 2.2815234074530082 0.95092232898518025 -0.040791334330629973 4.5728795376604063 0.36264415420260082 -0.50421499756507449 0.012721966166278796 -1.8492675776421366 -0.073070270497672146 -0.097325704703847618 1.7428911539926346 0.52559490799263275 -0.011598136232831435 -0.003387918695025428 -2.255908869208914 0.080818852181804526 -1.3880395989882277 0.0054294106837365387 0.22356700540771124 0.010589141667130476 -0.0088378207984149745 0.71639890326188527 -0.0077822727603702327 -0.017679470142239206 0.067220971538980642 0.01309844383466305 -0.083896236293835552 0.033074273311802439 0.034484471763145431 0.004357414960696632 -0.073962951790533971 0.079069710445233171 -0.073281980702339322 -0.01233374080695703 -0.032092072693884706 0.00061858938232513814 -1.1304052164723795 -0.028192883721041041 -0.00049588429268905391 0.0027113451742527945 -0.070908575293837983 -0.39984447986122762 -0.021910992141346303 0.88528543483002942 -0.062464148011051664 0.54012573924619289 -0.37281906046582747 -0.03777457701596619
leaf_weight=26 23 20 30 27 39 26 20 34 22 36 23 37 25 27 28 21 21 22 20 37 21 33 37 23 26 30 25 36 20 33 27 22 23 30 20 23 23 21 28 24 37 31 38 20 22 35 20 20 21 24 21
leaf_count=26 23 20 30 27 39 26 20 34 22 36 23 37 25 27 28 21 21 22 20 37 21 33 37 23 26 30 25 36 20 33 27 22 23 30 20 23 23 21 28 24 37 31 38 20 22 35 20 20 21 24 21
internal_value=-0.000986938 0.00204545 -0.0011938 -0.00133871 -0.0014427 -0.00132713 -6.71141e-05 -0.000894942 -0.00175141 -0.00388535 -0.00129121 0.000452261 -0.000625 0.000569106 -0.00251613 -0.00354331 -0.00176471 0.00183673 -0.00194707 -0.00218075 -0.000873016 0.00194805 -0.00211429 -0.000909091 0.000140845 -0.00346304 -0.00194245 0.000491803 -0.00384615 -0.00520661 0.0024 -0.003125 -0.00525424 -0.00283019 -0.00355932 -0.000697674 0.0022449 -0.000731707 -0.0052 -0.00346154 0.00156863 0.00323077 0.000508475 0.000877193 -0.00125 -0.00723077 0.006 -0.000952381 0.00512195 -0.00754386 -0.00714286
internal_weight=1378 88 1290 1240 1213 1183 298 257 885 157 728 199 160 123 155 127 85 98 529 509 252 77 175 44 71 257 139 61 78 121 50 64 118 53 118 43 49 41 75 52 102 65 59 57 48 65 40 42 41 57 42
internal_count=1378 88 1290 1240 1213 1183 298 257 885 157 728 199 160 123 155 127 85 98 529 509 252 77 175 44 71 257 139 61 78 121 50 64 118 53 118 43 49 41 75 52 102 65 59 57 48 65 40 42 41 57 42
is_linear=0
shrinkage=0.01


Tree=54
num_leaves=51
num_cat=0
split_feature=28 68 22 4 16 7 69 33 22 1 22 14 1 23 6 16 42 39 76 17 3 81 11 79 3 21 39 91 38 69 42 65 46 66 34 0 3 16 79 6 7 68 6 38 14 40 79 28 75 16
split_gain=10.1041 9.02646 11.5967 10.8217 10.3867 12.2752 8.48701 8.33727 7.96628 7.48847 6.90432 7.89474 8.39445 6.61589 7.53821 8.14471 6.22761 6.77134 6.1766 6.05553 8.81818 8.1347 5.92821 6.72468 5.68052 5.35425 5.98003 6.42607 6.94177 7.16817 7.53389 6.27325 6.43181 6.85748 7.23352 7.84788 6.51701 7.06301 6.03902 5.62572 8.88169 4.96943 4.92133 4.9 4.73851 4.09008 3.97714 3.92245 5.76581 3.65321
threshold=26.325000000000006 1493.4000000000003 88.750000000000014 2546.1900000000001 6223.7500000000009 31.675000000000001 30293.550000000007 14.250000000000002 77.750000000000014 13828.450000000003 92.750000000000014 18363.100000000002 14306.850000000002 8.7500000000000018 1309.0450000000003 6999.7500000000009 111.72499847412111 214.75000000000003 28912.880208333339 37.45000000000001 13585.85 4019.5764997003785 38085.55000000001 465.61970291342681 14844.900000000001 30.275000000000002 107.25000000000001 22833.381018750002 3.5250000000000004 32501.300000000003 117.07500076293947 25905.600000000002 104.814998626709 1101.0000000000002 98.750000000000014 32479.700000000004 14018.950000000003 6361.0000000000009 640.68460238630462 5886.3100000000004 22.710000000000004 1089.9175000000002 6870.1900000000014 5.8250000000000011 13569.950000000003 92.750000000000014 506.9867833474039 30.225000000000005 502.32270189833116 5825.9000000000005
decision_type=2 2 2 2 2 2 2 2 2 2 2 2 2 2 2 2 2 2 2 2 2 2 2 2 2 2 2 2 2 2 2 2 2 2 2 2 2 2 2 2 2 2 2 2 2 2 2 2 2 2
left_child=1 2 3 7 22 24 8 -1 -3 -8 11 12 -11 -2 -15 25 -5 19 -10 20 21 -18 23 41 -6 26 -16 42 29 -29 -31 -30 33 38 35 -35 -34 -38 39 49 -41 -4 -28 -22 -14 46 -46 48 -42 -33
right_child=13 6 4 16 5 -7 9 -9 18 10 -12 -13 44 14 15 -17 17 -19 -20 -21 43 -23 -24 -25 -26 -27 27 28 31 30 -32 32 36 34 -36 -37 37 -39 -40 40 47 -43 -44 -45 45 -47 -48 -49 -50 -51
leaf_value=0.00088194845500904977 0.65544083992783164 0.025230110632128593 1.0135295611298727 0.99103042565699273 -0.0069342750018614478 -0.020846717267150372 -0.90302548756011358 -0.40300116558969912 -0.017285788214576537 0.0027970009714306057 0.0025381570239798369 0.0044361132651591631 -0.0020014253274462028 -0.023528092042372661 -1.6164638172910919 1.2478941437967459 0.0032694305049327239 0.2093853558725666 0.0033577375898861061 -0.098507318319704121 -0.0043110409410624549 -0.057657116277802366 3.5725040545896456 -0.0096744086205807298 0.3568598956674805 2.8468473056748236 -0.0080489923798235368 -0.081413087210888552 -0.54848316640439398 -0.0041956811117734331 1.9069824678685146 -3.8647716399832674 0.54320818380721447 0.1524894875319166 0.015610953045581631 -0.022852718852559059 -0.072995348780569347 5.9311670691086968 -4.7026325417529682 0.90179483814467465 -1.8745921260573155 0.39071692594304552 0.98332766973399433 0.75858700198995477 -0.0036639165172196375 -0.0064360676352647993 -0.071495810110119268 -0.004997494822275691 -0.018416721009635716 -0.078116450630159082
leaf_weight=20 26 23 23 30 20 22 38 27 22 32 39 31 32 28 30 36 21 20 27 32 20 22 24 29 22 24 20 31 34 30 21 25 22 24 25 37 39 22 23 25 33 28 23 20 21 35 29 28 37 26
leaf_count=20 26 23 23 30 20 22 38 27 22 32 39 31 32 28 30 36 21 20 27 32 20 22 24 29 22 24 20 31 34 30 21 25 22 24 25 37 39 22 23 25 33 28 23 20 21 35 29 28 37 26
internal_value=-0.000986938 -0.000155148 0.000894737 -0.000660377 0.00285714 -0.0003125 -0.00136778 -0.00489362 0.00166667 -0.0022179 -0.00150685 -0.00233333 -0.00328859 -0.00186846 -0.00206843 -0.0018374 0.000545455 -0.00037037 -0.000612245 -0.00130435 0.000120482 -0.00302326 0.00480769 0.0035 0.00285714 -0.00212435 -0.00232432 -0.00207619 -0.00240664 0.000243902 0.00254902 -0.00295 -0.00256831 -0.00328622 -0.000930233 -0.00278689 -0.000120482 -0.00180328 -0.00431472 -0.00367816 -0.00252033 0.00568627 0.00162791 0.0035 -0.00452991 -0.00576471 -0.0076 -0.00387755 -0.00514286 -0.00647059
internal_weight=1378 709 380 212 168 64 329 47 72 257 219 180 149 669 643 615 165 135 49 115 83 43 104 80 42 579 555 525 482 82 51 400 366 283 86 61 83 61 197 174 123 51 43 40 117 85 50 98 70 51
internal_count=1378 709 380 212 168 64 329 47 72 257 219 180 149 669 643 615 165 135 49 115 83 43 104 80 42 579 555 525 482 82 51 400 366 283 86 61 83 61 197 174 123 51 43 40 117 85 50 98 70 51
is_linear=0
shrinkage=0.01


Tree=55
num_leaves=52
num_cat=0
split_feature=14 81 27 13 14 69 62 80 71 72 97 83 43 43 28 84 65 27 4 89 79 32 32 58 99 7 77 4 4 13 6 25 25 14 89 89 25 4 77 14 7 21 0 100 78 80 13 32 72 62 0
split_gain=10.8701 8.20889 8.74044 6.15239 12.5468 20.1102 10.7082 6.66469 6.51802 7.8083 7.28161 10.6833 6.12512 5.66121 6.93771 5.45625 5.79314 5.67273 5.35728 12.3323 7.26506 9.99216 6.30313 6.12766 6.69462 6.67898 6.10805 5.36984 5.2471 7.15344 5.18572 4.97778 6.70689 6.61814 6.45546 9.03783 8.85952 6.17998 5.79197 5.30876 4.33887 4.11954 3.9058 3.7415 3.42857 3.21429 2.90116 2.7398 2.20328 3.6 0.503704
threshold=10947.85 3849.1576979230031 91.750000000000014 3130.5000000000005 18245.750000000004 30839.600000000002 1242.3835000000001 32217.673611111113 1478.4165000000003 896.37400000000014 0.42708333333333343 2222.3999999999983 87.31000137329103 73.889999389648452 21.625000000000004 1019.5421458333335 30702.850000000002 99.250000000000014 10539.385 1149.9922687500002 586.09025266442688 249.75000000000003 206.50000000000003 -0.6830127018922193 0.57291666666666685 2049.7400000000007 4143.5710683758252 14186.905000000002 4257.005000000001 9314.5500000000011 6122.4750000000013 117.25000000000001 70.250000000000014 12527.400000000001 950.45023125000012 838.42663125000001 36.250000000000007 2992.0900000000006 3860.4200575877599 15229.050000000001 37.725000000000001 18.275000000000002 31322.850000000002 0.031250000000000007 659.2180381944446 30539.098958333339 9131.9000000000015 137.25000000000003 1004.5500000000001 1778.5500000000002 32182.600000000002
decision_type=2 2 2 2 2 2 2 2 2 2 2 2 2 2 2 2 2 2 2 2 2 2 2 2 2 2 2 2 2 2 2 2 2 2 2 2 2 2 2 2 2 2 2 2 2 2 2 2 2 2 2
left_child=1 2 -1 31 5 8 18 28 9 10 11 40 48 -11 -15 17 -17 46 22 27 23 -22 26 24 -21 -25 -6 -20 42 50 -16 32 33 41 35 36 39 -36 -34 -35 -5 -2 -7 -18 -24 -10 -9 -8 -3 -50 -30
right_child=3 12 -4 4 6 7 47 15 45 13 -12 -13 -14 14 30 16 43 -19 19 20 21 -23 44 25 -26 -27 -28 -29 29 -31 -32 -33 38 34 37 -37 -38 -39 -40 -41 -42 -43 -44 -45 -46 -47 -48 -49 49 -51 -52
leaf_value=-0.051097768886279489 -0.036235072743753087 -0.092322436000912153 0.052946672275413054 0.44262324219044219 0.015623086968430375 2.2956029610356476e-05 0.25202476414256197 -2.7142229630459958 0.29767830888968966 -1.129969318045648 -0.063688497591885745 -0.085078003351328063 -0.089960317887132393 0.39256040364442557 -0.037864084952707086 0.049652700886303407 0.0086713714087222546 -0.022455207843171655 0.0026333927953441881 -2.4073308576460062 0.062945997919763214 -0.00056370601729123786 -0.049978251155404364 0.45521690122025193 0.021741096893580433 -0.029907814860970116 -0.044914807312504169 -2.263875462750585 -0.38104958811611173 -0.016257400124732032 0.015541140693653798 -0.013343593703390593 0.0066077266203154522 0.0085901723953783083 -0.013807848596784142 0.0277898502241926 0.54675638570819585 0.075476421307882277 0.026579507083283684 -0.020984501229372756 1.9271983118231937 -0.0043749226407110422 -0.024650344887083141 -0.18003253449035625 -2.5491862465529023 0.0064766610773766232 -0.069996241126172726 0.69059496856699587 -1.4240363179984998 -0.022878428055749762 -0.12625179645011358
leaf_weight=37 30 21 25 38 27 22 26 37 24 38 23 20 20 20 37 36 22 33 22 22 34 26 21 26 25 21 32 29 34 21 24 35 21 25 37 33 24 26 25 31 29 28 24 27 21 21 28 20 20 20 20
leaf_count=37 30 21 25 38 27 22 26 37 24 38 23 20 20 20 37 36 22 33 22 22 34 26 21 26 25 21 32 29 34 21 24 35 21 25 37 33 24 26 25 31 29 28 24 27 21 21 28 20 20 20 20
internal_value=-0.0010951 -0.00370629 -0.000967742 -0.000795181 -0.0012043 -0.00211073 0.000284091 -0.00388158 -0.000145985 -0.000829694 0.00109091 0.00241379 -0.00580247 -0.00260504 -0.00111111 -0.0026776 -0.000823529 -0.00428571 -0.000392157 0.000536585 0.00194805 0.00466667 -0.00227723 0.000212766 -0.00234043 0.00276596 -0.000169492 -0.00372549 -0.00570248 -0.00733333 -0.00278689 0.000412698 0.000857143 0.00017094 0.00113636 0.00256637 0.00075 -0.00142857 0.00434783 -0.00142857 0.00432836 -0.00275862 -0.00304348 -0.00306122 -0.0052381 0.00333333 -0.006 0.00478261 -0.00737705 -0.006 -0.00925926
internal_weight=1388 143 62 1245 930 578 352 304 274 229 110 87 81 119 81 183 85 98 306 205 154 60 101 94 47 47 59 51 121 75 61 315 280 234 176 113 80 63 46 56 67 58 46 49 42 45 65 46 61 40 54
internal_count=1388 143 62 1245 930 578 352 304 274 229 110 87 81 119 81 183 85 98 306 205 154 60 101 94 47 47 59 51 121 75 61 315 280 234 176 113 80 63 46 56 67 58 46 49 42 45 65 46 61 40 54
is_linear=0
shrinkage=0.01


Tree=56
num_leaves=54
num_cat=0
split_feature=11 97 64 44 13 1 80 38 19 16 11 88 44 10 75 19 19 66 11 94 24 45 3 38 24 30 44 33 63 7 79 76 7 43 17 97 78 3 5 19 43 3 76 19 76 11 17 36 7 30 19 2 10
split_gain=9.6701 9.99506 8.63277 7.78527 7.78692 6.83094 7.2735 7.56621 7.37735 6.63602 6.80728 6.07344 7.04528 10.0684 7.93479 8.36821 6.55884 6.50242 8.91275 8.00952 6.48748 6.09036 6.85563 9.82335 7.07145 9.24847 9.22753 7.04735 7.5625 6.45861 5.74435 6.55325 7 5.65201 10.541 5.34783 4.75026 5.95889 4.73387 4.73149 4.7192 4.25241 4.16708 6.23941 3.53314 3.35884 3.28205 2.82609 2.69263 1.6 1.6 1.48664 0.962791
threshold=35254.55000000001 0.80208333333333337 1123.9650000000004 3.6944999694824223 2864.2000000000003 12338.400000000001 29243.144791666669 6.6250000000000009 266.90000000000003 5911.5000000000009 39179.450000000004 2574.8735416666673 4.055500030517579 40077.500000000007 303.8725585219475 1283.4000000000003 2032.1500000000003 1425.8500000000001 37649.000000000007 759776.52261218766 7.4750000000000005 22948.500000000004 14181.550000000001 7.7750000000000012 14.175000000000002 92.250000000000014 2.5505000352859502 6.2500000000000009 30474.200000000004 31.735000000000003 634.60334993865706 31376.243750000001 17.535000000000004 80.795001983642592 17.050000000000004 0.21875000000000003 1314.3420486111113 12135.269500000002 3885.0750000000003 525.50000000000011 80.590000152587905 15480.759500000002 34617.064583333347 1020.7000000000002 34128.880208333336 37649.000000000007 168.55000000000004 80.250000000000014 17.595000000000002 80.750000000000014 823.70000000000016 3080.2560000000008 33622.650000000001
decision_type=2 2 2 2 2 2 2 2 2 2 2 2 2 2 2 2 2 2 2 2 2 2 2 2 2 2 2 2 2 2 2 2 2 2 2 2 2 2 2 2 2 2 2 2 2 2 2 2 2 2 2 2 2
left_child=2 11 3 4 -1 -5 8 -8 -7 -3 39 -2 13 16 -15 20 21 19 50 35 -16 -13 23 27 25 26 -24 -23 -29 -28 31 36 -33 34 -18 45 37 -4 -20 -11 -25 -17 51 -44 -36 -14 -34 -41 52 -50 -19 -27 -6
right_child=1 9 30 5 48 6 7 -9 -10 10 -12 12 17 14 15 41 33 18 38 -21 -22 22 24 40 -26 42 29 28 -30 -31 -32 32 46 -35 44 -37 -38 -39 -40 47 -42 -43 43 -45 -46 -47 -48 -49 49 -51 -52 -53 -54
leaf_value=-0.034040900111535835 -0.081216892882859298 0.00027994857150427822 0.74482915855949472 -0.43428545744282987 -4.8007346737992149 -0.025551993378776585 0.0028497090881181831 -0.27137811870280321 2.7906727229942772 -0.0048428792983329976 0.0003899080101281023 0.70138452950818064 -0.28280836822480587 -2.0372425729109991 2.6201080801664784 -0.82618946703761953 -0.069971717861084873 0.12323406221765172 0.00056054136141965724 0.0083819966038209213 -0.012763797190652385 -0.98291270159809674 -0.022654159813899524 0.0054501384755154449 -0.012302697164829684 0.026868846435822186 0.097365466685751842 0.28514106934321709 -0.078040495324055034 0.010243442946346736 -0.13460856622625778 0.050496426203093296 -0.78719173696260158 -0.062252367875487526 0.00043387766363275698 -0.15342903033445929 0.011477635376366448 -0.12770326361233156 -0.011414374104795438 -0.011934707667159384 1.6108104230610494 0.00055624762790681243 -0.022697324412667325 2.6757681671969769 0.014902507393975337 0.0021601549973281468 -0.011347190504791976 -0.030163297128139917 -0.095946206081328159 -0.072629468512151268 0.0053544348897670594 1.5437569912404179 -0.28377319141839957
leaf_weight=37 21 38 28 20 23 23 37 29 20 20 21 25 35 31 23 31 32 20 20 21 26 24 32 26 31 21 24 32 32 27 24 20 24 34 21 25 30 26 23 20 21 26 21 38 29 24 26 26 20 20 20 20 20
leaf_count=37 21 38 28 20 23 23 37 29 20 20 21 25 35 31 23 31 32 20 20 21 26 24 32 26 31 21 24 32 32 27 24 20 24 34 21 25 30 26 23 20 21 26 21 38 29 24 26 26 20 20 20 20 20
internal_value=-0.000878963 -0.000322581 -0.00213115 -0.00333333 -0.00516667 -0.00162791 -0.000642202 -0.00272727 0.00255814 -0.00296 -0.00448276 7.17703e-05 0.000208589 0.000717703 -0.00167883 -0.000377358 0.00138776 -0.00148936 0.00060241 -0.00314286 0.00265306 0.00203209 0.00169054 -7.40741e-05 0.00280374 0.00355191 0.00108434 -0.00204545 -0.0003125 0.00372549 -0.000449438 0.00025974 -0.002 -0.000689655 0.000731707 -0.00452381 0.00214286 0.00037037 -0.00255814 -0.00606061 0.00361702 -0.00298246 0.0056 0.00389831 0.0036 -0.00288136 -0.004 -0.00782609 -0.00686747 -0.005 0.004 0.00804878 -0.00860465
internal_weight=1388 961 427 249 120 129 109 66 43 125 87 836 815 627 137 106 490 188 83 105 49 374 349 135 214 183 83 88 64 51 178 154 70 116 82 84 84 54 43 66 47 57 100 59 50 59 50 46 83 40 40 41 43
internal_count=1388 961 427 249 120 129 109 66 43 125 87 836 815 627 137 106 490 188 83 105 49 374 349 135 214 183 83 88 64 51 178 154 70 116 82 84 84 54 43 66 47 57 100 59 50 59 50 46 83 40 40 41 43
is_linear=0
shrinkage=0.01


Tree=57
num_leaves=54
num_cat=0
split_feature=41 14 39 83 34 75 81 27 2 30 27 67 63 2 0 39 39 78 99 24 24 46 34 85 83 44 0 61 67 20 28 35 63 85 68 72 44 34 40 39 46 14 75 20 0 26 31 20 25 98 92 34 5
split_gain=12.8231 16.7279 11.0745 8.71127 8.23814 9.2167 12.1249 8.21143 9.31023 11.1753 8.3757 7.557 10.2343 7.55533 7.49661 9.7568 8.23551 9.1521 11.3465 7.6393 9.19571 11.6957 6.8535 6.13786 7.72789 6.10204 6.09006 5.82082 5.8092 5.65876 5.93783 5.6 5.54453 5.30972 5.283 9.21818 5.18984 5.12808 5.553 6.23636 5.02144 5.94445 4.81837 4.2 4.00462 3.97128 3.6 3.6 3.27797 2.6708 3.38755 1.74545 0.427907
threshold=83.250000000000014 18245.750000000004 204.75000000000003 1785.4499999999991 68.750000000000014 553.81362822823462 3531.0252885185018 98.250000000000014 2609.1500000000005 48.250000000000007 81.250000000000014 26198.700000000001 30699.350000000002 2658.1000000000004 33727.55000000001 145.75000000000003 117.25000000000001 973.21448263888885 0.031250000000000007 10.025000000000002 7.375 99.064998626708999 90.250000000000014 1502.4000000000003 568.70000000000084 3.2879999876022343 33944.250000000007 30238.650000000005 31016.150000000005 912.15000000000009 29.175000000000004 27.575000000000006 31710.750000000004 1450.9000000000003 674.72900000000016 1299.8000000000002 2.6384999752044682 85.750000000000014 42.750000000000007 178.75000000000003 103.90000152587892 21428.350000000002 502.32270189833116 961.00000000000011 29423.500000000004 37.250000000000007 10.875000000000002 2716.3000000000006 142.75000000000003 0.48958333333333343 25478.240787500006 84.750000000000014 4769.4850000000006
decision_type=2 2 2 2 2 2 2 2 2 2 2 2 2 2 2 2 2 2 2 2 2 2 2 2 2 2 2 2 2 2 2 2 2 2 2 2 2 2 2 2 2 2 2 2 2 2 2 2 2 2 2 2 2
left_child=1 4 3 23 5 6 -1 8 10 45 28 -7 27 48 16 47 17 -8 -19 20 21 -18 37 -2 -25 -21 31 -13 -6 30 -9 -4 49 -3 40 43 -24 38 -15 -40 41 -35 -38 -36 -26 -10 -37 -16 -5 50 -11 -28 -51
right_child=2 33 26 13 7 11 14 29 9 32 -12 12 -14 22 15 -17 19 18 -20 25 -22 -23 36 24 44 -27 51 -29 -30 -31 -32 -33 -34 34 35 46 42 -39 39 -41 -42 -43 -44 -45 -46 -47 -48 -49 -50 52 -52 -53 -54
leaf_value=4.0474744606422925 -0.97082977180335539 -0.021133061820071283 -0.064283953238143413 -0.59713841448591642 0.015039160189894573 -1.439370610564672 -2.1231221437835757 -0.058882953110085491 0.062252919831641725 -0.035213676937746463 -0.22100036301343842 -0.025036361727239546 -0.21908782615965372 -2.8124715110435266 2.1520647757462266 -0.0091546892681994337 0.72924701120727586 -0.020655309140407439 0.29430509022990609 0.0023795001764644746 0.043437400866564231 -0.008732641625142961 -0.015661026410495257 -0.0092303964941567087 0.0033478843443817906 -0.02312669738456687 -0.097090066031729025 0.0078579273502275178 -0.010735292637360488 0.019040342549528699 0.25421808268255719 0.0016720168938413223 -0.01692450507344841 -0.072928218385628227 0.02357968570875394 0.021261001784558222 0.42804171029627053 -0.48540481128942248 0.028520923230371337 -0.046440041365334091 3.708154411299454 2.0162217693914135 -0.00087926478529549718 1.0459664028936655 0.077913442618557052 -0.025926767476146813 -0.0059399258764247925 0.002796586919951024 -0.15593821053228649 -0.028092140782003203 -0.26866433751577518 -0.9637858646492039 -0.022113098084237767
leaf_weight=33 27 33 35 22 28 25 29 21 26 22 25 24 32 26 20 23 34 33 20 26 25 24 30 24 26 35 24 22 30 23 27 28 35 25 20 20 21 20 35 20 28 22 23 28 27 24 20 20 26 20 29 20 23
leaf_count=33 27 33 35 22 28 25 29 21 26 22 25 24 32 26 20 23 34 33 20 26 25 24 30 24 26 35 24 22 30 23 27 28 35 25 20 20 21 20 35 20 28 22 23 28 27 24 20 20 26 20 29 20 23
internal_value=-0.00110951 -0.000461216 -0.00253456 -0.0016208 -0.00113456 -0.000211765 0.000621118 -0.00231231 -0.00312977 -0.00441341 -0.000361446 -0.00281553 -0.00128205 -0.00273543 -3.46021e-05 0.00301587 -0.000884956 -0.00341463 -0.000943396 0.000555556 0.00253012 0.000344828 -0.00177143 0.000769231 0.00220779 -0.00213115 -0.0053271 0.00173913 0.00172414 0.000704225 -0.00125 -0.00333333 -0.00596899 0.00214286 0.00288344 0.00454545 0.000540541 -0.00346535 -0.00234568 -0.000545455 0.000933333 -0.00106383 0.00272727 0.0075 0.00433962 -0.0004 0.001 0.006 -0.00625 -0.00723404 -0.00568627 -0.00818182 -0.00906977
internal_weight=1388 954 434 327 758 425 322 333 262 179 83 103 78 223 289 63 226 82 53 144 83 58 175 104 77 61 107 46 58 71 48 63 129 196 163 88 74 101 81 55 75 47 44 48 53 50 40 40 48 94 51 44 43
internal_count=1388 954 434 327 758 425 322 333 262 179 83 103 78 223 289 63 226 82 53 144 83 58 175 104 77 61 107 46 58 71 48 63 129 196 163 88 74 101 81 55 75 47 44 48 53 50 40 40 48 94 51 44 43
is_linear=0
shrinkage=0.01


Tree=58
num_leaves=55
num_cat=0
split_feature=35 14 28 16 44 80 80 72 72 3 92 1 38 78 38 41 22 19 29 22 46 43 27 16 94 38 88 29 16 41 84 89 60 89 78 88 22 27 83 14 38 38 19 38 87 23 44 16 14 28 3 16 3 3
split_gain=11.1287 8.19258 8.10837 9.4269 8.00679 8.92011 11.3873 14.8478 7.80202 13.039 7.85227 8.05841 7.68484 7.6544 7.57576 7.5216 8.44367 9.61539 7.45556 7.30281 8.26694 7.00461 6.91429 6.82896 11.6516 7.59852 6.77834 6.61184 7.38297 6.35757 6.18371 12.2451 8.35918 8.05037 9.26484 7.12516 5.91554 5.68539 6.45652 5.62104 5.55659 5.30718 5.18571 4.45762 5.07698 4.32238 4.26087 3.65321 3.6 3.3336 1.99481 1.6 1.10345 0.9
threshold=23.175000000000004 21577.750000000004 26.375000000000004 4309.7500000000009 8.7274999618530291 38467.45798611112 29193.056250000005 703.25000000000011 1444.3830000000003 14181.550000000001 21378.272025000009 16108.050000000001 4.4750000000000005 430.98357638888893 6.6250000000000009 83.250000000000014 84.250000000000014 386.95000000000005 78.750000000000014 93.250000000000014 105.67500305175783 76.630001068115249 18.250000000000004 6692.2500000000009 550253.44074093772 6.8750000000000009 4705.8225000000002 80.750000000000014 6317.8000000000011 77.250000000000014 1074.6777708333336 922.44433125000012 1587.9500000000003 1153.4930062500002 1475.7416250000003 5105.2285416666673 82.250000000000014 98.750000000000014 2376.0499999999979 17381.950000000001 6.8250000000000011 8.7750000000000021 1434.7 8.3250000000000028 0.32291666666666669 84.250000000000014 5.615999937057496 2921.3000000000006 15970.600000000002 21.725000000000005 13108.800000000001 4928.9500000000007 14333.000000000002 14678.150000000001
decision_type=2 2 2 2 2 2 2 2 2 2 2 2 2 2 2 2 2 2 2 2 2 2 2 2 2 2 2 2 2 2 2 2 2 2 2 2 2 2 2 2 2 2 2 2 2 2 2 2 2 2 2 2 2 2
left_child=42 2 8 47 5 6 7 -5 9 21 48 30 -7 -3 -15 16 36 53 -14 20 23 49 -23 24 -11 -26 -19 37 39 45 31 51 40 34 -34 -33 -8 52 -39 -29 -32 -42 -1 44 -28 -24 -31 -4 -10 -2 -51 -12 -17 -18
right_child=1 13 3 4 -6 12 15 -9 10 19 11 -13 18 14 -16 27 17 26 -20 -21 -22 22 29 -25 25 -27 43 28 -30 46 32 35 33 -35 -36 -37 -38 38 -40 -41 41 -43 -44 -45 -46 -47 -48 -49 -50 50 -52 -53 -54 -55
leaf_value=0.0042957666059066551 -0.099437746854165093 -0.014263887482433886 -0.048897700529990797 2.9076848966331763 0.47339042565189682 0.059537583488641979 -0.031662799501121386 -0.096469132050544248 -0.010386424990494154 0.90761905802233811 -3.1920027482996489 0.018711397657047317 -0.12091794524728534 3.5214628342379091 0.005928787781491314 -2.4629051752822249 -0.21194854061069485 -0.037084568090751356 0.078613933250423887 1.6445542372602437 1.0195947348274559 -0.062571539937081241 1.1742204114443189 -0.01239159843221522 -0.10428588196648589 0.023936107162780759 0.056781631564018741 0.0196108699429162 -0.080273634215314971 -0.23694950555277827 0.025219980859606229 0.0061145588185935427 -0.008644127867560171 -0.0098373160373463366 0.001831752340751639 -0.0082575983933226224 2.8301167386684281 -0.012696052884213263 -0.47211008656381731 -0.035088395497797319 -0.020826717391713833 0.0060916641989851687 0.89632857499228258 0.059985648226666098 -0.059212507906692642 0.005877313373662864 0.0032856124108903424 -1.5135159878619524 -0.036769202518237759 -0.033502942191214267 -0.86170206721727061 -0.39784489104992427 -2.80583784760268 -0.060091080195888227
leaf_weight=35 22 28 26 26 27 28 31 28 20 24 20 22 35 24 20 29 20 23 23 21 25 21 20 22 24 23 25 34 24 23 27 24 32 37 37 22 24 22 24 28 20 23 21 28 28 39 23 25 20 22 20 20 29 20
leaf_count=35 22 28 26 26 27 28 31 28 20 24 20 22 35 24 20 29 20 23 23 21 25 21 20 22 24 23 25 34 24 23 27 24 32 37 37 22 24 22 24 28 20 23 21 28 28 39 23 25 20 22 20 20 29 20
internal_value=-0.00115274 -0.00133634 -0.00152381 -0.00235585 -0.00197842 -0.00224953 -0.00282167 0.00148148 -0.000750383 0.000334347 -0.00185185 -0.00126761 0.000697674 0.00194444 0.00454545 -0.00341902 -0.0020603 -0.00333333 -0.00137931 0.00266187 0.00169492 -0.00136842 0 0.000322581 0.00183099 -0.00106383 -0.00173077 -0.00484211 -0.0027907 0.00104762 -0.00175573 -0.00395349 -0.000681818 -0.00245283 -0.000434783 -0.000434783 0.00127273 -0.00653846 -0.00391304 -0.000967742 0.002 -0.000232558 0.00321429 -0.00037037 -0.00207547 0.00322034 -0.00173913 -0.00647059 -0.006 -0.0040625 -0.00571429 -0.008 -0.00862069 -0.0075
internal_weight=1388 1332 1260 607 556 529 443 54 653 329 324 284 86 72 44 389 199 144 58 139 118 190 126 93 71 47 104 190 86 105 262 86 176 106 69 46 55 104 46 62 70 43 56 81 53 59 46 51 40 64 42 40 58 40
internal_count=1388 1332 1260 607 556 529 443 54 653 329 324 284 86 72 44 389 199 144 58 139 118 190 126 93 71 47 104 190 86 105 262 86 176 106 69 46 55 104 46 62 70 43 56 81 53 59 46 51 40 64 42 40 58 40
is_linear=0
shrinkage=0.01


Tree=59
num_leaves=51
num_cat=0
split_feature=81 95 68 14 14 36 94 63 14 37 35 14 68 19 26 20 37 36 37 19 60 35 30 22 22 10 60 5 6 63 26 68 17 97 27 100 29 26 22 5 5 70 43 94 43 81 29 97 7 3
split_gain=8.15923 7.46029 14.1553 12.137 10.9359 11.8776 8.79222 8.16347 10.2797 7.88635 6.52947 6.35854 8.15653 15.1708 11.9196 8.37692 6.75584 10.1045 9.19064 9.00214 8.43081 10.23 9.82506 8.10537 6.07927 6.04992 5.99562 10.205 8.81667 5.9793 5.94445 5.74459 5.47146 5.12 5.07 4.9 4.82746 4.67727 7.73571 4.65867 6.23077 4.35088 4.24808 4.17579 3.88658 3.73412 2.90147 1.83492 1.78513 1.40192
threshold=5336.3846323663884 1.0000000180025095e-35 1053.9650000000004 17789.250000000004 17254.300000000003 90.250000000000014 674874.23892093764 29454.650000000005 11654.500000000002 77.250000000000014 23.075000000000006 19487.350000000002 674.72900000000016 898.80000000000007 92.750000000000014 1074.7500000000002 89.750000000000014 86.750000000000014 60.250000000000007 399.90000000000003 1469.6035000000004 25.325000000000006 76.250000000000014 93.250000000000014 78.250000000000014 32928.900000000009 848.50000000000011 4964.5400000000009 2650.5300000000002 30123.150000000005 46.750000000000007 1447.9335000000003 18.600000000000005 0.38541666666666669 88.750000000000014 0.024305555555555556 80.750000000000014 30.750000000000004 90.750000000000014 10624.590000000002 13354.695000000002 1509.0000000000002 76.630001068115249 617151.86214062513 77.604999542236342 4342.0159293825909 83.750000000000014 0.90625000000000011 296.39000000000004 13302.050000000001
decision_type=2 2 2 2 2 2 2 2 2 2 2 2 2 2 2 2 2 2 2 2 2 2 2 2 2 2 2 2 2 2 2 2 2 2 2 2 2 2 2 2 2 2 2 2 2 2 2 2 2 2
left_child=1 10 9 4 5 6 7 37 -9 -3 -1 16 14 -14 39 -16 17 18 26 -20 21 49 46 24 -24 -26 29 28 -28 -12 -11 -10 -19 -5 48 -30 -27 38 -4 -13 -41 -22 -8 -21 -15 47 -23 -33 -34 -18
right_child=-2 2 3 33 -6 -7 42 8 31 30 11 12 13 44 15 -17 20 32 19 43 41 22 23 -25 25 36 27 -29 35 -31 -32 45 34 -35 -36 -37 -38 -39 -40 40 -42 -43 -44 -45 -46 -47 -48 -49 -50 -51
leaf_value=0.52952488347312587 0.11142675819390925 4.0189518558049455 0.023619235082313041 0.023314025784279338 -0.031716303404536815 0.014371511983632091 -0.039117082416734353 0.002585284941440572 0.22529278869945843 -0.0091426156606451044 0.023973337863502132 -0.074612367630127449 -0.033416047555080264 0.13804656318924438 3.1762624502343786 -0.022622081031258564 -1.3788236803983682 -0.0073852382183210155 -0.02016866934501944 0.010106939502448517 0.63918902228653418 -1.6407637773790249 -0.21891318999272399 -3.0614838760969496 0.20805814186503063 -0.36888844034490037 -0.87397674566871841 -1.7208220274796815 0.23361856263402014 -0.055213548366453785 0.97492548331381657 -0.031346171506110174 -3.6002289205139268 0.00090738112198260812 -0.015482285824978704 -0.030830280795149524 0.037184256349865337 -0.0074205066700946988 -0.0051049585507080674 0.039389742842718171 -0.87046306747166458 -0.02983592721418863 -0.0081218502202411776 0.33075936635013092 3.3104675714689598 -0.0069617108667004999 -1.9042105716982158 -0.0032758243792480567 -0.072719448059796327 -1.9285388670074122
leaf_weight=22 23 32 28 25 34 26 20 33 27 22 21 22 23 20 20 32 32 36 34 31 24 30 31 30 39 37 20 26 24 25 25 21 24 25 30 36 32 22 20 26 26 38 32 26 22 38 26 24 26 20
leaf_count=22 23 32 28 25 34 26 20 33 27 22 21 22 23 20 20 32 32 36 34 31 24 30 31 30 39 37 20 26 24 25 25 21 24 25 30 36 32 22 20 26 26 38 32 26 22 38 26 24 26 20
internal_value=-0.00112392 -0.00122344 -0.000176211 -0.000986667 -0.00169231 -0.00106529 -0.00169811 -0.000798122 -0.00216783 0.00367089 -0.00174533 -0.00187852 -0.00026178 0.00261538 -0.00174603 0.00192308 -0.00232092 -0.0013649 -0.000205761 0.00230769 -0.00333333 -0.00407942 -0.00315556 -0.00195266 -0.000935252 0.000185185 -0.00171053 -0.00301887 -0.00125 0.00130435 0.00106383 -0.00363636 -0.0037931 0.0036 -0.00525 0.000666667 -0.0015942 0.002 0.00375 -0.00432432 -0.00269231 0 -0.00538462 0.00473684 0.00619048 -0.00493976 -0.00678571 -0.00688889 -0.0072 -0.00807692
internal_weight=1388 1365 454 375 325 291 265 213 143 79 911 889 191 65 126 52 698 359 243 91 339 277 225 169 139 108 152 106 80 46 47 110 116 50 80 60 69 70 48 74 52 62 52 57 42 83 56 45 50 52
internal_count=1388 1365 454 375 325 291 265 213 143 79 911 889 191 65 126 52 698 359 243 91 339 277 225 169 139 108 152 106 80 46 47 110 116 50 80 60 69 70 48 74 52 62 52 57 42 83 56 45 50 52
is_linear=0
shrinkage=0.01


Tree=60
num_leaves=56
num_cat=0
split_feature=42 3 97 31 72 62 11 3 67 38 46 84 79 20 10 42 64 38 21 17 22 7 64 14 39 72 3 62 37 13 72 94 19 96 6 11 3 63 37 37 13 87 6 19 6 37 79 40 32 17 13 22 38 6 2
split_gain=9.93119 6.46262 9.23922 11.0984 8.33135 15.9317 8.67432 9.18661 9.09392 10.5488 12.569 8.88739 7.82368 7.82326 7.61034 8.0148 7.2606 7.83015 9.14558 11.1515 8.29995 7.36333 7.09223 6.90051 6.35559 7.39437 10.9791 6.26863 6.21715 8.86711 5.84659 5.82151 8.79456 5.5065 6.19102 6.56877 5.46756 5.19618 5.15703 5.11244 5.08804 4.59487 4.48804 4.4521 7.32462 4.3956 4.24017 3.85333 3.43636 3.42857 3.27759 3.09594 2.75862 1.75819 1.67619
threshold=384.75000000000006 15668.300000000001 0.11458333333333336 8.9750000000000014 915.5055000000001 912.00000000000011 32185.500000000004 13197.600000000002 29633.550000000007 9.6750000000000025 103.84499740600587 698.05983333333347 280.3864438660346 2201.9000000000005 27147.350000000002 131.12500000000003 902.45000000000016 7.5750000000000011 28.625000000000004 157.35000000000005 91.250000000000014 125.46000000000002 1299.8000000000002 18363.100000000002 221.25000000000003 1688.0720000000003 14791.048500000003 910.45150000000012 41.500000000000007 2451.9000000000005 0.92650000000000021 674874.23892093764 707.75000000000011 1.0000000180025095e-35 7525.0800000000008 37224.250000000007 14154.350000000002 32186.150000000005 71.750000000000014 99.250000000000014 3454.4500000000003 0.11458333333333336 4529.9000000000005 988.70000000000016 4861.6150000000007 91.250000000000014 537.60425247855881 86.750000000000014 243.25000000000003 32.850000000000009 6706.0500000000002 84.750000000000014 7.2750000000000012 5465.1900000000014 2719.4000000000005
decision_type=2 2 2 2 2 2 2 2 2 2 2 2 2 2 2 2 2 2 2 2 2 2 2 2 2 2 2 2 2 2 2 2 2 2 2 2 2 2 2 2 2 2 2 2 2 2 2 2 2 2 2 2 2 2 2
left_child=1 4 3 30 5 13 28 8 46 10 -10 23 -7 16 -13 24 17 18 20 -20 21 -1 -17 52 25 26 36 -4 -6 -30 48 32 -14 -19 -35 -36 49 38 -28 -22 -38 45 -31 44 -29 54 -8 -23 -3 -16 -33 -45 -9 -34 -24
right_child=-2 2 27 -5 6 12 7 11 9 -11 -12 14 31 -15 15 22 -18 33 19 -21 39 47 41 -25 -26 -27 37 43 29 42 -32 50 53 34 35 -37 40 -39 -40 -41 -42 -43 -44 51 -46 -47 -48 -49 -50 -51 -52 -53 -54 -55 -56
leaf_value=-1.0758639313564222 1.4600019270792188 -0.010272080441571246 -0.51702057745502072 0.076691702052572461 -2.8090536678613272 -0.039699234196680477 1.2186666211654527 -1.0291078815457779 -0.067426921461378173 0.021787593607359611 0.0017892630869036637 0.008733781720572582 -0.063193179952106354 -4.0274114328139339 -0.064199091810835024 0.0016666545515034918 -0.039358793322032903 1.92246891742643 2.8347134269439795 -0.059264556106026406 1.9400555320335124 0.007352149613221508 -0.021710971222716865 -0.019831408341088014 -0.041614363767619039 0.016037224322876818 0.0065526270355275489 0.46831663861469819 0.22172096032515642 -2.7546811986602653 -0.62418468712083952 4.9579816040775482 0.10122812650013474 -0.083195016639913855 0.49941482476461735 -0.025299442156423602 -0.032158656607363063 -0.008889661016945492 0.037678147478644654 -0.033299827673826513 -0.02415200559749997 -0.0043401415801181363 -0.54534749629534407 -0.10956494003513141 -0.056119259538685289 -0.010519285667722722 0.010017888413410361 -0.047778415012574744 0.049948141985061929 0.0049666542227195624 1.6492449808842173 -0.009734383827725927 -4.873276851023145 3.3878773680858916 -0.0092412895150857603
leaf_weight=30 20 20 37 21 22 23 21 29 36 22 38 22 24 20 21 34 35 37 20 27 23 20 20 26 27 36 20 27 21 20 22 20 20 23 28 31 21 23 21 20 20 27 21 21 24 36 25 30 22 21 26 22 20 21 22
leaf_count=30 20 20 37 21 22 23 21 29 36 22 38 22 24 20 21 34 35 37 20 27 23 20 20 26 27 36 20 27 21 20 22 20 20 23 28 31 21 23 21 20 20 27 21 21 24 36 25 30 22 21 26 22 20 21 22
internal_value=-0.000995671 -0.0010981 -0.00268519 -0.000117647 -0.0008 0.000209205 -0.00151786 -0.00108844 0.00112676 -0.000625 -0.00243243 -0.00179372 0.00313433 -0.000930233 -0.00115903 -0.00151862 -0.000555556 -3.46021e-05 -0.00141176 0.00234043 -0.00284553 -0.00475 -0.00338129 -0.00493333 -0.000285714 0.000382514 -0.000612245 -0.00435115 -0.00452381 -0.00290323 -0.0021875 0.00423423 0.00230769 0.00193277 0.000487805 0.00220339 -0.00301205 0.0025 0.00463415 0.000697674 -0.00560976 -0.00466667 -0.00560976 -0.00297872 -0.000980392 -0.00589744 0.00478261 -0.0024 0 -0.00047619 0.00695652 -0.00534884 -0.00714286 0.00512195 -0.00809524
internal_weight=1386 1366 216 85 1150 478 672 588 142 96 74 446 134 344 371 349 324 289 170 47 123 80 139 75 210 183 147 131 84 62 64 111 65 119 82 59 83 64 41 43 41 105 41 94 51 78 46 50 42 42 46 43 49 41 42
internal_count=1386 1366 216 85 1150 478 672 588 142 96 74 446 134 344 371 349 324 289 170 47 123 80 139 75 210 183 147 131 84 62 64 111 65 119 82 59 83 64 41 43 41 105 41 94 51 78 46 50 42 42 46 43 49 41 42
is_linear=0
shrinkage=0.01


Tree=61
num_leaves=52
num_cat=0
split_feature=81 22 36 4 44 2 22 22 19 38 17 33 71 38 74 2 89 44 36 17 74 60 43 45 65 20 42 82 3 33 40 97 87 37 25 27 28 4 37 33 82 73 65 23 82 60 81 13 5 37 2
split_gain=7.57796 7.94808 10.3343 9.49092 8.44992 7.94571 7.21971 7.11111 8.29983 8.53982 7.58356 7.25637 9.65575 9.08669 8.8427 7.69747 6.90704 6.61852 7.55843 9.343 7.75941 6.18508 6.12441 5.86383 6.96587 5.74957 5.42344 6.24178 7.55714 5.27072 7.65499 10.872 9.03035 8.15843 12.3469 6.92308 5.24514 5.23657 5.10772 9.35026 4.81333 4.25579 4.24363 3.88658 3.77143 3.62963 3.01683 1.90001 1.6 1.04326 0.452174
threshold=3855.2648366648177 86.750000000000014 86.750000000000014 9803.7500000000018 4.8940000534057626 2624.0000000000005 56.750000000000007 85.750000000000014 686.00000000000011 2.6750000000000007 20.250000000000004 9.7500000000000018 1047.0500000000002 7.8250000000000011 551.71988541666678 2645.5500000000006 1605.0881437500002 6.2549998760223398 75.250000000000014 15.700000000000001 1600.3492291666669 944.05600000000015 69.409999847412124 24577.500000000004 27376.900000000005 654.4000000000002 111.72499847412111 0.017500000000000019 13606.500000000002 10.250000000000002 97.750000000000014 0.59375000000000011 0.61458333333333337 73.750000000000014 44.750000000000007 68.250000000000014 28.725000000000005 10926.815000000002 99.250000000000014 45.250000000000007 923.05000000000007 929.62700000000007 30501.400000000005 96.250000000000014 -1.0000000180025095e-35 931.92050000000006 3531.0252885185018 3049.2500000000005 4769.4850000000006 73.750000000000014 3040.3500000000008
decision_type=2 2 2 2 2 2 2 2 2 2 2 2 2 2 2 2 2 2 2 2 2 2 2 2 2 2 2 2 2 2 2 2 2 2 2 2 2 2 2 2 2 2 2 2 2 2 2 2 2 2 2
left_child=1 22 5 4 46 48 -2 11 17 -10 40 13 14 21 43 -14 29 18 -9 -20 37 -8 -1 24 -23 -7 -24 28 -28 -12 31 33 41 -31 -35 -34 42 47 39 -16 -11 44 -36 -13 -32 -41 -4 -21 -3 -17 -49
right_child=6 2 3 -5 -6 25 7 8 9 10 16 12 15 -15 38 49 -18 -19 19 20 -22 23 26 -25 -26 -27 27 -29 -30 30 32 -33 35 34 36 -37 -38 -39 -40 45 -42 -43 -44 -45 -46 -47 -48 50 -50 -51 -52
leaf_value=-0.038723649592765814 0.031166925000742151 0.21539764164457659 -1.0068470911646439 0.030135318540247879 -0.011413396961149925 -0.031837070041289432 -0.50720314375280273 0.074955661339214913 0.10542642688923788 0.0011078761578982512 -0.97422585962008201 -0.061317096601618805 -0.026101352575053489 0.051928940437918972 -0.019314512664685562 -0.084154734775721995 0.3577928590504178 0.018127361474778957 0.00083889818943595057 -0.032514060483828294 -0.001655407539885028 0.0064040960256150697 4.8053445430337627 0.0173739424603334 -0.2482299907793101 0.010540670107849147 0.58042786539405122 -0.040476597895227853 -0.0068784735266019109 0.0054292527384763927 -0.24785991429278958 0.0076553590670264005 0.12047752061555597 -0.093393275587846394 -0.010862060449516261 -0.038786703965956876 -2.2374445615316838 -1.221427355928586 -0.15554861781353277 0.10707229018109439 1.5099088456499346 -0.016488093412413127 0.20813293237132205 -5.1526520843396773 -0.22083616587317687 0.0062856420966799775 -3.8497204352800374 -0.062680693177717225 3.573594849544619 -0.033860805184697244 -2.2506528252406981
leaf_weight=20 26 20 33 39 29 27 20 21 29 30 36 20 21 26 30 26 31 39 39 29 22 22 30 28 21 20 36 39 20 29 20 35 20 28 21 32 23 24 34 27 20 31 26 22 22 27 21 26 20 29 20
leaf_count=20 26 20 33 39 29 27 20 21 29 30 36 20 21 26 30 26 31 39 39 29 22 22 30 28 21 20 36 39 20 29 20 35 20 28 21 32 23 24 34 27 20 31 26 22 22 27 21 26 20 29 20
internal_value=-0.000923521 0.000338983 -0.000909091 -0.00278689 -0.0046988 0.00172414 -0.00135659 -0.00149105 -0.000872894 -6.92841e-05 -0.000445545 -0.00263456 -0.00364407 -0.000598291 -0.00225 -0.00657895 -0.000960452 -0.00245455 -0.00325967 -0.004 -0.0053719 -0.00208791 0.00213793 -0.000704225 -0.00302326 -0.00106383 0.00296 0.00178947 0.00392857 -0.00139319 -0.000940767 0.000493827 -0.0028 -0.000866142 -0.0022449 0.000384615 0 -0.00656566 -0.000847458 0.00047619 0.0032 -0.00506849 0.00191489 -0.00619048 -0.00714286 0.00296296 -0.00703704 -0.00786667 0.005 -0.00854545 -0.00913043
internal_weight=1386 354 209 122 83 87 1032 1006 653 433 404 353 236 117 160 76 354 220 181 160 121 91 145 71 43 47 125 95 56 323 287 162 125 127 98 52 70 99 118 84 50 73 47 42 42 54 54 75 40 55 46
internal_count=1386 354 209 122 83 87 1032 1006 653 433 404 353 236 117 160 76 354 220 181 160 121 91 145 71 43 47 125 95 56 323 287 162 125 127 98 52 70 99 118 84 50 73 47 42 42 54 54 75 40 55 46
is_linear=0
shrinkage=0.01


Tree=62
num_leaves=54
num_cat=0
split_feature=3 97 90 51 20 62 68 80 20 6 3 68 67 16 30 2 98 57 68 1 26 4 30 77 26 16 43 26 20 62 37 73 89 14 98 37 35 88 37 16 88 90 28 37 93 89 93 62 3 20 34 93 4
split_gain=6.88384 10.2948 8.45432 8.17929 7.20797 6.2474 11.5868 13.577 12.0798 10.3315 10.0137 9.32981 9.09493 8.66776 7.97149 8.47477 7.91393 6.9515 17.9059 6.87619 6.43398 6.42103 6.7529 7.33333 6.34496 6.77321 6.20887 6.19648 6.04428 6.16062 6.89655 6.56239 7.22018 7.38947 6.86211 6.03054 6.59926 8.81132 5.77764 5.73019 5.6187 5.43763 5.00091 5.92705 4.47018 4.32093 4.31002 4.22754 3.93156 3.66288 2.35577 1.96 0.419048
threshold=15668.300000000001 0.11458333333333336 2179.2361500000006 1.0000000180025095e-35 870.40000000000009 889.31700000000012 1065.5325000000003 35691.42673611112 2971.6500000000001 3364.6550000000002 15503.125500000002 1250.2500000000002 27322.350000000002 5846.9500000000007 95.250000000000014 3080.2560000000008 0.24652777777777782 -0.22252093395631442 888.66700000000003 17796.431000000004 65.250000000000014 2098.9450000000002 30.750000000000004 3899.0406976205813 12.750000000000002 6421.8000000000011 81.090000152587905 99.750000000000014 2477.9000000000001 1299.8000000000002 83.750000000000014 1011.5380000000001 1184.9996437500001 13872.200000000003 0.69791666666666674 97.750000000000014 26.175000000000004 5774.506875 83.250000000000014 5554.4000000000005 10102.716875000002 1409.3635500000003 27.075000000000006 98.250000000000014 421.49394736842106 1184.9996437500001 414.1830263157895 1128.9140000000004 14513.150000000001 1645.3500000000001 85.750000000000014 415.73035603715175 6773.3850000000011
decision_type=2 2 2 2 2 2 2 2 2 2 2 2 2 2 2 2 2 2 2 2 2 2 2 2 2 2 2 2 2 2 2 2 2 2 2 2 2 2 2 2 2 2 2 2 2 2 2 2 2 2 2 2 2
left_child=3 2 4 5 -2 10 7 9 11 -7 12 16 27 17 47 -16 -8 18 26 20 24 -13 23 -23 25 -15 -14 39 29 30 -24 34 33 -33 -31 36 -3 51 -22 -1 -26 -6 43 -19 -35 -20 -40 -11 -34 -5 -44 -38 -49
right_child=1 35 -4 49 41 6 8 -9 -10 14 -12 21 13 19 15 -17 -18 42 45 -21 38 22 28 -25 40 -27 -28 -29 -30 31 -32 32 48 44 -36 -37 37 -39 46 -41 -42 -43 50 -45 -46 -47 -48 52 -50 -51 -52 -53 -54
leaf_value=0.024672460870856009 -0.49298115946535936 0.015273280248730765 0.061229074452419388 -1.1083724212495445 0.040107047984471594 -0.021867869161167119 -0.040671175056111925 -0.056514807964099217 0.0066915402760189258 1.2221709636284452 0.21376656864933677 0.0096020897319748118 3.5610226283812438 -0.66284293302243358 -0.06209346133758626 2.3155955677429199 -0.08931747886052388 -0.42073066507670315 -3.2890548180589763 -1.0527933326236616 -0.017619968302925001 -0.041261076550909652 -0.01171635273579359 -0.0010465670651301948 -0.0068041304307489897 0.021202631050508014 -0.025201853080395489 0.96611071003965765 -0.011557941876348057 -0.017350381013110736 0.044283648857522576 0.0033062520519419026 -0.011299262991538425 -0.021705203666997616 0.010478014341264068 -0.070578233034574792 -0.058998631568906647 -0.02144879074656519 2.2684642363345779 -0.99677862025299735 -0.067613386862901109 -0.16645370466002901 -1.6820446402730573 -0.018398581578678498 0.0011475400996811423 -0.055479448408466345 0.0093178531850473933 3.8046232447167894 -0.006800242342206113 -4.1100301252840881 -5.1749005073643755 -0.12329555869692037 8.9987780068394727
leaf_weight=25 22 20 22 26 21 20 23 27 28 22 24 25 23 26 37 21 32 21 31 21 38 27 29 22 28 27 22 24 32 37 29 30 21 38 20 32 25 34 26 21 22 20 20 26 27 27 22 22 29 20 32 20 20
leaf_count=25 22 20 22 26 21 20 23 27 28 22 24 25 23 26 37 21 32 21 31 21 38 27 29 22 28 27 22 24 32 37 29 30 21 38 20 32 25 34 26 21 22 20 20 26 27 27 22 22 29 20 32 20 20
internal_value=-0.000952381 -0.00259259 0.000117647 -0.000649573 -0.00174603 -0.000480427 0.000194175 0.00242604 -0.00064588 0.00366197 -0.00130435 -0.00106888 -0.00161826 -0.00218447 0.0047541 0.00206897 -0.00490909 -0.00366337 -0.00184466 -0.000761905 -0.00015873 -0.000491803 -0.00085044 -0.00428571 -0.00184466 0.000566038 0.00288889 0.00171429 -0.000273973 0.000230769 0.00310345 -0.000594059 -0.00172414 -0.000105263 0.0022807 -0.00435115 -0.00313131 -0.00443038 0.00186047 -0.000434783 -0.0044 0.000731707 -0.00555556 -0.00319149 -0.002 -0.00551724 0.00416667 0.0071875 -0.0048 -0.00478261 -0.00769231 -0.00733333 0.00904762
internal_weight=1386 216 85 1170 63 1124 618 169 449 142 506 421 482 412 122 58 55 202 103 210 189 366 341 49 103 53 45 70 292 260 58 202 145 95 57 131 99 79 86 46 50 41 99 47 65 58 48 64 50 46 52 45 42
internal_count=1386 216 85 1170 63 1124 618 169 449 142 506 421 482 412 122 58 55 202 103 210 189 366 341 49 103 53 45 70 292 260 58 202 145 95 57 131 99 79 86 46 50 41 99 47 65 58 48 64 50 46 52 45 42
is_linear=0
shrinkage=0.01


Tree=63
num_leaves=53
num_cat=0
split_feature=61 13 79 81 45 80 45 81 31 81 37 82 45 14 24 20 98 74 27 29 25 0 28 25 2 81 81 38 27 13 61 14 25 93 28 93 76 98 98 25 98 69 82 83 10 37 70 43 81 31 24 38
split_gain=8.55414 7.82507 12.6639 5.988 5.24478 8.82331 7.89175 5.26986 12.7409 8.47013 8.09059 7.41899 8.46887 6.98533 6.52967 6.40533 8.94473 8.28129 6.62039 8.50669 8.32276 7.68003 7.34297 6.60939 6.3671 5.98917 5.21178 6.90563 6.38188 5.56522 5.53009 5.43441 7.1697 5.14286 5.72727 4.79891 5.68672 8.05648 9.1954 4.46557 7.20629 7.23573 6.22044 4.2407 3.97374 6.72354 3.80428 3.68134 3.20051 3.17357 2.5 1.94216
threshold=36178.200000000004 12936.100000000002 593.25025366422835 4133.4101707823311 25265.000000000004 33233.03229166667 24947.500000000004 3849.1576979230031 3.6750000000000003 4715.7025718233172 97.250000000000014 0.0095000000000000102 24552.500000000004 16698.700000000004 12.275000000000002 943.40000000000009 0.37847222222222227 1258.8436250000002 80.250000000000014 71.750000000000014 194.00000000000003 30238.650000000005 27.025000000000002 31.250000000000004 2451.5000000000005 3978.7396199174923 4441.8903730765942 7.625 35.750000000000007 3525.6000000000008 30884.200000000004 13503.350000000002 137.75000000000003 410.74342105263162 26.825000000000006 407.64358974358981 41087.19062500001 0.045138888888888895 0.32291666666666669 64.250000000000014 0.038194444444444454 35238.000000000007 50.713499999999961 2198.599999999999 27955.750000000004 98.750000000000014 1357.7240000000002 95.33499908447267 4051.3922906507528 9.4250000000000025 7.7250000000000005 5.7750000000000012
decision_type=2 2 2 2 2 2 2 2 2 2 2 2 2 2 2 2 2 2 2 2 2 2 2 2 2 2 2 2 2 2 2 2 2 2 2 2 2 2 2 2 2 2 2 2 2 2 2 2 2 2 2 2
left_child=1 4 3 -3 6 -6 7 15 10 11 13 14 24 -9 26 16 18 50 20 -20 22 -21 23 -1 -13 -26 27 28 29 -10 -29 -32 -33 34 -18 -2 37 -37 43 42 -41 -42 -7 -39 -27 46 -46 48 -30 -16 -17 -48
right_child=35 2 -4 -5 5 39 -8 8 9 -11 -12 12 -14 -15 49 17 33 -19 19 21 -22 -23 -24 -25 25 44 -28 30 47 -31 31 32 -34 -35 -36 36 -38 38 -40 40 41 -43 -44 -45 45 -47 51 -49 -50 -51 -52 -53
leaf_value=-0.0173120315788826 0.0039621820908778017 3.3534930195828627 2.9271488390350191 -0.617494957745783 1.8397732094419934 -0.037249416855945267 -1.0210996099216618 0.0053770761694654622 0.0052747739718520918 0.010484318271180085 0.44582656657112424 -0.06434342129088752 -0.023222154980055646 -0.037810606661445027 -1.0798238210729618 -0.011852638525803864 -0.030275377490071143 0.033953023558206417 1.5626745621937312 -1.9768347538643638 3.6135475226350535 -0.049354658978035613 -0.98681083405046732 0.062896461412973018 -0.037490585790546788 -0.8756395633481876 -0.12206260310995116 0.17810772380570938 -0.028390854380666602 -0.020017710663525347 0.014997255027153378 -0.028861301496699358 0.0067281969366159294 -0.1549457105772413 0.025892512024938027 0.017906674790439673 -0.91107255735627346 -0.011404347182003387 0.00083494995401269337 -1.3750550912874233 -0.00045291120367801625 0.089660999513977893 0.0024219761717833052 -2.3062234077108208 0.0064693626950724529 -0.018001735296906702 0.039875629870227469 -0.023040072799612107 -0.34258668610912812 -0.016404139394835218 0.025985149938290597 0.038140888224717812
leaf_weight=20 23 21 28 26 29 28 21 34 23 25 39 26 23 23 29 20 28 36 22 26 20 31 21 37 36 24 36 22 24 23 20 22 20 20 22 35 31 24 29 20 36 26 23 34 20 22 20 35 26 34 20 23
leaf_count=20 23 21 28 26 29 28 21 34 23 25 39 26 23 23 29 20 28 36 22 26 20 31 21 37 36 24 36 22 24 23 20 22 20 20 22 35 31 24 29 20 36 26 23 34 20 22 20 35 26 34 20 23
internal_value=-0.000894661 -0.000595041 0.00253333 -0.000638298 -0.000801762 0.000864198 -0.00107914 -0.000945378 -0.00147854 -0.00208255 0.001875 -0.0023622 -0.000824742 -0.000526316 -0.0033121 9.28793e-05 -0.000688259 0.00263158 0.000508475 -0.00164557 0.0022449 -0.00368421 0.000769231 0.00263158 -5.84795e-05 0.000758621 -0.00258964 -0.002 -0.00343511 -0.000434783 0.000238095 -0.00129032 -0.00333333 -0.00371429 -0.002 -0.00295455 -0.00359477 -0.00262295 -0.00425287 -0.000225564 0.00121951 0.00290323 -0.00254902 -0.00655172 0.00192661 0.00294118 0.00460317 -0.00505882 -0.0068 -0.00619048 -0.0005 0.00627907
internal_weight=1386 1210 75 47 1135 162 973 952 629 533 96 508 194 57 314 323 247 76 177 79 98 57 78 57 171 145 251 215 131 46 84 62 42 70 50 176 153 122 87 133 82 62 51 58 109 85 63 85 50 63 40 43
internal_count=1386 1210 75 47 1135 162 973 952 629 533 96 508 194 57 314 323 247 76 177 79 98 57 78 57 171 145 251 215 131 46 84 62 42 70 50 176 153 122 87 133 82 62 51 58 109 85 63 85 50 63 40 43
is_linear=0
shrinkage=0.01


Tree=64
num_leaves=51
num_cat=0
split_feature=81 100 35 19 98 86 35 2 11 44 74 11 38 2 25 19 58 88 30 100 100 8 70 45 98 81 86 38 61 35 31 61 81 73 5 25 25 81 97 28 100 39 35 74 3 0 98 25 31 70
split_gain=9.15069 13.0727 10.2225 12.8685 8.56358 11.5158 7.17668 6.84426 7.31429 7.67638 6.49317 5.50416 5.58379 6.18273 12.2921 9.72814 5.78434 9.68 4.95238 4.65712 8.98067 8.65259 8.58139 7.87278 7.04348 7.01714 8.58495 13.104 9.65047 6.80819 10.9991 6.14967 6.88911 6.12267 9.85641 6.06684 9.44967 5.85317 5.28219 6.80006 7.47312 7.09246 5.15703 5.05974 6.62394 4.02042 3.98629 2.32981 1.79147 1.67828
threshold=3757.7546511873838 0.49652777777777785 27.825000000000006 1044.0000000000002 0.37847222222222227 679.50000000000011 26.175000000000004 3581.0250000000005 43968.950000000004 2.8545000553131108 281.5213854166667 29986.300000000003 2.7250000000000005 3442.9095000000002 139.25000000000003 1757.3000000000002 -0.5 6035.8839583333338 88.250000000000014 0.22569444444444445 0.10763888888888891 418.56958748221911 1087.9380000000003 23066.000000000004 0.19097222222222224 4624.7722290322736 382.91450000000003 11.800000000000002 30919.850000000002 25.325000000000006 10.975000000000001 31851.950000000001 4050.0062933959384 811.01800000000014 3963.6250000000005 139.25000000000003 76.750000000000014 4428.3072924038597 0.28125000000000006 29.275000000000002 0.46875000000000006 198.25000000000003 26.825000000000006 985.99948958333346 13606.500000000002 30406.750000000004 0.35763888888888895 114.00000000000001 9.0750000000000011 0.94650000000000001
decision_type=2 2 2 2 2 2 2 2 2 2 2 2 2 2 2 2 2 2 2 2 2 2 2 2 2 2 2 2 2 2 2 2 2 2 2 2 2 2 2 2 2 2 2 2 2 2 2 2 2 2
left_child=1 2 3 4 5 6 -1 11 9 -9 -3 -2 16 19 15 -15 -13 -18 -8 20 25 22 29 -22 -24 26 33 28 -28 -21 35 -30 -33 -14 -35 36 -31 46 39 40 -37 -42 -34 -25 -45 -6 -23 -38 -39 -12
right_child=7 10 -4 -5 45 -7 18 8 -10 -11 49 12 13 14 -16 -17 17 -19 -20 21 23 37 24 43 -26 -27 27 -29 31 30 -32 32 42 34 -36 38 47 48 -40 -41 41 -43 -44 44 -46 -47 -48 -49 -50 -51
leaf_value=0.058974739705390869 -2.1805819761723515 0.00037154865822944586 0.13669574349297126 0.030974987178868194 -0.010207570625236959 0.71464443205514627 -0.79621927261893022 -0.001661151085205909 -0.034003173381374339 0.46237196870700381 1.5526141175665162 -0.011435147814487302 -0.013228828997931194 0.047595539827303988 -1.1060674844439649 -0.85726904813873961 -0.0085069584503661352 0.9335435236675762 -2.442917291920903 -0.87649432978034558 0.43741732274752615 0.0077321033938085324 1.2690149227546212 0.013055777739662783 -0.019959286854234051 0.0091246599524078854 0.0039789895610882909 0.013362619950295409 -0.049630471454307802 -0.0088973839842404374 0.055815557326095895 0.0065644825250888925 -0.00242389309487641 -0.013946298829016188 -0.051924721656563227 0.50335030277319714 -3.3091165832357379 -2.3249165316100169 -0.078769388911288526 -0.093354464947161292 1.0511953441107651 -0.019007812668771506 -0.063184765814116389 0.09502837461523593 -0.029080656987978522 -0.39840380231052636 -0.010453203306699221 -0.11978897334576089 -0.68557966693976924 5.4757026891799887
leaf_weight=35 32 23 26 30 20 22 28 37 20 33 20 29 28 22 30 20 25 25 24 26 33 20 23 35 23 35 37 22 30 35 26 31 20 26 39 25 28 25 25 38 25 36 21 24 38 23 21 25 21 21
leaf_count=35 32 23 26 30 20 22 28 37 20 33 20 29 28 22 30 20 25 25 24 26 33 20 23 35 23 35 37 22 30 35 26 31 20 26 39 25 28 25 25 38 25 36 21 24 38 23 21 25 21 21
internal_value=-0.000909091 0.000735294 -0.000480769 -0.00131868 -0.0025 -0.00100917 -0.00264368 -0.00131059 0.00133333 0.00285714 0.0046875 -0.00154297 -0.00141129 -0.00163198 -0.00444444 -0.000952381 0.00113924 0.0032 -0.005 -0.0013912 -0.000644391 -0.0021327 -0.00140299 0.00153846 0.0026087 -0.0016263 -0.00220472 -0.000807453 -0.00194245 -0.00204152 -0.00155894 -0.00352941 -0.00194444 -0.00462366 -0.00630769 -0.00223629 -0.00431818 -0.00494253 -0.00100671 -0.00016129 0.00139535 -0.000491803 -0.00463415 0.000103093 -0.0016129 -0.00627907 -0.00219512 -0.00698113 -0.0073913 0.00707317
internal_weight=1386 272 208 182 152 109 87 1114 90 70 64 1024 992 913 72 42 79 50 52 841 419 422 335 130 46 289 254 161 139 289 263 102 72 93 65 237 88 87 149 124 86 61 41 97 62 43 41 53 46 41
internal_count=1386 272 208 182 152 109 87 1114 90 70 64 1024 992 913 72 42 79 50 52 841 419 422 335 130 46 289 254 161 139 289 263 102 72 93 65 237 88 87 149 124 86 61 41 97 62 43 41 53 46 41
is_linear=0
shrinkage=0.01


Tree=65
num_leaves=57
num_cat=0
split_feature=16 24 11 24 97 37 41 33 21 13 24 11 81 20 8 14 21 16 93 67 13 6 2 14 13 68 74 43 33 63 20 16 83 81 67 63 70 77 11 43 38 83 67 67 33 20 33 45 11 83 81 23 34 21 22 93
split_gain=6.6059 6.6167 8 7.33961 7.04527 5.88506 5.44603 5.75031 8.29693 8.23601 10.1173 10.0762 7.6416 12.4449 7.34935 7.98774 8.51669 7.94628 9.31879 7.72221 7.79175 8.85642 10.6575 12.6358 7.73689 7.77778 7.3035 7.16772 7.33333 7.00105 6.97154 8.28862 8.9966 7.44092 7.04348 6.62454 6.37317 5.97154 8.13842 9.00252 5.94449 5.63268 5.25455 7.31429 4.9 4.80571 4.75955 4.49349 3.86551 3.7984 3.79282 3.6878 3.6 3.50303 2.27273 2.23184
threshold=1477.95 3.3250000000000006 38042.900000000009 4.0750000000000011 0.072916666666666671 86.250000000000014 115.25000000000001 198.25000000000003 26.875000000000004 11469.400000000001 7.8250000000000011 39445.700000000004 3556.2332558008825 493.10000000000008 422.61828947368429 12928.900000000001 17.525000000000002 5566.7500000000009 424.60864864864874 28115.800000000007 9204.2500000000018 4618.0150000000003 2597.5000000000005 15038.150000000001 3295.9500000000003 1447.9335000000003 1007.15396875 74.655002593994155 128.75000000000003 28772.250000000004 179.50000000000003 5911.5000000000009 2161.3999999999983 4027.9048821484198 32174.000000000004 29753.500000000004 1400.9750000000001 3679.5642629641766 35254.55000000001 80.104999542236342 6.575000000000002 1870.8999999999962 32678.050000000003 34004.100000000006 75.250000000000014 805.25000000000011 41.750000000000007 22806.000000000004 36582.700000000004 1874.8500000000006 4248.6115381183427 97.250000000000014 44.250000000000007 24.775000000000002 89.250000000000014 415.82210526315794
decision_type=2 2 2 2 2 2 2 2 2 2 2 2 2 2 2 2 2 2 2 2 2 2 2 2 2 2 2 2 2 2 2 2 2 2 2 2 2 2 2 2 2 2 2 2 2 2 2 2 2 2 2 2 2 2 2 2
left_child=-1 2 5 4 -3 -2 7 8 9 14 -11 -12 13 -10 15 16 52 18 -16 36 21 22 41 55 25 -23 -25 -26 29 -29 -18 34 33 -33 -32 51 47 40 -39 -40 -9 -21 -37 -44 -6 -45 -31 -17 -8 -28 -47 -14 -5 -22 -34 -24
right_child=1 3 -4 6 44 -7 48 37 12 10 11 -13 35 -15 17 19 30 -19 -20 20 53 24 23 26 27 -27 49 28 -30 46 31 32 54 -35 -36 42 -38 38 39 -41 -42 -43 43 45 -46 50 -48 -49 -50 -51 -52 -53 -54 -55 -56 -57
leaf_value=-1.0294029568052272 -0.019248436686431006 -0.0021267412478722025 0.0065397870245619385 -0.97736728066212342 0.018054520440428264 -0.13299626820518104 -0.030321685442107334 0.025118552906195361 -0.15589280919086443 3.0816130926434826 0.13105316495237371 -0.011612009239158744 -0.032434258225121963 1.7684538941300938 -0.049557420285136759 -0.038955220948679287 -0.44749712889816962 -0.012584378495999249 0.0031222192725774466 -0.37338630288648644 -0.12266550116455861 1.8904155810304069 0.030896853845325607 0.011085014053777988 -0.08122164281106814 0.0013068678244949796 -0.0058399537794486568 -0.013304790370686896 -0.068718294130811167 0.33661281247549085 -0.0060364135493351 -0.013806224130560625 -0.0029417074886048632 0.025146211273381316 0.73717229872453371 -0.42971271557949964 0.82948643126912203 -0.65072553285458401 -0.05726254586270086 6.4819307585633625 3.2242711261051791 -0.021084838082897309 0.016337470413911627 -0.64960932507934621 1.3956015490019551 0.047759538210808881 2.1384909512189827 0.039623538392921119 -0.57621974125160269 -0.22972838514325111 -0.49210009055693732 -6.9369318068764452 -1.788475861595116 -0.015307339760069868 -0.090400803567632859 0.012848786108426507
leaf_weight=27 25 27 27 20 20 29 20 34 34 20 21 35 20 20 30 27 24 34 25 29 24 21 20 20 37 24 32 20 22 22 23 21 22 29 23 20 31 22 27 20 25 23 20 20 20 24 24 37 21 22 26 21 20 20 22 27
leaf_count=27 25 27 27 20 20 29 20 34 34 20 21 35 20 20 30 27 24 34 25 29 24 21 20 20 37 24 32 20 22 22 23 21 22 29 23 20 31 22 27 20 25 23 20 20 20 24 24 37 21 22 26 21 20 20 22 27
internal_value=-0.000657143 -0.000560816 -0.00333333 -0.000386997 0.00283582 -0.00555556 -0.000563265 -0.000439189 -0.000681818 -0.000246769 0.00289474 0.000714286 -0.0024878 0.000740741 -0.000554839 -0.000204082 -0.00186275 -0.00325843 -0.000909091 0.000497925 -0.000129199 0.000379009 -0.00121387 0.000413223 0.002 0.00555556 -0.00216216 0.00072 0.00227273 0.00393939 -0.000853659 0 -0.00170213 0.0012 0.00347826 -0.00364238 0.00305263 0.0015625 -0.000434783 0.00191489 0.00389831 -0.005 -0.00236364 -0.00133333 0.0055 -0.00285714 0.00608696 0.00125 -0.00414634 -0.00407407 -0.0012 -0.00707317 -0.006 -0.00409091 -0.005 0.00446809
internal_weight=1400 1373 81 1292 67 54 1225 1184 1056 851 76 56 205 54 775 686 204 89 55 482 387 343 173 121 170 45 74 125 88 66 164 140 94 50 46 151 95 128 69 47 59 52 110 90 40 70 46 64 41 54 50 41 40 44 44 47
internal_count=1400 1373 81 1292 67 54 1225 1184 1056 851 76 56 205 54 775 686 204 89 55 482 387 343 173 121 170 45 74 125 88 66 164 140 94 50 46 151 95 128 69 47 59 52 110 90 40 70 46 64 41 54 50 41 40 44 44 47
is_linear=0
shrinkage=0.01


Tree=66
num_leaves=53
num_cat=0
split_feature=16 16 30 21 1 39 16 72 36 13 31 88 24 68 66 27 90 35 30 35 86 72 13 1 83 68 1 27 40 37 24 16 1 83 91 3 46 83 28 29 93 31 37 90 93 44 3 66 37 28 20 6
split_gain=7.89701 7.77279 8.54608 11.4594 16.335 10.182 9.75087 10.0255 12.4455 8.60166 7.91012 9.22911 7.63348 7.46576 8.22735 7.46839 7.30078 7.225 7.79122 7.12112 8.74402 10.1645 9.53196 9.02929 7.95789 9.49482 7.36291 6.61532 6.34208 6.33626 6.16491 10.1215 5.94532 5.83991 7.42059 5.54837 5.34166 9.75451 7.29491 10.0869 6.76692 5.06797 4.61742 6.38751 9.147 5.82165 2.85172 2.67442 2.5 1.85986 1.03404 0.444444
threshold=6502.7000000000007 6114.7500000000009 95.250000000000014 26.975000000000005 16153.400000000001 218.75000000000003 2870.3000000000006 863.8325000000001 74.750000000000014 7808.4000000000005 5.5250000000000012 8259.0756250000013 8.4250000000000025 1425.8500000000001 1602.2500000000002 58.250000000000007 1384.5289500000003 27.525000000000002 80.250000000000014 27.425000000000004 0.78700000000000003 552.08900000000017 11373.950000000003 18285.659500000005 1911.399999999998 1447.9335000000003 14755.650000000003 91.250000000000014 91.750000000000014 98.750000000000014 13.725000000000001 4335.0500000000011 14748.250000000002 1925.8999999999999 32539.896481250002 13773.200000000003 103.00500106811525 2065.4000000000001 30.075000000000006 87.750000000000014 411.15057275541801 8.8750000000000018 99.750000000000014 1620.4576500000005 404.688253968254 3.9344999790191655 13349.573500000002 888.66700000000003 53.250000000000007 28.225000000000005 1527.5500000000002 5328.170000000001
decision_type=2 2 2 2 2 2 2 2 2 2 2 2 2 2 2 2 2 2 2 2 2 2 2 2 2 2 2 2 2 2 2 2 2 2 2 2 2 2 2 2 2 2 2 2 2 2 2 2 2 2 2 2
left_child=1 2 6 4 5 13 -1 10 48 -5 27 -12 -6 15 28 30 -16 18 42 20 21 22 -2 -24 25 -22 -21 47 50 -17 31 -4 -26 -28 -35 -18 38 41 39 46 -39 -38 43 44 -10 -46 -3 -8 -9 -11 -15 -48
right_child=19 36 3 9 12 -7 7 8 17 49 11 -13 -14 14 16 29 35 -19 -20 26 24 -23 23 -25 32 -27 33 -29 -30 -31 -32 -33 -34 34 -36 -37 37 40 -40 -41 -42 -43 -44 -45 45 -47 51 -49 -50 -51 -52 -53
leaf_value=-0.93781963326019879 -0.10011896781436437 -0.3195851372991827 -0.11166037428005393 -0.0024307754812482865 1.8213054981605279 0.017483579716694401 1.8696948142205834 0.0066120379270098043 -0.36965243985762158 -0.56868965779492386 0.47506568856934278 -0.060938935837385355 -0.0018491624559115267 -0.22444852487667125 0.010585496093478662 -0.19181163719504196 -0.0021462508520875057 0.050111573507316633 0.0072263698260045519 0.011839824197996507 -0.032147530403187637 0.84966778637033558 3.3719018808848125 -0.011495889146767161 0.12401356726008315 0.0009803512493508958 0.071599224332303035 0.21429696783124108 -0.013798410538530051 -0.0082670078357326808 -0.08096306410820954 0.2290499921464475 -0.0043168942072329556 -0.083814225965329461 -0.024856128719516021 -0.02086061454399487 0.049590344083018892 0.0024601619099088572 0.013703100058990208 -0.0020344924652725871 -0.17225916914140244 -0.0034765487187859538 -0.029466213277320696 -0.11658102754445687 0.76346391465155594 -0.012445353980836682 -0.054382995612778873 4.3810952715832103 0.43152634207414869 -7.3074260966834377 -3.3957950274714781 -0.21171943531086587
leaf_weight=32 25 23 26 31 33 33 20 20 27 22 33 29 30 20 28 21 22 20 38 20 25 37 24 23 22 32 29 28 20 39 22 38 24 30 34 21 25 21 22 33 36 23 20 33 22 20 20 23 20 29 27 25
leaf_count=32 25 23 26 31 33 33 20 20 27 22 33 29 30 20 28 21 22 20 38 20 25 37 24 23 22 32 29 28 20 39 22 38 24 30 34 21 25 21 22 33 36 23 20 33 22 20 20 23 20 29 27 25
internal_value=-0.000842857 -0.00125581 -0.00081464 -0.0017316 -0.001 -0.00192429 0.000285714 0.000764873 -0.000545455 -0.00512195 0.00293233 0.000322581 0.00365079 -0.00253521 -0.0042029 -0.000958904 -0.00183099 -0.00166667 -0.002375 0.000523077 0.00160377 0.00357798 0.00138889 0.00404255 -0.000485437 -0.00298246 -0.00150442 0.00521127 -0.00671642 -0.00366667 0.000930233 0.0025 0.0026087 -0.00268817 -0.004375 -0.0044186 -0.00289474 -0.0012381 -0.00430894 -0.00544554 -0.00403509 0.00208333 -0.00360656 -0.0027451 -0.00101449 0.00190476 -0.00764706 0.00767442 0.0045 -0.00764706 -0.0087234 -0.00911111
internal_weight=1400 1075 847 462 380 317 385 353 220 82 133 62 63 284 138 146 71 180 160 325 212 109 72 47 103 57 113 71 67 60 86 64 46 93 64 43 228 105 123 101 57 48 122 102 69 42 68 43 40 51 47 45
internal_count=1400 1075 847 462 380 317 385 353 220 82 133 62 63 284 138 146 71 180 160 325 212 109 72 47 103 57 113 71 67 60 86 64 46 93 64 43 228 105 123 101 57 48 122 102 69 42 68 43 40 51 47 45
is_linear=0
shrinkage=0.01


Tree=67
num_leaves=55
num_cat=0
split_feature=42 69 11 35 26 41 21 74 7 41 36 8 90 28 6 36 83 34 80 4 80 45 90 8 3 73 92 89 79 69 86 11 87 74 28 72 4 13 6 69 27 41 59 22 27 4 42 5 14 27 16 17 7 3
split_gain=10.146 7.86778 12.2337 11.7957 10.6501 12.2025 11.52 8.99812 8.34086 8.23117 7.57349 7.39871 6.89726 6.90057 10.0894 8.68598 6.42077 6.37368 6.33998 10.5166 9.2091 6.97324 8.94954 6.92528 6.83761 7.38462 6.33626 6.27513 6.04029 6.03592 5.40487 5.33968 5.14795 5.12426 5.70417 5.18123 8.98068 5.12121 5.37568 5.0623 4.9 4.725 5.64888 4.5508 4.06 4.03189 4 3.91068 5.34964 2.62811 2.17425 1.6 0.951452 0.486275
threshold=384.75000000000006 30792.700000000001 35907.30000000001 27.775000000000002 129.25000000000003 82.750000000000014 24.175000000000004 1164.9961145833336 181.67500000000004 115.25000000000001 84.750000000000014 405.44100793650802 478.06605000000008 29.225000000000005 10743.565000000001 84.750000000000014 2376.0499999999979 98.750000000000014 35426.638194444451 3184.0500000000006 38467.45798611112 23444.000000000004 1508.7019500000004 418.1136842105264 14594.85 1334.6255000000003 22963.853593750009 1507.06749375 561.09580890457892 32357.800000000007 0.10100000000000002 38059.500000000007 0.21875000000000003 1071.4945000000002 21.025000000000002 1011.3385000000001 3009.0850000000005 7685.2500000000009 5436.1850000000004 28735.500000000004 32.250000000000007 78.750000000000014 1.0000000180025095e-35 93.250000000000014 96.750000000000014 9442.3800000000028 231.30000305175784 3912.7500000000005 12448.200000000003 62.750000000000007 5654.8000000000002 124.05000000000003 1622.4000000000003 13985.400000000001
decision_type=2 2 2 2 2 2 2 2 2 2 2 2 2 2 2 2 2 2 2 2 2 2 2 2 2 2 2 2 2 2 2 2 2 2 2 2 2 2 2 2 2 2 2 2 2 2 2 2 2 2 2 2 2 2
left_child=1 4 3 7 5 8 46 16 10 12 33 -10 -4 14 18 -15 50 47 19 24 41 31 23 -23 -14 -26 -18 52 -16 -25 -8 -21 -24 34 -1 -35 -37 38 -13 -6 -36 42 -20 49 -29 -32 -7 -9 -49 -12 53 -43 -17 -3
right_child=-2 2 9 -5 39 6 30 17 11 -11 43 37 13 15 28 27 26 -19 20 21 -22 22 32 29 25 -27 -28 44 -30 -31 45 -33 -34 35 40 36 -38 -39 -40 -41 -42 51 -44 -45 -46 -47 -48 48 -50 -51 -52 -53 -54 -55
leaf_value=2.2721712049683811 1.4387824267158269 -2.8329084217017133 0.054863020066227473 0.035254801248905863 1.9750059425001951 -0.4900144165030676 -0.034933949345422904 -0.049164351274779236 1.133545733240753 -0.57024893769364671 -0.08015343346712743 -0.0016047606294645376 -0.0024519070577624837 0.047818646017006416 2.0604845310625568 -6.9913102863855343 -0.23021823672351793 0.029740943781526218 0.018602191676074045 -0.032206246873328279 0.032904775953801341 0.0042183900838986196 -0.0012447647817309978 -0.00013863086291853954 0.93690753914247416 0.00092573959695831044 -0.013894438062549029 0.029043769909099626 -0.0063515169642094143 -0.086043838063407208 -0.061641815703075115 -0.003496974840254824 0.054939061937073104 -0.031826055099155759 -0.58046833250352481 0.017734384730228165 -0.0065278414350511673 -0.092863285467474646 0.78037112988072554 5.6920867230761143 0.087404063360879011 -0.11787915851012853 -0.010264424030784933 -0.0026098999872429165 -0.12771878809227966 0.072421608737970614 -0.066828323066359385 0.0069971194046515662 -0.083922098025592459 -0.061174835764366449 -0.28866770255736468 -3.8360537760996185 -3.2485932798909962 -4.0731364464947131
leaf_weight=24 20 31 20 38 23 25 21 24 25 21 20 21 39 23 38 21 21 20 23 24 28 24 34 21 39 39 39 22 20 36 31 21 32 21 20 36 33 22 23 21 20 20 33 31 21 23 20 22 21 23 22 20 20 20
leaf_count=24 20 31 20 38 23 25 21 24 25 21 20 21 39 23 38 21 21 20 23 24 28 24 34 21 39 39 39 22 20 36 31 21 32 21 20 36 33 22 23 21 20 20 33 31 21 23 20 22 21 23 22 20 20 20
internal_value=-0.00107143 -0.00117391 -0.00172798 -0.00356589 -0.000144928 -0.000615034 -0.00333333 -0.00445455 0.000407524 -0.000985915 -0.000614035 0.00296703 -0.000776699 -0.0009699 -0.000468432 -0.00327103 -0.00609023 -0.00195402 -0.000993072 -0.000226537 -0.00290323 -0.00166667 -0.000612245 -0.00283951 0.00213675 0.00384615 -0.00366667 -0.0047619 0.00344828 -0.00473684 -0.000933333 -0.00511111 0.00212121 0.000649351 0.0028125 -0.000888889 0.000434783 0.00121212 0.00318182 0.00454545 0.0005 -0.004375 -0.0025 -0.00324324 -0.00209302 0.000740741 -0.00733333 -0.00343284 -0.00162791 -0.00534884 -0.00808219 -0.007 -0.00756098 -0.00921569
internal_weight=1400 1380 897 258 483 439 120 220 319 639 228 91 618 598 491 107 133 87 433 309 124 192 147 81 117 78 60 84 58 57 75 45 66 154 64 90 69 66 44 44 40 96 56 74 43 54 45 67 43 43 73 40 41 51
internal_count=1400 1380 897 258 483 439 120 220 319 639 228 91 618 598 491 107 133 87 433 309 124 192 147 81 117 78 60 84 58 57 75 45 66 154 64 90 69 66 44 44 40 96 56 74 43 54 45 67 43 43 73 40 41 51
is_linear=0
shrinkage=0.01


Tree=68
num_leaves=52
num_cat=0
split_feature=4 88 13 90 30 4 91 6 23 24 35 8 27 3 37 35 91 93 88 100 3 66 37 13 71 74 29 27 0 97 74 74 74 1 87 90 70 32 87 87 1 90 32 90 60 23 100 87 3 90 26
split_gain=12.0759 8.83351 7.09548 7.18726 6.97564 9.24715 6.93534 5.75164 11.5188 6.52225 7.31913 7.5472 6.14958 7.55214 10.3107 10.519 8.94365 6.52635 6.41778 5.36051 8.49691 6.19632 6.12619 6.12076 5.89604 8.73235 8.88322 10.7285 7.35799 7.49488 6.55315 7.3003 5.06544 7.72716 11.6602 7.41176 5.11082 4.9 4.75751 4.62627 5.84337 4.68569 5.75451 6.95023 6.09455 4.29522 4.15808 6.40861 4.60909 4.11197 4.09973
threshold=1586.6750000000002 2445.3708333333338 1597.2 558.77850000000012 60.250000000000007 2771.2300000000005 30439.583681250002 3762.6200000000003 54.250000000000007 14.775000000000002 26.875000000000004 419.43315789473689 28.750000000000004 14528.35 74.750000000000014 25.025000000000002 26967.264437500005 424.42459459459468 4886.2475000000013 0.75347222222222232 13515.000000000002 1.0000000180025095e-35 22.750000000000004 12170.300000000001 410.90000000000003 1128.7973750000003 86.250000000000014 42.250000000000007 26089.350000000002 0.71875000000000011 1522.9020104166666 1251.3440625000003 982.48011458333337 15584.900000000001 0.30208333333333343 2303.4091500000009 985.40300000000013 93.250000000000014 0.46875000000000006 0.71875000000000011 13303.850000000002 1620.4576500000005 227.75000000000003 1136.1829500000003 1099.9500000000003 99.250000000000014 0.33680555555555564 0.15625000000000003 14576.600000000002 2030.2285500000003 1.7500000000000002
decision_type=2 2 2 2 2 2 2 2 2 2 2 2 2 2 2 2 2 2 2 2 2 2 2 2 2 2 2 2 2 2 2 2 2 2 2 2 2 2 2 2 2 2 2 2 2 2 2 2 2 2 2
left_child=-1 -2 4 6 -3 37 -4 8 -5 10 11 50 13 14 15 -9 -16 19 -15 21 -21 23 -23 -14 28 32 30 -28 -24 39 31 -27 33 35 -35 36 -26 -6 -25 40 -30 42 44 -44 -42 -29 47 -43 -48 -12 -10
right_child=1 2 3 7 5 -7 -8 12 9 -11 49 -13 17 18 16 -17 -18 -19 -20 20 -22 22 24 38 25 26 27 45 29 -31 -32 -33 -34 34 -36 -37 -38 -39 -40 -41 41 46 43 -45 -46 -47 48 -49 -50 -51 -52
leaf_value=0.028974197614580727 -3.4478370401258154 0.035545279759659314 -0.0067755091259799017 0.010848850692178145 -0.0007443475081525383 0.015915514731557768 0.49216913089146469 -0.023835176556548932 -0.017526045888027714 -0.91260592240034033 -0.073899855270953815 -0.018611171373409268 -0.11016516782869142 -0.00041485867628443974 0.0068149907384386131 0.61652045635756636 -0.12382930152310925 -0.0087765950508208613 0.81934202097708675 7.060058287877248 -0.013092389413439764 0.38372493486163739 -0.076276761564159926 0.17144386409859649 -0.24424951227696556 0.00036264577805976373 0.069476929374711768 -0.019990900768175449 0.54504735540298865 -0.041983450844273767 -0.01033120524164474 1.6493529845066619 -1.077318743424025 1.3121719907452347 -0.058600162987820462 -5.8119158718429693 0.051017699020963793 -0.20984215204514697 -0.28903464277392799 -0.033906314189919171 -0.63514618018347968 0.13635737133195294 3.5136327329814119 -0.01966642019830336 0.00019972154340568076 -0.010446365363161679 3.0672951292497785 -0.086704619126802107 0.094183947677663318 -0.057067070035661999 0.0091824653705675878
leaf_weight=35 29 39 34 36 20 27 23 35 25 22 38 30 35 20 28 21 33 36 25 20 38 30 26 22 31 20 20 26 21 27 31 23 36 20 27 21 20 20 37 22 30 23 26 25 31 21 24 22 20 21 28
leaf_count=35 29 39 34 36 20 27 23 35 25 22 38 30 35 20 28 21 33 36 25 20 38 30 26 22 31 20 20 26 21 27 31 23 36 20 27 21 20 20 37 22 30 23 26 25 31 21 24 22 20 21 28
internal_value=-0.000942857 -0.00109158 -0.000973054 -0.00118699 0.00150943 -0.000447761 0.0022807 -0.0013555 -0.0029 -0.00402439 -0.00323944 -0.0013253 -0.00103803 0.000740741 -0.000598291 0.0025 -0.00344262 -0.00139334 0.00422222 -0.0012 0.00172414 -0.00143654 -0.00107544 -0.00382979 -0.00129848 -0.0022973 -0.000496454 -0.00313433 -0.00030303 0.000184502 0.00189189 0.0044186 -0.00393548 -0.00294118 0.000212766 -0.005 -0.00294118 -0.0035 -0.00186441 0.000737705 0.00117117 0.000646766 -0.000714286 0.00176471 -0.00278689 -0.00574468 0.00235955 0.000222222 0.00454545 -0.0059322 0.000943396
internal_weight=1400 1365 1336 1230 106 67 57 1173 200 164 142 83 973 162 117 56 61 811 45 775 58 717 623 94 593 296 141 67 297 271 74 43 155 119 47 72 51 40 59 244 222 201 112 51 61 47 89 45 44 59 53
internal_count=1400 1365 1336 1230 106 67 57 1173 200 164 142 83 973 162 117 56 61 811 45 775 58 717 623 94 593 296 141 67 297 271 74 43 155 119 47 72 51 40 59 244 222 201 112 51 61 47 89 45 44 59 53
is_linear=0
shrinkage=0.01


Tree=69
num_leaves=53
num_cat=0
split_feature=1 36 38 36 63 19 41 94 68 94 14 17 94 82 1 73 1 0 17 0 94 39 25 41 0 30 25 40 25 72 20 61 74 82 76 97 93 30 97 17 63 32 68 14 17 17 5 79 21 39 0 0
split_gain=9.28257 10.125 8.59253 7.139 6.60559 8.56287 8.26418 6.88399 11.2267 6.3866 8.72424 6.41566 6.44341 8.8217 7.41183 10.9378 9.63871 8.43839 7.3847 10.0302 6.70154 6.18661 8.87615 6.11488 6.11111 8.0591 7.89617 7.33968 5.97154 5.94084 7.75385 7.5287 5.79544 7.54248 7.06443 6.0364 5.70751 5.4 5.33333 4.86773 6.32992 4.7736 4.59864 4.46377 3.74195 3.6 3.26884 5.05103 2.89943 2.6957 2.25017 2.00946
threshold=12267.250000000002 86.250000000000014 2.3750000000000004 80.250000000000014 27672.250000000004 225.25000000000003 116.00000000000001 462217.5040746876 1308.2000000000003 500295.40816062532 17540.650000000005 11.950000000000001 795779.17301250028 3.6934999999999722 15538.366500000002 1274.45 13554.500000000002 31551.150000000005 129.10000000000002 30654.250000000004 546697.86693625024 197.75000000000003 58.250000000000007 96.750000000000014 36958.700000000004 25.250000000000004 58.250000000000007 164.25000000000003 177.25000000000003 1296.0300000000002 1262.7500000000002 31359.100000000002 289.84400000000005 280.10000000000002 30698.155208333341 0.26041666666666669 416.57000000000005 98.750000000000014 0.093750000000000014 240.35000000000002 30962.200000000001 244.25000000000003 900.05000000000007 13442.100000000002 188.05000000000004 5.0500000000000007 7103.9350000000004 443.34667917477304 16.875000000000004 214.75000000000003 35139.200000000004 25006.400000000005
decision_type=2 2 2 2 2 2 2 2 2 2 2 2 2 2 2 2 2 2 2 2 2 2 2 2 2 2 2 2 2 2 2 2 2 2 2 2 2 2 2 2 2 2 2 2 2 2 2 2 2 2 2 2
left_child=1 3 37 -1 5 42 7 8 -6 10 -9 21 13 18 15 16 -15 -18 28 44 -21 22 -11 24 25 -22 43 39 29 30 49 -31 -7 34 46 -35 -16 -2 -25 40 -28 -30 -4 -27 -20 -24 47 -34 -10 -13 -42 -3
right_child=2 51 4 -5 6 32 -8 9 48 11 -12 12 -14 14 36 -17 17 -19 19 20 23 -23 45 38 -26 26 27 -29 41 31 -32 -33 33 35 -36 -37 -38 -39 -40 -41 50 -43 -44 -45 -46 -47 -48 -49 -50 -51 -52 -53
leaf_value=-1.1022544788824342 0.00085634243288957549 -0.43849153231111992 0.01071422849643482 0.83112938469434428 1.1419587063426806 -0.12603395452604124 -1.006752811406062 -0.26458608290933849 0.0041323684734410485 -0.48267177721526727 0.065501506956059941 -1.3705595156437209 -1.055164031741074 0.02171388515177813 3.5329464641740818 0.029767121293212889 -1.4867072536331687 -0.0046400644276568242 0.33942307630320129 0.041362000846835792 0.015122959442587991 -0.61033326771569851 0.29600579737799509 0.74198323062120297 2.1445155203364474 -0.011357815072847131 -0.0013500057651822024 0.013649034217486325 -0.045092110751485767 -0.012996149940416877 -0.0083101214345559019 0.013440071915088156 0.95284936720279245 0.023157100926725873 -0.0031660343329010534 -0.0029403558052324154 0.0011818433772627598 0.065775700955120767 -0.0070908704711947351 -0.12571192635794615 -0.044837467378221925 0.24974018288673333 -0.52039669512175368 0.0040135221336172391 0.0038795490372522923 -0.0048136976093466769 0.83275213329563824 0.0056358580857438336 -0.0070583430971589709 -0.066011190032178341 -0.06252303126801019 -0.18423060904241928
leaf_weight=34 30 29 21 20 35 23 35 38 22 31 23 38 27 20 36 26 29 34 21 37 28 22 20 24 22 21 22 21 21 21 26 23 23 28 27 31 33 30 24 37 26 26 28 23 23 20 26 24 21 27 20 23
leaf_count=34 30 29 21 20 35 23 35 38 22 31 23 38 27 20 36 26 29 34 21 37 28 22 20 24 22 21 22 21 21 21 26 23 23 28 27 31 33 30 24 37 26 26 28 23 23 20 26 24 21 27 20 23
internal_value=-0.000928571 -0.00377358 -0.000695518 -0.000740741 -0.000875203 0.000649351 -0.00122632 -0.00105372 0.00179487 -0.00130337 -0.00442623 -0.00107358 -0.00076087 -0.000578279 0.00134831 -0.000275229 -0.00204819 -0.00396825 -0.00122411 -0.000372493 -0.00101639 -0.00354839 -0.00211268 -0.00156716 -0.00227273 -0.00282828 -0.00364706 -0.00492063 -0.00285714 -0.00392593 -0.00538462 -0.000909091 0.00164835 0.00232704 0.004 -0.000508475 0.00391304 0.003 0.00166667 -0.006 -0.00441176 0.000212766 -0.00306122 0 0.00409091 0.001 0.00561644 0.00404255 -0.00162791 -0.00723077 -0.00652174 -0.00692308
internal_weight=1400 106 1294 54 1234 231 1003 968 78 890 61 829 736 709 178 109 83 63 531 349 305 93 71 268 220 198 170 126 182 135 91 44 182 159 100 59 69 60 48 105 68 47 49 44 44 40 73 47 43 65 46 52
internal_count=1400 106 1294 54 1234 231 1003 968 78 890 61 829 736 709 178 109 83 63 531 349 305 93 71 268 220 198 170 126 182 135 91 44 182 159 100 59 69 60 48 105 68 47 49 44 44 40 73 47 43 65 46 52
is_linear=0
shrinkage=0.01


Tree=70
num_leaves=54
num_cat=0
split_feature=29 83 71 97 16 35 72 75 63 97 71 71 83 26 77 21 22 83 82 73 40 27 14 14 5 30 22 22 67 27 93 69 10 30 16 10 7 6 26 40 0 26 35 77 97 11 21 40 41 41 38 25 82
split_gain=8.39619 8.16731 8.20639 13.3265 7.83846 7.32472 9.01208 8.3308 13.5498 9.94023 10.6604 9.15513 9.88219 8.96992 8.7774 8.10522 7.78502 8.69482 7.41659 7.02023 6.63258 6.26956 9.69538 6.62836 6.21227 5.93783 5.85288 6.59152 9.62437 5.75397 6.71746 5.63008 7.17317 7.44473 10.5596 8.86056 6.9933 6.98872 5.57038 5.35714 5.31948 7.31067 5.22648 4.61098 4.5146 4.13479 3.96589 3.72193 3.1094 3.05991 2.91255 2.63425 1.718
threshold=96.250000000000014 3021.4000000000001 929.62700000000007 0.23958333333333334 1477.95 23.175000000000004 1093.2 145.38489504124405 29279.350000000002 0.82291666666666685 1399.5000000000002 0.99050000000000005 2267.0500000000015 1.0000000180025095e-35 3304.524685367322 18.575000000000006 80.750000000000014 2169.2999999999997 -78.375500000000031 678.78550000000007 82.250000000000014 96.250000000000014 16268.6 13394.900000000001 5745.7250000000013 69.750000000000014 91.250000000000014 74.750000000000014 36253.700000000004 84.250000000000014 418.20396870554771 25575.300000000003 28975.050000000007 91.750000000000014 6223.7500000000009 37937.05000000001 17.585000000000004 7525.0800000000008 23.750000000000004 86.750000000000014 32425.200000000004 80.750000000000014 26.725000000000005 3758.7677245968853 0.15625000000000003 38695.700000000004 26.775000000000002 63.250000000000007 73.250000000000014 79.750000000000014 5.8250000000000011 149.75000000000003 69.694000000000031
decision_type=2 2 2 2 2 2 2 2 2 2 2 2 2 2 2 2 2 2 2 2 2 2 2 2 2 2 2 2 2 2 2 2 2 2 2 2 2 2 2 2 2 2 2 2 2 2 2 2 2 2 2 2 2
left_child=1 4 -3 -4 -1 6 -6 8 -7 10 11 12 14 19 -9 20 17 51 48 -13 38 22 23 25 45 -10 27 -16 29 30 -29 -18 52 34 36 46 -34 39 50 -35 -39 -42 -28 -38 49 -20 -36 -21 -12 -14 -15 -17 -33
right_child=-2 2 3 -5 5 7 -8 9 21 -11 18 13 44 15 26 16 31 -19 24 47 -22 -23 -24 -25 -26 -27 42 28 -30 -31 -32 32 33 37 35 -37 43 40 -40 -41 41 -43 -44 -45 -46 -47 -48 -49 -50 -51 -52 -53 -54
leaf_value=-2.1687927254301558 0.025827897172336928 1.01670031360797 -1.0257075638929241 0.39751286453823048 4.1315549773860605 0.024902065918443413 -3.5375773087923999e-05 1.9081221841057963 -0.014987242415731848 -0.048814561715904078 0.66991111016453286 -0.018686306345647944 -0.42354769358660577 0.005223292972597735 0.040502726771692164 -0.4574112398812813 0.015308554990330514 -0.0012399017737496822 0.013597970805786782 -1.2955229789474054 -0.081481505095299694 0.010484508596467055 0.0034667183518511798 -0.029841835396900815 -0.0059394951784384779 0.0070960547104569052 0.0095936947561997971 -0.88082829985449262 0.055734561631240943 0.0085047414037168183 -0.010500460332025341 -0.12454071820713182 -0.016607567300163099 -0.0081127615937914947 -0.022311375953689698 0.14926927321860911 0.5818896882814012 1.2525217578146663 -0.11789901412358994 -0.71453636862114667 -0.0098614382701041579 -6.5839045155059743 4.3323118802332958 0.054378771800815129 0.010373041671634475 -0.0041453872422374848 -0.16460619678540428 -1.8695294484148213 0.0081511912164430409 -0.024982711050424673 0.5415188555040521 -0.044641189643970909 -0.6520987524137607
leaf_weight=24 27 29 23 24 20 35 39 21 21 32 23 31 24 20 24 26 29 20 35 22 27 26 21 25 25 27 20 28 34 24 35 20 36 24 26 30 29 22 25 32 32 23 21 20 23 22 20 29 20 27 22 21 21
leaf_count=24 27 29 23 24 20 35 39 21 21 32 23 31 24 20 24 26 29 20 35 22 27 26 21 25 25 27 20 28 34 24 35 20 36 24 26 30 29 22 25 32 32 23 21 20 23 22 20 29 20 27 22 21 21
internal_value=-0.000707071 -0.000816777 0.00236842 -0.000212766 -0.00100546 -0.000897538 0.00254237 -0.00106667 0.00109677 -0.00138756 -0.00121422 -0.0015991 -0.000106762 -0.00228995 0.00101449 -0.00180952 -0.00238979 -0.00552239 0.00152 -0.00536585 0.000851064 -0.0005 -0.00170213 -0.00342466 -0.000243902 -0.00125 0.000322581 -0.00062069 -0.00157025 -0.00333333 -0.00492063 -0.00181319 -0.0021791 -0.00163265 -0.000186335 -0.00289474 0.00223529 -0.00338346 0.00253731 -0.00607143 -0.00142857 -0.00309091 0.00365854 0.00469388 -0.00324324 0.00157895 -0.00565217 -0.00764706 0.00488372 -0.00490196 0.0047619 -0.00787234 -0.00609756
internal_weight=1386 1359 76 47 1283 1259 59 1200 155 1045 1013 888 281 607 207 525 431 67 125 82 94 120 94 73 82 48 186 145 121 87 63 364 335 294 161 76 85 133 67 56 77 55 41 49 74 57 46 51 43 51 42 47 41
internal_count=1386 1359 76 47 1283 1259 59 1200 155 1045 1013 888 281 607 207 525 431 67 125 82 94 120 94 73 82 48 186 145 121 87 63 364 335 294 161 76 85 133 67 56 77 55 41 49 74 57 46 51 43 51 42 47 41
is_linear=0
shrinkage=0.01


Tree=71
num_leaves=55
num_cat=0
split_feature=42 94 75 63 97 93 94 94 14 60 92 2 83 66 81 81 75 17 83 88 28 81 83 75 24 17 97 38 93 66 39 94 75 81 65 65 2 24 81 94 82 28 6 33 83 5 24 5 6 57 2 4 14 31
split_gain=8.81715 8.74941 7.73108 11.8184 9.81261 8.65003 9.86687 8.63566 8 7.1639 10.36 9.02805 8.19324 7.82646 7.62286 9.67513 7.97578 8.37437 8.90655 9.49683 8.04533 7.81902 7.81336 7.68914 11.3333 7.09264 11.9875 9.82438 6.89855 6.59824 6.59184 6.29337 9.1341 5.99905 5.69699 5.52188 5.20886 7.15874 4.99055 4.93792 4.90942 4.7138 4.54952 5.57768 4.47739 4.12208 3.75993 3.6 3.31102 3.27273 2.75981 2.38095 1.75819 1.6
threshold=384.75000000000006 449981.40248187532 145.38489504124405 29256.750000000004 0.71875000000000011 414.0164473684211 626318.88887250016 627267.11529625021 10776.35 1467.0000000000002 31975.405062500009 2377.7500000000005 2937.099999999999 1037.8880000000001 3724.7816100517152 3152.0132006873068 276.87881445787025 198.05000000000004 1226.9000000000017 14934.940624999999 29.525000000000002 4838.8516811828504 2190.599999999999 496.93563437902844 10.375000000000002 5.0500000000000007 0.30208333333333343 3.6250000000000004 412.36881578947379 1156.6450000000002 210.75000000000003 549244.8779315626 683.65747843854763 4059.6307011434701 28394.150000000005 32907.400000000001 3372.4885000000008 8.7250000000000014 4471.7510805839147 662103.47813906276 -1.0000000180025095e-35 28.475000000000005 5678.7300000000005 51.250000000000007 628.19999999999902 4964.5400000000009 9.3750000000000018 10079.605000000001 9083.840000000002 1.0000000180025095e-35 2897.1290000000004 7206.8350000000009 16033.250000000002 7.3250000000000011
decision_type=2 2 2 2 2 2 2 2 2 2 2 2 2 2 2 2 2 2 2 2 2 2 2 2 2 2 2 2 2 2 2 2 2 2 2 2 2 2 2 2 2 2 2 2 2 2 2 2 2 2 2 2 2 2
left_child=1 35 3 45 9 6 -5 -7 -8 10 11 13 14 41 15 -13 39 18 38 21 30 23 51 24 28 -11 49 -28 -20 53 -19 50 42 47 -6 -1 37 -35 44 40 -16 -4 43 -33 -18 -3 -36 -25 -14 -27 -29 -17 -37 -12
right_child=-2 2 4 5 34 7 8 -9 -10 25 29 12 48 -15 16 22 17 20 19 -21 -22 -23 -24 33 -26 26 27 31 -30 -31 -32 32 -34 36 46 52 -38 -39 -40 -41 -42 -43 -44 -45 -46 -47 -48 -49 -50 -51 -52 -53 -54 -55
leaf_value=-0.019183976204409803 1.9439136688802476 0.049466099615804907 -0.99391885203370267 -0.011856505095189564 -0.00086376187661181287 -3.5022015357044762e-05 0.0012349134140660887 -0.035798297000878332 0.056900607548635337 1.1217014016059921 0.16628982199530101 -0.065968475114045813 0.46614047536088155 -0.0020496184332198259 -0.19574265824296094 1.0696968485247671 0.014202396550556287 -0.15379611157142475 -0.0028823402803386145 0.048964227175935501 -5.0049514293037243 -1.2265633429489997 -0.0072835274158089538 0.01922733913339008 -2.9600135620530112 -0.59147097275977323 0.019895543593845835 0.022886723742364307 4.9140663373033782 -0.24335321327243997 0.0046207099061224008 -0.014171441255215456 0.012156518153997486 -0.10164171876854504 -0.044695602221644135 0.0099374426504381021 -0.015855958390380051 -0.38637804008668369 -0.0032168359081107389 -0.013892931344829273 -1.6888279966941036 -0.17370458338869191 -0.015433140256124751 0.0027474548406340839 0.12643551033055622 0.023261488035812121 -0.0078070137564618253 -0.018411539544682363 0.0058936395990425326 -0.007052807477247373 0.027101728114349105 0.050822762194482306 0.79977046757631143 0.85833093751049638
leaf_weight=26 20 20 33 22 28 37 25 22 25 21 20 34 25 30 20 21 30 26 28 39 25 22 29 20 24 22 23 21 23 22 32 26 31 39 30 20 35 29 24 20 31 21 20 25 22 22 28 20 24 22 20 21 21 20
leaf_count=26 20 20 33 22 28 37 25 22 25 21 20 34 25 30 20 21 30 26 28 39 25 22 29 20 24 22 23 21 23 22 32 26 31 39 30 20 35 29 24 20 31 21 20 25 22 22 28 20 24 22 20 21 21 20
internal_value=-0.000591631 -0.000688141 -0.0008699 0.00109827 -0.00117229 -0.000381679 0.00194444 -0.00322034 0.0044 -0.000903846 -0.00134734 -0.00167336 -0.00128205 -0.0047619 -0.00159609 0.000857143 -0.00210216 -0.00159817 -0.000929577 -0.00175627 -0.00445783 -0.0025 0.00295775 -0.00192661 0.000666667 0.000649351 9.52381e-05 0.0013253 0.00333333 0.00258065 -0.00241379 0.00034965 -0.000980392 -0.00328671 -0.0044186 0.00283582 -0.00456311 -0.00617647 0.00210526 -0.00521127 -0.00686275 -0.00703704 -0.00295775 -0.00137255 0.00384615 0.00571429 -0.0062069 0 0.00265306 -0.00454545 0.00365854 0.00571429 0.00512195 0.005
internal_weight=1386 1366 1299 173 1126 131 72 59 50 1040 809 747 663 84 614 105 509 438 355 279 83 240 71 218 75 231 210 166 51 62 58 143 102 143 86 67 103 68 76 71 51 54 71 51 52 42 58 40 49 44 41 42 41 40
internal_count=1386 1366 1299 173 1126 131 72 59 50 1040 809 747 663 84 614 105 509 438 355 279 83 240 71 218 75 231 210 166 51 62 58 143 102 143 86 67 103 68 76 71 51 54 71 51 52 42 58 40 49 44 41 42 41 40
is_linear=0
shrinkage=0.01


Tree=72
num_leaves=52
num_cat=0
split_feature=29 100 94 23 23 88 8 79 38 23 17 23 38 20 96 0 40 31 13 29 80 68 79 35 68 40 79 65 59 77 74 0 94 78 20 20 67 0 78 23 29 40 31 38 31 5 8 40 5 11 31
split_gain=7.80183 8.23144 7.19385 7.96091 9.29048 8.55851 8.7619 7.81385 7.78379 7.5944 6.93346 13.6111 8.08612 6.96909 6.52126 9.46914 7.80172 7.185 7.53463 5.78571 5.54612 5.31489 5.29015 6.06351 8.59105 8.03938 9.13953 7.11111 6.36738 7.75783 8.41621 9.21831 7.62956 7.82889 7.45836 7.76494 9.80898 10.9394 8.73134 8.56025 7.9499 6.09524 5.86667 5.29573 5.13333 5.08148 4.87208 4.39389 3.43947 2.53546 1.09412
threshold=95.750000000000014 0.66319444444444453 449981.40248187532 68.750000000000014 62.250000000000007 8730.5329166666688 415.85802275960174 553.24177155445875 15.000000000000002 55.250000000000007 145.95000000000002 33.750000000000007 4.9250000000000016 1047.4500000000003 1.0000000180025095e-35 30317.850000000002 102.25000000000001 9.0250000000000021 12538.900000000003 80.750000000000014 32482.772222222226 1447.9335000000003 103.54911012464049 24.175000000000001 1075.2605000000001 48.250000000000007 645.57892213723858 27198.100000000002 0.93301270189221952 4207.675939736263 1490.5771979166668 26720.950000000004 668242.1912046877 1373.7928194444446 2695.4500000000003 1454.1500000000003 32678.050000000003 28115.800000000007 999.95628472222234 97.750000000000014 88.750000000000014 97.750000000000014 6.5250000000000012 6.8250000000000011 8.7750000000000021 4833.6550000000016 410.55026315789479 83.250000000000014 11042.150000000003 36540.400000000001 6.4750000000000005
decision_type=2 2 2 2 2 2 2 2 2 2 2 2 2 2 2 2 2 2 2 2 2 2 2 2 2 2 2 2 2 2 2 2 2 2 2 2 2 2 2 2 2 2 2 2 2 2 2 2 2 2 2
left_child=1 2 21 4 5 9 7 -7 22 10 11 12 -4 -12 16 -16 -3 18 19 -17 -14 -1 -5 24 -24 26 45 -26 29 30 31 42 33 46 35 36 37 -33 48 44 43 -37 -27 -41 -39 -25 -31 -32 -38 -47 -48
right_child=-2 14 3 8 -6 6 -8 -9 -10 -11 13 -13 20 -15 15 17 -18 -19 -20 -21 -22 -23 23 25 27 28 -28 -29 -30 32 47 34 -34 -35 -36 41 38 39 -40 40 -42 -43 -44 -45 -46 49 50 -49 -50 -51 -52
leaf_value=0.81243050784407045 0.012783367648254596 0.0070752280139753836 -0.024267135338072621 0.0076943190011256315 0.96367680626595242 -0.6519642720430221 -0.065259622094242117 0.29414127395735262 0.024764435325360146 -0.048489704551100486 -0.017108866725533224 0.064569230300247082 0.0063518489499439093 0.0042877892858607268 4.404542629569848 -0.022448591523235483 6.4029016217134176 0.040939684860521942 2.2891247623870594 -0.49092631314311241 1.8041280105149928 -0.0060394062585837158 1.2667624993958384 -0.025184669822234166 -0.13630302932621888 -1.4958233446499842 0.0019697806397786424 0.0023406798139061565 0.0045949287936032221 -2.4193886559947591 -0.005072674870802491 0.24586977314793867 0.0066856979606514308 -0.0068161942032051526 -1.9625129276937485 1.59828066807744 -0.016219888979504733 -0.9737551135496717 2.2076134351829841 -0.061174537591980931 0.02104004461149386 0.0028936901718353948 -0.27484949318952706 0.015308484320299347 -0.026931334774091615 -0.2902828975525959 -0.22833573613895791 -0.032069511087840404 0.041654793553408988 -1.0993248679381078 -1.2896927163264034
leaf_weight=38 37 28 28 39 31 20 27 22 28 25 23 30 38 31 29 28 25 20 21 28 24 25 21 27 20 20 32 25 26 20 23 20 24 26 20 21 21 22 33 37 31 21 24 23 20 26 31 38 32 37 20
leaf_count=38 37 28 28 39 31 20 27 22 28 25 23 30 38 31 29 28 25 20 21 28 24 25 21 27 20 20 32 25 26 20 23 20 24 26 20 21 21 22 33 37 31 21 24 23 20 26 31 38 32 37 20
internal_value=-0.00047619 -0.000600445 -0.000905983 -0.00109304 0.000301003 -0.000298507 -0.00333333 -0.00047619 -0.00160891 0.000753769 0.00149425 0.00283333 0.000888889 -0.00148148 0.00139665 0.00015873 0.00433962 -0.00134021 -0.00272727 -0.00464286 0.00290323 0.00238095 -0.00179487 -0.00198381 0.000909091 -0.00226667 -0.00459016 -0.00155556 -0.00175407 -0.00199241 -0.00133005 -0.000724638 -0.00421488 -0.00546392 -9.96678e-05 0.000320285 -0.000376569 -0.00189542 0.00232558 -0.00293233 -0.00120879 0.00428571 -0.005 -0.00333333 -0.00666667 -0.00622222 -0.0071831 -0.0047541 -0.000188679 -0.00777778 -0.00882353
internal_weight=1386 1349 1170 1107 299 268 69 42 808 199 174 120 90 54 179 126 53 97 77 56 62 63 780 741 66 675 122 45 553 527 406 345 121 97 301 281 239 153 86 133 91 42 44 60 42 90 71 61 53 63 51
internal_count=1386 1349 1170 1107 299 268 69 42 808 199 174 120 90 54 179 126 53 97 77 56 62 63 780 741 66 675 122 45 553 527 406 345 121 97 301 281 239 153 86 133 91 42 44 60 42 90 71 61 53 63 51
is_linear=0
shrinkage=0.01


Tree=73
num_leaves=51
num_cat=0
split_feature=16 22 78 72 80 1 98 88 98 3 4 4 2 72 7 13 89 32 75 1 14 14 71 4 64 88 1 72 1 0 75 21 1 14 14 88 21 6 33 19 73 14 4 0 19 98 10 44 19 0
split_gain=7.1319 7.18602 9.58736 6.68896 5.60948 9.44943 14.7242 11.1057 8.29666 8.46053 8.02025 9.13834 7.84783 7.35493 10.6294 7.81856 7.39759 10.5051 7.84 7.49255 6.8906 10.1878 9.14401 8.38183 8.32635 8.1334 9.71836 8.22161 7.6447 7.18022 6.77474 6.73061 6.58955 6.197 13.9191 7.78851 5.79471 5.62968 5.08282 6.92113 4.87207 4.7468 8.38471 4.62266 4.53333 4.43666 4.33712 4.22348 4.00346 0.9
threshold=2408.4000000000005 95.250000000000014 1358.6346319444447 951.00000000000011 35588.871180555565 16153.400000000001 0.46180555555555564 9286.1181250000009 0.92013888888888895 15772.631500000001 10790.715000000002 9442.3800000000028 2844.9485000000004 0.97550000000000014 14.485000000000001 7808.4000000000005 1605.0881437500002 265.75000000000006 389.44277699667919 15584.900000000001 17843.800000000003 16834.250000000004 410.90000000000003 6996.7850000000008 1161.3815000000002 4200.4593750000013 14487.100000000002 1503.4000000000003 13049.900000000001 31436.000000000004 340.54833860055095 27.875000000000004 18518.266000000003 15376.750000000002 12527.400000000001 6558.8695833333359 16.975000000000005 8188.3250000000007 58.750000000000007 1409.6000000000001 0.99650000000000005 21428.350000000002 13964.030000000001 27400.250000000004 1708.8500000000001 0.10763888888888891 36182.650000000009 3.0590000152587895 707.75000000000011 30826.550000000003
decision_type=2 2 2 2 2 2 2 2 2 2 2 2 2 2 2 2 2 2 2 2 2 2 2 2 2 2 2 2 2 2 2 2 2 2 2 2 2 2 2 2 2 2 2 2 2 2 2 2 2 2
left_child=3 4 45 -1 5 8 7 40 9 13 11 12 -6 15 31 48 17 19 -18 20 21 22 36 -23 30 27 28 -26 -27 -30 -24 -15 41 34 46 -35 -16 -17 39 -22 -7 42 -12 -38 -42 -3 -14 -34 -2 -47
right_child=1 2 -4 -5 10 6 -8 -9 -10 -11 32 -13 33 14 16 37 18 -19 -20 -21 38 23 24 -25 25 26 -28 -29 29 -31 -32 -33 47 35 -36 -37 43 -39 -40 -41 44 -43 -44 -45 -46 49 -48 -49 -50 -51
leaf_value=-0.088143044706259166 3.3994149754033116 0.50126608710617993 -0.0064878249841174556 -1.0107743005287764 -0.074015114346906788 0.91744327665725411 -0.018065802624499246 -0.0047782796472440612 0.0044852933745193639 -0.08948435347870641 3.5539775791088055 -2.747065189358715 0.012516074308670216 -2.8121778497850585 -0.0027420894085606064 -0.052508076798321229 1.9272887015266611 -1.6761803101176538 -0.0089072810354918347 -0.16239798353235663 -0.030742207108031997 -0.0018121112575949071 -2.5515192009173404 -0.056441160886771036 -0.0028039227755270301 -0.0090088249539551253 -0.019526266904882243 0.016289804349412965 0.42675212557375547 -0.0051093516777116843 -0.0061744065364798921 -0.046446040183780679 -2.3925265514440843 -0.084962811654158088 2.8262031688712987 0.00033330154864249118 0.008086172315307661 0.033025383448872993 0.015155399477096354 0.14560468536697901 3.308733054828449 2.2637926962788146 -0.060562792216061125 0.012908587987903458 0.0079644176760238754 0.4980621326727267 -0.028925081190427689 0.0004847617210534311 0.013257285419427984 0.027485221866437697
leaf_weight=20 22 22 23 26 24 20 34 36 37 30 31 22 23 32 30 26 20 20 25 36 23 39 31 38 24 27 28 28 39 21 33 25 32 30 22 28 20 25 23 20 34 34 27 34 20 20 35 27 20 20
leaf_count=20 22 22 23 26 24 20 34 36 37 30 31 22 23 32 30 26 20 20 25 36 23 39 31 38 24 27 28 28 39 21 33 25 32 30 22 28 20 25 23 20 34 34 27 34 20 20 35 27 20 20
internal_value=-0.00047619 -0.000343284 0.00247059 -0.00434783 -0.000533865 -0.000130435 0.00222222 0.004 -0.00056701 -0.000798376 -0.00164179 -0.00304348 -0.00222222 -0.000578279 -0.000974026 0.00204301 -0.000554562 -0.000894942 0.00333333 -0.000607287 -0.000262009 -0.000765306 3.1746e-05 -0.00402597 -0.000995671 0.000179641 -0.00130435 0.00346154 0.000344828 0.00233333 -0.0040625 -0.00508772 6.62252e-05 -0.00130435 0.0005 -0.0037931 0.00285714 -0.000588235 0.00272727 0.000697674 0.00621622 0.00173913 0 0.00481481 0.00777778 0.00451613 -0.00206897 -0.00254237 0.0052381 0.0065
internal_weight=1386 1340 85 46 1255 920 144 110 776 739 335 184 162 709 616 93 559 514 45 494 458 392 315 77 231 167 115 52 87 60 64 57 151 138 80 58 84 51 66 43 74 92 58 54 54 62 58 59 42 40
internal_count=1386 1340 85 46 1255 920 144 110 776 739 335 184 162 709 616 93 559 514 45 494 458 392 315 77 231 167 115 52 87 60 64 57 151 138 80 58 84 51 66 43 74 92 58 54 54 62 58 59 42 40
is_linear=0
shrinkage=0.01


Tree=74
num_leaves=55
num_cat=0
split_feature=76 19 31 90 16 16 31 22 21 8 44 31 77 21 90 21 39 33 32 4 33 22 22 22 4 69 14 7 34 4 88 90 46 7 16 41 61 64 92 69 77 100 63 77 62 8 61 22 73 5 63 16 61 14
split_gain=6.48177 11.4302 11.3276 10.7026 10.1547 8.71252 7.65438 7.41882 9.57139 10.0244 8.00292 7.11333 13.0935 6.9697 9.38192 6.96066 6.87619 6.6143 11.8316 12.567 7.44357 7.30031 8.86228 7.55627 7.71605 6.96569 6.60794 7.35636 6.60186 6.5675 6.48148 6.15993 5.87703 5.4831 5.36494 5.17033 10.0164 6.88095 6.4342 6.29066 7.04029 4.90003 4.84848 4.79111 4.78753 4.73387 4.50134 4.37576 3.87727 3.54632 3.36 3.23438 2.75981 2.73718
threshold=29026.057291666672 372.25000000000006 3.6750000000000003 1719.7960500000004 5471.3000000000011 6007.8000000000011 3.9750000000000005 80.750000000000014 15.475000000000001 413.02562415654523 3.217000007629395 6.4250000000000016 2691.9567662805971 12.075000000000001 987.17535000000032 20.925000000000004 125.75000000000001 20.750000000000004 139.75000000000003 3234.8100000000004 2.2500000000000004 89.750000000000014 90.750000000000014 93.750000000000014 3270.6200000000003 33200.05000000001 16067.450000000003 639.59000000000003 99.250000000000014 9850.760000000002 7382.2564583333342 863.00235000000009 103.90000152587892 26.845000000000002 4734.3500000000013 98.250000000000014 31851.950000000001 349.75200000000007 22786.084662500009 33571.150000000009 4019.0486571555662 0.20486111111111113 30852.900000000005 3373.7259595976702 1217.4885000000002 413.21987179487184 31193.900000000005 88.750000000000014 1021.4055000000002 5960.1550000000016 28946.600000000002 6163.3500000000013 34259.250000000007 20016.250000000004
decision_type=2 2 2 2 2 2 2 2 2 2 2 2 2 2 2 2 2 2 2 2 2 2 2 2 2 2 2 2 2 2 2 2 2 2 2 2 2 2 2 2 2 2 2 2 2 2 2 2 2 2 2 2 2 2
left_child=1 11 3 5 -5 30 47 8 9 -8 15 41 -13 -3 -15 -10 -12 20 19 25 -9 31 42 24 -24 45 -7 -28 -6 -26 -2 -20 -22 -25 48 36 37 -33 39 -38 -41 -1 -23 44 -36 -19 -21 -4 -16 -17 -18 -40 -37 -31
right_child=2 13 6 4 28 26 7 17 10 -11 16 12 -14 14 34 49 50 18 21 46 32 22 23 33 29 -27 27 -29 -30 53 -32 35 -34 -35 43 52 38 -39 51 40 -42 -43 -44 -45 -46 -47 -48 -49 -50 -51 -52 -53 -54 -55
leaf_value=-0.16380404720922262 0.90850650560972246 -0.071059530850077671 -0.13918514894085149 -0.12764276099612379 -0.028914891363467712 0.029769112619110909 -0.83861325862565339 0.0052229631989025903 -0.096609713791138904 0.013879120162387451 -0.008322918936433131 1.0521780165128554 -0.11281086332899587 -0.0068756915543851192 0.52821605807508898 0.12530492852674155 -0.19251331728605203 0.4783878880539616 2.6937055177731493 0.21904887224414771 -0.33959687498110486 -0.010900599519670089 0.010810159708942824 -0.26954447713282143 -0.15924869302897765 0.00772725649180652 -0.042749269434919579 1.6319541810336606 1.0424506284713848 -0.022777907798011116 0.29771287295232152 0.02315656045976933 -0.008448512033116461 -0.0083256161877725363 0.62569094452838847 -0.00205469628571562 -0.024627954486530351 -0.04143692579571974 0.91880439032441585 -0.029580094830414093 0.071271642675563157 -0.82325355161588987 -2.7329302408226428 0.92853258848334574 0.0012160690074470627 -0.018688427586510441 0.065852584802771008 -0.41559013290784952 -0.031475627951482829 -0.009525648511309541 -1.0124076066815544 0.015104551758573429 -0.078876733763397711 0.031479491246586798
leaf_weight=21 27 22 20 20 30 26 22 36 27 34 24 20 35 20 25 20 25 20 34 20 36 24 27 26 34 24 28 22 22 25 36 24 26 22 28 20 28 32 20 24 28 22 20 22 22 23 27 24 21 22 35 21 21 22
leaf_count=21 27 22 20 20 30 26 22 36 27 34 24 20 35 20 25 20 25 20 34 20 36 24 27 26 34 24 28 22 22 25 36 24 26 22 28 20 28 32 20 24 28 22 20 22 22 23 27 24 21 22 35 21 21 22
internal_value=-0.000577201 0.000852713 -0.000904255 0.00118483 -0.00194444 0.00280576 -0.00138495 -0.00117984 -0.00282297 0.000714286 -0.00411765 -0.00183673 0.000545455 0.0025 0.00333333 -0.0015942 -0.00619048 -0.000662651 -0.00024735 0.00263158 -0.00306122 -0.000973451 -0.0024 -0.00128205 0.000185185 -0.000149254 0.000526316 -0.0016 0.000384615 -0.00135802 0.00555556 0.00015873 -0.00516129 -0.00458333 0.00440678 -0.000458716 0.000282486 -0.00321429 0.00190083 0.00025 0.00230769 -0.00488372 -0.00636364 0.00611111 0.0044 -0.00255814 0.00659574 -0.00545455 0.00173913 0.000952381 -0.008 0.00512195 -0.00365854 0.00106383
internal_weight=1386 258 1128 211 72 139 917 873 209 56 153 98 55 160 138 69 84 664 566 114 98 452 200 156 108 67 76 50 52 81 63 252 62 48 118 218 177 56 121 80 52 43 44 72 50 43 47 44 46 42 60 41 41 47
internal_count=1386 258 1128 211 72 139 917 873 209 56 153 98 55 160 138 69 84 664 566 114 98 452 200 156 108 67 76 50 52 81 63 252 62 48 118 218 177 56 121 80 52 43 44 72 50 43 47 44 46 42 60 41 41 47
is_linear=0
shrinkage=0.01


Tree=75
num_leaves=53
num_cat=0
split_feature=72 35 72 13 98 66 2 94 81 26 26 38 45 45 37 13 13 94 5 35 73 93 69 24 13 93 35 82 93 41 41 62 43 61 42 26 62 24 35 69 2 56 97 31 66 71 35 17 23 34 35 13
split_gain=14.0878 10.4205 10.3372 7.32725 7.2485 9.25111 7.34379 7.13228 7.49609 7.60321 7.57976 7.65459 7.20468 11.2082 8.02991 6.72727 10.6616 6.26473 6.24497 6.62722 6.10973 6.10261 8.21778 5.88723 5.85284 7.84 5.84651 8.35042 7.32814 6.87508 5.82481 5.62985 5.38089 8.26945 7.06183 6.72067 8.23118 5.6957 10.5267 5.89522 5.39256 5.0918 4.9641 7.57048 4.9 4.53726 5.53533 3.87727 3.50635 3.32814 2.60999 2.0964
threshold=951.00000000000011 24.325000000000006 1004.5500000000001 1066.1000000000001 0.64236111111111127 1.0000000180025095e-35 3045.0335000000005 854762.41323812527 3614.5846981927657 4.7500000000000009 4.2500000000000009 8.5250000000000021 22806.000000000004 23359.000000000004 99.750000000000014 4143.4500000000007 1964.4000000000003 630879.96120625024 8802.0050000000028 29.075000000000006 1579.9000000000003 411.4138003095976 35518.80000000001 8.5750000000000028 3476.8000000000006 412.14865384615388 25.325000000000006 -352.36949999999996 408.45397435897445 87.250000000000014 100.25000000000001 1499.9900000000002 104.39500045776369 26555.000000000004 150.09999847412112 108.25000000000001 812.46800000000019 5.1750000000000016 26.075000000000006 32425.200000000004 2814.7500000000005 1.0000000180025095e-35 0.48958333333333343 7.8250000000000011 884.7315000000001 0.98050000000000004 25.475000000000005 116.85000000000001 94.250000000000014 76.250000000000014 26.225000000000005 778.75000000000011
decision_type=2 2 2 2 2 2 2 2 2 2 2 2 2 2 2 2 2 2 2 2 2 2 2 2 2 2 2 2 2 2 2 2 2 2 2 2 2 2 2 2 2 2 2 2 2 2 2 2 2 2 2 2
left_child=1 -1 50 51 5 6 48 8 9 -5 11 12 -10 -14 15 16 -15 -13 19 -8 30 -20 -23 -11 25 -22 28 29 -7 -28 42 -18 33 -29 35 37 40 -35 -39 44 -37 -41 45 -44 -40 -12 -47 -26 -3 -48 -2 -4
right_child=2 4 3 7 -6 26 18 -9 10 23 20 17 13 14 -16 -17 31 -19 21 -21 24 22 -24 -25 47 -27 27 32 -30 -31 -32 -33 -34 34 -36 36 -38 38 39 41 -42 -43 43 -45 -46 46 49 -49 -50 -51 -52 -53
leaf_value=2.376532864493929 -0.60885696008508505 -0.057676669279891873 0.00066234935458902384 -0.013809139837592906 -0.06237564237443971 -0.47412139093431754 -0.50621529552363409 -0.84525497872827016 -0.43543764132276552 0.0047065361841835953 -0.76982819107911327 -0.059067546434350561 0.083661497544436067 0.010413429808932392 -0.022144121912171737 0.022730535876137485 -0.02506641224620882 0.0044030507351754148 -0.044189903390002866 0.0059463958181577023 -0.040468388974223599 -0.0096548681184938073 0.32584765002623706 0.81477720912946783 -0.0018462197770079841 0.00062243377061847922 0.025635236557208979 0.69975019807787819 0.89753915626710157 -0.17526631722557126 -0.72165488810806522 0.0011764722114083466 2.7161751196042054 0.38272337405342371 -0.026707481603751162 -0.10887064508041412 4.3021803649684207 3.0083481313597136 -4.2029776770667144 0.042526031676961867 1.6656100574880224 -0.053646972198985211 0.0026065935787454248 -0.0075721797984164563 -0.048441952423109211 -0.0039314938886872153 -0.13506457628942817 0.014085239413400997 -0.54611971345973997 -0.5022392536486977 -0.68853859739308676 0.013030423923957524
leaf_weight=36 20 21 21 28 38 22 33 22 23 30 38 34 24 23 34 25 22 21 26 21 20 20 25 23 21 25 27 20 20 32 20 29 28 22 36 21 20 24 20 32 26 23 37 28 20 37 28 25 24 27 21 20
leaf_count=36 20 21 21 28 38 22 33 22 23 30 38 34 24 23 34 25 22 21 26 21 20 20 25 23 21 25 27 20 20 32 20 29 28 22 36 21 20 24 20 32 26 23 37 28 20 37 28 25 24 27 21 20
internal_value=-0.000755686 0.00032967 -0.00170799 -0.00141606 1.66389e-05 0.000301954 -0.00164706 -0.00167702 -0.0014791 0.00135802 -0.00190388 -0.000553191 0.000444444 0.00121019 7.5188e-05 0.00151515 0 -0.00381818 -0.0004 -0.00296296 -0.00294118 0.0015493 0.00377778 0.00358491 -0.000769231 -0.00333333 0.00114504 0.00156695 -0.00238095 -0.00186441 -0.00386047 -0.00254902 0.00226027 0.00181818 0.00131148 0.00201923 0.00462687 0.000780142 -8.40336e-05 -0.00157895 0.00234043 0.000545455 -0.00333333 -0.00107692 -0.0045 -0.00446154 -0.00326087 0.00173913 -0.00511111 -0.00527273 -0.00658537 0.00268293
internal_weight=1363 637 726 685 601 563 170 644 622 81 541 235 180 157 133 99 74 55 125 54 306 71 45 53 91 45 393 351 42 59 215 51 292 264 244 208 67 141 119 95 47 55 195 65 40 130 92 46 45 55 41 41
internal_count=1363 637 726 685 601 563 170 644 622 81 541 235 180 157 133 99 74 55 125 54 306 71 45 53 91 45 393 351 42 59 215 51 292 264 244 208 67 141 119 95 47 55 195 65 40 130 92 46 45 55 41 41
is_linear=0
shrinkage=0.01


Tree=76
num_leaves=51
num_cat=0
split_feature=74 86 20 20 60 14 14 41 38 41 3 25 25 66 6 22 89 38 45 3 81 3 69 67 66 65 41 41 67 41 65 6 60 6 6 37 25 81 26 3 83 26 27 60 89 22 35 45 76 45
split_gain=6.81407 9.07029 8.47191 9.32251 8.03906 5.89369 8.87053 8.29458 6.8422 6.18956 5.63333 5.38512 7.22457 6.38445 5.24415 5.21197 8.14859 12.4037 10.409 10.3533 9.6195 8.96427 8.81282 7.08433 7.96139 6.70069 6.96327 6.74853 6.64368 6.31846 6.12037 6.69462 5.85262 7.30168 6.57226 5.62579 9.61349 11.4671 5.46893 4.85035 4.43223 4.28571 4.18739 4.0341 3.92567 3.88889 3.68998 3.43453 2.5 1.6
threshold=1662.8468750000004 1352.5000000000002 1892.7 1734.3000000000002 884.7315000000001 15730.050000000001 13872.200000000003 47.750000000000007 5.8250000000000011 79.250000000000014 14869.900000000003 17.750000000000004 23.750000000000004 1776.5000000000002 5886.3100000000004 95.250000000000014 1195.5018562500002 12.975000000000001 22944.500000000004 12628.140000000001 4041.0224521181658 14126.700000000003 31438.400000000005 26720.950000000004 888.66700000000003 28039.900000000005 75.750000000000014 69.750000000000014 34401.750000000007 84.750000000000014 28585.550000000007 6029.9400000000014 884.7315000000001 6357.755000000001 3827.7900000000004 72.250000000000014 114.00000000000001 4218.5009817225955 69.750000000000014 15256.812000000002 2088.9000000000001 6.2500000000000009 36.250000000000007 848.50000000000011 1139.4900562500002 85.750000000000014 26.225000000000005 25372.000000000004 30386.384375000005 23059.500000000004
decision_type=2 2 2 2 2 2 2 2 2 2 2 2 2 2 2 2 2 2 2 2 2 2 2 2 2 2 2 2 2 2 2 2 2 2 2 2 2 2 2 2 2 2 2 2 2 2 2 2 2 2
left_child=2 -2 3 11 39 6 8 -7 -6 14 48 -1 -13 15 47 16 23 18 19 -18 22 40 30 -14 28 -24 27 -27 46 -28 31 -20 -26 34 -34 38 -37 -38 -23 -4 -22 -36 -5 -39 -17 -3 -25 -9 -8 -43
right_child=1 45 4 42 5 7 10 9 -10 -11 -12 12 13 -15 -16 44 17 -19 20 -21 21 35 25 24 32 26 29 -29 -30 -31 -32 -33 33 -35 41 36 37 43 -40 -41 -42 49 -44 -45 -46 -47 -48 -49 -50 -51
leaf_value=-0.067460513583154275 -0.020632890999782206 -0.01472707129925634 -2.528473253147006 0.64739344207391325 0.018279341422944868 -0.05384917818012834 -0.0063446042871851387 -0.0090037369489899301 -0.0075931300400613093 -0.3631776522906543 -0.0032868683582477774 0.65321551799634281 0.011163094554620601 0.026431463273773055 1.0613002829525329 0.60351525926253391 -0.0211653119036617 0.91348284018017889 -0.028650959025946467 -0.18470294982722277 -0.33762774742257345 -0.099696935401621334 -0.10252607836439724 -0.040190979251035319 0.014476121877239661 0.0040101669298631048 -0.067038905245846311 1.6741761702079125 -0.010730616721657473 0.023292143378425053 4.6964836699152963 0.394018464168092 0.0060877067902472435 0.0082223518487846217 -0.018422907561074724 0.46937274779798527 -0.065901984034628436 -0.00064573541051436364 0.045141458026367154 -0.057946390875795208 -0.01527213786300425 -0.099922912201052164 0.0058547540271250706 0.27816285734957424 -0.0036304480964944015 0.0025805276429579703 -3.6209385792713213 0.028988746080623462 -1.0100543770782044 -0.93785211503667032
leaf_weight=36 35 28 30 27 22 28 20 25 35 22 20 36 38 34 26 21 34 35 25 24 35 32 20 28 22 23 26 22 29 24 31 22 23 29 30 26 24 28 27 22 30 20 20 23 20 35 30 21 20 20
leaf_count=36 35 28 30 27 22 28 20 25 35 22 20 36 38 34 26 21 34 35 25 24 35 32 20 28 22 23 26 22 29 24 31 22 23 29 30 26 24 28 27 22 30 20 20 23 20 35 30 21 20 20
internal_value=-0.00052091 -0.00306122 -0.000324111 0.000123203 -0.00182131 -0.00104603 -0.00264957 0.000491803 0.000175439 0.00191489 -0.00533333 -9.70874e-05 5.61167e-05 -0.000128655 0.00333333 -0.000304507 -0.000487179 0.000254403 -0.000168067 -0.00413793 0.000382775 -0.00102222 0.00202073 -0.00189591 -0.00255411 0.00026087 0.00136842 0.00422222 -0.00494253 -0.0012 0.00461538 0.00234043 -0.00111111 -0.00196721 -0.00333333 0.00025 0.00168317 -0.000133333 -0.00220339 -0.00538462 -0.00415385 -0.00485714 0.00446809 0.00254902 0.00317073 -0.000793651 -0.00689655 0.00130435 -0.0075 -0.007
internal_weight=1363 98 1265 974 291 239 117 122 57 94 60 927 891 855 72 821 780 511 476 58 418 225 193 269 231 115 95 45 87 50 78 47 144 122 93 160 101 75 59 52 65 70 47 51 41 63 58 46 40 40
internal_count=1363 98 1265 974 291 239 117 122 57 94 60 927 891 855 72 821 780 511 476 58 418 225 193 269 231 115 95 45 87 50 78 47 144 122 93 160 101 75 59 52 65 70 47 51 41 63 58 46 40 40
is_linear=0
shrinkage=0.01


Tree=77
num_leaves=51
num_cat=0
split_feature=72 91 29 85 4 13 16 79 78 16 30 6 14 79 8 77 29 7 23 47 23 23 45 84 72 89 29 34 11 31 87 30 30 16 31 23 91 0 3 17 32 42 84 0 11 90 42 11 30 3
split_gain=10.2092 10.0376 10.0186 7.01902 6.76879 10.2953 10.5181 8.85238 8.70566 9.58109 7.01016 5.8484 8.13923 7.4922 7.69515 8.30579 8.15819 9.95862 5.71639 10.5652 7.79179 6.83578 6.54674 10.4362 6.57185 8.28804 12.5473 14.0654 6.46307 7.97872 6.20887 6.11061 8.3089 5.474 5.27608 4.5011 4.92894 4.36131 6.98036 5.88506 5.72217 4.02381 3.68124 5.37815 3.63655 3.57849 3.53772 2.65662 1.94713 1.6
threshold=951.00000000000011 21064.581206250001 82.250000000000014 1523.2955000000002 2992.0900000000006 7769.6500000000005 5323.5500000000002 375.44189097297891 760.48685069444457 5077.2000000000007 99.750000000000014 8356.6150000000016 17151.050000000007 659.65778205979643 407.50384615384615 4381.0000640201415 75.750000000000014 1713.4450000000004 54.250000000000007 1.0000000180025095e-35 32.750000000000007 63.750000000000007 22806.000000000004 1190.070135416667 1649.0405000000003 1016.96424375 88.250000000000014 52.750000000000007 36303.750000000007 10.575000000000001 0.13541666666666671 99.750000000000014 51.250000000000007 6703.8000000000011 4.6750000000000016 62.250000000000007 29396.401550000002 29875.250000000004 14154.350000000002 169.65000000000001 165.75000000000003 112.20000076293947 374.52072916666674 30063.100000000002 37390.80000000001 1446.6154500000005 107.47499847412111 41839.900000000001 72.750000000000014 14269.85
decision_type=2 2 2 2 2 2 2 2 2 2 2 2 2 2 2 2 2 2 2 2 2 2 2 2 2 2 2 2 2 2 2 2 2 2 2 2 2 2 2 2 2 2 2 2 2 2 2 2 2 2
left_child=1 -1 3 41 7 8 42 -3 9 -6 46 12 -8 14 -13 16 17 -16 19 20 30 -20 23 -23 25 26 -24 28 -28 -30 -4 32 -26 -9 -5 -36 -37 -27 -39 40 -40 -2 -7 -44 -11 -34 -10 -18 -48 -45
right_child=2 4 18 34 5 6 11 33 10 44 -12 13 -14 -15 15 -17 47 -19 21 -21 -22 22 24 -25 31 37 27 -29 29 -31 -32 -33 45 -35 35 36 -38 38 39 -41 -42 -43 43 49 -46 -47 48 -49 -50 -51
leaf_value=0.88064449370182363 -2.7310968444750232 -0.038731412710283374 -0.031657749108384564 0.0012430316466190943 6.7434434003742494 -0.88637348919833958 0.068055663285196438 0.073022528888861585 0.041976529864585256 -0.11442274748513462 -0.027556545033138743 -0.023368277323694092 -0.050276991091148304 -0.05277804449156822 2.2972782568508854 -0.013914687933744457 0.12731947393961376 -1.2739171225449741 -0.027023659603188536 0.60842953388684617 0.0049085521769898005 -1.1119811411730816 0.53507361974808532 0.0033380712461234825 0.0019820950810772444 0.0034975319713902186 -0.38323928527072493 0.6790461643104061 0.016904877126891902 -0.037171097248843918 0.0020214302224038912 0.0022949486340102842 -0.00091955791400663122 -0.04544365507757428 -0.026492133937462411 0.0019161995591521759 -0.32220375529549627 -0.01371735922634471 -0.0077792466590654464 -0.028442499962749446 0.004953888157325571 -0.11441485317103055 -0.12868241096344415 0.015190936019177146 -0.0064650211181622331 -0.032606927007046115 4.042329318320129 3.1428109235878252 2.0140006568846371 -0.022390543514369424
leaf_weight=27 32 28 23 23 23 21 23 22 30 21 27 31 32 34 29 23 32 20 23 23 24 34 36 26 26 22 20 30 27 20 22 32 23 38 35 30 26 25 30 29 28 24 28 20 23 33 30 27 28 20
leaf_count=27 32 28 23 23 23 21 23 22 30 21 27 31 32 34 29 23 32 20 23 23 24 34 36 26 26 22 20 30 27 20 22 32 23 38 35 30 26 25 30 29 28 24 28 20 23 33 30 27 28 20
internal_value=-0.000594277 0.00032967 -0.00140496 -0.00352941 6.55738e-05 0.000498084 -0.000529412 -0.0025 0.00241758 -0.000447761 0.00408696 0.000517928 -0.00236364 0.00132653 0.00222222 0.00328244 0.00444444 0.00142857 -0.000755396 0.00152174 -0.000434783 -0.0012069 -0.000929705 -0.004 -0.000446194 0.000411985 0.00218045 0.000309278 -0.00223881 -0.000212766 -0.00288889 -0.00245614 -0.00390244 -0.000333333 -0.00210526 -0.00318681 -0.00142857 -0.00134328 -0.00214286 -0.000804598 0.00103448 -0.00642857 -0.00348315 -0.00235294 -0.00318182 -0.00607143 0.00545455 0.00694915 0.00689655 0
internal_weight=1363 637 726 170 610 522 340 88 182 67 115 251 55 196 162 131 108 49 556 92 69 464 441 60 381 267 133 97 67 47 45 114 82 60 114 91 56 134 112 87 58 56 89 68 44 56 88 59 58 40
internal_count=1363 637 726 170 610 522 340 88 182 67 115 251 55 196 162 131 108 49 556 92 69 464 441 60 381 267 133 97 67 47 45 114 82 60 114 91 56 134 112 87 58 56 89 68 44 56 88 59 58 40
is_linear=0
shrinkage=0.01


Tree=78
num_leaves=50
num_cat=0
split_feature=77 3 67 22 38 79 58 6 73 16 24 77 16 93 11 24 2 13 24 77 67 20 0 69 83 3 74 36 93 82 43 7 16 26 43 73 91 93 73 88 0 20 43 69 69 24 79 74 36
split_gain=8.9342 12.7518 11.9544 8.43524 8.83636 11.2 8.4 10.2964 8.0065 12.6117 8.74323 7.89235 7.87904 7.64913 12.0559 10.9349 7.47692 7.36036 6.9594 6.68723 6.36482 8 5.98966 8.26576 9.85953 8.54113 8.33333 6.36938 6.03423 7.14587 5.92032 7.98572 6.25541 6.09439 5.41996 6.67191 6.55515 5.31536 5.17418 5.08466 5.04186 4.6728 7.88243 4.64027 3.92 3.6878 3.51475 2.32258 1.58654
threshold=3346.268433993203 15681.688500000002 32439.800000000003 85.750000000000014 3.8250000000000006 602.37215078639576 -0.5 5045.8500000000013 965.16150000000005 4755.9500000000016 11.575000000000001 4469.1971867160291 6533.5500000000002 414.55342105263168 36003.100000000006 8.9750000000000032 3809.1545000000006 1147.0500000000002 12.725000000000001 3499.2660831824219 28287.950000000004 764.00000000000011 25753.150000000005 29233.700000000001 2096.6500000000019 14167.6 1238.3076145833336 90.250000000000014 415.82210526315794 -0.22949999999999995 84.735000610351577 17.575000000000003 5554.4000000000005 9.7500000000000018 79.009998321533217 1004.4745000000001 29421.642212500003 411.30882352941182 1.1820000000000002 3683.9027083333335 29875.250000000004 1196.8000000000004 78.485000610351577 36297.55000000001 31257.350000000002 7.375 628.4910871920639 873.59410416666685 81.750000000000014
decision_type=2 2 2 2 2 2 2 2 2 2 2 2 2 2 2 2 2 2 2 2 2 2 2 2 2 2 2 2 2 2 2 2 2 2 2 2 2 2 2 2 2 2 2 2 2 2 2 2 2
left_child=1 2 12 8 5 6 -5 -8 13 10 -10 46 20 14 15 -2 17 39 41 -19 30 -22 -21 24 26 27 -24 40 29 43 31 32 -1 -33 35 -31 -36 -16 -30 -6 -25 -15 -43 -27 -32 -35 48 -42 -11
right_child=3 -3 -4 4 16 -7 7 -9 9 11 -12 -13 -14 18 37 -17 -18 19 -20 22 21 -23 23 25 -26 28 -28 -29 38 34 44 33 -34 45 36 -37 -38 -39 -40 -41 47 42 -44 -45 -46 -47 -48 -49 -50
leaf_value=0.17281492442588409 0.025887535234024765 -0.053231646006146993 2.9507258649752597 -0.022583303440057226 -0.0047773025064279453 0.043639664140772805 -0.01581367377093415 1.0569442357958376 0.028557898481667152 -0.021165899060680622 -0.018335137452280787 -0.34452169285738565 0.039555998668015742 -0.014573093365138736 0.0028386769709219184 -0.73037683112630225 0.18012610401742352 -0.098738766718821758 0.0094491428682095761 -0.17870178259661551 -0.18560159258079645 0.007174774058497149 0.015544540464018621 -0.0069984074852447219 0.9887707204764169 -0.075268311003655816 -0.015074894138981687 0.00012551484886321517 -0.0026576685659251411 -0.021494814873698909 -0.02313459455045715 0.040113254042446068 -0.1339021479414052 1.2299217626003718 0.0015662201827708264 0.012648595891168136 0.47568607953767228 2.6773057241923386 -0.025409358485779122 0.013172420803630043 -0.87750975430635603 -0.0035292266269154817 -0.08330628805122349 0.026227841302140353 0.0012942671700042663 1.2509876719534152 -0.022350577218418047 -0.44321000313909709 -0.40972011648750511
leaf_weight=22 21 35 20 24 27 36 32 28 31 32 25 30 26 38 29 24 20 34 27 22 25 25 24 20 29 39 24 25 36 26 25 32 20 20 25 22 30 28 31 21 31 28 38 23 25 21 23 31 33
leaf_count=22 21 35 20 24 27 36 32 28 31 32 25 30 26 38 29 24 20 34 27 22 25 25 24 20 29 39 24 25 36 26 25 32 20 20 25 22 30 28 31 21 31 28 38 23 25 21 23 31 33
internal_value=-0.000726339 0.000810811 0.00157088 -0.00115276 -0.000454545 0.002 0 0.002 -0.00228501 -0.00390805 0 -0.00576271 0.000954357 -0.00107296 0.000980392 -0.00288889 -0.001 -0.00123077 -0.00267176 -0.00161017 0.000325581 -0.0028 -0.00127854 -0.00100962 0.00194805 -0.00168142 -0.000833333 -0.00401869 -0.000603448 0.000424242 0.00127273 0.00252174 -0.000952381 0.00452055 0.00203883 -0.000416667 0.00418182 0.00403509 -0.00313433 0.0025 -0.00536585 -0.00384615 -0.00545455 -0.00225806 -0.0016 0.00707317 -0.00727273 -0.00677419 -0.00846154
internal_weight=1363 296 261 1067 660 120 84 60 407 174 56 118 241 233 102 45 540 520 131 472 215 50 438 416 77 339 48 107 232 165 165 115 42 73 103 48 55 57 67 48 82 104 66 62 50 41 88 62 65
internal_count=1363 296 261 1067 660 120 84 60 407 174 56 118 241 233 102 45 540 520 131 472 215 50 438 416 77 339 48 107 232 165 165 115 42 73 103 48 55 57 67 48 82 104 66 62 50 41 88 62 65
is_linear=0
shrinkage=0.01


Tree=79
num_leaves=54
num_cat=0
split_feature=68 98 70 13 2 10 40 19 3 38 80 21 10 77 10 14 13 63 17 38 38 19 14 69 98 38 17 69 100 31 39 37 38 28 38 77 3 17 40 37 37 27 70 98 71 72 3 56 17 13 74 2 2
split_gain=13.6195 15.3329 18.1582 10.2592 7.88512 5.88547 11.3089 7.61154 7.12412 7.50505 6.81687 5.14052 7.73555 9.72814 8.18657 6.67123 5.13731 5.08745 6.75667 9.4844 7.5977 7.57967 11.4745 7.58953 7.30105 7.10273 10.8153 8.37681 5.84464 5.64272 8.66811 10.2791 7.64096 6.80107 5.94824 5.01763 6.13608 4.64772 4.6193 4.41277 5.08152 3.92548 4.10427 4.27111 3.88685 5.23835 3.66001 6.44958 6.05938 5.74086 4.06 1.6 0.102439
threshold=1311.2710000000002 0.63541666666666674 1294.6000000000001 2566.4000000000005 2800.1500000000005 30760.950000000004 39.250000000000007 222.30000000000004 12392.35 3.6250000000000004 33827.612847222226 27.925000000000004 35728.05000000001 4110.648836480982 34660.450000000004 17623.850000000002 1597.2 23809.900000000005 119.05000000000001 14.025000000000002 12.275000000000002 891.75000000000011 13442.100000000002 30792.700000000001 0.10069444444444446 4.0750000000000011 20.950000000000003 34492.450000000004 0.30902777777777785 3.8750000000000004 164.25000000000003 70.250000000000014 5.8750000000000009 28.775000000000002 7.2250000000000005 3824.1225759474082 14154.350000000002 5.5500000000000007 77.250000000000014 52.750000000000007 91.750000000000014 99.750000000000014 0.89100000000000013 0.10069444444444446 1704.8000000000002 1778.5500000000002 10308.850000000002 0.6078576107927941 129.75000000000003 3078.8500000000004 1342.4668645833337 2941.8500000000004 2653.3000000000006
decision_type=2 2 2 2 2 2 2 2 2 2 2 2 2 2 2 2 2 2 2 2 2 2 2 2 2 2 2 2 2 2 2 2 2 2 2 2 2 2 2 2 2 2 2 2 2 2 2 2 2 2 2 2 2
left_child=1 2 17 -4 -3 7 -7 -2 -8 10 -10 12 14 -14 15 16 -11 -1 20 29 21 22 23 -19 38 -23 -27 -28 -26 33 34 32 -32 -20 -31 51 -37 -9 -24 -18 -41 42 43 -33 45 46 -39 48 49 -48 -51 -5 -40
right_child=5 4 3 35 -6 6 8 37 9 11 -12 -13 13 -15 -16 -17 39 18 19 -21 -22 25 24 -25 28 26 27 -29 -30 30 31 41 -34 -35 -36 36 -38 44 52 40 -42 -43 -44 -45 -46 -47 47 -49 -50 50 -52 -53 -54
leaf_value=0.47709370172179683 -0.84150282527913589 -0.081138727924957035 -0.029318742195808049 3.5214192925182544 -0.006273972999162567 -0.51238407886219706 0.0046758182587267596 0.0078660859137240132 0.014223961094733435 -0.0020664194760630634 -0.011041907858074499 -0.061144669166568806 0.044314705392812979 -0.020317961321449595 -0.025599109357938486 0.00070664880621580987 -0.031503036694939049 1.080908293329804 3.1527295264345061 -2.4357851671020669 0.33272681336653748 0.74012666189114018 -0.062876493346602766 -0.60456176348716595 -0.076336583188943125 0.29536579201332502 -1.642367202513181 0.028272319496850482 0.0060585762721414096 0.014869760480624312 -0.19200219413754796 3.9641993559539985 0.0047532082564524861 -0.016371059872590063 -1.8170604454099941 0.0009684023754447502 1.1290320093980561 -0.67999651299441266 -1.353161828176358 0.00077509009560858852 -0.015389801909652291 0.00027211586722781676 0.0066335069498834141 0.025510374736473204 0.0038530690821803998 -0.22484063487899481 -0.0039321574646202671 -0.0068024131026860578 0.26149623550270756 -0.0018154320679740147 0.01652778788620838 3.2652678756921318 -1.7450912721705965
leaf_weight=31 22 33 32 20 29 35 21 21 21 34 22 21 20 22 34 32 32 27 38 23 25 21 23 32 27 24 27 23 23 23 20 25 29 25 28 31 30 21 20 24 31 29 20 20 21 23 21 22 21 22 21 20 21
leaf_count=31 22 33 32 20 29 35 21 21 21 34 22 21 20 22 34 32 32 27 38 23 25 21 23 32 27 24 27 23 23 23 20 25 29 25 28 31 30 21 20 24 31 29 20 20 21 23 21 22 21 22 21 20 21
internal_value=-0.000902421 -6.25782e-05 0.000339213 0.00368421 -0.00483871 -0.0020922 -0.00289398 -0.000790698 -0.00229299 -0.00269625 0.00116279 -0.00336 -0.00292576 0.000952381 -0.00379679 -0.00281046 -0.0038843 -0.000397351 -0.00061082 0.0005 -0.00167235 -0.00216418 -0.0034104 0.000169492 -0.00526316 0.000105263 -0.00135135 -0.004 -0.0024 0.00105058 0.000206186 0.00146853 -0.0022449 0.00365079 -0.00333333 0.00524752 0.00344262 -0.00015544 -0.0075 -0.00517241 -0.00345455 0.00340426 0.00476923 0.00644444 -0.000697674 -0.00125828 -0.00046875 0.000280374 0.00152941 0 0.00209302 0.008 -0.0095122
internal_weight=1363 799 737 133 62 564 349 215 314 293 43 250 229 42 187 153 121 604 573 280 293 268 173 59 114 95 74 50 50 257 194 143 49 63 51 101 61 193 64 87 55 94 65 45 172 151 128 107 85 64 43 40 41
internal_count=1363 799 737 133 62 564 349 215 314 293 43 250 229 42 187 153 121 604 573 280 293 268 173 59 114 95 74 50 50 257 194 143 49 63 51 101 61 193 64 87 55 94 65 45 172 151 128 107 85 64 43 40 41
is_linear=0
shrinkage=0.01


Tree=80
num_leaves=52
num_cat=0
split_feature=98 37 77 28 69 0 82 72 5 43 5 28 94 4 77 0 69 81 100 82 39 20 19 4 13 75 75 69 57 46 17 19 20 75 11 75 13 5 77 39 28 24 1 81 32 38 97 26 19 0 10
split_gain=9.19221 8.49715 11.7552 12.2734 10.1334 11.3144 10.1219 9.20861 9.67502 9.20435 9.0505 7.42069 9.24263 7.41176 6.87013 6.77871 8.57249 6.3 6.28691 7.0127 6.87813 6.28198 10.9815 5.96303 6.79539 6.14369 5.82165 5.49669 5.97345 8.97379 10.2727 7.92033 6.25303 9.2482 12.1984 9.2326 5.6 9.61897 5.34188 5.3133 7.88182 5.04664 4.7619 4.61731 4.43077 4.26087 4.17096 4.01111 4.8 3.59864 1.6
threshold=0.83680555555555569 85.750000000000014 4170.1411525310523 21.325000000000006 35478.250000000007 36031.600000000013 1499.5000000000002 938.20000000000016 3619.1200000000003 107.05999755859376 5694.8050000000012 28.775000000000002 563751.3196684377 1919.2800000000002 3447.4587137984013 32132.250000000004 34787.100000000006 3849.1576979230031 0.18402777777777782 -13.648000000000023 161.75000000000003 870.40000000000009 1720.1500000000003 3410.5950000000007 6544.2500000000009 418.30569969825666 370.40133136490539 34628.750000000007 -0.22252093395631442 107.53499984741211 196.50000000000003 541.05000000000007 976.1500000000002 381.29028747037279 40705.05000000001 614.79602684882423 6600.5000000000009 8383.1700000000019 3808.1504165804076 183.75000000000003 26.825000000000006 8.4250000000000025 14112.750000000002 4069.9685894477043 111.75000000000001 8.0750000000000028 0.21875000000000003 34.750000000000007 1266.7500000000002 35105.350000000013 32496.050000000007
decision_type=2 2 2 2 2 2 2 2 2 2 2 2 2 2 2 2 2 2 2 2 2 2 2 2 2 2 2 2 2 2 2 2 2 2 2 2 2 2 2 2 2 2 2 2 2 2 2 2 2 2 2
left_child=1 2 3 14 6 45 9 23 44 27 13 12 -7 -4 -1 26 -17 -2 19 -10 -21 -12 -23 -5 -25 -26 -15 28 29 30 36 39 43 -34 35 -35 42 -38 -27 40 -30 -8 -3 -33 -9 -6 -20 48 50 -29 -19
right_child=17 4 10 7 5 11 41 8 18 -11 21 -13 -14 15 -16 16 -18 47 46 20 -22 22 -24 24 25 38 -28 49 31 -31 -32 32 33 34 -36 -37 37 -39 -40 -41 -42 -43 -44 -45 -46 -47 -48 -49 -50 -51 -52
leaf_value=1.0741049544840546 0.0012627172133886405 -0.99851080188785579 -0.057998676944513321 -0.019117927778350027 0.095855809837019718 0.13054871352889183 0.59944469720813398 -0.013984362176392571 -1.3032662693575661 0.0060442273239865174 -1.7533023301510191 -0.59966469552098711 -0.5663277484531638 -0.073531141536380865 1.877256572271949 0.72363091018810832 -0.00063587164698211132 -0.015012090747324458 -0.0076920033281685941 0.008434711058921511 -0.037022555414559725 0.0044139031110144505 -0.078735278607156123 3.5366228818716547 -0.076284531532313557 0.0058686737804287074 0.015123436905973803 -0.14242790954654308 -0.14027611412429519 0.28139207861321952 -0.24565659163274439 0.032094850111195353 -0.068416769884804052 -0.0043165248377303742 0.052379331160126372 -0.72088667443342469 0.71787506962281156 -0.059098886102439664 2.399620987628813 -0.11888088964797888 0.0042892886432333022 -0.00079208645597748982 -7.8460975542300523e-05 -0.024171761893787506 0.032389929023238111 0.027989596301881976 0.0051176560780111461 -0.011162185647644696 0.00051353540602243222 -0.070416737425227166 -0.0019547226825481884
leaf_weight=22 30 25 24 31 23 31 31 20 21 39 21 31 22 22 28 29 31 20 21 26 34 30 21 38 26 39 20 21 24 28 22 32 27 28 28 24 23 22 36 35 20 25 35 20 32 23 20 36 20 28 20
leaf_count=22 30 25 24 31 23 31 31 20 21 39 21 31 22 22 28 29 31 20 21 26 34 30 21 38 26 39 20 21 24 28 22 32 27 28 28 24 23 22 36 35 20 25 35 20 32 23 20 36 20 28 20
internal_value=-0.000758123 -0.000500397 0.000371622 0.00137056 -0.00127436 0.00123077 -0.00188082 0.000697674 -0.00091954 -0.00234927 -0.00161616 -0.000952381 0.00132075 0 0.006 0.00117647 0.00333333 -0.00333333 -0.00245902 -0.00407407 -0.00233333 -0.00444444 -0.00254902 0.00235294 0.00323741 0.00188119 -0.00190476 -0.00276018 -0.00236641 -0.00083871 -0.0019685 -0.00336134 -0.00207547 -0.00345794 -0.00175 -0.00461538 -0.000666667 0.002 0.00333333 -0.00594937 -0.00363636 0.00214286 -0.00266667 0.000769231 0.00269231 0.00521739 0.000731707 -0.00458333 -0.003 -0.00591837 -0.005
internal_weight=1385 1259 592 394 667 130 537 344 174 481 198 84 53 126 50 102 60 126 122 81 60 72 51 170 139 101 42 442 393 155 127 238 159 107 80 52 105 45 75 79 44 56 60 52 52 46 41 96 60 49 40
internal_count=1385 1259 592 394 667 130 537 344 174 481 198 84 53 126 50 102 60 126 122 81 60 72 51 170 139 101 42 442 393 155 127 238 159 107 80 52 105 45 75 79 44 56 60 52 52 46 41 96 60 49 40
is_linear=0
shrinkage=0.01


Tree=81
num_leaves=55
num_cat=0
split_feature=68 1 34 34 31 98 71 31 19 78 37 34 64 90 20 44 90 98 98 68 30 35 69 37 7 30 63 20 35 24 73 78 31 91 37 37 2 23 70 20 68 23 37 64 19 1 79 78 78 37 68 90 2 69
split_gain=10.2972 13.3867 13.5666 12.756 17.2477 9.10512 10.7293 9.15948 8.76237 7.71454 7.63269 7.583 15.032 8.1 7.43565 8.96068 11.0498 8.47859 9.69818 8.74104 8.25355 7.04044 6.57042 6.7368 7.0327 10.6056 6.63701 6.24432 6.54962 7.20477 7.25034 11.0489 5.91842 8.15669 7.18567 9.96095 5.78738 5.50685 4.97771 4.8784 8.53752 4.81667 4.9 4.71344 4.23336 3.66959 3.6 3.5704 3.5461 3.51054 3.50303 2.8 2.75569 2.38095
threshold=1493.4000000000003 14908.950000000003 81.250000000000014 68.750000000000014 14.375000000000002 0.48958333333333343 1509.9500000000003 9.2750000000000021 408.85000000000008 1565.2354444444445 91.250000000000014 47.250000000000007 920.45000000000016 1285.1905500000003 2259.3500000000004 3.1074999570846562 689.16015000000027 0.24652777777777782 0.12847222222222224 1053.9650000000004 35.250000000000007 25.925000000000004 27359.450000000004 49.250000000000007 254.80500000000004 98.250000000000014 29279.350000000002 1166.1000000000001 25.775000000000002 6.3750000000000009 1099.2025000000001 668.89652430555566 4.3750000000000009 30015.031093750007 96.250000000000014 65.750000000000014 3173.3475000000003 99.250000000000014 1365.6245000000001 713.05000000000007 0.10200000000000002 99.250000000000014 74.750000000000014 1402.2900000000002 510.75000000000006 16919.200000000004 492.93845326491606 1216.9437881944448 806.66815277777789 96.750000000000014 905.63250000000005 1545.9538500000003 2886.6000000000004 33016.750000000007
decision_type=2 2 2 2 2 2 2 2 2 2 2 2 2 2 2 2 2 2 2 2 2 2 2 2 2 2 2 2 2 2 2 2 2 2 2 2 2 2 2 2 2 2 2 2 2 2 2 2 2 2 2 2 2 2
left_child=3 2 22 4 5 6 7 11 -4 14 -6 13 41 -1 15 17 -17 18 21 38 -18 -5 -2 26 25 37 -24 28 -22 52 31 -31 51 49 35 -35 -20 -25 48 53 46 42 -13 -14 -33 -42 -41 -10 -19 -34 -9 -3 -30 -23
right_child=1 32 8 9 10 -7 -8 50 47 -11 -12 12 43 -15 -16 16 20 19 36 -21 27 39 23 24 -26 -27 -28 -29 29 30 -32 44 33 34 -36 -37 -38 -39 -40 40 45 -43 -44 -45 -46 -47 -48 -49 -50 -51 -52 -53 -54 -55
leaf_value=-1.032762247324067 0.0074935912064686729 -0.0061793475697374612 -0.0072523581508415402 0.25891953039728355 0.003308735512627491 -0.0044056644883645989 2.3498200800548603 0.4877934595358363 0.0017161280659870406 -0.049675210475725817 -0.31108397527631371 -0.032505676021213493 3.65272102555809 0.012470693588187639 -2.504542234070525 0.041718786233348688 0.02182901698681811 0.019421838346530239 -0.4804860562073936 -0.0098865659737651223 -1.5684827811541247 -0.00050983035475018893 -0.66430340276601318 -0.0071133453471809525 0.0034270733551818935 -0.039560698180073718 -0.00202213896616966 -0.87296216692876605 -0.27282322320146835 0.39319704100541203 0.40225611580350179 -1.3671475286524788 -0.061380627831577321 -0.0078746385115085332 -0.017293056706817227 0.013662191704835035 -0.018926748500566526 0.0045088869613112478 3.2556937521497202 1.0640553752043258 0.026401630104026037 -0.083563951961088775 2.8060147128505935 1.1354809879115126 -0.027443367716013922 4.5204361201310919 -0.19547475097919459 0.017127474830662338 0.002014562400021601 -0.015971929566310449 0.3846351410689775 -0.033260557125702632 -0.021054457607823856 -0.075246921696543914
leaf_weight=20 35 24 21 24 20 36 21 22 20 30 32 20 29 20 37 25 25 27 25 21 27 21 31 25 38 36 21 31 23 29 23 21 24 37 27 21 29 28 21 20 21 24 20 20 22 22 20 31 20 22 33 21 21 21
leaf_count=20 35 24 21 24 20 36 21 22 20 30 32 20 29 20 37 25 25 27 25 21 27 21 31 25 38 36 21 31 23 29 23 21 24 37 27 21 29 28 21 20 21 24 20 20 22 22 20 31 20 22 33 21 21 21
internal_value=-0.000815884 -0.00203463 -0.000699301 -0.00020585 0.00141956 0.00245283 0.00318777 0.0025 0.00305556 -0.00105611 -0.00384615 0.00124183 0.00256637 -0.0025 -0.000798611 -0.000500928 -0.00190283 0.000684932 -0.00044335 0.00325843 -0.00261261 0.000872483 -0.00196262 -0.00273743 -0.00149606 -0.00303371 -0.00576923 -0.00329949 -0.00253012 -0.00165468 -0.000105263 -0.00166667 -0.00420455 -0.00312977 -0.00129412 0.000689655 -0.00407407 -0.000188679 0.005 -8e-05 0.0013253 -0.000625 0.0015 0.00673469 -0.00488372 0.0044186 -0.002 0.00529412 0.00319149 -0.00652174 0.006 -0.00733333 -0.005 -0.00285714
internal_weight=1385 462 286 923 317 265 229 208 72 606 52 153 113 40 576 539 247 292 203 89 222 149 214 179 127 89 52 197 166 139 95 72 176 131 85 58 54 53 68 125 83 64 40 49 43 43 40 51 47 46 55 45 44 42
internal_count=1385 462 286 923 317 265 229 208 72 606 52 153 113 40 576 539 247 292 203 89 222 149 214 179 127 89 52 197 166 139 95 72 176 131 85 58 54 53 68 125 83 64 40 49 43 43 40 51 47 46 55 45 44 42
is_linear=0
shrinkage=0.01


Tree=82
num_leaves=54
num_cat=0
split_feature=19 60 26 70 41 98 93 75 92 8 88 19 10 10 75 83 53 81 32 21 33 66 70 45 61 14 26 6 37 75 14 81 27 31 95 35 81 93 82 5 88 83 88 82 21 78 75 26 6 81 7 7 78
split_gain=9.35042 11.6394 10.0135 9.76771 8.24592 10.288 10.5819 8.60598 8.57155 8.44881 9.37144 8.08381 9.84046 11.7393 10.9406 9.62405 10.1288 9.01978 8.70095 7.80806 7.67051 7.55214 7.4014 7.16921 6.65466 6.4 6.36164 6.34056 5.85521 6.70823 8.98859 5.06842 4.9 4.85876 7.12224 5.93226 6.13636 5.36561 4.82177 6.95479 6.19286 5.86027 4.82077 5.00087 4.87905 4.60146 4.11418 4.07766 3.6 3.25766 3.00444 2.91255 2.60999
threshold=1291.3500000000001 1778.5500000000002 11.750000000000002 1682.5500000000002 87.750000000000014 0.12152777777777779 412.23105600539816 453.67620996676175 21760.474875000004 422.61828947368429 3106.65625 898.80000000000007 36452.500000000007 34279.500000000007 478.0589815176711 2792.3000000000015 1.5000000000000002 4015.4415566217394 232.25000000000003 26.725000000000005 43.250000000000007 1503.4000000000003 925.40000000000009 23359.000000000004 33245.600000000006 18778.650000000005 57.250000000000007 7904.005000000001 69.750000000000014 619.25079221756835 15496.200000000003 4282.8924084322962 32.250000000000007 7.7750000000000012 1.0000000180025095e-35 26.175000000000004 3840.4918116241056 393.48125000000005 -6.2805000000000168 3619.1200000000003 4061.842916666666 1925.8999999999999 4114.6629166666671 257.82900000000006 18.275000000000002 872.18789236111127 446.95139031296554 79.750000000000014 10022.355000000001 4201.8410032520032 70.545000000000016 1213.2300000000002 438.2365069444445
decision_type=2 2 2 2 2 2 2 2 2 2 2 2 2 2 2 2 2 2 2 2 2 2 2 2 2 2 2 2 2 2 2 2 2 2 2 2 2 2 2 2 2 2 2 2 2 2 2 2 2 2 2 2 2
left_child=1 3 -3 11 5 6 -2 -8 46 10 -10 15 13 14 20 16 18 27 38 25 -13 22 -17 -16 42 -6 -4 33 50 30 -30 48 -11 34 37 36 -35 -18 -1 40 -40 -41 43 -12 -44 -39 -7 -21 -14 -32 -19 -49 -9
right_child=4 2 26 -5 19 8 7 52 9 32 24 12 31 -15 23 21 17 28 -20 47 -22 -23 -24 -25 -26 -27 -28 -29 29 -31 49 -33 -34 35 -36 -37 -38 45 39 41 -42 -43 44 -45 -46 -47 -48 51 -50 -51 -52 -53 -54
leaf_value=0.40017249022376067 -0.02701076432032929 -0.017818163734095505 0.013525569787786684 1.0283806518162775 -2.3252297951635645 -0.0074502784926457734 -0.0077495739333922785 0.046297897401904743 -0.01864459612220002 -0.002186873855084938 0.0095541830174096787 0.0048283956204366657 9.5274941574099934 -0.039713940369393699 1.0441765114030397 0.58530303369194814 0.59115726743014829 -1.0056791698099621 -0.20112394726084767 -4.7107500604491621 -0.11282278978531458 3.0919736000172295 -0.13542345013803167 0.019038135945835675 0.028494227537546584 0.02237209107371425 -0.0068828499954101856 0.2592082457076646 0.021610726816949928 0.00098574608025822109 -0.024429985347698038 0.019212932390106519 -0.015391891927987587 0.026551971724834172 0.039488895803344519 -0.37874484325465246 -0.045012538259080394 -0.83838935567872397 0.004375994248806539 0.0021582586547350016 0.44483675139128537 -0.047888345703991447 -0.014125487320417421 -0.0014780371951299209 0.00066579296696739571 -0.0076061270098035797 -0.11528303631616646 -4.0179032415436629 3.0520179761397546 -0.093221222457549782 -0.94753577643713072 -0.048287461511928975 2.3319429583600684
leaf_weight=31 39 36 21 20 20 31 26 20 22 20 20 26 20 28 22 30 20 25 25 23 29 20 22 34 20 20 32 33 21 32 23 31 20 24 28 34 20 32 28 32 20 22 36 22 31 33 23 22 20 35 20 20 21
leaf_count=31 39 36 21 20 20 31 26 20 22 20 20 26 20 28 22 30 20 25 25 23 29 20 22 34 20 20 32 33 21 32 23 31 20 24 28 34 20 32 28 32 20 22 36 22 31 33 23 22 20 35 20 20 21
internal_value=-0.000844765 -0.000269107 -0.00370787 9.52381e-05 -0.00201754 -0.00128205 0.00132075 0.00373134 -0.00240816 -0.00141361 -0.000331126 -7.31707e-05 0.00161905 7.19424e-05 0.00153153 -0.000655738 -0.00111524 -0.002 0.00101266 -0.00447619 -0.00163636 0.00277778 0.000769231 0.00464286 0.000697674 -0.001 -0.000943396 -0.000714286 -0.00384615 -0.00261261 -0.00417722 0.00464789 -0.0055 -0.00141361 -8.84956e-05 -0.00333333 -0.000909091 -0.00152941 0.00203008 0.000980392 0.00375 -0.00148148 -0.000275229 0.00238095 -0.0019403 -0.00292308 -0.00592593 -0.00661538 0.007 -0.0062069 -0.00688889 -0.0047619 0.00658537
internal_weight=1385 929 89 840 456 351 106 67 245 191 151 820 210 139 111 610 538 380 158 105 55 72 52 56 129 40 53 224 156 111 79 71 40 191 113 78 44 85 133 102 48 54 109 42 67 65 54 65 40 58 45 42 41
internal_count=1385 929 89 840 456 351 106 67 245 191 151 820 210 139 111 610 538 380 158 105 55 72 52 56 129 40 53 224 156 111 79 71 40 191 113 78 44 85 133 102 48 54 109 42 67 65 54 65 40 58 45 42 41
is_linear=0
shrinkage=0.01


Tree=83
num_leaves=53
num_cat=0
split_feature=20 2 33 76 37 27 74 37 26 27 38 94 41 21 83 40 33 44 83 33 16 3 63 66 38 82 88 79 3 6 24 82 27 36 37 27 16 83 40 68 27 60 40 2 79 56 37 96 56 33 2 56
split_gain=8.80237 9.14266 9.03789 8.68079 9.11668 10.2816 9.20835 11.6313 7.6317 10.3738 7.00994 7.17201 9.45685 6.58122 6.63438 6.61508 8.46031 10.3287 9.9514 6.57785 6.84958 8.09209 8.56296 7.34758 6.23563 7.95555 6.15591 13.2089 8.80476 7.31174 8.91018 6.693 6 5.91307 6.44581 6.32331 6.09524 5.90446 5.59834 6.62844 5.56522 5.4961 5.30713 5.09259 4.82831 4.74797 4.20779 3.63114 3.49898 3.4632 3.43536 2.80143
threshold=2235.8500000000004 3532.3545000000004 75.250000000000014 40905.312500000007 14.250000000000002 12.750000000000002 1490.5771979166668 50.750000000000007 77.750000000000014 58.750000000000007 5.7750000000000012 623160.07419843762 84.750000000000014 24.125000000000004 1983.3499999999988 86.750000000000014 176.75000000000003 4.2660000324249276 1894.1999999999991 12.750000000000002 6105.7500000000009 14281.900000000001 28802.050000000007 748.22150000000011 3.3250000000000006 1028.1000000000001 5429.9989583333336 516.90924566878755 14468.950000000003 2827.7500000000005 12.625000000000002 0.10799999999998545 79.750000000000014 73.250000000000014 96.250000000000014 24.750000000000004 5323.5500000000002 2525.3999999999983 122.75000000000001 929.90000000000009 27.750000000000004 683.20000000000016 40.250000000000007 2679.6500000000005 586.09025266442688 -1.0000000180025095e-35 79.750000000000014 1.0000000180025095e-35 1.0000000180025095e-35 125.00000000000001 3118.0000000000005 1.0000000180025095e-35
decision_type=2 2 2 2 2 2 2 2 2 2 2 2 2 2 2 2 2 2 2 2 2 2 2 2 2 2 2 2 2 2 2 2 2 2 2 2 2 2 2 2 2 2 2 2 2 2 2 2 2 2 2 2
left_child=3 2 33 4 43 -6 8 -8 9 24 45 -12 -13 14 -10 42 17 18 -17 -11 21 22 32 -23 -7 26 29 46 -29 -26 31 48 -21 40 35 -35 -36 41 49 50 -2 -18 -15 -1 -27 -9 -28 -5 -31 -22 -40 -44
right_child=1 -3 -4 47 5 6 7 10 13 19 11 12 -14 15 -16 16 37 -19 -20 20 38 23 -24 -25 25 44 27 28 -30 30 -32 -33 -34 34 36 -37 -38 -39 39 -41 -42 -43 51 -45 -46 -47 -48 -49 -50 -51 -52 -53
leaf_value=-0.0078336496353856519 -2.5189641863455683 0.0040841971077089072 -3.1243667757098197 -0.091810666673932173 -0.10069112052549763 0.9559065956464341 -0.0080155101684249858 -0.045484275120183791 0.0021227600315131827 -0.42207431407557239 -0.0035973865751587619 0.0098224378183023372 -0.0040617252364328589 -0.003092343438868704 0.035482960259857026 1.7373068936824916 -0.026529477154345973 -0.44161942555917327 -0.064348088966246511 -0.046379315878863417 -0.024394529869856161 -0.0057391813976866947 -0.74276291110067039 0.75890657990129584 -0.019677793219999882 0.03815183545399025 -0.010301759712970605 -0.011669312342247455 0.33045499576524878 1.7269946252802511 -0.011365319377778351 0.00055597219126692901 0.064079381331849344 0.006648904543973321 -0.36859366149010814 -0.0017310381131920539 -0.0011347591498547041 2.8870159165661029 -0.031768365641423872 -0.091658668502694884 -0.003404868797272107 2.9441902775048745 0.38304784136421821 0.6842212430875978 0.00017056307113249729 -0.0052456680163682854 -1.0579658648432047 -0.069083939733088934 0.63157778638242623 -0.052954357849061794 3.1241910662845793 0.027325952399022579
leaf_weight=22 23 31 25 23 22 26 23 25 20 25 32 33 30 30 21 20 35 20 33 27 21 26 36 29 26 26 22 35 21 27 28 38 27 21 21 36 21 30 22 37 23 20 21 32 21 23 28 20 20 33 25 23
leaf_count=22 23 31 25 23 22 26 23 25 20 25 32 33 30 30 21 20 35 20 33 27 21 26 36 29 26 26 22 35 21 27 28 38 27 21 21 36 21 30 22 37 23 20 21 32 21 23 28 20 20 33 25 23
internal_value=-0.000801444 -0.00273632 -0.00364706 -0.000472973 -0.000306748 -0.00050598 -0.000366197 -0.00253012 3.33704e-05 -0.00057508 -0.00146853 0.000105263 0.00206349 0.00142857 0.00512195 0.000775862 -0.000379747 -0.00287671 -0.000566038 -0.00188312 -0.00144876 6.89655e-05 -0.00177778 0.00309091 0.000691824 0.000273973 -0.00044898 -0.00226415 0.00107143 0.000935252 0.0020354 0.00364706 0.000740741 -0.00268966 -0.00131313 0.000877193 -0.00428571 0.00176471 -0.00304348 -0.00142857 -0.00565217 -0.000181818 0.00324324 0.0037037 0.00404255 -0.00458333 -0.006 -0.00488372 0.00617021 -0.00555556 0.00106383 0.00545455
internal_weight=1385 201 170 1184 1141 1087 1065 166 899 626 143 95 63 273 41 232 158 73 53 308 283 145 90 55 318 292 245 106 56 139 113 85 54 145 99 57 42 85 138 84 46 55 74 54 47 48 50 43 47 54 47 44
internal_count=1385 201 170 1184 1141 1087 1065 166 899 626 143 95 63 273 41 232 158 73 53 308 283 145 90 55 318 292 245 106 56 139 113 85 54 145 99 57 42 85 138 84 46 55 74 54 47 48 50 43 47 54 47 44
is_linear=0
shrinkage=0.01


Tree=84
num_leaves=55
num_cat=0
split_feature=68 81 35 44 16 81 35 40 0 81 81 26 77 13 16 16 16 60 76 91 8 0 88 78 67 78 42 60 22 38 75 71 11 17 38 81 98 16 77 91 88 44 19 77 22 67 0 39 40 26 10 22 13 11
split_gain=11.4253 9.65567 9.02714 11.8694 15.2968 12.1026 8.8652 10.2979 8.29475 8.11833 8.06173 8.10934 9.0861 9.87941 8.01663 12.6062 9.03983 7.62222 7.34551 8.08349 7.33968 7.0856 8.46224 9.35894 9.07407 7.57576 7.42424 6.99969 7.64993 7.27402 6.50272 8.96411 6.35825 6.59757 7.03952 6.12255 5.88802 5.5254 5.47294 10.8376 5.46403 5.33333 5.2871 4.66667 6.19048 4.59188 4.20997 5.58338 4.15181 4.00424 3.91195 3.16068 2.66825 1.8087
threshold=1681.0000000000002 3849.1576979230031 26.275000000000002 4.2405002117156991 5420.1500000000005 3855.2648366648177 23.125000000000004 140.75000000000003 31854.100000000002 5107.5377601542868 4041.0224521181658 1.0000000180025095e-35 4029.0482985757658 1673.8000000000002 5177.6000000000013 6163.3500000000013 6533.5500000000002 1524.6500000000003 32758.548958333336 29303.536443750003 415.18881578947372 27201.650000000005 12674.79604166667 552.26638194444456 31570.700000000001 369.59608680555556 114.54999923706056 1602.2500000000002 88.250000000000014 5.4250000000000016 303.8725585219475 1278.9145000000001 41839.900000000001 157.35000000000005 6.6250000000000009 4324.3633357981971 0.045138888888888895 4309.7500000000009 4183.7506324684546 29798.329100000006 6643.1033333333335 2.5089999437332158 468.35000000000008 3652.3846287556626 90.250000000000014 29875.250000000004 31498.850000000002 184.25000000000003 149.25000000000003 63.250000000000007 28667.100000000002 90.750000000000014 4481.8000000000011 37932.850000000006
decision_type=2 2 2 2 2 2 2 2 2 2 2 2 2 2 2 2 2 2 2 2 2 2 2 2 2 2 2 2 2 2 2 2 2 2 2 2 2 2 2 2 2 2 2 2 2 2 2 2 2 2 2 2 2 2
left_child=2 -2 3 6 5 50 -1 14 40 10 11 -4 13 -13 27 43 35 37 19 41 -18 -15 23 25 45 -23 -26 28 29 -8 46 32 33 34 -32 -17 -34 -7 39 -35 53 -3 -30 -16 -45 -25 -12 -48 -49 51 -5 -20 -38 -6
right_child=1 18 9 4 8 17 7 -9 -10 -11 30 12 -14 21 15 16 20 -19 49 -21 -22 22 -24 24 26 -27 -28 -29 42 -31 31 -33 36 38 -36 -37 52 -39 -40 -41 -42 -43 -44 44 -46 -47 47 48 -50 -51 -52 -53 -54 -55
leaf_value=1.2275779669086959 0.013901210685107353 -0.0014626940321471067 -0.032248880982517408 0.063438587518530834 -0.21054945338957043 -0.29414957884125342 -1.9092219427574355 0.71314614691987321 0.00091433427234162532 0.033352086150114778 -0.082965944630756502 0.023914584670367795 2.44273024944283 -0.3030155862304118 0.27772745636804419 -0.0043928037596625107 2.4112220272036855 0.0041755418388716844 -0.001987609158062292 0.0040433551366318181 -0.0078177205581576956 0.96653937168545057 -0.085575458338343999 -0.013175300277580983 2.9401341257625666 3.7072298843933562 -0.01661810013561224 0.51630928101861284 -0.77541405298561583 -0.024191245216133726 -0.028222586945840178 1.6574691464487143 -0.02508996715823571 -0.33955158709278666 0.22883215882553715 -0.6071466373470179 -0.015973822072920134 -0.0077018345180974359 -3.2669525265812762 2.791077952600225 -0.0040610640966090338 -0.11916150395722568 0.27452675939575605 0.016585102274857436 1.7775347870233578 -0.12823314514288847 0.0020384516900046282 -0.20095777796534439 -0.028415708289602409 -0.085930575112516824 0.0009598691282203752 -0.022332033103408654 -1.0936540347213477 -0.031638749351018104
leaf_weight=37 32 24 21 25 26 24 24 20 25 20 24 21 25 25 28 23 20 35 26 23 36 20 32 25 27 24 33 20 23 29 31 24 21 20 35 20 21 21 32 21 20 24 25 30 26 23 20 28 26 21 22 33 24 20
leaf_count=37 32 24 21 25 26 24 24 20 25 20 24 21 25 25 28 23 20 35 26 23 36 20 32 25 27 24 33 20 23 29 31 24 21 20 35 20 21 21 32 21 20 24 25 30 26 23 20 28 26 21 22 33 24 20
internal_value=-0.000787004 -0.00311475 -0.000432612 0.000466321 -0.00137615 0.000866142 0.00157895 0.00104938 -0.00450549 -0.00126806 -0.00147595 -0.000217391 0.00027451 -0.000347826 0.000592105 0.00191257 -0.000505051 -0.0015 -0.00417219 -0.00183099 0.00214286 -0.00100478 -0.000326087 0.000657895 -0.000925926 0.00454545 0.00166667 -0.00140496 -0.00247525 -0.00509434 -0.00253823 -0.00161572 -0.00229268 -0.00107914 0.00121212 -0.00395349 -0.00484848 -0.00422222 -0.00315068 -0.000731707 -0.00636364 -0.00416667 0.000416667 0.0047619 0.00642857 -0.00416667 -0.00469388 -0.00351351 -0.00518519 -0.00625 0.00489362 -0.00491525 -0.00688889 -0.00826087
internal_weight=1385 183 1202 579 218 127 361 324 91 623 603 276 255 230 304 183 99 80 151 71 56 209 184 152 108 44 60 121 101 53 327 229 205 139 66 43 66 45 73 41 66 48 48 84 56 48 98 74 54 80 47 59 45 46
internal_count=1385 183 1202 579 218 127 361 324 91 623 603 276 255 230 304 183 99 80 151 71 56 209 184 152 108 44 60 121 101 53 327 229 205 139 66 43 66 45 73 41 66 48 48 84 56 48 98 74 54 80 47 59 45 46
is_linear=0
shrinkage=0.01


Tree=85
num_leaves=53
num_cat=0
split_feature=42 69 23 6 83 24 73 83 73 88 11 39 25 68 81 24 6 90 82 8 88 31 35 25 97 70 61 61 63 19 24 25 2 35 46 70 56 77 46 61 68 6 25 82 35 20 59 94 3 69 78 0
split_gain=9.9881 7.96427 7.30554 8.71325 7.4387 8.25146 8.79261 7.38761 8.13077 9.16411 8.2881 7.30253 8.24287 9.39242 9.61418 7.63636 10.0169 15.4542 15.4417 9.43416 7.85673 7.12263 9.0727 9.16209 9.03099 7.53437 6.43958 8.7033 8.51409 6.2696 6.13936 5.94024 9.56412 5.81818 5.50476 5.45206 5.41126 5.37207 5.34545 5.21917 4.9581 4.87853 4.74832 3.98053 6.34168 3.903 3.42857 2.81036 2.60999 1.85986 1.45066 1.10769
threshold=384.75000000000006 22337.600000000002 47.250000000000007 3515.7950000000005 2732.5000000000005 5.9750000000000005 0.99950000000000017 2116.9000000000001 933.3900000000001 4280.9985416666677 34999.80000000001 248.25000000000003 59.750000000000007 901.74750000000006 4334.1042881631738 9.3750000000000018 4322.4350000000004 1409.3635500000003 499.22050000000007 412.8120512820513 5647.3389583333346 3.5250000000000008 27.275000000000002 172.25000000000003 0.093750000000000014 1299.8000000000002 37265.750000000007 35282.250000000007 31581.750000000004 1001.35 6.5250000000000012 203.75000000000003 2585.9000000000005 26.725000000000005 103.43500137329103 1509.0000000000002 -1.0000000180025095e-35 3845.6240264388284 103.29500198364259 32527.500000000004 1380.8500000000001 4942.5950000000003 36.250000000000007 257.82900000000006 26.325000000000006 1373.95 1.0000000180025095e-35 662103.47813906276 14281.900000000001 33090.600000000013 933.70280555555553 33727.55000000001
decision_type=2 2 2 2 2 2 2 2 2 2 2 2 2 2 2 2 2 2 2 2 2 2 2 2 2 2 2 2 2 2 2 2 2 2 2 2 2 2 2 2 2 2 2 2 2 2 2 2 2 2 2 2
left_child=1 -1 4 7 5 43 -7 8 10 38 -4 12 15 14 26 19 36 50 20 30 -19 39 24 -24 51 40 27 28 31 -16 -5 32 -14 -31 -12 45 -17 -34 -10 -15 -26 -21 -9 44 -3 46 -8 -27 -43 -44 -18 -23
right_child=-2 2 3 11 -6 6 35 42 9 -11 34 -13 13 21 29 16 17 18 -20 41 -22 22 23 -25 25 47 -28 -29 -30 33 -32 -33 37 -35 -36 -37 -38 -39 -40 -41 -42 48 49 -45 -46 -47 -48 -49 -50 -51 -52 -53
leaf_value=2.9327225768881959 1.3681445417852478 0.79692208547140497 -2.8509456195446274 0.67060728852645379 1.4240125460912634 -0.040825684695644016 0.67131022970468279 -0.018128912537368515 0.0019674809962535074 -0.023197667409482814 -0.031613984181477275 2.5770825186745054 1.0994218430057194 0.0066518962985636712 -1.0110203154272797 -0.0061840049938365104 -1.0626108748356833 -0.016998151488796857 0.06993111349766469 0.00065375536476288158 0.0024985223765648409 -2.1373437085680811 0.011081377741670147 -0.17872536323205176 -0.11512013518194941 -0.030953711878684075 0.098268783920612252 -0.048654065778541894 3.4344868569978382 0.015884337958545009 -0.052117125775460432 2.5136606815454967 -0.087441219238918483 -0.52900995690347474 0.00024703464600274927 -0.00038396523820197101 0.003431544897429794 -0.018313407287754324 0.11658355214083083 -0.031076579717861028 0.0065443063454746399 0.090482450300058248 -0.1014715905134818 -0.065293084187600631 -0.023247813250605234 0.042159531668036154 0.068374669036628241 -0.030735762498566951 0.58044610896331494 -0.076564994229930863 -0.031306206908602356 -1.0366282561664424
leaf_weight=39 20 22 24 31 26 35 21 23 24 25 21 22 36 22 23 33 24 23 21 27 31 32 29 22 23 36 22 32 28 22 33 28 26 22 35 34 21 25 20 21 22 20 22 29 23 25 21 21 21 29 23 20
leaf_count=39 20 22 24 31 26 35 21 23 24 25 21 22 36 22 23 33 24 23 21 27 31 32 29 22 23 36 22 32 28 22 33 28 26 22 35 34 21 25 20 21 22 20 22 29 23 25 21 21 21 29 23 20
internal_value=-0.00101471 -0.0011194 -0.00125288 -0.00160563 0.000338983 -0.000285714 0.00117647 -0.00336323 -0.00208054 0.000434783 -0.00425 -0.00114014 -0.00129268 -0.00207031 -0.000757576 0 -0.00136364 -0.00295082 -0.000133333 0.00181818 -0.00296296 -0.00346774 -0.0042439 -0.000588235 -0.00545455 -0.00372549 0.00035533 -0.000285714 0.000769231 -0.00402985 -0.0009375 -0.000434783 -0.00172414 -0.00181818 -0.00214286 0.00267327 0.00222222 -0.0045098 0.00318182 0.000232558 -0.000666667 0.00441176 -0.00594595 -0.00297297 -0.00111111 0.00432836 0.00619048 -0.00614035 0.00658537 -0.00764706 -0.00744681 -0.00884615
internal_weight=1360 1340 1301 1065 236 210 136 223 149 69 80 842 820 512 264 308 176 122 75 132 54 248 205 51 154 102 197 175 143 67 64 115 87 44 56 101 54 51 44 43 45 68 74 74 45 67 42 57 41 51 47 52
internal_count=1360 1340 1301 1065 236 210 136 223 149 69 80 842 820 512 264 308 176 122 75 132 54 248 205 51 154 102 197 175 143 67 64 115 87 44 56 101 54 51 44 43 45 68 74 74 45 67 42 57 41 51 47 52
is_linear=0
shrinkage=0.01


Tree=86
num_leaves=53
num_cat=0
split_feature=67 10 85 78 41 46 41 38 34 26 69 72 64 41 87 33 83 83 91 20 44 46 41 20 100 41 26 91 7 67 83 34 33 41 83 21 33 83 44 39 44 10 5 19 7 69 69 5 83 21 10 87
split_gain=8.46537 11.2696 8.24468 5.68362 5.46762 8.77079 8.20457 7.16317 6.00149 8.76574 8.84714 11.9381 10.2707 7.97533 9.11376 7.91283 9.04715 7.57165 7.17834 6.9243 6.71361 6.69617 6.13636 5.87047 6.74595 8.11591 9.43158 10.5 8.02495 5.82553 6.66266 6.52588 6.96712 8.61784 5.6459 5.18766 5.18095 5.17696 5.12821 5.11082 5.11082 5.00087 4.45455 4.39414 3.95568 3.74376 3.65801 3.62143 3.48248 3.10787 2.04848 1.55172
threshold=25904.400000000005 19971.550000000003 1099.4530000000002 1119.7528854166669 109.25000000000001 102.89500045776369 102.75000000000001 2.5250000000000004 67.750000000000014 1.0000000180025095e-35 28509.500000000004 980.8850000000001 1299.8000000000002 62.250000000000007 0.031250000000000007 42.250000000000007 1595.2500000000002 3155.0499999999997 30143.473406250003 2508.6500000000005 2.8454999923706055 102.9650001525879 49.750000000000007 1811.9000000000003 0.52430555555555569 85.750000000000014 9.2500000000000018 30143.473406250003 1858.9600000000003 30912.500000000004 1534.8000000000013 72.750000000000014 128.25000000000003 85.250000000000014 1821.4499999999991 25.875000000000004 79.250000000000014 2454.0499999999961 2.9595000743865971 145.25000000000003 2.8545000553131108 34940.55000000001 6165.3450000000003 1865.7 20.825000000000003 32641.750000000004 31424.500000000004 9068.845000000003 708.54999999999939 21.625000000000004 29665.250000000004 0.11458333333333336
decision_type=2 2 2 2 2 2 2 2 2 2 2 2 2 2 2 2 2 2 2 2 2 2 2 2 2 2 2 2 2 2 2 2 2 2 2 2 2 2 2 2 2 2 2 2 2 2 2 2 2 2 2 2
left_child=1 -1 45 44 6 -6 7 34 9 15 21 12 20 14 39 16 -9 23 49 -16 -12 -11 -18 24 28 26 -26 -28 29 35 48 -32 33 36 -4 46 -33 -7 41 -13 -8 -34 -37 -25 -3 -2 -10 -47 -31 -15 -46 -40
right_child=2 3 4 -5 5 37 40 8 17 10 11 13 -14 18 19 -17 22 -19 -20 -21 -22 -23 -24 43 25 -27 27 -29 -30 30 31 32 38 -35 -36 42 -38 -39 51 -41 -42 -43 -44 -45 50 47 -48 -49 -50 -51 -52 -53
leaf_value=-2.0273227148024309 -0.073292198245008461 0.010587304605284072 -0.021113384997294444 -0.0036722680965739769 -0.20770309422169664 0.021460600238290158 -0.0077147236323651704 0.0032671113406877068 0.0049392132770065275 0.009628130805657201 -0.060264783643545212 0.032137992248858598 3.7374876285040886 -0.019359517836352626 -0.000265597123800595 -0.076749955517643784 -0.0037581172655745771 0.52999400322973456 0.00046491618184335169 -0.27405357630638727 1.44930813880948 0.033292358908056451 -0.72626417487415562 -1.5978875814643823 3.8087987605284095 -0.028210471469371567 4.6573580855057264 -0.06519314034137931 -1.714272931005691 -0.0014680018036857545 0.009499901097691445 -0.020611454149384187 -0.071172869725362436 0.07486519605960805 0.078244783017777375 -0.052193114111951842 0.00010470950220420276 -0.027453820418596356 -2.2467607888389676 -0.0014478665533673334 0.073912399345589783 0.014591202607546721 -1.0785246061881677 -0.070647391943521001 1.7890951659542964 -0.92965031360713812 -0.021773480197454811 -0.13053269194321271 0.011916119575290636 -0.017409613765767259 1.43304558553915 -0.14717545477858887
leaf_weight=23 26 20 20 28 26 23 20 29 22 39 20 31 20 29 39 30 20 20 21 22 38 22 24 25 20 35 24 32 23 29 30 30 20 28 37 22 21 25 29 20 31 22 22 37 20 28 20 20 32 22 24 20
leaf_count=23 26 20 20 28 26 23 20 29 22 39 20 31 20 29 39 30 20 20 21 22 38 22 24 25 20 35 24 32 23 29 30 30 20 28 37 22 21 25 29 20 31 22 22 37 20 28 20 20 32 22 24 20
internal_value=-0.00111765 0.00147826 -0.00135743 0.00304348 -0.00115286 -0.00378378 -0.000975387 -0.00116635 -0.00136502 -0.000469484 0.000340557 -0.000458015 0.00282051 -0.00184783 -0.000178571 -0.00300971 -0.00123288 -0.00204263 -0.00444444 -0.00278689 0.000689655 0.00377049 -0.00409091 -0.00226519 -0.00189189 0.00027027 0.00210526 0 -0.00254054 -0.00216138 -0.00141762 -0.0023 -0.00305882 -0.000886076 0.0022807 -0.0044186 -0.00333333 -0.00125 -0.00494505 0.00294118 0.00294118 -0.00238095 -0.00681818 -0.00516129 0.0046875 -0.00459459 -0.00190476 -0.00625 0.00147541 -0.00647059 0.00636364 -0.00714286
internal_weight=1360 115 1245 92 1171 74 1097 1046 989 426 323 262 78 184 112 103 73 563 72 61 58 61 44 543 481 111 76 56 370 347 261 200 170 79 57 86 51 48 91 51 51 42 44 62 64 74 42 48 61 51 44 49
internal_count=1360 115 1245 92 1171 74 1097 1046 989 426 323 262 78 184 112 103 73 563 72 61 58 61 44 543 481 111 76 56 370 347 261 200 170 79 57 86 51 48 91 51 51 42 44 62 64 74 42 48 61 51 44 49
is_linear=0
shrinkage=0.01


Tree=87
num_leaves=52
num_cat=0
split_feature=17 16 16 60 68 70 72 69 5 84 76 16 8 34 10 40 2 13 5 29 16 35 21 58 65 38 29 38 13 84 78 32 28 32 76 34 5 29 8 5 78 34 2 91 10 40 13 88 10 32 0
split_gain=8.86535 15.4408 11.4097 9.27859 7.67045 8.31169 6.97236 6.9706 9.11619 13.1577 12.5572 10.4559 10.2526 10.7265 9.73058 9.12537 7.42143 7.2562 10.3595 9.71537 7.14498 7.48999 6.8515 7.024 6.69643 6.61988 14.4857 6.27478 7.65262 6.1766 6.17623 6.14921 7.18022 6.78264 5.96929 7.20346 5.97847 5.86748 6.93946 5.71429 5.55703 5.51593 10.4056 5.40346 4.87013 4.33929 3.59864 3.00444 2.89403 1.94216 0.427907
threshold=15.700000000000001 4134.2000000000007 5292.2000000000007 1291.8000000000002 1383.5500000000004 1099.1000000000001 951.00000000000011 22337.600000000002 7871.3700000000017 1243.3241458333334 30297.568750000002 6128.4000000000005 422.61828947368429 63.250000000000007 34082.250000000007 73.250000000000014 2571.8000000000006 11026.400000000001 10624.590000000002 70.250000000000014 6343.1500000000005 26.775000000000002 29.425000000000004 0.25000000000000011 28864.900000000005 4.8250000000000011 84.250000000000014 7.625 6916.1000000000013 867.45457291666673 1708.8884375 246.75000000000003 24.875000000000004 53.250000000000007 34498.452083333337 46.750000000000007 3507.1850000000004 81.250000000000014 415.27973684210531 7742.4000000000005 1413.083510416667 80.250000000000014 2981.3000000000006 26736.393956250005 36882.80000000001 111.25000000000001 2298.8500000000008 7228.1575000000003 38729.100000000013 253.75000000000003 30063.100000000002
decision_type=2 2 2 2 2 2 2 2 2 2 2 2 2 2 2 2 2 2 2 2 2 2 2 2 2 2 2 2 2 2 2 2 2 2 2 2 2 2 2 2 2 2 2 2 2 2 2 2 2 2 2
left_child=1 4 3 6 5 39 -3 -2 9 22 43 12 13 24 16 41 -15 18 29 -19 21 -21 23 27 -11 -4 -27 28 -9 -17 37 32 33 -25 35 -35 -37 -13 40 -1 -39 -12 -43 -10 -34 -28 -40 -16 -33 -22 -29
right_child=7 2 25 -5 -6 -7 -8 8 10 11 15 30 -14 14 47 17 -18 19 -20 20 49 -23 -24 31 -26 26 45 50 -30 -31 -32 48 44 34 -36 36 -38 38 46 -41 -42 42 -44 -45 -46 -47 -48 -49 -50 -51 -52
leaf_value=-0.00051341407089787797 3.3852656700058459 2.0013591051517592 -0.032848549162566576 0.61143184610621704 -0.70280634110141937 0.85626866257967837 -0.25509414328585966 -0.25338696283115952 2.5846421190872322 0.0026975251232617911 -2.3143453058556278 0.015116298357871467 -0.013495477003040242 0.0041805957934066855 0.026327961379813289 -0.030860812931659334 -0.17400096933283452 -0.12274095850342587 -0.040278430071211756 0.32692693844767517 2.1484416202011958 -0.089880061066468162 0.050190797201899125 0.00024722027078072774 0.03786518051474385 -0.1563017134983416 0.31545222142564638 -5.6210213424155793 -0.0024836379453687684 1.1749291407928848 -0.0086428880112526321 -0.034265785275995164 0.15464834240420858 -2.9390845928729847 -0.063332147247281909 -0.038304838383185283 0.0096476185868276491 -0.022302699276395652 0.00079547765694527753 -0.57634066551881491 -0.02253313047568143 0.061886629634888404 -0.84909401180519783 0.00054341324228033227 -0.010951450182635467 0.0057903114898284662 -0.026882586462665607 -0.0042744536069141493 -0.11082941322297069 9.1765717015261394 -3.1509749970266387
leaf_weight=24 36 26 35 38 32 21 23 30 22 28 33 22 25 20 25 27 27 34 31 27 20 20 20 39 32 24 24 20 39 22 24 23 20 22 23 27 29 33 28 21 23 20 39 20 22 32 21 20 21 23 23
leaf_count=24 36 26 35 38 32 21 23 30 22 28 33 22 25 20 25 27 27 34 31 27 20 20 20 39 32 24 24 20 39 22 24 23 20 22 23 27 29 33 28 21 23 20 39 20 22 32 21 20 21 23 23
internal_value=-0.00111765 0.0004 0.0019802 0.00471264 -0.00285714 -0.000909091 0.00183673 -0.00154717 -0.00169922 -0.00236152 -0.00035503 -0.000914634 0.000734463 0.00171053 -0.000434783 -0.00108108 -0.00361702 9.80392e-05 -0.00225 0.0016129 0.00333333 0.000638298 -0.00368715 -0.00402367 0.005 -8.69565e-05 0.0015 -0.00607143 -0.0042029 0.000612245 -0.00284768 -0.00300885 -0.0021978 -0.00328571 -0.00465347 -0.00333333 -0.00142857 -0.0019685 -0.00295238 -0.00333333 -0.00535714 -0.00369565 -0.00186441 0.0047619 0.00142857 0.00428571 -0.000204082 0.00288889 -0.00636364 0.00627907 -0.00906977
internal_weight=1360 300 202 87 98 66 49 1060 1024 686 338 328 177 152 92 296 47 204 80 124 90 47 358 338 60 115 80 112 69 49 151 226 182 140 101 78 56 127 105 45 56 92 59 42 42 56 49 45 44 43 43
internal_count=1360 300 202 87 98 66 49 1060 1024 686 338 328 177 152 92 296 47 204 80 124 90 47 358 338 60 115 80 112 69 49 151 226 182 140 101 78 56 127 105 45 56 92 59 42 42 56 49 45 44 43 43
is_linear=0
shrinkage=0.01


Tree=88
num_leaves=52
num_cat=0
split_feature=66 94 62 26 30 69 26 41 78 19 19 63 94 26 40 90 30 69 28 28 75 28 35 81 41 17 75 14 21 26 19 40 81 71 0 45 63 0 69 88 74 0 63 14 71 62 42 74 14 14 14
split_gain=11.7462 9.9478 12.3211 13.7647 10.732 8.70234 11.2303 17.7225 10.9211 9.52438 9.54158 8 7.79834 7.65541 7.49969 7.35782 7.11963 6.86138 7.22181 6.48262 6.41778 6.25 5.99489 9.64549 8.18569 5.93783 5.87511 5.74848 7.63302 9.11867 10.5218 5.79884 5.74957 5.45489 7.62591 6.17872 5.32009 4.91071 6.21429 4.66667 4.50134 4.26087 3.94347 3.92567 3.71212 3.663 3.52974 2.82547 3.1094 2.78325 4.55138
threshold=1170.5690000000002 824690.68068468769 1143.4135000000003 2.7500000000000004 82.750000000000014 30368.250000000004 106.25000000000001 82.750000000000014 825.39837152777784 898.80000000000007 1014.7500000000001 27096.800000000007 557472.08952906274 40.250000000000007 28.000000000000004 776.0812500000003 63.250000000000007 35050.750000000007 21.425000000000004 28.525000000000002 401.78082941626946 22.075000000000006 27.125000000000004 4041.0224521181658 47.750000000000007 45.300000000000004 638.4004935525146 21428.350000000002 26.875000000000004 0.75000000000000011 1503.1500000000003 76.250000000000014 4516.7335329813641 1438.8910000000003 31248.250000000004 24365.000000000004 26889.850000000002 36839.400000000009 33980.80000000001 6035.8839583333338 625.76717708333342 31901.800000000007 27998.050000000007 11177.550000000001 793.2700000000001 372.90950000000004 136.80000305175784 1502.1368854166667 14914.200000000003 17656.200000000001 13642.450000000003
decision_type=2 2 2 2 2 2 2 2 2 2 2 2 2 2 2 2 2 2 2 2 2 2 2 2 2 2 2 2 2 2 2 2 2 2 2 2 2 2 2 2 2 2 2 2 2 2 2 2 2 2 2
left_child=5 2 3 44 -5 6 7 8 36 16 -11 -10 13 17 -14 -16 19 18 41 39 -8 -20 24 43 -17 -23 42 28 29 -12 -31 -32 -29 34 46 -36 -1 38 -30 -7 -9 -4 -18 -24 -2 -6 -26 -35 -49 50 -44
right_child=1 -3 12 4 45 9 20 40 11 10 27 -13 14 -15 15 22 26 -19 21 -21 -22 25 23 -25 33 -27 -28 32 37 30 31 -33 -34 47 35 -37 -38 -39 -40 -41 -42 -43 49 -45 -46 -47 -48 48 -50 -51 -52
leaf_value=1.2589587434742275 0.0014061698968770141 -0.28854211932364099 -0.01336052223300984 -0.0037169894197210218 0.06214096163019036 -0.038163379153519202 0.39175848963814547 -1.6535542143334396 0.0089903293432317347 0.25680124293084405 -3.2838786706835648 -1.0190265402956771 0.025779446074477821 0.029726862879087764 0.11730610630397049 0.0054304183288361929 -2.5134437800546365 -0.071984607221087182 0.34842494367539922 -1.2126969419185505 6.6383549698482307 0.033535483845646065 0.00033440213582943773 -0.0063686706190366846 -0.48443918685063764 -0.0037046115913150234 -0.0048440125206878782 1.2486499673700806 -0.041136879978590619 -0.031092344494120516 2.8231573128255345 3.8302993875969188e-05 -0.058359330485100731 -0.055837234322376653 0.015253482524185331 -0.0073426956632988019 0.012182688088105714 -0.01064418682312721 -1.9177045669577564 1.8297372882156402 -0.011833988537545482 0.0048594273352703535 -0.97676276598964851 0.38246049836975088 -0.36870819870803084 0.11606385982535997 -0.0091113658375574953 -0.01215242364390162 -0.00075106793939629937 -0.40487106459482269 -0.016875867027155531
leaf_weight=26 24 23 23 30 30 21 20 27 25 32 23 25 32 26 24 34 31 30 24 23 25 21 20 26 23 27 30 27 27 38 20 21 20 24 27 20 38 32 29 21 20 23 33 21 20 35 32 23 20 38 26
leaf_count=26 24 23 23 30 30 21 20 27 25 32 23 25 32 26 24 34 31 30 24 23 25 21 20 26 23 27 30 27 27 38 20 21 20 24 27 20 38 32 29 21 20 23 33 21 20 35 32 23 20 38 26
internal_value=-0.00101471 -6.0423e-05 0.000172144 0.00280576 0.00494737 -0.00191977 -0.000194175 -0.00142857 0.000701754 -0.00264228 -0.00137546 -0.0028 -0.00056 0.00114943 -0.00147239 -0.00197279 -0.0041704 0.00027027 0.00135593 -0.00138462 0.00422222 0.00333333 -0.00244444 0.000149254 -0.00330049 0.00125 -0.00531646 -0.00206751 -0.00284211 -0.000980392 0.000632911 0.00414634 0.00106383 -0.00420118 -0.0027451 0.000212766 0.0034375 -0.005 -0.00678571 0.000952381 -0.00659574 -0.00173913 -0.00625 0.00317073 -0.00181818 0.00723077 -0.00527273 -0.00641791 -0.00488372 -0.00525773 -0.00389831
internal_weight=1360 662 639 139 95 698 206 161 114 492 269 50 500 174 326 294 223 148 118 65 45 72 270 67 203 48 158 237 190 102 79 41 47 169 102 47 64 88 56 42 47 46 128 41 44 65 55 67 43 97 59
internal_count=1360 662 639 139 95 698 206 161 114 492 269 50 500 174 326 294 223 148 118 65 45 72 270 67 203 48 158 237 190 102 79 41 47 169 102 47 64 88 56 42 47 46 128 41 44 65 55 67 43 97 59
is_linear=0
shrinkage=0.01


Tree=89
num_leaves=53
num_cat=0
split_feature=14 61 2 96 7 73 41 34 34 38 27 33 80 88 41 44 19 2 7 68 14 75 34 14 88 98 61 45 83 17 44 34 62 0 31 93 88 39 34 44 83 33 2 31 17 25 25 19 7 2 0 38
split_gain=8.95531 6.90582 6.16493 7.08291 9.07489 10.9932 10.9478 9.72614 9.50054 7.81798 14.0316 10.6108 9.76573 8.64632 8.50189 7.32745 7.45305 7.26003 8.70555 10.5637 6.99429 6.75117 6.41046 6.24445 7.1384 6.04082 6.02717 5.98373 6.95297 5.97863 6.30725 5.79414 7.61941 6.55895 10.0833 5.03642 7.5411 12.3472 5.02064 4.70648 4.60668 4.2964 4.23345 4.19254 7.50183 3.93579 3.41811 3.17171 2.70941 2.69652 2.5 2.43203
threshold=11654.500000000002 23034.050000000003 3581.0250000000005 1.0000000180025095e-35 17.595000000000002 1021.4055000000002 104.75000000000001 90.750000000000014 98.250000000000014 4.9750000000000005 78.250000000000014 42.250000000000007 30063.291319444445 4170.1847916666675 64.750000000000014 2.5159999132156377 205.50000000000003 3326.6500000000001 20.505000000000006 1.0160000000000002 16891.100000000002 490.64145804114008 95.750000000000014 15679.150000000003 14403.493124999999 0.30208333333333343 29055.950000000001 24373.000000000004 2116.9000000000001 99.050000000000026 5.8579998016357431 41.750000000000007 1299.8000000000002 32683.200000000004 8.5750000000000028 410.74342105263162 3840.8722916666661 190.75000000000003 88.750000000000014 2.4129999876022343 1821.4499999999991 157.75000000000003 3110.1500000000005 12.950000000000001 55.500000000000007 101.25000000000001 63.250000000000007 942.9000000000002 20.545000000000005 2768.3000000000006 35238.000000000007 7.875
decision_type=2 2 2 2 2 2 2 2 2 2 2 2 2 2 2 2 2 2 2 2 2 2 2 2 2 2 2 2 2 2 2 2 2 2 2 2 2 2 2 2 2 2 2 2 2 2 2 2 2 2 2 2
left_child=35 -2 3 4 7 6 9 15 29 10 13 25 -13 -6 -14 -3 -17 18 19 -5 -4 -22 41 -20 27 49 -15 47 -29 30 43 -31 -33 34 -34 36 -1 -38 -19 45 -28 -16 -27 44 -7 48 -18 -25 -37 -11 -30 -39
right_child=1 2 20 17 5 8 -8 -9 -10 11 -12 12 14 26 22 16 46 38 23 -21 21 -23 -24 24 -26 42 40 28 50 31 -32 32 33 -35 -36 39 37 51 -40 -41 -42 -43 -44 -45 -46 -47 -48 -49 -50 -51 -52 -53
leaf_value=0.027609379244892721 0.20333578724723325 -0.0035047266448073734 0.19947216595198641 0.0035653179734670059 0.10060886570449754 -0.012972319355483998 -0.050343550292893946 -0.099152474205764701 0.062191041077485652 0.3946804704131141 1.0647871264344506 0.21151714813713052 -0.062212719477678126 -0.0029745470199744584 2.8330359866016024 -0.0055438823081387905 0.014401336728477621 -0.96872878167583765 0.22570097435627612 -3.119154323611431 -0.056228272625327452 0.0073800238860151435 -0.15901353606167376 -0.010579635514216326 0.57910298533896565 0.0059399577330119203 -0.43409126834435469 -0.10815771195459575 0.012874345274269011 0.0092469207469539332 -0.00067700057463693111 0.011471654303425878 0.01218634539345631 -0.020061793929989406 -0.0093197377367876741 -0.027765554746227959 -1.1149154143211513 0.0095828057410604212 -0.043594011445947115 -3.6135258796606173 -0.056178072385394913 -0.020340037090183678 -0.0029376084478869129 -0.11372119370910681 -0.16353531538241065 0.0019146652919053706 2.1091745314309156 0.0069912340705471279 -0.55199088863010404 2.6142153692188423 -0.030500494682658134 -0.010235237744935028
leaf_weight=25 31 20 35 21 20 28 25 31 29 20 21 26 24 22 20 21 29 31 27 31 22 28 23 34 34 20 26 29 20 21 30 35 24 25 24 21 25 20 22 36 27 21 21 33 24 25 37 23 20 31 20 22
leaf_count=25 31 20 35 21 20 28 25 31 29 20 21 26 24 22 20 21 29 31 27 31 22 28 23 34 34 20 26 29 20 21 30 35 24 25 24 21 25 20 22 36 27 21 21 33 24 25 37 23 20 31 20 22
internal_value=-0.000794118 -0.000463122 -0.000590308 -0.0008 -0.000290237 -0.000806452 0.00037464 0.00202899 -0.00230769 0.000869565 -0.0012069 0.00203883 0 -0.00284211 -0.00159091 0.00345794 0.00471264 -0.00212329 -0.00138075 -0.005 0.002 -0.0004 0.0003125 -0.000374332 -0.001125 0.00456522 -0.0044 -0.00222222 -0.0042029 -0.00295082 -0.0046087 -0.00147287 -0.00240741 -0.00424658 -0.00208333 -0.00278351 -0.00108696 -0.00283582 -0.0054717 -0.00431373 -0.00622642 0.00268293 0.00170732 -0.006 -0.00423077 -0.00272727 0.00636364 0.000175439 -0.00463415 0.00686275 -0.0015 0.00047619
internal_weight=1360 1166 1135 1050 758 620 347 138 273 322 116 206 114 95 88 107 87 292 239 52 85 50 64 187 160 92 75 126 69 244 115 129 108 73 48 194 92 67 53 102 53 41 41 85 52 66 66 57 41 51 40 42
internal_count=1360 1166 1135 1050 758 620 347 138 273 322 116 206 114 95 88 107 87 292 239 52 85 50 64 187 160 92 75 126 69 244 115 129 108 73 48 194 92 67 53 102 53 41 41 85 52 66 66 57 41 51 40 42
is_linear=0
shrinkage=0.01


Tree=90
num_leaves=53
num_cat=0
split_feature=66 91 72 72 43 43 94 62 77 21 13 43 38 25 28 20 2 89 68 81 94 8 43 23 36 43 20 62 13 13 8 3 17 66 86 98 13 81 3 91 79 0 38 44 98 68 8 94 45 2 0 25
split_gain=8.99798 15.6424 10.2302 9.80671 9.17465 7.48625 7.25769 8.04762 6.89716 11.9311 11.5382 7.9302 9.60342 7.59993 6.83342 12.23 8.03195 6.78698 7.10911 7.05333 6.37449 5.71765 7.25813 8.36742 6.67361 6.03609 10.5485 6.89513 9.11622 8.8 8.49123 10.9059 8 8.2963 7.44974 5.53525 5.49317 7.00205 5.33622 5.12256 4.93043 5.64198 4.82655 4.66667 4.37576 4.1806 3.64269 2.94897 1.99481 1.6 1.6 1.09394
threshold=1156.6450000000002 21614.774725000007 0.81050000000000011 1297.9565000000002 67.674999237060561 66.510002136230483 521574.69235406263 1249.0500000000002 3574.9728870616432 28.075000000000006 11469.400000000001 75.604999542236342 5.325000000000002 150.75000000000003 26.175000000000004 2162.9000000000001 2773.6000000000004 1517.5697062500001 1.1920000000000004 4096.6161616060772 806319.9542462501 404.61532142857146 85.969997406005874 47.250000000000007 84.250000000000014 83.990001678466811 1645.3500000000001 742.00000000000011 3599.2000000000003 1402.4500000000003 422.5526315789474 14844.900000000001 45.300000000000004 1599.3500000000001 0.78700000000000003 0.59375000000000011 1711.1500000000003 4205.260920873855 15368.750000000002 34044.771868750009 423.65714810405308 30972.550000000003 5.9250000000000016 2.6610000133514409 0.10763888888888891 1.2160000000000002 415.27973684210531 748677.38033750025 23009.500000000004 2523.2500000000005 32561.650000000005 43.750000000000007
decision_type=2 2 2 2 2 2 2 2 2 2 2 2 2 2 2 2 2 2 2 2 2 2 2 2 2 2 2 2 2 2 2 2 2 2 2 2 2 2 2 2 2 2 2 2 2 2 2 2 2 2 2 2
left_child=1 48 43 4 5 39 -6 8 9 13 11 -10 50 44 15 16 -5 18 19 -12 21 40 25 -24 -25 27 -27 -23 29 -29 31 42 -31 34 -34 -26 -14 46 51 -3 41 49 -30 -2 -8 -11 -38 -16 -1 -4 -13 -35
right_child=2 3 20 14 6 -7 7 -9 10 45 17 12 36 -15 47 -17 -18 -19 -20 -21 -22 22 23 24 35 26 -28 28 30 32 -32 -33 33 38 -36 -37 37 -39 -40 -41 -42 -43 -44 -45 -46 -47 -48 -49 -50 -51 -52 -53
leaf_value=0.48613870562552564 0.011962945266862082 -0.0016448419306337458 -0.00016522610039090114 -0.025682536107024506 1.8189828841521922 -2.3556418114571205 -0.042720067308320342 0.98620590318666534 -1.4224758300209237 0.015671814641806985 0.0058306888099583709 -0.38533173844842666 -0.060135515957789175 -1.8393530846012485 -1.1648768214435996 -2.8830700809529857 0.6998753674097421 1.7903481700191748 0.84431309931472442 -4.5801149568609043 -0.29709385188036541 -1.5831754893385641 0.013606902986845207 -0.00080507993548395689 -0.086154437924714639 -0.001114457705160902 0.014912653910178162 0.011703691804769401 0.010531182023741748 0.028325950796867203 -0.0022755007043943629 -0.016592688024352844 0.028891218802885962 -0.011914813308023296 -0.011999696434159039 -0.020173863942176806 -0.18109877553265258 0.068811313734200324 -0.0090444048179355446 -0.48176923739732175 0.37409078637935411 0.11589474596916403 1.1408439347410366 9.5158411117786486 0.1810022817965514 4.5832369471910956 0.018242924203341181 -0.38966691828755751 0.010704221999794476 -0.15877889500526957 -0.10146186312388344 -0.036050471703138021
leaf_weight=22 21 37 20 26 32 24 33 20 35 26 20 20 22 27 34 23 21 33 21 30 28 20 32 36 33 24 20 33 26 21 38 25 21 20 33 31 23 23 28 22 36 29 25 21 22 23 22 29 20 20 20 24
leaf_count=22 21 37 20 26 32 24 33 20 35 26 20 20 22 27 34 23 21 33 21 30 28 20 32 36 33 24 20 33 26 21 38 25 21 20 33 31 23 23 28 22 36 29 25 21 22 23 22 29 20 20 20 24
internal_value=-0.000850909 -0.0016338 -1.50376e-05 -0.00200599 -0.00140187 -0.00445783 -0.000840708 -0.00119048 -0.0015 0.000381679 -0.00241636 -0.00406061 -0.00292308 -0.00195122 -0.00443609 -0.00228571 0.000638298 0.000192308 -0.0015493 -0.0036 -0.000337079 -0.000117647 -0.000571429 -0.00257576 -0.004 0.000167598 0.00363636 -0.000318471 6.80272e-05 -0.00133333 0.0022807 0.00421053 -0.00238095 -0.00333333 -0.00037037 -0.0059375 -0.00111111 0.000294118 -0.00555556 -0.00254237 0.002 0.000434783 0.00686275 0.0047619 0.000181818 0.00428571 -0.002 -0.0068254 0.00428571 -0.002 -0.007 -0.00772727
internal_weight=1375 710 665 668 535 83 452 420 400 131 269 165 130 82 133 70 47 104 71 50 623 595 490 132 100 358 44 314 294 180 114 76 147 126 54 64 90 68 72 59 105 69 51 42 55 49 45 63 42 40 40 44
internal_count=1375 710 665 668 535 83 452 420 400 131 269 165 130 82 133 70 47 104 71 50 623 595 490 132 100 358 44 314 294 180 114 76 147 126 54 64 90 68 72 59 105 69 51 42 55 49 45 63 42 40 40 44
is_linear=0
shrinkage=0.01


Tree=91
num_leaves=52
num_cat=0
split_feature=63 35 13 28 63 67 60 88 62 46 46 24 77 94 21 60 24 65 62 67 45 97 77 77 14 94 29 46 93 81 3 3 29 97 46 46 29 87 81 23 33 65 65 3 89 26 24 10 22 97 21
split_gain=8.59289 7.25001 8.06086 7.5883 7.5625 7.48176 13.106 11.3588 10.3994 9.24052 8.9332 8.5452 8.21278 7.55982 8.0719 7.49415 7.13627 6.5153 6.26211 11.0269 6.90392 8.05411 5.83363 6.2291 6.88128 10.2372 5.77214 5.40192 5.29805 7.02917 5.96522 5.61061 5.24521 8.67366 5.75197 6.05864 4.93458 4.9 4.84 4.75152 4.69866 4.26039 8.76633 6.6621 6.35631 4.05867 3.71561 3.65801 2.5729 2.38095 0.519298
threshold=35370.30000000001 23.125000000000004 12936.100000000002 29.275000000000002 32186.150000000005 28181.150000000005 1367.9500000000003 8016.4429166666669 1360.5360000000003 106.02999877929689 102.91500091552736 9.5750000000000011 4666.1556419380531 581936.01268093765 20.325000000000006 1661.6500000000003 4.5250000000000012 36273.950000000004 937.39800000000014 25904.400000000005 22756.000000000004 0.28125000000000006 3586.1657957182765 3828.8459962376305 13913.600000000002 565497.93354343774 86.250000000000014 104.28499984741212 421.82539473684216 4367.7446766027979 14018.950000000003 14738.85 91.250000000000014 0.42708333333333343 106.36000061035158 103.43500137329103 90.750000000000014 0.55208333333333337 4059.6307011434701 53.250000000000007 103.75000000000001 33642.000000000007 28235.150000000005 14193.200000000003 1213.00554375 1.7500000000000002 9.2750000000000021 30443.900000000005 85.750000000000014 0.072916666666666671 28.425000000000004
decision_type=2 2 2 2 2 2 2 2 2 2 2 2 2 2 2 2 2 2 2 2 2 2 2 2 2 2 2 2 2 2 2 2 2 2 2 2 2 2 2 2 2 2 2 2 2 2 2 2 2 2 2
left_child=1 27 5 4 -4 7 10 15 9 11 16 -8 13 14 -12 18 -7 49 19 -3 -20 47 26 48 25 -25 -10 -1 29 30 38 -32 33 -26 35 -35 39 -9 -15 -18 -27 42 43 44 -41 -34 -33 -22 -24 -2 -44
right_child=17 2 3 -5 -6 6 8 37 22 -11 12 -13 -14 28 -16 -17 36 -19 20 -21 21 -23 23 24 32 40 -28 -29 -30 -31 31 46 45 34 -36 -37 -38 -39 -40 41 -42 -43 50 -45 -46 -47 -48 -49 -50 -51 -52
leaf_value=0.38671017950467268 -2.317302219071105 0.027352994367118723 2.8912051152913194 -1.8312956036980723 0.0073972901803955726 0.00090107960320744628 1.4780148835557336 2.1681492926717372 -0.0018063999182153145 -0.0030178250058549771 -0.016010536334596436 0.0013629588171405369 -0.9991112436460603 0.046911827918156464 0.11757042895424841 0.011586654886721707 -0.079410284835122621 -0.022177982900162457 0.13895462895542912 -0.7575063655472587 -0.16553235343165207 -0.050246852038511154 9.4992055428606977e-05 0.060154400460505929 0.15005364243448452 -0.020065163514086323 -0.036219845957128849 -0.0026332244501895263 -0.048121358547120477 0.004066412573460884 -0.066215506957727974 8.5495821020802892e-05 -0.0071569674379825358 -0.042142555380045021 -0.059934068587374496 0.00095149593808816423 0.0018213380930228696 0.022286155681092136 -0.037560051196911026 -1.6487343021528069 0.0015460396278017502 -0.042010854329546599 -3.0559138845946205 -0.010111824119567854 -0.17092457776166761 -0.03176007378057992 -0.070438456610206646 0.0082312972558181308 0.19880553120445146 -0.094033265977197369 -1.0048661852077816
leaf_weight=32 21 36 32 38 32 37 32 20 31 25 31 27 21 25 38 21 27 27 26 34 20 24 20 35 22 21 24 20 25 32 22 27 23 22 27 29 22 20 20 31 23 21 37 32 24 22 21 22 33 21 20
leaf_count=32 21 36 32 38 32 37 32 20 31 25 31 27 21 25 38 21 27 27 26 34 20 24 20 35 22 21 24 20 25 32 22 27 23 22 27 29 22 20 20 31 23 21 37 32 24 22 21 22 33 21 20
internal_value=-0.000763636 -0.00058193 -0.000733652 0.00196078 0.0040625 -0.000972222 -0.00136706 0.000672646 -4.80769e-05 0.00309524 -0.00243665 0.00525424 -0.00114504 -0.000622407 0.00217391 -0.000382514 -0.00378486 -0.0042029 -0.00111111 0.00114286 -0.00282609 -0.00454545 -0.000843373 -0.000252708 -0.000982143 0.00139241 -0.00381818 0.00307692 -0.00174419 -0.00102041 -0.00217391 -0.004 -0.00227586 -0.001 -0.0025641 -0.000588235 -0.00448598 0.0055 0.000666667 -0.005 -0.00181818 -0.00563636 -0.00625 -0.00425287 -0.00636364 -0.00511111 -0.00208333 -0.00190476 0.00283019 -0.00666667 -0.00929825
internal_weight=1375 1306 1254 102 64 1152 929 223 416 84 513 59 262 241 69 183 251 69 162 70 92 66 332 277 224 79 55 52 172 147 115 70 145 100 78 51 214 40 45 192 44 165 144 87 55 45 48 42 53 42 57
internal_count=1375 1306 1254 102 64 1152 929 223 416 84 513 59 262 241 69 183 251 69 162 70 92 66 332 277 224 79 55 52 172 147 115 70 145 100 78 51 214 40 45 192 44 165 144 87 55 45 48 42 53 42 57
is_linear=0
shrinkage=0.01


Tree=92
num_leaves=52
num_cat=0
split_feature=35 36 66 20 91 19 2 32 23 40 21 81 20 73 81 39 85 41 19 41 20 69 19 83 90 78 23 41 83 74 21 21 73 62 70 100 5 81 44 91 23 62 90 36 43 77 43 43 83 91 3
split_gain=6.67392 10.5308 6.13772 9.22041 10.5326 9.74033 7.51947 10.5376 10.112 9.36465 6.95935 6.64286 11.3264 8.11935 8.64951 6.9466 6.61513 6.59362 6.36364 7.38503 7.11382 6.29677 6.85938 9.02007 6.25652 5.82982 5.70084 8.3445 9.51402 6.43005 5.18566 6.73341 4.9167 4.9 4.66667 4.63372 5.71895 4.61462 4.5555 4.23748 4.11739 4.03333 3.76471 3.6 3.6 3.54545 3.49154 5.51701 2.6902 2.5 2.5
threshold=23.125000000000004 73.750000000000014 1499.4500000000003 2201.9000000000005 21348.864200000004 793.90000000000009 2597.5000000000005 148.25000000000003 92.250000000000014 91.750000000000014 29.125000000000004 3945.3395052481742 1340.2 1.1040000000000003 4170.2231238662762 197.25000000000003 1215.7500000000002 84.250000000000014 942.9000000000002 64.750000000000014 2599.2000000000003 30978.550000000003 1370.2500000000002 1708.6999999999991 1247.9386500000003 1169.0591458333336 74.250000000000014 72.250000000000014 2359.1999999999994 935.03682291666678 26.675000000000004 28.775000000000002 0.99950000000000017 698.48300000000006 0.99700000000000011 0.052083333333333336 5414.2600000000011 3780.2647256165128 2.7389999628067021 31261.722206250004 97.750000000000014 1587.9500000000003 900.25425000000007 84.250000000000014 78.485000610351577 4345.936027662473 85.000000000000014 74.439998626708999 1919.200000000001 28391.134068750005 13846.550000000001
decision_type=2 2 2 2 2 2 2 2 2 2 2 2 2 2 2 2 2 2 2 2 2 2 2 2 2 2 2 2 2 2 2 2 2 2 2 2 2 2 2 2 2 2 2 2 2 2 2 2 2 2 2
left_child=1 -1 3 4 34 10 8 9 -7 44 16 12 17 35 15 41 -6 37 43 20 -20 -9 23 -23 39 32 29 38 48 50 -25 40 -5 -12 -2 -13 -37 -4 -28 42 -32 -15 -18 -16 -8 -34 47 -24 -29 -43 -26
right_child=2 -3 11 25 5 6 7 21 -10 -11 33 13 -14 14 18 -17 24 -19 19 -21 -22 22 46 30 26 -27 27 28 -30 -31 31 -33 45 -35 -36 36 -38 -39 -40 -41 -42 49 -44 -45 -46 -47 -48 -49 -50 -51 -52
leaf_value=-0.0039621912556592944 0.20601586705033298 0.73835959540031115 -0.0067927604104952247 -0.10593593277280629 -1.9121981008757254 -0.23633005681664174 2.5397461783178623 3.0659461465795856 -0.013710750182143149 -0.0043651596689184488 3.1691615466782217 0.027441147284293473 0.015487344817952125 0.000531128881239637 0.0072030422151248222 -0.024931735277005745 -0.029739986971240751 -0.039051745177523987 0.015587424721018804 -0.048071135538555874 -0.0086115310315193379 2.5824486439794909 -0.17090497655820935 -0.041590745786251125 0.0065764263002047185 0.0084209207999132486 0.04411056496546726 -0.10853663025892317 0.0037286414608757408 -0.039964891181132049 -0.0020759405331201176 -0.10019956783130177 -4.0222884292216383 -0.057651160525459488 0.0096709340755282026 -0.024586545805675701 0.029374520299908165 0.010842076382136924 -0.035322146206758616 -0.060467227690082677 2.7669163496328975 -0.0049127793479561326 -0.17407982015571108 0.011044407191572852 0.23942839153122142 -1.2610379212956677 -0.95063039004369232 0.010876222106283409 -2.2119957817265363 -0.0059817368838415664 0.45283994662718741
leaf_weight=20 21 32 37 35 38 21 20 29 30 31 20 33 39 20 20 23 34 25 20 29 21 24 33 39 20 21 29 30 28 21 22 20 26 20 21 34 36 32 36 33 21 20 34 20 20 22 20 34 21 20 20
leaf_count=20 21 32 37 35 38 21 20 29 30 31 20 33 39 20 20 23 34 25 20 29 21 24 33 39 20 21 29 30 28 21 22 20 26 20 21 34 36 32 36 33 21 20 34 20 20 22 20 34 21 20 20
internal_value=-0.000821818 0.00269231 -0.00095994 -0.00143177 -0.00106329 -0.0013369 -0.000164835 0.000415335 -0.00372549 0.00380282 -0.00244792 2.331e-05 0.0018797 -0.000810811 -0.00202073 -0.00445783 -0.00290698 0 -0.000181818 -0.002 0.000731707 -0.000578512 -0.00117371 0.00031746 -0.0024183 -0.00423077 -0.00141463 -0.0025 -0.00468354 0.00114754 -0.000980392 0.000793651 -0.00542169 0.0015 0.00380952 0.00145631 0 0.0015942 0.000153846 -0.00445545 0.00302326 -0.00266667 -0.00588235 0.003 0.007 -0.0075 -0.00333333 -0.00223881 -0.0072549 -0.0045 0.0035
internal_weight=1375 52 1323 894 790 748 364 313 51 71 384 429 133 296 193 83 344 94 110 70 41 242 213 126 306 104 205 144 79 61 102 63 83 40 42 103 70 69 65 101 43 60 68 40 40 48 87 67 51 40 40
internal_count=1375 52 1323 894 790 748 364 313 51 71 384 429 133 296 193 83 344 94 110 70 41 242 213 126 306 104 205 144 79 61 102 63 83 40 42 103 70 69 65 101 43 60 68 40 40 48 87 67 51 40 40
is_linear=0
shrinkage=0.01


Tree=93
num_leaves=51
num_cat=0
split_feature=14 60 16 93 30 7 67 67 31 6 67 8 33 70 31 82 72 28 10 10 31 13 98 66 31 64 33 30 78 8 10 80 41 68 98 84 30 93 16 89 33 7 6 7 8 16 31 16 71 70
split_gain=8.413 8.64529 10.4965 13.7823 9.13981 12.0914 9.07989 8.79176 10.7766 8.63105 8.39677 8.25817 8.15037 7.71983 7.68627 6.90292 8.85507 9.39831 9.89048 7.41927 6.28362 8.27793 7.05333 5.90153 9.03033 8.70675 8.27961 8.21918 6.91818 6 7.21705 5.64283 5.48116 5.42183 13.5903 6.02227 6.95803 7.15094 6.70635 5.32794 5.27258 5.11244 4.51014 3.15976 3 2.96077 2.70465 2.65947 2.31933 1.75398
threshold=10947.85 1367.9500000000003 5554.4000000000005 422.5526315789474 38.250000000000007 998.23000000000013 31570.700000000001 25904.400000000005 17.525000000000002 4357.4850000000006 25155.500000000004 422.5526315789474 1.0000000180025095e-35 1254.8285000000003 9.7750000000000021 -971.95499999999981 793.15600000000006 28.275000000000002 28975.050000000007 31126.200000000004 8.6750000000000025 3840.1000000000008 0.19097222222222224 1.0000000180025095e-35 5.3750000000000009 751.00000000000011 57.750000000000007 74.750000000000014 524.73536111111127 410.90585695006752 39531.950000000004 36637.985069444454 92.250000000000014 1299.8000000000002 0.55208333333333348 1210.5110520833334 49.750000000000007 412.14865384615388 6361.0000000000009 1479.0615937500002 117.75000000000001 1491.8400000000004 1780.3000000000002 65.200000000000017 412.07890013495285 3858.5000000000005 6.4250000000000016 6343.1500000000005 1058.7 1509.0000000000002
decision_type=2 2 2 2 2 2 2 2 2 2 2 2 2 2 2 2 2 2 2 2 2 2 2 2 2 2 2 2 2 2 2 2 2 2 2 2 2 2 2 2 2 2 2 2 2 2 2 2 2 2
left_child=9 7 4 13 -3 6 49 10 12 31 46 14 -9 -4 -8 -14 23 18 45 -20 21 -21 -23 29 25 27 -26 -25 41 -17 40 42 -30 34 47 -35 -37 -38 -39 -19 -31 -28 -1 -32 -29 -18 -2 -15 -44 -6
right_child=1 2 3 -5 5 -7 11 8 -10 -11 -12 -13 15 33 -16 16 17 39 19 20 -22 22 -24 24 26 -27 28 44 32 30 43 -33 -34 35 -36 36 37 38 -40 -41 -42 -43 48 -45 -46 -47 -48 -49 -50 -51
leaf_value=-0.016837303686496091 -0.22589251946545857 -0.48091475933660277 2.0263708232826425 -0.01277805974475049 0.56644864193811884 -0.0025775231338141537 1.2341375222571114 0.026337037670361135 -0.66037469037511065 0.038658598610715036 0.82699334592631757 -0.0018297868506049998 -0.96169149867200943 3.0352866851137903 -0.00061968774777657542 -1.5961749082015291 -0.2093667883391927 -4.8743804412906364 0.056714430594706843 -0.12585702627919149 -1.1756350137484308 -0.0015561810723368403 0.054939424694825052 0.00023348070262577236 0.028974307114916404 -0.042272594783756258 2.1409484086787964 3.5697053034212844 -3.7962581332942591 -0.0058065860068540961 1.8983657071212778 -0.0055066223847364728 -0.071607325033142794 -0.050102656219864067 -0.0203293310604017 0.0067234613359391342 -0.023739827215009487 0.01199753243860025 -0.0069907903664007303 -0.56465686311630636 -0.10305773482601954 -0.076957175120309224 -2.4803178897139793 -0.041642565403198682 1.5104220810611084 -1.7447047837888143 0.024764403517389032 0.57338183869150827 -0.16376991107704506 0.025536741655487
leaf_weight=27 20 20 20 29 25 26 27 20 34 29 22 21 37 21 24 20 20 33 37 36 31 30 20 24 31 27 23 21 38 29 20 36 21 31 34 31 38 20 36 28 28 20 23 23 28 23 27 20 28 38
leaf_count=27 20 20 20 29 25 26 27 20 34 29 22 21 37 21 24 20 20 33 37 36 31 30 20 24 31 27 23 21 38 29 20 36 21 31 34 31 38 20 36 28 28 20 23 23 28 23 27 20 28 38
internal_value=-0.000850909 -0.000584416 0.000498915 -0.000714286 0.00237569 0.0031677 0.00437037 -0.00123217 -0.00156695 -0.00314685 0.00217391 0.00194444 -0.00128743 3.98406e-05 0.00411765 -0.00148148 -0.0012275 -0.00263566 -0.0015736 -0.00038961 -0.00162393 -0.000232558 0.0024 -0.0001983 0.000729614 0.003 -0.000977444 0.00479452 -0.00235294 -0.002 -0.001 -0.00438596 -0.00457627 -0.00047619 0.00173333 -0.00153846 -0.00056 -0.00191489 0.000357143 -0.00606557 -0.00333333 0.000697674 -0.00589744 0.00209302 0.00714286 -0.00581395 -0.000212766 0.00560976 -0.00764706 0.00714286
internal_weight=1375 1232 461 280 181 161 135 771 702 143 69 72 668 251 51 648 611 258 197 154 117 86 50 353 233 100 133 73 102 120 100 114 59 231 75 156 125 94 56 61 57 43 78 43 49 43 47 41 51 63
internal_count=1375 1232 461 280 181 161 135 771 702 143 69 72 668 251 51 648 611 258 197 154 117 86 50 353 233 100 133 73 102 120 100 114 59 231 75 156 125 94 56 61 57 43 78 43 49 43 47 41 51 63
is_linear=0
shrinkage=0.01


Tree=94
num_leaves=55
num_cat=0
split_feature=2 77 24 97 8 97 19 74 97 77 63 1 41 31 35 38 76 73 44 70 24 36 41 25 40 89 74 38 99 73 24 20 80 73 11 19 20 11 97 89 24 36 24 20 2 24 20 38 14 74 4 40 11 0
split_gain=8.00314 7.22492 8.83651 14.1324 9.45161 10.5657 9.40817 8.93249 8.81195 7.03307 6.59893 6.80023 9.7619 10.8181 6.64509 6.06575 11.757 7.74647 7.6425 9.05633 21.3639 8.39841 7.56404 7.34897 6.26959 7.81278 10.0595 6.92641 9.4697 9.91726 6.03065 5.89749 5.95055 5.76416 5.43491 6.3575 5.52771 5.0408 6.66667 7.2803 5.60303 5.57397 4.85637 4.73389 4.71694 4.26667 4.17458 3.45911 2.74939 2.60999 2.5 1.67828 1.00087 0.106977
threshold=3868.9735000000005 4160.6782310793596 8.4750000000000032 0.15625000000000003 416.38465504978672 0.63541666666666685 852.70000000000016 1258.8436250000002 0.38541666666666669 4129.7013545458522 35370.30000000001 16868.425000000007 74.750000000000014 6.7250000000000005 26.575000000000006 5.7250000000000005 33902.805208333339 1764.1225000000002 2.4129999876022343 0.97550000000000014 6.5250000000000012 87.250000000000014 92.250000000000014 139.75000000000003 102.25000000000001 1493.06454375 1193.973322916667 10.775000000000002 0.30208333333333343 982.96400000000006 12.025000000000002 327.50000000000006 28461.162500000002 1.1355000000000002 36123.350000000006 1964.4500000000003 874.50000000000011 34928.500000000007 0.072916666666666671 848.92884375000006 8.6750000000000025 89.750000000000014 9.3250000000000011 961.00000000000011 2538.8000000000006 5.9750000000000005 1604.2 5.7750000000000012 13503.350000000002 1200.7227395833336 6671.9950000000008 104.25000000000001 35630.700000000004 33977.250000000007
decision_type=2 2 2 2 2 2 2 2 2 2 2 2 2 2 2 2 2 2 2 2 2 2 2 2 2 2 2 2 2 2 2 2 2 2 2 2 2 2 2 2 2 2 2 2 2 2 2 2 2 2 2 2 2 2
left_child=1 9 7 30 6 8 -5 34 -6 10 11 15 -13 14 -14 16 31 18 43 20 -20 24 42 -18 27 44 -27 28 29 -21 53 32 -1 -24 -3 36 -36 48 -39 40 -40 49 51 -17 -26 -38 -31 -9 -33 -41 -25 -23 -22 -4
right_child=-2 2 3 4 5 -7 -8 47 -10 -11 -12 12 13 -15 -16 17 23 -19 19 21 52 22 33 50 25 26 -28 -29 -30 46 -32 37 -34 -35 35 -37 45 38 39 41 -42 -43 -44 -45 -46 -47 -48 -49 -50 -51 -52 -53 -54 -55
leaf_value=-0.15547389075294515 0.64699343876207904 -0.14161626449090228 -2.6710000445234749 0.0005410540278479657 0.016241990459762681 0.036514729552418641 -0.67183013264982716 -0.0057396914031723565 -0.041041709346710559 0.012225419080116793 -0.21623649087670274 3.2371408534680244 1.2354185841558092 -3.6133831145985091 -0.019689904699944208 -0.0003970804490837549 -0.56913992848243966 0.0052399984754687816 -0.060452188561823203 1.2032737195413719 0.21411504162288586 -0.0078945260267763353 0.035900367600733646 -0.004588074347696083 0.47958387462708774 -0.046352693975495178 0.73469966481034621 -0.27543767310144285 -1.2019400739899104 -0.013907113802488377 -0.092360950480228396 -0.00018972218502527421 -0.50319820477542421 -0.016207097575416222 -0.014415594772139622 -0.045963349934166946 0.073635750160194774 0.020375935751029698 0.54345197147262947 -0.19845929160367576 -0.013487031285251709 -0.0003240094314159172 -0.051275048444454858 -0.090957352179715636 0.04383780635020567 1.670758014233036 0.13071611779706963 -0.047584227305692554 0.08302889046316432 -0.0051542843041425699 -0.05645787357832701 -0.17544549809403973 4.0012320275173696 -3.8133173013700343
leaf_weight=24 26 27 23 20 21 20 39 29 29 26 24 30 28 21 33 21 34 33 22 20 20 20 23 20 20 28 20 24 22 26 28 21 28 21 28 27 30 27 24 21 20 23 32 30 27 30 20 25 37 20 20 21 22 20
leaf_count=24 26 27 23 20 21 20 39 29 29 26 24 30 28 21 33 21 34 33 22 20 20 20 23 20 20 28 20 24 22 26 28 21 28 21 28 27 30 27 24 21 20 23 32 30 27 30 20 25 37 20 20 21 22 20
internal_value=-0.00088 -0.000985915 -0.00212121 -0.0036 -0.00162791 0.000857143 -0.00457627 -0.000612245 -0.0016 -0.000514166 -0.000658037 -0.000520487 0.00178571 0 0.00213115 -0.000847029 -0.00191223 -0.000127119 -0.00047836 0 0.0034375 -0.000679012 -0.00282051 -0.00540541 0.000531401 0.00242105 -0.000416667 -0.00107143 0.000227273 0.00212121 -0.0071831 -0.000857143 -0.00384615 0.000454545 0.000704225 0.00165217 0.00295455 -5.18135e-05 -0.00111111 -0.00222222 0.000909091 -0.004375 -0.00479452 -0.00411765 0.00531915 0.00466667 -0.000434783 -0.00407407 0.00241379 -0.00658537 -0.0025 -0.00707317 0.00761905 -0.00953488
internal_weight=1375 1349 396 200 129 70 59 196 50 953 927 903 112 82 61 791 319 472 439 388 64 324 117 74 207 95 48 112 88 66 71 245 52 44 142 115 88 193 135 108 44 64 73 51 47 60 46 54 58 41 40 41 42 43
internal_count=1375 1349 396 200 129 70 59 196 50 953 927 903 112 82 61 791 319 472 439 388 64 324 117 74 207 95 48 112 88 66 71 245 52 44 142 115 88 193 135 108 44 64 73 51 47 60 46 54 58 41 40 41 42 43
is_linear=0
shrinkage=0.01


Tree=95
num_leaves=50
num_cat=0
split_feature=16 6 94 91 92 46 83 83 29 31 31 82 68 90 30 83 41 29 3 29 94 68 30 40 22 27 75 30 16 2 6 5 83 2 41 60 0 93 65 0 61 83 91 61 30 41 31 3 24
split_gain=10.1183 6.42873 5.55808 5.5082 12.2899 8.66613 8.0975 9.62476 7.47437 6.66818 9.51968 7.86995 11.153 10.1758 7.52162 8.19707 7.60404 8.62005 9.15447 7.39845 7.29498 7.14706 8.94737 8.35422 6.9909 7.42309 8.82897 6.88086 6.68568 6.25541 6.03727 6.56721 6.28006 5.80626 6.02849 5.12306 6.48 5.05324 4.84 4.68387 4.6493 6.8511 7.85602 4.27111 4.26087 4.14815 3.94061 3.00752 0.981818
threshold=2720.0500000000006 12466.160000000002 429454.82076875016 26385.017512500002 28772.065431250008 93.169998168945327 838.94999999999902 1185.5499999999995 92.750000000000014 3.6750000000000003 3.3250000000000006 237.95000000000007 1310.4000000000003 676.7428500000002 27.750000000000004 1595.2500000000002 67.250000000000014 66.750000000000014 15783.450000000003 87.250000000000014 646826.22361500014 927.41650000000016 80.250000000000014 72.750000000000014 85.750000000000014 36.250000000000007 433.36829382676297 67.250000000000014 6305.5500000000011 3080.2560000000008 7783.4150000000009 4938.6800000000012 431.5999999999986 2518.6500000000001 80.750000000000014 1499.4500000000003 32775.100000000006 410.64710526315793 28187.750000000004 29307.350000000002 35518.80000000001 2597.5500000000034 29303.536443750003 25275.150000000005 3.5000000000000004 70.750000000000014 6.4750000000000005 16487.021500000003 8.0250000000000021
decision_type=2 2 2 2 2 2 2 2 2 2 2 2 2 2 2 2 2 2 2 2 2 2 2 2 2 2 2 2 2 2 2 2 2 2 2 2 2 2 2 2 2 2 2 2 2 2 2 2 2
left_child=39 2 -2 4 5 -4 -5 -8 30 10 24 13 20 -11 37 -16 21 -18 19 40 29 -17 38 -24 -9 -26 -27 -14 -21 -13 31 32 -6 43 -35 -29 -37 -15 -23 -1 41 42 48 -33 -39 -7 -43 -20 -19
right_child=1 -3 3 6 8 45 7 9 -10 11 -12 12 27 14 15 16 17 18 47 28 -22 22 23 -25 25 26 -28 35 -30 -31 -32 33 -34 34 -36 36 -38 44 -40 -41 -42 46 -44 -45 -46 -47 -48 -49 -50
leaf_value=-0.10071173291660769 0.017626219584332966 -2.5363225888311449 -0.013961526560201665 -1.1082624444893046 -0.30132111853570415 0.011012950391461907 0.20572386227424755 -0.035647569314415706 0.63605239031719762 0.063348633290230674 1.8719496039231707 -0.063666833447201601 -0.041440087572992661 -0.014263573379219805 0.0073656239230767756 -0.069478581926744012 0.055694919383674206 -0.071246318820695057 -0.11434832066307861 -0.025439286062288877 3.9632635250784749 -0.13725351054550178 -0.013957440325273683 0.075581580711726187 0.89365884034103138 -0.059758608809636349 0.36530824849781807 -0.018368779122851661 0.0028918612318196454 1.1062661644641356 0.27497026432938443 -0.080132309984490807 0.010419127362805104 -0.012387826747340435 0.020155831141901198 0.0054192708013618323 -0.0019856991192662441 -0.00045223281259490716 -0.00094840783207944469 -0.5811505509682996 -2.7634256997180793 -0.20677126351774694 -0.0027785529620404691 -0.57625632602923371 0.91501272692184998 0.092443995023851686 0.17656973974182541 -0.085614751216009283 -1.3883966860136228
leaf_weight=30 38 24 20 37 25 27 30 35 20 33 32 22 26 30 38 34 22 20 36 32 26 20 21 36 21 39 37 21 26 20 28 20 39 27 25 25 25 23 25 32 28 21 30 25 23 36 26 21 24
leaf_count=30 38 24 20 37 25 27 30 35 20 33 32 22 26 30 38 34 22 20 36 32 26 20 21 36 21 39 37 21 26 20 28 20 39 27 25 25 25 23 25 32 28 21 30 25 23 36 26 21 24
internal_value=-0.000890659 -0.00070508 -0.000610039 -0.000723946 0.000479452 0.00373494 -0.00108808 -0.000905172 -0.000813397 -0.00109131 0.000731707 -0.00149864 0.000424242 -0.00205624 -0.00238806 -0.00286957 -0.00327014 -0.0041958 -0.00469697 -0.00371981 0.00352941 -0.00132353 0 0.00263158 -0.000454545 0.000927835 -0.000526316 -0.00175258 -0.000689655 0.000952381 -0.00142857 -0.00217391 0.0003125 -0.00381443 -0.00153846 -0.000140845 0.0016 0.000526316 -0.00333333 -0.00483871 -0.00489933 -0.00404959 -0.00594595 -0.00644444 0.0026087 0.00555556 -0.00106383 -0.00824561 -0.00863636
internal_weight=1381 1319 1295 1257 292 83 965 928 209 898 164 734 165 569 536 460 422 286 264 207 68 136 102 57 132 97 76 97 58 42 189 161 64 97 52 71 50 76 45 62 149 121 74 45 46 63 47 57 44
internal_count=1381 1319 1295 1257 292 83 965 928 209 898 164 734 165 569 536 460 422 286 264 207 68 136 102 57 132 97 76 97 58 42 189 161 64 97 52 71 50 76 45 62 149 121 74 45 46 63 47 57 44
is_linear=0
shrinkage=0.01


Tree=96
num_leaves=53
num_cat=0
split_feature=51 27 40 83 90 77 78 87 77 84 16 3 56 3 34 19 46 32 57 21 20 94 29 21 29 20 57 66 16 97 94 77 14 17 14 3 36 24 46 16 87 19 0 84 2 24 90 24 21 36 94 19
split_gain=6.41813 6.37079 9.2555 8.56358 9.25605 6.46423 6.43564 9.33346 5.61689 5.55872 7.44394 7.20611 6.53333 5.24876 6.68896 4.9 4.82824 6.33102 4.66207 4.43841 4.32134 5.73117 7.6201 12.0611 10.2761 6.5561 6.48214 6.0942 6.82667 9.90821 5.89837 8.83757 9.41962 8.57665 7.35145 5.70394 5.30653 9.11598 5.2432 6.41778 6.21348 4.96962 5.54688 5.93512 5.68259 4.88067 4.23376 4.22084 4.12208 4.05326 3.1094 2.5
threshold=1.0000000180025095e-35 28.250000000000004 71.750000000000014 2216.6500000000001 1806.7171500000004 4266.9227861112022 220.78073611111114 0.92708333333333337 3793.522062631509 313.39512500000006 6615.7500000000009 10308.850000000002 -1.0000000180025095e-35 10976.450000000003 75.750000000000014 1225.0500000000004 103.86500167846681 71.250000000000014 1.0000000180025095e-35 27.225000000000005 55.000000000000007 673237.25596343772 65.750000000000014 28.325000000000006 86.750000000000014 664.00000000000011 0.81174490092936691 1231.4915000000003 5346.4000000000005 0.15625000000000003 472534.76172656269 4199.0132389378259 17789.250000000004 199.30000000000004 16698.700000000004 13349.573500000002 78.250000000000014 7.6750000000000016 104.09499740600587 5867.9000000000005 0.32291666666666669 424.50000000000006 33368.80000000001 1536.110572916667 2709.3500000000004 5.2750000000000012 1036.8445500000003 10.225000000000001 23.025000000000002 79.750000000000014 673237.25596343772 639.40000000000009
decision_type=2 2 2 2 2 2 2 2 2 2 2 2 2 2 2 2 2 2 2 2 2 2 2 2 2 2 2 2 2 2 2 2 2 2 2 2 2 2 2 2 2 2 2 2 2 2 2 2 2 2 2 2
left_child=1 2 8 4 5 -4 7 50 -1 10 12 -11 -8 14 -13 -6 17 -10 -2 -14 -15 30 -23 24 27 -25 -26 28 -24 -30 46 32 34 36 35 -32 -33 45 40 -40 -34 49 43 44 -43 -38 -22 -39 -36 -37 -3 -29
right_child=18 6 3 -5 15 -7 9 -9 16 11 -12 13 19 20 -16 -17 -18 -19 -20 -21 21 22 23 25 26 -27 -28 51 29 -31 31 33 38 -35 48 41 37 47 39 -41 -42 42 -44 -45 -46 -47 -48 -49 -50 -51 -52 -53
leaf_value=-0.16730793736047134 -1.7331055093696537 5.5253255878375649 0.008279756058497437 0.13571139912039762 0.005031084333036966 0.035382835631626974 -0.029080290933800979 -0.023157357397243533 -0.16176170973526127 0.025388820251343324 0.012299625805651254 0.0023873098236625052 -1.9639219856800585 -0.71763023454435659 -1.3949160739503998 -0.052769662783010568 0.020265350824953145 0.00084436425454650118 -2.6068026222136731 -0.31350049604365027 -0.02715991526624701 -0.53030544420703263 -0.093172693918038091 4.0212817665946936 0.028771974910368266 1.8961171305955324 0.0035147270269739574 0.01507841844379617 0.19672677566834837 -0.089723972579017972 0.0099163511371920896 0.40140743857213468 0.056784896269475527 -0.56512804757741741 -0.012163793948210693 -0.011132645347131313 -0.14027375808522408 -2.6166557870810592 -0.00029876798663486113 2.9587335493918143 -0.026610604414666811 -0.017028944778152415 0.0029377495970209855 -0.018698624013008466 0.018585708899622119 0.012583079840268381 0.15561523722517187 -0.046083960679339959 -0.11846945871456357 -0.12258237568714536 0.10009034722179948 -0.004474051617002193
leaf_weight=26 29 23 38 30 20 25 32 25 23 39 22 20 25 27 26 20 25 28 20 23 20 33 25 21 24 20 32 20 26 24 37 22 32 24 22 20 21 21 20 25 39 29 37 29 22 30 38 31 20 31 20 20
leaf_count=26 29 23 38 30 20 25 32 25 23 39 22 20 25 27 26 20 25 28 20 23 20 33 25 21 24 20 32 20 26 24 37 22 32 24 22 20 21 21 20 25 39 29 37 29 22 30 38 31 20 31 20 20
internal_value=-0.000731354 -0.000600601 0.000893617 0.00263158 0.00126214 0.00365079 -0.000920693 0.00205882 -0.00137255 -0.00111759 -0.00333333 -0.000873786 -0.00475 -0.00105856 -0.00434783 -0.0025 0 -0.00176471 -0.00428571 -0.00708333 -0.00087886 -0.000748466 0.000530612 0.00122642 5.84795e-05 0.00609756 0.00357143 -0.00165217 -0.00333333 -0.0012 -0.00129825 -0.00164062 -0.000798898 -0.00369128 -0.00190283 -0.00112195 -0.00264 -0.00359223 0.00155172 0.00422222 -0.000140845 -0.00190476 -0.000769231 -0.00225 -0.000196078 -0.000588235 0.00172414 -0.00653846 -0.00571429 -0.0045098 0.00488372 0.0015
internal_weight=1381 1332 235 133 103 63 1097 68 102 1029 102 927 80 888 46 40 76 51 49 48 842 815 245 212 171 41 56 115 75 50 570 512 363 149 247 205 125 103 116 45 71 168 117 80 51 51 58 52 42 51 43 40
internal_count=1381 1332 235 133 103 63 1097 68 102 1029 102 927 80 888 46 40 76 51 49 48 842 815 245 212 171 41 56 115 75 50 570 512 363 149 247 205 125 103 116 45 71 168 117 80 51 51 58 52 42 51 43 40
is_linear=0
shrinkage=0.01


Tree=97
num_leaves=55
num_cat=0
split_feature=98 51 34 43 0 16 43 82 0 79 37 39 90 91 79 37 82 46 25 16 16 16 64 98 82 24 17 11 2 34 16 8 94 21 80 30 24 82 29 29 37 79 81 5 71 11 82 5 82 16 2 94 11 16
split_gain=7.11088 7.95132 7.00901 8.93477 13.5701 7.65077 7.45027 8.44172 10.1115 9.84469 7.10934 6.11965 6.04868 7.51104 6.17468 12.8137 8.44978 10.3869 6.52816 6.07649 8.32499 12.1834 8.01515 7.98318 9.37297 8.38268 7.04735 8.4375 6.58286 7.45355 5.85029 5.61008 7.79891 5.50938 5.42407 5.62984 5.2549 5.20039 7.66048 5.16327 4.87181 4.65422 8.00952 4.38596 4.26087 4.06 3.64129 3.6 3.3595 3.27964 2.91382 2.72727 2.5 1.6
threshold=0.9340277777777779 1.0000000180025095e-35 61.750000000000007 74.49499893188478 33878.400000000009 2246.8500000000008 78.069999694824233 -0.076499999999999943 30285.000000000004 436.43413515650809 8.7500000000000018 109.75000000000001 3520.3045500000007 21348.864200000004 250.45520650149919 81.250000000000014 35.508499999999977 106.5550003051758 227.25000000000003 5292.2000000000007 6105.7500000000009 6584.6500000000005 315.63950000000006 0.51736111111111127 -343.99999999999994 12.125000000000002 122.55000000000003 36123.350000000006 3210.4500000000003 106.75000000000001 4781.7000000000007 398.60444444444448 616244.25311531266 26.425000000000001 28573.597569444446 99.250000000000014 7.8250000000000011 -0.07349999999999994 80.250000000000014 84.250000000000014 96.750000000000014 25.968543573894753 3949.0053326473258 8121.9500000000007 410.90000000000003 37092.600000000006 61.296999999999919 10849.6 177.1700000000001 5647.5500000000002 2768.3000000000006 650129.98553156259 39179.450000000004 5836.2500000000009
decision_type=2 2 2 2 2 2 2 2 2 2 2 2 2 2 2 2 2 2 2 2 2 2 2 2 2 2 2 2 2 2 2 2 2 2 2 2 2 2 2 2 2 2 2 2 2 2 2 2 2 2 2 2 2 2
left_child=1 2 3 11 6 -4 -5 8 -8 45 -7 -1 13 -12 15 50 19 18 31 36 28 22 26 24 -23 37 -22 -28 29 33 -13 -18 -33 -21 -11 -36 40 -26 -39 -38 -16 -2 -43 -14 -17 -9 -32 -30 -3 -34 -15 -24 -29 -35
right_child=41 48 5 4 -6 10 7 9 -10 34 12 30 43 14 16 44 17 -19 -20 20 21 23 51 -25 25 -27 27 52 47 -31 46 32 49 53 35 -37 39 38 -40 -41 -42 42 -44 -45 -46 -47 -48 -49 -50 -51 -52 -53 -54 -55
leaf_value=-0.55343846164806643 -0.0022094569464719705 -1.715774454275957 -1.0794260974265815 0.018509155270276956 0.52042620795536676 -0.04901939087994088 0.61860099982633232 0.014343827899820962 -0.01949142801656718 -0.00082035940502276641 0.044391113130630634 0.54401601876706673 -0.080943785094515455 0.0014195196131920728 -0.050231196421257868 -0.0040297746919092702 -0.11800954169441145 -0.006854059152179166 3.8182833768211815 -0.0079511057224907374 -0.15618976739812365 0.057265071876750916 -0.047494360453999039 0.0067362751131731305 -0.18093894797195773 0.033045256588037031 -0.89257579355329331 3.3932274009158916 -0.65036486215937284 1.0328403060531373 -0.45543398468836316 -0.0046056920285103397 0.022923069975901961 0.031335670833286484 -0.018076546433854552 -0.040542561256039791 -3.3669181122012914 0.050131280876244841 -0.087563504737372247 -0.016033442908908777 0.013605269244861492 0.015285128379364644 0.00055494929259005841 -0.010239784876560028 -0.11465360125538582 -0.0015796717856902524 -0.014188550910093974 0.0045355567772193215 -2.5733751448993725 0.051231715149751923 -0.030172799008608208 -0.21627809361765379 -0.0020476391194926423 1.9004758029581421
leaf_weight=29 23 27 21 37 39 23 22 21 32 32 21 33 30 21 23 23 20 27 20 39 24 24 24 26 27 26 24 20 20 21 20 38 26 20 20 29 23 26 32 24 34 20 28 27 23 22 27 20 20 23 20 20 20 20
leaf_count=29 23 27 21 37 39 23 22 21 32 32 21 33 30 21 23 23 20 27 20 39 24 24 24 26 27 26 24 20 20 21 20 38 26 20 20 29 23 26 32 24 34 20 28 27 23 22 27 20 20 23 20 20 20 20
internal_value=-0.000687907 -0.000854962 -0.000704671 0.00046832 0.00149606 -0.00117778 0.000511628 -0.000337079 0.00296296 -0.00177419 -0.00103527 -0.00192661 -0.00088785 -0.000663329 -0.000822622 -0.00333333 -0.000506512 0.00155844 0.00275591 -0.0010987 -0.000577367 -0.00153584 -0.00378788 0.000310559 -0.000666667 -0.00189189 -0.00204545 -0.0003125 0.00142857 0.0028 -0.0005 0.0017757 0.00287356 0.00139241 -0.00382716 -0.00591837 -0.00326923 -0.00341176 -0.00172414 -0.00574468 -0.00122807 0.00239437 0.00416667 -0.00403509 -0.00695652 0.00209302 -0.00276596 -0.002 -0.00489362 0.0055102 0.000731707 -0.00727273 0.0025 0.004
internal_weight=1381 1310 1263 363 254 900 215 178 54 124 879 109 856 799 778 87 691 154 127 537 433 293 132 161 135 111 88 64 140 100 80 107 87 79 81 49 104 85 58 47 57 71 48 57 46 43 47 40 47 49 41 44 40 40
internal_count=1381 1310 1263 363 254 900 215 178 54 124 879 109 856 799 778 87 691 154 127 537 433 293 132 161 135 111 88 64 140 100 80 107 87 79 81 49 104 85 58 47 57 71 48 57 46 43 47 40 47 49 41 44 40 40
is_linear=0
shrinkage=0.01


Tree=98
num_leaves=52
num_cat=0
split_feature=88 88 72 36 7 75 42 14 60 90 98 73 72 72 75 32 77 61 40 87 28 90 61 78 2 73 39 41 32 77 31 58 39 6 36 6 17 11 5 11 32 32 40 0 17 40 78 2 1 6 40
split_gain=7.84186 7.28665 6.78243 15.8203 13.9834 10.5044 10.0894 10.0546 10.0021 8.51785 7.71489 8.01282 7.71104 9.45929 7.03409 8.96548 7.02301 6.9317 6.85037 6.81176 6.78229 8.19793 6.71004 6.61572 8.74494 8.78606 6.24912 6.1696 9.93241 10.6484 10.3277 9.24799 9.18868 6.06897 5.83162 5.30471 6.78154 6.25739 5.2964 5.25655 5.01885 7.60042 5.4658 4.36987 3.2161 3.83675 4.47739 2.75981 2.6601 2.1164 1.6
threshold=2445.3708333333338 2759.9627083333339 1297.9565000000002 84.250000000000014 357.92500000000007 127.43989030754896 141.55000305175784 11018.700000000003 1398.6000000000001 1843.9690500000004 0.39236111111111116 0.99950000000000017 1200.4805000000003 933.91200000000015 659.99581856363466 219.25000000000003 3890.1211616643091 29307.350000000002 90.750000000000014 0.15625000000000003 31.525000000000002 3619.6429500000008 33363.55000000001 1182.9558506944447 2675.3500000000004 1007.841 184.75000000000003 83.250000000000014 157.75000000000003 3042.5567404439121 5.5250000000000012 -0.5 99.250000000000014 4460.8450000000012 69.250000000000014 11707.610000000002 11.950000000000001 35079.350000000013 4599.6050000000005 35907.30000000001 111.75000000000001 43.250000000000007 69.750000000000014 32062.100000000002 83.200000000000017 161.25000000000003 498.94161111111117 3012.6500000000001 14563.750000000002 4757.3450000000012 82.750000000000014
decision_type=2 2 2 2 2 2 2 2 2 2 2 2 2 2 2 2 2 2 2 2 2 2 2 2 2 2 2 2 2 2 2 2 2 2 2 2 2 2 2 2 2 2 2 2 2 2 2 2 2 2 2
left_child=-1 -2 8 5 9 16 -6 -7 12 23 18 -12 13 14 20 -16 -4 -15 49 -19 21 27 39 33 -25 -26 34 32 47 -30 31 -31 -3 -5 38 36 -34 -38 -9 -13 41 -36 -43 -42 -39 46 -46 -29 -11 -10 -33
right_child=1 2 3 4 6 7 -8 26 10 48 11 22 -14 17 15 -17 -18 19 -20 -21 -22 -23 -24 24 25 -27 -28 28 29 30 -32 50 35 -35 40 -37 37 44 -40 -41 43 42 -44 -45 45 -47 -48 -49 -50 -51 -52
leaf_value=-0.12072134267752654 0.017941335435764143 -0.059693100914977426 0.010073874442136907 -1.9876892184294059 -0.008448721545071116 -1.3488041617356346 0.015065064667819639 0.0052928491219187881 1.9113090563360815 -0.029830261741038804 -0.049442025526925726 -0.17981486502808028 0.039169934004923017 -0.0039894769449901777 -0.29131869482569067 -0.028342419833320295 0.0014102716250190964 -0.95101451655426272 0.24747760934825863 -0.0090145722887611003 -0.15877321152114951 -1.808168805274649 1.3459147683005983 -0.23702637546331587 0.032577999411348563 -0.0089715839391876114 -0.036303254407500235 0.50429411026542104 0.021862120397463575 -0.071567902712280626 -1.9105320768103857 0.13130448699006383 -0.022263150719639774 -0.023899079385265438 1.5469373721216209 -0.057107168494641751 0.0093463699205288686 3.9033645236759744 -0.061409699751265867 0.011387712179538581 0.001293185219312841 -0.11875168046307671 0.00074932812266205668 0.050719397998254402 9.2057216200765115 0.011247419456516514 0.016198779412465246 0.0010345552809216808 -0.24207347220481901 2.1754648361185462 0.009978480589960443
leaf_weight=29 21 34 23 22 31 22 35 20 21 28 26 23 26 37 24 38 31 38 27 27 27 25 28 20 20 34 21 21 30 33 36 20 34 36 21 24 32 22 21 27 20 20 34 23 30 20 22 20 30 27 20
leaf_count=29 21 34 23 22 31 22 35 20 21 28 26 23 26 37 24 38 31 38 27 27 27 25 28 20 20 34 21 21 30 33 36 20 34 36 21 24 32 22 21 27 20 20 34 23 30 20 22 20 30 27 20
internal_value=-0.000716872 -0.000606509 -0.000698723 -0.00160156 -0.00335937 0.00015625 0.000606061 -0.000891089 -0.00013431 -0.00473684 0.00195531 0.000192308 -0.00071875 -0.000944625 -0.000390625 -0.00354839 0.00407407 -0.00372549 0.0044 -0.00569231 4.44444e-05 0.00035461 0.00179487 -0.00333333 -0.00135135 0.000740741 -0.000111111 0.000703518 -0.000666667 -0.00194245 -0.0033945 -0.00123288 0.00183486 -0.00586207 0.000566038 0.00271739 0.003375 0.00444444 -0.00268293 -0.0004 0.00169492 0.000133333 -0.00185185 0.0044186 0.00574468 0.00472222 0.00615385 0.00365854 -0.00793103 0.00666667 0.002
internal_weight=1381 1352 1331 512 256 256 66 202 819 190 179 104 640 614 512 62 54 102 75 65 450 423 78 132 74 54 180 398 180 139 109 73 218 58 159 184 160 126 41 50 118 75 54 43 94 72 52 41 58 48 40
internal_count=1381 1352 1331 512 256 256 66 202 819 190 179 104 640 614 512 62 54 102 75 65 450 423 78 132 74 54 180 398 180 139 109 73 218 58 159 184 160 126 41 50 118 75 54 43 94 72 52 41 58 48 40
is_linear=0
shrinkage=0.01


Tree=99
num_leaves=52
num_cat=0
split_feature=98 51 77 10 83 68 31 40 68 58 40 40 77 83 24 43 40 100 81 40 13 77 13 13 17 28 40 13 70 31 17 69 31 17 17 24 69 64 84 63 23 28 28 23 78 100 2 93 13 10 2
split_gain=9.14485 9.55066 8.05818 8.02679 8.20974 9.38564 8.17067 8.56684 7.3631 10.438 9.33382 7.18753 11.4835 9.4728 8.21282 7.10778 7.02725 6.37616 5.83617 8.58937 7.80201 7.48971 6.03189 8.57908 5.80313 5.68009 5.58898 6.25926 6.8689 5.19242 5.45202 5.6167 8.43896 7.16833 8.33177 6.00519 4.71694 4.66667 4.48242 3.81111 3.57151 3.50003 5.96135 6.53085 3.6 3.24963 3.23422 2.5 2.27665 0.9 0.48
threshold=0.92013888888888895 1.0000000180025095e-35 4170.1411525310523 24479.600000000002 1888.700000000001 1778.5500000000002 3.7750000000000004 70.250000000000014 1332.6500000000003 -0.6830127018922193 138.25000000000003 109.75000000000001 3509.106371488348 2597.5500000000034 11.925000000000002 75.174999237060561 146.00000000000003 0.024305555555555556 4441.8903730765942 100.75000000000001 5422.6500000000005 4780.4917091488651 11542.050000000001 10458.950000000003 78.750000000000014 27.875000000000004 13.750000000000002 3733.6500000000005 0.78500000000000014 16.175000000000004 227.10000000000005 30657.700000000004 9.6750000000000025 20.950000000000003 131.60000000000005 6.5750000000000011 30792.700000000001 1012.2905000000002 883.02987500000006 31018.850000000002 65.250000000000014 29.325000000000006 27.425000000000004 59.250000000000007 572.96259027777785 0.19791666666666671 2844.9485000000004 415.47881578947374 4848.1500000000005 36681.100000000013 2952.3500000000008
decision_type=2 2 2 2 2 2 2 2 2 2 2 2 2 2 2 2 2 2 2 2 2 2 2 2 2 2 2 2 2 2 2 2 2 2 2 2 2 2 2 2 2 2 2 2 2 2 2 2 2 2 2
left_child=1 3 25 -1 5 18 8 26 9 24 39 12 -9 17 16 -14 -15 -13 22 21 -21 45 23 29 -6 -2 -8 -28 -29 30 31 32 35 -33 48 -5 -3 -34 -37 -11 -30 42 43 -19 -43 47 -17 -20 -35 -44 -42
right_child=2 36 -4 4 6 -7 7 11 -10 10 -12 13 15 14 -16 46 -18 41 19 20 -22 -23 -24 -25 -26 -27 27 28 40 -31 -32 33 37 34 -36 38 -38 -39 -40 -41 50 44 49 -45 -46 -47 -48 -49 -50 -51 -52
leaf_value=1.5525430108424219 0.0077481466395881004 -1.6787398175489034 -0.004142638011534942 0.023246458187168102 -0.1620251089433955 -0.018509943771271672 0.0091960680611789421 -0.10026219846044153 -0.022292113894948003 2.2943777202017488 -0.034575126386916614 0.0010819830880889445 -0.019648083478722017 -0.061742012534735338 0.65419960149394429 0.012520149063375315 0.59201202757726989 0.00040177652130726299 0.34906104067923005 -0.58196366014514878 0.014657972703862217 -0.0025590240378335796 0.36734919546277073 -0.068442600699715556 0.046389031732599631 0.0029925384475167518 -0.0044292282421654842 -0.012257706475273552 -0.027236644176525739 -0.013509940993984631 0.0072523587265649267 0.013616560432657311 0.80582376065970585 -1.3068744288937131 0.0058744039305875639 0.01467135365520747 -4.4309223689470922 0.015352855492419203 -0.095513249526943123 0.28677008885070665 -1.1688529312205591 0.027870210229672444 -0.074898601125728659 -0.037653059983713759 -0.12088032276522676 0.016013545026267943 0.0036798788113646275 0.029846425075965372 -0.80267093817158641 -0.12453502392414934 -1.1663127392501254
leaf_weight=24 34 27 20 35 25 35 25 33 32 21 24 28 35 38 20 33 35 25 20 20 26 24 35 20 28 29 36 37 21 33 26 20 21 20 24 25 20 21 30 24 30 20 20 37 20 29 35 20 21 20 20
leaf_count=24 34 27 20 35 25 35 25 33 32 21 24 28 35 38 20 33 35 25 20 20 26 24 35 20 28 29 36 37 21 33 26 20 21 20 24 25 20 21 30 24 30 20 20 37 20 29 35 20 21 20 20
internal_value=-0.000687907 -0.000893683 0.00253012 -0.000727418 -0.000839446 0.000138614 -0.00152355 -0.00207746 0.000519481 0.00163934 0.0042029 -0.0012782 0.000588235 -0.00224335 0.000322581 0.00223301 -0.00123288 -0.00364706 0.000510638 0.00223022 -0.00130435 0.00397849 -0.00021148 -0.000675676 -0.00169811 0.00428571 -0.0039645 -0.00472222 -0.00592593 -0.000217391 0.000288066 -0.000230415 0.00106061 -0.00223529 -0.00384615 -0.000666667 -0.00531915 0.0047619 -0.00272727 0.00688889 -0.00774648 -0.00450704 -0.0054902 -0.00354839 -0.002 0.00565217 0.00411765 0.0075 -0.00658537 -0.0085 -0.0092
internal_weight=1381 1298 83 1251 1227 505 722 568 154 122 69 399 136 263 93 103 73 170 470 139 46 93 331 296 53 63 169 144 108 276 243 217 132 85 65 90 47 42 55 45 71 142 102 62 40 69 68 40 41 40 50
internal_count=1381 1298 83 1251 1227 505 722 568 154 122 69 399 136 263 93 103 73 170 470 139 46 93 331 296 53 63 169 144 108 276 243 217 132 85 65 90 47 42 55 45 71 142 102 62 40 69 68 40 41 40 50
is_linear=0
shrinkage=0.01


Tree=100
num_leaves=52
num_cat=0
split_feature=88 66 69 2 29 39 40 24 86 7 27 0 30 83 86 2 10 19 75 81 66 0 90 19 44 69 14 14 30 70 19 31 31 13 37 69 10 19 65 81 64 97 63 24 31 21 83 19 44 37 0
split_gain=9.34128 7.6696 10.6948 13.1938 8.86172 8.26048 8.10124 7.06381 6.81826 7.53807 7.65022 7.30036 9.81237 7.66691 6.69168 9.34419 7.19083 9.39559 7.83016 6.27523 7.10061 7.19019 8.45109 6.9963 6.4319 6.25541 6.10306 15.377 7.55636 7.83412 7.32841 6.88775 5.93453 5.48831 5.28321 6.60161 5.95629 5.22648 4.92995 6.83132 6.43251 9.23395 5.307 4.531 4.42369 4.32 4.12208 3.50635 2.81069 2.77692 2.0037
threshold=2445.3708333333338 1395.4000000000003 30586.500000000004 3066.4500000000003 71.750000000000014 112.00000000000001 53.250000000000007 3.4250000000000007 0.060000000000000012 29.830000000000002 69.750000000000014 26720.950000000004 89.250000000000014 1783.3000000000013 880.9145000000002 3619.8395000000005 34492.750000000007 1940.3000000000004 557.36504217715128 3714.0621555224538 1455.6000000000001 29481.900000000005 1235.5213500000002 503.05000000000007 4.4405000209808358 26134.400000000005 13949.050000000001 11018.700000000003 95.750000000000014 1463.7500000000002 1047.6500000000003 6.6750000000000016 13.175000000000002 1827.2500000000002 98.250000000000014 36230.400000000001 38076.05000000001 2140.1000000000008 31378.450000000004 3867.6806442843822 1244.3500000000001 0.13541666666666671 33873.950000000004 9.9750000000000014 7.6750000000000016 27.675000000000004 1960.000000000002 1344.0500000000004 2.3535000085830693 88.250000000000014 32479.700000000004
decision_type=2 2 2 2 2 2 2 2 2 2 2 2 2 2 2 2 2 2 2 2 2 2 2 2 2 2 2 2 2 2 2 2 2 2 2 2 2 2 2 2 2 2 2 2 2 2 2 2 2 2 2
left_child=-1 2 4 5 -2 -4 -7 -3 9 -6 -11 25 13 -13 15 16 18 34 -5 23 -21 22 -22 -9 -24 -10 27 48 31 44 -31 47 38 -29 35 36 -18 -32 39 43 41 -41 -40 -8 -30 -36 -33 -28 -23 -14 -35
right_child=1 7 3 14 8 6 32 19 11 10 -12 12 49 -15 -16 -17 17 -19 -20 20 21 26 24 -25 -26 -27 28 33 29 30 37 46 -34 50 45 -37 -38 -39 42 40 -42 -43 -44 -45 -46 -47 -48 -49 -50 -51 -52
leaf_value=-2.2059885133836814 3.4101884024814502 -0.025926867694418987 -2.4868964795235384 0.32921936277738345 2.1181373359237741 0.047194590441815641 -1.371213842046392 -0.0055614308457898973 -0.0093042542231096988 -0.08925668586255156 0.70122586484037019 -0.6639513412025414 0.9434509503342885 -0.00085680900704804947 -0.069874173935460679 0.12075268337518731 -0.025436519423461861 -3.0164326236401382 -0.086888814235206557 0.33768235000875296 -0.042005978254653922 -0.026663344302252069 -0.015936891384503268 0.23288381081927978 0.019525307191585486 -1.7992776953885039 -0.017425775208832324 0.0027923266475126263 0.072956451953185772 0.012394947572741562 -0.013603318358114087 -0.0031041681877206728 -1.0158214394763454 0.025767332314525257 0.24190864471862014 -0.088041829391313733 0.097610819279347685 -0.00032971297247020968 -1.9439699776967292 0.010537657966821379 0.012320632370014125 -0.77269507782070845 -0.017269150210574919 -0.031186224917597125 0.53849257293884623 -0.032652964355854623 -0.020792973426078696 0.0083454909337535663 -0.00089190412422235463 0.0081214173969279251 0.027108579427903196
leaf_weight=35 38 27 35 31 27 33 28 30 27 22 20 23 20 36 32 39 22 29 33 25 29 21 38 31 22 28 36 28 21 35 21 22 20 23 30 25 31 20 25 36 21 25 21 25 20 20 20 20 20 32 24
leaf_count=35 38 27 35 31 27 33 28 30 27 22 20 23 20 36 32 39 22 29 33 25 29 21 38 31 22 28 36 28 21 35 21 22 20 23 30 25 31 20 25 36 21 25 21 25 20 20 20 20 20 32 24
internal_value=-0.000898716 -0.000768105 -0.00136691 -0.00215686 0.00025641 -0.00375465 -0.00307692 0.000168856 -0.000468085 0.00217391 -0.00047619 -0.00156627 -9.00901e-05 -0.00288136 -0.000684932 -0.000153846 -0.000950226 -0.00210191 0.001875 0.000434783 2.24719e-05 -0.000285714 -0.00280899 0.00344262 -0.000666667 -0.00454545 0.000392749 0.00224138 -0.000604651 0.00111111 -0.000789474 -0.00265306 -0.00383085 0.00493333 -0.0009375 -0.0025641 -0.000566038 -0.00365854 -0.00325967 -0.0022963 -0.000487805 -0.00213115 -0.00608696 -0.00509434 0.00463415 0.0016 -0.00571429 -0.000357143 -0.00268293 0.00307692 0.00702128
internal_weight=1402 1367 834 561 273 269 234 533 235 69 42 166 111 59 292 260 221 157 64 506 445 420 89 61 60 55 331 116 215 117 76 98 201 75 128 78 53 41 181 135 82 61 46 53 41 50 42 56 41 52 47
internal_count=1402 1367 834 561 273 269 234 533 235 69 42 166 111 59 292 260 221 157 64 506 445 420 89 61 60 55 331 116 215 117 76 98 201 75 128 78 53 41 181 135 82 61 46 53 41 50 42 56 41 52 47
is_linear=0
shrinkage=0.01


Tree=101
num_leaves=53
num_cat=0
split_feature=51 72 100 2 31 83 38 28 33 2 45 28 72 38 4 31 17 100 83 88 57 89 94 28 33 16 64 42 88 35 4 7 72 7 7 4 17 17 40 13 37 40 13 4 89 87 20 84 38 76 64 33
split_gain=9.214 6.67313 18.0444 9.55692 9.05661 7.34484 8.20927 9.52294 10.5482 9.01741 8.11607 7.33037 7.74704 6.78052 8.58554 6.35669 6.25419 5.6646 5.60631 5.83333 10.4572 7.03349 6.06529 5.32708 5.12264 6.80573 5.24696 5.12 5.04687 8.83275 7.24286 5.0904 4.97588 4.6653 9.53592 8.67566 6.17272 11.9979 10.5188 8.09202 7.19285 6.04511 6.25541 4.16899 4.14848 3.75021 3.6 3.28205 3.10874 2.82609 2.11277 3.21111
threshold=1.0000000180025095e-35 1778.5500000000002 0.14236111111111113 3570.8000000000006 11.525000000000002 1534.8000000000013 2.5250000000000004 28.525000000000002 186.25000000000003 2335.1000000000004 22951.000000000004 30.025000000000002 0.93550000000000011 4.9750000000000005 1858.6100000000004 3.6250000000000004 184.25000000000003 0.17013888888888892 176.0499999999993 4460.0635416666673 1.0000000180025095e-35 796.41778125000008 601982.21838125016 30.725000000000005 11.250000000000002 5654.8000000000002 1050.1000000000001 118.54999923706056 4737.9633333333322 25.525000000000002 5160.4050000000007 574.95500000000004 1291.6605000000002 17.615000000000006 20.505000000000006 2906.2850000000003 136.15000000000003 45.300000000000004 81.750000000000014 3693.6500000000005 84.250000000000014 75.250000000000014 4812.6000000000013 6996.7850000000008 1402.0453687500003 0.28125000000000006 308.00000000000006 540.71876041666678 8.2250000000000014 32543.587500000001 315.63950000000006 136.00000000000003
decision_type=2 2 2 2 2 2 2 2 2 2 2 2 2 2 2 2 2 2 2 2 2 2 2 2 2 2 2 2 2 2 2 2 2 2 2 2 2 2 2 2 2 2 2 2 2 2 2 2 2 2 2 2
left_child=1 3 4 5 16 18 27 9 23 10 -8 12 -10 15 -15 -11 -3 -5 -1 22 32 -22 -20 50 -23 -26 47 -7 29 -17 -30 -32 -21 35 -35 -16 37 39 -38 -36 -41 -39 -43 -42 -40 -2 -37 -27 -19 -4 51 -9
right_child=45 2 49 17 -6 6 7 8 11 13 -12 -13 -14 14 33 28 -18 48 19 20 21 24 -24 -25 25 26 -28 -29 30 -31 31 -33 -34 34 36 46 38 41 44 40 43 42 -44 -45 -46 -47 -48 -49 -50 -51 -52 -53
leaf_value=-0.18492847356059933 -1.3625391299603109 0.0010951577300147061 -0.15784773159235679 0.0084669512468236226 0.0041476210856543983 -0.002125013011665964 -1.7722410538045694 -1.2292770698899673 0.0076000885215319197 0.12187111902858565 -0.011728249805431048 1.7422473101336198 -0.21481205574103918 -0.090376573315464948 -0.050743326311658732 0.024112179480438464 -0.0085459947786213908 1.4730828755097545 -0.036108732767512551 0.33188435242374481 -0.70731680156448706 0.04665288143960513 0.0068236995069345368 -0.010729807580490032 -0.02596140550436251 1.2394147712026156 -0.010401021828000493 0.53573867939277031 -0.086010392858466456 -0.02686834986693552 0.0012239935760647799 -0.054479619616100046 0.059503447212442058 -0.023530713272821396 0.87977180999172888 0.20989372148909405 -0.0015521479519042241 -0.029642452279654626 3.25414248660414 -0.019251001727368291 0.012270998097014145 -0.043848367115131154 0.17474529853599471 -0.021283396315358579 0.013480815305911054 -3.1905984444241642 0.52535647881287806 3.1584848396044038 0.025130228528706271 -1.1449279680996585 -2.0172972442030384 -1.7648930285898845
leaf_weight=21 36 37 20 38 22 25 27 36 22 32 23 38 23 20 22 21 30 25 33 35 20 23 37 22 33 26 26 25 24 20 29 31 23 24 25 20 39 31 24 33 29 20 22 25 20 21 20 24 21 26 29 24
leaf_count=21 36 37 20 38 22 25 27 36 22 32 23 38 23 20 22 21 30 25 33 35 20 23 37 22 33 26 26 25 24 20 29 31 23 24 25 20 39 31 24 33 29 20 22 25 20 21 20 24 21 26 29 24
internal_value=-0.000798859 -0.00063197 -0.00274074 -0.000396694 -0.00011236 -0.000639432 -0.00112727 -0.00138065 -0.00329897 -0.000740103 -0.0048 -0.00060241 -0.00333333 -0.000357815 0.000374332 -0.00210191 -0.0019403 0.00285714 0.000697674 0.00107143 0.00190476 0.000526316 -0.00142857 -0.00531532 0.00136364 0.000458716 0.00210526 0.0028 -0.00312 -0.000243902 -0.00452381 -0.00266667 0.00551724 0.000734463 0.000205479 0.00322581 0.000746269 -0.00027027 0.00301205 0.00178571 0.000344828 -0.00342466 -0.000952381 0.00259259 0.00636364 -0.00473684 0.006 0.004 0.00521739 -0.00782609 -0.00640449 -0.00533333
internal_weight=1402 1345 135 1210 89 1126 825 775 194 581 50 83 45 531 374 157 67 84 301 280 210 152 70 111 132 109 76 50 125 41 84 60 58 354 292 62 268 185 83 112 87 73 42 54 44 57 40 50 46 46 89 60
internal_count=1402 1345 135 1210 89 1126 825 775 194 581 50 83 45 531 374 157 67 84 301 280 210 152 70 111 132 109 76 50 125 41 84 60 58 354 292 62 268 185 83 112 87 73 42 54 44 57 40 50 46 46 89 60
is_linear=0
shrinkage=0.01


Tree=102
num_leaves=54
num_cat=0
split_feature=5 75 94 44 79 100 3 79 94 66 19 77 20 69 2 73 13 23 77 68 11 2 0 20 62 56 100 36 77 19 94 4 94 83 84 100 31 2 84 19 20 25 25 13 4 100 20 2 8 27 2 94 7
split_gain=11.401 10.7057 8.77224 8.44375 8.03373 7.80122 11.3867 8.05611 10.3079 10.0084 9.94421 9.73901 9.14819 7.13576 7.12191 7.14665 11.3401 7.07202 7.84784 7.01033 11.2494 6.97514 6.95208 6.7063 7.55692 6.58955 6.51089 6.32675 6.03295 7.07588 6.00385 5.97869 5.71154 5.70115 5.69433 5.87219 5.3745 7.28784 6.31015 5.31333 5.12071 5.02648 5.01227 4.82385 6.25541 5.7363 3.67718 3.6 2.81577 2.71515 2.59387 2.58111 0.4
threshold=3014.5800000000004 674.76750222041653 612096.68340875022 3.3194999694824223 103.54911012464049 0.77430555555555569 16642.289000000001 553.24177155445875 530717.68117500015 1037.8880000000001 717.50000000000011 3346.268433993203 2259.3500000000004 35926.700000000004 3275.4000000000005 1.0955000000000001 3295.9500000000003 48.000000000000007 3870.1510449251396 1.0160000000000002 33873.80000000001 3305.8500000000004 27201.650000000005 847.75000000000011 0.75000000000000011 -0.8783796973249266 0.065972222222222238 88.750000000000014 4214.2291422502722 655.6500000000002 635896.82800156262 3537.3300000000004 682875.53486000025 1534.8000000000013 490.99513541666676 0.43402777777777785 9.6750000000000025 3101.9500000000003 1074.6777708333336 1225.0500000000004 760.80000000000007 32.750000000000007 219.75000000000003 2021.1500000000003 3068.5150000000008 0.045138888888888895 2666.2500000000005 2787.8500000000004 420.86052631578951 83.750000000000014 2802.7500000000005 661046.4262240628 464.935
decision_type=2 2 2 2 2 2 2 2 2 2 2 2 2 2 2 2 2 2 2 2 2 2 2 2 2 2 2 2 2 2 2 2 2 2 2 2 2 2 2 2 2 2 2 2 2 2 2 2 2 2 2 2 2
left_child=3 4 48 13 50 6 7 8 10 11 -6 19 23 21 15 22 43 -4 -19 -10 -21 36 -11 28 49 -13 46 -24 29 30 -9 -28 -7 -18 -26 39 37 38 -1 -36 -35 -42 51 44 -17 -45 -12 -5 -3 -25 -2 52 -27
right_child=1 2 17 47 5 32 -8 12 9 14 26 25 -14 -15 -16 16 33 18 -20 20 -22 -23 27 24 34 42 31 -29 -30 -31 -32 -33 -34 40 35 -37 -38 -39 -40 -41 41 -43 -44 45 -46 -47 -48 -49 -50 -51 -52 -53 -54
leaf_value=-2.1520226438056027 0.00013613952770014624 -0.095247744927045588 0.34240781994358932 -2.6034403787595557 1.0497078904533157 3.2457727384560457 -0.13974463068703902 1.4486784022135666 0.60982807264498273 -0.0015366264723851819 -0.017388720155938772 0.010259422296161471 -0.034858039806439416 -0.096173947783922659 -0.049009542119786607 -0.020541584408731869 0.00050872591570330443 -0.12353215597099876 0.0031461953133614883 -1.1858556621354188 0.0093085157751400232 0.01529178583723893 0.69892282297382713 0.024055190765831406 -0.041211477561584227 -2.0163978309117496 0.53620212292888203 0.0076485680298563124 -0.12459275817514134 -0.04238868327139355 0.00069850688109309594 -0.0012709487530876379 0.013790097400764952 -0.079003953701541368 0.01887040517912001 1.3089220411956195 0.0067223796893180719 -3.1670012433891355 0.0035542192208547238 -0.0079004189502633101 -0.059276919460941213 0.0003944270154430779 -0.024630372994094644 0.015069661125837599 0.0017405714304179957 -0.0087173528741231049 0.0019174663489781607 -0.03536795948911102 -0.15626925427643321 3.2615237685572813 0.013018689834611222 -0.97088021033780347 -2.8412699036449891
leaf_weight=23 21 23 20 20 27 26 29 21 36 29 25 22 37 25 20 20 29 35 29 32 29 34 22 20 32 20 31 24 23 20 33 34 22 21 34 30 37 20 26 33 22 21 22 32 22 21 21 20 20 22 26 39 20
leaf_count=23 21 23 20 20 27 26 29 21 36 29 25 22 37 25 20 20 29 35 29 32 29 34 22 20 32 20 31 24 23 20 33 34 22 21 34 30 37 20 26 33 22 21 22 32 22 21 21 20 20 22 26 39 20
internal_value=-0.000699001 -0.000325815 -0.00307087 -0.00287805 0 -0.000185728 -0.000379487 -0.000190275 -0.000826833 -0.00149105 0.0015942 -0.00309091 0.00114754 -0.00187879 -0.00024735 0.000190114 -0.000851064 -0.00119048 -0.0028125 -0.000721649 -0.00278689 -0.001 0.0028 0.00179104 0.00298246 -0.00495935 0.00027027 0.00521739 -0.000309278 0.00108108 0.00296296 0.00230769 0.00375 -0.00333333 0.00178295 0.00298969 -0.00226415 -0.00391304 -0.00183673 0.00134328 -0.005 -0.00302326 -0.0060396 0.00157895 -0.000952381 0.00358491 -0.0026087 -0.007 -0.00674419 0.00666667 0.00404255 -0.00721519 -0.009
internal_weight=1402 1197 127 205 1070 1023 975 946 641 503 138 220 305 165 283 263 188 84 64 97 61 140 75 268 171 123 111 46 97 74 54 65 48 93 129 97 106 69 49 67 64 43 101 95 42 53 46 40 43 42 47 79 40
internal_count=1402 1197 127 205 1070 1023 975 946 641 503 138 220 305 165 283 263 188 84 64 97 61 140 75 268 171 123 111 46 97 74 54 65 48 93 129 97 106 69 49 67 64 43 101 95 42 53 46 40 43 42 47 79 40
is_linear=0
shrinkage=0.01


Tree=103
num_leaves=57
num_cat=0
split_feature=98 51 93 75 94 67 32 20 82 28 26 38 2 2 17 17 93 32 27 82 67 82 67 11 6 98 75 0 39 32 69 73 39 67 10 64 20 68 17 17 10 42 10 37 26 38 0 10 22 77 100 72 82 32 22 100
split_gain=10.8739 10.3374 9.3913 7.13028 10.6729 7.48618 7.27382 7.73184 8.97447 7.21636 7.06306 9.11559 7.05333 6.47257 6.25537 9.57421 8.9336 8.77883 7.97197 7.22066 8.07676 8.01571 10.1683 7.53706 9.30404 8.18056 8.07646 7.1564 9.94382 6.91153 9.81859 6.89292 6.26411 6.24928 6.00368 5.78004 5.63611 5.97657 5.56522 5.53733 5.05695 6.48 4.31929 4.52971 4.2964 4.28754 4.26087 4.15584 4.12767 3.98629 3.83275 3.6 3.52974 3.1746 3.13043 2.81299
threshold=0.9340277777777779 1.0000000180025095e-35 411.30882352941182 674.76750222041653 612096.68340875022 33236.150000000001 58.750000000000007 2259.3500000000004 29.480000000000022 27.925000000000004 0.75000000000000011 5.1250000000000009 2739.6500000000005 3581.0250000000005 164.60000000000005 181.75000000000003 418.85580369843535 217.75000000000003 113.75000000000001 -120.3 31570.700000000001 1387.3000000000002 31995.550000000007 41883.350000000006 8766.760000000002 0.17708333333333334 495.30271142974146 31359.100000000002 182.75000000000003 214.75000000000003 30326.550000000003 967.15300000000013 190.25000000000003 32945.000000000007 31126.200000000004 788.05150000000015 179.50000000000003 1301.1500000000003 242.95000000000002 127.25000000000001 29156.050000000007 114.42000198364259 39365.350000000013 76.750000000000014 2.7500000000000004 5.5250000000000012 33280.700000000004 29331.200000000004 88.750000000000014 4024.8944701773935 0.37152777777777785 0.99700000000000011 177.1700000000001 99.750000000000014 88.250000000000014 0.47569444444444448
decision_type=2 2 2 2 2 2 2 2 2 2 2 2 2 2 2 2 2 2 2 2 2 2 2 2 2 2 2 2 2 2 2 2 2 2 2 2 2 2 2 2 2 2 2 2 2 2 2 2 2 2 2 2 2 2 2 2
left_child=1 3 -2 6 50 9 10 13 53 12 45 -12 -6 14 18 51 17 33 19 -8 27 22 -22 25 31 32 -27 29 -29 30 36 -25 -24 38 -10 42 -21 48 -17 -15 -13 -42 43 -19 -36 -1 -37 -31 -38 -45 -5 -16 -3 -9 -4 -55
right_child=2 52 54 4 5 -7 7 8 34 -11 11 40 -14 39 15 16 -18 35 -20 20 21 -23 23 24 -26 26 -28 28 -30 47 -32 -33 -34 -35 44 46 37 -39 -40 -41 41 -43 -44 49 -46 -47 -48 -49 -50 -51 -52 -53 -54 55 -56 -57
leaf_value=0.00095699477998138088 -0.010621970478737253 -1.6063855071384563 0.010332326679877452 -0.028384548226399967 -0.0064010806000422901 0.034583046392688617 -0.065482690066936688 -0.069031746899424415 0.0078691867408196732 -3.9356549571336541 -0.018843635004063729 1.5572609006798337 0.22404532844258929 -0.006770422771890665 0.0045695166884952313 -0.0080035105117276847 -0.046966920114806084 -0.26459261319084237 -0.17699754704745907 -0.24599154179165184 -0.067928746614183286 -0.10264567867947723 0.029253451868967086 -0.19285489863838032 2.0704399668064966 0.0072510847200474293 2.0122972084741382 0.29214244302782177 -0.00054623577326711891 0.13771609660974457 -0.023655658631006712 -0.0032407102004775742 -0.14080179444090732 1.461480315948201 -0.017291189202244209 0.58513800130874738 -0.3515813067684414 0.25085957438328282 0.014319891012583524 2.5841401324013704 1.0672569727062047 -0.013528349590426886 0.36727154280720042 0.0052700922182994667 0.0020250764277034631 -0.059072532767703613 -0.023638446778662947 0.020509602940828976 0.32157628066976912 -0.045919787735341631 -0.83691264373583196 1.857696874343848 -2.4945888538580827 -0.031847036313384376 0.0040128114177927525 -4.5920303789465207
leaf_weight=25 23 32 23 22 20 21 38 21 20 22 29 21 30 30 20 23 22 20 35 25 24 28 20 25 21 34 23 37 38 20 31 21 23 20 20 23 23 22 23 23 25 25 26 20 21 23 23 35 27 21 27 20 23 22 23 20
leaf_count=25 23 32 23 22 20 21 38 21 20 22 29 21 30 30 20 23 22 20 35 25 24 28 20 25 21 34 23 37 38 20 31 21 23 20 20 23 23 22 23 23 25 25 26 20 21 23 23 35 27 21 27 20 23 22 23 20
internal_value=-0.000827389 -0.00102776 0.00304348 -0.00084507 -0.00295775 -0.000967742 -0.000580986 -0.000890688 -0.00322581 -0.0025 0.00148649 0.003 -0.0004 -0.000555556 -0.000776819 0.000498084 -0.000316742 0.000351759 -0.00138182 -0.00106796 -0.000733753 -0.00214612 -0.00141361 -0.000538922 -0.00313433 0.0012 0.00368421 0.000465116 0.00306667 -0.000601093 -0.001875 -0.00565217 -0.00209302 0.00333333 -0.000491803 -0.00112782 -0.000309278 0.00111111 0.00130435 0.00283019 0.00492958 0.0032 -0.00264368 -0.00409836 -0.00268293 -0.00166667 0.00173913 0.00236364 -0.0008 -0.00219512 -0.00673469 0.005 -0.00527273 -0.00587302 0.00565217 -0.00428571
internal_weight=1402 1333 69 1278 142 93 1136 988 124 72 148 100 50 864 811 261 221 199 550 515 477 219 191 167 67 100 57 258 75 183 128 46 43 66 61 133 97 72 46 53 71 50 87 61 41 48 46 55 50 41 49 40 55 63 46 42
internal_count=1402 1333 69 1278 142 93 1136 988 124 72 148 100 50 864 811 261 221 199 550 515 477 219 191 167 67 100 57 258 75 183 128 46 43 66 61 133 97 72 46 53 71 50 87 61 41 48 46 55 50 41 49 40 55 63 46 42
is_linear=0
shrinkage=0.01


Tree=104
num_leaves=53
num_cat=0
split_feature=51 93 62 73 92 32 27 20 20 1 82 22 28 78 39 67 36 27 93 100 63 34 1 57 28 28 11 32 36 22 11 93 93 20 82 64 26 32 16 67 67 64 65 68 92 90 82 63 68 25 78 70
split_gain=7.9893 6.78118 10.2254 11.5522 8.15423 7.55395 10.4462 7.50603 7.82284 10.0958 7.1642 7.47929 7.17106 10.0227 7.955 7.08659 6.92316 6.21629 6.05627 10.3589 5.95238 5.88587 5.55463 6.65432 5.76027 11.3793 10.8913 9.46703 5.42839 5.36207 5.02234 5.72109 4.94572 5.53913 4.78853 4.73387 4.73226 7.29893 6.29148 8.19659 6.53061 4.72028 4.65839 4.0749 3.83675 4.04579 3.26168 3.24638 3.22593 3.18435 3.16716 2.48082
threshold=1.0000000180025095e-35 417.31263888888896 1031.2500000000002 1.0955000000000001 31975.405062500009 286.25000000000006 100.75000000000001 456.65000000000003 351.15000000000003 14155.150000000003 -971.95499999999981 80.750000000000014 28.575000000000006 479.53758333333337 158.25000000000003 31680.100000000002 88.250000000000014 80.750000000000014 417.69184210526322 1.0000000180025095e-35 27967.750000000004 75.250000000000014 15875.093500000001 -0.56174490092936669 25.175000000000004 23.975000000000005 37774.350000000006 81.250000000000014 89.750000000000014 89.250000000000014 36325.650000000009 415.18881578947372 402.28128571428573 82.90000000000002 177.1700000000001 1509.5500000000002 0.75000000000000011 106.75000000000001 7093.2500000000009 33112.05000000001 31700.450000000004 789.33750000000009 28551.950000000004 1513.1500000000003 23801.648137500004 1769.4652500000004 840.40000000000009 28737.150000000005 738.69850000000008 169.75000000000003 405.26730208333339 1427.5000000000002
decision_type=2 2 2 2 2 2 2 2 2 2 2 2 2 2 2 2 2 2 2 2 2 2 2 2 2 2 2 2 2 2 2 2 2 2 2 2 2 2 2 2 2 2 2 2 2 2 2 2 2 2 2 2
left_child=1 2 4 21 7 6 28 8 9 32 -9 20 13 16 -14 -15 -13 -11 -3 -20 -12 51 24 -24 25 26 27 -21 36 48 -31 -32 33 -1 -2 -27 37 -5 39 40 42 -25 47 46 -26 -46 -28 -38 50 -17 -16 -4
right_child=34 18 3 5 -6 -7 -8 10 -10 17 11 12 14 15 29 49 -18 -19 19 22 -22 -23 23 41 44 35 43 -29 -30 30 31 -33 -34 -35 -36 -37 38 -39 -40 -41 -42 -43 -44 -45 45 -47 -48 -49 -50 -51 -52 -53
leaf_value=-1.1174715392490502 -1.2747077051637843 -0.024562217242613895 1.1333180311382436 -0.079817474506588687 0.12909984482758124 -0.032816478257627971 0.024083761083274858 -0.1245372876957147 -2.4376826658975173 0.8767354501897906 -0.019993879542710587 -0.20807171562051005 -6.7973265758753723 -0.0014868412951075528 0.0085798502601948171 0.090829955276197694 0.14542044635365423 -0.029109374746533502 0.0086374491445537858 0.0052692869148023907 -0.62025975567850156 0.022759695643588391 -0.044233000616393715 -0.032719572934857021 -0.091337318090070105 -0.0039846656107181046 -0.010777139836739929 -0.016745163753231321 0.023107576832895837 -0.046029466969554615 -0.11081584297297145 0.023750819134015083 -0.0076341917168600594 -0.92356661907028126 -2.4696429653195024 0.01117663677909158 0.013961520395464095 0.0010939009480606533 -0.026238376521878274 0.010941867901933135 -0.021137214579514785 0.19572928654697516 0.043297538445607568 -0.014137444140031263 -0.022769357963804186 -0.0050019494039763223 -0.029652057247654018 -0.036072984282951484 -0.2655678051448882 1.2945958227759022 0.43393984580656636 1.6206133576199173
leaf_weight=20 34 25 21 38 36 20 21 31 26 27 20 26 27 32 24 32 33 34 23 37 28 34 33 22 20 20 20 27 22 22 28 21 20 26 23 23 25 34 27 32 28 26 24 31 28 24 23 21 24 26 31 22
leaf_count=20 34 25 21 38 36 20 21 31 26 27 20 26 27 32 24 32 33 34 23 37 28 34 33 22 20 20 20 27 22 22 28 21 20 26 23 23 25 34 27 32 28 26 24 31 28 24 23 21 24 26 31 22
internal_value=-0.0010699 -0.000914498 -0.00046729 0.000840108 -0.00127946 -6.84932e-05 0.000367647 -0.00157706 -0.00346405 -0.00244094 -0.000864198 -0.000481283 6.13497e-05 0.00167785 -0.00129944 0.00377778 -0.00152542 0.000491803 -0.00204188 -0.00170868 -0.00416667 0.00428571 -0.00215569 0.000123457 -0.00288538 -0.0019337 -0.00333333 -0.0003125 -0.000199203 -0.0004 -0.00239437 -0.000612245 -0.00515152 -0.00695652 -0.00473684 0.00255814 -0.000655022 -0.00277778 0.000318471 0.00123077 -0.000204082 0.0025 0.00142857 -0.00594595 -0.00527778 -0.00384615 -0.00395349 -0.000434783 0.00139241 0.00586207 0.00272727 0.00674419
internal_weight=1402 1345 963 369 594 292 272 558 153 127 405 374 326 149 177 90 59 61 382 357 48 77 334 81 253 181 138 64 251 150 71 49 66 46 57 43 229 72 157 130 98 48 70 74 72 52 43 46 79 58 55 43
internal_count=1402 1345 963 369 594 292 272 558 153 127 405 374 326 149 177 90 59 61 382 357 48 77 334 81 253 181 138 64 251 150 71 49 66 46 57 43 229 72 157 130 98 48 70 74 72 52 43 46 79 58 55 43
is_linear=0
shrinkage=0.01


Tree=105
num_leaves=53
num_cat=0
split_feature=77 74 8 25 5 11 58 8 82 72 63 35 61 94 29 25 74 4 5 46 72 94 93 94 42 3 34 42 78 2 61 14 11 42 25 77 78 28 46 34 72 78 74 78 25 5 35 38 81 4 77 2
split_gain=15.6451 10.721 16.3671 9.84403 9.42775 9.3332 10.7082 13.3056 9.20899 8.92008 8.58337 7.98136 7.3373 7.28317 7.08337 8.06667 6.87058 7.44828 7.22558 6.41461 6.47138 6.40444 8.99817 11.8808 8.7445 7.0068 7.52198 6.89243 6.15015 5.90032 10.3641 10.8958 6.08944 9.29691 6.53333 5.86109 5.25952 4.78428 4.77265 6.64561 5.35786 5.55672 8.72051 4.74074 4.73387 3.89026 3.79522 3.6 2.92739 2.5 2.49231 0.942857
threshold=4136.8104261388826 1172.0361875000001 417.31263888888896 207.25000000000003 7742.4000000000005 35959.700000000004 -0.6830127018922193 408.0356410256411 1375.9000000000003 1469.2500000000002 34595.500000000007 27.775000000000002 31222.800000000003 546697.86693625024 79.250000000000014 187.00000000000003 1146.1298333333336 2771.2300000000005 5072.8250000000007 93.944999694824233 0.97550000000000014 557472.08952906274 413.16576923076929 598205.7565903127 116.70000076293947 14816.800000000001 62.250000000000007 117.97499847412111 947.31465277777795 3124.6500000000001 33639.400000000001 20016.250000000004 39919.55000000001 143.25000000000003 87.250000000000014 3922.3103447159056 1435.874652777778 22.075000000000006 102.20499801635744 91.250000000000014 1064.0825000000002 1399.8304375 1288.9465312500004 1284.1620069444446 151.75000000000003 7940.9350000000004 27.025000000000002 7.075000000000002 4600.2688226511227 3745.0950000000003 4512.0680283713855 2466.5500000000006
decision_type=2 2 2 2 2 2 2 2 2 2 2 2 2 2 2 2 2 2 2 2 2 2 2 2 2 2 2 2 2 2 2 2 2 2 2 2 2 2 2 2 2 2 2 2 2 2 2 2 2 2 2 2
left_child=1 5 4 9 38 6 7 19 12 21 13 14 36 28 51 37 48 -18 -19 20 -1 24 50 -24 25 -2 -27 -25 -7 32 46 -32 33 34 -15 45 -4 -16 40 44 43 42 -42 -3 -40 -35 -31 -36 -11 -43 -23 -8
right_child=3 2 8 -5 -6 10 11 -9 -10 16 -12 -13 -14 29 15 -17 17 18 -20 -21 -22 22 23 27 -26 26 -28 -29 -30 30 31 -33 -34 35 47 -37 -38 -39 39 -41 41 49 -44 -45 -46 -47 -48 -49 -50 -51 -52 -53
leaf_value=2.2128537793949574 -0.055697833719288416 2.7247648554554087 -0.00079018587219783945 -3.824737356145151 5.6624927837770853 2.1755377274892922 -2.4487188130003377 -0.071340633504228881 -0.082923039115580549 -1.7177479182291677 -0.12715205747981773 0.046461999358206038 -0.0067266360595504204 -0.40104224249875975 -0.27397581569992441 0.069527326326891417 -0.0085535586172245902 0.0030552192527181538 -0.013358856067847043 0.13425621030010246 -0.055889254177756344 -0.55063726704581084 -0.044421605481717037 0.13680007979044134 1.3342347215098134 2.5259427801015799 -0.014995471865270673 -0.0040986808777842328 0.0073241199394309744 1.4600868184118947 -0.042614418531080896 3.5003050143420897 -0.13259269242335375 0.0059379790161251502 0.037175081428652557 -0.1018018316936611 0.012375537652567001 -1.6014361454681629 0.0022999408742456541 0.010165249869284482 0.033501921966528833 0.011679364903438972 -0.037911234059776346 0.073968860972144126 -0.039662201031662826 -0.035425406689424802 0.014034878291484094 3.7870411678086202 -1.6841714571961175 0.0015275997037568145 -1.2133146146368483 -3.1889612544887171
leaf_weight=22 37 27 28 26 21 25 20 26 24 33 34 21 36 20 29 20 29 33 25 20 32 32 33 26 22 24 39 25 23 23 29 21 38 21 20 21 20 31 20 26 20 20 38 27 23 22 21 20 20 20 20 22
leaf_count=22 37 27 28 26 21 25 20 26 24 33 34 21 36 20 29 20 29 33 25 20 32 32 33 26 22 24 39 25 23 23 29 21 38 21 20 21 20 31 20 26 20 20 38 27 23 22 21 20 20 20 20 22
internal_value=-0.000907749 -0.000182599 0.0012 -0.0025 0.00264463 -0.00101549 -0.00251029 0 -0.00203704 -0.00211055 5.91716e-05 -0.00426573 -0.00047619 0.000592105 -0.0052459 -0.0035 -0.00414286 -0.00241379 -0.000344828 0.00216216 0.00037037 -0.00100775 -0.0025 -0.00047619 0.000655738 -0.0006 0.00142857 0.00254902 0.00416667 -7.8125e-05 0.00191489 -0.0012 -0.00123457 -0.00016129 0.00266667 -0.0028125 0.00208333 -0.00533333 0.0020362 -0.000144928 0.00302632 0.00163265 -0.000344828 0.00555556 -0.00255814 -0.000697674 0.00545455 0.005 -0.00698113 0.0045 -0.00576923 -0.00857143
internal_weight=1355 931 350 424 242 581 243 100 108 398 338 143 84 304 122 80 140 87 58 74 54 258 136 84 122 100 63 51 48 256 94 50 162 124 60 64 48 60 221 69 152 98 58 54 43 43 44 40 53 40 52 42
internal_count=1355 931 350 424 242 581 243 100 108 398 338 143 84 304 122 80 140 87 58 74 54 258 136 84 122 100 63 51 48 256 94 50 162 124 60 64 48 60 221 69 152 98 58 54 43 43 44 40 53 40 52 42
is_linear=0
shrinkage=0.01


Tree=106
num_leaves=50
num_cat=0
split_feature=98 8 51 92 19 96 3 19 76 65 25 19 13 93 3 13 3 71 81 37 20 64 6 68 23 14 64 60 71 19 19 32 76 43 37 3 99 76 65 22 24 57 24 59 65 14 43 27 20
split_gain=11.4354 11.5569 11.6852 10.3559 8.7752 8.57036 10.2837 8.11766 8.17251 9.3394 10.8002 9.1746 7.77285 10.3527 11.7919 10.0485 7.72103 7.71923 7.50371 7.1503 6.9189 6.58738 9.9383 6.16634 10.7958 6.59728 9.22778 11.4548 6.51486 6.20465 6.20834 6.169 6.1409 5.8298 5.7403 5.72131 5.33597 5.20661 8.9011 6.41026 4.48741 4.40374 4.66667 4.64481 3.92567 3.79259 3.73558 3.01385 2.61905
threshold=0.9340277777777779 422.61828947368429 1.0000000180025095e-35 27604.989006250005 255.85000000000002 1.0000000180025095e-35 16642.289000000001 2314.9500000000003 35515.42395833334 33795.200000000004 181.25000000000003 1421.9000000000003 2336.3000000000006 419.05207681365579 14759.650000000001 2864.2000000000003 15272.250000000002 1111.0525000000002 4133.4101707823311 96.750000000000014 1501.4500000000003 0.75000000000000011 9890.8500000000022 940.57000000000016 99.750000000000014 15187.750000000002 1456.9000000000003 1346.5740000000003 719.17000000000019 604.75000000000011 1344.0500000000004 85.750000000000014 30079.379166666669 81.090000152587905 50.250000000000007 14925.250000000002 0.052083333333333336 27569.202083333334 24952.650000000005 89.250000000000014 7.625 1.0000000180025095e-35 8.1750000000000025 -0.68301270189221952 33100.30000000001 13108.000000000002 72.61999893188478 75.750000000000014 1964.0500000000004
decision_type=2 2 2 2 2 2 2 2 2 2 2 2 2 2 2 2 2 2 2 2 2 2 2 2 2 2 2 2 2 2 2 2 2 2 2 2 2 2 2 2 2 2 2 2 2 2 2 2 2
left_child=1 2 3 5 46 6 12 8 41 10 11 47 13 14 45 17 -16 -14 32 -11 33 -17 23 24 28 31 27 35 -23 -28 -31 -25 -3 -2 -6 -27 -30 -36 -39 -40 -33 42 -7 -43 -18 -1 -5 -10 -20
right_child=20 18 -4 4 34 7 -8 -9 9 19 -12 -13 15 -15 16 21 44 -19 48 -21 -22 22 -24 25 -26 26 29 -29 36 30 -32 40 -34 -35 37 -37 -38 38 39 -41 -42 43 -44 -45 -46 -47 -48 -49 -50
leaf_value=-0.016981755917706839 0.0064373308144180632 -0.0081628523690535498 -2.3226779609941732 0.00037222493967512286 1.0005058601442562 -0.73948522679056772 -0.35641054929884619 -0.9289541982046875 -0.021192771232333495 0.0049015980365975454 3.4075641724891388 3.2499221886611696 0.0072508787400366653 0.012982616504157853 0.014004188171582258 0.89026421181392745 -0.030567382866274709 0.090807576591535447 -0.015627447677087628 -1.7779703795074084 0.0099269019326396098 3.7536209144252699 -0.6187335205094191 -2.1848423219509452 -0.12653981395683489 0.025788044817344372 -0.033821718188644045 0.88165921128596991 1.8985455441405885 0.70228335945873854 -0.0088989294005335281 -0.047687272806896247 0.0006085422524547458 -0.0064918649904939386 0.21258100305078789 -0.76384190697874443 -0.011296078743874957 -0.21371371740526074 0.046892257686452589 -0.023453379017324322 0.0030496932084789854 -3.6902549966511358 -1.9724529661434249 -0.0011387250917854819 0.0046805215761584629 -0.017197344043101134 -0.23358255384799023 -0.047476528445730519 -0.86875684597564862
leaf_weight=30 25 27 38 39 29 21 28 31 20 23 34 21 27 33 21 34 21 22 20 32 20 28 30 20 27 34 20 31 24 22 35 29 31 24 38 21 22 26 39 26 33 27 21 34 20 24 29 22 22
leaf_count=30 25 27 38 39 29 21 28 31 20 23 34 21 27 33 21 34 21 22 20 32 20 28 30 20 27 34 20 31 24 22 35 29 31 24 38 21 22 26 39 26 33 27 21 34 20 24 29 22 22
internal_value=-0.000922509 -0.0011353 -0.000860034 -0.000679443 0.00123894 -0.00114967 -0.000503145 -0.00258741 -0.002 -0.000526316 0.00134021 -0.00111111 -0.000230263 -0.00221477 -0.00362069 0.000413943 -0.000645161 0.00469388 -0.0044 -0.00381818 0.00304348 -9.7561e-05 -0.000478723 0 0.00207921 -0.000857143 0.000306748 0.00255814 0.00405405 -0.00220779 -0.000526316 -0.00317073 -0.00206897 0.00102041 0.00253165 -0.000181818 0.00173913 0.00162791 0.00032967 0.00230769 -0.0016129 -0.00417476 -0.00666667 -0.00245902 -0.00317073 -0.00703704 -0.00176471 -0.00380952 -0.00761905
internal_weight=1355 1286 1186 1148 226 922 636 286 255 152 97 63 608 149 116 459 62 49 100 55 69 410 376 346 101 245 163 86 74 77 57 82 58 49 158 55 46 129 91 65 62 103 42 61 41 54 68 42 42
internal_count=1355 1286 1186 1148 226 922 636 286 255 152 97 63 608 149 116 459 62 49 100 55 69 410 376 346 101 245 163 86 74 77 57 82 58 49 158 55 46 129 91 65 62 103 42 61 41 54 68 42 42
is_linear=0
shrinkage=0.01


Tree=107
num_leaves=52
num_cat=0
split_feature=98 81 42 1 65 34 44 41 68 33 8 61 31 35 0 16 33 97 0 31 8 44 7 33 41 3 23 68 31 69 88 38 41 41 40 91 69 8 4 1 3 20 35 42 68 88 67 46 81 3 97
split_gain=10.7945 10.7837 10.0737 7.95374 12.6452 9.58008 9.18469 7.79691 10.0922 9.44007 8.68264 8.5162 9.04603 8.72652 14.5548 9.86014 7.303 7.12314 7.00042 6.72472 6.50665 6.61225 7.79769 7.97101 6.31484 6.22286 5.78973 5.65296 5.56384 5.49045 5.32669 5.15908 10.2813 7.12099 6.66667 8.2291 5.71158 6.53819 10.8272 5.40346 4.85735 4.62947 4.57143 4.47243 7.09158 4.46187 4.3142 3.6 3.11688 2.5 2.39456
threshold=0.9340277777777779 3623.1316547471383 368.00000000000006 13125.800000000001 23585.000000000004 86.750000000000014 3.58899998664856 83.250000000000014 1236.3805000000002 182.75000000000003 406.50242857142865 28613.950000000004 15.225000000000001 26.525000000000002 34914.900000000009 5900.8000000000011 199.75000000000003 0.15625000000000003 30238.650000000005 9.4750000000000014 417.37513888888896 3.58899998664856 1014.6900000000002 109.75000000000001 102.75000000000001 16054.800500000001 85.750000000000014 1098.5530000000001 5.9250000000000016 35478.250000000007 6512.9747916666665 5.8750000000000009 72.750000000000014 71.250000000000014 91.750000000000014 30394.618075000002 29448.350000000002 418.1136842105264 3426.0600000000004 14748.250000000002 14563.450000000003 319.50000000000006 26.475000000000005 122.20000076293947 1602.2500000000002 4705.8225000000002 34032.80000000001 105.27000045776369 4091.4933500894572 11045.700000000003 0.44791666666666669
decision_type=2 2 2 2 2 2 2 2 2 2 2 2 2 2 2 2 2 2 2 2 2 2 2 2 2 2 2 2 2 2 2 2 2 2 2 2 2 2 2 2 2 2 2 2 2 2 2 2 2 2 2
left_child=1 3 7 4 -1 40 -7 8 11 18 43 -3 13 14 15 26 17 29 42 20 21 22 23 -20 -24 46 -13 -21 -11 -15 -2 33 36 34 35 50 -33 45 -39 -40 41 49 48 -10 -45 -38 -19 -36 -9 -5 -12
right_child=30 2 -4 5 -6 6 -8 9 10 28 31 12 -14 16 -16 -17 -18 25 19 27 -22 -23 24 -25 -26 -27 -28 -29 -30 -31 -32 32 -34 -35 47 -37 37 38 39 -41 -42 -43 -44 44 -46 -47 -48 -49 -50 -51 -52
leaf_value=0.16577008523617587 0.0063609720694340847 0.44817265572073439 0.047912518640789735 0.039329127789596845 -0.49485796078055805 0.042976667178548186 -0.11573080375105925 -0.10207350763426608 -0.49818024115279735 -0.075438668596029018 -0.28913567961515113 1.9544689573078149 -0.12053165085193232 -0.13933753848238228 2.3472200408064943 -0.017225682402196088 4.1681335052784823 0.28323803992611146 -3.016234526309395 0.227029938803475 -0.082442151500769237 0.022970383589761417 -0.053775036223563548 -0.0095092336988015589 0.12584669820559249 -0.38101894470726549 -0.0081725076388359796 -0.0060823846339494838 -2.9413182213206248 -0.01805468856213539 -0.0045954628807398801 0.0097942714886137209 0.0142658283656829 -0.067298548626225238 0.0052637042773046082 -0.0023713119360433692 -0.036049964315631004 0.0088307061443490143 -0.015719758354905907 -0.0069133139012741629 0.0047338648963645251 3.889052233515764 -0.1035232204631114 0.94187944106365951 -0.0093585959526065257 -0.027644743637868754 -0.013335380282457983 -0.0063627438197284827 -0.44740578078490234 0.66870897409877716 -0.01519855090887476
leaf_weight=31 38 29 30 20 31 28 29 22 23 33 27 26 20 34 30 39 20 23 22 20 26 28 29 24 23 20 29 21 28 29 31 22 24 31 20 31 27 34 20 22 30 23 21 28 26 24 27 20 20 20 22
leaf_count=31 38 29 30 20 31 28 29 22 23 33 27 26 20 34 30 39 20 23 22 20 26 28 29 24 23 20 29 21 28 29 31 22 24 31 20 31 27 34 20 22 30 23 21 28 26 24 27 20 20 20 22
internal_value=-0.00109963 -0.00130638 -0.00171322 0.000754717 -0.00225806 0.002 -0.00122807 -0.00187739 -0.00130674 -0.00318612 -0.00236908 0 -0.000505051 -3.61011e-05 0.00193548 0 -0.00163399 -0.0024812 -0.00234375 -0.00139896 -0.00236842 -0.00142857 -0.00265306 -0.00565217 0 -0.000285714 0.00272727 0.00219512 -0.00672131 -0.00492063 0.00275362 -0.00308642 -0.00190751 -0.00443709 -0.00333333 -0.005 -0.00288591 -0.00370079 -0.00184211 -0.0052381 0.00397849 0.00555556 -0.0052381 0.000649351 0.00222222 -0.00647059 0.0016 0 -0.00714286 0.0035 -0.00755102
internal_weight=1355 1286 1074 212 62 150 57 1044 727 317 401 326 297 277 124 94 153 133 256 193 152 126 98 46 52 70 55 41 61 63 69 324 173 151 120 80 149 127 76 42 93 63 63 77 54 51 50 40 42 40 49
internal_count=1355 1286 1074 212 62 150 57 1044 727 317 401 326 297 277 124 94 153 133 256 193 152 126 98 46 52 70 55 41 61 63 69 324 173 151 120 80 149 127 76 42 93 63 63 77 54 51 50 40 42 40 49
is_linear=0
shrinkage=0.01


Tree=108
num_leaves=51
num_cat=0
split_feature=98 42 68 67 17 17 61 70 78 36 66 98 73 13 92 82 0 26 37 17 22 76 13 22 42 0 4 10 10 17 0 24 66 20 2 2 7 94 43 83 36 28 80 62 33 29 10 26 28 36
split_gain=10.2234 9.86616 7.78208 7.88857 6.60638 8.62053 8.2688 17.8471 11.0344 7.11225 6.48657 8.99752 8.79091 6.6598 13.4526 7.04631 6.79836 14.0687 9.91535 8.61743 9.17472 7.38391 8.95472 7.82611 7.34633 7.63348 7.1793 12.344 7.40816 6.62892 6.30154 6.08444 6.05728 5.98772 5.82912 7.39231 5.77166 6.57312 5.70751 5.42716 5.23992 4.76451 4.45455 4.38652 4.26087 3.98629 3.29521 2.5 1.6 1.5254
threshold=0.9340277777777779 368.00000000000006 1505.6875000000002 25753.150000000005 118.10000000000001 160.25000000000003 32289.650000000005 1341.3900000000001 1480.4941805555557 89.750000000000014 1499.9500000000003 0.41319444444444448 1340.2500000000002 15820.150000000003 18948.936056250008 -914.34999999999991 31436.000000000004 117.25000000000001 49.250000000000007 198.05000000000004 87.250000000000014 34498.452083333337 12634.050000000001 82.250000000000014 146.25000000000003 28908.350000000002 7440.2450000000008 34279.500000000007 39427.100000000013 45.300000000000004 30361.100000000002 8.9250000000000025 1447.9335000000003 286.50000000000006 2758.3000000000006 3118.0000000000005 17.575000000000003 662103.47813906276 81.090000152587905 2333.7999999999997 81.750000000000014 22.125000000000004 36538.861805555563 1509.5000000000002 105.75000000000001 88.250000000000014 39796.450000000004 26.250000000000004 24.575000000000006 79.250000000000014
decision_type=2 2 2 2 2 2 2 2 2 2 2 2 2 2 2 2 2 2 2 2 2 2 2 2 2 2 2 2 2 2 2 2 2 2 2 2 2 2 2 2 2 2 2 2 2 2 2 2 2 2
left_child=1 2 3 33 9 32 7 -7 -9 39 12 30 13 14 46 -16 17 18 -17 21 -21 23 26 -18 36 31 27 -23 -29 45 -12 -26 -6 -1 -31 -36 -20 41 -2 43 -25 -38 -28 49 -8 -13 -5 -11 -32 -4
right_child=38 -3 4 10 5 6 44 8 -10 47 11 29 -14 -15 15 16 19 -19 24 20 -22 22 -24 40 25 -27 42 28 -30 34 48 -33 -34 -35 35 -37 37 -39 -40 -41 -42 -43 -44 -45 -46 -47 -48 -49 -50 -51
leaf_value=-0.041790311003209013 0.01009648569870715 0.047433393454381835 -1.9534047893008073 -0.051228515004214978 -0.008800799991188428 0.040715557125060114 -0.036493283826297143 -0.044080819673342049 9.1073213605451822e-05 0.00093816763864045471 -0.028899241202608974 -0.0035254088877443176 -1.3724029749498172 0.23226866000213131 -0.12509499935245927 0.4916595461085983 -0.01226479706797344 0.86055523575155124 -3.7220741747337645 0.62145391408470707 -3.0056637414671901 3.2683671302267348 3.8859547688235603 0.0088123472821513091 -0.077789185151219645 -0.1000871776678795 -0.055704023933145302 -0.92729856205264682 0.0054459094733369431 -0.051220689404746562 0.69566039555008763 0.35075663200052393 0.036359910491903569 1.6370891688273355 0.19928115676169048 -0.036422820811903546 -0.033990490503272637 -0.035582182169028843 -2.1763721647228338e-05 -0.0010565311023493489 2.7447607744988294 -0.66016698123381135 -0.0039383841566084385 -0.0098888672587067322 -0.016187326075400823 0.015587054607008389 -1.7699845834150325 -0.0092868654644544385 3.7759444891132099 -1.0596252788631382
leaf_weight=25 33 34 20 27 25 28 23 31 26 20 25 20 31 32 23 29 26 31 22 20 23 22 36 29 20 21 22 21 28 28 20 25 24 37 20 32 25 32 36 22 38 38 22 39 23 21 24 20 20 36
leaf_count=25 33 34 20 27 25 28 23 31 26 20 25 20 31 32 23 29 26 31 22 20 23 22 36 29 20 21 22 21 28 28 20 25 24 37 20 32 25 32 36 22 38 38 22 39 23 21 24 20 20 36
internal_value=-0.00099631 -0.00119751 -0.00134185 -0.000863388 -0.00264095 -0.00133333 -0.00267176 -0.000823529 -0.00403509 -0.00414013 -0.00111372 0.000537634 -0.00157421 -0.00132075 -0.00155629 -0.00110307 -0.000867925 -0.00209877 -0.00301887 0.000174216 -0.00395349 0.000901639 -0.000463576 0.00311828 -0.00387978 -0.00121212 -0.00182609 0.000140845 -0.00265306 -0.00107438 0.00353846 0.00111111 0.0022449 0.00258065 -0.00275 -0.000769231 -0.00538462 -0.00431579 0.00275362 -0.00538462 0.00492537 -0.00619048 -0.005 -0.00642105 -0.00608696 0.00219512 -0.00647059 -0.0005 0.006 -0.00821429
internal_weight=1355 1286 1252 915 337 180 131 85 57 157 853 186 667 636 604 553 530 243 212 287 43 244 151 93 183 66 115 71 49 121 65 45 49 62 80 52 117 95 69 117 67 63 44 95 46 41 51 40 40 56
internal_count=1355 1286 1252 915 337 180 131 85 57 157 853 186 667 636 604 553 530 243 212 287 43 244 151 93 183 66 115 71 49 121 65 45 49 62 80 52 117 95 69 117 67 63 44 95 46 41 51 40 40 56
is_linear=0
shrinkage=0.01


Tree=109
num_leaves=52
num_cat=0
split_feature=39 69 40 51 82 79 5 86 100 36 29 63 63 30 31 63 30 26 91 31 31 13 69 62 41 75 62 5 4 19 81 31 71 13 44 71 71 19 30 27 27 29 90 11 39 27 14 26 41 57 4
split_gain=11.9499 8.23128 11.1192 9.16316 7.69548 6.87598 8.05664 7.20015 7.66172 6.48756 7.02727 6.36068 5.90793 12.4714 10.7652 9.62545 8.58574 9.52229 10.0119 8.09944 15.9603 11.7076 8.49984 9.18029 7.60171 7.31231 7.15941 6.85801 6.7972 6.70448 8.71865 6.69547 5.90852 8.44549 8.045 7.98956 8.74986 7.13787 6.95033 8.24627 6.93893 6.54779 5.73766 4.38682 4.26087 4.21919 3.74458 3.51054 3.03501 2.62811 1.6
threshold=248.25000000000003 26994.700000000004 70.250000000000014 1.0000000180025095e-35 -971.95499999999981 103.54911012464049 4898.505000000001 1228.3000000000002 0.024305555555555556 87.750000000000014 84.250000000000014 28168.550000000003 26156.550000000003 93.250000000000014 3.7250000000000005 34780.850000000006 97.250000000000014 69.750000000000014 29015.041350000003 9.4750000000000014 10.425000000000002 1226.2000000000003 35478.250000000007 1329.6500000000003 108.25000000000001 532.44726632936397 1002.397 4872.0250000000005 8216.6150000000016 541.05000000000007 4164.8853729157281 4.0250000000000012 1222.2465000000002 12747.100000000002 2.5210000276565556 911.75000000000011 0.98050000000000004 1107.6000000000001 96.750000000000014 79.250000000000014 84.250000000000014 84.250000000000014 1719.7960500000004 37281.250000000007 142.75000000000003 52.250000000000007 16168.750000000002 10.750000000000002 64.250000000000014 -0.22252093395631442 4076.6650000000004
decision_type=2 2 2 2 2 2 2 2 2 2 2 2 2 2 2 2 2 2 2 2 2 2 2 2 2 2 2 2 2 2 2 2 2 2 2 2 2 2 2 2 2 2 2 2 2 2 2 2 2 2 2
left_child=1 2 11 4 49 6 -6 12 -9 10 -4 46 13 28 15 16 17 18 -14 21 27 -16 23 29 31 43 -15 -21 -7 -22 -31 -23 33 34 50 36 41 47 39 -38 -35 -36 -37 -25 -12 -18 -1 -34 -32 -3 -33
right_child=-2 3 9 -5 5 7 -8 8 -10 -11 44 -13 14 26 19 -17 45 -19 -20 20 22 24 -24 25 -26 -27 -28 -29 -30 30 48 32 37 40 35 42 38 -39 -40 -41 -42 -43 -44 -45 -46 -47 -48 -49 -50 -51 -52
leaf_value=-0.082715137844196762 1.0587542455410579 -0.17605815459329052 0.0038150047723764925 -2.2959122368357265 0.011312308406715866 0.02085146575060744 -0.010330033625495498 -0.024387102593627825 -0.0020348381548683206 -0.038660009930120282 1.1017136546066837 -0.15569262395175229 -2.4454350853873255 -0.30071051367038787 -0.12442002044796485 -0.021014278897984868 0.63068574645979403 2.1502125838832398 0.45244613754545482 0.82440789828633598 -0.34785469573534855 -0.13018620757122581 0.24682156208026848 0.013236416098156937 -1.6090252670302976 -0.029431416609932586 0.006438400628517158 0.011660445097752974 0.0060929968909159797 0.006742365269425744 -0.53805307214248288 -0.010465136750792414 0.22706963276206385 -0.015592855881573624 -0.58751599014738798 -1.3723312409644997 0.75579744642251967 -0.0034546284634918547 -0.030815968627817523 -0.015530044429176788 3.4268850863053992 -0.0039735481114184954 -0.024663939240855557 -0.00081261738472824716 0.054404330169150049 0.27452762912482515 0.018366160669816316 0.010012262605986453 -0.033650585598239927 -1.0251242669499963 -0.065952852091680281
leaf_weight=23 30 23 33 34 27 26 24 27 35 31 23 20 21 39 30 21 23 31 27 22 27 25 26 26 32 29 20 20 22 27 21 20 22 22 22 35 25 26 34 27 30 26 20 27 23 36 22 24 29 20 20
leaf_count=23 30 23 33 34 27 26 24 27 35 31 23 20 21 39 30 21 23 31 27 22 27 25 26 26 32 29 20 20 22 27 21 20 22 22 22 35 25 26 34 27 30 26 20 27 23 36 22 24 29 20 20
internal_value=-0.000907749 -0.00104906 0.000971429 -0.00135652 -0.00120072 -0.00103448 0.00254902 -0.00121331 -0.00451613 0.00290909 0.00443038 -0.00230769 -0.001 0.00121495 -0.00127784 0.00106918 0.00202899 -0.000126582 -0.00291667 -0.00181556 -0.000393701 -0.00263636 -0.00150943 -0.00225806 -0.00219512 0.000243902 -0.00186441 0.0052381 0.005 -0.00423077 -0.00272727 -0.00179894 -0.00144476 -0.00209964 -0.00292576 -0.00206349 -0.000746269 0.00111111 0.00116279 0.00346154 0.00153846 -0.00416667 -0.00527273 0.00245283 0.00695652 0.00491525 -0.000222222 0.00347826 -0.0052 -0.00534884 -0.007
internal_weight=1355 1325 175 1150 1116 1073 51 1022 62 110 79 65 960 107 853 159 138 79 48 694 254 440 212 186 410 82 59 42 48 104 77 378 353 281 229 189 134 72 86 52 52 48 55 53 46 59 45 46 50 43 40
internal_count=1355 1325 175 1150 1116 1073 51 1022 62 110 79 65 960 107 853 159 138 79 48 694 254 440 212 186 410 82 59 42 48 104 77 378 353 281 229 189 134 72 86 52 52 48 55 53 46 59 45 46 50 43 40
is_linear=0
shrinkage=0.01


Tree=110
num_leaves=53
num_cat=0
split_feature=25 66 72 14 25 60 25 10 10 81 65 26 75 10 98 22 14 24 43 33 65 8 42 3 22 26 38 44 7 8 95 14 56 19 75 70 7 44 24 38 75 75 26 42 10 7 83 37 79 17 7 38
split_gain=13.4376 10.7933 11.8783 10.5361 11.3246 8.882 9.75691 8.03104 8.76066 9.13466 7.68025 11.0913 9.17701 8.87133 8.17279 7.63822 7.1759 11.7361 7.86819 8.67485 7.36003 7.34264 6.81591 6.70049 7.6747 6.69394 6.53846 8.27346 6.50854 9.4347 6.4768 5.93457 6.59635 7.78971 7.54381 5.40981 5.2774 5.26803 5.14798 7.139 4.93675 4.97778 4.75769 4.55111 4.47087 4.26087 4.26087 4.12208 3.55556 2.5 2.5 2.24359
threshold=17.750000000000004 1395.4000000000003 1275.7500000000002 16725.600000000002 223.25000000000003 748.22150000000011 124.75000000000001 30760.950000000004 31206.300000000007 3651.0551123338532 29289.000000000004 4.2500000000000009 161.19028889149425 32765.000000000004 0.30902777777777785 93.750000000000014 21577.750000000004 7.2750000000000012 74.36999893188478 44.750000000000007 32763.550000000007 415.39894736842109 178.37500000000003 14759.650000000001 92.250000000000014 95.250000000000014 12.225000000000001 3.9915000200271611 31.790000000000003 412.30131578947368 1.0000000180025095e-35 10478.050000000001 1.0000000180025095e-35 266.90000000000003 303.8725585219475 1509.0000000000002 176.81500000000003 4.9820001125335702 6.0250000000000012 7.5750000000000011 595.99643376696429 641.54837601428665 5.2500000000000009 121.82500076293947 32765.000000000004 608.71000000000015 1795.4499999999973 63.750000000000007 553.24177155445875 36.850000000000001 2144.4150000000004 7.4750000000000014
decision_type=2 2 2 2 2 2 2 2 2 2 2 2 2 2 2 2 2 2 2 2 2 2 2 2 2 2 2 2 2 2 2 2 2 2 2 2 2 2 2 2 2 2 2 2 2 2 2 2 2 2 2 2
left_child=15 2 3 4 22 44 28 23 -9 -10 12 30 -11 -14 -13 35 18 -18 20 43 -5 40 26 24 36 -22 27 31 29 -7 -12 -2 34 -34 -33 -1 37 42 -16 -40 48 -42 -3 -20 -4 -23 -38 -30 -21 -36 -19 -8
right_child=1 7 5 16 -6 6 51 8 9 10 11 14 13 -15 38 -17 17 50 19 21 25 45 -24 -25 -26 -27 -28 -29 47 -31 -32 32 33 -35 49 -37 46 -39 39 -41 41 -43 -44 -45 -46 -47 -48 -49 -50 -51 -52 -53
leaf_value=-0.70282786213421533 -0.15183633383298356 -0.0015009621352060699 0.059268316956184057 -2.4135107383678225 1.6704339123466665 -0.38273292294777522 -0.14561331787957119 -0.0099629148921829089 0.025840060712975652 0.0049672590974710121 -0.0026391670084714618 0.69099522640690725 0.016258335439380271 -0.015593555432592046 -0.02913710244383326 -0.0021387001809750729 2.0179411865001682 -0.28083046126253947 4.4541216443813765 -0.085309732808969876 0.0046879095254632906 -0.010938127523943485 0.028462968130234106 0.68262174748062399 -0.010366071298047572 -0.21463008470271633 0.16571742761376826 -0.91199328474277197 -1.4075627062593596 0.0072309214791495945 -0.020537120461067895 -0.047876196744097398 -1.7258075624605773 0.0076147649105698734 2.8094952194933533 -0.02550418027250656 0.011074264437051333 -0.0080383724101364875 0.017492646654810699 -0.0089392937013651388 -1.6359881612270828 -2.8467216344341044 0.3398831305033187 -0.0036789263017894718 -0.012222065806512479 1.7407075659166207 0.0060401803174640282 -0.01402095994675809 0.00032972565041533341 0.016096370949069176 0.014972208510369366 -0.082940974642145948
leaf_weight=28 26 25 22 28 39 27 28 25 22 20 24 23 29 39 29 30 32 20 20 36 24 23 27 30 27 20 27 30 20 30 39 35 20 33 20 25 23 21 34 20 21 24 24 25 31 23 23 22 36 20 20 24
leaf_count=28 26 25 22 28 39 27 28 25 22 20 24 23 29 39 29 30 32 20 20 36 24 23 27 30 27 20 27 30 20 30 39 35 20 33 20 25 23 21 34 20 21 24 24 25 31 23 23 22 36 20 20 24
internal_value=-0.000796841 -0.000549618 -0.00123649 -0.000556439 0.000902527 -0.00333333 -0.00456954 0.000649895 -0.000328947 0.000179211 -0.000350195 -0.00159763 0.00204545 0.000294118 0.000377358 -0.0046988 -0.00170455 0.00111111 -0.00242857 -0.00144231 -0.00527778 -0.00251534 8.40336e-05 0.00236994 0.00146853 -0.00272727 -0.000521327 -0.00119565 -0.00272727 -0.000526316 -0.00492063 -0.00025974 0.000625 -0.00207547 0.00253333 -0.00698113 0.00258621 0.000857143 -0.00108434 0.000740741 -0.00384615 -0.00644444 0.00265306 0.00244444 0.000188679 0.000869565 0.00521739 -0.00571429 -0.00222222 0.0055 -0.0025 -0.00807692
internal_weight=1393 1310 833 629 277 204 151 477 304 279 257 169 88 68 106 83 352 72 280 208 72 163 238 173 143 44 211 184 99 57 63 154 128 53 75 53 116 70 83 54 117 45 49 45 53 46 46 42 72 40 40 52
internal_count=1393 1310 833 629 277 204 151 477 304 279 257 169 88 68 106 83 352 72 280 208 72 163 238 173 143 44 211 184 99 57 63 154 128 53 75 53 116 70 83 54 117 45 49 45 53 46 46 42 72 40 40 52
is_linear=0
shrinkage=0.01


Tree=111
num_leaves=53
num_cat=0
split_feature=27 69 91 22 23 23 83 79 67 27 83 27 83 83 26 2 19 88 19 83 11 83 57 11 31 19 61 22 26 31 31 88 31 21 39 83 69 73 38 31 4 71 19 68 27 69 69 7 45 19 61 4
split_gain=10.7365 9.21341 9.36857 7.79114 7.20465 13.2407 7.47918 8.2718 6.58846 6.52265 6.45486 7.82256 8.9372 7.29946 8.00752 8.2088 7.02657 6.41628 6.38781 7.67077 7.60191 9.24321 8.77752 8.55773 7.54226 5.79464 7.14742 5.7144 6.68141 6.59666 8.98196 8.57889 6.21562 5.64542 6.27826 6.4 5.57846 5.74534 13.548 5.38655 5.05482 6.16424 4.99507 4.92308 4.45455 4.28094 4.11739 3.88658 3.74657 3.6 3.59864 1.6
threshold=17.750000000000004 26994.700000000004 21614.774725000007 93.750000000000014 69.250000000000014 76.750000000000014 306.50000000000006 733.98349676157511 31782.050000000007 34.250000000000007 2052.1999999999994 77.250000000000014 1795.4499999999973 2732.5000000000005 131.75000000000003 2802.7500000000005 823.70000000000016 7729.260416666667 1865.7 2525.3999999999983 34676.250000000007 1983.3499999999988 -0.22252093395631442 36540.400000000001 4.7250000000000005 468.35000000000008 28771.550000000003 80.750000000000014 1.2500000000000002 3.6250000000000004 8.9750000000000014 6512.9747916666665 6.3250000000000011 27.475000000000005 121.75000000000001 2369.5500000000015 31794.000000000004 0.99950000000000017 6.0250000000000012 4.7250000000000005 2943.7600000000007 929.24950000000013 1728.2500000000002 1224.9500000000003 95.250000000000014 25836.800000000007 32866.650000000009 22.145000000000007 23021.000000000004 286.75000000000006 32827.500000000007 4802.4500000000007
decision_type=2 2 2 2 2 2 2 2 2 2 2 2 2 2 2 2 2 2 2 2 2 2 2 2 2 2 2 2 2 2 2 2 2 2 2 2 2 2 2 2 2 2 2 2 2 2 2 2 2 2 2 2
left_child=3 2 -2 42 9 51 -7 18 25 -3 11 12 16 14 15 -12 -11 -10 20 36 22 23 33 47 -25 45 -27 -23 50 44 31 -31 39 34 -8 49 -20 -38 -39 -33 -26 -42 -1 -17 -30 -4 -15 -22 -24 -36 -29 -6
right_child=1 4 8 -5 5 6 7 -9 17 10 13 -13 -14 46 -16 43 -18 -19 19 -21 21 27 48 24 40 26 -28 28 29 30 -32 32 -34 -35 35 -37 37 38 -40 -41 41 -43 -44 -45 -46 -47 -48 -49 -50 -51 -52 -53
leaf_value=-0.8659549042260305 0.74898925760676682 -0.76705379476156155 -0.095808930821335014 -0.00096408683284348467 -0.019855343755736433 -0.89782762844427699 0.0081307505192425873 -1.247739776358995 0.019795641322234943 -0.029500133828773509 -0.010201679182230581 0.042325924104812604 0.44687970227804907 2.417754071178952 -0.09534513713559932 3.3211599745780838 0.0042505066498420207 -0.0029264019744197891 -0.015806343916737339 -1.8771493671375845 0.015234813072333422 -0.053095584443799061 -0.40297235575014861 0.47227140647426907 0.007538617261464175 0.064757967511333017 -0.040706872921549238 0.3825425805525432 -0.0075181517857082318 -0.093122901623952911 0.0068251929767712896 -0.066391358841171422 -0.36613437819014338 0.036345457021076014 -0.94966004856235264 -0.0012083538954124082 0.11684809707669455 0.0070989945056126325 -0.27679619765198538 0.054055170080659139 0.0012251573773474594 -0.025887723989681043 -0.048839900818244325 -0.0039167653531012574 0.90405529537934093 -0.0060270020788540084 0.0051604702865072861 1.0299061070163789 -4.9136650000951025 -0.22403038819936291 0.011111372843623455 -0.14333303998241395
leaf_weight=29 27 35 26 33 20 33 20 24 23 28 31 38 33 21 34 26 34 24 26 29 20 28 20 30 33 20 23 21 22 22 30 23 29 29 20 32 28 25 21 34 39 22 27 26 22 20 22 22 21 20 28 20
leaf_count=29 27 35 26 33 20 33 20 24 23 28 31 38 33 21 34 26 34 24 26 29 20 28 20 30 33 20 23 21 22 22 30 23 29 29 20 32 28 25 21 34 39 22 27 26 22 20 22 22 21 20 28 20
internal_value=-0.000796841 -0.000567485 0.00165644 -0.0041573 -0.000885188 -0.00138991 -0.00109961 -0.000891892 0.000588235 0.000365854 0.000853242 0.0024812 0.000947368 -0.0005 -0.00179487 -0.000120482 -0.00129032 0.00361702 -0.000698324 -0.00271318 -0.000255537 0.000447059 -0.00209877 0.00228916 0.000967742 -0.00101124 0.00162791 -0.000733591 -0.00021645 -0.0010989 -0.00217391 -0.00351852 -0.00209302 -0.000743802 -0.00195652 -0.00333333 -0.0014 0 -0.00217391 -0.000175439 -0.000425532 -0.00213115 -0.00642857 0.00230769 0.00227273 -0.00347826 0.00302326 0.00619048 -0.00609756 -0.006 0.00306122 -0.007
internal_weight=1393 1304 163 89 1141 813 773 740 136 328 293 133 95 160 117 83 62 47 716 129 587 425 162 166 124 89 43 259 231 182 138 108 86 121 92 72 100 74 46 57 94 61 56 52 44 46 43 42 41 40 49 40
internal_count=1393 1304 163 89 1141 813 773 740 136 328 293 133 95 160 117 83 62 47 716 129 587 425 162 166 124 89 43 259 231 182 138 108 86 121 92 72 100 74 46 57 94 61 56 52 44 46 43 42 41 40 49 40
is_linear=0
shrinkage=0.01


Tree=112
num_leaves=53
num_cat=0
split_feature=66 68 10 94 91 5 46 34 25 66 100 73 40 34 98 42 97 14 14 46 84 22 37 14 26 24 82 83 14 76 56 28 65 94 91 10 43 29 38 40 84 91 26 66 97 84 84 5 1 28 24 1
split_gain=12.9423 11.9138 9.80387 10.0391 9.79012 9.74637 9.61958 9.82939 8.40029 7.81079 7.84077 7.66866 7.5258 9.04107 7.21719 6.82062 6.70241 6.78556 9.94798 8.73917 7.19644 11.0769 6.55679 8.9758 7.0392 11.6607 6.94286 6.47589 6.33638 6.33549 6.05103 5.83175 8.45927 5.41076 5.39054 5.32009 5.29754 5.03904 4.73389 4.6176 4.56673 4.40138 6.69848 4.32249 4.07054 6.41839 3.73343 3.65227 3.6 3.52347 4.26087 0.942857
threshold=1395.4000000000003 1301.1500000000003 30760.950000000004 625474.06285750039 21614.774725000007 2862.2600000000007 104.814998626709 108.75000000000001 71.250000000000014 1.0000000180025095e-35 0.71180555555555569 1599.3500000000001 81.750000000000014 74.750000000000014 0.024305555555555556 109.20000076293947 0.031250000000000007 15376.750000000002 21305.850000000002 91.760002136230483 786.75707291666674 86.750000000000014 98.750000000000014 11893.200000000003 19.750000000000004 11.225000000000001 -0.0095000000000000067 1815.4000000000017 13394.900000000001 33122.833333333336 -1.0000000180025095e-35 27.575000000000006 31349.000000000004 523604.49908718752 32119.27880625 31957.350000000002 72.955001831054702 83.250000000000014 7.3250000000000011 148.75000000000003 1332.0619375000003 28955.817543750003 35.750000000000007 1107.2235000000003 0.69791666666666685 1227.0582500000003 545.01223958333355 4803.0650000000005 12888.200000000003 28.775000000000002 8.5250000000000021 15341.700000000003
decision_type=2 2 2 2 2 2 2 2 2 2 2 2 2 2 2 2 2 2 2 2 2 2 2 2 2 2 2 2 2 2 2 2 2 2 2 2 2 2 2 2 2 2 2 2 2 2 2 2 2 2 2 2
left_child=1 4 5 8 48 -2 9 31 15 33 14 36 29 -14 28 27 38 19 20 -18 46 -22 23 -3 25 -25 -24 -4 -11 -5 -17 -8 -33 -6 -10 -26 -7 -38 -16 49 -32 42 -15 -21 45 -39 -19 -13 -1 50 -35 -28
right_child=2 22 3 12 6 11 7 -9 34 10 -12 47 13 41 16 30 17 18 -20 43 21 -23 26 24 35 -27 51 -29 -30 -31 40 32 -34 39 -36 -37 37 44 -40 -41 -42 -43 -44 -45 -46 -47 -48 -49 -50 -51 -52 -53
leaf_value=0.062807799583915885 -0.48539620610815321 -1.765861168352983 0.016202796835188646 0.0028976394998327533 0.0046121810743864787 0.66702900540547316 -0.0013510756742253049 -0.23778641908596684 -0.0089140297157316827 0.057867377854585414 0.15972736914169647 0.0091404232684736547 -0.019133870654638799 0.0096972750881440372 0.010590717818110097 -0.22131091192837304 -0.69994366092881011 -0.026525628374350251 1.9392332241939694 0.75191707080232451 -0.11669176995183268 0.38471482187721828 -0.024967763971581621 0.066576205576839562 -1.0713534843117074 -0.010204697730034684 -1.0345830790873518 -0.022965318924080033 -0.87944886719627946 0.033539181955767772 0.0022150353021413594 1.9285878098104519 0.046252095782045172 -0.17947222631500268 0.077063593834293759 -0.015058906424026092 -0.052147124793709011 -0.0021823688022363052 0.7681892024700987 -0.0071177169919439285 -0.01429105338818666 0.01721069560236059 -0.018040807328868636 -9.5978915117534466e-05 -0.0080784143547325098 1.5408839355015165 -1.6299444155079175 0.0053395602083840697 1.997795713964756 -3.4046685088597908 -0.005510872005136086 -2.5628356384741755
leaf_weight=20 23 33 23 23 23 21 36 20 38 20 25 23 37 23 30 22 31 27 23 34 26 26 28 38 26 24 22 22 39 20 20 32 33 23 25 38 24 27 21 22 31 23 20 21 20 32 28 33 20 31 23 20
leaf_count=20 23 33 23 23 23 21 36 20 38 20 25 23 37 23 30 22 31 27 23 34 26 26 28 38 26 24 22 22 39 20 20 32 33 23 25 38 24 27 21 22 31 23 20 21 20 32 28 33 20 31 23 20
internal_value=-0.000739411 -0.00149479 0.000490566 -0.00058104 -0.000788644 0.00221675 -0.00111111 0.00140496 -0.0021547 -0.00175476 -0.000997151 0.003 0.00136986 -9.70874e-05 -0.00141104 -0.00372881 -0.00071161 -0.00148148 -0.00292308 0.000697674 -0.00420561 -0.00153846 -0.00344978 -0.00232704 -0.00111111 0.00129032 -0.006 -0.000666667 -0.00457627 0.00488372 -0.00561644 0.00267327 0.00446154 -0.00393443 0.000793651 -0.0034375 0.0016129 0.000679612 0.00254902 -0.00494949 -0.00372549 0.00212121 0.000232558 0.00309091 0.00189873 0.00322034 -0.00672727 0.00607143 0.004 -0.0061039 -0.00434783 -0.00857143
internal_weight=1393 863 530 327 634 203 594 121 181 473 351 180 146 103 326 118 267 216 130 86 107 52 229 159 126 62 70 45 59 43 73 101 65 122 63 64 124 103 51 99 51 66 43 55 79 59 55 56 40 77 46 42
internal_count=1393 863 530 327 634 203 594 121 181 473 351 180 146 103 326 118 267 216 130 86 107 52 229 159 126 62 70 45 59 43 73 101 65 122 63 64 124 103 51 99 51 66 43 55 79 59 55 56 40 77 46 42
is_linear=0
shrinkage=0.01


Tree=113
num_leaves=53
num_cat=0
split_feature=42 35 35 95 16 35 31 43 30 16 30 33 6 41 35 35 27 80 16 60 97 42 43 0 24 33 98 22 63 19 22 43 40 41 31 91 30 33 31 59 72 29 14 80 30 0 73 39 13 10 35 20
split_gain=8.98215 8.63505 10.6187 7.32692 9.00322 10.4596 8.09979 7.63643 7.50341 7.48007 7.94382 9.96391 7.93651 7.7689 8.55111 10.3734 6.69956 7.83975 10.2347 6.52792 12.3443 6.40667 11.2029 7.70393 6.37415 6.19594 6.18524 5.89494 5.74205 8.77867 8.21212 7.00882 6.12026 8.92746 6.80504 8.85995 8.07125 9.1276 9.1875 7.50893 7.139 5.59674 5.50367 4.80571 4.26087 4.18856 4.02286 4.00549 3.95065 3.42857 3 2.04848
threshold=384.75000000000006 23.125000000000004 23.475000000000005 1.0000000180025095e-35 3706.5500000000006 26.275000000000002 3.6250000000000004 67.235000610351577 85.750000000000014 6007.8000000000011 97.250000000000014 9.7500000000000018 6499.2000000000016 82.250000000000014 26.975000000000005 26.225000000000005 19.250000000000004 28812.585763888892 6584.6500000000005 791.98750000000007 0.21875000000000003 233.22500610351562 81.224998474121108 30726.750000000004 6.6250000000000009 117.75000000000001 0.53819444444444453 90.750000000000014 27940.100000000002 891.75000000000011 77.750000000000014 71.485000610351577 64.250000000000014 104.25000000000001 8.9750000000000014 29396.401550000002 84.750000000000014 182.75000000000003 3.7750000000000004 -0.68301270189221952 0.91350000000000009 86.750000000000014 13167.850000000002 29596.964930555561 98.750000000000014 33280.700000000004 1233.3210000000001 225.25000000000003 4395.6500000000005 28909.600000000002 27.325000000000006 1096.5000000000002
decision_type=2 2 2 2 2 2 2 2 2 2 2 2 2 2 2 2 2 2 2 2 2 2 2 2 2 2 2 2 2 2 2 2 2 2 2 2 2 2 2 2 2 2 2 2 2 2 2 2 2 2 2 2
left_child=1 24 -3 4 8 6 25 -5 -4 10 12 26 43 14 15 27 -8 49 21 -10 -21 22 23 -19 -1 -6 -12 -11 29 31 51 -7 44 34 36 -36 40 38 -38 -40 50 -25 -15 -9 -32 -16 -45 -42 -13 -18 -34 -30
right_child=-2 2 3 7 5 28 16 9 19 13 11 48 -14 42 45 -17 17 18 -20 20 -22 -23 -24 41 -26 -27 -28 -29 30 -31 32 -33 33 -35 35 -37 37 -39 39 -41 47 -43 -44 46 -46 -47 -48 -49 -50 -51 -52 -53
leaf_value=-0.030350941122636033 1.6434793696909498 -0.87748767557034812 -1.0039873931251457 0.076292957895950822 1.3933417483818402 0.038897428649910977 -0.43002583930718979 0.0013457398937657679 0.18303428464395083 -0.018377581790786274 -0.012362755776657342 -0.021914784110171889 -0.011064629595523314 0.013135336796723166 -0.0057235416316472418 0.3594462268460909 0.15594228276572372 -0.86333484665488303 0.023325721548072491 -1.3462100578544067 0.0030165452578220955 -0.20472006816783159 0.14457357219935726 0.086400168092081606 0.5257274139460526 0.0093444412870049027 0.0086970750284299965 0.0006355699942959083 -0.068936513374376021 0.1853436231016119 -0.074089075325053252 -0.059482697720933973 -0.14379824151967494 0.029297681518272625 -0.012729190901396934 0.87870501315712457 0.05283022636755412 2.036746743998596 -0.5696442417413351 -0.056573748059846343 -0.086939147271779371 -0.68798884373929481 -0.0210005001261921 3.8314706477036067 -2.4791217748909746 -0.023772997206206587 0.0064331936260298298 0.0072355251474453602 -0.0088697803777344399 0.51260844029535646 -2.1472042396519995 -2.7082772989219697
leaf_weight=22 20 24 32 21 32 25 35 20 21 38 31 20 20 23 24 24 21 21 25 21 25 20 31 26 31 27 23 30 20 21 23 37 24 34 26 31 32 34 28 36 39 22 21 22 23 31 28 24 35 21 24 24
leaf_count=22 20 24 32 21 32 25 35 20 21 38 31 20 20 23 24 24 21 21 25 21 25 20 31 26 31 27 23 30 20 21 23 37 24 34 26 31 32 34 28 36 39 22 21 22 23 31 28 24 35 21 24 24
internal_value=-0.000653266 -0.000750182 -0.000909091 -0.000787037 -0.00129944 -0.000941476 0.000604982 0.000316302 -0.00414141 0 0.00135678 -0.000458716 0.00355556 -0.00141361 -0.00251701 -0.000652174 -0.00027027 0.000481283 -0.00062069 -0.00223881 -0.00434783 -0.00183333 -0.0008 -0.00304348 0.00320755 0.00389831 0.00259259 -0.00264706 -0.00180198 0.00060241 -0.00227488 -0.00129032 -0.00179894 -0.0013253 -0.00187919 0.00122807 -0.00261411 -0.000923077 -0.0025 -0.0046875 -0.00459459 -0.000833333 0.00227273 0.00514286 -0.00521739 -0.00563636 0.0068 -0.00238095 -0.00345455 0.00428571 -0.0075 -0.00636364
internal_weight=1393 1373 1320 1296 885 786 281 411 99 390 199 109 90 191 147 92 222 187 145 67 46 120 100 69 53 59 54 68 505 83 422 62 378 332 298 57 241 130 96 64 111 48 44 70 46 55 50 63 55 42 48 44
internal_count=1393 1373 1320 1296 885 786 281 411 99 390 199 109 90 191 147 92 222 187 145 67 46 120 100 69 53 59 54 68 505 83 422 62 378 332 298 57 241 130 96 64 111 48 44 70 46 55 50 63 55 42 48 44
is_linear=0
shrinkage=0.01


Tree=114
num_leaves=50
num_cat=0
split_feature=27 40 78 40 71 21 27 14 86 44 68 10 95 40 2 37 10 1 86 44 10 1 65 83 31 88 79 44 44 46 94 88 65 77 25 31 26 26 22 2 20 27 77 21 78 98 21 94 39
split_gain=13.032 6.77437 16.5488 11.9134 9.13303 8.68933 7.42911 8.99813 8.7561 7.45555 9.39015 10.2559 9.60321 8.18778 9.21468 7.22984 7.14781 6.77467 6.56393 6.67912 8.69174 6.21231 6.16388 5.97346 15.6212 6.37375 9.92933 11.0031 5.908 6.38325 5.87703 5.47845 5.36863 5.21586 9.16122 5.38135 5.15694 8.40401 5.02564 4.98463 4.97488 4.75511 4.56414 4.07554 3.96825 3.55577 3.48444 3.1366 2.92739
threshold=12.750000000000002 77.250000000000014 1487.5106944444444 72.750000000000014 854.15900000000011 13.975000000000001 58.250000000000007 10718.35 1244.1640000000002 6.2549998760223398 968.68100000000015 40212.30000000001 1.0000000180025095e-35 162.25000000000003 3523.3500000000004 90.750000000000014 32874.30000000001 16512.438000000006 881.34800000000007 2.5694999694824223 29476.450000000004 14333.050000000001 29432.500000000004 1888.700000000001 4.3250000000000011 4460.0635416666673 537.60425247855881 5.9869999885559091 3.1345000267028813 102.61499786376955 641226.44491750025 10628.022500000001 29139.450000000004 3428.4213202704209 194.00000000000003 2.8250000000000006 4.7500000000000009 17.250000000000004 90.250000000000014 3101.9500000000003 2001.4000000000003 73.250000000000014 3631.9760516331903 26.775000000000002 713.37066666666681 0.10763888888888891 25.575000000000006 601982.21838125016 212.25000000000003
decision_type=2 2 2 2 2 2 2 2 2 2 2 2 2 2 2 2 2 2 2 2 2 2 2 2 2 2 2 2 2 2 2 2 2 2 2 2 2 2 2 2 2 2 2 2 2 2 2 2 2
left_child=-1 2 3 23 -5 39 7 -7 15 10 12 17 13 14 33 18 -11 28 19 -9 -21 -22 -4 36 31 -26 47 44 29 42 -17 -25 -18 34 -8 -35 40 -38 45 -3 -2 -30 -12 46 -28 -39 -37 -27 -45
right_child=1 5 22 4 -6 6 9 8 -10 16 11 -13 -14 -15 -16 30 32 -19 -20 20 21 -23 -24 24 25 26 27 -29 41 -31 -32 -33 -34 35 -36 43 37 38 -40 -41 -42 -43 -44 48 -46 -47 -48 -49 -50
leaf_value=-0.19577855101828084 0.0037014715300604478 -0.012239128218890769 0.0065720734761786637 0.0077850971128874966 1.8006790718730938 -0.98696012810492861 -0.10003135718502471 0.034959565650368889 -0.0090583656600502129 0.014130386220593663 -0.00065209280261096798 0.041471377087517143 3.7675021419074324 0.11389400894294482 0.032529838706578967 0.0074762728603150501 -0.038211811566039838 -0.084452110147042389 0.0071203761457796335 0.38949295927298933 -0.11615154991527121 -0.012797993077553511 0.0023365131201156571 0.16750304615144765 0.0050396505581387831 -1.4479381786586374 -0.012755904963410681 -0.93311880380080625 -0.020433356558818113 0.004018838717591189 0.041684234270348321 -0.022784682542411831 3.0975248417225703 0.026422307026027297 2.8706112727322366 -0.12884415859384479 1.2190529977466233 -0.22396299005410353 -0.21584125775666227 -0.92742483733663061 -0.03921050721461939 -0.60503957208878423 -0.015907193958856938 -2.7665179162526421 0.030151221501602841 0.029820539277201564 -0.0069837709686723457 -0.85171500661688104 -0.032914538615247971
leaf_weight=32 39 23 30 34 26 27 34 29 27 37 21 24 25 35 27 36 34 31 31 24 25 36 28 38 30 33 24 23 32 28 26 29 20 21 20 20 23 20 26 20 27 30 25 20 21 32 25 32 33
leaf_count=32 39 23 30 34 26 27 34 29 27 37 21 24 25 35 27 36 34 31 31 24 25 36 28 38 30 33 24 23 32 28 26 29 20 21 20 20 23 20 26 20 27 30 25 20 21 32 25 32 33
internal_value=-0.000567121 -0.00041881 0.000485437 -0.000153173 0.004 -0.000969267 -0.000734745 0.000651341 0.00128205 -0.00140221 -0.00192905 -0.00361257 -0.000692308 -0.00131915 -0.0021 0.00198068 0.00120879 -0.00449102 0.000758621 -0.000350877 -0.00176471 -0.00377049 0.00551724 -0.000780856 -0.00182609 -0.00349693 -0.00443609 -0.00176471 -0.00352941 -0.00162162 0.00483871 0.00223881 -0.00111111 -0.00294798 -0.00037037 -0.00411765 0.000658683 0.00207921 0.000512821 -0.00534884 -0.00151515 -0.00580645 -0.00391304 -0.00510204 0.00111111 0.00230769 -0.00288889 -0.00723077 -0.00698113
internal_weight=1393 1361 515 457 60 846 803 261 234 542 451 191 260 235 200 207 91 167 145 114 85 61 58 397 230 163 133 68 136 74 62 67 54 173 54 119 167 101 78 43 66 62 46 98 45 52 45 65 53
internal_count=1393 1361 515 457 60 846 803 261 234 542 451 191 260 235 200 207 91 167 145 114 85 61 58 397 230 163 133 68 136 74 62 67 54 173 54 119 167 101 78 43 66 62 46 98 45 52 45 65 53
is_linear=0
shrinkage=0.01


Tree=115
num_leaves=52
num_cat=0
split_feature=27 98 88 67 32 82 73 72 67 27 82 25 16 67 72 22 31 41 98 25 20 32 66 38 80 32 88 20 67 83 31 98 80 25 42 82 16 30 64 31 88 16 66 30 72 4 41 31 72 32 31
split_gain=9.68365 7.8001 11.4184 7.42981 11.309 9.2755 11.6133 11.3903 9.87276 8.7266 8.62253 11.8612 9.89559 8.28366 8.11771 10.012 10.5923 12.835 7.35334 11.5638 7.234 6.9225 6.6331 6.57729 6.43777 12.1905 8.36836 7.32814 5.79795 5.68087 8.18148 5.43774 5.18939 7.85673 5.09474 5.48716 6.54194 5.0381 5.01951 4.75054 4.87772 4.73387 4.54463 4.45873 4.31568 7.98505 4.26563 4.24242 4.14138 2.91255 2.81299
threshold=12.750000000000002 0.9340277777777779 6473.1841666666678 28181.150000000005 211.75000000000003 0.8069999999999028 1567.0240000000001 843.89450000000011 29270.350000000002 83.250000000000014 1422.5000000000002 22.750000000000004 5489.0000000000009 27015.200000000004 1682.5500000000002 95.750000000000014 3.7250000000000005 69.750000000000014 0.24652777777777782 142.75000000000003 179.50000000000003 254.75000000000003 1311.2710000000002 4.2250000000000005 27150.282986111113 85.750000000000014 3523.2266666666669 896.70000000000016 30970.050000000003 2157.3999999999983 6.8750000000000009 0.57986111111111127 35426.638194444451 77.750000000000014 101.77500152587892 -394.04999999999995 6917.4500000000007 92.750000000000014 1509.5500000000002 11.525000000000002 13109.822916666668 6545.3000000000011 1202.3975000000003 99.250000000000014 0.79250000000000009 7957.6750000000002 70.750000000000014 2.7750000000000004 0.99700000000000011 50.750000000000007 7.9250000000000016
decision_type=2 2 2 2 2 2 2 2 2 2 2 2 2 2 2 2 2 2 2 2 2 2 2 2 2 2 2 2 2 2 2 2 2 2 2 2 2 2 2 2 2 2 2 2 2 2 2 2 2 2 2
left_child=-1 3 -3 4 20 8 7 9 -5 48 11 -9 22 21 15 16 17 -10 28 29 -2 -6 -13 -19 26 49 -22 -27 -18 30 -20 38 33 -14 -30 -36 39 -25 -12 40 44 -42 -21 -32 -37 -46 -31 -39 -7 -26 -16
right_child=1 2 -4 5 13 6 -8 10 14 -11 31 12 32 -15 50 -17 18 23 19 42 24 -23 -24 37 25 27 -28 -29 34 46 43 -33 -34 -35 35 36 -38 47 -40 -41 41 -43 -44 -45 45 -47 -48 -49 -50 -51 -52
leaf_value=-0.14151657454434408 -0.29182711073731471 0.0071596004290480917 -0.0047750922429751217 -0.33431329622198547 0.017092696051637997 3.3308874373358286 0.0059393139554409389 0.033320693049247153 1.7545766751592877 -0.15027599100895234 -0.0069425471297380748 -0.75651410220922799 -0.00092384897738638147 3.7647071677080657 -0.65449973700417718 0.24306618475222919 -1.4709442155282006 -0.062759902563759462 0.030287665802051864 0.011730340451549104 -0.46179597254235688 -0.014298903176171225 -0.011561993397459234 -0.20363810837548307 -0.010441856528987907 -0.028188274486657727 1.1647351467845668 0.023283833750730606 -0.50312575728684006 -0.050007650527812468 -0.02061414028333915 -0.0068936250498944189 -0.065419113147311581 0.016003704627976505 -0.58527471890287663 0.14433734635065737 -0.040076900718312575 0.0011322923710853016 -0.067053795191388363 -0.58200041529423618 -0.18346080417432684 0.028462542269859351 0.36070922854328841 0.001009340098691604 1.2527986510890694 -0.045763975057101246 -0.029101110516823927 2.5712597459403193 1.3726600834546117 -1.1067598891352852 -0.0061774695004374481
leaf_weight=37 26 36 31 30 29 26 31 26 22 24 20 34 31 23 22 22 37 21 27 29 24 23 35 28 22 20 35 22 32 21 24 34 20 23 36 35 31 20 21 20 23 20 21 21 22 35 31 22 21 20 20
leaf_count=37 26 36 31 30 29 26 31 26 22 24 20 34 31 23 22 22 37 21 27 29 24 23 35 28 22 20 35 22 32 21 24 34 20 23 36 35 31 20 21 20 23 20 21 21 22 35 31 22 21 20 20
internal_value=-0.000629575 -0.00048909 0.00283582 -0.00066561 0.000901639 -0.00104126 0.000289017 -0.000285714 -0.00172619 0.00323944 -0.00131148 -5.91716e-05 -0.00118881 0.00413333 -0.00146417 -0.00116667 -0.00141869 0.00132743 -0.00208602 -0.00045977 -0.000532544 0.00192308 -0.00391304 -0.00032967 0.00034965 -0.00142857 0.00288136 0.00238095 -0.00305842 -0.00209677 -0.000277778 -0.00413333 0.00135135 0.00296296 -0.00251969 -0.00198198 -0.00129032 0.00114286 -0.00658537 -0.000451613 0.000222222 -0.00255814 0.0036 -0.00288889 0.00152174 -0.000175439 -0.00461538 0.00333333 0.00574468 -0.0052381 -0.00571429
internal_weight=1366 1329 67 1262 244 1018 346 315 672 71 244 169 143 75 642 600 578 113 465 174 169 52 69 91 143 84 59 42 291 124 72 75 74 54 254 222 186 70 41 155 135 43 50 45 92 57 52 42 47 42 42
internal_count=1366 1329 67 1262 244 1018 346 315 672 71 244 169 143 75 642 600 578 113 465 174 169 52 69 91 143 84 59 42 291 124 72 75 74 54 254 222 186 70 41 155 135 43 50 45 92 57 52 42 47 42 42
is_linear=0
shrinkage=0.01


Tree=116
num_leaves=52
num_cat=0
split_feature=27 16 78 16 72 6 43 74 43 100 11 29 10 60 67 29 60 67 35 78 31 10 56 31 62 62 11 53 97 33 72 23 83 19 10 32 31 32 10 6 67 31 56 68 19 1 29 19 10 67 36
split_gain=8.08631 8.19436 8.00039 11.5968 7.242 9.70702 7.39214 7.17294 6.71077 8.69842 6.93652 6.65144 7.14742 6.6164 5.61645 7.6791 8.70542 6.99301 7.57403 6.49115 7.46966 6.1086 5.98291 5.85401 7.89015 12.7179 8.1648 7.63157 7.27344 6.47032 6.19109 10.3044 14.6517 8.35544 10.2287 6.33053 6.02231 6.31531 5.58368 4.8478 9.14094 7.62812 8.50158 6.87201 4.12857 4.11225 3.6 2.71515 2.48082 2.30476 1.48148
threshold=10.750000000000002 1477.95 1576.7883993055557 5911.5000000000009 1772.5000000000002 4030.8800000000006 69.604999542236342 1364.7618437500003 71.485000610351577 0.017361111111111115 37092.600000000006 80.250000000000014 33871.000000000007 1503.4000000000003 28181.150000000005 90.250000000000014 645.71500000000003 25006.400000000005 26.225000000000005 327.91449305555562 22.800000000000004 40479.200000000004 -1.0000000180025095e-35 3.6750000000000003 928.79700000000014 1427.3005000000001 36999.000000000007 2.5000000000000004 0.67708333333333337 51.250000000000007 0.9820000000000001 54.250000000000007 1480.6999999999991 785.80000000000007 34011.450000000004 210.75000000000003 5.8250000000000011 84.000000000000014 33266.450000000004 4983.8000000000011 31057.750000000004 3.5250000000000008 -1.0000000180025095e-35 1250.2500000000002 1313.7500000000002 14415.400000000001 87.750000000000014 1107.6000000000001 32154.400000000005 33010.80000000001 88.750000000000014
decision_type=2 2 2 2 2 2 2 2 2 2 2 2 2 2 2 2 2 2 2 2 2 2 2 2 2 2 2 2 2 2 2 2 2 2 2 2 2 2 2 2 2 2 2 2 2 2 2 2 2 2 2
left_child=-1 -2 4 45 6 -6 7 39 10 13 -8 -5 -13 -10 15 16 -11 -18 -19 21 23 22 -16 27 30 36 -27 -21 29 -28 33 -32 -33 -25 -35 -36 -26 46 -29 40 43 -41 -43 -3 -37 -4 -38 -24 -7 -34 -44
right_child=1 2 3 11 5 48 8 -9 9 14 -12 12 -14 -15 19 -17 17 18 -20 20 -22 -23 47 24 25 26 28 38 -30 -31 31 32 49 34 35 44 37 -39 -40 41 -42 42 50 -45 -46 -47 -48 -49 -50 -51 -52
leaf_value=-0.49644888858889447 -0.9094244369772595 1.2503202777185474 0.0088928275952363644 -0.024981104163334371 0.0057421746437025835 -0.027722320701320361 1.8271628641184918 0.016575082456724261 -0.27238421313513905 0.058453203836805294 0.0018763646595754005 -0.0074553264113460457 0.0052146821515710578 -0.0053093540137943559 -0.0070026769762577623 0.49579798970925659 -0.0431730426108244 0.013912674834390791 -0.0597841994284697 2.5772444992378438 -0.42511615952384568 0.012155622272979541 -0.03398531091213039 -0.024125139911016433 0.00013737730215184569 0.0072147085371193284 -0.037993286477633031 -0.01677080258159892 -0.012257802424502251 0.010783638791221337 0.065930021253577581 0.0073320425740348999 -1.6275678012557115 0.18115172073661442 -0.17363553604461981 2.950575099363689 -0.0021932616149812228 1.6354076098349832 1.777104570783641 -0.001891544116638762 -0.20639560922899308 -0.01239864134818261 -0.58600081566756868 -0.015872195396775403 -0.054073637646134987 0.024063239137511367 0.10362572387128367 -3.6592215621894333 -1.0963798003946243 -2.5033384360905555 -0.94254035592678065
leaf_weight=20 26 21 22 21 23 21 20 37 33 35 29 23 20 37 36 25 26 35 20 27 20 24 20 39 28 39 29 31 30 26 24 27 35 20 22 21 20 27 24 37 26 34 30 20 24 23 20 22 22 21 24
leaf_count=20 26 21 22 21 23 21 20 37 33 35 29 23 20 37 36 25 26 35 20 27 20 24 20 39 28 39 29 31 30 26 24 27 35 20 22 21 20 27 24 37 26 34 30 20 24 23 20 22 22 21 24
internal_value=-0.000688141 -0.000594354 -0.000484848 0.00211009 -0.000718415 -0.00393939 -0.000532751 -0.00213974 -0.000131004 -0.000334487 0.00346939 -0.000625 0.00162791 -0.00371429 -3.76412e-05 0.00177305 0.000689655 -0.00111111 0.000909091 -0.000426829 0 -0.0027451 -0.00410256 0.000224719 -0.000221239 0.00114155 -0.000967742 0.00268293 -0.00270588 -0.000545455 -0.00150215 -0.00327103 -0.00493976 0 0.00172414 -0.000149254 0.00389474 0.00552239 0.000545455 -0.00291667 -0.000746269 -0.00408 -0.00568182 0.00219512 0.002 0.006 0.003 -0.00666667 -0.00674419 -0.00785714 -0.00814815
internal_weight=1366 1346 1320 109 1211 66 1145 229 916 867 49 64 43 70 797 141 116 81 55 656 554 102 78 534 452 219 124 82 85 55 233 107 83 126 87 67 95 67 55 192 67 125 88 41 45 45 40 42 43 56 54
internal_count=1366 1346 1320 109 1211 66 1145 229 916 867 49 64 43 70 797 141 116 81 55 656 554 102 78 534 452 219 124 82 85 55 233 107 83 126 87 67 95 67 55 192 67 125 88 41 45 45 40 42 43 56 54
is_linear=0
shrinkage=0.01


Tree=117
num_leaves=54
num_cat=0
split_feature=66 44 67 28 34 41 39 72 4 37 1 5 24 42 94 19 14 78 97 61 36 44 1 66 37 14 41 26 42 67 87 44 61 34 34 29 72 27 82 46 24 43 33 34 39 43 72 63 83 33 3 83 13
split_gain=7.47983 11.1668 7.98945 11.9616 7.50433 7.51034 7.11805 12.7926 7.42878 6.89738 7.26053 5.91037 5.8141 13.7773 8.46414 8.22153 7.71552 9.50242 6.91626 8.27623 6.12104 6.05789 5.77886 10.4554 8.79887 7.90588 9.98217 7.79864 7.13758 6.87273 6.55984 6.28964 8.62455 8.02944 8.28122 7.11199 5.92821 5.75558 5.6187 5.33474 5.11275 4.92035 4.90485 4.69866 4.69565 4.66667 4.45269 4.24242 3.50798 3.46901 3.34495 2.5 0.436364
threshold=1368.6500000000003 2.0805000066757207 28181.150000000005 23.525000000000002 101.25000000000001 87.750000000000014 189.25000000000003 1.0425000000000002 3336.0400000000004 65.250000000000014 15341.700000000003 4651.9700000000012 12.975000000000001 134.94999694824222 625474.06285750039 1473.5000000000002 15038.150000000001 1255.5938715277778 0.38541666666666669 31577.650000000005 78.250000000000014 3.7350000143051152 16059.150000000001 0.10200000000000002 25.750000000000004 16834.250000000004 70.750000000000014 6.7500000000000009 365.17500305175787 36071.850000000013 1.0000000180025095e-35 2.6499999761581425 33363.55000000001 85.750000000000014 78.750000000000014 81.750000000000014 925.40000000000009 71.250000000000014 24.054499999999965 102.89500045776369 7.5750000000000011 79.430000305175795 121.75000000000001 86.250000000000014 128.25000000000003 76.630001068115249 959.8850000000001 33340.80000000001 2359.1999999999994 53.750000000000007 14880.328000000003 1977.6500000000017 7834.9500000000016
decision_type=2 2 2 2 2 2 2 2 2 2 2 2 2 2 2 2 2 2 2 2 2 2 2 2 2 2 2 2 2 2 2 2 2 2 2 2 2 2 2 2 2 2 2 2 2 2 2 2 2 2 2 2 2
left_child=2 -2 3 11 6 -6 12 -8 -9 -5 37 -1 14 -14 16 -15 20 21 -16 -20 -3 -18 24 27 -4 30 47 -24 31 -28 -25 32 39 34 35 -33 -37 51 -19 -26 43 -42 49 -29 -38 -31 -39 -27 52 -10 -44 -11 -35
right_child=1 4 22 9 5 -7 7 8 42 10 -12 -13 13 15 18 -17 17 38 19 -21 -22 -23 23 25 28 26 29 40 -30 45 -32 33 -34 48 -36 36 44 46 -40 -41 41 -43 50 -45 -46 -47 -48 -49 -50 -51 -52 -53 -54
leaf_value=-0.071426522172443621 -0.029920247576749961 0.13533378899453147 0.40700985231031367 -0.014213335890846538 1.6953311216847811 0.0040714697261056412 3.4299123487920258 0.0090800881174238485 -0.017940425424808334 0.025502824568825532 2.5666111595714347 -0.28635559309752417 0.010126117411457811 -0.025504382197954242 -0.0008792821949971005 -0.0040156108699877279 -0.0015536175986096345 -0.0077888678175861313 0.020434958433683394 0.0045748934830548774 0.00036128631622543868 0.033589180344162972 0.031376225330127287 -0.0079453166166053441 -0.0084464866288665799 2.2825315080749 -1.085758978631294 -0.11374481297341399 0.012278308654217904 -0.34940099590608287 1.4525533720682835 -1.9234590140920631 -0.05444525185334749 -2.1560919791675004 0.0072587221482945507 0.0068940463329792067 -2.712496100552765 1.1864329271808609 -0.53860558437068551 0.02194920099755128 -0.74721310066135815 -0.022612938722799472 -0.11133354180798861 0.056704141988935697 -0.05437004081836927 0.051209023235538144 -0.032673084055239048 -0.000266834699019875 -0.40381376789868884 0.00017254547738543689 -0.016478349688178344 0.0082956898065270988 -1.8774959966363127
leaf_weight=26 26 26 39 29 20 29 26 26 24 20 26 20 27 23 26 21 39 28 38 20 36 20 23 22 26 22 35 21 21 21 29 29 39 24 25 30 23 22 22 21 28 23 20 23 25 21 27 20 25 23 21 20 20
leaf_count=26 26 26 39 29 20 29 26 26 24 20 26 20 27 23 26 21 39 28 38 20 36 20 23 22 26 22 35 21 21 21 29 29 39 24 25 30 23 22 22 21 28 23 20 23 25 21 27 20 25 23 21 20 20
internal_value=-0.000673499 0.000240296 -0.00127273 0.000526316 0.000563107 0.00428571 0.000171674 -0.00171429 -0.00315789 0.00194444 0.00304348 -0.00391304 0.000981595 -0.0015493 0.00168627 -0.005 0.000409357 -0.00119266 0.00428571 0.0062069 0.00322581 0.00152542 -0.00181102 -0.000763889 -0.00268012 0.000823529 -0.000588235 -0.00305085 -0.00324675 -0.00272727 0.00411765 -0.00365854 -0.00139535 -0.00462687 -0.00318182 -0.00439252 -0.00282051 0.00168539 -0.0044 0.00148936 -0.00431579 -0.00647059 -0.00454545 -0.00181818 -0.005 0 -0.000612245 0.00333333 -0.0073913 -0.00234043 -0.00707317 0.0045 -0.00909091
internal_weight=1366 541 825 190 515 49 466 140 114 144 115 46 326 71 255 44 171 109 84 58 62 59 635 288 347 170 119 118 308 77 51 287 86 201 132 107 78 89 50 47 95 51 88 44 48 42 49 42 69 47 41 40 44
internal_count=1366 541 825 190 515 49 466 140 114 144 115 46 326 71 255 44 171 109 84 58 62 59 635 288 347 170 119 118 308 77 51 287 86 201 132 107 78 89 50 47 95 51 88 44 48 42 49 42 69 47 41 40 44
is_linear=0
shrinkage=0.01


Tree=118
num_leaves=52
num_cat=0
split_feature=69 2 82 68 25 14 98 37 6 88 8 82 14 14 6 44 8 1 65 84 24 94 44 37 7 44 8 83 61 1 32 32 82 25 68 94 14 1 67 27 82 6 68 79 22 35 35 78 58 43 6
split_gain=9.2195 12.4265 10.6541 12.4371 10.5303 10.5821 9.82671 7.3842 7.14783 7.09534 6.97517 7.10068 6.95125 8.49477 8.07485 9.57137 8.87182 8.46021 12.3416 7.1198 6.86429 6.69493 9.96778 7.95284 8.28536 6.55609 8.14668 6.06622 5.87485 6.4 5.34267 5.09388 4.85162 8.71974 6.85805 7.36364 5.43938 5.26753 4.31076 5.81579 4.27958 4.33897 6.0284 5.87247 4.05867 3.66959 3.43636 3.17794 2.60742 2.53228 0.466667
threshold=30889.600000000002 3523.3500000000004 16.25650000000002 1002.7395 117.25000000000001 12142.100000000002 0.093750000000000014 25.750000000000004 8065.7250000000013 8875.4402083333352 424.35635135135141 -37.585000000000029 17843.800000000003 19291.900000000005 4757.3450000000012 5.5324997901916513 418.7917034139403 13878.000000000002 28985.300000000003 583.80643750000013 5.7250000000000005 528883.14746000012 2.9595000743865971 73.250000000000014 1935.0050000000003 2.6085000038146977 406.9970512820513 2424.700000000003 32768.850000000006 14931.1 256.75000000000006 261.25000000000006 17.382500000000054 78.750000000000014 1202.3975000000003 665439.73038125027 14779.800000000001 13619.250000000002 27201.650000000005 89.750000000000014 900.00000000000011 2650.5300000000002 1493.4000000000003 640.3319849943573 91.250000000000014 26.825000000000006 26.475000000000005 1240.3692812500001 0.25000000000000011 76.514999389648452 7783.4150000000009
decision_type=2 2 2 2 2 2 2 2 2 2 2 2 2 2 2 2 2 2 2 2 2 2 2 2 2 2 2 2 2 2 2 2 2 2 2 2 2 2 2 2 2 2 2 2 2 2 2 2 2 2 2
left_child=4 6 3 -3 5 44 21 -7 9 38 11 -9 14 28 15 17 20 -8 45 -15 -16 46 23 -23 27 -22 30 -25 29 -14 -27 50 34 36 35 -13 -34 -36 -6 -40 41 43 -43 -20 -1 -19 -2 -18 -38 -21 -24
right_child=1 2 -4 -5 8 7 12 10 -10 -11 -12 32 13 19 16 -17 47 18 40 49 25 22 31 24 -26 26 -28 -29 -30 -31 -32 -33 33 -35 37 -37 48 -39 39 -41 -42 42 -44 -45 -46 -47 -48 -49 -50 -51 -52
leaf_value=-1.9055872026319727 0.1074409997137581 0.069063269676027175 0.036011587151478106 -0.25657529048444933 -0.014217006207257694 0.9696945953200623 -0.59255971469656343 -0.25201641760759985 5.1957729193965259 -0.060223881334824321 0.0052527175293433674 -0.17162562025141179 0.0064021031207555871 0.11345378704863915 -0.019639584177967215 0.0086452955749478887 -0.036429395042104851 0.016047055543406716 -0.022741652693925998 -0.018068493009030823 -0.0068093989217057199 -0.06767310375549139 -3.068834126244457 3.6820817779765043 -0.10175556484521582 0.011994044687434147 0.44852008549203953 -0.037205845876605123 3.1881176354348946 -0.032159552927812557 -1.2833409381734004 -0.11506137944931205 0.0057200140289073078 0.019959978686618033 0.001709298793025621 0.016782505331048487 -0.065280435848994275 1.078024387976608 0.85858281271635806 0.0064340051186509038 0.010374414773429682 0.041958554762389071 -0.0088020143892153842 -0.0083730495280873746 -0.0097729864402706073 0.0059673158046274566 -0.028003621902100193 -0.015479459491480125 -0.10821284362441543 -0.047577244059427815 -1.3419388391958944
leaf_weight=22 20 37 37 32 26 38 36 37 28 24 30 22 20 29 28 23 27 22 20 22 23 27 20 27 23 34 32 23 27 20 23 25 25 20 22 22 26 20 37 36 21 31 38 21 23 21 22 20 25 24 28
leaf_count=22 20 37 37 32 26 38 36 37 28 24 30 22 20 29 28 23 27 22 20 22 23 27 20 27 23 34 32 23 27 20 23 25 25 20 22 22 26 20 37 36 21 31 38 21 23 21 22 20 25 24 28
internal_value=-0.000717423 -0.00132503 0.00188679 -0.000434783 0.000393375 -0.00060241 -0.00176319 0.00010453 0.00258278 0.00154472 -0.000522088 -0.00114155 -0.00106762 0.00084507 -0.00171429 -0.000472103 -0.00326203 -0.00114286 -0.000229885 -0.00146667 -0.002 -0.0035814 -0.00445087 -0.0024 -0.000684932 -0.000892857 0.000337079 0.0016 0.00343284 0.001 -0.00192982 -0.00726027 -0.00032967 -0.001875 0.00139535 -0.00136364 -0.00342105 0.00428571 0.00272727 0.0039726 -0.00175573 -0.00254545 -0.00101449 -0.00512195 -0.00511111 0.0044186 0 -0.00702128 -0.00529412 -0.00391304 -0.00916667
internal_weight=1366 883 106 69 483 332 777 287 151 123 249 219 562 142 420 233 187 210 174 75 140 215 173 100 73 112 89 50 67 40 57 73 182 96 86 44 76 42 99 73 131 110 69 41 45 43 42 47 51 46 48
internal_count=1366 883 106 69 483 332 777 287 151 123 249 219 562 142 420 233 187 210 174 75 140 215 173 100 73 112 89 50 67 40 57 73 182 96 86 44 76 42 99 73 131 110 69 41 45 43 42 47 51 46 48
is_linear=0
shrinkage=0.01


Tree=119
num_leaves=52
num_cat=0
split_feature=27 22 66 81 82 79 40 7 68 39 34 79 13 62 20 13 44 22 1 34 73 80 45 79 13 79 79 79 66 33 45 62 20 79 82 1 100 78 16 7 98 20 1 8 7 81 5 16 75 29 1
split_gain=8.80541 8.43791 7.9047 7.9176 7.52867 12.3789 9.95629 8.37889 8.36144 15.5223 11.7116 10.7217 9.75517 9.81945 9.21189 9.52656 9.58678 8.84082 7.96757 7.73684 7.48052 8.75447 8.00476 6.8959 6.55585 6.07643 6.82105 6.13493 6.0424 5.96726 5.71375 6.61227 5.46221 5.29849 5.16372 5.45609 6.09459 6.37007 5.07829 4.9 4.80392 4.47831 3.86551 3.81754 3.81111 3.01106 2.67335 2.65846 2.61905 1.99481 0.473469
threshold=12.750000000000002 95.750000000000014 1.0000000180025095e-35 4133.4101707823311 -37.585000000000029 404.46915324180713 71.750000000000014 36.480000000000004 1070.1495000000002 189.25000000000003 73.750000000000014 436.43413515650809 2566.4000000000005 450.59250000000003 561.95000000000016 2336.3000000000006 2.5394999980926518 77.250000000000014 13236.750000000002 74.750000000000014 1.0040000000000002 29193.056250000005 24365.000000000004 273.35105953684882 3852.2500000000005 615.46668809796688 162.08654775132916 710.147552981986 1499.9500000000003 61.250000000000007 24702.500000000004 1066.2610000000002 976.1500000000002 533.33254939619667 360.76400000000012 17365.657000000003 0.54513888888888895 951.91271527777792 6739.7500000000009 302.31500000000011 0.14236111111111113 1311.1000000000001 16808.600000000002 415.95586770981515 22.710000000000004 4027.9048821484198 4178.4250000000011 5405.8500000000013 543.12163506941431 84.750000000000014 13926.85
decision_type=2 2 2 2 2 2 2 2 2 2 2 2 2 2 2 2 2 2 2 2 2 2 2 2 2 2 2 2 2 2 2 2 2 2 2 2 2 2 2 2 2 2 2 2 2 2 2 2 2 2 2
left_child=-1 2 3 43 5 44 45 -8 10 11 12 14 -6 32 23 16 -16 -15 -12 20 22 24 -13 -10 -22 26 -11 -27 -3 47 31 -9 -14 38 35 36 37 -20 42 -38 -35 46 -5 -2 -4 -7 -28 -17 -23 -47 -19
right_child=1 28 4 33 8 6 7 30 9 25 18 19 13 17 15 29 -18 50 34 -21 21 48 -24 -25 -26 27 41 -29 -30 -31 -32 -33 -34 40 -36 -37 39 -39 -40 -41 -42 -43 -44 -45 -46 49 -48 -49 -50 -51 -52
leaf_value=-0.13334052625504311 0.030177888235065731 0.50376804481520221 -0.020788529004137475 -0.0061762915036022445 -0.044735760842491971 -0.0038874848123175809 0.024974135346088562 -0.073583302499154887 -0.024596534017484756 0.0018425482279460423 -0.031140269718497381 -0.014277560630738021 1.8627605194588579 0.014011881713774953 -0.0088779403382997935 0.010960641142822046 0.0056455680428707635 2.0227595459539636 -1.3188971589057625 0.019428889915036836 -0.071289225251921579 -0.25203773383234662 0.021973573765687201 0.0099651830792969586 0.0063896267665830954 0.0055540502834920116 -0.23622210855330672 -0.028050283447984659 -0.0028696160444659745 0.0087390714879862479 0.020409627802093117 0.0070198232376328662 -0.025553409042303556 -1.5277231493480969 1.8772297406440013 0.093257345501903594 0.83185763530213086 -0.0074402163207793739 0.041485661582353471 -0.028310371895401535 -0.014319570313205307 -0.02868924388095799 -0.97884938041706193 -0.0060694701482422791 -2.8547765864031067 -1.9046651568872266 -0.04396444382563424 0.040240268916072769 -0.16709432848531486 -0.042149306211321534 4.5152705166934464
leaf_weight=37 38 25 24 20 26 20 35 27 37 24 27 35 29 21 21 26 26 20 34 27 26 22 21 27 20 31 25 25 21 33 21 26 20 34 35 25 20 33 20 20 30 27 21 30 21 20 38 24 20 22 29
leaf_count=37 38 25 24 20 26 20 35 27 37 24 27 35 29 21 21 26 26 20 34 27 26 22 21 27 20 31 25 25 21 33 21 26 20 34 35 25 20 33 20 20 30 27 21 30 21 20 38 24 20 22 29
internal_value=-0.000863836 -0.000729872 -0.000880748 -0.00274611 -0.000550459 -0.00222222 -0.000994152 0.000825688 -0.0001373 -0.000915888 0.00109145 0.000246575 0.00324138 0.00445378 0.00185567 0.00338462 -0.000212766 0.00685714 -0.000515464 -0.00157895 -0.0025 -0.00431818 0.000357143 -0.00125 -0.00130435 -0.00341176 -0.00473684 -0.000714286 0.00347826 0.00542169 -0.00108108 -0.00283019 0.00102041 -0.00424 0.000299401 -0.000606061 -0.00158879 -0.00343284 -0.00213115 0.0015 -0.00625 -0.006 -0.00414634 0 -0.00688889 -0.00419355 -0.00746032 0.0076 -0.00761905 -0.00571429 0.00918367
internal_weight=1366 1329 1283 193 1090 216 171 109 874 535 339 365 145 119 194 130 47 70 194 171 144 88 56 64 46 170 114 56 46 83 74 53 49 125 167 132 107 67 61 40 64 90 41 68 45 62 63 50 42 42 49
internal_count=1366 1329 1283 193 1090 216 171 109 874 535 339 365 145 119 194 130 47 70 194 171 144 88 56 64 46 170 114 56 46 83 74 53 49 125 167 132 107 67 61 40 64 90 41 68 45 62 63 50 42 42 49
is_linear=0
shrinkage=0.01


Tree=120
num_leaves=52
num_cat=0
split_feature=35 73 14 81 35 16 96 60 36 1 76 93 10 16 35 68 2 16 82 73 10 82 76 29 40 14 35 94 78 69 83 93 1 0 60 97 66 42 69 8 69 78 40 4 4 16 93 91 61 40 14
split_gain=10.3638 7.82932 6.71347 14.1129 10.6171 7.28053 8.37209 8.78253 9.1189 9.29613 6.5799 6.50301 6.13406 6.11008 7.54746 7.05911 9.6563 7.34737 7.12706 7.6107 8.68206 11.0818 8.18565 8.62005 8.19546 7.71429 6.94286 6.8959 6.70863 6.02501 8.23301 7.86418 5.84752 6.51362 5.72344 5.50491 5.63333 6.098 5.40346 5.39484 7.0008 5.33333 5.27233 5.02609 4.78675 4.45714 3.50019 3.00855 2.81577 2.5974 1.74545
threshold=23.125000000000004 1107.2235000000003 11654.500000000002 3918.1178003576069 27.875000000000004 6495.3000000000002 1.0000000180025095e-35 510.02700000000004 87.250000000000014 16306.300000000001 29813.255208333332 399.09708333333339 29331.200000000004 6128.4000000000005 27.675000000000004 1682.4000000000003 3305.8500000000004 5471.3000000000011 -30.365499999999937 1567.0240000000001 34660.450000000004 -0.13749999999999998 33902.805208333339 89.250000000000014 43.750000000000007 18128.150000000005 24.825000000000006 623160.07419843762 839.05032638888895 30129.100000000002 2384.1000000000026 412.94705128205135 15695.100000000002 35003.100000000006 1465.6000000000001 0.73958333333333337 1044.8275000000001 110.04999923706056 34752.30000000001 404.34522619047624 34832.400000000009 1284.1620069444446 79.750000000000014 1679.2700000000002 4101.4050000000007 6891.0500000000011 402.99322619047626 29520.579743750004 31423.650000000005 93.250000000000014 9576.7500000000018
decision_type=2 2 2 2 2 2 2 2 2 2 2 2 2 2 2 2 2 2 2 2 2 2 2 2 2 2 2 2 2 2 2 2 2 2 2 2 2 2 2 2 2 2 2 2 2 2 2 2 2 2 2
left_child=1 -1 3 4 11 6 13 8 9 -8 -7 -2 -10 14 15 16 18 -17 26 20 21 -20 23 24 -23 -22 -4 -28 -26 44 35 -32 48 -34 -13 36 37 -31 -18 -15 42 -21 -41 -5 -12 -38 -30 -9 -14 -45 -51
right_child=2 -3 5 43 -6 10 7 47 12 -11 29 34 32 39 -16 17 38 -19 19 41 25 22 -24 -25 28 -27 27 -29 46 30 31 -33 33 -35 -36 -37 45 -39 -40 40 -42 -43 -44 49 -46 -47 -48 -49 -50 50 -52
leaf_value=0.7278241550210095 -1.0038907420727861 -0.0031077679138538329 -1.3642349300731649 -0.0064976874275414235 0.022372602600352752 0.0086516807731063863 0.18865176465869421 -0.024350568677309923 0.12700344105296041 -0.62379577160721078 -0.016095156863387847 0.053763658134664535 -0.76366770717392907 0.0041155830070110254 1.0785843948909482 -0.026844724585323033 1.3114609674102713 0.0039062584286888025 1.6570889915947729 -0.0013369645563085942 2.8688339169525228 0.010083301830893268 -0.10110725462860234 0.044333376544508661 0.000419204900740513 -0.0010733236468860241 0.0096660843547006405 -0.02825008411368685 -0.23983791338292434 -0.19582897647429678 0.012065141371512978 -0.027727696839857624 0.086294383358616875 -2.8214178442657216 -0.011854797766084866 -0.010726735683778701 0.12813982252763159 0.27445924885622763 0.03996204398231467 -0.3834883811232826 0.23882202316829662 0.0076022673848597502 -0.021824007319632681 -1.1144621889098791 0.017374015778880893 0.0082491425982748022 -0.037415748110091566 -3.1510082268358435 -0.98915110431329289 -0.13374414619403535 -0.50568553492693191
leaf_weight=37 20 21 20 20 31 35 29 33 22 20 25 26 23 29 23 31 22 20 22 20 21 22 24 39 23 21 27 37 22 23 38 29 23 25 30 23 21 37 20 20 20 30 34 28 21 39 37 39 20 20 24
leaf_count=37 20 21 20 20 31 35 29 33 22 20 25 26 23 29 23 31 22 20 22 20 21 22 24 39 23 21 27 37 22 23 38 29 23 25 30 23 21 37 20 20 20 30 34 28 21 39 37 39 20 20 24
internal_value=-0.000688141 0.00344828 -0.00087156 -0.00256281 -9.34579e-05 -0.000568079 -0.00105134 -0.00264957 -0.00135802 0.0022449 0.000790378 -0.00210526 -0.00292035 -0.000410959 6.23701e-05 -0.000218341 0.00022113 -0.00372549 -0.00030137 0.000462633 -0.00030303 -0.00121693 -0.00209581 -0.00118881 -0.00269231 0.00380952 -0.00285714 -0.00125 -0.00414634 0.000234375 0.000952381 -0.0019403 -0.00406593 -0.00166667 -0.000357143 0.00230769 0.00316667 0.001 0.0047619 -0.00262136 -0.00405405 0.004 -0.00592593 -0.00543478 -0.00304348 0.00533333 -0.0059322 -0.00555556 -0.00674419 -0.00666667 -0.00818182
internal_weight=1366 58 1308 199 107 1109 818 234 162 49 291 76 113 584 481 458 407 51 365 281 231 189 167 143 104 42 84 64 82 256 210 67 91 48 56 143 120 60 42 103 74 50 54 92 46 60 59 72 43 72 44
internal_count=1366 58 1308 199 107 1109 818 234 162 49 291 76 113 584 481 458 407 51 365 281 231 189 167 143 104 42 84 64 82 256 210 67 91 48 56 143 120 60 42 103 74 50 54 92 46 60 59 72 43 72 44
is_linear=0
shrinkage=0.01


Tree=121
num_leaves=51
num_cat=0
split_feature=14 77 36 38 16 67 35 23 32 33 75 39 23 78 20 11 38 38 73 31 67 67 36 46 75 1 35 63 35 77 35 33 31 73 68 97 6 46 46 73 68 36 20 6 94 91 68 72 35 69
split_gain=5.99264 7.95532 6.60208 9.68918 6.87524 6.67984 6.3605 6.12718 6.59974 6.98501 9.53196 6.82563 6.51887 7.97727 7.08337 6.42483 5.61375 8.35371 7.2 5.463 5.76261 5.30253 8.24176 7.14772 6.69816 8.69565 5.98445 6.22875 6.08046 7.42029 5.96905 5.20127 8.99122 7.76681 5.47252 8.04762 7.58964 6.85714 5.05103 4.50111 3.97495 3.88683 3.76842 9.63614 3.65732 9.25714 7.91913 8.21821 3.18914 2.5
threshold=11654.500000000002 4160.6782310793596 87.250000000000014 14.025000000000002 6533.5500000000002 25006.400000000005 26.225000000000005 55.250000000000007 31.750000000000004 18.250000000000004 608.36575189988309 115.75000000000001 26.500000000000004 806.66815277777789 1262.7500000000002 35837.30000000001 8.0250000000000021 11.325000000000001 344.35000000000008 3.8250000000000006 33762.750000000007 27599.850000000002 73.250000000000014 103.34499740600587 231.56322096817027 14908.950000000003 26.525000000000002 30636.600000000002 24.925000000000004 4366.6675180950278 27.225000000000005 157.75000000000003 3.1250000000000004 560.25000000000011 1053.9650000000004 0.15625000000000003 3960.1350000000007 99.424999237060561 104.25500106811525 1055.8750000000002 1486.5455000000002 79.750000000000014 943.40000000000009 3445.5550000000007 557472.08952906274 30127.217237500005 1.1040000000000003 1184.6240000000003 25.525000000000002 36031.600000000013
decision_type=2 2 2 2 2 2 2 2 2 2 2 2 2 2 2 2 2 2 2 2 2 2 2 2 2 2 2 2 2 2 2 2 2 2 2 2 2 2 2 2 2 2 2 2 2 2 2 2 2 2
left_child=1 16 21 4 5 -4 -6 12 -9 10 38 15 14 -14 -7 -11 18 -18 -1 20 -13 22 -2 31 25 -25 28 -28 41 -30 -29 32 -23 -33 35 -34 37 -36 -10 -38 -24 -26 43 -20 -21 46 -46 -48 -41 -8
right_child=2 -3 3 -5 6 7 49 8 9 11 -12 19 13 -15 -16 -17 17 -19 42 44 -22 23 40 24 26 -27 27 30 29 -31 -32 33 34 -35 36 -37 39 -39 -40 48 -42 -43 -44 -45 45 -47 47 -49 -50 -51
leaf_value=-0.40476339349805274 -0.017089936015119402 -1.7523261120282336 -0.026322488455393755 -0.19927612085120147 2.5554313489169203 0.0050820742899580131 -0.20053936524718921 -0.47382590765827898 0.0069194546194367018 -0.034844839994879452 -0.012393355829561173 -0.033593422081996054 1.4026899218210798 -0.00021094498052951383 -0.44616442737716283 1.1890616552345794 0.045595251042267824 -0.0088052866675074198 -0.61972979648037918 -6.55090547742132e-05 0.18733269132078356 0.87734992785090726 2.1764599610061994 0.003122691366283722 0.057674791933611198 -0.011714007463739471 0.07506868008432567 1.8499560651087625 -0.034387660631664554 0.00091813833179188312 0.00048361745739530435 -2.5076054362078839 -0.12084457215842491 -0.03094381549685828 0.0083580218951358771 1.2244038851357177 -0.0058658890508574927 -0.018542739886401753 0.020488641644234088 -1.0592802858317274 0.0059099052422331155 -0.0004838368101224694 0.016210537541330117 0.010760078707239397 0.54439821901875518 -1.9954105515501319 -1.459097834054395 -0.0095940559468516238 -0.0085535716439101572 0.013115414502798368
leaf_weight=28 26 35 20 20 28 27 20 21 24 22 25 38 22 26 20 26 35 33 23 20 20 20 39 23 35 23 20 23 27 23 36 30 36 33 36 27 26 27 23 20 31 23 23 24 23 36 33 34 33 20
leaf_count=28 26 35 20 20 28 27 20 21 24 22 25 38 22 26 20 26 35 33 23 20 20 20 39 23 35 23 20 23 27 23 36 30 36 33 36 27 26 27 23 20 31 23 23 24 23 36 33 34 33 20
internal_value=-0.000644217 -0.00223881 -0.000369099 -0.00116788 -0.000909091 -0.00134783 0.00205882 -0.00109091 -0.00171014 -0.00135802 0.00138889 -0.00214286 0.00115789 0.00375 -0.00148936 0.00125 -0.0013253 0.000882353 -0.00285714 -0.00294118 -0.000344828 0.000340357 0.0025 -5.75816e-05 0.00124464 -0.00217391 0.00208556 0.00417722 0.000555556 -0.002 0.00254237 -0.00111111 -0.0004 -0.00365079 -0.00102439 0.00142857 -0.00211268 0.00047619 0.00404255 -0.00417722 0.00428571 0.00275862 -0.00114286 -0.00276596 -0.0039726 -0.00460317 -0.00288889 -0.00462687 -0.00584906 -0.0005
internal_weight=1366 201 1165 548 528 460 68 440 345 324 72 252 95 48 47 48 166 68 98 204 58 617 96 521 233 46 187 79 108 50 59 288 225 63 205 63 142 63 47 79 70 58 70 47 146 126 90 67 53 40
internal_count=1366 201 1165 548 528 460 68 440 345 324 72 252 95 48 47 48 166 68 98 204 58 617 96 521 233 46 187 79 108 50 59 288 225 63 205 63 142 63 47 79 70 58 70 47 146 126 90 67 53 40
is_linear=0
shrinkage=0.01


Tree=122
num_leaves=51
num_cat=0
split_feature=6 41 88 13 82 10 44 69 98 13 41 78 78 39 16 91 1 74 78 24 39 44 76 76 20 88 16 61 98 59 44 90 53 0 20 14 69 94 24 24 97 11 2 91 11 81 20 10 100 46
split_gain=7.11564 7.68882 7.51251 9.4407 7.31417 5.82717 5.12533 10.7269 6.32314 6.09805 8.37692 7.2792 12.0052 6.25672 6.26426 5.74778 8.35568 7.44874 9.47352 7.26224 6.21787 6.00183 7.0877 5.32258 6.5935 11.8227 8.6556 7.76614 9.2868 10.4302 9.48766 7.19535 5.16682 5.14435 5.79552 5.09394 5.06456 7.01449 4.71429 5.26753 4.16919 4.08333 3.98629 3.39103 3.29143 4.81333 2.85044 2.54848 2.47145 1.12075
threshold=2827.7500000000005 116.00000000000001 3419.256041666667 1642.9000000000003 -1269.7194999999997 30979.850000000002 2.4465000629425053 35318.650000000009 0.92013888888888895 1711.1500000000003 61.250000000000007 1365.127371527778 1320.499291666667 91.250000000000014 5098.5000000000009 21064.581206250001 13049.900000000001 455.86353125000005 343.11945138888899 13.375000000000002 198.25000000000003 2.6610000133514409 28213.798958333333 29128.112500000007 456.65000000000003 7359.5443750000004 3636.8500000000008 37333.950000000004 0.34375000000000006 0.25000000000000017 4.2405002117156991 1459.0327500000003 3.5000000000000004 34183.750000000007 1527.5500000000002 16674.400000000005 32594.900000000005 580920.63830156263 6.6250000000000009 11.525000000000002 0.093750000000000014 37967.30000000001 2981.3000000000006 32212.46236875001 35959.700000000004 4411.2982446822925 698.00000000000011 32344.000000000004 0.14930555555555561 103.90000152587892
decision_type=2 2 2 2 2 2 2 2 2 2 2 2 2 2 2 2 2 2 2 2 2 2 2 2 2 2 2 2 2 2 2 2 2 2 2 2 2 2 2 2 2 2 2 2 2 2 2 2 2 2
left_child=2 4 3 40 -2 -4 7 33 9 10 -8 12 13 14 -11 -15 38 18 20 21 -18 -19 35 -24 25 -25 -26 28 30 -30 48 -32 36 34 41 -23 47 -38 -17 -40 -1 -6 -31 -7 -20 -46 -21 -13 -28 -50
right_child=1 -3 5 -5 6 43 8 -9 -10 11 -12 32 -14 15 -16 16 17 19 44 46 -22 22 23 24 26 -27 27 -29 29 42 31 -33 -34 -35 -36 -37 37 -39 39 -41 -42 -43 -44 -45 45 -47 -48 -49 49 -51
leaf_value=0.00095773003527767743 2.8470552899755068 -1.7448991467145689 -0.55524198898394173 0.016249819307301329 -0.012477111546872272 -0.0029282305477950701 0.023717935571081927 0.054566072190618674 0.0050312535470584327 -1.7226614415058634 -0.011397149335411512 -0.0087712711178220999 0.43758016920774412 0.31109255430895533 0.00022008940402097447 -0.0051892544646278361 1.3241413515885225 -0.053988504926714399 -0.13482921142694823 -0.010184060577152336 -0.023290566029102459 0.0029726359578292416 0.7383115834981322 -0.2670405207679179 -0.15923765118212138 0.70998791367551195 0.29285911427508526 -0.0047922415484365054 2.541746087453832 -0.012220188079446557 -0.10775565365467336 0.12025769651790284 0.0018193743195708998 -0.43607460871628301 -0.0036626200834285801 -0.026059263570839819 -0.027830844238203537 0.011330377581795137 -1.8298841763004334 -0.012909487376005951 -0.7745276044094539 0.0040863286902265688 0.003936828045068441 -0.028515549827703289 -0.026578337959398429 -1.8451188976841841 -0.025111236619740757 -0.31133525346171309 2.8282549612306513 0.09493786464628258
leaf_weight=21 22 33 22 28 24 39 32 37 29 33 20 24 36 38 23 22 28 36 20 31 33 24 20 29 32 27 24 38 25 21 21 20 36 30 23 20 23 25 22 20 30 24 20 25 30 20 33 20 33 20
leaf_count=21 22 33 22 28 24 39 32 37 29 33 20 24 36 38 23 22 28 36 20 31 33 24 20 29 32 27 24 38 25 21 21 20 36 30 23 20 23 25 22 20 30 24 20 25 30 20 33 20 33 20
internal_value=-0.000658858 -0.000391341 -0.00260606 -0.000379747 -0.000256849 -0.00465116 -0.000366492 -0.00217391 -0.000119048 -0.000255363 0.00307692 -0.000442287 -8.76095e-05 -0.000353866 -0.00357143 -9.90099e-05 -0.000313901 4.95868e-05 -0.00206107 0.000632911 0.000819672 0.00112195 0.00149733 0.002 0.00167742 -0.00142857 0.0023622 0.00306306 0.00391304 0.000909091 0.00559322 0.00170732 -0.00265625 -0.00386139 -0.00239437 -0.00227273 -0.00391304 -0.00166667 -0.00375 -0.00571429 -0.00294118 -0.000416667 -0.00219512 -0.003125 -0.00457143 -0.0032 -0.0025 -0.00636364 0.00766234 0.00886792
internal_weight=1366 1201 165 79 1168 86 1146 138 1008 979 52 927 799 763 56 707 669 605 131 474 61 410 374 330 310 56 254 222 184 66 118 41 128 101 71 44 92 48 64 42 51 48 41 64 70 50 64 44 77 53
internal_count=1366 1201 165 79 1168 86 1146 138 1008 979 52 927 799 763 56 707 669 605 131 474 61 410 374 330 310 56 254 222 184 66 118 41 128 101 71 44 92 48 64 42 51 48 41 64 70 50 64 44 77 53
is_linear=0
shrinkage=0.01


Tree=123
num_leaves=52
num_cat=0
split_feature=25 69 0 5 10 46 98 74 60 60 14 73 7 10 43 41 69 2 38 14 7 91 19 38 14 34 43 88 19 38 8 46 4 19 22 83 83 0 0 83 46 87 38 38 60 17 74 11 66 39 2
split_gain=5.44728 10.1359 6.95715 5.37839 5.29833 4.88478 13.2142 7.54367 6.88133 7.56764 6.80958 7.95573 9.71562 10.7399 9.49288 9.31241 10.2186 7.1796 6.79252 9.58957 6.77357 6.50981 5.88768 8.10597 7.71234 9.53329 8.15847 9.1958 7.6304 11.2397 7.14494 7.98583 6.78901 6.61738 6.04029 5.88326 8.11063 6.81279 7.15035 5.62517 5.36176 4.84945 4.48 5.87128 4.40595 4.15281 4.14848 3.38645 3.17795 1.91255 1.71163
threshold=18.250000000000004 22337.600000000002 29102.100000000002 5788.3500000000004 31699.700000000004 106.5550003051758 0.30902777777777785 533.34116666666671 1293.8450000000003 1135.6000000000001 17843.800000000003 0.99650000000000005 17.105000000000004 31661.050000000007 85.33499908447267 78.250000000000014 35203.80000000001 3275.4000000000005 8.5250000000000021 12527.400000000001 97.790000000000006 21064.581206250001 793.90000000000009 4.4250000000000016 15337.35 71.250000000000014 66.424999237060561 8016.4429166666669 1071.4000000000003 6.6750000000000016 409.15692307692319 103.52999877929689 15652.365000000003 1503.1500000000003 85.250000000000014 2521.4500000000012 2238.1000000000026 32132.250000000004 27599.850000000002 1948.3000000000013 110.77499771118165 0.072916666666666671 3.8750000000000004 5.8250000000000011 1602.2500000000002 111.15000000000002 842.71290625000006 39710.150000000009 1103.6000000000001 207.75000000000003 2915.5500000000006
decision_type=2 2 2 2 2 2 2 2 2 2 2 2 2 2 2 2 2 2 2 2 2 2 2 2 2 2 2 2 2 2 2 2 2 2 2 2 2 2 2 2 2 2 2 2 2 2 2 2 2 2 2
left_child=2 -2 -1 4 -4 8 7 -7 9 21 11 17 49 14 18 16 44 -10 19 -14 -21 -3 24 34 26 -26 -23 35 29 -25 -30 32 47 -33 -24 36 37 38 -28 -12 42 -16 -8 -44 -15 50 -9 -32 -11 -13 -27
right_child=1 5 3 -5 -6 6 40 46 10 48 39 12 13 15 41 -17 -18 -19 -20 20 -22 22 23 28 25 45 27 -29 30 -31 31 33 -34 -35 -36 -37 -38 -39 -40 -41 -42 -43 43 -45 -46 -47 -48 -49 -50 -51 -52
leaf_value=-0.14983497130099324 3.422084645403241 0.18783501865957611 0.010178513876994786 -0.015663124947598913 -0.011369841655960437 -0.10202970099413715 -0.37678786717871876 0.07007853190715195 -0.034007157824513627 -2.686108350260056 0.0051868329636037451 0.052754494417326894 -0.50248917335561338 -0.011834703467396082 0.014541343743138804 0.0037848415944665794 0.0073413547854910277 0.00045199065926229887 0.019814330565519522 0.010513476970957471 -0.010745825346223037 0.12661396638150935 -0.0046740455130869678 -0.039285184775555509 0.0010220876863489953 -0.045195815451096355 -0.028541963735036618 2.1375568898983417 0.018869528520671169 3.1946068808453449 -0.20509563410271825 -0.020283628450824497 -0.013299202542296093 0.022741969544979625 0.3273767023108235 0.0081502397952445335 -1.0996680486672039 0.013612777695301517 -1.5328879707385852 0.38188802973293096 -0.0039316374687966716 0.0076566193451313618 -0.0079049471220846972 -0.024331041121821349 -0.023164421505492555 -0.037181874699751365 0.002928789447880862 -2.5855744715199274 -0.020659549288642651 0.43953319802023572 -2.7146261818264987
leaf_weight=31 30 32 26 21 20 24 20 20 27 23 24 22 24 22 33 39 20 25 23 26 29 37 20 28 33 20 27 21 32 30 24 21 34 36 38 20 23 23 20 37 23 21 24 26 37 26 24 28 29 20 23
leaf_count=31 30 32 26 21 20 24 20 20 27 23 24 22 24 22 33 39 20 25 23 26 29 37 20 28 33 20 27 21 32 30 24 21 34 36 38 20 23 23 20 37 23 21 24 26 37 26 24 28 29 20 23
internal_value=-0.000585652 -0.000410095 -0.00285714 -0.00104478 0.000869565 -0.000549273 -0.00217391 0.00117647 -0.000306407 -0.00095679 0.000675991 0.000163043 0.000759494 7.29927e-05 0.00179487 -0.00220339 -0.00417722 -0.00346154 0 -0.00139241 0.000909091 -0.000637584 -0.000886525 0.000103093 -0.00194139 -0.00411765 -0.000643275 -0.00179104 -0.000729614 0.00241379 -0.00177143 -0.00272727 -0.00465116 0.000175439 0.00344828 -0.00292035 -0.00397849 -0.00228571 -0.00446809 0.00377049 -0.00462366 0.00518519 -0.006 -0.0044 -0.00627119 -0.00623188 0.00363636 -0.00692308 -0.00461538 0.0052381 -0.00813953
internal_weight=1366 1268 98 67 46 1238 161 68 1077 648 429 368 316 274 156 118 79 52 102 79 55 596 564 291 273 102 171 134 233 58 175 143 86 57 58 113 93 70 47 61 93 54 70 50 59 69 44 52 52 42 43
internal_count=1366 1268 98 67 46 1238 161 68 1077 648 429 368 316 274 156 118 79 52 102 79 55 596 564 291 273 102 171 134 233 58 175 143 86 57 58 113 93 70 47 61 93 54 70 50 59 69 44 52 52 42 43
is_linear=0
shrinkage=0.01


Tree=124
num_leaves=48
num_cat=0
split_feature=25 33 36 10 69 13 63 80 40 83 69 79 27 36 31 37 72 13 98 27 27 43 78 17 13 77 80 99 99 63 34 81 27 25 81 17 77 53 5 73 83 77 25 41 29 63 40
split_gain=6.17214 9.12162 7.10454 11.2004 9.02274 9.14569 7.04348 7.34395 9.08669 7.55112 10.6138 5.60631 8.90434 8.20855 8.22161 6.12585 5.22373 11.929 9.77016 8.36648 15.2105 6.31521 9.29613 6.29924 7.01014 5.84244 7.36667 6.03639 7.87606 6.78725 5.69244 6.61926 6.91429 6.29442 7.38209 5.55703 5.48879 6.8097 5.00016 6.1532 4.54545 4.4586 4.25685 3.94525 3.12567 2.94795 2.84025
threshold=18.250000000000004 4.7500000000000009 84.250000000000014 31661.050000000007 36862.100000000006 3840.1000000000008 29560.600000000002 30539.098958333339 102.25000000000001 1834.0000000000002 27572.850000000002 489.85996340845492 83.250000000000014 72.250000000000014 9.0750000000000011 68.750000000000014 914.30200000000013 7808.4000000000005 0.92708333333333348 80.750000000000014 98.750000000000014 74.844997406005874 1102.4826319444448 50.850000000000001 10182.600000000002 4066.2024525456395 31329.780555555564 0.48958333333333343 0.30208333333333343 31799.000000000004 101.75000000000001 4034.2168792623038 70.750000000000014 101.25000000000001 3797.5504132477404 13.050000000000002 4207.675939736263 2.5000000000000004 3943.6950000000002 630.86300000000017 1397.750000000002 4183.7506324684546 15.250000000000002 68.250000000000014 88.250000000000014 28574.100000000002 66.750000000000014
decision_type=2 2 2 2 2 2 2 2 2 2 2 2 2 2 2 2 2 2 2 2 2 2 2 2 2 2 2 2 2 2 2 2 2 2 2 2 2 2 2 2 2 2 2 2 2 2 2
left_child=1 -1 3 6 5 11 7 8 9 10 -2 12 15 -13 -15 -5 17 19 21 35 -21 22 46 24 -19 26 -25 28 -28 -29 31 33 38 44 -35 -4 -27 -38 -33 -40 -7 -8 45 -42 -23 -3 -18
right_child=2 42 16 4 -6 40 41 -9 -10 -11 -12 13 -14 14 -16 -17 18 23 -20 20 -22 30 -24 25 -26 36 27 29 -30 -31 -32 32 -34 34 -36 -37 37 -39 39 -41 43 -43 -44 -45 -46 -47 -48
leaf_value=0.0088808184430486988 2.0737756603434558 -0.44187108654980078 3.4879238969251452 -0.018000897157014088 0.016267352298334613 0.30206081909405064 0.014086412390367169 -0.31386157106344792 0.076920044913045868 -0.030220805021201631 -0.002521184832739757 -0.83933833695908511 -0.083765504267413957 -0.015653936243996368 0.12853326711536034 0.0013355587536638574 -1.2086538266857394 -0.0047688591343481466 0.0052904764689280393 -0.1644761086921453 0.31120260925114873 -0.01560199925216129 -0.014552287363392754 2.6808667046302985 -0.13552392475244407 0.13281102614993912 -0.037722453148249499 -0.91924892982239159 0.039574482116754094 -0.019231607719543926 0.034703441770801362 -0.026860781389840743 -0.34625949202670642 -0.01405477188933856 0.017935741017266301 2.9347714030514145 -0.95538197242078127 0.010620647937124512 -0.030098591696429828 0.004037377753701785 -0.015700393773717198 0.010959871967765551 -0.036932837275624165 0.015848085556899136 -0.00011584257667276773 -0.00049489825557171962 -1.7794360972106711
leaf_weight=24 20 21 23 35 27 22 38 21 21 38 38 20 21 28 24 32 22 24 27 38 38 20 39 20 34 39 23 38 38 37 26 21 32 38 28 33 25 30 29 30 23 31 31 27 21 22 29
leaf_count=24 20 21 23 35 27 22 38 21 21 38 38 20 21 28 24 32 22 24 27 38 38 20 39 20 34 39 23 38 38 37 26 21 32 38 28 33 25 30 29 30 23 31 31 27 21 22 29
internal_value=-0.000439239 -0.00285714 -0.000252366 0.000729614 -0.000656371 -0.0012931 0.00246377 0.00115942 0.00213675 0.000833333 0.00310345 -0.002625 -0.00431818 -0.000555556 0.00153846 -0.00253731 -0.000822943 -9.09091e-05 -0.00171271 0.00242424 0.000263158 -0.0021791 -0.00444444 -0.00116883 -0.00413793 -0.00048 -0.00166667 -0.0025 -0.000163934 -0.0044 -0.00134694 -0.00187215 -0.00357143 -9.34579e-05 0.00181818 0.00535714 0.00148936 -0.000545455 -0.002 -0.000508475 0.00166667 0.00507246 -0.00459459 0 -0.00317073 -0.00255814 -0.0072549
internal_weight=1366 98 1268 466 259 232 207 138 117 96 58 160 88 72 52 67 802 440 362 132 76 335 90 308 58 250 156 136 61 75 245 219 112 107 66 56 94 55 80 59 72 69 74 50 41 43 51
internal_count=1366 98 1268 466 259 232 207 138 117 96 58 160 88 72 52 67 802 440 362 132 76 335 90 308 58 250 156 136 61 75 245 219 112 107 66 56 94 55 80 59 72 69 74 50 41 43 51
is_linear=0
shrinkage=0.01


Tree=125
num_leaves=51
num_cat=0
split_feature=16 51 44 16 4 89 38 24 17 5 68 30 26 88 33 31 75 46 30 7 94 26 77 4 88 63 13 26 89 26 30 61 69 38 99 38 30 2 44 11 60 68 77 41 31 24 4 17 17 77
split_gain=7.94028 6.04196 5.68786 6.88265 14.103 12.2728 8.40959 7.96371 9.32614 7.88054 14.6488 8.00159 7.42335 9.4911 8.73094 7.49476 7.2792 7.05914 9.20323 6.88763 8.34428 9.02652 7.52404 6.56669 9.32981 9.42685 6.37298 10.14 8.31519 7.27908 6.76692 6.37954 6.36842 6.18285 5.57115 7.27239 5.56522 5.45248 5.2778 5.01354 4.80696 7.1528 4.20762 3.59227 3.41379 3.33295 3.10303 2.71515 2.67147 1.75325
threshold=2673.5000000000005 1.0000000180025095e-35 1.6710000038146975 6163.3500000000013 5685.9550000000008 1675.10289375 2.3750000000000004 8.6750000000000025 180.55000000000004 7429.8600000000015 1.0895000000000004 97.250000000000014 39.250000000000007 4265.3225000000002 3.7500000000000004 6.1750000000000016 4.4626506967456061 103.29500198364259 97.750000000000014 25.955000000000002 748677.38033750025 94.750000000000014 3747.5820701584776 3201.5700000000006 4845.4316666666664 30980.700000000004 2933.2500000000005 92.250000000000014 1181.4989062500001 127.75000000000001 75.750000000000014 33536.05000000001 34199.400000000001 8.4750000000000032 0.13541666666666671 7.075000000000002 69.750000000000014 3001.9500000000003 3.6290000677108769 38042.900000000009 1509.9500000000003 1200.0500000000002 3691.3847679172591 66.250000000000014 4.8250000000000011 9.1250000000000018 7158.3500000000013 16.950000000000003 25.750000000000004 4129.7013545458522
decision_type=2 2 2 2 2 2 2 2 2 2 2 2 2 2 2 2 2 2 2 2 2 2 2 2 2 2 2 2 2 2 2 2 2 2 2 2 2 2 2 2 2 2 2 2 2 2 2 2 2 2
left_child=42 2 -2 4 5 7 -5 17 12 10 11 -6 13 -9 -15 -16 -8 18 44 -11 21 22 -21 24 25 45 43 28 -28 31 -30 -29 -32 39 35 -12 -31 -23 -19 -24 41 -27 -1 -25 -4 -18 -36 -17 -40 -26
right_child=1 -3 3 6 9 -7 16 8 -10 19 34 -13 -14 14 15 47 23 38 -20 20 -22 37 33 26 49 40 27 29 30 36 32 -33 -34 -35 46 -37 -38 -39 48 -41 -42 -43 -44 -45 -46 -47 -48 -49 -50 -51
leaf_value=-0.023465568631330945 1.6869437410118884 -2.3302336484702248 -0.0050852876295660919 0.039242162458234142 1.7876582634746865 0.096023979100727616 -0.0084145288156138084 0.013388802708731547 0.012107236048390788 -0.082390324483443397 0.0028049874147168803 -0.16464032933121592 -0.65239023389415207 0.066595194482084397 0.003002492539714467 -0.30293171937296343 0.0046513118690263292 0.027977860333990696 -0.094656623915968796 -0.024545672164539924 0.17882883742837474 -2.4053392242849574 -0.014353533473445861 0.14328379564991736 -0.028991427475089458 -0.05112171885820601 -0.029023436028393992 2.9161481882641782 -0.030592759066302062 -0.53334188385027181 -0.026350778758718416 0.011705783662898751 0.4855107836723106 1.6534212091033686 -0.011063417604510599 -0.14504088812505128 0.032968373192664706 -0.026537288771816405 0.0096641011393762827 0.39456812167555927 -0.053093377510578132 0.0095888659314169924 -0.90105248182485798 8.5520612668221756e-06 0.16234491826599892 -0.02086652770432865 -5.1822185319758907 -0.18024022462946016 0.00066522191963603369 -0.019083823148952562
leaf_weight=25 22 37 22 22 36 24 26 31 27 27 26 20 24 25 23 20 29 30 36 37 33 20 25 23 22 25 38 22 36 23 38 21 38 23 22 21 23 27 21 22 21 22 35 22 36 23 33 22 25 20
leaf_count=25 22 37 22 22 36 24 26 31 27 27 26 20 24 25 23 20 29 30 36 37 33 20 25 23 22 25 38 22 36 23 38 21 38 23 22 21 23 27 21 22 21 22 35 22 36 23 33 22 25 20
internal_value=-0.000777202 -0.000611929 -0.000494418 -0.000584416 2.71003e-05 0.00142077 -0.00149798 0.000935673 -0.000581395 -0.00134409 -0.00303797 0.00107143 -0.00158621 -0.000578512 -0.00222222 -0.00415385 -0.00177966 0.00247059 0.000638298 -9.34579e-05 0.000588235 -0.00038961 0.00121495 -0.00147982 -0.00308642 -0.00166667 -0.00056338 -0.00121339 -0.0028 0.00146067 -0.00142857 0.0044186 0.000263158 0.00314286 -0.00529412 -0.00276596 -0.00130435 -0.00404255 0.00473684 0.00106383 -0.00411765 -0.00234043 -0.00433333 0.00288889 0.00310345 0.00153846 -0.00745455 -0.00666667 0.0026087 -0.00714286
internal_weight=1351 1291 1254 1232 738 366 494 342 172 372 158 56 145 121 90 65 472 170 94 214 187 154 107 446 162 120 284 239 150 89 112 43 76 70 102 47 46 47 76 47 68 47 60 45 58 52 55 42 46 42
internal_count=1351 1291 1254 1232 738 366 494 342 172 372 158 56 145 121 90 65 472 170 94 214 187 154 107 446 162 120 284 239 150 89 112 43 76 70 102 47 46 47 76 47 68 47 60 45 58 52 55 42 46 42
is_linear=0
shrinkage=0.01


Tree=126
num_leaves=53
num_cat=0
split_feature=27 69 94 90 73 83 10 34 65 35 87 3 67 35 42 17 34 34 97 97 98 20 67 83 97 2 33 17 22 94 20 87 65 3 67 2 67 65 10 3 43 25 40 20 35 33 65 33 6 23 70 11
split_gain=7.05282 7.36931 6.95036 7.95852 7.57741 9.04295 8.5016 13.1626 8.10271 8.09043 7.80629 5.94176 9.36728 9.28512 8.42894 8.08854 10.0814 12.7403 7.51518 8.59391 8.1448 6.85778 6.55887 6.4759 8.01799 7.48301 6.4854 6.31437 6.25295 5.90769 5.86124 5.76441 7.33988 5.5254 5.43169 5.24225 5.24696 5.17506 5.07611 4.9 4.9 4.78733 6.94973 5.17787 5.11364 4.61385 4.53174 4.08333 3.65714 2.75238 2.5 2.5
threshold=17.750000000000004 22337.600000000002 837224.79146437522 3036.0298500000004 1551.3000000000002 2949.6000000000008 31433.000000000004 65.250000000000014 29037.300000000007 27.325000000000006 0.59375000000000011 14154.350000000002 32678.050000000003 25.425000000000004 350.25000000000006 118.10000000000001 79.250000000000014 91.250000000000014 0.23958333333333334 0.11458333333333336 0.39236111111111116 286.50000000000006 30912.500000000004 1245.5000000000002 0.052083333333333336 3321.3500000000004 81.750000000000014 20.950000000000003 80.250000000000014 734115.55084500031 1575.7000000000003 0.13541666666666671 28359.100000000002 15999.400000000003 28613.950000000004 3181.0500000000006 30221.450000000001 32548.100000000002 35095.100000000013 15772.631500000001 81.880001068115249 203.75000000000003 130.25000000000003 813.35000000000002 26.275000000000002 43.250000000000007 28021.300000000003 103.75000000000001 6122.4750000000013 95.250000000000014 994.78700000000015 31214.050000000003
decision_type=2 2 2 2 2 2 2 2 2 2 2 2 2 2 2 2 2 2 2 2 2 2 2 2 2 2 2 2 2 2 2 2 2 2 2 2 2 2 2 2 2 2 2 2 2 2 2 2 2 2 2 2
left_child=35 -2 4 38 5 11 46 -8 -9 -10 50 12 18 27 21 28 -17 -18 19 29 -20 22 -15 26 25 40 -23 -13 -14 34 41 32 -22 -27 -3 36 -1 -32 51 -39 -25 42 44 -44 -26 -36 -6 -46 -21 -48 -7 -4
right_child=1 2 3 -5 6 10 7 8 9 -11 -12 13 15 14 -16 16 17 -19 20 48 31 23 -24 24 30 33 -28 -29 -30 -31 37 -33 -34 -35 45 -37 -38 39 -40 -41 -42 -43 43 -45 47 -47 49 -49 -50 -51 -52 -53
leaf_value=-0.14313947161787993 2.9750246867713077 -1.2557349136747218 -3.5864265042847832 0.01909569290728946 0.00090437362519731437 1.8293533643303135 -0.014853974560680303 0.011355364856956858 0.0040243691111587635 -0.0057716989046297093 -0.427637217915943 0.69104782648166019 -0.047866006016860363 -0.019814604632848544 3.0062756052554733 -0.19003966977521322 0.10034146863994797 -0.20905349226960121 0.038665727024113472 -1.0139979609361807 0.018761280729478004 0.037282764164397943 0.097756622281842814 0.49562543147894561 -0.0001656989764640949 -3.8797530054077205 -0.0052033888476138955 0.0008141697390115026 -1.2348853084283569 0.063140195165840782 -0.37795994598629662 -0.029566424802657455 -0.02097619612527412 0.0083141272217813998 0.14377213061290856 0.00016839786954299182 -0.048012337253960813 0.0012027529192474354 -0.022526796957637995 -2.1053118068116428 0.0024810597228932534 -0.19831886516445188 -0.020528209294172334 2.5137776860350942 -0.044890131458850756 -0.24504507966368386 0.0067852550371649634 -0.0099857457776394449 -0.22648470097446172 0.0092967292194998316 0.052538484890696346 -0.13614918212035293
leaf_weight=38 36 23 20 27 23 20 22 31 28 27 26 32 22 20 21 32 20 23 36 21 26 20 27 20 33 21 34 39 37 39 26 21 21 24 20 25 26 20 21 20 20 26 27 28 24 22 20 24 24 28 20 20
leaf_count=38 36 23 20 27 23 20 22 31 28 27 26 32 22 20 21 32 20 23 36 21 26 20 27 20 33 21 34 39 37 39 26 21 21 24 20 25 26 20 21 20 20 26 27 28 24 22 20 24 24 28 20 20
internal_value=-0.000762398 -0.000570523 -0.000701468 -0.00340909 -0.000492091 -0.00084463 0.00139665 -0.00037037 0.00139535 -0.000909091 0.00272727 -0.00110862 -0.00204134 -0.000395257 -0.000942529 -0.0041791 -0.002 0.00116279 -0.000909091 -0.00234899 0.00115385 -0.00125604 0.00234043 -0.00171662 -0.00226837 0.000352941 0.00148148 0.00295775 -0.00694915 -0.000769231 -0.00324561 -0.000882353 0.00106383 -0.00244444 -0.00261538 -0.00348315 -0.005 -0.00575758 -0.00540984 -0.0035 0.0035 -0.00222222 -0.00147059 0.00127273 -0.00333333 -0.00047619 0.00408451 -0.00541667 -0.006 0.00583333 0.0055 -0.0075
internal_weight=1351 1262 1226 88 1138 959 179 108 86 55 66 893 387 506 435 134 75 43 253 149 104 414 47 367 313 85 54 71 59 104 228 68 47 45 65 89 64 66 61 40 40 162 136 55 81 42 71 48 45 48 40 40
internal_count=1351 1262 1226 88 1138 959 179 108 86 55 66 893 387 506 435 134 75 43 253 149 104 414 47 367 313 85 54 71 59 104 228 68 47 45 65 89 64 66 61 40 40 162 136 55 81 42 71 48 45 48 40 40
is_linear=0
shrinkage=0.01


Tree=127
num_leaves=50
num_cat=0
split_feature=16 16 4 25 98 72 69 90 33 100 62 37 82 1 94 6 35 23 74 11 74 90 80 35 11 1 87 80 87 75 74 100 19 33 19 100 11 33 35 16 33 16 98 4 93 93 37 82 19
split_gain=6.52149 7.61017 12.0841 10.2361 10.0527 10.9556 9.55374 9.21099 8.75958 11.3661 10.7183 9.00012 8.57915 11.061 18.1798 8.51703 8.21315 7.99056 7.36368 7.23148 7.36364 7.22983 8.06763 10.0595 7.71429 6.49106 6.43357 6.10159 5.68167 8.00843 6.74713 6.29516 5.45925 5.18448 6.22894 8.39127 5.08854 5.64665 5.85485 6.09455 4.8 4.55787 4.307 4.02286 3.9844 3.72707 3.79004 3.21137 1.6
threshold=2673.5000000000005 6105.7500000000009 4173.5700000000006 19.750000000000004 0.51041666666666674 1064.0825000000002 25096.200000000004 589.82175000000018 4.2500000000000009 0.31597222222222227 962.03250000000014 76.250000000000014 185.78400000000008 17278.473500000004 554352.83648281277 3490.5600000000004 27.125000000000004 45.750000000000007 867.45457291666673 41128.000000000007 1203.3825625000002 2452.4167500000008 30459.711111111119 25.775000000000002 37390.80000000001 13901.000000000002 0.072916666666666671 35588.871180555565 0.36458333333333343 621.89908210915758 357.5684270833334 0.75347222222222232 1344.0500000000004 24.250000000000004 1434.7 0.093750000000000014 34999.80000000001 198.25000000000003 26.875000000000004 6533.5500000000002 73.000000000000014 6820.1000000000013 0.19791666666666671 7359.380000000001 410.64710526315793 415.56486842105267 71.750000000000014 1397.0500000000004 468.35000000000008
decision_type=2 2 2 2 2 2 2 2 2 2 2 2 2 2 2 2 2 2 2 2 2 2 2 2 2 2 2 2 2 2 2 2 2 2 2 2 2 2 2 2 2 2 2 2 2 2 2 2 2
left_child=40 2 3 25 5 42 -4 -3 18 11 17 16 13 21 -15 -7 -10 -11 -8 47 -21 22 23 -9 -23 -2 -17 -26 -19 30 31 -30 44 -13 35 43 -24 38 39 -38 48 -16 -5 -35 -6 46 -40 -14 -1
right_child=1 7 6 4 32 15 8 12 9 10 -12 33 19 14 41 26 -18 28 -20 20 -22 24 36 -25 27 -27 -28 -29 29 -31 -32 -33 -34 34 -36 -37 37 -39 45 -41 -42 -43 -44 -45 -46 -47 -48 -49 -50
leaf_value=-0.064105834200945538 -0.19113535991780503 0.046423881261311015 1.6495959338185862 1.11705595303353 0.025779754363485247 -0.80513484096165788 -1.8351526770385991 -0.014634630404054706 -0.0053577693306369094 0.42918213660914462 0.048429445028114956 -0.59889861177481196 0.011765536289824494 -0.57387855433924084 4.017367601879041 -0.0064403973516940641 0.70927754658961906 0.022206930459298061 -0.011231372816566609 0.006150124386060685 -0.031392305062842941 -0.01452838545764748 -0.13026698541019383 0.4167722438817168 0.0070228313821631399 0.007746341174666385 0.33859710924100833 -0.052820262885266464 -0.2235038191261321 -0.061410172871953501 0.036467522875417407 0.29351673984320453 0.015852175551309963 -0.23276885970041775 0.011403170203547265 -0.00016404198669945394 -0.02384005068308187 -0.0014557604084020227 -0.056719105962582311 0.0016012826029809431 -0.77009757392505696 0.1190754466872896 0.01338764692052659 -0.38007837888378304 0.0059305586685415787 -0.084575142240716175 -0.037804281381218656 0.0025693610696267098 -0.51491334551423951
leaf_weight=20 37 25 22 30 20 37 39 28 33 28 23 23 33 34 26 31 20 29 28 22 22 28 25 20 36 29 28 20 39 22 30 22 27 28 20 33 30 29 23 31 20 21 21 22 27 34 31 25 20
leaf_count=20 37 25 22 30 20 37 39 28 33 28 23 23 33 34 26 31 20 29 28 22 22 28 25 20 36 29 28 20 39 22 30 22 27 28 20 33 30 29 23 31 20 21 21 22 27 34 31 25 20
internal_value=-0.000777202 -0.000627421 2.6738e-05 0.00163763 0.00266968 0.00115646 -0.000976139 -0.00152855 -0.00129841 -0.000698925 0.000984456 -0.00251397 -0.00181467 -0.00245192 0.000864198 -0.000833333 0.000943396 0.000117647 -0.00462687 0.000784314 -0.00227273 -0.00325373 -0.00410359 -0.000416667 -0.000714286 -0.00181818 0.00152542 0.00142857 -0.00084507 -0.00185841 -0.000549451 -0.00245902 0.00567568 -0.00396825 -0.00300971 -0.00421687 -0.00497537 -0.00438202 -0.00516779 -0.00278689 -0.004 0.00489362 0.00490196 -0.0068 0.00361702 -0.00681818 -0.00518519 0.00310345 -0.002
internal_weight=1351 1291 748 287 221 147 461 543 439 372 193 179 518 416 81 96 53 170 67 102 44 335 251 48 84 66 59 56 142 113 91 61 74 126 103 83 203 178 149 61 60 47 51 50 47 88 54 58 40
internal_count=1351 1291 748 287 221 147 461 543 439 372 193 179 518 416 81 96 53 170 67 102 44 335 251 48 84 66 59 56 142 113 91 61 74 126 103 83 203 178 149 61 60 47 51 50 47 88 54 58 40
is_linear=0
shrinkage=0.01


Tree=128
num_leaves=53
num_cat=0
split_feature=80 1 4 21 98 4 80 26 14 81 81 1 1 24 30 22 21 86 82 62 14 21 33 25 14 0 75 29 93 80 66 74 80 67 19 1 14 30 93 27 46 24 37 26 72 24 19 65 26 20 29 22
split_gain=7.98882 11.6986 9.40453 9.48277 9.06939 8.95241 8.87245 8.84739 8.32021 8.31757 10.1833 6.37992 11.3303 6.79336 7.32237 10.8431 6.74166 8.7632 7.65022 6.51429 6.3952 7.68927 6.20562 8.30085 7.62012 7.11111 6.85714 6.54992 7.5635 6.13156 10.7419 7.12188 6.40692 6 5.71418 5.57148 5.39256 5.36678 5.21387 8.89474 7.5665 4.60803 4.26701 3.82679 6.32992 3.6 3.56632 3.51054 3.42857 2.62919 2.38095 0.942857
threshold=35588.871180555565 16153.400000000001 2309.4150000000004 20.325000000000006 0.39930555555555564 10691.905000000001 36538.861805555563 30.250000000000004 12635.400000000001 4146.1584429981513 3999.9682083362245 13049.900000000001 13503.650000000001 16.425000000000004 60.250000000000007 82.250000000000014 16.625000000000004 0.060000000000000012 2.0680000000000409 821.25150000000019 17817.500000000004 17.525000000000002 24.750000000000004 23.750000000000004 12448.200000000003 32159.950000000001 478.0589815176711 80.250000000000014 420.86052631578951 38967.264930555561 1375.6500000000003 150.03719791666668 40039.965277777788 35892.350000000006 726.50000000000011 16020.050000000001 20122.600000000002 87.750000000000014 412.8120512820513 81.250000000000014 104.45499801635744 6.9750000000000005 96.750000000000014 1.0000000180025095e-35 1134.7030000000002 9.1250000000000018 435.25000000000006 25832.700000000004 15.250000000000002 1262.7500000000002 86.750000000000014 81.250000000000014
decision_type=2 2 2 2 2 2 2 2 2 2 2 2 2 2 2 2 2 2 2 2 2 2 2 2 2 2 2 2 2 2 2 2 2 2 2 2 2 2 2 2 2 2 2 2 2 2 2 2 2 2 2 2
left_child=1 2 3 8 5 7 34 45 -1 10 33 16 46 14 38 19 18 -18 -4 -16 21 -21 25 -24 48 26 -17 41 42 30 31 -11 -31 -8 -2 -36 -34 -6 39 -14 -40 -26 50 -19 47 -3 -13 -45 -25 -33 -29 -9
right_child=6 4 11 -5 37 -7 9 51 -10 29 -12 12 13 -15 15 22 17 43 -20 20 -22 -23 23 24 27 -27 -28 28 -30 32 -32 49 36 -35 35 -37 -38 -39 40 -41 -42 -43 -44 44 -46 -47 -48 -49 -50 -51 -52 -53
leaf_value=-1.7537366314667098 -0.18994373309387755 0.99564056422789637 0.3370065862162086 0.011564080783317179 -0.011536728665205711 -0.025916247944753862 0.10405373744607829 2.497855921274347 0.0061104274476753793 -0.0031803651484290556 2.4828095413704148 0.0032889711273318412 0.0039732299287656026 0.007282372732026505 -1.8371121779924706 -0.021918935203119615 0.0069405070761317947 -0.88497238321901717 -0.20423574476756287 -0.0018970144263553131 0.0065773757742616304 -0.021036897718014168 0.86354563475087176 0.00085109698666119586 -0.015468666109388594 -0.031463104569289219 0.028275040783670279 -0.17194812409883603 0.0081258651956200474 0.2842018243979893 0.0072971909004661039 -0.20566028749280324 0.010497445087562316 -0.025182909805429522 0.0065468738477430042 -0.050126451882215942 -1.5383737747173782 0.006749280349067615 -0.01797787330906743 -0.038265433920011749 -0.0053041916373305397 1.581930594460647 -0.0096019495448298672 -0.070767990493098121 -0.00056828455739366178 -0.006259031427918344 0.031154026665702592 -0.057625491187132741 0.063231058396275727 -1.4973450519986755 -0.048162036961370717 3.2725917337982002
leaf_weight=29 28 20 22 31 21 22 25 20 24 21 33 25 38 26 30 27 23 23 20 36 22 26 21 21 20 24 21 21 29 26 23 37 21 24 22 39 26 20 29 38 21 26 33 22 22 20 38 24 21 27 21 22
leaf_count=29 28 20 22 31 21 22 25 20 24 21 33 25 38 26 30 27 23 23 20 36 22 26 21 21 20 24 21 21 29 26 23 37 21 24 22 39 26 20 29 38 21 26 33 22 22 20 38 24 21 27 21 22
internal_value=-0.00080681 -0.00035035 -0.000796253 0.00238095 0.00227586 0.00384615 -0.00210227 0.00536585 -0.000188679 -0.00117871 0.00146341 -0.00114286 -0.000684039 -0.00114338 -0.00139048 -0.000726817 -0.00294872 -0.00421053 0.00047619 -0.00333333 -0.00190476 -0.00354839 0.000315789 0.00117371 0.000520833 -0.00222222 0 -0.000533333 -0.00192308 -0.00237569 -0.00388889 -0.00552941 -0.000136986 -0.00142857 -0.00483146 -0.00311475 -0.00234043 -0.00170732 -0.00349206 -0.00184211 -0.006 0.0026087 -0.0036 -0.0056044 -0.00441176 0.002 0.00333333 -0.00652174 0.00428571 -0.0071875 -0.00571429 0.00857143
internal_weight=1351 999 854 84 145 104 352 82 53 263 82 770 614 551 525 399 156 114 42 114 84 62 285 213 192 72 48 150 104 181 108 85 73 49 89 61 47 41 126 76 50 46 75 91 68 40 63 46 42 64 42 42
internal_count=1351 999 854 84 145 104 352 82 53 263 82 770 614 551 525 399 156 114 42 114 84 62 285 213 192 72 48 150 104 181 108 85 73 49 89 61 47 41 126 76 50 46 75 91 68 40 63 46 42 64 42 42
is_linear=0
shrinkage=0.01


Tree=129
num_leaves=54
num_cat=0
split_feature=25 4 10 11 82 83 68 13 82 75 36 29 40 26 75 20 56 77 81 76 46 21 22 77 63 26 32 36 63 38 32 21 25 88 92 20 85 83 3 73 20 76 83 17 62 11 20 81 44 11 44 4 62
split_gain=7.43863 10.817 11.9835 12.5217 15.7627 11.5186 9.17094 9.28339 14.4063 8.03321 10.4117 7.7707 7.48831 7.55714 6.79151 8.33338 9.20812 15.3854 9.4612 6.52008 8.01561 10.051 9.36694 9.86265 8.24416 8.22857 7.62805 6.75915 6.45 6.27699 6.27036 6.09524 5.9141 5.85728 5.76136 5.76 5.6 7.3219 5.20779 5.92194 5.12 4.9 4.79596 4.60909 4.60909 4.60235 4.39773 4.19201 6.6058 8.37553 3.93195 3.53266 2.2683
threshold=18.750000000000004 4173.5700000000006 31387.200000000004 34722.400000000009 35.508499999999977 2732.5000000000005 951.00000000000011 7627.1000000000013 0.0095000000000000102 573.84742661286407 88.250000000000014 87.750000000000014 57.250000000000007 121.50000000000001 672.04303507527607 1873.2500000000002 -1.0000000180025095e-35 4241.2202333604637 4133.4101707823311 37856.809375000004 103.26499938964845 17.375000000000004 85.250000000000014 4557.3201100224596 29694.300000000007 29.750000000000004 74.250000000000014 77.750000000000014 33526.450000000004 5.8750000000000009 77.750000000000014 27.175000000000001 202.75000000000003 7485.4645833333334 24242.094162500009 286.50000000000006 1509.9500000000003 2976.3500000000008 12579.200000000003 1062.8000000000002 1053.7500000000002 30418.900000000005 1708.6999999999991 145.95000000000002 372.90950000000004 32185.500000000004 1575.7000000000003 3556.2332558008825 3.5145000219345097 37361.200000000004 2.8454999923706055 5495.9700000000003 1503.2870000000003
decision_type=2 2 2 2 2 2 2 2 2 2 2 2 2 2 2 2 2 2 2 2 2 2 2 2 2 2 2 2 2 2 2 2 2 2 2 2 2 2 2 2 2 2 2 2 2 2 2 2 2 2 2 2 2
left_child=38 2 3 4 45 6 7 8 33 28 44 -12 -7 36 15 16 17 32 31 20 21 -4 26 29 25 -23 -22 -21 46 -24 -5 -18 50 -3 -26 -10 -14 -38 -1 -40 -20 -41 -6 -31 -11 -2 47 -8 -49 -50 -9 -48 -32
right_child=1 5 19 30 42 12 9 14 35 10 11 -13 13 -15 -16 -17 18 -19 40 27 22 24 23 -25 34 -27 -28 -29 -30 43 52 -33 -34 -35 -36 -37 37 -39 39 41 -42 -43 -44 -45 -46 -47 51 48 49 -51 -52 -53 -54
leaf_value=-0.42539379156384305 0.29348736577826923 -2.2513939790470836 -0.68024636500215563 0.015213819274662655 -0.42763585970061047 -0.86279197315194955 -0.02026446291869485 -0.021941732383171222 1.0143965252115106 -0.57389828934855258 0.020882443581158455 -0.029377038526262243 -0.26563736423413303 2.7791617012881096 -4.2102721017555753 -2.4353860302492238 0.062913239548206393 0.033174778626708201 0.002796021994541821 0.0030983508869515844 0.25965013231999384 0.010085684469169806 0.046857536006760549 -0.016359573830935181 -0.0022815498559237853 -0.044534503756160242 0.0030562856455587689 -1.4823716014786887 0.0014268952934155719 -0.030269139037806543 0.6321994190219985 4.8291943316772779 -0.010136932055004154 0.056746698503470798 -0.029268315138390177 3.3881418140479789 -0.00057970878875544091 2.1064209930306772 0.0047823208197589296 -0.019746028252070183 -0.52780316234632874 -0.056176891934635959 -0.60785713642748751 0.029491865662250184 -0.0020939897954451734 0.006493053846854612 -0.029217405239686255 -0.17438556219120288 -0.52657431169610502 -0.00061920540896984514 -0.15602202944279994 0.00031754070849129157 0.022836037470148951
leaf_weight=31 22 20 21 38 23 27 30 22 20 24 35 22 21 24 28 21 21 20 25 22 20 36 21 21 32 20 27 25 20 20 25 21 21 29 22 25 35 25 34 20 25 20 20 24 20 27 21 41 32 25 28 23 29
leaf_count=31 22 20 21 38 23 27 30 22 20 24 35 22 21 24 28 21 21 20 25 22 20 36 21 21 32 20 27 25 20 20 25 21 21 29 22 25 35 25 34 20 25 20 20 24 20 27 21 41 32 25 28 23 29
internal_value=-0.000777202 -0.000561798 0.000585859 0.0026087 0 -0.00131824 -0.00189015 -0.000736196 0.00191489 -0.00317406 -0.000891089 0.00192982 0.00136364 0.00257143 -0.00181034 -0.00117647 -0.000491803 -0.00274725 0.00173913 -0.000610932 0 -0.00175573 0.00172932 -0.000232558 -0.000545455 0.00214286 0.00531915 -0.00404255 -0.004375 0.00169231 0.00521739 0.0052381 -0.00492958 -0.00183673 -0.00333333 0.006 0.00111111 0.00266667 -0.00333333 -0.00189189 -0.0012 -0.0045 -0.0044186 -0.000454545 -0.00454545 0.00387755 -0.005 -0.0059375 -0.00693878 -0.00473684 -0.0068 -0.00227273 0.00740741
internal_weight=1351 1246 495 184 92 751 619 326 94 293 101 57 132 105 232 204 183 91 92 311 264 131 133 86 110 56 47 47 192 65 92 42 71 49 54 45 81 60 105 74 50 40 43 44 44 49 172 128 98 57 50 44 54
internal_count=1351 1246 495 184 92 751 619 326 94 293 101 57 132 105 232 204 183 91 92 311 264 131 133 86 110 56 47 47 192 65 92 42 71 49 54 45 81 60 105 74 50 40 43 44 44 49 172 128 98 57 50 44 54
is_linear=0
shrinkage=0.01


Tree=130
num_leaves=56
num_cat=0
split_feature=73 73 16 34 0 61 68 81 39 98 90 26 39 82 16 79 32 59 34 40 75 37 6 67 11 82 13 10 90 34 26 3 11 90 37 10 98 32 13 63 22 32 68 10 77 82 98 78 44 39 77 98 8 37 26
split_gain=13.8818 10.8762 8.33848 8.61953 8.20275 10.5069 9.0733 8.52179 8.12791 8.01165 7.7832 8.11396 6.75198 6.44929 6.4 5.89257 5.9871 7.66861 6.45645 5.6886 9.26146 6.07225 5.67098 8.40024 10.2546 8.91201 6.98885 6.40785 7.76332 5.60634 6.25744 7.89342 5.71769 5.57062 6.88158 5.43763 5.422 5.38642 5.38283 6.50093 5.2842 4.82146 4.7035 4.62241 7.42335 5.95238 4.30108 6.23041 3.81111 3.80581 3.26795 2.96077 2.5 2.20182 1.6
threshold=1567.0240000000001 1431.6615000000004 5880.2500000000009 91.750000000000014 27201.650000000005 27519.650000000005 1778.5500000000002 4324.3633357981971 173.25000000000003 0.63541666666666674 2986.360650000001 66.250000000000014 183.75000000000003 1568.1000000000001 5714.5000000000009 714.04157783504945 58.750000000000007 0.6830127018922193 45.250000000000007 72.250000000000014 123.26112343584698 73.250000000000014 5486.505000000001 35043.30000000001 32505.450000000001 1482.0265000000002 15820.150000000003 42672.55000000001 689.16015000000027 103.75000000000001 75.750000000000014 14485.400000000001 35448.100000000006 1570.7884500000005 88.750000000000014 32717.750000000004 0.079861111111111119 106.75000000000001 3599.2000000000003 33835.55000000001 87.250000000000014 192.75000000000003 1075.2605000000001 31976.750000000004 4207.675939736263 -1.0000000180025095e-35 0.086805555555555566 1381.1419166666669 5.4654998779296884 215.25000000000003 3899.0406976205813 0.85763888888888895 415.43671052631584 95.750000000000014 7.2500000000000009
decision_type=2 2 2 2 2 2 2 2 2 2 2 2 2 2 2 2 2 2 2 2 2 2 2 2 2 2 2 2 2 2 2 2 2 2 2 2 2 2 2 2 2 2 2 2 2 2 2 2 2 2 2 2 2 2 2
left_child=1 4 3 9 7 12 13 10 53 48 11 33 -6 15 -8 16 17 -7 -18 -4 -21 -22 23 24 -20 46 27 28 -24 30 37 32 -32 34 -1 -14 -33 -30 39 -25 -38 -31 -19 -39 45 -45 -26 50 -2 -29 -48 -11 -41 -3 -35
right_child=2 8 19 -5 5 6 14 -9 -10 51 -12 -13 35 -15 -16 -17 18 42 22 20 21 -23 26 38 25 -27 -28 49 29 41 31 36 -34 54 -36 -37 40 43 -40 52 -42 -43 -44 44 -46 -47 47 -49 -50 -51 -52 -53 -54 -55 -56
leaf_value=1.9996793564005506 -0.024637389788478146 -0.30450132241523714 -0.0072266984240974995 0.058774628988797137 0.064028980874681451 0.23819197109926063 -1.5636518970947293 -2.5076995892904677 0.0065630655010091576 0.016636044534203229 0.59537217007596954 -1.3948483020199189 0.056906757361638562 0.35754115338780595 -0.007610916282845057 -0.13411526439046592 -0.83892434876010158 0.79772738084232886 -1.0568582741981905 -0.003896090529758593 0.00073606430263570255 0.024814582693120469 0.059352219289003028 -0.089700095790397075 0.0010049711013894289 -0.0075689624510541847 0.043493206915262754 -4.4351152179181144 0.00017930815304659418 3.1028014380090032 -0.020652642260545511 -1.2041055374783538 5.5940412081816921 -0.27468836715770856 -0.030610649188754797 -0.058523189666204151 -0.063819199915437039 -0.54036479993869413 0.011399062856460926 -0.016847280065504067 0.025250552704252249 -0.004009448039579722 -0.0033760253730219683 0.02111659443122637 -0.24536239793761874 -0.029412520394037245 0.075473941141571826 0.0027810016762760226 0.0032542587589067008 -0.10455912211571713 0.020414119870657121 0.0035914771847529023 0.019858879573917444 -0.98105873007811717 -0.016162681691662521
leaf_weight=26 21 25 24 20 36 26 20 26 25 23 25 25 21 39 20 30 23 22 21 29 29 21 32 26 31 20 31 21 22 21 24 20 25 20 27 20 21 29 24 20 22 31 27 28 29 20 35 21 24 20 37 20 20 27 20
leaf_count=26 21 25 24 20 36 26 20 26 25 23 25 25 21 39 20 30 23 22 21 29 29 21 32 26 31 20 31 21 22 21 24 20 25 20 27 20 21 29 24 20 22 31 27 28 29 20 35 21 24 20 37 20 20 27 20
internal_value=-0.000229885 -0.00065199 0.0021327 0.00407407 -0.000398551 -3.20856e-05 -0.00034965 -0.00242604 -0.00428571 0.00272727 -0.00146853 -0.00254237 0.00350649 -0.000122249 -0.005 -0.000320924 -0.000146862 0.00253333 -0.000445104 9.70874e-05 0.00139241 0.004 -0.000261137 0.000901961 0.00224242 0.00319444 -0.0010101 -0.00139726 -0.000925926 -0.00143836 -0.00208333 -0.000357143 0.00265306 -0.0011828 0.000943396 0.000731707 -0.00269841 -0.00359375 -0.00155556 -0.0030303 -0.000697674 0.00153846 0.000204082 -0.0045283 -0.00324675 -0.000833333 0.00419355 0.00526882 -0.000222222 -0.00512195 0.00666667 0.00581395 -0.0005 -0.00653846 -0.004
internal_weight=1392 1181 211 108 1104 935 858 169 77 88 143 118 77 818 40 779 749 75 674 103 79 50 651 255 165 144 396 365 324 292 240 112 49 93 53 41 63 128 90 66 43 52 49 106 77 48 124 93 45 41 72 43 40 52 40
internal_count=1392 1181 211 108 1104 935 858 169 77 88 143 118 77 818 40 779 749 75 674 103 79 50 651 255 165 144 396 365 324 292 240 112 49 93 53 41 63 128 90 66 43 52 49 106 77 48 124 93 45 41 72 43 40 52 40
is_linear=0
shrinkage=0.01


Tree=131
num_leaves=51
num_cat=0
split_feature=73 72 95 81 98 30 40 36 16 98 92 8 71 16 20 7 87 14 98 75 36 21 8 30 22 1 38 80 73 68 60 21 22 66 21 98 89 68 30 20 98 21 24 20 1 20 1 24 75 73
split_gain=11.9297 9.79539 9.19452 13.5806 9.9609 8.70957 8.66406 9.84377 8.33848 8.0328 7.91322 9.35322 6.73968 6.69115 7.58782 7.11183 11.8954 10.0382 10.8464 8.06283 7.46746 7.00468 7.10911 6.69317 6.66174 6.61151 6.50141 10.3024 5.52029 7.09928 6.54734 7.85409 9.35458 5.29922 5.11537 5.12688 4.92344 4.69498 4.55637 4.49159 4.4829 4.37244 6.44575 4.00395 4.85348 3.98797 3.92727 3.36825 1.45455 1.38947
threshold=1567.0240000000001 1296.0300000000002 1.0000000180025095e-35 3623.1316547471383 0.46875000000000006 98.250000000000014 57.250000000000007 80.750000000000014 5880.2500000000009 0.37847222222222227 31644.572087500004 399.92000000000002 1456.0500000000004 3788.6500000000005 2993.3000000000006 154.49000000000004 0.44791666666666669 13108.000000000002 0.38541666666666669 453.67620996676175 87.750000000000014 26.875000000000004 415.95586770981515 70.250000000000014 89.250000000000014 14843.150000000001 4.4250000000000016 28187.677777777779 1431.6615000000004 1778.5500000000002 851.55000000000007 19.125000000000004 87.750000000000014 0.10200000000000002 28.125000000000004 0.065972222222222238 1174.4974312500003 423.34450000000004 98.750000000000014 901.15000000000009 0.052083333333333336 20.925000000000004 8.6750000000000025 1153.2500000000002 14281.300000000001 921.95000000000016 15232.350000000002 7.075000000000002 401.78082941626946 956.25900000000013
decision_type=2 2 2 2 2 2 2 2 2 2 2 2 2 2 2 2 2 2 2 2 2 2 2 2 2 2 2 2 2 2 2 2 2 2 2 2 2 2 2 2 2 2 2 2 2 2 2 2 2 2
left_child=1 2 13 -4 5 -5 7 -3 9 -2 11 -8 -10 38 15 17 23 18 34 26 25 22 33 -17 40 -21 -19 -28 29 30 -13 32 -32 -18 35 -15 -14 47 -1 -37 -23 -33 -43 -11 -45 -9 -6 -25 -47 -29
right_child=8 6 3 4 46 -7 10 45 12 43 -12 28 36 14 -16 16 21 19 -20 20 -22 24 -24 37 -26 -27 27 49 -30 -31 31 41 -34 -35 -36 39 -38 -39 -40 -41 -42 42 -44 44 -46 48 -48 -49 -50 -51
leaf_value=-0.58444525233440625 -0.0147389361370759 0.0040985669643159705 3.9410006244582405 2.3283706174257577 -0.064519743200907073 -0.024538948627132955 -0.27514513761461618 -0.31776517923211361 0.0069312995271245091 0.015553908473815863 -1.7007304691777723 0.39579092474792371 -0.0041337012871688677 -0.10055541313740646 0.042285156986034987 -0.014847534641597205 0.052565608027261103 -0.0065817773441690357 -0.027826078938066448 -0.061933224607880248 -0.034701666073750699 1.045614672253206 -0.013677447628893214 5.2910036008516865 -1.1025921710061215 5.0815115891176337 -0.034347817646982103 -1.2723313332695545 -0.14397871593504191 -0.10726842969949633 0.0077427621180364368 -0.02585600115333361 0.49759763353973946 3.3906599630010086 2.0235371263628856 0.015047281282238629 0.00019455421401997326 0.014592673070574503 -0.016817578410172913 -0.033122111773265767 -0.094759269576447952 -0.010053857069212109 0.016494313792898611 0.023273162715172397 0.00041317688273005026 -0.39278531810561779 -0.0081801239405588037 0.022489288387051456 -1.9905932470726975 -1.3472005280496331
leaf_weight=34 26 21 29 33 20 26 26 23 37 34 20 20 28 25 23 28 28 29 27 23 35 22 21 21 26 22 22 38 27 38 39 23 21 22 29 35 38 36 32 22 37 25 37 25 23 22 24 26 22 22
leaf_count=34 26 21 29 33 20 26 26 23 37 34 20 20 28 25 23 28 28 29 27 23 35 22 21 21 26 22 22 38 27 38 39 23 21 22 29 35 38 36 32 22 37 25 37 25 23 22 24 26 22 22
internal_value=-5.74713e-05 -0.000448772 0.000159119 0.00257576 0.000873786 0.00355932 -0.00181319 -0.00454545 0.0021327 0.00407407 -0.000942029 -0.00046875 9.70874e-05 -0.000306569 1.61551e-05 -0.000201342 0.00101124 -0.00118541 0.000869565 -0.00267016 -0.00025 -0.000769231 0.0015493 0.00351351 -0.00270588 0.00244444 -0.00441441 -0.00585366 0.000173913 0.000738916 0.00163636 0.000896552 0.00366667 0.0036 0.00225225 0.00097561 -0.00181818 0.00493976 -0.00333333 0.00263158 -0.000847458 -0.00105882 0.000322581 0.00560976 0.00375 -0.00641791 -0.00272727 0.00702128 -0.00818182 -0.008
internal_weight=1392 1181 817 132 103 59 364 88 211 108 276 256 103 685 619 596 267 329 138 191 80 156 71 111 85 45 111 82 230 203 165 145 60 50 111 82 66 83 66 57 59 85 62 82 48 67 44 47 44 60
internal_count=1392 1181 817 132 103 59 364 88 211 108 276 256 103 685 619 596 267 329 138 191 80 156 71 111 85 45 111 82 230 203 165 145 60 50 111 82 66 83 66 57 59 85 62 82 48 67 44 47 44 60
is_linear=0
shrinkage=0.01


Tree=132
num_leaves=53
num_cat=0
split_feature=66 77 40 16 86 32 32 88 5 72 6 68 26 17 80 80 77 35 36 27 94 77 61 69 7 88 77 64 88 36 2 66 62 40 5 88 2 94 34 63 88 36 17 72 39 84 62 0 16 78 40 68
split_gain=12.7321 8.57603 8.55896 8.72373 7.39631 7.23687 9.58421 11.9159 9.71821 7.55665 7.82919 8.11571 11.7607 7.11011 7.11402 9.7971 6.9189 8.38063 7.07257 8.92453 7.75128 7.48982 9.40173 8.28249 6.74813 10.5867 8.18733 6.64376 7.8555 6.60913 6.53333 6.48 6.40232 10.2304 7.76566 6.37418 6.3679 6.30025 5.52 5.36797 5.99619 5.27528 5.12422 5.01669 4.57333 4.54412 3.97843 3.6 3.27759 2.75496 2.5 0.931677
threshold=1398.6000000000001 4697.5407159007236 38.000000000000007 1477.95 855.00000000000011 58.750000000000007 71.250000000000014 4170.1847916666675 3725.52 0.99700000000000011 4816.7200000000003 1269.1995000000002 65.250000000000014 5.9500000000000011 34631.208680555566 37411.305555555562 2549.776923768261 27.025000000000002 91.250000000000014 84.250000000000014 489741.75846250012 3747.5820701584776 31110.250000000004 30532.500000000004 657.70500000000004 13283.910416666668 3955.0865715615796 1479.1135000000002 6234.6279166666673 72.750000000000014 2636.9500000000003 1.0660000000000003 915.3610000000001 122.25000000000001 4913.5150000000003 4460.0635416666673 2527.1000000000004 734115.55084500031 35.750000000000007 26398.700000000001 13621.273541666667 75.750000000000014 163.15000000000003 1336.2840000000003 184.75000000000003 935.03682291666678 1345.3305000000003 26617.400000000005 5654.8000000000002 572.96259027777785 90.750000000000014 1.1355000000000002
decision_type=2 2 2 2 2 2 2 2 2 2 2 2 2 2 2 2 2 2 2 2 2 2 2 2 2 2 2 2 2 2 2 2 2 2 2 2 2 2 2 2 2 2 2 2 2 2 2 2 2 2 2 2
left_child=2 5 13 -4 16 35 -7 29 43 -10 36 -12 27 -1 37 -16 17 -5 19 20 -18 22 23 30 32 -26 -27 -13 -29 -8 47 -24 33 50 -35 -2 -11 -15 -37 -23 41 -41 -30 -9 -6 49 -31 -22 -3 -43 -21 -51
right_child=1 48 3 4 44 6 7 8 9 10 11 12 -14 14 15 -17 18 -19 -20 24 21 39 31 -25 25 26 -28 28 42 46 -32 -33 -34 34 -36 38 -38 -39 -40 40 -42 45 -44 -45 -46 -47 -48 -49 -50 51 -52 -53
leaf_value=0.026629475449972091 0.0018220353024269132 0.00047724567585812229 -1.610172121700451 0.05657357345596397 -0.0010253839666041788 -0.021069555653960396 0.0012164280484899337 -0.027547818148685784 9.3282083409234655 0.095943329596413829 -0.20376106298472801 0.022631459205649931 0.16764675411705976 -3.5245590035741237 0.073852663960266907 -5.9919624460103345 0.070425873119784266 -0.0088204502893006412 0.030918580781863051 -0.66248775683626804 -0.10722389353784775 0.047390751230818824 -0.00025359677663885162 -2.1991176730367021 1.8393800437192236 -0.39182941393412718 0.025358473476800671 0.0026618435233930638 -0.020309092294713116 0.042403241382450947 -0.044795202688350778 0.0097779247991297818 0.025929582014322113 0.01559004137849257 -0.014988639025224071 0.011182919030087507 0.0049650604627143454 -0.72177448032885683 0.070887069932616856 -0.05239258982923712 0.0014367715173308072 -0.093811676880683467 -0.0030865928697191825 -0.0045145243699710735 -1.4549695671845517 -0.23489342101283481 0.0053871813619802466 0.013781953409725149 -0.027306434762805917 -0.071544807367624946 -0.67434538947806399 -2.1848497118581895
leaf_weight=22 27 20 20 37 25 27 22 21 27 25 32 25 22 30 23 25 32 27 29 20 20 21 25 23 30 21 32 27 23 27 20 25 29 30 36 27 33 23 23 35 27 31 21 38 35 26 34 20 26 21 20 25
leaf_count=22 27 20 20 37 25 27 22 21 27 25 32 25 22 30 23 25 32 27 29 20 20 21 25 23 30 21 32 27 23 27 20 25 29 30 36 27 33 23 23 35 27 31 21 38 35 26 34 20 26 21 20 25
internal_value=-0.000143678 0.00108159 -0.000890173 -0.000485175 -0.000304709 0.00147609 0.000940594 0.00135279 0.000408163 0.00131915 0.000673077 -0.000533333 0.000677966 -0.00333333 -0.00445545 -0.00166667 0 0.003125 -0.000334448 -0.000579965 -0.00156695 -0.00203762 -0.000225564 -0.00228916 0.00100917 0.00325301 0.000566038 -0.000833333 -0.00239437 0.0046988 -0.000333333 0.0032 -0.00037037 -0.00150943 0.000909091 0.00428571 0.0037931 -0.00698113 0.0064 -0.00333333 -0.00393939 -0.00478261 -0.005 -0.00322034 -0.00366667 -0.00592233 0.00639344 0.002 -0.00304348 -0.00714286 -0.0055 -0.00869565
internal_weight=1392 527 865 742 722 481 404 377 294 235 208 150 118 123 101 48 662 64 598 569 351 319 133 83 218 83 53 96 71 83 60 50 135 106 66 77 58 53 50 186 165 138 44 59 60 103 61 40 46 77 40 46
internal_count=1392 527 865 742 722 481 404 377 294 235 208 150 118 123 101 48 662 64 598 569 351 319 133 83 218 83 53 96 71 83 60 50 135 106 66 77 58 53 50 186 165 138 44 59 60 103 61 40 46 77 40 46
is_linear=0
shrinkage=0.01


Tree=133
num_leaves=55
num_cat=0
split_feature=73 34 2 72 35 35 46 46 34 2 77 3 84 14 63 62 100 90 73 4 36 100 20 80 22 3 33 26 42 39 81 81 6 27 6 4 22 3 33 26 6 6 39 72 77 43 39 39 44 64 7 3 28 6
split_gain=10.622 9.29982 9.53289 8.26459 10.1482 11.4291 10.7199 11.5542 10.6893 9.49891 9.30834 8.96321 8.62693 9.82975 9.57282 8.1527 7.40768 7.04348 6.88524 6.60885 7.93086 8.36355 10.5538 10.0252 5.73061 6.01852 5.61541 6.13927 5.52408 5.4658 5.33968 7.68273 5.00967 4.9213 4.72991 4.58046 4.48959 4.48615 4.41084 4.2755 8.02065 7.32969 7.24235 4.94463 4.76219 3.99034 3.77035 4.64513 4.47109 2.75981 2.5 2.30701 2.17779 0.4
threshold=1567.0240000000001 91.750000000000014 2923.1890000000008 1496.0620000000001 26.275000000000002 26.425000000000004 103.52999877929689 98.694999694824233 76.250000000000014 3092.8500000000008 4624.7490358959913 14154.350000000002 729.17821875000016 18479.300000000003 27096.800000000007 1511.2240000000004 0.42013888888888895 1769.4652500000004 1485.4770000000003 2017.0650000000003 90.750000000000014 0.13541666666666671 1918.8500000000001 30805.748611111117 79.250000000000014 14314.6 42.250000000000007 78.750000000000014 130.02500152587893 149.25000000000003 4141.9038185696018 4709.9004946886353 4438.3850000000011 89.250000000000014 4849.2100000000009 3461.3750000000005 91.250000000000014 15668.300000000001 141.75000000000003 49.250000000000007 1309.0450000000003 7086.9800000000005 213.25000000000003 0.81050000000000011 4066.2024525456395 76.370002746582045 113.25000000000001 135.75000000000003 2.962999939918519 1.0155000000000001 22.145000000000007 14213.900000000003 24.425000000000004 8356.6150000000016
decision_type=2 2 2 2 2 2 2 2 2 2 2 2 2 2 2 2 2 2 2 2 2 2 2 2 2 2 2 2 2 2 2 2 2 2 2 2 2 2 2 2 2 2 2 2 2 2 2 2 2 2 2 2 2 2
left_child=3 2 15 4 9 -6 7 8 34 12 46 16 26 14 36 17 -10 -2 19 -5 21 22 28 -23 -16 29 -1 -28 35 -26 33 37 52 49 -7 -21 -14 53 -13 40 -8 -41 44 -43 -42 -4 -11 -48 -49 -9 -36 -25 -17 -32
right_child=1 -3 45 18 5 6 39 30 11 10 -12 38 13 -15 24 32 -18 -19 -20 20 -22 23 -24 51 25 -27 27 -29 -30 -31 31 -33 -34 -35 50 -37 -38 -39 -40 41 42 43 -44 -45 -46 -47 47 48 -50 -51 -52 -53 -54 -55
leaf_value=0.051641226929524678 0.010244706834052559 0.024144067063167549 0.0018214113082139561 0.019765876566465047 -0.30296348787726268 1.3461422877927565 -0.03631126256008034 -0.12990383350252083 -1.6035764967000818 2.2707416409753427 -0.019233692455931112 0.022040187289526766 0.0074291095185598111 0.047943866696669418 -0.80184034845095109 0.02448495959043312 -0.0010660347825626638 -0.072849258247576945 -1.3431162118305116 -0.026257069324202048 0.022716327847899852 -0.0013420000766717736 0.020123938087717917 -2.156398990789782 0.006032570052263697 0.25449759594589993 -0.27686786473562192 -0.0087159236725760682 -0.021524721399873405 -0.031986578678204258 -1.6560581119855082 -0.009654090234810243 0.00092965174789315461 0.037822758358934262 -0.020627294017679106 0.0075131895915249748 1.841137047784396 -0.22944587069963285 -0.020910938554418616 -0.033639201339336962 -0.04738345574955817 0.13325733948730728 3.6709406013214982 -0.034922347467162676 0.083190195060836067 -0.011734984442545652 0.00051797678959330075 1.8311331169526466 0.038839228439185858 -0.021904612531784325 0.38797529238169831 -0.034426244958372695 0.005367045870875861 -0.87828354786382479
leaf_weight=39 23 36 21 20 37 22 20 21 26 20 28 22 28 24 20 21 21 23 26 21 24 27 26 26 34 24 33 25 21 20 20 25 39 29 20 23 23 25 26 31 32 25 30 38 25 26 20 31 20 20 20 23 22 20
leaf_count=39 23 36 21 20 37 22 20 21 26 20 28 22 28 24 20 21 21 23 26 21 24 27 26 26 34 24 33 25 21 20 20 25 39 29 20 23 23 25 26 31 32 25 30 38 25 26 20 31 20 20 20 23 22 20
internal_value=-2.87356e-05 0.00203791 0.00108571 -0.000397968 2.11864e-05 -0.000846847 -0.00046332 -0.00160883 0.000318471 0.00125964 0.00361345 -0.00178947 0.000222222 0.00156069 0.000604027 0.0025 -0.00489362 -0.000869565 -0.00206751 -0.00146919 -0.00204188 -0.00281437 -0.000769231 -0.00526316 -0.00122449 0 -0.00216495 -0.00413793 -0.00292308 -0.00185185 -0.0035 -0.00511111 0.00439024 -0.00142857 0.00354839 -0.000909091 0.00411765 -0.00692308 0.00125 0.00134328 0.00271028 -0.000212766 0.00402299 0.00174603 0.00192982 -0.00276596 0.00516484 0.00408451 0.00568627 -0.00365854 0.0015 -0.00795918 0.00674419 -0.009
internal_weight=1392 211 175 1181 944 555 518 317 157 389 119 95 270 173 149 128 47 46 237 211 191 167 91 76 98 78 97 58 65 54 160 90 82 70 62 44 51 65 48 201 107 94 87 63 57 47 91 71 51 41 40 49 43 40
internal_count=1392 211 175 1181 944 555 518 317 157 389 119 95 270 173 149 128 47 46 237 211 191 167 91 76 98 78 97 58 65 54 160 90 82 70 62 44 51 65 48 201 107 94 87 63 57 47 91 71 51 41 40 49 43 40
is_linear=0
shrinkage=0.01


Tree=134
num_leaves=55
num_cat=0
split_feature=35 26 84 14 84 10 32 35 17 76 46 35 16 26 68 46 42 79 100 71 66 6 100 16 28 60 2 25 90 66 66 39 14 39 35 28 66 26 2 10 44 4 20 2 21 71 84 17 60 84 93 84 68 4
split_gain=7.4103 12.9627 8.99801 8.95661 8.72348 8.27524 7.57521 7.2342 12.9448 10.2738 7.28879 7.32667 9.39492 7 6.88381 6.36151 9.82502 9.51213 6.97482 6.23077 6.15 11.1649 11.1134 9.62527 6.98114 5.8709 8.35801 5.81429 5.76156 5.54176 8.01282 6.45674 5.21917 5.15435 5.15048 5.70525 5.06741 5.35017 4.70436 4.56522 4.46429 7.98438 6.50159 5.81332 4.40711 4.34295 4.11739 3.92727 3.76923 3.72303 3.23438 3.00991 2.88224 2.37154
threshold=26.275000000000002 78.250000000000014 723.33333333333337 17789.250000000004 366.70290625000013 30760.950000000004 166.75000000000003 26.475000000000005 73.450000000000003 27631.926041666669 103.52999877929689 27.925000000000004 6031.2000000000016 49.750000000000007 1200.0500000000002 106.02999877929689 107.12500000000001 659.65778205979643 0.64930555555555569 1398.9500000000003 900.05000000000007 5913.1750000000011 0.41319444444444448 6105.7500000000009 29.625000000000004 0.10200000000000002 2590.7000000000003 15.750000000000002 1409.3635500000003 1234.0500000000002 1493.4000000000003 131.75000000000003 17540.650000000005 195.75000000000003 26.875000000000004 30.325000000000006 1299.8000000000002 49.250000000000007 2911.8000000000006 30246.650000000005 2.7005000114440922 3818.2300000000005 1811.9000000000003 2631.3000000000006 21.125000000000004 1.0955000000000001 1222.451822916667 108.65000000000002 992.56750000000011 1106.4538437500003 412.8120512820513 467.01204166666668 0.10200000000000002 5992.0550000000012
decision_type=2 2 2 2 2 2 2 2 2 2 2 2 2 2 2 2 2 2 2 2 2 2 2 2 2 2 2 2 2 2 2 2 2 2 2 2 2 2 2 2 2 2 2 2 2 2 2 2 2 2 2 2 2 2
left_child=1 2 25 5 -3 6 27 8 -2 -9 11 20 -13 49 50 16 18 36 -12 -14 22 34 53 -23 52 -1 45 -4 -28 -16 -31 47 -10 48 -22 44 37 -18 -17 40 -29 43 -43 46 -36 -27 -42 -32 -6 -5 -7 -26 -24 -11
right_child=7 4 3 13 33 14 -8 9 32 10 15 12 19 -15 29 38 17 -19 -20 -21 21 23 24 -25 51 26 28 39 -30 30 31 -33 -34 -35 35 -37 -38 -39 -40 -41 41 42 -44 -45 -46 -47 -48 -49 -50 -51 -52 -53 -54 -55
leaf_value=-2.8401460835394419 -0.51968290747044243 -0.027374213147358547 -0.005062053294899351 0.028563180138410475 0.48527205865669687 -0.025733667733194743 -0.076342901382303249 0.18928912046362992 0.038000279780252763 -2.0873349613504031 0.0022628198190110345 0.3130161754054494 -0.25539042400325618 -0.0051859782495313443 0.007442369462951277 -0.13187591953504263 0.26478027187838554 -0.052700565881553106 -0.069844036079268132 0.0020890007476430665 0.0038372157786480459 0.14255061626462442 -0.045332612905241924 -0.0054289881732513291 -0.013877628523480932 -0.052855312394288347 -0.24027568502517049 -0.15739220189934142 0.35372495980781621 -0.014998548807945829 -0.027689257731683545 0.0034587923017180655 -0.061579264345084685 0.038463493493194924 -0.0058365448512459782 0.0041225863412340177 0.39031509744243975 0.0038524109789438723 0.005280329806589084 0.0099900909658476155 0.27451965253019744 0.011731589069225435 -0.0013285800759050559 1.1190868585686884 -0.041028542259986214 -0.99562844279849094 0.48775181889621527 0.0010260197391889294 0.0079452588080718232 0.0089057041959193003 -0.045570252209962712 1.4882863029105113 -0.19980270049000312 -2.9821785682644157
leaf_weight=21 31 20 30 27 26 21 21 27 21 22 38 23 26 20 21 26 33 27 24 26 25 27 23 24 23 27 24 28 33 26 24 34 22 30 23 21 22 32 33 21 22 24 21 24 36 20 21 20 26 23 20 20 38 24
leaf_count=21 31 20 30 27 26 21 21 27 21 22 38 23 26 20 21 26 33 27 24 26 25 27 23 24 23 27 24 28 33 26 24 34 22 30 23 21 22 32 33 21 22 24 21 24 36 20 21 20 26 23 20 20 38 24
internal_value=-0.000114943 0.000637037 5.2356e-05 0.000714286 0.00392157 0.00010582 0.00141509 -0.000822873 -0.00378378 -0.000482115 -0.000746753 -0.00160105 0.0012 0.004 -0.00156627 0.000638298 0.00159091 0.00333333 -0.0016129 -0.00115385 -0.00228758 -0.000897436 -0.00373333 0.00294118 -0.00192308 -0.00232 -0.00134615 0.00204188 0.00122807 -0.0004 -0.00134615 0.00025641 -0.000232558 0.00536585 -0.0027619 -0.004 0.00494253 0.00353846 -0.00220339 0.00279503 0.00214286 0.00303571 -0.000222222 0.00522388 -0.00559322 -0.00446809 0.00302326 -0.00227273 0.00346154 0.006 -0.00512195 0.00116279 -0.00409836 -0.00782609
internal_weight=1392 675 573 448 102 378 212 717 74 643 616 381 75 70 166 235 176 114 62 52 306 156 150 51 104 125 104 191 57 125 104 78 43 82 105 80 87 65 59 161 140 112 45 67 59 47 43 44 52 50 41 43 61 46
internal_count=1392 675 573 448 102 378 212 717 74 643 616 381 75 70 166 235 176 114 62 52 306 156 150 51 104 125 104 191 57 125 104 78 43 82 105 80 87 65 59 161 140 112 45 67 59 47 43 44 52 50 41 43 61 46
is_linear=0
shrinkage=0.01


Tree=135
num_leaves=54
num_cat=0
split_feature=77 74 16 28 88 74 14 14 28 14 11 83 14 23 44 98 11 73 11 94 7 37 25 69 27 39 13 74 44 94 38 33 77 69 74 21 40 77 14 94 35 74 77 68 37 21 25 74 44 79 77 68 24
split_gain=7.59547 8.09804 8.05152 11.6586 9.7649 9.0255 8.61178 9.51745 9.07985 7.67316 10.3956 7.13069 7.12648 7.26807 7 6.9419 9 6.88635 7.84685 7.25193 6.71488 10.5 6.55093 9.42857 8.87704 7.76569 6.90435 6.50047 6.09524 5.76197 7.44165 6.72048 5.67273 5.65296 5.64174 5.58239 5.40643 5.37559 5.34708 6 5.11579 4.95918 4.70354 5.6701 6.09524 8.75758 6.60802 4.08333 3.93195 3.6 3.6 3.32938 1.58949
threshold=3346.268433993203 1467.8694062500001 3120.2000000000003 28.075000000000006 7661.0160416666668 1532.0891875000002 14779.800000000001 15730.050000000001 25.175000000000004 17029.800000000007 36163.650000000001 1569.1500000000035 16698.700000000004 98.750000000000014 2.9869999885559086 0.25347222222222227 39445.700000000004 1599.3500000000001 32505.450000000001 657210.26448406267 20.505000000000006 49.750000000000007 191.75000000000003 31200.900000000005 76.750000000000014 158.25000000000003 3078.8500000000004 407.57307291666672 3.217000007629395 615147.63983750029 6.0250000000000012 23.750000000000004 3884.1836087845845 28429.650000000005 1563.5837083333333 29.375000000000004 68.250000000000014 4327.9742515092557 16395.050000000003 641226.44491750025 26.475000000000005 1231.8487604166669 3733.5226207573 1170.5690000000002 73.250000000000014 26.675000000000004 185.75000000000003 545.01223958333355 2.5340000391006474 541.19111733090915 4136.8104261388826 1494.7 11.225000000000001
decision_type=2 2 2 2 2 2 2 2 2 2 2 2 2 2 2 2 2 2 2 2 2 2 2 2 2 2 2 2 2 2 2 2 2 2 2 2 2 2 2 2 2 2 2 2 2 2 2 2 2 2 2 2 2
left_child=1 22 14 4 6 9 17 11 12 -6 -11 -8 13 -9 -2 35 34 18 -4 20 48 -22 24 -24 26 -26 33 -12 -25 30 31 -14 -19 -1 41 42 -29 -23 -28 -40 -38 -17 -5 44 -44 -46 -47 -27 -20 -10 -34 -15 -16
right_child=2 -3 3 15 5 -7 7 8 49 10 27 -13 29 51 52 16 -18 32 19 -21 21 37 23 28 25 47 38 36 -30 -31 -32 -33 50 -35 -36 -37 40 -39 39 -41 -42 -43 43 -45 45 46 -48 -49 -50 -51 -52 -53 -54
leaf_value=0.099145361827123968 0.01235963535825301 0.010721879880141838 -1.9313339839701693 -1.2496411975761967 0.29551134486891678 -0.049969418363473517 -0.0011826974639961598 0.030339628895635923 -0.039799695719256671 -0.049273002657069541 -0.061918739925395191 -0.28127274749944015 -0.31411218375478767 0.0061377161851643878 -0.76441798092267221 -0.89200510152339885 1.6368108373137416 0.00077462553445789702 -1.9881134005954988 0.022489906139943571 1.0498119650751871 0.073195692790840386 4.405494177743023 0.039806623268575966 0.018898663002492613 -1.2301910297554632 0.034865672119657048 0.0040910354890749887 -0.019695213814917744 0.0088511636317843128 0.016402739353998049 -0.0015100676905801394 0.007232530086100513 -0.4737157920866541 -0.041687063737306324 6.7202209094315753e-05 0.82109998293722997 -1.0015686244641078 -0.034030715985408369 0.029669760587410981 0.0097587998526556669 0.015821464111415912 -0.4127576924675499 -1.4833250758066516 2.549592592017444 -1.3489346369861799 0.0030905711252639566 -0.02072381430814639 -0.0053133751322047822 -0.011846136258277606 0.0028267810005322114 -0.0032877669218034922 -0.29473702392378559
leaf_weight=21 20 24 28 36 24 20 25 23 20 23 21 34 26 21 29 28 20 26 22 32 28 33 24 21 20 24 37 24 21 21 32 25 20 20 31 37 30 23 27 27 27 21 30 20 20 24 31 24 28 20 20 23 21
leaf_count=21 20 24 28 36 24 20 25 23 20 23 21 34 26 21 29 28 20 26 22 32 28 33 24 21 20 24 37 24 21 21 32 25 20 20 31 37 30 23 27 27 27 21 30 20 20 24 31 24 28 20 20 23 21
internal_value=-0.000331614 0.00110345 -0.000721649 -0.000491474 0.000214592 0.00230769 -0.00045283 -0.0017037 -0.0007109 0.00315436 0.00216 -0.00525424 0.000292398 0.00283582 -0.004 -0.00214765 0 0.000846154 -0.000103093 0.000722892 -0.000298507 0.00142857 0.000601504 0.00333333 -0.0003 -0.00323529 0.00121212 0.00352941 0.00047619 -0.00134615 -0.00253012 -0.00490196 0.00363636 -0.00219512 -0.0015 -0.00323232 0.00481481 -0.00107143 0.00274725 0.000740741 0.00649123 0.000612245 -0.00403727 -0.00312 -0.00219048 -0.000666667 -0.00272727 -0.00541667 -0.0032 -0.005 0.006 0.000454545 -0.006
internal_weight=1357 290 1067 997 699 169 530 270 211 149 125 59 171 67 70 298 100 260 194 166 134 84 266 66 200 68 132 102 42 104 83 51 66 41 80 198 81 56 91 54 57 49 161 125 105 75 55 48 50 40 40 44 50
internal_count=1357 290 1067 997 699 169 530 270 211 149 125 59 171 67 70 298 100 260 194 166 134 84 266 66 200 68 132 102 42 104 83 51 66 41 80 198 81 56 91 54 57 49 161 125 105 75 55 48 50 40 40 44 50
is_linear=0
shrinkage=0.01


Tree=136
num_leaves=51
num_cat=0
split_feature=77 74 58 24 0 83 72 67 93 72 28 77 34 66 86 0 10 36 24 64 21 5 11 100 24 24 46 32 20 0 24 26 41 34 85 78 78 74 65 77 80 87 11 0 28 32 83 36 57 78
split_gain=8.56668 9.60018 9.25093 11.6942 11.1711 11.3749 9.39355 8.42084 7.75783 7.58663 6.77139 6.58039 9.05852 11.937 8.28177 8.91271 7.94301 9.60595 7.25806 6.64543 7.74616 6.54313 6 5.67476 5.81319 5.53255 5.50083 5.46391 12.7849 8.86757 5.39034 5.28412 4.96847 4.85289 4.78457 7.73924 6.11658 8.88582 6.7831 4.46305 4.26087 4.20553 4.87013 3.98629 3.89778 3.80581 3.65591 3.6 3.57232 2.09655
threshold=3346.268433993203 1414.2123125000001 0.93301270189221952 10.275000000000002 31460.100000000002 1408.6000000000006 1558.9120000000003 31886.800000000007 425.37000000000006 1054.7400000000002 30.025000000000002 3720.4412707987053 88.250000000000014 1.0000000180025095e-35 855.00000000000011 26198.700000000001 30728.000000000004 90.750000000000014 6.6250000000000009 0.75000000000000011 24.275000000000002 6440.6050000000005 36303.750000000007 0.024305555555555556 14.075000000000001 11.075000000000001 102.89500045776369 233.25000000000003 2201.9000000000005 32594.900000000005 7.9250000000000016 4.2500000000000009 80.750000000000014 85.750000000000014 1418.5145000000002 343.11945138888899 1081.6326319444445 769.01270833333342 25655.700000000001 4055.2879721308891 32101.145486111116 0.40625000000000006 41547.80000000001 34144.600000000013 28.475000000000005 166.75000000000003 2157.3999999999983 85.750000000000014 -0.22252093395631442 1435.874652777778
decision_type=2 2 2 2 2 2 2 2 2 2 2 2 2 2 2 2 2 2 2 2 2 2 2 2 2 2 2 2 2 2 2 2 2 2 2 2 2 2 2 2 2 2 2 2 2 2 2 2 2 2
left_child=1 10 3 8 5 -5 27 -4 11 46 23 21 13 44 15 -15 39 18 41 48 -21 26 -22 -1 34 43 40 28 29 -6 -20 -16 -23 -29 35 -25 37 38 -36 -17 -2 42 -18 -9 -13 -31 -7 -38 -14 -11
right_child=2 -3 7 4 6 9 -8 25 -10 49 -12 12 19 14 31 16 17 -19 30 20 22 32 -24 24 -26 -27 -28 33 -30 45 -32 -33 -34 -35 36 -37 47 -39 -40 -41 -42 -43 -44 -45 -46 -47 -48 -49 -50 -51
leaf_value=-0.07633360693506043 -0.018013274572135279 0.017184237882215587 0.018337621792184042 0.001680893943475692 -0.081213408422539948 -0.087618848944928343 0.0080558925044776873 -0.016548073003467941 0.017974624103064916 -0.79214147526781264 1.3719450228437893 -1.7506603221686619 0.034571578089326808 -0.13996519995421616 0.00063347731684385055 0.030036232606679564 -0.19027664280478385 0.045009801504091146 0.015229306329682914 0.02489108722924991 -0.34835752358234312 -0.014057906833774685 0.019638376150519207 2.2090298919153808 -0.069067083178383726 0.01462846619423557 -0.017761054881219922 -0.075287862580348988 -0.071026322599444275 0.42795526502575004 -0.1744109778831722 -0.04127019309993326 -1.8800822597298128 -1.0615333918816396 -0.046142617333267306 -0.6595648242068568 0.02062321064874786 1.3937252805046569 0.033595146051068142 0.30591993756236741 0.0175819729784784 -0.89031714929862149 0.026622591460130574 0.0030176154709921177 -0.042735534423516887 0.054317341587513404 -0.0019077460187035412 -0.0360405524875528 0.38994587978376666 -0.06143769716693738
leaf_weight=20 23 30 36 37 20 31 31 21 20 38 32 23 23 21 27 31 20 22 25 28 27 30 27 23 26 28 24 38 39 21 37 39 28 21 23 30 20 38 28 37 23 20 22 20 24 20 20 20 25 20
leaf_count=20 23 30 36 37 20 31 31 21 20 38 32 23 23 21 27 31 20 22 25 28 27 30 27 23 26 28 24 38 39 21 37 39 28 21 23 30 20 38 28 37 23 20 22 20 24 20 20 20 25 20
internal_value=-0.000213707 0.00131034 -0.000627929 -0.000935551 -0.00244048 -0.00452055 -0.000842105 0.00219048 -0.000127796 -0.00614679 0.000692308 -0.000330033 0.000209205 -0.000632184 9.96678e-05 0.000978723 0.00158879 0.000273973 -0.000806452 0.00246154 0.000731707 -0.00234375 -0.00148148 8.77193e-05 0.000576923 0.000144928 -0.000285714 -0.0018239 -0.0004 0.00245902 0.0016129 -0.0030303 -0.00482759 -0.00423729 0.00120879 -0.00132075 0.00224806 0.00370787 0.000980392 0.00441176 0.00173913 -0.00322581 -0.00142857 -0.00219512 -0.00531915 0.00512195 -0.00333333 -0.001 0.00541667 -0.00862069
internal_weight=1357 290 1067 962 336 146 190 105 626 109 260 606 478 348 301 235 214 146 124 130 82 128 54 228 208 69 70 159 100 61 62 66 58 59 182 53 129 89 51 68 46 62 42 41 47 41 51 40 48 58
internal_count=1357 290 1067 962 336 146 190 105 626 109 260 606 478 348 301 235 214 146 124 130 82 128 54 228 208 69 70 159 100 61 62 66 58 59 182 53 129 89 51 68 46 62 42 41 47 41 51 40 48 58
is_linear=0
shrinkage=0.01


Tree=137
num_leaves=55
num_cat=0
split_feature=42 38 25 60 31 77 67 33 42 40 14 84 72 5 43 43 43 43 56 17 19 20 34 23 40 81 43 14 35 81 23 23 81 5 84 88 34 25 14 0 42 31 43 7 40 17 0 33 1 17 83 33 45 1
split_gain=7.99276 6.49826 9.79875 10.6709 9.47894 8.99627 8.6277 7.01131 8.23364 6.62364 6.11045 6.29377 9.49606 6.01754 5.87778 7.62925 7.61092 5.82402 5.78908 5.74003 9.17457 9.73816 5.86301 7.70649 8.63304 6.89765 11.825 5.74943 5.40107 7.0127 7.82684 6.56675 6.85838 7.04148 6.93807 6.30322 5.90244 8.83275 5.85049 5.61766 5.33333 4.94002 4.76197 4.55005 3.91837 3.80581 3.71647 3.61542 3.00187 2.96609 2.72727 2.5 2.13333 3.6
threshold=376.62500000000006 7.7750000000000012 19.250000000000004 1295.3840000000002 21.825000000000006 2549.776923768261 34668.100000000013 76.250000000000014 293.19999694824224 14.750000000000002 10478.050000000001 1185.3615625000004 552.08900000000017 7103.9350000000004 86.405002593994155 76.18500137329103 82.625000000000014 81.090000152587905 -1.0000000180025095e-35 11.200000000000001 218.00000000000003 456.65000000000003 84.750000000000014 73.250000000000014 134.75000000000003 4498.202004765365 79.545001983642592 17125.800000000003 26.375000000000004 4993.6521957963687 13.750000000000002 55.750000000000007 4342.0159293825909 6354.130000000001 1172.0361875000001 4615.8452083333341 46.750000000000007 36.250000000000007 14933.350000000002 34566.400000000009 109.6800003051758 5.3250000000000011 78.485000610351577 55.920000000000009 146.75000000000003 15.700000000000001 28287.950000000004 144.25000000000003 15941.600000000002 186.85000000000002 2190.599999999999 91.250000000000014 23492.000000000004 14088.850000000002
decision_type=2 2 2 2 2 2 2 2 2 2 2 2 2 2 2 2 2 2 2 2 2 2 2 2 2 2 2 2 2 2 2 2 2 2 2 2 2 2 2 2 2 2 2 2 2 2 2 2 2 2 2 2 2 2
left_child=1 4 -3 5 7 -4 17 8 28 -9 -7 12 14 40 15 41 -17 52 -19 46 -21 -22 23 48 50 26 47 -26 29 30 35 -32 34 42 36 -1 45 -38 -36 -30 -14 -12 43 -34 -28 -33 -11 -24 -23 -29 -25 -20 53 -5
right_child=-2 2 3 6 -6 10 -8 9 -10 19 11 -13 13 -15 -16 16 -18 18 51 20 21 22 25 24 27 -27 44 49 39 -31 31 32 33 -35 38 -37 37 -39 -40 -41 -42 -43 -44 -45 -46 -47 -48 -49 -50 -51 -52 -53 -54 -55
leaf_value=-1.0106933003441525 0.37706174703957845 -0.040814492972599439 2.4101002231365123 0.16815748078233411 -0.2643589080258501 -0.22912871056121475 -0.03193332249844387 0.22911467767484633 0.021150616785538919 -0.050942932866769153 -0.007703568268325983 0.022283610807156733 -0.50437002992441149 0.00013262889489202233 0.12803074790528915 -4.2367189759407857 0.0018106399658350948 -0.0048315846749102057 0.022123756701928784 0.049714738611257518 -1.5549099126082151 0.0082621618147434676 0.167203240042924 -0.051373933019022593 -0.062122495557411041 -0.2468996557803084 -0.015890671819906683 0.91113866853101078 -0.088987383511106979 -0.87078911834528849 0.038477199851972302 -0.45356135463638392 0.015330241342799871 0.11535421776827674 0.019136662184626795 0.0057588782938730824 0.37888382527840975 -0.8080130081638579 -0.0018690694967640421 0.0050773519798687676 -2.1761990726310181 0.33607179103522655 -0.008460625684863542 -0.0084139486701608739 2.2463536369625858 -0.8288026198413937 -0.51948013980951635 0.007975333579432909 -0.0096128660212398704 -0.41966449915224074 -4.0479961040128183 0.019143973011887156 0.025212533595684362 0.0018484123874039794
leaf_weight=21 28 26 26 20 35 26 20 20 27 23 24 30 24 28 30 20 23 28 20 36 23 25 22 20 21 30 28 20 38 21 29 20 23 21 32 23 20 21 39 26 24 23 25 20 21 21 26 21 34 21 24 20 20 20
leaf_count=21 28 26 26 20 35 26 20 20 27 23 24 30 24 28 30 20 23 28 20 36 23 25 22 20 21 30 28 20 38 21 29 20 23 21 32 23 20 21 39 26 24 23 25 20 21 21 26 21 34 21 24 20 20 20
internal_value=-0.000287399 -0.000398796 0.000575221 0.000938967 -0.000900798 -0.000215827 0.00310811 -0.000688836 0.000210773 -0.00161446 -0.000793651 -0.000265487 -0.000918367 -0.00368421 0.000833333 -0.000444444 -0.00348837 0.0040625 0.00205882 -0.00189873 -0.00144509 -0.002 -0.00149826 -0.00272727 -0.00433962 0.000163934 0.00152174 -0.00193548 -0.00015 0.000357143 0.000730159 0.00136531 0.000826446 0.00303371 -0.000457516 -0.00318182 -0.00243902 0.000243902 0.00183099 -0.0028125 -0.00583333 0.00234043 0.00147059 0.00348837 -0.00183673 -0.00512195 -0.00510204 0.00534884 0.000169492 0.000243902 -0.00772727 0.0045 0.00633333 0.005
internal_weight=1357 1329 452 426 877 278 148 842 427 415 252 226 196 76 120 90 43 128 68 395 346 310 287 165 106 122 92 62 400 336 315 271 242 89 153 44 82 41 71 64 48 47 68 43 49 41 49 43 59 41 44 40 60 40
internal_count=1357 1329 452 426 877 278 148 842 427 415 252 226 196 76 120 90 43 128 68 395 346 310 287 165 106 122 92 62 400 336 315 271 242 89 153 44 82 41 71 64 48 47 68 43 49 41 49 43 59 41 44 40 60 40
is_linear=0
shrinkage=0.01


Tree=138
num_leaves=51
num_cat=0
split_feature=93 95 24 22 90 61 60 22 35 25 19 4 78 79 31 30 22 66 8 77 5 41 34 20 98 6 30 41 6 20 20 41 81 0 8 20 61 80 41 37 80 35 19 4 46 61 35 22 80 41
split_gain=11.6071 8.32977 10.9908 8.82417 14.3755 8.65341 6.73803 6.68007 10.1124 9.57013 8.58413 7.00892 9.40584 7.95985 8.77302 6.96774 6.72003 6.62275 10.2333 6.79233 6.28969 8.67873 11.414 7.01449 6.65677 6.4978 5.69039 8.07391 8.06701 6.8362 6.098 5.39518 6.17754 5.17068 5.00753 6.69978 4.8722 4.69428 4.7192 4.54439 4.25139 4.12208 3.92567 3.74106 5.13611 4.9 3.35892 2.9673 1.90273 1.64835
threshold=424.88297297297305 1.0000000180025095e-35 10.475000000000001 82.250000000000014 1757.0479500000004 26555.000000000004 1621.1375000000003 84.250000000000014 25.275000000000002 52.750000000000007 1630.9000000000003 10034.330000000002 642.04271875000006 508.18631832866862 4.0250000000000012 63.750000000000007 89.250000000000014 1151.7430000000002 412.65500000000003 3631.9760516331903 9746.9600000000009 77.750000000000014 72.750000000000014 643.45000000000016 0.24652777777777782 10200.925000000001 14.750000000000002 54.250000000000007 6338.3000000000011 751.1500000000002 1273.2000000000003 93.250000000000014 4290.9896414423802 36086.80000000001 404.38928571428579 253.50000000000003 30406.750000000004 32981.634375000001 87.250000000000014 89.750000000000014 33187.75486111112 26.575000000000006 1683.8000000000004 2854.7000000000003 101.77999877929689 32095.500000000004 27.075000000000006 89.250000000000014 31290.886458333338 91.250000000000014
decision_type=2 2 2 2 2 2 2 2 2 2 2 2 2 2 2 2 2 2 2 2 2 2 2 2 2 2 2 2 2 2 2 2 2 2 2 2 2 2 2 2 2 2 2 2 2 2 2 2 2 2
left_child=1 2 7 4 6 -4 48 8 -1 15 37 17 13 16 -15 -9 -13 33 19 -19 21 22 24 -24 -7 -22 -5 30 31 -30 -28 32 43 34 35 -11 -2 -10 -39 -17 -23 -14 -6 -29 45 -45 -16 -36 -3 -42
right_child=36 3 5 26 42 20 -8 9 10 11 -12 12 41 14 46 39 -18 18 -20 -21 25 40 23 -25 -26 -27 27 28 29 -31 -32 -33 -34 -35 47 -37 -38 38 -40 -41 49 -43 -44 44 -46 -47 -48 -49 -50 -51
leaf_value=-0.066736242845652924 0.011044699382262284 -0.8724491911370007 0.03213942303566706 -0.003713382466190285 0.0092581245407767927 -0.047121201907379055 -0.00071261124400476435 -0.016863389169558315 0.22488481305010274 -1.6677896453347973 -0.16567586667978743 4.0328567689123238 0.030554188682639 -1.8679323758624451 0.0045872870675683361 0.0170637636636722 -0.021518114799740719 -0.00048700587706302419 -0.15303776324844312 0.046851214684516591 0.030882414911312221 -0.082524307158347202 0.014376839383574093 -0.027017639093219206 -0.1516754856907746 -0.094541780174198092 0.006115138376606967 0.017267643601183269 0.037398656041941293 -0.017155131747415123 -0.0062756592699917358 0.021379583354267689 0.011910423032488855 0.0098258487026956481 -0.10345594805488723 0.019254436266604221 0.0031519242911032508 0.0052306125900689086 0.05115594645631838 0.3785211110501806 -1.6614593951283332 0.024144362311466012 0.025967249457674181 0.00027938204962033654 -0.006904706522299681 1.6648168519588489 -0.056029439619419516 -2.77766203973176 -0.02007180465930981 -2.2942675559013943
leaf_weight=37 22 20 36 27 20 35 27 31 23 34 20 24 22 30 29 27 22 20 32 21 39 34 23 25 39 27 23 20 23 30 37 21 39 23 24 20 24 26 21 35 24 20 21 20 32 20 24 33 23 28
leaf_count=37 22 20 36 27 20 35 27 31 23 34 20 24 22 30 29 27 22 20 32 21 39 34 23 25 39 27 23 20 23 30 37 21 39 23 24 20 24 26 21 35 24 20 21 20 32 20 24 33 23 28
internal_value=-0.000154753 -0.000327994 -0.000859031 0.000868486 -0.00153153 -0.0023871 -0.00428571 -6.68896e-05 0.0019685 -0.000615711 0.00377778 -0.00132275 0.000175439 -0.00116279 -0.00301205 0.00225806 0.00217391 -0.00256039 -0.000136986 0.00317073 -0.0029927 -0.00384615 -0.00213115 0.00166667 -0.00459459 -0.00030303 0.00178082 0.00222642 0.00317073 -0.000188679 -0.001 0.00434211 0.00358779 -0.0038806 -0.00477477 -0.00259259 0.00478261 0.00542857 0.00361702 0.00419355 -0.00627907 0.00428571 0.00317073 0.00217391 0.00111111 0.0035 -0.000566038 -0.00684211 -0.00674419 -0.00807692
internal_weight=1357 1311 908 403 111 310 70 598 127 471 90 378 171 129 83 93 46 207 73 41 274 208 122 48 74 66 292 265 205 53 60 152 131 134 111 54 46 70 47 62 86 42 41 92 72 40 53 57 43 52
internal_count=1357 1311 908 403 111 310 70 598 127 471 90 378 171 129 83 93 46 207 73 41 274 208 122 48 74 66 292 265 205 53 60 152 131 134 111 54 46 70 47 62 86 42 41 92 72 40 53 57 43 52
is_linear=0
shrinkage=0.01


Tree=139
num_leaves=56
num_cat=0
split_feature=93 31 87 83 25 87 26 28 43 0 43 75 19 0 38 38 17 17 28 34 65 25 69 25 39 66 37 74 31 85 82 28 83 93 34 69 35 72 31 31 29 20 17 26 4 39 35 72 13 31 20 35 46 61 82
split_gain=10.7905 6.96259 6.29365 6.14824 8.3098 8.72302 8.72377 7.68254 6.49472 6.43494 12.7679 7.90745 6.1088 5.97967 5.8505 10.5017 22.1981 8.66102 8.62637 11.8363 8.13212 8.11336 10.1543 8.91466 8.64936 7.42401 7.32219 9.30967 5.99244 5.94464 5.89628 6.54155 7.77369 7.1697 6.99926 5.60736 8.32035 5.33622 4.94728 4.82314 4.45455 4.45269 4.2964 4.24242 4.17096 3.92567 3.66959 3.60484 3.6 3.6 3.54632 3.52833 2.66535 2.61905 0.981818
threshold=424.88297297297305 27.150000000000002 0.13541666666666671 1534.8000000000013 162.25000000000003 0.36458333333333343 14.250000000000002 29.975000000000005 82.395000457763686 29481.900000000005 78.485000610351577 469.4882726350715 1421.9000000000003 31642.050000000003 2.3750000000000004 4.8250000000000011 68.100000000000009 256.00000000000006 26.225000000000005 87.750000000000014 28825.900000000005 219.75000000000003 32501.300000000003 200.25000000000003 234.25000000000003 1602.2500000000002 95.750000000000014 467.01204166666668 8.0750000000000028 1509.9500000000003 963.10000000000014 21.325000000000006 2301.9999999999986 413.11269230769238 68.750000000000014 35725.950000000004 26.975000000000005 1225.3280000000002 10.175000000000002 6.6250000000000009 89.750000000000014 813.35000000000002 132.80000000000004 7.2500000000000009 3270.6200000000003 241.25000000000003 25.275000000000002 0.99700000000000011 4616.4500000000007 7.3250000000000011 1477.7000000000003 26.075000000000006 101.53000259399415 34529.000000000007 24.054499999999965
decision_type=2 2 2 2 2 2 2 2 2 2 2 2 2 2 2 2 2 2 2 2 2 2 2 2 2 2 2 2 2 2 2 2 2 2 2 2 2 2 2 2 2 2 2 2 2 2 2 2 2 2 2 2 2 2 2
left_child=1 3 -2 4 5 9 50 13 -8 10 43 12 41 -6 29 16 39 20 19 30 -18 23 -23 24 25 26 28 -28 53 -5 31 33 34 -17 37 36 -22 -33 -34 51 -39 -11 -37 -1 -36 -26 -12 -29 -27 -32 -7 -16 -25 -20 -41
right_child=2 -3 -4 14 7 6 8 -9 -10 11 46 -13 -14 -15 15 18 17 -19 21 -21 35 22 -24 52 45 48 27 47 -30 -31 49 32 38 -35 44 42 -38 40 -40 54 -42 -43 -44 -45 -46 -47 -48 -49 -50 -51 -52 -53 -54 -55 -56
leaf_value=-0.0045814381842014988 0.0032335328166589604 -0.46460752880712991 0.01551831718835976 -0.013960249282159288 0.01059619570702627 0.018301999635655781 -1.7305624359926173 -0.052943868652314791 -0.012290422552494729 0.0091901501187699602 -0.1521931626076731 0.052440355228419375 0.02559418265877168 2.2783461796523703 -0.11645533927254324 -0.19344784094415043 0.021764353689267001 -0.14974206861459535 -0.050459288872517487 0.072850567945759309 0.001536283291039417 4.6238454058414291 -0.013322477073713979 -0.86345560616076311 0.019023989713152587 -0.00083028874677740564 0.022079386494835401 -0.015014106549879079 -0.044832347180604845 0.017471305646289861 0.024201321702759602 -0.096352000728109816 -0.0042598118545910712 0.031577141866954095 0.14028980119419415 -0.0073361492018016962 -1.4346587670277431 -0.04086850771125513 0.2193777483664387 -1.9211966417354893 0.0079928625236460465 -0.018841822573102837 0.020486216065250366 0.2227971440861338 -0.014438140993677523 0.0032997459662830052 -0.0071866643984021686 -3.2297987598436784 0.018662569585483516 0.069250150134614469 -0.016845611109893525 -1.1351982391956963 -1.3337066384669407 -0.48464671621780397 -0.34139827156410701
leaf_weight=20 26 20 20 22 37 20 27 21 20 22 22 27 26 26 26 20 23 28 20 39 33 29 37 21 21 20 35 23 32 26 20 28 33 22 20 21 21 22 20 20 22 27 20 22 21 20 21 32 20 20 22 25 23 22 24
leaf_count=20 26 20 20 22 37 20 27 21 20 22 22 27 26 26 26 20 23 28 20 39 33 29 37 21 21 20 35 23 32 26 20 28 33 22 20 21 21 22 20 20 22 27 20 22 21 20 21 32 20 20 22 25 23 22 24
internal_value=2.21076e-05 -0.000144928 0.00478261 -5.42215e-05 0.00105556 0.000217391 -0.00235955 0.00380952 -0.00531915 0.00144385 -0.000588235 0.00313725 0.00146667 0.00555556 -0.000483351 -0.000668177 -0.00244813 0 0 0.0012892 0.00118644 -0.00104225 0.00212121 -0.00176471 -0.00102041 -0.00186275 -0.00280488 -0.000888889 -0.00513514 0.00291667 0.000483871 -0.000192308 -0.00108434 0.00333333 -0.00256637 -0.000105263 -0.00222222 -0.00444444 0.00207547 -0.00621053 -0.00227273 -0.000612245 0.00268293 0.00333333 0.000731707 0.00317073 -0.0044186 -0.00345455 0.002 0.004 0.000952381 -0.00411765 -0.00590909 -0.00761905 -0.00863636
internal_weight=1357 1311 46 1291 360 276 89 84 47 187 85 102 75 63 931 883 241 146 642 287 118 355 66 289 245 204 164 90 74 48 248 208 166 42 113 95 54 72 53 95 44 49 41 42 41 41 43 55 40 40 42 51 44 42 44
internal_count=1357 1311 46 1291 360 276 89 84 47 187 85 102 75 63 931 883 241 146 642 287 118 355 66 289 245 204 164 90 74 48 248 208 166 42 113 95 54 72 53 95 44 49 41 42 41 41 43 55 40 40 42 51 44 42 44
is_linear=0
shrinkage=0.01


Tree=140
num_leaves=54
num_cat=0
split_feature=93 11 30 3 24 16 88 24 72 81 25 80 75 81 60 16 88 24 77 20 99 21 25 2 14 4 88 21 89 32 77 67 1 81 40 3 33 10 3 24 2 20 79 16 8 2 30 30 41 67 63 57 3
split_gain=15.153 8.59573 10.1338 9.84938 9.5756 14.4597 10.8976 9.21119 8.71111 12.294 8.57324 14.8739 11.0061 9.81081 9.10015 8.42497 8.34544 8.20899 10.8376 8.20886 11.6571 8.15705 8.0254 8.01515 7.75758 7.70894 7.5287 7.42029 7.65819 7.07586 7.69478 6.56566 6.52365 6.4854 6.16435 7.15577 5.9711 6.19379 8.31518 5.58458 5.31912 5.17691 5.10417 5.0381 4.98689 7.19553 4.9 4.12903 3.81818 3.805 4.93958 3.42857 2.44692
threshold=424.60864864864874 33873.80000000001 71.250000000000014 9833.9090000000015 8.6250000000000018 6084.1500000000005 9175.5043750000004 9.8250000000000011 1093.2 3921.3816844901007 28.750000000000004 35857.182638888895 535.55197750196714 4232.5690205923138 1170.8520000000003 6233.4000000000005 4593.9262499999995 8.8750000000000018 3389.6560310920145 912.15000000000009 0.072916666666666671 17.875000000000004 177.25000000000003 3390.7620000000002 20067.250000000004 4821.1050000000005 12038.153958333334 28.825000000000006 1559.57855625 80.250000000000014 4129.7013545458522 29102.100000000002 14527.300000000001 4059.6307011434701 76.250000000000014 14269.85 167.75000000000003 28667.100000000002 14167.6 5.0750000000000011 3347.4000000000005 1750.1000000000001 434.50349368225994 5292.2000000000007 394.89527777777784 2861.1500000000001 97.250000000000014 73.250000000000014 82.750000000000014 30317.850000000002 31560.700000000004 1.0000000180025095e-35 13434.650000000001
decision_type=2 2 2 2 2 2 2 2 2 2 2 2 2 2 2 2 2 2 2 2 2 2 2 2 2 2 2 2 2 2 2 2 2 2 2 2 2 2 2 2 2 2 2 2 2 2 2 2 2 2 2 2 2
left_child=1 2 17 51 5 6 36 31 44 -10 14 13 42 16 -9 -7 -12 48 -19 25 -21 -16 29 24 26 -18 -8 28 -24 -17 32 -6 -31 -34 -33 -36 37 -3 39 -39 41 -15 46 -2 -5 -46 -13 -32 -1 -40 -51 -4 -41
right_child=43 4 3 8 7 15 23 10 9 -11 11 12 -14 40 21 22 19 18 -20 20 -22 -23 27 -25 -26 -27 -28 -29 -30 30 47 34 33 -35 35 -37 -38 38 49 52 -42 -43 -44 -45 45 -47 -48 -49 -50 50 -52 -53 -54
leaf_value=-1.0273659301302174 0.02146808692918217 0.58018592191280016 -0.06566019534008391 -0.30905557883552903 0.015374240703090503 -0.044213834109820382 -0.29890295448421234 -2.0434055309947787 0.021820088221997651 -3.4777937338268696 0.013411667833078714 0.040456234912766023 0.011281321760296302 0.063409418549731353 -0.011826323799526528 0.0066783144869630995 -0.007081388186958474 2.9818992058170397 -0.88995190753979592 0.0050460269429810989 -0.50720621154276979 0.0052139603401651384 2.3877127933597566 0.031230507468396684 -1.5950010669991768 0.020164960840960765 3.0841170100819713 -0.019543336206934415 0.021311064225282332 0.024849713628990439 -0.038215610209051343 -1.9236565183991474 -0.040607643350470041 0.0057365732881635694 -1.6292173920147448 0.0022842433048706938 0.076841971949084389 -0.045379879190138694 0.012965435373182507 0.0003103095743732981 0.013680459380293181 0.016435556295449218 -1.3052442906266464 0.0035340528514977224 2.1205355833569004 0.0056023413547801491 -0.9878443633545374 -0.017897769212277179 -0.15398358648324531 0.0023117033885118677 0.032952313528498152 -0.72870044318135518 0.037434248817070852
leaf_weight=33 28 20 21 20 20 32 23 25 31 23 34 20 34 34 36 22 29 21 20 21 30 34 26 22 22 34 21 23 20 26 31 30 20 34 20 32 24 22 26 20 20 20 24 20 35 26 20 31 21 23 21 21 23
leaf_count=33 28 20 21 20 20 32 23 25 31 23 34 20 34 34 36 22 29 21 20 21 30 34 26 22 22 34 21 23 20 26 31 30 20 34 20 32 24 22 26 20 20 20 24 20 35 26 20 31 21 23 21 21 23
internal_value=0.000314098 0.00011355 -0.00147059 -5.64972e-05 0.000524309 0.00146617 0.00310861 -0.000444874 0.00125926 -0.00185185 0.000216867 0.001 -0.0022449 0.00243243 -0.00242105 -0.000188679 0.000945946 -0.00410526 -0.000731707 -0.000350877 -0.00333333 -0.000571429 0.000472103 0.000227273 -0.00151515 0.00206349 0.000909091 0.00333333 0.00565217 -0.000731707 -0.0015493 -0.00313725 0.0005 -0.00148148 -0.00439024 -0.00230769 0.00452514 0.00380645 0.00303704 0.000461538 0.00540541 0.00703704 -0.0046875 0.00583333 0.00333333 0.0047541 -0.0025 -0.00419355 -0.00666667 0.00542857 0.00363636 -0.00428571 0.00255814
internal_weight=1369 1321 272 177 1049 532 267 517 135 54 415 320 98 222 95 265 148 95 41 114 51 70 233 88 66 63 44 69 46 164 142 102 80 54 82 52 179 155 135 65 74 54 64 48 81 61 40 62 54 70 44 42 43
internal_count=1369 1321 272 177 1049 532 267 517 135 54 415 320 98 222 95 265 148 95 41 114 51 70 233 88 66 63 44 69 46 164 142 102 80 54 82 52 179 155 135 65 74 54 64 48 81 61 40 62 54 70 44 42 43
is_linear=0
shrinkage=0.01


Tree=141
num_leaves=55
num_cat=0
split_feature=51 84 35 100 72 46 80 62 45 20 90 25 73 75 3 63 26 6 37 77 47 44 67 17 17 47 90 43 45 67 77 72 82 81 84 35 75 82 90 37 46 46 14 25 46 100 33 66 41 6 20 3 14 62
split_gain=9.59317 11.2523 11.2321 11.2102 9.48343 7.83926 13.1055 9.80253 8.47744 7.94624 7.91816 8.01848 7.53266 6.78971 7.15734 9.75939 8.71232 6.95861 6.00656 12.5886 9.45972 7.78189 7.63514 10.2653 11.3564 10.8889 7.51316 6.67463 6.8362 5.97058 6.29365 5.48638 5.38655 5.37686 8.29683 8.31546 6.10909 5.33333 5.04833 5.00192 4.91622 7.26285 5.53459 4.75751 4.60087 4.29196 4.24242 3.57961 3.42857 3.11688 2.96609 2.5 1.63902 0.921951
threshold=1.0000000180025095e-35 289.84400000000005 23.125000000000004 0.71180555555555569 0.99150000000000016 101.87500000000001 31329.780555555564 1128.9140000000004 23467.500000000004 1145.4500000000003 3371.2969500000004 227.25000000000003 657.50650000000007 614.79602684882423 13962.050000000001 32035.250000000004 0.75000000000000011 7471.4000000000005 72.250000000000014 4266.9227861112022 1.0000000180025095e-35 4.2405002117156991 38253.850000000006 13.950000000000001 53.250000000000007 1.0000000180025095e-35 1657.7095500000005 74.934997558593764 23064.500000000004 33112.05000000001 3860.4200575877599 1325.9045000000003 -0.053999999999986829 3896.5610233226021 1381.3456250000002 26.175000000000004 340.54833860055095 177.1700000000001 2092.3150500000006 97.750000000000014 103.40500259399415 106.65500259399415 15819.100000000002 144.75000000000003 103.37500000000001 0.14236111111111113 57.250000000000007 938.15000000000009 75.750000000000014 7426.8100000000004 1085.8000000000002 14791.048500000003 17514.250000000004 797.19150000000013
decision_type=2 2 2 2 2 2 2 2 2 2 2 2 2 2 2 2 2 2 2 2 2 2 2 2 2 2 2 2 2 2 2 2 2 2 2 2 2 2 2 2 2 2 2 2 2 2 2 2 2 2 2 2 2 2
left_child=1 3 45 44 43 10 7 52 29 33 11 18 -13 14 39 -16 -17 31 19 20 21 27 23 25 53 47 32 28 -4 30 -8 -15 -26 36 35 -35 -10 -2 -28 -11 -9 42 -42 -5 49 -3 -18 -20 -37 -1 -43 -31 -7 -25
right_child=37 2 5 4 -6 6 8 40 9 13 -12 12 -14 17 15 16 46 -19 22 -21 -22 -23 -24 24 26 -27 38 -29 -30 51 -32 -33 -34 34 -36 48 -38 -39 -40 -41 41 50 -44 -45 -46 -47 -48 -49 -50 -51 -52 -53 -54 -55
leaf_value=-6.7373158541066731 -1.0936372533467955 0.0054828633680442333 -0.49850576863193496 -0.040204135208317136 0.77270311004529724 0.036035455897082687 -0.011059214008586676 -0.0064012367023502416 -0.10757965309353963 -0.020395837836918271 0.47751618058648732 -0.041366896211061127 0.63001540309739879 0.012508239380656896 0.024475095967734412 -0.034065115656782212 1.5481056990400979 -0.44066823130584531 0.41785357942128998 -0.83875184196849784 0.15083476763539877 -0.067563159365288755 0.036487274340225445 -4.0839888607523296 -0.025786120046248247 -0.29683200881575894 -0.64484378712133972 0.045080870861137046 0.013055810129086612 -0.030604577942953817 -0.56303020629655354 -0.018037211809978509 0.038419617848150053 -0.015111727344115687 0.023248226471697494 2.5423871467975467 0.0066114597353975207 -2.5004797903226623 -0.013290057619435114 0.0092145403567168559 0.0048226213694310214 0.0014538925945601772 0.30475147755046028 0.013248712038109865 -0.023365636418236694 0.95674640794740573 -0.0062632005442627339 0.0065065492251490656 0.0090327556853565527 -0.11686441215861905 -0.0083183709050687719 1.2268284844757034 0.020034502308131325 -3.7729628552142733
leaf_weight=20 30 22 30 37 26 21 26 24 20 32 30 20 23 21 37 29 22 22 21 33 39 26 22 20 34 27 20 22 23 20 20 25 23 29 30 21 22 20 39 20 33 20 20 22 27 21 20 33 21 22 21 20 20 21
leaf_count=20 30 22 30 37 26 21 26 24 20 32 30 20 23 21 37 29 22 22 21 33 39 26 22 20 34 27 20 22 23 20 20 25 23 29 30 21 22 20 39 20 33 20 20 22 27 21 20 33 21 22 21 20 20 21
internal_value=0.000299489 0.000462472 0.000798283 -0.00207792 0.000352941 0.000606061 0.00136364 0.00383648 0.000503282 0.00115903 -0.000316206 -0.000630252 0.00348837 0 0.001125 0.00259259 0.000422535 -0.00264706 -0.00103926 0.000404624 0.00171429 9.90099e-05 -0.002 -0.00252101 -0.00401274 0.00037037 -0.00241379 0.00173333 -0.000188679 -0.00232558 -0.00478261 -0.000434783 0.000175439 0.00300699 0.00425743 0.00239437 0 -0.004 -0.00491525 -0.00192308 0.00237288 0.00340426 0.00584906 -0.00186441 -0.00507246 0.00581395 0.00333333 0.00296296 0.0052381 -0.00714286 0.000243902 0.0005 0.00804878 -0.00853659
internal_weight=1369 1319 1165 154 85 1122 616 159 457 371 506 476 43 228 160 108 71 68 433 173 140 101 260 238 157 81 116 75 53 86 46 46 57 143 101 71 42 50 59 52 118 94 53 59 69 43 42 54 42 42 41 40 41 41
internal_count=1369 1319 1165 154 85 1122 616 159 457 371 506 476 43 228 160 108 71 68 433 173 140 101 260 238 157 81 116 75 53 86 46 46 57 143 101 71 42 50 59 52 118 94 53 59 69 43 42 54 42 42 41 40 41 41
is_linear=0
shrinkage=0.01


Tree=142
num_leaves=51
num_cat=0
split_feature=93 51 31 71 85 17 29 29 91 67 31 1 83 43 17 76 90 84 84 21 67 66 31 97 34 5 34 88 34 13 24 1 14 14 56 71 17 65 43 27 21 27 21 99 14 89 31 67 8 71
split_gain=11.5371 9.29013 9.48067 9.83751 14.6948 9.04836 8.54687 14.2293 13.8951 11.6016 9.3166 9.3514 8.68069 8.25143 8.1833 8.07507 11.6485 7.67902 12.4455 9.12317 9.61251 8.69026 8.38549 9.40054 8.08864 10.8696 8.27027 7.05333 6.8762 6.53139 6.00519 6.65406 6.00418 5.1797 11.4683 5.04935 6.09524 5.01951 4.97452 4.89798 4.86519 4.72646 4.50483 5.61497 4.48989 4.45455 4.1806 3.96825 3.31363 3.2113
threshold=422.78380116959073 1.0000000180025095e-35 3.7250000000000005 783.12200000000018 1584.4715000000003 71.250000000000014 71.250000000000014 77.750000000000014 26028.996375000002 31433.450000000001 4.8250000000000011 14390.050000000001 1128.0999999999988 73.130001068115249 129.75000000000003 33023.28437500001 1744.6306500000003 349.60527083333335 503.99980208333346 11.575000000000001 31886.800000000007 1395.4000000000003 16.875000000000004 0.82291666666666685 36.250000000000007 3817.0200000000004 52.750000000000007 5492.831666666666 73.750000000000014 7243.0500000000011 9.0750000000000011 15033.650000000001 14212.550000000001 11843.700000000003 -1.0000000180025095e-35 1216.0520000000004 54.050000000000004 27100.250000000004 79.764999389648452 91.250000000000014 23.025000000000002 80.750000000000014 21.625000000000004 0.093750000000000014 16457.650000000005 1559.57855625 6.825000000000002 30879.900000000005 404.34522619047624 1.1040000000000003
decision_type=2 2 2 2 2 2 2 2 2 2 2 2 2 2 2 2 2 2 2 2 2 2 2 2 2 2 2 2 2 2 2 2 2 2 2 2 2 2 2 2 2 2 2 2 2 2 2 2 2 2
left_child=1 2 3 4 14 -6 9 8 -8 -4 11 37 -11 -13 41 -5 -17 33 28 -20 24 30 23 35 -21 47 32 -15 -19 -10 -22 -32 -27 -12 -35 36 -23 -9 -25 -14 44 -1 -28 -44 -2 -41 -3 -26 -45 -31
right_child=40 46 6 15 5 -7 7 10 29 12 17 13 39 27 -16 16 -18 18 19 20 21 22 -24 38 25 26 42 -29 -30 49 31 -33 -34 34 -36 -37 -38 -39 -40 45 -42 -43 43 48 -46 -47 -48 -49 -50 -51
leaf_value=-0.0089763299954723434 0.015211754038958679 -5.1972295240588133 -0.40398577783232298 1.8573126194707694 -0.013352335388210559 0.95563670909058318 0.053198398752309618 -0.12312615714734147 -0.052309039304299178 -0.11950724497275754 -14.208319960367474 -0.77534353088002772 3.2783600435323992 -0.025790652096046553 0.027400245927828814 0.81717558542085444 -0.013461654025270066 0.0077261533991609867 -0.7341284250518616 0.023249587196445515 -0.077212217693120241 0.037240278446999925 -0.032102516450431121 0.0019323557359440513 0.048069785116846529 -0.45634930268073726 0.014319197227853421 0.018369458582892247 0.076222061594950347 -1.898099049721564 -0.095724648097610554 0.053726958218697524 -0.002006692386036609 0.1337857970578602 -0.58559122791974849 0.36435186022894683 -0.01069837182042142 -0.6228084524064379 -0.0035924109107478919 -0.0032400824837551284 0.0028335801359947988 -1.5920207933507737 0.016477896230650914 0.0016127020746891491 0.0024809800397423342 0.053617853873789693 -1.0265319866126461 0.01287569956539137 -0.022290706204887725 -2.0551831384847943
leaf_weight=28 26 23 38 39 25 33 25 20 36 20 20 20 34 20 31 33 22 26 21 34 35 21 21 20 24 22 28 30 29 30 27 28 29 20 36 35 21 21 29 22 29 23 36 27 34 22 26 21 20 29
leaf_count=28 26 23 38 39 25 33 25 20 36 20 20 20 34 20 31 33 22 26 21 34 35 21 21 20 24 22 28 30 29 30 27 28 29 20 36 35 21 21 29 22 29 23 36 27 34 22 26 21 20 29
internal_value=0.000226443 -1.5625e-05 0.000154346 0.00196581 0.000285714 0.00413793 -0.000270812 -0.000638792 -0.00383333 0.00205882 -0.000121457 -0.00279279 0.00387755 -0.000571429 -0.00243902 0.00446809 0.002 0.000349206 0.000758123 0.000260521 0.000543933 -0.000886076 0.000612245 0.0015873 0.00195021 0.00120773 0 0.0016 0.00527273 -0.00557895 -0.00333333 -0.00127273 -0.00333333 -0.00263158 -0.00107143 0.00376623 0.00142857 -0.00658537 -0.00183673 0.00538462 0.00370787 -0.00490196 0.00153153 0.000361446 0.00533333 0.00318182 -0.00428571 0.00555556 -0.00191489 -0.00762712
internal_weight=1369 1280 1231 234 140 58 997 861 120 136 741 111 98 70 82 94 55 630 554 499 478 237 147 126 241 207 162 50 55 95 90 55 51 76 56 77 42 41 49 78 89 51 111 83 60 44 49 45 47 59
internal_count=1369 1280 1231 234 140 58 997 861 120 136 741 111 98 70 82 94 55 630 554 499 478 237 147 126 241 207 162 50 55 95 90 55 51 76 56 77 42 41 49 78 89 51 111 83 60 44 49 45 47 59
is_linear=0
shrinkage=0.01


Tree=143
num_leaves=53
num_cat=0
split_feature=51 35 20 75 16 16 27 17 6 75 40 79 27 16 36 88 20 99 71 29 3 77 43 1 24 91 99 88 0 83 29 71 64 16 77 16 7 75 64 98 16 42 64 68 94 64 57 77 77 36 24 91
split_gain=9.33417 7.30448 7.83055 11.7167 9.73703 7.28067 6.23202 7.98312 7.42427 9.6849 9.64228 6.83797 6.7694 6.98186 7.83458 6.5876 6.23171 9.66494 8.67389 6.25161 6.08152 6.04447 8.01316 8.96002 11.8729 6.63574 5.93647 9.45068 5.60168 5.55311 6.03288 5.5233 10.8008 8.35889 8.20455 8.13224 6.36618 5.5852 5.40254 5.09394 4.93101 4.89855 4.65588 4.53704 5.71429 4.44706 4.34319 4.06254 3.42857 2.8513 2.52468 1.63902
threshold=1.0000000180025095e-35 26.575000000000006 456.65000000000003 201.17780576228157 2673.5000000000005 6043.2500000000009 84.250000000000014 136.85000000000002 2167.3650000000002 293.89003467245431 146.75000000000003 658.83695237334121 59.250000000000007 6458.6500000000005 76.250000000000014 4133.1462500000007 1182.9000000000003 0.48958333333333343 965.16150000000005 73.250000000000014 13417.050000000001 4207.675939736263 78.31000137329103 16853.800000000007 11.575000000000001 28273.719006250001 0.34375000000000006 5730.0437500000007 32062.100000000002 2976.3500000000008 71.250000000000014 1478.4165000000003 1229.3685000000003 4976.9000000000005 3691.3847679172591 5209.7500000000009 112.98500000000001 573.84742661286407 1275.5000000000002 0.25347222222222227 6405.7000000000016 110.34000015258789 890.23800000000017 967.25000000000011 655029.53958750016 1499.9500000000003 -0.56174490092936669 3948.0107885982438 3824.1225759474082 87.250000000000014 8.4250000000000025 29865.028987500005
decision_type=2 2 2 2 2 2 2 2 2 2 2 2 2 2 2 2 2 2 2 2 2 2 2 2 2 2 2 2 2 2 2 2 2 2 2 2 2 2 2 2 2 2 2 2 2 2 2 2 2 2 2 2
left_child=1 2 3 -1 -4 26 7 15 -8 10 48 16 13 -9 -15 -3 18 -18 19 -11 39 29 23 24 45 -24 27 -5 -22 30 -6 32 35 -33 -34 42 -36 40 -27 -17 50 -2 -32 44 -14 -23 -30 49 -10 -35 -37 -21
right_child=41 6 4 5 21 -7 8 12 9 11 -12 -13 43 14 -16 20 17 -19 -20 51 28 22 25 -25 -26 38 -28 -29 46 -31 31 33 34 47 36 37 -38 -39 -40 -41 -42 -43 -44 -45 -46 -47 -48 -49 -50 -51 -52 -53
leaf_value=0.52967917943953846 -2.7987931101222943 0.021132733938363839 -0.50836916974371282 0.030505356865324185 1.307183054108743 -1.1415684443111307 0.010939662199354667 -0.44155580087875751 -1.1111571645454472 0.0076294169627049357 0.0047465713673739401 -0.060625029281350148 -0.18281999992469625 -0.011736078717436595 0.0220705055493353 -0.052526392429616167 0.044937939969070383 -0.039065894442556363 -0.025844428679432149 0.014033702679819212 -0.52259408668386764 0.050428367987852829 0.0058820257802829111 -0.0081629693520703719 -0.004278049980911143 -1.5419065232415057 0.049286202362267419 -0.59133906691877602 0.0086437896562404498 -0.0092634848535586151 -0.19035422775058186 0.022115493643797165 -0.018718574334206369 -0.0010453142200084224 -0.0028742200084226617 0.019108372894676623 0.0069977582067199326 0.042226120120997773 -0.0042588595948959097 0.066603654945885923 2.985057761836837 -0.7002117463499471 0.023005115115340175 -0.059012072302412399 0.0014239872958005625 0.0060524983736971443 -0.060525632748080815 0.0094033675569999992 -1.4109735610687266 0.0041735939050743034 -0.0073283298529068716 5.5486803664980782
leaf_weight=22 23 24 30 26 21 20 38 23 21 27 37 27 21 26 29 24 20 35 27 20 23 30 30 31 24 20 25 34 28 23 33 32 25 22 34 20 21 30 38 20 22 27 25 27 24 21 30 24 21 21 22 21
leaf_count=22 23 24 30 26 21 20 38 23 21 27 37 27 21 26 29 24 20 35 27 20 23 30 30 31 24 20 25 34 28 23 33 32 25 22 34 20 21 30 38 20 22 27 25 27 24 21 30 24 21 21 22 21
internal_value=0.000241052 0.00040182 0.00107438 -0.0011811 0.00155259 -0.00257143 -0.000421585 -0.00143813 0.000612245 0 -0.00291139 0.00129944 -0.00306667 -0.00102564 0.000909091 0.000201342 0.00213333 -0.000545455 0.00368421 0.00558824 -0.00072 0.00184534 0.000412371 0.00226415 0.00413333 -0.00181818 -0.00129412 -0.003 -0.00234568 0.00258667 0.00289773 0.00256798 0.00172414 0.00454545 -0.00125 0.00328947 0.000909091 0.00510638 -0.0037931 0.00227273 0.0034375 -0.004 0.000344828 -0.00527778 -0.00333333 0.00686275 -0.000689655 0.00253731 -0.00619048 0.000697674 0.00142857 0.00804878
internal_weight=1369 1319 726 127 599 105 593 299 294 256 79 177 150 78 55 149 150 55 95 68 125 569 194 106 75 88 85 60 81 375 352 331 232 99 80 152 55 94 58 44 64 50 58 72 45 51 58 67 42 43 42 41
internal_count=1369 1319 726 127 599 105 593 299 294 256 79 177 150 78 55 149 150 55 95 68 125 569 194 106 75 88 85 60 81 375 352 331 232 99 80 152 55 94 58 44 64 50 58 72 45 51 58 67 42 43 42 41
is_linear=0
shrinkage=0.01


Tree=144
num_leaves=51
num_cat=0
split_feature=66 78 94 75 14 68 61 81 87 14 25 32 8 86 69 67 90 40 93 26 4 78 46 0 4 61 14 94 4 46 16 71 32 0 65 16 90 45 26 5 3 88 5 24 71 24 32 65 10 3
split_gain=11.5574 13.1339 12.5281 9.59055 9.58448 12.0851 8.39326 10.3366 8.25034 9.43479 7.72084 8.26043 7.27715 7.04348 6.97604 6.91633 6.36519 8.46886 6.16491 5.58621 5.33528 5.2871 5.15922 5.65296 4.90265 5.00042 4.7798 6.61151 4.63239 6.11286 6.07687 11.0243 9.97266 9.30122 8.95578 7.91166 6.25922 5.20999 5.22014 7.00553 4.89316 5.81818 4.57288 6.07224 7.47111 4.45455 3.54579 3.26746 2.77778 2.6233
threshold=1395.4000000000003 220.78073611111114 754322.9106925003 433.36829382676297 16834.250000000004 875.40000000000009 28490.850000000002 4279.3588071388913 0.38541666666666669 18245.750000000004 41.750000000000007 165.75000000000003 416.0884815078237 1.0405000000000002 35653.450000000004 29704.550000000003 1632.8749500000004 107.75000000000001 412.07890013495285 73.250000000000014 5252.8550000000005 748.4755659722224 94.045001983642592 28533.500000000004 7957.6750000000002 32591.800000000003 15061.000000000002 779229.52389843774 9915.6000000000022 106.61500167846681 5927.2000000000016 1011.5380000000001 90.750000000000014 32104.800000000007 30362.750000000004 6766.2500000000009 1906.0555500000003 23792.500000000004 3.2500000000000004 4490.1850000000013 14213.900000000003 5363.2877083333342 13817.680000000002 8.4750000000000032 1.0000000180025095e-35 8.1250000000000018 245.75000000000003 29226.900000000005 34230.100000000013 15174.600000000002
decision_type=2 2 2 2 2 2 2 2 2 2 2 2 2 2 2 2 2 2 2 2 2 2 2 2 2 2 2 2 2 2 2 2 2 2 2 2 2 2 2 2 2 2 2 2 2 2 2 2 2 2
left_child=1 12 28 4 5 20 7 26 10 24 -8 -12 -1 -4 48 22 -17 -18 19 -13 -3 -22 23 -7 25 -10 -5 -28 29 30 31 33 45 -2 35 47 -36 38 39 -33 -31 -42 43 49 -45 -32 -26 -34 -6 -11
right_child=2 3 13 6 14 15 8 -9 9 42 11 18 -14 -15 -16 16 17 -19 -20 -21 21 -23 -24 -25 46 -27 27 -29 -30 40 32 37 34 -35 36 -37 -38 -39 -40 -41 41 -43 -44 44 -46 -47 -48 -49 -50 -51
leaf_value=1.5099878699461193 -0.21911667861678946 1.2175522793483913 -0.19206758682215042 -0.69320962888644777 -0.43482048530883655 -1.0442384019947442 -0.027915762141743034 0.022494697037102822 0.0034612965420420124 0.010280461985856309 0.03789437966210784 -0.50327339427165063 0.0068275181930437349 0.00035792347890001367 -0.0060837225632721162 -1.5584128484785069 -1.4166474520050896 0.0045130755468091024 0.012874082748248167 0.010290373011043101 -0.11823458968262823 0.18827319465205392 0.21985704316730098 0.027012918925518534 -0.66169648984983531 -0.21290131331463122 -0.062577187680436255 0.1279464463989291 0.83385474084198508 -0.23494858108970454 -0.018380916239665823 -0.01592842647510731 0.00949621562393505 0.036363591982651391 0.004108527617948836 0.0014770294461594366 -0.0090958319903232197 0.011172668572425262 0.032044270814993461 0.021772041328662891 -0.021471143157680794 0.0091091617532888906 -0.054717811725947335 -1.4068296178905086 0.017207506482737341 -0.00014599485771548911 -0.07075720593771366 0.10255825849678767 -3.2288294875967005 2.2542246716670249
leaf_weight=37 39 22 23 21 20 20 28 28 22 31 37 29 38 23 31 36 24 28 36 29 23 25 20 21 28 32 23 22 29 23 22 21 32 27 39 28 23 33 34 26 22 22 30 25 20 22 24 25 25 21
leaf_count=37 39 22 23 21 20 20 28 28 22 31 37 29 38 23 31 36 24 28 36 29 23 25 20 21 28 32 23 22 29 23 22 21 32 27 39 28 23 33 34 26 22 22 30 25 20 22 24 25 25 21
internal_value=0.000314098 -0.000397196 0.00150097 -0.00078105 -0.00220339 -0.00114155 8.23045e-05 0.00276596 -0.000561224 -0.00175966 0.00119497 0.00221374 0.0036 -0.00347826 -0.00526316 -0.00275168 -0.00454545 -0.00230769 0.000638298 -0.00137931 0.00228571 0.000416667 -0.000163934 -0.00219512 -0.00396226 -0.00185185 0.000606061 0.00244444 0.00199143 0.00173516 0.0022372 0.00355556 0.000994764 0.00030303 0.0022449 0.00435294 -0.000645161 0.0054386 0.00407407 0.00191489 -0.00104478 0.000909091 7.87402e-05 0.00113402 -0.00155556 -0.00318182 -0.00615385 0.00649123 -0.00777778 0.00346154
internal_weight=1369 856 513 781 295 219 486 94 392 233 159 131 75 46 76 149 88 52 94 58 70 48 61 41 106 54 66 45 467 438 371 180 191 66 147 85 62 114 81 47 67 44 127 97 45 44 52 57 45 52
internal_count=1369 856 513 781 295 219 486 94 392 233 159 131 75 46 76 149 88 52 94 58 70 48 61 41 106 54 66 45 467 438 371 180 191 66 147 85 62 114 81 47 67 44 127 97 45 44 52 57 45 52
is_linear=0
shrinkage=0.01


Tree=145
num_leaves=54
num_cat=0
split_feature=62 67 16 7 16 33 94 70 61 68 1 16 83 14 0 25 0 87 34 16 0 7 61 13 30 19 34 69 20 0 89 68 19 13 14 94 4 13 97 33 4 16 79 32 21 94 35 4 76 45 83 68 0
split_gain=10.5553 13.1403 8.93226 9.17003 11.8161 9.52088 7.98476 8.67582 11.5215 8.69845 12.0679 10.7219 11.1746 10.2501 10.0234 11.6084 10.1737 8.79429 9.75238 7.60014 7.40513 6.64823 8.11906 7.71429 7.60467 9.47503 8.37945 6.5455 6.45333 6.30489 10.1369 5.71806 5.49263 8.88889 5.44444 4.85927 7.75758 6.41212 4.63118 4.46953 4.43785 4.42952 4.31332 4.19048 3.65652 3.65714 3.6 3.43704 3.33333 3.13213 2.84754 2.10987 0.4
threshold=883.2315000000001 26024.200000000004 5763.2000000000016 608.71000000000015 4309.7500000000009 64.250000000000014 795779.17301250028 881.4765000000001 36862.100000000006 1503.4000000000003 16287.865500000002 6019.0500000000011 1534.8000000000013 16197.200000000003 32641.750000000004 65.750000000000014 30726.750000000004 0.21875000000000003 52.250000000000007 5554.4000000000005 32501.300000000003 1713.4450000000004 36297.55000000001 13487.200000000003 76.750000000000014 891.75000000000011 92.750000000000014 30889.600000000002 1950.8500000000001 31984.200000000004 1363.5372562500002 1014.7880000000001 1720.1500000000003 3422.9000000000001 13913.600000000002 617151.86214062513 5252.8550000000005 9131.9000000000015 0.15625000000000003 61.750000000000007 2992.0900000000006 6163.3500000000013 469.78158891505171 170.25000000000003 25.375000000000004 598205.7565903127 26.475000000000005 7056.9250000000011 29128.112500000007 23014.500000000004 1939.950000000001 1170.8520000000003 31019.650000000005
decision_type=2 2 2 2 2 2 2 2 2 2 2 2 2 2 2 2 2 2 2 2 2 2 2 2 2 2 2 2 2 2 2 2 2 2 2 2 2 2 2 2 2 2 2 2 2 2 2 2 2 2 2 2 2
left_child=1 19 3 27 31 -6 7 38 9 10 14 17 -13 29 15 16 32 18 48 -1 43 24 23 -23 35 26 -26 49 -19 -14 -31 -5 33 34 -9 -4 -37 -38 -2 -17 -18 -16 -27 -20 -44 -46 -8 -29 -11 -3 -41 -12 -50
right_child=6 2 21 4 5 -7 46 8 -10 11 51 12 13 -15 41 39 40 28 20 -21 -22 22 -24 -25 25 42 -28 47 -30 30 -32 -33 -34 -35 -36 36 37 -39 -40 50 -42 -43 44 -45 45 -47 -48 -49 52 -51 -52 -53 -54
leaf_value=0.2427582884765698 0.012266207390350132 0.61637094636320233 -0.064398086326754797 -0.49668059692240224 0.1184740665433071 -0.002244865420299033 -0.080546873076165607 -0.027971573749915182 -0.072745365299743514 0.018140944284896963 2.978267566326473 0.0059934333385373278 -0.0076054420103484136 -0.036574192851835344 0.0075094650734439487 0.18639046270553336 0.0068026660006745765 0.00046523462859529785 -0.0098558534765491573 0.045882997449278984 0.016708090234041188 -0.1081309865870268 -2.377462044535509 9.9461014093892288 0.032043999938096104 0.0078547429082394035 -0.091591795731890607 -1.606064389386167 -0.20015841884314958 0.0027036274238835434 -0.0051270467750795428 -0.00081512191576108266 0.011003550921847873 -0.76925368833819263 0.27101108114900746 0.12052862900251558 -0.58951527609862864 0.019926904408668282 0.26373142608531802 0.0013572534613060295 0.72518653048688009 -0.24277014072374634 0.0073151284724093848 0.011204501687849387 0.02760504254604931 7.5663465462545991 -0.0041077294994346474 -4.2719747670357497 0.018217087749946289 -0.79523855501848173 0.11509593393712571 1.466509375084537 0.013771374232951383
leaf_weight=25 25 21 39 27 21 39 20 25 35 20 34 25 23 30 23 27 20 30 33 23 26 21 23 21 29 21 20 33 20 36 25 25 20 36 20 22 20 24 22 21 33 20 24 21 21 24 20 37 20 23 23 24 20
leaf_count=25 25 21 39 27 21 39 20 25 35 20 34 25 23 30 23 27 20 30 33 23 26 21 23 21 29 21 20 33 20 36 25 25 20 36 20 22 20 24 22 21 33 20 24 21 21 24 20 37 20 23 23 24 20
internal_value=0.000588235 -0.000428816 -0.000878505 -0.00238938 -0.000357143 0.00266667 0.00135135 0.00158752 0.00130435 0.00160305 0.00276074 0.000455927 -0.00165468 -0.00298246 0.00186567 0.00271111 0.00116883 0.002 0.00328571 0.00458333 0.001 0.000226537 -0.00261538 0 0.000983607 0.00251799 -0.00102041 -0.00438596 -0.0016 -0.00119048 0.000491803 -0.00384615 -0.000693069 -0.00185185 0.00111111 -0.00104762 0.000606061 -0.00181818 0.00574468 0.00605634 0.00471698 -0.00255814 0.00444444 -0.00111111 0.00565217 0.00733333 -0.003 -0.00628571 0.00633333 -0.00136364 0.00409091 0.00689655 0.008
internal_weight=1360 583 535 226 112 60 777 737 690 655 326 329 139 114 268 225 154 190 140 48 80 309 65 42 244 139 49 114 50 84 61 52 101 81 45 105 66 44 47 71 53 43 90 54 69 45 40 70 60 44 44 58 40
internal_count=1360 583 535 226 112 60 777 737 690 655 326 329 139 114 268 225 154 190 140 48 80 309 65 42 244 139 49 114 50 84 61 52 101 81 45 105 66 44 47 71 53 43 90 54 69 45 40 70 60 44 44 58 40
is_linear=0
shrinkage=0.01


Tree=146
num_leaves=53
num_cat=0
split_feature=66 33 77 79 5 70 31 31 3 3 33 27 17 22 46 13 2 99 100 79 4 31 31 33 34 72 69 69 13 72 3 70 74 100 62 31 0 22 11 60 79 23 68 2 68 46 8 33 69 46 5 5
split_gain=12.569 10.258 7.92122 8.45103 9.23768 8.73814 7.94716 8.09511 7.24638 7.2659 7.08923 12.2539 18.8884 16.1783 7.02051 6.94555 8.53487 8.13865 8.37052 8.35929 8.06667 7.34305 7.0008 6.64693 7.80944 7.26661 7.31569 7.098 6.51636 6.3 6.26612 6.06061 9.61696 5.56888 5.84416 6.69394 5.12929 8.86166 4.6549 4.65163 4.58009 4.55463 5.88984 5.52812 4.12903 3.42857 2.56764 2.53266 2.5037 2.38509 2.14286 1.91255
threshold=1395.4000000000003 4.7500000000000009 3328.5295765144406 500.77694915088699 11591.130000000003 1304.0115000000003 20.100000000000005 8.9750000000000014 11615.200000000003 13395.200000000003 41.250000000000007 53.750000000000007 48.95000000000001 92.750000000000014 102.39500045776369 1337.1000000000001 2597.5000000000005 0.052083333333333336 0.46180555555555564 451.50659503951812 3913.0100000000007 6.3750000000000009 7.4250000000000007 128.25000000000003 81.750000000000014 1509.0000000000002 33090.600000000013 30412.300000000003 3693.6500000000005 1601.7 14439.800000000001 0.99150000000000016 734.99673958333346 0.66319444444444453 1.3735000000000002 10.775000000000002 31460.100000000002 91.250000000000014 36003.100000000006 1.0660000000000003 531.69052354068083 59.750000000000007 243.90000000000003 3159.1000000000004 1053.9650000000004 102.51499938964845 417.85973684210529 148.50000000000003 30927.600000000002 102.03499984741212 4712.9900000000007 5279.8150000000014
decision_type=2 2 2 2 2 2 2 2 2 2 2 2 2 2 2 2 2 2 2 2 2 2 2 2 2 2 2 2 2 2 2 2 2 2 2 2 2 2 2 2 2 2 2 2 2 2 2 2 2 2 2 2
left_child=2 14 3 31 5 39 7 15 -9 -10 11 12 -3 29 -2 -4 22 20 21 -20 -18 38 48 25 30 36 27 -27 -26 -14 -25 47 -33 34 -11 -36 37 -12 -19 -5 -40 -21 43 -43 -34 -42 -38 -1 -17 -44 -16 -29
right_child=1 10 6 4 -6 -7 -8 8 9 33 23 -13 13 -15 50 16 17 18 19 41 -22 -23 -24 24 28 26 -28 51 -30 -31 -32 32 44 -35 35 -37 46 -39 40 -41 45 42 49 -45 -46 -47 -48 -49 -50 -51 -52 -53
leaf_value=1.488724281783026 0.0056061295871340667 0.015281311071332309 -0.26805354117545266 0.046980636844803865 -0.045605300282889442 -0.00050970950031248383 -0.76156115145481074 -0.47680867729696841 0.9616939054827629 -0.90833310071601658 -0.0067890241945477497 -0.013964969980262119 -0.50883533736285669 0.022288424090993138 0.039638038036603145 -0.59433358362075961 0.00043253924939494883 0.0021053844775637941 0.67604314525111509 -0.21124686515427002 -1.7264187000151552 -0.020030552720303279 0.0047998168847524459 -0.1427155869500423 0.00074835499597456813 -0.010849388524673858 -0.0056661658243361132 0.0092984283686293797 0.053486004945102097 -0.010016286554124103 0.0019321349556374592 -2.794969089827656 0.12405858776974958 0.14078820331644973 0.34038064016658964 -0.24876671916541171 0.46173289135775619 0.079797073855421272 0.03102377473736076 0.079454608494145304 1.320170486810978 -0.70667012882014724 -0.49171379095317819 0.030016918474143735 -0.025648779531915564 0.02155418729057337 0.41715839805082633 0.011207653429550107 -1.8849425540942668 -0.015938946445418319 0.030663838119333774 0.0014934717598407284
leaf_weight=21 30 38 20 28 21 24 20 20 20 28 26 23 21 24 20 30 30 29 29 28 30 28 20 33 28 20 27 22 22 24 39 26 31 23 24 20 32 25 24 29 21 29 25 34 31 21 26 23 24 21 28 20
leaf_count=21 30 38 20 28 21 24 20 20 20 28 26 23 21 24 20 30 30 29 29 28 30 28 20 33 28 20 27 22 22 24 39 26 31 23 24 20 32 25 24 29 21 29 25 34 31 21 26 23 24 21 28 20
internal_value=0.000573529 0.0017803 -0.000192308 0.00136752 0.00352941 0.00506173 -0.000802676 -0.000588235 0.00155556 0.00252174 0.0012 -0.000769231 0.000654206 -0.00246377 0.00512821 -0.00124153 -0.000969267 -0.000315186 0.000380623 -0.00108434 -0.00366667 0.00235772 -0.00405405 0.002 0.000163934 0.00313131 0.00101124 0.00290323 0.0032 -0.006 -0.00194444 -0.00030303 -0.00181818 0.00136842 0 0.00227273 0.00486239 0.00254902 0.00368421 0.00719298 0.00515152 -0.00211679 -0.00119266 0.000793651 0.000322581 0.00714286 0.00689655 0.00272727 -0.00592593 -0.00391304 0.0075 0.0052381
internal_weight=1360 528 832 234 102 81 598 578 135 115 450 130 107 69 78 443 423 349 289 166 60 123 74 320 122 198 89 62 50 45 72 132 88 95 72 44 109 51 95 57 66 137 109 63 62 42 58 44 54 46 48 42
internal_count=1360 528 832 234 102 81 598 578 135 115 450 130 107 69 78 443 423 349 289 166 60 123 74 320 122 198 89 62 50 45 72 132 88 95 72 44 109 51 95 57 66 137 109 63 62 42 58 44 54 46 48 42
is_linear=0
shrinkage=0.01


Tree=147
num_leaves=52
num_cat=0
split_feature=62 82 61 77 89 98 42 4 78 11 91 16 65 65 69 11 94 22 90 83 89 89 100 91 89 68 6 89 46 89 77 42 21 1 90 79 16 65 91 40 42 30 78 69 89 79 77 69 6 40 90
split_gain=8.25508 12.0868 9.82458 8.15142 8.78436 7.99329 8.11903 8.6525 8.06841 7.94972 12.5229 9.82311 10.165 11.2383 8.62817 11.5255 8.21848 8.34517 7.56 7.41026 7.35782 8.79667 6.8654 6.63135 6.62823 6.09524 5.93536 5.78511 5.5071 7.07816 8.45079 5.98403 8.4362 11.4882 10.4451 7.68 5.44713 5.57739 5.17082 5.11244 4.75859 7.75928 7.81385 4.53879 4.49426 6.10783 4.66667 4.13878 6.00302 3.4195 3.09298
threshold=883.2315000000001 -146.97249999999994 36862.100000000006 3346.268433993203 1065.9745687500001 0.045138888888888895 141.55000305175784 8673.7000000000025 454.89294097222228 33238.450000000004 26199.992756250005 4781.7000000000007 28061.600000000002 28985.300000000003 34974.700000000004 37092.600000000006 567726.73491500015 85.250000000000014 1930.8901500000004 2088.9000000000001 1121.9863687500001 1500.06601875 0.66319444444444453 29459.890881250005 1423.0497937500002 1508.2500000000002 4883.2500000000009 1132.4885812500002 105.314998626709 1318.0276687500002 4148.3560407497944 118.20000076293947 29.275000000000002 14883.250000000002 2042.6458500000001 550.47013828753666 6163.3500000000013 32129.850000000002 23116.904893750001 77.750000000000014 178.37500000000003 81.250000000000014 1094.8099062500003 30490.950000000004 911.94211875000008 616.70506679246262 4066.2024525456395 31171.750000000004 7904.005000000001 138.25000000000003 1620.4576500000005
decision_type=2 2 2 2 2 2 2 2 2 2 2 2 2 2 2 2 2 2 2 2 2 2 2 2 2 2 2 2 2 2 2 2 2 2 2 2 2 2 2 2 2 2 2 2 2 2 2 2 2 2 2
left_child=3 27 9 5 22 8 7 -7 19 24 38 16 26 18 15 20 50 -18 -14 -1 -15 -22 44 -17 40 -16 39 -2 29 30 -6 32 33 -31 35 -35 -25 -38 -11 -13 41 42 -3 -40 45 46 -5 -30 -49 -33 -12
right_child=1 2 -4 4 28 6 -8 -9 -10 10 11 12 13 14 25 23 17 -19 -20 -21 21 -23 -24 36 -26 -27 -28 -29 47 31 -32 49 -34 34 -36 -37 37 -39 43 -41 -42 -43 -44 -45 -46 -47 -48 48 -50 -51 -52
leaf_value=2.1466825999615029 0.32433083668957952 1.3699182341274585 -0.072552771696197102 -1.7952388890096243 -0.023147938229008656 0.094759829505036794 0.153248474011598 -0.40100180156772186 -0.91462765022831249 0.0016370735409115137 0.75506943024800022 0.0099426597453985046 0.01114460038940731 -0.005533287726276869 1.906828475483358 -0.013779787621708443 0.01954353193796448 -0.0043067317947124411 0.016459365131650309 -0.045093676497859135 0.020807288045291267 -5.5450995333857224e-05 0.026887450148617917 0.011084973121011145 0.11393749104779467 0.00051517544821174624 -0.013736346967173312 0.01425601396798939 -0.00057340704084030169 0.1293814976652857 0.097287940646587426 -0.74654061668382043 0.088256366563307584 -0.053939116084459275 -0.052119628354693325 0.012251205220517874 -0.00027195998657404295 -0.039471975500135939 0.008894091741125194 -0.0070914590062516516 0.010898530469536238 -0.77889892676546069 -0.40783738383804774 0.022127949187529625 -1.0191226238074333 0.012054359126097565 -0.23430086838004274 0.039110454102376492 0.0052428678993672448 -0.058357358432258755 0.06470038168313165
leaf_weight=27 25 22 35 21 38 21 23 20 27 20 26 20 35 21 21 36 23 29 25 25 27 22 23 39 27 21 29 37 21 20 37 34 21 30 27 20 34 21 32 23 24 37 20 26 20 20 21 27 22 38 20
leaf_count=27 25 22 35 21 38 21 23 20 27 20 26 20 35 21 21 36 23 29 25 25 27 22 23 39 27 21 29 37 21 20 37 34 21 30 27 20 34 21 32 23 24 37 20 26 20 20 21 27 22 38 20
internal_value=0.000573529 0.00124839 0.000881119 -0.000325901 -0.001 0.00174825 0.004375 0.00170732 -0.000379747 0.00114706 0.00167273 0.00105932 0.000320856 0.00112583 0.000165289 -0.0007 0.00387755 0.00115385 0.005 0.00192308 0.00257143 0.00469388 -0.00352381 -0.00246154 -0.00107692 0.00428571 -0.00305556 0.00548387 -0.000208955 -0.000867925 0.00173333 -0.00189474 -0.000508475 -0.00175258 -0.00350649 -0.0008 -0.00106383 -0.00309091 0.00538462 -0.000697674 -0.00223301 -0.00341772 -0.00047619 0.00689655 -0.00487805 -0.00354839 -0.00571429 0.00228571 0.00387755 -0.00416667 0.00695652
internal_weight=1360 777 715 583 440 143 64 41 79 680 550 472 374 302 242 200 98 52 60 52 70 49 105 130 130 42 72 62 335 265 75 190 118 97 77 50 94 55 78 43 103 79 42 58 82 62 42 70 49 72 46
internal_count=1360 777 715 583 440 143 64 41 79 680 550 472 374 302 242 200 98 52 60 52 70 49 105 130 130 42 72 62 335 265 75 190 118 97 77 50 94 55 78 43 103 79 42 58 82 62 42 70 49 72 46
is_linear=0
shrinkage=0.01


Tree=148
num_leaves=50
num_cat=0
split_feature=71 76 77 41 4 14 73 68 73 35 74 83 19 94 76 63 26 19 39 14 29 93 83 41 79 4 79 35 6 94 3 37 44 76 3 45 26 63 34 75 37 20 19 37 74 36 41 45 35
split_gain=8.54776 8.46374 8.08539 7.10931 6.59382 8.40343 6.20543 9.14479 7.21605 8.35372 7.79221 6.03492 9.58054 9.92744 8.24231 7.68421 6.17998 5.71034 9.73913 12.1588 7.37493 10.6544 14.718 9.50581 9.24751 8.84358 8.65644 7.47797 7.21701 6.16713 11.3682 8.1548 8.59649 6.66648 6.4 6.09524 5.81029 5.71825 5.22011 5.13778 4.90726 7.2 11.04 5.39401 4.85869 4.05273 5.15627 3.50831 2.70941
threshold=1268.3245000000002 31076.688541666674 3586.1657957182765 64.750000000000014 1586.6750000000002 10096.35 1557.5500000000002 1778.5500000000002 1340.2500000000002 23.075000000000006 1093.3721666666668 2267.0500000000015 361.50000000000006 556213.95312406274 33355.794791666674 31504.050000000003 18.750000000000004 361.50000000000006 109.25000000000001 16014.600000000002 79.250000000000014 415.18881578947372 2088.9000000000001 85.750000000000014 561.99498083480262 9538.470000000003 487.48922027327848 26.325000000000006 7843.9000000000005 630879.96120625024 12201.500000000002 24.750000000000004 3.5394999980926518 34863.771875000013 14449.750000000002 25102.500000000004 5.2500000000000009 32035.250000000004 72.250000000000014 332.47261526654944 95.750000000000014 96.250000000000014 198.95000000000002 71.750000000000014 526.7209375000001 87.750000000000014 54.750000000000007 25070.000000000004 26.225000000000005
decision_type=2 2 2 2 2 2 2 2 2 2 2 2 2 2 2 2 2 2 2 2 2 2 2 2 2 2 2 2 2 2 2 2 2 2 2 2 2 2 2 2 2 2 2 2 2 2 2 2 2
left_child=4 2 3 -2 -1 39 7 8 9 -7 -10 12 -3 -14 -13 -16 -15 18 -11 40 21 22 47 -23 26 28 -24 44 29 31 -31 -22 33 36 -34 -26 -33 -29 -8 -6 41 -20 -43 -44 -27 46 -4 -19 -9
right_child=1 11 45 -5 5 6 38 48 10 17 -12 14 13 16 15 -17 -18 20 19 -21 25 23 24 -25 35 27 -28 37 -30 30 -32 32 34 -35 -36 -37 -38 -39 -40 -41 -42 42 43 -45 -46 -47 -48 -49 -50
leaf_value=0.06853433121225351 -0.0070168395840704148 0.033654403902241128 0.42611666469795167 0.0032504585573051776 -0.26391436030468973 0.7671726640553681 0.0016266656698021437 -0.042339810550321599 -1.2967908959057395 -1.7772865001195279 0.017394345102740287 -0.0045035693958802459 0.031220141469512741 -0.0089840602340295929 0.01879948158553886 -0.0074248419825410032 0.0029144294546131011 -0.19408709815604325 -0.34953701819715705 -0.11324227761547227 0.061877703711320481 3.8717709347758142 0.20689372601557471 -0.045680468269201142 -0.021033380830782641 1.1619514091441037 -4.0959485437188308 -0.025962138765893598 -0.10307394592921214 -0.014576829534412252 0.042072684747138912 -0.00022902718457124276 -1.7590232813249123 -0.0075293695001879589 -0.0073964721948078108 1.7685501359846034 0.40901591464856618 0.048979803942029679 0.01085538323167818 -2.5021393258815379 0.61638205211806796 1.3495152801749837 0.073716705914619304 -1.4896838550063602 0.047868040609563636 0.014594650825372408 0.00082375774143050656 -1.6891588428412216 -1.0818186473518003
leaf_weight=25 27 22 27 32 25 34 39 20 33 23 21 28 31 37 36 31 26 21 28 36 22 27 20 22 21 28 29 39 21 28 39 39 20 28 20 21 28 35 28 20 27 23 27 20 37 20 26 22 21
leaf_count=25 27 22 27 32 25 34 39 20 33 23 21 28 31 37 36 31 26 21 28 36 22 27 20 22 21 28 29 39 21 28 39 39 20 28 20 21 28 35 28 20 27 23 27 20 37 20 26 22 21
internal_value=0.000588235 0.00195335 0.00393939 0.00118644 0.000127827 0 0.000200634 -2.27273e-05 0.000202622 0.00044586 -0.00333333 0.0007109 0.00224138 0.000851064 -0.00115789 0.000746269 -0.00142857 0.000226365 -0.00130435 -0.000434783 0.000723104 -0.000928962 -0.00238806 0.00306122 -0.00010989 0.00151042 -0.00306122 0.00352518 0.000367347 0.000892857 0.00343284 -0.000191083 -0.00111111 0.000526316 -0.005 0.00333333 0.00223881 0.00135135 0.00313433 -0.00422222 0.00104 0 0.00171429 -0.00106383 0.006 0.00616438 0.00471698 -0.0072093 -0.00463415
internal_weight=1360 343 132 59 1017 992 947 880 839 785 54 211 116 94 95 67 63 751 184 161 567 183 134 49 91 384 49 139 245 224 67 157 135 95 40 42 67 74 67 45 125 98 70 47 65 73 53 43 41
internal_count=1360 343 132 59 1017 992 947 880 839 785 54 211 116 94 95 67 63 751 184 161 567 183 134 49 91 384 49 139 245 224 67 157 135 95 40 42 67 74 67 45 125 98 70 47 65 73 53 43 41
is_linear=0
shrinkage=0.01


Tree=149
num_leaves=51
num_cat=0
split_feature=11 91 4 68 73 11 42 38 8 35 31 38 98 67 41 38 35 2 31 31 68 36 7 73 97 48 73 88 98 43 30 31 97 92 2 91 43 11 34 23 83 30 79 19 1 30 7 0 11 2
split_gain=7.23885 15.0201 10.5647 9.63821 8.45998 8.12247 12.2164 9.44895 7.86003 10.1846 8.01687 7.42934 8.55174 6.83389 8.31448 7.07706 6.53031 8.06421 6.51885 6.97506 6.89312 6.51174 6.27125 6.30195 8.03913 6.22593 6.17544 6.11386 5.76156 6.47138 7.37603 5.58072 5.36276 5.05806 9.37158 8.1 4.80081 4.73377 4.53027 4.4145 4.3645 3.75398 3.60818 3.49464 3.33528 3.18182 3.01467 2.5 1.6 0.459574
threshold=33238.450000000004 26199.992756250005 11501.250000000002 724.56350000000009 1551.3000000000002 38335.350000000006 138.32500457763675 2.9750000000000005 413.47486842105269 26.725000000000005 6.3750000000000009 5.9750000000000014 0.065972222222222238 33059.150000000009 80.750000000000014 5.9750000000000014 24.175000000000001 2394.4500000000003 9.9250000000000025 3.0250000000000004 1142.7500000000002 87.750000000000014 254.80500000000004 1093.5130000000001 0.34375000000000006 1.0000000180025095e-35 947.34050000000013 9599.1683333333367 0.39930555555555564 93.274997711181655 62.250000000000007 13.025000000000002 0.072916666666666671 31644.572087500004 2580.4500000000003 24673.997500000001 75.974998474121108 35254.55000000001 68.250000000000014 98.250000000000014 2259.1000000000008 84.250000000000014 510.55534246852932 857.10000000000014 14611.200000000003 95.250000000000014 20.505000000000006 34183.750000000007 36777.700000000004 2758.3000000000006
decision_type=2 2 2 2 2 2 2 2 2 2 2 2 2 2 2 2 2 2 2 2 2 2 2 2 2 2 2 2 2 2 2 2 2 2 2 2 2 2 2 2 2 2 2 2 2 2 2 2 2 2
left_child=3 2 33 21 22 7 8 -3 9 10 26 16 -13 14 15 -10 -9 -18 19 -15 42 -1 23 24 25 -5 -7 36 37 30 48 -20 -11 34 35 -2 -19 -14 -32 43 -40 -39 -21 -38 49 -44 -27 -17 -30 -36
right_child=1 5 -4 4 -6 6 -8 11 13 32 -12 12 28 18 -16 47 17 27 31 20 -22 -23 -24 -25 -26 46 -28 -29 29 -31 38 -33 -34 -35 44 -37 39 41 40 -41 -42 -43 45 -45 -46 -47 -48 -49 -50 -51
leaf_value=1.4516330459064346 0.01834648000242874 0.04353278104050283 -0.084697839804778866 -0.012250116090219053 0.062191758606267335 0.49461352457447361 -0.022299813475864207 -0.16477490049775986 -0.0086316910269108107 -0.9909579485952531 0.0050037501175249008 -0.025360959649429773 0.029588620761261595 0.016276811015139371 -0.02680222906029487 0.010156856530322554 0.018801700471029095 -0.041984948776040268 0.12696666897429826 0.0019552671744976786 -0.014525507510161852 -0.0048732346971504361 0.0082523164778732869 -3.6949385035316267 0.070235191699674016 -1.6688094757610099 0.21829304605745881 -0.096202253811907112 -0.0072161184267386502 -0.0071157758844126312 0.011101287671432916 -0.0052043898650750344 0.030907940054817611 0.015303866973938311 0.047913245082064411 -0.02922197930971681 -0.10177546130897827 0.91694034762027454 -0.0026941837261800551 0.010120286368898562 0.019710573153667407 0.024040902237600498 -0.24602819962754643 0.0031854121544481052 0.0071501184224611334 -0.014983889110071836 -0.44474663606887588 0.11783441932825967 0.0015967291712736527 0.13740116299450983
leaf_weight=29 20 37 26 27 26 33 30 20 38 34 39 33 33 22 24 20 20 22 20 25 33 34 22 34 20 22 24 38 20 24 26 21 27 31 20 20 23 25 20 30 22 38 35 26 37 20 23 20 20 27
leaf_count=29 20 37 26 27 26 33 30 20 38 34 39 33 33 22 24 20 20 22 20 25 33 34 22 34 20 22 24 38 20 24 26 21 27 31 20 20 23 25 20 30 22 38 35 26 37 20 23 20 20 27
internal_value=0.000617647 0.000952805 0.00359116 -0.000970464 -0.00218391 0.00044586 -0.000494624 0.00136268 -6.89655e-05 0.00171975 0.00375 0.000954545 0.00203065 -0.00107914 0.000980392 0.0025641 -0.000614525 6.28931e-05 -0.00227273 -0.00333333 -0.00433628 0.00238095 -0.00310811 -0.00396825 -0.0026087 -0.00416667 0.00614035 -0.000791367 0.0027193 0.00136364 0.00240741 0.00121951 -0.00147541 0.00458065 0.00548387 0.0015 0.00049505 0.00458333 0.00441176 0.00164557 0.00238095 0.00619048 -0.00275 -0.000204082 0.00738095 -0.00418182 -0.00644444 0.0055 -0.001 0.00914894
internal_weight=1360 1123 181 237 174 942 465 477 435 157 96 440 261 278 102 78 179 159 176 135 113 63 148 126 92 72 57 139 228 132 108 41 61 155 124 40 101 96 68 79 42 63 80 49 84 55 45 40 40 47
internal_count=1360 1123 181 237 174 942 465 477 435 157 96 440 261 278 102 78 179 159 176 135 113 63 148 126 92 72 57 139 228 132 108 41 61 155 124 40 101 96 68 79 42 63 80 49 84 55 45 40 40 47
is_linear=0
shrinkage=0.01


Tree=150
num_leaves=52
num_cat=0
split_feature=4 29 3 31 91 75 19 31 33 31 98 33 6 67 67 6 82 33 30 26 30 30 41 1 38 67 67 67 36 30 26 41 19 13 38 59 3 30 91 19 75 32 38 56 100 17 19 17 100 16 91
split_gain=11.0217 7.63435 7.22302 8.43025 7.54628 7.5919 11.6201 8.96031 7.87703 9.45082 7.60784 7.63065 7.1873 7.07151 7.04902 6.4738 6.16455 6.14464 9.85924 8.01758 5.96045 6.29109 5.94978 5.5857 7.37555 8.98837 8.83072 14.6032 10.7829 8.47456 11.0481 13.9294 6.97316 6.82341 6.33626 5.63478 5.54029 5.15106 7.07843 7.74287 4.9665 4.87703 4.39921 4.38094 4.37576 4.35596 4.16186 3.87879 3.61797 2.14286 1.89394
threshold=1586.6750000000002 95.750000000000014 11615.200000000003 11.725000000000001 25875.008762500005 541.57035818025577 1333.2000000000003 6.8750000000000009 2.2500000000000004 16.875000000000004 0.079861111111111119 20.750000000000004 7990.5400000000009 34523.650000000009 30815.850000000002 12244.245000000003 177.1700000000001 79.250000000000014 98.250000000000014 38.750000000000007 89.750000000000014 53.750000000000007 73.750000000000014 13582.800000000001 5.8750000000000009 28613.950000000004 35198.350000000006 32416.050000000003 87.250000000000014 57.750000000000007 55.250000000000007 62.750000000000007 1036.1500000000003 3852.2500000000005 4.8250000000000011 -0.68301270189221952 13725.250000000002 48.750000000000007 24833.884287500001 541.05000000000007 630.74704183331698 74.250000000000014 6.0750000000000011 1.0000000180025095e-35 0.13541666666666671 118.10000000000001 815.80000000000007 29.100000000000005 0.18402777777777782 4898.9000000000005 31335.209356250001
decision_type=2 2 2 2 2 2 2 2 2 2 2 2 2 2 2 2 2 2 2 2 2 2 2 2 2 2 2 2 2 2 2 2 2 2 2 2 2 2 2 2 2 2 2 2 2 2 2 2 2 2 2
left_child=-1 2 3 12 17 8 10 13 43 15 -7 -12 37 -8 -13 23 -5 41 19 -19 21 -16 -22 36 26 -26 27 28 33 32 31 -31 45 -25 -28 -33 -10 47 49 -40 -9 -4 -24 -6 -29 -27 -37 -2 -30 -39 -32
right_child=1 -3 4 16 5 6 7 40 9 -11 11 14 -14 -15 20 -17 -18 18 -20 -21 22 -23 42 24 25 29 34 44 48 30 50 35 -34 -35 -36 46 -38 38 39 -41 -42 -43 -44 -45 -46 -47 -48 -49 -50 -51 -52
leaf_value=0.016075834149005402 0.01155973808728052 0.018328333876537071 0.0028530954772234885 0.033985514648529967 0.19437594844578024 -0.088290167330027494 -0.02682935779425891 -0.83700328525103818 0.0009063686560374473 -0.026483736596705013 -0.013998099261648109 0.036197169344545081 1.6141811712616863 0.014060068880865787 0.014471861322385546 -0.14237131944585138 -0.057060502723496997 -0.030789624766455779 -0.030505479358312548 0.025784432777898943 1.6760732026781171 -0.16198851782102838 -0.0040239950608407559 0.0078910138758613909 0.046739905616587828 -0.0063523429605244599 0.076710817890101909 -0.14552922552675585 0.010976987215783052 0.052146249392947298 1.972307990761434 0.036761954470924944 -0.02984769316582029 -0.86501949367152453 -0.016758376030844291 -0.0014106326961011448 -0.3885305030724362 -0.78413224021286332 0.0280901908010876 -0.11606131054061707 -0.075774192345450159 0.050067452859856608 0.024311176447674616 0.0051808174860677424 -0.5684408914958391 0.011299085590666096 -0.033378566159831112 -0.027501094455352596 0.75823611579707806 -1.6982004748176545 0.035024313893542068
leaf_weight=25 25 29 26 26 24 29 35 29 28 24 24 28 22 24 24 20 20 24 21 34 21 23 29 26 23 25 39 33 23 35 24 29 23 20 21 25 24 20 23 31 35 36 21 29 22 26 22 30 25 28 20
leaf_count=25 25 29 26 26 24 29 35 29 28 24 24 28 22 24 24 20 20 24 21 34 21 23 29 26 23 25 39 33 23 35 24 29 23 20 21 25 24 20 23 31 35 36 21 29 22 26 22 30 25 28 20
internal_value=0.000221893 9.79653e-05 -1.54083e-05 -0.00164444 0.000326188 0 -0.00124224 -0.00365854 0.000655738 0.000305206 0.000251256 0.00105882 -0.0026257 -0.000847458 0.00191781 0.000581614 0.00217391 0.00248227 0.000632911 0.00275862 0.000847458 -0.00191489 0.00267606 0.00079922 0.00114967 0.00230159 -0.000239234 -0.00154362 0.000851064 0.00170306 0.00303226 0.00135135 -0.00108108 -0.0026087 0.003 -0.00105263 -0.00230769 -0.0033758 -0.00470588 -0.00222222 -0.00625 0.00483871 0.0008 0.00433962 -0.00563636 0.000980392 -0.00319149 -0.000909091 0.00416667 -0.0075 0.00727273
internal_weight=1352 1327 1298 225 1073 932 322 123 610 557 199 170 179 59 146 533 46 141 79 58 118 47 71 513 461 252 209 149 94 229 155 111 74 46 60 76 52 157 102 54 64 62 50 53 55 51 47 55 48 48 44
internal_count=1352 1327 1298 225 1073 932 322 123 610 557 199 170 179 59 146 533 46 141 79 58 118 47 71 513 461 252 209 149 94 229 155 111 74 46 60 76 52 157 102 54 64 62 50 53 55 51 47 55 48 48 44
is_linear=0
shrinkage=0.01


Tree=151
num_leaves=51
num_cat=0
split_feature=4 69 1 1 36 61 30 19 71 94 34 19 26 1 1 34 3 43 20 75 34 63 10 93 68 78 43 19 6 19 21 14 45 43 3 4 68 17 69 63 17 28 3 13 17 35 46 10 40 36
split_gain=10.9722 8.47781 9.81061 9.3587 8.8841 8.78115 10.9706 7.53391 6.70307 10.0699 7.05734 6.62053 6.14631 9.50303 8.5071 11.4819 10.2475 7.73645 6.85069 8.73766 8.71578 7.17271 5.76471 5.74473 9.33649 8.70377 8.32408 7.08204 10.3939 9.00014 6.37952 5.69567 6.95922 5.47954 5.73854 5.47236 5.15841 9.03218 5.15377 6.46923 6.97731 5.00923 4.84848 4.58046 4.40816 4.34295 4.30372 4 3.98629 2.70941
threshold=1586.6750000000002 32357.800000000007 11919.35 14242.000000000002 85.750000000000014 28490.850000000002 69.250000000000014 532.60000000000002 1277.5695000000003 634279.9454537502 74.250000000000014 1333.2000000000003 135.75000000000003 15584.900000000001 14888.675500000001 96.250000000000014 14844.900000000001 74.36999893188478 2259.3500000000004 323.22692613099076 65.750000000000014 29684.200000000004 33622.650000000001 404.54520238095245 1455.6000000000001 1320.499291666667 85.130001068115249 936.30000000000007 12291.880000000003 1303.2500000000002 26.325000000000006 16834.250000000004 24678.000000000004 80.590000152587905 14314.6 9350.2900000000027 1065.5325000000003 14.800000000000002 33944.250000000007 31914.150000000005 167.10000000000002 25.425000000000004 14769.250000000002 2659.0000000000005 61.500000000000007 26.525000000000002 103.60499954223634 29216.800000000003 117.75000000000001 81.750000000000014
decision_type=2 2 2 2 2 2 2 2 2 2 2 2 2 2 2 2 2 2 2 2 2 2 2 2 2 2 2 2 2 2 2 2 2 2 2 2 2 2 2 2 2 2 2 2 2 2 2 2 2 2
left_child=-1 2 4 7 -2 -5 11 -3 12 10 33 31 14 -14 16 22 17 36 19 -19 46 35 -16 -8 26 41 27 30 29 -29 -25 32 48 -10 47 -22 37 -4 -31 -40 -41 44 -11 -27 -26 -33 -21 -35 -7 -38
right_child=1 3 8 5 -6 6 23 -9 9 42 -12 -13 13 -15 15 -17 -18 18 -20 20 21 -23 -24 24 25 43 -28 28 -30 38 -32 45 -34 34 -36 -37 49 -39 39 40 -42 -43 -44 -45 -46 -47 -48 -49 -50 -51
leaf_value=0.01591507580751535 0.0034923430739269888 -2.7796901440763295 0.028981642284349116 0.015102474078786843 -1.3022732039784237 0.0064958472294080515 0.039319247913147233 -0.018861854325570474 0.03433470471125806 0.023805155260809521 -0.010563524634838721 -0.064531846514170876 -0.039830094253329597 5.1832558799478026 -0.070794059516844976 -2.7825680161321125 0.16136820976618801 0.039518717022061181 -0.063876270125599266 0.022154327791482017 -0.0099178445308470402 1.6267484392543872 0.044614494449722528 -0.22357347472553005 -0.8286332523985277 -0.0048911427227840741 -0.54407349266143168 2.4430560444877956 -0.031569213877841201 0.021341391121840466 0.023636254601945562 -0.69081819060095395 0.10085729225039437 -0.0013994209794756178 -0.0013965263691401333 0.0064761602332859816 -0.018452682097086504 -1.407619263822808 -0.28311844812819359 -0.00028771521846792324 0.14206077367581749 -0.67509741010925473 0.0016509488339459335 0.038913014681557917 0.0007998444997314991 -0.020559624883737943 0.025287161212300156 0.0092000909550759239 -0.025485746529259525 -1.0360136446048305
leaf_weight=25 33 23 37 23 25 20 39 25 34 33 33 33 20 24 36 21 26 36 35 33 31 21 32 34 25 23 30 38 22 22 20 20 20 20 31 35 20 21 20 31 21 20 22 21 24 27 20 25 21 21
leaf_count=25 33 23 37 23 25 20 39 25 34 33 33 33 20 24 36 21 26 36 35 33 31 21 32 34 25 23 30 38 22 22 20 20 20 20 31 35 20 21 20 31 21 20 22 21 24 27 20 25 21 21
internal_value=0.000236686 0.000113037 0.000841379 -0.00076412 -0.00310345 -0.000397112 -0.000659134 -0.005 0.00118441 0.00272727 0.00132867 -0.00304965 0.000533049 0.00409091 0.000164706 -0.00258427 0.000892857 0.000387097 0.00146919 0.00227273 0.00114286 -0.000804598 -0.000588235 0.000205128 -0.00019943 -0.00256637 0.00092437 0.00163462 0.00272727 0.00378788 -0.00148148 -0.00185185 0.000163934 0.00254545 0.00105263 -0.00242424 -0.00191919 0 0.00212766 0.000833333 0.00269231 -0.00478261 0.00636364 0.000909091 -0.00306122 -0.00446809 0.00433962 0.00333333 -0.00219512 -0.00463415
internal_weight=1352 1327 725 602 58 554 531 48 667 198 143 141 469 44 425 89 336 310 211 176 140 87 68 390 351 113 238 208 154 132 54 108 61 110 76 66 99 58 94 72 52 69 55 44 49 47 53 45 41 41
internal_count=1352 1327 725 602 58 554 531 48 667 198 143 141 469 44 425 89 336 310 211 176 140 87 68 390 351 113 238 208 154 132 54 108 61 110 76 66 99 58 94 72 52 69 55 44 49 47 53 45 41 41
is_linear=0
shrinkage=0.01


Tree=152
num_leaves=48
num_cat=0
split_feature=71 94 72 82 72 84 65 19 19 72 0 69 20 20 84 22 20 77 13 24 46 10 22 19 83 91 13 30 24 100 39 39 0 80 0 37 81 77 39 40 11 77 91 72 60 79 69
split_gain=8.2112 9.42431 10.5799 7.76298 6.79452 6.91213 6.57106 7.76142 8.58573 6.9843 6.46658 7.74981 6.84572 9.18179 8.48485 8.75826 7.79605 10.4398 7.52505 7.23757 7.82753 6.75765 9.54113 12.5921 8.36488 7.53014 7.37605 9.08377 6.51429 6.22904 5.71667 5.54837 5.40541 5.30196 5.18627 4.81333 4.77686 6.91637 4.66667 5.76037 4.56673 4.52372 6.61738 4.45455 4.3482 4.13382 3.87851
threshold=1282.0450000000003 653420.36070625018 888.66700000000003 -971.95499999999981 1778.5500000000002 1054.6253437500002 26639.900000000005 1101.2500000000002 1745.0500000000004 1285.0135000000002 26198.700000000001 26353.000000000004 1892.7 1734.3000000000002 357.5684270833334 68.750000000000014 2419.3000000000006 4061.9134943493136 1932.8000000000002 13.475000000000001 102.89500045776369 41166.350000000013 84.250000000000014 198.95000000000002 2900.3500000000026 25333.320181250001 10681.85 61.750000000000007 11.125000000000002 0.32986111111111116 185.25000000000003 141.25000000000003 36958.700000000004 31906.949652777781 32834.000000000007 85.250000000000014 4516.7335329813641 4148.3560407497944 173.25000000000003 128.25000000000003 35867.100000000013 4076.5077576887334 30015.031093750007 928.10000000000014 718.46600000000012 487.48922027327848 35372.55000000001
decision_type=2 2 2 2 2 2 2 2 2 2 2 2 2 2 2 2 2 2 2 2 2 2 2 2 2 2 2 2 2 2 2 2 2 2 2 2 2 2 2 2 2 2 2 2 2 2 2
left_child=3 2 -2 -1 10 -6 -4 9 31 -8 11 -5 13 19 -14 -16 17 -17 -18 21 44 22 28 43 25 40 27 30 38 -13 -27 -9 -23 -3 -35 -20 37 45 -12 -40 -25 42 -11 -24 -21 -29 -28
right_child=1 33 6 4 5 -7 7 8 -10 41 12 29 14 -15 15 16 18 -19 35 20 -22 32 23 24 -26 26 46 36 -30 -31 -32 -33 -34 34 -36 -37 -38 -39 39 -41 -42 -43 -44 -45 -46 -47 -48
leaf_value=-1.0078183352479331 -0.049333387331020412 0.019405097953495324 1.1039632774552066 0.0069804621069086718 -2.1807852212515617 -0.0024798202031367906 0.93971309833679362 -0.010341584331258835 0.0009840760083348471 -0.0094458647995063535 0.026594253011204851 -0.79886213442682674 -3.6005683763488765 0.18955176045938071 -0.065668392773391093 0.18951729172930531 -0.0046259605923892775 -0.62819925894844786 0.032196765574086628 0.13793665393378335 2.1092319253467982 -0.62965225871802899 -0.12945007143905091 0.59978248862274608 2.1265305779717738 -0.005464221126614246 0.00048250808163066006 -0.059562095717611861 -0.00064812454298273444 -1.6703956501853885 0.10319133154241222 -0.0014635755623247045 0.0029710939379771163 0.028939085620168115 -0.0041888831943067478 0.017559263004954088 -1.3850199799534242 0.025501959675319999 0.56749140639704854 0.022968081974673794 0.00074886908377971189 0.020787367289908872 0.0089173111835834026 -1.7826494678320408 -0.026016751689503934 -0.036425434831732287 1.4068373616041783
leaf_weight=37 33 34 20 39 20 39 24 21 38 36 28 38 24 29 32 24 22 37 20 20 28 37 22 31 23 20 35 37 30 20 28 22 37 27 24 30 22 26 25 31 20 24 21 22 33 36 26
leaf_count=37 33 34 20 39 20 39 24 21 38 36 28 38 24 29 32 24 22 37 20 20 28 37 22 31 23 20 35 37 30 20 28 22 37 27 24 30 22 26 25 31 20 24 21 22 33 36 26
internal_value=0.000340237 0.0017284 0.000711297 -9.72763e-05 7.06357e-05 -0.00322034 0.0015534 0.000967742 -0.00135802 0.0027619 0.00027897 -0.00216495 0.000562874 0.00105263 -0.00111111 -0.00030303 0.000827068 -0.00180328 0.00305556 0.000794165 0.00358025 0.000373134 0.000822511 0 0.000723684 0.00024911 -0.000521739 -0.00159763 0.00333333 -0.00448276 0.00208333 -0.0044186 -0.00243243 0.00458824 0.00254902 0.0052 -0.00305785 -0.00212121 0.0047619 0.00642857 0.00372549 0.00135802 -0.000175439 -0.005 0.00132075 -0.00369863 0.00245902
internal_weight=1352 324 239 1028 991 59 206 186 81 105 932 97 835 646 189 165 133 61 72 617 81 536 462 348 304 281 230 169 114 58 48 43 74 85 51 50 121 99 84 56 51 81 57 44 53 73 61
internal_count=1352 324 239 1028 991 59 206 186 81 105 932 97 835 646 189 165 133 61 72 617 81 536 462 348 304 281 230 169 114 58 48 43 74 85 51 50 121 99 84 56 51 81 57 44 53 73 61
is_linear=0
shrinkage=0.01


Tree=153
num_leaves=55
num_cat=0
split_feature=4 62 3 85 31 70 75 4 75 76 58 36 7 90 81 57 90 31 93 93 40 82 4 78 1 1 81 5 4 90 39 88 81 36 81 37 60 97 17 23 31 4 7 58 7 30 61 69 30 62 82 78 36 82
split_gain=8.1591 7.49974 7.27903 6.22886 7.43092 6.19543 10.6731 8.33304 8.20733 7.37741 7.8806 7.42837 8.69565 7.76396 10.6976 6.56477 6.38211 6.81233 6.35702 6.22645 5.49373 6.32138 8.40325 10.4507 8.0518 12.0968 5.69563 7.67695 8.12804 5.41461 5.70478 5.01759 5.86725 6.26411 5.0167 4.95939 4.93958 4.49922 6.5561 6.22213 5.62852 4.45728 4.39939 4.31389 5.38189 5.07583 7.88982 5.00961 4.8681 3.92567 3.74657 3.6 3.35361 2.70941
threshold=1586.6750000000002 962.03250000000014 16528.950000000004 1691.3000000000002 5.5250000000000012 1350.0420000000001 326.22487504143709 2456.7900000000004 222.9500756178729 37541.195833333339 0.93301270189221952 78.750000000000014 26.950000000000006 1992.9766500000003 3790.7909348124731 -0.56174490092936669 850.58505000000025 8.3250000000000011 421.3864473684211 418.04631934566152 123.25000000000001 885.26450000000011 10034.330000000002 695.80130208333355 16792.596000000001 16020.050000000001 3984.2032089642425 9936.0550000000021 14186.905000000002 1893.6382500000002 229.75000000000003 7171.5887500000008 4136.4604084679577 88.250000000000014 4141.9038185696018 80.250000000000014 0.10200000000000002 0.093750000000000014 148.90000000000001 78.250000000000014 4.9750000000000005 3105.8350000000005 1691.3850000000002 0.93301270189221952 16.940000000000001 70.750000000000014 31436.000000000004 33063.450000000004 31.750000000000004 1683.3030000000001 -1.0000000180025095e-35 397.30198263888894 87.750000000000014 -0.11949999999999998
decision_type=2 2 2 2 2 2 2 2 2 2 2 2 2 2 2 2 2 2 2 2 2 2 2 2 2 2 2 2 2 2 2 2 2 2 2 2 2 2 2 2 2 2 2 2 2 2 2 2 2 2 2 2 2 2
left_child=-1 2 3 20 -5 9 8 -8 43 10 11 12 -3 14 -13 -10 -9 19 35 -18 21 22 24 26 25 37 51 -28 -29 31 -31 -22 42 -34 -16 -19 -30 39 -39 -2 -41 -17 53 44 -7 48 -47 -48 -46 -50 -42 -24 -36 -33
right_child=1 5 -4 4 -6 6 7 16 15 -11 -12 13 -14 -15 34 41 17 18 -20 -21 29 -23 23 -25 -26 -27 27 28 36 30 -32 32 33 -35 52 -37 -38 38 -40 40 50 -43 -44 -45 45 46 47 -49 49 -51 -52 -53 -54 -55
leaf_value=0.035924550878443762 0.043589134093491327 0.0059851752501754001 0.10319442013389556 0.0082868758503068969 -1.0746441581890627 0.091657247088040489 -0.065011708845657185 -0.054146629399828748 0.032407225586334888 -2.0572790836071113 0.093318454561212849 -0.36518515601180246 -0.92856948820365293 0.52017671866179704 0.52998049667628377 -0.0024135800643736325 2.1276897177019891 -0.038429531801129437 0.0011607285553944168 -0.0044899233524592335 -0.23990459335833464 0.022638776263961866 -0.023630311740049786 0.014090344917231618 -1.6480847814494732 0.31875402979985518 -1.2271167486509524 0.033277374841762963 -0.0026603873235161129 0.019702154139314202 1.2793091226341591 1.592229764753488 -0.26729697891850651 0.012643705773866445 0.017321996382610571 -0.0036650309933387681 -0.99774015189545395 -2.0407114737190666 -0.011422631200038651 -0.011871700357112432 -3.6880807741426431 0.66069764691608868 -0.027082209241144687 0.013359589364953064 -0.0052337415062927621 0.010351628113172449 -0.20479126883405432 -0.0027862246103350463 0.00026195972136417291 0.010646991752670247 -0.94048124209501138 0.025615657373490468 -0.0065519382688365123 3.6371863558640145
leaf_weight=25 29 23 21 23 33 29 22 23 26 23 28 21 23 29 28 24 29 20 33 39 27 23 20 33 20 20 20 27 23 37 26 20 23 20 25 31 21 21 20 24 21 25 22 30 24 21 31 20 20 21 20 20 24 21
leaf_count=25 29 23 21 23 33 29 22 23 26 23 28 21 23 29 28 24 29 20 33 39 27 23 20 33 20 20 20 27 23 37 26 20 23 20 25 31 21 21 20 24 21 25 22 30 24 21 31 20 20 21 20 20 24 21
internal_value=0.000340237 0.00023361 -0.000551181 -0.000749186 -0.00392857 0.000953757 0.000299145 -0.00147208 0.00158672 0.00232143 0.00293532 0.00213873 -0.00130435 0.00338583 0.00204082 0.0044 -0.000742857 0 -0.00190476 0.00235294 -0.000430108 -0.00116022 -0.00150442 0.000121951 -0.00302857 -0.00225806 -0.00114504 -0.00252747 -0.000985915 0.000918367 0.00333333 -0.000225564 0.000754717 -0.00209302 0.00376623 -0.00411765 -0.00363636 -0.00333333 -0.00609756 -0.00212766 -0.00384615 0.0022449 0.00269841 0.000510204 -0.000120482 -0.000948905 -0.00277778 -0.00490196 0.00107692 0.00317073 -0.00609756 0.002 0.00183673 0.00463415
internal_weight=1352 1327 635 614 56 692 468 197 271 224 201 173 46 127 98 75 175 152 84 68 558 362 339 164 175 155 131 91 71 196 63 133 106 43 77 51 44 135 41 94 65 49 63 196 166 137 72 51 65 41 41 40 49 41
internal_count=1352 1327 635 614 56 692 468 197 271 224 201 173 46 127 98 75 175 152 84 68 558 362 339 164 175 155 131 91 71 196 63 133 106 43 77 51 44 135 41 94 65 49 63 196 166 137 72 51 65 41 41 40 49 41
is_linear=0
shrinkage=0.01


Tree=154
num_leaves=53
num_cat=0
split_feature=29 16 2 31 62 68 2 76 100 69 69 40 13 14 34 8 31 62 24 76 36 28 88 88 19 30 88 34 1 36 30 63 60 13 31 24 83 28 30 34 40 42 24 76 13 100 76 65 30 21 84 39
split_gain=7.91588 6.48522 5.50515 6.46503 6.01676 8.91261 6.9855 7.48294 6.79447 7.22681 11.0563 6.68296 11.2045 6.4365 8.70043 8.61581 11.6986 9.1746 7.68237 7.56001 6.64966 6.46923 6.29609 8.62618 6.77076 8.27826 10.7675 6.96066 6.47097 6.25159 5.98355 5.61258 5.41806 5.40741 5.15173 5.13778 5.12121 6.98182 5.04222 6.94997 6.10988 8.54222 5.01222 4.89925 4.68487 4.60626 4.54661 6.4414 4.47109 4.12971 3.74195 2.81299
threshold=96.250000000000014 7434.0000000000009 2165.7500000000005 6.7250000000000005 869.21650000000011 1778.5500000000002 2386.3500000000004 27631.926041666669 0.51041666666666674 36862.100000000006 34199.400000000001 99.250000000000014 2051.3000000000006 16358.150000000001 97.250000000000014 424.46243243243248 5.8250000000000011 1602.1500000000003 13.175000000000002 31947.425000000003 88.250000000000014 24.175000000000004 17451.242083333334 14934.940624999999 1434.7 85.750000000000014 9482.9725000000017 115.75000000000001 16546.862000000005 82.750000000000014 99.250000000000014 26398.700000000001 645.71500000000003 5457.2500000000009 4.6250000000000009 8.2250000000000014 2104.0000000000041 27.825000000000006 89.250000000000014 49.250000000000007 101.25000000000001 122.77500152587892 6.6750000000000016 32543.587500000001 4848.1500000000005 0.48958333333333343 33386.839583333342 27376.900000000005 64.250000000000014 27.375000000000004 1097.345 125.25000000000001
decision_type=2 2 2 2 2 2 2 2 2 2 2 2 2 2 2 2 2 2 2 2 2 2 2 2 2 2 2 2 2 2 2 2 2 2 2 2 2 2 2 2 2 2 2 2 2 2 2 2 2 2 2 2
left_child=1 2 3 -1 5 6 32 -8 9 10 13 12 -12 14 18 16 17 51 38 21 29 -20 23 24 25 26 42 31 30 -18 -26 -27 -4 -33 -35 -22 -36 -38 39 -6 48 -42 -9 -43 -44 -30 47 -40 -41 -28 -3 -15
right_child=-2 50 4 -5 8 -7 7 22 -10 -11 11 -13 -14 15 -16 -17 20 -19 19 -21 35 -23 -24 -25 28 27 49 -29 45 -31 -32 33 -34 34 36 -37 37 -39 46 40 41 43 44 -45 -46 -47 -48 -49 -50 -51 -52 -53
leaf_value=-1.2811963312116825 1.0581007110473677 0.13278845056944458 -0.026075236850849528 0.0026671500318238839 -0.024564770961058469 -2.0351449925458267 0.12421900816404724 0.09173320112431782 1.8308240895937018 0.038100352025610427 -0.63469716898335737 -0.14385591150296859 0.017626563446711867 -0.0049612882627913133 -0.0063387908586587582 -0.0074573520156686196 0.0040831980138449353 0.0089163142741737079 -0.00085368057740360962 -0.17614286314047967 -0.040894697370640241 0.0093531104966465203 -0.85661347283738187 2.5587469663193985 -0.034469831089898706 -0.022206559725716092 -0.16566844038954742 -0.036710042079403281 -0.029256270497926808 0.057720472002937305 -4.6574192760729698 -0.053637605345131893 -4.1357282806476006 1.955066248736173 3.1454070952026587 0.018171285542048502 0.007949427336680321 -0.052725229146376562 0.045888451388761915 0.037161153103762272 0.029335014418207041 0.004211198553300384 -0.1416659701157576 -0.0091867857907065795 0.026224866845633198 0.096239687381481073 0.57131384500307425 0.00021068680772072274 0.0015110865903575385 -0.069349040437649237 0.0046955549553009228 -0.47284912737007306
leaf_weight=33 22 21 20 39 29 20 26 21 37 25 21 33 30 20 30 22 23 21 32 22 20 20 27 30 29 20 26 23 25 26 25 25 26 27 22 25 24 20 31 31 30 22 25 23 22 24 31 36 20 25 23 22
leaf_count=33 22 21 20 39 29 20 26 21 37 25 21 33 30 20 30 22 23 21 32 22 20 20 27 30 29 20 26 23 25 26 25 25 26 27 22 25 24 20 31 31 30 22 25 23 22 24 31 36 20 25 23 22
internal_value=0.000414201 0.000315789 0.000186625 -0.0025 0.000345964 -0.000451128 -0.000195313 0.000171674 0.000967742 0.000728682 0.000516129 -0.00285714 -0.000588235 0.00104478 0.00182073 -0.000502793 0.000318471 -0.00301587 0.00229358 -0.000540541 0.00255319 0.00153846 -0.000136364 0.000169492 -0.000234987 0.000571429 -0.00142857 0.00204969 -0.00242718 0.00510204 -0.00481481 0.00289855 -0.00391304 0.00372881 0.00483871 -0.000222222 0.00333333 0.00136364 0.00312253 0.002 0.00301587 0.0012 0.00117647 -0.00155556 -0.000638298 0.000204082 0.00489796 0.00343284 0.00568627 -0.00490196 0.00409091 -0.00571429
internal_weight=1352 1330 1286 72 1214 532 512 466 682 645 620 84 51 536 357 179 157 63 327 74 94 52 440 413 383 280 119 161 103 49 54 138 46 118 93 45 66 44 253 155 126 75 68 45 47 49 98 67 51 51 44 42
internal_count=1352 1330 1286 72 1214 532 512 466 682 645 620 84 51 536 357 179 157 63 327 74 94 52 440 413 383 280 119 161 103 49 54 138 46 118 93 45 66 44 253 155 126 75 68 45 47 49 98 67 51 51 44 42
is_linear=0
shrinkage=0.01


Tree=155
num_leaves=53
num_cat=0
split_feature=41 28 72 35 22 37 31 22 38 19 34 7 71 43 44 31 98 78 100 13 31 16 28 16 35 4 27 16 28 30 45 73 72 16 38 13 76 7 31 31 38 17 75 35 38 32 77 13 13 43 44 37
split_gain=7.6717 9.09545 13.3185 8.77979 10.1805 7.9893 7.45581 7.38331 6.95633 5.87346 5.67411 5.36678 5.34091 5.18714 5.05651 6.81088 11.1388 9.16959 11.2988 9.1346 8.66691 11.6515 8.40832 8.35068 7.93853 7.79221 7.61589 7.5347 8.2431 7.14411 6.62977 8.22781 6.14472 5.97927 5.53125 5.36838 4.87013 4.84395 4.67089 5.422 4.42693 8.47288 4.42369 4.26037 3.89778 3.85132 3.53922 3.33603 3.17979 2.8513 2.7277 2.67704
threshold=43.750000000000007 28.375000000000004 959.8850000000001 27.525000000000002 89.750000000000014 39.750000000000007 8.3750000000000018 95.250000000000014 5.325000000000002 2642.4500000000003 94.750000000000014 20.835000000000004 1250.2500000000002 81.604999542236342 8.0014998912811297 5.2250000000000005 0.17708333333333334 769.78185069444453 0.38541666666666669 7808.4000000000005 4.0250000000000012 4385.4500000000016 23.625000000000004 6713.9000000000005 23.375000000000004 9915.6000000000022 75.750000000000014 5177.6000000000013 27.525000000000002 77.750000000000014 22842.500000000004 1602.2500000000002 1064.0825000000002 7161.9000000000005 5.2750000000000012 1475.6500000000003 34774.510416666679 47.845000000000006 5.5250000000000012 4.3750000000000009 5.0250000000000012 25.750000000000004 484.94349264563618 26.575000000000006 5.8250000000000011 70.250000000000014 3720.4412707987053 4848.1500000000005 7091.0500000000011 76.780002593994155 3.6944999694824223 91.250000000000014
decision_type=2 2 2 2 2 2 2 2 2 2 2 2 2 2 2 2 2 2 2 2 2 2 2 2 2 2 2 2 2 2 2 2 2 2 2 2 2 2 2 2 2 2 2 2 2 2 2 2 2 2 2 2
left_child=5 7 3 4 38 -1 13 9 -9 14 36 -10 47 -5 15 20 17 18 -17 23 21 -2 -20 24 -18 -21 29 -23 34 -22 -26 32 -32 -25 -29 -34 -6 -24 39 49 -37 -42 -30 -36 -7 -11 -40 -4 -49 -3 -19 -33
right_child=1 2 12 6 10 44 -8 8 11 45 -12 -13 -14 -15 -16 16 19 50 22 25 26 27 37 33 30 -27 -28 28 42 -31 31 51 35 -35 43 40 -38 -39 46 -41 41 -43 -44 -45 -46 -47 -48 48 -50 -51 -52 -53
leaf_value=0.094833503300512947 -1.0448528947603752 0.34587464578744986 -4.0346404886724425 2.055597919958243 0.013465589349304388 -0.74975619830053419 -0.0034549355706788329 0.30054371614745762 0.049667259193420112 0.0013570100103311501 -0.38004151128071156 -0.050640570786981282 -7.0482864785798154e-05 0.021906962408850286 0.020161530003009177 -0.74239469782928158 -0.010803278088007547 0.10794976523733307 -0.44918639723581977 -0.0696111295498473 -0.6053498590716363 0.047113207889341466 0.10654457927524251 -0.010197238412391472 -0.0084206762720290176 0.0033070812621581111 -0.16412187415017696 -0.071067408431791018 0.016185799761564403 0.010229322394570691 1.8348677356228624 0.011484308064685209 -0.27053443664723076 0.0046207191894029418 0.030073575138472676 -0.0047833438798010599 -0.59150140108867744 0.027024661076396617 0.027137320349741371 0.021507970377247256 0.011763489111694024 -0.0034052162308753587 3.4962696083379239 -0.016401743716741378 -0.012994036750487856 -0.024349207389657793 -0.62630153596196481 -2.2083482492510673 -2.3678081177463564 -0.31075613052572132 0.16388062358369546 0.0058619989506946439
leaf_weight=28 26 21 21 29 22 23 37 25 21 25 33 20 30 30 37 24 20 31 22 33 27 22 32 30 33 21 29 31 21 33 29 29 20 29 31 22 20 36 27 20 25 22 20 25 24 28 24 21 20 22 26 28
leaf_count=28 26 21 21 29 22 23 37 25 21 25 33 20 30 30 37 24 20 31 22 33 27 22 32 30 33 21 29 31 21 33 29 29 20 29 31 22 20 36 27 20 25 22 20 25 24 28 24 21 20 22 26 28
internal_value=0.000310469 0.00048855 -0.000822281 0.000245614 -0.00100529 -0.0028 0.00270833 0.00101822 0.00424242 0.00077278 -0.00386667 0.00170732 -0.00413043 0.00491525 0.000982801 0.000810811 0.00148438 0.00356725 0.00192982 0.000439883 -0.000490566 0.000795455 0.00355556 0.00114983 0.00201754 -0.00333333 -0.00303371 0.00186667 0.0009375 -0.001 0.00259615 0.00337143 0.00186441 -0.00220339 -0.000804598 0.000561798 -0.00142857 0.00529412 0.000877193 0.00269841 0.00188406 0.00361702 0.00463415 0.00107143 -0.00531915 -0.00245283 -0.00137255 -0.00580645 -0.00414634 0.000697674 0.00684211 0.00649123
internal_weight=1385 1310 377 285 189 75 96 933 66 867 75 41 92 59 814 777 512 171 114 341 265 176 90 287 228 54 89 150 128 60 208 175 118 59 87 89 42 68 114 63 69 47 41 56 47 53 51 62 41 43 57 57
internal_count=1385 1310 377 285 189 75 96 933 66 867 75 41 92 59 814 777 512 171 114 341 265 176 90 287 228 54 89 150 128 60 208 175 118 59 87 89 42 68 114 63 69 47 41 56 47 53 51 62 41 43 57 57
is_linear=0
shrinkage=0.01


Tree=156
num_leaves=53
num_cat=0
split_feature=20 27 78 4 0 41 65 25 11 93 75 78 85 28 87 5 75 75 65 78 5 20 13 78 24 2 83 31 41 41 81 24 16 75 20 33 30 75 57 75 2 70 86 42 30 83 31 75 30 6 27 5
split_gain=7.90456 11.0803 8.84591 7.90924 7.79365 9.52632 8.06391 8.01821 9.82754 9.06419 8.1166 7.58623 7.73571 7.22101 7.08124 7.07326 7.06603 11.5521 7.71644 6.90476 6.79596 8.10023 7.68003 6.66726 6.51141 7.93788 7.67467 7.04771 6.77606 8.94223 10.998 5.9683 5.95685 5.91305 6.12319 5.59866 4.94958 8.68067 7.20867 4.93759 4.41172 7.32341 6.20976 5.84429 5.79292 4.2185 3.29143 3.23438 2.91505 2.43632 2.2881 1.08
threshold=1892.7 75.750000000000014 1690.4343611111115 2184.5650000000005 31436.000000000004 75.750000000000014 26604.150000000005 97.250000000000014 33005.05000000001 412.76717948717959 329.14554610593734 1116.5747430555559 1492.0500000000002 24.425000000000004 0.67708333333333337 14502.275000000003 430.69128572653102 541.57035818025577 27423.100000000002 1251.7147569444446 8620.9600000000009 994.1500000000002 12747.100000000002 1354.7968993055558 10.475000000000001 2782.8500000000004 645.60000000000048 4.3250000000000011 79.250000000000014 52.750000000000007 4428.3072924038597 7.2750000000000012 6277.4000000000005 659.99581856363466 837.55000000000007 9.7500000000000018 94.750000000000014 161.19028889149425 -0.22252093395631442 585.72559243011699 3296.9835000000007 994.78700000000015 1.0145000000000002 138.32500457763675 55.750000000000007 2612.2999999999997 4.9250000000000016 389.44277699667919 83.750000000000014 6357.755000000001 20.250000000000004 4712.9900000000007
decision_type=2 2 2 2 2 2 2 2 2 2 2 2 2 2 2 2 2 2 2 2 2 2 2 2 2 2 2 2 2 2 2 2 2 2 2 2 2 2 2 2 2 2 2 2 2 2 2 2 2 2 2 2
left_child=1 2 4 -3 6 13 11 8 -8 10 -10 12 -1 23 24 16 36 32 -19 -13 21 -7 -22 48 26 50 -2 47 29 -29 -31 -14 -18 34 -20 -27 40 -38 -39 -11 41 42 44 -43 -5 -36 -15 -28 -6 -40 -26 -48
right_child=14 3 -4 15 5 20 7 -9 9 39 -12 19 31 46 -16 -17 17 18 33 -21 22 -23 -24 -25 25 35 27 28 -30 30 -32 -33 -34 -35 45 -37 37 38 49 -41 -42 43 -44 -45 -46 -47 51 -49 -50 -51 -52 -53
leaf_value=-0.033274946033891174 -0.07246306845312224 0.021861293649703521 -0.0051568473331980638 -0.23780359212856694 0.0034775294769676564 0.042489504118860627 -1.2809916357846829 0.019462925412896844 0.046017062162479076 0.068977066472834789 -0.84924825136546034 -0.052540523739370501 0.042782079073336317 0.14693134569640026 -2.0572519474290725 -0.70391406150185265 0.006171347743327108 0.057402859047350346 -0.024726512165731011 0.013201594226252262 -2.7087253742555402 -0.082184075639981702 1.8123142333977347 -0.0081235444325498916 -0.44659838797897267 0.039013021868199452 0.0047508593149967341 -0.0025981332235423737 -1.4760746934409716 0.078903173923600939 -0.0019020545164544127 0.081497654602003186 0.52510543344486016 -0.35300439806517658 0.047903312106819369 -0.006177346250953869 0.0041573520701378803 -0.12899087321009942 -1.9219522504957969 -0.01122643689526261 -0.02142990530758148 0.65379262574311214 -1.3199586322505577 0.00041124382463551915 0.059534078511453252 -0.010295317732936403 0.075805027053040083 1.3694275671090455 0.79853373206327871 -2.1511972234564189 -0.017367589982591133 0.83901142270129858
leaf_weight=24 25 33 26 23 20 34 24 30 22 27 24 28 22 20 31 21 35 23 32 30 21 21 23 20 20 23 21 33 20 30 28 34 36 33 38 39 37 24 22 20 31 23 20 20 26 22 20 20 27 21 28 30
leaf_count=24 25 33 26 23 20 34 24 30 22 27 24 28 22 20 31 21 35 23 32 30 21 21 23 20 20 23 21 33 20 30 28 34 36 33 38 39 37 24 22 20 31 23 20 20 26 22 20 20 27 21 28 30
internal_value=0.000440433 0.000852858 0.00184644 -0.000192308 0.00213052 0.00347458 0.00101754 -0.000612245 -0.00179487 -0.000322581 -0.00347826 0.00275362 0.00475 0.00518248 -0.000943396 -0.000513347 -0.000257511 0.00105023 -0.000540541 0 0.00111111 0.00345455 -0.00181818 0.00283582 -0.000452962 -0.00236364 0.000734463 0.00157895 0.00027027 0.00142857 0.0037931 0.00678571 0.0043662 -0.00152 -0.000217391 0 -0.001417 -0.00307692 -0.00522388 0.00276596 -0.00020979 0.000714286 -0.00130435 0.00395349 0.000612245 0.00166667 0.00742857 0.00512195 0.00489362 -0.00767442 -0.00541667 0.0088
internal_weight=1385 1067 547 520 521 236 285 147 117 93 46 138 80 137 318 487 466 219 148 58 99 55 44 67 287 110 177 152 111 91 58 56 71 125 92 62 247 104 67 47 143 112 69 43 49 60 70 41 47 43 48 50
internal_count=1385 1067 547 520 521 236 285 147 117 93 46 138 80 137 318 487 466 219 148 58 99 55 44 67 287 110 177 152 111 91 58 56 71 125 92 62 247 104 67 47 143 112 69 43 49 60 70 41 47 43 48 50
is_linear=0
shrinkage=0.01


Tree=157
num_leaves=53
num_cat=0
split_feature=78 74 87 77 77 11 70 95 67 66 66 97 65 67 13 45 46 94 13 5 38 31 7 98 42 11 73 73 94 74 66 65 24 24 42 31 76 39 39 2 43 24 24 87 46 65 2 38 46 42 28 2
split_gain=6.12898 8.84672 12.9571 7.71429 6.11246 11.2444 6.58157 11.6213 12.7762 13.4906 8.26693 8.60275 9.29941 7.89944 7.69042 8.98197 9.83109 8.8134 10.6439 7.10056 6.5634 8.77276 9.00832 8.10532 8.06925 5.2174 8.45373 8.02273 6.85202 6.62727 5.73432 5.62987 9.91255 5.04265 5.83575 8.31668 4.83156 4.71429 4.45323 4.37517 4.14848 4.11739 3.62963 3.54605 4.45455 3.49257 5.60303 3.10548 2.85825 2.48896 2.27273 1.75819
threshold=220.78073611111114 289.84400000000005 0.90625000000000011 4160.6782310793596 4160.6782310793596 33942.80000000001 1509.0000000000002 1.0000000180025095e-35 29774.100000000002 1097.1170000000004 1398.6000000000001 0.23958333333333334 26220.150000000005 32852.55000000001 1523.5500000000002 23546.000000000004 101.77999877929689 618513.94615687511 3758.2500000000005 2346.9900000000002 12.025000000000002 3.2250000000000005 20.545000000000005 0.059027777777777783 124.62500000000001 33526.000000000007 834.30000000000007 1.0815000000000003 730839.26409031276 729.17821875000016 992.56750000000011 33287.55000000001 8.1250000000000018 5.8250000000000011 99.415000915527358 13.625000000000002 29413.645833333336 180.25000000000003 128.25000000000003 2748.0500000000006 74.439998626708999 8.2250000000000014 8.4250000000000025 0.92708333333333337 103.7150001525879 29921.150000000005 2577.1500000000005 6.1250000000000009 102.5550003051758 117.97499847412111 22.725000000000005 2667.2500000000005
decision_type=2 2 2 2 2 2 2 2 2 2 2 2 2 2 2 2 2 2 2 2 2 2 2 2 2 2 2 2 2 2 2 2 2 2 2 2 2 2 2 2 2 2 2 2 2 2 2 2 2 2 2 2
left_child=43 2 3 42 6 -6 7 10 9 -9 11 25 -13 -14 -8 16 -16 18 -17 -18 21 40 41 -24 33 26 36 28 29 31 45 32 -27 -25 -35 38 -3 50 -36 -21 -7 -23 -2 44 -1 46 -29 -19 -10 -40 -12 -26
right_child=1 4 -4 -5 5 20 14 8 48 -11 37 12 13 -15 15 17 19 47 -20 39 -22 22 23 24 51 27 -28 30 -30 -31 -32 -33 -34 34 35 -37 -38 -39 49 -41 -42 -43 -44 -45 -46 -47 -48 -49 -50 -51 -52 -53
leaf_value=0.1492981801504038 -0.49050147057279947 0.068695423391762253 0.050435374972693667 0.0021668049500793204 -2.7795662296275112 2.0577031701427733 -0.0075912478538255378 0.045180810359633707 0.61736843691831211 -0.0094908982273498501 0.12636089101131565 0.010220146126605685 -1.5610148301432356 -0.002328284869047615 0.0053832038094647492 0.0041276446579635358 0.007037659772578515 0.011429515080838122 -0.0074668333237351342 -0.14320354710161756 0.023732083090132493 0.024607471369199826 -1.8321602094618754 -0.23206114016310977 -0.15483499476906182 -0.048900693559070625 -1.5536936446821932 0.27627486521580391 -0.79879348848550025 0.28980042563494623 7.8481580897785531e-05 -0.074989855600325964 0.048196109801652405 -0.0075614156328424895 -8.2168455105490759e-05 -0.047733520413192745 -0.15951649433016607 0.0036550011772859639 0.0807450724877809 -0.0064100803212898639 0.0041048078023457691 0.0013595229680458199 -5.7852073644687199 0.01321755477089423 3.4314646170319816 0.051782957909025699 0.046624786055825672 0.011231865020190161 0.042463928652598869 0.027917416042587427 0.065755557555168861 -0.014416185478338891
leaf_weight=22 27 30 23 21 32 20 24 33 38 28 22 23 38 32 37 20 22 26 29 23 34 21 34 34 21 22 30 20 23 24 29 24 20 31 20 23 29 33 26 30 24 22 27 32 22 21 24 22 31 20 22 20
leaf_count=22 27 30 23 21 32 20 24 33 38 28 22 23 38 32 37 20 22 26 29 23 34 21 34 34 21 22 30 20 23 24 29 24 20 31 20 23 29 33 26 30 24 22 27 32 22 21 24 22 31 20 22 20
internal_value=0.000397112 0.000236822 -0.00265306 -0.00466667 0.000470685 -0.000575916 0.000952955 0.00151007 0.00415385 0.000819672 0.000772532 0.000179949 -0.00247312 -0.00428571 -0.000472103 0.000143541 -0.00178571 0.00237113 -0.000612245 -0.00386667 -5.71429e-05 -0.000506329 -0.00117647 -0.00196507 -0.00117949 0.00101351 -0.00101124 0.00188406 8.84956e-05 0.00133333 0.00404255 -0.00030303 0.00190476 -0.00012987 0.000833333 0.00213483 0.00118644 0.00376623 0.00393939 -0.00584906 0.00363636 0.00302326 -0.00666667 0.00315789 0.005 0.00569231 0.00409091 0.00541667 0.00710145 0.00565217 0.00590909 -0.00512195
internal_weight=1385 1309 98 75 1211 382 829 596 130 61 466 389 93 70 233 209 112 97 49 75 350 316 272 229 195 296 89 207 113 90 94 66 42 154 120 89 59 77 66 53 44 43 54 76 44 65 44 48 69 46 44 41
internal_count=1385 1309 98 75 1211 382 829 596 130 61 466 389 93 70 233 209 112 97 49 75 350 316 272 229 195 296 89 207 113 90 94 66 42 154 120 89 59 77 66 53 44 43 54 76 44 65 44 48 69 46 44 41
is_linear=0
shrinkage=0.01


Tree=158
num_leaves=52
num_cat=0
split_feature=27 27 89 8 38 89 21 37 58 21 37 13 94 13 95 68 48 21 7 46 20 76 11 22 67 26 36 93 80 80 11 67 57 68 80 0 36 5 35 21 89 7 38 33 88 0 98 7 67 76 98
split_gain=7.1235 9.20813 14.4862 8.45411 7.01638 10.8303 14.0115 10.8039 10.5643 9.39037 9.07478 7.76662 7.65338 9.69889 7.11654 7.11169 6.95071 10.1419 6.91429 6.63109 10.1623 8.48448 12.5195 10.1335 8.0666 7.60046 7.4244 8.84376 7.22767 9.63256 6.55905 6.10567 6.72048 6.00302 5.87396 7.29689 7.39633 5.77157 5.73019 5.54168 5.50792 4.90275 4.9 4.17164 4.15243 3.74657 3.55984 4.53821 3.10287 3.44471 2.75048
threshold=17.750000000000004 23.250000000000004 834.92589375 421.49394736842106 5.9750000000000014 1342.5328312500001 19.925000000000004 99.750000000000014 -0.24999999999999994 22.575000000000006 77.250000000000014 5639.5500000000011 650129.98553156259 11962.750000000002 1.0000000180025095e-35 997.60000000000014 1.0000000180025095e-35 16.225000000000005 735.95000000000016 104.064998626709 2008.5000000000002 31947.425000000003 33942.80000000001 86.750000000000014 28533.500000000004 29.750000000000004 86.250000000000014 412.94705128205135 35344.015277777791 36538.861805555563 33238.450000000004 32193.400000000005 -0.56174490092936669 888.66700000000003 36879.790625000001 31683.450000000001 86.750000000000014 9936.0550000000021 24.125000000000004 15.475000000000001 1213.00554375 27.565000000000001 6.2750000000000012 147.75000000000003 4961.7656250000009 32425.200000000004 0.32291666666666669 735.95000000000016 33830.30000000001 32640.764583333341 0.39930555555555564
decision_type=2 2 2 2 2 2 2 2 2 2 2 2 2 2 2 2 2 2 2 2 2 2 2 2 2 2 2 2 2 2 2 2 2 2 2 2 2 2 2 2 2 2 2 2 2 2 2 2 2 2 2
left_child=3 2 -2 39 5 6 16 9 12 -7 14 -12 13 -8 15 18 -3 38 -11 21 34 22 23 -6 40 26 27 -23 31 -30 -14 -27 -33 -25 35 36 -21 -31 -18 -1 -24 -19 -41 -10 -26 -28 47 -13 49 -37 -4
right_child=1 4 50 -5 19 7 8 -9 43 10 11 46 30 -15 -16 -17 17 41 -20 20 -22 25 24 33 44 28 45 -29 29 37 -32 32 -34 -35 -36 48 -38 -39 -40 42 -42 -43 -44 -45 -46 -47 -48 -49 -50 -51 -52
leaf_value=-0.43100790510289716 -0.0073981080612460408 0.027090357326923317 0.091978699490681257 0.012080170661925394 1.0081005288168978 -0.022833320447513076 -0.79446062923486838 -0.10007871991817133 0.30900020136180861 0.0098695275589868025 -0.036402307364491425 1.9715348948437403 -0.037850152836599975 0.17817909810108173 0.0082528438292586107 -2.545582938436465 -0.70987865604089162 -0.0075037632811194091 -0.46026062011673369 -2.2996729723104954 -0.0085233380546294348 0.011943837334744075 -0.041007875289766266 -0.0012483240827820185 0.090825508853862161 -0.006395286441133431 -4.4237779167860811 -0.00821633551349275 -0.083711524095487169 -0.052326807408343584 0.21127427800966075 0.01540058025592423 0.57803758227012436 -1.4625966283028542 0.00010448255285040034 0.055023242127293981 0.011338906316246214 0.037947305929646839 0.013535616101899262 0.003275357893102624 0.032811238603341536 -0.19222850494635574 -0.11609314550147659 0.015432181169519957 0.032513583543228405 -1.7265072167333273 0.91358279903716177 -0.011685600846581642 0.94688048705515127 0.0071352793729995067 0.018939254236614248
leaf_weight=29 35 32 35 21 26 25 23 38 33 24 25 22 26 20 27 21 25 22 21 22 38 32 20 22 28 23 21 37 24 25 27 25 26 27 36 26 37 34 21 20 37 25 20 20 38 20 21 24 27 27 25
leaf_count=29 35 32 35 21 26 25 23 38 33 24 25 22 26 20 27 21 25 22 21 22 38 32 20 22 28 23 21 37 24 25 27 25 26 27 36 26 37 34 21 20 37 25 20 20 38 20 21 24 27 27 25
internal_value=0.000498195 0.000687259 0.00368421 -0.00222222 0.00045 -0.000421456 0.000948905 -0.00193548 0.00302013 -0.00104762 -0.00027027 0.00195652 0.00104167 -0.00209302 -0.00247312 -0.00424242 -0.00152 -0.00290323 -0.002 0.00112094 0.00258216 0.000451613 0.0020202 -0.0012 0.00398374 -0.00071161 -0.00272727 -0.000724638 0.000700637 -0.0013253 0.00358491 0.00297297 0.00490196 -0.00387755 0.0036 0.00453237 0.00186441 0.000847458 0.000434783 -0.00391304 0.00122807 -0.00617021 -0.0015 0.00660377 0.00636364 -0.00609756 0.00373134 0.00217391 0.0065 0.00509434 0.00666667
internal_weight=1385 1295 95 90 1200 522 274 248 149 210 185 92 96 43 93 66 125 93 45 678 213 465 198 75 123 267 110 69 157 83 53 74 51 49 175 139 59 59 46 69 57 47 40 53 66 41 67 46 80 53 60
internal_count=1385 1295 95 90 1200 522 274 248 149 210 185 92 96 43 93 66 125 93 45 678 213 465 198 75 123 267 110 69 157 83 53 74 51 49 175 139 59 59 46 69 57 47 40 53 66 41 67 46 80 53 60
is_linear=0
shrinkage=0.01


Tree=159
num_leaves=54
num_cat=0
split_feature=20 20 91 87 72 10 91 91 76 10 7 42 94 76 91 19 1 97 83 7 34 16 2 98 72 2 81 7 34 64 34 36 34 33 34 16 24 13 78 86 24 16 2 23 72 17 76 76 2 37 81 17 73
split_gain=6.6299 11.6394 9.89552 8.49272 9.68862 7.23057 6.81205 6.75232 6.37922 9.5821 9.98404 12.7067 10.335 9.0874 10.5626 8.71594 10.3778 8.42645 8.35013 7.53534 7.69925 7.46573 6.64384 8.11228 6.62226 6.60757 6.46712 6.05476 5.51811 6.93399 5.47578 5.27946 5.2492 5.22648 5.0173 4.9 4.6251 4.45787 6.21302 9.15181 10.5209 7.87636 4.94582 4.38359 4.25057 4.87481 3.87821 3.83449 3.59033 4.77519 3.27273 2.45125 1.76282
threshold=1892.7 1675.5500000000002 34767.367662500015 0.44791666666666669 1474.3205 34881.100000000006 34255.117643750003 36042.467050000014 33023.28437500001 34194.900000000001 16.940000000000001 143.62500000000003 617151.86214062513 35515.42395833334 33200.440837500006 1036.1500000000003 16792.596000000001 0.17708333333333334 613.35000000000048 26.795000000000005 92.750000000000014 3205.3000000000006 3101.9500000000003 0.5590277777777779 1456.5065000000002 2660.8000000000006 4041.0224521181658 37.725000000000001 76.250000000000014 961.11750000000018 88.750000000000014 88.750000000000014 53.250000000000007 143.25000000000003 87.250000000000014 5616.6500000000005 7.1250000000000009 1226.2000000000003 1426.5678159722224 884.2315000000001 10.475000000000001 5616.6500000000005 2923.1890000000008 96.250000000000014 926.60550000000012 114.40000000000002 28457.655208333337 30257.234375 3241.7450000000003 94.750000000000014 4122.2672144531443 63.45000000000001 1049.9825000000003
decision_type=2 2 2 2 2 2 2 2 2 2 2 2 2 2 2 2 2 2 2 2 2 2 2 2 2 2 2 2 2 2 2 2 2 2 2 2 2 2 2 2 2 2 2 2 2 2 2 2 2 2 2 2 2
left_child=1 2 6 37 5 -5 8 -4 9 10 11 -1 24 17 15 16 19 36 -14 20 -15 -20 23 -19 26 -11 47 -3 46 35 31 -27 -26 -24 -31 -30 -10 -2 39 40 44 -40 -42 -25 -39 -46 -23 -12 49 -17 -38 -29 -48
right_child=3 27 7 4 -6 -7 -8 -9 13 25 12 -13 18 14 -16 48 -18 22 21 -21 -22 28 33 43 32 30 -28 51 29 34 -32 -33 -34 -35 -36 -37 50 38 41 -41 42 -43 -44 -45 45 -47 52 -49 -50 -51 -52 -53 -54
leaf_value=-3.8045451983314353 -0.0086637070156781112 0.0051942277475697796 -0.67885995016349765 0.14504572363463053 -2.3543281604351582 -4.3628877599742992 0.39534895931088299 0.0009204441765869873 -5.0586613756499714 0.001944647459443919 -0.5684729952038865 0.0022100255318780525 -0.0043380208151565349 0.040734168657288496 -0.03603828429084651 0.12332195351872968 2.042081219681799 0.16720945529001363 -0.0083052788144647779 -0.1422896054822754 -1.0303523062905406 0.021742013198367688 -0.00092156973549851779 -0.0067224141080653192 -0.68691975846243924 0.6025228693294985 1.2194107341274272 0.29735550470750871 0.0077487822740293982 -0.004463548502237613 0.0082969973815460625 0.039816498976375077 -0.0002753075161581546 -0.35464725125452623 0.018529639017230783 0.24458529447983318 0.011991807709285247 0.91005101061952953 0.018749861694248107 -0.12065735252489523 -0.1313673578664806 0.0004525448178533201 0.0017201895496240117 0.0005100558291326983 -0.0018845008228365061 0.018721072615047574 0.099715505796347262 0.0078906278312127834 0.0013800773852020646 3.1781256556095618 -0.55113041355191672 0.023196303733160343 0.010508456903449736
leaf_weight=22 21 21 33 21 27 23 28 20 23 33 22 36 25 36 33 21 25 38 35 22 21 30 20 20 23 32 29 24 20 22 24 22 21 21 23 20 22 29 25 25 31 30 27 37 36 23 22 21 28 22 22 22 26
leaf_count=22 21 21 33 21 27 23 28 20 23 33 22 36 25 36 33 21 25 38 35 22 21 30 20 20 23 32 29 24 20 22 24 22 21 21 23 20 22 29 25 25 31 30 27 37 36 23 22 21 28 22 22 22 26
internal_value=0.000512635 0.000890347 0.00062 -0.000754717 -0.00380282 -0.000909091 0.000855333 -0.00358491 0.000707291 0.00145669 0.000730479 -0.00310345 0.00138643 -0.000218978 0.00125 0.00222857 0.000384615 -0.00172414 0.00264574 -0.00139241 0.000526316 0.00333333 -0.000294118 0.00115789 -0.00103448 0.00405405 0.000833333 0.00492537 0.00423313 0.00247059 0.00564103 0.00740741 -0.00409091 -0.00365854 -0.000222222 0.0055 -0.00462687 0.000121457 0.000530973 -0.000409357 0.000547945 0.00345455 -0.00275862 -0.00122807 0.00272727 0.00118644 0.00615385 -0.00162791 0.00492958 0.00674419 -0.00272727 0.00695652 0.00791667
internal_weight=1385 1067 1000 318 71 44 947 53 919 508 397 58 339 411 208 175 104 203 223 79 57 198 136 95 116 111 72 67 163 85 78 54 44 41 45 40 67 247 226 171 146 55 58 57 88 59 78 43 71 43 44 46 48
internal_count=1385 1067 1000 318 71 44 947 53 919 508 397 58 339 411 208 175 104 203 223 79 57 198 136 95 116 111 72 67 163 85 78 54 44 41 45 40 67 247 226 171 146 55 58 57 88 59 78 43 71 43 44 46 48
is_linear=0
shrinkage=0.01


Tree=160
num_leaves=53
num_cat=0
split_feature=32 75 37 46 65 34 33 46 83 75 26 41 64 11 2 41 37 79 43 37 59 71 73 38 30 100 75 81 10 32 67 64 4 67 60 30 42 67 11 38 37 31 26 2 74 41 79 62 36 79 42 30
split_gain=8.99531 10.632 9.44723 11.3565 11.3166 9.78935 9.18279 7.93782 8.53768 9.50287 11.1592 7.31646 7.66417 7.2254 10.9191 10.6049 7.29861 8.95953 8.18714 8.70459 7.17007 6.91304 11.3307 10.1297 6.85714 6.11133 5.82488 5.66874 5.56427 7.95521 8.11422 5.50894 4.9634 4.93759 4.9 4.84005 4.9 4.74386 5.19015 5.37664 6.55984 4.70694 4.66667 4.33333 6.23077 4.21817 4.19377 3.69381 4.86546 2.56098 2.43632 2.38095
threshold=58.750000000000007 659.99581856363466 89.750000000000014 103.29500198364259 32129.850000000002 68.750000000000014 28.750000000000004 101.62500000000001 2792.3000000000015 240.28947288409202 8.7500000000000018 91.750000000000014 1.1355000000000002 38335.350000000006 2855.8000000000006 83.250000000000014 65.750000000000014 280.3864438660346 85.969997406005874 41.500000000000007 -0.24999999999999994 1486.5455000000002 1346.5740000000003 5.8750000000000009 60.750000000000007 0.38541666666666669 608.36575189988309 3945.3395052481742 25061.850000000002 133.25000000000003 33269.55000000001 1183.3100000000002 3213.3600000000006 32588.950000000001 1509.9500000000003 96.750000000000014 110.04999923706056 31886.800000000007 42269.500000000007 8.6750000000000025 51.250000000000007 5.8750000000000009 42.750000000000007 2713.4500000000003 1122.6424270833336 76.750000000000014 500.77694915088699 1002.397 86.750000000000014 505.20637129908982 124.12500000000001 74.250000000000014
decision_type=2 2 2 2 2 2 2 2 2 2 2 2 2 2 2 2 2 2 2 2 2 2 2 2 2 2 2 2 2 2 2 2 2 2 2 2 2 2 2 2 2 2 2 2 2 2 2 2 2 2 2 2
left_child=1 21 13 6 5 34 25 8 9 33 -11 26 42 16 -15 37 18 24 28 -20 35 22 23 31 -18 -4 50 -9 -2 32 43 -1 -30 -8 -5 36 -12 -16 39 40 -39 -40 -13 44 -31 -6 -25 48 -19 -49 -7 -29
right_child=2 -3 3 4 45 11 7 27 -10 10 20 12 -14 14 15 -17 17 47 19 -21 -22 -23 -24 46 -26 -27 -28 51 29 30 -32 -33 -34 -35 -36 -37 -38 38 41 -41 -42 -43 -44 -45 -46 -47 -48 49 -50 -51 -52 -53
leaf_value=0.059404528340389486 -0.63715923244195671 -0.04296330805352809 -2.0170307736284827 0.0018584316762911503 0.0050599948822943868 1.2232772821250453 0.10550606134093875 -1.0049247962635142 0.69594387072206287 0.025564129956937576 -2.6830080420252789 0.0020308361867124166 -0.019253364264303123 -0.035677901447938046 0.59541077002345111 -0.97914175012215776 0.0094059528190421227 2.1588520511948612 0.0077666036006504152 -0.060499654368310021 -1.1904456898700364 0.028217423543295355 -0.69854425336506765 0.11947541137375467 -0.027179736641278211 -0.060741848814389439 0.010413472875773318 0.0051422854700940816 0.0065744089140468767 -0.15214087696122527 0.0079310362370444872 -0.0076810870954122559 0.73905465314427032 -0.021123882719467139 -0.0095391762347856665 0.015998488334494992 -0.012814255014683425 -0.0018321938964384579 -0.058601332991296523 -0.25482338646789182 0.10004696979983246 0.014346014594925417 0.079740938974067976 -0.0083596360339234198 0.01157332076069662 -0.0663885100911841 0.81558890169136666 0.046588491450183976 0.011078346074905676 1.9720038881166702 0.89436173235631156 -0.0029729076319152782
leaf_weight=20 20 33 31 20 21 22 27 27 25 34 20 21 37 33 32 31 21 26 37 36 28 37 29 26 27 22 36 21 25 26 22 21 24 20 20 21 20 22 24 20 29 25 21 26 26 37 30 20 34 21 21 21
leaf_count=20 20 33 31 20 21 22 27 27 25 34 20 21 37 33 32 31 21 26 37 36 28 37 29 26 27 22 36 21 25 26 22 21 24 20 20 21 20 22 24 20 29 25 21 26 26 37 30 20 34 21 21 21
internal_value=0.000465116 0.00244898 0.000135593 -0.00078534 0.00078125 0.00191919 -0.00205047 -0.00128788 -0.00025641 -0.00105882 -0.00252033 0.00303797 0.000886076 0.00100494 -0.000462963 0.000491803 0.00181586 0.00355705 0.000743802 -0.00205479 -0.00438202 0.00349693 0.00238095 0.00402062 0 -0.00584906 0.00518987 -0.0042029 0.00195266 0.00261745 0.001 0.000243902 0.00591837 0.00276596 -0.0025 -0.00245902 -0.0045 0.00157895 0.000666667 0.00239437 0.00411765 -0.00183673 0.00380952 -0.000512821 0.00115385 -0.00310345 0.00678571 0.00524752 0.00366667 0.00756098 0.00767442 -0.00190476
internal_weight=1376 196 1180 573 256 198 317 264 195 170 123 158 79 607 216 183 391 149 242 73 89 163 126 97 48 53 79 69 169 149 100 41 49 47 40 61 40 152 120 71 51 49 42 78 52 58 56 101 60 41 43 42
internal_count=1376 196 1180 573 256 198 317 264 195 170 123 158 79 607 216 183 391 149 242 73 89 163 126 97 48 53 79 69 169 149 100 41 49 47 40 61 40 152 120 71 51 49 42 78 52 58 56 101 60 41 43 42
is_linear=0
shrinkage=0.01


Tree=161
num_leaves=55
num_cat=0
split_feature=41 33 21 72 64 34 44 35 21 36 44 88 21 37 91 41 41 59 66 100 41 100 61 94 39 72 4 21 41 77 33 33 34 35 37 8 73 4 39 8 73 29 44 39 26 21 4 33 21 38 21 2 2 0
split_gain=8.0246 9.30475 11.9784 12.3245 7.87692 6.54336 5.97727 5.18905 7.45977 7.05678 9.3148 8.61195 5.64025 8.53333 6.30595 6.38626 7.6274 5.6837 5.49258 12.2163 8.19468 9.84546 8.65399 6.47685 7.20468 9.34051 7.08227 6.23884 6.59592 7.60866 11.1218 7.2961 6.75844 5.99409 5.17691 5.15703 4.98249 8.70328 7.40768 5.82165 4.75857 5.86394 4.69248 6.51905 4.58046 4.36847 5.18594 4.9 4.28094 2.53689 2.5 1.6 0.951452 0.102439
threshold=110.75000000000001 4.7500000000000009 11.025000000000002 1685.1220000000001 763.91650000000016 89.750000000000014 8.7909998893737811 23.175000000000004 17.525000000000002 84.250000000000014 2.2674999237060551 5105.2285416666673 18.725000000000005 89.250000000000014 21348.864200000004 103.75000000000001 101.25000000000001 -0.68301270189221952 1044.8275000000001 0.36458333333333343 51.750000000000007 0.22569444444444445 32556.850000000002 795779.17301250028 122.25000000000001 1250.9475000000002 2788.4550000000004 22.925000000000004 82.750000000000014 4120.8006072670278 184.25000000000003 175.75000000000003 71.750000000000014 27.475000000000005 83.750000000000014 414.67855263157895 1037.8880000000001 3270.6200000000003 193.75000000000003 413.72881578947374 0.15000000000000005 78.250000000000014 2.5394999980926518 220.75000000000003 60.750000000000007 19.675000000000004 3669.8650000000002 0.75000000000000011 13.725000000000001 6.1250000000000009 26.975000000000005 2787.8500000000004 2904.4345000000008 31854.100000000002
decision_type=2 2 2 2 2 2 2 2 2 2 2 2 2 2 2 2 2 2 2 2 2 2 2 2 2 2 2 2 2 2 2 2 2 2 2 2 2 2 2 2 2 2 2 2 2 2 2 2 2 2 2 2 2 2
left_child=1 2 -1 4 -4 50 7 48 9 10 -9 34 13 51 -14 16 18 -17 27 20 -20 22 23 24 -22 -26 -27 35 29 30 42 -31 -30 -32 -12 -16 39 -38 -39 -24 44 -42 -29 -44 -34 46 52 -48 -3 -28 -2 -10 -6 -51
right_child=5 6 3 -5 45 -7 -8 8 12 -11 11 -13 14 -15 15 17 -18 -19 19 -21 21 -23 36 -25 25 26 49 28 32 31 33 -33 40 -35 -36 -37 37 38 -40 -41 41 -43 43 -45 -46 -47 47 -49 -50 53 -52 -53 -54 -55
leaf_value=-0.072536352467522477 -0.72999431147180671 -0.0047616675684378565 -0.0031567846595181616 -0.6806446061612188 0.044484101644790414 0.00046704094617099653 2.1109308013980321 -0.92405651773484809 0.65926620955695703 -0.46296019261655458 0.0011704528690408076 -0.01269220280986948 0.14022843447465247 -0.020434893306117113 -1.4070458211186816 0.022944987262658954 -0.96935033262093617 0.0033284226996116713 -0.0049025496910889838 0.065783263519773913 -0.0085352520013490477 -0.071092193703182552 1.9053222669814378 -0.0061535259413736153 0.0025496082644333694 0.0051514412589704359 0.012503741876425245 0.0088466226919093668 0.41271031072695907 0.096725083698869257 -0.0080947949129180404 -0.053221209698244343 -0.045676464086326474 1.5168846339436073 0.16573701679215883 -0.0017211655938512422 0.041961353383670005 -0.0029431785555961254 -0.030307256625298359 -0.015444533364941915 -4.3566144648999492 -0.073328864832530274 -0.017544730722528011 -1.2640275224572222 0.06524006497399569 0.041747554064957761 -0.0015796558654885531 0.053695485865580032 0.41273924043778693 0.019753461229091076 -0.27714727282345181 0.026480670798588499 0.65856901875341722 0.062528491150845605
leaf_weight=21 20 20 26 21 20 39 22 20 20 32 34 29 30 20 21 28 21 33 38 37 20 35 22 21 37 24 21 20 26 35 35 20 21 29 20 20 22 21 26 20 28 31 35 21 23 23 20 20 26 20 20 20 21 21
leaf_count=21 20 20 26 21 20 39 22 20 20 32 34 29 30 20 21 28 21 33 38 37 20 35 22 21 37 24 21 20 26 35 35 20 21 29 20 20 22 21 26 20 28 31 35 21 23 23 20 20 26 20 20 20 21 21
internal_value=0.000436047 0.000624518 0.0027907 0.00377483 0.00492308 -0.00265823 0.000293333 0.00019039 4.73037e-05 -0.00214815 -0.000873786 0.00060241 0.000368764 0.00333333 0.000162413 0 -0.000246433 0.00311475 -8e-05 0.000753247 0.000172414 0.000709677 0.00134545 0.00280488 0.00356643 0.00447154 0.00627907 -0.000958904 -0.000493827 0.000666667 -0.000571429 0.00381818 -0.00224806 0.0025 0.00296296 -0.00463415 -0.000810811 -0.00246377 -0.00489362 0.00190476 -0.00339806 -0.00525424 -0.00315789 -0.00464286 -0.000909091 0.00615385 0.00506173 0.0025 0.00347826 0.00806452 -0.0055 0.006 0.00756098 0.0095122
internal_weight=1376 1297 172 151 130 79 1125 1103 1057 135 103 83 922 60 862 832 771 61 750 385 348 310 275 164 143 123 86 365 324 195 140 55 129 64 54 41 111 69 47 42 103 59 76 56 44 104 81 40 46 62 40 40 41 41
internal_count=1376 1297 172 151 130 79 1125 1103 1057 135 103 83 922 60 862 832 771 61 750 385 348 310 275 164 143 123 86 365 324 195 140 55 129 64 54 41 111 69 47 42 103 59 76 56 44 104 81 40 46 62 40 40 41 41
is_linear=0
shrinkage=0.01


Tree=162
num_leaves=54
num_cat=0
split_feature=32 21 68 39 13 73 51 83 63 82 22 36 31 41 35 39 20 17 33 38 19 34 37 4 87 62 98 21 20 46 39 83 32 41 83 20 88 62 43 38 63 32 41 68 10 83 83 37 68 98 13 39 10
split_gain=11.8339 11.6077 10.2678 7.80759 8.34618 7.58484 7.8078 7.5601 8.06164 9.34728 8.86062 7.36357 9.22501 6.68324 6.58324 8.64558 6.40684 9.63612 6.32322 6.19643 11.4827 11 5.94552 5.71676 5.6181 5.21088 10.2675 9.97007 8.36709 8.17793 8.08163 6.9601 6.51883 9.35809 6.31015 5.87422 7.59117 8.13173 5.12256 4.87027 6.9648 4.45575 4.23443 3.89797 3.88658 3.63115 4.92821 3.47037 3.21429 2.60999 2.45663 1.00087 0.466667
threshold=58.750000000000007 11.025000000000002 1699.0500000000002 91.250000000000014 5457.2500000000009 1567.0240000000001 1.0000000180025095e-35 2900.3500000000026 26351.350000000002 1663.4000000000003 80.750000000000014 88.750000000000014 17.200000000000003 110.75000000000001 28.025000000000002 134.75000000000003 1784.9000000000003 50.850000000000001 75.250000000000014 3.7750000000000004 782.05000000000007 80.750000000000014 98.250000000000014 18287.395 0.86458333333333337 1031.2500000000002 0.40625000000000006 25.125000000000004 780.45000000000016 104.15500259399415 196.25000000000003 1783.3000000000013 154.75000000000003 58.750000000000007 2154.2500000000023 1844.6000000000001 13762.8025 0.15000000000000005 84.895000457763686 7.5750000000000011 25394.700000000004 258.75000000000006 80.250000000000014 1030.9550000000002 32004.800000000007 2104.0000000000041 1309.8500000000024 83.250000000000014 0.10200000000000002 0.27430555555555564 8355.1500000000015 163.75000000000003 30892.500000000004
decision_type=2 2 2 2 2 2 2 2 2 2 2 2 2 2 2 2 2 2 2 2 2 2 2 2 2 2 2 2 2 2 2 2 2 2 2 2 2 2 2 2 2 2 2 2 2 2 2 2 2 2 2 2 2
left_child=1 -1 11 4 -2 6 7 8 39 10 16 45 -13 19 15 -7 17 -10 51 20 21 -12 41 24 25 28 31 32 30 35 -21 -27 33 -28 -32 36 37 -30 -20 40 43 -9 -41 -5 -33 46 -3 -11 -31 -18 -22 -17 -48
right_child=3 2 -4 5 -6 14 -8 22 9 47 13 12 -14 -15 -16 18 49 -19 38 23 50 -23 -24 -25 -26 26 27 -29 29 48 34 44 -34 -35 -36 -37 -38 -39 -40 42 -42 -43 -44 -45 -46 -47 52 -49 -50 -51 -52 -53 -54
leaf_value=-0.071810988942847265 -1.5459451682560041 0.07457006261313652 -0.64920590584028215 -0.40499238170945673 0.0098048338192046596 -0.0024064119585546911 -2.6232914596803103 1.9634749221740402 0.023289673110178873 0.01847635909019095 1.7394068926349104 0.42454972678906844 -0.040222437673111421 -0.15149498075544854 -0.0037725176314340916 0.0075328447591213711 -0.59294007395063086 -0.1476144263227073 0.0050339634640746535 -2.7313696288690097 0.010446657129911496 -0.78349187711561141 -0.026384984319203112 -2.6787702854312108 0.14314847852404658 0.00079571178235378261 -0.0077066371278370739 0.059773721313391398 -2.5759715368764122 0.0045143361607633036 -1.2513872472326499 1.133238812637767 -0.21315897388875307 0.0064698145460218483 0.08082080342502207 -4.1485253233956483 0.010695554958511145 0.003245455444948071 0.0001349074903956164 1.3508015623185583 0.086522323404864668 0.096724849304837712 0.010909969643794943 0.010975065386887632 0.23851981060963579 0.015167388829426741 0.47135584828281896 0.0042732807310070196 1.133686692359654 -2.4440009718539102 1.4234906378443959 0.015114329038463038 0.32490370303070693
leaf_weight=27 26 30 20 25 25 34 29 24 30 20 22 21 25 39 28 20 20 39 22 28 25 22 31 25 32 32 32 22 22 21 23 22 20 26 26 22 24 32 37 28 21 23 26 23 20 25 28 23 24 21 22 22 20
leaf_count=27 26 30 20 25 25 34 29 24 30 20 22 21 25 39 28 20 20 39 22 28 25 22 31 25 32 32 32 22 22 21 23 22 20 26 26 22 24 32 37 28 21 23 26 23 20 25 28 23 24 21 22 22 20
internal_value=0.000479651 0.0027551 0.00372781 0.000101695 -0.00372549 0.000274579 -6.21118e-05 9.60512e-05 -0.000174622 -0.000570652 -0.000851371 0.00463087 0.00130435 -0.000360206 0.00226994 0.00318519 -0.00345455 -0.0015942 0.00465347 -7.35294e-05 0.00230769 -0.00136364 0.00307692 -0.000551876 -0.000280374 -0.000606061 0.000689655 -0.0014 -0.00162162 -0.000206897 -0.00428571 0.00351351 -0.00307692 -0.00137931 -0.00183673 -0.0018 -0.000512821 -0.00259259 0.00254237 0.00219512 0.000434783 0.00531915 0.00444444 -0.00166667 0.00619048 0.0061165 0.00717949 0.00395349 0.00333333 -0.00658537 0.00574468 0.00761905 0.00916667
internal_weight=1376 196 169 1180 51 1129 966 937 859 736 693 149 46 583 163 135 110 69 101 544 91 44 78 453 428 396 174 100 222 145 77 74 78 58 49 100 78 54 59 123 69 47 54 48 42 103 78 43 45 41 47 42 48
internal_count=1376 196 169 1180 51 1129 966 937 859 736 693 149 46 583 163 135 110 69 101 544 91 44 78 453 428 396 174 100 222 145 77 74 78 58 49 100 78 54 59 123 69 47 54 48 42 103 78 43 45 41 47 42 48
is_linear=0
shrinkage=0.01


Tree=163
num_leaves=55
num_cat=0
split_feature=95 92 35 35 100 72 68 66 68 44 3 11 11 98 83 68 24 20 68 32 11 61 25 2 83 8 37 11 29 2 29 66 76 40 43 35 74 24 11 25 89 3 8 35 41 32 92 38 37 64 8 38 33 38
split_gain=8.49679 10.9146 8.55247 7.18743 7.6101 7.57348 5.97977 5.90597 10.1755 12.3026 8.77453 9.14094 8.87995 8.53483 11.2311 7.80535 9.63126 7.43084 8.37957 7.16811 6.99081 6.35867 7.16332 9.04813 7.95694 6.33708 6.09882 5.9136 6.19829 5.52095 8.49278 7.729 8.314 7.6963 6.76767 5.38574 5.35714 5.15997 6.09524 5.11509 6.76 4.89925 4.87201 5.38646 4.75726 7.75092 4.61092 4.45455 4.05867 3.73778 2.81069 2.57143 2.20474 1.88153
threshold=1.0000000180025095e-35 31193.770256250009 23.075000000000006 28.225000000000005 1.0000000180025095e-35 1400.9750000000001 931.92050000000006 1386.2 900.05000000000007 2.4305000305175786 12696.35 33942.80000000001 36098.850000000006 0.38541666666666669 1785.4499999999991 611.55000000000007 12.025000000000002 1995.2500000000002 1135.6000000000001 95.750000000000014 38085.55000000001 28181.150000000005 161.25000000000003 2814.7500000000005 2694.0500000000015 402.99322619047626 99.250000000000014 35959.700000000004 88.250000000000014 2709.3500000000004 84.250000000000014 1097.1170000000004 29712.330208333336 38.000000000000007 74.200000762939467 26.725000000000005 485.3996145833334 5.9750000000000005 39249.350000000006 123.25000000000001 1514.0689687500001 14540.700000000003 420.66763157894746 26.325000000000006 52.750000000000007 180.00000000000003 21760.474875000004 5.4250000000000016 97.250000000000014 1427.1505000000004 398.38625000000008 7.2750000000000012 68.250000000000014 6.6750000000000016
decision_type=2 2 2 2 2 2 2 2 2 2 2 2 2 2 2 2 2 2 2 2 2 2 2 2 2 2 2 2 2 2 2 2 2 2 2 2 2 2 2 2 2 2 2 2 2 2 2 2 2 2 2 2 2 2
left_child=2 3 -1 4 5 -2 48 8 15 -10 11 53 25 19 49 16 21 18 46 -9 -20 -4 26 -24 37 50 39 -16 -29 30 -8 -31 -33 -34 -35 47 -18 -25 -39 40 -23 -21 43 -32 -36 -46 -14 -17 -6 -15 -12 -27 -7 -11
right_child=1 -3 7 -5 6 52 29 13 9 10 12 -13 17 14 27 35 36 -19 20 41 -22 22 23 24 -26 51 -28 28 -30 31 42 32 33 34 44 -37 -38 38 -40 -41 -42 -43 -44 -45 45 -47 -48 -49 -50 -51 -52 -53 -54 -55
leaf_value=0.62138841927162336 0.0096305653573370079 -0.039586205266919743 0.40199287543649392 -0.0046980933685636644 3.0115594290610228 0.0086885585369199624 -0.004534364625641385 0.082490881962997989 0.036623158981172681 -0.0098337670178763499 -3.3289625920727697 0.061370840713616766 -0.001575124483868109 -0.0024326463316211226 -0.064376479320587876 -0.083390694719722339 0.14716584464303561 -1.5461756641281301 0.80291403878111822 -0.017589721514962069 -0.0051289945558582861 -2.9757182913105407 -0.66495914377590071 0.034596460098943467 1.0436722491202424 -4.8328805831555606 0.0023320482434793276 0.021574332525166957 0.0079495147408588495 0.022763182879404466 0.00090692998994896764 -0.0099361450788175241 0.0084810940468113723 -0.045390341690125936 -0.0027224196993429726 2.4276119424912657 -0.01300641099025911 0.0089165899019594524 -2.1087189833072868 -0.13185162644036424 0.003369466401111903 0.10367113001349421 0.01380192349863568 0.034678854794883932 0.0087224294342323188 -0.0011774505987240918 -0.86798989451215081 0.048391476012565583 0.68937760683979621 -0.31207754449780711 0.014932828286797199 -2.5655019393733474 0.0051754965831296495 -1.2678945978256797
leaf_weight=27 26 26 32 30 22 28 23 29 24 20 21 26 23 20 32 22 32 39 26 22 27 25 20 29 20 28 32 22 24 33 32 28 20 20 28 27 24 21 21 23 20 23 20 21 26 28 20 22 23 25 20 28 25 21
leaf_count=27 26 26 32 30 22 28 23 29 24 20 21 26 23 20 32 22 32 39 26 22 27 25 20 29 20 28 32 22 24 33 32 28 20 20 28 27 24 21 21 23 20 23 20 21 26 28 20 22 23 25 20 28 25 21
internal_value=0.00056686 0.00167756 1.09051e-05 0.00205543 0.00240695 0.00518987 0.0017284 -0.000157303 -0.000591631 -0.00188854 -0.00244147 0.000746269 -0.00336207 0.00137056 -0.000243902 0.000540541 -0.000167224 -0.0017037 -0.000208333 0.00405405 0.00245283 -0.00102881 -0.00165877 9.00901e-05 0.00142857 -0.0056701 -0.0036 0.00205128 0.00434783 0.0011828 0.003125 0.000163934 -0.0008 0.000327869 -0.000784314 0.00352113 0.00357143 -0.000140845 -0.00238095 -0.00529412 -0.00333333 0.00155556 0.00479452 0.00320755 0.000487805 0.00222222 -0.00348837 0.00136364 0.00511111 -0.00422222 -0.00268293 -0.00785714 0.00735849 -0.00219512
internal_weight=1376 459 917 433 403 79 324 890 693 323 299 67 232 197 123 370 299 135 96 74 53 243 211 111 91 97 100 78 46 279 96 183 150 122 102 71 56 71 42 68 45 45 73 53 82 54 43 44 45 45 41 56 53 41
internal_count=1376 459 917 433 403 79 324 890 693 323 299 67 232 197 123 370 299 135 96 74 53 243 211 111 91 97 100 78 46 279 96 183 150 122 102 71 56 71 42 68 45 45 73 53 82 54 43 44 45 45 41 56 53 41
is_linear=0
shrinkage=0.01


Tree=164
num_leaves=54
num_cat=0
split_feature=41 79 83 14 64 81 77 83 14 29 37 36 42 3 40 17 34 20 79 65 3 10 22 3 13 29 42 61 65 20 65 2 97 34 3 34 90 40 82 3 37 53 22 36 82 61 20 22 5 14 79 5 4
split_gain=8.78971 10.5306 8.36512 10.7826 7.9215 7.64959 9.80622 7.74591 7.63831 8.03455 7.28483 7.26122 7.44599 7.19868 8.27402 8.62051 7.54896 6.97436 8.77324 6.71264 6.47208 7.7002 6.56877 6.27207 6.27451 6.25266 6.07347 8.42736 6.25738 12.5 7.1527 7.96883 6.8942 6.48776 5.90909 6.13639 5.52408 5.46361 4.94864 6.649 9.88405 4.9 4.81432 5.3508 4.623 4.58046 4.50667 4.2964 4.12067 2.5 2.20474 1.35314 0.921951
threshold=72.250000000000014 719.60047600807059 982.59999999999866 17623.850000000002 1.038 5161.5036500445794 4266.9227861112022 1534.8000000000013 12570.250000000002 79.250000000000014 2.2500000000000004 83.250000000000014 109.6800003051758 15054.344500000001 71.750000000000014 215.15000000000003 75.250000000000014 1237.8500000000001 629.56029764491052 26031.350000000002 15901.815000000001 36779.250000000007 89.250000000000014 15503.125500000002 7091.0500000000011 85.750000000000014 118.20000076293947 31528.750000000004 24728.400000000005 506.40000000000003 27227.400000000005 2941.8500000000004 0.28125000000000006 79.750000000000014 11173.750000000002 50.250000000000007 2129.5669500000008 62.250000000000007 -13.648000000000023 15514.550000000001 98.250000000000014 3.5000000000000004 94.250000000000014 82.250000000000014 41.639000000000017 27400.250000000004 817.45000000000016 89.750000000000014 3507.1850000000004 13983.450000000003 273.35105953684882 8069.0400000000009 3105.8350000000005
decision_type=2 2 2 2 2 2 2 2 2 2 2 2 2 2 2 2 2 2 2 2 2 2 2 2 2 2 2 2 2 2 2 2 2 2 2 2 2 2 2 2 2 2 2 2 2 2 2 2 2 2 2 2 2
left_child=1 2 19 4 47 6 7 8 -2 -10 -6 -5 -13 14 37 34 48 26 23 25 21 22 -8 24 -19 -1 27 -9 -28 49 -31 33 -33 -32 -16 44 45 42 -29 40 -40 -27 43 -12 -36 -11 -35 -4 -15 -30 -37 -14 -50
right_child=5 -3 3 11 10 -7 20 17 9 36 13 12 51 16 15 -17 -18 18 -20 -21 -22 -23 -24 -25 -26 41 28 38 29 30 31 32 -34 46 35 50 -38 -39 39 -41 -42 -43 -44 -45 -46 -47 -48 -49 52 -51 -52 -53 -54
leaf_value=-0.14609293841322385 0.027433246086276748 -0.55300681093923421 -0.09958446049727343 0.0052342837505641882 -0.025203924981279255 0.096920476407754141 -0.89321098346711725 -2.2649087159539989 -0.031329819730638836 -0.012366084140817524 0.018695795205338525 0.0038980515762258813 0.14920473822289482 0.012304832750342581 -0.011785990649253649 -0.0039311225183136268 0.0043887615822108487 0.04783628815673964 -0.0045769787650498201 -0.060583464049246888 0.0068585620122109175 -4.8580179399902805 0.0031761816381189879 -0.0038617547544560183 0.022726100622987504 0.93528730886878197 -0.18555738694191071 -0.075782253052432968 0.0049098660199881896 0.037162182793483017 -0.026990391903156656 -0.014493058300803635 0.0098226739018461417 0.0036761476683266348 0.033931834369567156 0.038556990353826065 0.064616515770163419 -0.022155220451951826 0.018053636484813056 0.012238507285672693 -3.9531862439595633 -0.0049391974776783875 0.020548677843494723 -0.023941570603700116 -8.3816333475681407e-05 0.014263243280628913 -0.062812911580554451 0.014774849065174589 0.36609477272155544 0.35430319762668122 0.15937384991233475 1.5391056306408621 0.38993239800827217
leaf_weight=23 34 24 20 30 22 20 28 23 30 23 25 20 33 20 20 26 27 20 34 38 22 28 31 20 34 20 21 26 20 22 30 25 34 24 30 25 21 31 33 28 20 20 20 33 27 21 25 21 21 20 28 35 20
leaf_count=23 34 24 20 30 22 20 28 23 30 23 25 20 33 20 20 26 27 20 34 38 22 28 31 20 34 20 21 26 20 22 30 25 34 24 30 25 21 31 33 28 20 20 20 33 27 21 25 21 21 20 28 35 20
internal_value=0.000668605 0.00150228 0.00174803 0.00224719 0.00149038 -9.7629e-05 -0.000272597 0.000238095 0.0024031 0.000947368 0.00194667 0.00491525 0.00636364 0.00229462 0.0014717 0.00294872 0.00477273 -0.00037037 0.00185185 -0.000891089 -0.00302752 -0.00425287 -0.00220339 0.00378378 0.00555556 0.00111111 -0.00105413 -0.00276923 -4.52489e-05 0.0005 -0.00075 -0.0015942 0.00118644 -0.00367089 0.004 0.00490909 0.00292308 -0.000642202 -0.00158879 -0.00037037 -0.00245283 0.0035 0.000769231 -0.000689655 0.00263158 0.000909091 -0.00142857 -0.00268293 0.00672131 0.0055 0.00735849 0.00794118 0.00853659
internal_weight=1376 659 635 534 416 717 697 588 129 95 375 118 88 353 265 156 88 459 108 101 109 87 59 74 54 63 351 130 221 200 160 138 59 79 130 110 65 109 107 81 53 40 78 58 57 44 49 41 61 40 53 68 41
internal_count=1376 659 635 534 416 717 697 588 129 95 375 118 88 353 265 156 88 459 108 101 109 87 59 74 54 63 351 130 221 200 160 138 59 79 130 110 65 109 107 81 53 40 78 58 57 44 49 41 61 40 53 68 41
is_linear=0
shrinkage=0.01


Tree=165
num_leaves=56
num_cat=0
split_feature=21 27 16 84 81 89 17 77 8 31 84 3 8 78 69 36 11 91 32 78 2 10 20 6 89 93 2 36 36 36 13 13 3 83 10 3 77 89 89 83 13 0 46 22 13 27 3 0 3 8 21 3 2 28 0
split_gain=8.92579 7.91629 8.07096 10.5982 9.56501 11.7148 6.37892 8.47976 10.6388 10.1842 6.37725 8.51744 12.0165 6.18088 9.38221 6.16046 5.90433 8.12501 7.80534 8.20513 7.31002 7.1716 7.88182 5.86042 6.12043 5.68739 14.7542 5.68052 6.00001 5.62607 5.57101 5.4902 5.34956 5.22671 6.30252 5.03304 4.91849 5.7933 4.49187 5.58182 4.29762 4.23893 4.21202 4.07798 3.85547 3.83546 3.47037 3.27273 3.01495 3.10303 2.71515 1.55378 1.04833 1.04833 0.1
threshold=11.575000000000001 110.75000000000001 3706.5500000000006 1203.3825625000002 3790.7909348124731 1086.9789937500002 190.95000000000002 4160.6782310793596 419.34223684210531 3.7250000000000005 503.99980208333346 15681.688500000002 404.38928571428579 369.59608680555556 32641.750000000004 85.250000000000014 32316.300000000003 27814.248125000002 103.25000000000001 1039.667902777778 2981.3000000000006 32812.650000000009 760.80000000000007 4030.8800000000006 1304.0247187500001 417.52342717717721 3234.8755000000006 88.250000000000014 73.250000000000014 90.250000000000014 9665.8500000000004 9815.3500000000004 15156.85 2177.349999999999 33871.000000000007 15108.450000000003 3984.9532746945038 1388.0424187500003 1104.4826812500003 2278.7000000000012 3476.8000000000006 34040.200000000004 91.825000762939467 90.250000000000014 6942.8500000000013 86.750000000000014 15186.150000000001 29964.550000000007 15914.145500000002 413.02562415654523 21.225000000000005 13701.1 2875.1000000000004 22.975000000000005 28771.550000000003
decision_type=2 2 2 2 2 2 2 2 2 2 2 2 2 2 2 2 2 2 2 2 2 2 2 2 2 2 2 2 2 2 2 2 2 2 2 2 2 2 2 2 2 2 2 2 2 2 2 2 2 2 2 2 2 2 2
left_child=47 2 3 4 -2 53 13 8 9 -8 -3 12 -12 38 16 -9 43 21 19 -19 -21 42 -23 -11 40 27 41 28 -16 46 32 -7 33 52 -35 -26 37 -30 -4 45 -25 -27 -18 -15 51 -40 -29 -1 49 -38 -28 54 -20 -6 -44
right_child=1 10 6 -5 5 31 7 15 -10 23 11 -13 -14 14 25 -17 17 18 30 20 -22 22 -24 24 35 26 50 29 36 -31 -32 -33 -34 34 -36 -37 48 -39 39 -41 -42 -43 44 -45 -46 -47 -48 -49 -50 -51 -52 -53 -54 -55 -56
leaf_value=-0.003959383140661756 0.019759483130281977 -0.30893889412266584 2.2328352575107226 0.02755106701042254 -1.4874830286991085 0.060772939655204382 0.73167132832284498 -1.1196391383351441e-05 -0.066726578962123778 0.014313395714885387 -0.24326547437635701 -0.073416307225129457 1.6221566196918087 -0.4492596013469714 0.012693062978052727 -3.1904629922607355 0.036689552639528354 0.046807536207427135 0.03392695802678574 -0.013088900158834212 0.0033019558290333017 -0.0051471837758200103 0.035739080655288018 0.00039260450803528985 2.4869394867513273 0.0067396821516646369 0.010185099890400754 0.0039235076516261937 0.013178732405010185 -0.0091301177777966553 -0.0011383552150852788 -0.030412156960374956 -0.0052417692973380807 -0.0010150719198648713 0.89130384558457088 -0.034814736554490973 -1.0974380309615608 -0.0082955264487033758 3.9240277575315425 0.00055153435972899682 -0.93277080108699939 -0.062184782464748914 0.26011231771829002 0.024834029030147191 0.019535688242091235 0.0084106154116256847 2.5321517394944437 -0.70852875875671972 -0.0067027651108582933 -0.010972011502021112 2.6756927097679357 0.037555474896509677 1.0940957948654977 -2.593698353932492 0.084741442266634368
leaf_weight=22 32 39 22 29 20 21 26 31 22 33 28 21 24 35 27 26 20 30 20 26 22 24 20 21 35 20 20 23 20 23 23 30 21 30 21 22 24 31 27 34 27 27 20 36 21 20 20 22 32 20 22 28 23 23 20
leaf_count=22 32 39 22 29 20 21 26 31 22 33 28 21 24 35 27 26 20 30 20 26 22 24 20 21 35 20 20 23 20 23 23 30 21 30 21 22 24 31 27 34 27 27 20 36 21 20 20 22 32 20 22 28 23 23 20
internal_value=0.000796586 0.000939794 0.001168 -0.000967742 -0.00222222 -0.00382979 0.00147032 4.11523e-05 0.00107527 0.00195122 -0.00160714 0.000136986 0.00230769 0.00187793 0.00156208 -0.00333333 0.0025 0.00300813 0.00175926 -0.000769231 -0.00333333 0.00477124 0.00136364 0.000869565 -0.000285714 0.000226537 0.00235955 -0.000636364 -0.00168831 0.00181818 0.00318841 -0.000588235 0.00408696 0.00510638 0.00294118 0.00192982 -0.00259843 -0.000196078 0.00417476 0.00308642 -0.00291667 -0.00148936 0.00614679 -0.000140845 0.00707865 0.00531915 0.00395349 -0.00363636 -0.00421053 -0.00590909 0.00666667 0.00823529 0.00767442 -0.00767442 0.0095
internal_weight=1406 1362 1250 155 126 94 1095 243 186 164 112 73 52 852 749 57 440 369 216 78 48 153 44 138 105 309 89 220 154 66 138 51 115 94 51 57 127 51 103 81 48 47 109 71 89 47 43 44 76 44 42 68 43 43 40
internal_count=1406 1362 1250 155 126 94 1095 243 186 164 112 73 52 852 749 57 440 369 216 78 48 153 44 138 105 309 89 220 154 66 138 51 115 94 51 57 127 51 103 81 48 47 109 71 89 47 43 44 76 44 42 68 43 43 40
is_linear=0
shrinkage=0.01


Tree=166
num_leaves=56
num_cat=0
split_feature=85 69 11 1 90 21 20 27 24 25 3 1 37 39 1 27 90 85 23 90 22 69 1 19 19 19 73 73 11 17 79 14 26 77 77 77 14 60 3 91 35 34 11 71 43 22 21 39 3 19 4 24 63 19 11
split_gain=8.78449 10.5272 8.34792 7.68588 6.77507 7.99911 7.60293 7.5269 6.74486 10.9861 9.3979 7.3087 6.10492 6.37742 6.8325 5.98281 5.80423 6.66849 7.77482 8.28683 7.44521 6.74609 7.45461 11.2283 11.5127 9.02057 10.4451 9.31843 7.77216 7.62664 7.68202 7.5109 7.16883 5.71429 6.51905 7.14098 6.09185 5.74359 5.64888 6.82341 5.38724 5.4409 5.34545 5.22377 8.69206 5.04808 6.41486 4.27059 4.06923 4.04739 3.5282 2.91255 2.7641 1.6 1.06531
threshold=805.42100000000016 32641.750000000004 33526.000000000007 15965.357000000002 850.58505000000025 11.575000000000001 55.000000000000007 14.750000000000002 8.3750000000000018 172.25000000000003 12941.050000000001 11996.300000000001 96.250000000000014 201.75000000000003 14262.000000000002 89.250000000000014 478.06605000000008 1430.0500000000002 91.250000000000014 2179.2361500000006 95.250000000000014 33200.05000000001 16481.601500000004 1683.8000000000004 2314.9500000000003 1114.7500000000002 1093.5130000000001 676.23400000000004 42146.700000000004 161.50000000000003 561.09580890457892 16834.250000000004 69.750000000000014 2932.5751789376754 3398.0368009625904 4214.2291422502722 13442.100000000002 1332.6500000000003 13671.150000000001 28830.398493750006 26.225000000000005 51.250000000000007 37967.30000000001 999.50000000000011 82.45999908447267 91.250000000000014 21.475000000000005 181.25000000000003 10976.450000000003 1291.3500000000001 11573.145000000002 7.5750000000000011 27940.100000000002 782.05000000000007 35219.750000000007
decision_type=2 2 2 2 2 2 2 2 2 2 2 2 2 2 2 2 2 2 2 2 2 2 2 2 2 2 2 2 2 2 2 2 2 2 2 2 2 2 2 2 2 2 2 2 2 2 2 2 2 2 2 2 2 2 2
left_child=-1 3 51 4 40 -6 -7 -8 12 10 11 -10 33 14 54 53 -4 18 -18 -20 21 42 23 29 -25 31 27 28 -27 32 -31 -24 47 -9 -35 36 -36 -38 39 -12 41 -2 -19 44 -40 46 -45 -23 -13 -37 -33 -3 -50 -5 -14
right_child=1 2 16 15 5 6 7 8 9 -11 38 48 13 -15 -16 -17 17 20 19 -21 -22 22 25 24 -26 26 -28 -29 -30 30 -32 50 -34 34 35 49 37 -39 43 -41 -42 -43 -44 45 -46 -47 -48 -49 52 -51 -52 -53 -54 -55 -56
leaf_value=0.14070846595897135 -0.046792198501493305 -2.8510520297810293 0.040551225044540645 3.1279112593298999 -0.12048996845289381 -0.063998071026235448 -0.0035932302079513356 1.4238162790000106 -0.12151955321506915 -0.68081715103043228 0.0030175312498220987 0.00885005107167826 0.025688995651310088 0.0046133102227279435 0.015829120181079862 0.011448931475139083 0.047031389121810645 -0.0030713474795349724 -0.71983228129055588 -0.012730090921559275 0.028076689749852949 0.040298671093027635 0.005525666992870981 -0.72257935474482782 0.013264555574260834 -0.063979529105523403 -0.018137561792219637 2.6355012079445821 0.34745802844902884 -0.0096743775360197889 0.78793296681222991 -0.31961962078881928 0.079684642009929071 -0.03333459360499539 0.084254418316390703 -0.044709224031523283 -0.016770016392709561 0.019908175501504224 0.058860100744465703 -0.20883571051753969 -1.409278165571074 0.017015428662810247 -0.050140641465401856 0.00087613432531790075 -0.0021556629802517431 0.015123821729633292 -0.012466226468696174 0.0035789040400340849 0.6006184018157974 0.011959433666914166 -0.079067195713353661 -2.5641734753962022 0.03744485183513082 0.06126560862269461 0.072171994888184252
leaf_weight=24 24 22 23 20 29 30 27 20 20 37 26 20 20 23 34 29 22 33 30 21 23 20 34 23 22 39 24 25 21 21 26 22 23 20 27 21 24 28 24 20 29 29 22 31 21 32 21 34 22 20 25 20 30 20 29
leaf_count=24 24 22 23 20 29 30 27 20 20 37 26 20 20 23 34 29 22 33 30 21 23 20 34 23 22 39 24 25 21 21 26 22 23 20 27 21 24 28 24 20 29 29 22 31 21 32 21 34 22 20 25 20 30 20 29
internal_value=0.000668563 0.000564399 -0.000469565 0.00130112 0.00100271 0.00134146 0.00157895 0.0018258 0.00207018 0.00105263 0.0017603 0.00434783 0.00323308 0.00509434 0.00638554 0.00449275 -0.000131332 -0.000352941 -0.00315068 -0.00529412 0.000114416 -0.000193237 0.000306407 0.00183432 -0.00244444 -0.00105263 0.000825688 0.00247059 0.000333333 0.0033871 0.000212766 -0.00358025 0.00532468 0.002 0.00128571 0.00216667 0.00392405 0.00192308 0.0004 -0.0026087 -0.00170732 0.000188679 -0.00345455 0.00147287 0.00422222 0 -0.00192308 0.00333333 0.00583333 -0.00121951 -0.00617021 -0.0047619 0.00730769 0.007 0.00877551
internal_weight=1406 1382 575 807 738 656 627 597 570 304 267 92 266 106 83 69 533 510 73 51 437 414 359 169 45 190 109 85 60 124 47 81 77 160 140 120 79 52 175 46 82 53 55 129 45 84 52 54 72 41 47 42 52 40 49
internal_count=1406 1382 575 807 738 656 627 597 570 304 267 92 266 106 83 69 533 510 73 51 437 414 359 169 45 190 109 85 60 124 47 81 77 160 140 120 79 52 175 46 82 53 55 129 45 84 52 54 72 41 47 42 52 40 49
is_linear=0
shrinkage=0.01


Tree=167
num_leaves=55
num_cat=0
split_feature=85 61 67 2 85 86 2 21 31 44 20 87 87 21 36 0 13 88 94 20 19 14 7 94 20 93 94 4 75 0 100 100 21 24 26 36 21 90 19 13 22 19 24 26 44 0 13 44 68 92 67 40 7 21
split_gain=8.8262 8.74334 8.79805 8.6596 8.73015 10.637 8.38807 8.29182 7.75154 7.20939 5.33007 10.8544 10.2939 7.71429 7.45007 6.97118 6.90468 7.81484 6.2968 6.26202 6.10337 9.63231 6.09524 5.71495 7.53136 6.83445 8.75857 8.1347 5.63877 9.63312 6.55885 5.6128 5.55892 10.0187 10.5 8.1931 6.32585 6.20377 8.84738 9.98473 5.1024 4.85338 4.55193 4.44712 4.3645 4.3586 4.12208 3.92575 10.5795 4.45455 3.74034 2.91203 1.83203 1.6
threshold=805.42100000000016 36178.200000000004 35999.750000000007 2090.5000000000005 1401.7500000000002 0.060000000000000012 3630.8730000000005 10.800000000000002 2.8750000000000004 3.1345000267028813 2235.8500000000004 0.40625000000000006 0.76041666666666685 18.175000000000001 71.750000000000014 29554.150000000005 13649.750000000002 9837.0564583333344 545983.98648625019 730.75000000000011 1452.6000000000001 16033.250000000002 29.830000000000002 600689.64448812522 1715.6000000000001 418.60895803698446 559367.95438750018 2992.0900000000006 135.89127319439612 32014.850000000002 0.51041666666666674 0.37847222222222227 23.725000000000005 7.1750000000000016 2.2500000000000004 90.750000000000014 29.475000000000005 1148.6002500000002 510.75000000000006 6121.0500000000002 89.750000000000014 823.70000000000016 9.2250000000000014 3.7500000000000004 3.0590000152587895 30124.950000000004 5822.0500000000002 2.8270000219345097 344.00000000000006 18327.039087500012 33195.80000000001 70.750000000000014 708.55500000000018 25.925000000000004
decision_type=2 2 2 2 2 2 2 2 2 2 2 2 2 2 2 2 2 2 2 2 2 2 2 2 2 2 2 2 2 2 2 2 2 2 2 2 2 2 2 2 2 2 2 2 2 2 2 2 2 2 2 2 2 2
left_child=-1 3 -3 9 5 41 7 -6 -4 -2 12 15 14 -13 44 -12 17 20 42 53 23 22 -22 24 25 26 27 -16 29 -25 32 -21 33 -30 -35 36 37 -34 39 -39 -33 -5 -17 -28 -9 -7 -8 52 -49 -50 -31 -23 -10 -19
right_child=1 2 8 4 6 45 46 10 47 -11 11 13 -14 -15 16 18 -18 19 -20 31 21 51 -24 28 -26 -27 43 -29 30 50 -32 40 35 34 -36 -37 -38 38 -40 -41 -42 -43 -44 -45 -46 -47 -48 48 49 -51 -52 -53 -54 -55
leaf_value=0.13930138129938163 0.022492042176854295 -0.1262904344300462 0.80183612257573711 -2.3218439785550613 -0.063339733814468169 -0.082105815088266129 0.051528124222055445 0.010620648738180933 -0.014128230096307244 -1.2518916836105676 -0.20765429115080339 -2.6993375457173578 0.034888765825257052 -0.020193188092396726 -0.0046783764818052898 0.028764919075838336 3.6949637609727741 0.0017458044476053875 0.020838649883426142 0.018848365535126414 0.0070803009135573403 0.3491937693255926 -0.0059253084700937597 0.017218967118465663 0.0294995697673015 -0.031218236713722987 -0.041446220078896479 1.5685554320547084 0.049174183172865781 0.0043098304176988362 0.11068245411286291 -0.05961193960698017 -0.2275115876693149 -0.01107155910015325 0.018654208142468421 1.0794101353761771 1.2833062266105859 0.0033676690212382709 0.01644430024272266 -0.60542451974880673 -0.34122995154106522 -0.23729021554752686 -0.0038206284332402839 0.0029759755901542029 1.453958578534406 0.23580299994000442 0.044719069357166158 0.030973943791802388 -0.25524824709643334 -0.0012011820197967197 -0.01147950659946261 0.012773362123912797 -1.4983401166483126 1.93937025835542
leaf_weight=24 20 38 21 22 23 32 20 28 22 39 20 21 37 21 21 23 26 20 28 32 21 20 21 29 20 29 31 22 29 23 36 32 26 24 32 23 21 27 31 25 27 39 30 21 27 21 22 32 22 22 20 23 20 20
leaf_count=24 20 38 21 22 23 32 20 28 22 39 20 21 37 21 21 23 26 20 28 32 21 20 21 29 20 29 31 22 29 23 36 32 26 24 32 23 21 27 31 25 27 39 30 21 27 21 22 32 22 22 20 23 20 20
internal_value=0.000654339 0.000549928 -0.00152542 0.000854772 0.00104712 -0.00157895 0.00133721 0.00115152 -0.000359712 -0.00288136 0.00129266 -0.00048951 0.00160194 -0.0047619 0.00135959 0.00128713 0.0010929 0.000906516 0.00259259 -0.00129771 0.0014087 0.00388235 0.00047619 0.000979592 -0.000694444 -0.0016129 -0.000315789 0.00302326 0.0016763 0.00416667 0.0010219 -0.00274725 0.000420168 0.00247059 0 -0.000718954 -0.00169231 -0.00266055 -0.0013253 -0.00384615 -0.00457627 -0.00442623 0.000566038 -0.00307692 0.00490909 0.00169811 0.00571429 -0.00135593 0 -0.00318182 0.00116279 0.0072093 -0.00380952 0.002
internal_weight=1406 1382 177 1205 1146 114 1032 990 139 59 967 143 824 42 787 101 732 706 81 131 575 85 42 490 144 124 95 43 346 72 274 91 238 85 56 153 130 109 83 52 59 61 53 52 55 53 42 118 76 44 43 43 42 40
internal_count=1406 1382 177 1205 1146 114 1032 990 139 59 967 143 824 42 787 101 732 706 81 131 575 85 42 490 144 124 95 43 346 72 274 91 238 85 56 153 130 109 83 52 59 61 53 52 55 53 42 118 76 44 43 43 42 40
is_linear=0
shrinkage=0.01


Tree=168
num_leaves=53
num_cat=0
split_feature=29 81 81 21 34 37 88 24 23 21 35 11 21 24 21 26 94 3 94 37 79 14 81 16 80 35 3 61 87 60 42 16 21 26 7 8 13 79 61 3 46 11 16 91 11 37 39 23 46 3 79 26
split_gain=7.31492 13.0942 12.2063 9.2299 8.50949 7.78342 7.8019 7.38474 10.3338 8.45026 7.40706 10.0505 7.76068 10.2474 12.7693 10.1462 7.83132 7.75941 7.10629 7.09146 7.95715 11.7949 7.08542 6.74298 6.43234 9.89378 6.33236 6.59278 6.95116 10.3642 5.75813 5.58265 5.4961 5.07698 4.79962 6.78557 5.6349 5.34931 5.33333 4.73387 4.57875 4.38014 6.47319 4.16308 6.94444 4.85341 4.07 3.6 3.57232 3.14608 2.93765 2.00906
threshold=79.250000000000014 5043.6498464425194 4787.1147671688432 11.275000000000002 96.250000000000014 99.750000000000014 10149.405000000001 7.075000000000002 12.250000000000002 28.675000000000001 23.775000000000002 30909.850000000002 16.025000000000002 8.7250000000000014 17.725000000000005 75.750000000000014 702142.25375562522 14862.350000000002 750494.16912531271 65.750000000000014 553.24177155445875 15496.200000000003 4122.2672144531443 6305.5500000000011 35917.624305555561 25.325000000000006 16089.145500000002 35003.100000000006 0.23958333333333334 1089.9175000000002 136.37500000000003 5531.3000000000002 24.975000000000005 11.250000000000002 17.655000000000005 401.31831349206351 8413.3000000000011 541.19111733090915 33013.05000000001 13791.650000000003 103.34499740600587 33873.80000000001 6533.5500000000002 27991.175775 33800.950000000004 83.750000000000014 170.75000000000003 1.2500000000000002 104.00500106811525 14379.85 657.12073541344296 6.2500000000000009
decision_type=2 2 2 2 2 2 2 2 2 2 2 2 2 2 2 2 2 2 2 2 2 2 2 2 2 2 2 2 2 2 2 2 2 2 2 2 2 2 2 2 2 2 2 2 2 2 2 2 2 2 2 2
left_child=2 3 4 -2 5 19 -7 8 47 10 -9 -12 30 16 -15 24 17 46 22 41 21 31 -6 -19 25 39 27 28 43 32 -13 -21 -30 -26 35 -27 37 40 -37 -16 -36 -1 -43 44 -10 51 -14 -5 -47 -17 -22 -45
right_child=1 -3 -4 7 18 6 -8 9 26 -11 11 12 13 14 15 49 -18 23 -20 20 50 -23 -24 -25 33 34 -28 -29 29 -31 -32 -33 -34 -35 36 38 -38 -39 -40 -41 -42 42 -44 45 -46 48 -48 -49 -50 -51 -52 -53
leaf_value=0.061384734634003152 -0.36208838753906797 -0.50055235974922729 0.12793933736596599 0.0030255867866647236 0.010215032041895946 -7.5317089737919106e-05 -3.909853129875505 0.34676379723241624 0.017876494958834345 1.7798042589489964 -1.1917667883390337 0.003854597180006792 -0.0049510616608699123 -0.6138896583582788 -0.057941961038669235 0.07844060489625812 0.04386070805522272 0.020965698542215826 -4.7356377122244719 -0.1249239930709177 1.3743752039212629 -0.58400705999866864 -2.6794159585500141 -0.018356898098329966 0.0067352565235979612 0.061509329597763056 -0.033038223081200704 0.67027211892772731 0.04181005546791626 -0.09011363698440078 0.013623070149905537 1.27047316434448 0.018921418037488924 -0.1873789025492377 0.11925943886285617 -0.0050392673788863772 0.0071247095833694846 0.35356450262806449 0.0070094979044217666 0.0088338240904270206 0.0016572214340105696 -0.022927328740896688 0.0013942493770153176 -0.0030999778816485123 0.31968473333114911 0.017046777447281006 -0.62341917494721411 -0.052563746491582533 0.0059418459801927927 0.12575902054122573 0.024101212302946057 0.33764445661888043
leaf_weight=21 28 30 34 20 30 35 25 28 24 21 37 31 26 29 23 21 21 22 20 24 26 28 31 21 25 27 20 27 20 35 33 35 35 28 24 28 34 31 21 20 28 39 23 21 36 23 28 20 25 22 22 20
leaf_count=21 28 30 34 20 30 35 25 28 24 21 37 31 26 29 23 21 21 22 20 24 26 28 31 21 25 27 20 27 20 35 33 35 35 28 24 28 34 31 21 20 28 39 23 21 36 23 28 20 25 22 22 20
internal_value=0.000725462 0.00117473 -0.00043257 0.00137335 -0.00097493 -0.000143885 -0.00333333 0.00153927 0.00276074 0.0009062 0.000690789 0.000448276 0.000791897 0.000354906 0.00119114 0.00174699 -0.00220339 -0.00340206 -0.00382716 0.000733945 0.00214815 0.000344828 -0.00213115 -0.000232558 0.00107266 0.00177966 0.00342657 0.00383459 0.00330544 0.00111111 0.0040625 0.00288136 0.00381818 -0.00207547 0.00274611 0.000789474 0.00401709 0.00542169 -0.00142857 -0.00255814 0.00346154 -0.00156627 -0.00290323 0.00463087 0.00666667 0.00325843 -0.00592593 -0.002 0.00541667 0.00627907 0.00541667 0.000731707
internal_weight=1406 1013 393 983 359 278 60 955 326 629 608 580 543 479 361 332 118 97 81 218 135 87 61 43 289 236 286 266 239 90 64 59 55 53 193 76 117 83 49 43 52 83 62 149 60 89 54 40 48 43 48 41
internal_count=1406 1013 393 983 359 278 60 955 326 629 608 580 543 479 361 332 118 97 81 218 135 87 61 43 289 236 286 266 239 90 64 59 55 53 193 76 117 83 49 43 52 83 62 149 60 89 54 40 48 43 48 41
is_linear=0
shrinkage=0.01


Tree=169
num_leaves=53
num_cat=0
split_feature=27 82 81 46 51 63 30 33 5 23 64 83 5 83 3 33 63 37 46 23 45 17 46 21 82 29 81 64 46 83 41 41 69 44 33 65 21 33 64 71 45 3 92 20 83 30 41 60 100 27 42 34
split_gain=8.25438 7.50076 6.28642 7.54862 6.24484 6.96412 8.97284 10.4533 10.3278 8.27959 6.83335 6.33068 6.15492 6.26559 5.95325 5.96514 5.18836 6.72726 6.13797 8.80847 8.22853 11.3724 8.04306 7.76418 6.78596 7.0123 11.0901 7.64354 6.62543 6.31015 6.25294 8.11252 6.45727 5.98478 5.92062 5.66577 6.04198 8.25157 5.91037 5.04052 4.92633 4.66667 4.51767 5.23943 4.38366 4.29183 4.19488 4.02741 3.96825 3.23269 2.99688 1.67619
threshold=110.75000000000001 -74.836499999999873 3504.9721233639416 90.680000305175795 1.0000000180025095e-35 27880.800000000003 62.250000000000007 46.250000000000007 6528.045000000001 16.750000000000004 890.23800000000017 484.00000000000006 17825.395 1261.000000000002 15470.400000000003 182.75000000000003 35370.30000000001 73.250000000000014 105.9650001525879 45.750000000000007 25102.500000000004 118.10000000000001 108.189998626709 24.075000000000006 1772.0000000000002 80.250000000000014 3814.0189553576706 1450.7640000000004 105.03499984741212 2326.8500000000045 52.750000000000007 72.250000000000014 30839.600000000002 3.0764999389648446 27.750000000000004 29822.200000000001 17.075000000000006 78.250000000000014 1357.0430000000003 1190.4635000000003 23084.500000000004 13791.650000000003 28890.860387500008 240.00000000000003 881.80000000000121 95.250000000000014 83.750000000000014 1502.0000000000002 0.70486111111111127 47.750000000000007 139.30000305175784 81.250000000000014
decision_type=2 2 2 2 2 2 2 2 2 2 2 2 2 2 2 2 2 2 2 2 2 2 2 2 2 2 2 2 2 2 2 2 2 2 2 2 2 2 2 2 2 2 2 2 2 2 2 2 2 2 2 2
left_child=2 -2 42 -4 5 6 49 9 -9 -8 -11 -7 13 44 15 -3 18 -18 20 -20 24 23 33 -22 25 26 -15 29 30 -28 32 35 41 -21 -33 36 -32 -38 -37 -35 -36 -27 46 -44 -13 -42 -1 -12 51 -5 -45 -23
right_child=1 14 3 4 -6 11 7 8 -10 10 47 12 -14 16 -16 -17 17 -19 19 22 21 48 -24 -25 -26 28 27 -29 -30 -31 31 34 -34 39 40 38 37 -39 -40 -41 45 -43 43 50 -46 -47 -48 -49 -50 -51 -52 -53
leaf_value=0.056290279713864778 0.018503997897031738 -0.83402541994749668 -0.62948370515904162 0.053499545665644695 -1.755702903052385 -0.024480843385369596 -0.0029174357281061291 -0.070645250817922403 0.018181367599616482 0.0030806127865691158 0.077387161971906718 0.0033660823460787484 -1.0275421433938732 0.060770887287663118 -0.093897936728316603 0.24387203683639627 -0.59270950497232255 0.004088066468512507 0.011046064569386815 -0.00012393901502599837 0.01643227385662072 0.073817906913090259 0.013802926428000286 -0.26169212269547176 1.1602659243424911 -0.0030689781028320276 0.028994187724993247 -0.01294161689496527 0.030561768152879011 -0.72371878508228182 0.012509397801174613 -0.75282200461698467 -0.023190780638436694 -2.0505719052412577 0.076524415826798017 0.013123781530687301 -0.011272208727225565 0.031053945978944144 0.048094543696842192 -0.0054400444921066131 -0.0055873577260479 0.40801388001628491 -0.16238734472329028 0.70565768098738135 0.027539273440412525 0.0043278433406254077 0.23274930539742983 0.0085708400312689646 0.013700961832451656 0.069344405546016216 0.77550103439819684 2.6914566715741284
leaf_weight=37 29 24 36 20 36 30 21 28 22 28 29 29 22 21 32 27 23 30 34 26 25 20 38 22 21 21 26 21 25 23 23 26 38 34 23 20 23 20 26 23 34 21 34 22 33 22 31 22 30 32 21 22
leaf_count=37 29 24 36 20 36 30 21 28 22 28 29 29 22 21 32 27 23 30 34 26 25 20 38 22 21 21 26 21 25 23 23 26 38 34 23 20 23 20 26 23 34 21 34 22 33 22 31 22 30 32 21 22
internal_value=0.000640114 -0.00196429 0.000865533 0.000617929 0.000763702 0.00090065 0.00257426 0.00133333 -0.0024 0.0032 0.00468354 0.000514286 0.000674556 0.000814095 -0.00349398 -0.00137255 0.000565046 -0.00245283 0.00079096 -0.000967742 0.00128391 0.00361345 -0.0022314 -0.000212766 0.000645161 0.000363196 -0.00208791 -0.004 0.0010559 -0.00183673 0.000639731 0.00152074 -0.00175 -0.0039759 -0.00047619 0.00339286 0.00151515 -0.000697674 0.00608696 -0.00578947 0.000886076 0.000952381 0.00282759 0.00116883 0.00387097 -0.000714286 0.00470588 0.00686275 0.00611111 0.00615385 0.00348837 0.00809524
internal_weight=1406 112 1294 1149 1113 1077 202 150 50 100 79 875 845 823 83 51 761 53 708 155 553 119 121 47 434 413 91 70 322 49 297 217 80 83 105 112 66 43 46 57 79 42 145 77 62 56 68 51 72 52 43 42
internal_count=1406 112 1294 1149 1113 1077 202 150 50 100 79 875 845 823 83 51 761 53 708 155 553 119 121 47 434 413 91 70 322 49 297 217 80 83 105 112 66 43 46 57 79 42 145 77 62 56 68 51 72 52 43 42
is_linear=0
shrinkage=0.01


Tree=170
num_leaves=52
num_cat=0
split_feature=2 21 61 43 20 27 69 83 78 0 89 83 34 20 2 61 34 38 61 40 78 28 80 80 32 13 100 80 62 32 75 17 41 83 41 61 38 38 40 2 4 10 71 71 43 57 3 10 0 83 87
split_gain=7.32072 7.74734 6.7458 9.91255 6.96392 7.0291 7.41753 7.56454 6.98797 10.81 8.03694 7.33305 9.9405 9.75238 9.33083 7.75266 6.83624 6.81331 7.14264 6.41212 6.28701 9.47739 9.0541 8.62597 8.29842 7.55714 7.10594 6.89547 5.75587 7.22723 6.36396 5.75129 8.13321 5.54113 5.43763 5 6.24026 5.5254 4.95709 4.95169 5.17993 4.9324 4.8598 8.50024 4.75233 4.66269 4.28262 3.81111 3.55926 3.27273 3.00444
threshold=3607.2500000000005 28.325000000000006 36178.200000000004 74.934997558593764 55.000000000000007 10.750000000000002 31200.900000000005 2354.0999999999972 1409.1918194444445 31436.000000000004 1030.96719375 1408.6000000000006 36.250000000000007 841.05000000000007 2563.1500000000001 31980.600000000002 95.250000000000014 14.425000000000002 34746.80000000001 85.250000000000014 760.48685069444457 26.975000000000005 29671.561805555564 32443.802430555563 105.25000000000001 4286.1500000000005 0.53819444444444453 31820.964236111115 1431.1000000000001 69.750000000000014 127.43989030754896 29.100000000000005 75.750000000000014 1884.6000000000006 92.750000000000014 30692.000000000004 7.2250000000000005 3.9750000000000005 134.75000000000003 2981.3000000000006 7158.3500000000013 38347.250000000007 927.41050000000007 1368.999 83.43500137329103 -0.56174490092936669 14594.85 34940.55000000001 32390.250000000004 1901.7999999999995 0.15625000000000003
decision_type=2 2 2 2 2 2 2 2 2 2 2 2 2 2 2 2 2 2 2 2 2 2 2 2 2 2 2 2 2 2 2 2 2 2 2 2 2 2 2 2 2 2 2 2 2 2 2 2 2 2 2
left_child=2 45 4 16 19 -6 7 8 9 11 -10 13 -13 50 -15 35 41 18 20 -1 24 22 25 -23 -8 -22 33 -28 29 -24 -30 -20 47 -26 -34 36 37 -14 -5 40 -25 -4 -9 -44 -29 -2 -32 -33 -31 -38 -7
right_child=1 -3 3 38 5 6 17 42 10 -11 -12 12 15 14 -16 -17 -18 -19 31 -21 21 23 28 39 26 -27 27 44 30 48 46 32 34 -35 -36 -37 49 -39 -40 -41 -42 -43 43 -45 -46 -47 -48 -49 -50 -51 -52
leaf_value=0.024987828049606305 0.066085927516981391 -0.048027990105295626 0.0070106994961424722 -2.5478021047920341 -0.30675494813814902 0.24105857068935144 -1.1975147876969101 0.40761969780790247 0.0037731894042201935 0.88703972694795508 -0.021169828729796138 0.049362912431303974 0.016604346992670004 -0.12528936524253881 0.029033725114271079 0.043022758675702592 0.030389798772015655 -0.037016822486756529 -0.0050272157909655377 -1.3320475667423963 -0.0061576177720121588 -0.02783438250629474 -0.1011743727935262 0.072452683430826101 -0.01317699743670318 0.0018158150862099243 0.15474534844835844 -0.22813826342478169 0.0040433820179914277 0.11195688520159408 -0.011159486639953309 0.0060322359963184873 -0.066375115070814519 -1.8031426569941948 0.034403621719577344 -1.525740673705164 0.80498305083763244 -0.3505020813026099 -0.010022134305565662 -0.0085324630761040542 -0.088212745819331279 -0.79656256193888908 -0.40303624897266283 0.30851128581511839 0.036680421336387922 0.011576841988890859 0.0029242955708280657 2.5440025981660077 0.03639654136987059 -0.020394416440129133 0.41263294179851939
leaf_weight=20 22 25 22 28 20 20 32 37 30 35 33 22 20 37 26 38 29 29 20 24 24 28 20 20 20 21 21 21 24 24 31 24 20 22 21 25 22 36 27 36 26 26 21 33 34 39 38 21 30 22 25
leaf_count=20 22 25 22 28 20 20 32 37 30 35 33 22 20 37 26 38 29 29 20 24 24 28 20 20 20 21 21 21 24 24 31 24 20 22 21 25 22 36 27 36 26 26 21 33 34 39 38 21 30 22 25
internal_value=0.000663749 0.00348837 0.000474708 -0.00166667 0.000719861 0.000874662 0.000982553 0.00190871 0.00130435 0.00189024 -0.00174603 0.0012628 5.40541e-05 0.00333333 0.000793651 -0.000797546 0.000649351 0.000247117 0.000484429 -0.00318182 -4.23729e-05 0.000745342 0.00198113 -0.00163636 -0.00173333 -0.002 -0.000508475 0.00131579 0.00305389 0.00513514 0.00139785 0.00283019 0.00395349 -0.00380952 0.000731707 -0.002 -0.001 -0.00321429 -0.00490909 0 0.00217391 -0.00166667 0.00450549 0.00259259 -0.000545455 0.00540984 -0.000144928 0.00688889 0.00703704 0.00181818 0.00688889
internal_weight=1371 86 1285 132 1153 1109 1089 482 391 328 63 293 185 108 63 163 77 607 578 44 472 322 212 110 150 45 118 76 167 74 93 106 86 42 41 125 100 56 55 82 46 48 91 54 55 61 69 45 54 44 45
internal_count=1371 86 1285 132 1153 1109 1089 482 391 328 63 293 185 108 63 163 77 607 578 44 472 322 212 110 150 45 118 76 167 74 93 106 86 42 41 125 100 56 55 82 46 48 91 54 55 61 69 45 54 44 45
is_linear=0
shrinkage=0.01


Tree=171
num_leaves=53
num_cat=0
split_feature=74 74 72 73 20 69 83 73 91 34 62 69 82 100 20 67 66 8 94 62 31 8 72 72 81 17 29 1 44 17 90 36 8 79 34 66 20 83 19 34 90 36 19 74 86 74 36 31 81 66 41 66
split_gain=5.37173 7.94651 9.42648 8.52144 9.85325 14.3748 13.6129 9.65019 9.54516 7.97802 7.60706 7.54065 6.9231 7.79038 8.24277 11.9808 6.68231 6.3751 6.18318 6.15143 6.69419 6.70883 9.48866 7.59767 6.14655 11.9391 7.05594 8.16009 6.45811 6.31504 5.9683 5.77444 5.70572 5.61234 9.16209 5.5235 10 5.33333 5.70047 5.31386 5.12306 6.48 4.99497 4.3573 4.34297 5.12 4.27059 4.09043 4.02741 3.44313 2.96609 2.14286
threshold=1662.8468750000004 1172.0361875000001 1653.7855000000002 1340.2500000000002 456.65000000000003 32898.850000000013 1261.000000000002 1557.5500000000002 24263.070556250004 72.250000000000014 372.90950000000004 30293.550000000007 -664.89999999999986 0.22569444444444445 2666.2500000000005 26406.050000000007 938.15000000000009 395.22375000000005 491346.38378750015 1345.3305000000003 10.125000000000002 412.76717948717959 1503.4000000000003 1499.0870000000002 4175.2337236371568 148.90000000000001 73.250000000000014 16707.490500000004 2.9869999885559086 182.65000000000001 2179.2361500000006 89.250000000000014 405.59694444444455 537.60425247855881 79.750000000000014 0.10200000000000002 884.6500000000002 2267.0500000000015 1473.5000000000002 51.250000000000007 2551.7551500000004 84.750000000000014 805.85000000000014 999.46021875000008 847.00000000000011 1388.7148541666668 82.750000000000014 6.9250000000000016 4287.9242798046653 927.41650000000016 66.750000000000014 1295.3840000000002
decision_type=2 2 2 2 2 2 2 2 2 2 2 2 2 2 2 2 2 2 2 2 2 2 2 2 2 2 2 2 2 2 2 2 2 2 2 2 2 2 2 2 2 2 2 2 2 2 2 2 2 2 2 2
left_child=1 2 3 4 5 6 -1 49 -8 -9 -3 -2 33 39 15 -15 17 -10 -17 44 21 22 32 -23 26 28 29 31 35 -20 -27 47 -21 -6 -35 36 -26 38 50 -14 41 -13 -25 -4 46 -46 -12 -28 -41 -5 -22 -48
right_child=11 10 43 7 12 -7 8 9 16 -11 19 40 13 14 -16 18 -18 -19 24 20 37 23 -24 42 25 30 27 -29 -30 -31 -32 -33 -34 34 -36 -37 -38 -39 -40 48 -42 -43 -44 -45 45 -47 51 -49 -50 -51 -52 -53
leaf_value=0.1007610707527833 -0.029572300488799681 -0.039812840754549772 -1.2645100805050311 -0.35736455490574065 -0.72299363286424156 -2.1288227203858709 -0.84308433077468836 -0.015900289324956702 0.14087562388320266 0.025366259284314668 0.04412822054357271 -0.0067036448104019052 0.018416769808102133 2.2638001661878788 -1.6275791855170059 0.015983974557999828 -0.95097402851881119 -0.37415862574744596 0.024148090709279355 0.041038511034439056 0.0039926527951557626 -0.13722049306550788 -0.0023878009817347163 -0.010104497281402825 0.010312572077160699 0.0074289843624621389 -0.026416951959115278 1.7489351074986714 -0.75660442873266198 -7.7420425647959838 1.8274456742072258 0.061526267809449843 1.684545249473606 0.075643812313812897 -0.015661736759635777 0.0093220781322175712 -0.49245937473470919 0.016115720500205474 0.0073954607224078917 0.11413727620094505 0.0056182488223997778 0.0063217086024732316 0.0021246837003918808 -0.0030151974527642157 -0.0044668170489533731 0.13935355354172169 0.020636653339138871 0.046586598179134402 0.76572819651853385 -1.9070881591424229 -0.025783068573972577 0.22744105178441587
leaf_weight=35 26 20 34 22 22 24 20 28 23 24 20 25 31 22 35 26 23 32 33 38 21 39 29 20 20 34 25 32 29 20 22 28 24 22 29 21 20 25 34 22 21 25 33 20 25 25 20 23 29 23 20 28
leaf_count=35 26 20 34 22 22 24 20 28 23 24 20 25 31 22 35 26 23 32 33 38 21 39 29 20 20 34 25 32 29 20 22 28 24 22 29 21 20 25 34 22 21 25 33 20 25 25 20 23 29 23 20 28
internal_value=0.000722101 0.000894819 0.000339977 0.000613267 0.000997151 -0.00121019 7.5188e-05 -0.00216495 -0.00183673 0.000769231 0.002019 -0.00154639 0.00163303 0.00207627 0.00148718 0.00194366 -0.00025641 0.00163636 0.00147147 0.0023192 0.00151943 0.000382514 0.00230769 -0.00152174 0.00107492 -0.000410959 0.00242236 0.00388889 -0.00266667 -0.000566038 0.00321429 0.00210526 0.00451613 -0.00123288 0.000588235 -0.000819672 -0.003 0.0036 0.00226667 0.00487805 0.000140845 -0.0016 0.000943396 -0.0037037 0.00423729 0.002 0.00588235 0 0.00686275 -0.00555556 -0.000243902 0.0075
internal_weight=1371 1274 853 799 702 157 133 97 98 52 421 97 545 472 390 355 78 55 333 401 283 183 91 92 307 146 161 108 90 53 56 76 62 73 51 61 40 100 75 82 71 50 53 54 118 50 68 48 51 45 41 48
internal_count=1371 1274 853 799 702 157 133 97 98 52 421 97 545 472 390 355 78 55 333 401 283 183 91 92 307 146 161 108 90 53 56 76 62 73 51 61 40 100 75 82 71 50 53 54 118 50 68 48 51 45 41 48
is_linear=0
shrinkage=0.01


Tree=172
num_leaves=52
num_cat=0
split_feature=14 2 5 5 76 96 16 16 74 5 83 44 26 76 65 38 2 22 5 3 3 38 38 68 79 16 22 38 5 2 83 68 77 83 6 22 75 40 25 3 2 3 21 74 75 76 38 10 38 37 83
split_gain=7.43015 8.02528 7.37683 9.22219 6.41546 7.75877 10.5569 11.1342 9.59098 9.44065 9.00779 8.04726 11.8788 7.70262 12.5968 10.3414 7.1122 6.4331 10.9731 14.1978 8.436 6.00771 6.95625 5.97921 5.95238 5.77132 6.0289 6.45875 7.21458 6.99375 5.57212 5.35794 4.87279 4.76758 7.95321 7.44114 6.31488 5.61247 4.69529 4.28098 4.04739 3.96825 3.75993 3.65801 3.65008 3.51373 3.50303 3.10874 3.08571 2.86202 2.73834
threshold=11304.300000000001 3630.8730000000005 1485.2600000000002 4368.1050000000005 26900.043750000001 1.0000000180025095e-35 3788.6500000000005 6176.1500000000005 968.4162187500001 5184.3900000000012 2183.6500000000019 2.6384999752044682 18.750000000000004 35970.589583333342 32292.550000000003 4.7250000000000014 2394.4500000000003 79.250000000000014 4236.6250000000009 14294.150000000003 15639.608500000002 8.4750000000000032 7.625 1089.9175000000002 531.69052354068083 6468.5000000000009 93.250000000000014 5.5250000000000012 7062.7400000000007 2814.7500000000005 881.80000000000121 1533.9000000000003 3906.0113154911 2119.9499999999994 4683.3350000000009 87.250000000000014 181.13742728246629 68.750000000000014 175.25000000000003 14759.650000000001 2890.2000000000003 11173.750000000002 27.375000000000004 1295.8705520833335 323.22692613099076 31376.243750000001 6.5250000000000012 39796.450000000004 6.5250000000000012 74.250000000000014 1708.6999999999991
decision_type=2 2 2 2 2 2 2 2 2 2 2 2 2 2 2 2 2 2 2 2 2 2 2 2 2 2 2 2 2 2 2 2 2 2 2 2 2 2 2 2 2 2 2 2 2 2 2 2 2 2 2
left_child=2 4 -1 23 30 6 10 11 9 -9 48 12 -8 25 47 -16 45 -10 19 -19 32 22 33 -4 43 26 27 -7 -29 -30 -2 41 -20 34 35 -18 -35 -38 -11 -25 -39 -32 -17 -3 -23 -13 -21 -15 -6 -5 -36
right_child=1 24 3 49 5 13 7 8 17 38 -12 16 -14 14 15 42 21 18 20 46 -22 44 -24 39 -26 -27 -28 28 29 -31 31 -33 -34 36 50 -37 37 40 -40 -41 -42 -43 -44 -45 -46 -47 -48 -49 -50 -51 -52
leaf_value=0.01519226819682685 0.056753905786576408 -0.008513312303130351 -0.016162883598544831 0.25805598679914227 -1.0137972152761743 -0.95046211215746101 0.005887357756693589 0.082292918505534468 -0.021866363097410427 -0.0075197703835475707 0.0099879270351914372 0.013761573453591499 -0.098101008717477872 3.6626618352943638 0.015536032598832581 -0.37926966517709132 -0.0042571439367889491 -0.018254534861647239 0.0072289796661241228 0.026693119416053453 -0.057271934327886756 0.0050874170172766431 -0.019497766918323826 -1.6046866893989651 0.071738884063379429 0.014115840722993345 -7.1510386095625043 -0.73658753995547555 0.023228340764677391 -0.01994926585529181 -0.013227094664904487 -0.0027474166284376001 -0.0051828372052416354 -0.15530285047622946 0.28979340141719973 0.073180355274918799 1.203785860685006 0.041653835680712181 0.62626913466126288 -0.006785897891783757 -0.02526298754759343 0.32172017583030316 -0.015151228944118111 0.063193919659372558 0.32194756471353742 -0.64869096580335905 0.008809846506809247 0.05491153044137595 -0.17039904960113156 -0.00552033047414626 0.38617021214115654
leaf_weight=34 27 22 34 21 28 34 30 23 25 32 22 30 25 25 37 28 26 29 30 20 26 26 21 38 28 31 21 27 23 27 20 27 34 20 34 22 23 21 26 24 20 36 30 20 34 21 24 21 20 20 24
leaf_count=34 27 22 34 21 28 34 30 23 25 32 22 30 25 25 37 28 26 29 30 20 26 26 21 38 28 31 21 27 23 27 20 27 34 20 34 22 23 21 26 24 20 36 30 20 34 21 24 21 20 20 24
internal_value=0.000722101 0.001 -0.00122807 -0.00226277 0.00079646 0.00054902 0.00111732 0.00151703 -3.71747e-05 0.00283951 -0.00257143 0.00262599 -0.000909091 -0.000789474 0.000921986 -0.00115789 0.00322981 -0.0012766 -0.000552147 0.00232877 -0.00288889 0.00387454 0.00308057 -0.00395833 0.00428571 -0.00226994 -0.00318182 -0.00225225 -0.000649351 0.0016 0.00309091 0.00180723 -0.0009375 0.00368421 0.00509434 0.00208333 0.00190476 0.0034375 0.000689655 -0.00580645 0.00121951 0.00357143 -0.0037931 0.00190476 0.00666667 -0.000196078 0.00590909 0.00521739 -0.005 0.00170732 0.00758621
internal_weight=1371 1200 171 137 1130 1020 716 646 269 81 70 377 55 304 141 95 322 188 163 73 90 271 211 96 70 163 132 111 77 50 110 83 64 190 106 48 84 64 58 62 41 56 58 42 60 51 44 46 48 41 58
internal_count=1371 1200 171 137 1130 1020 716 646 269 81 70 377 55 304 141 95 322 188 163 73 90 271 211 96 70 163 132 111 77 50 110 83 64 190 106 48 84 64 58 62 41 56 58 42 60 51 44 46 48 41 58
is_linear=0
shrinkage=0.01


Tree=173
num_leaves=52
num_cat=0
split_feature=81 19 91 81 28 83 42 0 67 76 38 38 65 98 91 65 19 5 91 65 38 32 37 74 77 67 65 38 70 16 91 16 88 76 77 81 37 26 83 35 1 65 0 38 26 38 56 14 99 99 81
split_gain=7.55118 9.82807 9.69269 7.49452 6.62507 11.5903 11.2353 9.15908 11.3101 8.49401 9.27808 12.4059 7.7879 7.37811 7.87394 6.93133 9.11309 8.99865 8.33198 6.88002 6.7496 6.23747 5.69763 5.63984 5.61484 5.67733 7.97194 8.0217 6.64756 7.42247 8.11422 6.1343 5.81818 5.6002 5.55556 5.4945 7.04406 8.66347 6.51472 5.40256 5.15704 4.73382 6.41212 4.50833 4.45455 4.14848 3.99362 3.44608 4.22223 3.33473 1.52381
threshold=3340.9881641202533 262.35000000000008 24263.070556250004 5233.8227661808969 26.325000000000006 2019.8999999999999 108.87500000000001 31709.600000000002 35358.750000000007 35970.589583333342 14.425000000000002 12.4 31403.650000000005 0.35069444444444448 28955.817543750003 29948.300000000003 1014.7500000000001 6528.045000000001 28592.460037500005 30016.000000000004 6.9750000000000005 65.250000000000014 55.750000000000007 675.90877083333351 4414.2522019932348 30160.250000000004 26536.150000000005 5.7250000000000005 899.97300000000007 5911.5000000000009 28086.923481250004 4403.1000000000013 5127.7443750000002 30120.979166666668 3643.3980852070649 4541.5263593427653 76.250000000000014 12.250000000000002 2104.0000000000041 25.475000000000005 15079.748000000001 34035.30000000001 35372.55000000001 7.2250000000000005 51.250000000000007 7.4250000000000016 -1.0000000180025095e-35 13872.200000000003 0.34375000000000006 0.11458333333333336 4684.255893244389
decision_type=2 2 2 2 2 2 2 2 2 2 2 2 2 2 2 2 2 2 2 2 2 2 2 2 2 2 2 2 2 2 2 2 2 2 2 2 2 2 2 2 2 2 2 2 2 2 2 2 2 2 2
left_child=1 2 -1 4 5 6 7 22 50 10 11 15 43 21 33 16 17 18 20 45 -6 -7 -2 -18 25 26 27 -8 -27 31 -31 -30 -28 -15 -17 36 44 -38 -39 -26 46 42 -40 -11 -14 -16 -19 -23 -49 -3 -9
right_child=3 49 -4 -5 9 13 24 8 -10 12 -12 -13 35 14 19 34 23 40 -20 -21 -22 47 -24 -25 39 28 32 -29 29 30 -32 -33 -34 -35 -36 -37 37 38 41 -41 -42 -43 -44 -45 -46 -47 -48 48 -50 -51 -52
leaf_value=-0.42569438352953515 0.016928165030578486 0.26071358503075565 0.06973973548289869 0.015807485363273432 -1.6213783419894738 0.012180568512674799 0.0081918425756438845 0.025779171576993547 -4.4290841858074156e-05 2.3768391356577134 -0.55623648213030363 0.022996057357030617 0.0062854261525623102 0.00038754201191781423 -0.0034256633606885392 -0.052046321370941978 -0.010430859316278194 0.042960181992390115 0.060798202360700097 0.0037251593831090632 -0.000855636907356574 0.065553085699377983 -0.028476914073621497 -1.2273120109143134 -0.65214446113300317 -0.01732458905717324 -0.032785197143824094 -0.0082458137619451661 0.00036558182825975296 0.0068607040668113382 -0.0050118162478534727 0.11272118041983552 -0.006579988282105838 0.011043917941336794 -0.02673208308320723 -0.82612542280035561 0.075343369622188114 -0.60605527275941251 -0.025782340721270655 -0.012104604851876748 0.653242436851033 -0.052887912218528531 0.88718618690427886 0.13140124303719375 0.99063918495199599 -0.0089396277305771616 -0.0035786188255967914 1.9771681273365675 0.0098830702723538798 0.048732110388379414 0.070664207467695153
leaf_weight=26 24 30 29 27 33 27 23 21 25 24 21 21 22 27 24 36 20 25 21 34 24 25 22 23 31 32 22 36 20 22 26 38 22 34 36 30 26 29 24 28 27 30 20 23 22 20 23 35 23 37 21
leaf_count=26 24 30 29 27 33 27 23 21 25 24 21 21 22 27 24 36 20 25 21 34 24 25 22 23 31 32 22 36 20 22 26 38 22 34 36 30 26 29 24 28 27 30 20 23 22 20 23 35 23 37 21
internal_value=0.000576222 0.00295082 -0.000181818 0.000344275 0.000229133 0.000906344 -0.000121065 0.00256637 0.00492537 -0.000571429 -0.00167742 -0.00121107 0.0008 0.00261044 0.00107914 -0.00179104 -0.000816327 0.000326797 -0.00205128 -0.00102564 -0.00403509 0.00454545 -0.000869565 -0.00488372 -0.00113333 -0.000456432 -0.00223301 0.000169492 0.000869565 0.00207547 -0.000833333 0.00448276 -0.00545455 0.00377049 -0.00444444 -4.92611e-05 0.000635838 -0.000542636 -0.00184466 -0.00389831 0.0028 -0.00027027 0.00181818 0.00446809 0.00409091 -0.00363636 0.000833333 0.00590361 0.00724138 0.00552239 0.00809524
internal_weight=1371 122 55 1249 1222 662 413 113 67 560 310 289 250 249 139 268 196 153 78 78 57 110 46 43 300 241 103 59 138 106 48 58 44 61 72 203 173 129 103 59 75 74 44 47 44 44 48 83 58 67 42
internal_count=1371 122 55 1249 1222 662 413 113 67 560 310 289 250 249 139 268 196 153 78 78 57 110 46 43 300 241 103 59 138 106 48 58 44 61 72 203 173 129 103 59 75 74 44 47 44 44 48 83 58 67 42
is_linear=0
shrinkage=0.01


Tree=174
num_leaves=52
num_cat=0
split_feature=2 40 20 91 41 11 11 31 27 91 83 44 44 11 44 69 94 97 31 98 43 79 65 45 69 75 66 2 69 7 11 62 22 27 69 31 30 76 17 30 30 44 2 11 44 22 25 41 44 20 11
split_gain=8.18273 7.16673 12.7434 13.8693 10.9969 9.6309 9.63113 9.66494 9.06581 8.19605 8.20124 7.35408 8.55972 8.39978 9.28623 8.37931 7.55128 8.75433 6.95215 6.81135 8.92256 9.23805 8.85248 7.55823 6.70277 8.02317 6.42928 6.30303 6.22674 6.13636 6.09524 6.06061 5.66015 9.13547 5.08271 5.05358 5.03218 7.5298 7.11382 6.25207 8.1 4.95429 4.81667 4.71195 4.63906 3.99034 3.73948 3.71212 3.5378 2.80112 1.96923
threshold=3581.0250000000005 99.250000000000014 2100.4500000000003 34633.477118750008 93.250000000000014 42405.850000000013 38925.350000000013 5.7250000000000005 14.750000000000002 21348.864200000004 2336.9499999999994 6.3074998855590829 8.1024999618530291 34526.000000000007 2.9064999818801884 25836.800000000007 595496.85269812529 0.13541666666666671 8.5250000000000021 0.64930555555555569 74.439998626708999 658.83695237334121 29289.000000000004 22951.000000000004 32479.700000000004 464.14774777946667 1079.3815000000002 2732.2500000000005 30978.550000000003 316.81000000000006 43968.950000000004 821.25150000000019 85.750000000000014 69.250000000000014 30745.100000000002 6.0750000000000011 88.250000000000014 35097.45520833334 186.10000000000005 59.750000000000007 33.250000000000007 2.6085000038146977 2946.5075000000002 38007.650000000009 3.7005000114440922 90.750000000000014 190.75000000000003 76.750000000000014 2.6269999742507939 2536.4000000000001 37586.30000000001
decision_type=2 2 2 2 2 2 2 2 2 2 2 2 2 2 2 2 2 2 2 2 2 2 2 2 2 2 2 2 2 2 2 2 2 2 2 2 2 2 2 2 2 2 2 2 2 2 2 2 2 2 2
left_child=1 5 3 4 9 6 8 41 -1 -3 19 13 29 14 27 -16 24 18 -18 20 26 23 -21 -22 25 45 34 -10 -12 -13 35 -9 -17 -34 -11 -2 39 38 -38 40 -30 -8 -7 46 -44 -15 -25 -45 -19 -4 -50
right_child=30 2 49 -5 -6 42 7 31 11 10 28 12 -14 16 15 32 17 48 -20 22 21 -23 -24 43 -26 -27 -28 -29 36 -31 -32 -33 33 -35 -36 -37 37 -39 -40 -41 -42 -43 44 47 -46 -47 -48 -49 50 -51 -52
leaf_value=-0.075506032261842923 0.76832993275462902 0.10122753046063221 -0.38820357212474954 -0.28411397441795261 -0.018950852550277668 0.0058613142660255257 0.038148564764626296 -3.0482114046135114 -1.1365125296840852 -0.00083289482461289092 0.74242955467730209 -0.1069537215970931 0.020689201618806302 -0.0071841781525511577 0.76905984760398127 0.13714411846820052 0.047623195325972152 0.0074427939816523597 -0.082318702672904781 0.0025239327109122865 -0.0076366330584027578 -0.0096123669486108832 -0.021592953190273573 0.62643645421272964 0.019923178208158161 0.39684872192117687 0.0058941100615004993 -0.0076645852271024564 -0.013471151846080831 0.00088006402106385613 -0.011065273656852505 -0.0066756769600795933 0.0071951997079975176 -1.3736066664582085 -1.1450064093967245 0.031442899729664318 0.015154328286276463 2.0958698559210309 -0.14469375914915239 -0.06203336628784073 0.025095938498931145 -0.0021493617236079954 1.2000092563061597 -0.0041677509953559162 0.024135764976836668 0.0038696552613076865 3.7785605589325781 0.081159614167677252 0.91761970052488984 -0.9397901955219039 0.046112944356881264
leaf_weight=35 37 20 21 27 36 20 25 33 22 21 35 24 24 26 29 34 21 31 20 20 25 30 27 29 30 27 30 26 20 20 21 33 23 30 36 38 20 21 21 21 20 35 33 24 27 21 20 20 32 30 20
leaf_count=35 37 20 21 27 36 20 25 33 22 21 35 24 24 26 29 34 21 31 20 20 25 30 27 29 30 27 30 26 20 20 21 33 23 30 36 38 20 21 21 21 20 35 33 24 27 21 20 20 32 30 20
internal_value=0.00051787 0.000305882 -0.000522648 -5.73614e-05 0.000322581 0.000984308 0.000563607 -0.00190476 0.00119192 0.00073913 0.000454545 0.00156522 -0.00147059 0.00209184 0.000365854 0.00189655 0.00333333 0.005 0.00121951 -0.000567376 0.00012766 0.00162162 -0.00404255 0.00288136 0.00134615 -0.00027027 -0.00241379 -0.00333333 0.00227848 -0.00409091 0.00333333 -0.00454545 0.000344828 -0.00169811 -0.00438596 0.00466667 0.00121951 0.00322581 0.000731707 -0.000819672 0.0015 0.001 0.00425 0.00419355 0.00566667 -0.00276596 0.00632653 0.00181818 0.00686747 -0.00529412 0.00846154
internal_weight=1371 1275 574 523 496 701 621 126 495 460 440 460 68 392 164 116 228 124 41 282 235 148 47 118 104 74 87 48 158 44 96 66 87 53 57 75 123 62 41 61 40 60 80 93 60 47 49 44 83 51 52
internal_count=1371 1275 574 523 496 701 621 126 495 460 440 460 68 392 164 116 228 124 41 282 235 148 47 118 104 74 87 48 158 44 96 66 87 53 57 75 123 62 41 61 40 60 80 93 60 47 49 44 83 51 52
is_linear=0
shrinkage=0.01


Tree=175
num_leaves=51
num_cat=0
split_feature=24 21 24 77 71 29 77 5 72 23 62 73 83 79 16 60 8 79 66 79 60 34 76 70 81 87 17 29 83 88 16 39 40 16 29 6 79 73 20 37 39 82 84 62 60 29 66 77 29 5
split_gain=9.37811 9.7574 8.67594 12.6831 10.7947 8.6809 8.61401 8.18799 8.10292 9.82304 8.91422 9.11075 8.2484 8.08877 7.72433 9.50581 7.29146 7.05882 7.01594 6.69394 6.62571 6.72537 8.00952 9.52381 6.37503 10.2605 6.00889 5.89109 5.79197 7.46084 5.49919 7.84314 8.91253 5.1849 6.96328 5.52463 4.90577 4.89909 4.85035 4.43052 7.29086 4.3599 3.98629 3.71014 6.25683 3.64269 3.00444 2.31933 1.13778 0.951452
threshold=8.5750000000000028 24.575000000000006 13.125000000000002 3906.0113154911 510.02700000000004 89.250000000000014 4469.1971867160291 6528.045000000001 1087.9380000000003 50.250000000000007 1.0245000000000002 0.99950000000000017 2267.0500000000015 476.38351572361688 6261.1000000000013 344.35000000000008 416.57000000000005 606.59431787744313 1236.3805000000002 524.67792257905819 1170.8520000000003 44.250000000000007 33355.794791666674 1459.9455000000003 4484.085677201022 0.21875000000000003 140.75000000000003 77.250000000000014 2272.200000000003 6035.8839583333338 4802.9500000000016 166.75000000000003 69.250000000000014 6917.4500000000007 87.750000000000014 7635.3200000000006 446.91132531714862 1184.4090000000003 936.30000000000007 89.750000000000014 182.75000000000003 664.95200000000011 564.27323958333341 1340.3580000000002 899.68550000000016 90.250000000000014 0.10200000000000002 3936.3282659778702 86.750000000000014 8686.7900000000027
decision_type=2 2 2 2 2 2 2 2 2 2 2 2 2 2 2 2 2 2 2 2 2 2 2 2 2 2 2 2 2 2 2 2 2 2 2 2 2 2 2 2 2 2 2 2 2 2 2 2 2 2
left_child=1 7 3 5 6 14 17 13 10 -10 11 26 27 30 37 -16 33 47 -11 -15 -6 -22 23 -23 25 -21 -3 -13 29 -18 -1 32 -32 34 35 -5 -7 39 -14 -2 -41 48 -37 44 -12 -34 -28 -4 -9 -46
right_child=2 8 4 16 20 36 -8 41 9 18 43 12 38 19 15 -17 28 -19 -20 24 21 22 -24 -25 -26 -27 46 -29 -30 -31 31 -33 45 -35 -36 42 -38 -39 -40 40 -42 -43 -44 -45 49 -47 -48 -49 -50 -51
leaf_value=0.28536576790850904 0.075245948601040752 -0.00083239705574901621 0.040194325585903641 -1.544098038254994 -0.5480284958568491 0.014872055154719685 -0.030499414344458586 0.11617390714259937 0.0046051113958038691 -2.3696696717942154 0.023706211067305416 0.11490560405084889 -0.3500131977600921 -0.0075034554742203687 -0.028077289245280568 0.31121721457705104 0.0010800988406021311 0.0074047687607850503 -0.020376806625768264 0.074555725347801083 0.017993044676978116 0.0050149952603127535 0.012640047407396809 -0.15591799288766653 0.045658414977373329 -0.14615976158457183 0.045177878876145869 -0.045441538523337821 0.019465946925923679 -0.026445265715008964 0.024956499502270829 0.012913684647306543 -0.0075602667278187301 -0.029393294597516918 0.017133684431554705 -0.1086230305695266 0.043650418486730798 -0.07149984866241442 -0.0049596304548638259 0.0008999499761524818 -1.5656291101828022 0.018432328033986343 0.0057615145245312202 0.028161706584691418 2.1510317633524672 0.0033205273714369673 0.68162362098836482 0.33711857231151082 0.15288403225461994 1.5420790709841488
leaf_weight=35 28 30 28 34 39 32 20 25 30 25 28 32 22 32 22 27 36 34 38 21 26 21 28 21 30 37 25 27 21 25 23 34 23 28 31 21 21 32 30 34 28 24 20 23 21 22 20 23 20 20
leaf_count=35 28 30 28 34 39 32 20 25 30 25 28 32 22 32 22 27 36 34 38 21 26 21 28 21 30 37 25 27 21 25 23 34 23 28 31 21 21 32 30 34 28 24 20 23 21 22 20 23 20 20
internal_value=0.0008061 0.00162123 -2.94118e-05 -0.000863636 0.0015 0.000803571 0.00390476 0.00288344 0.000512129 -0.00204301 0.00136691 0.000107527 -0.00171171 0.00206226 -0.000292398 0.00306122 -0.00259259 0.00529412 -0.00428571 0.000166667 -0.00037037 0.00104167 -0.000571429 -0.00333333 0.00159091 -0.000344828 0.0028 0.000847458 -0.000243902 -0.00180328 0.00372263 0.00254902 0.000588235 -0.00402985 -0.00301887 -0.00466667 0.00433962 -0.00163934 -0.00461538 -0.000444444 -0.00193548 0.00594203 -0.00219512 0.00391304 0.00507246 -0.002 0.00511111 0.00764706 0.00777778 0.00756098
internal_weight=1377 697 680 440 240 224 105 326 371 93 278 186 111 257 171 49 216 85 63 120 135 96 70 42 88 58 75 59 82 61 137 102 68 134 106 75 53 122 52 90 62 69 41 92 69 45 45 51 45 41
internal_count=1377 697 680 440 240 224 105 326 371 93 278 186 111 257 171 49 216 85 63 120 135 96 70 42 88 58 75 59 82 61 137 102 68 134 106 75 53 122 52 90 62 69 41 92 69 45 45 51 45 41
is_linear=0
shrinkage=0.01


Tree=176
num_leaves=51
num_cat=0
split_feature=24 51 81 69 30 81 69 28 39 30 24 81 11 98 67 83 67 42 0 42 37 69 90 42 11 69 74 24 11 2 24 11 5 67 74 24 60 80 28 26 11 81 66 31 80 30 59 45 62 0
split_gain=6.90202 9.31162 8.8853 9.78307 9.29101 8.65303 8.99679 8.53194 8.74266 8.40472 8.25172 7.95132 9.44926 7.767 7.2284 7.465 10.7535 7.16916 8.78606 6.87326 8.36595 6.49194 7.07533 6.10982 7.90977 6.10496 6.02468 5.88054 5.86667 8.00744 5.71724 5.27283 5.26756 5.18571 5.08681 4.9 4.72807 4.44755 4.36084 4.28403 4.2075 4.59487 4.16203 3.85714 3.82879 3.8025 5.29632 3.58792 3.22165 0.116667
threshold=8.5750000000000028 1.0000000180025095e-35 3921.3816844901007 32561.650000000005 53.750000000000007 4656.3041848313678 31877.400000000005 26.425000000000004 174.75000000000003 88.750000000000014 11.625000000000002 3999.9682083362245 44437.900000000001 0.64236111111111127 35716.150000000009 3056.0499999999997 28287.950000000004 175.25000000000003 31168.550000000003 148.87500000000003 80.750000000000014 26666.200000000001 987.17535000000032 323.25000000000006 42443.850000000013 35105.350000000013 1349.6090416666668 11.025000000000002 37809.950000000004 3152.1500000000005 10.675000000000002 36325.650000000009 4769.4850000000006 37035.400000000009 1097.345 6.2250000000000005 1196.7500000000002 34231.37708333334 26.375000000000004 26.250000000000004 39637.350000000006 3549.8498914240849 1503.4000000000003 5.3750000000000009 29243.144791666669 69.750000000000014 -0.68301270189221952 25365.000000000004 1509.5000000000002 30361.100000000002
decision_type=2 2 2 2 2 2 2 2 2 2 2 2 2 2 2 2 2 2 2 2 2 2 2 2 2 2 2 2 2 2 2 2 2 2 2 2 2 2 2 2 2 2 2 2 2 2 2 2 2 2
left_child=1 5 3 7 13 6 19 17 -9 27 -10 -11 23 25 15 16 -8 18 -2 21 -21 -1 -23 24 28 37 36 -6 31 42 -31 -13 -29 -16 47 -35 -22 -4 39 -18 41 -24 -30 -5 -43 -40 -47 -7 -36 -46
right_child=2 -3 4 43 9 34 14 8 10 11 -12 12 -14 -15 33 -17 38 -19 -20 20 26 22 40 -25 -26 -27 -28 32 29 30 -32 -33 -34 35 48 -37 -38 -39 45 -41 -42 44 -44 -45 49 46 -48 -49 -50 -51
leaf_value=-0.0039852693694821277 -0.024871117270972277 -1.8181967062891169 0.027889286619740116 0.062681344183766086 -0.67626722575685594 2.4472261587705764 0.027260342213847238 -0.78393908625503739 -0.34988538752089271 -0.027392922900468557 0.17077371401505251 -0.0017082478395929934 -0.17550727656925724 -0.0070186109673526691 0.60213388645495636 -0.43368529568346892 0.0049645019496129096 0.037636328125405426 0.075676149208344465 -0.011471544382174752 0.044110099128697441 0.00018996251179508408 0.82447739645746543 0.043919902618712425 0.014608904121747127 -0.017981081948473587 0.045843300824584182 0.012845132300577534 -0.98181583338687572 0.030449942641779561 -0.0079894237596069614 0.032061374027242601 -0.027215225043865546 -0.025681450263832808 -0.0036116185335616493 0.020644962488393689 -0.0063317980478757628 0.86657361854586101 -0.029218179601913735 -0.003229277821399334 0.014598710562634823 0.45814476477861604 -0.065539542440307991 0.0058000845043014128 0.50311763713586244 0.013090783562888062 -0.1463448231664046 0.017551898854274148 0.0086229246148596846 0.28332529571324438
leaf_weight=31 34 25 32 21 39 26 22 21 36 30 26 32 24 21 30 22 29 31 20 38 33 26 26 23 31 27 21 29 29 22 37 23 22 20 20 20 24 21 36 39 22 22 22 27 20 34 30 31 22 28
leaf_count=31 34 25 32 21 39 26 22 21 36 30 26 32 24 21 30 22 29 31 20 38 33 26 26 23 31 27 21 29 29 22 37 23 22 20 20 20 24 21 36 39 22 22 22 27 20 34 30 31 22 28
internal_value=0.000893246 0.00159254 0.000176471 0.00185185 -0.000603448 0.00181548 0.0013438 0.000714286 -0.00156627 -0.00134986 0.000322581 -0.00047619 0.000123457 0.00207921 7.0922e-05 -0.000849057 -0.000210526 0.00294118 0.000740741 0.00257732 0.000689655 0.00382857 0.00472222 0.000776256 0.000204082 0.0035 0.0025641 -0.004 -0.000666667 -0.002 0.000508475 0.002 -0.00176471 0.00285714 0.00454545 0.0005 0.000877193 0.0054717 -0.00107143 0.000882353 0.00576271 0.00666667 -0.00490196 0.00583333 0.008 -0.0024 -0.0009375 0.00649123 0.00190476 0.00958333
internal_weight=1377 697 680 216 464 672 573 168 83 363 62 273 243 101 282 212 190 85 54 291 116 175 144 219 196 80 78 90 165 110 59 55 51 70 99 40 57 53 168 68 118 96 51 48 70 100 64 57 42 48
internal_count=1377 697 680 216 464 672 573 168 83 363 62 273 243 101 282 212 190 85 54 291 116 175 144 219 196 80 78 90 165 110 59 55 51 70 99 40 57 53 168 68 118 96 51 48 70 100 64 57 42 48
is_linear=0
shrinkage=0.01


Tree=177
num_leaves=53
num_cat=0
split_feature=80 20 25 10 14 68 44 10 71 7 88 94 68 68 98 10 64 81 77 66 25 36 100 36 79 3 73 81 24 24 14 3 65 5 70 66 88 14 77 77 77 98 73 73 97 64 74 2 89 41 64 25
split_gain=6.95448 14.557 8.41745 7.7729 7.34009 8.02631 8.53801 8.01334 8.71627 7.85434 10.14 8.11788 7.34136 11.8596 11.3373 7.18827 7.09338 6.88091 6.64803 8.36126 6.08989 6.96599 5.62015 10.9007 7.13069 6.40688 5.34964 5.22648 5.14286 10.0594 5.4531 8.92857 5.06685 6.64251 4.96364 6.13636 4.68209 4.81837 4.67852 6.21609 6.34234 5.05408 4.35908 8.95616 4.99537 4.17517 4.11211 4.85338 3.84886 3.44861 3.41333 2.69829
threshold=35588.871180555565 538.40000000000009 227.25000000000003 19971.550000000003 20550.650000000005 900.05000000000007 2.2674999237060551 35498.900000000009 1233.8295000000003 631.34000000000015 8730.5329166666688 626318.88887250016 994.50000000000011 1311.2710000000002 0.46180555555555564 30664.800000000007 1.0155000000000001 4164.8853729157281 2691.9567662805971 1044.8275000000001 166.75000000000003 90.750000000000014 0.21180555555555561 89.750000000000014 330.35665823877304 13725.250000000002 1319.5505000000003 3846.6914684539424 13.225000000000001 10.975000000000001 19346.650000000005 15137.600000000002 34576.05000000001 3963.6250000000005 963.64250000000015 754.65650000000016 5601.0652083333334 15496.200000000003 4624.7490358959913 3574.9728870616432 3833.7936685459413 0.41319444444444448 1100.5000000000002 1599.3500000000001 0.55208333333333337 1602.1500000000003 455.86353125000005 3326.6500000000001 1016.96424375 66.750000000000014 1339.9170000000001 155.00000000000003
decision_type=2 2 2 2 2 2 2 2 2 2 2 2 2 2 2 2 2 2 2 2 2 2 2 2 2 2 2 2 2 2 2 2 2 2 2 2 2 2 2 2 2 2 2 2 2 2 2 2 2 2 2 2
left_child=3 -2 20 -1 5 7 17 8 22 10 12 -11 27 14 36 -13 -15 -7 -18 -20 21 28 24 25 -5 51 -19 -8 29 30 32 -32 33 -3 35 -9 50 -38 39 41 48 -21 44 45 -42 -44 -22 -48 -41 -45 -14 -24
right_child=1 2 -4 4 -6 6 9 34 -10 11 -12 15 13 16 -16 -17 18 26 19 38 46 -23 23 -25 -26 -27 -28 -29 -30 -31 31 -33 -34 -35 -36 -37 37 -39 -40 40 42 -43 43 49 -46 -47 47 -49 -50 -51 -52 -53
leaf_value=-1.5163818056014078 -1.3867842779101085 -0.005803516380659947 -0.048523952212510227 0.0040205384285376799 -0.17359642375336948 0.013863981525749199 -1.0717175810416866 5.007113644084165 -0.093501295485463584 -0.016308307323763635 -1.2725330796543202 0.00302716616551026 0.57375747092619489 -0.69851927759906884 -0.013138142108749435 0.053382880052156106 0.013457387188626376 0.0071513816752374901 -1.0921063242698386 0.02768437446280891 -0.0076431615363295466 0.043730228489440894 1.5346768379250499 -0.03295694736340913 2.6752873321676192 -0.0058586553450120449 -0.0019039103386478541 0.038523115805755986 0.0097516139531573353 -2.7818450688544609 -2.5419663249281914 0.010682459046249546 0.03914074665659855 0.0076925204884865936 4.1156117041505347 -0.0086636742158487309 -0.014856476660630627 0.047585862239016237 -0.016376591401448211 0.038987450897889318 1.7273500914354034e-06 -0.0087181720270308634 -0.0023711616122779186 0.014056623760526734 0.015915733275535662 -0.055814176541181246 0.021754065238779458 2.0432870366219915 0.023943054933949163 -0.0014367261432394085 0.96866335136603088 0.59515810483519005
leaf_weight=20 35 31 38 25 24 29 21 24 27 28 31 33 30 28 28 38 25 21 32 20 32 21 22 29 34 22 22 20 35 21 21 24 21 22 21 20 23 21 23 23 24 38 22 34 23 21 39 22 21 24 20 24
leaf_count=20 35 31 38 25 24 29 21 24 27 28 31 33 30 28 28 38 25 21 32 20 32 21 22 29 34 22 22 20 35 21 21 24 21 22 21 20 23 21 23 23 24 38 22 34 23 21 39 22 21 24 20 24
internal_value=0.000748003 -0.000441989 0.000214067 0.00117241 0.00129648 0.00143151 0.000899032 0.00298387 0.00191257 0.000537634 7.24638e-05 0.00313131 0.000403071 0.00075 0.00344262 0.00492958 -0.000167598 0.00416667 0.000242424 -0.000163934 0.000795848 -0.000204082 0.00282051 0.00134021 0.00525424 0.00352941 0.00162791 -0.00365854 -0.000857143 -0.00171429 -0.000588235 -0.00333333 0.00108108 -0.000566038 0.006 0.00409091 0.00510638 0.00272727 0.00040293 0.0008 0.00166667 -0.00206897 0.000675676 -0.00049505 0.00319149 -0.00395349 0.00290323 0.00442623 0.005 0.00206897 0.0072 0.00565217
internal_weight=1377 362 327 1015 995 971 723 248 183 651 552 99 521 480 122 71 358 72 330 305 289 196 156 97 59 68 43 41 175 140 119 45 74 53 65 44 94 44 273 250 192 58 148 101 47 43 93 61 44 58 50 46
internal_count=1377 362 327 1015 995 971 723 248 183 651 552 99 521 480 122 71 358 72 330 305 289 196 156 97 59 68 43 41 175 140 119 45 74 53 65 44 94 44 273 250 192 58 148 101 47 43 93 61 44 58 50 46
is_linear=0
shrinkage=0.01


end of trees

feature_importances:
disp_solar_midday_mw=202
load_ramp_lag48=191
disp_wind_evening_mw=175
wind_speed_danang=171
wind_speed_hanoi=170
load_south_mw=168
load_central_mw=166
disp_hydro_evening_mw=166
disp_wind_midday_mw=166
load_lag_336=161
disp_total_evening_mw=160
wind_speed_hcmc=160
smp_lag_336=152
load_rolling_std_24h=150
disp_hydro_midday_mw=147
load_rolling_std_72h=144
load_total_mw=141
diffuse_radiation_danang=141
temperature_hcmc=141
temperature_hanoi=134
cloud_cover_hcmc=132
disp_solar_evening_mw=131
direct_radiation_danang=131
humidity_hanoi=130
disp_total_midday_mw=129
spike_prob_72h=129
direct_radiation_hanoi=128
diffuse_radiation_hanoi=128
diffuse_radiation_hcmc=127
load_north_mw=126
hydro_inflow_m3s=125
cloud_cover_danang=123
shortwave_radiation_hcmc=122
hydro_discharge_rolling_24h=122
hydro_spill_discharge_m3s=121
direct_radiation_hcmc=121
brent_price=121
margin_temp_interaction=119
smp_north_lag_336=115
shortwave_radiation_hanoi=114
humidity_hcmc=114
hydro_total_discharge_m3s=112
smp_rolling_std_24h=110
temperature_danang=109
load_lag_96=109
smp_lag_96=108
dxy_index=104
smp_south_lag_336=104
gas_proxy_price=102
hydro_plant_discharge_m3s=101
smp_rolling_mean_72h=101
price_spread_ns_lag48=98
smp_rolling_std_72h=97
wind_gen_proxy=97
shortwave_radiation_danang=96
residual_load_proxy=95
hydro_water_level_m=94
humidity_danang=89
smp_lag_49=88
cloud_cover_hanoi=87
smp_rolling_mean_24h=84
load_rolling_mean_24h=83
coal_proxy_price=82
load_lag_48=78
load_lag_50=78
zero_prob_72h=77
load_rolling_mean_72h=76
load_lag_49=75
hydro_depletion_index=74
spike_prob_24h=72
smp_south_lag_48=71
smp_lag_50=66
smp_lag_48=65
solar_gen_proxy=64
smp_north_lag_48=57
smp_yesterday_zero_ratio=55
usd_vnd=53
smp_yesterday_mean=50
sin_dow=32
thermal_margin_proxy=32
cos_dow=29
smp_yesterday_min=25
smp_yesterday_max=24
is_pre_holiday=23
zero_prob_24h=21
sin_month=17
cos_month=16
is_spike=15
is_zero=10
season=8
is_weekend=5
is_workday=2

parameters:
[boosting: gbdt]
[objective: regression_l1]
[metric: l1]
[tree_learner: serial]
[device_type: cpu]
[data_sample_strategy: bagging]
[data: ]
[valid: ]
[num_iterations: 3000]
[learning_rate: 0.01]
[num_leaves: 127]
[num_threads: -1]
[seed: 42]
[deterministic: 0]
[force_col_wise: 0]
[force_row_wise: 0]
[histogram_pool_size: -1]
[max_depth: -1]
[min_data_in_leaf: 20]
[min_sum_hessian_in_leaf: 0.001]
[bagging_fraction: 0.8]
[pos_bagging_fraction: 1]
[neg_bagging_fraction: 1]
[bagging_freq: 5]
[bagging_seed: 400]
[bagging_by_query: 0]
[feature_fraction: 0.5]
[feature_fraction_bynode: 1]
[feature_fraction_seed: 30056]
[extra_trees: 0]
[extra_seed: 12879]
[early_stopping_round: 0]
[early_stopping_min_delta: 0]
[first_metric_only: 0]
[max_delta_step: 0]
[lambda_l1: 0]
[lambda_l2: 0]
[linear_lambda: 0]
[min_gain_to_split: 0]
[drop_rate: 0.1]
[max_drop: 50]
[skip_drop: 0.5]
[xgboost_dart_mode: 0]
[uniform_drop: 0]
[drop_seed: 17869]
[top_rate: 0.2]
[other_rate: 0.1]
[min_data_per_group: 100]
[max_cat_threshold: 32]
[cat_l2: 10]
[cat_smooth: 10]
[max_cat_to_onehot: 4]
[top_k: 20]
[monotone_constraints: ]
[monotone_constraints_method: basic]
[monotone_penalty: 0]
[feature_contri: ]
[forcedsplits_filename: ]
[refit_decay_rate: 0.9]
[cegb_tradeoff: 1]
[cegb_penalty_split: 0]
[cegb_penalty_feature_lazy: ]
[cegb_penalty_feature_coupled: ]
[path_smooth: 0]
[interaction_constraints: ]
[verbosity: -1]
[saved_feature_importance_type: 0]
[use_quantized_grad: 0]
[num_grad_quant_bins: 4]
[quant_train_renew_leaf: 0]
[stochastic_rounding: 1]
[linear_tree: 0]
[max_bin: 255]
[max_bin_by_feature: ]
[min_data_in_bin: 3]
[bin_construct_sample_cnt: 200000]
[data_random_seed: 175]
[is_enable_sparse: 1]
[enable_bundle: 1]
[use_missing: 1]
[zero_as_missing: 0]
[feature_pre_filter: 1]
[pre_partition: 0]
[two_round: 0]
[header: 0]
[label_column: ]
[weight_column: ]
[group_column: ]
[ignore_column: ]
[categorical_feature: ]
[forcedbins_filename: ]
[precise_float_parser: 0]
[parser_config_file: ]
[objective_seed: 16083]
[num_class: 1]
[is_unbalance: 0]
[scale_pos_weight: 1]
[sigmoid: 1]
[boost_from_average: 1]
[reg_sqrt: 0]
[alpha: 0.9]
[fair_c: 1]
[poisson_max_delta_step: 0.7]
[tweedie_variance_power: 1.5]
[lambdarank_truncation_level: 30]
[lambdarank_norm: 1]
[label_gain: ]
[lambdarank_position_bias_regularization: 0]
[eval_at: ]
[multi_error_top_k: 1]
[auc_mu_weights: ]
[num_machines: 1]
[local_listen_port: 12400]
[time_out: 120]
[machine_list_filename: ]
[machines: ]
[gpu_platform_id: -1]
[gpu_device_id: -1]
[gpu_use_dp: 0]
[num_gpu: 1]

end of parameters

pandas_categorical:null
