tree
version=v4
num_class=1
num_tree_per_iteration=1
label_index=0
max_feature_idx=100
objective=regression_l1
feature_names=load_total_mw load_north_mw load_central_mw load_south_mw hydro_inflow_m3s hydro_total_discharge_m3s hydro_plant_discharge_m3s hydro_spill_discharge_m3s hydro_water_level_m disp_total_installed_mw disp_total_midday_mw disp_total_evening_mw disp_hydro_installed_mw disp_hydro_midday_mw disp_hydro_evening_mw disp_solar_installed_mw disp_solar_midday_mw disp_solar_evening_mw disp_wind_installed_mw disp_wind_midday_mw disp_wind_evening_mw temperature_hanoi humidity_hanoi cloud_cover_hanoi wind_speed_hanoi shortwave_radiation_hanoi direct_radiation_hanoi diffuse_radiation_hanoi temperature_danang humidity_danang cloud_cover_danang wind_speed_danang shortwave_radiation_danang direct_radiation_danang diffuse_radiation_danang temperature_hcmc humidity_hcmc cloud_cover_hcmc wind_speed_hcmc shortwave_radiation_hcmc direct_radiation_hcmc diffuse_radiation_hcmc coal_proxy_price brent_price gas_proxy_price usd_vnd dxy_index is_weekend is_workday is_holiday is_tet is_pre_holiday is_post_holiday season sin_hour cos_hour sin_dow cos_dow sin_month cos_month smp_lag_48 load_lag_48 smp_lag_49 load_lag_49 smp_lag_50 load_lag_50 smp_lag_96 load_lag_96 smp_lag_336 load_lag_336 smp_north_lag_48 smp_south_lag_48 smp_north_lag_336 smp_south_lag_336 smp_rolling_mean_24h smp_rolling_std_24h load_rolling_mean_24h load_rolling_std_24h smp_rolling_mean_72h smp_rolling_std_72h load_rolling_mean_72h load_rolling_std_72h price_spread_ns_lag48 load_ramp_lag48 smp_yesterday_mean smp_yesterday_max smp_yesterday_min smp_yesterday_zero_ratio hydro_discharge_rolling_24h solar_gen_proxy wind_gen_proxy residual_load_proxy thermal_margin_proxy hydro_depletion_index margin_temp_interaction is_spike is_zero spike_prob_24h spike_prob_72h zero_prob_24h zero_prob_72h
feature_infos=[16738.400000000001:43669.699999999997] [8141:23529.633000000002] [1030.2:4920.1390000000001] [6568.3000000000002:17620.469000000001] [-24696.790000000001:52718.32] [261.23000000000002:27182.77] [243.56999999999999:14362.75] [11.359999999999999:15398] [386.1925:23252.132105263157] none [14491.4:47673.900000000001] [19152.799999999999:47033.400000000001] none [-3952.3000000000002:18862.5] [6035.6999999999998:23435.200000000001] none [0:8134.5] [0:344.30000000000001] none [0:4273.1999999999998] [0:4263.3999999999996] [7.5:32.299999999999997] [31:99] [0:100] [0.55000000000000004:30.25] [3.5:282] [0:208.5] [3.5:150.5] [16.050000000000001:33.25] [52:99.5] [0:100] [0.80000000000000004:50] [7:306.5] [0:234] [7:146] [20.600000000000001:31.300000000000001] [56:98] [0:100] [0.5:24] [16:265] [0:198] [16:133.5] [63.700000762939453:438.35000610351562] [55.099998474121087:127.98000335693359] [1.5750000476837158:9.6800003051757795] [22394.345703125:26405] [89.639999389648438:114.11000061035156] [0:1] [0:1] [0:1] [0:1] [0:1] [0:1] [1:4] none none [-0.97492791218182362:0.97492791218182362] [-0.90096886790241903:1] [-1:1] [-1:1] [0:1778.5999999999999] [16738.400000000001:43669.699999999997] [0:1778.5999999999999] [16515.5:40602.099999999999] [0:1778.5999999999999] [15251.9:39424.300000000003] [0:1778.5999999999999] [16738.400000000001:43669.699999999997] [0:1778.5999999999999] [16738.400000000001:43669.699999999997] [0:1778.5999999999999] [0:1778.5999999999999] [0:1778.5999999999999] [0:1778.5999999999999] [0:1778.5999999999999] [0:869.78656539635756] [15840.402083333332:48300.345833333326] [1494.0634266859377:7412.3475695858406] [0.069944444444444434:1778.5999999999999] [0:822.68470809772941] [15990.384722222221:45267.230555555558] [2009.5728777065494:7328.5193476692311] [-1602.3:1778.5999999999999] [-2000.7000000000007:5250.3000000000029] [0:1778.5999999999999] [0:1778.5999999999999] [0:1778.5999999999999] [0:1] [919.52208333333328:41870.738333333335] [112.0236:1855.3908750000001] [124.17300000000002:5960.3040000000001] [13767.265887500002:40395.97834999999] [13155.821650000013:39784.534112499998] [386.1925:23252.132105263157] [371342.92174875003:1122197.6812312501] [0:1] [0:1] [0:1] [0:1] [0:1] [0:1]
tree_sizes=4154 4382 4473 4592 4563 4630 4618 4573 4479 4589 4627 4520 4555 4418 4312 4417 4499 4470 4578 4480 4469 4188 4363 4396 4498 4732 4665 4688 4409 4377 4415 4524 4568 4315 4528 4382 4708 4670 4738 4654 4751 4668 4716 4642 4478 4401 4363 4708 4396 4629 4582 4639 4704 4348 4556 4838 4806 4644 4513 4557 4487 4630 4452 4573

Tree=0
num_leaves=52
num_cat=0
split_feature=72 70 62 20 73 69 93 40 66 25 40 4 61 77 40 83 40 72 75 98 62 68 35 46 11 75 64 94 89 7 40 68 11 83 83 72 7 94 80 42 30 73 78 62 30 89 93 28 38 78 40
split_gain=22.1344 30.2723 17.9084 18.6942 18.8328 13.6767 9.36864 8.22895 9.53358 7.76302 7.7263 7.5962 7.40029 7.32099 6.57948 6.52932 5.84458 5.75874 5.33669 5.29763 7.20612 10.9239 7.66286 7.25185 5.1471 5.11244 5.0905 4.98269 5.45662 5.56507 4.90092 4.81667 4.74832 4.39034 6.14043 4.73646 3.6629 5.82226 3.65829 3.52853 3.44332 3.42857 2.88095 2.3055 2.30471 2.29202 2.0353 1.93568 1.86029 1.51679 0.88089
threshold=1341.3900000000001 960.50000000000011 1024.2500000000002 2058.5500000000006 1282.0450000000003 34199.400000000001 399.62430555555562 54.750000000000007 1.0160000000000002 171.25000000000003 81.750000000000014 7359.380000000001 31980.600000000002 3252.1824986837578 173.25000000000003 1939.950000000001 100.75000000000001 769.32450000000006 365.89304992136039 0.45486111111111116 1.0425000000000002 1.2160000000000002 26.825000000000006 100.35499954223634 33238.450000000004 469.4882726350715 1500.9720000000002 802104.38341125019 1535.0733937500002 1641.6400000000003 114.75000000000001 899.68550000000016 35683.80000000001 2283.9500000000012 1845.8000000000013 915.5055000000001 195.40000000000003 568770.0654000002 34213.563888888893 122.77500152587892 75.250000000000014 1002.4015000000001 401.0842777777778 1530.5005000000003 85.750000000000014 1594.5859312500002 417.59250000000009 25.975000000000005 5.6250000000000009 1294.3477500000001 139.75000000000003
decision_type=2 2 2 2 2 2 2 2 2 2 2 2 2 2 2 2 2 2 2 2 2 2 2 2 2 2 2 2 2 2 2 2 2 2 2 2 2 2 2 2 2 2 2 2 2 2 2 2 2 2 2
left_child=1 7 12 4 11 6 -3 8 42 13 15 32 40 -8 19 -6 -12 -10 -7 20 21 27 31 48 -15 -24 -18 28 29 30 -9 -22 -4 34 35 -26 37 44 -14 -25 -2 -37 -1 -34 -5 -30 -42 -28 -23 -36 -49
right_child=2 5 3 36 10 18 9 14 17 -11 16 -13 38 24 -16 -17 26 -19 -20 -21 22 23 25 39 33 -27 47 -29 45 -31 -32 -33 43 -35 49 41 -38 -39 -40 -41 46 -43 -44 -45 -46 -47 -48 50 -50 -51 -52
leaf_value=-1.9730000305175781 -1.3630000305175782 -0.041050000190734862 1.7934399414062501 -1.8689500427246095 0 -1.0732599639892579 0.67400001525878905 0 0.008999999761581421 13.340999755859375 1.1916450119018556 -0.0050000000000000001 0.0050000000000000001 0 1.8285800170898439 -1.1961850357055663 -0.9669549942016602 -0.79545000076293948 0 -3.5728100585937499 0 -3.6475 -0.79471000671386716 0 3.9300000000000002 0.0044999998807907105 0 7.1209997558593754 0.01 -0.01 0 1.7202799987792969 5.0229998779296876 0 7.9400000000000004 0 0 0 -1.9481100463867187 -2.0899999999999999 -8.2829998779296883 1.726510009765625 -3.6402499389648439 1.6546749877929687 -5.2295150756835938 0 -0.055500001907348634 0 -0.45736000061035159 0.16965499877929688 0
leaf_weight=32 21 33 23 22 39 21 29 37 39 35 24 20 20 23 21 34 20 22 25 24 30 22 23 27 29 20 22 23 24 38 26 30 31 25 31 21 29 25 23 23 37 21 24 20 32 38 20 20 26 20 23
leaf_count=32 21 33 23 22 39 21 29 37 39 35 24 20 20 23 21 34 20 22 25 24 30 22 23 27 29 20 22 23 24 38 26 30 31 25 31 21 29 25 23 23 37 21 24 20 32 38 20 20 26 20 23
internal_value=5.85223e-05 0.00103248 -0.00160396 -0.000546875 0.000833333 0.00351438 0.00438202 -0.000382514 -0.00273504 0.00508547 -0.00104396 0.00446809 -0.00495868 0.00432161 0.00025463 -0.00356164 0.000642202 0 -0.00152174 -2.43309e-05 0.000258398 -0.00056338 0.00252427 -0.00326531 0.00352941 -0.000697674 -0.000588235 0.000860215 0.000245399 -0.00118812 0.000634921 0.00483333 0.00594595 0.00421769 0.005 0.00309859 -0.00407407 -0.00518987 -0.00162791 -0.0006 -0.00679487 0.000952381 -0.00571429 0.00764706 -0.00703704 0.00258065 -0.00807018 0.000769231 -0.00604167 0.00764706 -0.000465116
internal_weight=1367 862 505 384 276 313 267 549 117 234 182 94 121 199 432 73 109 61 46 411 387 284 103 98 170 43 85 186 163 101 63 60 74 147 122 71 108 79 43 50 78 42 56 51 54 62 57 65 48 51 43
internal_count=1367 862 505 384 276 313 267 549 117 234 182 94 121 199 432 73 109 61 46 411 387 284 103 98 170 43 85 186 163 101 63 60 74 147 122 71 108 79 43 50 78 42 56 51 54 62 57 65 48 51 43
is_linear=0
shrinkage=0.01


Tree=1
num_leaves=53
num_cat=0
split_feature=20 29 72 41 85 83 8 77 90 0 64 19 72 97 4 5 0 94 28 5 3 16 0 8 16 77 64 90 16 30 29 83 77 13 20 8 83 20 16 72 8 97 16 77 20 19 91 0 74 13 0 66
split_gain=22.4534 23.1752 12.5376 14.1143 10.3957 13.9341 9.69126 10.6986 10.362 9.52516 10.1775 9.57882 8.51655 10.1372 8.44197 8.2672 7.82722 7.43819 7.2039 7.15824 7.26467 6.99282 6.94348 6.89294 6.87619 6.67884 9.98403 7.52391 7.69431 6.19866 5.37989 5.26171 5.17473 4.9 4.5499 6.34778 5.59764 5.53315 6.90889 6.00119 5.10583 4.57201 4.55111 4.32187 4.25852 4.12208 3.69284 6.17143 3.65859 3.40247 2.1387 1.40745
threshold=2477.9000000000001 92.250000000000014 1297.9565000000002 64.750000000000014 967.68950000000007 431.5999999999986 392.9500000000001 3554.479613726684 2800.1011500000009 33977.250000000007 1172.2630000000001 744.4000000000002 918.50000000000011 0.48958333333333343 3234.8100000000004 10300.855000000001 26830.700000000001 495403.92386000016 25.525000000000002 4368.1050000000005 13929.450000000003 3436.9500000000003 35167.80000000001 419.43315789473689 5696.9500000000007 4396.1592556317637 1450.7640000000004 1682.5441500000004 5471.3000000000011 99.750000000000014 84.750000000000014 2216.6500000000001 3870.1510449251396 2336.3000000000006 1153.2500000000002 415.73035603715175 2292.2500000000005 892.45000000000016 5647.5500000000002 0.77400000000000013 415.95586770981515 0.36458333333333343 6522.4500000000007 4024.8944701773935 319.50000000000006 408.85000000000008 26321.553275000006 32159.950000000001 1481.5742291666668 3599.2000000000003 30726.750000000004 1025.5000000000002
decision_type=2 2 2 2 2 2 2 2 2 2 2 2 2 2 2 2 2 2 2 2 2 2 2 2 2 2 2 2 2 2 2 2 2 2 2 2 2 2 2 2 2 2 2 2 2 2 2 2 2 2 2 2
left_child=1 2 3 17 -5 -6 -7 15 12 10 23 18 34 30 50 16 -8 -1 -12 43 -21 -2 -11 32 -16 27 -27 28 -23 44 -14 -10 49 -28 37 36 -36 38 -9 -39 41 42 -40 -13 -19 -20 -18 -48 -22 -4 -3 -46
right_child=21 14 9 4 5 6 7 8 31 22 11 19 13 -15 24 -17 46 29 45 20 48 25 -24 -25 -26 26 33 -29 -30 -31 -32 -33 -34 -35 35 -37 -38 39 40 -41 -42 -43 -44 -45 51 -47 47 -49 -50 -51 -52 -53
leaf_value=0 -9.5573838729858398 1.4352999473571777 -0.55699045372009282 -0.062209997797012334 2.8327674932867284 -6.6028292460918436 0 -0.0052499998092651367 -6.3379762668609629 0.019481100463867189 1.8110835803985594 -0.00017000000923871994 -1.6756087368011476 0.050909997057914734 -0.0016965499877929688 -0.0033925000756978986 5.7945973535776139 0.53305499229431152 0 -0.38703816490173337 0.1980416328430176 2.8076499534606931 0 0.00027750000953674316 0.082829998779296879 -5.2529074536025524 -5.6050662849426276 -0.047554999256134031 -0.0085000002384185789 0.01 -2.3280529609680176 0 -8.1321700012207039 0.010466299817711116 -6.7499998211860662e-05 3.7757500012218954 0.036402499389648443 -0.018285800170898439 0.014927499881386757 0.0089099997639656078 0 4.1850000000000005 0 -1.2300252256393431 0.39959984970092777 -0.011916450119018556 0 3.6294624580383301 0 -4.8105188995361328 4.8413635791778562 3.982734899902344
leaf_weight=21 24 23 23 33 28 23 23 24 24 29 35 29 22 22 21 30 26 24 22 39 20 21 30 22 35 28 20 28 20 33 23 27 22 20 28 22 29 35 20 21 32 21 25 22 20 20 21 35 21 39 35 27
leaf_count=21 24 23 23 33 28 23 23 24 24 29 35 29 22 22 21 30 26 24 22 39 20 21 30 22 35 28 20 28 20 33 23 27 22 20 28 22 29 35 20 21 32 21 25 22 20 20 21 35 21 39 35 27
internal_value=0.000153621 0.000621891 0.000173993 0.000945758 0.00030303 0.000623886 0.000262664 0.00054902 -0.00032 -0.00131367 -0.00200637 -0.000721154 0.000339506 -0.00283582 0.00491228 0.00296296 0.00428571 0.004 0.00207792 -0.00236641 -0.0005 -0.00335404 0.00237288 -0.0045283 0.00214286 -0.00248175 -0.00470588 -0.000289855 0.00243902 0.00509615 -0.00555556 -0.0045098 -0.00583333 -0.0015 0.00116732 0.00316456 0.00140351 0.000280899 0.00147541 -0.00232143 0.00265306 0.00424242 0.00244444 -0.00529412 0.00676056 -0.000714286 0.00573171 0.00428571 0.00243902 -0.00435484 0.00758621 0.00851064
internal_weight=1367 1206 1092 719 594 561 533 510 375 373 314 208 324 67 114 135 105 125 77 131 80 161 59 106 56 137 68 69 41 104 45 51 84 40 257 79 57 178 122 56 98 66 45 51 71 42 82 56 41 62 58 47
internal_count=1367 1206 1092 719 594 561 533 510 375 373 314 208 324 67 114 135 105 125 77 131 80 161 59 106 56 137 68 69 41 104 45 51 84 40 257 79 57 178 122 56 98 66 45 51 71 42 82 56 41 62 58 47
is_linear=0
shrinkage=0.01


Tree=2
num_leaves=53
num_cat=0
split_feature=19 93 20 59 4 88 1 73 63 7 4 46 30 5 98 84 80 73 7 88 22 8 22 19 23 46 64 35 5 45 19 84 8 35 40 80 80 35 100 4 23 0 65 66 84 84 35 19 98 14 3 4
split_gain=11.1157 12.9811 11.2966 12.574 14.5502 13.3636 12.762 10.8203 10.4205 10.0825 9.86188 10.9209 9.44211 9.28324 9.05215 8.80027 13.687 8.4516 8.2444 7.67343 7.47014 7.44802 7.29592 8.80081 7.26285 6.53333 6.51261 6.16713 6.11549 5.56547 5.33333 5.2179 6.76 4.6896 4.46119 4.4322 6.27039 5.21284 5.81818 4.22902 3.96077 3.6 3.6 3.50303 3.42232 3.9 3.26087 2.99468 2.70941 2.42833 1.01185 0.118367
threshold=1421.9000000000003 393.23111111111115 2477.9000000000001 -0.24999999999999994 4624.170000000001 9648.6277083333352 14306.850000000002 1118.0500000000002 31463.650000000005 1014.6900000000002 4667.1150000000007 97.844997406005874 98.250000000000014 3912.7500000000005 0.26736111111111116 1088.8088958333335 30939.647569444449 301.42350000000005 17.605000000000004 4265.3225000000002 87.250000000000014 410.55026315789479 84.250000000000014 782.05000000000007 99.750000000000014 103.22500228881837 0.75000000000000011 27.125000000000004 4466.4400000000014 24962.500000000004 486.85000000000008 540.71876041666678 416.38465504978672 27.725000000000005 51.750000000000007 34560.837847222225 32551.31493055556 26.825000000000006 0.17708333333333334 3336.0400000000004 97.750000000000014 28287.950000000004 31531.450000000001 1503.4000000000003 423.20393749999999 800.07512500000007 26.875000000000004 259.20000000000005 0.28125000000000006 19385.650000000005 15772.631500000001 2599.6850000000004
decision_type=2 2 2 2 2 2 2 2 2 2 2 2 2 2 2 2 2 2 2 2 2 2 2 2 2 2 2 2 2 2 2 2 2 2 2 2 2 2 2 2 2 2 2 2 2 2 2 2 2 2 2 2
left_child=1 41 3 6 20 9 18 10 35 14 13 -12 26 24 -6 -9 -17 29 21 -18 28 -3 -16 30 -2 -15 -13 -20 -5 -10 -24 32 -31 50 -22 36 37 -8 -39 46 -14 -1 -27 -35 -7 -46 47 -36 -11 -42 -19 -49
right_child=7 2 -4 4 5 44 8 15 17 48 11 12 40 25 22 16 19 33 27 -21 34 -23 23 -25 -26 42 -28 -29 -30 31 -32 -33 -34 43 39 -37 -38 38 -40 -41 49 -43 -44 -45 45 -47 -48 51 -50 -51 -52 -53
leaf_value=-8.6980445877783286 -2.4093644369482994 -3.0278292276385801 -8.7510560013580321 -0.0027430410559177404 8.5299999999999994 0 -0.016138874985843897 -4.6000431877139576 -0.0098171419982910155 -0.053372373529672626 0.019365975311279298 -0.090062785036042342 -0.0096207960028648377 0.0018510408199355005 -0.018110835803985596 0.012300252256393432 -4.4108078982162553 -0.30302869365513324 0.0099058997786641116 0 0.78474089014625548 -0.00084793749390542502 0.77862444677793974 0.011649583976745606 0.00047554999256134033 5.6375596808719637 0.058334762669801726 -0.071209997558593752 0.61884637931442266 -0.017663700192928317 -2.3572301330213548 2.3019330506591795 0.00062209997797012338 0.51249572420370582 0.73472656789588942 0 0.51411587542152404 0 0.26723023815959696 0.29708025866508486 -0.036294624580383301 -0.57321316528749466 0.054289868692725902 -0.00019481100463867188 0.01863392690810561 2.5912819499183595 0.039979915462493895 6.535268279760361 -7.7774993512662061 -0.028076499534606933 -0.97751131299209593 2.9938399314880373
leaf_weight=20 22 36 27 38 39 23 28 38 23 21 29 28 28 20 25 37 22 20 24 23 26 20 30 21 24 20 34 23 23 25 20 23 20 24 20 38 39 22 22 31 30 20 20 20 39 26 23 20 20 23 21 29
leaf_count=20 22 36 27 38 39 23 28 38 23 21 29 28 28 20 25 37 22 20 24 23 26 20 30 21 24 20 34 23 23 25 20 23 20 24 20 38 39 22 22 31 30 20 20 20 39 26 23 20 20 23 21 29
internal_value=0 0.000577915 0.000818084 0.00100887 0.0021308 0.000568182 -0.000233645 -0.00140704 0.000738462 -0.00102273 -0.000323741 -0.00180233 -0.00293706 0.00207547 0.000296296 -0.00391667 -0.00207317 -0.000909091 -0.00330097 -0.00577778 0.00409524 -0.00589286 -0.00135417 0.00028169 -0.00130435 0.00466667 0 -0.000212766 0.00114754 0.00120879 -0.002 0.00264706 0.000666667 -0.00317647 0.00530201 0.00268456 0.00369369 0.00194444 0.00409091 0.00609756 -0.00518519 -0.005 0.007 -0.000909091 0.00375 0.00492308 0.00717391 0.00826087 -0.00536585 -0.00679245 -0.00560976 0.00959184
internal_weight=1367 969 929 902 474 264 428 398 325 176 278 172 143 106 135 120 82 176 103 45 210 56 96 71 46 60 62 47 61 91 50 68 45 85 149 149 111 72 44 123 81 40 40 44 88 65 92 69 41 53 41 49
internal_count=1367 969 929 902 474 264 428 398 325 176 278 172 143 106 135 120 82 176 103 45 210 56 96 71 46 60 62 47 61 91 50 68 45 85 149 149 111 72 44 123 81 40 40 44 88 65 92 69 41 53 41 49
is_linear=0
shrinkage=0.01


Tree=3
num_leaves=53
num_cat=0
split_feature=68 41 62 30 31 16 93 31 35 80 24 31 23 16 80 46 33 14 20 6 79 34 80 93 33 38 16 37 79 68 41 23 77 62 81 21 80 21 2 89 61 46 79 89 32 41 14 38 61 75 42 7
split_gain=13.4659 27.5518 20.07 19.6267 19.6018 15.2631 17.5626 11.2184 7.89179 8.15711 10.3003 9.16122 7.85267 8.2434 9.51291 9.12383 8.98893 10.3175 8.64416 7.47783 8.1 6.56904 8.00078 6.49175 6.48674 6.26377 6.25676 6.08931 5.38398 7.77807 6.44948 5.75705 6.05897 6.29935 8.60379 6.34405 5.33968 5.28174 5.10625 7.0917 4.93438 4.49048 5.125 5.02496 3.9844 3.3618 4.39262 2.98814 2.72725 2.69652 2.44267 1.83995
threshold=1346.5740000000003 65.750000000000014 1277.0235000000002 52.250000000000007 15.375000000000002 6984.3000000000002 422.61828947368429 3.1750000000000007 27.875000000000004 34137.919097222235 5.4250000000000016 5.4750000000000005 3.2500000000000004 4554.4500000000007 28693.326736111114 106.02999877929689 214.25000000000003 22230.700000000001 1085.8000000000002 4849.2100000000009 382.62320753148515 102.25000000000001 33340.711458333339 405.92000000000007 13.750000000000004 2.4250000000000007 6632.3500000000013 80.250000000000014 643.64595606310138 0.10200000000000002 105.75000000000001 48.000000000000007 4425.0838723215793 749.25000000000011 4151.3369761662134 27.475000000000005 29382.632291666672 25.625000000000004 3347.4000000000005 1184.9996437500001 30972.550000000003 99.790000915527358 616.70506679246262 869.93326875000002 241.75000000000003 54.750000000000007 15629.150000000003 5.7250000000000005 35424.350000000013 283.80372507480314 114.02500152587892 454.0750000000001
decision_type=2 2 2 2 2 2 2 2 2 2 2 2 2 2 2 2 2 2 2 2 2 2 2 2 2 2 2 2 2 2 2 2 2 2 2 2 2 2 2 2 2 2 2 2 2 2 2 2 2 2 2 2
left_child=1 4 12 26 7 6 8 -1 9 10 11 -5 -3 18 -15 16 17 25 47 20 -4 22 23 36 -8 -16 27 40 30 -30 31 -27 33 34 35 -33 -12 -21 39 45 -2 -25 43 -43 -29 46 49 -14 -36 -9 -11 -17
right_child=3 2 19 5 -6 -7 24 38 -10 50 21 -13 13 14 15 51 -18 -19 -20 37 -22 -23 -24 41 -26 28 -28 44 29 -31 -32 32 -34 -35 48 -37 -38 -39 -40 -41 -42 42 -44 -45 -46 -47 -48 -49 -50 -51 -52 -53
leaf_value=-0.011739685595905037 0.061206049836796519 1.5093297725861465 -0.13335637613743068 -3.3622235614750968 -0.1968095641555753 2.8002171046894264 -0.035865594499278959 1.3252131284119701 8.5000004619359973e-07 -4.5531371477970426 -2.6936407042438315 0.31468241438645178 -3.4034937384669117 0.1225363815010965 0.030278292276385801 0.02745499962615967 0.90654905379616846 0.019172315558166505 0.0021118314885145433 0.030769097436148227 3.9096255947798442 -2.9447303418401236 0.058121735650283543 -2.603382595283505 0.69209720646734241 0.00053372373529672623 0.019232881094226838 0.29410945607843397 -0.014215450997730944 0.052796415041911619 -0.70716418430676764 0.00051587897819042211 0.01533036250178516 -1.2325962922067892 -0.0085363785157954696 -0.060453682570686347 0.0045799706828880309 8.9469229129596641 1.8239803437310469 0.0084178945597743991 -0.00019481100463867188 -0.017781209795153664 -9.4420683846007947 0.000352547469997406 0.013362877195621879 4.3737219289807321 0.051986175849098266 -1.4895894999980928 -0.63852387786408926 1.7925214384895707 -3.4589319779262508 8.9552391166090959e-05
leaf_weight=20 20 20 20 20 25 36 27 20 24 34 21 34 23 32 23 21 26 31 26 20 20 20 20 23 37 25 26 27 28 29 32 35 22 31 27 21 24 37 26 31 31 27 32 23 20 29 21 21 23 31 25 20
leaf_count=20 20 20 20 20 25 36 27 20 24 34 21 34 23 32 23 21 26 31 26 20 20 20 20 23 37 25 26 27 28 29 32 35 22 31 27 21 24 37 26 31 31 27 32 23 20 29 21 21 23 31 25 20
internal_value=-0.000117045 0.000698529 -0.000358891 -0.00132486 0.00389163 -0.00234192 -0.0029156 0.00505618 -0.00385321 -0.00429043 -0.00348361 0.00037037 -0.00114341 -0.00139113 -0.000868545 -0.00129442 -0.00181303 -0.002263 -0.00457143 0.00381443 0.0005 -0.00457895 -0.00394118 -0.00473333 0.001875 -0.00283784 0.00217742 0.00102041 -0.00326007 -0.000526316 -0.00398148 -0.00326087 -0.00396226 -0.00474453 -0.00358491 -0.000892857 -0.00155556 0.00614035 0.00594937 0.00515152 -0.00137255 -0.00609524 -0.005 -0.003 0.00361702 0.00643564 0.00527778 -0.00727273 -0.0066 0.00686275 -0.00762712 0.00317073
internal_weight=1367 816 613 551 203 427 391 178 327 303 244 54 516 496 426 394 353 327 70 97 40 190 170 150 64 296 124 98 273 57 216 184 159 137 106 56 45 57 158 132 51 105 82 50 47 101 72 44 50 51 59 41
internal_count=1367 816 613 551 203 427 391 178 327 303 244 54 516 496 426 394 353 327 70 97 40 190 170 150 64 296 124 98 273 57 216 184 159 137 106 56 45 57 158 132 51 105 82 50 47 101 72 44 50 51 59 41
is_linear=0
shrinkage=0.01


Tree=4
num_leaves=53
num_cat=0
split_feature=68 64 6 73 22 24 6 11 4 26 33 3 3 23 42 78 81 84 8 86 80 35 58 24 4 84 4 6 8 64 3 78 23 35 76 81 84 36 33 26 84 87 43 64 22 17 81 6 33 76 61 4
split_gain=14.6403 13.9081 16.8346 15.2804 18.63 11.0584 9.85714 9.43905 9.22288 12.0501 11.2613 10.5579 12.2411 7.93511 8.6171 7.60997 14.3241 13.6409 9.0597 7.67297 7.27706 8.06255 9.08106 7.18667 7.1086 6.99295 6.70476 6.50424 7.70685 6.45111 6.09532 5.92099 7.11382 5.89398 7.9188 5.82165 6.90352 7.31654 5.65099 4.9 4.82319 14.247 5.37815 9.65714 4.88543 4.43077 4.10894 3.4381 3.22131 1.79884 0.921951 0.459574
threshold=1681.0000000000002 1050.1000000000001 2775.9150000000004 1278.9145000000001 87.750000000000014 13.825000000000001 3929.8950000000004 30909.850000000002 3449.7650000000008 38.250000000000007 61.750000000000007 14314.6 13417.050000000001 7.7500000000000009 362.92500305175787 498.94161111111117 4170.2231238662762 662.16470833333346 403.26416269841275 1.0135000000000003 29157.79756944445 27.525000000000002 0.25000000000000011 12.975000000000001 2041.3150000000003 374.52072916666674 3945.2100000000005 4849.2100000000009 418.37776315789478 873.11250000000007 13725.250000000002 243.18700347222224 97.250000000000014 26.175000000000004 38342.426041666673 4585.1795252896127 407.57307291666672 86.250000000000014 95.500000000000014 63.250000000000007 1283.7127291666668 0.031250000000000007 80.705001831054702 1658.6500000000003 83.250000000000014 134.15000000000001 4118.6003527074963 4529.9000000000005 9.7500000000000018 31601.369791666668 32859.500000000007 2943.7600000000007
decision_type=2 2 2 2 2 2 2 2 2 2 2 2 2 2 2 2 2 2 2 2 2 2 2 2 2 2 2 2 2 2 2 2 2 2 2 2 2 2 2 2 2 2 2 2 2 2 2 2 2 2 2 2
left_child=1 5 24 7 23 13 -6 -4 10 11 48 12 -10 49 15 16 25 33 19 -19 -20 22 30 26 -3 31 -5 -11 50 38 39 -15 -33 -17 46 36 37 -18 -7 -22 44 42 43 -42 -2 -32 -35 -8 -9 -1 -29 -50
right_child=40 2 3 4 6 29 47 8 9 27 -12 -13 -14 14 -16 17 35 18 20 -21 21 -23 -24 -25 -26 -27 -28 28 -30 -31 45 32 -34 34 -36 -37 -38 -39 -40 -41 41 -43 -44 -45 -46 -47 -48 -49 51 -51 -52 -53
leaf_value=0.014719698410907284 -6.4197292240453727 -3.7200808529518774 7.749729106379541 0.3406110125108941 -0.0092569262457583585 -9.1494310734213133 0.78971571419159592 2.2263138841443668 -0.0096336067931501509 -0.064398654242181233 0.1680053483063739 -0.56966678862120301 4.0149019207378664 0.0091267364681349404 0.015247078607543825 -4.9827600230242961 0.00038067699586190589 -3.7307100933116248 0.97508973428969625 -0.007394618270183775 0.00058060735466441212 1.9386528077090084 -1.9724804892935726 -2.5119632914944314 -0.022922175995422393 7.4854027253768267 -1.2483435438230133 3.4466980402269605 0.13554459530612825 -0.98248458713630049 5.5219461528692788 -0.72627562487934172 0.0057538409321725272 -0.0093120412425098734 -3.9051678308832947 -0.0863256421100983 0.02875229295388981 -1.3697607973537573 0.00061072018840851788 -0.038164351639474216 -2.4601829846228962 0.01188868604730358 -0.010876776085245852 3.8962200927734373e-06 -2.0778122917755573 -0.0084888768704331052 0.0034059242560864366 0.024896306957203608 4.4103209108665418 1.2771260912967275 12.79579422125712 4.9265731332951779
leaf_weight=20 33 21 21 28 21 25 20 27 35 21 37 34 23 29 33 33 20 29 22 35 20 20 20 20 37 31 27 20 23 20 32 20 21 21 28 28 28 29 33 20 20 25 34 36 30 20 20 28 27 21 21 20
leaf_count=20 33 21 21 28 21 25 20 27 35 21 37 34 23 29 33 33 20 29 22 35 20 20 20 20 37 31 27 20 23 20 32 20 21 21 28 28 28 29 33 20 20 25 34 36 30 20 20 28 27 21 21 20
internal_value=-2.19459e-05 0.000378469 0.00162427 0.00227373 -0.000416667 -0.000560472 0.00333333 0.00352751 0.00305556 0.00163842 0.00531532 -0.000869565 0.00172414 -0.0001 -0.000411449 -0.000722433 0.000776699 -0.0016875 -0.000275229 -0.0034375 0.00103896 0.000151515 -0.000892857 -0.00386667 -0.00344828 0.00346535 -0.002 0.00435294 0.0059375 -0.00410256 0.000434783 0.00171429 -0.000731707 -0.00470588 -0.00304348 -0.00180952 -0.00038961 -0.00265306 -0.00241379 -0.0025 -0.00269663 -0.00147826 -0.00333333 -0.00142857 -0.00492063 0.00269231 -0.000243902 0.00583333 0.00756757 0.00414634 0.00853659 0.00914894
internal_weight=1367 1189 511 453 144 678 69 309 288 177 111 92 58 600 559 526 206 320 218 64 154 132 112 75 58 101 55 85 64 78 92 70 41 102 69 105 77 49 58 40 178 115 90 56 63 52 41 48 74 41 41 47
internal_count=1367 1189 511 453 144 678 69 309 288 177 111 92 58 600 559 526 206 320 218 64 154 132 112 75 58 101 55 85 64 78 92 70 41 102 69 105 77 49 58 40 178 115 90 56 63 52 41 48 74 41 41 47
is_linear=0
shrinkage=0.01


Tree=5
num_leaves=54
num_cat=0
split_feature=69 1 0 72 16 64 73 16 62 94 81 94 91 37 16 5 4 94 82 72 77 21 73 62 21 91 17 3 77 37 25 41 74 77 62 32 21 86 5 88 56 86 67 16 32 67 5 64 27 25 5 61 1
split_gain=12.7253 19.5663 16.9008 18.2233 16.1254 13.6992 10.7229 10.356 10.1948 9.94921 9.03053 8.98157 8.29862 8.34523 11.52 8.20812 8.10001 8.60928 8.06743 8.70897 10.0971 7.30003 7.24571 12.2742 7.2119 10.5842 6.41778 6.38934 7.08377 6.27287 5.9097 5.76 5.65296 5.48571 5.40541 5.17695 5.13012 5.11244 5.06812 5.02648 4.80821 4.45455 4.25177 4.02683 6.67654 6.91429 3.82675 3.80501 3.6878 3.387 3.11321 2.72727 1.75325
threshold=34199.400000000001 15825.450000000003 31901.800000000007 1350.0420000000001 6962.0500000000011 953.83150000000012 972.45500000000004 3522.4500000000003 1.0350000000000004 503546.05499000015 4328.9432126272104 557472.08952906274 27951.927800000005 71.250000000000014 6073.7000000000016 5072.8250000000007 10578.365000000002 641868.56890937511 0.0095000000000000102 985.40300000000013 3925.6168156904209 28.925000000000004 780.68250000000012 1068.5925000000002 15.125000000000002 28273.719006250001 80.350000000000009 14941.300000000001 3968.5479591384078 85.250000000000014 165.75000000000003 72.250000000000014 706.02140625000015 4179.7592331626529 1397.5500000000004 137.25000000000003 20.575000000000006 595.00000000000011 6140.1600000000008 11278.258125 1.0000000180025095e-35 0.53700000000000003 35892.350000000006 6343.1500000000005 237.25000000000003 33974.000000000007 5482.1650000000009 1044.4500000000003 86.750000000000014 88.250000000000014 5223.5350000000008 35050.750000000007 13797.950000000003
decision_type=2 2 2 2 2 2 2 2 2 2 2 2 2 2 2 2 2 2 2 2 2 2 2 2 2 2 2 2 2 2 2 2 2 2 2 2 2 2 2 2 2 2 2 2 2 2 2 2 2 2 2 2 2
left_child=2 40 5 22 6 7 8 49 10 -7 27 37 -5 14 -14 -15 17 32 24 35 34 30 43 41 -13 26 -26 -3 -29 42 38 -17 -9 -12 -21 -20 -8 52 -19 -18 -2 -24 -6 44 45 -4 -27 -10 -32 -1 -45 -38 -11
right_child=1 4 3 12 29 9 36 16 47 11 33 18 13 15 -16 31 39 21 19 20 -22 -23 23 -25 25 46 -28 28 -30 -31 48 -33 -34 -35 -36 -37 51 -39 -40 -41 -42 -43 -44 50 -46 -47 -48 -49 -50 -51 -52 -53 -54
leaf_value=-7.9236028597052348 -0.17883264504820651 -2.9906121198250446 -0.014615112370822376 -0.0082874217450222051 1.5383475685764856 -1.1445736895648539 -3.799413131352773 0.03752910386285014 4.0269328406794545 2.5207636888964582 -6.5799163279788626 -0.57261986597099557 -4.4948047633153498 -0.00010764033710028484 0.00010875926085199657 0.21219365146125366 0.043311390946628468 -1.3576664891430033 5.4128917161417416 0.0061040186364734426 -2.0592427767526909 0.85436938170918086 0.021061293332645514 1.9458140908141903 0.008042622864040944 -8.3561050089809872e-05 3.3786313671370429 -0.018388447325141392 0.53561391769015299 0.84607805959453375 -0.23766642825204906 0.045273447247102326 -0.0092524250693551621 -0.43835286278312446 0.58275461916878402 7.1914899434582731 -0.0040393415646313305 0.015095228863941573 0.00055940277886649384 -0.00072899326074027273 -4.8499912882100462 -0.28721054741370872 -0.037928714123740978 0.92875432736216934 1.4341881290411851 2.9020587636276152 -0.05742629349173517 0.0053422447110631566 -3.99441995814799 -8.8789783233671287 4.9731915410447156 -0.73692525993746927 4.1001589406197727
leaf_weight=25 28 23 24 30 20 31 25 20 24 20 28 27 25 32 25 20 22 36 20 37 32 21 22 35 25 25 20 29 26 27 20 25 21 20 37 23 20 20 37 21 30 22 23 20 36 21 21 22 21 21 33 24 22
leaf_count=25 28 23 24 30 20 31 25 20 24 20 28 27 25 32 25 20 22 36 20 37 32 21 22 35 25 25 20 29 26 27 20 25 21 20 37 23 20 20 37 21 30 22 23 20 36 21 21 22 21 21 33 24 22
internal_value=0.000366569 -0.00121951 0.000954774 0.00264865 -0.00022508 -4.8e-05 -0.00145228 -0.00177358 -0.000116279 0.00122222 -0.0015873 0.00173252 6.36943e-05 0.0011811 -0.002 0.00324675 -0.00086758 -0.00181818 0.00093633 0.00248322 0.000943396 -0.00303704 0.00455399 0.0021519 -0.00101695 0.00032967 0.00377778 0.000512821 0.00236364 0.004 -0.00403509 0.006 0.00219512 -0.005 0.00297297 0.00627907 -0.00478261 0.00516129 -0.00232877 0.00302326 -0.00655172 -0.00136364 0.00162791 0.00597015 0.0045679 0.002 -0.00304348 0.00391304 -0.00707317 -0.00608696 0.00811321 -0.00272727 0.00714286
internal_weight=1364 369 995 370 311 625 241 265 172 360 126 329 157 127 50 77 219 176 267 149 106 135 213 79 118 91 45 78 55 70 114 45 41 48 74 43 69 62 73 43 58 44 43 134 81 45 46 46 41 46 53 44 42
internal_count=1364 369 995 370 311 625 241 265 172 360 126 329 157 127 50 77 219 176 267 149 106 135 213 79 118 91 45 78 55 70 114 45 41 48 74 43 69 62 73 43 58 44 43 134 81 45 46 46 41 46 53 44 42
is_linear=0
shrinkage=0.01


Tree=6
num_leaves=54
num_cat=0
split_feature=96 20 30 36 73 72 10 65 8 8 90 34 100 4 20 76 4 4 34 77 90 20 67 24 43 65 68 34 33 76 13 4 24 72 4 10 20 20 67 87 36 30 39 7 39 13 20 29 33 16 24 36 16
split_gain=13.3298 21.0988 14.8419 17.0279 25.4009 13.2918 14.0777 12.4595 12.3213 11.0938 10.0419 9.9669 10.377 12.7451 9.53258 12.803 9.39635 8.50249 8.39161 8.68718 7.95455 7.25952 8.23669 6.59341 6.52673 6.43235 6.08332 5.97382 7.57839 5.95336 5.67762 11.7281 6.76 5.59093 5.36461 7.33475 5.07769 7.51572 4.97778 4.60152 3.753 4.62129 3.7576 5.09697 3.70553 3.66288 3.63114 3.22165 3.06087 2.6957 2.5 1.86667 1.05
threshold=1.0000000180025095e-35 2774.5500000000006 93.250000000000014 86.250000000000014 1488.6360000000002 769.32450000000006 32076.850000000002 30362.750000000004 421.1543421052632 416.93360241820773 2216.4880500000004 81.750000000000014 0.27430555555555564 2788.4550000000004 2008.5000000000002 31443.412500000002 10292.965000000002 4667.1150000000007 85.250000000000014 3626.2104548434572 2166.8188500000001 1273.2000000000003 31433.450000000001 9.3750000000000018 77.045001983642592 24254.700000000001 1447.9335000000003 31.750000000000004 12.750000000000002 33122.833333333336 6350.9000000000005 4579.5400000000009 7.2750000000000012 1350.0420000000001 6867.0950000000012 39225.600000000006 1253.2000000000003 1750.1000000000001 37416.950000000004 0.63541666666666685 86.250000000000014 27.750000000000004 116.25000000000001 20.495000000000005 194.25000000000003 9379.8000000000011 1399.4000000000003 79.750000000000014 103.75000000000001 5554.4000000000005 10.075000000000001 73.250000000000014 5825.9000000000005
decision_type=2 2 2 2 2 2 2 2 2 2 2 2 2 2 2 2 2 2 2 2 2 2 2 2 2 2 2 2 2 2 2 2 2 2 2 2 2 2 2 2 2 2 2 2 2 2 2 2 2 2 2 2 2
left_child=1 2 11 4 27 6 44 39 26 25 17 14 13 -13 16 -16 30 46 20 -20 38 24 -23 -6 47 -7 -3 -4 -29 45 31 40 -33 -15 -21 -36 48 -38 -9 -8 41 -1 -43 50 -2 -26 -5 -19 -30 -32 -44 -45 -27
right_child=5 8 3 10 23 9 7 18 -10 -11 -12 12 -14 33 15 -17 -18 21 19 34 -22 22 -24 -25 29 52 -28 28 36 -31 49 32 -34 -35 35 -37 37 -39 -40 -41 -42 42 43 51 -46 -47 -48 -49 -50 -51 -52 -53 -54
leaf_value=0.0021496487489323307 0.0066165135693577381 -0.037234438152802925 3.0281640883071881 -0.14958723843130753 -0.00072164836146288922 -4.0992717231667504 -0.003150764185730931 0.027703152593523735 0.060620909506453498 0.0077376363311754282 -6.4468532492053185 0.32259875224160411 2.6354010983268177 -1.3227881454385 -1.2371970838641815 4.2959839082430955 -0.015309280597036228 -0.56680714564996315 -0.018799919864510403 -0.0022823586644653837 -0.046348269461031724 0.33123296366973071 -0.013694313844058082 -0.48826333693051005 -2.4898463230387007 -9.3397483605545162 -5.678591494840096 -0.0072720928928623422 1.5011781296664384 0.029555095171867461 3.7430619574537425 -0.078325584967188167 0.029285851546517402 -8.2712986120427452e-05 0.012295221394396972 0.05487718924801243 -0.33131815942963061 4.9938782908147177 -1.6511575518190069 -0.047326384275948749 4.7955177365367625 0.034317185907263625 0.0048298627480458265 3.2698735562533483 0.057376968085144163 -0.04239972672738361 -3.39215641553321 4.4884518648984919 0.49257776410864618 5.3516844327343884 0.26050020482517311 4.1722394034988053 -7.9726767285642044
leaf_weight=20 22 29 22 23 24 20 29 36 22 28 36 20 26 33 24 20 28 20 20 22 32 21 25 28 26 28 39 34 22 26 27 20 25 26 38 24 20 26 20 30 27 21 20 20 24 20 20 22 23 38 20 28 20
leaf_count=20 22 29 22 23 24 20 29 36 22 28 36 20 26 33 24 20 28 20 20 22 32 21 25 28 26 28 39 34 22 26 27 20 25 26 38 24 20 26 20 30 27 21 20 20 24 20 20 22 23 38 20 28 20
internal_value=0.000205279 0.000834192 0.00130533 0 0.0021608 -0.0013486 -0.00030303 -0.00123506 -0.00377778 -0.00458333 -0.00179916 0.00259594 -9.52381e-05 -0.00189873 0.00343195 -0.000909091 0.00408163 -0.000935961 0 0.00192308 -0.00227273 0.000125 0.00347826 -0.00384615 -0.00122807 -0.00676471 -0.00588235 0.00428571 0.00344 -0.00305556 0.00466165 0.00383085 -0.000666667 -0.00423729 0.00333333 0.00483871 0.00494505 0.0026087 0 -0.00525424 0.00512821 0.0044186 0.00522936 0.00613636 0.00478261 -0.00521739 -0.00488372 0.00190476 0.00733333 0.00723077 0.0035 0.00833333 -0.00875
internal_weight=1364 971 881 438 199 393 297 251 90 96 239 443 105 79 338 44 294 203 192 104 88 160 46 52 114 68 68 147 125 72 266 201 45 59 84 62 91 46 56 59 156 129 109 88 46 46 43 42 45 65 40 48 48
internal_count=1364 971 881 438 199 393 297 251 90 96 239 443 105 79 338 44 294 203 192 104 88 160 46 52 114 68 68 147 125 72 266 201 45 59 84 62 91 46 56 59 156 129 109 88 46 46 43 42 45 65 40 48 48
is_linear=0
shrinkage=0.01


Tree=7
num_leaves=53
num_cat=0
split_feature=69 65 3 73 60 3 5 22 32 13 46 3 11 81 71 73 25 24 40 20 36 41 13 68 19 7 89 41 21 89 19 65 16 25 20 99 7 8 41 40 67 81 16 65 69 46 81 89 61 60 73 5
split_gain=14.2634 18.6396 10.4199 11.4399 12.191 12.2302 11.6442 10.3086 9.92329 9.46648 9.52381 9.26944 8.68476 8.50582 8.38883 8.20851 10.3587 9.2185 7.80244 8.05998 7.96996 7.62504 8.6163 7.56639 9.39619 7.32233 7.13636 7.07103 8.33075 8.7415 6.75 6.55085 5.93765 5.6751 5.55482 7.88426 6.24928 5.10481 4.86815 4.66667 4.66473 4.6251 4.12272 3.93791 3.91908 3.72024 3.50635 3.06176 3.69304 2.5 1.81291 1.01739
threshold=33508.700000000004 30362.750000000004 10308.850000000002 1338.1500000000003 994.50000000000011 10842.600000000002 3943.6950000000002 82.750000000000014 74.250000000000014 4286.1500000000005 106.90500259399415 12461.500000000002 35508.05000000001 4136.4604084679577 1.1820000000000002 1348.0445000000002 208.25000000000003 5.0250000000000012 26.500000000000004 2282.9500000000003 82.250000000000014 94.750000000000014 9204.2500000000018 1398.6000000000001 541.05000000000007 176.81500000000003 1244.5121812500001 110.25000000000001 26.825000000000006 1468.5593812500001 910.00000000000011 32049.250000000004 5554.4000000000005 49.250000000000007 903.05000000000007 0.11458333333333336 17.645000000000007 422.78380116959073 72.250000000000014 76.250000000000014 37483.100000000006 4175.2337236371568 6317.8000000000011 26666.400000000005 28429.650000000005 102.51499938964845 4533.0526873877252 1325.0291437500002 33844.200000000004 1469.1795000000002 1050.4615000000001 8926.720000000003
decision_type=2 2 2 2 2 2 2 2 2 2 2 2 2 2 2 2 2 2 2 2 2 2 2 2 2 2 2 2 2 2 2 2 2 2 2 2 2 2 2 2 2 2 2 2 2 2 2 2 2 2 2 2
left_child=2 34 14 4 5 -4 13 8 -8 41 -11 23 25 -5 26 16 27 -18 -13 37 -21 22 30 24 -6 32 -1 28 29 31 -14 -3 -7 39 35 -2 -36 43 -31 -33 -30 42 -9 -20 -45 -24 -35 50 -49 -26 -46 -38
right_child=1 15 3 6 11 12 7 9 -10 10 -12 18 21 -15 -16 -17 17 -19 19 20 -22 -23 45 -25 49 -27 -28 -29 40 38 -32 33 -34 46 36 -37 51 -39 -40 -41 -42 -43 -44 44 47 -47 -48 48 -50 -51 -52 -53
leaf_value=-8.8375702022035938 -0.18912283654296672 -0.15902057320564064 0.15114713125141976 -0.00017894184822021521 3.7469038187162629 -2.0037150482956316 -2.8052018104629188 0.21749817192936152 0.0028694561155445607 -1.3401303191288418 0.036821623895164073 -0.50638130962345573 0.18035822367438434 -1.5535534768380148 0.094571334097806242 -1.7877246883506741 0.016117597437659011 -3.2231107718197602 0.024031595493991812 -3.3275931945470787 0.083673312385992488 -0.045515901836298202 0.0059842852680557224 0.9815632697330412 -0.032271666246383862 0.0153454400395098 -0.012830456028314279 0.079457633406331024 0.069260144749214853 0.0061473718021577504 0.013262381909483662 -0.055396398246515738 -0.054902103889922567 0.6433698801232286 -0.0074624985582530095 0.0023738938933472622 -2.7614667400786095 0.3279206340330334 -0.93117996647854429 0.068267156824326061 0.016166200281761585 0.017532804477748246 -8.1898309727707506e-05 1.822752646899086 4.241213261336088 -0.0040901013586996963 6.2709650341318479 0.29952518356709279 8.7777632171833897 -0.050775431663860005 1.0001525590324871 -5.1210761159330334
leaf_weight=34 24 26 22 31 22 34 22 23 21 21 21 20 24 28 39 37 22 38 23 22 23 28 32 24 20 24 23 20 34 24 24 21 28 24 20 31 26 31 34 21 21 23 21 22 43 24 21 39 21 20 23 20
leaf_count=34 24 26 22 31 22 34 22 23 21 21 21 20 24 28 39 37 22 38 23 22 23 28 32 24 20 24 23 20 34 24 24 21 28 24 20 31 26 31 34 21 21 23 21 22 43 24 21 39 21 20 23 20
internal_value=8.79765e-05 -0.00133621 0.000822222 0.00119403 0.00190556 0.000166667 -0.000805687 0.000657895 -0.00348837 0.00229358 -0.00142857 0.00308782 -0.000550459 -0.00457627 -0.00229167 -0.000145773 0.000392157 -0.00333333 0.00400749 0.00449393 0.000666667 0.00106061 0.00230769 0.000232558 -0.0016129 -0.00302326 -0.00473684 0.00130081 0.00079646 -0.000292398 0.00541667 0.00132743 -0.00483871 0.00264368 -0.00471074 -0.00236364 -0.00666667 0.00534653 -0.00344828 0 0.00418182 0.00462687 0.00272727 0.00602339 0.00662162 -0.000357143 0.00511111 0.00730159 0.00566667 -0.0045 0.00878788 -0.00869565
internal_weight=1364 464 900 804 593 240 211 152 43 109 42 353 218 59 96 343 306 60 267 247 45 132 104 86 62 86 57 246 226 171 48 113 62 87 121 55 66 202 58 42 55 67 44 171 148 56 45 126 60 40 66 46
internal_count=1364 464 900 804 593 240 211 152 43 109 42 353 218 59 96 343 306 60 267 247 45 132 104 86 62 86 57 246 226 171 48 113 62 87 121 55 66 202 58 42 55 67 44 171 148 56 45 126 60 40 66 46
is_linear=0
shrinkage=0.01


Tree=8
num_leaves=52
num_cat=0
split_feature=29 6 74 31 27 34 72 68 2 25 25 73 35 22 80 62 11 69 88 1 42 74 25 74 69 74 34 78 78 11 31 33 6 88 34 69 24 25 25 89 11 3 89 31 64 29 88 83 41 72 0
split_gain=16.427 14.293 12.9928 14.3819 19.7715 13.9121 11.9584 11.5965 13.5393 10.0302 9.15112 9.79696 9.79355 8.82791 8.71141 8.53333 8.4275 9.63431 7.88357 10.303 7.29304 15.0642 10.6367 8.09157 8.08573 7.27122 10.2065 10.6792 8.1503 7.01299 6.89747 6.68956 6.50572 6.23041 6.05238 5.95629 5.77695 5.15714 5.15065 5.04483 5.02904 12.8947 4.61092 4.52472 3.7029 3.24 2.66667 2.6244 2.67442 2.58983 1.06531
threshold=94.250000000000014 3677.7300000000005 173.66243750000004 16.650000000000006 31.750000000000004 55.750000000000007 0.93550000000000011 791.98750000000007 2297.6500000000005 212.75000000000003 65.750000000000014 965.16150000000005 27.925000000000004 67.250000000000014 32805.866319444453 1199.2705000000003 40778.900000000009 31889.350000000002 8215.2058333333352 14438.400000000001 116.10000228881837 1395.1584166666669 35.750000000000007 1007.15396875 30243.450000000004 1210.5110520833334 73.250000000000014 947.31465277777795 803.99386458333345 35334.55000000001 3.8250000000000006 1.0000000180025095e-35 8356.6150000000016 4593.9262499999995 82.250000000000014 32739.650000000005 10.775000000000002 173.25000000000003 18.250000000000004 1486.06306875 37128.450000000004 15174.600000000002 1269.01734375 4.7750000000000012 1.0000000180025095e-35 77.750000000000014 10149.405000000001 1658.200000000001 76.750000000000014 1399.1000000000001 30285.000000000004
decision_type=2 2 2 2 2 2 2 2 2 2 2 2 2 2 2 2 2 2 2 2 2 2 2 2 2 2 2 2 2 2 2 2 2 2 2 2 2 2 2 2 2 2 2 2 2 2 2 2 2 2 2
left_child=1 13 6 5 -5 30 -3 25 -9 10 11 -10 16 -1 34 -6 17 18 19 -12 22 23 24 -22 -15 26 28 40 39 -11 -4 -32 35 -2 -13 -19 47 -27 -33 -7 44 43 -23 -42 -28 -43 -46 -24 -49 50 -40
right_child=33 2 3 4 15 7 -8 8 9 29 12 14 -14 20 -16 -17 -18 32 -20 -21 21 42 36 -25 -26 37 27 -29 -30 -31 31 38 -34 -35 -36 -37 -38 -39 49 -41 41 45 -44 -45 46 -47 -48 48 -50 -51 -52
leaf_value=-5.4942041853999344 4.9166448255564283 0.0012605174273501013 -0.029641395095750995 -4.5314090120917783 -0.03482565028340983 -4.1772608650856418 -9.3855388180520283 -3.0026221824841635 -7.5775017578826214 0.0016965411576515138 -0.12908665768054436 1.547435591943088 0.44085170552148945 0.49353461752433475 -0.012659489940764573 0.069287087323864613 1.1175430227020775 -0.77020979818968216 9.2497267610418064 1.0128956465570718 0.0015493874486435678 -1.6665014235224715 -0.6703160466643735 2.3553684886682746 -0.060168538467902301 0.40791037205083086 0.020327453555620378 -0.83842270310939826 4.2717812730974245 -3.5086337761073985 -0.024060465791538921 0.63590727888866527 -2.9080858414926936 0.0086245276016961477 -0.015053441794569879 0.017813441009153125 -0.021412412488988116 12.900086843263376 2.5654273119346591 -0.00075307627733782023 0.0073351093142589663 0.087776536491354182 -0.00015035028974687812 -0.012329834947092269 0.056380198312321682 8.9906129241184587 0.44591476996905249 -2.9125813220727004 -0.025617860479070626 0.082836579262132573 2.8294671942757135
leaf_weight=28 31 39 29 37 24 28 31 39 26 20 34 23 30 20 25 30 36 22 20 29 28 20 25 26 37 21 20 20 20 22 22 29 21 25 20 31 31 24 20 27 22 25 23 25 27 20 27 23 20 33 29
leaf_count=28 31 39 29 37 24 28 31 39 26 20 34 23 30 20 25 30 36 22 20 29 28 20 25 26 37 21 20 20 20 22 22 29 21 25 20 31 31 24 20 27 22 25 23 25 27 20 27 23 20 33 29
internal_value=0.000410557 0.000183486 0.000730282 0.00103448 -0.00274725 0.00143187 -0.00342857 0.000823864 -0.000301508 0.000306407 0.000914826 -0.00170213 0.00201794 -0.00181495 0.000294118 0.00111111 0.00119171 0.000191083 0.00253012 0.000793651 -0.0012253 0.000927835 -0.0025641 0.00444444 0.000877193 0.00228758 0.00164751 0.00290323 -0.00146667 -0.00428571 0.00407407 0.00503759 -0.00243243 0.00571429 0.00302326 -0.000566038 -0.00454545 0.006 0.00603604 -0.00345455 0.00373494 0.00217391 -0.00348837 -0.00148936 0.00567568 0.006 0.00703704 -0.00617647 -0.00767442 0.00731707 0.00877551
internal_weight=1364 1308 1027 957 91 866 70 704 398 359 317 94 223 281 68 54 193 157 83 63 253 97 156 54 57 306 261 186 75 42 162 133 74 56 43 53 99 45 111 55 166 92 43 47 74 45 54 68 43 82 49
internal_count=1364 1308 1027 957 91 866 70 704 398 359 317 94 223 281 68 54 193 157 83 63 253 97 156 54 57 306 261 186 75 42 162 133 74 56 43 53 99 45 111 55 166 92 43 47 74 45 54 68 43 82 49
is_linear=0
shrinkage=0.01


Tree=9
num_leaves=53
num_cat=0
split_feature=68 64 80 100 32 14 71 4 97 32 35 4 38 73 4 88 75 28 67 67 75 30 45 28 24 24 89 73 82 44 13 43 33 5 30 30 14 57 14 32 30 4 13 78 30 13 1 3 3 45 70 1
split_gain=13.2041 19.5558 16.7901 20.1067 13.1599 11.2188 11.0706 10.92 10.4757 10.7406 9.747 9.79716 9.52033 9.06777 9.83892 9.69845 8.73627 8.42875 7.51935 7.11169 6.94077 10.9435 7.25808 8.80132 8.13066 8.13173 6.84183 6.67063 6.65238 6.58639 6.00817 5.9518 5.8924 5.37217 5.25569 6.0012 4.79475 4.56786 4.5413 4.31305 4.80159 4.02286 3.99253 3.74657 3.65932 3.03818 2.92332 2.91382 2.46103 2.01481 1.71163 0.113043
threshold=791.98750000000007 718.76250000000016 33857.697569444455 0.017361111111111115 254.25000000000003 16395.050000000003 1332.2380000000003 14695.070000000002 0.052083333333333336 248.75000000000003 24.675000000000004 2854.7000000000003 6.1250000000000009 1488.6360000000002 8216.6150000000016 4615.8452083333341 608.36575189988309 29.225000000000005 35405.400000000009 30476.300000000007 426.892120525297 99.250000000000014 25433.500000000004 25.325000000000006 7.3250000000000011 5.9250000000000016 680.89344375000007 967.25000000000011 1645.9500000000003 5.5740001201629648 3403.4500000000003 82.229999542236342 40.250000000000007 4236.6250000000009 99.750000000000014 58.750000000000007 12764.450000000003 1.0000000180025095e-35 14872.000000000002 86.750000000000014 95.250000000000014 3079.9550000000004 6415.2000000000007 719.95676736111125 67.750000000000014 3204.1500000000005 18022.810000000001 14281.900000000001 15008.150000000003 22813.500000000004 1200.4805000000003 13753.450000000003
decision_type=2 2 2 2 2 2 2 2 2 2 2 2 2 2 2 2 2 2 2 2 2 2 2 2 2 2 2 2 2 2 2 2 2 2 2 2 2 2 2 2 2 2 2 2 2 2 2 2 2 2 2 2
left_child=7 4 3 10 5 30 12 20 46 -10 -3 -12 42 14 26 41 32 -6 -8 -13 21 37 23 -22 25 -25 -5 -14 29 31 -2 36 -7 -21 35 -26 -28 48 -17 40 -38 -15 45 -37 -39 -4 -9 -40 -1 -33 -41 -32
right_child=1 2 6 13 17 16 18 8 9 -11 11 19 27 15 -16 38 -18 -19 -20 33 22 -23 -24 24 34 -27 28 -29 -30 -31 51 49 -34 -35 -36 43 39 44 47 50 -42 -43 -44 -45 -46 -47 -48 -49 -50 -51 -52 -53
leaf_value=7.9687802298769848 -5.5313850340665462 -1.3182829627483279 -2.2028901962128389 -0.0098250929798981319 -0.048601833034320967 -9.173541001530694 -0.0002552141732497851 -0.045103720951643264 0.87005799512869741 -0.043124326377830084 0.49610089211842873 -0.47794558231060635 0.17190574175336529 0.0010881440853925117 -0.60643007167715812 0.049908611094079874 0.02427607298084173 0.55546359214702978 0.29241058694955324 -0.024705795447050462 0.067243401194840166 -0.0054358128988339915 0.047845197137688561 -0.0012403585294988365 0.0018540871536801211 4.9361525950522251 0.24078111448005246 -1.3583711430776362 -0.059692890858728059 0.037746033916676518 -7.6262107770401784 2.0810001188393454 -0.44204567405533729 0.01199031092509324 0.0035936961055268199 -0.019494505725093727 0.025903027317981824 0.012193727842770993 -0.032797195215791747 1.3197239306515491 3.1500293163164019 -0.97441279576816353 -0.11948442794996984 -3.7220574735578325 0.049273278133745359 -4.3970657113179321 -0.02651222265598269 0.0080489286257465365 0.12866598723394232 2.4592067540959373 7.5635284931119591 -9.2125642237712402
leaf_weight=30 20 22 34 21 27 20 30 22 27 25 21 22 36 22 30 22 36 26 22 26 28 37 36 32 21 22 38 28 20 30 20 20 33 29 22 20 20 25 20 20 36 28 20 21 24 23 23 21 23 34 23 26
leaf_count=30 20 22 34 21 27 20 30 22 27 25 21 22 36 22 30 22 36 26 22 26 28 37 36 32 21 22 38 28 20 30 20 20 33 29 22 20 20 25 20 20 36 28 20 21 24 23 23 21 23 34 23 26
internal_value=0.000395894 -0.000280778 0.000501393 0.00142857 -0.00298077 -0.00445161 -0.00202073 0.00182648 -0.00113402 0.00192308 -0.00216667 -0.000816327 -0.00347518 0.00249383 0.00342466 8.84956e-05 -0.00213483 0.00132075 0.00192308 -0.00246753 0.00266862 0.00438849 0.00148515 0.00060241 -0.000434783 0.00259259 0.0040458 -0.000625 0.00452282 0.00502262 -0.00757576 0.00570681 -0.00471698 -0.000545455 -0.00238095 -0.00387097 0.00459854 0.00607843 0.00269841 0.00575758 0.00392857 -0.0032 -0.00584416 -0.00609756 0.00387755 -0.00719298 -0.00466667 0.000731707 0.00811321 0.00851852 0.00813953 -0.00956522
internal_weight=1364 926 718 525 208 155 193 438 97 52 120 98 141 405 292 113 89 53 52 77 341 139 202 166 138 54 262 64 241 221 66 191 53 55 84 62 137 102 63 99 56 50 77 41 49 57 45 41 53 54 43 46
internal_count=1364 926 718 525 208 155 193 438 97 52 120 98 141 405 292 113 89 53 52 77 341 139 202 166 138 54 262 64 241 221 66 191 53 55 84 62 137 102 63 99 56 50 77 41 49 57 45 41 53 54 43 46
is_linear=0
shrinkage=0.01


Tree=10
num_leaves=54
num_cat=0
split_feature=95 7 73 22 37 20 88 68 26 29 65 68 94 73 26 93 37 77 67 74 88 90 31 94 77 77 24 22 39 39 31 36 26 68 86 30 71 88 74 37 31 62 40 94 30 23 7 7 24 46 43 26 7
split_gain=12.0646 12.2963 12.1831 12.2297 9.31781 9.01935 9.26202 9.85567 8.80762 8.64506 8.47951 7.8341 7.56749 7.23863 7.15873 9.59557 9.8 8.57845 8.45292 7.93374 8.38787 9.54799 8.10597 7.80201 7.22259 10.6667 8.27599 6.89174 6.78788 9.89899 6.75117 6.6616 5.82061 9.60784 9.0649 5.54049 5.34964 5.33333 5.31489 5.49143 9.01333 4.95918 4.89314 4.84848 4.84848 4.70825 4.90656 4.38863 3.74484 3.6 3.6 3.42857 2.82805
threshold=1.0000000180025095e-35 16.905000000000005 1346.5740000000003 85.750000000000014 52.750000000000007 1182.9000000000003 4006.8697916666674 1236.3805000000002 106.25000000000001 91.750000000000014 30122.500000000004 875.40000000000009 550253.44074093772 902.23350000000016 0.75000000000000011 403.92385714285723 94.250000000000014 4772.3338198908968 38181.30000000001 1210.5110520833334 12038.153958333334 2191.6534500000007 6.9250000000000016 645151.82113250019 3474.4282227599906 4313.8251694830678 7.7750000000000012 87.250000000000014 227.25000000000003 175.25000000000003 6.6750000000000016 77.750000000000014 4.7500000000000009 883.83150000000012 0.78700000000000003 59.750000000000007 1038.4410000000003 4477.5195833333346 1231.8487604166669 66.750000000000014 9.6750000000000025 1500.4775000000002 118.75000000000001 655029.53958750016 74.250000000000014 63.750000000000007 1595.1100000000004 20.765000000000004 8.5750000000000028 103.564998626709 78.564998626708999 50.750000000000007 439.76500000000004
decision_type=2 2 2 2 2 2 2 2 2 2 2 2 2 2 2 2 2 2 2 2 2 2 2 2 2 2 2 2 2 2 2 2 2 2 2 2 2 2 2 2 2 2 2 2 2 2 2 2 2 2 2 2 2
left_child=1 4 9 37 -1 12 41 -8 11 14 -11 -6 -2 35 15 -3 49 18 19 20 24 45 36 -23 27 32 -27 -16 29 43 -5 47 -26 34 48 -14 -21 -4 -33 -40 -41 -7 -37 -15 -31 -22 -47 -9 -34 -17 -18 -29 -35
right_child=5 2 3 30 8 6 7 31 -10 10 -12 -13 13 28 17 16 50 -19 -20 22 21 23 -24 -25 25 26 -28 51 -30 44 -32 38 33 52 -36 42 -38 -39 39 40 -42 -43 -44 -45 -46 46 -48 -49 -50 -51 -52 -53 -54
leaf_value=0.35713746005763225 3.4551756314570232 -0.82776019353841901 -3.9325086727677974 -0.4382315999723061 -0.044108068387862506 -3.4582683723566077 5.9397508384260282 1.911472277139602 -0.016391665334599379 1.2717929292207744 -0.021956486192986374 -7.8369193930135603 10.965704801997227 0.00052246431654475085 0.1358081955239766 0.60854377118308545 -8.7762745511121949 1.3929640722900036 -0.55250100723852202 -0.042835737247449227 -0.0063659452770450419 -3.3357830187144835 3.7344984236087488 0.0024636701904306169 0.011970241429818429 2.1868627979356194 -0.0051921851425524249 0.018568323204649708 0.0332816641882255 -0.011614217975012562 0.035087450518191191 0.041195602727646607 -0.016349055950488554 -1.9251226454478667 0.34139245163190718 9.6885827338779453 0.15349668869288974 -2.6060823922303458 -0.91219647410049332 0.022745860904555385 -1.0011095124104865 -0.04412925576525191 -0.091313415300693535 0.051404650433939117 0.0016142674362996925 3.9880997980143746 0.065267550561805596 0.018529860512797276 -0.0030584676751180067 -0.0191181661545951 -0.028857163364920169 -0.051597004233508041 -7.6833402890504141
leaf_weight=20 25 21 24 28 28 21 30 20 36 37 23 34 23 33 29 20 20 24 37 22 20 20 22 26 22 29 21 21 27 24 22 25 26 37 21 29 21 24 20 30 20 28 21 22 20 34 37 26 21 20 20 21 23
leaf_count=20 25 21 24 28 28 21 30 20 36 37 23 34 23 33 29 20 20 24 37 22 20 20 22 26 22 29 21 21 27 24 22 25 26 37 21 29 21 24 20 30 20 28 21 22 20 34 37 26 21 20 20 21 23
internal_value=0.000450185 -0.000208562 0.000239596 -0.00306122 -0.00322034 0.0018018 0.000363636 0.00146199 -0.0044898 0.000705036 0.00433333 -0.00677419 0.00321429 0.00256281 0.000362205 -0.00207921 -0.0005 0.00082397 0.00054902 0.000909091 0.000392157 0.00240876 0.00415385 -0.00130435 -0.000627306 -0.0016 0.0024 0.00211268 0.00111111 -0.00010101 0.0004 0.00035461 -0.00293333 -0.00375 -0.00117647 0.00506849 0.00162791 -0.00666667 -0.00115789 -0.00257143 -0.0008 -0.00346939 0.0032 0.00272727 -0.00363636 0.00428571 0.00549296 0.00347826 -0.00361702 0.003 -0.004 -0.00047619 -0.00666667
internal_weight=1355 911 793 98 118 444 220 171 98 695 60 62 224 199 635 101 80 534 510 473 408 137 65 46 271 200 50 71 126 99 50 141 150 128 68 73 43 48 95 70 50 49 50 55 44 91 71 46 47 40 40 42 60
internal_count=1355 911 793 98 118 444 220 171 98 695 60 62 224 199 635 101 80 534 510 473 408 137 65 46 271 200 50 71 126 99 50 141 150 128 68 73 43 48 95 70 50 49 50 55 44 91 71 46 47 40 40 42 60
is_linear=0
shrinkage=0.01


Tree=11
num_leaves=52
num_cat=0
split_feature=96 72 100 20 28 77 39 73 73 22 73 61 21 84 8 34 5 21 67 22 100 25 69 98 61 33 30 58 28 25 82 91 67 39 91 57 21 21 67 23 77 61 69 67 30 25 61 66 28 98 5
split_gain=14.6492 17.7402 16.1568 13.2676 14.6669 12.4973 10.4845 9.81055 9.26334 9.61307 8.99395 10.615 8.67984 9.25415 8.35201 8.17392 11.7486 7.87512 7.07202 7.01716 7.35337 8.43257 6.98486 8.60215 13.1641 6.96587 6.75032 6.51249 6.00856 11.2041 5.79425 5.71806 5.52142 7.67741 5.42726 6.39525 5.36678 5.18571 5.37778 5.07559 4.87299 4.43538 4.3312 3.61303 3.11688 2.92332 2.91382 2.58122 2.31587 4.46769 0.473469
threshold=1.0000000180025095e-35 1.1070000000000004 0.010416666666666668 2001.4000000000003 23.925000000000004 3503.490189185381 227.25000000000003 1599.3500000000001 757.62600000000009 84.750000000000014 1207.1640000000002 33536.05000000001 28.925000000000004 1190.070135416667 418.20396870554771 81.750000000000014 5694.8050000000012 19.925000000000004 27099.750000000004 92.250000000000014 0.35069444444444448 215.75000000000003 34297.750000000007 0.093750000000000014 29307.350000000002 153.75000000000003 97.750000000000014 0.93301270189221952 28.075000000000006 133.75000000000003 -5.2989999999999773 28488.380462500005 37241.200000000004 214.75000000000003 31516.061237500002 1.0000000180025095e-35 26.775000000000002 27.225000000000005 33830.30000000001 9.2500000000000018 4193.9090985223456 31873.400000000005 33173.950000000004 32219.600000000002 98.750000000000014 67.250000000000014 31577.650000000005 960.50000000000011 21.975000000000005 0.23958333333333334 4735.2350000000015
decision_type=2 2 2 2 2 2 2 2 2 2 2 2 2 2 2 2 2 2 2 2 2 2 2 2 2 2 2 2 2 2 2 2 2 2 2 2 2 2 2 2 2 2 2 2 2 2 2 2 2 2 2
left_child=2 19 6 4 7 -5 15 39 12 31 11 -11 13 22 18 16 27 30 -3 20 25 32 23 -6 -25 -2 -21 40 29 45 -7 -10 33 37 35 -32 -35 38 -22 -4 -1 -15 48 -17 -26 -12 -29 -20 50 -50 -41
right_child=1 14 3 5 8 17 -8 -9 9 10 28 -13 -14 41 -16 43 -18 -19 47 26 21 -23 -24 24 44 -27 -28 46 -30 -31 34 -33 -34 36 -36 -37 -38 -39 -40 42 -42 -43 -44 -45 -46 -47 -48 -49 49 -51 -52
leaf_value=-0.41236945357649774 0.12129388964977203 -1.6049242225784017 0.095633772186779431 0.073138158708382681 0.11455690627963666 -6.1548462043391625 0.033932784807558444 -0.0013292757678954839 -0.0049647428305203125 -0.71802300624235194 0.0073052364022609126 0.035369308876939877 4.5477215713376857 0.50429995038237496 0.014421862774631191 -3.4832074524284962 0.19971278850702309 0.1516875358318121 -8.2227017090374357 -0.0080569126515183144 0.01060660770764775 0.031822569473095363 -0.044085814574124492 -5.5438611324455609 0.96887484031399373 -0.01910292637673433 0.021816761133479676 -0.0060334985167280631 1.5339817973199956 -0.17105634481238369 0.08203775482998063 -2.9745849216042308 -0.05583262063557385 -0.014684335468636034 -2.6407056681906833 -0.10083961022016656 3.7501829583201056 -0.04484582339663129 -0.02121807725730462 3.3328461935837068 -0.12752107620606007 5.5635787169790589 0.83027951997106753 -0.022265122642903479 0.00440180315960909 0.040988381465000029 0.037986092485863168 -7.3864765920825972 0.75187931542989195 5.49973710772103 3.38458566600751
leaf_weight=37 21 20 21 32 31 20 28 34 25 37 23 22 33 24 20 20 25 32 38 20 24 38 29 20 22 22 29 20 20 23 29 27 22 20 34 33 21 24 36 29 30 26 22 31 20 22 21 26 27 25 20
leaf_count=37 21 20 21 32 31 20 28 34 25 37 23 22 33 24 20 20 25 32 38 20 24 38 29 20 22 22 29 20 20 23 29 27 22 20 34 33 21 24 36 29 30 26 22 31 20 22 21 26 27 25 20
internal_value=0.000376384 -0.00128609 0.00102669 0.00170604 0.00243986 -0.000666667 -0.00141509 0.00483146 0.00138614 -0.000150754 0.00115646 -0.00186441 0.00287805 0.00197674 -0.00480769 -0.00228261 -0.000977444 -0.00189189 -0.00619048 3.61011e-05 -0.000701754 -0.00156757 0.000491803 0.00182796 -0.000322581 0.00302326 0.00346939 -0.00240741 0.00318182 0.00176471 -0.00310345 -0.00384615 -0.00265306 -0.00184 -0.00208333 -0.000322581 0.00170732 -0.00357143 -0.002 0.00597222 -0.00432836 0.0056 0.00674797 -0.00568627 0.00285714 0.00466667 0.000731707 -0.0078125 0.00762376 0.00615385 0.00918367
internal_weight=1355 381 974 762 582 180 212 178 404 199 147 59 205 172 104 184 133 148 84 277 228 185 122 93 62 43 49 108 88 68 116 52 147 125 96 62 41 84 60 144 67 50 123 51 42 45 41 64 101 52 49
internal_count=1355 381 974 762 582 180 212 178 404 199 147 59 205 172 104 184 133 148 84 277 228 185 122 93 62 43 49 108 88 68 116 52 147 125 96 62 41 84 60 144 67 50 123 51 42 45 41 64 101 52 49
is_linear=0
shrinkage=0.01


Tree=12
num_leaves=53
num_cat=0
split_feature=96 45 6 16 71 40 19 11 100 4 100 6 58 67 7 67 81 61 23 71 42 72 100 100 1 16 30 88 23 77 57 41 23 100 100 100 42 91 32 19 10 36 26 17 77 6 64 87 10 30 100 10
split_gain=15.2917 15.1017 13.7192 13.824 11.4985 9.3913 8.74192 8.54203 9.02929 8.30274 11.4975 10.7325 9.5065 7.94824 9.47776 9.62252 9.09091 8.26045 8.99346 10.5121 8.05801 7.6179 8.59516 10.0833 7.59018 10.9038 6.76 6.59361 6.58435 8.12473 7.2156 6.16551 5.9645 5.46238 6.04361 5.36433 5.35863 6.4 5.20965 5.88261 4.9 4.9 4.8 4.59062 4.53404 4.9 4.14434 4.10894 3.44313 2.70935 2.11364 1.86667
threshold=1.0000000180025095e-35 23852.500000000004 3677.7300000000005 6999.7500000000009 1234.7290000000003 67.250000000000014 737.55000000000007 37060.55000000001 0.59375000000000011 2690.4000000000005 1.0000000180025095e-35 5380.005000000001 -0.93301270189221919 28030.750000000004 20.475000000000005 31494.650000000005 4838.8516811828504 28181.150000000005 98.250000000000014 854.15900000000011 238.57499694824222 1199.7385000000002 0.47569444444444448 0.67708333333333348 16306.300000000001 5773.4500000000016 96.250000000000014 4477.5195833333346 97.750000000000014 4313.8251694830678 1.0000000180025095e-35 54.250000000000007 98.750000000000014 0.46875000000000006 0.73263888888888895 0.017361111111111115 118.20000076293947 29601.589843750004 257.25000000000006 1356.8500000000001 32812.650000000009 87.750000000000014 11.750000000000002 11.200000000000001 3919.2358028684534 5262.3900000000012 951.26800000000014 0.51041666666666685 37894.80000000001 92.250000000000014 0.20486111111111113 29963.550000000007
decision_type=2 2 2 2 2 2 2 2 2 2 2 2 2 2 2 2 2 2 2 2 2 2 2 2 2 2 2 2 2 2 2 2 2 2 2 2 2 2 2 2 2 2 2 2 2 2 2 2 2 2 2 2
left_child=2 21 4 9 6 -6 32 8 -3 31 11 -11 46 20 15 -15 17 41 19 43 27 22 26 -24 25 -8 -2 -14 30 33 48 -4 -1 -30 -35 -7 -17 -38 39 50 -27 -16 -5 -19 -21 -46 -12 -32 -9 -45 -20 -29
right_child=1 7 3 42 5 35 24 28 -10 10 12 -13 13 14 16 36 -18 18 38 44 -22 -23 23 -25 -26 40 -28 51 29 -31 47 -33 -34 34 -36 -37 37 -39 -40 -41 -42 -43 -44 49 45 -47 -48 -49 -50 -51 -52 -53
leaf_value=-3.7775675194625671 -0.017377931892678281 0.068890469474032059 0.37095745074079617 3.4717877418983161 -0.016672944204640716 0.0092177637120055694 -3.4396984969796502 -0.020916344238816147 -0.0067250665502789977 -0.44143789910327363 -2.0529260320299061 0.01528857275652701 0.019812888929075522 -0.58556504238558049 0.13799721037539164 1.1315275872388788 -1.2514367136810218 3.5298808725654816 2.3763635728324117 -0.071879175779585094 -0.022852193202680882 -10.632663677212895 -0.043136814709240669 -0.0057490318890680353 -1.7526733918001249 -0.69971207965012472 0.074143663450689457 1.9719835063135542 2.0891091369801802 -0.81960513783988109 -0.013536771087521436 0.96260401089596292 1.1217262064588145 -0.004824885571362408 0.0071847866030093346 0.14337026596635533 0.12817485724656075 -1.733350271284128 0.016069466186404403 0.063871471373080996 0.40846473732760824 -0.085779972177154037 2.8374482574301498 0.91989820384240317 -0.54862210320029248 0.048855561732172072 4.8343016121069224 0.032820956547872079 -0.080498966444298187 -0.0030096760021507815 0.99903020738363812 2.5529451666770617
leaf_weight=20 25 24 28 24 27 32 35 22 23 38 31 31 25 38 20 21 27 29 31 21 20 37 24 24 20 20 20 20 20 31 20 23 22 38 29 37 20 20 22 38 20 20 30 22 20 20 20 21 23 21 33 28
leaf_count=20 25 24 28 24 27 32 35 22 23 38 31 31 25 38 20 21 27 29 31 21 20 37 24 24 20 20 20 20 20 31 20 23 22 38 29 37 20 20 22 38 20 20 30 22 20 20 20 21 23 21 33 28
internal_value=0.000464945 -0.0012336 0.00112936 0.00179487 -0.000987124 0.00166667 -0.00284672 0.000199203 0.00404255 0.00141194 0.00110063 -0.00275362 0.00156966 0.00197674 0.0013948 -0.00131313 0.00222222 0.00272727 0.00338521 0.00157895 0.00462366 -0.004 -0.00247312 -0.00541667 -0.00452632 -0.00306667 0.000666667 0.00616438 -0.000686275 0.000847458 -0.0027907 0.00529412 0.000952381 0.00241379 0.00104478 0.00362319 0.00114754 -0.001 0.00532258 0.00627451 0.0005 -0.0015 0.00666667 0.00416667 -0.00147541 0.0005 -0.00254902 0.000243902 -0.00555556 0.00209302 0.008125 0.00833333
internal_weight=1355 381 974 741 233 96 137 251 47 687 636 69 567 516 423 99 324 297 257 133 93 130 93 48 95 75 45 73 204 118 86 51 42 87 67 69 61 40 124 102 40 40 54 72 61 40 51 41 45 43 64 48
internal_count=1355 381 974 741 233 96 137 251 47 687 636 69 567 516 423 99 324 297 257 133 93 130 93 48 95 75 45 73 204 118 86 51 42 87 67 69 61 40 124 102 40 40 54 72 61 40 51 41 45 43 64 48
is_linear=0
shrinkage=0.01


Tree=13
num_leaves=51
num_cat=0
split_feature=16 69 7 69 8 89 59 73 21 3 89 26 16 88 36 3 26 11 5 91 3 5 89 64 44 36 17 61 21 27 35 25 23 38 77 77 16 33 44 81 71 25 88 88 69 19 17 33 17 21
split_gain=14.1231 11.0147 9.92807 10.4487 9.73522 9.84885 14.7536 12.1203 12.3205 8.74285 8.38914 7.95871 7.15736 7.1506 7.21298 6.98215 8.80047 6.9888 6.81502 6.73255 8.25173 8.23923 7.06117 6.63438 6.59217 6.34604 7.30561 7.62203 9.4697 6.26735 10.4293 6.06061 5.96632 5.59746 8.7243 7.27239 5.18652 5.15504 7.01944 5.74899 6.7052 4.95245 4.94548 4.6552 4.48828 5.11537 4.37576 4.31842 3.41759 3.23719
threshold=6632.3500000000013 32196.450000000004 5468.0700000000006 34536.250000000007 392.9500000000001 1612.0896187500002 -0.24999999999999994 1346.5740000000003 13.025000000000002 15256.812000000002 1132.4885812500002 2.2500000000000004 5890.7000000000007 11475.334166666669 83.750000000000014 14449.750000000002 106.25000000000001 35410.700000000004 13003.070000000002 21614.774725000007 10153.800000000001 2921.0350000000003 1030.96719375 894.1880000000001 3.8724999427795415 89.250000000000014 103.75000000000001 32733.050000000007 20.325000000000006 78.250000000000014 27.625000000000004 126.75000000000001 98.750000000000014 7.1750000000000016 3586.1657957182765 3691.3847679172591 5995.2000000000007 61.750000000000007 2.6085000038146977 3945.3395052481742 994.50000000000011 205.75000000000003 8581.6470833333351 6035.8839583333338 28219.950000000001 1014.7500000000001 20.250000000000004 58.750000000000007 194.25000000000003 19.475000000000005
decision_type=2 2 2 2 2 2 2 2 2 2 2 2 2 2 2 2 2 2 2 2 2 2 2 2 2 2 2 2 2 2 2 2 2 2 2 2 2 2 2 2 2 2 2 2 2 2 2 2 2 2
left_child=2 43 3 4 -1 6 11 9 -9 19 32 -6 24 14 -12 16 44 -18 -15 23 -21 -22 37 -8 -10 26 -3 -28 -29 -7 -31 -30 -5 34 -24 -35 -16 38 -23 -40 -41 48 46 49 -13 -46 -36 -26 -17 -2
right_child=1 25 -4 10 5 29 7 8 12 -11 13 15 -14 18 36 41 17 -19 -20 20 21 22 33 -25 47 -27 27 28 31 30 -32 -33 -34 35 42 -37 -38 -39 39 40 -42 -43 -44 -45 45 -47 -48 -49 -50 -51
leaf_value=-3.2063572408762719 0.1476994684940369 2.2415624661361502 0.10817732901405354 -4.8551922176926237 -2.0952303669070864 7.805765104265884 0.015710921309128566 -3.0099075463208851 0.040675347822163713 0.85570204237277525 0.0039152770115248731 -0.037629990500602215 -0.031631623377428503 1.152532713030054 -3.2120657515819619 -0.00087131105241644807 1.5868178529934613 -0.017083064162859977 -0.0075921590876513092 -0.030754002503532787 -2.253871235847253 -0.014747244720662786 0.6082901359787326 3.0804608634194928 0.015444752866347573 -0.16209712921896327 -0.017226244739553087 -2.3261639811507426 0.48847786603864657 -0.92020825733104372 0.18357437733768803 0.012680966679528654 -6.6064108057492321 -0.65264401570124475 0.0050701225438526034 0.018269701975863226 -0.053488616847831863 1.2884023823614734 -0.0018124796784212244 0.080578662567950002 5.4607001766052194 -0.0089787557552427049 0.04567507279936088 0.11138017387210129 -0.017204152573751498 -0.099676993623919907 -1.7744172074724835 -0.022425403577075891 1.1289689148400046 4.6583275817840617
leaf_weight=36 25 30 25 37 25 26 20 24 23 24 27 21 27 24 21 20 24 22 28 21 20 30 27 21 33 21 34 22 33 20 33 33 34 21 33 26 23 31 27 35 34 20 29 37 31 22 22 21 23 29
leaf_count=36 25 30 25 37 25 26 20 24 23 24 27 21 27 24 21 20 24 22 28 21 20 30 27 21 33 21 34 22 33 20 33 33 34 21 33 26 23 31 27 35 34 20 29 37 31 22 22 21 23 29
internal_value=0.000273063 0.00234848 -0.000229148 -0.000375235 9.17431e-05 0.000311005 -3.96301e-05 0.000819672 -0.001875 0.00163895 -0.00247423 -0.00230769 -0.000384615 -0.000894309 -0.00295775 -0.0015847 -0.003 0.000434783 0.00192308 0.00128463 0.000842697 0.00122388 0.00161905 0.00512195 0.00116883 0.000867052 0.00157895 0.000491803 0.00204545 0.00367089 0.00169811 0.00393939 -0.00521127 0.000126582 0.00135135 -0.00276596 -0.00545455 0.00312102 0.00222222 0.00354167 0.00507246 0.00111111 -0.000238095 0.00516484 -0.00513514 -0.00358491 -0.002 -0.000740741 0.00302326 0.00703704
internal_weight=1355 264 1091 1066 872 836 757 549 128 421 194 208 104 123 71 183 120 46 52 397 356 335 315 41 77 173 152 122 88 79 53 66 71 158 111 47 44 157 126 96 69 63 84 91 74 53 55 54 43 54
internal_count=1355 264 1091 1066 872 836 757 549 128 421 194 208 104 123 71 183 120 46 52 397 356 335 315 41 77 173 152 122 88 79 53 66 71 158 111 47 44 157 126 96 69 63 84 91 74 53 55 54 43 54
is_linear=0
shrinkage=0.01


Tree=14
num_leaves=50
num_cat=0
split_feature=28 19 90 62 28 75 98 29 68 16 43 5 63 65 5 77 2 14 35 79 3 68 16 27 8 29 79 35 61 43 74 16 81 3 61 37 11 37 14 3 98 98 29 37 61 74 35 11 79
split_gain=12.0174 25.5021 10.7395 10.6565 12.3564 12.4609 11.2696 10.746 10.071 12.9622 10.0553 14.7267 8.86154 8.79712 8.7675 8.4129 8.01043 7.42037 7.0266 8.8636 6.81127 10.3369 7.19765 11.8747 7.48663 6.79233 6.62582 6.75828 7.7561 9.58783 6.52784 6.9425 6.46596 6.42809 5.99597 5.56522 4.86282 8.29045 5.63414 5.12 4.81667 5.89984 4.3645 4.31142 3.24 2.71033 2.65662 2.32668 0.997849
threshold=25.075000000000006 1326.5500000000002 2303.4091500000009 1447.5500000000002 30.325000000000006 296.18613527729769 0.51041666666666674 84.250000000000014 1458.4250000000002 5714.5000000000009 69.290000915527358 4446.6500000000005 30663.750000000004 30886.300000000007 13354.695000000002 3528.830767845297 2640.7000000000003 10478.050000000001 27.375000000000004 540.22996566519646 12088.286000000002 944.05600000000015 6545.3000000000011 26.250000000000004 418.60895803698446 88.250000000000014 645.57892213723858 27.025000000000002 37494.05000000001 69.409999847412124 300.75969791666671 5420.1500000000005 4027.9048821484198 13910.200000000003 28490.850000000002 98.750000000000014 35540.500000000007 96.750000000000014 18224.450000000004 14392.000000000002 0.093750000000000014 0.84375000000000011 92.250000000000014 84.250000000000014 37137.350000000006 990.14460416666668 26.825000000000006 41004.700000000004 474.14383990420146
decision_type=2 2 2 2 2 2 2 2 2 2 2 2 2 2 2 2 2 2 2 2 2 2 2 2 2 2 2 2 2 2 2 2 2 2 2 2 2 2 2 2 2 2 2 2 2 2 2 2 2
left_child=1 8 3 4 5 7 -5 46 10 16 11 -1 -6 32 17 25 -10 -4 26 -20 -17 -22 23 47 -25 -3 27 28 29 -7 -19 -32 -8 -28 -33 -35 37 -31 -38 -40 -36 -42 -11 48 -14 -45 -2 -23 -12
right_child=2 15 14 6 12 18 13 -9 9 42 43 -13 44 -15 -16 20 -18 30 19 -21 21 22 -24 24 -26 -27 33 -29 -30 36 31 34 -34 35 40 -37 38 -39 39 -41 41 -43 -44 45 -46 -47 -48 -49 -50
leaf_value=-0.77320141115244123 -2.5484884775371421 -0.18768825467442715 0.012378728163375033 9.4971142158277928 -0.04830055607275556 1.5091241878162975 0.020790227796503715 0.002330030797536793 -1.1189932046206597 0.041543832913116641 5.6127825827245399 0.77486553221008569 1.7454760136606013 0.030679019807377902 0.016102522156359374 -0.12437522604896187 0.23587857697460643 -4.0993879807156377 0.84467155402404459 0.009881081524392191 5.0759976941218117 -1.6523397062587009 0.016329225242418061 -3.2645485318823071 0.052080462844407309 1.0449739958713289 -0.0055129288578974634 -0.3553343313630199 -0.54613258592651637 -0.038819583044945621 -5.9849111946116134 0.018633110467896025 -0.012352553404275053 0.0068277665282022509 -0.032230414395392079 0.18872676725533569 -0.12985528463014784 2.2664348626180586 0.029209296981010945 -1.3973991701024309 0.011382786780101321 -0.010767369642807046 2.80531202634051 5.6083045438357102 0.86542456344879615 0.46783551269904211 -0.75385426769415431 -5.3893560103396911 1.5507408514180434
leaf_weight=24 27 20 25 23 20 23 37 31 33 28 29 25 25 29 28 37 34 39 21 38 22 31 39 22 34 21 26 28 23 31 39 23 26 23 20 23 22 20 25 25 38 22 27 21 20 23 32 22 31
leaf_count=24 27 20 25 23 20 23 37 31 33 28 29 25 25 29 28 37 34 39 21 38 22 31 39 22 34 21 26 28 23 31 39 23 26 23 20 23 22 20 25 25 38 22 27 21 20 23 32 22 31
internal_value=0.000169742 0.00135755 -0.000576923 0.000133779 -0.000517598 -0.00114833 0.00286957 -0.00444444 0.00345455 0.00131148 0.0051634 0.00142857 0.00353846 0.00130435 -0.00239316 -0.000967742 -0.00164179 -0.0031068 -0.000243902 0.00288136 -0.00178744 -0.000941176 -0.00189189 -0.00321101 0 0.00317073 -0.000929368 -0.00187817 -0.00112426 -0.000273973 -0.00381215 -0.0028169 -0.000793651 0.00166667 -0.00145631 0.00391304 -0.00138211 0.000980392 -0.00305556 -0.0012 -0.00275 -0.00133333 0.00490909 0.00692308 0.006 0.00454545 -0.00694915 -0.00660377 0.00866667
internal_weight=1355 523 832 598 483 418 115 90 275 122 153 49 65 92 234 248 67 206 328 59 207 170 148 109 56 41 269 197 169 146 181 142 63 72 103 46 123 51 72 50 80 60 55 104 45 44 59 53 60
internal_count=1355 523 832 598 483 418 115 90 275 122 153 49 65 92 234 248 67 206 328 59 207 170 148 109 56 41 269 197 169 146 181 142 63 72 103 46 123 51 72 50 80 60 55 104 45 44 59 53 60
is_linear=0
shrinkage=0.01


Tree=15
num_leaves=51
num_cat=0
split_feature=95 34 20 1 10 23 33 65 68 14 39 76 37 60 37 87 14 2 2 60 34 33 93 1 82 34 23 24 63 91 20 17 60 23 2 21 1 44 36 44 45 37 61 68 28 28 36 77 68 17
split_gain=12.6474 12.0675 12.1836 13.427 12.3456 12.1374 10.1418 10.9714 9.43798 8.52072 8.165 9.76949 9.02208 8.01233 9.98779 13.9445 12.0914 7.6455 7.11542 6.30561 6.23636 6.11657 7.31461 10.0109 8.96702 9.02732 7.51513 7.66297 8.40592 8.1958 7.77912 6.47421 5.87755 9.67378 8.20586 8.37945 5.50476 5.4697 6.04614 5.40395 5.34964 5.34852 5.14995 5.10541 4.88998 3.57257 2.75981 2.66189 2.34848 1.92358
threshold=1.0000000180025095e-35 96.250000000000014 2799.2500000000005 13797.950000000003 30858.750000000004 99.250000000000014 9.7500000000000018 29139.450000000004 1778.5500000000002 14486.550000000001 135.75000000000003 29764.226041666672 65.750000000000014 1182.2335000000003 44.250000000000007 0.052083333333333336 15883.800000000001 2624.0000000000005 3738.6500000000001 1097.1170000000004 78.250000000000014 218.75000000000003 397.38930555555561 14069.35 69.694000000000031 89.750000000000014 15.750000000000002 6.1750000000000016 34780.850000000006 31646.705356250004 936.30000000000007 92.250000000000014 1.0000000180025095e-35 99.250000000000014 3145.0000000000005 26.675000000000004 16574.421500000004 7.0199999809265146 86.250000000000014 2.2599999904632573 23572.500000000004 99.750000000000014 31359.100000000002 1196.7500000000002 27.775000000000002 24.775000000000002 87.750000000000014 3942.4652196661596 1503.4000000000003 14.800000000000002
decision_type=2 2 2 2 2 2 2 2 2 2 2 2 2 2 2 2 2 2 2 2 2 2 2 2 2 2 2 2 2 2 2 2 2 2 2 2 2 2 2 2 2 2 2 2 2 2 2 2 2 2
left_child=6 2 3 4 5 -2 7 17 13 -4 41 40 20 18 -15 16 42 43 19 21 -13 22 23 -8 25 26 -24 30 29 31 -28 49 33 -27 35 -34 -9 38 -17 -14 -12 47 -16 -1 -33 -41 -3 -5 -47 -29
right_child=1 46 9 10 -6 -7 8 36 -10 -11 11 12 39 14 15 37 -18 -19 -20 -21 -22 -23 24 -25 -26 32 27 28 -30 -31 -32 44 34 -35 -36 -37 -38 -39 -40 45 -42 -43 -44 -45 -46 48 -48 -49 -50 -51
leaf_value=0.00076444512771387755 -0.26752156665394994 -0.0094730063048687804 -6.6174288632481328 2.1573396789484436 -0.097388516086275828 2.2238201523149863 -4.3461755947017897 -6.8644701567466955 -4.7865804061167374 0.048603860110628692 0.043765616659314777 -0.0069294521724011125 0.0061443899452850335 1.6554346769993202 -0.27402016412250879 0.026857269467541266 1.7702309921916533 0.07468320992605923 0.13529982236085369 -0.076800463323061743 0.031598735843645705 0.79158427898707628 0.091334687311173307 -0.01106945538738721 1.1284529584489127 -0.012518486378874424 -1.4310925740897908 -0.013997440810782788 -2.3761278735746232 0.05014328956761107 -0.040583178044643786 -1.513065433602508 -1.2667484489813481 0.02375306775510265 0.14082507490401802 0.08177822081385433 -1.3491215095227689 -0.02493427335748935 2.4132414731891307 1.5133804189127766 -0.053935669714042851 0.057761798598424841 -1.1542249062918832 -6.3311560975839063 -0.0053274213066071829 7.4502196649926491 -0.9350584320217844 4.0408220538236943 0.043318269379691937 0.16570586793088496
leaf_weight=28 24 20 22 20 22 39 23 35 31 27 22 35 20 39 21 35 20 30 21 32 20 25 20 34 34 38 23 20 27 36 38 27 29 37 23 20 21 22 31 21 21 27 29 26 24 24 21 39 31 21
leaf_count=28 24 20 22 20 22 39 23 35 31 27 22 35 20 39 21 35 20 30 21 32 20 25 20 34 34 38 23 20 27 36 38 27 29 37 23 20 21 22 31 21 21 27 29 26 24 24 21 39 31 21
internal_value=0.000152727 0.00151648 0.00202899 0.00265753 -0.000823529 0.00142857 -0.000521739 -0.003 -7.69231e-05 -0.00265306 0.00371429 0.00257732 0.00377483 0.000146862 0.00187817 0.000759494 -0.00257143 -0.000714286 -0.000471014 -0.000696798 0.000545455 -0.000420842 -0.000675105 -0.00403509 -0.000215827 -0.000652742 -0.00186441 -0.00240741 -0.00122581 -0.00015625 -0.00540984 -0.00173913 0.00129252 -0.000666667 0.00333333 0.00102041 -0.00642857 0.00340909 0.00484848 0.005625 -0.00162791 0.00627907 -0.0052 -0.00296296 -0.00411765 0.00684211 -0.00365854 0.0079661 0.00818182 0.00121951
internal_weight=1375 455 414 365 85 63 920 140 780 49 280 194 151 749 197 158 70 84 552 531 55 499 474 57 417 383 236 216 155 128 61 92 147 75 72 49 56 88 66 96 43 86 50 54 51 76 41 59 55 41
internal_count=1375 455 414 365 85 63 920 140 780 49 280 194 151 749 197 158 70 84 552 531 55 499 474 57 417 383 236 216 155 128 61 92 147 75 72 49 56 88 66 96 43 86 50 54 51 76 41 59 55 41
is_linear=0
shrinkage=0.01


Tree=16
num_leaves=52
num_cat=0
split_feature=80 1 80 90 98 41 23 98 91 79 29 19 26 29 25 39 72 63 77 11 11 8 39 83 83 46 90 39 66 75 75 90 75 73 40 79 19 19 11 60 25 57 25 84 70 11 23 75 84 26 42
split_gain=10.744 13.3686 11.1598 10.199 9.08532 10.2073 8.83915 13.0952 8.75904 8.11037 9.96679 8.29875 10.4616 9.49552 8.32156 8.27247 8.05123 8.08702 8.03783 7.68273 7.51737 7.28498 9.26698 8.52393 8.51282 7.17037 7.13544 7.00553 6.70189 6.94377 6.931 7.35981 6.48 6.45167 6.18804 7.38358 10.6061 7.71429 6.61282 5.39256 4.93499 4.71584 4.64015 4.4924 4.39705 4.32586 4.73387 4.21653 3.85333 2.0751 1.63902
threshold=24176.665277777782 13949.550000000001 34338.759027777785 1036.8445500000003 0.010416666666666668 77.250000000000014 98.250000000000014 0.072916666666666685 31885.172643750007 616.70506679246262 71.750000000000014 1370.2500000000002 40.250000000000007 89.250000000000014 23.750000000000004 117.75000000000001 1758.1000000000001 32439.300000000003 4001.6695332754302 33238.450000000004 36893.100000000013 397.38930555555561 221.75000000000003 735.59999999999866 1185.5499999999995 104.11500167846681 788.49855000000025 134.25000000000003 1587.9500000000003 549.82919163083227 112.01315862931951 1992.9766500000003 617.0399902319665 1039.8875000000003 119.25000000000001 333.5328778641753 737.55000000000007 245.25000000000003 33005.05000000001 1447.9335000000003 179.75000000000003 1.0000000180025095e-35 204.75000000000003 1288.9465312500004 963.10000000000014 38294.400000000001 91.750000000000014 296.18613527729769 1329.5425000000002 133.75000000000003 115.29999923706056
decision_type=2 2 2 2 2 2 2 2 2 2 2 2 2 2 2 2 2 2 2 2 2 2 2 2 2 2 2 2 2 2 2 2 2 2 2 2 2 2 2 2 2 2 2 2 2 2 2 2 2 2 2
left_child=-1 2 21 6 5 -5 8 -8 41 10 40 14 13 33 -12 -16 17 20 -14 -17 32 -2 23 -23 -25 -19 39 -15 29 43 31 -30 -11 -13 35 36 37 -26 -37 -9 -6 -3 -7 47 -40 -22 -47 -21 -46 -42 -28
right_child=1 3 -4 4 9 42 7 26 -10 16 11 12 18 27 15 19 -18 25 -20 28 45 22 -24 24 34 -27 50 -29 30 -31 -32 -33 -34 -35 -36 38 -38 -39 44 -41 49 -43 -44 -45 48 46 -48 -49 -50 -51 -52
leaf_value=1.2137305826756459 -4.1537670948777761 6.5294184449011121 -0.057996974422827689 0.026742948472042134 1.2002973743621035 -5.6189253295414598 0.080529052052339747 -0.18555966569853952 -0.059830291988645729 -0.076376891576684522 1.9435880696934089 1.0398459260362896 -0.014750085651338583 0.05991610897291702 -0.025705159126894889 -0.033896289483654994 -9.8628153901975164 -0.61242733160789542 -3.2925734551997867 0.0028313783630354505 0.19510119137540172 0.25409951273735021 0.29935292116033141 -3.9685961271505446 -1.4167816483488931 0.0011228430206700029 -4.3173706027226171 -0.064221171721848727 0.050215131352615357 0.0080971531041526563 -0.037788162665525434 -0.00027089383944101396 0.014386463827577909 0.0015845826936139353 -0.085832712612208775 -0.1573290877503252 -2.3916489797228508 0.67438742718850053 -0.016937255572006947 0.0095012566472304511 3.6929374407869591 0.00036721315401907985 -0.059340423058861599 2.2475068703148775 2.7671749227087963 -0.023909483963964116 3.3838753670726578 0.83572340558812819 0.0087545427317166323 7.8517753296121997 -0.67020733320131443
leaf_weight=39 32 30 27 22 29 32 24 26 28 25 24 37 29 21 20 30 26 24 23 23 21 36 30 31 21 30 21 26 20 33 30 21 25 32 30 22 24 21 33 21 21 29 22 31 30 20 23 37 20 23 20
leaf_count=39 32 30 27 22 29 32 24 26 28 25 24 37 29 21 20 30 26 24 23 23 21 36 30 31 21 30 21 26 20 33 30 21 25 32 30 22 24 21 33 21 21 29 22 31 30 20 23 37 20 23 20
internal_value=0.000210909 5.98802e-05 -0.00159664 0.000663943 0.00117949 -0.00210526 -0.00135678 -0.00321429 0.00103448 0.00153409 0.00219608 0.00162471 -0.000119048 0.00155172 0.00271375 0.00216327 -0.000206186 0.000595238 -0.00384615 0.00271111 0.00210526 -0.00109091 -0.000604027 -0.00119403 -0.00189655 -0.00259259 -0.005 -0.00191489 0.0034359 0.00483871 0.000985915 0.00365854 -0.0008 0.00391304 -0.00114428 -0.000409357 -0.0030303 0 0.0012381 -0.00234043 0.00561644 0.00322034 -0.00444444 0.00626374 0.00253012 0.004375 0.00255814 0.00466667 0.0044 0.00772727 -0.00804878
internal_weight=1375 1336 357 979 780 76 199 112 87 704 510 437 168 116 269 245 194 168 52 225 114 330 298 268 232 54 88 47 195 124 71 41 50 69 201 171 66 42 105 47 73 59 54 91 83 64 43 60 50 44 41
internal_count=1375 1336 357 979 780 76 199 112 87 704 510 437 168 116 269 245 194 168 52 225 114 330 298 268 232 54 88 47 195 124 71 41 50 69 201 171 66 42 105 47 73 59 54 91 83 64 43 60 50 44 41
is_linear=0
shrinkage=0.01


Tree=17
num_leaves=52
num_cat=0
split_feature=37 72 35 69 6 4 24 78 74 13 28 19 30 2 61 2 27 33 14 14 40 68 43 38 38 78 98 34 40 20 35 68 13 24 61 34 83 61 38 61 34 66 24 62 35 66 78 19 28 13 2
split_gain=8.99706 13.0667 9.71579 10.872 10.4595 12.4715 12.4042 9.54529 11.8902 8.5097 8.60116 8.04007 7.65236 9.90028 11.04 7.55246 7.36383 7.00874 20.8896 12.2869 11.695 7.14728 10.4772 6.75584 6.47976 8.01497 11.466 8.98537 10.4113 6.2918 5.82063 5.76156 5.74957 5.58502 5.57397 5.45838 4.96573 4.89638 4.8722 4.74769 4.18984 5.59527 5.92969 5.9244 3.79867 4.74638 4.8 3.27759 3.15686 1.6 0.981417
threshold=24.250000000000004 1589.5590000000002 28.875000000000004 21357.000000000004 3698.5950000000007 2753.3450000000007 15.325000000000001 414.3238784722223 313.39512500000006 10159.500000000002 27.625000000000004 233.15000000000001 85.750000000000014 3332.8735000000001 32591.800000000003 3409.1000000000004 22.750000000000004 195.25000000000003 15376.750000000002 15771.950000000003 54.750000000000007 997.60000000000014 85.130001068115249 8.4750000000000032 2.7250000000000005 775.24890277777786 0.26736111111111116 84.750000000000014 134.75000000000003 986.00000000000011 26.675000000000004 1469.1795000000002 1897.0500000000002 8.6750000000000025 31059.000000000004 78.250000000000014 2278.7000000000012 29102.100000000002 6.8250000000000011 32891.600000000013 99.250000000000014 1293.8450000000003 7.375 1431.1000000000001 25.525000000000002 1682.5500000000002 806.66815277777789 823.70000000000016 24.725000000000005 2864.2000000000003 2941.8500000000004
decision_type=2 2 2 2 2 2 2 2 2 2 2 2 2 2 2 2 2 2 2 2 2 2 2 2 2 2 2 2 2 2 2 2 2 2 2 2 2 2 2 2 2 2 2 2 2 2 2 2 2 2 2
left_child=1 15 3 -2 11 16 7 9 -9 23 -11 -5 13 14 32 37 -6 19 -19 20 31 33 35 -7 -21 27 48 28 38 -12 -29 -10 -13 -22 -8 -23 -4 -1 -26 -39 41 -28 -43 -44 -14 46 -46 -20 -27 -48 -36
right_child=2 -3 36 4 5 6 34 8 17 10 29 12 44 -15 -16 -17 -18 18 47 24 21 22 -24 -25 25 26 40 30 -30 -31 -32 -33 -34 -35 50 -37 -38 39 -40 -41 -42 42 43 -45 45 -47 49 -49 -50 -51 -52
leaf_value=0.15676134853922466 1.2015932768488895 -0.011014737568284572 0.044027898023626763 -2.2872118179502885 -0.025421575396698218 0.099656247365640049 -0.0074811587202843755 -3.1096736071317173 -0.089690153426135663 -6.1806679326962186 -0.0032092213610226011 -0.96794519361755604 -0.013323671540024656 0.041580808148553618 -0.41395947853855125 -0.0019760172621438982 2.0547390117178659 3.0600050429086298 -2.8702945556363693 -0.10364407650795633 0.074029138511934947 -0.02952361142942337 0.041326474223994492 0.017043945425419732 -0.041674149338629105 4.4308287038951235 -0.019261455774526759 0.38803387766847208 0.046600494689535775 0.055303766977443179 -0.0074287743813631173 -2.3692406861046891 0.040446862173069968 0.99276949509218071 -0.69459025206319303 -0.49362146303445209 0.0015746261156525593 2.1367188150510605 -7.2309972042230903 0.038569150581084587 -0.030219661914809213 5.1144351900814193 0.1643418134825953 -0.002920510359492538 -0.00554022375232261 -0.015347541353883254 -3.2288190082175219 -3.3646786616885063 0.96484249244423559 -3.9161098608930991 -2.7066671882582209
leaf_weight=22 29 35 31 21 20 35 23 32 33 27 23 20 39 32 23 20 34 25 20 33 33 37 29 20 22 28 30 27 25 35 25 24 27 20 21 22 21 38 24 22 21 37 23 37 20 21 20 26 23 20 20
leaf_count=22 29 35 31 21 20 35 23 32 33 27 23 20 39 32 23 20 34 25 20 33 33 37 29 20 22 28 30 27 25 35 25 24 27 20 21 22 21 38 24 22 21 37 23 37 20 21 20 26 23 20 20
internal_value=0.000269091 0.00270073 0 -0.000185497 -0.000337079 0.000153173 -0.000139535 0.000201005 -0.000304878 0.00257143 0.000588235 -0.00218107 -0.00162162 0.000392157 -0.00171429 0.0045098 0.00481481 0 -0.00295775 0.000379747 -0.00161616 -7.0922e-05 -0.00181818 0.00563636 0.00149296 0.00192547 0.00316583 -8.13008e-05 -0.00239437 0.00275862 0.00307692 -0.0054386 0.00106383 0.00283019 -0.004375 -0.00423729 0.00423077 0.00585366 -0.00521739 0.00733333 0.00175676 0.00244094 0.00360825 0.00166667 -0.00333333 -0.0045679 -0.006 -0.00695652 0.0072549 -0.008 -0.00658537
internal_weight=1375 137 1238 1186 1157 914 860 796 656 140 85 243 222 102 70 102 54 624 71 553 198 141 88 55 355 322 199 123 71 58 52 57 47 53 64 59 52 82 46 60 148 127 97 60 120 81 60 46 51 40 41
internal_count=1375 137 1238 1186 1157 914 860 796 656 140 85 243 222 102 70 102 54 624 71 553 198 141 88 55 355 322 199 123 71 58 52 57 47 53 64 59 52 82 46 60 148 127 97 60 120 81 60 46 51 40 41
is_linear=0
shrinkage=0.01


Tree=18
num_leaves=53
num_cat=0
split_feature=73 33 29 70 79 16 72 70 38 83 26 27 91 38 29 8 85 23 26 98 33 33 24 26 8 70 27 83 41 81 38 38 33 27 40 35 80 64 33 2 81 29 2 10 77 23 8 23 64 40 58 27
split_gain=17.0642 13.7043 11.2482 9.84198 9.54782 13.1805 8.36758 10.94 10.4537 10.4391 8.49235 11.2602 7.4097 7.14056 9.48225 10.944 8.99499 8.47657 9.32424 7.77791 7.73028 9.41952 7.09419 6.80049 6.76 6.68518 6.67813 6.3451 6.20837 6.19286 5.77153 15.023 6.39061 7.11776 6.35992 5.09394 4.91048 5.3688 5.86318 4.82143 4.80769 4.61731 4.4019 4.37576 3.95727 3.65604 4.0347 3.41759 3.26337 2.78786 2.57501 2.5
threshold=1346.5740000000003 24.250000000000004 94.250000000000014 1014.2475000000001 280.3864438660346 6405.7000000000016 1674.7500000000002 1304.0115000000003 4.1250000000000009 1366.7500000000002 86.750000000000014 55.750000000000007 28918.342793750006 7.8250000000000011 90.250000000000014 397.38930555555561 1383.5500000000004 76.250000000000014 78.750000000000014 0.21875000000000003 24.250000000000004 103.75000000000001 7.5750000000000011 6.2500000000000009 418.85580369843535 0.77400000000000013 18.250000000000004 2161.3999999999983 99.750000000000014 4051.3922906507528 4.1250000000000009 5.1250000000000009 151.25000000000003 34.750000000000007 87.750000000000014 25.825000000000006 29638.106944444447 1438.6785000000002 192.25000000000003 3009.4540000000002 4384.7463811745592 72.750000000000014 2802.7500000000005 34194.900000000001 4222.9913402085122 38.750000000000007 417.59250000000009 34.750000000000007 789.33750000000009 135.75000000000003 1.0000000180025095e-35 73.750000000000014
decision_type=2 2 2 2 2 2 2 2 2 2 2 2 2 2 2 2 2 2 2 2 2 2 2 2 2 2 2 2 2 2 2 2 2 2 2 2 2 2 2 2 2 2 2 2 2 2 2 2 2 2 2 2
left_child=2 12 4 43 5 36 7 8 23 -8 11 26 22 16 15 -15 50 42 19 27 -17 29 -2 -6 -11 40 -9 35 48 -22 -5 -32 33 -33 -35 -19 -1 38 -38 -13 41 -23 -18 -3 -4 -28 -47 -44 49 -25 -10 -7
right_child=1 3 44 30 6 51 9 10 13 24 -12 39 -14 14 -16 20 17 18 -20 -21 21 25 -24 28 -26 -27 45 -29 -30 -31 31 32 -34 34 -36 -37 37 -39 -40 -41 -42 -43 47 -45 -46 46 -48 -49 -50 -51 -52 -53
leaf_value=0.043895740538124318 0.034220564330879423 -0.040508044592990844 1.1895773440804005 -0.11907809251592465 0.075701199356797491 0.028296849224418202 -7.4175794010210687 -0.10381859689198333 0.46272707538165447 -3.954509483006154 13.406983850121092 0.091333331080852176 -4.2864356247686439 -3.741765184719771 -0.064868002878225278 -4.8189804498479649 0.0491023300083663 -0.01167181789577763 1.1998534163064707 0.97052710747747206 0.016507182576696314 -0.041956951374736137 -2.5412701975387573 -3.3811759848365286 0.16160409654164845 0.091224797475849898 5.1081349604048265 -0.016021712879231764 0.045345084539106607 0.12128153524597807 0.067386238647464458 0.004668029729297917 0.035910404796551144 -0.87665810149505219 -0.0012540191119923502 0.15833598100030122 -2.3357984409100903 -0.02479444601092895 -0.43910791544764066 -0.10105525530510528 -0.18602627201352673 0.011910311984169737 0.0023661452930709348 -5.4865385465176955 4.9140776867338962 1.9298548334325443 5.3700924886388206 -0.10823863346679331 -0.097550077823751774 -0.033908099678662144 0.11434123044440091 2.8090835553351541
leaf_weight=31 22 24 23 23 35 20 24 21 22 25 24 28 37 23 21 31 32 20 27 28 20 20 35 20 20 36 24 32 23 28 29 37 32 21 31 24 34 37 20 20 20 32 20 20 21 28 34 23 21 27 25 20
leaf_count=31 22 24 23 23 35 20 24 21 22 25 24 28 37 23 21 31 32 20 27 28 20 20 35 20 20 36 24 32 23 28 29 37 32 21 31 24 34 37 20 20 20 32 20 20 21 28 34 23 21 27 25 20
internal_value=0.000356364 -0.00170418 0.000958647 -0.000322581 0.000745098 -0.00148148 0.0011655 0.00145754 0.000819672 -0.00217391 0.00363128 0.00277419 -0.00489362 0.0014876 0.00021645 0.000857143 0.00264822 0.00174757 0.00328244 0.00192308 0.00165775 0.0025641 -0.00263158 -0.00174603 0.000666667 0.000925926 0.00457944 0.000263158 -0.00318681 0.00625 0.000751445 0.00146667 -8.26446e-05 -0.00146067 -0.00384615 0.00272727 -0.00311475 -0.00428571 -0.0062963 -0.00125 -0.000833333 0.000769231 -0.000933333 -0.00454545 0.00590909 0.00581395 0.00709677 -0.00302326 -0.00470588 -0.00617021 0.00659574 0.0035
internal_weight=1375 311 1064 217 1020 162 858 789 610 69 179 155 94 484 231 210 253 206 131 104 187 156 57 126 45 108 107 76 91 48 173 150 121 89 52 44 122 91 54 48 72 52 75 44 44 86 62 43 68 47 47 40
internal_count=1375 311 1064 217 1020 162 858 789 610 69 179 155 94 484 231 210 253 206 131 104 187 156 57 126 45 108 107 76 91 48 173 150 121 89 52 44 122 91 54 48 72 52 75 44 44 86 62 43 68 47 47 40
is_linear=0
shrinkage=0.01


Tree=19
num_leaves=52
num_cat=0
split_feature=31 20 71 73 1 1 63 76 73 2 7 73 4 8 98 22 66 39 75 1 4 73 76 39 25 38 98 80 32 22 63 21 38 43 76 81 1 35 65 81 60 57 73 2 63 83 1 37 64 20 4
split_gain=10.4882 14.4589 9.61677 10.6095 10.1049 9.15544 15.3811 10.1546 11.2526 13.1305 12.1609 8.80281 8.6769 7.64541 10.2267 7.79179 7.58337 7.34541 7.49666 10.8465 7.31906 6.92887 6.79596 6.70154 6.68724 6.08444 5.97997 5.95358 5.79758 5.78453 6.17691 8.69813 5.41903 6.78299 5.36453 7.20416 7.60174 5.91037 5.29833 5.0381 5.00087 4.94592 4.42464 4.41594 4.36623 4.26898 3.86551 3.57913 2.70465 1.83492 0.44971
threshold=18.675000000000001 921.95000000000016 1505.6875000000002 1342.4675000000002 14712.250000000002 13273.450000000003 22654.250000000004 30995.109375 937.1735000000001 3486.8135000000007 42.930000000000007 992.56750000000011 2870.0650000000005 404.38928571428579 0.75347222222222232 91.750000000000014 1266.1170000000004 231.25000000000003 595.99643376696429 14306.850000000002 3079.9550000000004 1150.2500000000002 36117.00312500001 188.25000000000003 37.750000000000007 8.2250000000000014 0.079861111111111119 33827.612847222226 94.750000000000014 84.250000000000014 31298.650000000005 28.125000000000004 4.2250000000000005 73.024997711181655 33150.420833333344 4441.8903730765942 15965.357000000002 26.925000000000004 28767.000000000004 4600.2688226511227 1097.1170000000004 -0.22252093395631442 1600.8500000000001 3152.1500000000005 34701.650000000009 1715.4000000000035 14208.050000000001 73.250000000000014 799.50000000000011 1964.0500000000004 4345.1650000000009
decision_type=2 2 2 2 2 2 2 2 2 2 2 2 2 2 2 2 2 2 2 2 2 2 2 2 2 2 2 2 2 2 2 2 2 2 2 2 2 2 2 2 2 2 2 2 2 2 2 2 2 2 2
left_child=2 -2 3 5 23 6 -1 11 17 10 20 16 27 -14 42 25 26 18 19 -9 -10 -3 -19 24 -5 -16 41 -4 39 -30 38 43 -8 -34 -20 36 37 -36 -31 -21 -28 -7 50 -32 -45 -6 -26 -13 -35 -47 -15
right_child=1 21 12 4 45 7 32 8 9 -11 -12 47 13 14 15 -17 -18 22 34 28 -22 -23 -24 -25 46 -27 40 -29 29 30 31 -33 33 48 35 -37 -38 -39 -40 -41 -42 -43 -44 44 -46 49 -48 -49 -50 -51 -52
leaf_value=1.4097723291441357 0.27640044875590281 -0.036546814650406663 1.5757992816207576 0.14069480971857587 -4.0722274081655643 -0.019729873592621225 -1.3801806710912825 -0.30747995945276602 -0.57679453462340258 1.0504470214551496 0.021752926639982267 2.5963211002063402 -0.057993502977942771 2.1877273786002034 1.0739633757586527e-05 0.054176741730861767 3.3720683307402779 1.92720714713672 -1.4399610198275117 -1.9026083591500815 -1.5608560141369847 -5.8580267820247727 0.004018551250329171 0.042414111229553672 -1.9795471092766426 -0.03013904204268858 -1.0546146355941992 0.018636594274709657 5.8755907434890267 0.066490738254678328 0.016855817081059446 -0.015387261620465989 -1.2028912368421663 0.14427542366381021 0.076128537070329849 -0.11624060927588691 -0.045216496437076564 0.00020343716550910232 -0.78945857397346464 1.1184540686540054 0.22587557681628873 0.0753537627712772 0.026917282106118094 0.13884621551594983 0.10307317965570782 -0.45402801091788186 -0.0042769883521949102 0.87918958859167917 -1.510558767965658 -3.461362825891805 1.7598066455041812
leaf_weight=32 21 28 32 24 21 22 25 37 20 26 29 21 21 21 25 24 31 32 26 28 38 39 39 25 21 20 20 26 36 20 36 28 36 20 20 32 36 26 26 20 22 30 21 35 20 24 20 25 27 21 20
leaf_count=32 21 28 32 24 21 22 25 37 20 26 29 21 21 21 25 24 31 32 26 28 38 39 39 25 21 20 20 26 36 20 36 28 36 20 20 32 36 26 26 20 22 30 21 35 20 24 20 25 27 21 20
internal_value=0.000385455 -0.00295455 0.000613831 0.000232126 -0.00217949 0.000640608 -0.00171429 0.00106274 0.000459016 -0.00238938 -0.00425287 0.00321637 0.00257143 0.00131579 0.00221374 -0.000434783 0.00184 0.00110664 0.000610329 0.00153846 -0.00689655 -0.00522388 0.00408451 0 -0.00169231 -0.00288889 0.000425532 0.00586207 0.00228916 0.00303483 0.00224242 0.00344538 -0.00351852 -0.00228916 -0.00128571 -0.000350877 0.00121951 0.00391304 -0.000869565 -0.000833333 -0.00238095 0.00269231 0.00516129 0.00494505 0.00672727 -0.00515152 -0.00414634 0.00695652 0.000212766 -0.00688889 0.00707317
internal_weight=1375 88 1287 1077 156 921 140 781 610 113 87 171 210 152 131 69 125 497 426 286 58 67 71 90 65 45 94 58 249 201 165 119 108 83 140 114 82 46 46 48 42 52 62 91 55 66 41 46 47 45 41
internal_count=1375 88 1287 1077 156 921 140 781 610 113 87 171 210 152 131 69 125 497 426 286 58 67 71 90 65 45 94 58 249 201 165 119 108 83 140 114 82 46 46 48 42 52 62 91 55 66 41 46 47 45 41
is_linear=0
shrinkage=0.01


Tree=20
num_leaves=52
num_cat=0
split_feature=73 34 73 21 32 73 22 20 34 30 29 20 70 98 67 57 30 91 94 94 11 34 29 75 45 29 94 16 65 16 70 45 11 16 16 36 70 44 13 11 21 11 21 29 25 67 39 21 20 21 45
split_gain=17.3006 12.6486 13.0282 14.8404 13.0073 11.5962 8.99344 8.38496 13.7647 9.9718 9.99937 8.30313 13.8857 7.66022 10.7318 10.2542 13.7874 10.078 7.38303 11.7116 10.9968 6.75423 8.1882 7.82629 8.0375 8.72266 6.74298 6.56363 6.41212 6.4 5.69178 7.6639 5.51512 5.371 6.20326 5.33968 5.07365 6.87201 4.98991 4.74828 5.49346 4.66883 4.61385 4.25177 4.19773 9.90821 4.15915 4.03048 3.6 3.6 3.21484
threshold=678.78550000000007 56.750000000000007 1346.5740000000003 14.450000000000001 81.250000000000014 982.96400000000006 77.750000000000014 384.55000000000007 75.250000000000014 30.750000000000004 92.750000000000014 654.4000000000002 994.78700000000015 0.28819444444444448 37626.450000000004 -0.22252093395631442 74.750000000000014 31627.958775000003 635896.82800156262 523604.49908718752 37559.900000000009 84.750000000000014 92.750000000000014 499.3323185116684 24263.000000000004 88.250000000000014 595496.85269812529 5880.2500000000009 29037.300000000007 4999.0000000000009 552.08900000000017 23817.500000000004 37390.80000000001 6305.5500000000011 5257.2000000000007 83.250000000000014 1368.6500000000003 3.2085000276565556 4063.4500000000003 37128.450000000004 26.925000000000004 40509.350000000013 20.925000000000004 78.250000000000014 151.75000000000003 32123.200000000004 170.75000000000003 25.625000000000004 1053.7500000000002 16.225000000000005 23019.500000000004
decision_type=2 2 2 2 2 2 2 2 2 2 2 2 2 2 2 2 2 2 2 2 2 2 2 2 2 2 2 2 2 2 2 2 2 2 2 2 2 2 2 2 2 2 2 2 2 2 2 2 2 2 2
left_child=13 2 5 -4 -3 49 -5 8 -6 32 11 12 -11 14 21 16 -15 28 19 -13 27 22 23 39 46 26 -26 29 -18 -20 31 -23 -9 34 42 -35 -36 -38 50 40 -1 -33 -17 -29 45 -21 -25 -10 -43 -2 -7
right_child=1 4 3 6 7 38 -8 9 47 10 -12 18 -14 15 -16 33 17 -19 20 44 -22 30 -24 24 25 -27 -28 43 -30 -31 -32 41 -34 35 36 -37 37 -39 -40 -41 -42 48 -44 -45 -46 -47 -48 -49 -50 -51 -52
leaf_value=-0.0077897648801024989 0.9859567378973465 -4.1792220338769948 -3.4570667745861625 -0.4435589187125325 0.072397745066719518 2.5947671606161609 0.062764875708380158 -0.021949220793983367 -0.62854873127691624 -0.19612994612649665 0.76090026831339275 -1.9269408022963705 0.068011238089165732 10.17285294555116 -1.2180465046810656 -0.039751237581156319 -0.01851896564702039 -0.45641900200440899 -0.00029592246297741043 0.80766474389409693 -1.2582086337706659 -0.0065342139893097961 3.8834638805117874 0.45290132561469448 0.097313971832276178 -0.54969751091486796 -2.1500176273648903 -0.034447211656618723 3.5266663212288978 -5.7324766761761081 6.3402957745386086 0.062695750940974321 -0.034713530197618782 -0.022660090856036656 -0.41893035248824306 8.2903115383304034 -0.28592312405084419 0.030069030221370672 0.024221951800357751 0.4513742704887857 0.41241381031828994 0.04913803802887478 0.12446510718745403 0.063479256249895713 0.9177256810686224 -0.19871101637856103 -0.0004868736789192596 -1.4127245311718337 0.0048387189177093058 -0.65844462916385516 0.40915034077161577
leaf_weight=32 20 26 38 25 29 23 33 26 25 28 20 39 32 25 34 20 20 21 20 24 31 28 24 23 22 21 21 23 24 20 24 38 23 24 27 21 21 20 24 37 36 20 22 20 26 26 30 35 20 20 38
leaf_count=32 20 26 38 25 29 23 33 26 25 28 20 39 32 25 34 20 20 21 20 24 31 28 24 23 22 21 21 23 24 20 24 38 23 24 27 21 21 20 24 37 36 20 22 20 26 26 30 35 20 20 38
internal_value=0.000437361 -0.000662824 0.00131222 -0.00145833 -0.00158562 0.00344 0.00172414 -0.00118568 -0.00393258 -0.000502793 0.000161812 -0.000311419 0.003 0.00160305 0.00243902 0.000204082 0.00288889 0.000461538 -0.00117904 0.000608696 -0.00298246 0.00292553 0.00195122 0.00135135 -0.00042735 -0.0028125 -0.000232558 -0.00108434 0.00318182 -0.004 0.00476923 0.00377358 -0.00469388 -0.00135484 -0.00254545 0.00155556 -0.00441176 -0.00219512 0.00552941 0.00333333 0.00176471 0.00538462 0.00047619 0.00162791 0.00289474 0.0012 0.00245283 -0.00666667 0.003 -0.001 0.00704918
internal_weight=1349 694 221 96 473 125 58 447 89 358 309 289 60 655 410 245 90 65 229 115 114 376 246 222 117 64 43 83 44 40 130 106 49 155 110 45 68 41 85 105 68 78 42 43 76 50 53 60 40 40 61
internal_count=1349 694 221 96 473 125 58 447 89 358 309 289 60 655 410 245 90 65 229 115 114 376 246 222 117 64 43 83 44 40 130 106 49 155 110 45 68 41 85 105 68 78 42 43 76 50 53 60 40 40 61
is_linear=0
shrinkage=0.01


Tree=21
num_leaves=49
num_cat=0
split_feature=6 4 68 41 7 91 38 83 91 71 88 24 98 83 61 20 36 7 39 22 22 79 7 23 23 24 33 4 4 88 32 93 71 37 74 44 5 20 6 93 41 32 37 43 33 10 39 0
split_gain=18.509 11.6765 12.4253 15.4175 14.3369 10.3136 8.62391 9.70161 9.36061 8.42469 13.1273 12.8069 12.0843 11.2012 9.21905 8.4691 10.7383 8.24307 13.0378 10.8552 9.01727 7.70194 7.5962 7.53672 11.9814 7.29774 7.09928 6.04985 9.56307 7.35782 7.19801 6.53742 5.76 5.2539 5.3307 4.96164 4.93988 4.44615 6.28738 4.38863 4.37838 4.2496 4.07612 3.29486 4.53128 1.718 1.6 0.409756
threshold=3677.7300000000005 2844.5200000000004 1.1355000000000002 75.250000000000014 1935.0050000000003 32180.248143749999 7.1250000000000009 1595.2500000000002 31726.759637500003 1234.7290000000003 5579.5445833333342 7.4750000000000005 0.26041666666666669 1939.950000000001 33363.55000000001 1501.4500000000003 74.250000000000014 17.645000000000007 207.75000000000003 74.250000000000014 66.750000000000014 616.70506679246262 47.845000000000006 74.750000000000014 32.750000000000007 5.9750000000000005 182.75000000000003 10539.385 6929.2450000000008 8383.6570833333335 216.25000000000003 410.55026315789479 927.41050000000007 99.750000000000014 494.07029166666672 2.7055000066757207 6498.4150000000009 970.60000000000014 6787.1400000000012 414.09197368421059 54.250000000000007 191.25000000000003 84.750000000000014 84.485000610351577 37.750000000000007 32953.850000000013 174.25000000000003 31551.150000000005
decision_type=2 2 2 2 2 2 2 2 2 2 2 2 2 2 2 2 2 2 2 2 2 2 2 2 2 2 2 2 2 2 2 2 2 2 2 2 2 2 2 2 2 2 2 2 2 2 2 2
left_child=9 22 23 5 6 17 7 -5 36 12 11 -11 15 -13 35 16 -1 18 -4 20 -19 25 40 24 -3 32 37 28 -25 -30 -29 -31 -21 34 -32 -14 -9 38 45 -26 -2 -38 -23 44 -27 -8 -39 -45
right_child=1 2 3 4 -6 -7 26 8 -10 10 -12 13 14 -15 -16 -17 -18 19 -20 21 -22 42 -24 27 39 43 -28 30 29 31 33 -33 -34 -35 -36 -37 41 46 -40 -41 -42 -43 -44 47 -46 -47 -48 -49
leaf_value=0.2088671407066012 1.2623176144631536 0.12031894217396864 -0.56544204601951831 -1.4381284135242405 0.095657988473966893 -0.76598208726789307 -3.1303738137279438 -0.11788632082193537 -0.80098304274548404 0.19151916463829577 -0.053574922088886034 0.63321686068952066 -0.030094117028638068 -0.56920453303238527 -3.1454459568718836 -1.2542081349622378 -0.0026799808610387631 0.038843209396833805 0.031498255221813667 1.6354228197411187 -0.91521159234335614 -0.069858101178158702 -0.022588590847227436 4.3704816371141355 -0.0051388881399284467 0.36855973423708455 0.019793463990148599 0.10172822700574755 -0.61637869886660968 -0.022251823404582999 0.10582709926465789 0.74033523081287766 -0.018098889937175199 -0.011626082566937227 0.022268068587418241 -1.2456265474329593 0.18059012926947643 -8.8023122831421414 0.044906858976535381 -0.93890365414624954 1.8490606669499214 0.0041688668289519048 6.6652929318325009 1.8317104419315151 1.084963089915232 -0.86884080568205446 -1.4659711463354699 0.58147898012963739
leaf_weight=20 37 35 32 29 31 37 20 29 33 28 22 28 39 32 35 37 38 29 33 20 21 29 20 22 26 26 27 39 21 21 33 28 25 27 23 31 33 20 23 20 37 24 23 21 24 21 20 20
leaf_count=20 37 35 32 29 31 37 20 29 33 28 22 28 39 32 35 37 38 29 33 20 21 29 20 22 26 26 27 39 21 21 33 28 25 27 23 31 33 20 23 20 37 24 23 21 24 21 20 20
internal_value=0.000467013 0.00110683 0.000772487 0 -0.0016129 0.00147059 -0.00232975 -0.000675676 0.000588235 -0.00167742 0.000545455 0.00227273 -0.0029 -0.000333333 -0.0052381 -0.000315789 0.00206897 0.00207921 -0.00107692 0.00294118 -0.0012 0.00404255 0.00446809 0.00247458 -0.000123457 0.00529412 -0.00419847 0.00345794 0.00152174 -0.000285714 0.00491803 0.00183673 0.002 0.00325301 0.005 -0.00314286 0.00232558 -0.00538462 -0.00375 -0.00347826 0.00594595 0.00403509 0.000769231 0.00692308 0.0052 -0.00609756 -0.008 0.00902439
internal_weight=1349 1039 945 650 310 340 279 148 119 310 110 88 200 60 105 95 58 303 65 238 50 188 94 295 81 136 131 214 92 70 122 49 45 83 56 70 86 104 64 46 74 57 52 91 50 41 40 41
internal_count=1349 1039 945 650 310 340 279 148 119 310 110 88 200 60 105 95 58 303 65 238 50 188 94 295 81 136 131 214 92 70 122 49 45 83 56 70 86 104 64 46 74 57 52 91 50 41 40 41
is_linear=0
shrinkage=0.01


Tree=22
num_leaves=51
num_cat=0
split_feature=69 0 73 71 20 5 77 89 37 31 33 74 28 17 34 41 19 17 81 40 67 75 23 35 87 0 43 31 73 75 69 61 20 73 62 5 43 44 62 47 68 0 35 37 10 36 23 37 5 20
split_gain=13.6807 16.446 12.338 12.8939 12.8534 11.4808 10.7352 8.90909 8.64943 9.74026 8.65382 8.52093 8.45722 8.00374 9.62971 11.169 8.00313 7.24286 6.94935 6.82917 10.4522 6.6291 9.81885 10.9916 9.20049 6.47767 6.29174 6.28496 6.90859 6.21948 6.00385 5.88 5.85379 5.78571 5.72024 5.58545 5.37627 6.47947 5.22648 5.13349 8.62329 5.79884 4.90909 4.61512 4.53861 5.09143 2.25333 1.75819 1.6 1.6
threshold=30243.450000000004 30160.250000000004 1.0815000000000003 1233.8295000000003 2536.4000000000001 7742.4000000000005 3781.2239262907901 1318.0276687500002 28.750000000000004 13.175000000000002 111.25000000000001 890.02939583333352 24.475000000000005 227.10000000000005 85.250000000000014 82.750000000000014 726.50000000000011 19.450000000000006 4096.6161616060772 148.25000000000003 34999.700000000004 353.62355783717192 99.750000000000014 27.725000000000005 0.15625000000000003 36267.850000000006 82.395000457763686 3.9750000000000005 1368.999 685.16457979525785 33847.80000000001 30518.850000000002 1131.5500000000002 1469.5330000000001 1476.2020000000002 3977.3700000000003 81.224998474121108 2.7565000057220463 927.11450000000013 1.0000000180025095e-35 1112.2210000000002 30086.100000000002 25.375000000000004 95.250000000000014 37281.600000000013 87.750000000000014 99.750000000000014 94.750000000000014 6280.005000000001 760.80000000000007
decision_type=2 2 2 2 2 2 2 2 2 2 2 2 2 2 2 2 2 2 2 2 2 2 2 2 2 2 2 2 2 2 2 2 2 2 2 2 2 2 2 2 2 2 2 2 2 2 2 2 2 2
left_child=5 7 13 4 21 8 32 42 35 10 11 48 33 14 15 19 43 -11 -14 20 29 22 23 38 -23 26 -16 -26 44 36 -17 46 34 -8 -5 -1 37 -3 -4 41 -41 -13 -2 -12 45 -29 -7 -28 -10 -24
right_child=1 2 3 6 -6 31 12 -9 9 17 16 39 18 -15 25 30 -18 -19 -20 -21 -22 24 49 -25 27 -27 47 28 -30 -31 -32 -33 -34 -35 -36 -37 -38 -39 -40 40 -42 -43 -44 -45 -46 -47 -48 -49 -50 -51
leaf_value=0.048194304818298887 -3.5083125975620391 7.8575649099017824 -3.0030906751342399 -0.084211965648370801 -5.4054021437620667 4.0076719595848438 2.3697155171882143 0.00084932703027784271 3.3206208837357054 -1.2710853226876779 -0.039202091891890598 1.2798783216276157 0.02920904491357499 4.5689141518205858 -0.0062520819382796394 0.031952973661759095 -0.20518784667018772 0.022480144481919002 -0.0092775211047213743 1.4665420886705547 -0.081051622661130585 1.2014951179230129 -0.87609629222156837 0.34213044762045491 -1.3793942926211085 1.1570616701474605 0.041966181363924229 0.015193723194398922 -3.7517956006202082 -6.4430095421950329 -3.2887276811170421 0.02358021903634664 -0.015778765670334712 0.049802659184426244 0.016391597472989031 1.9275568714667339 0.18379913459763658 -0.092642366384301775 0.170489080921405 -0.093404123022907237 0.78157061720313215 0.0038715283378685838 -7.7289802197474717 0.15317009971771967 -0.037812081431706064 0.11927647253177036 0.047476979303715014 0.061761716422027844 0.59953481230311401 -3.1768431989612114
leaf_weight=30 33 23 21 24 38 30 28 33 20 32 35 20 31 20 38 21 24 28 34 38 23 24 20 21 31 29 20 22 27 20 33 30 26 28 32 25 26 20 20 24 29 21 33 27 28 28 20 21 20 20
leaf_count=30 33 23 21 24 38 30 28 33 20 32 35 20 31 20 38 21 24 28 34 38 23 24 20 21 31 29 20 22 27 20 33 30 26 28 32 25 26 20 20 24 29 21 33 27 28 28 20 21 20 20
internal_value=0.000585619 -8.56531e-05 0.000371257 -0.000616302 -0.00193333 0.00209639 0.00133005 -0.00393939 0.00128358 0.000571429 0.00154545 0.00313433 0.00322314 0.00186747 0.00147436 0.000196078 -0.000930233 -0.003 0.000769231 0.0016 0.000357143 -0.00114504 -0.00313725 -0.000645161 0.000125 0.00388889 0.00240506 -0.000882353 0.000285714 0.00191011 -0.0037037 0.0055 -0.00146341 0.00607143 0.000357143 0.00490909 0.00333333 0.00116279 -0.00365854 0.00148936 -0.000566038 0.00414634 -0.00606061 0.000967742 0.00179487 0.0036 0.0076 0.00512195 0.007 -0.007
internal_weight=1349 934 835 503 300 415 203 99 335 280 220 134 121 332 312 204 86 60 65 150 112 262 102 62 160 108 79 136 105 89 54 80 82 56 56 55 69 43 41 94 53 41 66 62 78 50 50 41 40 40
internal_count=1349 934 835 503 300 415 203 99 335 280 220 134 121 332 312 204 86 60 65 150 112 262 102 62 160 108 79 136 105 89 54 80 82 56 56 55 69 43 41 94 53 41 66 62 78 50 50 41 40 40
is_linear=0
shrinkage=0.01


Tree=23
num_leaves=51
num_cat=0
split_feature=20 59 1 40 36 61 14 31 88 36 32 83 81 11 14 31 31 37 83 88 83 79 26 25 32 61 27 63 32 29 40 19 41 27 25 29 81 4 79 83 41 56 79 19 61 20 62 20 41 40
split_gain=12.481 16.0013 17.703 12.7321 10.3896 9.93215 10.3562 9.4684 8.60396 12.316 8.43984 11.3756 9.10597 10.3172 8.90843 8.58342 10.6019 8.29739 7.98686 7.10273 8.19058 6.95035 11.6374 11.7429 9.01627 8.09908 8.35886 10 7.47819 7.67864 8.58081 7.3294 6.92488 6.74816 6.41324 6.4 6.33832 5.88 5.86679 5.81818 5.60928 5.09379 6.88127 4.17295 3.69231 4.92308 3.53846 3.40633 2.27665 2.24109
threshold=2135.4000000000001 -0.24999999999999994 14112.750000000002 148.25000000000003 92.250000000000014 30785.850000000002 16640.650000000005 12.475000000000001 7887.687291666668 81.750000000000014 144.75000000000003 1609.9499999999991 4516.7335329813641 37361.200000000004 13949.050000000001 4.8250000000000011 8.8750000000000018 70.250000000000014 1166.7999999999995 3977.4966666666674 1939.950000000001 443.34667917477304 22.250000000000004 149.75000000000003 294.75000000000006 34456.850000000006 94.250000000000014 33940.200000000004 278.75000000000006 83.250000000000014 142.75000000000003 578.20000000000016 52.250000000000007 106.75000000000001 65.750000000000014 85.250000000000014 4304.5684618698315 7640.6750000000011 558.22249057434396 1863.7500000000002 84.250000000000014 0.87837969732492682 237.13276445530093 214.50000000000003 31900.000000000004 943.40000000000009 1.0000000180025095e-35 892.45000000000016 62.750000000000007 70.750000000000014
decision_type=2 2 2 2 2 2 2 2 2 2 2 2 2 2 2 2 2 2 2 2 2 2 2 2 2 2 2 2 2 2 2 2 2 2 2 2 2 2 2 2 2 2 2 2 2 2 2 2 2 2
left_child=1 2 3 43 7 6 17 10 9 35 11 14 13 15 -3 -12 -17 -2 -16 39 32 24 34 -24 28 33 -27 -28 29 30 37 -31 -21 44 -23 -9 -22 -4 -15 -7 41 42 -13 -1 -25 -46 -36 -45 -34 -44
right_child=5 4 21 -5 -6 19 -8 8 -10 -11 12 40 -14 38 18 16 -18 -19 -20 20 36 22 23 25 -26 26 27 -29 -30 31 -32 -33 48 -35 46 -37 -38 -39 -40 -41 -42 -43 49 47 45 -47 -48 -49 -50 -51
leaf_value=-3.208785030763047 -4.5428797444864832 -0.30967191578747344 -0.36585720149424517 0.0099027566497112574 -0.083666768401242542 -0.12162584318520078 1.1169313151785623 -0.036151198923270303 0.21842209689038594 -3.5056728539440098 0.90213102930712952 0.044568003432730381 2.2302284035052766 -0.033630743126585719 4.9546248334391034 -0.45905377866391434 0.10765061332191643 0.043006275128124986 -0.0014105399393265286 0.011987679879350047 -0.037809393168268556 0.0069447431120978525 -0.11700384315036395 0.64200839881611482 0.12623979530476837 -3.3545330215068754 -0.070631097464670917 3.9796550531269972 -1.51411160706582 -0.0058927107568361005 0.64779473189729286 -0.34036161018055167 -3.5792459677588422 -0.029384991079196086 0.047114419799160694 0.23243033040723621 0.13461146154268455 0.098030127469032974 0.008105637936915891 -4.1102914279610614 0.0020414474439027245 0.69864362406373104 5.1528317562920325 -0.0072500988023038102 0.027711998330887361 0.12447439320526389 0.81543008994659294 -2.3444703928638591 -2.0344060623840425 2.1577905302999021
leaf_weight=26 22 21 30 31 22 22 22 20 34 39 35 25 26 29 28 25 21 21 29 21 23 24 25 26 26 37 20 20 28 31 28 25 20 29 26 20 35 20 33 22 20 20 38 27 26 26 23 26 21 55
leaf_count=26 22 21 30 31 22 22 22 20 34 39 35 25 26 29 28 25 21 21 29 21 23 24 25 26 26 37 20 20 28 31 28 25 20 29 26 20 35 20 33 22 20 20 38 27 26 26 23 26 21 55
internal_value=0.00051149 0.000946429 -0.000206897 -0.00381818 0.00218519 -0.00161572 0.00169231 0.00247104 -8.84956e-05 -0.00189873 0.00318519 0.00440678 0.00147929 0.00048951 0.00128205 0.00283951 0 -0.00116279 0.00333333 -0.00292683 -0.00166667 0.000638298 0.00163121 0.000430622 -0.000851064 0.00130435 -0.00116883 0.002 -0.0017284 -0.000746269 0.00128205 -0.00357143 -0.00419355 0.00308411 0.00506849 0.002 0.00103448 -0.0012 -0.00258065 -0.00636364 0.00594937 0.00666667 0.00745763 -0.00594937 0.00461538 0.00615385 0.00714286 -0.00433962 -0.00658537 0.00870968
internal_weight=1349 1120 580 110 540 229 65 518 113 79 405 236 169 143 78 81 46 43 57 164 120 470 282 209 188 184 77 40 162 134 78 56 62 107 73 40 58 50 62 44 158 138 118 79 78 52 49 53 41 93
internal_count=1349 1120 580 110 540 229 65 518 113 79 405 236 169 143 78 81 46 43 57 164 120 470 282 209 188 184 77 40 162 134 78 56 62 107 73 40 58 50 62 44 158 138 118 79 78 52 49 53 41 93
is_linear=0
shrinkage=0.01


Tree=24
num_leaves=52
num_cat=0
split_feature=72 37 70 45 19 30 95 73 23 7 70 72 47 70 26 17 26 26 79 8 79 26 21 88 71 16 89 24 90 30 29 92 67 26 30 30 16 30 4 3 29 87 90 67 84 92 28 24 29 3 37
split_gain=15.2182 14.4261 10.2809 10.1764 11.3677 10.8056 10.0232 12.7913 14.8235 12.3461 13.6134 9.89192 9.81689 8.49732 8.41662 9.60328 14.8829 9.10168 7.55551 7.17001 11.1987 7.03045 11.9881 8.43753 11.1905 7.40184 7.24391 6.72369 6.63668 6.6466 6.59341 6.52664 6.50159 6.13528 6.11985 5.515 5.40346 5.36678 5.2115 5.71923 4.94971 4.83059 3.96589 3.81349 4.40238 2.21987 1.9968 1.77778 1.67361 1.6 0.981818
threshold=1357.7240000000002 38.750000000000007 1163.2100000000003 23010.500000000004 662.35000000000002 91.250000000000014 1.0000000180025095e-35 1.1355000000000002 56.750000000000007 55.920000000000009 802.73850000000004 933.91200000000015 1.0000000180025095e-35 963.10000000000014 158.25000000000003 69.450000000000017 31.250000000000004 7.2500000000000009 610.02328400362194 419.15324324324331 387.63411681555453 73.250000000000014 24.075000000000006 4929.6054166666672 1257.4950000000001 6019.0500000000011 957.45170625000003 11.075000000000001 2787.6838500000008 99.750000000000014 86.750000000000014 22420.693718750004 31433.450000000001 18.750000000000004 92.250000000000014 56.250000000000007 5209.7500000000009 98.750000000000014 7640.6750000000011 10233.000000000002 87.750000000000014 0.51041666666666685 1682.5441500000004 33701.05000000001 533.34116666666671 27139.773937500006 27.275000000000002 7.3250000000000011 83.750000000000014 14095.250000000002 96.750000000000014
decision_type=2 2 2 2 2 2 2 2 2 2 2 2 2 2 2 2 2 2 2 2 2 2 2 2 2 2 2 2 2 2 2 2 2 2 2 2 2 2 2 2 2 2 2 2 2 2 2 2 2 2 2
left_child=1 2 31 5 19 -2 7 14 -9 10 48 -12 13 -8 15 17 43 -3 38 20 32 22 23 24 26 -23 36 35 29 33 -13 -1 -5 -11 50 -18 -6 -26 -19 -40 -25 -37 -33 -17 -45 -7 -24 -4 -10 -42 -15
right_child=3 6 47 4 21 45 12 8 9 28 11 30 -14 34 -16 16 27 18 -20 -21 -22 25 46 40 37 -27 -28 -29 -30 -31 -32 42 -34 -35 -36 41 -38 -39 39 -41 49 -43 -44 44 -46 -47 -48 -49 -50 -51 -52
leaf_value=-0.017072829158239055 0.015765994186968484 -0.029492298533029142 3.0563220138753664 -0.055964944303678141 -3.3631742981378858 -1.5954655442541537 -0.015270473134942094 0.32721789864338691 -6.9083240743688696 0.12720373330780987 0.87153632962415628 -1.3121498250839723 -0.048947482075740324 9.0910500853876712 -0.082321681642124209 0.15677962741891852 -0.025795888156438178 -0.020586275424819608 -6.3379083203876165 6.2558653643116919 -0.52145788616599698 -0.058065736527563722 -0.087382878698005831 -0.0062637317738093732 0.053921384953640086 0.077167093618867005 -4.5045418189729656 -0.035638381834383594 -9.532520070316032 0.070861096348873082 0.025431168522783924 0.64711815549116103 0.04613136994952468 -0.40063829403859497 2.1167771035325602 1.3422197263638653 0.04832613247820982 -0.029923478430431256 0.0019030566536926024 2.0378785092398122 0.073390218099549959 0.00049648914966053507 0.0016162847397588509 0.040208157174857588 0.010894292091631888 -4.6803443332245438 -3.8152602446307178 3.8031875578322776 -3.4792411363203484 0.11702937205938142 8.5058733424342954
leaf_weight=25 32 29 20 20 27 22 27 34 35 26 21 28 28 24 22 36 21 28 25 26 30 24 21 36 21 22 34 21 20 37 24 26 36 23 38 35 28 20 22 27 20 27 20 28 20 21 23 25 24 20 20
leaf_count=25 32 29 20 20 27 22 27 34 35 26 21 28 28 24 22 36 21 28 25 26 30 24 21 36 21 22 34 21 20 37 24 26 36 23 38 35 28 20 22 27 20 27 20 28 20 21 23 25 24 20 20
internal_value=0.000407709 0.00120092 0.00448276 -0.00101449 -0.000392157 -0.0044 0.000693333 0.000146819 -0.00147059 -0.00235294 -0.00439394 -0.00150685 0.00313869 0.00449541 0.00143695 0.00184953 0.00329787 -0.000229008 0.00117647 0.00232143 0.000930233 -0.00141892 -0.00208 -0.00106796 -0.00261538 0.00217391 -0.00460674 0.000769231 0.000188679 0.00139535 -0.00384615 0.00211268 0.00357143 -0.00102041 0.00609756 0.00204819 -0.00236364 0.00170732 0.00272727 0.00469388 0.00157895 0.00354839 0.00434783 0.00642857 0.00458333 -0.00767442 -0.00681818 0.00822222 -0.0079661 0.004 0.00863636
internal_weight=1349 866 116 483 408 75 750 613 272 238 132 73 137 109 341 319 188 131 102 112 86 296 250 206 130 46 89 104 106 86 52 71 56 49 82 83 55 41 77 49 76 62 46 84 48 43 44 45 59 40 44
internal_count=1349 866 116 483 408 75 750 613 272 238 132 73 137 109 341 319 188 131 102 112 86 296 250 206 130 46 89 104 106 86 52 71 56 49 82 83 55 41 77 49 76 62 46 84 48 43 44 45 59 40 44
is_linear=0
shrinkage=0.01


Tree=25
num_leaves=55
num_cat=0
split_feature=16 67 6 40 42 62 68 14 84 73 36 100 2 16 39 44 73 68 90 90 91 83 34 42 32 24 44 75 68 94 92 83 2 56 2 43 28 23 2 83 27 69 16 2 91 83 76 83 28 40 82 83 17 73
split_gain=17.7912 10.876 9.68792 18.1283 11.0195 10.1661 11.2877 9.88171 11.3758 9.03678 8.65801 7.51634 15.9591 9.53432 9.13826 7.83058 11.1973 12.5629 8.85812 9.44278 8.46604 11.1752 7.92405 7.45315 7.18495 7.0901 12.4227 8.86113 12.7196 8.09698 11.1429 7.00606 7.3003 6.94463 6.85801 6.85801 6.71312 6.60706 6.12346 5.62679 5.58621 5.58522 5.40254 5.16676 8.18196 5.04483 4.37576 3.57565 5.27722 3.3 3.27273 3.19205 2.71515 1.9968
threshold=6946.0000000000009 20727.850000000002 3280.4050000000002 104.25000000000001 112.20000076293947 1249.0500000000002 1380.8500000000001 16033.250000000002 723.33333333333337 1190.4635000000003 86.250000000000014 0.59375000000000011 3483.1645000000003 6713.9000000000005 242.75000000000003 6.2294998168945321 1055.8750000000002 1014.7880000000001 2415.1648500000006 2017.8112500000004 33499.937987500009 2183.6500000000019 46.750000000000007 105.79999923706056 221.25000000000003 7.375 2.6935000419616704 326.22487504143709 1458.4250000000002 595496.85269812529 27204.980425000005 1925.8999999999999 2897.1290000000004 0.6078576107927941 2725.1000000000008 72.319999694824233 28.925000000000004 95.250000000000014 3152.1500000000005 1858.9000000000017 83.250000000000014 30745.100000000002 6007.8000000000011 2725.1000000000008 31109.932187499999 1983.3499999999988 31976.041666666668 2292.2500000000005 25.875000000000004 97.750000000000014 -243.95149999999987 2075.2500000000005 22.100000000000005 1062.8000000000002
decision_type=2 2 2 2 2 2 2 2 2 2 2 2 2 2 2 2 2 2 2 2 2 2 2 2 2 2 2 2 2 2 2 2 2 2 2 2 2 2 2 2 2 2 2 2 2 2 2 2 2 2 2 2 2 2
left_child=1 -1 3 33 -5 6 11 42 -9 38 -6 13 23 14 15 16 17 18 19 20 21 22 -4 -13 25 29 39 28 -28 51 -31 46 -33 43 -18 -23 -22 -24 -2 -27 -26 -29 -8 -3 -45 -20 -25 48 -40 -11 -17 53 -43 -7
right_child=9 2 5 4 10 24 7 8 -10 49 -12 12 -14 -15 -16 50 34 -19 45 -21 36 35 37 31 40 26 27 41 -30 30 -32 32 -34 -35 -36 -37 -38 -39 47 -41 -42 52 -44 44 -46 -47 -48 -49 -50 -51 -52 -53 -54 -55
leaf_value=0.34187868855274717 0.0025178408300666013 -2.5632932878517876 -0.045670216430902223 -0.052963946183477439 0.054291596852367584 6.6982026587958785 -4.6352367749046621 -6.493044538744849 0.58037410526613864 0.1227894245004387 -0.00053172235842110398 4.0021129417393864 -1.132200454691175 -1.4047375394989283 1.7751112986116493 -0.14498083189409608 0.75166396924529866 -3.3086495901345279 -0.023049493849790742 0.14000109542238817 3.0879417156374069 -0.031565314667262881 3.2483553080164382 0.086324194129374185 12.150295406381742 -0.0016244396910671162 2.1049178514258768 -0.016047606647308407 -0.038682556796569546 -0.39380040103475739 0.32075605735133311 -0.096558434506890528 0.040631905161809756 -4.7350972423460922 0.016103114790509986 -0.44515999272743034 -0.0035120803256846181 -0.0059607894367388718 4.2620323690358077 1.505683156562472 0.027079263471847061 -0.24768068849887262 -0.71454533846974444 0.049250041842291634 -2.3526635487360386 -4.1611250174743226 0.040780352552097165 2.4883617967207909 0.016288090710935659 -0.069743847198585091 -0.0066858827420710597 0.14338526460930698 -2.3854511059301058 2.1936910463039938
leaf_weight=21 25 24 20 36 22 23 38 36 32 24 20 20 23 21 21 22 20 34 27 22 21 20 26 24 29 24 26 26 37 28 24 28 38 23 22 22 20 23 21 33 29 20 20 27 22 28 20 25 26 20 22 20 22 21
leaf_count=21 25 24 20 36 22 23 38 36 32 24 20 20 23 21 21 22 20 34 27 22 21 20 26 24 29 24 26 26 37 28 24 28 38 23 22 22 20 23 21 33 29 20 20 27 22 28 20 25 26 20 22 20 22 21
internal_value=0.000394737 8.14996e-06 -0.000116086 -0.00229885 0.00128205 0.000251938 -0.000477612 -0.0031746 -0.000588235 0.00375887 0.0047619 0.000147059 0.00202614 -0.000588235 -0.000216216 -0.000601719 -3.27869e-05 -0.000798479 4.36681e-05 0.00114943 0.000263158 -0.00117117 0.00130435 0.00338462 0.00160221 0.000986842 -0.000212766 -0.0019084 0.000793651 0.00293103 0 0.00236364 0.00030303 -0.00520833 0.0047619 -0.0052381 0.00414634 0.00346939 0.00546392 0.00368421 0.00482759 -0.00441176 -0.0062069 -0.00369863 -0.00183673 -0.00345455 0.00545455 0.00694444 0.00531915 0 -0.00454545 0.0053125 -0.00666667 0.00681818
internal_weight=1368 1227 1206 174 78 1032 670 126 68 141 42 544 153 391 370 349 305 263 229 174 152 111 69 130 362 304 188 131 63 116 52 110 66 96 42 42 41 49 97 57 58 68 58 73 49 55 44 72 47 44 44 64 42 44
internal_count=1368 1227 1206 174 78 1032 670 126 68 141 42 544 153 391 370 349 305 263 229 174 152 111 69 130 362 304 188 131 63 116 52 110 66 96 42 42 41 49 97 57 58 68 58 73 49 55 44 72 47 44 44 64 42 44
is_linear=0
shrinkage=0.01


Tree=26
num_leaves=54
num_cat=0
split_feature=19 36 4 51 20 69 37 62 74 19 93 68 41 43 81 91 21 5 2 41 87 98 16 25 20 44 47 43 75 36 20 62 82 91 46 5 16 0 25 75 4 91 20 82 68 42 77 36 5 2 2 28 67
split_gain=12.6797 17.4806 16.31 15.2882 14.0514 11.5585 11.0987 10.817 12.6614 10.1467 9.85319 9.40974 16.3652 9.75545 10.3935 8.56296 9.25681 8.45326 7.75454 9.06555 8.25717 8.15734 7.68182 7.59495 7.4596 7.44103 7.94254 6.9559 6.85801 6.75 6.71742 8.11437 6.59216 6.5561 6.25183 8.37934 6.08009 6.55325 6.00412 9.10662 8.26197 5.97125 5.95238 7.66566 10.2119 7.37408 5.14918 4.62266 4.61092 3.6 2.18788 3.10303 2.2303
threshold=1313.7500000000002 84.750000000000014 17663.095000000005 1.0000000180025095e-35 447.65000000000003 36444.650000000001 43.750000000000007 1500.4775000000002 1329.5425000000002 793.90000000000009 421.82539473684216 1.1920000000000004 83.750000000000014 73.889999389648452 3771.0518014225468 29986.404187500004 26.275000000000002 2862.2600000000007 2493.5500000000006 66.250000000000014 0.80208333333333337 0.24652777777777782 4097.0000000000009 22.250000000000004 1145.4500000000003 2.2339999675750737 1.0000000180025095e-35 83.990001678466811 592.67953654060113 87.250000000000014 132.50000000000003 912.00000000000011 -0.11949999999999998 29459.890881250005 90.680000305175795 4424.3200000000006 5983.1000000000013 31248.250000000004 63.250000000000007 511.33972778071399 3355.1150000000002 26199.992756250005 916.70000000000016 -0.050500000000000038 748.22150000000011 114.67499923706056 3220.3650953629162 76.250000000000014 8845.1450000000023 2863.5000000000005 2699.0625000000005 24.075000000000006 35999.750000000007
decision_type=2 2 2 2 2 2 2 2 2 2 2 2 2 2 2 2 2 2 2 2 2 2 2 2 2 2 2 2 2 2 2 2 2 2 2 2 2 2 2 2 2 2 2 2 2 2 2 2 2 2 2 2 2
left_child=1 3 5 4 6 11 -1 8 18 36 25 15 13 -13 -15 -2 -17 -16 21 28 22 32 48 47 30 26 27 -6 -20 -7 -24 42 -3 -10 -8 -36 37 -9 40 -40 -25 -27 43 44 -32 -45 -34 -19 -21 -42 51 -43 -52
right_child=2 7 -4 -5 10 29 34 9 33 -11 -12 12 -14 14 17 16 -18 23 19 20 -22 -23 24 38 -26 41 -28 -29 -30 -31 31 -33 46 -35 35 -37 -38 -39 39 -41 49 50 -44 45 -46 -47 -48 -49 -50 -51 52 -53 -54
leaf_value=0.68689332217356458 0.11941163763915671 -1.7902403092546928 0.087668632696929469 -3.8971941362120313 0.10194895418850662 -3.1252479738579915 -1.3455670415195256 2.9132894975415082 -0.048231246233515268 -0.021792163143389907 -0.07635971495230838 0.2830270235842185 -9.567025346766 0.25872127519233923 -9.5033165236375634 -0.018786664654212987 0.019903451236454046 -0.010595998527359374 5.0705495854971314 -0.4497687161046463 -3.4760091842929128 -3.7995951476551646 1.2446290900348946 2.4427381928727119 1.4148791580261648 0.12882928429738222 0.029971987975509366 -0.0095387984684692194 0.050929453695855095 -0.036378621394285014 5.7322653264946739 -0.21391564268226262 0.073126660344305192 -1.6083514386903925 -0.86364470097857904 0.2725704778566207 10.228828766937632 -0.020257542750395912 -1.296085643746365 0.049858941839361653 -0.044146661061700954 2.1715204680155176 -0.078953258498882392 0.12837673892546017 0.012253251557525879 -0.61816216978773852 -0.14180572439499961 -4.3013345490279962 -0.0090873091598520951 0.084828731289344997 1.5937785163060425 0.021373389561441941 2.6271932603770018
leaf_weight=26 36 20 30 24 25 24 20 20 20 39 22 38 39 20 23 25 29 20 20 20 32 22 20 23 23 26 24 28 22 24 30 38 26 21 22 21 24 22 20 21 20 24 35 25 29 21 22 34 23 20 46 20 20
leaf_count=26 36 20 30 24 25 24 20 20 20 39 22 38 39 20 23 25 29 20 20 20 32 22 20 23 23 26 24 28 22 24 30 38 26 21 22 21 24 22 20 21 20 24 35 25 29 21 22 34 23 20 46 20 20
internal_value=0.000263158 0.000932755 -0.00112108 0.00270115 0.0032716 -0.00163462 -0.00011236 -0.000139373 -0.000788913 0.0027619 0.00455319 -0.00103261 -0.00194245 -0.000962343 -0.0018408 0.00177778 -0.000740741 -0.00259669 -0.000280374 0.000414201 -0.000202703 -0.00288889 0.000378788 -0.00177215 0.00113122 0.00521127 0.00272727 0.000566038 0.0047619 -0.00625 0.000505051 -0.00011236 -0.00117647 -0.00609756 -0.00238095 -0.000232558 0.00515152 0.00285714 -0.000192308 -0.00317073 0.00174603 0.00661765 0.001 0.00219048 0.00457627 -0.000869565 0.000833333 -0.00481481 -0.00348837 -0.001 0.00763636 0.00590909 0.00878788
internal_weight=1368 922 446 348 324 416 89 574 469 105 235 368 278 239 201 90 54 181 428 338 296 90 264 158 221 213 77 53 42 48 198 178 68 41 63 43 66 42 104 41 63 136 140 105 59 46 48 54 43 40 110 44 66
internal_count=1368 922 446 348 324 416 89 574 469 105 235 368 278 239 201 90 54 181 428 338 296 90 264 158 221 213 77 53 42 48 198 178 68 41 63 43 66 42 104 41 63 136 140 105 59 46 48 54 43 40 110 44 66
is_linear=0
shrinkage=0.01


Tree=27
num_leaves=55
num_cat=0
split_feature=67 1 69 19 28 21 84 39 69 14 97 28 62 42 94 13 46 43 1 67 33 46 75 36 22 43 22 34 8 76 14 21 46 42 1 69 11 43 22 80 22 42 22 47 33 46 91 77 94 30 29 43 11 19
split_gain=10.9404 9.74342 16.3454 11.2305 14.6142 11.4832 10.484 10.4584 9.94632 8.55198 8.80005 9.3373 8.63281 8.41073 8.03945 8.22306 7.82715 7.82223 9.68 7.11127 7.70864 6.96523 8.65284 6.80481 6.78788 6.6243 6.26411 6.24058 7.982 6.22222 8.21778 6.05238 5.41167 6.87619 6.85714 5.2963 5.23685 7.63844 5.22573 4.9 4.3908 4.37049 7.11359 4.64162 4.09697 3.7296 3.60312 3.6 3.34545 3.28128 4.59864 3.27273 3.13507 0.951452
threshold=20727.850000000002 13926.85 31709.600000000002 1333.2000000000003 25.225000000000005 26.925000000000004 1049.1252708333336 161.75000000000003 32866.650000000009 17691.150000000005 0.42708333333333343 21.375000000000004 394.55000000000007 132.04999542236331 557472.08952906274 9665.8500000000004 105.20499801635744 83.990001678466811 12593.1 35358.750000000007 27.750000000000004 96.439998626708999 259.82723069151433 83.750000000000014 88.250000000000014 69.290000915527358 90.750000000000014 92.750000000000014 415.43671052631584 37600.042708333342 17789.250000000004 24.175000000000004 98.259998321533217 104.75000000000001 16081.750000000002 32132.250000000004 41839.900000000001 80.705001831054702 85.250000000000014 33463.562152777791 87.750000000000014 114.54999923706056 88.750000000000014 1.0000000180025095e-35 18.250000000000004 102.89500045776369 32212.46236875001 4143.5710683758252 640459.81931656273 98.750000000000014 88.250000000000014 81.625000000000014 39445.700000000004 955.90000000000009
decision_type=2 2 2 2 2 2 2 2 2 2 2 2 2 2 2 2 2 2 2 2 2 2 2 2 2 2 2 2 2 2 2 2 2 2 2 2 2 2 2 2 2 2 2 2 2 2 2 2 2 2 2 2 2 2
left_child=-1 2 14 4 36 6 13 -8 25 10 19 -12 38 27 -2 17 35 21 -19 20 -5 22 26 -24 -25 -7 -16 29 -29 30 -6 -17 -10 -34 -35 -9 37 47 -11 -22 -39 -27 43 -43 -14 -4 52 -3 -20 50 -13 -37 -40 -42
right_child=1 3 45 9 5 8 7 16 32 12 11 49 44 -15 15 31 -18 18 48 -21 39 -23 23 24 -26 41 -28 28 -30 -31 -32 -33 33 34 -36 51 -38 40 46 -41 53 42 -44 -45 -46 -47 -48 -49 -50 -51 -52 -53 -54 -55
leaf_value=0.67005246206801927 2.0208935826230796 0.99977814674052046 -1.0093339210184369 -3.0406737614666715 -0.28642521727237163 -0.012399693602259055 -0.21586260009123595 0.10386540970231256 -1.2876077588876036 -3.2087680012044393 0.19796830939041832 0.062189143067723975 0.071704280528931075 0.14588784902174612 0.69819739849012763 0.30287314325338743 -5.7650861132790689 -0.0046505247512132206 -0.036611137232039279 -3.0043602299684227 -0.14325260376432167 0.22933864081090741 0.0073704365953328882 -7.5493538418471475 -0.25455579202659406 3.659598047620646 -0.071631138171284886 -0.056517944766553398 0.07382199752269393 0.010735832607604944 -0.016391900816000698 -0.0042554269180608544 1.5847652891741646 0.025788981295243523 -0.066178961159620575 0.0020364187376421027 3.7412593169027741 0.02710398579713668 0.012866724168211798 0.062364228379298885 1.5650590508582543 0.090399269173967595 1.6365935790480939 -0.042954445266847094 5.7534338450105977 -8.0699999445287833 0.070512921890226357 -0.24194266450643248 -1.5184648909494576 -3.811057732742841 -0.16713965121263194 -0.04235402765135806 -6.0725619190543174 1.6495088228667378
leaf_weight=22 39 20 22 38 20 20 23 21 26 21 23 21 27 23 23 23 20 30 22 27 20 34 31 21 33 23 20 22 27 25 25 20 27 27 36 22 26 26 27 20 21 30 26 23 33 26 27 20 23 23 28 22 23 20
leaf_count=22 39 20 22 38 20 20 23 21 26 21 23 21 27 23 23 23 20 30 22 27 20 34 31 21 33 23 20 22 27 25 25 20 27 27 36 22 26 26 27 20 21 30 26 23 33 26 27 20 23 23 28 22 23 20
internal_value=0.000277778 0.000163447 -0.00122616 0.000684372 0.00149758 0.000696721 -0.0008 -0.00314815 0.00226891 -0.000726257 -0.0021 0.000105263 0.00101266 0.000985915 -0.000407524 -0.001 -0.00152941 -0.00172996 -0.0044 -0.00409524 -0.0025641 -0.000493827 -0.0015625 -0.00341176 -0.00555556 0.0042623 0.00209302 -8.40336e-05 0.00265306 -0.002 -0.00422222 0.00302326 0.000172414 0.00133333 -0.00047619 0.000153846 0.00443609 0.00345794 -0.000816327 0.0005 0.00552239 0.00529412 0.00417722 0.00207547 0.004 -0.00666667 0.00038961 0 -0.00733333 -0.00166667 -0.000204082 -0.00181818 -0.0012 0.00756098
internal_weight=1368 1346 367 979 621 488 250 108 238 358 200 95 158 142 319 280 85 237 75 105 78 162 128 85 54 122 43 119 49 70 45 43 116 90 63 65 133 107 98 40 67 102 79 53 60 48 77 40 45 72 49 44 50 41
internal_count=1368 1346 367 979 621 488 250 108 238 358 200 95 158 142 319 280 85 237 75 105 78 162 128 85 54 122 43 119 49 70 45 43 116 90 63 65 133 107 98 40 67 102 79 53 60 48 77 40 45 72 49 44 50 41
is_linear=0
shrinkage=0.01


Tree=28
num_leaves=51
num_cat=0
split_feature=72 62 19 24 16 7 10 81 79 23 22 79 67 19 26 3 33 39 31 99 57 57 99 27 0 93 45 44 70 13 32 62 22 99 24 79 40 6 76 79 24 3 3 16 1 29 93 27 26 70
split_gain=12.3616 13.999 15.9715 13.6539 11.7352 10.5191 11.4865 11.4198 10.0134 8.45143 9.14093 13.4688 10.3782 9.63125 8.89568 8.63029 8.59634 8.30946 8.18577 8.8104 7.76091 7.52083 9.72223 7.36513 9.50076 7.30947 7.01299 6.48748 6.37743 6.95215 6.34725 6.10615 5.52192 6.0607 5.36678 5.12542 6.31659 4.90909 4.56917 4.4846 6.57208 4.22963 3.81111 3.80966 5.63984 3.39617 5.02002 2.91382 2.5 2.46526
threshold=1461.4575000000002 1007.3000000000001 1047.6500000000003 10.525000000000002 5995.2000000000007 17.585000000000004 33049.500000000007 3340.9881641202533 447.96441450498969 3.2500000000000004 88.750000000000014 280.3864438660346 37719.000000000007 554.45000000000016 8.7500000000000018 16218.660500000002 54.750000000000007 225.25000000000003 8.9750000000000014 0.031250000000000007 -0.56174490092936669 -0.56174490092936669 0.15625000000000003 86.750000000000014 32898.850000000013 415.78684210526319 23697.500000000004 2.8270000219345097 1400.9750000000001 2539.8500000000008 148.25000000000003 1150.4540000000002 91.250000000000014 0.57291666666666685 9.7250000000000014 583.32999974758252 92.750000000000014 5504.2000000000016 29269.847916666669 508.18631832866862 7.9250000000000016 14862.350000000002 14632.700000000003 5420.1500000000005 13949.550000000001 83.250000000000014 404.34522619047624 30.750000000000004 38.750000000000007 1064.0825000000002
decision_type=2 2 2 2 2 2 2 2 2 2 2 2 2 2 2 2 2 2 2 2 2 2 2 2 2 2 2 2 2 2 2 2 2 2 2 2 2 2 2 2 2 2 2 2 2 2 2 2 2 2
left_child=5 4 3 30 43 6 38 49 25 -9 15 27 13 45 39 16 18 35 37 -20 -16 -10 -23 26 -25 -4 -8 -12 -5 -30 -3 48 33 -22 -27 36 -18 -11 -1 -15 -41 -32 -37 44 -2 -13 -47 -24 -21 -7
right_child=1 2 8 28 -6 7 23 9 21 10 11 12 -14 14 20 -17 17 -19 19 31 32 22 47 24 -26 34 -28 -29 29 -31 41 -33 -34 -35 -36 42 -38 -39 -40 40 -42 -43 -44 -45 -46 46 -48 -49 -50 -51
leaf_value=-0.012166676542873171 -7.4738603034286761 2.0006846467968491 -2.8673100270482741 -0.53003312500421795 0.0060332041210076513 0.058120084531164011 12.336867048187326 3.3064610482469723 -2.017377577647161 0.69121542450522644 0.018789365151691832 1.8244924275909324 -0.037175384884972032 1.2970723988402619 3.6740523407252397 0.054929399317862677 -2.975983482387639 0.046671908130461917 1.3483377996233572 0.076120712990749642 0.11339651642846908 0.4654585893230288 -4.8086053225552874 -0.14885936128497052 0.26140043913581834 -0.090902754860701207 -0.014728245171579963 -0.61631976289566082 0.66894928108726248 -0.034670119623059763 -0.019608947227662207 -3.0779088827821881 -0.032948843796382625 -0.0086557174340270888 0.020076826846204314 -0.0282583118924374 0.0038335518293630723 0.020827136858922141 -0.80141312619073435 0.38511245179657766 0.0020855842159347919 0.023303685218963512 -0.28500843991757024 -9.5458016744362553 -0.17164678616568452 0.0046744072862100047 0.20952247990981449 0.053984818595491188 -1.676024109476238 2.9695786062644061
leaf_weight=33 23 35 37 22 29 25 22 36 32 33 26 21 26 34 29 39 24 36 24 20 31 23 21 29 24 21 20 23 21 20 23 25 38 24 20 21 33 33 36 26 35 33 24 22 20 21 34 20 20 21
leaf_count=33 23 35 37 22 29 25 22 36 32 33 26 21 26 34 29 39 24 36 24 20 31 23 21 29 24 21 20 23 21 20 23 25 38 24 20 21 33 33 36 26 35 33 24 22 20 21 34 20 20 21
internal_value=0.000570175 -0.000853081 0.000121951 0.00246753 -0.00425532 0.00120507 -0.00109756 0.00168798 -0.00195402 0.00138587 0.00114286 0.00222826 0.00297806 0.00351536 0.0024424 -6.0241e-05 -0.000648464 -0.00246377 0.000967742 -0.00101124 0.000655738 0.000208333 0.0021875 0.00115789 -0.00132075 -0.00461538 0.00428571 -0.00265306 -0.00111111 0.00121951 0.00494505 -0.00292308 -0.000752688 0.00127273 -0.00170732 -0.00392157 -0.00192982 0.00363636 -0.0042029 0.00473684 0.00311475 0.00285714 -0.00644444 -0.00661538 -0.00488372 0.00657895 0.00527273 -0.000731707 -0.0005 0.00652174
internal_weight=1368 422 328 154 94 946 164 782 174 736 700 368 319 293 217 332 293 138 155 89 122 96 64 95 53 78 42 49 63 41 91 65 93 55 41 102 57 66 69 95 61 56 45 65 43 76 55 41 40 46
internal_count=1368 422 328 154 94 946 164 782 174 736 700 368 319 293 217 332 293 138 155 89 122 96 64 95 53 78 42 49 63 41 91 65 93 55 41 102 57 66 69 95 61 56 45 65 43 76 55 41 40 46
is_linear=0
shrinkage=0.01


Tree=29
num_leaves=51
num_cat=0
split_feature=72 64 16 20 36 21 37 46 6 36 74 35 46 77 74 72 61 62 28 1 34 6 75 64 89 61 58 98 19 37 43 1 89 72 36 16 63 43 66 98 16 77 98 16 1 30 74 78 19 19
split_gain=13.4623 13.4765 13.3064 10.74 9.0027 8.38347 8.19975 7.86631 7.71057 14.749 10.3321 9.4897 8.70041 8.38456 9.53603 8.10219 13.1987 10.2287 8.64915 8.59524 6.58058 8.29669 7.35824 9.69721 8.8 5.86667 5.74608 5.37764 8.02407 5.14616 5.07553 6.379 6.33131 8.30123 10.5972 7.71777 5.83544 4.63801 6.94558 10.9794 7.27735 4.63485 4.42366 3.87551 9.80484 3.6 3.27273 3.00444 2.64599 1.44828
threshold=1461.4575000000002 1146.8500000000001 5995.2000000000007 2799.2500000000005 73.750000000000014 14.625000000000002 14.250000000000002 90.340000152587905 3572.1750000000006 84.750000000000014 1375.1293645833337 26.175000000000004 105.09499740600587 4214.2291422502722 883.02987500000006 775.03800000000012 32768.850000000006 1.1445000000000001 25.275000000000002 14069.35 89.250000000000014 9406.7000000000025 656.66113803567339 0.75000000000000011 1524.5711812500001 33795.600000000006 0.68301270189221941 0.12152777777777779 919.00000000000011 98.750000000000014 102.98999786376955 13647.900000000001 827.92441874999997 1682.1500000000003 85.750000000000014 6458.6500000000005 29694.300000000007 69.290000915527358 0.10200000000000002 0.40625000000000006 6336.0000000000009 3948.0107885982438 0.11458333333333334 5420.1500000000005 13949.550000000001 80.750000000000014 1563.5837083333333 418.68524652777779 424.50000000000006 966.75000000000011
decision_type=2 2 2 2 2 2 2 2 2 2 2 2 2 2 2 2 2 2 2 2 2 2 2 2 2 2 2 2 2 2 2 2 2 2 2 2 2 2 2 2 2 2 2 2 2 2 2 2 2 2
left_child=6 2 43 4 -3 -6 26 -8 12 11 15 13 37 14 -10 18 17 19 -11 -17 22 41 23 24 25 -20 -1 28 -25 -23 31 -7 -33 36 35 -35 -34 -9 -39 -40 -41 -22 -19 44 -2 -4 -12 -31 -13 -50
right_child=1 3 45 -5 5 30 7 8 9 10 46 48 -14 -15 -16 16 -18 42 20 -21 21 29 -24 27 -26 -27 -28 -29 -30 47 -32 32 33 34 -36 -37 -38 38 39 40 -42 -43 -44 -45 -46 -47 -48 -49 49 -51
leaf_value=2.0440303147601382 -7.4464413953337933 0.62323790322409367 0.046214364367761405 -4.2803900496460452 -2.8384557558695374 4.833706649819737 -0.5115480199301411 -0.81578411982250343 0.90530425222633282 6.6552088377996439 5.2096619937831896 0.12775157585604757 0.019733076896241965 1.4556087459901155 -0.3696242059330519 -7.5931211128127485 -3.2845047619363981 1.1781153348224218 -0.023261610470275515 0.042881039867725693 0.020685103779534739 0.024575451645737881 -0.12404269887919174 0.49721450472461198 0.092336412446496735 -4.5991064104356632 0.016908190334013293 0.27356867927489747 -0.021427073032991954 0.046617523635057348 -0.038730556786229303 -0.10648318955718029 0.081140216392724632 0.022390369396689595 -2.8811852248318544 -0.013290916073483495 1.5332705430905824 -0.013039199135172146 0.096934689612731245 -1.7385436997506054 0.0088230088532116144 -0.078644627766296091 0.018798385831927052 -6.7963544734004016 0.069547898943146336 -0.32618948910182938 10.107599870187521 6.3888964682418372 3.033508544247157 1.2664735466655332
leaf_weight=26 32 39 20 38 20 25 30 22 27 22 22 36 34 34 33 32 34 20 20 24 26 28 36 29 20 24 21 39 33 20 20 24 31 20 30 31 23 24 24 20 21 37 31 26 23 20 22 25 21 29
leaf_count=26 32 39 20 38 20 25 30 22 27 22 22 36 34 34 33 32 34 20 20 24 26 28 36 29 20 24 21 39 33 20 20 24 31 20 30 31 23 24 24 20 21 37 31 26 23 20 22 25 21 29
internal_value=0.000584795 -0.000900474 -0.00371901 0.000232558 0.00095057 0.000178571 0.00124736 0.00103448 0.00120829 0.00162983 0.000808824 0.00411111 -0.000896552 0.00191489 -0.000333333 0.0004 -0.00163121 9.34579e-05 0.00119777 -0.00285714 0.000801187 0.0025 -0.000348259 0.000545455 -0.0025 -0.005 0.00531915 0.00247525 0.000645161 0.00479452 0.000784314 0.00130435 0.000566038 0.00140741 -0.000617284 0.00215686 0.00444444 -0.00225225 -0.00123596 0.000461538 -0.00268293 -0.00015873 0.00333333 -0.00604938 -0.00454545 0.001 0.00545455 0.00688889 0.00651163 0.008
internal_weight=1368 422 121 301 263 224 946 899 869 724 544 180 145 94 60 500 141 107 359 56 337 136 201 165 64 44 47 101 62 73 204 184 159 135 81 51 54 111 89 65 41 63 51 81 55 40 44 45 86 50
internal_count=1368 422 121 301 263 224 946 899 869 724 544 180 145 94 60 500 141 107 359 56 337 136 201 165 64 44 47 101 62 73 204 184 159 135 81 51 54 111 89 65 41 63 51 81 55 40 44 45 86 50
is_linear=0
shrinkage=0.01


Tree=30
num_leaves=51
num_cat=0
split_feature=36 73 36 20 68 27 20 59 68 36 72 40 44 2 73 5 89 78 74 78 99 66 40 44 71 73 45 73 80 68 20 40 45 83 98 79 4 20 10 5 78 69 20 83 37 4 98 26 13 31
split_gain=12.7903 10.1379 11.8808 15.9781 10.1987 8.7886 8.76905 8.76522 16.3006 9.23395 8.65951 9.02235 8.05156 10.5685 7.57719 8.36267 7.81773 6.28187 8.78081 6.80366 8.34804 8.97518 8.62005 6.10462 6.06061 6.78788 5.97108 8.39251 5.89793 5.7931 5.7334 5.58582 5.33333 5.00433 6.29173 7.0008 6.56451 5.53888 4.98 4.93512 4.87013 4.84848 4.7794 4.63947 4.29335 3.92727 3.73594 3.4824 2.38095 1.9968
threshold=92.250000000000014 678.78550000000007 84.750000000000014 2021.5000000000002 1681.0000000000002 76.750000000000014 384.55000000000007 0.25000000000000017 1299.8000000000002 87.750000000000014 0.99700000000000011 108.25000000000001 2.3430000543594365 2762.4500000000003 1509.9500000000003 3619.1200000000003 1454.5564312500001 1391.6245208333337 1288.9465312500004 409.99036458333336 0.28125000000000006 1326.6000000000001 104.25000000000001 2.9294999837875371 1457.2285000000004 1111.0525000000002 23009.500000000004 1200.6425000000002 30063.291319444445 0.10200000000000002 1399.4000000000003 93.250000000000014 24678.000000000004 2841.6000000000026 0.065972222222222238 678.32803238565305 8529.8000000000011 1295.2500000000002 32496.050000000007 7490.7350000000015 1589.2222361111114 33508.700000000004 692.50000000000011 1775.3999999999999 93.750000000000014 8673.7000000000025 0.10069444444444446 55.250000000000007 2186.6500000000001 8.4750000000000014
decision_type=2 2 2 2 2 2 2 2 2 2 2 2 2 2 2 2 2 2 2 2 2 2 2 2 2 2 2 2 2 2 2 2 2 2 2 2 2 2 2 2 2 2 2 2 2 2 2 2 2 2
left_child=1 4 3 6 5 17 28 10 -9 -10 -4 26 44 46 16 -16 31 18 19 29 23 22 -22 -21 25 -5 -12 45 -3 -1 40 43 -24 34 37 36 -36 -15 -2 42 -17 -6 -13 -8 -7 -28 -14 -48 -27 -25
right_child=38 2 7 24 41 12 14 8 9 -11 11 39 13 33 15 30 -18 -19 -20 20 21 -23 32 49 -26 48 27 -29 -30 -31 -32 -33 -34 -35 35 -37 -38 -39 -40 -41 -42 -43 -44 -45 -46 -47 47 -49 -50 -51
leaf_value=0.017562133550990577 -4.0592216598552522 0.23482333363701846 0.086856938838806463 0.020851499457146882 -0.0042471560013828524 -0.015597922791757037 0.47984725419932622 3.393467492926336 -0.097875880132635304 0.038552303412454449 -3.1213962618464626 -0.041985672729755737 0.02275459405813493 -0.017435578725644944 0.036546966135689189 0.095192841530560734 -0.31843481717438493 -0.0054431708950100632 4.8553855988137427 0.031138178360522906 -0.099044597552292155 4.6240167842827686 -0.09409614791210652 8.381226020209132 0.032288090054448257 -2.9487620684742564 -0.82857901615771801 -0.86122962121319457 -0.70310230048615463 8.8927114403906007 -0.040750114315491678 1.8663719227755178 0.07214128986701622 8.1522247223248172 0.035368562552074351 -0.00683888149692948 5.9728064651856423 0.028045907841983658 -0.12924699411282373 -0.16726312487447223 -0.0083728934627980752 -9.056915160976585 0.065066190995966736 1.4665571486215858 -0.2850437329511476 -8.8057308089647499 -0.00096177176122040468 -0.12745141043251376 -4.9805061000947255 0.13382840665758239
leaf_weight=29 26 33 38 24 33 32 29 31 25 36 24 37 35 34 22 20 21 32 38 34 39 23 21 21 22 21 20 37 24 21 23 28 28 22 26 20 28 24 23 27 22 22 23 30 22 24 21 25 21 23
leaf_count=29 26 33 38 24 33 32 29 31 25 36 24 37 35 34 22 20 21 32 38 34 39 23 21 21 22 21 20 37 24 21 23 28 28 22 26 20 28 24 23 27 22 22 23 30 22 24 21 25 21 23
internal_value=0.000322581 0.000509506 -0.000362538 0.000941176 0.00139357 0.00177258 0.00222222 -0.00173913 0.000869565 -0.00213115 -0.00278261 -0.00364583 0.000519031 0.00131915 0.00323077 0.00103448 0.005 0.00294498 0.0034296 0.00271967 0.00185185 9.00901e-05 -0.00136364 0.00435897 -0.00272727 -0.00424242 -0.00561905 -0.00432099 -0.00122807 0.006 -0.000769231 0.00632184 0.00142857 0.00285714 0.00212121 0.00405405 0.00592593 -0.000344828 -0.00469388 -0.00126437 0.00142857 -0.00272727 0.000333333 0.00457627 -0.00296296 -0.00727273 -0.00160494 -0.00347826 -0.00666667 0.00681818
internal_weight=1364 1315 662 340 653 598 252 322 92 61 230 192 289 235 195 87 108 309 277 239 189 111 88 78 88 66 105 81 57 50 65 87 49 154 132 74 54 58 49 87 42 55 60 59 54 44 81 46 42 44
internal_count=1364 1315 662 340 653 598 252 322 92 61 230 192 289 235 195 87 108 309 277 239 189 111 88 78 88 66 105 81 57 50 65 87 49 154 132 74 54 58 49 87 42 55 60 59 54 44 81 46 42 44
is_linear=0
shrinkage=0.01


Tree=31
num_leaves=53
num_cat=0
split_feature=73 14 30 41 66 81 6 89 16 28 27 14 21 73 71 21 2 88 32 2 35 59 79 30 97 8 97 75 16 45 32 17 73 79 8 2 6 73 66 19 28 17 73 91 2 29 53 77 23 30 17 71
split_gain=9.46214 15.5964 14.1761 12.0257 9.54533 9.11076 8.86709 9.72579 9.93569 8.91236 13.4 9.12096 8.44921 7.9324 8.53768 7.38208 10.5302 11.0099 10.3349 8.56016 11.1408 11.0038 10.8632 7.78441 7.30946 9.00278 7.43583 7.7321 10.213 7.23136 7.90796 7.58606 7.18097 6.98195 8.25557 6.95398 6.41778 6.15051 5.44394 5.08804 5.03228 4.92133 3.71177 3.49299 3.37931 3.1094 3.07692 2.5 2.30701 2.30501 2.13611 1.13778
threshold=1340.2500000000002 9021.1500000000015 93.750000000000014 81.250000000000014 1602.2500000000002 4146.1584429981513 2854.0550000000007 1612.0896187500002 6545.3000000000011 23.125000000000004 23.750000000000004 19424.100000000002 17.625000000000004 1.0955000000000001 965.16150000000005 26.125000000000004 3455.8745000000004 9221.1835416666672 154.75000000000003 3409.1000000000004 27.075000000000006 -0.5 508.18631832866862 97.750000000000014 0.32291666666666669 421.42618421052634 0.15625000000000003 392.90254017205922 4781.7000000000007 23667.500000000004 127.75000000000001 146.65000000000001 888.37950000000012 284.11057034544882 418.04631934566152 2782.8500000000004 5504.2000000000016 767.30650000000014 1.0075000000000001 317.90000000000003 21.175000000000004 153.55000000000004 678.78550000000007 26107.352181250004 2687.2000000000003 78.750000000000014 2.5000000000000004 3758.7677245968853 98.250000000000014 67.750000000000014 109.80000000000003 1068.5770000000002
decision_type=2 2 2 2 2 2 2 2 2 2 2 2 2 2 2 2 2 2 2 2 2 2 2 2 2 2 2 2 2 2 2 2 2 2 2 2 2 2 2 2 2 2 2 2 2 2 2 2 2 2 2 2
left_child=1 -1 29 6 43 41 33 8 9 10 12 24 -8 46 -15 16 17 42 -19 21 -21 22 23 39 26 36 27 -11 -29 31 -31 -2 40 -3 -35 47 -26 49 -24 -17 -12 -6 44 -4 -5 -40 -10 -33 -45 -9 -23 -34
right_child=2 3 4 15 5 -7 7 37 13 11 32 -13 -14 14 -16 19 -18 18 -20 20 -22 50 38 -25 25 -27 -28 28 -30 30 -32 35 51 34 -36 -37 -38 -39 45 -41 -42 -43 -44 48 -46 -47 -48 -49 -50 -51 -52 -53
leaf_value=-0.38492233126534331 -0.0060931767422001291 -1.0881770809447207 -0.78158448356384802 -0.24417373268904924 0.21221381033295539 -0.85261732500106269 -1.3152211972253445 3.1791062206223728 8.5680776499788269 -0.24121574769595858 -0.029591665659231686 0.070328880473126895 0.70595085973187377 -0.098123121532720681 2.1141216879860019 -0.11816994436752001 0.49196190059894607 -0.061569454244229556 0.064443148999858105 -2.6463359850119939 0.020186533080945576 8.5288433626252989 -0.010785445180220931 0.11380977571741248 0.8740463386097318 -0.059863098159193176 -0.11244477389060613 1.9120813439597037 -0.029718601825613523 0.14208307227579373 -0.71745665052086438 0.023460033425792878 2.8468310107009041 0.066761566748994222 -0.021903521515913349 0.0070110368389736458 5.7439515928259768 0.20313679519893463 1.4127480754445549 -2.6992298920743618 3.6062781658351692 -0.029252119815814701 -4.3082346323678111 -2.6768093702274154 -0.092470356672125595 3.6784525317808265 0.96200501888902357 0.34030851635189424 -6.5538742944833057 3.8120719103275786 0.044444128884385273 3.1720212787870015
leaf_weight=30 31 22 20 29 23 31 33 24 20 31 26 39 26 25 26 20 21 22 38 20 21 21 30 20 25 23 33 26 34 20 27 20 25 38 27 38 20 25 20 21 23 20 28 23 29 23 32 20 26 27 22 20
leaf_count=30 31 22 20 29 23 31 33 24 20 31 26 39 26 25 26 20 21 22 38 20 21 21 30 20 25 23 33 26 34 20 27 20 25 38 27 38 20 25 20 21 23 20 28 23 29 23 32 20 26 27 22 20
internal_value=0 0.000441315 -0.00157191 0.000647343 -0.00384615 -0.00135135 0.00147692 0.00193606 0.00141684 0.000677083 0.00254902 -0.000562771 -0.00118644 0.00417476 0.00137255 -0.000753247 -0.00233533 -0.00328767 0 0.000458716 -0.00365854 0.00141243 0 -0.00311475 -0.00145833 0.00117647 -0.00290323 -0.00142857 0.000666667 0.000512821 -0.00276596 0.00192661 0.00489362 -0.00149425 0.000153846 0.00358974 0.00377778 0.00526316 0.00260274 -0.00560976 0.0022449 0.00162791 -0.0055814 -0.00652174 -0.00413793 0.00488372 0.00692308 0.0065 -0.00795918 0.0072549 0.00581395 0.00777778
internal_weight=1364 1065 299 1035 143 74 650 563 487 384 153 231 59 103 51 385 167 146 60 218 41 177 134 61 192 68 124 91 60 156 47 109 94 87 65 78 45 76 73 41 49 43 86 69 58 43 52 40 49 51 43 45
internal_count=1364 1065 299 1035 143 74 650 563 487 384 153 231 59 103 51 385 167 146 60 218 41 177 134 61 192 68 124 91 60 156 47 109 94 87 65 78 45 76 73 41 49 43 86 69 58 43 52 40 49 51 43 45
is_linear=0
shrinkage=0.01


Tree=32
num_leaves=53
num_cat=0
split_feature=67 64 72 45 39 13 86 25 36 67 7 87 46 29 94 38 2 93 7 38 39 75 14 69 100 33 68 65 33 92 79 76 2 79 13 19 14 37 92 23 38 70 13 56 13 19 28 13 79 36 11 71
split_gain=9.3496 8.56533 16.2347 13.9584 9.60403 7.85188 8.55839 9.6254 10.3564 8.40133 8.0254 10.1112 8.28598 7.75247 12.5402 12.4806 7.56048 6.9796 6.93652 6.52174 6.42913 6.36679 11.4804 6.32675 5.89653 6.88191 8.94475 6.60411 6.21231 5.78763 8.74764 14.6003 8.14632 7.82115 7.81848 8.9594 13.2966 12.1609 8.02094 7.47544 5.88574 5.79884 5.73778 5.53274 5.22686 4.9 3.88658 3.42857 3.23269 3.08998 2.5 2.38095
threshold=20727.850000000002 1156.8100000000002 959.8850000000001 22899.500000000004 141.25000000000003 3553.8500000000004 355.83500000000009 235.75000000000003 85.750000000000014 32087.800000000003 15.985000000000001 0.32291666666666669 102.91500091552736 88.750000000000014 655851.94455187523 4.5250000000000012 2624.0000000000005 424.42459459459468 290.51500000000004 7.2750000000000012 161.75000000000003 299.98954885276095 13503.350000000002 35050.750000000007 0.41319444444444448 166.75000000000003 1.1040000000000003 31184.250000000004 102.25000000000001 24664.622750000006 276.75585217212557 31307.895833333339 2758.3000000000006 612.53754906861298 4481.8000000000011 1473.5000000000002 15970.600000000002 46.250000000000007 23027.352493750008 99.750000000000014 5.8750000000000009 1507.5525000000002 6121.0500000000002 -1.0000000180025095e-35 1964.4000000000003 1047.6500000000003 23.775000000000002 10020.300000000001 537.60425247855881 87.250000000000014 37224.250000000007 594.65350000000012
decision_type=2 2 2 2 2 2 2 2 2 2 2 2 2 2 2 2 2 2 2 2 2 2 2 2 2 2 2 2 2 2 2 2 2 2 2 2 2 2 2 2 2 2 2 2 2 2 2 2 2 2 2 2
left_child=-1 2 5 4 45 19 7 8 9 -7 -10 12 51 20 15 -15 -13 29 -19 -2 49 -22 -23 -21 50 26 28 -27 -26 34 31 -31 -33 43 35 36 37 -5 40 42 41 -37 -36 -32 -39 -3 -45 -9 -24 -4 -18 -12
right_child=1 3 13 17 -6 6 -8 47 10 -11 11 16 -14 14 -16 -17 24 18 -20 23 21 22 48 -25 25 27 -28 -29 -30 30 33 32 -34 -35 39 38 -38 44 -40 -41 -42 -43 -44 46 -46 -47 -48 -49 -50 -51 -52 -53
leaf_value=1.2374282935989869 0.11255578704645562 1.2983568683087117 -3.2115720132082743 0.29616639888476876 1.6245915721809021 0.026451526579021289 0.88153378628632939 -0.0089201616607112073 -0.17622180695483208 0.39206841643833756 4.3829440645015127 0.066358366210226907 -0.023942875529089278 -0.040865010659928869 -2.793491645546776 1.0905795184174425 -0.018446684911817512 -0.001416875405997573 -0.34092962852817349 -0.15224739644009103 -3.8377681537151189 0.60228061587783133 -2.5625351933795053 -0.0091915297253104163 0.013640163915330766 0.05199071644864129 -0.10119044298261468 -0.10592565705818098 4.6969897089175952 -0.19128512703178685 3.9231193461941594 -0.052368022213627283 0.06200122467007934 0.0017208885014576615 9.1409208630039149 -0.0036214489316520825 2.842953791078394 -0.0018347336301822903 -3.4446009611068518 -0.059012787001349633 0.053121468749875674 -3.7204242018200673 0.020760544421715252 1.536677940583997 -0.080883258039155553 -0.38246181731956969 0.047288451681168957 -0.16529330760747138 -0.05614215930531663 -4.34166721894894 -1.2037201736116239 2.8997747507903933
leaf_weight=22 23 20 30 29 33 32 23 21 36 35 21 21 22 22 25 25 20 29 20 22 37 25 20 24 36 23 35 36 25 20 22 22 20 39 22 21 28 20 26 28 23 20 39 20 38 20 22 21 32 28 20 21
leaf_count=22 23 20 30 29 33 32 23 21 36 35 21 21 22 22 25 25 20 29 20 22 37 25 20 24 36 23 35 36 25 20 22 22 20 39 22 21 28 20 26 28 23 20 39 20 38 20 22 21 32 28 20 21
internal_value=-0.000102639 -0.000208644 -0.000906702 0.00070568 0.00479452 9.67118e-05 0.000580357 0.000258824 0.00075718 0.00432836 0 0.000571429 0.0040625 -0.00303279 -0.000277778 0.00276596 -0.000462963 0.00011811 -0.00346939 -0.00304348 -0.00418605 -0.00280702 -0.00116883 -0.00521739 -0.00107692 -0.000193548 0.00145833 -0.00288136 0.00377049 0.000501089 0.002 -0.000967742 0.00238095 0.00378641 -0.000340136 -0.00141463 0.000434783 -0.00149425 -0.00377778 0.00213483 -0.001875 -0.00414634 0.00409836 0.0059375 -0.00413793 0.0015 0.00380952 -0.00428571 -0.00384615 -0.00689655 -0.0045 0.00666667
internal_weight=1364 1342 761 581 73 517 448 425 383 67 316 280 64 244 72 47 216 508 49 69 172 114 77 46 195 155 96 59 61 459 165 62 42 103 294 205 115 87 90 89 64 41 61 64 58 40 42 42 52 58 40 42
internal_count=1364 1342 761 581 73 517 448 425 383 67 316 280 64 244 72 47 216 508 49 69 172 114 77 46 195 155 96 59 61 459 165 62 42 103 294 205 115 87 90 89 64 41 61 64 58 40 42 42 52 58 40 42
is_linear=0
shrinkage=0.01


Tree=33
num_leaves=50
num_cat=0
split_feature=36 14 71 73 72 69 0 72 82 34 57 0 98 16 25 16 62 69 27 3 62 29 81 91 3 93 34 63 17 17 34 63 2 98 98 3 100 11 98 32 87 39 34 62 39 93 0 35 2
split_gain=9.51032 12.135 11.4701 14.506 8.41164 8.37175 15.831 13.8043 12.5487 12.329 11.0472 7.71734 11.3599 9.75975 7.38982 7.38921 13.7468 7.98725 7.40816 6.74109 6.62536 6.6227 6.85629 8.01258 6.41212 6.1984 6.85714 7.37611 6.14135 13.9378 5.44404 6.79596 9.20068 6.12909 5.41548 5.25974 4.8341 4.84848 4.69241 4.54133 7.61261 5.63333 4.22913 4.08087 6.00011 4.7778 3.79282 3.6031 1.92001
threshold=84.750000000000014 13292.300000000001 1202.3975000000003 1059.5000000000002 1503.4000000000003 34093.850000000006 34040.200000000004 0.92250000000000021 0.0095000000000000102 71.250000000000014 -0.22252093395631442 33878.400000000009 0.28819444444444448 4999.0000000000009 73.750000000000014 6141.7000000000007 1255.2510000000002 31461.050000000003 30.250000000000004 11232.950000000003 1412.95 89.750000000000014 4186.3610269798501 29370.407068750003 13434.650000000001 414.79644736842107 90.250000000000014 28857.050000000003 255.20000000000002 288.4500000000001 91.250000000000014 30408.450000000004 2758.3000000000006 0.079861111111111119 0.29513888888888895 14925.250000000002 0.017361111111111115 37361.200000000004 0.32291666666666669 191.25000000000003 0.71875000000000011 215.75000000000003 78.250000000000014 1424.3420000000003 162.25000000000003 411.59644736842114 35203.80000000001 26.475000000000005 3347.4000000000005
decision_type=2 2 2 2 2 2 2 2 2 2 2 2 2 2 2 2 2 2 2 2 2 2 2 2 2 2 2 2 2 2 2 2 2 2 2 2 2 2 2 2 2 2 2 2 2 2 2 2 2
left_child=1 15 3 11 -5 6 8 9 25 -7 14 12 13 -3 -10 16 18 -18 -1 34 -4 22 23 -17 -21 28 27 -27 30 -30 31 32 33 -2 -12 -8 -22 -38 -16 -11 41 -41 -26 44 -9 -46 -24 -32 -13
right_child=5 2 20 4 -6 7 35 43 10 39 19 48 -14 -15 38 21 17 -19 -20 24 36 -23 46 -25 42 26 -28 -29 29 -31 47 -33 -34 -35 -36 -37 37 -39 -40 40 -42 -43 -44 -45 45 -47 -48 -49 -50
leaf_value=-2.3261103907649985 -0.00030835553818422848 -0.0053670848085235747 2.4714736215571085 -0.013252223722507887 -3.5548314675233055 -2.9540452102143617 3.1186654080889831 -6.1812425770466808 0.041547413496394063 0.069159524022470303 4.3909073857691636 4.758585284135517 -0.08256155823554634 2.6820779208988399 6.5565615212944399 -0.0052821487856392069 0.15406858812845239 0.18985431053721191 0.02894955287398801 -0.67182997378587117 -0.0073552142648073641 -0.2120253445485285 0.031568072010740564 -0.018532570300402229 0.24332720994035456 0.028948959032213391 0.045757570311026757 -0.037302878269373119 0.63836751553805704 -0.087104048284769517 -4.6669629191997499 -0.21718858084746537 3.5561021663366943 -1.655139221083324 -0.019537062582982209 2.2917985593859309 0.033961020439322413 2.2160923457860715 3.1387423161962249 -0.010676100148206439 -0.04861166666207508 5.1350428534337178 -0.23054897026996021 -0.036712758659158989 -2.9477313294534424 -0.056723880969430561 -0.008996378758484129 -0.2409231627817672 4.6036237941109839
leaf_weight=21 31 35 39 37 26 32 20 33 33 25 21 23 35 31 21 26 27 23 28 33 24 23 26 27 31 37 30 33 25 20 20 20 25 34 22 35 22 33 29 30 20 24 24 23 23 30 24 29 21
leaf_count=21 31 35 39 37 26 32 20 33 33 25 21 23 35 31 21 26 27 23 28 33 24 23 26 27 31 37 30 33 25 20 20 20 25 34 22 35 22 33 29 30 20 24 24 23 23 30 24 29 21
internal_value=-0.00016129 0.000852995 0.00208589 0.000673077 -0.00333333 -0.000848708 -0.000191972 -0.00241667 -0.000733591 -0.000229008 0.0011215 0.00241379 0.000891089 0.00333333 0.0039759 -0.000933333 0.00111111 0.0048 -0.00265306 -0.000687023 0.00457627 -0.00253968 -0.00145631 -0.00396226 -0.00227273 -0.00203947 0 -0.00171429 -0.00303922 0.000222222 -0.00396226 -0.00272727 -0.00155556 -0.00353846 0.00255814 0.00490909 0.00291139 0.00454545 0.0064 0.00151515 0.00027027 0.00222222 -0.000181818 -0.00504587 -0.00604651 -0.00396226 0.0012 -0.00673469 0.00590909
internal_weight=1364 551 326 208 63 813 573 240 518 131 214 145 101 66 83 225 99 50 49 131 118 126 103 53 88 304 100 70 204 45 159 110 90 65 43 55 79 55 50 99 74 54 55 109 86 53 50 49 44
internal_count=1364 551 326 208 63 813 573 240 518 131 214 145 101 66 83 225 99 50 49 131 118 126 103 53 88 304 100 70 204 45 159 110 90 65 43 55 79 55 50 99 74 54 55 109 86 53 50 49 44
is_linear=0
shrinkage=0.01


Tree=34
num_leaves=53
num_cat=0
split_feature=99 36 5 69 17 93 36 88 89 3 29 20 65 5 89 93 63 26 30 94 66 27 2 2 71 2 89 89 69 1 38 94 20 66 78 89 83 88 7 26 16 93 46 63 17 88 56 32 34 62 62 26
split_gain=10.1393 9.1692 8.90376 8.14109 12.3052 7.40879 9.7568 7.27825 7.39659 6.37954 6.33015 6.0576 5.90175 5.88035 7.68627 5.58538 8.1268 7.23785 12.7781 9.15751 8.35422 6.06551 10.1973 8.98757 15.8391 10.6847 7.61337 10.1318 9.09091 7.42976 7.19426 6.51905 5.66273 10.7563 8.9887 8.53535 4.81311 4.79596 4.60909 4.58683 4.08519 4.04211 3.9058 3.7437 3.6 3.5787 3.57509 3.54579 3.06087 2.5 2.48595 0.473469
threshold=0.61458333333333337 92.250000000000014 3096.6450000000004 30075.250000000004 129.10000000000002 416.63022048364161 87.750000000000014 11278.258125 1167.4959562500001 14281.900000000001 94.250000000000014 2799.2500000000005 26604.150000000005 2473.7200000000007 1269.01734375 424.42459459459468 28252.750000000004 1.2500000000000002 76.250000000000014 579186.91909687512 1299.8000000000002 75.750000000000014 2345.4110000000005 2988.8235000000004 811.01800000000014 3321.3500000000004 1132.4885812500002 1255.01439375 32530.500000000004 15941.600000000002 7.625 566829.44417937507 936.30000000000007 895.92400000000009 591.49832986111107 1531.5726562500001 1558.6000000000006 4593.9262499999995 26.795000000000005 7.2500000000000009 6095.9000000000005 414.2852631578948 103.84499740600587 30852.900000000005 103.75000000000001 13871.862291666666 0.6078576107927941 143.25000000000003 75.750000000000014 1261.3615000000002 775.00000000000011 72.750000000000014
decision_type=2 2 2 2 2 2 2 2 2 2 2 2 2 2 2 2 2 2 2 2 2 2 2 2 2 2 2 2 2 2 2 2 2 2 2 2 2 2 2 2 2 2 2 2 2 2 2 2 2 2 2 2
left_child=1 2 3 44 48 7 36 12 -9 -3 11 15 -2 14 -6 17 -17 18 20 -20 -4 23 -23 24 39 29 28 -28 -24 -25 31 -26 33 43 -34 -35 -7 -12 -37 -19 -36 -14 -13 -29 -1 -10 -38 -21 -5 -33 -41 -52
right_child=5 9 10 4 13 6 -8 8 45 -11 37 42 41 -15 -16 16 -18 21 19 47 -22 22 26 25 30 -27 27 32 -30 -31 -32 49 34 35 40 38 46 -39 -40 50 -42 -43 -44 -45 -46 -47 -48 -49 -50 -51 51 -53
leaf_value=0.188388558925806 -0.014253032685278492 -2.4537347902943583 -0.35408921647465874 -3.0543727552477957 -6.405194169067447 -0.035604471997698679 0.15315984558469864 -0.072829869566904903 0.15557442607081526 -0.041358261613887282 4.2025026936188912 -0.018210316419592077 -7.286073069478209 0.18327004772700864 0.0066962888278488241 0.014077248894101725 -0.038902707454627795 0.12907852886758728 0.027914207272314542 -2.1192075223806972 0.87355843310217862 -0.8312382038892614 0.060522687978585385 -0.12460851555912758 0.62286165720312203 2.6143989307004087 0.62327131079664699 0.71756235203151941 -5.7726989464043399 0.54234868491573485 0.13646104160803493 -0.1565650033519001 -0.038305602601069022 -0.36693231229291867 3.1201481277519676 -0.054183609213755396 0.036985720832826925 0.2988476456147649 1.2703670436715455 0.094090594565073682 1.7843714283274343 -0.020155328865680923 -5.0573033539536665 -0.078615610349646675 -0.028005185639824494 -0.039372180505169517 -0.01174214661139438 -0.064028715132042363 -3.6529921116234427 -0.010398406185614535 3.0986446949470765 9.097005023922847
leaf_weight=20 38 22 21 23 24 22 21 23 28 21 20 22 27 22 27 21 32 22 39 28 36 39 22 28 30 35 26 34 22 32 37 20 26 36 25 24 25 23 20 20 26 30 24 22 20 22 22 24 22 20 29 20
leaf_count=20 38 22 21 23 24 22 21 23 28 21 20 22 27 22 27 21 32 22 39 28 36 39 22 28 30 35 26 34 22 32 37 20 26 36 25 24 25 23 20 20 26 30 24 22 20 22 22 24 22 20 29 20
internal_value=-0.000307918 0.000108499 0.000291627 -0.00189873 -0.00322034 -0.00209302 0.000222222 -0.00333333 -0.000958904 -0.0044186 0.000674033 0.000487239 -0.00515789 -0.000684932 -0.00254902 0.000686275 -0.00245283 0.000904325 -0.00108108 -0.00340659 0.00263158 0.00138211 0.000434783 0.00242321 0.00363636 -0.000105263 0.00109541 0.00179916 -0.00272727 -0.00266667 0.00102804 -0.000857143 0.00107981 -0.000147059 0.00324675 -0.0025 -0.0015942 0.0044186 0.000454545 0.0067033 0.00568627 -0.00719298 -0.00304348 0.00321429 0.002 0.0012 0.000212766 -0.00615385 -0.00733333 -0.0035 0.00797101 0.00918367
internal_weight=1364 1106 1063 158 118 258 90 168 73 43 905 862 95 73 51 816 53 763 148 91 57 615 322 293 198 95 283 239 44 60 107 70 213 136 77 80 69 43 44 91 51 57 46 56 40 50 47 52 45 40 69 49
internal_count=1364 1106 1063 158 118 258 90 168 73 43 905 862 95 73 51 816 53 763 148 91 57 615 322 293 198 95 283 239 44 60 107 70 213 136 77 80 69 43 44 91 51 57 46 56 40 50 47 52 45 40 69 49
is_linear=0
shrinkage=0.01


Tree=35
num_leaves=51
num_cat=0
split_feature=80 13 28 65 80 0 38 97 21 94 6 4 30 13 39 22 76 32 41 5 74 75 77 7 22 79 21 75 7 28 22 0 27 4 4 65 13 65 20 81 81 94 24 33 28 7 20 33 7 74
split_gain=13.4456 11.0964 12.8441 9.49522 9.30701 8.05616 10.1504 22.4626 11.7188 8.04905 7.82914 15.8286 9.1924 7.66533 7.28718 7.04535 7.04 6.97115 6.92599 6.92366 6.88696 6.47288 6.43777 10.8487 8.30677 13.2133 12.4609 12.2975 9.20772 7.88182 7.12761 7.11818 7.0303 9.63333 6.95416 7.6908 6.83752 6.00475 7.315 5.52743 5.09804 5.07803 4.53065 4.52174 4.46187 3.63603 4.82831 3.50303 3.31579 2.59286
threshold=33857.697569444455 14477.800000000001 31.525000000000002 33223.150000000009 33658.160069444457 30972.550000000003 5.7250000000000005 0.13541666666666671 23.725000000000005 554352.83648281277 2926.7900000000004 3355.1150000000002 90.750000000000014 11373.950000000003 236.25000000000003 65.750000000000014 35607.498958333344 251.75000000000003 48.250000000000007 2346.9900000000002 800.07512500000007 490.64145804114008 3042.5567404439121 20.475000000000005 87.750000000000014 361.69244377162516 23.325000000000006 656.66113803567339 151.85500000000005 26.725000000000005 67.250000000000014 32390.250000000004 75.250000000000014 9490.3000000000011 6402.5550000000012 26854.050000000003 2163.2500000000005 26887.900000000005 2021.5000000000002 4238.168459158268 4609.9863068228451 671307.38296468765 8.0250000000000021 109.75000000000001 21.575000000000006 17.595000000000002 870.40000000000009 175.75000000000003 125.46000000000002 1159.1188333333334
decision_type=2 2 2 2 2 2 2 2 2 2 2 2 2 2 2 2 2 2 2 2 2 2 2 2 2 2 2 2 2 2 2 2 2 2 2 2 2 2 2 2 2 2 2 2 2 2 2 2 2 2
left_child=4 2 5 -3 10 42 9 13 49 40 12 15 19 21 17 -12 -10 -11 44 -1 -18 39 31 36 28 -26 48 29 -25 -28 -30 32 -13 -34 -32 -36 -24 -20 45 -8 -7 -38 -2 -44 -17 -39 -47 -5 -27 -9
right_child=1 3 -4 47 -6 6 7 8 16 14 11 22 -14 -15 -16 18 20 -19 37 -21 -22 -23 23 24 25 26 27 -29 30 -31 34 -33 33 -35 35 -37 41 38 -40 -41 -42 -43 43 -45 -46 46 -48 -49 -50 -51
leaf_value=0.15416529863345305 -0.037751114355070454 0.47194758757644034 0.051284101706383346 0.030391965288293753 0.42013003548504818 -3.3783009980652459 -0.40482697363764614 4.7994001692162707 -0.080845324935021709 -0.10393204558229034 -0.49830425198827227 1.0271400835095148 -3.9944955489796001 -0.0079408025264007913 -0.09766605007648492 1.2070268345321764 -0.0322903926933076 0.92538709819131071 -0.018623786391161513 -0.99134776620229448 0.41866942532208173 -4.3660368666480149 0.0019843452930609741 0.29031704771343103 -0.071508447630087235 1.2053685360107433 -0.0030244557135525652 -0.43414297868063983 0.37556877824051826 2.2765930727031862 -1.5801949010945862 -0.022713737427653952 -0.18512945388880384 4.8087185700760253 -0.072101570871235851 0.021400261550419793 -1.0111017197756733 0.82632666301907254 -0.023037348179801694 -0.0019427154286727278 -1.5396450064400358 -0.051307651409110165 -0.66079172699266342 -0.033424977413096829 2.6844847220031123 0.0011332868569259213 1.6603381798587578 -4.0415340819193997 7.3680400047766561 0.68139795968421513
leaf_weight=22 31 32 22 24 21 26 22 20 25 32 21 33 37 39 20 27 23 26 39 26 32 24 20 30 29 21 20 30 23 24 38 33 30 24 23 39 25 21 24 25 34 36 26 23 24 21 26 20 36 28
leaf_count=22 31 32 22 24 21 26 22 20 25 32 21 33 37 39 20 27 23 26 39 26 32 24 20 30 29 21 20 30 23 24 38 33 30 24 23 39 25 21 24 25 34 36 26 23 24 21 26 20 36 28
internal_value=-0.000239651 -0.00144404 -0.00200837 0.00210526 0.000571081 -0.00236842 -0.00175532 -0.000504202 0.00234375 -0.00391304 0.000399002 0.000739191 -0.00247059 -0.00381818 -0.00179487 0.00310345 0 0 0.00373626 0.000416667 0.002 -0.00577465 -0.000194553 -0.000812183 3.19489e-05 0.001625 0.0029771 0.00027027 -0.00163399 0.00363636 -0.00284553 0.00183333 0.00333333 0.00111111 -0.004 -0.00193548 -0.00407407 0.00251908 0.00391304 -0.00361702 -0.00666667 -0.0057377 -0.00525 -0.00714286 0.00686275 0.00558824 0.00404255 -0.000909091 0.00649123 0.00625
internal_weight=1377 554 478 76 823 456 376 238 128 138 802 717 85 110 78 203 80 58 182 48 55 71 514 394 313 160 131 74 153 44 123 120 87 54 100 62 81 131 92 47 60 61 80 49 51 68 47 44 57 48
internal_count=1377 554 478 76 823 456 376 238 128 138 802 717 85 110 78 203 80 58 182 48 55 71 514 394 313 160 131 74 153 44 123 120 87 54 100 62 81 131 92 47 60 61 80 49 51 68 47 44 57 48
is_linear=0
shrinkage=0.01


Tree=36
num_leaves=55
num_cat=0
split_feature=36 7 21 76 7 3 21 88 82 19 83 68 65 19 71 50 0 26 63 77 68 100 26 10 26 100 100 26 65 71 10 7 100 61 76 94 94 10 19 33 56 31 88 31 28 77 19 91 37 31 83 17 0 0
split_gain=10.6929 10.5389 15.7794 12.0071 7.01442 11.1571 9.16733 10.9245 9.38314 8.38686 8.69206 6.90604 10.3807 9.66143 7.83614 7.68112 8.427 10.1469 10.6566 8.0498 7.17201 7.51281 6.56298 10.1893 6.49112 6.54642 6.63438 6.36249 7.2404 6.28618 6.85403 7.85726 6.20887 6.10479 5.9835 5.71533 8.33142 6.4 5.56017 5.41949 6.74385 5.34405 5.12121 5.00865 5.53447 4.48242 4.2964 3.5723 3.50061 3.43636 3.04621 2.7709 2.57651 0.409756
threshold=84.250000000000014 57.805 28.075000000000006 26900.043750000001 208.40000000000003 13434.650000000001 28.225000000000005 7806.230833333334 999.50000000000011 919.00000000000011 2231.3500000000008 1490.2360000000001 24952.650000000005 227.75000000000003 1266.8995000000002 1.0000000180025095e-35 35282.250000000007 34.750000000000007 30123.150000000005 3942.4652196661596 1685.5500000000002 0.017361111111111115 54.750000000000007 32258.350000000002 93.250000000000014 0.12847222222222224 0.46180555555555564 1.2500000000000002 34163.100000000006 0.99950000000000017 38976.05000000001 948.0200000000001 0.67013888888888895 31900.000000000004 33779.20520833334 638131.22696875012 697623.33712250018 29847.150000000005 1720.1500000000003 163.25000000000003 0.6078576107927941 6.4750000000000005 5579.5445833333342 9.9250000000000025 28.075000000000006 3766.3513455451694 868.70000000000016 31109.932187499999 80.250000000000014 4.6750000000000016 1783.3000000000013 203.80000000000004 31577.650000000005 31193.900000000005
decision_type=2 2 2 2 2 2 2 2 2 2 2 2 2 2 2 2 2 2 2 2 2 2 2 2 2 2 2 2 2 2 2 2 2 2 2 2 2 2 2 2 2 2 2 2 2 2 2 2 2 2 2 2 2 2
left_child=11 2 3 -2 9 35 7 8 -7 41 -11 12 -1 -14 27 16 17 18 20 -19 21 -13 23 45 -4 -26 -27 34 32 30 31 -9 33 -29 -15 -6 -37 -38 -8 40 46 -3 52 44 49 -5 -25 53 -20 -31 -23 -46 -16 -24
right_child=1 4 24 22 5 6 38 29 -10 10 -12 15 13 14 42 -17 -18 19 48 -21 -22 50 47 39 25 26 -28 28 -30 43 -32 -33 -34 -35 -36 36 37 -39 -40 -41 -42 -43 -44 -45 51 -47 -48 -49 -50 -51 -52 -53 -54 -55
leaf_value=1.7859485049742971 0.056086824000721409 5.0285276842156446 -0.096049084681008104 -2.100927313148397 0.00075638477433536246 -5.4170151785283647 -0.037933708582380599 0.16911265581243279 0.028633247310512033 0.14169755928842612 -0.0272710262548428 -0.049414710825190708 -1.0848186619450872 0.053066022212894859 0.71746456109109391 -6.2242755178718037 -0.56523916769725657 0.0001478852296864583 0.017409766840427176 -2.7628624115045604 -0.029392881498387809 0.091038947338134099 -0.54659337620901727 -0.12445498664153409 -0.022189285811513568 6.1551205921701282 0.0288713305164549 0.042827957182800899 -0.047307088151243681 -0.056523177515761226 0.10195325458088124 -0.25566607322052354 -0.0022797887834751988 3.0970713115178969 -0.082330169416780383 -0.20979423776379999 -7.3982396040472631 0.049648366275378719 -3.0544978973634445 -0.40058623566531187 -0.23807983757791248 0.12444097189574319 0.025289826882954683 7.816110696046219 6.6532176112302821 -2.341874993663037 0.17117222889681422 -0.66424262578661486 0.27420785443865553 0.029508732447417866 1.225057681429814 0.10445461640031808 1.6990880338580767 -5.2768549995858578
leaf_weight=27 21 28 29 25 32 27 35 23 20 36 20 20 28 23 21 21 28 27 30 20 32 22 20 21 31 21 20 34 21 20 27 28 30 35 24 33 20 20 22 22 21 32 22 21 31 30 20 24 25 22 21 20 23 21
leaf_count=27 21 28 29 25 32 27 35 23 20 36 20 20 28 23 21 21 28 27 30 20 32 22 20 21 31 21 20 34 21 20 27 28 30 35 24 33 20 20 22 22 21 32 22 21 31 30 20 24 25 22 21 20 23 21
internal_value=-0.000283224 -0.000984579 -0.00239264 -0.00386667 -9.67118e-05 -0.000723192 0.00027027 0.00112971 -0.00319149 0.00206897 -0.000714286 0.00082397 0.001875 0.00126437 0.00193133 -0.000406504 0.000133333 0.000862944 0.00213333 -0.00319149 0.000105263 0.00206349 -0.00460784 -0.00338129 0.000891089 0.0025 0.00512195 0.000778443 0.002 0.0021875 0 -0.00215686 0.00313131 0.00478261 -0.00234043 -0.00352381 -0.00506849 -0.002 -0.00333333 -0.00119048 0.000322581 0.00466667 0.00484848 0.00368421 0.00268817 -0.00672727 0.00268293 -0.00723077 0.00563636 0 0.0044186 0.00490196 0.00681818 -0.00902439
internal_weight=1377 843 326 225 517 401 296 239 47 116 56 534 288 261 233 246 225 197 150 47 95 63 204 139 101 72 41 167 120 192 78 51 99 69 47 105 73 40 57 84 62 60 66 114 93 55 41 65 55 42 43 51 44 41
internal_count=1377 843 326 225 517 401 296 239 47 116 56 534 288 261 233 246 225 197 150 47 95 63 204 139 101 72 41 167 120 192 78 51 99 69 47 105 73 40 57 84 62 60 66 114 93 55 41 65 55 42 43 51 44 41
is_linear=0
shrinkage=0.01


Tree=37
num_leaves=54
num_cat=0
split_feature=41 22 42 88 4 4 72 17 60 60 73 83 31 83 72 22 41 82 92 94 19 77 74 39 5 19 4 82 14 7 34 93 31 77 32 32 94 1 22 34 74 22 66 16 60 1 90 14 65 56 93 30 39
split_gain=9.92835 11.6932 9.06503 13.6622 9.2089 11.7755 11.6868 15.7628 11.054 11.3957 10.7047 10.6906 10.0229 9.45027 9.16128 10.1613 10.7408 9.42337 8.97147 13.9516 9.56321 9.01605 8.90844 8.65385 10.0882 8.32587 7.74605 6.96377 6.60117 6.41413 6.17648 8.20016 7.39231 6.64314 6.13557 5.83333 5.79294 5.76444 5.65313 5.45201 5.45182 5.06288 5.01951 4.36864 4.04162 3.90718 3.87362 4.05905 9.58678 3.75065 2.66189 2.5 2.40803
threshold=48.750000000000007 80.750000000000014 350.25000000000006 10425.750833333335 2690.4000000000005 2546.1900000000001 960.50000000000011 15.700000000000001 1033.6125000000002 754.65650000000016 0.98050000000000004 2896.6500000000001 18.075000000000006 399.70000000000078 0.99150000000000016 92.250000000000014 68.750000000000014 -0.050500000000000038 20622.617187500004 594416.73712343758 445.2000000000001 3789.6224934363931 1164.9961145833336 122.75000000000001 3798.9150000000004 690.20000000000016 7842.5250000000005 6.4560000000000182 15906.700000000003 55.920000000000009 78.750000000000014 414.46342105263165 5.2250000000000005 4039.3192259160364 71.750000000000014 210.75000000000003 674874.23892093764 14973.025500000002 88.750000000000014 74.750000000000014 935.03682291666678 87.750000000000014 1332.6500000000003 5763.2000000000016 1200.0500000000002 14463.200000000003 2452.4167500000008 19239.400000000005 33599.750000000007 1.0000000180025095e-35 412.8497132253712 69.750000000000014 158.25000000000003
decision_type=2 2 2 2 2 2 2 2 2 2 2 2 2 2 2 2 2 2 2 2 2 2 2 2 2 2 2 2 2 2 2 2 2 2 2 2 2 2 2 2 2 2 2 2 2 2 2 2 2 2 2 2 2
left_child=1 29 4 42 5 25 7 10 9 26 -6 12 18 -9 17 16 -16 30 -10 28 35 36 46 24 -3 39 -8 37 45 -1 33 32 -32 -15 -26 -21 -22 -27 43 -2 49 -30 -4 -18 -39 -20 47 -19 -49 -12 -11 -29 -23
right_child=2 23 3 -5 6 -7 8 13 11 50 40 -13 -14 14 15 -17 38 22 19 20 21 52 -24 -25 34 27 -28 51 41 -31 31 -33 -34 -35 -36 -37 -38 44 -40 -41 -42 -43 -44 -45 -46 -47 -48 48 -50 -51 -52 -53 -54
leaf_value=-1.3469326620407978 0.66535095629986218 -0.97714799098662664 0.05759952274417815 -0.030992785261327864 -0.023569592687788733 0.92735049739115172 0.037150775372321643 0.16555288905750437 -2.4987076214748138 -3.4395603288578598 1.5584329478791932 0.76239636146890133 -7.365500348415682 -0.90487127317205851 1.2021494737970206 -3.8051545542496248 -2.1016641165909791 -0.019929939321172176 0.57300318465915023 -0.0047742440284643944 -0.026487098957460792 -1.4370669388035429 7.3968738173332262 2.1968856248962898 3.4199978204919104 -0.032792713256335253 -10.401446117583355 -0.043541282542017175 0.2309946410061233 0.064108963238556985 0.019347722157423392 -0.0078860558628815608 6.0117100475773668 0.030143934664340222 0.67312482983426014 0.62587672779425041 0.011839940168504249 0.00091603370952508204 0.0030547050806586551 0.0023599476107912993 7.9176401096511269 5.3157756880490137 3.1790191015623264 -0.23569903920213336 0.1232535661513279 -0.058459685514744966 -0.10600314647799759 1.8367753154584485 -0.066587590986906142 0.0050576436289976878 -5.4556044829866686 -2.8148526395539828 -0.04034382840463753
leaf_weight=25 26 21 20 21 20 22 38 22 22 39 35 22 33 30 21 25 26 25 20 35 38 20 20 26 21 22 32 20 26 33 20 25 32 21 30 21 29 33 23 30 24 20 21 31 20 23 35 26 21 20 20 20 26
leaf_count=25 26 21 20 21 20 22 38 22 22 39 35 22 33 30 21 25 26 25 20 35 38 20 20 26 21 22 32 20 26 33 20 25 32 21 30 21 29 33 23 30 24 20 21 31 20 23 35 26 21 20 20 20 26
internal_value=-0.000196078 0.00217949 -0.00049959 0.00322581 -0.000698878 0.00129534 -0.00109731 -3.98406e-05 -0.00224138 -0.00472868 0.00353535 -0.00128358 -0.00175719 -0.000918114 -0.00128609 -0.00349206 -0.00207921 -0.000196078 -0.00114286 -0.000620155 -0.00230769 -0.0039823 -0.00212598 0.00428571 0.0025 0.000409357 -0.002 -0.00113043 0.00258427 -0.00137931 0.00171875 0.00350649 0.00576923 -0.000980392 0.00490196 0.00107143 -0.00164179 0.000666667 -0.00375 0.00357143 0.00518987 0.00521739 0.00658537 -0.0054386 0.00245283 -0.000232558 -0.00327103 -0.00194444 -0.000212766 0.00345455 -0.0079661 -0.0045 -0.0073913
internal_weight=1377 156 1221 62 1159 193 966 502 464 129 99 335 313 403 381 126 101 255 280 258 169 113 127 98 72 171 70 115 89 58 128 77 52 51 51 56 67 75 80 56 79 46 41 57 53 43 107 72 47 55 59 40 46
internal_count=1377 156 1221 62 1159 193 966 502 464 129 99 335 313 403 381 126 101 255 280 258 169 113 127 98 72 171 70 115 89 58 128 77 52 51 51 56 67 75 80 56 79 46 41 57 53 43 107 72 47 55 59 40 46
is_linear=0
shrinkage=0.01


Tree=38
num_leaves=55
num_cat=0
split_feature=96 68 79 0 67 58 66 30 0 70 81 69 94 8 42 24 92 69 65 67 24 64 100 30 29 29 34 2 66 2 24 81 81 34 81 65 7 13 94 6 4 66 42 19 25 5 46 25 60 30 70 65 65 0
split_gain=15.2002 14.7426 15.7892 10.7128 8.81713 9.73158 8.81102 9.161 8.20632 10.9169 7.98117 7.70814 7.31602 7.29794 7.12648 7.48048 6.24031 6.31846 5.80281 13.765 10.9356 8.70912 8.47271 7.4828 5.41319 8.34518 5.24787 5.15714 4.90894 4.9586 6.5482 4.85519 7.77712 10.8106 7.11698 6.10581 4.84848 4.7798 6.41778 4.41758 8.56288 4.39154 5.35966 7.76396 9.20049 6.41212 4.35981 4.34846 4.29469 4.16418 3.92 3.80501 3.54632 2.89403
threshold=1.0000000180025095e-35 1457.2285000000004 303.47471563425324 31901.800000000007 24587.500000000004 0.93301270189221952 1236.3805000000002 49.750000000000007 23034.050000000003 0.94200000000000006 4755.9251853652468 27476.200000000004 655851.94455187523 418.1136842105264 115.75000000000001 9.9250000000000025 21378.272025000009 36267.850000000006 28304.250000000004 30815.850000000002 9.3250000000000011 961.11750000000018 0.28125000000000006 93.250000000000014 73.750000000000014 81.250000000000014 80.750000000000014 3066.4500000000003 1295.3840000000002 3486.8135000000007 7.1250000000000009 4511.9517852399249 4136.4604084679577 59.750000000000007 4252.6018531541031 30362.750000000004 40.670000000000009 4346.3000000000002 634940.66510500025 3490.5600000000004 3945.2100000000005 1430.9115000000004 257.77499389648443 1303.2500000000002 55.250000000000007 3639.3400000000006 103.7150001525879 193.25000000000003 1405.9160000000004 98.250000000000014 1122.7305000000003 26031.350000000002 28359.100000000002 34775.600000000006
decision_type=2 2 2 2 2 2 2 2 2 2 2 2 2 2 2 2 2 2 2 2 2 2 2 2 2 2 2 2 2 2 2 2 2 2 2 2 2 2 2 2 2 2 2 2 2 2 2 2 2 2 2 2 2 2
left_child=1 2 3 12 -4 18 7 -3 -2 11 31 -10 52 47 15 16 17 -13 21 -20 28 22 -6 -22 -16 -26 -17 -27 29 30 -21 32 35 -34 -35 41 -30 -23 -39 -9 -41 -8 43 44 -43 -46 -33 49 -5 -11 -42 -24 -1 -18
right_child=8 6 4 48 5 -7 10 39 9 13 -12 14 -14 -15 24 26 53 -19 19 20 23 37 51 -25 25 27 -28 -29 36 -31 -32 46 33 34 -36 -37 -38 38 -40 40 50 42 -44 -45 45 -47 -48 -49 -50 -51 -52 -53 -54 -55
leaf_value=0.079896942683809424 0.22462744833286913 0.51841700789026801 1.7338890417196351 -0.0040534585727907335 -0.59162410414704303 1.9810790717809452 -0.024967849835018211 -5.3135399966057451 -0.033363781328587611 -1.7780133075476832 -2.0411042533513477 0.02164072550345443 -0.58957648517511607 0.0048220966188147994 -1.4135223727312578 -0.046843177606826492 -0.10494311501321762 -0.065783738318309692 -0.13282239772126475 -0.099697443146830197 0.040651644182511236 5.9084040469698076 0.095797902526926895 -0.070882464843776458 0.040618606194013279 0.020833741169758297 0.048149934985866269 -0.011779131955623945 4.9042847057117047 4.8868437375855107 4.5232516267915956 0.0386812666981423 -2.3805969812448486 -0.12135509362833642 0.0075601511211782959 -0.0067018964573529859 9.3945565277408853 -0.02242600538532253 7.1576822062873182 0.01776425747596928 -5.2238215786004254 0.27114128642717006 1.2101966317995116 0.099908485263274949 0.019298041419852731 -0.027781831410524243 2.5959818788768461 -0.08317401171122274 1.4549166553184412 -5.8725133586408536 -1.8126037311785712 0.12069951544988222 -0.71436250262982182 -0.038406298003951719
leaf_weight=22 21 20 29 31 33 20 21 23 20 36 23 24 35 21 34 21 21 26 33 26 31 21 22 36 22 21 25 24 24 21 24 21 36 23 33 20 20 20 25 24 25 30 28 32 20 24 20 20 22 31 25 24 20 23
leaf_count=22 21 20 29 31 33 20 21 23 20 36 23 24 35 21 34 21 21 26 33 26 31 21 22 36 22 21 25 24 24 21 24 21 36 23 33 20 20 20 25 24 25 30 28 32 20 24 20 20 22 31 25 24 20 23
internal_value=-0.000123457 0.000536981 0.00165121 -0.00138462 0.00261614 0.00221053 -0.000803571 -0.00316239 -0.00179487 -0.00214092 3.02115e-05 -0.00103448 -0.00376623 -0.00481481 -0.000539419 -0.002 -0.00361702 -0.0012 0.00183333 0.000790698 0.00186813 0.00337931 0.00113924 -0.00134328 0.00148515 0.00313433 0.00130435 0.000666667 0.00373913 0.00211268 0.0004 0.000454545 -3.74532e-05 -0.0023913 0.000357143 0.0012 0.00636364 0.00606061 0.00422222 -0.00443299 -0.00324324 0.00187097 0.00253731 0.00150943 -0.00027027 -0.00318182 0.00365854 -0.00609195 0.00207547 -0.00731343 -0.0056 0.00391304 -0.000952381 -0.00636364
internal_weight=1377 987 539 130 409 380 448 117 390 369 331 261 77 108 241 140 94 50 360 215 182 145 79 67 101 67 46 45 115 71 50 308 267 92 56 175 44 66 45 97 74 155 134 106 74 44 41 87 53 67 50 46 42 44
internal_count=1377 987 539 130 409 380 448 117 390 369 331 261 77 108 241 140 94 50 360 215 182 145 79 67 101 67 46 45 115 71 50 308 267 92 56 175 44 66 45 97 74 155 134 106 74 44 41 87 53 67 50 46 42 44
is_linear=0
shrinkage=0.01


Tree=39
num_leaves=54
num_cat=0
split_feature=40 7 96 14 31 20 39 37 94 68 37 100 68 66 79 98 94 76 43 14 90 20 36 94 36 45 100 1 94 46 40 39 1 78 42 0 8 61 34 84 27 20 27 79 68 14 71 27 88 71 60 7 0
split_gain=11.6591 13.5338 9.07299 17.9418 11.1762 10.7227 15.2709 10.3816 7.87028 9.17953 7.41691 9.66469 7.33388 7.72578 9.81333 8.27841 7.31002 7.18858 6.95922 6.67533 6.9189 6.56112 8.2113 6.09107 8.04762 6.03972 10.9914 7.88668 10.8053 5.90769 5.83769 11.7343 8.01922 7.48895 10.5217 5.71429 5.72275 7.26591 5.67922 5.40346 5.36029 5.80423 5.18571 4.29522 4.26087 4.25699 3.98629 3.96825 3.64828 3.62692 3.08899 2.82609 0.9
threshold=30.250000000000004 78.435000000000016 1.0000000180025095e-35 9419.2000000000025 17.200000000000003 2162.9000000000001 155.25000000000003 38.750000000000007 560559.21023312525 1398.6000000000001 83.250000000000014 1.0000000180025095e-35 1236.3805000000002 1503.4000000000003 561.99498083480262 0.49652777777777785 626318.88887250016 28773.620833333338 86.569999694824233 14152.650000000003 1459.0327500000003 865.10000000000014 89.250000000000014 524885.80778750021 82.750000000000014 24870.500000000004 0.32986111111111116 18518.266000000003 610849.31535343768 101.9650001525879 105.25000000000001 190.25000000000003 14306.850000000002 1169.0591458333336 267.92500305175787 25155.500000000004 418.1136842105264 31938.400000000005 87.750000000000014 1275.3589687500003 60.750000000000007 643.45000000000016 30.250000000000004 537.60425247855881 882.09800000000007 15021.750000000002 1266.8995000000002 92.250000000000014 8051.7702083333343 996.75000000000011 1170.5690000000002 1509.9950000000001 30063.100000000002
decision_type=2 2 2 2 2 2 2 2 2 2 2 2 2 2 2 2 2 2 2 2 2 2 2 2 2 2 2 2 2 2 2 2 2 2 2 2 2 2 2 2 2 2 2 2 2 2 2 2 2 2 2 2 2
left_child=1 29 3 -2 5 6 8 16 23 42 11 -8 -7 14 -14 -15 -4 -6 46 20 -13 -3 -23 24 -5 35 -27 28 43 -1 31 32 -12 34 48 -9 37 38 -37 -19 -21 -42 -10 -28 -43 -35 -11 -30 -32 -22 -34 -39 -44
right_child=2 21 7 4 17 12 10 25 9 18 30 19 13 15 -16 -17 -18 39 -20 40 49 22 -24 -25 -26 26 27 -29 47 -31 33 -33 50 45 -36 36 -38 51 -40 -41 41 44 52 -45 -46 -47 -48 -49 -50 -51 -52 -53 -54
leaf_value=-2.4105527240376561 -0.90660281249203722 1.8338341369864182 -0.004695194505554663 3.8977244543356062 0.13852511587902738 0.97306292854419152 -0.048428582881879109 0.066546479543474951 0.10014926336646823 -0.011858837011225627 -0.046414575205439984 1.4564801645287042 -3.8214466893248322 0.19630400136509579 -0.71014683688970925 -1.0301167628984109 1.8343154630711234 -5.5182902481920637 -1.0233902848431877 -0.049759780978860663 -0.019120995090484011 0.062468788753538659 -0.44271763433609024 4.9860307746994357 -0.0078652570706534523 -2.6137539338079581 0.028655015002938902 -0.55732415522908585 0.0078359218787943767 -0.054824265468011453 0.011859709089790612 -2.3945298766840653 0.87885481840593005 0.26805764165551488 -0.13604676696677367 -0.0015115097235280754 0.007520789686789966 -2.952771345489587 -0.052914532457320543 -2.003798854314911 -0.21403492192558105 -0.0094709227287996973 2.0017571622472441 0.080372702858899386 0.8802748716340506 11.848293552265714 0.094682040028144551 -0.064264125869642405 8.2373834400909995 0.03811146262836438 0.022575632746530804 -0.064359299243299833 4.1680598197783629
leaf_weight=39 30 20 22 27 22 34 39 20 30 20 24 20 23 25 27 23 26 20 20 32 26 39 38 39 21 20 21 26 24 26 20 21 26 27 23 39 32 26 23 22 22 23 20 26 23 22 21 21 29 23 25 20 20
leaf_count=39 30 20 22 27 22 34 39 20 30 20 24 20 23 25 27 23 26 20 20 32 26 39 38 39 21 20 21 26 24 26 20 21 26 27 23 39 32 26 23 22 22 23 20 26 23 22 21 21 29 23 25 20 20
internal_value=5.08351e-05 -0.00246914 0.000386831 0.000932106 0.00120381 0.00153548 0.00206843 -0.000982659 0.00422018 0.00267176 0.000964706 -0.000384615 -0.00106061 -0.00244898 -0.0052 0.000416667 0.00333333 -0.0028125 -0.000163934 0.000650888 0.00304348 -0.000103093 -0.00142857 0.00655172 0.00416667 -0.00167785 -0.000144928 0.00101695 0.0023913 -0.006 0.00225806 0.000416667 0.00226667 0.00371901 0.00166667 -0.003 -0.00371429 -0.00481481 -0.00258065 -0.0052381 -0.001 0.000588235 0.00514286 0.00574468 0.0026087 0.00673469 0.00219512 -0.00111111 0.00428571 0.00102041 0.0045098 -0.00782609 0.0075
internal_weight=1377 162 1215 869 839 775 643 346 218 131 425 208 132 98 50 48 48 64 61 169 69 97 77 87 48 298 138 118 92 65 217 96 75 121 72 160 140 108 62 42 100 68 70 47 46 49 41 45 49 49 51 46 40
internal_count=1377 162 1215 869 839 775 643 346 218 131 425 208 132 98 50 48 48 64 61 169 69 97 77 87 48 298 138 118 92 65 217 96 75 121 72 160 140 108 62 42 100 68 70 47 46 49 41 45 49 49 51 46 40
is_linear=0
shrinkage=0.01


Tree=40
num_leaves=55
num_cat=0
split_feature=36 73 19 73 71 39 38 8 10 28 67 94 2 100 30 38 68 78 33 86 34 4 31 17 78 68 64 74 87 94 64 77 68 3 31 24 45 77 34 38 10 4 2 79 56 37 67 45 17 56 68 4 36 33
split_gain=10.9783 14.8341 13.9222 10.933 10.4491 9.6482 9.47201 8.81273 8.84386 8.50675 8.2439 8.23344 8.09298 8.92358 7.77912 7.33371 9.96834 5.96255 8.46929 7.3709 6.2491 7.76665 8.97673 6.18575 5.89852 5.79884 5.64843 6.10159 5.88371 5.14469 5.14452 6.91789 5.65296 5.11846 5.42198 5.82792 5.17993 4.85735 7.14357 4.64035 5.42155 6.4319 4.23345 3.88819 7.35981 3.73778 3.66984 10.2959 7.44414 2.70941 2.27956 2.04901 2.03901 0.459574
threshold=84.250000000000014 749.95000000000016 1326.5500000000002 1128.1815000000004 1114.1540000000002 200.25000000000003 9.2750000000000021 401.31831349206351 25823.050000000003 26.325000000000006 33084.350000000006 486439.57306750014 2604.8000000000006 0.56597222222222232 51.250000000000007 4.0750000000000011 1350.0420000000001 1247.3266111111113 138.25000000000003 510.6375000000001 116.25000000000001 7640.6750000000011 5.5250000000000012 20.950000000000003 905.73391319444454 1499.9500000000003 1419.0000000000002 1349.6090416666668 0.44791666666666669 523604.49908718752 1050.1000000000001 3652.3846287556626 938.15000000000009 13349.573500000002 6.575000000000002 9.1250000000000018 23467.500000000004 3781.2239262907901 79.250000000000014 10.425000000000002 33541.400000000009 14865.500000000002 3296.9835000000007 457.67736597202344 1.0000000180025095e-35 99.250000000000014 32283.100000000002 24870.500000000004 177.20000000000002 0.6078576107927941 1469.6035000000004 3079.9550000000004 88.250000000000014 35.250000000000007
decision_type=2 2 2 2 2 2 2 2 2 2 2 2 2 2 2 2 2 2 2 2 2 2 2 2 2 2 2 2 2 2 2 2 2 2 2 2 2 2 2 2 2 2 2 2 2 2 2 2 2 2 2 2 2 2
left_child=2 6 5 26 -5 7 11 -1 -9 -7 49 -2 14 15 -3 16 -14 19 25 20 21 22 -13 -24 37 -19 28 -28 -4 -6 32 -32 -10 -17 35 36 -35 38 -23 -8 -41 -42 -12 52 -45 -36 -39 -48 -49 -11 53 -52 -16 -33
right_child=1 12 3 4 29 9 39 8 30 10 42 17 13 -15 43 33 -18 18 -20 -21 -22 24 23 -25 -26 -27 27 -29 -30 -31 31 50 -34 34 45 -37 -38 46 -40 40 41 -43 -44 44 -46 -47 47 48 -50 -51 51 -53 -54 -55
leaf_value=-0.0070137264080738062 -0.059690636141563128 0.025335476576254481 0.27230264018910894 -4.1919269274039594 -1.0208474353748982 -0.32123526467472313 -6.0019634766047458 -0.069411624501298105 -0.0053728388568491251 0.073201540827518258 -0.025244938566689676 5.2589957866581463 0.095365440214083344 -5.8132399823997654 -2.9996871123481874 -0.64959076112563086 -4.4688271784715869 -0.1094653966961856 4.2611572242891835 8.5940844475379858 0.3568552872190322 -0.060700064334935737 0.083525577218250574 -0.097654161223675276 -0.13730353206630166 -0.008801763630227331 -1.0961718755287797 0.22733490317076224 -0.0095333441950328779 0.018412389587560887 0.54290509593787817 2.7726134784378127 0.26910186246950529 1.1473871435906227 0.64707668454804579 -0.11607986469446385 -0.025879497444799435 0.066248658979740804 0.026981594616954749 -0.74155159106469604 0.061469897445556969 -0.051803155433139375 0.017950263660671689 0.16107201545429903 -2.8836787619356925 0.057954205680795491 -0.080056126458304483 2.8060409156969253 -0.033157291386553434 0.03249255429100377 2.2407556909457633 0.012156348845292469 -2.7703481322568542 2.4593280523353731
leaf_weight=25 23 20 34 36 24 25 25 30 21 21 20 37 30 35 24 20 31 20 24 23 23 38 29 21 28 21 24 21 27 28 27 20 20 20 25 33 26 20 31 35 38 22 21 21 20 20 24 25 21 20 22 23 23 27
leaf_count=25 23 20 34 36 24 25 25 30 21 21 20 37 30 35 24 20 31 20 24 23 23 38 29 21 28 21 24 21 27 28 27 20 20 20 25 33 26 20 31 35 38 22 21 21 20 20 24 25 21 20 22 23 23 27
internal_value=-7.18391e-05 -0.000753425 0.00108527 -0.00103093 -0.00363636 0.00236025 0.00030303 0.0035814 0.00431579 -9.34579e-05 0.00146341 0.00102941 -0.00235632 -0.00133333 -0.00462963 -0.000536585 -0.00344262 0.00137662 -0.00138462 0.0019375 0.00151515 0.00109489 0.00356322 0.0008 -5.34759e-05 -0.00414634 0.00113208 -0.00155556 0.00311475 -0.000769231 0.00525 0.00630252 0.00219512 0.000694444 0.00145161 -0.000126582 0.00217391 0.000691824 -0.00130435 -0.00216667 -0.00115789 0.000666667 -0.00170732 -0.00590909 -0.00365854 0.00422222 0.00222222 0.00114286 0.00391304 0.00463415 0.0076087 0.006 -0.00787234 0.00914894
internal_weight=1392 876 516 194 88 322 528 215 190 107 82 408 348 240 108 205 61 385 65 320 297 274 87 50 187 41 106 45 61 52 160 119 41 144 124 79 46 159 69 120 95 60 41 88 41 45 90 70 46 41 92 45 47 47
internal_count=1392 876 516 194 88 322 528 215 190 107 82 408 348 240 108 205 61 385 65 320 297 274 87 50 187 41 106 45 61 52 160 119 41 144 124 79 46 159 69 120 95 60 41 88 41 45 90 70 46 41 92 45 47 47
is_linear=0
shrinkage=0.01


Tree=41
num_leaves=54
num_cat=0
split_feature=96 72 73 33 81 79 0 92 69 32 93 83 29 28 25 27 62 88 28 93 64 35 72 16 57 73 10 3 72 45 64 62 65 38 25 79 69 65 81 28 28 33 83 69 79 46 58 79 92 8 17 73 25
split_gain=14.4563 12.1975 12.1098 15.0592 10.3634 9.90651 10.2172 9.39122 9.19155 13.9542 10.7432 10.3712 10.1742 9.38391 12.2143 8.30723 7.79071 7.93142 8.21023 7.40002 7.3923 7.24827 7.11496 6.93845 6.72003 6.13576 5.97849 5.96011 7.15202 6.4 7.14286 5.82165 5.55536 7.62969 5.49494 7.95837 9.91905 8.50736 6.13796 5.54343 8.24916 4.72026 8.33333 4.70085 4.43892 4.40098 3.87147 3.42857 3.32938 1.89388 1.74545 1.67697 1.06061
threshold=1.0000000180025095e-35 769.32450000000006 1346.5740000000003 18.250000000000004 4170.2231238662762 276.75585217212557 33254.80000000001 27750.916156250008 32641.750000000004 96.750000000000014 415.18881578947372 1723.1499999999999 88.250000000000014 23.125000000000004 173.25000000000003 116.25000000000001 1476.2020000000002 4006.8697916666674 25.175000000000004 418.67311522048368 1365.5365000000004 27.325000000000006 890.6500000000002 5983.1000000000013 1.0000000180025095e-35 1589.5000000000002 28667.100000000002 13910.200000000003 1122.7305000000003 24242.500000000004 1024.1005000000002 1.1210000000000002 29548.200000000004 6.8250000000000011 37.750000000000007 639.09444263797775 27169.050000000007 31037.950000000001 3969.6444526584942 30.275000000000002 28.975000000000005 27.250000000000004 1708.6999999999991 35167.80000000001 410.77407752775144 99.424999237060561 -0.6830127018922193 138.62253374763222 25478.240787500006 417.26817982456146 125.55000000000001 968.68100000000015 42.250000000000007
decision_type=2 2 2 2 2 2 2 2 2 2 2 2 2 2 2 2 2 2 2 2 2 2 2 2 2 2 2 2 2 2 2 2 2 2 2 2 2 2 2 2 2 2 2 2 2 2 2 2 2 2 2 2 2
left_child=2 15 5 4 -4 6 7 20 13 12 11 -11 -10 22 27 26 17 -5 -19 21 -1 51 -7 -20 -22 -18 -2 29 48 30 31 -15 33 -27 -28 36 -36 -37 -38 40 43 49 -43 -40 -16 -13 -12 -34 -29 -24 -6 -3 -14
right_child=1 19 3 16 50 8 -8 -9 9 10 46 45 52 14 44 -17 25 18 23 -21 24 -23 41 -25 -26 32 34 28 -30 -31 -32 -33 47 -35 35 37 38 -39 39 -41 -42 42 -44 -45 -46 -47 -48 -49 -50 -51 -52 -53 -54
leaf_value=-1.0391045654028233 0.094691084455025054 -8.960573349519807 -0.083856302537610436 -1.4546517925262124 -6.2592366593013118 0.7833155645468608 2.3163000039470107 0.55278784067746045 0.060205146455298064 -0.12607854357076487 0.032498116517539997 0.92625546794488345 -5.7442931468718372 0.035638947942158439 0.033155130792395085 -0.58688532548583039 0.27055610527973839 0.16855772458005763 -1.6447923629212147 0.14816688593361779 0.63301830133532122 -0.32088537484231433 2.6351891721758425 0.085985317336382358 -0.090181101138579828 0.02117904963226639 -0.01520561103578566 -0.31048776484245233 1.0543549930642291 -0.20566098984134043 4.5944667396093992 -0.092151467319597669 0.00098852682726386786 -0.032064678671872286 -0.038215866784944388 0.058395553682942566 0.024451857996701496 -0.0025834533707462188 -0.010134895293889466 0.032541631973683774 -0.14917166442960139 -0.010062602039511299 1.8693277322667428 0.018135311481006923 6.0352567965275901 -0.044244796780278491 5.3017002117865744 0.037405422459170702 0.98559472126159375 0.21605655393504561 -3.4581527593290931 -3.7677475508314973 -8.6589211138575806
leaf_weight=29 20 34 38 22 24 27 36 26 29 24 20 30 22 20 22 23 26 20 23 21 22 20 29 21 24 29 22 21 36 35 21 22 21 21 23 21 29 34 33 21 27 20 30 39 39 34 33 21 23 20 20 25 20
leaf_count=29 20 34 38 22 24 27 36 26 29 24 20 30 22 20 22 23 26 20 23 21 22 20 29 21 24 29 22 21 36 35 21 22 21 21 23 21 29 34 33 21 27 20 30 39 39 34 33 21 23 20 20 25 20
internal_value=-0.000158046 -0.00178571 0.00048 -0.00125874 -0.00487805 0.00117647 -0.00124088 -0.00287129 0.00175043 9.43396e-05 0.00191489 -0.000227273 -0.00352113 0.00271233 0.00154812 -0.000753425 0.000196078 -0.00209302 -0.0003125 -0.0048 -0.00466667 -0.00620253 0.00492063 -0.00272727 -0.00217391 0.00186441 -0.000260223 0.000224719 0.00225 -0.00142857 0.00047619 -0.00190476 0.000652174 -0.0016 -0.000682731 -0.000220264 -0.00127907 0.00309091 -0.00033557 -0.00133333 -0.00232323 0.00616162 0.004 -0.000555556 0.00540984 0.001875 0.0054717 0.00333333 -0.000454545 0.00836735 -0.00818182 -0.0079661 -0.00666667
internal_weight=1392 392 1000 286 82 714 137 101 577 212 141 88 71 365 239 292 204 86 64 100 75 79 126 44 46 118 269 178 80 98 63 42 92 50 249 227 172 55 149 120 99 99 50 72 61 64 53 42 44 49 44 59 42
internal_count=1392 392 1000 286 82 714 137 101 577 212 141 88 71 365 239 292 204 86 64 100 75 79 126 44 46 118 269 178 80 98 63 42 92 50 249 227 172 55 149 120 99 99 50 72 61 64 53 42 44 49 44 59 42
is_linear=0
shrinkage=0.01


Tree=42
num_leaves=55
num_cat=0
split_feature=40 89 6 75 22 75 1 28 8 97 31 26 82 89 31 68 53 4 6 11 6 31 33 6 83 84 31 68 83 22 69 33 80 11 68 41 20 41 75 4 82 26 28 67 77 88 65 8 97 68 82 4 41 20
split_gain=11.5795 11.3155 15.4234 10.3947 12.6537 10.1372 9.46075 8.86754 9.67236 8.15128 7.50873 6.80148 15.2185 10.5665 8.78363 9.36428 7.05254 6.80354 13.9487 10.1788 8.86559 8.57174 8.35397 7.11656 6.73758 7.03247 6.64885 6.45161 6.31483 8.00476 7.11765 6.06711 8.98682 9.256 5.9645 5.85728 5.68526 5.65296 5.64459 4.9 4.85632 4.63229 7.1528 4.60593 6.34268 6.43688 4.27773 4.3645 3.91837 3.77143 2.67442 2.53968 2.52723 2.5
threshold=54.750000000000007 1044.97014375 2827.7500000000005 455.46855880737689 88.750000000000014 632.35774723755685 13273.450000000003 31.525000000000002 392.9500000000001 0.093750000000000014 14.125000000000002 90.250000000000014 0.0044999999999999494 1251.5136562500002 4.8250000000000011 1682.1500000000003 2.5000000000000004 4536.3900000000003 6058.6050000000005 40890.950000000004 6913.9400000000014 10.875000000000002 43.250000000000007 9083.840000000002 1569.1500000000035 1304.2810208333337 3.5250000000000008 980.78700000000015 2096.6500000000019 89.250000000000014 32104.800000000007 181.25000000000003 33562.340972222235 37390.80000000001 1326.6000000000001 77.250000000000014 901.15000000000009 79.750000000000014 641.54837601428665 7499.920000000001 -40.445499999999917 1.2500000000000002 22.125000000000004 36669.30000000001 3925.6168156904209 8415.3756250000024 29723.600000000002 411.65894736842114 0.23958333333333334 1002.7395 1054.2400000000002 6671.9950000000008 48.250000000000007 1065.6000000000001
decision_type=2 2 2 2 2 2 2 2 2 2 2 2 2 2 2 2 2 2 2 2 2 2 2 2 2 2 2 2 2 2 2 2 2 2 2 2 2 2 2 2 2 2 2 2 2 2 2 2 2 2 2 2 2 2
left_child=3 2 -2 6 5 51 -1 8 -3 -6 24 14 13 -13 15 16 46 19 21 28 53 50 -22 35 25 34 37 -14 29 -16 -30 32 33 48 -4 -24 -21 -18 43 -11 -26 42 -42 44 45 -15 -10 -48 -8 -34 -19 -5 -43 -20
right_child=1 7 10 4 9 -7 31 -9 11 39 -12 12 27 38 17 -17 26 18 20 36 22 -23 23 -25 40 -27 -28 -29 30 -31 -32 -33 49 -35 -36 -37 -38 -39 -40 -41 41 52 -44 -45 -46 -47 47 -49 -50 -51 -52 -53 -54 -55
leaf_value=-2.1733562999107536 -2.7801068032386138 -3.4746843737223707 1.5917315237006642 -1.8200850162235991 0.19437323432931869 0.066395153870160969 -2.7525005981469017 0.16861779328571505 -4.8550951998387237 8.6334942170783826 -1.2272111343676546 2.1165751866860596 8.5713413473643794 0.0026710795450426488 0.20716277253032153 -3.1790129794809956 -0.078192230877073707 -1.0378269668496622 0.15177585946251831 0.031243185588302191 -0.060774159675620568 -0.021928361992598986 -0.15074573090336238 0.67108678238033637 1.7968298250457708 3.4507846302327714 0.20286668234951172 0.047374872175033993 0.15603189508590606 0.022038224651358591 -0.010076935195440473 0.10593144506798532 -0.83747679525338303 0.09440884064108479 -0.43448229290723822 0.024057960711703297 -0.029043848050931364 0.072625893356715224 -2.785635031987582 -4.8076396203057925 -0.70812127788524759 0.96539519053175815 0.74289022788005432 -0.039284081462280296 1.0149927912448766 -0.059729473958064258 0.04865984861269524 -1.0166832937367967 -0.12561508599782592 -4.1459811959193971 -0.11589795098600422 -5.717430107067452 2.7593046957273941 0.43951542773197816
leaf_weight=25 38 27 20 24 26 22 21 37 20 20 39 21 31 29 32 25 20 23 20 22 28 22 20 34 20 24 30 31 34 28 34 23 20 25 22 29 34 21 24 20 22 20 25 22 31 25 20 22 28 22 20 21 29 20
leaf_count=25 38 27 20 24 26 22 21 37 20 20 39 21 31 29 32 25 20 23 20 22 28 22 20 34 20 24 30 31 34 28 34 23 20 25 22 29 34 21 24 20 22 20 25 22 31 25 20 22 28 22 20 21 29 20
internal_value=-0.000100575 0.000374429 0.00220077 -0.00185185 0.000225564 -0.00283582 -0.00353659 -0.000191388 -0.000413016 0.00333333 0.00321267 -0.000207254 0.00130841 -0.000394737 -0.00078853 -0.00278481 -0.00172932 0 -0.0012037 0.00141304 0.000463576 -0.00507692 -0.000990991 0.00060241 0.00406593 0.00151515 0.000422535 0.00548387 0.00296875 0.00533333 0.000882353 -0.00251799 -0.00344828 -0.00135135 -0.000952381 -0.00183673 -0.00214286 -0.00219512 -0.00145038 0.0005 0.00551724 0.00458333 0.00234043 -0.00046729 0.000588235 -0.00148148 -0.00419355 -0.00238095 -0.00387755 -0.00714286 -0.00767442 -0.00555556 0.00673469 0.0045
internal_weight=1392 1095 259 297 133 67 164 836 799 66 221 772 214 152 558 158 133 400 216 184 151 65 111 83 182 66 71 62 128 60 68 139 116 74 42 49 56 41 131 40 116 96 47 107 85 54 62 42 49 42 43 45 49 40
internal_count=1392 1095 259 297 133 67 164 836 799 66 221 772 214 152 558 158 133 400 216 184 151 65 111 83 182 66 71 62 128 60 68 139 116 74 42 49 56 41 131 40 116 96 47 107 85 54 62 42 49 42 43 45 49 40
is_linear=0
shrinkage=0.01


Tree=43
num_leaves=54
num_cat=0
split_feature=69 3 100 94 19 94 39 79 79 48 73 70 83 98 80 17 75 73 3 30 4 19 75 73 40 94 77 76 75 75 24 7 42 17 69 62 64 24 80 19 53 81 94 94 77 91 73 27 19 27 7 63 3
split_gain=11.1497 10.0079 11.0693 10.2406 9.9848 9.34053 12.3309 8.85314 15.5908 8.6919 7.92982 11.5891 8.84812 9.24056 7.75341 7.20939 7.18664 9.18406 10.8121 8.83636 8.19394 7.15702 8.81633 7.1534 6.67062 8.66399 8.26395 7.96196 6.83589 6.59961 6.06294 5.94342 7.38339 5.84429 5.76732 4.8445 4.74194 4.69889 4.84781 4.33639 6.40688 4.15772 8.19075 8.93834 8.07065 4.14848 4.13482 4.07805 4.00346 2.59509 2.5 2.04848 0.419048
threshold=32182.600000000002 14343.700000000003 0.010416666666666668 557472.08952906274 1434.7 634940.66510500025 180.25000000000003 681.84602714942707 642.45243445930748 1.0000000180025095e-35 1589.5000000000002 979.58600000000013 1245.5000000000002 0.086805555555555566 33827.612847222226 186.10000000000005 116.20429447242485 996.75000000000011 13417.050000000001 70.250000000000014 2844.5200000000004 1142.7000000000003 356.40368525760226 1469.5330000000001 156.25000000000003 593445.05293125019 4143.5710683758252 40496.812500000007 323.22692613099076 127.43989030754896 9.0750000000000011 175.60500000000005 106.95000076293947 88.40000000000002 29915.500000000004 1.1875000000000002 1000.5000000000001 10.675000000000002 33894.89548611112 1491.0000000000002 3.5000000000000004 3790.7909348124731 693915.84951875021 643378.13952375029 3042.5567404439121 31143.458843750006 410.90000000000003 31.250000000000004 1344.0500000000004 80.250000000000014 78.435000000000016 30152.150000000005 15039.500000000002
decision_type=2 2 2 2 2 2 2 2 2 2 2 2 2 2 2 2 2 2 2 2 2 2 2 2 2 2 2 2 2 2 2 2 2 2 2 2 2 2 2 2 2 2 2 2 2 2 2 2 2 2 2 2 2
left_child=1 2 9 4 50 23 -7 8 16 29 11 12 13 -5 36 -8 37 18 -18 20 -19 22 -21 34 25 27 28 31 -27 -1 -30 32 -20 -12 -3 51 -13 38 -2 40 46 44 43 -43 -14 -26 -38 -23 -33 -10 -4 -9 -36
right_child=7 5 3 10 -6 6 15 35 49 -11 33 14 41 -15 -16 -17 17 19 24 21 -22 47 -24 -25 45 26 -28 -29 30 -31 -32 48 -34 -35 52 -37 39 -39 -40 -41 -42 42 -44 -45 -46 -47 -48 -49 -50 -51 -52 -53 -54
leaf_value=-0.043257992196644161 0.025349410713358243 0.86144969891062206 1.5919752568293428 0.14814127688583528 -0.00015820298872299077 -0.15666544565165427 0.26406559238982302 -8.0301258402231213 0.071502055215198215 0.030721033374812325 -0.0093001489245085941 0.00043128941876933172 -0.0030645456415705464 -0.17516698178305279 -0.11642563780254006 -0.078115813369855583 -6.195870904305111 0.24588965777828456 2.2389117539238503 -1.8743431754244078 -0.10886910807366845 -2.4676780659923385 0.026949252848929416 0.019130444287522721 1.1704751425576807 -2.0239693749504188 0.0097927236807381461 -0.31945094561020138 0.0020258051401217448 -1.1686032924064964 -1.9432806051058791 2.014305316811845 -0.051711836597074692 -3.4981211466931263 1.7560331516198016 -0.032610847048078408 8.6190584572953775 0.02940575431053474 -0.035146253123691573 2.9013682469141817 -0.0108485676778119 0.016998674732392995 0.092622164846378627 -3.3385830856973029 -0.66419618146700388 0.1983977970971828 1.060073392722096 -4.3211772153304997 4.2142800364494155 0.16693161535285789 8.7622801424822843 -0.45051918792215156 1.0874369637021559
leaf_weight=27 22 22 20 31 27 26 39 20 32 26 20 31 29 29 20 20 25 22 23 21 33 24 28 37 20 23 27 26 26 30 22 20 37 23 22 32 25 20 25 25 22 39 24 24 33 24 21 37 22 25 20 24 20
leaf_count=27 22 22 20 31 27 26 39 20 32 26 20 31 29 29 20 20 25 22 23 21 33 24 28 37 20 23 27 26 26 30 22 20 37 23 22 32 25 20 25 25 22 39 24 24 33 24 21 37 22 25 20 24 20
internal_value=-5.74713e-05 0.00079235 0.00010989 0.000712743 0.00432836 0.0027957 0.000352941 -0.001 -0.000582192 -0.00325301 0.00010101 0.000594901 -0.000909091 0.00233333 0.00277778 0.00288136 -0.00111954 -0.00156522 -0.000508475 -0.00345455 -0.000181818 -0.00509091 -0.0022449 0.00485149 7.40741e-05 -0.000619469 -0.00285714 0.00109375 -0.00464789 -0.0054386 -0.0025 0.00235294 0.000333333 -0.00395349 0.006875 -0.00421053 0.00370968 0.0019403 0.000212766 0.00483871 0.00352941 -0.00221477 -0.000804598 -0.00269841 -0.00419355 0.00363636 0.00565217 -0.00737705 0.0052381 0.00438596 0.0075 -0.00636364 0.00904762
internal_weight=1392 732 546 463 67 186 85 660 584 83 396 353 209 60 144 59 527 460 295 165 55 110 49 101 270 226 98 128 71 57 48 102 60 43 64 76 124 67 47 93 68 149 87 63 62 44 46 61 42 57 40 44 42
internal_count=1392 732 546 463 67 186 85 660 584 83 396 353 209 60 144 59 527 460 295 165 55 110 49 101 270 226 98 128 71 57 48 102 60 43 64 76 124 67 47 93 68 149 87 63 62 44 46 61 42 57 40 44 42
is_linear=0
shrinkage=0.01


Tree=44
num_leaves=52
num_cat=0
split_feature=16 65 68 95 10 36 79 19 19 30 79 68 69 73 65 72 72 65 69 27 36 93 60 30 16 73 19 39 97 5 6 43 16 30 30 77 6 27 36 30 88 8 43 21 64 65 24 65 61 87 8
split_gain=9.95264 13.0983 11.0198 15.0235 11.8034 10.6579 12.9621 10.0879 9.61597 10.5509 9.1182 8.12762 8.08421 11.1075 7.7727 7.20956 8.61793 7.13362 10.7087 6.92197 8.53424 6.88913 6.81373 6.48214 6.41187 6.38448 6.22314 6.12572 6.09902 6.08923 6.02384 6.68022 8.34503 6.53244 7.37159 6.80948 5.43763 5.36678 5.0623 4.96056 4.87013 4.61403 4.49429 4.46377 4.29592 4.29419 3.75 5.03574 5.12 3.06744 2.37576
threshold=6336.0000000000009 28469.850000000002 1346.5740000000003 1.0000000180025095e-35 40893.80000000001 87.250000000000014 280.3864438660346 988.70000000000016 1757.3000000000002 99.750000000000014 510.55534246852932 1494.7 32641.750000000004 1045.5485000000001 33795.200000000004 1200.4805000000003 944.51450000000011 32049.250000000004 35518.80000000001 20.250000000000004 78.250000000000014 415.43671052631584 1332.6500000000003 99.250000000000014 5437.2000000000007 1589.5000000000002 756.50000000000011 140.25000000000003 0.57291666666666685 4735.2350000000015 10743.565000000001 74.655002593994155 4644.5500000000002 95.750000000000014 65.750000000000014 3989.7529961385799 4942.5950000000003 44.250000000000007 88.250000000000014 61.750000000000007 9038.791250000002 404.58640873015878 72.61999893188478 26.325000000000006 1685.5500000000002 28359.100000000002 10.225000000000001 27011.500000000004 32421.300000000003 0.34375000000000006 417.26817982456146
decision_type=2 2 2 2 2 2 2 2 2 2 2 2 2 2 2 2 2 2 2 2 2 2 2 2 2 2 2 2 2 2 2 2 2 2 2 2 2 2 2 2 2 2 2 2 2 2 2 2 2 2 2
left_child=2 10 4 12 5 6 29 28 9 15 37 14 13 23 -10 16 17 21 -19 -9 -21 -3 39 -4 -24 -17 -11 -22 50 -1 31 32 -7 34 43 45 -29 -2 -6 -8 -37 -15 -34 -33 -30 -35 47 -41 -49 -14 -5
right_child=1 8 3 7 38 30 22 19 11 26 -12 -13 49 41 -16 25 -18 18 -20 20 27 -23 24 -25 -26 -27 -28 36 44 -31 -32 33 42 35 -36 40 -38 -39 -40 46 -42 -43 -44 -45 -46 -47 -48 48 -50 -51 -52
leaf_value=-0.51842531552634741 0.22892770538362658 -0.0021541434771159772 -0.20188447121888572 -0.27860476411872542 -2.7426204211802507 -7.4836195654978042 -0.038147601057271024 -4.4827624082957378 0.048693085349590055 0.045811664698363029 3.1583772180287064 -2.6912647269316103 -6.0452491719024861 -0.0078562231228265136 -1.5974322147223783 1.1965374303047613 -0.54236650465685288 -0.025783247326611313 0.011702569138081693 0.051332993360485649 -1.0867956863910928 3.7266048092697681 7.6115567586754747 0.17964679426198529 1.1512581048025756 -0.0016186203007091844 1.4329774891428744 -0.26016273012036301 0.03791726757264547 0.13191293802778589 0.026749145900798087 -0.18931410385948633 0.0034213293955395341 -0.058193112993030552 8.7656231535628262 -0.0090967747728944587 0.030452026780968748 -0.073418682547655476 -0.055472831842099349 -0.014499519506073193 0.086657124895433132 -3.6944577321906902 -0.15565055260331906 2.1999602260626965 0.036603624460154673 -0.11032077784987346 0.20338659621763058 1.7262222268848491 0.023257936037216504 -8.2226531750742762 0.77654413017721025
leaf_weight=29 21 25 32 20 21 20 35 21 29 26 39 27 37 21 20 35 23 34 37 35 22 22 27 24 22 29 32 21 37 20 29 23 38 24 25 22 20 20 23 34 20 37 21 21 21 29 29 25 25 39 24
leaf_count=29 21 25 32 20 21 20 35 21 29 26 39 27 37 21 20 35 23 34 37 35 22 22 27 24 22 29 32 21 37 20 29 23 38 24 25 22 20 20 23 34 20 37 21 21 21 29 29 25 25 39 24
internal_value=7.18391e-05 0.00136038 -0.000483042 -0.00172749 0.000427046 0.000849421 0.00235772 4.52489e-05 0.000501475 0.00140684 0.005 -0.00263158 -0.00378947 -0.00210526 -0.000204082 0.000341463 -0.000921986 0.000169492 -0.00183099 -0.00193277 -0.000816327 0.00319149 0.00350254 0.00107143 0.00673469 0.003125 0.00517241 -0.00301587 0.00235294 -0.0022449 -0.000514706 -0.00102881 -0.00341772 0.000121951 0.00246377 -0.00157895 -0.000731707 0.00170732 -0.00454545 0.00243243 0.00142857 -0.00517241 -0.00152542 0 0.00448276 -0.00396226 0.00345133 0.00238095 0.0044 -0.00631579 -0.000454545
internal_weight=1392 419 973 411 562 518 246 221 339 263 80 76 190 114 49 205 141 118 71 119 98 47 197 56 49 64 58 63 102 49 272 243 79 164 69 95 41 41 44 148 42 58 59 44 58 53 113 84 50 76 44
internal_count=1392 419 973 411 562 518 246 221 339 263 80 76 190 114 49 205 141 118 71 119 98 47 197 56 49 64 58 63 102 49 272 243 79 164 69 95 41 41 44 148 42 58 59 44 58 53 113 84 50 76 44
is_linear=0
shrinkage=0.01


Tree=45
num_leaves=51
num_cat=0
split_feature=69 8 1 21 73 1 1 66 64 42 80 2 40 57 2 100 80 94 87 30 69 17 80 38 1 17 45 8 27 8 42 25 38 91 38 98 73 2 36 17 1 8 38 30 42 28 13 8 57 14
split_gain=14.2649 10.5538 10.2866 9.68537 10.9403 9.4473 11.0347 10.2297 9.62743 8.78689 9.05697 11.126 10.4146 8.75266 9.48932 8.41983 8.36451 12.4512 8.76804 8.11758 8.16214 8.69033 7.74186 8.86555 7.69925 7.50183 7.27479 7.17692 8.31658 8.02778 7.20238 6.782 6.6188 5.60629 7.11333 7.48062 4.88057 4.61731 4.52694 3.98629 3.9425 8.53924 3.40396 3.1094 2.81299 2.60999 2.44692 2.26449 2.01245 1.74545
threshold=34093.850000000006 392.9500000000001 14563.750000000002 29.225000000000005 1000.282 16059.150000000001 15655.600000000002 813.40300000000013 1.0155000000000001 360.50000000000006 30642.381597222226 2658.1000000000004 143.25000000000003 1.0000000180025095e-35 2995.9500000000003 0.017361111111111115 36041.856250000004 514393.96112968767 0.32291666666666669 92.250000000000014 30745.100000000002 27.300000000000004 38686.505902777782 7.9750000000000005 14819.500000000002 138.65000000000001 23712.500000000004 404.688253968254 43.250000000000007 398.38625000000008 141.55000305175784 158.50000000000003 12.125000000000002 26028.996375000002 6.9250000000000016 0.37847222222222227 1.0040000000000002 3245.6000000000004 85.250000000000014 18.600000000000005 16481.601500000004 413.02562415654523 7.7250000000000005 88.750000000000014 376.62500000000006 25.225000000000005 3476.8000000000006 411.59644736842114 -0.56174490092936669 16395.050000000003
decision_type=2 2 2 2 2 2 2 2 2 2 2 2 2 2 2 2 2 2 2 2 2 2 2 2 2 2 2 2 2 2 2 2 2 2 2 2 2 2 2 2 2 2 2 2 2 2 2 2 2 2
left_child=1 2 -1 4 16 6 9 -8 -7 10 15 12 42 14 48 39 17 -2 -18 27 21 36 23 -20 -16 -23 -22 29 49 -17 -31 40 37 -15 35 -35 -21 -19 -10 -3 -6 -42 45 -36 -11 -12 -44 -40 -13 -29
right_child=3 5 -4 -5 31 8 7 -9 38 44 11 13 -14 33 24 19 18 32 22 20 26 25 -24 -25 -26 -27 -28 28 -30 30 -32 -33 -34 34 43 -37 -38 -39 47 -41 41 -43 46 -45 -46 -47 -48 -49 -50 -51
leaf_value=-8.3318690196154108 6.5686131896726963 -0.43381033282345599 0.035790714171689351 -2.9346578675715298 -2.6296288609180225 -0.002303070819358054 0.05515009392730482 -0.23638678391664605 0.086184779729008149 0.70328633803125262 -1.1030839495909441 0.033808234866564452 0.039465917527883261 0.10076444645721841 -0.66227410288287014 1.8489673033986715 2.7743840562400628 -4.5037325752455262 0.2458197616662024 -0.052586445176433204 -2.1310053111897802 4.2548287354992453 -0.054918103523678354 -0.0079373210316760565 0.034177799634633931 0.26025084331290838 0.035004186144271025 1.9347171075395928 0.053973859250135127 0.32636373389003642 -0.29458412108962728 0.0013395365227121504 0.020470836327668104 0.26071739049416293 -0.01260551042774242 -0.12571076940846879 0.18162315439219054 -0.10432268292224141 3.0994953741564242 0.27375761821053068 -1.8207432312418075 0.078942151865760521 -0.014338343602131471 -0.094005998030002702 0.20870105094976762 -0.91501071125555999 -2.0010778445035866 12.220863979168978 0.2366245079524541 3.8751800077876704
leaf_weight=20 27 21 22 33 29 35 21 38 28 22 20 20 31 36 21 24 31 32 39 32 37 28 39 30 36 24 26 33 30 28 20 35 20 21 20 34 34 20 23 20 23 21 20 23 20 21 23 25 27 22
leaf_count=20 27 21 22 33 29 35 21 38 28 22 20 20 31 36 21 24 31 32 39 32 37 28 39 30 36 24 26 33 30 28 20 35 20 21 20 34 34 20 23 20 23 21 20 23 20 21 23 25 27 22
internal_value=0.000461538 0.00109533 -0.00380952 -0.00118734 -0.000693642 0.00131356 0.000948379 -0.00322034 0.00405405 0.00126615 0.00101093 -0.000141643 -0.00269565 0.00109244 0.00326923 0.00208443 0.000504202 -0.00171717 0.00208633 0.00260355 0.00116022 0.00271186 0.000740741 0.00275362 0.000526316 0.00576923 -0.00174603 0.00426752 0.00623529 0.00194444 -0.000416667 -0.00333333 -0.00388889 -0.000597015 -0.00183673 0.000545455 0.00030303 -0.00576923 0.00605263 -0.00219512 -0.00506849 -0.00318182 -0.00452381 -0.00488372 0.00571429 -0.00658537 -0.00255814 0.00791667 0.00659574 0.00854545
internal_weight=1365 986 42 379 346 944 833 59 111 774 732 353 115 238 104 379 238 99 139 338 181 118 108 69 57 52 63 157 85 72 48 108 72 134 98 55 66 52 76 41 73 44 84 43 42 41 43 48 47 55
internal_count=1365 986 42 379 346 944 833 59 111 774 732 353 115 238 104 379 238 99 139 338 181 118 108 69 57 52 63 157 85 72 48 108 72 134 98 55 66 52 76 41 73 44 84 43 42 41 43 48 47 55
is_linear=0
shrinkage=0.01


Tree=46
num_leaves=51
num_cat=0
split_feature=80 8 1 14 4 19 3 93 1 10 88 100 22 22 2 43 19 2 62 46 21 24 3 22 24 43 92 39 3 39 21 30 94 14 21 16 14 4 88 39 4 94 21 21 16 38 70 1 46 19
split_gain=12.6739 11.1848 10.1089 9.24577 10.0839 9.59619 10.662 10.7188 9.50996 11.5694 9.33624 11.087 9.02088 8.53052 8.45189 8.39673 12.0502 8.6841 11.1565 8.37151 12.9712 9.28432 7.97159 12.4625 9.12437 7.68625 7.29389 8.86364 6.4184 7.58219 6.23899 6.69944 9.35809 6.13636 6.13636 6.11726 5.54227 5.83333 5.29304 5.27686 4.9 4.24356 3.74657 3.70751 3.61303 3.11688 2.76825 2.76797 2.5098 1.10769
threshold=33857.697569444455 394.00597222222228 14563.750000000002 19346.650000000005 4449.1800000000012 453.65000000000003 14900.450000000003 424.42459459459468 14438.400000000001 28157.500000000004 4061.842916666666 0.024305555555555556 82.250000000000014 91.750000000000014 3791.3005000000007 68.630001068115249 1132.6500000000003 2675.3500000000004 1469.8345000000002 104.814998626709 25.425000000000004 8.6250000000000018 15108.450000000003 85.750000000000014 8.4250000000000025 79.764999389648452 17773.317456250006 210.75000000000003 13058.400000000001 135.75000000000003 29.475000000000005 99.750000000000014 615147.63983750029 19968.400000000005 26.075000000000006 5647.5500000000002 18245.750000000004 9641.8250000000025 11475.334166666669 182.75000000000003 6929.2450000000008 720329.63218187529 27.425000000000001 21.825000000000006 6522.4500000000007 6.2250000000000014 1336.2840000000003 14883.250000000002 102.51499938964845 717.50000000000011
decision_type=2 2 2 2 2 2 2 2 2 2 2 2 2 2 2 2 2 2 2 2 2 2 2 2 2 2 2 2 2 2 2 2 2 2 2 2 2 2 2 2 2 2 2 2 2 2 2 2 2 2
left_child=1 2 -1 4 10 8 7 28 9 -6 11 -3 -13 46 19 35 43 18 -18 22 21 -21 30 24 -24 -19 -25 38 45 -30 31 41 -33 -5 -29 -12 37 40 -28 -22 -31 47 -10 49 -41 -7 -14 -2 -49 -17
right_child=14 3 -4 33 5 6 -8 -9 42 -11 15 12 13 -15 -16 16 17 25 -20 20 39 -23 23 26 -26 -27 27 34 29 36 -32 32 -34 -35 -36 -37 -38 -39 -40 44 -42 -43 -44 -45 -46 -47 -48 48 -50 -51
leaf_value=-7.5526309255408481 -0.20558507438498413 -2.0785782967186917 0.11229383082097445 0.26955630498304056 3.9490945671970987 -0.093537441388635859 -0.6385785941100266 -0.091509007936887529 0.025064515230999247 -0.067687033965336832 0.17605928331204646 -0.8129322454914375 0.52279082488638839 -0.011029542807636669 2.0431865977473356 1.8828346760529491 0.55452741017213913 0.017239088073888277 -0.81201376714804141 0.1043352614830402 -0.010494726699122936 -0.94314168701530177 -3.4432419892957866 -0.054368922488441572 -0.10314065369670043 0.25949670086196908 0.040136762467920632 -0.18653836618751238 0.61748385585595 0.016572285796089312 0.66736196596755037 0.1214737380917188 -0.51552130852716094 0.022550755845006654 0.035622377307403717 -0.1688768580237977 -0.11598622395390139 -0.058956157404619576 2.7466402156776621 7.3019463933024653 6.4891815827164923 -1.257714481778067 5.9571915057307505 0.067223752168649453 0.037085891797340252 0.010766874162895483 0.078152730347102906 -0.5044503615563366 -0.047242724469914101 2.3897666161941129
leaf_weight=29 21 22 20 20 32 22 31 24 20 36 38 36 20 37 24 32 23 23 24 34 24 39 27 27 32 31 39 20 21 20 27 26 32 24 24 33 27 30 21 20 20 29 21 38 31 20 23 27 24 20
leaf_count=29 21 22 20 20 32 22 31 24 20 36 38 36 20 37 24 32 23 23 24 34 24 39 27 27 32 31 39 20 21 20 27 26 32 24 24 33 27 30 21 20 20 29 21 38 31 20 23 27 24 20
internal_value=0.000373626 0.00116279 -0.00346939 0.00145833 0.00118785 -0.000123457 -0.00134884 -0.000434783 0.00229358 0 0.00225 0.000144928 0.00137931 0.00325 -0.00080292 0.00335878 0.00445026 0.00207921 -0.00106383 -0.0010687 0.000945946 -0.00205479 -0.0018617 -0.000421053 -0.00423729 0.00481481 0.00129771 0.0025 0.0005 0.00169492 -0.00333333 -0.00408805 -0.00137931 0.00590909 -0.000909091 0.000422535 0.000515464 0.002 0.005 0.00386667 0.0045 -0.00564356 0.00609756 0.00711111 0.00568627 -0.00285714 0.00627907 -0.00694444 -0.00568627 0.00884615
internal_weight=1365 817 49 768 724 324 215 184 109 68 400 138 116 80 548 262 191 101 47 524 148 73 376 190 59 54 131 104 160 118 186 159 58 44 44 71 97 70 60 75 40 101 41 90 51 42 43 72 51 52
internal_count=1365 817 49 768 724 324 215 184 109 68 400 138 116 80 548 262 191 101 47 524 148 73 376 190 59 54 131 104 160 118 186 159 58 44 44 71 97 70 60 75 40 101 41 90 51 42 43 72 51 52
is_linear=0
shrinkage=0.01


Tree=47
num_leaves=55
num_cat=0
split_feature=96 20 64 1 72 78 89 37 98 36 98 62 30 36 78 3 13 44 30 27 33 32 13 14 35 21 97 44 83 89 37 20 27 42 13 43 68 72 68 76 14 36 14 43 35 11 76 67 1 1 68 24 13 11
split_gain=18.0349 13.923 13.0499 11.4886 10.5173 10.6232 9.98732 9.48959 8.15636 8.09477 7.68033 8.20223 7.59113 11.8426 8.55208 7.44173 9.70255 7.08907 8.1 7.08337 7.01057 9.32644 6.89068 6.6436 6.53007 6.48594 6.90902 8.66712 6.44175 6.21629 5.95686 5.74418 5.39991 5.32092 5.9059 5.1988 5.09355 6.4 5.0381 4.66667 4.66667 4.4626 4.35374 5.24265 4.23345 4.00346 3.86286 4.81333 3.72303 3.66391 3.6 2.96609 2.62811 1.67828
threshold=1.0000000180025095e-35 2799.2500000000005 1156.8100000000002 18452.209500000001 1502.0000000000002 1247.3266111111113 1132.4885812500002 79.250000000000014 0.059027777777777783 89.250000000000014 0.28125000000000006 1375.0500000000002 93.250000000000014 79.750000000000014 1367.4134479166671 14245.150000000001 3245.2000000000003 3.1114999055862431 98.250000000000014 41.250000000000007 48.750000000000007 74.250000000000014 7475.4000000000005 14332.000000000002 26.525000000000002 28.975000000000005 0.13541666666666671 4.055500030517579 1969.950000000001 1174.4974312500003 68.250000000000014 500.90000000000003 79.250000000000014 119.97500228881837 9258.5500000000011 83.279998779296889 869.45300000000009 923.24800000000016 1469.6035000000004 36923.995833333342 15109.500000000002 83.750000000000014 12891.000000000002 79.895000457763686 25.125000000000004 37606.350000000006 29413.645833333336 31724.900000000005 14438.400000000001 19168.722000000005 1104.9500000000003 10.925000000000002 7910.6000000000013 37161.750000000007
decision_type=2 2 2 2 2 2 2 2 2 2 2 2 2 2 2 2 2 2 2 2 2 2 2 2 2 2 2 2 2 2 2 2 2 2 2 2 2 2 2 2 2 2 2 2 2 2 2 2 2 2 2 2 2 2
left_child=1 2 4 6 5 9 24 -6 17 25 38 42 14 45 30 -16 19 52 -19 -17 21 44 -11 -3 32 26 36 53 -22 -24 -13 -10 -2 35 -35 39 -1 -38 46 -33 -40 -25 -12 -44 -15 -14 -4 -48 -9 -5 -39 -37 -8 -28
right_child=3 23 10 49 7 -7 8 48 31 22 11 12 13 20 15 16 -18 18 -20 -21 28 -23 29 41 -26 -27 27 -29 -30 -31 -32 33 -34 34 -36 51 37 50 40 -41 -42 -43 43 -45 -46 -47 47 -49 -50 -51 -52 -53 -54 -55
leaf_value=-0.025943055690779301 -4.5622890172973118 -4.9169768242138518 3.4100433699173727 -4.5489839029762473 0.03532482469993941 -0.96144507796468082 0.036715032879366845 -4.3525442506156189 -5.7015045478500221 -0.1311695514534959 0.21232054986742596 3.2169657450565103 0.15766564921178877 0.25690173385334936 -0.012389057755299169 0.037484364162542548 0.10295917867237975 -1.383334082243719 0.078916402583329354 -0.010980484188824255 -0.11503865660972035 1.2284012738269752 0.30159359941356639 -1.8535762933191979 0.023581383028683019 3.2788731558681463 0.31515357795694415 -0.0018351361574733271 -0.16716206595150962 -0.10656838517607671 8.4112151572007861 -0.5701513621335369 -8.4355850789097229 0.17676937100541296 -0.011804720800937758 -0.012380343124922696 2.4887985667807166 -0.12778480090388925 -0.025745643991393445 -0.0055240652608515564 0.45575378996848692 0.36453149816949498 -1.6356156010796121 -0.02755572082498076 -1.7217591314763443 2.367801159505226 2.5213794102337879 3.6788845011316602 -0.073380730130731986 -0.014837286837762104 0.33110521360933215 0.017355374950329905 0.21151948101330909 6.6859859879149477
leaf_weight=39 27 24 20 23 33 31 23 27 21 24 21 20 20 21 37 20 25 20 20 27 21 22 27 34 23 30 20 30 23 34 31 21 31 28 38 21 32 20 21 21 21 23 20 29 20 22 20 30 23 25 20 20 20 21
leaf_count=39 27 24 20 23 33 31 23 27 21 24 21 20 20 21 37 20 25 20 20 27 21 22 27 34 23 30 20 30 23 34 31 21 31 28 38 21 32 20 21 21 21 23 20 29 20 22 20 30 23 25 20 20 20 21
internal_value=0.000168498 0.000885046 0.00124169 -0.00167539 -7.29927e-05 0.000731707 -0.00101796 -0.00325301 -3.95257e-05 0.00131313 0.00234216 0.00166227 0.00236246 0.000738255 0.003875 0.00229358 0.00416667 0.00253012 -0.0005 0.00148936 -0.00102804 0.00111111 -0.00129412 -0.00308642 -0.00407407 0.00235849 0.00164835 0.00408451 -0.00409091 0.000491803 0.0072549 -0.00129412 -0.00586207 -0.000604027 0.00151515 -0.00228916 9.00901e-05 0.00166667 0.00464286 -0.0047619 0.00190476 -0.00122807 -0.00142857 -0.00306122 -0.00170732 0.0052381 0.00628571 0.0048 -0.006 -0.00625 -0.001 0.000243902 0.00534884 0.00707317
internal_weight=1365 983 902 382 411 328 334 83 253 297 491 379 309 149 160 109 72 83 40 47 107 63 85 81 81 212 182 71 44 61 51 170 58 149 66 83 111 72 112 42 42 57 70 49 41 42 70 50 50 48 40 41 43 41
internal_count=1365 983 902 382 411 328 334 83 253 297 491 379 309 149 160 109 72 83 40 47 107 63 85 81 81 212 182 71 44 61 51 170 58 149 66 83 111 72 112 42 42 57 70 49 41 42 70 50 50 48 40 41 43 41
is_linear=0
shrinkage=0.01


Tree=48
num_leaves=51
num_cat=0
split_feature=62 26 4 21 1 33 100 26 94 26 5 4 68 81 43 11 33 19 25 79 94 65 94 87 61 94 38 4 26 66 43 100 27 79 79 69 79 26 19 65 94 19 36 4 1 1 19 43 38 19
split_gain=13.135 14.8751 9.51056 11.6934 11.5897 10.227 19.968 8.83636 8.55972 8.71465 8.39118 14.3862 10.4339 8.00083 8.81059 7.55404 6.45238 8.51212 6.39122 6.37263 7.3749 6.31279 6.17389 7.04612 7.0922 6.4 6.14687 6.3855 5.70429 5.62449 5.43753 5.85348 9.13547 5.36162 5.14329 5.98306 5.45485 6.69189 5.82165 6.1164 4.98843 4.29374 4.11739 4.02028 4.01569 3.41759 3.41371 3.13014 3.06087 1.03404
threshold=1100.2220000000002 88.500000000000014 17082.880000000001 27.125000000000004 18675.607000000004 214.25000000000003 0.017361111111111115 95.250000000000014 613232.91718468769 2.7500000000000004 3237.6750000000006 3461.3750000000005 1541.7500000000002 4585.1795252896127 92.430000305175795 42405.850000000013 26.750000000000004 1235.4000000000003 210.75000000000003 541.19111733090915 568770.0654000002 29516.500000000004 915559.99651937524 0.63541666666666685 32289.650000000005 655851.94455187523 5.7750000000000012 2771.2300000000005 1.7500000000000002 1.0895000000000004 86.074996948242202 0.031250000000000007 67.750000000000014 367.49950885023202 694.73576984235467 27069.500000000004 434.50349368225994 31.750000000000004 1225.0500000000004 27376.900000000005 712326.1988003127 744.4000000000002 88.250000000000014 4667.1150000000007 14144.550000000001 16173.555500000002 737.55000000000007 69.200000762939467 7.625 1142.7000000000003
decision_type=2 2 2 2 2 2 2 2 2 2 2 2 2 2 2 2 2 2 2 2 2 2 2 2 2 2 2 2 2 2 2 2 2 2 2 2 2 2 2 2 2 2 2 2 2 2 2 2 2 2
left_child=2 10 4 -4 5 6 48 -6 15 40 21 12 26 14 30 19 -14 -18 -3 46 -21 33 23 34 44 -26 27 -12 -23 -17 31 32 -13 -2 35 -11 42 -38 39 -39 -10 -16 -37 -33 -25 -22 -8 -28 -1 -49
right_child=1 18 3 -5 7 -7 8 -9 9 22 11 13 16 -15 41 29 17 -19 -20 20 45 28 -24 24 25 -27 47 -29 -30 -31 -32 43 -34 -35 -36 36 37 38 -40 -41 -42 -43 -44 -45 -46 -47 -48 49 -50 -51
leaf_value=-4.01776313637576 -0.51668225628357201 10.706756592294369 0.78414862766055549 -0.036165845497324302 -0.028501169148418822 0.6630047446476417 0.054023671613849279 -4.5544194661180732 -3.2048611950660844 0.58126147322232768 6.6357213661366448 -0.052937848796753659 -0.85427473284485278 -0.62995176037211231 -0.025413064538916185 -1.1765211662458863 -0.011265447190816472 0.2774750636530427 0.028391268644706712 -0.036166012405625073 0.24192198603302845 -1.2164610381032486 0.17928738650811205 -2.2122567377532691 -0.02013708318706078 0.081334760802186351 0.81189343073947529 -0.044197292588692462 -0.0075610259379814198 0.079100947609819172 0.14359111616298789 1.778275124857958 0.013437905429274978 0.18894802165476857 -0.070807437039265286 0.0059026585021875275 0.19733657976593535 -0.099194135678202719 -0.05908126581635896 0.24389898578277749 -0.040564523207796722 -0.44677407393430413 -0.84184136177570768 0.011036996524350617 -0.13906684176858033 0.012132216404480809 0.37765068251883832 2.6266398483385274 -1.4187124201326506 2.6763368429380909
leaf_weight=22 25 34 37 29 20 39 31 24 35 28 20 30 35 34 29 23 24 20 36 28 23 22 22 20 20 20 20 29 25 25 28 39 23 28 24 22 24 21 22 27 34 25 21 37 34 20 37 27 23 20
leaf_count=22 25 34 37 29 20 39 31 24 35 28 20 30 35 34 29 23 24 20 36 28 23 22 22 20 20 20 20 29 25 25 28 39 23 28 24 22 24 21 22 27 34 25 21 37 34 20 37 27 23 20
internal_value=0.000285714 0.00137705 -0.000596026 0.0030303 -0.000943396 -0.000604651 -0.000924092 -0.00590909 -0.000409982 -0.00128342 0.000814815 0.00140909 0.0034359 -0.000204082 0.000521327 0.0013369 0.000632911 0.00318182 0.00571429 0.00251799 0.000422535 -0.0018 -0.000557377 -0.000954064 -0.00319149 0 0.00534483 0.00265306 -0.00446809 -0.00208333 0.00171975 0.000852713 -0.00169811 0.000566038 0.00015873 0.000787879 -7.29927e-05 0.0012766 -0.000285714 0.00166667 -0.00449275 -0.00296296 -0.00302326 0.00263158 -0.00555556 0.00302326 0.00470588 0.00731343 -0.00733333 0.0087234
internal_weight=1365 610 755 66 689 645 606 44 561 374 540 440 195 245 211 187 79 44 70 139 71 100 305 283 94 40 116 49 47 48 157 129 53 53 189 165 137 94 70 48 69 54 43 76 54 43 68 67 45 47
internal_count=1365 610 755 66 689 645 606 44 561 374 540 440 195 245 211 187 79 44 70 139 71 100 305 283 94 40 116 49 47 48 157 129 53 53 189 165 137 94 70 48 69 54 43 76 54 43 68 67 45 47
is_linear=0
shrinkage=0.01


Tree=49
num_leaves=54
num_cat=0
split_feature=33 100 64 70 30 83 2 97 2 4 10 11 73 24 73 83 84 84 1 59 24 34 1 27 4 78 79 27 11 73 98 21 33 2 39 30 23 98 34 16 79 83 98 16 2 68 16 94 17 34 22 2 39
split_gain=12.9103 7.88283 17.2727 11.012 14.1075 10.9479 10.3636 9.26113 9.11867 8.8582 11.3131 8.3381 8.25676 8.08287 7.63467 8.35238 8.77089 9.68185 9.39676 7.30084 7.28778 7.87991 7.26542 7.12842 12.8318 7.94465 6.47798 6.41747 6.16489 8.07486 6.0123 5.75804 6.00587 5.48588 5.38258 5.27233 5.22131 5.14469 5.05939 7.9142 4.98053 4.9 4.9 4.88998 4.75955 4.29078 4.2517 4.15442 3.99645 3.95894 8.53755 3.55584 1.82609
threshold=225.50000000000003 0.017361111111111115 1186.4845000000003 994.78700000000015 92.250000000000014 499.9500000000026 3504.7500000000005 0.82291666666666685 2861.1500000000001 16648.795000000002 40893.80000000001 36799.30000000001 672.8900000000001 5.6250000000000009 1.1980000000000002 2949.6000000000008 559.02064583333345 455.86353125000005 13541.500000000002 -0.24999999999999994 5.5250000000000012 96.250000000000014 13197.85 68.250000000000014 6063.4300000000012 1081.6326319444445 434.50349368225994 34.250000000000007 41605.750000000007 1602.2500000000002 0.10763888888888891 25.825000000000006 52.750000000000007 2952.3500000000008 190.25000000000003 99.750000000000014 92.750000000000014 0.39236111111111116 100.75000000000001 5763.2000000000016 515.1842739050669 2216.6500000000001 0.059027777777777783 6194.1500000000005 3191.9500000000003 1121.5380000000002 4946.6000000000013 628132.51020093751 47.95000000000001 58.750000000000007 90.750000000000014 2546.4915000000005 208.75000000000003
decision_type=2 2 2 2 2 2 2 2 2 2 2 2 2 2 2 2 2 2 2 2 2 2 2 2 2 2 2 2 2 2 2 2 2 2 2 2 2 2 2 2 2 2 2 2 2 2 2 2 2 2 2 2 2
left_child=1 2 51 5 8 43 11 13 22 14 30 31 44 37 15 16 17 20 -18 26 -7 36 -5 24 28 -25 48 -13 29 35 -11 32 -4 46 -29 -15 -22 -6 39 -28 -20 -34 -38 -3 -10 -41 -21 -42 -16 -24 52 -1 -51
right_child=-2 3 6 4 7 9 -8 -9 12 10 -12 27 -14 23 19 -17 18 -19 40 33 21 -23 49 25 -26 -27 38 34 -30 -31 -32 -33 41 -35 -36 -37 42 -39 -40 45 47 -43 -44 -45 -46 -47 -48 -49 -50 50 -52 -53 -54
leaf_value=-0.92890395141056392 0.76621447077549687 0.04866437107799846 0.13360701905923436 0.28922816081520358 5.5845924432156657 -0.01702954601120359 4.402207522433633 -0.17702423774980308 8.3952407823095818 0.7845220316548841 -0.1355587474035776 0.0099685727561421474 -0.036001842620945794 -0.0080162637527411203 -0.25937821639753655 6.4986814090574807 -0.054210026899578739 -2.8704454844429952 0.33318301602449224 -0.025647423576964031 -0.0030049737296480158 -0.046615179320185003 2.7696630942104763 3.0422418419317583 -0.39462933803212014 -0.044788398367545987 -9.7148917543984883 -0.15607892114546185 -0.071700933983012846 -1.3931596456315196 0.045002492070548905 1.0325743049838207 -0.36619848929707244 -4.367616745286929 -0.015843091648077984 1.6237936659424757 0.042164305650072925 0.01163578530966872 0.22457570444694283 0.040898041077979501 0.075494837892963448 0.046608252572780721 0.01201826288733201 0.55238126492319928 1.9439875295126461 -1.8575194840249445 0.2444282165270196 -0.0049934162983729016 -6.5347611973761772 1.172368657948528 -0.0050515817204200833 -3.1581445315434697 7.0751033791586915
leaf_weight=20 21 24 23 32 28 24 25 21 22 23 21 28 37 20 24 23 30 33 22 28 31 30 27 23 35 24 20 26 35 25 22 20 20 26 28 34 20 24 20 27 34 20 20 27 24 20 21 29 23 25 20 35 21
leaf_count=20 21 24 23 32 28 24 25 21 22 23 21 28 37 20 24 23 30 33 22 28 31 30 27 23 35 24 20 26 35 25 22 20 20 26 28 34 20 24 20 27 34 20 20 27 24 20 21 29 23 25 20 35 21
internal_value=0.000315018 0.000193452 -0.00142857 0.00055505 0.00169811 -0.000321543 0 0.000185874 0.00365385 -0.000718039 0.00272727 -0.000909091 0.00108434 0.000725806 -0.00116832 -0.000135135 -0.000622711 -0.0021519 0.00147826 -0.00263158 -0.00088 0.00029703 0.00536 -0.000204082 -0.00127517 0.00319149 -0.00402985 -0.00317073 0.000350877 0.00189873 0.00555556 0.0013253 -0.00015873 -0.000133333 -0.00518519 0.00407407 0.00211268 0.00423077 -0.00241379 -0.00373134 0.00317647 -0.0025 0.0045 0.00411765 0.00391304 -0.00148936 0.00183673 0.00174603 -0.00702128 0.00677419 0.00545455 -0.00636364 0.00782609
internal_weight=1365 1344 245 1099 477 622 190 269 208 571 66 165 83 248 505 296 273 158 115 209 125 101 125 196 149 47 134 82 114 79 45 83 63 75 54 54 71 52 87 67 85 40 40 51 46 47 49 63 47 93 66 55 46
internal_count=1365 1344 245 1099 477 622 190 269 208 571 66 165 83 248 505 296 273 158 115 209 125 101 125 196 149 47 134 82 114 79 45 83 63 75 54 54 71 52 87 67 85 40 40 51 46 47 49 63 47 93 66 55 46
is_linear=0
shrinkage=0.01


Tree=50
num_leaves=53
num_cat=0
split_feature=29 28 90 85 19 19 41 7 46 25 13 67 85 90 31 19 65 62 46 11 32 29 62 60 97 25 41 8 76 33 91 56 10 11 22 19 7 77 65 46 46 46 36 62 31 77 32 31 74 76 22 8
split_gain=8.71178 8.56211 9.50249 11.3738 7.9607 7.48599 7.65022 6.74194 10.7073 8.17501 9.24446 7.93785 10.3503 10.1372 8.4872 12.6929 7.77433 9.31293 7.63404 6.53544 7.51572 6.74856 7.04343 6.43035 8.35078 7.89459 12.2406 7.87286 6.97787 7.9819 6.30188 6.10678 6.00789 5.87913 8.88113 6.29192 5.68918 5.54742 5.45096 5.64745 7.02024 7.6233 5.41806 4.84848 4.79596 4.73218 4.60952 4.48219 4.10894 3.3019 2.75627 1.6
threshold=93.250000000000014 30.675000000000004 3427.1748000000007 990.64750000000015 2779.1000000000008 1014.7500000000001 52.750000000000007 17.585000000000004 91.884998321533217 238.75000000000003 2102.0000000000005 38181.30000000001 1427.0120000000004 2042.6458500000001 19.300000000000004 966.75000000000011 28304.250000000004 1.0070000000000003 106.564998626709 32048.750000000004 81.750000000000014 91.250000000000014 1498.7500000000002 1395.4000000000003 0.072916666666666671 120.25000000000001 71.250000000000014 415.67776315789479 39391.713541666679 167.75000000000003 29421.642212500003 0.87837969732492682 30760.950000000004 35410.700000000004 81.250000000000014 726.50000000000011 17.685000000000006 3802.7266217864503 26887.900000000005 102.53499984741212 103.84499740600587 104.35499954223634 83.250000000000014 1031.2500000000002 9.7750000000000021 3860.4200575877599 204.75000000000003 7.2250000000000005 1304.2810208333337 34047.06354166667 88.750000000000014 411.15057275541801
decision_type=2 2 2 2 2 2 2 2 2 2 2 2 2 2 2 2 2 2 2 2 2 2 2 2 2 2 2 2 2 2 2 2 2 2 2 2 2 2 2 2 2 2 2 2 2 2 2 2 2 2 2 2
left_child=1 2 3 -1 7 30 -7 8 -5 10 -10 12 13 50 18 -16 17 -12 19 20 -14 23 -23 24 27 26 31 37 29 38 -2 32 -25 35 -35 -20 48 -21 -26 42 -41 -42 -40 -36 -6 -38 -27 -18 -3 -4 -9 -13
right_child=5 36 49 4 44 6 -8 11 9 -11 16 51 14 -15 15 -17 47 -19 33 21 -22 22 -24 25 28 46 -28 -29 -30 -31 -32 -33 -34 34 43 -37 45 -39 39 40 41 -43 -44 -45 -46 -47 -48 -49 -50 -51 -52 -53
leaf_value=-1.5075848728881114 0.19022644587469667 -0.069696305305898099 -0.1107596764858705 -0.55396047132831483 -0.31310692374951515 0.53007320865394125 -0.092092192641178766 2.7079296219994253 0.029696746710061075 0.28627216548233592 -7.7385056139744384 -0.043835076405949296 2.0889091811759473 -0.030211411542620321 0.10200978875582067 -5.5394226776753781 -0.052233712667046572 0.11977094142128589 0.46409289623215955 -1.7610680426063143 -0.88048735880244766 0.14333894249137935 -0.12665857414187046 1.7689296556729039 -0.36676159428607308 1.8120099564649153 -0.036802145623721694 0.1481975585598331 0.6863993846580827 -0.194954756245827 2.5841355131957178 -0.03202721395271825 0.044495897003955634 0.14191269328487688 -0.42202197186022961 -0.09681995247183757 1.0167362390331569 0.49851358515741312 0.067257478347838115 -2.3458896054649685 0.22222942750819313 -0.0084724897183056317 1.1146630987986863 -0.058293116560411695 -6.7133413340147943 0.046519032076820753 7.1852386032185009 -0.14561677311361904 1.9947707806024992 -6.5123168192196612 0.51134074455577239 -2.6060178298422652
leaf_weight=32 34 21 34 26 23 20 22 21 25 32 21 20 20 21 20 38 27 28 27 21 26 35 22 38 31 20 35 20 21 39 23 22 39 23 20 23 30 37 20 24 21 31 26 24 20 23 28 32 20 27 25 20
leaf_count=32 34 21 34 26 23 20 22 21 25 32 21 20 20 21 20 38 27 28 27 21 26 35 22 38 31 20 35 20 21 39 23 22 39 23 20 23 30 37 20 24 21 31 26 24 20 23 28 32 20 27 25 20
internal_value=-0.000130624 -0.000351837 -0.000582278 -0.000373665 -0.000201465 0.00272727 -0.00047619 -2.85987e-05 -0.00172775 -0.000787879 -0.0018797 0.00034965 0.000562347 0.00432836 0.000226365 -0.00344828 -0.00314815 -0.000204082 0.000533911 0.00100694 -0.0026087 0.00132075 -0.00192982 0.00171247 0.000790378 0.00318681 0.0019403 0.00358974 -0.000234742 -0.000833333 0.00508772 0.00373737 0.00506494 -0.00179487 -0.00373134 0.0008 0.00255319 0.00172414 0.000196078 0.00114754 -0.000526316 0.00153846 0.00391304 -0.00636364 -0.0044186 0.00471698 0.00666667 -0.00559322 -0.000243902 -0.00442623 0.00695652 -0.004
internal_weight=1378 1279 1185 1124 1092 99 42 1049 191 165 133 858 818 67 751 58 108 49 693 576 46 530 57 473 291 182 134 78 213 192 57 99 77 117 67 50 94 58 153 122 76 52 46 44 43 53 48 59 41 61 46 40
internal_count=1378 1279 1185 1124 1092 99 42 1049 191 165 133 858 818 67 751 58 108 49 693 576 46 530 57 473 291 182 134 78 213 192 57 99 77 117 67 50 94 58 153 122 76 52 46 44 43 53 48 59 41 61 46 40
is_linear=0
shrinkage=0.01


Tree=51
num_leaves=54
num_cat=0
split_feature=73 37 100 71 22 30 70 68 34 0 79 72 0 22 28 43 28 38 16 10 6 0 79 30 42 98 79 2 38 38 28 33 68 72 3 10 63 99 26 3 16 40 5 28 2 3 79 30 2 70 10 3 10
split_gain=13.3812 13.5897 13.8577 13.2581 13.2424 11.7727 14.3834 11.1801 10.7249 10.5338 9.83154 9.47503 9.39167 8.72591 8.54639 8.78873 8.35886 7.80329 7.66625 7.92362 7.63289 7.57576 7.56123 7.03349 6.56466 6.91652 6.25 6.08766 5.96522 5.82061 5.68052 5.54168 5.11296 8.74524 8.8359 7.44856 5.82165 5.23086 5.20969 4.8026 7.3672 6.09524 4.76504 4.75839 5.58072 4.55111 3.73333 3.63808 3.50085 3.61026 2.5 2.5 0.942857
threshold=1338.1500000000003 45.250000000000007 0.017361111111111115 560.25000000000011 82.250000000000014 84.250000000000014 998.8660000000001 1682.5500000000002 116.25000000000001 33368.80000000001 79.923506384938193 1163.2100000000003 32159.950000000001 85.250000000000014 25.275000000000002 74.844997406005874 30.475000000000005 10.325000000000001 6163.3500000000013 27955.750000000004 3698.5950000000007 34485.80000000001 604.05122702507322 77.750000000000014 119.20000076293947 0.28125000000000006 666.15394677185134 2536.6000000000004 4.2250000000000005 6.8750000000000009 24.525000000000002 116.50000000000001 1231.4915000000003 798.88000000000011 13606.500000000002 33266.450000000004 29399.350000000002 0.36458333333333343 67.750000000000014 13544.000000000002 6194.1500000000005 85.750000000000014 4446.6500000000005 27.675000000000004 3261.7275000000004 14245.150000000001 206.17882913134085 99.750000000000014 2466.5500000000006 1254.8285000000003 30892.500000000004 14738.85 30216.200000000004
decision_type=2 2 2 2 2 2 2 2 2 2 2 2 2 2 2 2 2 2 2 2 2 2 2 2 2 2 2 2 2 2 2 2 2 2 2 2 2 2 2 2 2 2 2 2 2 2 2 2 2 2 2 2 2
left_child=1 3 4 22 -3 6 17 8 14 10 -2 -12 46 -11 15 45 32 23 19 -13 -17 -10 29 39 -22 -26 42 -20 -8 -1 -29 50 33 34 36 -36 -16 -37 -39 41 -41 -4 -21 -42 -45 -7 -6 48 -5 -50 -30 -18 -44
right_child=9 2 5 47 12 7 28 -9 21 13 11 18 -14 -15 16 20 51 -19 27 26 24 -23 -24 -25 25 -27 -28 30 31 -31 -32 -33 -34 -35 35 37 -38 38 -40 40 43 -43 52 44 -46 -47 -48 -49 49 -51 -52 -53 -54
leaf_value=0.16826880412124154 0.033444264093170493 0.31858159122255691 0.50622733711021461 1.8707319754635539 -0.21642806116596286 -0.23804607332044611 9.5763038518975279 -7.0854398734015858 -0.0031366598964272809 -4.7036461850109017 0.31283174269079972 0.025591991052182281 -0.043238353125390754 -0.034877550164405399 0.13149357505952319 -0.025737495553896896 0.019878337436412843 0.030321698276868141 -0.067126835224219791 -1.0738695162435805 7.9080987535905409 3.2424985286290782 -2.2960376164882161 0.12424122839731661 0.1058244662590916 -0.022013740652365471 0.022138053442047639 1.3570097538208237 0.71327408536614967 -0.06199963897541217 -0.0021947096963236992 4.2332643726769073 0.10612272212153284 -6.2321880047080986 -0.35629134044229049 0.067346863604662369 -0.003579279714510122 -0.0098074946126746818 -0.31321230605710582 -1.8155918006856087 -0.12732839872296958 -0.041807134333664848 -0.47482253313899797 -0.13918829578111591 0.43492473539038595 0.079251861684599453 -2.0991554644575219 2.6602564161795796 0.014852366874101844 2.4187769538265305 -0.034524319604458634 0.81210152567940186 -0.85621132335443839
leaf_weight=30 22 22 21 20 32 20 21 29 20 35 20 34 32 37 22 25 20 37 22 38 26 24 32 20 31 24 20 22 20 25 20 29 32 38 20 26 20 39 31 27 22 21 22 21 20 25 28 22 22 30 20 20 20
leaf_count=30 22 22 21 20 32 20 21 29 20 35 20 34 32 37 22 25 20 37 22 38 26 24 32 20 31 24 20 22 20 25 20 29 32 38 20 26 20 39 31 27 22 21 22 21 20 25 28 22 22 30 20 20 20
internal_value=-0.000101597 0.00043152 -7.9096e-05 0.00292818 -0.00333333 0.000402075 0.00204301 -0.000528455 -0.000151188 -0.00192308 -0.000916667 -0.00155963 -0.005 -0.00527778 -0.000644391 0.00125828 -0.00171642 0.00047619 -0.00222222 -0.00358209 0.00283019 0.00454545 0.000114943 -0.000526316 0.00432099 0.00236364 -0.005 0.000625 0.00533333 0.00236364 0.00285714 0.00391304 -0.00245614 -0.00306122 -0.00202532 -0.00344828 0.00190476 -0.00229167 -0.00371429 -0.00136364 -0.00266667 0.00142857 -0.00625 -0.000793651 0.00121951 -0.00244444 -0.00733333 0.00553191 0.00444444 0.00307692 0.0015 0.0025 -0.00857143
internal_weight=1378 1066 885 181 114 771 279 492 463 312 240 218 92 72 419 151 268 189 198 134 106 44 87 152 81 55 100 64 90 55 42 69 228 196 158 116 42 96 70 132 90 42 80 63 41 45 60 94 72 52 40 40 42
internal_count=1378 1066 885 181 114 771 279 492 463 312 240 218 92 72 419 151 268 189 198 134 106 44 87 152 81 55 100 64 90 55 42 69 228 196 158 116 42 96 70 132 90 42 80 63 41 45 60 94 72 52 40 40 42
is_linear=0
shrinkage=0.01


Tree=52
num_leaves=55
num_cat=0
split_feature=16 30 69 72 37 69 86 82 43 67 80 63 4 16 83 14 94 22 31 98 3 3 0 79 31 31 30 16 25 14 77 77 77 67 30 69 30 66 26 67 67 4 14 69 91 26 35 80 69 41 98 69 89 25
split_gain=10.6183 13.3886 13.1325 11.4366 15.5922 10.1802 9.28103 9.2663 9.85189 9.6 9.17388 9.025 9.02418 8.81667 8.45011 8.00101 7.30046 10.1078 7.21895 6.96963 6.78513 7.17087 6.73202 10.8755 6.53333 6.38226 6.29353 7.97154 11.0836 8.23892 6.14915 10.0986 9.36474 8.08401 9.49728 7.80444 6.38524 7.46667 5.90635 5.7334 5.18205 5.12821 7.1171 4.9195 4.87013 4.40682 4.14848 3.77622 3.32814 2.96077 2.79894 2.56098 1.63902 1.6
threshold=6962.0500000000011 97.750000000000014 34536.250000000007 915.5055000000001 99.750000000000014 24916.500000000004 1148.6400000000001 85.56750000000001 85.575000762939467 38181.30000000001 33775.752777777787 32793.05000000001 7711.7000000000016 5647.5500000000002 2052.1999999999994 10096.35 628132.51020093751 90.750000000000014 3.2750000000000008 0.20486111111111113 15186.150000000001 14576.600000000002 30618.650000000005 610.02328400362194 3.6750000000000003 19.125000000000004 48.750000000000007 5880.2500000000009 169.75000000000003 17489.700000000001 3840.0919833557564 3220.3650953629162 4575.0344470144519 30086.100000000002 58.250000000000007 29448.350000000002 98.250000000000014 1469.6035000000004 16.250000000000004 32087.800000000003 28287.950000000004 3669.8650000000002 15608.000000000002 31060.300000000007 31185.728500000005 36.750000000000007 25.325000000000006 33534.710416666676 32014.850000000002 74.750000000000014 0.49652777777777785 35105.350000000013 1318.0276687500002 161.25000000000003
decision_type=2 2 2 2 2 2 2 2 2 2 2 2 2 2 2 2 2 2 2 2 2 2 2 2 2 2 2 2 2 2 2 2 2 2 2 2 2 2 2 2 2 2 2 2 2 2 2 2 2 2 2 2 2 2
left_child=2 16 3 5 6 -1 12 8 9 11 41 20 15 -13 26 -5 17 -2 -17 -14 21 -4 47 48 -15 30 -7 29 -29 40 31 38 36 35 -35 -33 50 -38 -20 -25 -28 -6 -43 -8 -41 -44 -9 -16 -24 -45 -32 -3 -31 -26
right_child=1 51 7 4 10 14 43 46 -10 -11 -12 13 19 24 22 18 -18 -19 25 -21 -22 -23 23 39 53 -27 27 28 -30 52 32 33 -34 34 -36 -37 37 -39 -40 44 -42 42 45 49 -46 -47 -48 -49 -50 -51 -52 -53 -54 -55
leaf_value=-0.10314420022129912 0.39775672514585114 1.3729983492492119 -1.6749087786122934 -1.0595514483202002 0.025970399991087377 2.94609220140832 0.012958404536386641 -0.2749023059870096 -1.1189216409984528 -2.9877571422163909 -0.68448007719460169 -1.4807807768297994 -0.077383078569569524 -0.013722192862659974 0.0071261197201736692 -1.9029970941647258 -0.015329903136107532 -0.10189099689070762 1.286291334662462 -6.884352203564486 -0.19794855824655244 0.058950627425468485 4.8106909582832547 -0.092719629886548138 4.0737050501476784 -0.75805705521950828 1.4025608858099836 0.14575971323012202 -0.047009360988644354 4.5937230222568841 1.5627181583224821 0.024666327538953477 -0.31073897705020698 -0.098509719970071255 0.13782361312918232 -1.8718918020444044 -2.7384250351873116 0.42668069855911034 0.063686693673605077 0.090587681197985007 -0.17918563627680442 -5.1057302922864825 -0.69543711169823097 0.027611288235372147 -0.013188312015290499 0.05549498965798759 -4.1561211212225162 -0.26007783157586334 0.057586578823546189 0.0091881213235001386 0.76222224969728214 2.983970823226946 3.9661142470688824 0.082014733653044056
leaf_weight=36 38 21 21 22 26 30 22 20 20 32 24 20 35 20 30 32 28 24 21 26 29 30 27 23 20 25 22 31 20 21 36 21 22 20 31 31 20 28 24 20 25 23 21 23 22 34 24 22 28 20 27 20 20 20
leaf_count=36 38 21 21 22 26 30 22 20 20 32 24 20 35 20 30 32 28 24 21 26 29 30 27 23 20 25 22 31 20 21 36 21 22 20 31 31 20 28 24 20 25 23 21 23 22 34 24 22 28 20 27 20 20 20
internal_value=0.00011611 0.00282443 -0.000168404 0.000353179 -0.000488599 0.00172414 0.000329218 -0.0021875 -0.00132075 -0.000625 -0.00359375 0.000375 -0.000213777 0.00275 0.00225806 0.000388889 0.000666667 0.00258065 0.000769231 -0.00377049 -0.002 0.000196078 0.000697674 0.002 0.00466667 0.00124183 0.00384615 0.00294964 -0.000196078 0.00477273 0.0016726 0.00027027 0.00323308 -0.00145631 0.00137255 -0.00423077 0.00441441 0.00166667 0.00422222 -0.000769231 0.00191489 -0.00230769 -0.00358974 0.00384615 0.00142857 -0.00163636 -0.00636364 -0.00230769 0.00527273 0.00581395 0.00650794 0.00756098 0.00804878 0.007
internal_weight=1378 131 1247 991 614 377 486 256 212 192 128 160 421 80 341 360 90 62 338 61 80 51 172 120 60 306 169 139 51 88 281 148 133 103 51 52 111 48 45 65 47 104 78 65 42 55 44 52 55 43 63 41 41 40
internal_count=1378 131 1247 991 614 377 486 256 212 192 128 160 421 80 341 360 90 62 338 61 80 51 172 120 60 306 169 139 51 88 281 148 133 103 51 52 111 48 45 65 47 104 78 65 42 55 44 52 55 43 63 41 41 40
is_linear=0
shrinkage=0.01


Tree=53
num_leaves=50
num_cat=0
split_feature=40 75 3 38 97 31 98 11 80 67 40 21 91 6 85 40 3 0 22 67 98 80 23 20 22 97 31 6 6 82 16 100 16 38 68 93 75 34 39 68 23 98 22 21 75 38 99 80 20
split_gain=11.844 8.78885 11.5394 12.2772 8.45651 10.502 9.45405 9.25772 8.82252 12.1461 8.39683 8.36508 8.29645 8.02408 7.81636 8.44215 7.37027 7.24428 11.716 7.39415 9.27556 8.78716 6.72726 6.56543 11.8271 9.55688 6.52654 6.29546 7.1604 10.4852 7.02789 6.21213 9.82116 6.18956 6.08464 8.10009 7.09723 5.93117 8.02364 5.07105 4.95872 4.93445 4.883 4.54301 4.45187 4.40658 4.32154 2.89377 2.5
threshold=54.750000000000007 346.59320019092439 15378.720500000001 6.325000000000002 0.57291666666666685 3.0250000000000004 0.49652777777777785 38925.350000000013 30505.344791666666 30361.100000000002 133.75000000000003 21.025000000000002 31280.434337500006 3717.3850000000007 970.76950000000011 66.750000000000014 13985.400000000001 30692.000000000004 89.250000000000014 37416.950000000004 0.059027777777777783 38018.241319444453 99.750000000000014 1101.7500000000002 89.250000000000014 0.26041666666666669 8.7250000000000014 4513.8250000000016 6592.9950000000008 0.028500000000000029 5405.8500000000013 0.30208333333333343 5023.0000000000009 5.6250000000000009 1602.2500000000002 419.29539473684218 530.88558828895486 93.250000000000014 118.25000000000001 1471.9000000000003 99.750000000000014 0.5590277777777779 88.250000000000014 18.275000000000002 642.77508345749163 6.8750000000000009 0.36458333333333343 31249.441666666669 546.50000000000011
decision_type=2 2 2 2 2 2 2 2 2 2 2 2 2 2 2 2 2 2 2 2 2 2 2 2 2 2 2 2 2 2 2 2 2 2 2 2 2 2 2 2 2 2 2 2 2 2 2 2 2
left_child=1 37 3 42 6 -6 8 12 9 13 16 34 26 -2 -13 -16 -8 18 -17 20 45 23 -21 24 46 -26 39 -15 29 -29 -30 -5 -33 -11 35 36 -10 38 43 -7 -28 -9 -3 -1 -25 -19 48 -41 -22
right_child=4 2 -4 31 5 7 10 41 11 33 -12 14 -14 27 15 17 -18 19 -20 22 21 -23 -24 44 25 -27 40 28 30 -31 -32 32 -34 -35 -36 -37 -38 -39 -40 47 -42 -43 -44 -45 -46 -47 -48 -49 -50
leaf_value=-0.0033409924811660914 -1.0135107479098886 0.0052316402833318997 -2.3215905540696138 0.28600601158645672 -0.041193463616660861 0.50273085651070482 -3.993259637205091 0.053827585655870369 -0.15233585378763037 0.019005832348124141 0.13161353329528935 -0.057807948155733854 -0.27319981394823861 1.2155421328552722 0.095956078240223397 0.090811238542257089 -0.086554968670201224 4.5103758865439048 -0.080609422431095729 0.029837017455069632 -0.18444208970801712 2.9271314486217506 -1.5511228108160453 -0.0040246492078094788 -0.028950809759440147 1.4171213614414517 0.056292261790545889 -2.2021658895845122 0.57713447311726995 0.34272389569225042 -0.03412891229139943 -6.9116225420832027 -0.026681022646050358 2.5994204529196101 -3.3334508591664611 -0.75069129883458052 0.32720533660607337 -2.0154639694751357 0.030864914814986631 1.8035448761864086 -0.021131221836090258 1.0112717289978275 2.7780051438247444 -0.88765732921470941 0.10856158697715686 0.016897833602103573 -0.0078847100804671343 0.044075129078087409 -1.8786320717466298
leaf_weight=23 36 31 30 26 26 30 33 21 32 22 21 22 23 27 20 24 30 32 35 30 20 25 23 26 27 21 30 31 34 39 20 21 38 25 23 23 23 28 29 23 38 38 38 34 21 37 25 24 20
leaf_count=23 36 31 30 26 26 30 33 21 32 22 21 22 23 27 20 24 30 32 35 30 20 25 23 26 27 21 30 31 34 39 20 21 38 25 23 23 23 28 29 23 38 38 38 34 21 37 25 24 20
internal_value=8.70827e-05 -0.00167785 -0.000326087 0.000779221 0.000574074 0.00217391 8.46433e-05 0.00286344 0.000444145 0.00205128 -0.00309524 -0.000294695 0.00166667 0.000909091 0.000343137 0.000673575 -0.00492063 0.000327869 -0.00288136 0.000944625 0.00165354 0.000486486 -0.00245283 -0.000375 -0.00168142 0.00208333 0.00255172 0.00192053 0.000967742 -0.00114286 0.0037037 -0.00176471 -0.00355932 0.00659574 -0.00287129 -0.00153846 0.000545455 -0.00385965 -0.00255814 0.00454545 0.000294118 0.00627119 0.00391304 -0.00473684 0.00276596 0.00478261 -0.00446154 0.00659574 -0.0065
internal_weight=1378 298 184 154 1080 253 827 227 743 234 84 509 168 187 408 386 63 366 59 307 254 185 53 160 113 48 145 151 124 70 54 85 59 47 101 78 55 114 86 77 68 59 69 57 47 69 65 47 40
internal_count=1378 298 184 154 1080 253 827 227 743 234 84 509 168 187 408 386 63 366 59 307 254 185 53 160 113 48 145 151 124 70 54 85 59 47 101 78 55 114 86 77 68 59 69 57 47 69 65 47 40
is_linear=0
shrinkage=0.01


Tree=54
num_leaves=53
num_cat=0
split_feature=74 40 68 40 34 28 20 97 0 38 25 60 7 81 71 0 66 4 24 3 3 25 6 21 71 34 24 14 81 4 81 0 75 71 46 91 24 24 68 76 6 7 65 22 20 75 68 69 16 17 65 76
split_gain=8.20029 11.1553 8.94942 9.7049 8.89366 10.2758 16.1922 14.5281 11.6641 13.8995 8.81841 12.6008 8.79446 8.7535 10.7212 8.28284 8.12433 7.92805 7.93509 8.777 9.72253 7.68153 7.72735 8.36129 7.65085 7.59688 7.19315 8.21337 7.16144 10.3126 6.13379 6.06622 5.84541 5.76 5.75826 5.7408 7 7.93335 5.69077 10.8915 5.58072 4.85035 4.70417 4.7651 3.92727 3.68202 3.5787 2.74286 2.57471 2.56226 2.70941 2.27273
threshold=197.57662500000006 176.50000000000003 1682.1500000000003 118.75000000000001 114.25000000000001 24.275000000000002 2021.5000000000002 0.53125000000000011 31732.850000000002 3.5250000000000004 142.75000000000003 1148.2645000000002 20.475000000000005 4126.8574008210599 1.0000000180025095e-35 33878.400000000009 1699.0500000000002 3252.5700000000002 15.325000000000001 15653.840500000002 14862.350000000002 158.50000000000003 6554.1850000000004 29.725000000000005 1047.0500000000002 78.750000000000014 11.625000000000002 18778.650000000005 4287.9242798046653 11152.320000000002 4114.9914167279494 32898.850000000013 214.199927154498 1236.5435000000002 92.81000137329103 26199.992756250005 6.6750000000000016 9.8750000000000018 714.25000000000011 34863.771875000013 3911.4100000000003 1858.9600000000003 28708.450000000004 88.250000000000014 1101.7500000000002 555.66712923749014 1121.5380000000002 32390.250000000004 5616.6500000000005 42.550000000000004 29687.750000000004 27468.383333333335
decision_type=2 2 2 2 2 2 2 2 2 2 2 2 2 2 2 2 2 2 2 2 2 2 2 2 2 2 2 2 2 2 2 2 2 2 2 2 2 2 2 2 2 2 2 2 2 2 2 2 2 2 2 2
left_child=38 2 4 16 5 6 8 13 9 -2 12 21 34 -8 -15 -6 24 -14 19 20 26 -12 25 28 -4 -23 27 42 29 -24 -18 -5 -11 48 40 51 -37 -38 39 -1 -7 -31 43 -19 -30 -16 -35 -10 -13 -36 -51 -34
right_child=1 -3 3 31 15 10 7 -9 47 32 11 33 17 14 45 -17 30 18 -20 -21 -22 22 23 -25 -26 -27 -28 -29 44 41 -32 -33 35 46 49 36 37 -39 -40 -41 -42 -43 -44 -45 -46 -47 -48 -49 -50 50 -52 -53
leaf_value=0.060544610005686873 3.5438832585685796 0.67549993349107651 -7.269684577220815 0.045006908703973364 0.0026807707893370413 -0.679700947461923 0.061826413033732514 0.22435497379033259 1.8990099144352848 -0.23286375340765036 0.12276457349628127 0.10157096587704516 0.1101527281152113 0.028670230088490012 -1.6590539920934333 6.8079183282125406 0.068249552406039291 -0.2877032073026794 -6.2388307006203503 -0.37733113516076688 1.181681209545967 -0.018818796208116381 -0.015249625098754641 -3.0522419300930461 -0.17767265707473848 -2.5758794032332504 0.2114570121773689 0.078325168360032726 -0.18542159462602648 4.8570020858480918 -0.018132054945769457 -0.0056780622468220621 0.32027948966851072 -0.084328620407328803 -5.3529357681096164 1.7782839979542013 -0.18815734611615639 0.78478693076697559 -8.3566823469776885 -0.019004301047207489 0.055056680484906771 0.0062414953395988496 -0.23492960913823943 0.0041466766423827583 0.092263650690599538 -5.256504119227948 0.032485140800589611 3.3190965426677153 10.643877118735215 -0.48068037426457305 -0.034856939209363523 -0.4788935050168206
leaf_weight=28 27 37 28 27 25 20 20 31 21 23 28 21 26 28 35 26 25 20 27 22 28 29 28 20 34 36 26 27 24 30 27 23 22 22 20 21 29 34 35 29 21 22 20 29 20 22 28 35 29 21 20 22
leaf_count=28 27 37 28 27 25 20 20 31 21 23 28 21 26 28 35 26 25 20 27 22 28 29 28 20 34 36 26 27 24 30 27 23 22 22 20 21 29 34 35 29 21 22 20 29 20 22 28 35 29 21 20 22
internal_value=5.80552e-05 0.000264386 0.000104083 -0.00207317 0.00043318 0.000232108 0.00156757 -0.00117647 0.00316239 0.00191011 -0.000512048 0.000623145 -0.00168196 -0.00295238 -0.00435294 0.0045098 -0.00368421 -0.000577778 -0.00125628 -0.000465116 0.0004 -0.000632911 -0.00129187 0 -0.00612903 -0.00415385 -0.000819672 -0.00208333 0.000967742 0.00275 -0.000769231 0.0016 0.000728477 0.0036 -0.00411765 0.0015625 0.00309524 0.00142857 -0.00282609 -0.000877193 -0.00121951 0.00538462 -0.00391304 -0.0022449 -0.00227273 -0.00684211 0.0012 0.00714286 0.006 -0.00606557 -0.00463415 -0.00136364
internal_weight=1378 1286 1249 164 1085 1034 370 136 234 178 664 337 327 105 85 51 114 225 199 172 150 237 209 144 62 65 122 96 124 80 52 50 151 100 102 128 84 63 92 57 41 52 69 49 44 57 50 56 50 61 41 44
internal_count=1378 1286 1249 164 1085 1034 370 136 234 178 664 337 327 105 85 51 114 225 199 172 150 237 209 144 62 65 122 96 124 80 52 50 151 100 102 128 84 63 92 57 41 52 69 49 44 57 50 56 50 61 41 44
is_linear=0
shrinkage=0.01


Tree=55
num_leaves=56
num_cat=0
split_feature=69 16 14 84 65 40 77 27 40 0 77 32 21 4 88 6 13 78 95 72 40 23 62 62 29 89 84 84 23 69 71 45 25 25 78 7 4 21 0 27 80 97 25 14 43 21 96 77 78 84 69 76 79 63 0
split_gain=13.2174 11.0429 9.6586 9.16743 9.00901 8.81384 12.7127 7.89341 7.85029 7.45865 8.71152 9.44271 10.5554 12.6944 10.9349 8.53535 7.15824 12.4315 7.05586 15.8604 13.4016 8.54266 7.90325 10.0014 7.8 10.9714 6.52807 7.00223 6.80673 6.36242 8.12723 6.03906 5.84862 8.63453 6.90073 6.33313 8.71309 7.86074 11.5513 5.71429 6.25541 5.70429 5.62392 5.54505 5.49143 4.79596 4.10876 3.86451 4.90003 3.7176 3.10231 2.46257 2.42946 1.61333 0.118367
threshold=32182.600000000002 6240.9500000000016 13913.600000000002 1106.4538437500003 27350.300000000003 150.25000000000003 3104.0232463748184 104.75000000000001 71.750000000000014 32866.650000000009 4564.922515975014 144.75000000000003 18.075000000000006 8310.2700000000023 6012.1808333333329 7707.5700000000006 3804.2000000000003 999.95628472222234 1.0000000180025095e-35 1.0025000000000002 109.75000000000001 51.500000000000007 918.75150000000019 1.3735000000000002 83.250000000000014 1086.9789937500002 1435.1179270833338 1265.3811666666668 96.750000000000014 33944.250000000007 854.15900000000011 23632.500000000004 124.75000000000001 150.75000000000003 377.83812847222231 154.49000000000004 11573.145000000002 28.125000000000004 35850.650000000009 52.750000000000007 32551.31493055556 0.23958333333333334 19.750000000000004 11703.050000000001 87.31000137329103 19.075000000000006 1.0000000180025095e-35 3631.9760516331903 1336.1848229166667 1213.8809166666667 28329.000000000004 31730.805208333342 583.32999974758252 28910.550000000003 35203.80000000001
decision_type=2 2 2 2 2 2 2 2 2 2 2 2 2 2 2 2 2 2 2 2 2 2 2 2 2 2 2 2 2 2 2 2 2 2 2 2 2 2 2 2 2 2 2 2 2 2 2 2 2 2 2 2 2 2 2
left_child=1 5 31 4 -4 6 8 9 -1 10 11 12 14 44 26 46 -10 -18 19 22 21 -21 23 32 43 42 27 28 -8 -22 -31 51 34 -34 -2 -35 -37 38 -38 -27 -41 -7 -26 -20 53 -44 47 -13 -49 52 -5 -3 54 -14 -23
right_child=18 2 3 50 -6 41 7 -9 16 -11 -12 15 13 -15 -16 -17 17 -19 24 20 29 49 -24 -25 25 39 -28 -29 -30 30 -32 -33 33 35 -36 36 37 -39 -40 40 -42 -43 45 -45 -46 -47 -48 48 -50 -51 -52 -53 -54 -55 -56
leaf_value=-0.10606558503473465 0.10440258680168887 0.40020098925020892 6.3520567641878971 2.93227468105411 -0.01157099080143853 0.096543579365179294 -0.00039040986312338378 -0.10768381524170753 0.65332280104789764 1.880019815290932 -0.85534501834136079 0.01144428544313624 3.9316968534255823 -0.044471830370749935 0.44586973356208787 0.05927786654622981 4.5184059966591619 -0.17333596821612851 -0.0034813968377959289 -0.1134613201068996 0.19052903212828581 -7.3886774891890843 -0.061438870265198606 1.688551056917583 -2.4069674030715116 -0.030331179670158432 -0.7766652021869157 0.22470933589240061 -2.7733417660317232 -6.8253174674808967 0.26234892131353893 -0.034731961736473645 -0.1215410686231877 -0.057049257248795303 0.0012892826075091368 5.4191000614994165 -0.041328838065813153 -0.60190984335116104 3.8084226546274871 -0.05871165965673223 0.0195433149385764 2.9509535603444452 1.2344215092495519 2.0317362471597376 0.025924117953055249 0.025068614578605763 -6.8913369695664715 -0.45244235431612057 -0.023507421841235034 -0.68802335405189297 4.8574673970974729 0.002062363860763985 -8.3587533339306646 1.1195120491225381 -2.2656667221509155
leaf_weight=35 21 20 20 23 29 25 28 20 20 21 21 26 30 31 30 20 29 22 21 23 37 29 20 24 20 30 20 21 27 23 26 23 27 28 38 20 20 38 23 20 22 22 20 39 20 23 21 22 21 22 37 27 23 20 20
leaf_count=35 21 20 20 23 29 25 28 20 20 21 21 26 30 31 30 20 29 22 21 23 37 29 20 24 20 30 20 21 27 23 26 23 27 28 38 20 20 38 23 20 22 22 20 39 20 23 21 22 21 22 37 27 23 20 20
internal_value=0.000100865 0.00102599 0.00318436 0.00504587 0.00183673 0.000326087 -5.94059e-05 -0.000877193 0.00301887 -0.00055409 -0.000893855 -0.000504451 0.000660793 0.00306931 -0.00126984 -0.00290909 0.00492958 0.00294118 -0.000928463 -0.00160173 -0.00369458 -0.00589744 3.861e-05 0.000543933 0.000666667 -0.000666667 -0.00291667 -0.00157895 -0.00345455 -0.000697674 -0.00306122 0.000285714 -0.000139535 -0.00115385 0.00254237 -7.75194e-05 0.00108911 -0.00037037 0.00255814 -0.00333333 -0.000952381 0.00446809 0.00238095 0.00366667 0.00542857 0.0044186 -0.00422222 -0.00304348 -0.00488372 -0.00723404 0.00766667 0.00234043 -0.00833333 0.0072 -0.00959184
internal_weight=1388 731 179 109 49 552 505 399 106 379 358 337 227 101 126 110 71 51 657 462 203 117 259 239 195 135 96 76 55 86 49 70 215 156 59 129 101 81 43 72 42 47 63 60 70 43 90 69 43 94 60 47 72 50 49
internal_count=1388 731 179 109 49 552 505 399 106 379 358 337 227 101 126 110 71 51 657 462 203 117 259 239 195 135 96 76 55 86 49 70 215 156 59 129 101 81 43 72 42 47 63 60 70 43 90 69 43 94 60 47 72 50 49
is_linear=0
shrinkage=0.01


Tree=56
num_leaves=56
num_cat=0
split_feature=29 38 80 16 88 97 33 79 32 17 44 66 19 5 94 29 74 32 3 23 33 32 1 2 45 13 29 26 78 45 75 1 38 71 16 78 13 26 3 100 26 3 26 30 3 17 74 23 45 2 23 24 16 1 19
split_gain=13.0272 7.79679 7.62763 10.3006 9.8834 8.29289 9.07833 14.7544 10.1751 8.6689 8.05675 8.83715 14.9726 8.61078 9.55212 6.96318 6.87201 6.62722 6.387 6.31183 6.3071 7.13949 6.03255 9.21364 9.40668 5.87174 5.74256 5.60808 10.071 5.51356 6.08445 5.72109 5.30223 7.67697 6.91212 6.79233 5.54683 5.13087 9.85201 4.90275 4.76141 12.4121 4.73133 7.48566 4.66667 4.61092 4.55111 4.43969 6.07658 4.9 4.9 4.21037 4.12707 3.65714 1.718
threshold=96.250000000000014 1.6250000000000002 33827.612847222226 7136.9000000000005 7485.4645833333334 0.052083333333333336 167.75000000000003 615.46668809796688 227.75000000000003 174.75000000000003 4.055500030517579 1231.4915000000003 879.45000000000016 3325.8400000000006 672206.06546687521 86.750000000000014 1136.5245416666669 189.75000000000003 15999.400000000003 90.250000000000014 12.750000000000002 156.25000000000003 16481.601500000004 3066.4500000000003 24402.500000000004 6489.8500000000013 89.750000000000014 6.2500000000000009 668.89652430555566 25372.000000000004 384.0782581423677 14973.025500000002 9.8250000000000011 510.02700000000004 6514.6500000000005 393.52606250000002 13179.450000000003 59.250000000000007 13434.650000000001 0.21875000000000003 14.750000000000002 13058.400000000001 1.2500000000000002 52.250000000000007 16275.566500000003 168.55000000000004 833.18327083333349 58.750000000000007 23071.000000000004 2425.7000000000003 14.750000000000002 8.9250000000000025 6401.3500000000013 14378.750000000002 265.50000000000006
decision_type=2 2 2 2 2 2 2 2 2 2 2 2 2 2 2 2 2 2 2 2 2 2 2 2 2 2 2 2 2 2 2 2 2 2 2 2 2 2 2 2 2 2 2 2 2 2 2 2 2 2 2 2 2 2 2
left_child=1 -1 10 4 18 32 8 9 19 -8 13 37 15 14 26 39 -16 -5 29 -7 -14 -22 23 24 27 -25 -3 42 -29 30 31 -4 33 34 35 -6 -34 40 -39 -13 41 -12 43 -15 -20 -21 -42 50 49 -49 -30 -45 -31 -17 -44
right_child=-2 2 3 17 5 6 7 -9 -10 -11 11 12 20 22 16 53 -18 -19 44 45 21 -23 -24 25 -26 -27 -28 28 47 52 -32 -33 36 -35 -36 -37 -38 38 -40 -41 46 -43 54 51 -46 -47 -48 48 -50 -51 -52 -53 -54 -55 -56
leaf_value=0.57801596283496626 6.3265978668965035 -0.74273588124761092 -6.8154656154444666 -0.031389579834327212 -0.0059248504636246514 -0.027897159173477643 -0.014005644055076316 -5.1145631385307704 5.4327309690245116 5.482692484613584 -0.44259141036607647 7.5088394035314963 -0.38677613165327485 1.4604352275859342 -0.63748587931852985 0.84534706448686703 0.35911985583541922 1.6805840482170309 0.25452610928929842 1.3136608353183226 0.66019143057259033 -0.10012532102243776 3.4916601244846204 0.033551868611301057 7.5320197332571954 -0.14495376541432337 -0.086542901949465498 0.48279041410749662 -0.011872004917288499 -6.7919382664906385 0.0020417402221563452 -0.088395176917437299 -4.8954345062969375 -0.33825506878653755 -0.036624745129972033 0.20200769577471506 -2.2786049723346284 0.188623741807003 -0.035189217218175264 0.52846116291706158 -1.1868802392063236 0.25580929620745629 0.46254055798732074 -0.5087642462272981 -0.28099824542423163 0.017886860010620922 -4.7739670816365205 -0.98330053993733457 -0.17615218932004076 0.8138958375676868 0.052493131579530526 0.21098748073873438 -0.071118364754509694 -0.0079584915899927645 0.057244923410743102
leaf_weight=20 23 29 21 21 20 38 23 27 28 26 24 25 33 23 20 24 21 33 21 20 31 22 31 39 24 29 26 25 20 36 37 28 25 21 20 21 21 35 30 22 25 20 20 22 21 23 20 20 21 20 20 26 25 21 21
leaf_count=20 23 29 21 21 20 38 23 27 28 26 24 25 33 23 20 24 21 33 21 20 31 22 31 39 24 29 26 25 20 36 37 28 25 21 20 21 21 35 30 22 25 20 20 22 21 23 20 20 21 20 20 26 25 21 21
internal_value=-7.20461e-05 -0.000197802 -0.000289963 -0.00118705 -0.00163347 -0.000543131 0.000810811 -0.00184211 0.00266055 0.00142857 0.000342205 -0.000843373 0.000674157 0.0012035 -0.00145833 0.00347826 0.00219512 0.00296296 -0.00343915 0.000864198 -0.00232558 -0.000188679 0.00191136 0.00151515 0.00236641 -0.00176471 -0.00418182 0.00176471 0.00031746 -0.00442177 -0.0027907 -0.00510204 -0.0025 -0.00097561 0.000819672 0.00317073 -0.00521739 -0.0025974 -0.000461538 0.00617021 -0.0041573 -0.00181818 0.00339286 0.00183099 0 0.00348837 -0.00644444 -0.00108911 -0.00278689 -0.0005 0.0015 -0.000416667 -0.00672131 0.000666667 0.00609756
internal_weight=1388 1365 1345 556 502 313 185 76 109 49 789 332 178 457 96 92 41 54 189 81 86 53 361 330 262 68 55 238 126 147 86 49 128 82 61 41 46 154 65 47 89 44 112 71 42 43 45 101 61 40 40 48 61 45 41
internal_count=1388 1365 1345 556 502 313 185 76 109 49 789 332 178 457 96 92 41 54 189 81 86 53 361 330 262 68 55 238 126 147 86 49 128 82 61 41 46 154 65 47 89 44 112 71 42 43 45 101 61 40 40 48 61 45 41
is_linear=0
shrinkage=0.01


Tree=57
num_leaves=54
num_cat=0
split_feature=41 20 92 30 27 44 39 27 88 30 98 64 34 67 27 64 68 67 5 31 68 24 81 78 24 38 75 68 83 75 31 35 83 75 46 38 81 38 24 35 83 30 83 2 5 63 14 61 0 31 38 38 11
split_gain=13.0301 18.1424 16.315 11.0335 10.9489 15.2804 8.28529 8.91265 7.87256 9.68313 11.2906 9.27186 9.05203 8.40022 8.33323 8.30769 12.0165 7.69543 7.62997 9.81128 7.19582 7.1096 6.7369 6.79805 6.46826 6.51334 6.45369 5.90308 8.29739 5.79258 12.2746 6.52641 5.67231 5.64032 5.38655 5.18279 5.70758 4.95918 4.90909 4.77583 4.47219 4.44615 3.96002 3.93391 3.74706 3.6 2.70941 2.56 2.5 2.15641 2.52217 2.57143 0.942857
threshold=68.250000000000014 2021.5000000000002 24378.011868750003 77.750000000000014 46.250000000000007 3.1114999055862431 249.75000000000003 112.25000000000001 7729.260416666667 83.750000000000014 0.71875000000000011 1033.3695000000002 84.750000000000014 28374.500000000004 70.250000000000014 1.0155000000000001 963.64250000000015 33361.55000000001 3325.8400000000006 16.650000000000006 1503.4000000000003 12.825000000000001 4189.5825248205338 405.26730208333339 6.3750000000000009 9.8250000000000011 578.63263354438766 900.05000000000007 2521.4500000000012 638.4004935525146 3.8750000000000004 23.475000000000005 2157.3999999999983 633.35547922626768 102.28499984741212 5.8750000000000009 4619.4938311620253 6.4250000000000016 8.2250000000000014 26.675000000000004 2278.7000000000012 95.250000000000014 2169.2999999999997 2640.7000000000003 3885.0750000000003 30926.350000000002 17079.350000000002 34775.600000000006 33977.250000000007 5.9750000000000005 5.2250000000000005 9.4250000000000025 37361.200000000004
decision_type=2 2 2 2 2 2 2 2 2 2 2 2 2 2 2 2 2 2 2 2 2 2 2 2 2 2 2 2 2 2 2 2 2 2 2 2 2 2 2 2 2 2 2 2 2 2 2 2 2 2 2 2 2
left_child=1 18 33 -4 5 42 7 8 9 10 14 12 13 -10 -6 -16 -17 -13 21 29 -5 -1 32 -24 37 34 41 28 -9 30 -20 -32 -14 35 -26 38 -37 -11 -3 -28 -25 47 -2 -7 -33 -34 -45 -15 -29 -46 -51 52 -52
right_child=4 2 3 20 6 43 -8 27 11 24 -12 17 22 26 15 16 -18 -19 19 -21 -22 -23 23 40 25 -27 39 48 -30 -31 31 44 45 -35 -36 36 -38 -39 -40 -41 -42 -43 -44 46 49 -47 -48 -49 -50 50 51 -53 -54
leaf_value=-0.16835977563048757 0.042715222605532517 -0.10235906737911683 -1.4447723269989579 2.6575997972349543 0.68985099258192184 -6.3000829143513242 0.065309975743357715 -0.027289992890821263 0.16731953018747575 -0.12484846872241885 -0.035848834237247031 7.1005071347737978 0.039297049184634142 -0.011362743957863061 -0.061753348656841567 3.5978379542847292 -0.087611288054189079 0.029951331167054257 -0.044129236530200337 -0.38545438335305193 0.015365576285493105 0.70592859513262052 -0.020319674308845143 3.682759732235878 0.14480676406242426 -1.3085250448604877 -0.039162475432241717 -4.7917006569284535 0.64042382200111392 0.0061222315960979138 0.069466699187703609 0.26616832678228775 -0.11771153143349583 0.010955246791973634 -0.061171738167642008 -1.9788338480498409 0.14779047775056023 -5.3297404603855112 -6.3695975853868489 0.046527032531178687 0.025672096661578582 -7.0140635510788165 -0.012080753217051319 -0.32079716581407935 3.7771723841242215 0.047148623567807968 -0.031130188272163632 -4.1884910176812369 -0.52636991272655476 1.6935730953556074 1.1923515531571998 1.7528191425554114 5.8982770077575255
leaf_weight=39 22 30 20 22 31 31 25 22 20 28 24 36 37 25 26 24 28 34 39 29 31 20 20 23 23 28 24 20 21 36 26 32 20 22 34 20 23 21 25 23 26 20 32 21 38 20 20 20 20 24 22 21 20
leaf_count=39 22 30 20 22 31 31 25 22 20 28 24 36 37 25 26 24 28 34 39 29 31 20 20 23 23 28 24 20 21 36 26 32 20 22 34 20 23 21 25 23 26 20 32 21 38 20 20 20 20 24 22 21 20
internal_value=-0.000158501 0.00105751 -0.00139896 0.00232877 -0.000930506 -0.00365079 -0.000456432 -0.000659026 -0.000243902 -0.00153558 0.00037594 0.000747126 -7.19424e-05 -0.0019697 0.00174312 0 0.00230769 0.004 0.00242775 0.00310105 0.00471698 -0.000847458 0.00164384 0.00391304 -0.00343284 -0.00176471 -0.00303571 -0.00373494 -0.00116279 0.00372093 0.00432432 0.00540984 -0.00038961 -0.00366667 0.000175439 -0.00469388 -0.00209302 -0.00632653 -0.00672727 -0.000212766 0.00591837 -0.00507692 0.00037037 -0.00666667 0.00617834 -0.003 -0.00463415 -0.00333333 -0.0065 0.00696 0.00609195 0.00714286 0.00857143
internal_weight=1388 539 193 73 849 126 723 698 615 267 133 348 278 132 109 78 52 70 346 287 53 59 146 69 134 85 112 83 43 258 222 183 77 120 57 98 43 49 55 47 49 65 54 72 157 40 41 45 40 125 87 63 42
internal_count=1388 539 193 73 849 126 723 698 615 267 133 348 278 132 109 78 52 70 346 287 53 59 146 69 134 85 112 83 43 258 222 183 77 120 57 98 43 49 55 47 49 65 54 72 157 40 41 45 40 125 87 63 42
is_linear=0
shrinkage=0.01


Tree=58
num_leaves=53
num_cat=0
split_feature=73 96 72 78 92 14 21 71 28 5 83 2 19 93 97 10 88 3 80 93 22 78 80 19 8 72 43 16 16 43 71 89 67 80 2 19 46 3 92 83 93 22 2 27 8 89 71 1 3 22 14 3
split_gain=14.9306 14.6412 13.448 12.5914 12.0851 11.0445 12.0254 12.2186 11.4434 10.7371 10.1783 9.93574 9.88878 8.24916 7.96419 7.87548 7.35746 7.23419 6.95174 6.85579 6.83109 6.47589 6.13872 6.13796 10.4422 6.4511 6.99081 5.89685 5.7888 5.5235 5.46201 5.40515 9.0686 7.16685 5.09394 5.01337 4.88421 4.68628 3.87812 17.9395 6.13636 6.05 3.87524 3.6 3.47037 3.07692 3.00029 6.2625 2.5 2.11722 1.91799 1.6
threshold=1342.4675000000002 1.0000000180025095e-35 1.1070000000000004 1261.8893298611113 24619.642281250006 10199.250000000002 28.925000000000004 1202.3975000000003 24.475000000000005 3912.7500000000005 1715.4000000000035 2818.3500000000008 769.10000000000014 416.63022048364161 0.67708333333333337 32812.650000000009 4632.1172916666665 10357.550000000001 31351.503472222226 411.75407894736844 93.250000000000014 1116.5747430555559 32676.72048611112 474.55000000000007 410.74342105263162 1000.4405 78.31000137329103 5566.7500000000009 6533.5500000000002 81.090000152587905 0.99950000000000017 1433.55200625 33530.450000000004 36439.384027777785 3284.2000000000003 1142.7000000000003 102.47499847412111 15551.032000000001 26605.332681250005 1863.7500000000002 404.87569444444449 89.250000000000014 3101.9500000000003 42.250000000000007 417.44671052631583 1426.5505312499999 1338.1500000000003 14242.000000000002 12696.35 83.750000000000014 16395.050000000003 11533.400000000003
decision_type=2 2 2 2 2 2 2 2 2 2 2 2 2 2 2 2 2 2 2 2 2 2 2 2 2 2 2 2 2 2 2 2 2 2 2 2 2 2 2 2 2 2 2 2 2 2 2 2 2 2 2 2
left_child=1 5 15 10 16 -1 7 9 46 12 21 -10 -7 17 18 30 -5 -4 38 -6 27 -2 44 -24 -25 26 -26 -17 -14 -18 -3 32 -29 -33 -27 -35 -21 50 39 -11 -41 48 -34 -31 -20 -19 -9 -48 -40 -8 -12 -43
right_child=3 2 13 4 19 6 49 8 11 14 37 -13 28 -15 -16 20 29 45 22 36 -22 -23 23 24 25 34 -28 31 -30 43 -32 33 42 35 -36 -37 -38 -39 41 40 -42 51 -44 -45 -46 -47 47 -49 -50 -51 -52 -53
leaf_value=-0.91483962933583973 0.28817070346806112 -0.00015687403065034911 -7.421696481422039 -0.61540670208258352 0.043009634685414515 0.41685225490006 6.5910988237786095 2.5758281343942486 -0.042397324520382973 -2.3855192301150736 -3.56539052049312 2.5775200541520995 -2.9607956610144703 0.059662553696548992 8.1894575279334614 -0.098104529580366515 0.056860750692639073 -7.8130089818985988 -2.3012168981102481 -0.034336839729345078 0.045801886656900978 -0.04243814426519596 -2.1176163687509661 2.7030695777613705 -0.82533843759693426 0.17316724476145715 0.11076154008059193 0.056647646966496906 -0.019841248644470066 -0.047921768499729123 0.060497923396134738 -0.049007718493836477 0.061780492150127028 0.040938062112162152 -0.98558288228991375 -0.012702616135192454 0.079693269569060185 -2.0325850801705307 1.9118596000160131 0.0029960132082197835 1.1506837745506933 -0.024434477308760756 -0.032200175329795425 0.0067322936914745802 -0.11478681392448239 -6.8568896697764874 0.19711719595505955 3.22870452370449 0.3126779193357907 2.3608137267703992 -0.97067731345135688 1.0546223952800344
leaf_weight=30 23 21 20 35 36 38 24 32 32 21 29 31 29 27 30 22 21 32 20 20 24 22 29 23 26 24 27 25 22 20 31 23 30 34 20 32 38 26 20 20 24 20 29 20 23 20 39 29 20 28 27 20
leaf_count=30 23 21 20 35 36 38 24 32 32 21 29 31 29 27 30 22 21 32 20 20 24 22 29 23 26 24 27 25 22 20 31 23 30 34 20 32 38 26 20 20 24 20 29 20 23 20 39 29 20 28 27 20
internal_value=-0.000144092 0.000420168 -0.00118919 -0.00205047 -0.000421053 0.00126961 0.00153502 0.00114701 0.00349693 0.000307018 -0.00448819 0.00015873 -0.00280899 -0.00434343 0.00106267 -3.69004e-05 -0.00291667 -0.00611111 0.000623145 0.00212766 -0.00086758 -0.000666667 -0.000625 0.00033557 0.00133333 -0.000103093 -0.00245283 -0.00148718 -0.00568627 -0.000819672 0.00346154 -0.000867052 0.000952381 -0.00258427 0.00272727 -0.000909091 0 -0.00658537 0.00227586 0.000461538 0.00409091 0.00375 -0.00118644 -0.003 -0.00395349 -0.00807692 0.0056 0.00441176 0.0065 0.00615385 -0.00821429 0.001
internal_weight=1388 1071 370 317 190 701 671 619 163 456 127 63 89 99 367 271 96 72 337 94 219 45 192 149 120 97 53 195 51 61 52 173 84 89 44 66 58 82 145 65 44 80 59 40 43 52 100 68 40 52 56 40
internal_count=1388 1071 370 317 190 701 671 619 163 456 127 63 89 99 367 271 96 72 337 94 219 45 192 149 120 97 53 195 51 61 52 173 84 89 44 66 58 82 145 65 44 80 59 40 43 52 100 68 40 52 56 40
is_linear=0
shrinkage=0.01


Tree=59
num_leaves=53
num_cat=0
split_feature=67 33 19 97 29 5 66 44 94 20 63 97 66 32 14 19 83 62 20 89 8 97 36 36 79 30 83 22 37 92 70 36 97 29 22 19 68 22 80 88 89 35 94 8 58 3 88 32 92 88 29 37
split_gain=12.0228 8.61906 23.7547 10.0595 9.21236 8.54044 10.0674 9.87402 9.32066 9.05428 8.58245 7.66182 7.21561 7.11382 6.67487 8.1 6.36146 8.22447 8.09322 7.64133 7.66891 6.85605 8.04739 6.07744 5.62028 10.6039 7.44487 5.48694 5.43574 5.4023 6.88465 5.27059 5.67467 5.40909 4.67656 17.8571 7.55958 6.50814 6.75392 5.7619 4.62088 4.58751 7.22163 4.56876 4.50186 4.48804 4.00346 3.74657 3.27722 3.16068 2.5 1.62037
threshold=20727.850000000002 20.750000000000004 1252.0000000000002 0.13541666666666671 92.750000000000014 3963.6250000000005 1290.5500000000002 5.5740001201629648 906711.36117781268 351.15000000000003 30237.450000000004 0.46875000000000006 1350.0420000000001 70.250000000000014 18778.650000000005 2020.6000000000001 1309.8500000000024 1.1445000000000001 884.6500000000002 1409.0468437500001 416.63022048364161 0.031250000000000007 88.750000000000014 84.250000000000014 522.4321130046668 88.250000000000014 2169.2999999999997 86.750000000000014 94.750000000000014 22312.895650000006 1004.5500000000001 85.250000000000014 0.32291666666666669 86.750000000000014 88.250000000000014 1020.7000000000002 1778.5500000000002 93.250000000000014 30505.344791666666 6150.0802083333338 1279.5195562500001 26.825000000000006 604481.6582906252 411.75407894736844 0.68301270189221941 15077.120000000001 8259.0756250000013 47.250000000000007 20743.978412500004 4845.4316666666664 75.750000000000014 97.750000000000014
decision_type=2 2 2 2 2 2 2 2 2 2 2 2 2 2 2 2 2 2 2 2 2 2 2 2 2 2 2 2 2 2 2 2 2 2 2 2 2 2 2 2 2 2 2 2 2 2 2 2 2 2 2 2
left_child=-1 2 3 23 5 9 7 8 16 -3 28 -5 -8 -13 31 -16 18 19 -7 20 27 50 -23 -2 25 26 -19 -18 -9 30 -11 32 47 -33 35 46 37 38 -36 -37 -29 42 -31 -43 -6 -26 -14 -4 -32 -46 -21 -40
right_child=1 4 14 11 44 6 12 10 -10 29 -12 13 34 -15 15 -17 17 24 -20 21 -22 22 -24 -25 45 -27 -28 40 -30 41 48 33 -34 -35 36 39 -38 -39 51 -41 -42 43 -44 -45 49 -47 -48 -49 -50 -51 -52 -53
leaf_value=0.62504234633496425 0.31603915748465944 -1.1887903395902859 -0.17361199983157227 2.3594643957136685 -0.021041741365788225 0.020919113798281885 6.0704602495092015 -0.012636379880190236 0.64066021309947718 0.0249621667252647 0.017863588216861168 3.0193314465065146 -0.46659530941535343 -0.055284139914887211 -1.5597469016714638 0.060275771617040078 -4.1462841057511266 0.49758200087483362 -0.14722606530321078 0.014189286784064222 0.027375155990207449 0.7720027247339285 -0.2408919213941664 -3.3412793383950783 8.6091701454807392 -0.35858767053841889 0.049985025137975633 -0.0029401534188173194 -2.8800614165907259 0.044774302054412123 -0.17072252774771624 -2.8253229518146221 -0.026484958895282368 -7.2800379710578129 0.91011853029168466 0.072399092424538014 -0.0036733626774524946 0.0098882334805542628 4.7127583862804547 0.068088508136117887 -0.08400752680126225 0.049891893411604792 -1.0625678156434517 -0.00059911553540453874 2.32653160490998 0.60698888800348916 -0.04867598067849796 -3.1011922092996502 -0.16030526185867022 0.05630342157403307 0.24749006060074399 3.3012739634148427
leaf_weight=25 27 37 20 39 21 34 20 25 23 34 22 20 20 21 20 20 22 22 33 20 20 38 25 33 20 29 32 39 33 26 21 22 39 34 20 27 21 26 21 21 24 32 31 33 33 21 22 21 26 26 20 27
leaf_count=25 27 37 20 39 21 34 20 25 23 34 22 20 20 21 20 20 22 22 33 20 20 38 25 33 20 29 32 39 33 26 21 22 39 34 20 27 21 26 21 21 24 32 31 33 33 21 22 21 26 26 20 27
internal_value=-7.20461e-05 -0.000198092 -0.00164557 0.00142857 0.000238777 -3.10238e-05 0.000508941 -0.000278884 0.000331754 -0.00166667 -0.0035 0.00375 0.00226667 0.000731707 -0.00409091 -0.0005 -2.50627e-05 0.000542169 -0.00283582 -0.000673077 -0.00257143 0.00126214 -0.000793651 -0.00166667 0.00258065 0.00108434 0.0037037 -0.00388235 -0.00551724 -0.000837438 -0.00283951 -0.00514706 -0.0035 -0.0075 0.00170732 0 0.00304348 0.00425532 0.00588235 0.00416667 -0.00238095 0.000491803 -0.00157895 0.00230769 0.0035 0.00560976 -0.0047619 -0.00609756 -0.00531915 0.00491525 0.0045 0.00791667
internal_weight=1388 1363 316 140 1047 967 727 502 422 240 80 80 225 41 176 40 399 332 67 208 105 103 63 60 124 83 54 85 58 203 81 136 80 56 205 90 115 94 68 48 63 122 57 65 80 41 42 41 47 59 40 48
internal_count=1388 1363 316 140 1047 967 727 502 422 240 80 80 225 41 176 40 399 332 67 208 105 103 63 60 124 83 54 85 58 203 81 136 80 56 205 90 115 94 68 48 63 122 57 65 80 41 42 41 47 59 40 48
is_linear=0
shrinkage=0.01


Tree=60
num_leaves=52
num_cat=0
split_feature=37 6 38 17 72 60 37 42 78 62 64 2 72 10 13 17 31 97 38 38 38 6 14 42 40 84 67 32 6 60 72 37 40 11 39 38 67 13 43 37 43 94 67 2 22 43 17 60 2 94 2
split_gain=10.6617 9.15917 10.1917 9.00255 8.39695 13.6126 10.7716 8.24156 7.30075 13.2046 10.4626 8.32287 8.44336 8.06434 7.62222 7.2505 7.67998 11.2427 7.52695 6.77012 7.55553 9.89195 6.62907 7.04629 6.42648 7.00454 6.21087 9.716 13.8486 6.93845 5.6792 7.49489 7.15361 9.15482 7.62648 6.61322 6.23275 5.8425 5.39256 5.32878 7.64354 5.25611 4.74453 8.21585 4.60952 4.44794 3.6 3.44313 2.78218 2.66898 0.111111
threshold=99.750000000000014 2926.7900000000004 4.325000000000002 288.4500000000001 1530.4560000000004 1311.2710000000002 73.250000000000014 103.52500152587892 1081.6326319444445 1.1445000000000001 1680.0500000000002 3114.5000000000005 775.03800000000012 36522.200000000004 9131.9000000000015 29.100000000000005 7.5250000000000012 0.32291666666666669 6.5250000000000012 12.125000000000002 9.1250000000000018 2611.9950000000003 12094.800000000001 165.44999694824222 65.250000000000014 1371.0417812500002 28613.950000000004 137.25000000000003 7362.0900000000011 828.05000000000007 971.05050000000017 89.750000000000014 158.25000000000003 35448.100000000006 209.75000000000003 9.2750000000000021 33974.000000000007 2636.4500000000003 77.809997558593764 28.250000000000004 77.809997558593764 686320.2421350003 31896.200000000001 2807.9500000000003 89.750000000000014 75.49499893188478 109.80000000000003 899.68550000000016 2758.3000000000006 464379.27715875016 2911.8000000000006
decision_type=2 2 2 2 2 2 2 2 2 2 2 2 2 2 2 2 2 2 2 2 2 2 2 2 2 2 2 2 2 2 2 2 2 2 2 2 2 2 2 2 2 2 2 2 2 2 2 2 2 2 2
left_child=1 2 -1 4 5 26 39 47 9 11 42 12 13 -9 -11 16 17 -7 -18 20 21 41 -17 49 -8 -26 27 -3 29 -29 31 32 33 -28 38 36 -33 -32 -35 -6 -41 -4 43 -10 -44 -39 -38 -2 -42 -24 -51
right_child=7 3 19 -5 6 15 24 8 10 14 -12 -13 -14 -15 -16 22 18 -19 -20 -21 -22 -23 23 -25 25 -27 30 28 -30 -31 37 35 -34 34 -36 -37 46 45 -40 40 48 -43 44 -45 -46 -47 -48 -49 -50 50 -52
leaf_value=-3.0714126812325402 -2.0206746275006817 1.3913537577273847 -0.050215644523534574 -0.051561288012917268 0.017491282258617496 8.199801509504681 -0.38115160518844321 0.06276738322032023 0.06035678754435226 0.0085774863012302669 0.053927893231274171 0.038025347898924373 -7.5712409251685191 -0.060065526435453903 4.9420209192471143 0.60952531439863578 -0.30320679095867592 -0.028231097234078316 0.044335545765031646 0.02575655730308541 -0.20020523515609095 -0.83473570044388468 3.173152162418345 1.7083954801117835 -0.1061748942952687 0.22533992069622774 -0.50396965446386022 -6.7324433140701005 0.11749833675448379 0.27910412304746118 0.0079630324342151223 0.033887872055759931 0.57736768535950034 -0.091996606864039376 -0.065836394809870455 -0.036126959881217287 2.6570209428451714 -1.5155887755473025 3.6173295163428136 0.050029190679828625 -0.045473774228902676 0.12202858598525491 -3.6802482127222431 -0.77143198313223482 -0.14274836089940754 -0.04924227913090104 0.036753683928786057 -0.12107512984407465 -2.1149336968614203 4.7357894933355977 8.7107522813806817
leaf_weight=25 23 34 34 22 33 20 20 32 21 35 23 35 31 33 28 28 27 21 25 24 27 26 21 39 22 37 27 23 21 21 25 34 33 21 38 26 20 39 26 21 25 26 28 22 20 33 20 22 24 20 25
leaf_count=25 23 34 34 22 33 20 20 32 21 35 23 35 31 33 28 28 27 21 25 24 27 26 21 39 22 37 27 23 21 21 25 34 33 21 38 26 20 39 26 21 25 26 28 22 20 33 20 22 24 20 25
internal_value=-5.77201e-05 0.000454985 -0.0017284 0.000861079 0.00102473 0.00154423 -0.000879121 -0.00155807 -0.000974026 0.000206186 -0.00298246 -0.00160305 -0.003125 -0.00107692 0.00396825 0.00353982 0.00139785 0.00463415 -0.00115385 -0.000656934 -0.00168142 -0.000232558 0.00503759 0.00619048 0.00189873 0.00355932 0.000521542 0.00272727 0.000461538 -0.00272727 -0.000116959 0.000693878 -0.000758621 -0.00196429 -0.000352941 0.0028 0.00432432 -0.00216495 0.00234043 -0.00300971 -0.00457143 0.002 -0.00450549 -0.00209302 -0.00666667 -0.00361111 0.007 -0.00555556 -0.00673469 0.00818182 0.00955556
internal_weight=1386 1033 162 871 849 667 182 353 308 194 114 131 96 65 63 226 93 41 52 137 113 86 133 105 79 59 441 99 65 44 342 245 145 112 85 100 74 97 47 103 70 60 91 43 48 72 40 45 49 66 45
internal_count=1386 1033 162 871 849 667 182 353 308 194 114 131 96 65 63 226 93 41 52 137 113 86 133 105 79 59 441 99 65 44 342 245 145 112 85 100 74 97 47 103 70 60 91 43 48 72 40 45 49 66 45
is_linear=0
shrinkage=0.01


Tree=61
num_leaves=54
num_cat=0
split_feature=73 81 40 96 97 79 43 20 45 33 28 13 65 82 34 89 21 19 79 67 42 79 34 60 3 74 3 22 2 34 74 32 38 37 22 23 25 2 5 44 87 32 34 89 13 23 79 19 87 20 23 3 17
split_gain=12.0609 13.5688 15.0678 12.3238 11.2982 8.91537 10.0692 9.23123 9.16017 8.18728 7.88667 7.44092 7 6.92209 9.66538 6.907 10.2874 7.87691 7.09632 6.89603 6.72705 6.71344 6.49461 10.3722 8.49683 11.4522 12.1315 7.55516 11.261 5.91252 5.78571 5.67639 6.58058 5.59926 6.93333 5.49 6.4381 5.33333 5.1436 6.44824 5.16483 5.96226 5.11702 4.7422 4.50134 3.88479 3.24664 3.04621 2.91255 2.38095 2.37154 1.6 0.962791
threshold=1338.1500000000003 4019.5764997003785 75.250000000000014 1.0000000180025095e-35 0.53125000000000011 610.02328400362194 79.764999389648452 2162.9000000000001 25416.000000000004 20.750000000000004 25.125000000000004 2077.6000000000008 28021.300000000003 0.028500000000000029 94.250000000000014 1058.9730937500001 26.975000000000005 1114.7500000000002 476.38351572361688 30563.050000000007 137.37500000000003 630.93387085986194 61.750000000000007 1.0000000180025095e-35 13647.050000000001 394.06693750000005 15008.150000000003 89.250000000000014 3114.5000000000005 89.250000000000014 150.03719791666668 88.250000000000014 5.4250000000000016 73.250000000000014 89.250000000000014 99.250000000000014 35.250000000000007 3085.0000000000005 4026.2100000000005 3.7154999971389775 0.052083333333333336 233.25000000000003 85.750000000000014 1440.55348125 3422.9000000000001 98.750000000000014 495.48721824469936 936.30000000000007 0.093750000000000014 2178.4000000000005 97.250000000000014 13742.350000000002 127.95
decision_type=2 2 2 2 2 2 2 2 2 2 2 2 2 2 2 2 2 2 2 2 2 2 2 2 2 2 2 2 2 2 2 2 2 2 2 2 2 2 2 2 2 2 2 2 2 2 2 2 2 2 2 2 2
left_child=3 2 51 5 -4 6 7 13 48 19 11 -11 -12 38 33 17 20 -8 -19 -3 -17 -7 -5 24 47 30 -27 42 29 -29 -26 49 -33 35 -35 -15 -37 -34 -1 40 -40 -42 46 -14 -6 -22 -25 -24 -9 -23 -48 -2 -21
right_child=1 9 4 22 44 21 15 8 -10 10 12 -13 43 14 -16 16 -18 18 -20 52 45 31 23 27 25 26 -28 28 -30 -31 -32 32 37 34 -36 36 -38 -39 39 -41 41 -43 -44 -45 -46 -47 50 -49 -50 -51 -52 -53 -54
leaf_value=-0.33834627614961288 -1.5236073179838208 -0.1473548481151204 -0.04688444641310284 0.094884553362176716 0.22308652148926547 -0.11475958986084589 7.7322559405429514 -0.050331213418074942 0.15581895785947475 -0.70528189944131825 0.0081110275200856272 0.17693983805028446 -0.087343219162093796 2.6669849464181743 -0.88852513057458216 -0.058212292415809407 11.593488785950594 -0.019480800713972915 0.89567808008770544 -6.5499401146136833 -0.070973785275544904 -5.1019505906076903 0.010468158159730248 -0.1427962648694176 -0.0036080310953281024 -0.015006817902340716 0.028706960811029254 -0.0070883416083984997 0.077852736466280284 -6.1584595954390924 -0.048303310485596586 6.3840605221304445 -0.11016246703336897 0.69833609359111026 -0.10038749201845422 2.5094846064945284 -0.063773598885514413 3.1002127010661082 -0.27518891123754829 2.0361112844276659 1.5270778594854495 -0.081008077937418058 -0.0607679218345933 -0.019103136872028775 0.022557338247329858 2.0499581510371185 -0.059680554912356278 0.047783743710701175 -6.8009917390946315 -0.1050194837648902 -3.2404610711290913 -1.5863731518376447 -3.8255674012714223
leaf_weight=24 20 25 28 26 27 29 31 22 22 21 20 29 29 38 21 24 25 20 26 23 20 21 22 20 28 25 22 34 33 26 28 38 24 39 26 28 20 24 34 31 27 31 39 21 20 27 22 21 20 21 24 20 20
leaf_count=24 20 25 28 26 27 29 31 22 22 21 20 29 29 38 21 24 25 20 26 23 20 21 22 20 28 25 22 34 33 26 28 38 24 39 26 28 20 24 34 31 27 31 39 21 20 27 22 21 20 21 24 20 20
internal_value=1.443e-05 -0.00174917 0.000956522 0.000507849 0.0036 0.0012763 0.0018705 0.000966057 -0.0025 -0.00340426 -0.00183333 0.0012 -0.004 0.00166144 0.00302326 0.00387283 0.00208333 0.0061039 0.00347826 -0.00617647 0.000140845 -0.000828025 -0.000972973 -0.00133721 0.000684932 -0.000873786 0.00276596 -0.00282828 -0.000752688 -0.00333333 -0.00392857 0.00015625 0.00162791 0.00390728 0.00169231 0.0055814 0.00333333 -0.000833333 6.80272e-05 0.000894309 -0.000434783 0.00137931 -0.00466667 -0.006 0.00659574 0.00234043 -0.00636364 0.0044186 -0.0052381 -0.00285714 -0.00782609 -0.004 -0.00860465
internal_weight=1386 303 115 1083 75 713 556 383 64 188 120 50 70 319 172 173 96 77 46 68 71 157 370 344 146 103 47 198 93 60 56 128 86 151 65 86 48 48 147 123 92 58 105 50 47 47 66 43 42 42 46 40 43
internal_count=1386 303 115 1083 75 713 556 383 64 188 120 50 70 319 172 173 96 77 46 68 71 157 370 344 146 103 47 198 93 60 56 128 86 151 65 86 48 48 147 123 92 58 105 50 47 47 66 43 42 42 46 40 43
is_linear=0
shrinkage=0.01


Tree=62
num_leaves=52
num_cat=0
split_feature=73 78 1 16 8 1 68 89 87 30 44 37 3 92 26 16 28 68 68 26 63 88 63 34 16 1 14 44 77 89 80 37 62 97 98 8 92 1 36 88 26 90 1 90 94 34 4 28 63 26 7
split_gain=11.8643 10.8198 9.8155 13.9239 9.15755 9.19884 7.99675 7.78842 8.52042 9.37715 8.67897 11.4952 8.14311 11.3053 9.2367 10.2449 8.52901 10.853 13.2438 8.34347 7.55018 8.55472 12.9124 8.42486 9.30967 7.6225 7.28769 7.26536 7.04097 6.91429 6.82892 7.61905 6.443 6.41265 8.09365 6.23636 6.19564 6.40346 5.9032 7.82932 5.71648 5.46896 5.37989 5.15397 4.77384 4.40026 4.17956 4.00346 3.78398 3.5422 0.951452
threshold=1338.1500000000003 1748.326760416667 14819.500000000002 6095.9000000000005 392.9500000000001 14563.750000000002 1681.0000000000002 694.89639375000013 0.32291666666666669 78.750000000000014 3.3839999437332158 48.250000000000007 14167.6 24193.193768750007 86.750000000000014 3436.9500000000003 22.125000000000004 997.60000000000014 1224.9500000000003 10.250000000000002 32186.150000000005 8215.2058333333352 27239.100000000002 83.750000000000014 6681.1000000000013 15847.500000000002 18965.800000000007 4.305500030517579 3824.1225759474082 547.86541875 31691.458680555555 87.750000000000014 1250.4000000000003 0.69791666666666685 0.28819444444444448 419.12246443812234 26288.280843750006 12593.1 80.750000000000014 5912.0716666666667 93.250000000000014 1496.2846500000003 14415.400000000001 1943.3074500000002 590740.03835687519 87.250000000000014 3135.0750000000003 25.125000000000004 28802.050000000007 59.250000000000007 31.735000000000003
decision_type=2 2 2 2 2 2 2 2 2 2 2 2 2 2 2 2 2 2 2 2 2 2 2 2 2 2 2 2 2 2 2 2 2 2 2 2 2 2 2 2 2 2 2 2 2 2 2 2 2 2 2
left_child=4 2 3 32 5 -1 7 29 12 10 11 -10 13 33 15 -15 50 26 28 36 21 22 -11 -22 49 48 45 -21 -19 -6 -8 -32 -2 34 -9 -20 -17 -38 -34 -40 44 -5 -12 46 -13 -18 -4 -43 -23 -25 -14
right_child=1 -3 43 41 6 -7 30 8 9 20 42 40 16 14 -16 19 17 18 35 27 23 25 -24 24 -26 -27 -28 -29 -30 -31 31 -33 38 -35 -36 -37 37 -39 39 -41 -42 47 -44 -45 -46 -47 -48 -49 -50 -51 -52
leaf_value=-7.7950066254806822 -3.3642089021100028 0.02128677459267914 -1.3458598475735164 -0.038236058153891958 0.056058974568935972 0.02870946643426283 0.11480574522713984 0.0088989892859393585 -0.05953963829536555 -6.0978775299772803 -0.055094450882474034 3.9496644072648022 2.9750270934312586 -0.098202865568710968 7.2693991109694602 2.2383052541043158 4.1416612870460767 -0.0064567681727516306 1.0686319277640137 -0.39556558401862263 -0.1693122342382879 0.146412856157452 0.085600475104147353 0.077074209101617483 -0.062280243441663545 0.0033944533593823125 0.24222922824832879 0.094238355140721652 -1.2504426053867188 -0.35374121167887573 -0.55080883028723804 -12.765705061274284 0.22369614657774853 2.2397645014136223 -0.77624684209382211 -0.052897022375048161 0.99682514147361845 -0.070853487123623979 -0.85934427104305333 0.021410253351604246 -0.026149321273052771 0.53078019303793289 -3.0849330115182227 -0.019777499351539919 0.016946778437728908 0.60403057357560497 -5.2647445311406171 0.013970932869530214 0.12000643560793829 0.0075864884352040982 7.1546497522932899
leaf_weight=20 36 32 21 23 35 21 25 20 23 20 23 21 20 21 22 34 39 22 35 30 35 37 37 23 21 36 31 31 21 35 35 21 28 20 26 20 20 22 37 21 28 20 22 26 31 25 37 22 32 22 21
leaf_count=20 36 32 21 23 35 21 25 20 23 20 23 21 20 21 22 34 39 22 35 30 35 37 37 23 21 36 31 31 21 35 35 21 28 20 26 20 20 22 37 21 28 20 22 26 31 25 37 22 32 22 21
internal_value=0 -0.00174917 -0.00239852 -0.00112299 0.000489381 -0.00414634 0.000671785 0.000926119 0.00117845 0.000121655 -0.00189189 -0.000291262 0.00208333 0.000813008 0.00211111 0.00126582 0.0034188 0.00253886 0.000204082 0.00226277 0.00125475 0.00259259 -0.000526316 -0.000891089 0.00121212 0.00428571 0.00494737 -0.000491803 -0.00395349 -0.00228571 -0.00234568 -0.00428571 -0.00311475 -0.00272727 -0.00478261 0.00345455 0.00447368 0.00190476 -0.00162791 -0.00344828 0.0015 0.00261538 -0.00555556 -0.0052381 0.00346154 0.006875 -0.00689655 0.0047619 0.00623188 0.00377778 0.00756098
internal_weight=1386 303 271 187 1083 41 1042 961 891 411 148 103 480 246 180 158 234 193 98 137 263 162 57 101 66 105 95 61 43 70 81 56 122 66 46 55 76 42 86 58 80 65 45 84 52 64 58 42 69 45 41
internal_count=1386 303 271 187 1083 41 1042 961 891 411 148 103 480 246 180 158 234 193 98 137 263 162 57 101 66 105 95 61 43 70 81 56 122 66 46 55 76 42 86 58 80 65 45 84 52 64 58 42 69 45 41
is_linear=0
shrinkage=0.01


Tree=63
num_leaves=53
num_cat=0
split_feature=69 0 69 83 69 79 0 98 29 70 70 27 79 3 80 76 38 43 20 20 70 2 43 70 82 83 25 37 37 20 25 14 37 81 27 71 28 39 86 81 80 13 98 13 14 43 43 81 82 83 25 38
split_gain=10.3234 16.4326 7.97448 8.1756 9.81012 13.0568 10.1412 11.6085 12.983 8.39496 10.3093 7.68254 7.67246 11.6552 7.68254 7.55286 7.34923 7.29963 8.4565 7.18922 9.47448 7.15837 6.84474 9.43946 7.53725 6.63327 7.65931 6.92739 7.11975 6.58691 8.72051 6.37546 6.35992 6.33421 6.45933 6.11334 6.07151 5.86667 5.64103 5.36627 5.32563 5.40766 5.11244 5.02857 4.74113 4.62266 4.53929 4.09834 5.21549 5.84019 3.6 3.6
threshold=34199.400000000001 34040.200000000004 22051.050000000003 2806.0499999999979 30839.600000000002 117.94871871721124 30726.750000000004 0.25347222222222227 83.750000000000014 963.64250000000015 600.49850000000004 110.75000000000001 536.45115836735056 11806.750000000002 28111.163888888888 30833.215625000001 5.9250000000000016 65.604999542236342 847.75000000000011 1645.3500000000001 1391.1220000000001 3570.8000000000006 75.849998474121108 0.92250000000000021 0.10799999999998545 2344.8500000000008 22.250000000000004 71.750000000000014 53.750000000000007 751.1500000000002 141.75000000000003 14074.450000000003 99.250000000000014 4041.0224521181658 75.250000000000014 854.15900000000011 28.475000000000005 177.75000000000003 1.1385000000000003 4279.3588071388913 29823.410763888893 3476.8000000000006 0.12152777777777779 4960.3500000000013 14914.200000000003 69.719997406005874 82.090000152587905 4676.0364883545872 77.699999999999946 2344.8500000000008 83.750000000000014 6.2750000000000012
decision_type=2 2 2 2 2 2 2 2 2 2 2 2 2 2 2 2 2 2 2 2 2 2 2 2 2 2 2 2 2 2 2 2 2 2 2 2 2 2 2 2 2 2 2 2 2 2 2 2 2 2 2 2
left_child=1 2 -1 4 6 -6 7 12 38 10 33 15 14 -14 44 -2 -8 -17 29 20 -10 22 24 39 35 26 -11 28 51 30 -19 -16 -27 42 -35 -20 37 -5 -9 -24 -29 -42 -7 -18 -4 -13 -33 48 49 -3 -25 -28
right_child=11 47 3 36 5 9 16 8 19 25 -12 45 13 -15 31 17 43 18 21 -21 -22 -23 23 50 -26 32 27 40 -30 -31 -32 46 -34 34 -36 -37 -38 -39 -40 -41 41 -43 -44 -45 -46 -47 -48 -49 -50 -51 -52 -53
leaf_value=0.73159031689613652 2.3250755058393442 0.034212858646534457 -0.83761049260178166 0.075826566806805829 0.037507049085702258 0.10694735424836062 -0.0080036672644778848 -0.32716381673124756 -0.059463943978631272 -1.734489670488365 -2.6375540860280262 -0.028610999846244978 0.029511840374669425 -0.078582301434266963 0.10471420408007653 -1.9547100580512811 1.3199586162736145 0.06348028873163844 -4.8422681710003417 -0.97872816340791957 2.424768886140841 0.063110586072933669 -1.2390257421783992 0.17799592822911184 -3.0861977224329058 -0.015762236629379547 -0.50423990434092358 -0.03365478762143425 -0.077876344260042335 0.32216700611148502 -0.10722590402538681 3.5985737290571951 -0.6708633661136999 -4.4140402515719144 -0.0083564674717334173 0.25338037986433909 6.9415978808627914 -0.017494075560856324 -1.5970955411903236 -0.0029277597898586241 0.23776766361304563 1.9568357175787401 -0.092746453304392004 0.14934050484040304 0.072963957403475763 -4.3101499008629682 0.019270177320141631 2.1712584890975282 10.506519316314366 -0.032764914936864044 -0.0079362835366666318 0.059637292927313706
leaf_weight=35 23 38 20 33 21 23 27 30 24 24 37 20 29 29 32 20 35 38 29 34 33 26 25 20 34 31 20 21 21 20 20 31 21 24 33 22 23 22 22 27 27 37 20 20 22 34 21 22 23 23 20 20
leaf_count=35 23 38 20 33 21 23 27 30 24 24 37 20 29 29 32 20 35 38 29 34 33 26 25 20 34 31 20 21 21 20 20 31 21 24 33 22 23 22 22 27 27 37 20 20 22 34 21 22 23 23 20 20
internal_value=8.65801e-05 0.000615079 0.000177384 -1.1534e-05 -0.000316857 -0.00147368 0.000757946 -3.0581e-05 -0.00216783 -0.00192201 -0.00386861 -0.00132275 0.00163043 -0.00137931 0.00301587 -0.000740741 0.00390244 -0.00116279 -0.000747331 0.00010989 0.0022807 -0.00182266 -0.00254237 -0.000652174 -0.00458824 -0.000720721 0.000235294 0.00109589 -0.00147541 0.00205128 0.000344828 0.0047619 -0.00384615 -0.0022 -0.00438596 -0.00215686 0.00307692 0.00127273 -0.00615385 -0.00346154 0.00294118 0.004375 0.000697674 0.006 -0.00047619 -0.00481481 0.00692308 0.00433962 0.00333333 0.00180328 0.003 0.001
internal_weight=1386 1008 902 867 789 380 409 327 143 359 137 378 184 58 126 324 82 301 281 91 57 203 177 92 85 222 170 146 61 78 58 84 52 100 57 51 78 55 52 52 85 64 43 55 42 54 52 106 84 61 40 40
internal_count=1386 1008 902 867 789 380 409 327 143 359 137 378 184 58 126 324 82 301 281 91 57 203 177 92 85 222 170 146 61 78 58 84 52 100 57 51 78 55 52 52 85 64 43 55 42 54 52 106 84 61 40 40
is_linear=0
shrinkage=0.01


end of trees

feature_importances:
disp_solar_midday_mw=74
disp_wind_midday_mw=70
smp_south_lag_336=68
disp_wind_evening_mw=66
smp_lag_336=65
hydro_inflow_m3s=64
cloud_cover_danang=64
load_central_mw=63
load_south_mw=61
smp_rolling_std_72h=58
load_north_mw=55
humidity_hanoi=53
wind_speed_hcmc=53
load_ramp_lag48=53
margin_temp_interaction=53
load_lag_336=52
humidity_hcmc=50
temperature_hanoi=49
load_rolling_std_24h=49
disp_hydro_evening_mw=48
direct_radiation_hanoi=48
direct_radiation_danang=48
temperature_danang=47
diffuse_radiation_danang=47
cloud_cover_hcmc=47
load_lag_96=47
wind_speed_hanoi=46
shortwave_radiation_hanoi=46
hydro_water_level_m=45
smp_north_lag_336=45
spike_prob_72h=44
direct_radiation_hcmc=43
brent_price=43
load_total_mw=42
hydro_spill_discharge_m3s=42
humidity_danang=42
diffuse_radiation_hanoi=41
wind_speed_danang=41
smp_lag_49=41
load_rolling_std_72h=41
hydro_discharge_rolling_24h=41
hydro_total_discharge_m3s=40
disp_hydro_midday_mw=40
cloud_cover_hanoi=40
load_rolling_mean_72h=40
shortwave_radiation_hcmc=39
load_lag_50=39
smp_rolling_std_24h=39
solar_gen_proxy=38
hydro_plant_discharge_m3s=37
disp_solar_evening_mw=37
shortwave_radiation_danang=37
disp_total_evening_mw=36
zero_prob_72h=33
load_lag_48=32
smp_lag_50=32
smp_south_lag_48=32
temperature_hcmc=31
diffuse_radiation_hcmc=31
dxy_index=31
smp_rolling_mean_72h=31
smp_rolling_mean_24h=29
residual_load_proxy=28
hydro_depletion_index=28
disp_total_midday_mw=27
smp_north_lag_48=27
coal_proxy_price=26
smp_lag_96=26
spike_prob_24h=26
load_rolling_mean_24h=25
usd_vnd=24
load_lag_49=23
smp_yesterday_mean=23
gas_proxy_price=22
smp_lag_48=19
price_spread_ns_lag48=19
wind_gen_proxy=19
thermal_margin_proxy=17
smp_yesterday_zero_ratio=16
cos_dow=12
sin_dow=10
is_zero=10
sin_month=8
smp_yesterday_min=8
zero_prob_24h=8
cos_month=6
smp_yesterday_max=5
is_spike=5
is_weekend=4
season=3
is_workday=1
is_tet=1
is_pre_holiday=1

parameters:
[boosting: gbdt]
[objective: regression_l1]
[metric: l1]
[tree_learner: serial]
[device_type: cpu]
[data_sample_strategy: bagging]
[data: ]
[valid: ]
[num_iterations: 3000]
[learning_rate: 0.01]
[num_leaves: 127]
[num_threads: -1]
[seed: 42]
[deterministic: 0]
[force_col_wise: 0]
[force_row_wise: 0]
[histogram_pool_size: -1]
[max_depth: -1]
[min_data_in_leaf: 20]
[min_sum_hessian_in_leaf: 0.001]
[bagging_fraction: 0.8]
[pos_bagging_fraction: 1]
[neg_bagging_fraction: 1]
[bagging_freq: 5]
[bagging_seed: 400]
[bagging_by_query: 0]
[feature_fraction: 0.5]
[feature_fraction_bynode: 1]
[feature_fraction_seed: 30056]
[extra_trees: 0]
[extra_seed: 12879]
[early_stopping_round: 0]
[early_stopping_min_delta: 0]
[first_metric_only: 0]
[max_delta_step: 0]
[lambda_l1: 0]
[lambda_l2: 0]
[linear_lambda: 0]
[min_gain_to_split: 0]
[drop_rate: 0.1]
[max_drop: 50]
[skip_drop: 0.5]
[xgboost_dart_mode: 0]
[uniform_drop: 0]
[drop_seed: 17869]
[top_rate: 0.2]
[other_rate: 0.1]
[min_data_per_group: 100]
[max_cat_threshold: 32]
[cat_l2: 10]
[cat_smooth: 10]
[max_cat_to_onehot: 4]
[top_k: 20]
[monotone_constraints: ]
[monotone_constraints_method: basic]
[monotone_penalty: 0]
[feature_contri: ]
[forcedsplits_filename: ]
[refit_decay_rate: 0.9]
[cegb_tradeoff: 1]
[cegb_penalty_split: 0]
[cegb_penalty_feature_lazy: ]
[cegb_penalty_feature_coupled: ]
[path_smooth: 0]
[interaction_constraints: ]
[verbosity: -1]
[saved_feature_importance_type: 0]
[use_quantized_grad: 0]
[num_grad_quant_bins: 4]
[quant_train_renew_leaf: 0]
[stochastic_rounding: 1]
[linear_tree: 0]
[max_bin: 255]
[max_bin_by_feature: ]
[min_data_in_bin: 3]
[bin_construct_sample_cnt: 200000]
[data_random_seed: 175]
[is_enable_sparse: 1]
[enable_bundle: 1]
[use_missing: 1]
[zero_as_missing: 0]
[feature_pre_filter: 1]
[pre_partition: 0]
[two_round: 0]
[header: 0]
[label_column: ]
[weight_column: ]
[group_column: ]
[ignore_column: ]
[categorical_feature: ]
[forcedbins_filename: ]
[precise_float_parser: 0]
[parser_config_file: ]
[objective_seed: 16083]
[num_class: 1]
[is_unbalance: 0]
[scale_pos_weight: 1]
[sigmoid: 1]
[boost_from_average: 1]
[reg_sqrt: 0]
[alpha: 0.9]
[fair_c: 1]
[poisson_max_delta_step: 0.7]
[tweedie_variance_power: 1.5]
[lambdarank_truncation_level: 30]
[lambdarank_norm: 1]
[label_gain: ]
[lambdarank_position_bias_regularization: 0]
[eval_at: ]
[multi_error_top_k: 1]
[auc_mu_weights: ]
[num_machines: 1]
[local_listen_port: 12400]
[time_out: 120]
[machine_list_filename: ]
[machines: ]
[gpu_platform_id: -1]
[gpu_device_id: -1]
[gpu_use_dp: 0]
[num_gpu: 1]

end of parameters

pandas_categorical:null
