tree
version=v4
num_class=1
num_tree_per_iteration=1
label_index=0
max_feature_idx=100
objective=regression_l1
feature_names=load_total_mw load_north_mw load_central_mw load_south_mw hydro_inflow_m3s hydro_total_discharge_m3s hydro_plant_discharge_m3s hydro_spill_discharge_m3s hydro_water_level_m disp_total_installed_mw disp_total_midday_mw disp_total_evening_mw disp_hydro_installed_mw disp_hydro_midday_mw disp_hydro_evening_mw disp_solar_installed_mw disp_solar_midday_mw disp_solar_evening_mw disp_wind_installed_mw disp_wind_midday_mw disp_wind_evening_mw temperature_hanoi humidity_hanoi cloud_cover_hanoi wind_speed_hanoi shortwave_radiation_hanoi direct_radiation_hanoi diffuse_radiation_hanoi temperature_danang humidity_danang cloud_cover_danang wind_speed_danang shortwave_radiation_danang direct_radiation_danang diffuse_radiation_danang temperature_hcmc humidity_hcmc cloud_cover_hcmc wind_speed_hcmc shortwave_radiation_hcmc direct_radiation_hcmc diffuse_radiation_hcmc coal_proxy_price brent_price gas_proxy_price usd_vnd dxy_index is_weekend is_workday is_holiday is_tet is_pre_holiday is_post_holiday season sin_hour cos_hour sin_dow cos_dow sin_month cos_month smp_lag_48 load_lag_48 smp_lag_49 load_lag_49 smp_lag_50 load_lag_50 smp_lag_96 load_lag_96 smp_lag_336 load_lag_336 smp_north_lag_48 smp_south_lag_48 smp_north_lag_336 smp_south_lag_336 smp_rolling_mean_24h smp_rolling_std_24h load_rolling_mean_24h load_rolling_std_24h smp_rolling_mean_72h smp_rolling_std_72h load_rolling_mean_72h load_rolling_std_72h price_spread_ns_lag48 load_ramp_lag48 smp_yesterday_mean smp_yesterday_max smp_yesterday_min smp_yesterday_zero_ratio hydro_discharge_rolling_24h solar_gen_proxy wind_gen_proxy residual_load_proxy thermal_margin_proxy hydro_depletion_index margin_temp_interaction is_spike is_zero spike_prob_24h spike_prob_72h zero_prob_24h zero_prob_72h
feature_infos=[16738.400000000001:43669.699999999997] [8141:23529.633000000002] [1030.2:4920.1390000000001] [6568.3000000000002:17620.469000000001] [-24696.790000000001:52718.32] [261.23000000000002:27182.77] [243.56999999999999:14362.75] [11.359999999999999:15398] [386.1925:23252.132105263157] none [14491.4:47673.900000000001] [19152.799999999999:47033.400000000001] none [-3952.3000000000002:18862.5] [6035.6999999999998:23435.200000000001] none [0:8134.5] [0:344.30000000000001] none [0:4273.1999999999998] [0:4263.3999999999996] [7.5:32.299999999999997] [31:99] [0:100] [0.55000000000000004:30.25] [3.5:282] [0:208.5] [3.5:150.5] [16.050000000000001:33.25] [52:99.5] [0:100] [0.80000000000000004:50] [7:306.5] [0:234] [7:146] [20.600000000000001:31.300000000000001] [56:98] [0:100] [0.5:24] [16:265] [0:198] [16:133.5] [63.700000762939453:438.35000610351562] [55.099998474121087:127.98000335693359] [1.5750000476837158:9.6800003051757795] [22394.345703125:26405] [89.639999389648438:114.11000061035156] [0:1] [0:1] [0:1] [0:1] [0:1] [0:1] [1:4] none none [-0.97492791218182362:0.97492791218182362] [-0.90096886790241903:1] [-1:1] [-1:1] [0:1778.5999999999999] [16738.400000000001:43669.699999999997] [0:1778.5999999999999] [16515.5:40602.099999999999] [0:1778.5999999999999] [15251.9:39424.300000000003] [0:1778.5999999999999] [16738.400000000001:43669.699999999997] [0:1778.5999999999999] [16738.400000000001:43669.699999999997] [0:1778.5999999999999] [0:1778.5999999999999] [0:1778.5999999999999] [0:1778.5999999999999] [0:1778.5999999999999] [0:869.78656539635756] [15840.402083333332:48300.345833333326] [1494.0634266859377:7412.3475695858406] [0.069944444444444434:1778.5999999999999] [0:822.68470809772941] [15990.384722222221:45267.230555555558] [2009.5728777065494:7328.5193476692311] [-1602.3:1778.5999999999999] [-2000.7000000000007:5250.3000000000029] [0:1778.5999999999999] [0:1778.5999999999999] [0:1778.5999999999999] [0:1] [919.52208333333328:41870.738333333335] [112.0236:1855.3908750000001] [124.17300000000002:5960.3040000000001] [13767.265887500002:40395.97834999999] [13155.821650000013:39784.534112499998] [386.1925:23252.132105263157] [371342.92174875003:1122197.6812312501] [0:1] [0:1] [0:1] [0:1] [0:1] [0:1]
tree_sizes=4081 4210 4450 4508 4440 4566 4601 4496 4564 4444 4432 4238 4430 4626 4336 4609 4522 4617 4612 4449 4509 4582 4465 4501 4595 4338 4749 4596 4587 4508 4492 4551 4316 4496 4233 4486 4499 4401 4670 4685 4523 4806 4549 4837 4257 4407 4607 4335 4560 4661 4257 4335 4389 4489 4666 4405 4492 4691 4507 4334 4529 4587 4609

Tree=0
num_leaves=53
num_cat=0
split_feature=72 95 71 93 0 70 72 24 69 62 4 14 78 14 93 80 64 35 68 35 25 95 7 70 11 89 89 14 61 19 7 73 73 56 38 26 43 20 11 63 0 94 0 78 26 38 24 26 26 94 30 24
split_gain=37.7866 40.3745 22.0937 12.0839 8.59174 8.55814 8.40751 9.36935 8.93145 8.7278 7.78688 7.26339 7.1299 5.96237 6.33584 6.03028 5.53456 5.30791 6.63762 4.57251 5.47348 4.56708 9.05143 4.47975 5.68926 4.34077 4.85378 3.91417 6.43235 3.82421 3.82644 3.97801 3.76735 5.32009 3.66141 5.07274 3.4892 5.56147 4.91063 3.05686 2.94468 4.3645 3.00833 2.81577 2.80613 2.5 2.43867 2.43609 2.3055 1.67659 1.225 0.9
threshold=1341.3900000000001 1.0000000180025095e-35 1047.0500000000002 392.9500000000001 27742.800000000003 843.89450000000011 963.10000000000014 8.9750000000000032 28429.650000000005 1150.4540000000002 8216.6150000000016 16338.950000000003 422.53033333333337 10199.250000000002 403.1306654135339 27505.540625000005 1074.9500000000003 25.025000000000002 869.45300000000009 25.925000000000004 142.75000000000003 1.0000000180025095e-35 31.645000000000003 1503.4000000000003 42146.700000000004 845.42810625000004 1304.0247187500001 13842.300000000001 31193.900000000005 2020.6000000000001 141.51500000000001 1485.4770000000003 874.95000000000016 1.0000000180025095e-35 7.9250000000000016 106.25000000000001 72.61999893188478 698.00000000000011 41839.900000000001 29527.950000000004 32866.650000000009 661046.4262240628 34529.000000000007 659.2180381944446 28.250000000000004 6.5250000000000012 11.025000000000002 44.500000000000007 66.750000000000014 619935.09479437524 91.250000000000014 8.5750000000000028
decision_type=2 2 2 2 2 2 2 2 2 2 2 2 2 2 2 2 2 2 2 2 2 2 2 2 2 2 2 2 2 2 2 2 2 2 2 2 2 2 2 2 2 2 2 2 2 2 2 2 2 2 2 2
left_child=1 3 4 -1 51 12 7 19 -8 -10 11 25 34 -4 -15 -16 -9 -3 48 -7 -21 22 -17 24 -13 -6 45 -20 -29 30 31 -23 36 -34 39 44 38 -38 43 -5 41 -39 -42 -14 -36 -27 49 -41 -19 -33 -44 -2
right_child=2 17 13 5 10 6 8 16 9 -11 -12 23 32 14 15 21 -18 18 27 20 -22 29 -24 -25 -26 26 -28 28 -30 -31 -32 46 33 -35 35 -37 37 40 -40 47 42 -43 50 -45 -46 -47 -48 -49 -50 -51 -52 -53
leaf_value=-3.1847299194335936 -1.9916200256347656 4.5899999999999999 -1.5610800170898438 1.1850000000000001 -2.3500000000000001 3.5300000000000002 -1.2450000000000001 0.026189999580383302 -0.3439650058746338 1.4080999755859376 -11.280529785156251 0 0.63950000762939452 1.0069999694824219 0.45039001464843753 -1.9675 -0.96400001525878909 3.0500000000000003 0 0 3.7745249938964847 1.2419500350952148 0.32126998901367188 0 -1.011999969482422 -2.8614999389648439 -4.4443150329589844 0 2.228000030517578 0 0 0 0 -2.9223049926757811 0 0.0050000000000000001 -0.01 -0.01 0 0 0 0 0 0 0 0 0 0 13.67 0 0 -4.4928300476074217
leaf_weight=27 20 35 31 24 23 33 29 29 32 33 33 21 20 21 23 26 30 20 23 20 24 20 23 39 20 20 28 30 34 24 27 21 38 26 30 23 26 20 29 21 20 22 20 23 34 20 21 36 31 24 20 20
leaf_count=27 20 35 31 24 23 33 29 29 32 33 33 21 20 21 23 26 30 20 23 20 24 20 23 39 20 20 28 30 34 24 27 21 38 26 30 23 26 20 29 21 20 22 20 23 34 20 21 36 31 24 20 20
internal_value=7.31529e-05 0.00134571 -0.00209901 0.000261248 -0.0042623 0.000528701 0.00208696 0.00367647 -0.000212766 0.00184615 -0.00343137 -0.0025731 -0.000300926 -7.66284e-05 0.000478261 -4.78469e-05 0.000677966 0.00566474 0.00478261 0.00597403 0.00386364 -0.000645161 -0.00326531 -0.000375 -0.00268293 -0.00450549 -0.00323529 0.00310345 0.004375 0.000291971 0.00106195 0.00209302 -0.00132576 -0.0034375 0.00130952 -0.000114943 -0.00065 -0.00164062 0.00111111 0.00283951 -0.000588235 -0.00261905 0.000833333 0.00325581 -0.0015625 -0.001 0.000909091 0.00157895 0.00764706 0.00222222 -0.00075 -0.0085
internal_weight=1367 862 505 689 244 662 230 136 94 65 204 171 432 261 230 209 59 173 138 77 44 186 49 80 41 91 68 87 64 137 113 86 264 64 168 87 200 128 72 81 102 42 60 43 64 40 66 57 51 45 40 40
internal_count=1367 862 505 689 244 662 230 136 94 65 204 171 432 261 230 209 59 173 138 77 44 186 49 80 41 91 68 87 64 137 113 86 264 64 168 87 200 128 72 81 102 42 60 43 64 40 66 57 51 45 40 40
is_linear=0
shrinkage=0.01


Tree=1
num_leaves=52
num_cat=0
split_feature=72 95 64 96 72 95 70 83 53 23 4 14 8 66 22 22 41 16 24 82 90 40 83 83 74 30 22 81 4 10 1 56 16 83 81 5 8 40 66 24 40 72 28 28 3 23 16 32 39 98 41
split_gain=28.4705 31.6267 16.6087 12.5379 11.7665 10.2087 9.48427 8.14003 7.94297 7.53321 6.95016 6.33058 6.05476 5.98316 5.78127 5.92017 5.74918 9.19685 8.3252 6.42613 8.72604 5.50512 4.98455 5.39438 4.85762 4.63912 4.43134 4.29346 4.2222 5.07305 3.93092 4.30741 3.91285 4.19159 3.71238 3.70198 4.81505 3.52917 3.46262 3.34737 3.04535 2.93684 5.73016 2.88095 2.41123 2.28571 2.07056 3.0741 2.00238 1.65789 0.75
threshold=1341.3900000000001 1.0000000180025095e-35 1199.8000000000002 1.0000000180025095e-35 1.0110000000000003 1.0000000180025095e-35 552.08900000000017 2424.700000000003 1.5000000000000002 30.750000000000004 3461.3750000000005 12928.900000000001 413.11269230769238 1599.3500000000001 95.250000000000014 92.250000000000014 76.250000000000014 6073.7000000000016 12.025000000000002 -103.58799999999995 2290.9918500000008 91.750000000000014 2777.6000000000008 1884.6000000000006 1007.15396875 67.750000000000014 84.250000000000014 4151.3369761662134 11713.415000000003 33197.400000000009 15396.600000000002 0.6078576107927941 6502.7000000000007 2222.3999999999983 3992.7046284447583 5184.3900000000012 421.1543421052632 72.750000000000014 1.0160000000000002 7.075000000000002 84.750000000000014 735.00000000000011 22.675000000000001 29.275000000000002 14540.700000000003 55.750000000000007 5696.9500000000007 178.75000000000003 118.25000000000001 0.065972222222222238 74.750000000000014
decision_type=2 2 2 2 2 2 2 2 2 2 2 2 2 2 2 2 2 2 2 2 2 2 2 2 2 2 2 2 2 2 2 2 2 2 2 2 2 2 2 2 2 2 2 2 2 2 2 2 2 2 2
left_child=1 3 7 9 24 8 -3 10 -4 37 11 -2 38 41 15 26 18 22 19 -11 39 -10 23 -18 28 -19 35 -15 34 -30 31 44 33 -31 -5 36 -7 -1 -6 -21 -20 -8 -43 -34 -28 -12 -36 -48 -41 -49 -47
right_child=2 6 5 4 12 14 13 -9 21 16 45 -13 -14 27 -16 -17 17 25 40 20 -22 -23 -24 -25 -26 -27 30 -29 29 32 -32 -33 43 -35 46 -37 -38 -39 -40 48 -42 42 -44 -45 -46 50 47 49 -50 -51 -52
leaf_value=0.53343999938964848 -2.4747099914550783 -0.0050400000810623168 0.01011999969482422 0.0001 -6.5764849853515628 0 12.410299511718749 -0.26829749450683593 -2.9232044303894043 0 -3.129779824829102 0.0014961000919342037 0 0.75036001510620109 1.0959600067138673 -0.012419500350952149 -0.023574999999999999 0.75578982090950009 -1.0956399761199951 0.024549999880790711 -0.01 -0.0038583000183105469 -1.7668226303100585 0 -0.0099300002098083491 0 0.097705545425415041 4.2487200607299807 -0.0063950000762939456 5.0000000000000002e-05 0.015610800170898439 0 -0.0063950000762939456 0 0 0 0.028614999389648441 1.8199773902893066 -5.7138049072265629 1.0313700103759766 0.00088810002505779271 2.9619351013183599 0.7338649902343749 0 0 -5.1184334846496577 5.0000000000000002e-05 0 2.5193689361572269 0 -9.1272857887268071
leaf_weight=20 25 28 39 33 22 33 31 34 38 28 20 23 21 26 23 39 24 20 20 26 21 26 20 39 20 31 22 24 21 24 28 21 21 33 20 35 25 28 24 20 21 28 36 21 24 20 20 25 28 38 30
leaf_count=20 25 28 39 33 22 33 31 34 38 28 20 23 21 26 23 39 24 20 20 26 21 26 20 39 20 31 22 24 21 24 28 21 21 33 20 35 25 28 24 20 21 28 36 21 24 20 20 25 28 38 30
internal_value=4.38917e-05 0.00114849 -0.00184158 0.000188679 -0.00116618 -0.000651558 0.0049711 -0.00460526 -0.00330097 0.00153179 -0.00584746 -0.00291667 -0.00492537 0.006 0.00044 -4.40529e-05 0.000939597 -0.000597015 0.00219512 0.00349593 0.00473684 -0.00546875 -0.0026506 -0.00126984 -0.000253623 0.0027451 0.000691489 0.0032 0.000117187 -0.00125 0.00221053 0.000895522 -0.00030303 0.00140351 0.00132353 -0.000860215 0.000689655 0.00520833 -0.00695652 0.00635135 -0.00170732 0.00747368 0.00625 -0.00261905 0.0026087 -0.00785714 0.00038835 0.00108434 0.00791667 0 -0.009
internal_weight=1367 862 505 689 343 353 173 152 103 346 118 48 67 145 250 227 298 134 164 123 95 64 83 63 276 51 188 50 256 120 95 67 99 57 136 93 58 48 46 74 41 95 64 42 46 70 103 83 48 63 50
internal_count=1367 862 505 689 343 353 173 152 103 346 118 48 67 145 250 227 298 134 164 123 95 64 83 63 276 51 188 50 256 120 95 67 99 57 136 93 58 48 46 74 41 95 64 42 46 70 103 83 48 63 50
is_linear=0
shrinkage=0.01


Tree=2
num_leaves=53
num_cat=0
split_feature=72 95 4 64 46 4 5 88 13 23 89 94 1 4 22 63 20 22 59 1 1 46 3 27 19 100 0 98 8 35 94 30 80 72 3 40 7 26 13 30 27 65 66 98 0 45 7 69 23 30 77 0
split_gain=27.7364 26.5075 12.2022 10.6981 9.20346 8.95482 13.2104 8.89415 8.60565 8.54216 7.95926 7.28024 8.2881 6.93865 10.4129 7.78904 6.92767 8.86446 7.20915 9.85833 6.53332 6.27075 6.11647 5.69633 5.55556 5.74486 5.40192 5.38152 5.30876 9.71171 5.10599 5.43898 5.06706 4.96032 4.9 4.87619 4.78849 4.13815 4.13444 4.07521 3.88258 4.59487 3.36111 3.35446 3.17979 3.07201 3.00148 2.88095 2.06289 1.13751 0.993789 0.235714
threshold=1341.3900000000001 1.0000000180025095e-35 9915.6000000000022 349.75200000000007 107.53499984741211 3461.3750000000005 4325.0000000000009 2935.5470833333334 2258.9000000000005 58.250000000000007 1437.05274375 510980.00497031264 12970.950000000003 16648.795000000002 90.750000000000014 33873.950000000004 2021.5000000000002 82.750000000000014 -0.68301270189221952 14712.250000000002 13503.650000000001 106.81000137329103 14791.048500000003 87.250000000000014 707.75000000000011 0.079861111111111119 32196.450000000004 0.038194444444444454 414.09197368421059 26.525000000000002 653420.36070625018 62.750000000000007 30063.291319444445 1682.1500000000003 14364.85 83.250000000000014 1149.7000000000003 1.7500000000000002 4848.1500000000005 96.250000000000014 68.250000000000014 31531.450000000001 1368.6500000000003 0.072916666666666685 28374.500000000004 23244.500000000004 21.295000000000005 30532.500000000004 98.750000000000014 93.750000000000014 3929.2913865803307 31889.350000000002
decision_type=2 2 2 2 2 2 2 2 2 2 2 2 2 2 2 2 2 2 2 2 2 2 2 2 2 2 2 2 2 2 2 2 2 2 2 2 2 2 2 2 2 2 2 2 2 2 2 2 2 2 2 2
left_child=1 3 4 13 5 7 33 -2 -3 35 26 22 -13 15 -15 20 17 48 19 -19 43 23 -9 37 25 -20 32 -17 29 45 31 -14 47 51 -6 -5 40 -10 -26 -31 -30 -42 -28 -1 -27 -22 -33 -8 -11 -29 -39 -7
right_child=2 8 -4 9 34 6 10 11 21 16 -12 12 30 14 -16 27 -18 18 24 -21 28 -23 -24 -25 38 44 42 49 36 39 -32 46 -34 -35 -36 -37 -38 50 -40 -41 41 -43 -44 -45 -46 -47 -48 -49 -50 -51 -52 -53
leaf_value=-5.0000000000000008e-07 -2.2872679556961062 -0.0073386499023437492 -9.1517987195663455 0.28181567439270022 -0.0048779023487120869 -3.3869532123031618 0 -0.49226795569610593 1.5423806184692384 1.0243537506196498 0.025403221151307234 -0.43400001525878906 0 0 0.009974750000000001 0 -0.83436889610645182 -2.7101625999937058 0.0017936132736206046 9.9300002098083495e-05 -0.10124664049707352 1.7842654939762355 0.00012419500350952149 1.0326888900794982 -1.0761803453450203 2.4343540195455553 -0.30995600894165043 -5.0000000000000002e-05 0.0050819750003814699 8.1625001430511476e-05 0 0.2675345141887665 -3.0641809059619902 -3.9511572165603641 0.92121382711791999 2.4736502718734745 -0.00014774999940395355 10.798865536719559 9.9300002098083495e-05 0.0089499997615814213 -5.0000000000000008e-07 0 0 -5.3454119509277351 5.0000000000000002e-05 0 0.0088897971630096436 -0.0045039001464843758 2.0787900329589841 -0.0099000000000000008 12.050787581054689 -5.1190649705924987
leaf_weight=21 27 31 33 28 20 20 21 27 29 20 38 35 28 29 20 24 33 21 34 35 20 24 20 26 20 21 20 20 20 36 31 24 30 21 20 32 30 40 25 25 35 30 25 23 20 21 22 21 23 23 23 22
leaf_count=21 27 31 33 28 20 20 21 27 29 20 38 35 28 29 20 24 33 21 34 35 20 24 20 26 20 21 20 20 20 36 31 24 30 21 20 32 30 40 25 25 35 30 25 23 20 21 22 21 23 23 23 22
internal_value=-0.00013899 0.000951276 -0.002 7.25689e-05 -0.00158898 -0.00201389 -0.00344037 -0.000560748 0.00445087 0.00144231 -0.00187097 0.000213904 0.00135714 -0.00106101 0.00244898 -0.00158537 0.000634921 0.00127854 0.000284091 -0.00267857 -0.000804598 0.00549296 -0.00319149 0.00644068 0.00166667 0.00333333 -0.00316239 -0.00462687 -9.21659e-05 0.00156863 0.0027619 0.00418919 -0.00486111 -0.00730159 0.003 0.00483333 -0.00156522 0.0076087 -0.00111111 0.00409836 -0.000352941 -0.00153846 -0.000444444 -0.00431818 0.00585366 -0.00219512 0.00630435 -0.00261905 0.00534884 -0.00674419 0.00904762 -0.00928571
internal_weight=1367 862 505 689 472 432 218 214 173 312 155 187 140 377 49 328 252 219 176 56 261 142 47 118 120 75 117 67 217 102 105 74 72 63 40 60 115 92 45 61 85 65 45 44 41 41 46 42 43 43 63 42
internal_count=1367 862 505 689 472 432 218 214 173 312 155 187 140 377 49 328 252 219 176 56 261 142 47 118 120 75 117 67 217 102 105 74 72 63 40 60 115 92 45 61 85 65 45 44 41 41 46 42 43 43 63 42
is_linear=0
shrinkage=0.01


Tree=3
num_leaves=52
num_cat=0
split_feature=68 70 62 81 46 31 24 6 70 16 81 42 41 46 69 30 61 75 2 23 6 59 2 62 32 41 81 31 79 56 41 38 13 36 37 41 19 23 16 7 42 38 16 35 19 32 70 14 13 14 30
split_gain=17.8596 29.8788 13.6554 11.1288 11.2024 11.1109 9.86348 10.9524 8.49426 8.32322 7.87623 7.35002 8.07969 7.28435 6.8693 6.55047 6.30146 8.096 7.72899 7.79623 6.22222 6.08375 6.01109 5.99224 7.42155 5.70478 5.43763 4.88891 4.86328 5.26397 6.15635 6.75686 4.93956 5.55672 4.57251 4.55111 4.54545 4.49766 4.45873 4.41364 4.0625 4.03712 3.6337 3.5225 3.13213 3.11144 2.96956 2.82828 2.00548 1.6 0.541936
threshold=1346.5740000000003 843.89450000000011 1286.8000000000002 3446.0227193173046 95.95999908447267 18.075000000000006 3.4250000000000007 8423.7950000000019 769.32450000000006 6387.0500000000002 3745.0378445884321 93.799999237060561 99.750000000000014 105.08499908447267 26666.200000000001 16.750000000000004 26720.950000000004 686.0101761161178 2327.0000000000005 98.750000000000014 4942.5950000000003 -0.68301270189221952 2335.1000000000004 1509.5000000000002 124.75000000000001 80.250000000000014 3673.5697614134642 8.2750000000000021 685.88820762080411 0.87837969732492682 86.750000000000014 10.025000000000002 13782.550000000001 88.750000000000014 99.250000000000014 69.750000000000014 1020.7000000000002 98.750000000000014 6317.8000000000011 55.920000000000009 121.97499847412111 5.7250000000000005 6052.6000000000013 26.975000000000005 435.25000000000006 85.750000000000014 1422.5025000000003 13292.300000000001 4934.2000000000007 14933.350000000002 97.250000000000014
decision_type=2 2 2 2 2 2 2 2 2 2 2 2 2 2 2 2 2 2 2 2 2 2 2 2 2 2 2 2 2 2 2 2 2 2 2 2 2 2 2 2 2 2 2 2 2 2 2 2 2 2 2
left_child=1 8 9 -4 -5 6 -3 11 13 10 -2 26 22 14 -1 -16 -6 18 -18 40 47 43 -13 -21 45 -22 -8 46 29 30 31 34 33 -32 36 -11 44 -23 -26 -29 49 -38 -42 -15 -17 -25 48 -12 -24 -20 -48
right_child=2 5 3 4 16 -7 7 -9 -10 35 20 12 -14 21 15 28 17 -19 19 23 25 37 27 24 38 -27 -28 39 -30 -31 32 -33 -34 -35 -36 -37 41 -39 -40 -41 42 -43 -44 -45 -46 -47 50 -49 -50 -51 -52
leaf_value=0.43295730609647926 -0.17457692116951942 -0.17874647447679523 -2.4922808544409945 1.0277742270469665 0.028328849395751955 -0.098389349275496765 1.1637184020058513 -0.019173682864168286 -0.6891602483930207 0.05017529091268539 -5.1528578486474359 1.1320568733197021 0.0096390071525669103 2.5238749997019772e-05 -5.0000000000000002e-05 -8.1625001430511479e-07 -1.1877448217688462 -0.27940897807031456 0.015454692169189455 0.0070509394412612923 -0.64215092085287051 2.5250000000000002e-07 1.2418718063316441 -0.0026753451418876652 -0.033809016232964617 -7.0746291436574165 -0.35033713884023188 2.6326844366119384 8.1128501420021064e-05 9.7749999403953562e-07 5.4887511891126636e-06 -0.0087286966045475017 -5.0000000000000008e-07 -7.4650001049041758e-07 -0.010156847551879884 -0.53081245397918697 -0.01042499738079071 -7.4650001049041758e-07 0.0032237550929260258 1.3623919936196207 0.0030995600894165045 0 0 9.8483752083778378e-05 9.8506999979019167e-05 -0.68983076599502569 5.6487704336277673 -2.4869294315839388 4.0914690387382606 0.96520287461746224 3.3483977183645628
leaf_weight=24 32 24 21 25 27 20 21 20 20 20 30 29 29 20 23 21 20 28 20 30 37 26 23 27 24 26 20 34 24 39 36 36 23 34 24 25 20 20 21 35 37 24 27 27 23 21 42 33 35 20 20
leaf_count=24 32 24 21 25 27 20 21 20 20 20 30 29 29 20 23 21 20 28 20 30 37 26 23 27 24 26 20 34 24 39 36 36 23 34 24 25 20 20 21 35 37 24 27 27 23 21 42 33 35 20 20
internal_value=0.000102414 0.00104167 -0.00128857 -8.62069e-05 0.000366972 0.00323864 0.0036747 0.00415584 -0.000625 -0.00334975 -0.00443038 0.00465278 0.00530364 -0.000337838 -0.000997151 -0.00137615 -0.000165563 -0.000618182 -4.04858e-05 0.000484581 -0.00555556 0.00215054 0.0059633 -0.00121951 -0.00247312 -0.00333333 0.000731707 0.00661376 -0.000986842 -0.00135714 -0.00190871 -0.00317568 0.000107527 0.00142857 -0.00196429 0.000444444 -0.000909091 -0.000434783 0.000444444 0.00449275 0.0025 -0.00318182 0.0009375 0.00468085 0.00136364 -0.00520833 0.00783333 -0.00777778 0.0062069 0.005 0.00935484
internal_weight=1367 816 551 348 327 352 332 308 464 203 158 288 247 444 351 327 302 275 247 227 126 93 218 123 93 63 41 189 304 280 241 148 93 70 112 45 88 46 45 69 104 44 64 47 44 48 120 63 58 40 62
internal_count=1367 816 551 348 327 352 332 308 464 203 158 288 247 444 351 327 302 275 247 227 126 93 218 123 93 63 41 189 304 280 241 148 93 70 112 45 88 46 45 69 104 44 64 47 44 48 120 63 58 40 62
is_linear=0
shrinkage=0.01


Tree=4
num_leaves=52
num_cat=0
split_feature=64 23 68 45 68 11 8 76 91 73 17 38 26 38 42 66 86 23 3 3 58 23 23 26 11 7 17 33 4 35 44 35 6 3 57 23 61 17 44 11 87 78 33 81 44 24 78 38 73 81 8
split_gain=15.1883 20.2728 14.5983 13.2565 13.0596 10.2789 9.43203 10.8962 9.33781 8.82332 13.587 8.40007 11.76 8.05192 7.74857 7.73269 9.50303 7.52505 7.48855 7.34643 7.29104 7.26923 7.16382 7.43139 10.2557 6.69686 6.29008 8.02689 7.46812 7.67214 6.10042 7.39212 6.70226 5.59841 5.38272 5.33333 5.13455 4.66473 4.54562 4.38783 4.18739 4.06523 3.68258 4.62857 3.59801 5.0903 3.31325 3.00991 2.84078 1.25388 0.9
threshold=1402.2900000000002 98.750000000000014 1395.4000000000003 23419.000000000004 1002.7395 33238.450000000004 393.48125000000005 34498.452083333337 28986.169218750005 961.47100000000012 143.00000000000003 9.4250000000000025 100.75000000000001 8.0750000000000028 121.97499847412111 738.69850000000008 1.0625000000000002 87.750000000000014 14095.250000000002 12088.286000000002 -0.5 96.750000000000014 57.750000000000007 85.250000000000014 37649.000000000007 1873.1950000000002 17.050000000000004 15.250000000000002 9880.9200000000019 26.575000000000006 3.6505000591278085 28.225000000000005 11430.675000000001 14325.950000000003 -0.22252093395631442 97.250000000000014 30086.100000000002 103.75000000000001 2.6694999933242802 39445.700000000004 0.26041666666666669 580.1969375000001 28.750000000000004 4062.6224539040045 3.185999989509583 11.425000000000002 695.80130208333355 4.9750000000000005 1358.2010000000002 4164.8853729157281 404.5018571428572
decision_type=2 2 2 2 2 2 2 2 2 2 2 2 2 2 2 2 2 2 2 2 2 2 2 2 2 2 2 2 2 2 2 2 2 2 2 2 2 2 2 2 2 2 2 2 2 2 2 2 2 2 2
left_child=2 4 6 8 49 -5 -1 11 50 44 -11 13 35 15 33 41 20 18 -16 -4 21 -17 37 30 -25 -26 36 -28 29 40 31 32 38 -6 -12 -13 -21 -9 39 -24 -29 47 -22 -44 45 -7 -40 -8 -35 -2 -3
right_child=1 3 19 5 14 9 7 22 -10 10 34 12 -14 -15 17 16 -18 -19 -20 26 42 -23 23 24 25 -27 27 28 -30 -31 -32 -33 -34 48 -36 -37 -38 -39 46 -41 -42 -43 43 -45 -46 -47 -48 -49 -50 -51 -52
leaf_value=-1.8006648215597876 4.8971979614464827 0.94341200891093391 -2.4647090915823417 -2.2256488937804626 0.020981297404327394 0.0040125697902339934 2.1933110287503239 0 -0.051012699132041935 0.10339543541335193 0.0070462725409162989 -0.89345384293536745 0.010013900113251048 2.0384879323367615 0.027273612093464666 2.7090798159432006 -0.33155203890023771 -0.58741470437704979 0 -4.6397944112748783 2.3297265351601593 -0.0065418548819020633 -9.9757274999940409e-05 0.00013442190331238804 -4.9500000000000004e-05 9.4427720782136934e-05 -2.8051063948258559 0.98387568237829215 -7.0038828522208432 -0.74642920563316961 9.205456530086994e-05 5.0373250005245208e-07 4.6380624107420447e-07 2.4400368014940468 -0.004061292407188416 -7.3491876041889201e-07 -0.85891111538234177 -0.0098987819883849092 -0.0098127080339545248 5.0000000000000009e-09 0.016982444340289199 -0.013693984453035012 1.4992150986855441 0.031377254380515376 -1.1831112668445163 -0.056931705981367785 -0.038847212891583514 -0.00014531908574120679 0.015300145247497562 10.947607430136648 1.9085263716648866
leaf_weight=38 25 20 38 22 22 21 20 21 27 35 26 20 25 23 36 28 22 24 39 20 28 24 23 34 33 20 36 27 20 36 24 34 34 26 33 30 29 34 23 25 20 26 21 24 21 22 20 23 21 24 20
leaf_count=38 25 20 38 22 22 21 20 21 27 35 26 20 25 23 36 28 22 24 39 20 28 24 23 34 33 20 36 27 20 36 24 34 34 26 33 30 29 34 23 25 20 26 21 24 21 22 20 23 21 24 20
internal_value=0.00012436 0.00159483 -0.000631229 -0.000364372 0.00382488 -0.00177778 0.000103397 0.000391236 0.00343284 -0.000886076 0.00106383 0.00171975 -0.0012 0.00263598 0.0025 0.00203704 0.00333333 0.000707071 0.00226667 -0.00283186 0.0044 0.00153846 -0.000892308 -0.000222222 0.00218391 -0.000566038 -0.00202128 -0.000935252 0.000485437 0.00180723 -0.00136612 -0.00207547 -0.0032 0.00507246 -0.00186441 -0.004 -0.00510204 -0.00418182 -0.00461538 -0.0025 0.00446809 -0.000724638 0.00643836 0.00466667 -0.00375 -0.00209302 -0.00697674 0.00116279 0.00702128 0.00836735 0.0065
internal_weight=1367 464 903 247 217 180 677 639 67 158 94 314 75 239 168 216 147 99 75 226 125 52 325 270 87 53 188 139 103 83 183 159 125 69 59 50 49 55 91 48 47 69 73 45 64 43 43 43 47 49 40
internal_count=1367 464 903 247 217 180 677 639 67 158 94 314 75 239 168 216 147 99 75 226 125 52 325 270 87 53 188 139 103 83 183 159 125 69 59 50 49 55 91 48 47 69 73 45 64 43 43 43 47 49 40
is_linear=0
shrinkage=0.01


Tree=5
num_leaves=53
num_cat=0
split_feature=95 72 4 25 62 31 76 39 94 69 85 46 43 1 4 5 31 69 61 64 6 76 31 58 6 35 1 1 74 37 91 17 41 91 16 1 37 37 61 31 36 31 32 5 37 74 88 14 0 81 46 0
split_gain=21.7858 19.965 13.4074 9.79514 11.1762 9.56502 9.83544 9.55507 12.6782 10.6406 9.23246 9.01818 9.74443 7.77179 7.75945 8.67366 7.47373 7.36797 8.04844 12.9115 7.17501 7.02096 6.85375 6.29434 7.53941 5.73628 5.19869 7.81766 8.97138 5.14795 6.67743 6.31169 5.81834 8.29462 5.05027 4.98492 4.92149 4.86059 6.34562 4.85023 4.6786 4.40156 7.44754 4.32786 4.06756 4.04849 3.70439 3.70408 3.69366 3.54989 3.19662 1.63902
threshold=1.0000000180025095e-35 963.10000000000014 8821.0650000000005 223.25000000000003 1022.9600000000002 2.9750000000000005 35794.460416666676 136.75000000000003 649002.88838250027 31946.750000000004 1691.3000000000002 105.62500000000001 71.485000610351577 13682.700000000003 3478.9800000000005 5563.9900000000007 5.3750000000000009 31308.400000000005 34040.200000000004 653.45000000000016 6067.3300000000008 33230.712500000001 8.4250000000000025 -0.5 7426.8100000000004 26.775000000000002 18990.952000000005 15538.366500000002 873.59410416666685 66.250000000000014 26028.996375000002 127.25000000000001 67.750000000000014 28713.282918750003 6214.0000000000009 12593.1 99.250000000000014 80.750000000000014 36178.200000000004 3.8250000000000006 89.750000000000014 11.225000000000001 191.25000000000003 11042.150000000003 74.750000000000014 692.50123958333347 14778.905208333334 14074.450000000003 31889.350000000002 4638.0544062088857 98.200000762939467 33131.80000000001
decision_type=2 2 2 2 2 2 2 2 2 2 2 2 2 2 2 2 2 2 2 2 2 2 2 2 2 2 2 2 2 2 2 2 2 2 2 2 2 2 2 2 2 2 2 2 2 2 2 2 2 2 2 2
left_child=1 11 7 4 20 -6 10 9 14 35 21 12 26 -10 25 -16 -13 23 43 37 -2 29 -18 24 -14 -9 27 28 -1 31 -31 -7 -32 -34 -15 -3 47 -20 -39 -28 -4 42 48 45 -37 -19 50 -25 -12 -23 -29 -11
right_child=3 2 40 -5 5 6 -8 8 13 51 41 16 17 34 15 -17 22 18 19 -21 -22 49 -24 36 -26 -27 39 46 -30 30 32 -33 33 -35 -36 44 -38 38 -40 -41 -42 -43 -44 -45 -46 -47 -48 -49 -50 -51 -52 -53
leaf_value=0.028470290276000679 -0.58039317188542083 0.097533059189487514 -10.648620987489 2.5101505443359624 2.0175945363526138 -0.0086693819140895544 -0.0099393894216542617 0.019580933426159287 -4.7041264543986197 -3.6367050741920086 -0.0040206794831165312 1.1917761671275102 -0.021810685142203915 0.26072998695959393 -1.4210157764612574 0.099017910985215882 -2.1157158986718804e-05 -0.011748198935341741 -0.0098855559193932359 -0.024535946423332095 0.39304706311783044 2.3604611253022063 0.0047516802145837287 0.72727296941459529 9.7521879979228961e-05 2.0471974772760055 -7.4376069031205374e-05 0.065764835440453279 -0.9708300944330378 1.4346741653966997 0.36766134773285408 0.097205030636830794 -0.00059783395229974089 1.0409415367913739 -1.6686087940315542 -0.04577488045430491 -1.2724061788647174e-06 0.0001430926091476608 2.4259383752954006e-07 5.0246500010490423e-07 -7.3658471248395552 0.0043857238138928379 0.0001115194352114988 -0.010244497426057908 -3.0056364316801312 -4.0335614259082069e-07 9.2387810604805808e-05 0.91349729875246666 -0.18810051176816953 0.25098891179865279 0.13370040993845098 -0.76398542761560551
leaf_weight=32 27 23 28 35 28 33 29 29 33 21 25 28 38 26 22 26 22 32 30 25 23 27 24 25 23 24 20 21 22 20 30 21 26 23 21 20 24 28 34 21 23 38 21 27 29 26 20 24 22 23 22 20
leaf_count=32 27 23 28 35 28 33 29 29 33 21 25 28 38 26 22 26 22 32 30 25 23 27 24 25 23 24 20 21 22 20 30 21 26 23 21 20 24 28 34 21 23 38 21 27 29 26 20 24 22 23 22 20
internal_value=0.00026393 -0.000624315 -0.00252174 0.00206208 0.00163462 0.00224044 0.00177515 -0.00170068 -0.000276243 -0.0039823 0.00229773 0.000528169 4.04858e-05 -0.00325 0.00207921 -0.000833333 0.00378378 -0.000922619 -0.00212871 -0.00042735 -0.0028 0.0035468 0.00130435 0.000895522 -0.00147541 0.00471698 0.00208861 0.00316239 0.00037037 0.00248366 0.00383838 0 0.00253165 0.000408163 -0.000638298 -0.00166667 0.00287671 0.00130435 0.00290323 -0.00097561 -0.0072549 -9.43396e-05 -0.00161765 -0.00447059 -0.00346939 -0.00293103 0.00555556 0.00469388 -0.00382979 0.0068 0.0072093 -0.00804878
internal_weight=1364 913 345 451 416 366 338 294 181 113 309 568 494 80 101 48 74 336 202 117 50 203 46 134 61 53 158 117 54 153 99 54 79 49 47 72 73 92 62 41 51 106 68 85 49 58 63 49 47 50 43 41
internal_count=1364 913 345 451 416 366 338 294 181 113 309 568 494 80 101 48 74 336 202 117 50 203 46 134 61 53 158 117 54 153 99 54 79 49 47 72 73 92 62 41 51 106 68 85 49 58 63 49 47 50 43 41
is_linear=0
shrinkage=0.01


Tree=6
num_leaves=53
num_cat=0
split_feature=95 68 90 23 69 72 36 60 36 24 36 26 43 91 30 4 90 29 36 23 7 7 30 69 20 8 24 7 60 78 70 91 65 97 77 34 23 4 13 39 39 69 67 29 4 91 67 46 39 16 43 80
split_gain=15.7565 15.7134 13.3124 11.3842 12.247 10.6247 13.988 10.5401 9.60835 10.7461 9.35802 9.17017 7.73026 7.33698 10.8346 8.19557 7.24008 8.64543 7 6.89117 6.80865 6.79847 6.78117 8.14044 6.39904 7.53184 7.7913 6.15015 5.64747 8.02778 6.92113 6.66799 5.63993 6.48748 5.25001 10.4012 6.28195 14.3037 6.59215 14.7193 5.02857 4.45728 4.44464 4.11133 4.09998 3.66288 3.50635 3.28846 2.91255 2.75981 2.52522 0.814815
threshold=1.0000000180025095e-35 1346.5740000000003 2800.1011500000009 32.750000000000007 35167.80000000001 1341.3900000000001 82.250000000000014 1022.0265000000001 89.250000000000014 6.2750000000000012 89.250000000000014 1.0000000180025095e-35 73.235000610351577 31226.559075000001 98.250000000000014 4257.005000000001 1297.6078500000003 83.750000000000014 84.250000000000014 99.750000000000014 110.15500000000002 410.10500000000008 93.250000000000014 33775.600000000006 195.25000000000003 409.15692307692319 11.025000000000002 276.07000000000005 344.35000000000008 828.82351041666686 0.81050000000000011 28221.713331250005 28683.750000000004 0.42708333333333343 3643.3980852070649 93.250000000000014 99.750000000000014 3635.3850000000007 4346.3000000000002 209.75000000000003 221.25000000000003 31649.750000000004 34668.100000000013 84.250000000000014 3234.8100000000004 29105.463693750004 35999.750000000007 103.52999877929689 185.25000000000003 5825.9000000000005 82.329998016357436 33463.562152777791
decision_type=2 2 2 2 2 2 2 2 2 2 2 2 2 2 2 2 2 2 2 2 2 2 2 2 2 2 2 2 2 2 2 2 2 2 2 2 2 2 2 2 2 2 2 2 2 2 2 2 2 2 2 2
left_child=3 7 11 4 20 8 12 -2 24 -10 47 45 -7 14 15 44 17 -11 -16 -12 -1 -22 -18 -24 49 26 28 -20 30 -30 -26 -31 33 -9 35 48 37 -36 46 -40 -39 -14 51 -28 -13 -3 -38 -8 -27 -5 -4 -34
right_child=1 2 50 5 -6 6 10 32 9 16 19 13 41 -15 18 -17 22 -19 27 -21 21 -23 23 -25 25 34 43 -29 29 31 -32 -33 42 -35 36 -37 38 40 39 -41 -42 -43 -44 -45 -46 -47 -48 -49 -50 -51 -52 -53
leaf_value=0.72000023972044935 -0.032373205068465138 -1.001651035370241 0.001778304841343272 -1.9114597062232088 -0.021269079455222061 0.53938945927274251 -4.923045274871173 4.3782669042882905 -0.024140570734560322 -0.0012034149305958362 0.090643814677876855 0.0049461886943128917 0.020480958323834769 -0.067213584104631116 0.0033863120817176386 -1.1151943521149881e-06 0.072683212387561813 -0.75100441603038681 -0.079589354202616619 -7.3803822220200539 -0.010732259410168404 1.4302601115986244 -0.018104962223240893 0.010086853612703998 0.030010289133979795 0.0093682584039664688 -0.84157652879050571 -0.00087546808210890335 0.92174128639926722 1.417244442514946 -0.024104607710215786 -2.3631553138694273e-06 4.7750852310926755 -0.030974634981742633 0.081355552009534982 -0.0035200278200220648 -2.0211436566329053 -0.0097344863769066366 9.8336821027414676e-05 -0.0012947776620252714 4.9018617631021106e-05 -1.9055264186992631 1.8927789834619035 0.64257588828200429 0.36825410880707893 -0.0052142382209308417 -0.011548516727986732 -4.2749679607425541 0.0094422641256397353 -0.12801963680035228 0.091952065691304666 9.3431056167255022
leaf_weight=39 21 20 25 21 22 23 38 23 38 38 22 29 24 34 36 39 22 21 25 21 24 27 25 23 20 20 24 23 24 21 23 27 32 26 23 20 36 35 23 34 20 25 20 22 27 26 20 26 22 20 23 22
leaf_count=39 21 20 25 21 22 23 38 23 38 38 22 29 24 34 36 39 22 21 25 21 24 27 25 23 20 20 24 23 24 21 23 27 32 26 23 20 36 35 23 34 20 25 20 22 27 26 20 26 22 20 23 22
internal_value=-8.79765e-05 0.00144124 0.000162866 -0.000843373 0.00214286 -0.00126092 -0.00340782 0.00416667 -0.000643087 -0.00269461 -0.00570093 -0.000733591 0 0.000140845 0.000949721 0.00326316 -0.00131783 -0.00389831 -0.00166667 -0.00209302 0.00377778 0.00137255 0.000857143 -0.00125 0.00010989 0.000483092 0.00217391 -0.00416667 0.00356522 0.00527778 0.000697674 0.00291667 0.00528455 0.00265306 -0.000592885 0.00193548 -0.00141361 0.000769231 -0.00292035 -0.000526316 -0.002 -0.0022449 0.00702703 -0.00130435 0.00571429 -0.00478261 -0.00535714 -0.008125 0.0047619 -0.00365854 0.005 0.00851852
internal_weight=1364 451 307 913 112 801 179 144 622 167 107 259 72 213 179 95 129 59 84 43 90 51 70 48 455 414 161 48 115 72 43 48 123 49 253 62 191 78 113 57 55 49 74 46 56 46 56 64 42 41 48 54
internal_count=1364 451 307 913 112 801 179 144 622 167 107 259 72 213 179 95 129 59 84 43 90 51 70 48 455 414 161 48 115 72 43 48 123 49 253 62 191 78 113 57 55 49 74 46 56 46 56 64 42 41 48 54
is_linear=0
shrinkage=0.01


Tree=7
num_leaves=52
num_cat=0
split_feature=60 5 68 65 67 40 72 13 71 83 3 22 40 78 36 20 78 69 20 33 22 27 24 7 20 11 78 69 38 83 21 41 24 69 89 25 24 19 78 33 21 41 46 36 24 3 43 21 98 99 3
split_gain=12.1921 22.8331 12.7432 10.3 10.7725 9.09247 9.03167 12.3611 10.0762 8.10448 9.26157 9.04782 11.4288 9.02712 8.8656 7.97997 7.82335 7.36107 6.79909 7.9001 10.3484 10.7162 6.72222 6.66654 7.26346 6.83619 6.55207 6.39269 6.3071 6.11777 6.34796 5.97087 5.93939 5.81818 5.72727 5.97628 5.3371 7.01014 4.97778 4.87008 5.58862 4.66598 4.56154 5.25912 5.09801 3.6 3.5704 3.15234 2.27146 1.84007 0.409756
threshold=1395.4000000000003 2644.9850000000001 738.69850000000008 26002.000000000004 27599.850000000002 50.250000000000007 1049.9945000000002 2864.2000000000003 1093.5130000000001 1931.7999999999959 14089.000000000002 90.750000000000014 40.250000000000007 552.26638194444456 84.750000000000014 2477.9000000000001 1492.8468055555559 31132.750000000004 1645.3500000000001 42.250000000000007 91.750000000000014 76.250000000000014 9.3250000000000011 132.87500000000003 2419.3000000000006 35392.05000000001 389.77854166666674 32159.950000000001 8.0250000000000021 2499.7000000000012 21.575000000000006 81.750000000000014 6.4250000000000016 31257.350000000002 1549.07634375 187.00000000000003 9.8750000000000018 1118.4000000000003 1039.667902777778 46.250000000000007 21.825000000000006 70.750000000000014 103.29500198364259 89.250000000000014 6.9750000000000005 12696.35 75.974998474121108 22.675000000000004 0.43402777777777785 0.052083333333333336 14791.048500000003
decision_type=2 2 2 2 2 2 2 2 2 2 2 2 2 2 2 2 2 2 2 2 2 2 2 2 2 2 2 2 2 2 2 2 2 2 2 2 2 2 2 2 2 2 2 2 2 2 2 2 2 2 2
left_child=6 46 31 45 -5 17 9 15 42 14 27 12 -12 26 22 39 23 -6 19 -16 21 -21 -1 24 25 -7 -13 28 41 30 -18 -3 -23 -34 36 -36 37 -14 -25 -8 -41 -11 44 -44 -9 -4 -2 48 50 -46 -27
right_child=1 2 3 4 5 16 7 8 -10 10 11 13 34 -15 18 -17 29 -19 -20 20 -22 32 -24 38 -26 47 -28 -29 -30 -31 -32 -33 33 -35 35 -37 -38 -39 -40 40 -42 -43 43 -45 49 -47 -48 -49 -50 -51 -52
leaf_value=0.95261560091341235 -0.0074691118223222585 10.274570835232899 1.5106888282490338 -0.013682078077834304 0.0042173559872059332 0.13154753071682712 1.2433781245698243 -3.5613264080435032 0.0097297859724933943 -0.0079681421503379202 0.00032734602841957909 9.8781497853002898e-05 -0.025608333298206123 -6.3609293563533949e-05 -0.019187870697588667 -1.7659940422976999 0.0043082441080756284 -0.56901724056556879 0.010023016809772734 0.69480259995957672 -0.081246528932688633 -0.011756119785444925 0.00047415399814524544 -0.50047932642022153 -0.0032155714967191142 3.3838649494400661 0.013596627643250439 -0.0099649981862095834 -0.0099931698599778768 0.010154381613034459 -0.0016118744556439268 1.6286381406593384 2.8406643910707294 -0.0010399675786000281 -0.010129104675177077 0.00021343455524253267 -0.00040961327986479011 -0.0044609816120290482 0.0012549220325390497 -0.78925820900119714 0.12834567360000027 0.00019351165530902915 -5.1276261403339616 0.050051910847408794 -2.5813804549407058 0.026202842844380375 -1.198806523516436 0.35915827333829453 0.37221841601118022 -8.1400190033930748 2.6275763048525738
leaf_weight=36 20 30 20 34 26 31 21 34 28 20 31 23 24 30 22 20 22 32 21 24 26 22 36 20 26 20 20 23 33 20 36 21 22 22 23 33 30 34 36 27 21 33 31 22 21 20 31 28 25 32 21
leaf_count=36 20 30 20 34 26 31 21 34 28 20 31 23 24 30 22 20 22 32 21 24 26 22 36 20 26 20 20 23 33 20 36 21 22 22 23 33 30 34 36 27 21 33 31 22 21 20 31 28 25 32 21
internal_value=-0.000146628 0.00105973 0.00175214 0.00117506 0.00066313 0.00119534 -0.000887574 -0.00245136 -0.00404762 -0.000204082 -0.00114846 -8.06452e-05 -0.00131429 0.00287671 0.00125541 0.000561798 0.00192982 -0.00241379 -6.28931e-05 -0.000869565 0.000172414 0.00177778 0.00416667 0.00294686 0.00403974 0.00504 0.00581395 -0.00357798 -0.00232558 -0.000769231 -0.00241379 0.00647059 -0.00030303 0.00181818 -0.0025 0 -0.00409091 -0.00586207 0 0.00217391 0.000416667 -0.000188679 -0.00514286 -0.00283019 -0.00655172 0.006 -0.00529412 0.00638298 0.00757576 -0.00849057 0.00902439
internal_weight=1364 519 468 417 377 343 845 257 168 588 357 248 175 73 231 89 285 58 159 138 116 90 72 207 151 125 43 109 86 78 58 51 66 44 144 56 88 58 56 69 48 53 140 53 87 40 51 94 66 53 41
internal_count=1364 519 468 417 377 343 845 257 168 588 357 248 175 73 231 89 285 58 159 138 116 90 72 207 151 125 43 109 86 78 58 51 66 44 144 56 88 58 56 69 48 53 140 53 87 40 51 94 66 53 41
is_linear=0
shrinkage=0.01


Tree=8
num_leaves=53
num_cat=0
split_feature=62 34 25 5 24 11 72 92 74 73 3 30 69 5 65 46 33 42 73 92 30 78 24 32 31 7 34 80 88 1 62 79 80 73 3 19 92 20 32 92 83 92 27 24 34 32 69 24 35 5 19 5
split_gain=18.0289 17.4142 14.6447 12.7812 9.66773 9.14954 8.60922 12.8935 9.81839 10.0134 8.13703 9.58129 8.00159 7.73719 8.01441 8.73117 11.1209 10.6478 9.80894 8.05412 7.21636 6.88927 6.91186 9.88609 10.4269 8.95979 8.27354 8.35457 7.3588 6.83766 6.14967 7.33968 6.05238 6.01467 5.89248 5.8912 6.95215 5.79988 5.22727 4.81333 4.54115 4.42258 4.38002 4.37576 4.06719 3.95065 3.6 3.6 3.6 2.81577 2.5 0.459574
threshold=876.74150000000009 98.750000000000014 124.75000000000001 2644.9850000000001 6.9750000000000005 32431.850000000002 1093.2 25205.675937500007 913.08847916666684 749.95000000000016 14678.150000000001 87.750000000000014 33508.700000000004 8069.0400000000009 26265.250000000004 108.04500198364259 17.750000000000004 135.12500000000003 1457.2285000000004 25478.240787500006 41.750000000000007 828.82351041666686 6.9750000000000005 158.75000000000003 3.1250000000000004 328.28000000000003 82.750000000000014 34075.42673611112 15370.387916666667 12970.950000000003 1487.2600000000002 520.31381528269094 38303.685069444451 0.99950000000000017 14769.250000000002 1313.7500000000002 22814.378075000004 954.25000000000011 238.25000000000003 24619.642281250006 1977.6500000000017 28588.885118750008 46.250000000000007 5.2250000000000005 107.75000000000001 124.75000000000001 31618.450000000001 10.975000000000001 27.725000000000005 5414.2600000000011 1745.0500000000004 6571.8050000000012
decision_type=2 2 2 2 2 2 2 2 2 2 2 2 2 2 2 2 2 2 2 2 2 2 2 2 2 2 2 2 2 2 2 2 2 2 2 2 2 2 2 2 2 2 2 2 2 2 2 2 2 2 2 2
left_child=6 2 3 46 -3 -4 8 12 21 39 37 48 -8 14 29 16 18 19 30 35 -19 22 25 45 -25 33 27 -26 43 47 31 -16 -29 -1 -28 42 -37 51 -36 -10 -22 -9 -18 -27 -6 -24 -2 -5 -12 -31 -32 -7
right_child=1 4 5 13 44 10 7 41 9 -11 11 -13 -14 -15 15 -17 17 20 -20 -21 40 -23 23 24 26 28 34 32 -30 49 50 -33 -34 -35 38 36 -38 -39 -40 -41 -42 -43 -44 -45 -46 -47 -48 -49 -50 -51 -52 -53
leaf_value=-0.00041901610734312541 -0.32855056565814861 0.0076313995077071199 -0.03898683470240142 1.27504471151341 -2.9020029765658832 2.9201128557842004 0.18488139523396005 -7.241383753980192 -0.01610142792842887 0.047939791101521696 -0.0021127100520740819 2.3987639233989522 -5.2798077205027347 -0.032949519025545791 -1.4482304072888326 1.2758377287187745 -0.16749081571107227 -0.00040496075771660365 -0.070696261880508385 0.36849623185106845 0.036162626440194211 0.019244759950263181 -0.0025114533051760041 -0.0010456305376809203 1.4923518757382812 0.00018962482112303214 9.5171432126078329e-05 -0.010214785746659799 -0.005109750656066463 0.12615950188407815 3.141077970375926 0.023696411331072031 9.4413936985576837e-07 -0.50863655989201351 0.0098147816081598435 0.78101513293793789 -0.037957440785014507 1.5748502890500999 0.0099968887854560845 -0.052258274550211745 0.53962032977880814 -2.2963458407975246 -0.0029761609998290761 -0.00032386187842859706 -0.92581545136963317 -0.066628120872882127 -2.6420796644020812 -0.43029384746274368 0.04028568663610857 0.90532489857741527 -0.0010438275072556819 3.8470786137231201
leaf_weight=21 20 21 21 20 21 27 24 32 30 21 20 36 21 23 24 23 38 24 39 33 37 31 35 28 27 33 39 23 24 23 20 21 20 34 32 21 20 27 23 20 38 39 25 22 23 20 20 20 20 20 20 20
leaf_count=21 20 21 21 20 21 27 24 32 30 21 20 36 21 23 24 23 38 24 39 33 37 31 35 28 27 33 39 23 24 23 20 21 20 34 32 21 20 27 23 20 38 39 25 22 23 20 20 20 20 20 20 20
internal_value=-0.000219941 0.000797386 0.00125714 0.000434783 -0.00415385 0.00380117 -0.0015192 -0.00396552 -0.000931677 -0.0043662 0.00466667 0.00236842 0.000222222 0.000879346 0.0011588 0.000548303 0.000166667 0.00144068 -0.00225806 -0.000364964 0.00393939 -0.000339806 -0.000708661 0.000283401 0.00135417 -0.00253731 0.00231707 -0.000285714 -0.000379747 0.0039759 -0.000352941 -0.00288889 -0.00302326 -0.00563636 0.00425532 -0.00173077 0.00121951 0.00702703 0.00636364 -0.0068 0.00546667 -0.00661972 -0.00365079 0.00163636 -0.00681818 -0.00345455 -0.005 0.001 -0.001 0.00674419 0.0025 0.00914894
internal_weight=1364 765 700 529 65 171 599 116 483 71 150 76 45 489 466 383 360 236 124 137 99 412 381 247 192 134 164 70 79 83 85 45 43 55 94 104 41 74 55 50 75 71 63 55 44 55 40 40 40 43 40 47
internal_count=1364 765 700 529 65 171 599 116 483 71 150 76 45 489 466 383 360 236 124 137 99 412 381 247 192 134 164 70 79 83 85 45 43 55 94 104 41 74 55 50 75 71 63 55 44 55 40 40 40 43 40 47
is_linear=0
shrinkage=0.01


Tree=9
num_leaves=51
num_cat=0
split_feature=69 64 3 5 81 25 38 75 36 82 25 32 43 83 83 98 69 13 89 73 24 71 87 100 98 4 33 28 34 82 32 89 23 88 1 75 28 24 89 38 5 89 63 14 83 24 35 4 1 44
split_gain=11.7415 19.0856 13.6921 13.7549 12.4161 10.4137 10.2758 10.908 8.77334 8.16957 8.31958 8.66887 8.98647 7.92974 7.72275 8.83488 8.28658 7.63408 7.61064 7.51572 7.40246 8.35323 6.40042 10.5884 8.24381 6.43618 7.68192 8.08562 6.31753 6.08507 14.658 7.13313 5.68335 5.63208 9.89716 5.99801 5.44126 5.4266 7.84 5.1516 5.33474 5.17695 5.08637 6.53333 4.31551 3.77143 3.00444 2.7619 1.6 1.12075
threshold=31021.800000000007 963.10000000000014 15978.040500000001 3595.5150000000003 4624.7722290322736 25.250000000000004 5.7750000000000012 321.72025585191926 89.250000000000014 1501.2500000000002 249.75000000000003 286.25000000000006 67.674999237060561 3021.4000000000001 1977.6500000000017 0.086805555555555566 29593.850000000002 4887.0000000000009 1412.5475812500001 1081.8975000000003 13.375000000000002 1142.7500000000002 0.67708333333333337 0.62847222222222232 0.045138888888888895 3270.6200000000003 174.50000000000003 29.675000000000004 79.250000000000014 -19.374500000000008 204.75000000000003 1297.0232437500001 94.750000000000014 4961.7656250000009 13273.450000000003 444.65173599798885 23.075000000000006 11.275000000000002 1430.05126875 7.2750000000000012 2421.9200000000005 1468.5593812500001 30767.150000000005 12764.450000000003 1901.7999999999995 9.1750000000000025 25.625000000000004 2513.8950000000004 13949.550000000001 2.9559999704360966
decision_type=2 2 2 2 2 2 2 2 2 2 2 2 2 2 2 2 2 2 2 2 2 2 2 2 2 2 2 2 2 2 2 2 2 2 2 2 2 2 2 2 2 2 2 2 2 2 2 2 2 2
left_child=1 8 3 17 39 20 7 -7 14 10 11 12 45 22 16 -16 28 42 -11 -6 21 -3 23 25 -24 46 29 -28 -1 30 -27 36 -10 -8 -35 -36 -31 38 -33 41 -41 -4 43 48 -23 -5 -14 -44 -2 -38
right_child=2 5 4 9 19 6 33 -9 32 18 -12 -13 13 -15 15 -17 -18 -19 -20 -21 -22 44 24 -25 -26 26 27 -29 -30 31 -32 37 -34 34 35 -37 49 -39 -40 40 -42 -43 47 -45 -46 -47 -48 -49 -50 -51
leaf_value=1.4296320131844575 -2.1243700026734196 -0.16701391504182311 0.82613114345210104 -0.00018307015950104201 -0.068332622002575505 -0.066077440645243596 1.3312951359578054 3.6119173997971856 -0.0094916840418992569 -0.0018251091796482122 0.0003650311161955884 -0.017661607274972426 -0.00052695728120572775 0.0020354071984151003 -0.081246772560622058 -6.7233575416919894e-05 -0.16907655174200198 0.016441862472466515 3.6500956727278653 0.38990612500740357 -1.1987633515499083 1.7433480553996332 -0.00085782842714699165 0.00021735831115056808 -0.010112637889193199 0.061707548215367058 0.00038347084368270487 -0.011742210769811457 0.00036495070290044987 -0.013938760307255835 -0.27192174069552782 -0.00031996342410627938 -1.43090091607988 -0.014129897095810216 4.8825535455145896 1.4331876484290047 -0.010143427788216143 0.00061336759443467799 -0.013913958738437314 0.0058730071433540573 -0.00049411912688872848 0.26214056470706454 -0.027373048104081837 0.0099220339020285458 1.1098334985317593 0.32243002795078385 0.028558917417077691 -3.7863192728280719 -0.17710192152288268 -0.42919584901497815
leaf_weight=39 20 28 20 22 26 37 30 32 31 38 24 25 25 39 22 39 27 20 24 20 29 25 27 25 37 27 39 20 34 23 24 20 33 23 37 24 20 23 25 21 26 23 27 20 22 20 20 29 20 33
leaf_count=39 20 28 20 22 26 37 30 32 31 38 24 25 25 39 22 39 27 20 24 20 29 25 27 25 37 27 39 20 34 23 24 20 33 23 37 24 20 23 25 21 26 23 27 20 22 20 20 29 20 33
internal_value=-0.000571848 0.000625 -0.00129108 -0.00184358 0.00161765 0.00233449 0.00377049 0.000724638 -0.00155556 -0.00117241 -0.00158301 -0.00186235 -0.0015565 -0.00199063 -0.000310559 -0.00311475 0.0014 -0.00470588 0.00225806 -0.0026087 -0.000192308 0.00146667 -0.00242268 -0.00185185 -0.0053125 -0.00237458 -0.00299213 0.000169492 0.00315068 -0.00394872 -0.000980392 -0.005 -0.0046875 0.00561404 0.00428571 0.00639344 -0.00710526 -0.00264706 -0.00466667 0.00377778 0.00148936 0.00627907 -0.00568966 -0.00366667 0.00404255 0.00285714 0.00111111 -0.00785714 -0.006 -0.00886792
internal_weight=1364 512 852 716 136 287 183 69 225 580 518 494 469 427 161 61 100 136 62 46 104 75 388 324 64 299 254 59 73 195 51 144 64 114 84 61 76 68 45 90 47 43 116 60 47 42 45 56 40 53
internal_count=1364 512 852 716 136 287 183 69 225 580 518 494 469 427 161 61 100 136 62 46 104 75 388 324 64 299 254 59 73 195 51 144 64 114 84 61 76 68 45 90 47 43 116 60 47 42 45 56 40 53
is_linear=0
shrinkage=0.01


Tree=10
num_leaves=51
num_cat=0
split_feature=95 68 68 74 65 36 46 66 88 65 60 23 93 74 37 70 20 29 43 68 7 22 46 97 31 88 31 43 46 3 22 98 20 94 90 31 93 24 87 0 70 98 3 43 66 0 26 87 42 98
split_gain=13.2601 24.3574 12.0142 12.242 11.4993 10.9719 10.0884 18.3706 9.21601 9.09496 8.49805 7.37806 7.13123 8.35634 12.6773 9.45231 7.08235 9.52742 7.18623 6.73828 9.83004 6.70863 12.3953 10.3807 8.4364 11.5125 6.58003 6.41049 6.40011 5.85423 6.2917 7.02151 5.74795 6.25324 5.15048 5.11047 4.94716 4.60543 4.21991 4.14848 4.08173 3.663 3.6 3.59479 4.62532 3.54989 3.34873 3.17979 2.68005 2.66898
threshold=1.0000000180025095e-35 1443.8545000000001 1156.6450000000002 217.34457291666669 32945.500000000007 82.250000000000014 104.064998626709 1234.0500000000002 9325.183750000002 32818.55000000001 962.50000000000011 56.750000000000007 419.57561522048371 913.08847916666684 39.750000000000007 1391.1220000000001 1501.4500000000003 89.250000000000014 79.764999389648452 748.22150000000011 17.635000000000002 90.250000000000014 96.439998626708999 0.13541666666666671 4.5250000000000012 12863.132708333333 6.575000000000002 83.990001678466811 103.26499938964845 13791.650000000003 82.750000000000014 0.53125000000000011 986.00000000000011 634940.66510500025 1620.4576500000005 8.3250000000000011 419.15324324324331 5.4750000000000005 0.15625000000000003 30063.100000000002 1072.3365000000001 0.21875000000000003 14869.900000000003 84.485000610351577 895.92400000000009 30361.100000000002 1.2500000000000002 0.11458333333333336 108.87500000000001 0.086805555555555566
decision_type=2 2 2 2 2 2 2 2 2 2 2 2 2 2 2 2 2 2 2 2 2 2 2 2 2 2 2 2 2 2 2 2 2 2 2 2 2 2 2 2 2 2 2 2 2 2 2 2 2 2
left_child=2 10 3 4 48 6 7 42 11 16 -2 -7 13 21 -15 38 29 18 -18 -12 -21 23 -23 24 25 -5 -26 28 45 -3 -31 -32 33 -33 -25 46 -20 -24 40 -9 41 -16 -4 44 -28 -13 -22 -8 -1 -39
right_child=1 9 5 12 -6 8 47 39 -10 -11 19 27 -14 14 15 -17 17 -19 36 20 35 22 37 34 26 -27 43 -29 -30 30 31 32 -34 -35 -36 -37 -38 49 -40 -41 -42 -43 -44 -45 -46 -47 -48 -49 -50 -51
leaf_value=-0.0030432419441568108 -0.037487136862937892 -0.029014287970455667 -0.62780828647298736 0.012861500983194704 7.7857368122157062e-05 -0.67875799039111584 -1.1820874067755531 0.033679694224257845 0.017790462275147207 -0.058696834744248333 12.59151450747382 -4.5096264226809586 5.7908930810441896 1.3479012292829466 -0.26485611710315038 0.99877215951953902 0.075194412221885165 -0.01720489609045241 -0.0016398575003596005 -0.047091465223903263 0.76196529989911044 -0.018663284343368051 0.00022661523857707479 -0.0089840760797296436 0.0042245806358693506 -0.0060522734695744509 0.097279081257835923 -8.7581421923221896 -0.71128407323166654 -0.32527421862677602 0.96838987653574859 -0.012588496857895383 0.065616750250856448 0.00032899616088283718 -0.00037579663529353129 1.2339849539776322 0.0076838823488882052 0.0074981724664525285 -0.020046457974097171 1.4667453965345314 -2.3187921267713869 0.089546215688814504 -2.3299298679218983 -0.0092259103923891111 -0.011938440524023245 -5.0635028525315349 4.3302933630093596 -0.042860858778643894 -0.0097326887028569651 0.010744206901280267
leaf_weight=23 23 30 20 20 20 35 20 20 33 20 37 27 30 31 30 30 25 34 20 24 21 29 20 25 29 29 31 38 34 24 20 25 20 34 35 28 26 33 27 24 20 23 20 20 23 23 33 21 38 30
leaf_count=23 23 30 20 20 20 35 20 20 33 20 37 27 30 31 30 30 25 34 20 24 21 29 20 25 29 29 31 38 34 24 20 25 20 34 35 28 26 33 27 24 20 23 20 20 23 23 33 21 38 30
internal_value=-0.000110701 0.00130631 -0.000801317 3.3557e-05 -0.00358025 -0.00238095 -8e-05 0.00190476 -0.00389474 -0.000503597 0.00433735 -0.00490446 0.000601942 0.000309278 -0.0015528 -0.00292308 0 0.002 0.00408451 0.00524476 0.00396226 0.00123457 0.00321429 0.000188679 0.00157895 -0.00183673 0.00320388 -0.00606557 -0.00452381 -0.00137255 -0.000406504 0.000707071 -0.000632911 -0.00220339 -0.00333333 0.00560976 0.00173913 0.00518072 -0.0044 0.00636364 -0.00315068 -0.00169811 -0.003 0.00162162 0.00296296 -0.0068 0.00740741 -0.00414634 -0.0057377 0.00650794
internal_weight=1355 444 911 596 81 315 125 84 190 278 166 157 515 485 161 130 258 105 71 143 106 324 112 212 152 49 103 122 84 153 123 99 79 59 60 82 46 83 100 44 73 53 40 74 54 50 54 41 61 63
internal_count=1355 444 911 596 81 315 125 84 190 278 166 157 515 485 161 130 258 105 71 143 106 324 112 212 152 49 103 122 84 153 123 99 79 59 60 82 46 83 100 44 73 53 40 74 54 50 54 41 61 63
is_linear=0
shrinkage=0.01


Tree=11
num_leaves=49
num_cat=0
split_feature=96 72 72 64 8 39 17 86 1 66 83 10 100 28 10 5 34 69 84 61 73 82 34 34 83 100 98 56 34 43 30 61 22 26 82 30 1 64 64 58 21 34 39 79 86 39 20 79
split_gain=12.0072 17.3371 14.1795 14.2668 13.5521 11.375 12.7068 11.0394 11.006 9.77941 8.60517 10.1375 8.54974 8.31683 11.4545 8.17623 9.147 7.5618 9.13753 9.72235 7.00454 6.7124 8.7918 9.65279 7.38093 6.61437 6.55186 7.93862 6.45333 6.39613 7.82034 6 5.64086 5.91966 10.4515 5.35714 5.09697 4.93797 4.60909 4.53051 4.17448 3.93156 3.65801 3.59864 3.5 3.02777 2.49804 1.60444
threshold=1.0000000180025095e-35 931.14900000000011 1341.3900000000001 1450.7640000000004 414.79644736842107 159.25000000000003 156.05000000000004 1.0570000000000002 14004.900000000003 1256.0785000000003 2462.6500000000019 31262.650000000005 0.21875000000000003 26.175000000000004 32625.550000000003 10079.605000000001 78.750000000000014 38227.850000000013 217.34457291666669 34966.450000000004 1478.4165000000003 -664.89999999999986 106.25000000000001 84.250000000000014 2116.9000000000001 0.024305555555555556 0.51041666666666674 1.0000000180025095e-35 73.750000000000014 78.634998321533217 64.750000000000014 33085.250000000007 92.750000000000014 6.7500000000000009 19.865000000000013 98.250000000000014 14024.250000000002 1156.8100000000002 1461.9945000000002 0.25000000000000011 24.275000000000002 78.750000000000014 194.75000000000003 547.15804762240657 1244.1640000000002 201.75000000000003 805.25000000000011 481.99696591532887
decision_type=2 2 2 2 2 2 2 2 2 2 2 2 2 2 2 2 2 2 2 2 2 2 2 2 2 2 2 2 2 2 2 2 2 2 2 2 2 2 2 2 2 2 2 2 2 2 2 2
left_child=2 17 3 7 -3 6 8 13 -5 25 11 12 29 32 -15 39 -17 18 19 -2 -12 -20 23 24 28 -4 27 -13 -23 -11 -31 41 33 34 -1 44 -35 40 -39 -16 -27 -9 -18 -26 -28 -25 -7 -32
right_child=1 4 9 5 -6 46 -8 31 -10 10 20 26 -14 14 15 16 42 -19 21 -21 -22 22 -24 45 43 37 35 -29 -30 30 47 -33 -34 36 -36 -37 -38 38 -40 -41 -42 -43 -44 -45 -46 -47 -48 -49
leaf_value=-0.29402539028418267 -0.0092518455595753286 -9.4842369736745127 -2.2723183133059677 -0.074189197450578809 -1.4643056728223027 7.1277512817327286 -0.063360457867551456 -0.40594146536613052 2.2970745420820977 -0.24612265554282109 -0.0088390644719885149 -0.84307737618322576 -0.63823197295084311 -0.045262522345056781 2.8899396087495344 -0.017736078397397669 0.010338480007132578 0.00016406152688583131 -0.0089689006938257747 2.9044540685267678e-05 0.053616433979958765 0.014817348218276198 -0.0058528722135437836 0.0086373438899747211 -0.012540199551671826 -4.6436812187464254 -0.0005287114382210576 0.05641823165687599 -0.00086721398080775568 -9.2315130210085254e-05 0.008430165402405404 0.088650753531926335 2.9109300046405369 1.2511474454903548 2.19848949851756 -0.039882395034388902 5.9669374744724317 0.10227631057329051 -0.033312590168629773 0.015665762610887254 -0.37297279443260178 -1.8134201488027204 -0.00016162978931464746 -0.0065571763324732161 -0.0029038380538125613 0.00044049645248236773 3.0224947114472003 1.6288038813603571
leaf_weight=26 39 39 26 24 35 26 20 29 32 35 22 27 28 36 37 27 20 21 29 27 37 30 31 32 21 26 28 35 20 26 25 25 29 27 20 28 33 20 24 26 25 21 22 28 28 29 34 20
leaf_count=26 39 39 26 24 35 26 20 29 32 35 22 27 28 36 37 27 20 21 29 27 37 30 31 32 21 26 28 35 20 26 25 25 29 27 20 28 33 20 24 26 25 21 22 28 28 29 34 20
internal_value=-9.5941e-05 -0.00160105 0.000492813 0.00163424 -0.00594595 0.00441176 0.00184211 0.000634921 0.00428571 -0.000782609 8.84956e-05 -0.000642857 0.00134328 0.00148515 0 0.00136364 -0.00101449 -0.000553746 -0.000979021 -0.00424242 0.00355932 0 0.000680628 0.001625 -0.00030303 -0.00322314 -0.00246575 0 0.0024 0.00264151 0.0043662 -0.0028 0.00333333 0.00226415 -0.000434783 -0.00428571 0.00433333 -0.002 0.000454545 0.00396825 -0.00411765 -0.0048 0.00190476 -0.00306122 -0.0025 0.0047541 0.00766667 0.00688889
internal_weight=1355 381 974 514 74 136 76 378 56 460 339 280 134 303 168 132 69 307 286 66 59 220 191 160 99 121 146 62 50 106 71 75 135 106 46 84 60 95 44 63 51 50 42 49 56 61 60 45
internal_count=1355 381 974 514 74 136 76 378 56 460 339 280 134 303 168 132 69 307 286 66 59 220 191 160 99 121 146 62 50 106 71 75 135 106 46 84 60 95 44 63 51 50 42 49 56 61 60 45
is_linear=0
shrinkage=0.01


Tree=12
num_leaves=51
num_cat=0
split_feature=62 13 72 1 36 7 6 71 72 1 44 32 23 44 41 35 87 77 11 8 36 40 35 44 77 11 41 40 67 32 11 10 91 16 86 77 16 41 3 23 4 40 41 36 75 10 41 32 11 30
split_gain=17.7253 17.1297 17.5074 13.1742 12.7053 12.8151 15.166 11.2082 10.1911 14.1775 9.65141 11.2729 9.70707 8.55467 9.59221 8.30011 7.43466 7.34452 7.31127 7.02024 9.4697 6.77704 6.6862 9.14954 6.44101 6.27748 6.25541 6.075 5.74256 5.73158 5.92013 6.02813 6.3 5.72109 5.37165 5.29848 5.15703 4.9332 6.29083 4.65385 6.37546 3.87879 3.43027 3.36691 2.69652 2.66667 2.53846 1.94216 1.10769 1
threshold=1242.3835000000001 1266.2500000000002 1299.8000000000002 13774.450000000003 80.250000000000014 77.480000000000004 5557.5000000000009 927.41050000000007 963.10000000000014 14155.150000000003 2.8000000715255742 221.25000000000003 25.250000000000004 2.6384999752044682 86.750000000000014 27.525000000000002 0.093750000000000014 3189.0902185087102 35448.100000000006 417.69184210526322 87.750000000000014 81.750000000000014 26.425000000000004 3.185999989509583 3942.4652196661596 39710.150000000009 71.750000000000014 102.25000000000001 34999.700000000004 240.75000000000003 35740.950000000004 40688.250000000007 34079.748400000011 6095.9000000000005 0.35000000000000003 4173.3842917748489 6387.0500000000002 80.250000000000014 14900.450000000003 99.250000000000014 4173.5700000000006 132.75000000000003 64.250000000000014 84.750000000000014 553.81362822823462 30279.500000000004 54.750000000000007 60.250000000000007 37105.450000000004 93.250000000000014
decision_type=2 2 2 2 2 2 2 2 2 2 2 2 2 2 2 2 2 2 2 2 2 2 2 2 2 2 2 2 2 2 2 2 2 2 2 2 2 2 2 2 2 2 2 2 2 2 2 2 2 2
left_child=8 45 3 16 7 15 47 -4 10 17 12 18 -1 14 25 22 42 -10 34 21 -21 -11 23 -6 -8 26 -14 46 -27 -13 41 36 -33 -16 -12 44 -32 38 -23 48 -41 -31 -3 -19 -20 -2 -9 -7 -5 -45
right_child=1 2 4 39 5 6 24 27 9 19 11 29 13 -15 33 -17 -18 43 35 20 -22 37 -24 -25 -26 28 -28 -29 -30 30 31 32 -34 -35 -36 -37 -38 -39 -40 40 -42 -43 -44 49 -46 -47 -48 -49 -50 -51
leaf_value=-0.012809978278655199 -0.81521902504623089 -0.19737201107821611 -0.011394578021867342 9.4089952164850246 0.0069803875166847508 0.045468169044139042 0.058578322460534966 1.3305202900764073 -0.58519146128563992 -2.6729122605343885 -0.020036389995717316 -0.0064946296701378975 -0.0045336202429554174 -0.0096838020771906636 0.00016288687682677134 0.010828449296903931 2.8718802839084083 -2.1522657282498292 1.9427776078510843 -1.8780164214631878 0.31244243386667103 0.62434920177225117 -0.11779523212917808 -1.2909033177214229 -1.2059171492930183 -0.0056157033959433724 0.00015876625321193988 0.0044592063328965023 -0.012578247504439796 0.0019761271235372592 0.052807047758178051 -0.0043739886710774918 7.7220323416913594e-05 -8.3408551538822315e-05 0.068143816826240058 0.0029860508754937388 0.0036574054517738257 -3.3586173912979369 -0.94210755203187835 1.7418521113189334 0.83028165593765668 -0.017107165838507753 0.079929070931504059 -1.703775431682961 3.5788545255388171 -0.10131992329036589 0.023830819137988728 0.076903694655094543 5.0048370623093836 -7.2964544087428695
leaf_weight=22 25 21 26 20 25 20 38 22 23 37 20 38 22 30 28 25 23 37 31 32 22 31 28 38 23 26 20 32 29 33 21 24 21 21 37 37 20 29 20 28 24 33 23 20 20 24 26 23 32 25
leaf_count=22 25 21 26 20 25 20 38 22 23 37 20 38 22 30 28 25 23 37 31 32 22 31 28 38 23 26 20 32 29 33 21 24 21 21 37 37 20 29 20 28 24 33 23 20 20 24 26 23 32 25
internal_value=-3.69004e-05 0.00135531 0.00191147 0.00450292 0.000552147 -0.000818182 0.00173077 0.00339623 -0.000976514 -0.00253623 -0.000168856 0.000865672 -0.00191919 -0.00113636 -0.000136986 -0.00310345 0.00104478 -0.00542857 0.00296552 -0.000760234 0.00222222 -0.00213675 -0.00450549 -0.00269841 -0.00147541 -0.00195876 0.000952381 0.00525 -0.00418182 -0.000736842 0.000131579 0.00186047 -0.000666667 0.00346939 0.000175439 0.00477273 0.00463415 -0.0005 0.00137255 0.00673077 0.00461538 -0.00212121 -0.00136364 -0.00682927 0.00686275 -0.00428571 0.0075 0.00627907 0.00884615 -0.00866667
internal_weight=1355 546 497 171 326 220 104 106 809 276 533 335 198 176 146 116 67 105 145 171 54 117 91 63 61 97 42 80 55 190 152 86 45 49 57 88 41 80 51 104 52 66 44 82 51 49 48 43 52 45
internal_count=1355 546 497 171 326 220 104 106 809 276 533 335 198 176 146 116 67 105 145 171 54 117 91 63 61 97 42 80 55 190 152 86 45 49 57 88 41 80 51 104 52 66 44 82 51 49 48 43 52 45
is_linear=0
shrinkage=0.01


Tree=13
num_leaves=54
num_cat=0
split_feature=70 17 16 17 46 81 11 69 29 42 42 21 25 70 33 34 38 44 38 11 3 33 88 46 23 25 40 36 13 33 24 69 27 89 38 64 3 36 42 17 33 38 7 7 13 61 70 42 33 16 8 5 23
split_gain=23.3766 13.2848 15.3977 9.54428 10.4813 11.1476 9.46752 14.9366 9.33801 9.21654 8.76958 8.66725 7.81385 7.59796 7.42143 7.32464 8.76207 9.34103 7.68145 7.26981 13.4151 9.75481 8.60163 7.68681 7.13011 9.06554 6.93887 6.62347 6.3 6.29762 6.03558 10.9343 7.9165 5.60019 5.34964 5.2964 5.22993 4.9749 4.69605 4.69565 4.43916 4.43318 5.6633 5.60303 4.37576 4.36908 4.74074 4.00238 3.6 2.38095 1.82508 1.78571 1
threshold=962.50000000000011 46.95000000000001 5846.9500000000007 28.100000000000005 106.58499908447267 4434.5367541026635 35740.950000000004 26809.900000000005 65.750000000000014 135.12500000000003 327.17500305175787 26.325000000000006 166.75000000000003 1291.6605000000002 189.25000000000003 87.750000000000014 8.6750000000000025 2.7304999828338627 4.8750000000000009 37967.30000000001 14463.1 195.25000000000003 10022.212500000003 103.40500259399415 58.750000000000007 69.250000000000014 51.750000000000007 75.750000000000014 1523.5500000000002 49.250000000000007 9.1750000000000025 35167.80000000001 63.250000000000007 1444.05421875 7.0250000000000012 1489.7000000000003 15681.688500000002 85.750000000000014 126.82500076293947 159.20000000000002 130.25000000000003 5.9750000000000014 17.595000000000002 20.785000000000004 9131.9000000000015 33498.80000000001 1377.6000000000001 98.599998474121108 41.250000000000007 6984.3000000000002 419.43315789473689 7387.4450000000006 97.750000000000014
decision_type=2 2 2 2 2 2 2 2 2 2 2 2 2 2 2 2 2 2 2 2 2 2 2 2 2 2 2 2 2 2 2 2 2 2 2 2 2 2 2 2 2 2 2 2 2 2 2 2 2 2 2 2 2
left_child=6 3 9 4 5 15 7 -1 14 45 26 47 -13 -11 -8 16 17 -2 35 20 22 23 44 24 -21 -26 -4 38 -29 -6 32 -32 -25 34 -14 -19 41 -15 -28 -22 -27 43 -43 -30 -10 46 -3 -9 -39 -38 -5 -49 -20
right_child=1 2 10 50 29 -7 8 11 19 13 -12 12 33 37 -16 -17 -18 18 52 21 39 -23 -24 30 25 40 27 28 36 -31 31 -33 -34 -35 -36 -37 49 48 -40 -41 -42 42 -44 -45 -46 -47 -48 51 -50 -51 -52 -53 -54
leaf_value=0.10614656004755781 -0.024052048830434995 -0.88218487520850664 -0.83073118927251943 1.4606369915728084 0.15702187448063787 2.3816239210722712 0.54356750045721225 -1.82896472292763 -0.59401884748467926 0.093150210725706048 2.3006203917352126 0.00035415514564934305 -0.023512767744624932 0.0030491567071657933 -0.001943584265368985 -0.56420539903838629 -0.58988002229836556 2.1741170522992919 5.1864460139483572 -0.017612741650040592 0.0056333459040295861 -0.01481872471760743 0.014312069146893093 2.1713435118647793 -2.9353822141437047 -0.0074973520204764535 -0.078667002400120478 0.05462455700480167 -0.026189171977366955 -0.04748267833769175 -0.1004947092829091 6.4126197768889158e-05 -8.2574466023434102e-05 -0.12870725624591031 0.0075171939210021349 -0.020031660240086263 -0.0091593321140825915 -1.3937674504723174 0.0054343125280529904 0.024745217779360798 6.6753751209341168e-05 0.11549360215668815 0.034113934789201987 0.54373925251092303 -1.0641212802087157 -0.28606331717433686 -3.5911663333601731 -8.614008401128304 -0.007600525407268661 0.030473750463089627 1.2862331536523661 -0.84305485643427858 0.94204036770161337
leaf_weight=34 30 27 28 23 27 26 27 24 24 21 20 28 21 38 20 21 24 21 25 26 23 34 25 29 22 32 32 20 20 21 31 20 23 34 22 20 21 20 23 25 33 22 32 24 20 28 27 28 20 21 20 28 20
leaf_count=34 30 27 28 23 27 26 27 24 24 21 20 28 21 38 20 21 24 21 25 26 23 34 25 29 22 32 32 20 20 21 31 20 23 34 22 20 21 20 23 25 33 22 32 24 20 28 27 28 20 21 20 28 20
internal_value=-6.64207e-05 0.00116343 9.00901e-05 0.0028777 0.00208511 0.00315508 -0.00146919 -0.00315068 -0.00057971 -0.0021547 0.00163498 -0.00427027 -0.00238095 -0.00010101 0.00361702 0.00217391 0.003 0.00413793 0.00581395 -0.00111717 0.000940171 -0.00208 -0.00188406 -0.0012963 -0.00309735 -0.00172414 0.00111111 0.00172093 0.00275 -0.00208333 0.000679612 -0.00176471 0.00307692 -0.00402597 -0.00162791 0.00268293 0.002 -0.00153846 -0.00127273 0.005 0.000153846 0.00326531 0.00518519 0.000909091 -0.00454545 -0.00463415 -0.0062963 -0.00675 -0.004 -0.000952381 0.0072093 -0.00821429 0.00866667
internal_weight=1355 722 444 278 235 187 633 219 414 181 263 185 105 99 47 161 140 116 86 367 117 250 69 216 113 87 243 215 160 48 103 51 52 77 43 41 140 78 55 48 65 98 54 44 44 82 54 80 40 42 43 56 45
internal_count=1355 722 444 278 235 187 633 219 414 181 263 185 105 99 47 161 140 116 86 367 117 250 69 216 113 87 243 215 160 48 103 51 52 77 43 41 140 78 55 48 65 98 54 44 44 82 54 80 40 42 43 56 45
is_linear=0
shrinkage=0.01


Tree=14
num_leaves=50
num_cat=0
split_feature=70 72 72 16 2 8 11 77 79 2 11 11 8 19 14 94 81 29 79 7 94 27 29 81 43 27 35 76 90 76 31 75 11 81 57 43 11 71 31 37 0 61 6 0 29 98 2 65 72
split_gain=19.0337 18.9048 13.4094 15.9817 10.2295 10.9152 9.83704 10.6183 9.74716 8.47361 8.19794 9.70046 7.69129 6.72793 6.63755 6.42734 10.1942 6.12813 6.1275 6.09524 5.95628 5.8852 9.61398 7.36787 6.54598 7.3304 10.5694 7.28779 7.90966 7.70457 6.9286 6.37322 8.19252 5.67859 7.45034 5.59661 5.07198 4.79111 4.63409 5.08466 4.55021 7.48114 12.48 3.85333 3.47037 3.40782 3.26924 2.5 2.19841
threshold=962.50000000000011 1299.8000000000002 1101.3500000000001 6327.8500000000013 2483.8000000000006 404.78390873015877 31920.950000000004 4251.2291002674292 719.60047600807059 2699.0625000000005 38007.650000000009 39085.250000000007 419.12246443812234 1910.6000000000001 18245.750000000004 530717.68117500015 4211.4185644689669 83.750000000000014 436.43413515650809 31.735000000000003 729853.57429062529 72.750000000000014 83.250000000000014 4050.0062933959384 66.125000000000014 83.250000000000014 26.075000000000006 38862.187500000007 3060.8644500000005 40725.981250000004 4.3250000000000011 638.4004935525146 34262.05000000001 4776.1862348108343 -0.56174490092936669 79.764999389648452 38382.350000000006 902.23350000000016 6.4250000000000016 94.250000000000014 32739.650000000005 31754.800000000003 4816.7200000000003 31642.050000000003 88.250000000000014 0.52430555555555569 2335.1000000000004 28878.800000000007 1503.4000000000003
decision_type=2 2 2 2 2 2 2 2 2 2 2 2 2 2 2 2 2 2 2 2 2 2 2 2 2 2 2 2 2 2 2 2 2 2 2 2 2 2 2 2 2 2 2 2 2 2 2 2 2
left_child=2 4 12 14 46 9 -3 8 10 -6 15 47 21 17 48 -8 20 18 -7 -13 40 22 23 -1 -23 26 -26 28 30 -29 -27 32 -32 34 -9 -24 -34 -19 39 -28 41 42 -17 -39 -37 -36 -2 -12 -4
right_child=1 6 3 -5 5 13 7 33 -10 -11 11 19 -14 -15 -16 16 -18 37 -20 -21 -22 24 35 -25 25 27 38 29 -30 -31 31 -33 36 -35 45 44 -38 43 -40 -41 -42 -43 -44 -45 -46 -47 -48 -49 -50
leaf_value=-0.0011884310204250692 1.5250478958935485 -2.19908684982257 -5.1406425105522064 0.11332127400210305 -1.7302581455384358 -0.11652096368607109 -0.0070061818006705526 -0.0027957813201809865 -1.0030437173297271 0.066530876550720597 -0.014768849652099125 -0.0095564499251207542 0.86763987107998719 -0.0086450472434211074 -5.1742655630895671 0.60443401186342505 1.7132823587954329 8.9288874313777598 3.8417202379494975 0.91131448535100523 -0.016535142432435465 0.0053360556520282258 0.010070865830122049 0.0090741465582980362 0.00022916953478624555 -0.0085888365671610446 -0.010832933184129114 -0.010028773500743471 0.0084826396642519071 -0.00025169503667344143 -0.012232816492485253 -0.0007522331731374621 0.36779340788524045 0.0072145728061653955 -1.3344058242154939 -0.044778509431233661 3.538770700179106e-05 0.10890447204008023 -0.022324871398130355 -1.0785920762330429e-05 0.024403568226422749 -0.0067100223408056775 -0.0036063999206633708 1.2935864123470453 -0.011447517936566308 -1.9174620293982834 3.0136642724796343 -0.0073662151423392339 -9.5752890202318959
leaf_weight=25 39 35 35 30 26 25 21 35 24 25 20 21 21 33 21 36 21 22 36 21 21 22 37 36 22 32 27 28 25 27 22 29 35 26 26 20 29 20 28 21 23 31 31 30 23 23 31 20 38
leaf_count=25 39 35 35 30 26 25 21 35 24 25 20 21 21 33 21 36 21 22 36 21 21 22 37 36 22 32 27 28 25 27 22 29 35 26 26 20 29 20 28 21 23 31 31 30 23 23 31 20 38
internal_value=-0.000140221 0.000969529 -0.001406 -0.00435484 0.00296167 0.0018894 -0.000344828 0.0001 0.00110345 -0.00215686 0.00165414 -0.00097561 -0.000687623 0.00313253 -0.00638298 0.00282609 0.00349693 0.00413534 0.00180328 0.00238095 0.00253521 -0.000942623 0.000780142 0.00377049 -0.00164265 -0.002 -0.00428571 -0.00101322 0 -0.00418182 -0.000884354 0.00026087 0.00162791 -0.00254545 -0.00380952 -0.0015 0.0034375 0.00611111 -0.00605263 -0.00416667 0.00338843 0.00244898 0.00432836 0.0044 -0.00395349 -0.00632653 0.00628571 -0.0045 -0.00780822
internal_weight=1355 722 633 124 287 217 435 400 290 51 266 82 509 166 94 184 163 133 61 42 142 488 141 61 347 325 98 227 172 55 147 115 86 110 84 80 64 72 76 48 121 98 67 50 43 49 70 40 73
internal_count=1355 722 633 124 287 217 435 400 290 51 266 82 509 166 94 184 163 133 61 42 142 488 141 61 347 325 98 227 172 55 147 115 86 110 84 80 64 72 76 48 121 98 67 50 43 49 70 40 73
is_linear=0
shrinkage=0.01


Tree=15
num_leaves=53
num_cat=0
split_feature=95 68 61 51 21 39 21 17 1 37 68 90 17 33 25 60 34 87 26 71 34 77 91 25 82 33 1 37 23 56 68 25 62 1 29 29 20 68 93 44 29 74 24 74 33 60 68 33 23 21 39 1
split_gain=19.5545 25.9247 11.6309 10.632 7.96075 10.3896 7.91285 7.88249 9.17871 14.573 15.4318 10.0029 12.9137 10.8044 10.5512 9.77311 9.28705 7.82122 7.50634 7.5433 7.00223 9.40839 6.98182 6.91503 6.53742 6.18276 7.65095 9.32284 7.11382 6.94034 6.03889 7.88513 5.91362 5.35487 5.14821 5.13236 5.10968 4.82655 6.21901 7.73184 4.78404 5.10002 4.23443 4.22587 4.14848 4.07946 3.41612 3.24638 2.91212 1.6 0.773333 0.436364
threshold=1.0000000180025095e-35 1346.5740000000003 22437.750000000004 1.0000000180025095e-35 16.325000000000006 119.75000000000001 17.775000000000002 152.95000000000002 14527.300000000001 74.750000000000014 851.55000000000007 1198.2694500000005 53.250000000000007 35.250000000000007 135.25000000000003 1104.9500000000003 97.250000000000014 0.48958333333333343 44.500000000000007 1334.6255000000003 74.750000000000014 3781.2239262907901 32237.467731250003 199.75000000000003 43.840999999999958 15.250000000000002 15161.100000000002 75.750000000000014 69.250000000000014 0.6078576107927941 931.92050000000006 105.25000000000001 0.75000000000000011 13813.450000000003 92.750000000000014 82.750000000000014 1280.3500000000001 0.10200000000000002 403.82742857142864 2.7894999980926518 86.250000000000014 913.08847916666684 8.9250000000000025 1582.9733125 3.7500000000000004 560.25000000000011 967.25000000000011 130.25000000000003 95.750000000000014 26.975000000000005 137.25000000000003 13582.800000000001
decision_type=2 2 2 2 2 2 2 2 2 2 2 2 2 2 2 2 2 2 2 2 2 2 2 2 2 2 2 2 2 2 2 2 2 2 2 2 2 2 2 2 2 2 2 2 2 2 2 2 2 2 2 2
left_child=2 17 -1 7 5 -3 -6 8 9 15 45 13 40 -10 -15 24 30 33 19 32 21 -12 -18 46 -4 -8 29 -28 -29 34 36 -32 47 -2 43 -35 49 -25 -39 -40 41 -13 -34 -27 -7 -11 -20 -9 -23 -14 -37 -22
right_child=1 4 3 -5 6 44 25 18 11 10 20 12 16 14 -16 -17 22 -19 23 -21 51 48 -24 37 -26 26 27 28 -30 -31 31 -33 42 35 -36 50 -38 38 39 -41 -42 -43 -44 -45 -46 -47 -48 -49 -50 -51 -52 -53
leaf_value=1.2532025916112552 1.0419875624587478 0.022706527417220349 -2.3571234699092392 -3.9371965639637474 0.057227986053385679 -0.014058764211023611 -0.87328936430499815 -0.0027807251292833635 -0.37704583946151077 -0.0059317785465539622 0.03392944947201703 0.88159813681298449 -0.0099634577437482299 0.008341974985366955 -0.010225273988219914 1.0636483975894888 4.1877993655386419e-05 -0.025962478596064313 -0.012182951432305118 0.050728296389233714 -6.3346917903595976 -0.35135448564715405 0.083910457009123862 -0.0067668152548117731 0.43247133500698798 -0.012553406468606294 -0.052825360684231583 0.082289056315559495 -0.0037812761848890343 -0.0085219368098823686 -1.7509962157064889 0.23830371114010618 -0.0018984354902744317 3.1176072362056222 1.0390498321633033 5.8046483713650643 -0.0001154703942977589 -0.010581469869068414 -0.0076536868985103571 0.026990623092468833 0.0042693771481646641 0.91437108925654265 -2.2760229492261397 0.010975907513282561 -0.038930304567709788 0.080285664560746761 -3.084586175910232 0.0091246547085935808 -2.4613437067284285 -0.0030192682601174947 4.3046891568056127 -4.2178700860758394
leaf_weight=23 27 28 28 23 27 20 29 25 30 22 26 33 20 33 36 39 24 20 24 26 20 20 20 24 21 33 26 20 21 38 24 26 26 37 20 29 22 21 26 31 27 25 28 31 24 31 27 21 24 20 25 24
leaf_count=23 27 28 28 23 27 20 29 25 30 22 26 33 20 33 36 39 24 20 24 26 20 20 20 24 21 33 26 20 21 38 24 26 26 37 20 29 22 21 26 31 27 25 28 31 24 31 27 21 24 20 25 24
internal_value=-0.000530909 0.00116484 -0.00136957 -0.00154961 -0.000410095 -0.00333333 0.00044898 -0.001373 -0.000722689 -0.00215686 -0.00389222 0.000352941 0.00145228 -0.00232323 -0.000144928 0.00113636 -0.00025641 0.00478261 -0.00275986 -0.000952381 -0.00596491 -0.004 0.00363636 -0.00424837 -0.00183673 -0.000183486 0.00047619 -0.00223881 0.000731707 0.00196721 -0.00178571 0.0008 -0.0022 0.00576271 0.00357143 0.00692308 -0.00387097 -0.0027451 -0.00153846 0.000175439 0.00458824 0.0062069 -0.00444444 0.0021875 -0.00636364 0.000566038 -0.0072549 0.000434783 -0.00681818 -0.006 0.00888889 -0.00909091
internal_weight=1375 455 920 897 317 72 245 874 595 255 167 340 241 99 69 88 156 138 279 126 114 70 44 153 49 218 189 67 41 122 112 50 100 118 84 91 62 102 78 57 85 58 54 64 44 53 51 46 44 40 54 44
internal_count=1375 455 920 897 317 72 245 874 595 255 167 340 241 99 69 88 156 138 279 126 114 70 44 153 49 218 189 67 41 122 112 50 100 118 84 91 62 102 78 57 85 58 54 64 44 53 51 46 44 40 54 44
is_linear=0
shrinkage=0.01


Tree=16
num_leaves=52
num_cat=0
split_feature=70 72 23 25 17 60 13 79 31 97 84 41 93 31 75 17 41 39 31 80 8 24 40 81 11 75 42 42 25 31 19 80 10 25 23 40 10 1 23 43 31 40 31 56 22 82 8 25 13 24 10
split_gain=16.7102 25.0396 12.6511 11.8231 11.2516 10.0124 10.9343 12.6534 9.64184 9.31683 8.80447 7.83969 8.81269 10.4143 9.03098 7.54359 8.92235 7.58221 8.78154 7.52618 7.17752 6.51989 6.34095 6.35557 6.73957 6.27592 11.9398 9.20718 8.12204 6.03878 5.94866 5.86042 5.59841 5.55208 9.16177 8.12308 5.2964 5.28174 5.2403 5.08724 4.87864 4.73646 4.2003 3.99645 3.80952 3.66959 3.17794 3.0303 2.03636 1.6 0.419048
threshold=854.40500000000009 951.00000000000011 68.750000000000014 163.25000000000003 124.05000000000003 1128.1815000000004 1266.2500000000002 698.53903831666912 8.5250000000000021 0.093750000000000014 313.39512500000006 43.750000000000007 403.1306654135339 8.5250000000000021 220.21873299567264 6.1500000000000012 51.750000000000007 145.75000000000003 3.4250000000000007 29510.970486111113 415.47881578947374 6.4750000000000005 135.25000000000003 3867.6806442843822 38498.400000000009 590.44040611420985 123.62500000000001 105.29999923706056 115.75000000000001 9.6250000000000018 972.70000000000016 33463.562152777791 29083.750000000004 22.250000000000004 74.750000000000014 66.250000000000014 34082.250000000007 13328.600000000002 97.750000000000014 76.780002593994155 4.5750000000000011 68.750000000000014 6.825000000000002 1.0000000180025095e-35 91.250000000000014 -0.11150000000000003 416.68715149359895 231.50000000000003 12474.650000000001 10.825000000000001 34974.05000000001
decision_type=2 2 2 2 2 2 2 2 2 2 2 2 2 2 2 2 2 2 2 2 2 2 2 2 2 2 2 2 2 2 2 2 2 2 2 2 2 2 2 2 2 2 2 2 2 2 2 2 2 2 2
left_child=3 2 41 15 8 31 49 11 37 10 42 -8 13 -13 22 -1 -17 45 -19 21 47 -16 23 -14 46 27 28 -20 -27 44 39 32 -3 -32 -35 -36 -6 -4 40 -21 -12 -2 -5 -34 -29 -18 -25 48 -11 -7 -43
right_child=1 5 4 9 36 6 7 -9 -10 20 38 12 14 -15 19 16 17 18 25 30 -22 -23 -24 24 -26 26 -28 29 -30 -31 33 -33 43 34 35 -37 -38 -39 -40 -41 -42 50 -44 -45 -46 -47 -48 -49 -50 -51 -52
leaf_value=-1.4750280451559321 3.77062763885638 -1.3683854660892354 0.53217111803954065 -0.0022913629152679178 -0.15132094828764989 -0.31119445101030879 1.6909199605519294 -1.6518424060411849 -0.054143290003332609 -1.2367640409562293 -0.0059558897042156656 1.465458318369681 0.0024693164825520145 -0.017059271591611556 0.0072572372843527147 -1.8178771488460144 0.22505004680305313 0.014111929310074475 0.0068126201998119701 0.025907387790364514 -0.0059774963032004566 -0.031682464694000587 0.00091070083362528183 -0.86455647066194818 -0.00065738912659350876 0.0015167683102624257 0.27608155644300097 -5.5634525185048007 -0.0091870552940038382 -0.00027596650352992386 -0.51154127975569641 -0.037057842148914659 -2.0831886464015992 -0.013708854519874566 -0.0032610754901719967 1.7058380911649744 0.033014491205335429 5.7466018876514138 0.0022224429519089452 1.3172698965356742 0.0023129657067935318 7.9625385557289103 -0.017289042018611145 -2.69844501392312 -0.0034751409981083952 0.00194395383735568 -0.0076610702066267616 -0.018410154067891003 -0.0079903669498583661 -0.8657791833942855 8.8709784735443424
leaf_weight=35 29 22 20 34 21 20 35 32 34 35 23 24 25 21 21 21 22 33 26 22 31 34 30 27 34 34 22 20 24 23 22 34 24 33 22 30 20 37 22 39 38 22 26 23 28 21 20 20 20 20 20
leaf_count=35 29 22 20 34 21 20 35 32 34 35 23 24 25 21 21 21 22 33 26 22 31 34 30 27 34 34 22 20 24 23 22 34 24 33 22 30 20 37 22 39 38 22 26 23 28 21 20 20 20 20 20
internal_value=-0.000458182 0.000452876 0.00349754 -0.00179211 0.00166667 -0.000553746 1.95695e-05 0.00044586 0.00362637 -0.00341365 -0.00174825 0.000888383 0.00049505 0.00466667 -2.78552e-05 -0.000485437 7.29927e-05 0.000592885 -0.000190476 0.00121076 -0.00566038 -0.002 -0.00205882 -0.00320755 -0.0045679 -0.00107345 0.001 -0.00278351 -0.00137931 -0.00464789 0.0022619 -0.00339806 -0.00507246 0.000841121 0.002 0.00461538 -0.00268293 0.00614035 0.000361446 0.0047541 -0.00114754 0.00690141 -0.00466667 -0.00702128 -0.00666667 0.0044186 -0.00702128 -0.00733333 -0.00854545 -0.005 0.00904762
internal_weight=1375 817 203 558 132 614 511 471 91 249 143 439 404 45 359 309 274 253 210 223 106 55 136 106 81 177 80 97 58 71 168 103 69 107 85 52 41 57 83 61 61 71 60 47 48 43 47 75 55 40 42
internal_count=1375 817 203 558 132 614 511 471 91 249 143 439 404 45 359 309 274 253 210 223 106 55 136 106 81 177 80 97 58 71 168 103 69 107 85 52 41 57 83 61 61 71 60 47 48 43 47 75 55 40 42
is_linear=0
shrinkage=0.01


Tree=17
num_leaves=53
num_cat=0
split_feature=72 62 33 31 61 43 2 43 2 14 29 72 33 68 4 43 61 97 74 13 38 74 81 11 62 81 37 14 92 66 43 11 74 6 5 31 24 14 74 81 83 92 6 78 14 69 10 2 29 10 10 33
split_gain=14.1514 16.0967 10.6703 11.4241 9.81096 12.3228 10.609 9.78601 9.66804 9.51665 13.6227 10.273 9.85063 8.42584 8.58979 9.37448 8.22897 10.2218 8.44444 8.11228 7.80415 7.44595 7.13343 10.3427 9.36547 7.07221 7.98177 7.00684 7.51132 6.55501 6.28738 6.5561 6.24285 6.00889 8.65021 5.74608 5.53771 6.29799 5.19376 6.48828 9.43668 5.13778 5.00087 5 7.89944 4.57477 4.48565 3.86551 3.33032 4.80159 2.75981 2.53524
threshold=1341.3900000000001 1.0350000000000004 31.750000000000004 11.025000000000002 23908.400000000005 64.86999893188478 2725.1000000000008 89.575000762939467 2527.1000000000004 11798.300000000001 84.750000000000014 843.89450000000011 28.250000000000004 1409.1010000000003 9350.2900000000027 92.430000305175795 37137.350000000006 0.052083333333333336 313.39512500000006 10159.500000000002 4.7750000000000012 958.97747916666685 3651.0551123338532 34578.650000000001 1651.5535000000002 4094.791394943863 50.250000000000007 18965.800000000007 24798.307687500008 1.0000000180025095e-35 76.139999389648452 37161.750000000007 1400.472197916667 5930.6200000000008 9672.9300000000021 6.1750000000000016 10.025000000000002 18537.550000000003 1283.7127291666668 3949.0053326473258 2161.3999999999983 25188.887843750006 4438.3850000000011 933.70280555555553 16358.150000000001 30490.950000000004 38076.05000000001 2959.8500000000008 85.250000000000014 39739.80000000001 31433.000000000004 122.75000000000001
decision_type=2 2 2 2 2 2 2 2 2 2 2 2 2 2 2 2 2 2 2 2 2 2 2 2 2 2 2 2 2 2 2 2 2 2 2 2 2 2 2 2 2 2 2 2 2 2 2 2 2 2 2 2
left_child=1 16 3 43 -3 50 9 20 30 -7 11 -11 -12 -10 15 21 18 -18 29 33 -5 -15 -8 -24 25 -25 -27 -21 46 48 -4 -32 -22 41 51 -31 37 -28 -23 47 42 -20 -41 -2 -45 -14 -29 -40 49 -1 -6 -35
right_child=2 4 8 7 5 6 22 -9 13 10 12 -13 45 14 -16 -17 17 -19 19 27 32 38 23 24 -26 26 36 28 -30 35 31 -33 -34 34 -36 -37 -38 -39 39 40 -42 -43 -44 44 -46 -47 -48 -49 -50 -51 -52 -53
leaf_value=0.0093419780061845259 -4.8877385682732486 1.8921254294674423 0.0071846649115091879 -0.050116030072550631 -1.2083689494823771 1.2793662356888991 3.0868017422650547 -2.9205064095144531 -3.3324020683610955 -0.016026611906488082 -0.074404417086302604 -1.8880021643729725 1.3609607134054427 0.17455135697797822 -5.7228169675844187 0.53313565053061585 1.3634926899308824e-05 -0.062370242896372538 0.0006907599037447869 0.0019295719391627787 0.81661428927876156 -0.27426807368185535 -0.098442611818703563 -0.056692462993242362 4.4789997843658593 -0.074069986101677449 3.0847079559735917 -0.0075812202548539926 -0.014073501213954929 -0.0030173962974408219 -5.1244777228767742 -0.012443258828515588 -0.0086106608229578035 0.027761975071004343 -3.8370902923794136e-07 -0.060365771424026472 0.0044462385881437159 0.02576840286739638 0.050448578645815319 -0.0026292554623815233 -0.0065206651412828189 -1.9646708685460357 0.017865624022627889 -2.9156926871864393 -0.012038607182836647 1.4718659381641142 0.0032092135011547529 0.0019084253881988332 -0.0093142663934510182 -0.0037061477950521755 -0.48087302449552527 0.061217689844357048
leaf_weight=24 28 23 23 29 21 25 35 21 24 35 28 32 36 31 20 25 30 32 25 31 39 24 20 20 30 24 34 24 20 21 21 20 20 22 28 26 30 25 21 22 34 20 20 38 32 21 33 20 22 21 20 25
leaf_count=24 28 23 23 29 21 25 35 21 24 35 28 32 36 31 20 25 30 32 25 31 39 24 20 20 30 24 34 24 20 21 21 20 20 22 28 26 30 25 21 22 34 20 20 38 32 21 33 20 22 21 20 25
internal_value=-0.000167273 0.000614137 -0.00148438 -0.00323671 0.00189542 0.00155963 0.00210127 -0.00100917 -0.000295082 0.000282486 -0.000657895 -0.00402985 0.002 0.000622407 0.00124424 0.00187817 -0.000841584 -0.00419355 -0.000233918 0.000877193 0.000454545 0.00104651 0.00357798 0.00278689 0.00361963 0.0024812 0.00345133 -0.00111111 -0.00272727 -0.00245614 -0.00375 -0.00609756 0.00254237 0.00266667 0.0044 -0.00531915 0.00483146 0.00661017 7.0922e-05 0.000940171 -0.000789474 -0.000222222 0.00238095 -0.00571429 -0.00428571 0.00438596 -0.000877193 0.00414634 -0.000447761 0.00111111 -0.00365854 0.00702128
internal_weight=1375 863 512 207 459 436 395 109 305 177 152 67 85 241 217 197 404 62 342 228 88 172 218 183 163 133 113 108 77 114 64 41 59 120 75 47 89 59 141 117 76 45 42 98 70 57 57 41 67 45 41 47
internal_count=1375 863 512 207 459 436 395 109 305 177 152 67 85 241 217 197 404 62 342 228 88 172 218 183 163 133 113 108 77 114 64 41 59 120 75 47 89 59 141 117 76 45 42 98 70 57 57 41 67 45 41 47
is_linear=0
shrinkage=0.01


Tree=18
num_leaves=53
num_cat=0
split_feature=95 72 98 81 8 72 24 13 64 81 72 24 24 79 45 67 44 82 40 17 40 24 44 74 26 79 67 26 0 41 27 67 24 80 81 23 10 13 77 8 67 2 44 91 26 24 26 27 79 38 10 2
split_gain=19.9733 16.812 11.5627 9.41564 15.1193 14.8296 9.86044 8.66976 8.58891 8.35678 8.92577 9.34746 13.291 11.9492 8.89574 7.60779 7.5798 7.31876 9.26112 9.82671 6.88412 6.33311 7.16559 6.30045 6.24808 6.06815 6.99767 7.90796 6.23049 5.92099 5.66353 5.56042 5.5 5.2842 5.16327 4.87481 4.44829 4.32635 6.4 5.03716 5.66855 4.33953 5.96067 4.7736 3.88544 3.71212 3.47533 4.66667 3.23053 2.91212 2.77778 0.498113
threshold=1.0000000180025095e-35 1325.9045000000003 0.71875000000000011 3780.2647256165128 398.38625000000008 933.91200000000015 3.6750000000000003 2240.1000000000008 1553.7500000000002 3832.758362073539 1536.6000000000001 15.875000000000002 11.375000000000002 640.3319849943573 22751.000000000004 38253.850000000006 4.055500030517579 -0.19549999999999998 138.75000000000003 134.55000000000004 148.75000000000003 12.475000000000001 2.8270000219345097 625.76717708333342 49.250000000000007 679.99624073944744 28115.800000000007 31.750000000000004 35478.250000000007 80.250000000000014 78.750000000000014 34481.250000000007 7.4250000000000016 29783.004513888893 3961.528704365358 88.250000000000014 32765.000000000004 4777.7000000000007 3824.1225759474082 422.47671052631586 30692.000000000004 2679.6500000000005 2.5089999437332158 29483.381925000005 126.25000000000001 9.2750000000000021 46.250000000000007 35.750000000000007 500.77694915088699 5.9750000000000014 38076.05000000001 3085.0000000000005
decision_type=2 2 2 2 2 2 2 2 2 2 2 2 2 2 2 2 2 2 2 2 2 2 2 2 2 2 2 2 2 2 2 2 2 2 2 2 2 2 2 2 2 2 2 2 2 2 2 2 2 2 2 2
left_child=2 7 3 4 5 44 24 -2 9 -8 11 12 14 21 -11 17 30 20 19 31 32 -14 -23 33 -5 26 27 -3 37 -12 51 35 49 -6 -4 -19 -18 39 -39 40 -28 -42 43 -43 -1 -34 47 -25 -21 -16 -20 -9
right_child=1 25 34 6 23 -7 8 16 -10 10 29 -13 13 -15 15 -17 36 18 50 48 -22 22 -24 46 -26 -27 28 -29 -30 -31 -32 -33 45 -35 -36 -37 -38 38 -40 -41 41 42 -44 -45 -46 -47 -48 -49 -50 -51 -52 -53
leaf_value=-0.03196382738450957 -0.036413905227200706 -0.39156490265862509 -0.14156644381053446 -0.036720868861791524 -0.013297754127693722 -5.4039810855678274 -0.061430956465672634 4.6400060902525126 2.2309576048226933 -2.688345701798911 -1.3935958007781608 0.051314501237569206 -1.3943255920336952 0.001812926542103894 0.0086472853290183033 -0.0052529018438826434 0.0011032947928371077 -0.023372922307308256 0.00018845179006517934 -0.0050393462089015897 -0.0080449589700029873 -1.2004709024411881 -0.0024659523930115989 1.8732041751727682 -0.13072516705888931 -0.56692871247045096 0.3561187617088119 0.0055827356992408815 -0.040221704396984463 -8.9343389174371435 0.79880614443091424 0.0083191997549592021 -0.0025660075577690279 0.0038435083309638052 -8.1263821032645964 0.0021724412393787969 2.7548766690022957 0.0097845086467467021 0.89213356256296072 -0.0064158853958197013 -0.013589297451631493 0.0035734209052318824 0.03419729702291039 -0.0035401122604024594 0.6859434336333361 0.0064207338168169106 4.4433581098308599 0.011784309287055704 -0.0090391053180014728 1.3954015606413628 0.0081576015954137951 7.8661358029534494
leaf_weight=32 28 27 24 20 22 25 25 33 36 24 39 36 35 20 20 36 33 23 20 21 26 20 31 21 32 30 20 20 24 20 20 33 24 21 23 36 21 20 20 25 34 26 33 21 21 20 26 21 38 24 25 20
leaf_count=32 28 27 24 20 22 25 25 33 36 24 39 36 35 20 20 36 33 23 20 21 26 20 31 21 32 30 20 20 24 20 20 33 24 21 23 36 21 20 20 25 34 26 33 21 21 20 26 21 38 24 25 20
internal_value=-6.54545e-05 0.00164835 -0.000913043 -0.000652921 0.00132275 -0.00205128 -0.00119883 0.00432258 -0.00085443 -0.00114094 -0.00089317 -0.00046875 -0.000840336 -0.00396226 5.40541e-05 0.000462428 0.00543307 0.000967742 -0.000204082 -0.00139073 0.00298246 -0.0055814 -0.00333333 0.00369369 -0.00538462 0.000266667 0.000740741 -0.00276596 0.00147982 -0.00457627 0.00753425 0.000652174 0.00431818 0.000697674 -0.00574468 -0.00118644 0.00259259 0.0020603 0.005 0.00132075 0.00208955 0.00122807 0.0025 0.000212766 0.000943396 0.00181818 0.00558824 0.00380952 -0.00457627 0.00681818 0.00377778 0.00924528
internal_weight=1375 455 920 873 189 78 684 155 632 596 571 512 476 106 370 346 127 310 196 151 114 86 51 111 52 300 270 47 223 59 73 92 88 43 47 59 54 199 40 159 134 114 80 47 53 44 68 42 59 44 45 53
internal_count=1375 455 920 873 189 78 684 155 632 596 571 512 476 106 370 346 127 310 196 151 114 86 51 111 52 300 270 47 223 59 73 92 88 43 47 59 54 199 40 159 134 114 80 47 53 44 68 42 59 44 45 53
is_linear=0
shrinkage=0.01


Tree=19
num_leaves=51
num_cat=0
split_feature=95 21 39 37 87 31 25 38 20 1 21 13 13 38 87 63 65 39 26 26 8 60 39 71 20 5 37 26 74 20 80 76 2 31 83 35 66 71 57 64 1 86 13 4 96 2 83 38 7 75
split_gain=19.6357 9.97435 15.2771 8.21186 11.0664 10.7664 14.2004 8.87734 8.0303 10.2441 7.95266 9.94261 8.08321 8.08018 7.8467 8.37038 7.17497 6.92368 12.8439 8.64293 7.98149 6.41711 9.00201 5.88592 8.68906 6.93174 8.83636 5.80927 5.75302 6.53255 6.301 5.72567 5.69969 5.68638 5.68552 5.57816 5.21967 5.11103 8.09365 4.69866 4.67233 4.87739 4.49707 5.29098 4.09867 3.93444 3.80501 3.71647 2.87234 2.76315
threshold=1.0000000180025095e-35 16.225000000000005 119.75000000000001 82.750000000000014 0.052083333333333336 7.5750000000000011 155.00000000000003 3.7250000000000005 837.55000000000007 15105.700000000003 18.175000000000001 2258.9000000000005 2984.7000000000003 6.8750000000000009 0.46875000000000006 32730.400000000005 28985.300000000003 212.25000000000003 74.250000000000014 6.2500000000000009 415.0144736842106 1294.6000000000001 206.25000000000003 1.0000000180025095e-35 1085.8000000000002 5482.1650000000009 67.250000000000014 52.750000000000007 613.90860416666681 1065.6000000000001 36158.450694444451 29269.847916666669 3245.6000000000004 10.575000000000001 2396.349999999999 27.175000000000004 1346.5740000000003 1200.0500000000002 1.0000000180025095e-35 1012.2905000000002 15213.800000000001 0.35000000000000003 5868.1500000000005 3201.5700000000006 1.0000000180025095e-35 3347.4000000000005 2222.3999999999983 6.4750000000000005 20.545000000000005 334.85904348861771
decision_type=2 2 2 2 2 2 2 2 2 2 2 2 2 2 2 2 2 2 2 2 2 2 2 2 2 2 2 2 2 2 2 2 2 2 2 2 2 2 2 2 2 2 2 2 2 2 2 2 2 2
left_child=3 2 31 8 42 6 32 -7 9 21 16 13 -13 -12 27 44 -3 18 19 37 -21 22 -1 -14 25 26 -25 39 30 -30 -8 -2 40 -15 -26 -19 -27 38 -10 -9 41 -6 43 -5 -16 -37 -42 -4 -45 -11
right_child=1 10 47 4 5 7 28 14 17 49 11 12 23 33 15 -17 -18 35 -20 20 -22 -23 -24 24 34 36 -28 -29 29 -31 -32 -33 -34 -35 -36 45 -38 -39 -40 -41 46 -43 -44 48 -46 -47 -48 -49 -50 -51
leaf_value=0.0068939267618166782 -0.0054875775811155615 0.71881732680710897 -0.48637152921189264 -1.6930939147512254 -0.0030985395395060678 -0.59034723126840183 -0.0083761803502486916 0.0035810783402361714 -3.0276409897524048 0.93064359796065932 -0.072637686480429481 0.44937517588331222 3.4428975309874326 0.04131612041099772 -4.7629447003125573 0.0013517597215211136 0.062380025105108365 0.0033417056905094091 -0.019618849671479029 2.4490547026148106 -0.045814253274525055 0.6052728928462342 -1.6025226941547936 0.0033469175451155686 -1.5624882120811499 -0.037185517807137233 1.230646844036138 0.88859535419569657 -0.0050975707713302064 -0.094390544136054522 0.00017637953921365048 1.1736885431627242 -8.9378751375436842e-05 -0.0084871730429542762 0.018149865817488151 -0.01163495453747867 0.37223720724617099 0.0017043072071825749 -0.032521450181236894 -1.4396936806993936 0.019524300231030283 0.072237480831339324 -0.039436541325435705 -3.443212672268682 -0.038090367031371621 0.0041227720683290042 0.011987782081114836 -0.012704694412232851 -3.0507499399990041 0.0040322982752385118
leaf_weight=34 21 25 26 36 34 25 29 23 20 26 35 32 37 26 20 22 29 28 23 23 28 34 32 20 31 27 24 27 29 21 37 20 39 21 20 20 38 25 26 21 22 22 32 27 31 27 24 23 20 33
leaf_count=34 21 25 26 36 34 25 29 23 20 26 35 32 37 26 20 22 29 28 23 23 28 34 32 20 31 27 24 27 29 21 37 20 39 21 20 20 38 25 26 21 22 22 32 27 31 27 24 23 20 33
internal_value=-5.09091e-05 0.00164835 -0.00133333 -0.000891304 -0.00168207 -0.000938967 0.000350195 -0.00289941 0.000237467 0.00194969 0.00238356 0.00176849 0.00283843 -0.00121951 -0.00194444 -0.00424658 0.00592593 -0.001 -0.00227586 -0.000983607 0.00215686 0 -0.00181818 0.00208122 0.00125 0.00284404 0.00590909 0.000422535 -0.00224138 -0.0048 -0.00030303 0.00317073 0.00248227 0.00148936 -0.00215686 0.00146667 0.000769231 -0.00323944 -0.00521739 -0.00181818 0.00372549 0.00178571 -0.00443478 -0.00566265 -0.00647059 -0.000638298 0.00608696 -0.00510204 -0.00787234 0.00525424
internal_weight=1375 455 90 920 541 426 257 169 379 159 365 311 229 82 144 73 54 220 145 122 51 100 66 197 160 109 44 71 116 50 66 41 141 47 51 75 65 71 46 44 102 56 115 83 51 47 46 49 47 59
internal_count=1375 455 90 920 541 426 257 169 379 159 365 311 229 82 144 73 54 220 145 122 51 100 66 197 160 109 44 71 116 50 66 41 141 47 51 75 65 71 46 44 102 56 115 83 51 47 46 49 47 59
is_linear=0
shrinkage=0.01


Tree=20
num_leaves=52
num_cat=0
split_feature=95 26 73 45 92 36 75 25 22 91 32 71 29 23 94 59 34 38 38 2 2 17 73 76 23 2 81 28 39 75 22 2 70 22 29 29 70 25 91 13 94 71 17 96 70 16 38 94 65 11 59
split_gain=14.975 15.5575 9.77579 7.52555 8.35469 10.3601 8.23797 8.54246 7.90694 9.10732 8.14206 7.32464 6.8269 9.52381 6.62333 6.06542 10.5326 16.5199 9.88072 9.41315 10.5783 9.19043 7.82375 9.2182 7.60526 7.60012 7.50686 7.47215 7.09539 6.984 6.72222 6.00527 6.49351 5.92003 8.72848 6.01816 5.90671 9.87654 5.63333 5.13609 7.87481 4.9 4.85558 4.40138 3.90718 3.88109 3.66288 3.42857 2.60999 1.8383 1.74545
threshold=1.0000000180025095e-35 93.750000000000014 1508.2500000000002 22836.000000000004 24798.307687500008 75.750000000000014 594.23619178265221 34.750000000000007 68.250000000000014 26218.793025000003 133.25000000000003 1282.0450000000003 88.250000000000014 99.250000000000014 585225.35270406271 -0.5 82.750000000000014 2.9750000000000005 8.1250000000000018 3593.8125000000005 3261.7275000000004 155.00000000000003 822.65600000000006 39755.306250000009 98.750000000000014 2451.5000000000005 4122.2672144531443 30.625000000000004 223.25000000000003 420.96124295223416 88.250000000000014 2249.8000000000006 937.4285000000001 92.250000000000014 86.250000000000014 89.250000000000014 0.93450000000000022 25.250000000000004 28356.845850000002 4887.0000000000009 675709.77331531269 1486.5455000000002 13.950000000000001 1.0000000180025095e-35 0.91350000000000009 6194.1500000000005 6.4250000000000016 699290.99294625013 33434.250000000007 35630.700000000004 1.0000000180025095e-35
decision_type=2 2 2 2 2 2 2 2 2 2 2 2 2 2 2 2 2 2 2 2 2 2 2 2 2 2 2 2 2 2 2 2 2 2 2 2 2 2 2 2 2 2 2 2 2 2 2 2 2 2 2
left_child=2 3 15 -2 5 -5 7 46 -6 -10 14 50 13 -9 -11 16 18 -18 22 20 25 29 23 43 -23 31 -26 49 33 38 -22 47 -33 34 39 -35 -36 -38 -19 -27 -41 -12 -39 -1 -45 -3 -7 -17 -31 -20 -4
right_child=1 45 11 4 8 6 -8 12 9 10 41 -13 -14 -15 -16 19 17 21 27 -21 30 24 -24 -25 26 28 -28 -29 -30 48 -32 32 -34 35 36 -37 37 42 -40 40 -42 -43 -44 44 -46 -47 -48 -49 -50 -51 -52
leaf_value=1.4569648480980022 1.343960323687158 6.5511241183742044 -3.9179512835960284 -0.016254177237369168 -0.21574254236376855 0.14833426152415874 2.9595722883456155 0.94784468202006078 0.092919913150024055 -0.022655349658549897 -0.59797212667421507 -0.0073132027680411077 -0.019380336381531218 -0.0042353369468667232 0.22480437699264613 -0.79992849158277324 -0.054913174588331892 -1.6238410767699392 -1.0036416453757857 -0.26736675057510645 0.78289844537786213 -0.013752070985012296 -3.4758608483088156 -0.012204773417157396 0.014969860233594874 -0.082588069578320933 -0.0070025041026730503 -0.0020997528500091346 1.144413158493093 0.047132600722643109 0.017885207201059676 0.0013919532079643803 2.4803363793870985 -0.48974437519253072 -3.5097548013431634 0.89593803492321333 -2.9798420674977537 -0.094322132575400619 0.068957071615961263 0.29047746378226191 -0.010486790457667525 -0.0036471282160696456 0.0080628468686427396 0.0088181159378609552 -0.014832133882009824 2.7888902402144256 0.0091390607970088227 0.010473670122423071 0.0076067677511555245 -0.48076027574903168 -3.076604404001043
leaf_weight=23 34 27 20 39 24 26 28 21 38 27 20 29 32 21 20 21 27 24 20 21 36 24 32 27 22 31 35 20 22 21 36 20 35 28 25 34 27 25 30 23 24 20 29 23 20 26 20 21 20 27 24
leaf_count=23 34 27 20 39 24 26 28 21 38 27 20 29 32 21 20 21 27 24 20 21 36 24 32 27 22 31 35 20 22 21 36 20 35 28 25 34 27 25 30 23 24 20 29 23 20 26 20 21 20 27 24
internal_value=-2.22387e-05 0.00153664 -0.000734341 0.000810811 0.000357143 0.00176471 0.00297297 0.00183333 -0.0014094 -0.0004 -0.00218391 -0.00424658 -0.00027027 0.00238095 0.000638298 -0.000433763 -0.00134177 0.000246305 -0.00302083 0.000349345 0.000663616 0.00136364 -0.00136 0.000107527 -0.00111111 -2.73973e-05 0.000877193 -0.0061194 -0.000895522 0.00347368 0.00416667 0.00237113 0.00454545 -0.00138211 -0.00228261 0.00129032 -0.00415094 -0.00283951 0.00111111 0.00025641 0.00234043 -0.0055 -0.00037037 0.00212121 0.000232558 0.00660377 0.00521739 -0.00047619 0.00658537 -0.00829787 -0.00681818
internal_weight=1349 423 926 370 336 187 148 120 149 125 87 73 74 42 47 853 395 203 192 458 437 176 125 93 81 365 57 67 268 95 72 97 55 246 184 62 106 81 54 78 47 40 54 66 43 53 46 42 41 47 44
internal_count=1349 423 926 370 336 187 148 120 149 125 87 73 74 42 47 853 395 203 192 458 437 176 125 93 81 365 57 67 268 95 72 97 55 246 184 62 106 81 54 78 47 40 54 66 43 53 46 42 41 47 44
is_linear=0
shrinkage=0.01


Tree=21
num_leaves=53
num_cat=0
split_feature=68 70 27 4 4 5 4 39 5 38 86 87 39 83 63 74 24 70 23 44 87 42 4 41 44 24 29 32 42 74 0 98 79 93 61 0 4 61 79 86 20 83 41 91 10 61 0 7 44 79 78 4
split_gain=16.9062 21.0508 13.5303 12.739 9.90735 10.1303 10.1902 11.1782 11.8064 10.5304 9.85094 14.4788 8.47518 8.18696 9.4969 8.43775 10.6909 10.5823 7.7949 11.1463 7.5287 7.2313 6.97582 6.91429 6.86201 6.45418 7.56768 13.4167 6.53781 6.3813 8.95115 6.37 6.29762 6.05238 6.03077 5.95411 5.68335 5.35515 6.40813 10.3107 5.06617 4.45455 4.45455 4.24825 4.15181 3.91466 6.52281 3.66391 3.36171 2.5 2.1856 1.6
threshold=1346.5740000000003 1461.4575000000002 79.250000000000014 13292.010000000002 10926.815000000002 3619.1200000000003 3563.7800000000007 211.25000000000003 7387.4450000000006 7.8250000000000011 1.0570000000000002 0.093750000000000014 220.25000000000003 3056.0499999999997 25296.650000000005 786.75707291666674 7.2250000000000005 872.16300000000012 84.250000000000014 2.6935000419616704 0.61458333333333337 173.59999847412112 2137.5150000000003 87.250000000000014 4.305500030517579 4.5750000000000011 81.250000000000014 253.25000000000003 105.79999923706056 648.95195833333344 30124.950000000004 0.43402777777777785 333.5328778641753 402.66105555555561 31642.000000000004 28533.500000000004 4512.920000000001 30124.950000000004 506.9867833474039 849.95000000000016 764.00000000000011 2019.8999999999999 77.750000000000014 31421.726212500009 31014.350000000002 31193.900000000005 31551.150000000005 998.23000000000013 2.5779999494552617 540.22996566519646 467.61490972222231 4624.170000000001
decision_type=2 2 2 2 2 2 2 2 2 2 2 2 2 2 2 2 2 2 2 2 2 2 2 2 2 2 2 2 2 2 2 2 2 2 2 2 2 2 2 2 2 2 2 2 2 2 2 2 2 2 2 2
left_child=1 2 10 13 5 21 9 8 37 24 11 -1 48 14 -4 16 20 23 34 -20 -16 22 -2 -17 31 -13 27 47 -28 35 -31 -7 -19 -12 -3 -30 -21 51 39 -39 -9 -11 -37 49 -40 -24 -47 -27 -5 -18 -50 -8
right_child=4 18 3 12 -6 6 7 40 -10 41 33 25 -14 -15 15 17 43 32 19 36 -22 -23 45 -25 -26 26 28 -29 29 30 -32 -33 -34 -35 -36 42 -38 38 44 -41 -42 -43 -44 -45 -46 46 -48 -49 50 -51 -52 -53
leaf_value=2.4407529529402687 -0.027551152807753443 1.379632563092843 -0.037031044357643428 -0.006719135825860565 -9.6395005443672606 1.5053436176305122 -1.8035005497721608 -0.0055951892433432973 0.17169137840936396 0.14732979249217323 0.44217887160432262 0.097914560117525307 0.00079170672916224966 -0.020305042907131195 0.013970829809510411 -0.026050794007923348 0.013354034668865278 -0.033503909969249818 -0.12681637206450269 2.1304721059335101 -0.00055046185022808783 0.0086322411662332083 -2.4534301632501392 -0.00055470701743268983 -0.042725926480717671 0.015181978410731409 -0.51744201613952245 -0.0087862774489565684 0.026485197793425036 -0.0071778125343040511 0.78920952676656342 -0.0034942569915202555 4.0251874876911504 -1.2089708418236078 8.8791459447658401 -0.001319293897626646 0.31860025569614503 0.049588815498974627 -0.0087862861744331441 -0.0090594991662208742 1.8991054534767735 0.031859879302459836 -0.04542332593477031 0.0055040628843813421 -0.67440428569335864 -0.50433576456136098 -2.1614875499952753 2.1331964934647116 -0.00031700818074996222 0.026480642830501874 -0.011548154924855667 -1.6596478740032645
leaf_weight=34 39 20 26 26 29 26 20 22 29 22 20 37 20 24 23 24 20 27 26 33 21 24 31 21 23 25 20 21 21 25 34 36 21 23 32 22 31 23 26 33 27 22 22 26 28 22 38 23 21 20 20 20
leaf_count=34 39 20 26 26 29 26 20 22 29 22 20 37 20 24 23 24 20 27 26 33 21 24 31 21 23 25 20 21 21 25 34 36 21 23 32 22 31 23 26 33 27 22 22 26 28 22 38 23 21 20 20 20
internal_value=-0.000185322 0.000729295 -1.49925e-05 -0.00141176 -0.00155556 -0.00123288 -0.000308123 -0.00157895 -0.00273743 0.00193798 0.00143731 0.00211268 -0.00471264 -0.00027668 0.000305677 0.00103448 0.00290909 -0.0011828 0.00422535 0.00244444 -0.000909091 -0.00337662 -0.00430769 -0.00466667 -0.000117647 0.00128 0.000610329 0.00333333 -0.000694444 0.00016129 0.00254237 0.0016129 0.00208333 -0.00302326 0.00730769 -0.002 0.0046875 -0.00386667 -0.00272727 -0.000357143 0.00265306 0.00590909 -0.00409091 0.00545455 -0.00518519 -0.00582418 -0.00433333 0.00625 -0.00641791 0.0075 -0.00463415 -0.007
internal_weight=1349 809 667 340 540 511 357 228 179 129 327 284 87 253 229 203 110 93 142 90 44 154 130 45 85 250 213 69 144 124 59 62 48 43 52 65 64 150 110 56 49 44 44 66 54 91 60 48 67 40 41 40
internal_count=1349 809 667 340 540 511 357 228 179 129 327 284 87 253 229 203 110 93 142 90 44 154 130 45 85 250 213 69 144 124 59 62 48 43 52 65 64 150 110 56 49 44 44 66 54 91 60 48 67 40 41 40
is_linear=0
shrinkage=0.01


Tree=22
num_leaves=52
num_cat=0
split_feature=62 68 5 69 35 0 69 74 82 97 26 44 37 71 16 23 67 34 81 23 91 91 89 74 5 34 8 16 24 44 44 62 40 43 25 81 43 43 42 82 26 24 19 43 82 19 24 10 67 68 5
split_gain=17.1736 22.0459 12.4735 11.2187 13.5124 12.2724 14.5576 13.3502 9.2925 12.3217 9.20374 9.06128 9.91131 9.01822 8.92459 12.6478 8.82691 8.25234 8.1853 7.6747 7.27239 7.18597 7.12706 17.6333 8.1 7.88276 8.36163 7.1882 7.00989 9.35914 6.86211 6.73341 6.08162 5.79292 5.70642 5.7035 5.47718 7.89363 5.92258 5.60769 5.08751 4.90909 4.9 4.66667 4.57619 4.47195 3.76923 3.46901 3.17979 2.56 1.13333
threshold=1062.4400000000003 1346.5740000000003 1972.8450000000003 32775.100000000006 28.025000000000002 31110.250000000004 29593.850000000002 467.01204166666668 1308.2000000000003 0.34375000000000006 75.250000000000014 3.7005000114440922 74.750000000000014 1463.0215000000001 5566.7500000000009 99.250000000000014 33269.55000000001 39.750000000000007 4146.1584429981513 95.750000000000014 28154.758175000006 25415.135643750004 1549.07634375 800.07512500000007 11042.150000000003 83.250000000000014 414.1830263157895 5696.9500000000007 12.875000000000002 2.7655000686645512 2.8270000219345097 1424.3420000000003 75.750000000000014 74.439998626708999 107.25000000000001 4334.1042881631738 73.130001068115249 85.45999908447267 136.80000305175784 -78.375500000000031 41.250000000000007 9.7250000000000014 898.80000000000007 83.68500137329103 -1.0499999999999543 420.55000000000001 7.375 38633.950000000004 28181.150000000005 1.0020000000000002 12612.895000000002
decision_type=2 2 2 2 2 2 2 2 2 2 2 2 2 2 2 2 2 2 2 2 2 2 2 2 2 2 2 2 2 2 2 2 2 2 2 2 2 2 2 2 2 2 2 2 2 2 2 2 2 2 2
left_child=3 10 -3 5 22 6 7 45 17 -10 11 18 -13 -14 15 48 34 43 20 -11 -2 -8 25 24 -24 26 50 33 36 -30 -23 -20 -28 -27 -7 -34 -19 38 41 -39 -29 -38 -18 -4 -36 -1 -41 -6 -9 -12 -5
right_child=1 2 8 4 47 16 21 14 9 19 49 12 13 -15 -16 -17 42 28 31 -21 -22 30 23 -25 -26 27 32 40 29 -31 -32 -33 35 -35 44 -37 37 39 -40 46 -42 -43 -44 -45 -46 -47 -48 -49 -50 -51 -52
leaf_value=0.0090878736037526605 0.11262406155496009 -2.2764256423852531 0.23812166624726572 -2.9294023755754459 -2.3272361352609412e-05 0.010059473645579279 -5.8061761214698606 1.549364076089643 -2.2270442126345329 0.40149648252616027 14.072061838320328 2.8415987940011509 -0.045023011424461308 2.2968899822186315 -1.363259893298453 -0.10494160978446856 0.0094813362072903289 0.38275827164558224 -0.19228099119588291 -0.97359500475656013 -0.44149949253551485 -0.031242058838405341 -0.0033083670627400978 -0.35364927474083319 0.012013115836387147 -0.0079275093922358455 0.0021253203525535081 -0.0028525854012365114 0.029995971240070213 -1.0995854740520394 0.0019059424815938038 4.3245586149441895 -0.010909601629746133 0.0073716967769158837 0.19861097964036981 -4.0826750686788644 -0.0071963236914877517 -0.037864779995031607 -0.0075371695415871577 0.11159909905055032 -0.008744029100474256 0.041270559648775927 -0.020055981518145995 0.009199769804215923 2.8141292252115906 3.5124638075637611 0.010475573257120403 0.015900566116356922 0.18126691939545209 3.964497302184991 -0.013018989043830654
leaf_weight=25 26 21 21 34 23 30 38 20 20 28 20 39 31 20 36 29 20 33 25 29 21 20 20 20 20 23 20 30 20 31 37 36 25 26 21 28 32 20 31 26 38 22 20 21 35 22 26 24 21 25 20
leaf_count=25 26 21 21 34 23 30 38 20 20 28 20 39 31 20 36 29 20 33 25 29 21 20 20 20 20 23 20 30 20 31 37 36 25 26 21 28 32 20 31 26 38 22 20 21 35 22 26 24 21 25 20
internal_value=-0.000318755 0.000897436 -0.000603675 -0.00136552 -0.00264957 -0.000160428 -0.00145161 0.000457516 -0.000166667 -0.00324675 0.00325103 0.00232323 0.00466667 0.00176471 -0.00150943 0.000571429 0.00238095 0.000671378 0.00037037 -0.000877193 -0.00276596 -0.00452632 -0.00342105 -0.000333333 0.0035 -0.00418033 -0.00590551 -0.00230769 -4.14938e-05 -0.00333333 -0.0022807 0.00278689 -0.00369863 0.000612245 0.00418605 -0.0054717 0.000842105 6.36943e-05 -0.002 0.0025 -0.00441176 0 -0.0015 0.0047619 0.00607143 0.00489362 0.00423077 0.00234043 0.00414634 0.00733333 -0.00888889
internal_weight=1349 624 381 725 351 374 248 153 360 77 243 198 90 51 106 70 126 283 108 57 47 95 304 60 40 244 127 117 241 51 57 61 73 49 86 53 190 157 85 72 68 54 40 42 56 47 52 47 41 45 54
internal_count=1349 624 381 725 351 374 248 153 360 77 243 198 90 51 106 70 126 283 108 57 47 95 304 60 40 244 127 117 241 51 57 61 73 49 86 53 190 157 85 72 68 54 40 42 56 47 52 47 41 45 54
is_linear=0
shrinkage=0.01


Tree=23
num_leaves=52
num_cat=0
split_feature=95 14 26 37 83 29 32 19 11 31 37 93 25 90 17 2 4 1 11 37 32 29 25 27 89 19 81 3 20 17 25 41 29 41 71 37 2 90 63 92 82 61 92 92 7 92 88 25 17 36 3
split_gain=17.5148 10.1978 8.91042 8.70751 16.0313 14.8078 9.35233 8.21394 10.932 7.61449 7.52957 7.50477 7.1096 7.04848 8.45736 7.50372 6.91318 7.72778 5.85143 7.05333 5.79621 6.24335 7.92804 5.65896 8.3538 6.24923 5.50538 5.36111 5.29517 8.13198 7.78299 6.596 7.88453 7.34737 6.16464 5.29442 5.26753 4.45455 4.43659 9.59281 7.82487 9.69739 6.43017 4.38863 4.33929 4.08333 3.98629 3.00444 2.8198 2.75981 1.6
threshold=1.0000000180025095e-35 13949.050000000001 138.75000000000003 74.750000000000014 1579.9499999999991 64.250000000000014 64.250000000000014 1020.7000000000002 36003.100000000006 7.2750000000000012 17.250000000000004 405.92000000000007 175.25000000000003 689.16015000000027 278.30000000000001 3030.3895000000007 2530.7750000000005 14415.400000000001 34827.750000000007 49.750000000000007 36.250000000000007 90.750000000000014 37.750000000000007 91.250000000000014 1405.5461062500001 946.10000000000002 3803.372932820062 13265.700000000003 1001.8000000000001 31.150000000000002 142.75000000000003 84.750000000000014 82.250000000000014 104.25000000000001 1.0000000180025095e-35 19.750000000000004 3051.0500000000006 1595.6230500000004 30185.650000000005 21652.233243750008 1318.4500000000003 30124.950000000004 24798.307687500008 26605.332681250005 22.710000000000004 23146.724912500005 4422.4595833333342 90.750000000000014 186.85000000000002 87.250000000000014 14738.85
decision_type=2 2 2 2 2 2 2 2 2 2 2 2 2 2 2 2 2 2 2 2 2 2 2 2 2 2 2 2 2 2 2 2 2 2 2 2 2 2 2 2 2 2 2 2 2 2 2 2 2 2 2
left_child=3 2 16 4 10 -5 -6 8 18 12 -1 43 -9 15 20 -7 -2 -18 19 -8 -15 22 37 28 25 -25 -12 -28 29 30 -24 32 -30 -33 -31 -13 -26 -22 40 -40 41 -37 -43 -3 -36 -41 -23 -10 -19 -34 -27
right_child=1 11 -4 5 6 13 7 9 47 -11 26 35 -14 14 -16 -17 17 48 -20 -21 21 46 23 24 36 50 27 -29 31 34 -32 33 49 -35 44 38 -38 -39 39 45 -42 42 -44 -45 -46 -47 -48 -49 -50 -51 -52
leaf_value=0.29808851875712739 0.012777247340586122 2.2978840477981346 6.4859603519554536 0.073161842706060812 1.0098856071821614 -0.10507774214226061 1.0702715536784688 0.024263168648119521 0.83590540839786642 -0.068400162840168394 -0.0002080995997555668 0.69674536075779425 -0.0062770354179525001 -3.3781531518697614 0.029191389642809484 -2.9602870960101892 0.013031156343066298 -0.013761278863852072 -0.41108035059320108 -0.0043905157265954385 -1.5493285675850814 -0.3265146127270237 -0.022413683364530031 -0.021114648216159607 -0.0049680310918651114 -1.7465674603586905 -5.1024035649767772 -0.032335902842194654 0.035573532756610529 7.2403918190429021e-05 3.1014440637762632 0.049734460119590269 -1.0026724201635058 -0.0010288364752189306 -0.022171161644048438 0.091204574703277752 0.0030549961255459689 -7.0881694397956041 -0.006320742847514672 3.7643561871921971 -0.14147220922125339 0.011374340456972663 -0.012423070765553051 3.0954434019319748 -0.066895575092451823 0.83733669886541806 0.057555433863132208 0.24631750222687729 -0.025115804376102228 -0.0057738817912683926 -0.01683338782213703
leaf_weight=20 28 26 27 30 26 31 20 39 20 24 31 20 20 27 22 21 37 31 20 30 22 20 29 33 27 20 29 33 20 23 25 31 21 20 24 38 28 22 29 24 30 26 34 20 32 24 21 25 29 20 20
leaf_count=20 28 26 27 30 26 31 20 39 20 24 31 20 20 27 22 21 37 31 20 30 22 20 29 33 27 20 29 33 20 23 25 31 21 20 24 38 28 22 29 24 30 26 34 20 32 24 21 25 29 20 20
internal_value=-7.4129e-06 0.00167849 -0.000394737 -0.000777538 0.000504451 -0.00151104 0.00205357 0.00131313 0.00304348 -0.00108434 -0.00256637 0.00284133 0.000847458 -0.00187835 -0.00151874 -0.00538462 -0.00152 -0.00278351 0.000571429 0.0024 -0.00179381 -0.00152838 -0.00189448 -0.00142091 -0.003125 -0.00534247 -0.00376344 -0.00548387 -0.000530612 -0.0018797 0.00111111 0.00107143 -0.00114754 0.00372549 -0.00392405 0.00208889 -0.000181818 -0.00590909 0.00160976 0.00350649 0.00046875 0.00183673 -0.000666667 0.00652174 -0.00571429 0.00625 0.00219512 0.00688889 -0.005 -0.00365854 -0.008
internal_weight=1349 423 152 926 337 589 224 198 115 83 113 271 59 559 507 52 125 97 70 50 485 458 417 373 128 73 93 62 245 133 54 112 61 51 79 225 55 44 205 77 128 98 60 46 56 48 41 45 60 41 40
internal_count=1349 423 152 926 337 589 224 198 115 83 113 271 59 559 507 52 125 97 70 50 485 458 417 373 128 73 93 62 245 133 54 112 61 51 79 225 55 44 205 77 128 98 60 46 56 48 41 45 60 41 40
is_linear=0
shrinkage=0.01


Tree=24
num_leaves=53
num_cat=0
split_feature=72 95 4 16 71 30 36 79 92 67 24 73 23 7 88 37 88 88 29 23 36 17 84 37 21 28 17 46 43 92 41 41 21 43 37 44 7 36 30 92 24 3 23 67 89 24 23 3 44 23 79 4
split_gain=18.2496 27.2332 10.1964 11.2133 9.50758 9.22771 8.79586 8.97138 7.72108 8.33333 8.63322 7.37027 7.20152 6.38418 7.15971 7.05315 6.77635 6.60274 7.53941 7.65957 7.35785 9.39044 7.10155 5.67027 7.61098 6.8254 9.34821 5.40975 7.85407 7.67583 5.25762 5.22121 5.08457 4.83278 4.81055 4.76544 5.78704 5.00871 6.7831 5.31183 4.75955 4.58009 4.57493 4.47539 4.31344 4.21978 4.10894 3.92595 3.77912 3.52941 3.57672 2.4
threshold=1336.2840000000003 1.0000000180025095e-35 2184.5650000000005 6019.0500000000011 899.63550000000009 41.750000000000007 89.250000000000014 638.20422259136342 23104.636006250006 32193.400000000005 10.125000000000002 1114.1540000000002 1.7500000000000002 17.615000000000006 7806.230833333334 82.250000000000014 5991.7550000000001 14015.054791666667 64.250000000000014 94.750000000000014 74.750000000000014 148.90000000000001 423.20393749999999 21.750000000000004 16.225000000000005 23.075000000000006 65.000000000000014 106.564998626709 85.575000762939467 20928.316100000007 54.750000000000007 89.250000000000014 26.775000000000002 78.634998321533217 74.750000000000014 6.9504997730255136 77.480000000000004 80.250000000000014 85.250000000000014 24310.100375000005 8.7250000000000014 15089.250000000002 55.750000000000007 33156.750000000007 1342.5328312500001 6.2750000000000012 96.250000000000014 15582.732500000002 3.2554999589920048 41.250000000000007 527.44862026053818 4208.5550000000012
decision_type=2 2 2 2 2 2 2 2 2 2 2 2 2 2 2 2 2 2 2 2 2 2 2 2 2 2 2 2 2 2 2 2 2 2 2 2 2 2 2 2 2 2 2 2 2 2 2 2 2 2 2 2
left_child=1 12 3 -2 6 41 42 -8 47 10 45 30 -1 14 16 -16 46 18 -15 20 -20 34 -19 -21 -25 -26 -27 28 29 -28 -7 33 -18 -24 -22 36 37 38 -13 -39 -31 -6 48 51 -30 -10 -14 -3 -4 -36 -51 -44
right_child=2 8 4 -5 5 11 7 -9 9 -11 -12 35 13 17 15 -17 32 22 19 23 21 -23 31 24 25 26 27 -29 44 40 -32 -33 -34 -35 49 -37 -38 39 -40 -41 -42 -43 43 -45 -46 -47 -48 -49 -50 50 -52 -53
leaf_value=2.2196865983097886 -2.4541723424990352 6.9557894056425198 0.025092483081883433 0.084204582461949826 -0.042288739643922962 1.6021706718192923 -3.3742366069806646 0.26819791868670173 1.261508255798341 -0.050778083489657622 -0.068351964031895932 0.089803687107126773 0.71165359191806399 0.062672734878881781 0.622965719056357 -0.0030615775503266139 -0.14659704589039468 0.006483371347623914 -0.036085717934455745 1.0278804961393138 1.2846253236875158 -0.0064759393002751199 0.00063673715660956447 -2.6068567470798905 1.0039473561746131 -0.43297369410422759 0.0074794782382800106 -0.0086814467996767352 0.019472031441934778 -0.023709818890626334 0.013173163962566998 -0.016104046862041962 -1.3848606864328077 -0.0068161722583623676 0.0041044768551021533 -0.031832221387970025 0.15955331864221992 0.001707599108653932 -0.0084260024877063182 -0.38640605330774974 -0.0022759496329876113 -0.056209743689419799 -0.91281248826209127 -1.8125864232407736 0.0072367377890468626 9.4015289329248617 -1.2289781202427603 1.5065008271930327 -1.6185326784042524 0.016845377112419992 0.0280059118733627 -5.7593513480965388
leaf_weight=20 20 38 21 30 33 22 32 22 28 25 23 28 20 20 22 30 25 31 20 22 27 23 26 22 26 27 34 22 31 22 23 30 37 20 20 21 36 26 23 31 24 21 30 22 28 24 21 20 22 27 21 30
leaf_count=20 20 38 21 30 33 22 32 22 28 25 23 28 20 20 22 30 25 31 20 22 27 23 26 22 26 27 34 22 31 22 23 30 37 20 20 21 36 26 23 31 24 21 30 22 28 24 21 20 22 27 21 30
internal_value=5.18903e-05 0.000934579 -0.00148073 0.0028 -0.00196388 -0.000757576 -0.00374302 -0.00037037 0.00468354 0.003 0.00466667 0.000190476 8.59599e-05 -8.84956e-05 -0.00187097 0.00115385 -0.00339806 0.000439771 0.00100962 0.000707071 0.0026087 0.00355932 -0.0017757 -0.000310078 -0.000762712 -0.000186916 -0.000851064 6.21118e-05 0.000791367 -0.00125 0.00377778 -0.00342105 -0.00548387 -0.00130435 0.00494737 -0.000787879 -0.000138889 -0.0012963 0.000980392 -0.00333333 -0.00391304 -0.00444444 -0.0052 -0.00658537 0.00355932 0.00692308 -0.000243902 0.00758621 -0.00255814 0.00352941 0.005 -0.008
internal_weight=1349 856 493 50 443 264 179 54 158 100 75 210 698 678 155 52 103 523 416 396 138 118 107 258 236 214 188 161 139 80 45 76 62 46 95 165 144 108 51 57 46 54 125 82 59 52 41 58 43 68 48 60
internal_count=1349 856 493 50 443 264 179 54 158 100 75 210 698 678 155 52 103 523 416 396 138 118 107 258 236 214 188 161 139 80 45 76 62 46 95 165 144 108 51 57 46 54 125 82 59 52 41 58 43 68 48 60
is_linear=0
shrinkage=0.01


Tree=25
num_leaves=50
num_cat=0
split_feature=68 62 36 6 1 2 2 44 32 34 69 76 62 17 33 40 44 75 83 33 56 90 62 69 90 68 73 75 42 100 100 75 90 44 84 91 75 68 32 68 83 1 32 33 28 28 83 31 5
split_gain=10.7459 13.648 11.7287 11.238 11.1707 10.3939 10.8602 8.94086 12.3838 9.88245 8.08588 8.00506 7.89944 6.18226 7.4654 6.81681 6.04606 5.86984 5.71251 7.29373 6.34171 6.26752 6.41643 8.65534 6.14196 12.137 10.2735 9.13513 8.775 9.94964 8.80196 6.13636 5.71177 5.69801 5.61738 5.4793 5.41126 5.26753 5.20839 4.8945 5.35622 4.61098 4.34415 4.14513 3.6 2.81299 2.37576 2.34578 1.6
threshold=1346.5740000000003 1250.4000000000003 82.250000000000014 2775.9150000000004 13712.000000000002 2792.3500000000004 2527.1000000000004 2.6085000038146977 127.75000000000001 84.250000000000014 31649.750000000004 31183.166666666668 1250.4000000000003 188.05000000000004 37.750000000000007 95.750000000000014 4.305500030517579 338.53510041332436 860.24999999999829 141.25000000000003 0.6078576107927941 2439.9994500000007 775.00000000000011 37265.750000000007 1434.1981500000004 1.0895000000000004 1033.8175000000003 520.9603907296065 119.01499938964845 0.59375000000000011 0.64236111111111127 540.24517243527725 1396.9462500000004 4.1150000095367441 692.50123958333347 29231.076550000002 290.74791084203963 940.57000000000016 246.75000000000003 851.55000000000007 1867.6000000000006 14731.450000000003 90.750000000000014 53.750000000000007 28.675000000000004 27.525000000000002 568.70000000000084 8.5250000000000021 3366.1950000000006
decision_type=2 2 2 2 2 2 2 2 2 2 2 2 2 2 2 2 2 2 2 2 2 2 2 2 2 2 2 2 2 2 2 2 2 2 2 2 2 2 2 2 2 2 2 2 2 2 2 2 2
left_child=1 18 3 -2 12 6 -6 8 -3 39 16 -7 -4 14 -12 -16 17 -5 19 46 24 22 23 32 25 27 28 -20 30 34 31 36 -22 35 -30 -13 -26 -24 42 -9 -41 -8 -27 -37 -32 -38 -1 -42 -45
right_child=2 7 4 10 5 11 41 9 -10 -11 13 33 -14 -15 15 -17 -18 -19 20 -21 21 -23 37 -25 26 38 -28 -29 29 -31 44 -33 -34 -35 -36 43 45 -39 -40 40 47 -43 -44 48 -46 -47 -48 -49 -50
leaf_value=0.032674843468460953 -2.1099234007647762 -0.2295779023775856 -4.9514772022945248 0.30369761304208298 -1.0127488900911863 -0.074474222848529045 0.91669646910147895 12.469181473076569 0.96487860767487965 -0.047714576307933888 -0.62483822718918969 0.12115564743341771 -0.47983044979867401 -0.0049087687504391891 1.0632337107887853 0.0034631660625258067 -9.9279154829026169e-05 0.043405265500993703 0.013665750531904974 -0.0054954627375639687 -0.0092150348227991938 -0.019542870070869588 3.2980856891820598 0.010581934106696838 0.0082048565035160032 -0.24408989235106254 0.21505563895020058 -0.0048501890583628358 -0.0069786705045873842 0.073056021075178987 -0.0087917326714055787 0.024972616065828339 0.0082797153014801967 0.04421372131513903 0.035502462341990025 -0.044435091714330702 -0.8126326358295235 0.83402221990384628 -0.0058014963361194714 0.85320964015883105 2.731491831971534 0.16147699062657561 -2.9183944438476601 -0.59232940897346875 -0.02306496598321775 -0.0058320496203787542 4.1638803534739885 1.1528902732542474 -3.4530000980372262
leaf_weight=24 31 21 32 35 33 37 29 35 22 25 36 22 38 30 21 30 23 28 37 38 37 36 22 25 24 24 23 37 21 24 20 30 29 23 36 29 20 20 22 35 27 20 35 20 20 22 20 20 20
leaf_count=24 31 21 32 35 33 37 29 35 22 25 36 22 38 30 21 30 23 28 37 38 37 36 22 25 24 24 23 37 21 24 20 30 29 23 36 29 20 20 22 35 27 20 35 20 20 22 20 20 20
internal_value=0.000190058 0.000902527 -0.000912477 0.000769231 -0.00221122 -0.0011588 0.00170732 0.0032973 -0.000697674 0.00450704 0.00162562 -0.00271523 -0.00571429 -8.54701e-05 0.00126437 0.00372549 0.00395349 0.00555556 0.000216718 0.00268293 -0.000141844 0.00147929 0.0024812 0.000989011 -0.000835443 -0.0023871 0.000166667 0.000540541 -0.000506912 0.00209877 -0.00205882 -0.000416667 -0.000909091 -0.00140351 -0.000175439 -0.00252747 -0.00212121 0.00571429 -0.00506173 0.0057265 0.00439024 0.00469388 -0.00661017 -0.00391304 -0.006 -0.00428571 0.00545455 0.00659574 -0.006
internal_weight=1368 831 537 234 303 233 82 185 43 142 203 151 70 117 87 51 86 63 646 82 564 169 133 91 395 155 240 74 217 81 136 96 66 114 57 91 66 42 81 117 82 49 59 69 40 42 44 47 40
internal_count=1368 831 537 234 303 233 82 185 43 142 203 151 70 117 87 51 86 63 646 82 564 169 133 91 395 155 240 74 217 81 136 96 66 114 57 91 66 42 81 117 82 49 59 69 40 42 44 47 40
is_linear=0
shrinkage=0.01


Tree=26
num_leaves=55
num_cat=0
split_feature=93 68 95 62 74 87 69 88 39 91 39 37 93 39 28 28 91 26 25 36 43 68 20 75 81 67 75 5 46 88 87 77 88 4 91 67 88 75 68 44 77 75 46 5 46 7 88 68 75 46 7 37 77 25
split_gain=10.8151 11.61 17.7757 13.9616 9.63826 11.5825 10.6061 9.4684 8.48748 9.02798 7.59938 7.84461 8.48207 9.18087 9.73291 9.50804 8.98231 10.7534 8.93715 10.0862 10.6475 7.50402 7.20704 9.00067 7.6608 7.11111 6.84952 6.69262 6.62526 6.60108 6.51253 6.35264 6.2071 7.54921 7.74551 6.09524 5.27929 5.00087 4.96422 6.66667 4.94716 4.93759 4.6024 4.3042 5.22648 4.05802 4.54439 4.03333 3.29521 2.91255 2.81601 3.6 1.74545 0.9
threshold=394.00597222222228 1346.5740000000003 1.0000000180025095e-35 742.00000000000011 712.65294791666668 0.80208333333333337 26134.400000000005 18297.073125000003 115.75000000000001 23869.644349999999 241.25000000000003 16.750000000000004 405.66236111111118 219.75000000000003 28.725000000000005 30.225000000000005 28735.770131250003 80.750000000000014 35.250000000000007 89.750000000000014 69.719997406005874 869.45300000000009 524.15000000000009 272.60101037578391 4807.693678336268 30160.250000000004 518.05010708634211 5694.8050000000012 102.39500045776369 6035.8839583333338 0.11458333333333336 3758.7677245968853 3866.5583333333338 4173.5700000000006 28786.382381250001 31700.450000000004 4829.1168750000006 514.69962759720613 883.83150000000012 2.6384999752044682 4035.6797331555522 692.26159094077718 102.51499938964845 4833.6550000000016 103.60499954223634 541.04000000000008 5363.2877083333342 1059.7215000000003 619.25079221756835 102.7050018310547 22.710000000000004 95.250000000000014 3824.1225759474082 46.750000000000007
decision_type=2 2 2 2 2 2 2 2 2 2 2 2 2 2 2 2 2 2 2 2 2 2 2 2 2 2 2 2 2 2 2 2 2 2 2 2 2 2 2 2 2 2 2 2 2 2 2 2 2 2 2 2 2 2
left_child=27 2 7 -4 5 48 -6 10 28 -10 11 -2 16 14 18 31 17 21 37 20 -20 25 23 -11 30 -13 -15 -1 -8 -23 32 -16 -24 34 -34 -30 -32 -14 52 -40 -28 -38 -21 44 -36 46 -22 -41 -3 -18 -35 -52 -5 -49
right_child=1 4 3 38 6 -7 8 -9 9 22 -12 12 13 26 15 -17 49 -19 19 42 45 29 24 -25 -26 -27 40 -29 35 -31 36 -33 33 50 43 -37 41 -39 39 47 -42 -43 -44 -45 -46 -47 -48 53 -50 -51 51 -53 -54 -55
leaf_value=-3.0532287477777764 1.1803587150609129 -4.8038481312850418 -0.02206904145569542 13.723169987153733 0.39648327147806206 0.18243781559324432 -1.2249401292882562 -0.01439723201041347 0.029863888061965455 0.3633080785000779 -0.039857363813967393 -0.0071915523749889847 0.0076774125769693904 0.026721448851323628 -0.031110973833614632 0.0014741057351036349 -0.21331262040625767 3.0062768028135065 -0.0022712318794545832 0.01047611476562987 0.18919020347392335 -0.0031631755901391045 -2.4770588705769878 -0.26448364032256005 0.076037071428890726 6.7847012830669904 0.0095854714081286228 -0.010377603268734421 -0.018284257118111727 -5.3083350697909566 -0.025301463391153439 -0.0037949843717836806 -0.018767651769411222 -0.060434367692084108 0.54173835013316907 0.032433868440487838 0.78457037726002354 -1.0656359584819048 -0.073266378613973407 0.74988611410097972 -0.0071081732165825763 -0.29924064020526014 -0.0078695740827410422 -0.0029049877447233164 0.0011862721410733712 0.045000548093295754 0.005243700717392036 3.1413356916447843 -1.700276502042392 -0.010379557531474935 0.068198915540283386 -0.4144067900514587 9.9947147043868103 2.7383515354164052
leaf_weight=27 20 27 21 24 25 22 27 24 37 26 36 25 22 39 22 36 22 30 24 27 35 27 28 20 24 20 26 31 21 29 32 27 21 23 21 21 27 20 20 20 20 20 24 20 20 37 27 20 24 20 20 20 20 20
leaf_count=27 20 27 21 24 25 22 27 24 37 26 36 25 22 39 22 36 22 30 24 27 35 27 28 20 24 20 26 31 21 29 32 27 21 23 21 21 27 20 20 20 20 20 24 20 20 37 27 20 24 20 20 20 20 20
internal_value=8.77193e-05 0.000274809 0.00104592 0.0042069 -0.000874525 -0.00424658 -0.000331126 0.000328638 -0.000700935 -8.35655e-05 0.000569106 0.000846287 0.000626118 0.00145078 0.000631229 -0.00223529 -0.00121387 7.63359e-05 0.00175926 0.00275862 0.00430894 -0.00148515 -0.000621118 0.00304348 -0.00123188 0.00155556 0.00435294 -0.00413793 -0.00391304 -0.00392857 -0.00174603 -0.00510204 -0.00283237 -0.002 0 -0.00142857 0.000632911 -0.00238095 0.00548387 0.004 0.00173913 0.00276596 -0.000980392 0.00180328 0.00365854 0.00575758 0.00419355 0.00566667 -0.00686275 -0.0052381 -0.00460317 -0.003 0.00818182 0.0075
internal_weight=1368 1310 784 145 526 73 453 639 428 359 615 579 559 386 301 85 173 131 216 174 123 101 322 46 276 45 85 58 69 56 252 49 173 145 82 42 79 42 124 80 46 47 51 61 41 99 62 60 51 42 63 40 44 40
internal_count=1368 1310 784 145 526 73 453 639 428 359 615 579 559 386 301 85 173 131 216 174 123 101 322 46 276 45 85 58 69 56 252 49 173 145 82 42 79 42 124 80 46 47 51 61 41 99 62 60 51 42 63 40 44 40
is_linear=0
shrinkage=0.01


Tree=27
num_leaves=53
num_cat=0
split_feature=72 95 62 62 11 8 91 1 1 13 13 14 13 14 91 11 13 25 29 78 75 84 70 30 78 34 21 11 66 22 30 97 69 22 43 30 75 93 72 1 1 22 25 11 68 25 33 93 8 8 21 13
split_gain=13.5161 18.685 14.0322 11.2265 10.5168 11.9991 8.74201 12.0178 7.54505 8.14173 7.3936 9.25525 10.7569 9.69583 11.3175 9.54565 10.9436 7.53266 7.48708 7.12052 7.38517 6.89255 12.7612 9.88683 6.53742 5.78938 8.03694 5.54167 5.40723 6.781 7.42535 6.85375 5.22581 5.11093 5.04927 5.04217 6.61765 4.96074 4.93759 4.74113 4.56297 4.18551 4.75567 3.71768 9.90468 3.38582 3.11139 2.49952 1.94216 1.82508 1.54739 1.00087
threshold=1336.2840000000003 1.0000000180025095e-35 1.1210000000000002 1062.4400000000003 43844.600000000006 422.53700924608825 24123.701043750003 12837.950000000003 13901.000000000002 3403.4500000000003 14857.150000000003 17347.600000000002 7769.6500000000005 11843.700000000003 22833.381018750002 36303.750000000007 2258.9000000000005 182.50000000000003 87.750000000000014 1520.4507326388891 669.05644253758885 494.07029166666672 0.92450000000000021 92.250000000000014 369.59608680555556 81.750000000000014 25.975000000000005 34722.400000000009 1486.5455000000002 82.750000000000014 62.250000000000007 0.63541666666666685 33200.05000000001 90.250000000000014 78.485000610351577 94.250000000000014 478.0589815176711 413.11269230769238 962.50000000000011 15743.900000000003 14281.300000000001 86.750000000000014 105.25000000000001 37281.250000000007 1006.5000000000001 181.25000000000003 140.25000000000003 418.56958748221911 411.90065789473687 406.32619047619056 25.425000000000004 11201.050000000001
decision_type=2 2 2 2 2 2 2 2 2 2 2 2 2 2 2 2 2 2 2 2 2 2 2 2 2 2 2 2 2 2 2 2 2 2 2 2 2 2 2 2 2 2 2 2 2 2 2 2 2 2 2 2
left_child=1 4 -3 8 5 10 7 -5 49 -10 11 12 13 41 -15 18 -17 -12 40 20 28 22 23 -13 -25 26 -23 -21 34 31 -31 -30 -11 -32 39 43 -37 -6 -18 -8 50 -1 -43 44 -4 -14 51 48 -29 -2 -16 -27
right_child=3 2 35 6 37 -7 19 -9 9 32 17 21 45 14 15 16 38 -19 -20 27 -22 25 -24 24 -26 46 -28 47 29 30 33 -33 -34 -35 -36 36 -38 -39 -40 -41 -42 42 -44 -45 -46 -47 -48 -49 -50 -51 -52 -53
leaf_value=0.03311284122813344 -4.8038247125786189 -0.036282153504233354 12.244542511301933 -0.65739349698185101 0.0032322342417735266 2.599875667561458 0.52866942075274048 0.044299774333526422 0.34494764047243609 -0.16839068584838088 0.026454234362810393 0.017637877173920697 0.059737902062274646 1.1383783971473285 -4.7251993685451144 -1.0254044073694226 0.14285239722295123 -0.0012594923991703913 0.0051368458224019609 0.0061844276060050666 -0.07073707421799115 0.0083324954791378879 -0.010531541748099608 -0.0088117747362350569 0.0020855452842009244 -0.03489197293135176 -0.010263405731188937 -0.034198852736905955 0.50521991334203942 -0.0041657567608019003 0.37081448661900884 -0.035366724335325624 -5.582969146101135 0.061746149385278407 -0.26509138746763261 0.13953691605598639 4.2899955633581035 2.8366571884673126 -0.14338831284656389 -0.65672387460980719 -0.0055819002439180107 0.0403009547530368 -0.045138908446728958 4.9716823928960929 0.10224486732567148 0.030652829980692818 -0.019159642250114788 -0.0017838761175986506 -0.0051203248082404597 -2.8853410796584615 -2.6181509304007373 -0.019319376509992738
leaf_weight=32 23 20 25 20 31 27 20 25 21 31 23 28 32 25 22 23 27 20 24 22 35 30 30 21 28 22 33 20 22 30 23 24 31 38 25 36 32 25 20 22 26 36 23 31 22 31 23 20 23 20 25 20
leaf_count=32 23 20 25 20 31 27 20 25 21 31 23 28 32 25 22 23 27 20 24 22 35 30 30 21 28 22 33 20 22 30 23 24 31 38 25 36 32 25 20 22 26 36 23 31 22 31 23 20 23 20 25 20
internal_value=8.77193e-05 0.000836197 0.00385542 -0.00123232 0.000127298 -0.000230415 -0.000352304 0.00377778 -0.00380952 -0.00204819 -0.000512821 -0.00080895 0.000231214 -0.000600707 -0.001875 -0.00281437 0 0.00348837 -0.00484536 -0.000925926 -4.1841e-05 -0.00234043 -0.00046729 0.00168831 -0.00102041 -0.00390625 -0.00174603 -0.00341176 0.000686275 0.00182482 0.00340659 -0.00130435 -0.00387097 0.00540984 -0.00164179 0.00493151 0.00294118 0.00428571 0.00276596 0.00047619 -0.00643836 0.00208791 0.000508475 0.00666667 0.00489362 0.00396825 -0.006 -0.00492063 -0.00627907 -0.0072093 -0.00829787 -0.00761905
internal_weight=1368 873 166 495 707 651 369 45 126 83 624 581 346 283 192 167 70 43 97 324 239 235 107 77 49 128 63 85 204 137 91 46 62 61 67 146 68 56 47 42 73 91 59 78 47 63 65 63 43 43 47 42
internal_count=1368 873 166 495 707 651 369 45 126 83 624 581 346 283 192 167 70 43 97 324 239 235 107 77 49 128 63 85 204 137 91 46 62 61 67 146 68 56 47 42 73 91 59 78 47 63 65 63 43 43 47 42
is_linear=0
shrinkage=0.01


Tree=28
num_leaves=53
num_cat=0
split_feature=72 70 74 92 100 27 44 3 29 26 31 1 81 2 44 76 24 0 1 81 92 36 40 23 13 7 26 40 39 92 79 40 45 67 1 80 98 31 16 40 26 39 57 31 6 24 24 19 56 7 31 1
split_gain=14.6664 14.2362 10.8287 10.8733 10.6684 10.3955 9.70627 8.18148 8.11883 9.52381 9.1144 8.10023 6.46591 6.38772 8.34171 7.61495 5.53061 5.80484 5.51555 5.46841 9.25863 7.35126 6.58335 5.23825 6.8442 13.8307 9.36743 7.68766 8.95317 9.71956 11.5968 8.14046 7.58093 8.37192 7.29291 6.67984 5.92766 4.9 4.71575 6.07115 4.59641 6.86939 4.40381 5.29922 5.0381 3.65801 3.6 3.34545 3.33295 2.53266 1.13778 0.503704
threshold=1336.2840000000003 1294.6000000000001 712.65294791666668 29371.067137500006 0.62847222222222232 81.750000000000014 2.6085000038146977 15272.250000000002 80.250000000000014 76.250000000000014 9.4750000000000014 12788.493500000002 3582.0754461511301 2929.1500000000001 2.3990000486373906 35607.498958333344 10.975000000000001 33254.80000000001 14088.850000000002 4136.4604084679577 24943.167918750005 82.750000000000014 86.250000000000014 3.7500000000000004 15016.100000000002 3653.7150000000006 90.250000000000014 101.25000000000001 182.75000000000003 31285.880912500008 627.11193553696 163.75000000000003 24825.000000000004 33361.55000000001 13236.750000000002 34367.062847222223 0.26736111111111116 5.0250000000000012 6554.6500000000005 143.75000000000003 125.25000000000001 223.75000000000003 -0.22252093395631442 9.0750000000000011 6260.4950000000008 8.8250000000000028 8.2250000000000014 815.80000000000007 1.0000000180025095e-35 25.955000000000002 10.575000000000001 14931.1
decision_type=2 2 2 2 2 2 2 2 2 2 2 2 2 2 2 2 2 2 2 2 2 2 2 2 2 2 2 2 2 2 2 2 2 2 2 2 2 2 2 2 2 2 2 2 2 2 2 2 2 2 2 2
left_child=1 23 4 5 50 12 -3 47 9 -8 18 -5 -4 14 -14 16 17 -15 -10 20 -16 -22 -21 -1 25 27 -26 28 29 30 34 32 33 36 -25 -32 40 -30 -34 -40 41 48 43 -36 -44 -46 -27 -7 -29 -33 -2 -20
right_child=2 6 3 11 -6 7 8 -9 10 -11 -12 -13 13 15 19 -17 -18 -19 51 22 21 -23 -24 24 26 46 -28 31 37 -31 35 49 38 -35 42 -37 -38 -39 39 -41 -42 -43 44 -45 45 -47 -48 -49 -50 -51 -52 -53
leaf_value=2.1101220915066756 -5.5271394546401238 -0.066035370742221253 0.44380975598214145 -1.1687616992378076 0.17716396103258752 -6.634676115968162 -0.48346071934616308 -0.0024710755863156099 1.3171860169925953 5.7662650463574385 0.62775857441053362 0.040679450506951535 -0.0072626945981250444 -0.31439838243771973 0.22271021620979006 -1.246571397206069 0.15034466930181953 0.060262599546851509 3.3318126486889903 -0.030435349380682233 0.032605810494690968 -0.87514423114096362 -0.0013210315616805368 -1.4084123846496055 0.026189692019182292 -0.061404702088089548 -0.0045292046494397912 0.095949815834692503 -0.22805525782785904 0.68304510318608447 2.0970704250677916 -0.15436108282374997 0.005014884938478909 -0.0088417841476121084 -0.00075938737792732467 -6.2140151029255479e-05 1.8691409417388192 -0.0033083832594503104 0.027083844399518133 0.010996466295604827 3.3766467053075337 -2.5919694210967301 0.43469511752838663 -0.75483904616397568 -0.0053978853696658889 0.011552228683349269 -0.012342550754364927 -3.0005242261470029 -0.014345764277219113 -0.00014850150559781412 -2.6711930765352236 4.6758255946184093
leaf_weight=31 25 39 20 21 20 23 21 27 34 21 34 34 21 28 28 33 32 33 20 28 21 30 29 31 29 20 23 29 20 26 22 21 39 37 28 23 26 20 24 22 20 21 28 22 20 22 20 22 23 23 20 34
leaf_count=31 25 39 20 21 20 23 21 27 34 21 34 34 21 28 28 33 32 33 20 28 21 30 29 31 29 20 23 29 20 26 22 21 39 37 28 23 26 20 24 22 20 21 28 22 20 22 20 22 23 23 20 34
internal_value=0.000102339 0.000882016 -0.00127273 -0.000697674 -0.00507692 -0.00130667 0.00320197 -0.00472222 0.00426829 0.00047619 0.00557377 0.00345455 -0.00049505 -0.000883392 -0.0022293 0.000793651 0.00225806 0.000491803 0.00727273 -0.00132353 0.000379747 -0.00215686 -0.00368421 0.000179104 -1.56495e-05 -0.00032368 0.00346154 9.14077e-05 -0.00114504 -0.00036036 -0.00112245 0.00122807 0.00195021 0.000641026 -0.00245033 0.00333333 0.00193277 -0.0055 0.00435294 0.00652174 0.000752688 -0.000410959 -0.00133333 -0.0036 0.000285714 -0.00190476 -0.006 -0.00733333 0.00153846 -0.00272727 -0.00777778 0.00925926
internal_weight=1368 873 495 430 65 375 203 72 164 42 122 55 303 283 157 126 93 61 88 136 79 51 57 670 639 587 52 547 262 222 196 285 241 156 151 45 119 40 85 46 93 73 120 50 70 42 40 45 52 44 45 54
internal_count=1368 873 495 430 65 375 203 72 164 42 122 55 303 283 157 126 93 61 88 136 79 51 57 670 639 587 52 547 262 222 196 285 241 156 151 45 119 40 85 46 93 73 120 50 70 42 40 45 52 44 45 54
is_linear=0
shrinkage=0.01


Tree=29
num_leaves=52
num_cat=0
split_feature=8 37 3 81 5 1 68 69 8 77 28 92 69 89 69 34 37 72 78 66 89 16 98 64 38 16 22 72 24 72 93 21 81 75 20 34 28 98 100 22 37 22 78 60 75 72 34 57 1 28 68
split_gain=11.3631 9.64693 11.2411 9.17719 11.0025 9.31437 12.1493 13.0782 9.99047 10.8076 9.74491 11.7979 9.59737 14.9563 9.00076 8.22741 10.7466 8.11485 9.0271 8.59578 10.4467 8.01515 7.64096 7.26923 6.80808 6.13263 5.95159 5.58924 6.73086 6.09232 6.04843 5.55872 9.35016 7.51022 5.35172 5.05881 5.05833 4.88874 5.31812 4.67831 4.26172 10.5526 6.79323 9.15826 6.40346 4.2 3.96431 3.87041 3.14301 3.1094 2.0751
threshold=393.23111111111115 8.2500000000000018 14540.700000000003 3647.5514466036025 3682.4300000000007 13926.85 243.90000000000003 31132.750000000004 421.49394736842106 4001.6695332754302 28.675000000000004 29526.087337500005 35203.80000000001 1549.07634375 30015.150000000005 71.750000000000014 95.750000000000014 1530.4560000000004 1240.3692812500001 1145.1360000000002 988.95834374999993 4957.4000000000005 0.11458333333333334 910.61400000000015 13.575000000000001 6495.3000000000002 85.250000000000014 1499.9500000000003 13.925000000000002 1368.6500000000003 422.47671052631586 26.875000000000004 4218.5009817225955 296.18613527729769 2081.4000000000005 73.250000000000014 23.925000000000004 0.024305555555555556 0.72569444444444453 92.750000000000014 97.250000000000014 85.250000000000014 642.04271875000006 1398.6000000000001 555.66712923749014 1502.0000000000002 78.250000000000014 -0.22252093395631442 16213.300000000001 28.825000000000006 1097.1170000000004
decision_type=2 2 2 2 2 2 2 2 2 2 2 2 2 2 2 2 2 2 2 2 2 2 2 2 2 2 2 2 2 2 2 2 2 2 2 2 2 2 2 2 2 2 2 2 2 2 2 2 2 2 2
left_child=49 2 -2 4 -3 6 46 8 9 14 11 17 31 25 22 47 23 18 24 -19 34 -20 -8 -17 27 -14 -22 28 29 30 37 -12 33 -33 -21 -28 -23 -7 40 -11 42 -42 -39 -44 -43 -9 -5 -6 -35 -1 -49
right_child=1 3 -4 5 15 10 7 45 -10 39 12 -13 13 -15 -16 16 -18 19 21 20 26 36 -24 -25 -26 -27 35 -29 -30 -31 -32 32 -34 48 -36 -37 -38 38 -40 -41 41 44 43 -45 -46 -47 -48 50 -50 -51 -52
leaf_value=-0.074617702685485968 1.1107104950428139 -1.4323971475989721 0.00021091663662712535 0.77614612191755994 0.95171532665187775 0.0063664303652597324 0.94324981109670092 -1.7122844343815202 0.17659198121922512 -3.4466105117396912 -0.021087404497283115 0.05137384670032541 -0.023233689551424779 0.0222773436891586 -1.0241375727925124 -0.09522700507432276 0.090498622537168671 -2.4283419175729581 -0.010236791834710294 -0.0080193464969865076 -0.0059000341298574826 2.1755050728146763 -0.10302276637560037 0.58193811447310984 0.028200830074421868 0.00637661499767738 0.0037663758518386554 0.1050871110239949 0.068360553907573132 -0.77154267067460069 8.6224398924037757 0.11818971010202095 0.0039305772056953134 -0.016367931628033249 -0.0016934104104414139 0.031850895734816018 0.92325392984945953 0.0024412864062056199 -0.017943752617923529 -0.618582185501653 0.063925711209937439 -0.014034792881506868 -0.061168588334031673 0.90087180236171582 0.0017643854421653532 -3.019424837371707 -0.0012385458656069951 1.8779288177249485 -0.28696373987153573 -2.9971078945013123 1.26207217137368
leaf_weight=20 22 38 27 28 25 33 20 20 31 39 32 22 32 33 22 28 33 27 22 23 35 28 29 24 24 26 25 34 31 23 20 22 24 26 26 33 38 21 21 20 23 20 33 20 22 28 27 23 21 23 21
leaf_count=20 22 38 27 28 25 33 20 20 31 39 32 22 32 33 22 28 33 27 22 23 35 28 29 24 24 26 25 34 31 23 20 22 24 26 26 33 38 21 21 20 23 20 33 20 22 28 27 23 21 23 21
internal_value=0.000175439 0.000339623 0.00469388 0.000172414 0.0021875 -0.000184502 -0.00181818 -0.00291866 -0.0015528 -0.00276923 0.000341463 0.000993377 -0.00148148 0.000989011 -0.000140845 0.00337662 0.00129412 0.000721649 0.001477 -0.00112426 -0.000140845 0.00431818 0.0022449 -0.00153846 0.000707692 -0.00206897 0.00182796 0.000299003 -0.000187266 -0.000762712 -0.000234742 -0.00328 -0.00204301 -0.00391304 -0.00387755 0.0037931 0.00606061 -0.000777202 -0.0015 -0.0059322 -0.000791367 0.00107692 -0.00243243 -0.00433962 -0.00190476 -0.0075 0.00236364 0.00594203 -0.00617021 -0.00488372 0.00772727
internal_weight=1368 1325 49 1276 192 1084 264 209 161 130 820 604 216 91 71 154 85 582 413 169 142 88 49 52 325 58 93 301 267 236 213 125 93 69 49 58 66 193 160 59 139 65 74 53 42 48 55 69 47 43 44
internal_count=1368 1325 49 1276 192 1084 264 209 161 130 820 604 216 91 71 154 85 582 413 169 142 88 49 52 325 58 93 301 267 236 213 125 93 69 49 58 66 193 160 59 139 65 74 53 42 48 55 69 47 43 44
is_linear=0
shrinkage=0.01


Tree=30
num_leaves=52
num_cat=0
split_feature=8 72 4 10 26 24 80 27 2 24 40 44 20 24 74 20 19 10 37 73 44 4 13 66 37 13 86 73 29 31 31 79 4 68 11 37 8 8 83 4 5 73 40 31 31 92 2 92 92 13 29
split_gain=11.1654 11.7161 21.4941 12.7398 9.77802 13.7524 14.2857 8.97139 10.4105 8.82331 11.7879 7.47255 11.0683 7.16807 7.09106 10.1725 13.765 10.163 8.83146 8.39161 7.87286 7.23608 9.57057 7.01671 6.91545 7.34014 8.17311 6.4767 6.44058 6.15366 5.79884 5.54742 5.27651 5.95666 8.26826 4.46113 4.26087 4.11429 4.11133 4.09531 5.64178 6.78205 3.92 3.68848 3.66449 3.53471 3.19002 2.81667 5.7619 1.63902 1.6
threshold=392.9500000000001 963.10000000000014 8821.0650000000005 31014.350000000002 35.250000000000007 6.0750000000000011 36637.985069444454 81.750000000000014 3512.5025000000001 8.4250000000000025 146.00000000000003 3.0360000133514409 841.05000000000007 8.2250000000000014 1288.9465312500004 1950.8500000000001 789.50000000000011 31957.350000000002 59.750000000000007 678.78550000000007 3.310000061988831 3745.0950000000003 4481.8000000000011 965.30000000000007 46.750000000000007 9483.5500000000011 0.060000000000000012 510.02700000000004 81.250000000000014 9.9250000000000025 3.5750000000000006 590.79706133312391 16161.290000000003 423.34450000000004 39445.700000000004 89.750000000000014 412.30131578947368 416.47193812233292 2310.3000000000034 2184.5650000000005 4052.7650000000008 1704.8000000000002 81.750000000000014 6.8750000000000009 5.9250000000000016 24798.307687500008 2782.8500000000004 30168.311231250005 26246.434218750008 3130.5000000000005 77.250000000000014
decision_type=2 2 2 2 2 2 2 2 2 2 2 2 2 2 2 2 2 2 2 2 2 2 2 2 2 2 2 2 2 2 2 2 2 2 2 2 2 2 2 2 2 2 2 2 2 2 2 2 2 2 2
left_child=50 2 3 47 5 -5 37 14 13 24 32 12 -6 46 15 16 18 35 -3 -19 -18 39 42 -15 -4 26 -26 28 38 36 -30 -22 33 34 -11 49 -20 -7 -27 -16 43 45 -23 -41 -24 -42 -9 48 -2 -17 -1
right_child=1 7 9 4 11 6 -8 8 -10 10 -12 -13 -14 23 21 17 20 19 29 -21 31 22 44 -25 25 27 -28 -29 30 -31 -32 -33 -34 -35 -36 -37 -38 -39 -40 40 41 -43 -44 -45 -46 -47 -48 -49 -50 -51 -52
leaf_value=-4.8264017825109047 3.0523902065764497 0.53544414733657086 -0.012264275466829927 2.8243411708701909 -0.031187034046715138 -0.69140684967175214 0.035035593485972766 -4.9064476852331511 0.05761525851106708 0.0097145472172099328 0.010988983838004488 3.2423010175040763 0.028864662227944898 0.15298816883520741 0.15114051766826667 -2.1308736630933085 3.5160311481457907 0.33396443086553818 -5.2901552878307783 -0.60194011042384021 0.83572851035651297 -0.56413443156842491 -0.0059778992568507282 -1.0060219537331712 -0.013531316873967233 -0.011334157493243803 -0.00027377464525088268 0.024787016702704685 -0.020439398169454944 -0.01273897162288041 -0.0041099133024239528 -0.011979453533500472 0.04372728270243087 -0.028909395411087009 -0.014163036103502809 -0.41693348605747044 -0.69287522581434446 -0.062511366655937761 0.0086848729052785342 -2.9642726038544014 0.8332284293169997 -0.0032942728080764512 -0.0044598972139071984 0.011861445917741272 0.065844773361373482 0.39815926901174126 -0.042022042206835017 3.6532431538526828 0.074759499514824995 -3.1078312419960077 -1.1951211423151289
leaf_weight=20 35 34 21 21 29 28 21 27 29 38 38 37 38 20 26 20 20 22 23 26 37 25 27 27 21 22 31 38 20 31 21 21 21 23 22 21 23 35 24 20 25 24 25 39 24 29 29 20 25 21 20
leaf_count=20 35 34 21 21 29 28 21 27 29 38 38 37 38 20 26 20 20 22 23 26 37 25 27 27 21 22 31 38 20 31 21 21 21 23 22 21 23 35 24 20 25 24 25 39 24 29 29 20 25 21 20
internal_value=0.000205279 0.000362538 0.00135135 0.0033564 0.00205742 -9.52381e-05 -0.00190476 -0.000532374 -0.00287879 -0.000352941 0.0015493 0.00423077 0.00223881 -0.00436893 1.7762e-05 -0.00103679 0.00037037 -0.00345455 -0.00189189 0 0.00358974 0.00121212 -0.000891089 -0.00148936 -0.00171717 -0.00107345 -0.00423077 0.00024 -0.00126437 -0.00376623 -0.00414634 0.00172414 -0.000192308 -0.0013253 0.000333333 -0.00612903 -0.00608696 -0.00428571 0.00130435 0.00251534 0.00182482 0.00358974 -0.004 -0.000508475 0.00215686 0.00555556 -0.00678571 0.00675 0.00566667 -0.00804878 -0.005
internal_weight=1364 1324 629 289 209 105 84 695 132 340 142 104 67 103 563 299 189 110 111 48 78 264 101 47 198 177 52 125 87 77 41 58 104 83 60 62 46 63 46 163 137 78 50 59 51 54 56 80 60 41 40
internal_count=1364 1324 629 289 209 105 84 695 132 340 142 104 67 103 563 299 189 110 111 48 78 264 101 47 198 177 52 125 87 77 41 58 104 83 60 62 46 63 46 163 137 78 50 59 51 54 56 80 60 41 40
is_linear=0
shrinkage=0.01


Tree=31
num_leaves=53
num_cat=0
split_feature=95 88 23 97 16 17 88 14 6 37 30 37 27 37 89 38 21 97 38 79 35 87 81 81 37 19 16 88 29 79 27 67 27 16 92 91 23 41 81 75 73 16 28 45 91 89 21 38 88 71 2 2
split_gain=12.1187 15.4684 11.2936 13.1662 8.9053 9.81722 10.9221 9.24147 10.1506 9.01408 7.96828 10.1501 9.87112 7.4439 7.0889 9.36035 7.95098 7.08859 7.08697 7.01299 6.72406 11.3635 6.39239 6.91429 6.19385 11.1366 5.8637 7.29175 5.72668 6.57926 10.3254 6.53333 5.6179 5.41799 5.37848 8.33333 7.571 7.40741 5.17557 5.04966 6.75927 5.94642 6.48 4.66926 4.46311 4.06 3.6 3.50877 2.75238 2.41311 1.86667 1.6
threshold=1.0000000180025095e-35 3464.8918750000007 65.250000000000014 0.34375000000000006 6477.0500000000002 192.10000000000005 8730.5329166666688 17789.250000000004 12046.140000000001 84.750000000000014 48.750000000000007 57.250000000000007 79.250000000000014 29.250000000000004 1549.07634375 5.9250000000000016 17.975000000000005 0.73958333333333337 8.5250000000000021 579.62277972690788 24.825000000000006 0.19791666666666671 4745.7492120804 3814.0189553576706 97.250000000000014 1434.7 6105.7500000000009 11278.258125 89.750000000000014 338.49876529289833 78.250000000000014 36817.100000000013 25.250000000000004 4957.4000000000005 24310.100375000005 32270.535662500002 99.750000000000014 83.250000000000014 4179.9661103829594 43.275207043139297 1764.1225000000002 6176.1500000000005 25.225000000000005 24737.500000000004 28850.118456250002 1258.51513125 27.225000000000005 7.3250000000000011 5386.6441666666678 301.42350000000005 2695.0500000000006 2802.7500000000005
decision_type=2 2 2 2 2 2 2 2 2 2 2 2 2 2 2 2 2 2 2 2 2 2 2 2 2 2 2 2 2 2 2 2 2 2 2 2 2 2 2 2 2 2 2 2 2 2 2 2 2 2 2 2
left_child=2 19 3 13 5 6 10 -8 26 -7 33 32 24 -1 15 49 -17 18 20 -2 21 -3 23 -6 38 -26 27 -9 29 -25 -31 46 -12 -4 35 48 37 -36 -13 40 -19 44 -43 -18 -41 -29 -32 -11 -22 -15 -14 -20
right_child=1 17 4 -5 22 9 7 8 -10 47 11 12 50 14 -16 16 43 39 51 -21 34 -23 -24 28 25 -27 -28 45 -30 30 31 -33 -34 -35 36 -37 -38 -39 -40 41 -42 42 -44 -45 -46 -47 -48 -49 -50 -51 -52 -53
leaf_value=-1.014718840088437 -1.382554048167288 2.0222232225091314 -0.20268795117145849 0.64807502297869346 -0.01272352950702107 -0.0066887153557894765 0.027054969013821185 -0.13410483225198494 0.022324018401677893 -2.7927589629440726 -0.27571337116826444 -0.73461832500090241 -4.9732903982919234 -0.36540413724721649 0.016274770889881052 2.0565341961129158 0.14273225556127403 0.035030193146949565 0.63714159176972973 -0.0091205711479203297 0.009285187715442518 0.0045702617687674108 -0.37607778562189376 0.15633975591120103 -4.5231220028986412 0.55131929426520176 -0.010607634762089067 -0.0042902975687479248 -1.2921947398886076 0.051718863764858847 -0.0086566316510712626 -0.021789481173804841 0.88862512879735367 0.12787545611701323 3.2098780073290358 -0.029736650428101776 -0.41968108747463062 -0.034705177340025643 -2.8916044238457284 -0.0012269111094857506 -0.002447868962549316 -0.010283355005558896 0.053482155393736068 -0.018992625039308045 -0.55849308725274072 0.009086594348942531 0.011472318698966151 -0.022277245300270133 4.4555318331579752 -0.012760665535702508 -5.3092261365404276 0.92651019374090138
leaf_weight=21 22 27 27 38 20 29 38 26 20 25 22 35 28 28 22 23 31 33 20 20 20 23 26 22 31 21 22 22 27 31 20 20 36 36 27 27 29 27 26 30 23 25 25 23 23 21 20 32 28 26 20 20
leaf_count=21 22 27 27 38 20 29 38 26 20 25 22 35 28 28 22 23 31 33 20 20 20 23 26 22 31 21 22 22 27 31 20 20 36 36 27 27 29 27 26 30 23 25 25 23 23 21 20 32 28 26 20 20
internal_value=0.000146628 0.0014922 -0.000513661 0.00150943 -0.00112376 -0.00179884 -0.00118329 0.00100671 -0.00045045 -0.00488372 -0.00234043 -0.00324201 -0.00453416 0.000344828 0.00111111 0.000229008 0.00246753 0.00208845 0.00314516 -0.00428571 0.00240385 0.0056 0.000752688 0.0015 -0.00292035 -0.000384615 -0.00186813 -0.000434783 0.00228571 0.00327434 0.00208791 -0.000333333 0.000344828 0.000793651 0.00139241 0.00333333 -0.000361446 0.00185185 -0.00508197 0.000440252 0.00285714 -0.000873786 0.0016 0.00037037 -0.00320755 0.00209302 0.002 -0.00719298 0.00583333 -0.00296296 -0.00833333 0.007
internal_weight=1364 449 915 212 703 517 431 149 111 86 282 219 161 174 153 131 77 407 248 42 208 50 186 160 113 52 91 69 140 113 91 60 58 63 158 75 83 54 61 159 56 103 50 54 53 43 40 57 48 54 48 40
internal_count=1364 449 915 212 703 517 431 149 111 86 282 219 161 174 153 131 77 407 248 42 208 50 186 160 113 52 91 69 140 113 91 60 58 63 158 75 83 54 61 159 56 103 50 54 53 43 40 57 48 54 48 40
is_linear=0
shrinkage=0.01


Tree=32
num_leaves=50
num_cat=0
split_feature=72 70 23 70 2 37 93 28 39 79 69 70 39 14 7 21 31 2 92 32 13 13 93 32 38 69 23 31 76 75 7 70 2 40 31 46 46 32 28 75 28 38 32 32 75 33 11 65 11
split_gain=14.1547 17.6636 14.8767 13.2953 15.8034 13.244 11.2136 9.3919 10.2077 9.63873 9.77597 8.64875 10.1579 9.14793 11.2384 12.3452 8.4 8.32467 7.96893 7.71057 7.5595 7.26317 9.06579 10.5217 7.0686 7.05596 6.74501 7.29117 6.5535 8.83275 6.30995 7.08493 6.64283 6.26612 6.16424 5.64103 5.05551 4.9 4.578 4.51293 4.39296 4.34393 5.93242 3.80581 3.72359 3.50739 4.00545 3.1094 0.817818
threshold=963.10000000000014 843.89450000000011 83.250000000000014 994.78700000000015 2675.3500000000004 33.750000000000007 411.52860681114561 29.875000000000004 228.25000000000003 541.19111733090915 31132.750000000004 686.34850000000017 223.25000000000003 17876.650000000005 464.935 27.675000000000004 21.125000000000004 2764.4500000000003 27604.989006250005 84.000000000000014 6810.2000000000007 14698.500000000002 415.43671052631584 222.25000000000003 6.8750000000000009 28329.000000000004 98.750000000000014 7.0250000000000012 33057.500000000007 614.79602684882423 563.31500000000017 0.96850000000000003 2952.3500000000008 161.25000000000003 4.9250000000000016 103.26499938964845 96.439998626708999 249.75000000000003 24.475000000000005 557.36504217715128 22.675000000000001 7.2750000000000012 103.25000000000001 183.75000000000003 226.02135333092824 43.250000000000007 34526.000000000007 32200.800000000003 41547.80000000001
decision_type=2 2 2 2 2 2 2 2 2 2 2 2 2 2 2 2 2 2 2 2 2 2 2 2 2 2 2 2 2 2 2 2 2 2 2 2 2 2 2 2 2 2 2 2 2 2 2 2 2
left_child=1 5 36 4 45 47 -6 8 9 10 24 12 13 30 37 21 28 38 20 -8 34 22 23 -16 40 -26 44 -28 41 -30 31 32 -7 -14 -4 -21 -3 -15 -12 -17 -5 42 -11 -40 -19 -2 -47 -1 -38
right_child=3 2 18 7 6 11 19 -9 -10 16 17 -13 33 14 15 39 -18 26 -20 35 -22 -23 -24 -25 25 -27 27 -29 29 -31 -32 -33 -34 -35 -36 -37 48 -39 43 -41 -42 -43 -44 -45 -46 46 -48 -49 -50
leaf_value=-0.017925464860629549 -2.9278514391806265 3.0287334492676776 2.0869412094271507 0.35517207801349321 -1.7596490549075821 -0.02091264153767379 -4.5493438067919465 -0.27645202160611398 0.074116113400012437 -1.0763498390724109 -0.0018747369800509253 -0.069718776547375891 0.020030234670929112 -0.02611885259760726 -0.019678487723187948 -0.00094500601847732457 0.10437350617070662 0.051654789349403936 4.0611244680693357 -1.298873816266245 -0.10818106922303869 0.043091634874374139 0.012680746223969523 0.010902723354422493 0.026316685812792246 1.0151933252680838 -0.8678932765781554 0.011043448763346189 -0.12671655529348391 0.10880576455460016 0.021459822669558273 0.045750945444075597 0.005669315306801659 0.0010096316157308743 -0.026309213155898903 0.36110765410060036 8.2898969219311667 -0.0036317565715103619 -1.0697873904909909 -0.036975775477074715 -0.21687995734226787 -0.021826533802497029 -0.050478059111768066 -0.0069796388898815433 0.38365410345202205 -5.6874738456678404 -1.3919522577900412 -0.029892173656740385 4.4523813802404364
leaf_weight=20 37 36 22 37 22 23 21 24 31 29 37 26 39 20 23 25 20 25 27 22 30 30 21 23 32 29 36 37 21 20 27 30 29 33 39 30 39 20 21 27 35 22 28 20 31 22 23 23 20
leaf_count=20 37 36 22 37 22 23 21 24 31 29 37 26 39 20 23 25 20 25 27 22 30 30 21 23 32 29 36 37 21 20 27 30 29 33 39 30 39 20 21 27 35 22 28 20 31 22 23 23 20
internal_value=0.000469208 0.00153374 0.00389671 -0.000505618 -0.00288136 0.000387244 -0.000105263 0.000280374 0.000567515 0.000208333 0.00111765 0.000959596 0.00135135 0.000536913 -0.000793651 0.000469799 -0.002 -0.000241546 0.00152542 0.00178082 0.00010989 0.00257732 0.000746269 -0.00173913 0.00323308 0.0057377 0.00131783 -0.000684932 -0.003 0.000243902 0.00284404 0.00146341 -0.000769231 0.00472222 0.00213115 0.00384615 0.00684211 -0.0055 -0.00282051 -0.00346154 0.00111111 -0.00468354 -0.00614035 -0.00512195 0.00392857 -0.00609756 -0.00422222 -0.00488372 0.00864407
internal_weight=1364 652 213 712 177 439 95 535 511 480 340 396 370 298 189 149 140 207 118 73 91 97 67 46 133 61 129 73 120 41 109 82 52 72 61 52 95 40 78 52 72 79 57 41 56 82 45 43 59
internal_count=1364 652 213 712 177 439 95 535 511 480 340 396 370 298 189 149 140 207 118 73 91 97 67 46 133 61 129 73 120 41 109 82 52 72 61 52 95 40 78 52 72 79 57 41 56 82 45 43 59
is_linear=0
shrinkage=0.01


Tree=33
num_leaves=52
num_cat=0
split_feature=72 70 37 70 16 23 39 10 73 72 6 0 75 16 6 98 10 72 69 0 42 29 2 82 65 98 6 100 91 91 73 39 10 23 87 75 25 16 32 34 2 36 27 34 14 69 37 6 37 0 2
split_gain=11.5068 14.4399 15.1745 12.8902 20.0331 12.2727 12.0527 9.48084 9.43445 10.1809 9.30221 8.69388 8.32743 11.9972 8.86804 7.49899 7.48356 9.26208 7.26977 10.0463 9.19738 8.8392 10.1314 8.05304 7.66891 7.27273 6.82505 6.15836 5.95238 8.24257 8.04329 5.60761 5.42741 5.38055 5.25888 6.41521 5.0129 4.84945 4.47189 7.2211 4.39921 4.352 3.85376 4.24242 3.23101 3.21429 2.84754 2.53266 2.41505 1.83995 0.459574
threshold=989.03650000000005 0.96850000000000003 37.750000000000007 963.64250000000015 6327.8500000000013 76.750000000000014 223.25000000000003 29216.800000000003 967.15300000000013 0.81050000000000011 2388.6800000000007 32014.850000000002 464.14774777946667 6370.7000000000007 8112.0400000000009 0.37152777777777785 38206.250000000007 0.92650000000000021 31132.750000000004 32594.900000000005 134.94999694824222 84.750000000000014 2527.1000000000004 132.25000000000009 29662.550000000003 0.59375000000000011 6692.9850000000015 0.19097222222222224 30439.583681250002 31885.172643750007 1107.2235000000003 233.75000000000003 34414.80000000001 53.250000000000007 0.61458333333333337 599.63168194686125 95.750000000000014 4439.8000000000002 143.25000000000003 41.750000000000007 2597.5000000000005 87.750000000000014 22.250000000000004 67.250000000000014 19643.200000000001 28735.500000000004 82.750000000000014 4010.2100000000005 98.750000000000014 32641.750000000004 2483.8000000000006
decision_type=2 2 2 2 2 2 2 2 2 2 2 2 2 2 2 2 2 2 2 2 2 2 2 2 2 2 2 2 2 2 2 2 2 2 2 2 2 2 2 2 2 2 2 2 2 2 2 2 2 2 2
left_child=1 2 -1 4 11 15 12 37 9 49 46 33 13 14 -4 36 17 44 23 20 25 -22 -23 38 -21 47 32 42 -26 -30 -31 -8 45 -2 35 -18 -3 -7 39 -12 -41 -38 -25 -44 -14 -11 -5 -20 50 -9 -35
right_child=3 5 6 10 -6 7 31 8 -10 26 18 -13 16 -15 -16 -17 34 -19 19 24 21 22 -24 27 28 -27 -28 -29 29 30 -32 -33 -34 48 -36 -37 41 -39 -40 40 -42 -43 43 -45 -46 -47 -48 -49 -50 -51 -52
leaf_value=-0.029571648083998908 -1.813534745089624 2.9656259665275138 -0.043978123660062075 -0.13465524639628249 0.18162347410815088 0.036500016246259967 0.025330698426231757 0.0052929494633660928 0.63850513814785337 -0.054043766456728246 1.6804073364710872 -1.5330997839827485 -0.012695464352295533 0.036658243085214474 0.0055858619289657586 4.5086847768582912 0.0048531029815878837 0.0088145775456256528 -2.168896407971427 0.66722622093835227 -0.033317351484111503 -0.63267616889262068 0.052836899352165248 -0.33010132599885039 -0.0088391703217226333 -3.1010383352544979 -0.055561751670489268 -1.2556133881124325 0.10621522861660583 -0.033233828775441884 0.16204400074813671 0.0018451391335880299 0.97212202053068097 -4.133893456633313 0.021534100926593674 -0.092378171896074973 -0.015834275754695721 0.78502890877544707 0.7653509453502213 1.0050413920154029 -0.0074862226042975103 3.3645184849009544 0.15117668872641193 0.00080401019228772304 -0.014703684974934609 -0.80656674074605361 -3.762538029936402 -0.068155281087861119 -6.6288370252464111 0.01809653592546754 -3.117182673967736
leaf_weight=39 20 26 21 21 35 21 25 20 38 24 28 34 29 24 32 29 32 26 21 30 26 20 31 20 35 20 20 22 33 35 37 33 22 20 23 21 24 33 22 21 29 31 22 20 34 21 23 23 20 21 27
leaf_count=39 20 26 21 21 35 21 25 20 38 24 28 34 29 24 32 29 32 26 21 30 26 20 31 20 35 20 20 22 33 35 37 33 22 20 23 21 24 33 22 21 29 31 22 20 34 21 23 23 20 21 27
internal_value=0.000483871 0.00142003 -2.94985e-05 -0.000417266 -0.00294872 0.00290909 0.000733333 0.00154545 0.000361446 -0.0009375 0.000315399 -0.00487603 -0.000247934 0.00246753 -0.000188679 0.00563636 -0.00151515 -0.00348315 0.000707071 -0.00022508 -0.00219858 0.00012987 0.00254902 0.00228261 0.00141176 -0.005 -0.00287356 0 0.000428571 0.00161905 -0.000277778 0.00482759 -0.00134328 -0.00655172 0.000789474 -0.000943396 0.00407407 0.00518519 0.0042 0.00307692 0.0008 0.00236364 0.0016129 0.00333333 -0.00555556 -0.00333333 -0.00409091 -0.00272727 -0.00791045 0.00317073 -0.00914894
internal_weight=1364 669 339 695 156 330 300 220 166 128 539 121 242 77 53 110 165 89 495 311 141 77 51 184 170 64 87 84 140 105 72 58 67 87 76 53 81 54 100 78 50 55 62 42 63 45 44 44 67 41 47
internal_count=1364 669 339 695 156 330 300 220 166 128 539 121 242 77 53 110 165 89 495 311 141 77 51 184 170 64 87 84 140 105 72 58 67 87 76 53 81 54 100 78 50 55 62 42 63 45 44 44 67 41 47
is_linear=0
shrinkage=0.01


Tree=34
num_leaves=49
num_cat=0
split_feature=1 59 20 65 69 67 3 16 65 76 94 83 71 66 74 86 63 89 26 32 35 35 65 67 67 32 76 76 63 62 88 5 62 24 32 70 16 46 20 66 71 78 20 69 16 1 11 26
split_gain=8.42111 16.5682 11.045 11.0392 10.7794 12.5006 10.49 8.84454 8.47335 8.02686 7.79692 8.01885 9.68573 7.66444 8.15408 11.3149 8.01815 7.5541 9.35874 7.51274 10.4908 7.08197 8.63014 9.1656 6.8244 6.70528 6.33316 6.30725 6.15395 8.58864 10.4274 5.96645 5.58036 5.18571 4.77726 4.66853 4.88067 4.53173 4.51312 5.89301 9.84545 4.40297 4.14016 3.54632 2.85466 2.81069 2.24516 1.77778
threshold=13926.85 -0.24999999999999994 2515.9500000000003 21342.000000000004 30950.700000000001 34999.700000000004 15928.650000000001 6438.1500000000005 35071.05000000001 30607.921875000004 625474.06285750039 1845.8000000000013 937.1735000000001 1.0895000000000004 1193.973322916667 912.20000000000016 32793.05000000001 1622.59183125 100.75000000000001 192.75000000000003 27.325000000000006 26.025000000000002 27011.500000000004 32945.000000000007 31724.900000000005 253.75000000000003 34827.276041666672 28662.427083333336 28099.150000000005 962.03250000000014 6341.0435416666678 6140.1600000000008 1393.8370000000002 8.6750000000000025 256.75000000000006 928.10000000000014 3919.5000000000005 102.89500045776369 1636.9000000000003 1044.8275000000001 687.30000000000007 1169.0591458333336 286.50000000000006 37677.150000000001 6522.4500000000007 14797.950000000003 36999.000000000007 29.250000000000004
decision_type=2 2 2 2 2 2 2 2 2 2 2 2 2 2 2 2 2 2 2 2 2 2 2 2 2 2 2 2 2 2 2 2 2 2 2 2 2 2 2 2 2 2 2 2 2 2 2 2
left_child=1 7 3 -3 5 27 10 34 19 28 11 12 32 25 16 45 47 21 -19 20 -8 24 -23 37 -12 33 -25 -2 29 35 -31 -28 -6 -13 42 36 -5 -24 39 40 -29 -11 -1 -10 -21 -16 -41 -15
right_child=4 2 -4 9 6 -7 8 -9 43 41 17 13 -14 14 15 -17 -18 18 -20 44 -22 22 23 26 -26 -27 31 38 -30 30 -32 -33 -34 -35 -36 -37 -38 -39 -40 46 -42 -43 -44 -45 -46 -47 -48 -49
leaf_value=-1.6891321325416671 0.0015000575421856893 1.3016222100466093 -2.4870468024236203 -1.1323585223481469 0.10903389546550543 -0.017527894010049633 0.30920589878589461 0.0075198149627182589 -0.20828736499834566 0.20493371852447698 -0.037278410232911473 -0.0075058379448975174 -3.3958532670645338 0.39205694429966115 -0.040277237660941677 0.027258796228320996 0.01014434013330452 -0.026275986289156325 0.035773168992041117 0.03673133904607756 -0.082125818556960162 0.031148133585320408 -0.031613787162196524 0.039148283551426521 0.04263705267879888 0.0056145244374465166 -2.3446815544466664 1.7142010969431056 -1.482227964038392 -0.00032711810726230277 2.0583177630228273 -0.0034059719633956101 -0.011138664593546519 0.0032423668672109046 -0.032008241374228134 -0.39460688042001862 0.19087782634254566 -2.5796452144649868 0.027155332094670727 4.7094446445686895 -0.06795450434882723 0.015621885427650957 -4.7820127759127828 0.017726902952820273 0.067361597813488022 -0.0031102830065436638 2.7736210826034124 1.1882725931553846
leaf_weight=21 32 33 25 21 28 29 27 24 20 21 24 35 39 20 21 36 31 37 24 20 20 33 35 22 37 23 20 24 39 38 26 39 36 21 20 21 30 34 34 29 20 32 32 22 33 20 31 25
leaf_count=21 32 33 25 21 28 29 27 24 20 21 24 35 39 20 21 36 31 37 24 20 20 33 35 22 37 23 20 24 39 38 26 39 36 21 20 21 30 34 34 29 20 32 32 22 33 20 31 25
internal_value=0.000395894 -0.000861619 0.00034965 0.000957854 0.00088685 0.00296482 0.000358056 -0.00443299 0.0028169 0.000175439 -0.0001875 0.000865672 -0.00145631 0.00189655 0.00320261 0.000909091 0.00552632 -0.00134426 0.00180328 0.0044 0.00148936 -0.00213115 -0.00311475 -0.00413333 0.000819672 -0.000632911 -0.00185185 0.004 -0.000857143 0.000147059 0.0028125 -0.00355932 0.0009375 -0.0025 -0.00616438 -0.00222222 -0.000588235 -0.00681159 0.00492754 0.00596154 0.00318182 0.00358491 -0.00773585 -0.000952381 0.00698113 -0.00268293 0.008 0.00822222
internal_weight=1364 383 286 261 981 199 782 97 142 228 640 335 103 232 153 77 76 305 61 100 47 244 183 150 61 79 81 170 175 136 64 59 64 56 73 72 51 69 138 104 44 53 53 42 53 41 60 45
internal_count=1364 383 286 261 981 199 782 97 142 228 640 335 103 232 153 77 76 305 61 100 47 244 183 150 61 79 81 170 175 136 64 59 64 56 73 72 51 69 138 104 44 53 53 42 53 41 60 45
is_linear=0
shrinkage=0.01


Tree=35
num_leaves=52
num_cat=0
split_feature=95 13 82 82 80 30 20 65 39 65 91 23 24 0 65 6 24 4 28 24 60 21 4 81 33 65 76 7 7 28 20 30 0 69 74 33 87 60 7 56 17 79 13 41 65 81 59 91 20 13 4
split_gain=13.3853 12.781 10.3786 7.55091 9.90806 9.6441 9.14248 12.0104 11.0726 9.70274 13.2234 8.88053 12.825 11.9863 7.33333 7.00006 6.78038 11.2418 10.9091 7.50637 8.53503 10.0999 17.7947 6.60666 6.54781 9.58706 7.63137 7.86176 6.90025 9.69358 6.13588 7.29175 6.0712 6.3755 5.85823 5.73883 5.71429 5.63642 5.37084 5.0903 5.07607 4.91733 4.76113 4.67583 4.3505 4.21643 4 3.87546 3.09594 2.81069 0.409756
threshold=1.0000000180025095e-35 1266.2500000000002 840.40000000000009 -0.029000000000000022 37717.435069444451 95.750000000000014 1340.2 24068.100000000002 110.25000000000001 29579.600000000002 25461.488818750004 90.750000000000014 8.6250000000000018 30618.650000000005 34163.100000000006 7012.5550000000012 13.475000000000001 3478.9800000000005 25.775000000000002 3.8750000000000004 1037.8880000000001 28.125000000000004 13103.040000000001 4765.3641483803076 28.750000000000004 32292.550000000003 32145.914583333335 17.525000000000002 104.105 22.275000000000002 1113.2500000000002 58.750000000000007 27201.650000000005 30326.550000000003 899.42678125000009 36.250000000000007 0.11458333333333336 1266.1170000000004 316.81000000000006 1.0000000180025095e-35 160.25000000000003 446.91132531714862 7808.4000000000005 87.250000000000014 30362.750000000004 4214.2484788522961 -0.68301270189221952 26107.352181250004 1196.8000000000004 4395.6500000000005 4173.5700000000006
decision_type=2 2 2 2 2 2 2 2 2 2 2 2 2 2 2 2 2 2 2 2 2 2 2 2 2 2 2 2 2 2 2 2 2 2 2 2 2 2 2 2 2 2 2 2 2 2 2 2 2 2 2
left_child=2 -2 3 4 16 -6 7 -5 -9 10 -8 15 13 -13 40 41 17 36 -18 -19 21 22 43 24 28 26 30 -28 29 -3 42 -32 -4 -34 45 -35 -1 -22 -30 -33 49 -10 47 -21 50 -14 -15 -26 -7 -11 -29
right_child=1 23 32 6 5 48 9 8 11 14 -12 12 34 46 -16 -17 18 19 -20 20 37 -23 -24 -25 25 -27 27 44 38 -31 31 39 33 35 -36 -37 -38 -39 -40 -41 -42 -43 -44 -45 -46 -47 -48 -49 -50 -51 -52
leaf_value=-0.0074022232219720131 -0.21721666665307957 0.4823189513491673 -2.8471925312538606 0.88336054508109241 -0.00064949553783359682 0.014014374819756816 -0.40745289447836686 -3.6630326874353614 -0.34059675769889147 -0.011483013992535616 0.19502986900368341 -0.2272579053025352 0.044100632739334129 0.012264317450293159 0.0020269386251012588 -0.022122089922922212 -2.3364660136051216 -3.1111407660151156 -0.0055717022401860338 -0.51638747257711315 0.26275138975899759 0.011868125365845136 0.021081838699504443 0.77307668146992559 0.80509896993634444 -0.19237821740643554 0.0052445787407779335 0.13990783707864843 -0.019118935027733718 -0.036324515836021677 -0.038671581694303521 2.2014933778089762 1.2094170066607917 -4.6745015859599572 0.045144732157967646 -0.02536964398789061 1.887516569258024 -0.012791443241661123 -0.0027978952586226458 -0.0075473432219035274 -0.13782651269153631 0.27611222655697937 0.017387762735330797 -0.86023150883566335 0.090673401721246563 0.020292774020722271 0.018928677008823017 0.033071055939964865 2.1260243313692655 -1.2522368833657849 2.071173874074927
leaf_weight=21 32 38 32 26 36 22 26 22 29 20 30 28 33 20 22 20 24 20 20 36 32 30 23 37 24 20 22 21 23 29 26 22 28 20 31 37 24 33 28 21 25 22 24 38 39 26 25 28 21 21 20
leaf_count=21 32 38 32 26 36 22 26 22 29 20 30 28 33 20 22 20 24 20 20 36 32 30 23 37 24 20 22 21 23 29 26 22 28 20 31 37 24 33 28 21 25 22 24 38 39 26 25 28 21 21 20
internal_value=0.000312273 0.00171806 -0.000379198 2.48139e-05 -0.001 0.0021519 0.000938967 0.00198582 0.00132813 -0.00111111 0.00214286 0.00196581 0.00325153 0.000136986 -0.00318182 -0.000985915 -0.00182724 -0.00120623 -0.00545455 -0.00216981 -0.0015625 -0.00307087 -0.00463918 0.00218009 0.00179221 0.00265918 0.00319838 0.00529412 -0.000169492 0.0019403 0.00172414 -0.000434783 -0.00316239 -0.00176471 0.00577778 -0.00368421 0.00333333 0.00138462 -0.00294118 0.00209302 -0.00484848 0.000980392 0.00368421 -0.00702703 0.00675 0.00762712 0.00333333 0.00538462 0.00534884 -0.00268293 0.00902439
internal_weight=1377 454 923 806 380 79 426 282 256 144 56 234 163 73 88 71 301 257 44 212 192 127 97 422 385 267 247 102 118 67 145 69 117 85 90 57 45 65 51 43 66 51 76 74 80 59 45 52 43 41 41
internal_count=1377 454 923 806 380 79 426 282 256 144 56 234 163 73 88 71 301 257 44 212 192 127 97 422 385 267 247 102 118 67 145 69 117 85 90 57 45 65 51 43 66 51 76 74 80 59 45 52 43 41 41
is_linear=0
shrinkage=0.01


Tree=36
num_leaves=52
num_cat=0
split_feature=68 16 8 71 95 87 94 3 3 100 88 77 44 67 37 76 83 26 71 68 82 34 2 10 91 8 17 3 88 37 68 95 0 76 37 16 68 36 83 68 65 26 33 17 16 0 36 91 7 62 19
split_gain=15.2192 15.0521 11.7754 10.0658 9.77423 11.6772 10.5574 10.2364 8.30864 8.26103 11.1285 8.62141 8.34056 10.226 9.1746 8.24424 8.16328 8.05904 7.9905 8.16461 7.63981 7.33635 7.0739 8.88251 6.41212 6.05944 6.01519 6.00025 5.91325 5.73442 5.68052 5.65933 7.20981 9.35067 6.97952 5.52791 6.3855 5.50725 7.40184 5.28785 5.81936 4.89215 4.66765 4.66667 4.4946 4.4493 4.29885 4.08333 3.22066 2.13333 1.05
threshold=1341.2500000000002 6468.5000000000009 393.23111111111115 899.63550000000009 1.0000000180025095e-35 0.48958333333333343 873365.55677812535 16054.800500000001 16366.481000000002 0.54513888888888895 9106.3041666666668 4199.0132389378259 3.0360000133514409 31459.050000000003 71.750000000000014 34047.06354166667 1671.9499999999991 8.7500000000000018 937.1735000000001 0.10200000000000002 -103.58799999999995 88.250000000000014 2834.1500000000005 29847.150000000005 31627.958775000003 405.85069444444451 247.65000000000001 13846.550000000001 10307.783958333335 80.750000000000014 925.05000000000007 1.0000000180025095e-35 30518.850000000002 30980.496875000001 64.250000000000014 6052.6000000000013 1002.7395 88.250000000000014 2065.4000000000001 1.1355000000000002 33223.150000000009 15.250000000000002 21.750000000000004 152.15000000000001 6043.2500000000009 33050.650000000009 83.250000000000014 27841.649831250001 1622.4000000000003 1185.7330000000002 1047.6500000000003
decision_type=2 2 2 2 2 2 2 2 2 2 2 2 2 2 2 2 2 2 2 2 2 2 2 2 2 2 2 2 2 2 2 2 2 2 2 2 2 2 2 2 2 2 2 2 2 2 2 2 2 2 2
left_child=2 3 -1 16 6 35 7 9 -9 10 12 18 22 14 -14 26 27 -12 19 44 -5 37 23 -4 -13 46 45 49 -19 -17 -16 -27 -33 -34 -35 42 -37 38 -18 40 -30 -15 -6 -36 -11 -3 -22 -25 -21 -2 -44
right_child=1 15 4 20 5 -7 -8 8 -10 11 17 24 13 41 30 29 21 28 -20 48 25 -23 -24 47 -26 31 -28 -29 39 -31 -32 32 33 34 43 36 -38 -39 -40 -41 -42 -43 50 -45 -46 -47 -48 -49 -50 -51 -52
leaf_value=-1.8898997574076808 -4.0569281969565978 0.13912225436528528 0.032710631046920381 -1.0880610716528092 2.6511530542931885 -0.044498460561670374 0.053701553748162899 0.15677184510804312 0.0048380845577393541 0.0095128854492866517 0.0083715493984081006 0.0079308243942368198 2.8265638729482401 0.89224363626412184 0.0066090985236728853 0.058409779588429751 0.043585778412795123 -0.050950190300128852 -0.012663528809244512 0.029196612861128256 0.85246598279697905 -5.9448785217154061 0.14446266246455441 -0.47433464256373314 -0.019667215542668457 -1.3472356546161519 -0.0031365931610589414 -0.059533064170216018 -0.014779738023217238 -0.64465519658232606 -3.7675803334824831 1.2837827984326513 -0.018256025924821073 -0.006618593571184184 0.077003097162316139 8.2757533797352192 -0.010859662360148988 0.25865138602829169 -4.7775987656052639 0.0031978326927945598 -0.0001445482699762023 3.7417848637544999 5.8300984907053595 0.0062501486856290246 -0.0038364625539135306 0.010646592353021638 -0.0064893323047058487 -0.9711197271529165 0.024475833557183233 -3.0696287156377422 2.7508956123493471
leaf_weight=33 30 34 21 37 20 22 37 28 37 25 26 24 21 23 20 26 24 28 21 34 29 26 26 24 20 37 24 31 37 25 22 25 33 23 21 20 29 30 22 27 28 33 28 21 26 21 22 24 28 24 20
leaf_count=33 30 34 21 37 20 22 37 28 37 25 26 24 21 23 20 26 24 28 21 34 29 26 26 24 20 37 24 31 37 25 22 25 33 23 21 20 29 30 22 27 28 33 28 21 26 21 22 24 28 24 20
internal_value=0.000428468 -0.000831858 0.00130542 -0.00172414 0.00155327 0.00395683 0.00103125 0.000713101 0.00446154 0.000260223 -0.000611111 0.00202247 0.000841121 0.00260504 -0.00015873 0.00215385 -0.00347594 -0.00273973 0.00328358 0.00433628 -0.000403226 -0.00156863 -0.00136842 -0.00304348 -0.00181818 0.000331754 0.00417722 -0.00576471 -0.00383333 -0.000980392 -0.00285714 -0.000625 0.000406504 -0.000816327 0.00138462 0.00521368 0.00265306 0 -0.00217391 -0.0026087 -0.00415385 0.00571429 0.00705882 0.00380952 0.00137255 0.006 0.00333333 -0.00541667 0.00677419 -0.00777778 0.00875
internal_weight=1377 565 812 435 779 139 640 603 65 538 360 178 214 119 63 130 187 146 134 113 248 102 95 69 44 211 79 85 120 51 42 160 123 98 65 117 49 76 46 92 65 56 68 42 51 55 51 48 62 54 48
internal_count=1377 565 812 435 779 139 640 603 65 538 360 178 214 119 63 130 187 146 134 113 248 102 95 69 44 211 79 85 120 51 42 160 123 98 65 117 49 76 46 92 65 56 68 42 51 55 51 48 62 54 48
is_linear=0
shrinkage=0.01


Tree=37
num_leaves=51
num_cat=0
split_feature=72 16 60 39 95 17 78 16 5 2 90 65 1 31 60 4 16 16 60 73 7 88 16 74 26 90 63 60 73 32 82 19 19 14 42 73 82 25 42 98 78 73 1 83 77 32 14 32 60 43
split_gain=12.9384 15.2625 15.2596 10.1962 10.4626 10.0723 8.38883 11.5113 9.25006 9.6019 12.064 9.87429 8.45601 8.50996 8.22378 8.05849 7.85379 7.64354 7.3673 9.31989 8.00159 7.1771 9.25926 7.62222 6.92488 6.89424 6.85801 7.33333 6.33296 6.1661 7.139 6.21331 10.2181 8.02222 5.8298 5.76388 5.5254 5.3775 7.98981 6.97236 5.33968 4.99411 4.66667 4.51269 4.47481 4.40682 3.4381 2.5 1.8383 0.964286
threshold=1341.3900000000001 6468.5000000000009 997.60000000000014 244.75000000000003 1.0000000180025095e-35 40.550000000000004 498.94161111111117 7024.7500000000009 7387.4450000000006 2739.6500000000005 2353.0783500000002 28039.900000000005 13878.000000000002 7.4250000000000007 944.05600000000015 3669.8650000000002 5880.2500000000009 6064.3000000000011 938.15000000000009 0.99950000000000017 1173.8500000000001 9482.9725000000017 5596.8000000000011 648.95195833333344 72.000000000000014 1558.3711500000004 29611.850000000002 1417.6400000000001 776.18350000000009 214.75000000000003 27.689000000000025 676.80000000000007 1047.6500000000003 16222.150000000001 109.20000076293947 992.56750000000011 -0.076499999999999943 75.250000000000014 136.80000305175784 0.51041666666666674 1131.6787013888891 728.53150000000016 17505.150000000005 1723.1499999999999 4183.7506324684546 201.25000000000003 21142.000000000004 188.75000000000003 1.0410000000000001 83.510002136230483
decision_type=2 2 2 2 2 2 2 2 2 2 2 2 2 2 2 2 2 2 2 2 2 2 2 2 2 2 2 2 2 2 2 2 2 2 2 2 2 2 2 2 2 2 2 2 2 2 2 2 2 2
left_child=3 2 16 4 6 15 12 8 9 10 28 -11 -1 18 -6 -4 48 34 19 20 -14 -10 36 42 -15 40 27 -16 43 31 -31 -7 -33 44 -13 49 -23 38 39 -3 -17 -21 -24 -8 -34 -30 -25 -39 -2 -28
right_child=1 37 5 -5 14 29 7 -9 21 11 -12 17 13 24 26 25 -18 -19 -20 41 -22 22 23 46 -26 -27 35 -29 45 30 -32 32 33 -35 -36 -37 -38 47 -40 -41 -42 -43 -44 -45 -46 -47 -48 -49 -50 -51
leaf_value=0.13511232528747966 -6.4177263507177997 0.085305576639832223 0.32051671871829485 -0.036846861891293013 -0.010062951047583117 -2.200011198152128 1.5978619411450621 0.3444836873927774 -1.1419826875465413 0.551524448787722 -2.5790367610715363 -0.15399118971080339 0.0085096050525019437 0.0049452487664508032 3.832524660657822 0.15205199838697805 -1.9885955660331938 1.9056710452940819 -0.0063563206055148695 0.025574260528819261 -0.013798805657105728 0.036404830778490931 0.0091770655525750568 -0.0067008751890289698 -0.034448504652188336 0.051942178786327488 9.9471985259656233 -0.06878352663111606 0.099874099134978661 0.021272239308972107 -0.90005394804136407 0.27311664672435704 -0.021864989031125655 0.033505716958949945 0.44051602957292069 0.58662411726850527 -0.001975639967539241 -0.10917947179919957 0.038314402269974603 -0.010387089360464473 -0.07577281916801798 0.019157702781548151 -0.0058904532278652548 -0.00069958263402105758 -3.1232249069125464 -0.63304616122216761 -0.017802711623897897 0.039954619870874959 -7.3270634480991177 8.5108317089764505
leaf_weight=30 20 26 27 39 24 37 29 30 30 30 32 25 36 35 25 20 32 21 23 38 20 21 21 28 26 39 27 30 34 34 20 23 37 30 24 29 24 20 22 23 36 23 21 24 23 21 20 20 27 21
leaf_count=30 20 26 27 39 24 37 29 30 30 30 32 25 36 35 25 20 32 21 23 38 20 21 21 28 26 39 27 30 34 34 20 23 37 30 24 29 24 20 22 23 36 23 21 24 23 21 20 20 27 21
internal_value=0.000399419 -0.000852713 -0.00175309 0.00114983 0.00138686 -0.000797546 0.000840841 2.29885e-05 -0.000419753 0.000833333 -0.000857143 0.0032 0.00238095 0.00164179 0.00371795 0.00147541 -0.0056962 0.00114286 0.003 0.00401709 0.00107143 -0.00224242 -0.00125926 -0.00311111 -0.00147541 0.000105263 0.00469697 0.002 0.000740741 -0.00215686 0.000740741 -0.0032 -0.0020354 -0.00355556 -0.00102041 0.00662338 0.00244444 0.00243243 0.00408451 0.00183673 -0.00214286 0.00672131 0 0.00320755 -0.00566667 -0.00163636 -0.00583333 -0.0005 -0.00829787 0.00875
internal_weight=1377 516 405 861 822 326 666 435 405 240 140 100 231 201 156 122 79 70 140 117 56 165 135 90 61 95 132 55 108 204 54 150 113 90 49 77 45 111 71 49 56 61 42 53 60 55 48 40 47 48
internal_count=1377 516 405 861 822 326 666 435 405 240 140 100 231 201 156 122 79 70 140 117 56 165 135 90 61 95 132 55 108 204 54 150 113 90 49 77 45 111 71 49 56 61 42 53 60 55 48 40 47 48
is_linear=0
shrinkage=0.01


Tree=38
num_leaves=54
num_cat=0
split_feature=6 4 68 67 24 70 6 81 21 0 100 100 88 85 75 6 19 33 96 34 4 13 19 42 13 85 34 30 34 81 33 39 2 24 25 88 13 6 21 65 67 69 65 0 67 24 81 7 94 68 94 64 0
split_gain=9.9671 17.1107 12.0777 15.8512 10.0833 9.29845 15.0357 9.08459 8.97855 8.71253 12.2906 8.65031 8.32872 10.9162 8.67097 9.54545 7.83704 7.80578 8.68697 7.7079 7.06958 9.35679 8.95843 8.47724 7.48831 6.81118 6.26939 8.04717 6.0659 5.79571 6.44855 9.02004 6.75232 6.36742 5.70757 7.99633 5.59841 5.54113 5.28588 5.21998 6.25541 5.15921 4.67385 4.65092 4.30507 7.0289 3.9058 3.6 3.30172 3.17794 2.77688 2.72727 1.718
threshold=2984.3400000000006 3391.1550000000007 828.05000000000007 32852.55000000001 11.925000000000002 998.8660000000001 11576.050000000001 4676.0364883545872 27.525000000000002 31498.850000000002 0.024305555555555556 0.50347222222222232 10955.157083333334 1427.0120000000004 509.84765017899019 9890.8500000000022 1142.7000000000003 28.250000000000004 1.0000000180025095e-35 43.750000000000007 1679.2700000000002 1266.2500000000002 1805.4500000000003 116.10000228881837 2659.0000000000005 1410.1010000000003 99.250000000000014 99.250000000000014 32.750000000000007 4279.3588071388913 64.250000000000014 190.75000000000003 2850.0500000000006 7.8250000000000011 17.750000000000004 3960.0693749999996 8241.8000000000011 5504.2000000000016 26.825000000000006 26265.250000000004 30970.050000000003 32104.800000000007 30293.550000000007 34296.55000000001 30942.900000000005 8.9750000000000032 4026.9740668462559 20.545000000000005 638131.22696875012 1475.4665000000002 680476.27213375026 349.75200000000007 29875.250000000004
decision_type=2 2 2 2 2 2 2 2 2 2 2 2 2 2 2 2 2 2 2 2 2 2 2 2 2 2 2 2 2 2 2 2 2 2 2 2 2 2 2 2 2 2 2 2 2 2 2 2 2 2 2 2 2
left_child=7 9 3 25 5 6 11 20 -8 10 46 43 13 50 -14 -16 -13 19 26 28 -1 -22 23 48 -25 38 27 29 -15 30 -19 32 -32 -33 -11 -36 49 -31 -3 47 -41 -37 -43 -5 45 52 -2 -12 -23 -21 -4 -46 -27
right_child=1 2 12 4 -6 -7 8 -9 -10 34 39 16 14 17 15 -17 -18 18 -20 36 21 22 -24 24 -26 44 -28 -29 -30 37 31 33 -34 -35 35 41 -38 -39 -40 40 -42 42 -44 -45 51 -47 -48 -49 -50 -51 -52 -53 -54
leaf_value=0.013392348749280419 0.15137178833034762 0.076270658988725842 -6.4973075453564419 -0.026545098810478951 0.013728424674460225 8.3733813163967312 0.015311141455723416 -2.7447369741703351 -0.00014886072624810989 -0.0047658252199849101 0.91223184491065801 -0.0061197690167810407 0.10847683064931044 -0.19002799348267463 0.11625130706007929 -0.030394678305767499 0.0028973058067786016 -0.079245231283135056 -8.6965965585251261 -0.6921232855503775 -1.0005245276846626 -0.022496161081308648 0.14514251537758405 -0.1002549090086345 0.17126554621511997 0.15291422353957734 -0.89278856360550807 1.0712523721062162 0.047266213328002592 1.763921135593236 0.61044724508796921 -0.32372686496694519 -0.00021508346367067233 0.012692896518094163 0.0072103923958123598 1.2141948312128696 -0.31354520214744619 -0.0014494959399598245 -0.0068832622481273219 -0.55902923872754096 1.0480171376293392 0.024679841433653121 0.78121203023496411 -0.0051884592549117162 0.022223687588848313 -0.022606373867695588 -0.33797900863333036 0.6556783359142988 -2.9991687093539543 -2.7529988914921764 -4.9654520550635128 8.5105242752916528 7.2560715746604068
leaf_weight=35 22 20 23 38 24 21 23 20 27 22 20 24 20 36 22 20 30 27 23 20 37 22 24 20 22 20 35 34 37 22 33 22 20 32 32 36 22 20 33 22 20 21 32 29 20 22 24 20 27 27 28 24 21
leaf_count=35 22 20 23 38 24 21 23 20 27 22 20 24 20 36 22 20 30 27 23 20 37 22 24 20 22 20 35 34 37 22 33 22 20 32 32 36 22 20 33 22 20 21 32 29 20 22 24 20 27 27 28 24 21
internal_value=0.000428468 0.000786325 0.000122358 0.00148936 -0.000277778 -0.00104167 -0.00181287 -0.0015942 0.0028 0.00298893 0.00109375 -0.00371901 -0.000860421 -0.00132321 0.00258065 0 -0.000740741 -0.000780488 0.000223881 -0.00267606 -0.000909091 -0.00184211 -0.000434783 -0.00186813 0.00142857 0.003875 0.00077551 0.00142857 -0.000410959 0.000568182 -0.000447761 0.000654206 0.00358491 -0.00222222 0.00468531 0.00553719 -0.00507246 0.00380952 0.000943396 0.00341463 0.000952381 0.00707865 0.00509434 -0.0061194 0.0053271 0.00365079 -0.00304348 0.006 -0.00469388 -0.00702128 -0.00568627 0.00772727 0.00609756
internal_weight=1377 1170 899 376 216 192 171 207 50 271 128 121 523 461 62 42 54 410 268 142 187 152 115 91 42 160 245 210 73 176 134 107 53 54 143 121 69 42 53 82 42 89 53 67 107 63 46 40 49 47 51 44 41
internal_count=1377 1170 899 376 216 192 171 207 50 271 128 121 523 461 62 42 54 410 268 142 187 152 115 91 42 160 245 210 73 176 134 107 53 54 143 121 69 42 53 82 42 89 53 67 107 63 46 40 49 47 51 44 41
is_linear=0
shrinkage=0.01


Tree=39
num_leaves=54
num_cat=0
split_feature=75 31 27 68 64 79 20 90 31 40 27 40 90 100 79 39 84 34 86 75 64 47 14 14 43 82 96 34 10 76 76 34 94 39 98 0 88 40 0 66 7 82 26 64 19 40 19 39 84 88 27 90 0
split_gain=10.5439 13.0187 9.91409 10.704 20.0073 10.6692 10.2931 9.57216 14.1366 9.4705 9.42518 12.0448 9.2088 12.4857 9.68064 9.55726 9.15477 8.68928 8.59524 8.32079 7.76666 9.58023 7.553 7.26272 7.21302 6.78352 6.54785 6.18857 5.81172 5.33357 7.26719 5.2505 5.21967 5.1146 4.88195 4.84848 5.67273 4.31726 4.11836 5.02002 4.01408 3.80501 3.56194 3.49898 3.37191 3.26552 8.08178 11.0554 2.84091 3.79522 2.79885 2.67442 0.113043
threshold=651.58697009083528 1.6250000000000002 109.25000000000001 1341.2500000000002 1096.3905000000002 690.51822226053753 954.25000000000011 2179.2361500000006 3.1250000000000004 141.75000000000003 81.750000000000014 120.25000000000001 1421.7808500000003 0.57986111111111127 250.45520650149919 145.25000000000003 222.81059375000001 68.750000000000014 510.6375000000001 536.89052530378297 961.11750000000018 1.0000000180025095e-35 16698.700000000004 12527.400000000001 81.224998474121108 -0.069999999999999937 1.0000000180025095e-35 78.750000000000014 27472.000000000004 30607.921875000004 31343.943750000002 43.750000000000007 666487.8624037503 192.75000000000003 0.010416666666666668 29633.550000000007 6371.8231249999999 68.750000000000014 29554.150000000005 1.0000000180025095e-35 154.49000000000004 6.4560000000000182 1.7500000000000002 1.0935000000000004 942.9000000000002 54.750000000000007 1522.5500000000004 146.75000000000003 590.73700000000019 5023.8300000000008 118.25000000000001 1943.3074500000002 30826.550000000003
decision_type=2 2 2 2 2 2 2 2 2 2 2 2 2 2 2 2 2 2 2 2 2 2 2 2 2 2 2 2 2 2 2 2 2 2 2 2 2 2 2 2 2 2 2 2 2 2 2 2 2 2 2 2 2
left_child=1 -1 3 5 16 7 35 12 -9 17 11 32 13 14 -3 22 -5 -10 26 28 21 24 41 -22 43 -17 -4 -12 -8 -30 -31 -18 40 -27 -15 -6 42 -25 -19 -40 -2 -16 -37 -14 -13 -32 -47 -48 -33 -50 -28 -44 -39
right_child=10 2 18 4 6 -7 19 8 9 -11 27 44 20 34 15 25 31 38 -20 -21 23 -23 -24 37 -26 33 50 -29 29 30 45 48 -34 -35 -36 36 -38 52 39 -41 -42 -43 51 -45 -46 46 47 -49 49 -51 -52 -53 -54
leaf_value=1.4640476675482117 0.014743353069623533 -0.883860677969453 0.07389139299150467 0.16811013956485574 -0.55186696662991908 7.6722444017055338 -2.8020856005475139 -0.071844060912512622 -0.029339290479873201 -0.031518623205483258 -0.0028801827744248478 0.041088350466811842 0.034715019792245991 0.011868097812015381 0.22409516859415612 -0.070872393331631547 -1.2344907786482089 0.0097077968397221853 -1.5189644994344562 0.089917541186821714 0.12822608741459643 -0.017286727797775611 -0.2238138548443121 4.0708607511166202 -0.013985680768313125 -0.02180749562187461 -0.029185956492397549 -0.041674392689607695 -0.018767229406580183 0.037750612656694077 -0.48348448551512496 -5.1051493736798346 -0.38823594458465394 0.048118175451932255 0.054016830561191921 0.016593012646326021 0.0017282610407276335 1.6807452419754521 0.0026320425484206429 0.41517934983696819 -0.038866896293636384 1.775102372334971 0.029588033160489635 0.015614156589490343 0.28750172958874937 0.071489560374058819 0.024062411621288603 -1.4723625982713866 -2.083099582505338 -4.7323702202891171 -0.0068144296256460492 0.30916694004055451 3.550094117420318
leaf_weight=23 26 27 37 22 22 20 24 21 38 29 25 26 27 20 24 39 23 30 24 39 20 24 24 20 20 24 26 35 36 20 23 20 32 34 27 22 33 20 21 34 29 22 20 20 20 29 20 22 21 23 21 23 26
leaf_count=23 26 27 37 22 22 20 24 21 38 29 25 26 27 20 24 39 23 30 24 39 20 24 24 20 20 24 26 35 36 20 23 20 32 34 27 22 33 20 21 34 29 22 20 20 20 29 20 22 21 23 21 23 26
internal_value=0.000457516 0.000810811 0.000663221 0.000959164 -0.000226244 0.00181669 0.000990991 0.0015736 -0.000404624 0.000657895 -0.00170984 -0.000225564 0.00239234 0.00112033 0 0.000898204 -0.00394495 0.00186992 -0.00222222 -0.000328638 0.00412429 0.00208791 0.00371429 0.00627907 0.00402985 -0.00113402 -0.000714286 -0.005 -0.00126437 -0.000533333 0.000526316 -0.0054023 -0.00241379 0.00103448 0.00574468 0.00333333 0.00428571 0.00787879 0.00364706 0.00527273 -0.000545455 0.00608696 0.006 0.00617021 0.00391304 -0.000638298 0.000422535 -0.00238095 -0.006875 -0.00545455 -0.00319149 0.00767442 0.00956522
internal_weight=1377 1184 1161 1053 442 611 333 591 173 152 193 133 418 241 194 167 109 123 108 213 177 91 70 86 67 97 84 60 174 150 114 87 87 58 47 120 98 66 85 55 55 46 65 47 46 94 71 42 64 44 47 43 46
internal_count=1377 1184 1161 1053 442 611 333 591 173 152 193 133 418 241 194 167 109 123 108 213 177 91 70 86 67 97 84 60 174 150 114 87 87 58 47 120 98 66 85 55 55 46 65 47 46 94 71 42 64 44 47 43 46
is_linear=0
shrinkage=0.01


Tree=40
num_leaves=53
num_cat=0
split_feature=64 39 78 34 86 1 37 71 1 67 74 74 67 83 68 33 83 4 17 19 94 36 79 4 30 79 78 24 68 37 39 34 44 68 67 46 37 37 43 37 43 43 31 1 87 33 39 2 1 3 68 3
split_gain=19.6085 13.0365 12.0664 12.9106 13.7348 8.41049 7.94731 7.93623 7.59554 7.62624 7.49543 9.22732 7.43 8.42138 8.42143 7.42074 7.27126 6.63988 8.17655 6.5793 11.3978 6.5627 8.74686 7.54138 10.5 7.17781 6.91026 11.1646 6.46154 6.45817 9.30337 6.20644 6.4 6.04984 11.3143 6.04621 5.62637 10.1333 5.23989 5.12 4.91903 8.05585 7.65423 6.64835 6.1655 4.9 4.50451 3.94342 3.85495 3.31201 3.3 0.921951
threshold=1398.6000000000001 211.75000000000003 389.77854166666674 72.750000000000014 0.060000000000000012 14088.850000000002 32.250000000000007 645.71500000000003 15965.357000000002 35625.700000000004 1342.4668645833337 1210.5110520833334 28771.550000000003 1768.3499999999988 992.56750000000011 24.250000000000004 1261.000000000002 3478.9800000000005 153.55000000000004 1084.5000000000002 554352.83648281277 88.250000000000014 676.22824108296095 3478.9800000000005 80.750000000000014 619.75692165551743 637.56367708333335 7.3250000000000011 997.60000000000014 65.250000000000014 197.25000000000003 82.250000000000014 2.8270000219345097 931.92050000000006 29554.150000000005 104.63000106811525 21.750000000000004 50.250000000000007 72.845001220703139 91.250000000000014 82.329998016357436 93.079998016357436 6.5250000000000012 14344.400000000003 0.052083333333333336 126.25000000000001 110.25000000000001 2649.9500000000003 16325.650000000003 14126.700000000003 828.05000000000007 14656.699000000002
decision_type=2 2 2 2 2 2 2 2 2 2 2 2 2 2 2 2 2 2 2 2 2 2 2 2 2 2 2 2 2 2 2 2 2 2 2 2 2 2 2 2 2 2 2 2 2 2 2 2 2 2 2 2
left_child=2 17 29 4 8 33 -7 15 16 -10 11 21 -9 -14 -15 -6 -4 18 36 -20 -21 23 26 -8 -25 -26 27 -23 -19 45 35 51 -33 34 -5 38 -2 -38 -31 -18 43 42 -42 -30 -45 -1 -39 -35 -32 -48 -28 -3
right_child=1 31 3 5 7 6 10 12 9 -11 -12 -13 13 14 -16 -17 39 28 19 20 -22 22 -24 24 25 -27 50 -29 40 30 48 32 -34 47 -36 -37 37 46 -40 -41 41 -43 -44 44 -46 -47 49 -49 -50 -51 -52 -53
leaf_value=-0.050099791925462205 2.8381221872761717 10.924771133144752 -1.8445270161131813 0.1470496604401198 0.035020777576738882 -0.079409442472730088 0.031553416858205938 1.2262650670238577 0.36632104826155043 -0.0019043272800522814 -2.2081129672423581 2.8169450559111158 -1.8463979555234802 -0.42450450032683096 0.16767219835445893 1.2900939995911811 0.19006137571433815 10.112859137322845 0.045030858278867943 0.0074190873974495052 -0.023068508562391 -0.0081284946944115474 -0.051421008305988503 -0.069492483097560939 0.0025335091964494151 -0.01865255222680012 0.04102026690673552 0.046230109127408235 -0.26685318152585108 -0.018584890730443854 0.049192487247753811 -0.00066638928075221204 0.87188519248667062 -4.5996591530560424 -0.071125620303387496 -0.0090422800044010782 -0.53189659462334116 0.017406571894449267 0.023612361903022818 -2.9910971429092847 -0.017872594973482141 -0.9789218871539126 0.072883743715854377 -0.09659428956550814 0.028468244255117906 0.016442097345016858 0.45801545018846768 -0.99597035424759295 0.0065932091295918763 1.0829868414676369 0.027811534041887659 0.55533548278486977
leaf_weight=20 21 21 35 20 30 21 20 34 34 26 25 26 24 20 37 39 25 26 35 29 25 25 23 21 38 37 20 27 28 21 29 20 20 39 35 20 20 23 32 25 22 27 27 30 22 20 22 20 31 31 24 20
leaf_count=20 21 21 35 20 30 21 20 34 34 26 25 26 24 20 37 39 25 26 35 29 25 25 23 21 38 37 20 27 28 21 29 20 20 39 35 20 20 23 32 25 22 27 27 30 22 20 22 20 31 31 24 20
internal_value=0.000488506 0.00215352 -0.00035753 -0.000906667 0.000577508 -0.00206651 -0.00120521 0.0023913 -0.00172414 0.001 -0.000769231 -0.000268199 0.000782609 -0.000864198 0.00122807 0.00507246 -0.00364706 0.00139175 0.00262136 0.000337079 -0.00185185 -0.000893617 0.000756303 -0.00258621 -0.00375 -0.002 0.00208333 -0.000384615 0 0.00202312 0.00308271 0.00580247 0.003 -0.00438596 -0.002 0.000684932 0.00435897 0.00333333 0.00245283 -0.0012 -0.000769231 0.00105263 0.00346939 -0.0025 -0.000384615 -0.0015 0.005 -0.00661017 0.006 0.00660377 0.005 0.00853659
internal_weight=1392 469 923 750 329 421 307 184 145 60 286 261 115 81 57 69 85 388 206 89 54 235 119 116 96 75 96 52 182 173 133 81 40 114 55 73 117 96 53 50 156 76 49 80 52 40 76 59 60 53 44 41
internal_count=1392 469 923 750 329 421 307 184 145 60 286 261 115 81 57 69 85 388 206 89 54 235 119 116 96 75 96 52 182 173 133 81 40 114 55 73 117 96 53 50 156 76 49 80 52 40 76 59 60 53 44 41
is_linear=0
shrinkage=0.01


Tree=41
num_leaves=56
num_cat=0
split_feature=96 100 62 81 72 10 27 38 72 62 75 93 73 94 33 22 62 0 69 8 92 17 94 28 10 10 88 35 33 70 73 75 46 67 73 16 88 94 94 88 25 22 38 22 14 25 8 93 69 83 0 16 17 48 93
split_gain=15.6249 18.7004 11.7562 19.1546 11.4926 11.4209 10.7969 9.92159 9.84563 9.77642 9.73453 9.46846 8.7301 12.809 10.4143 11.094 10.2401 8.27133 14.0986 8.19156 8.06434 7.73402 7.48309 7.07274 7.42922 6.69996 6.60761 9.63333 6.13636 6.51261 5.84657 5.7933 5.22451 5.14662 5.10145 5.02064 4.75403 7.21369 7.91028 4.69832 8.91675 4.66667 4.61403 4.225 3.90648 3.6 3.42857 3.27758 3.73343 3.27273 3.17593 2.57198 2.49161 2.14815 1.6
threshold=1.0000000180025095e-35 0.67013888888888895 1380.8500000000001 3797.5504132477404 815.00000000000011 38206.250000000007 75.750000000000014 10.875000000000002 661.75000000000011 1.0000000180025095e-35 500.01900851513028 422.78380116959073 1456.0500000000004 583975.1046809376 63.250000000000007 74.250000000000014 1158.0765000000004 29911.350000000002 32683.200000000004 417.69184210526322 22091.899206250007 156.05000000000004 714759.16973062523 29.675000000000004 32585.050000000007 39878.850000000013 7806.230833333334 25.475000000000005 93.750000000000014 881.4765000000001 0.99950000000000017 378.21205901363413 105.22500228881837 34004.100000000006 738.69850000000008 5971.6000000000013 3815.7912500000007 556213.95312406274 599397.32797906268 5023.8300000000008 48.250000000000007 88.250000000000014 6.5250000000000012 89.250000000000014 15337.35 59.750000000000007 412.94705128205135 407.64358974358981 34832.400000000009 2161.3999999999983 35238.000000000007 5654.8000000000002 17.050000000000004 1.0000000180025095e-35 415.56486842105267
decision_type=2 2 2 2 2 2 2 2 2 2 2 2 2 2 2 2 2 2 2 2 2 2 2 2 2 2 2 2 2 2 2 2 2 2 2 2 2 2 2 2 2 2 2 2 2 2 2 2 2 2 2 2 2 2 2
left_child=2 4 3 26 6 7 20 11 21 22 31 12 13 14 15 -5 17 -15 34 53 -2 -4 32 24 30 -7 27 -1 -29 -30 -10 -8 50 43 -19 -14 -32 42 51 -40 -41 -27 -38 -26 -17 -22 -35 -12 -49 -28 -3 -39 -31 -6 -45
right_child=1 9 8 5 19 25 10 -9 23 -11 47 -13 35 16 -16 44 -18 18 -20 -21 45 -23 -24 -25 33 41 49 28 29 52 36 -33 -34 46 -36 -37 37 38 39 40 -42 -43 -44 54 -46 -47 -48 48 -50 -51 -52 -53 -54 -55 -56
leaf_value=1.0752424910245042 0.016515946366208033 0.022590605920564482 10.812824616677572 -0.28489398654563575 -5.1279299284233648 0.48569446378271941 -0.068883888580148725 -3.3305247325475853 -0.2020696888334059 -0.0076823711048847332 -0.010838902192284424 0.21461080260034529 -2.6747676166162235 -0.51541969588057979 -0.2780816395483664 0.057321435148854308 -1.6604298420989383 1.5244598387427777 -0.060422225550876812 -2.0393803115535332 -0.046433772001903108 4.1116316601998975 -0.0050693987926250959 -0.12207332324828225 0.024257030764616196 0.072874363721170746 7.2279164309362978 -0.3818700321999684 -0.19461551892619228 2.4572301737358999 -0.010791571340032429 0.0043737889559294718 0.0029604986916296596 -0.027374880599641455 0.0010716215907924768 -0.10498640610069555 0.91998918455500889 0.0058533684616638437 0.5569990611602178 -0.016365314132406002 0.083478980265355981 -0.0070916967314742863 0.017037542611815299 0.087572130778758112 2.2467241213641511 0.016437502415597566 0.58143616652535335 -0.015649805247999918 -0.0029888953977219523 0.50226016556323683 0.030901709038420475 -0.050917586667865583 0.82749169883081442 -11.131657889746448 0.53679070164882559
leaf_weight=24 26 27 28 22 25 31 20 26 29 33 20 28 31 31 24 20 23 24 30 22 20 23 23 20 32 21 22 30 23 20 26 31 20 21 22 22 37 22 20 22 36 21 21 20 39 20 21 28 27 22 21 23 23 29 20
leaf_count=24 26 27 28 22 25 31 20 26 29 33 20 28 31 31 24 20 23 24 30 22 20 23 23 20 32 21 22 30 23 20 26 31 20 21 22 22 37 22 20 22 36 21 21 20 39 20 21 28 27 22 21 23 23 29 20
internal_value=0.000416667 -0.00127551 0.00108 0.00015544 -0.00276119 -0.000987952 -0.00145833 -0.00175439 0.00235154 0.00193548 -0.0031746 -0.00126582 -0.00180556 -0.000978723 0.00161905 0.00333333 -0.00307692 -0.0017757 0 -0.00605263 0.00181818 0.00647059 0.00362637 0.00178378 0.00211429 0.00260274 0.00304878 0.00183333 0.000416667 0.00212121 0.00110169 0.000196078 0.00529412 0.00421053 0.00347826 -0.0054717 0.00169082 0.00226519 0.000894309 0.00282051 0.00137931 0 0.00517241 0.00583333 0.00559322 -0.001 0.00142857 -0.00546667 -0.00672727 0.00636364 0.00708333 -0.00244444 0.0044186 -0.00814815 0.008
internal_weight=1392 392 1000 579 268 415 192 342 421 124 126 316 288 235 105 81 130 107 76 76 66 51 91 370 350 73 164 120 96 66 236 51 68 114 46 53 207 181 123 78 58 42 58 72 59 40 42 75 55 44 48 45 43 54 40
internal_count=1392 392 1000 579 268 415 192 342 421 124 126 316 288 235 105 81 130 107 76 76 66 51 91 370 350 73 164 120 96 66 236 51 68 114 46 53 207 181 123 78 58 42 58 72 59 40 42 75 55 44 48 45 43 54 40
is_linear=0
shrinkage=0.01


Tree=42
num_leaves=53
num_cat=0
split_feature=33 4 5 72 93 72 13 22 6 4 26 82 45 85 45 35 11 8 5 93 40 84 88 68 84 4 89 45 75 91 78 11 11 35 97 72 92 91 67 42 77 1 85 31 65 1 40 1 84 20 6 83
split_gain=10.9265 8.71581 15.5428 14.4348 12.2337 10.396 9.78107 11.2057 10.3438 9.60266 12.2259 8.55526 8.25628 7.92627 7.85606 7.75962 8.12289 10.8107 7.30514 7.57895 7.27426 7.26948 7.05263 6.65029 10.0485 9.63266 8.18182 7.2803 7.6741 6.64069 6.49701 8.06083 17.2351 8.89654 7.34453 7.65984 6.3755 6.82816 5.65989 5.26478 5.12533 6.11218 4.45455 4.29333 4.27059 3.6 3.53282 3.11943 2.93617 2.81299 2.67442 2.5654
threshold=221.25000000000003 8821.0650000000005 3595.5150000000003 1122.7305000000003 394.00597222222228 963.64250000000015 8138.3000000000011 89.250000000000014 12046.140000000001 2771.2300000000005 1.2500000000000002 1509.5000000000002 23207.500000000004 1682.4000000000003 24342.500000000004 23.675000000000004 41672.650000000009 411.59644736842114 8845.1450000000023 413.21987179487184 121.25000000000001 123.46572916666669 8383.6570833333335 1350.0420000000001 1136.5245416666669 2239.7300000000005 897.93916875000002 25352.500000000004 553.81362822823462 28337.697525 1255.5938715277778 37586.30000000001 33426.600000000006 26.975000000000005 0.51041666666666685 1239.2470000000001 25446.767331250008 26028.996375000002 30654.250000000004 165.44999694824222 3925.6168156904209 16919.200000000004 1682.4000000000003 4.3750000000000009 30501.400000000005 15294.550000000001 106.25000000000001 14463.200000000003 867.45457291666673 636.80000000000007 4189.6950000000006 2083.7999999999997
decision_type=2 2 2 2 2 2 2 2 2 2 2 2 2 2 2 2 2 2 2 2 2 2 2 2 2 2 2 2 2 2 2 2 2 2 2 2 2 2 2 2 2 2 2 2 2 2 2 2 2 2 2 2
left_child=1 2 21 6 -4 15 20 12 13 10 -7 30 -8 18 -13 -6 17 36 -9 -20 -3 -1 48 26 44 -26 -23 28 -28 -27 34 32 -32 42 35 49 -17 -38 39 -37 46 -42 -33 -43 -25 -40 -14 -34 -5 -11 -12 -19
right_child=-2 3 4 22 5 9 7 8 -10 11 50 14 40 -15 -16 16 -18 51 19 -21 -22 23 -24 24 25 29 27 -29 -30 -31 31 33 47 -35 -36 38 37 -39 45 -41 41 43 -44 -45 -46 -47 -48 -49 -50 -51 -52 -53
leaf_value=0.037728886671541007 1.2797328875173954 0.038445631237583787 -1.0969936883888771 -11.602189140490509 3.1909436082089768 -0.0088950299602647935 0.03959285652456293 -0.014806772213425514 0.021724919592393564 -0.43385027667188419 0.88447010262687842 -0.041863399483991384 -0.048504978715925184 -0.0050187048046988463 1.0486317126111557 -0.039586355577181348 -0.010620357001949417 8.187513581132162 0.044606785286693408 -0.00040801236364097966 -0.0053400612610686364 2.3676505519721358 -0.31511659858864577 -2.6388083792062584 0.037661086008605051 0.030634378036848493 -0.3263581442723959 0.049858127082678519 0.0010696956928967344 -2.6325057731587647 -1.1414881913516925 -0.081857869256410309 0.66998911935175531 0.014126212384900525 -0.064802113067878933 1.740759987655953 0.3732289407313843 6.715711214838616 -2.4278471248609352 -0.0007497177949527975 -0.013916016451140566 0.0029813188673284731 -0.0058825189524809489 -0.0007766741335471372 -2.2330859385284323 0.18228718457567691 -0.0061243411886582645 0.0079983056847351928 -5.3500391967185035 -1.0021860611101026 0.96469959881923406 0.18833700813000134
leaf_weight=21 31 34 28 23 23 35 20 25 22 22 23 23 24 25 30 28 33 31 38 38 22 22 21 34 22 26 39 24 25 38 21 22 34 31 31 29 32 25 20 25 29 21 22 25 20 20 26 21 24 20 20 24
leaf_count=21 31 34 28 23 23 35 20 25 22 22 23 23 24 25 30 28 33 31 38 38 22 22 21 34 22 26 39 24 25 38 21 22 34 31 31 29 32 25 20 25 29 21 22 25 20 20 26 21 24 20 20 24
internal_value=0.000258621 0.000124908 0.00065678 -0.00107914 0.00147103 0.00175194 -0.00025788 -0.000989761 0.000945946 0.00091314 0.00410256 0.000242588 -0.00296552 -0.00015873 0.00396226 0.00367347 0.00294798 0.004 0.00108911 0.00263158 0.00357143 -0.00136531 -0.00529412 -0.00184 -0.00328571 -0.00116279 0 -0.00136364 -0.003125 -0.003125 -0.000377358 0.00112583 0.00342105 -0.0012 -0.00173653 -0.000735294 0.00176471 0.00368421 0.000851064 0.00296296 -0.00392 -0.00226667 -0.00409091 0 -0.00666667 -0.002 -0.0064 0.00636364 -0.00744681 -0.00428571 0.00767442 0.00745455
internal_weight=1392 1361 944 417 673 645 349 293 148 449 78 371 145 126 53 196 173 140 101 76 56 271 68 250 140 86 110 88 64 64 318 151 76 75 167 136 85 57 94 54 125 75 44 46 54 40 50 55 47 42 43 55
internal_count=1392 1361 944 417 673 645 349 293 148 449 78 371 145 126 53 196 173 140 101 76 56 271 68 250 140 86 110 88 64 64 318 151 76 75 167 136 85 57 94 54 125 75 44 46 54 40 50 55 47 42 43 55
is_linear=0
shrinkage=0.01


Tree=43
num_leaves=56
num_cat=0
split_feature=95 98 87 69 69 61 97 63 3 13 80 100 100 30 69 40 63 19 70 97 64 19 17 87 17 63 24 91 76 56 100 80 81 87 75 100 24 69 87 62 3 98 17 77 98 70 39 81 24 75 32 43 63 66 4
split_gain=18.1819 13.7466 10.1797 8.31125 11.2219 10.742 9.23154 7.903 7.73058 7.71429 7.39993 8.83857 9.22149 8.58247 9.07737 7.38347 9.64717 10.0463 8.57143 8.21334 12.2313 8.31664 7.06755 7.86294 7.02108 6.80442 6.58839 6.11506 5.8718 10.0813 6.74748 8.68639 5.76 5.74957 5.16832 8.08254 7.29768 5.21739 6.78733 5.07832 4.99115 4.99497 4.82857 4.86532 4.6096 3.86061 3.80952 3.80501 3.70272 3.65714 3.62692 2.91429 2.5 2.1645 0.981818
threshold=1.0000000180025095e-35 0.72569444444444453 0.48958333333333343 36691.600000000013 31683.450000000001 22437.750000000004 0.57291666666666685 35925.000000000007 12740.250000000002 5868.1500000000005 34435.644791666673 0.39930555555555564 0.30208333333333343 95.750000000000014 35167.80000000001 33.750000000000007 30123.150000000005 1283.4000000000003 1711.9895000000004 0.65625000000000011 1727.9000000000003 621.95000000000016 154.45000000000002 0.42708333333333343 111.15000000000002 32303.850000000002 8.1250000000000018 34108.713893750006 28311.468750000004 -1.0000000180025095e-35 0.70486111111111127 36158.450694444451 3934.8919517302875 0.51041666666666685 259.82723069151433 0.19097222222222224 6.5750000000000011 27777.150000000005 0.38541666666666669 1561.2000000000003 14269.85 0.22569444444444445 23.900000000000002 3919.2358028684534 0.19097222222222224 0.99700000000000011 196.25000000000003 4010.9640379263492 12.725000000000001 296.18613527729769 86.750000000000014 70.599998474121108 25296.650000000005 1.0410000000000001 3945.2100000000005
decision_type=2 2 2 2 2 2 2 2 2 2 2 2 2 2 2 2 2 2 2 2 2 2 2 2 2 2 2 2 2 2 2 2 2 2 2 2 2 2 2 2 2 2 2 2 2 2 2 2 2 2 2 2 2 2 2
left_child=1 3 15 4 5 -1 28 25 -6 -4 11 12 40 14 45 47 17 18 42 24 21 -21 23 -15 54 -5 -22 -27 29 -7 31 34 -3 -16 51 36 -36 -37 -39 -19 -10 -42 49 -44 52 -12 53 -2 -38 -17 -41 -30 -31 -13 -18
right_child=2 32 9 7 8 6 -8 -9 10 -11 13 46 -14 22 33 16 19 39 -20 20 26 -23 -24 -25 -26 27 -28 -29 30 44 -32 -33 -34 -35 35 37 48 38 -40 50 41 -43 43 -45 -46 -47 -48 -49 -50 -51 -52 -53 -54 -55 -56
leaf_value=2.2117264760177364 2.9095955961566813 -0.089980778267419056 -0.46561364588144932 -0.013406024690075307 -0.74047516787529877 -2.1007757451203908 2.0886928520547299 -0.00084019737815312968 -3.4770517468342086 0.94334082767994865 -0.020383011799553503 -0.049303004422733332 0.14540740282403178 0.00014987431581832208 -0.023995829386640556 0.28601637740145974 1.7223837974162666 -0.41996299450812274 -0.061647318338712259 0.023808413218537501 0.0031742435126007997 -0.69351134926969404 -0.0013942052535869077 0.030643878443067193 0.088567853780782718 0.032069398351594822 0.0387042153041086 0.0072153196291015291 0.28937876086997677 -0.032391901678325973 0.039723295249115304 -0.010618246360907666 -7.4594082788516438 0.012990884917998055 0.043714707177085046 0.50212789832613891 -0.43979894112934631 0.17010870768044853 -0.88591304567589535 0.019971674130659593 1.1568748066634038 -1.0022106107663433 0.28613835514754565 0.021951853208851416 -1.7222803181489375 -0.032339957514886754 -0.010540146576687564 0.028405552978161649 -0.77628485008203896 -0.017302202430807018 -0.0096876772121777498 0.40449217875231724 1.0845475486709717 -5.5440944796766578 1.201493110041316
leaf_weight=22 22 20 21 21 34 23 22 25 23 21 30 22 20 23 20 24 24 20 20 22 22 27 38 26 25 33 31 36 30 20 20 21 25 27 23 32 38 34 26 26 20 33 33 27 21 22 28 24 20 21 23 21 20 20 20
leaf_count=22 22 20 21 21 34 23 22 25 23 21 30 22 20 23 20 24 24 20 20 22 22 27 38 26 25 33 31 36 30 20 20 21 25 27 23 32 38 34 26 26 20 33 33 27 21 22 28 24 20 21 23 21 20 20 20
internal_value=0.000186782 -0.000607029 0.00183223 -0.00033557 -0.000706033 0.000483461 8.08625e-05 0.00217391 -0.0019171 -0.00285714 -0.00147727 -0.00301205 -0.00104167 -0.000107527 -0.00212121 0.00231144 0.00183562 0.000309278 0.002 0.00356725 0.00176471 -0.00183673 0.00218391 0.00469388 0.00623188 0.00355556 0.00509434 0.00507246 -0.000315186 -0.00261905 0.000415094 -4.08163e-05 -0.006 0.00106383 0.000535714 -0.000289017 -0.00259259 0.00173913 0 -0.00275362 -0.00263158 -0.000943396 0.00314286 0.005 -0.000491803 -0.005 -0.00571429 0.00608696 -0.00448276 0.000666667 -0.00102041 0.00333333 0.0015 -0.00761905 0.00863636
internal_weight=1392 939 453 894 779 393 371 115 386 42 352 166 96 186 99 411 365 194 125 171 102 49 87 49 69 90 53 69 349 84 265 245 45 47 224 173 81 92 60 69 76 53 105 60 61 52 70 46 58 45 49 51 40 42 44
internal_count=1392 939 453 894 779 393 371 115 386 42 352 166 96 186 99 411 365 194 125 171 102 49 87 49 69 90 53 69 349 84 265 245 45 47 224 173 81 92 60 69 76 53 105 60 61 52 70 46 58 45 49 51 40 42 44
is_linear=0
shrinkage=0.01


Tree=44
num_leaves=49
num_cat=0
split_feature=95 72 8 98 5 35 64 6 69 69 11 74 91 40 73 39 24 5 39 19 65 39 65 22 30 16 40 8 43 87 91 93 24 11 35 94 43 91 64 88 16 43 40 40 65 64 30 8
split_gain=13.9475 14.8733 13.6023 13.9566 12.0635 10.7393 10.1156 9.6523 11.4851 10.3773 9.96014 11.9011 9.48614 9.45469 8.77279 7.64884 8.88615 6.94164 9.0918 6.87156 6.54032 6.94973 6.50557 8.00061 6.38228 6.05484 6.36045 6.10909 5.92821 8.41296 7.42857 7.32194 5.71071 5.56608 5.55882 5.46263 5.437 5.94223 4.83508 4.74113 4.3573 4.33083 4.16819 3.76112 3.27759 2.35631 1.9451 0.9
threshold=1.0000000180025095e-35 1458.5980000000002 422.85084637268852 0.66319444444444453 3595.5150000000003 28.025000000000002 1384.0280000000002 12046.140000000001 31683.450000000001 35318.650000000009 40509.350000000013 559.02064583333345 20006.559543750001 161.75000000000003 947.34050000000013 117.75000000000001 8.5750000000000028 3703.3500000000004 146.75000000000003 394.45000000000005 27423.100000000002 137.25000000000003 31624.700000000004 91.250000000000014 56.250000000000007 3636.8500000000008 129.25000000000003 399.09708333333339 84.825000762939467 0.11458333333333336 28735.770131250003 418.96711237553347 9.9250000000000025 39445.700000000004 26.025000000000002 657210.26448406267 88.110000610351577 32092.412737500006 1778.5500000000002 5363.2877083333342 6128.4000000000005 84.485000610351577 23.750000000000004 70.750000000000014 29548.200000000004 680.40000000000009 79.750000000000014 403.40305555555562
decision_type=2 2 2 2 2 2 2 2 2 2 2 2 2 2 2 2 2 2 2 2 2 2 2 2 2 2 2 2 2 2 2 2 2 2 2 2 2 2 2 2 2 2 2 2 2 2 2 2
left_child=2 4 3 5 -2 7 40 8 12 17 11 -11 -1 24 43 16 -14 44 42 47 -21 -22 23 25 -7 -17 32 -28 29 31 39 38 45 -23 -20 -25 37 46 -8 -30 -3 -5 -19 -12 -10 -27 -36 -6
right_child=1 6 -4 41 19 13 28 -9 9 10 14 -13 15 -15 -16 22 -18 18 34 20 21 33 -24 35 -26 26 27 -29 30 -31 -32 -33 -34 -35 36 -37 -38 -39 -40 -41 -42 -43 -44 -45 -46 -47 -48 -49
leaf_value=2.0171894530439283 -0.0442584934677972 -1.4729784430046606 1.1526550067519779 -1.173540240837984 2.3127597128789228 0.0026764574991653628 -0.011576742690197032 0.013634463186061438 -2.4500888839454844 0.024130113469862838 -0.0099260000521430806 -0.0029776784809228828 0.0092609065038161738 -0.04197806950717628 0.05899524644455157 -0.055141495351101404 -1.7911196696626712 -0.047847728417949965 -0.00072312529616995697 -0.00012504140248125516 4.3864182358222887 7.1851851587830291 -0.011744777429585587 0.084686375777515407 0.033957610501492472 0.02842702350958878 -1.93315346620641 7.458422367198267 0.030392984435616745 0.30661416646519885 0.038572118719521757 -0.016329526830022471 0.061027624122294198 -0.074354792623187366 -0.054883088666944489 -0.089910946157738328 -0.016112778519531582 -0.0075043358580181739 0.0051799511341821111 -0.015104152681430843 0.01103513257129007 -4.5017616625693986 0.10320129355071096 -0.021593017067511128 -3.6328300888566094 2.4723605173293315 -0.064103588698921438 4.4684019029152964
leaf_weight=26 30 34 28 36 20 27 27 38 20 28 21 26 29 20 38 35 38 23 28 34 33 32 22 30 39 23 22 20 20 27 36 39 32 22 20 36 37 20 37 22 20 21 28 32 26 39 31 20
leaf_count=26 30 34 28 36 20 27 27 38 20 28 21 26 29 20 38 35 38 23 28 34 33 32 22 30 39 23 22 20 20 27 36 39 32 22 20 36 37 20 37 22 20 21 28 32 26 39 31 20
internal_value=0.000258621 0.00169978 -0.000436635 -0.00064764 0.00382199 -0.000327869 0.000152672 -0.000703125 -0.000958904 -0.00216931 -6.89655e-05 0.00333333 0.000340909 0.00302326 -0.00208791 -0.000122699 -0.00313433 -0.00347639 -0.00262032 0.00490683 0.00371901 0.00517241 0.000656371 0.00113924 0.00484848 0.0022807 0.00323529 0 0.00115385 -0.000153846 0.00333333 -0.00145631 0.00468085 0.00296296 -0.00397059 -0.00181818 -0.005 -0.00661972 0.000625 0.00047619 -0.0037037 -0.0054386 0.000980392 -0.00471698 -0.00695652 0.00645161 -0.00843137 0.0085
internal_weight=1392 453 939 911 191 854 262 768 730 378 145 54 352 86 91 326 67 233 187 161 121 87 259 237 66 171 136 42 208 130 78 103 94 54 136 66 108 71 64 42 54 57 51 53 46 62 51 40
internal_count=1392 453 939 911 191 854 262 768 730 378 145 54 352 86 91 326 67 233 187 161 121 87 259 237 66 171 136 42 208 130 78 103 94 54 136 66 108 71 64 42 54 57 51 53 46 62 51 40
is_linear=0
shrinkage=0.01


Tree=45
num_leaves=51
num_cat=0
split_feature=1 35 91 86 69 45 93 100 64 44 40 94 98 6 44 62 88 25 42 68 42 91 44 28 40 44 86 2 25 2 88 88 86 36 14 93 35 27 21 40 1 32 6 88 42 69 6 68 14 31
split_gain=15.0322 13.0804 11.9641 10.7048 9.82132 11.5282 8.89642 9.4746 10.9706 10.4144 13.5081 8.65566 8.84891 8.39458 8.1812 7.58764 9.44458 9.00275 10.24 8.30942 8.30154 9.56785 10.4619 7.55418 8.83799 11.4861 7.37906 7.11114 6.92774 6.54544 9.17916 6.00418 5.46173 6.00357 5.79532 5.43641 6.79233 5.40185 6.95035 6.82729 5.33361 5.17993 5.17423 4.62485 6.59824 4.18739 3.6 2.94186 2.91382 1.1983
threshold=13926.85 24.725000000000005 36765.533162500004 0.35000000000000003 37426.850000000006 22997.500000000004 394.44622747747752 0.57291666666666674 961.11750000000018 2.6694999933242802 77.250000000000014 659893.5337181252 0.14236111111111113 6191.3650000000007 5.4654998779296884 1031.2500000000002 3815.7912500000007 177.25000000000003 101.27500152587892 791.98750000000007 123.62500000000001 30726.665450000008 2.5505000352859502 29.125000000000004 70.250000000000014 3.4229999780654912 0.78700000000000003 3140.2585000000004 242.25000000000003 3520.8110000000001 12272.485416666668 5299.0150000000012 933.45600000000013 76.250000000000014 12826.750000000002 403.76114285714294 26.375000000000004 73.750000000000014 23.225000000000005 136.75000000000003 15033.650000000001 43.250000000000007 3782.2350000000001 10425.750833333335 120.92499923706056 32390.250000000004 10975.645000000002 992.56750000000011 17202.500000000004 6.825000000000002
decision_type=2 2 2 2 2 2 2 2 2 2 2 2 2 2 2 2 2 2 2 2 2 2 2 2 2 2 2 2 2 2 2 2 2 2 2 2 2 2 2 2 2 2 2 2 2 2 2 2 2 2
left_child=1 3 4 -1 5 13 -3 8 35 -10 31 12 -5 14 49 17 26 20 -19 -18 21 22 -7 24 25 -21 -17 -24 43 30 -6 -11 33 -26 -34 36 -8 38 -23 -39 48 -27 -12 47 46 -22 -45 -20 -35 -2
right_child=2 6 -4 11 29 15 7 -9 9 10 42 -13 -14 -15 -16 16 19 18 28 23 45 37 27 -25 32 41 -28 -29 -30 -31 -32 -33 34 40 -36 -37 -38 39 -40 -41 -42 -43 -44 44 -46 -47 -48 -49 -50 -51
leaf_value=-0.8682514200009126 2.1771927807099005 -7.5213840044017841 -1.0940036129640818 0.54804169682972148 -0.060770076063574215 0.016687834772457662 0.0045266410481516776 0.056909689946473815 -1.1150559003502487 -3.1250593564220543 0.92424060577582823 1.7183268470185709 -0.034506004838133618 -0.027025151476705159 0.043145851898238198 0.055104203042875118 7.9929345774728793 0.13788205979319687 -0.055337790432931355 -0.11345802874735196 0.70314587403726192 0.0077754949787973435 -0.0098267400516216501 -0.10133861776080545 -0.026392764169178635 1.5815500837022307 -0.059945174375401047 -3.5292328433410067 0.0019600513593513173 0.47990772901446832 0.018027457264252228 -0.011759900899010222 0.021337975574344165 0.079828026690138595 0.023574056650930625 -2.5855736635780757 -2.5470574351347173 0.016720002993358626 0.0339169916999967 -0.0090362284825857599 0.68355260494343484 -0.0074277773215920819 0.082954298471649757 -0.0018419210194130277 0.0068172049251747557 0.022411001132296653 -0.0022812020172664482 -0.56912096614336882 -0.84011479001575173 1.0285024649724803
leaf_weight=26 22 24 22 22 23 37 20 32 37 22 23 21 32 31 22 22 39 25 30 29 27 20 37 21 32 20 29 28 29 27 24 29 30 21 39 38 21 27 27 26 39 26 37 20 22 20 20 23 20 25
leaf_count=26 22 24 22 22 23 37 20 32 37 22 23 21 32 31 22 22 39 25 30 29 27 20 37 21 32 20 29 28 29 27 24 29 30 21 39 38 21 27 27 26 39 26 37 20 22 20 20 23 20 25
internal_value=0.000271062 -0.00140625 0.000927625 0.00168317 0.00109489 0.00080226 -0.00250883 -0.00196911 -0.00268722 -0.00108108 0.00045045 0.0036 0.00148148 0.004 0.00594203 0.000394904 0.00144414 -0.000526316 -0.00230769 0.00208861 0.000682731 -0.00019802 -0.00235294 0.00148014 0.00195312 -0.000933333 -0.00254902 -0.00476923 -0.00333333 0.00459459 0.00234043 -0.00333333 0.00314917 0.00178571 0.00536232 -0.0056962 -0.00317073 0.002 0.00446809 -0.000188679 0.00325 0.00217391 0.00366667 -0.00443478 -0.00258065 0.00446809 -0.005 -0.00660377 0.000731707 0.00829787
internal_weight=1365 384 981 101 959 885 283 259 227 148 111 75 54 100 69 785 367 418 169 316 249 202 102 277 256 75 51 65 144 74 47 51 181 112 69 79 41 100 47 53 80 46 60 115 62 47 40 53 41 47
internal_count=1365 384 981 101 959 885 283 259 227 148 111 75 54 100 69 785 367 418 169 316 249 202 102 277 256 75 51 65 144 74 47 51 181 112 69 79 41 100 47 53 80 46 60 115 62 47 40 53 41 47
is_linear=0
shrinkage=0.01


Tree=46
num_leaves=54
num_cat=0
split_feature=1 24 31 39 4 70 74 88 3 74 39 80 100 4 39 46 41 5 16 10 74 80 61 5 41 47 30 74 46 80 61 21 100 65 10 31 41 20 58 4 100 16 63 38 83 14 62 1 41 74 3 5 2
split_gain=13.06 11.5346 10.9812 8.93564 12.7789 8.30863 12.5053 9.5403 9.32033 9.97323 9.31934 8.47436 8.32657 8.14938 8.08515 12.6349 7.96041 11.9955 7.91059 10.0143 7.42482 6.62333 6.47763 9.17569 7.65061 5.88084 5.49471 6.59223 6.68571 8.25397 7.45234 9.33458 9.54037 7.75485 11.4304 6.02353 5.45341 5.28641 5.16395 4.84848 4.72481 4.64807 4.35286 3.27273 3.24664 2.925 2.5 2.37154 2.3055 1.82508 1.03404 1.00087 0.981417
threshold=13926.85 10.125000000000002 5.1750000000000016 200.75000000000003 9092.7350000000024 994.78700000000015 935.03682291666678 3918.4875000000002 13417.050000000001 729.17821875000016 141.75000000000003 35495.592013888898 0.5590277777777779 9490.3000000000011 115.25000000000001 103.37500000000001 50.250000000000007 7490.7350000000015 6533.5500000000002 34230.100000000013 1088.8088958333335 34560.837847222225 36370.400000000009 13772.300000000001 90.750000000000014 1.0000000180025095e-35 18.250000000000004 1771.5867500000002 99.790000915527358 36935.064930555563 33245.600000000006 20.025000000000002 0.13541666666666671 28916.950000000004 31871.900000000005 7.625 73.750000000000014 1675.5500000000002 -0.5 3745.0950000000003 0.052083333333333336 6282.3500000000013 32087.000000000004 7.5250000000000012 1939.950000000001 14779.800000000001 749.25000000000011 12970.950000000003 74.750000000000014 413.99453125000008 13647.050000000001 5482.1650000000009 2915.5500000000006
decision_type=2 2 2 2 2 2 2 2 2 2 2 2 2 2 2 2 2 2 2 2 2 2 2 2 2 2 2 2 2 2 2 2 2 2 2 2 2 2 2 2 2 2 2 2 2 2 2 2 2 2 2 2 2
left_child=1 2 13 4 37 6 8 10 12 11 -7 18 -2 45 15 -9 -3 25 19 -10 46 -22 36 24 -24 50 -16 28 35 30 31 32 -30 52 -35 48 -13 44 -11 -27 -12 51 -38 -21 47 -1 -8 -4 -28 -44 -18 -32 -33
right_child=5 16 3 -5 -6 7 20 14 9 38 40 22 -14 -15 26 -17 17 -19 -20 43 21 -23 23 -25 -26 39 27 -29 29 -31 41 33 -34 34 -36 -37 42 -39 -40 -41 -42 -43 49 -45 -46 -47 -48 -49 -50 -51 -52 -53 -54
leaf_value=-0.36968886037950621 -0.030920211178195336 0.013573049727024391 1.8025746041167514 -1.1790654051893408 -5.242626043009996 0.054742160162998044 -0.028765183758264989 -1.5787269924334555 0.26921959707188131 0.035549169158788307 -2.369119854781796 0.00098190016409823453 0.00066141804174359002 0.033185460927501083 -0.0017717819907526449 1.5235500481584399 -1.4627212639121592 0.018403414442764447 0.021921880403208291 -1.5534767190339493 0.13650323919526494 -0.062601827600767726 0.0013010161220482356 0.015689882300362733 -0.018241872719825959 -0.15826569615852651 1.3594393490176255 0.017537279151906095 0.019632047997606216 -0.41003404450420589 1.5955601818641707 1.1598285151088019 -0.094529046451926849 1.5036972793840937 -0.15633128215466585 0.44529042452155926 0.014220334400649353 0.4692329030813574 0.015783978278673505 -1.3004888992345018 -0.0074812630120771684 0.016578891433755096 0.022935756403444422 -0.02189771546552868 0.10842952491058495 -2.3289420716168991 -0.23797056412697382 3.1796597015912313 0.66693797443276936 0.020956056826979749 -1.4493395030978231 2.7059077529286721 2.8084562680674718
leaf_weight=32 32 32 22 37 22 31 20 21 24 22 23 28 33 21 31 31 27 36 32 22 27 20 32 24 21 20 31 20 25 24 22 21 21 24 28 30 28 27 37 24 22 29 23 22 20 20 20 24 20 20 20 20 20
leaf_count=32 32 32 22 37 22 31 20 21 24 22 23 28 33 21 31 31 27 36 32 22 27 20 32 24 21 20 31 20 25 24 22 21 21 24 28 30 28 27 37 24 22 29 23 22 20 20 20 24 20 20 20 20 20
internal_value=0.000417582 -0.00114583 0.000311111 0.00184211 0.00321739 0.00102956 0.000102669 0.00194332 0.00085 0.00152239 -0.00131579 0.000724638 -0.00261538 -0.00287671 0.00253589 -0.00115385 -0.00320755 -0.00433071 -0.0016 -0.00352941 -0.00333333 -0.000638298 0.00204545 -0.00012987 -0.00245283 -0.00626374 0.00306011 0.00343284 0.00307937 0.00222222 0.00285714 0.00151079 -0.00217391 0.00333333 0.000769231 0.00555556 0.00373737 0.00483871 0.00525424 -0.00363636 -0.00422222 0.00549296 0.00521127 -0.00636364 0.00636364 -0.005 -0.0065 0.00782609 0.00764706 0.0072093 -0.0087234 0.00761905 0.00658537
internal_weight=1365 384 225 152 115 981 487 494 400 335 76 276 65 73 418 52 159 127 100 68 87 47 176 77 53 91 366 335 315 234 210 139 46 93 52 81 99 93 59 44 45 71 71 44 66 52 40 46 51 43 47 42 41
internal_count=1365 384 225 152 115 981 487 494 400 335 76 276 65 73 418 52 159 127 100 68 87 47 176 77 53 91 366 335 315 234 210 139 46 93 52 81 99 93 59 44 45 71 71 44 66 52 40 46 51 43 47 42 41
is_linear=0
shrinkage=0.01


Tree=47
num_leaves=50
num_cat=0
split_feature=1 72 71 37 65 65 78 40 4 88 76 6 1 96 56 24 14 87 88 28 13 27 6 24 36 40 36 79 97 14 30 27 37 83 83 84 76 91 36 24 1 4 36 35 91 56 89 30 4
split_gain=10.58 16.469 18.7267 10.3602 8.88379 8.60893 7.93623 7.58361 7.24365 15.1477 7.93632 10.0504 9.72498 11.0952 9.61067 17.872 12.6618 8.35545 7.74993 13.7344 7.19728 7.11534 6.77213 6.60939 6.21231 5.86689 5.5279 5.47241 6.66807 5.80154 5.34002 6.84072 5.18944 5.18426 5.11111 5.59584 5.09538 10.0456 6.88095 4.92601 4.60909 4.47195 4.18739 4.13952 3.84531 3.68664 2.37557 1.21704 0.503704
threshold=13926.85 888.66700000000003 968.68100000000015 23.250000000000004 28715.100000000002 27145.300000000003 454.89294097222228 162.75000000000003 3478.9800000000005 4737.9633333333322 37132.434375000004 11928.690000000002 16546.862000000005 1.0000000180025095e-35 1.0000000180025095e-35 6.9750000000000005 17623.850000000002 0.69791666666666685 3629.3485416666672 26.825000000000006 3245.2000000000003 83.750000000000014 5719.5350000000008 10.975000000000001 87.750000000000014 74.750000000000014 88.750000000000014 358.6506657349737 1.0000000180025095e-35 18830.900000000005 34.750000000000007 18.250000000000004 90.250000000000014 1925.8999999999999 785.05000000000121 1190.070135416667 36690.06458333334 29483.381925000005 80.750000000000014 10.425000000000002 15135.300000000001 14989.750000000002 88.750000000000014 25.875000000000004 31109.932187499999 1.0000000180025095e-35 855.93031875000008 95.250000000000014 2992.0900000000006
decision_type=2 2 2 2 2 2 2 2 2 2 2 2 2 2 2 2 2 2 2 2 2 2 2 2 2 2 2 2 2 2 2 2 2 2 2 2 2 2 2 2 2 2 2 2 2 2 2 2 2
left_child=1 4 6 -4 25 20 -3 8 18 32 12 27 13 14 15 -11 22 45 19 23 -5 -9 -16 -2 -24 -1 40 -12 -29 -30 -20 -32 -10 -7 -8 46 37 38 -33 -27 -15 -31 -18 -17 -23 -14 -36 -45 -39
right_child=7 2 3 5 -6 33 34 21 9 10 11 -13 17 26 16 43 42 -19 30 -21 -22 44 24 -25 -26 39 -28 28 29 41 31 36 -34 -35 35 -37 -38 48 -40 -41 -42 -43 -44 47 -46 -47 -48 -49 -50
leaf_value=0.011018574609270058 -0.3461357465577154 0.031302624643294363 1.2369960591271671 -0.3158269640498001 -0.2961919829259731 -1.6476906297085685 -0.88868976759570706 0.14640555261820071 -0.01043715658923873 -0.082934400269391736 -2.8715085638235784 0.0082197739318410571 0.92407341336634474 -0.08677291961311219 0.4419289384572761 0.50558052194228387 0.0017444176421416125 0.0042894950993769996 -0.010126363432618007 0.031193628090548417 0.61119732761067758 -0.035157924375661558 -0.093583755987407591 0.030176592658589671 -0.086708236482836945 1.8072030117493361 0.002772299654938555 0.0042674979210731313 0.006222458330960268 -0.14726979029147916 0.0011524295342991886 0.54167745657175492 -0.89415267573632284 -0.029802837299950445 -0.76759421208531542 -0.61619499538813227 0.065245297401607297 2.3259448893087327 -0.010797557321215621 0.022353329841866904 -0.0011990135536393298 -0.0028832819633725251 1.1482302299577141 3.5291623107791841 -0.035654524083829076 0.31906198137094549 -5.2174504147628911 3.2919258983665034 0.74157718112557003
leaf_weight=37 37 23 20 24 22 22 25 30 29 34 20 38 25 24 24 20 20 27 24 20 25 25 25 20 36 39 31 28 21 22 32 32 32 36 26 22 37 34 24 21 20 25 27 34 29 31 42 24 20
leaf_count=37 37 23 20 24 22 22 25 30 29 34 20 38 25 24 24 20 20 27 24 20 25 25 25 20 36 39 31 28 21 22 32 32 32 36 26 22 37 34 24 21 20 25 27 34 29 31 42 24 20
internal_value=0.000417582 -0.000989583 -0.00237736 0.000393701 0.00210084 -0.000841121 -0.00492754 0.0009684 0.00123746 0.000632091 0.00115108 -0.000779221 0.00189055 0.00109718 0.00213115 0.00428571 0.00030303 0.00493976 0.00257143 -0.00012987 0.0022449 -0.00190476 -0.002 -0.00263158 -0.00377049 0.00340206 -0.00226667 -0.00224138 -0.00125 -0.00294118 0.00359606 0.00418994 -0.00409836 -0.00344828 -0.006 -0.00711111 0.00510204 0.00618182 0.00321429 0.00533333 -0.00454545 -0.00489362 0.00446809 0.00692308 -0.00407407 0.00714286 -0.00852941 0.00827586 0.00925926
internal_weight=1365 384 265 127 119 107 138 981 897 617 556 154 402 319 244 112 132 83 280 77 49 84 85 57 61 97 75 116 96 68 203 179 61 58 115 90 147 110 56 60 44 47 47 78 54 56 68 58 54
internal_count=1365 384 265 127 119 107 138 981 897 617 556 154 402 319 244 112 132 83 280 77 49 84 85 57 61 97 75 116 96 68 203 179 61 58 115 90 147 110 56 60 44 47 47 78 54 56 68 58 54
is_linear=0
shrinkage=0.01


Tree=48
num_leaves=53
num_cat=0
split_feature=68 96 81 100 27 21 27 79 1 7 36 70 26 7 36 27 26 4 5 7 81 22 65 46 45 83 69 67 61 65 5 100 38 36 61 100 100 27 21 62 33 43 1 38 43 66 11 33 4 11 26 5
split_gain=14.0401 12.3716 19.6264 10.4263 12.7323 10.2925 10.5966 9.97304 9.85836 10.7995 23.917 9.7154 10.3312 13.2275 9.1452 8.37036 7.93651 7.74298 8.2592 10.3643 7.08962 7.41165 10.4782 6.94756 10.4046 8.91746 6.87708 8.31955 9.4474 8.57885 6.6881 6.61034 6.33238 9.19391 7.11111 5.36508 7.71429 5.21649 5.79292 5.08804 4.68626 4.62857 4.59864 4.56414 4.12208 3.85797 3.58442 3.4381 2.15124 1.8087 1.67619 1.6
threshold=1346.5740000000003 1.0000000180025095e-35 3896.5610233226021 0.024305555555555556 56.750000000000007 23.225000000000005 73.750000000000014 358.6506657349737 13926.85 30.545000000000005 83.750000000000014 863.8325000000001 78.250000000000014 20.505000000000006 84.750000000000014 39.750000000000007 9.7500000000000018 17663.095000000005 10397.695000000002 25.955000000000002 4533.0526873877252 89.250000000000014 27559.400000000005 104.22000122070314 23207.500000000004 1467.0499999999995 22935.900000000005 35164.850000000013 30654.250000000004 27011.500000000004 8926.720000000003 0.58680555555555569 7.0250000000000012 87.750000000000014 33119.700000000004 0.58680555555555569 0.47569444444444448 28.250000000000004 18.875000000000004 1373.2 121.75000000000001 79.055000305175795 13487.6 4.2750000000000012 85.969997406005874 1599.8500000000001 33800.950000000004 154.75000000000003 4144.9800000000005 34722.400000000009 22.250000000000004 5629.1150000000007
decision_type=2 2 2 2 2 2 2 2 2 2 2 2 2 2 2 2 2 2 2 2 2 2 2 2 2 2 2 2 2 2 2 2 2 2 2 2 2 2 2 2 2 2 2 2 2 2 2 2 2 2 2 2
left_child=1 11 31 4 15 -4 40 -5 9 -9 -11 14 13 16 51 37 -13 18 19 -8 21 22 -16 24 -10 -26 -15 28 29 42 -23 46 33 34 -25 36 -20 38 -2 -12 -7 -27 -28 -35 -21 49 -3 50 -30 -14 -6 -1
right_child=3 2 5 7 47 6 17 8 23 10 39 12 45 26 20 -17 -18 -19 35 44 -22 30 -24 32 25 41 27 -29 48 -31 -32 -33 -34 43 -36 -37 -38 -39 -40 -41 -42 -43 -44 -45 -46 -47 -48 -49 -50 -51 -52 -53
leaf_value=-0.15035106245342295 -0.051513852249193318 -4.4007192341084318 -0.056497640401653629 0.22455936121350994 -0.3123394431127981 0.014979027039140464 0.0041678518208137947 -2.760476802598772 0.31978949195632184 1.3354776282219809 -5.0287257273888635 0.48612197619389103 6.0556642212659506 -0.26789152588285703 0.87356482342538433 0.14860870759822742 -0.12806672899782828 -0.018828644742453712 0.0045167202968354669 -0.020443588211670586 -0.083203672203159745 0.0079123871124629781 -0.020811490239791116 -0.32331026623109971 0.068326123814333353 -0.015500198097516951 0.65985005948853015 -0.0018308272237398172 3.2899290411229107 -0.26601188380419655 0.032590488715675686 -0.0052193842695168356 0.15596886849010941 0.0030600775039000441 0.04770913675200484 0.019186639879523605 -0.00055908101352153514 -0.039941428781006524 0.0051452380827298272 -0.3832155498132464 0.026389986606822929 -2.1624114396176983 4.6645385096802849 0.26649501407710202 -0.013436629098125255 5.2184940741634458 -2.6340408608040167 -0.020014805069720334 6.1414729284679588 8.9545458029818938 -3.4073470017101135 -0.095504783541669552
leaf_weight=20 26 21 27 28 20 26 37 31 32 25 21 35 20 20 27 29 28 21 21 22 20 20 34 25 20 35 28 33 33 28 28 38 37 21 20 21 21 26 23 20 31 35 21 25 20 20 23 28 26 26 22 20
leaf_count=20 26 21 27 28 20 26 37 31 32 25 21 35 20 20 27 29 28 21 21 22 20 20 34 25 20 35 28 33 33 28 28 38 37 21 20 21 21 26 23 20 31 35 21 25 20 20 23 28 26 26 22 20
internal_value=0.000271062 0.00110294 -0.000395137 -0.000965392 -0.00298851 0.00101215 0.00172727 -2.66667e-05 -0.000489914 -0.00319588 -0.000909091 0.00211499 0.00314465 0.00222222 0.000177515 -0.000769231 -0.00174603 0.000429448 0.00126761 -0.000886076 0.00147287 0.00247706 0.000163934 0.00056 -0.00114754 -0.00288889 0.00354497 0.00420118 0.00529412 0.00298701 0.00541667 -0.00463415 0.0021875 0.000769231 -0.00244444 0.00396825 0.00190476 -0.00253333 -0.000612245 -0.00560976 0.0054386 -0.00457143 0.0055102 0.00391304 -0.00428571 0.00666667 -0.00727273 -0.00628571 0.00830508 0.00826087 -0.00809524 -0.004
internal_weight=1365 816 329 549 174 247 220 375 347 97 66 487 318 252 169 104 63 163 142 79 129 109 61 250 122 90 189 169 136 77 48 82 128 91 45 63 42 75 49 41 57 70 49 46 42 66 44 70 59 46 42 40
internal_count=1365 816 329 549 174 247 220 375 347 97 66 487 318 252 169 104 63 163 142 79 129 109 61 250 122 90 189 169 136 77 48 82 128 91 45 63 42 75 49 41 57 70 49 46 42 66 44 70 59 46 42 40
is_linear=0
shrinkage=0.01


Tree=49
num_leaves=54
num_cat=0
split_feature=68 11 10 39 36 68 83 36 36 16 99 21 34 30 24 33 82 38 28 94 64 23 99 17 83 39 94 100 100 99 22 98 99 83 27 79 43 1 98 39 33 1 66 2 61 11 28 65 100 79 66 1 4
split_gain=12.6128 12.9117 8.56206 8.32653 8.29125 8.95755 7.68177 9.64637 10 13.0667 9.42216 9.18466 9.15652 8.09013 7.11434 6.94697 8.32363 8.01925 6.42538 7.21754 6.367 12.715 10.8782 9.80659 8.80909 8.48763 8.98909 10.4129 8.87425 9.02445 7.85258 7.5298 6.33446 6.63928 9.54115 6.66949 6.29848 10.5906 5.99305 5.49169 5.92708 5.43763 5.37778 5.30718 5.12 5.04689 4.85275 5.26753 4.45196 3.53266 2.77778 2.56098 1.82508
threshold=1346.5740000000003 32185.500000000004 34492.750000000007 246.25000000000003 92.250000000000014 1304.9915000000003 2792.3000000000015 83.750000000000014 88.750000000000014 6277.4000000000005 0.072916666666666671 20.975000000000005 72.750000000000014 89.250000000000014 11.725000000000001 116.50000000000001 24.054499999999965 8.1750000000000025 21.725000000000005 621957.22813125025 1438.6785000000002 84.250000000000014 1.0000000180025095e-35 156.05000000000004 306.50000000000006 128.25000000000003 592029.37437906268 0.45486111111111116 0.55208333333333348 0.55208333333333337 90.750000000000014 0.54513888888888895 0.052083333333333336 2432.6000000000026 69.250000000000014 579.62277972690788 84.825000762939467 15743.900000000003 0.093750000000000014 119.75000000000001 27.750000000000004 14445.750000000002 1311.2710000000002 2807.9500000000003 33198.150000000001 34875.05000000001 27.425000000000004 30362.750000000004 0.57291666666666674 446.91132531714862 1599.8500000000001 14819.500000000002 3945.2100000000005
decision_type=2 2 2 2 2 2 2 2 2 2 2 2 2 2 2 2 2 2 2 2 2 2 2 2 2 2 2 2 2 2 2 2 2 2 2 2 2 2 2 2 2 2 2 2 2 2 2 2 2 2 2 2 2
left_child=3 14 6 4 5 20 7 10 9 45 18 -10 -13 -12 -2 16 52 49 -3 -20 22 50 42 31 -24 39 27 38 32 -30 48 41 -28 34 -34 -35 44 -38 -27 40 -26 -23 -1 -42 -31 -9 -36 -48 -29 -17 -22 -15 -4
right_child=1 2 15 -5 -6 -7 -8 8 11 -11 13 12 -14 51 -16 17 -18 -19 19 -21 21 23 24 -25 25 26 28 30 29 36 -32 -33 33 35 46 -37 37 -39 -40 -41 43 -43 -44 -45 -46 -47 47 -49 -50 -51 -52 -53 -54
leaf_value=-0.028648649432212556 -1.6036660985301296 -0.071023804031356524 -0.93086469610381961 -0.03708379227231829 -0.44942861722257216 2.7042354487560489 0.8691029843651199 -0.85219810189376233 -0.39533099472063776 0.0091077917010921501 0.041048317618464142 0.65527468449608617 0.0018372902820172105 0.75736756592263521 -3.2127825425744643 -0.10185929343218035 -0.003500493244029399 0.012141632697006527 0.024074772081417884 -0.0056986855887483359 4.8603548859216321 -0.4065629498631011 0.034338684826844199 -0.10933116474899059 0.88313546369238372 0.038148889530582757 0.98921202070639402 -0.011150578441482482 0.18326385715840054 -0.0087985109168640992 0.046524405629849518 2.2452814987798098 -0.0020762004742657077 -0.12755619149047334 -3.1583048060864591 0.0061017815433954273 0.025972604195694721 -0.023362742964779828 0.0074648868128705985 0.4087784855697244 0.58825550274196658 0.20545344221861903 -1.4121216834633168 -0.005566664617693862 0.015159575728399315 -2.0882201711833739 -0.023652645150352748 -0.024192675849344515 0.000453340473484819 0.024798429322688973 4.2102933569820866 0.27525275555039713 -5.3776687430682104
leaf_weight=36 38 23 20 32 29 21 25 21 34 20 33 20 26 21 20 21 34 21 38 29 25 20 20 22 23 28 23 21 26 25 22 21 38 21 23 22 24 25 31 27 20 21 24 23 25 39 22 20 36 23 20 20 23
leaf_count=36 38 23 20 32 29 21 25 21 34 20 33 20 26 21 20 21 34 21 38 29 25 20 20 22 23 28 23 21 26 25 22 21 38 21 23 22 24 25 31 27 20 21 24 23 25 39 22 20 36 23 20 20 23
internal_value=0.000461538 -0.000710383 -0.000183299 0.00125 0.00145408 0.00165563 0.000659026 0.000246914 -0.0015 -0.004 0.00195122 0.001 0.00391304 0.00459459 -0.00517241 -0.00225352 -0.00428571 0.000153846 -0.000222222 0.00134328 0.00147139 0.00348837 0.00104132 0.00119048 0.00148624 0.0012381 0.000648148 0.00275362 -0.000340136 0.00168 0.000379747 0.00322581 -0.00183432 -0.00260274 -0.00398058 0.000697674 0.00030303 -0.0022449 0.0059322 0.00397849 0.00242424 0.000731707 -0.003 0.000232558 0.0028 -0.00633333 -0.00630769 -0.00428571 -0.00157895 -0.00227273 0.00777778 0.00756098 -0.0072093
internal_weight=1365 549 491 816 784 755 349 324 160 80 164 80 46 74 58 142 77 65 90 67 734 129 605 84 545 525 432 138 294 125 79 62 169 146 103 43 99 49 59 93 66 41 60 43 50 60 65 42 57 44 45 41 43
internal_count=1365 549 491 816 784 755 349 324 160 80 164 80 46 74 58 142 77 65 90 67 734 129 605 84 545 525 432 138 294 125 79 62 169 146 103 43 99 49 59 93 66 41 60 43 50 60 65 42 57 44 45 41 43
is_linear=0
shrinkage=0.01


Tree=50
num_leaves=49
num_cat=0
split_feature=8 13 39 32 62 74 69 65 66 10 2 90 76 41 22 74 10 10 36 91 32 77 77 66 76 33 97 60 25 66 23 67 76 0 31 87 43 20 0 90 17 31 39 41 43 0 39 22
split_gain=11.0967 7.91283 8.31464 9.49845 8.83155 10.5084 11.2757 13.4143 11.3763 10.426 9.77712 9.72953 9.64862 8.32275 8.2349 8.129 12.1389 7.34355 7.20099 6.97875 9.37394 6.73061 6.57656 7 6.37518 6.04171 8.37607 6.41778 5.69969 5.51266 5.36941 10.7657 10.6341 6.41212 6.23636 5.36863 5.33651 5.23948 5.02969 4.38386 5.1557 3.88658 3.75773 5.60769 3.76923 3.3495 3.17055 2.05396
threshold=392.9500000000001 1266.2500000000002 251.75000000000003 297.25000000000006 1380.8500000000001 905.6833645833334 29088.850000000002 25580.550000000003 1121.5380000000002 32428.900000000005 2631.3000000000006 1049.2618500000001 30297.568750000002 93.750000000000014 87.250000000000014 1203.3825625000002 34574.700000000004 31845.250000000004 88.250000000000014 31226.559075000001 231.25000000000003 4189.6215367364521 3758.7677245968853 1503.4000000000003 35731.382291666676 16.750000000000004 0.51041666666666685 1170.8520000000003 209.25000000000003 1291.8000000000002 98.250000000000014 31634.000000000004 31577.700000000004 31732.850000000002 6.3250000000000011 0.44791666666666669 82.849998474121108 936.30000000000007 30785.850000000002 1918.4728500000001 127.25000000000001 6.0750000000000011 118.25000000000001 84.250000000000014 75.049999237060561 32196.450000000004 216.25000000000003 88.750000000000014
decision_type=2 2 2 2 2 2 2 2 2 2 2 2 2 2 2 2 2 2 2 2 2 2 2 2 2 2 2 2 2 2 2 2 2 2 2 2 2 2 2 2 2 2 2 2 2 2 2 2
left_child=-1 24 3 4 5 6 13 -8 10 17 -9 -11 42 35 25 46 -17 29 19 20 -12 -10 -13 -24 36 -14 27 -27 39 -6 32 34 38 -33 -32 -3 -2 -21 -31 40 -20 -39 -7 44 -44 -25 -16 -47
right_child=1 2 -4 -5 9 12 7 8 21 11 18 22 14 -15 15 16 -18 -19 28 37 -22 -23 23 45 -26 26 -28 -29 -30 30 31 33 -34 -35 -36 -37 -38 41 -40 -41 -42 -43 43 -45 -46 47 -48 -49
leaf_value=-6.3248012525958117 -1.5636273371992166 2.069021054913339 -0.088865887750651823 0.64622381887526692 -1.0317944978687883 -0.47803409596690194 -2.7809941529981383 -0.073476328547049177 0.49611820333836781 -0.0051663498748914117 -0.073118627206093023 0.73896613208925477 -1.1983252151129589 -0.0087100910820904331 -0.66832684635829109 0.48223918205507488 -2.9841967721434024 -0.039068072123039088 0.023267300002135029 -0.002793191687426646 0.0012724960060663771 0.0028323341084134923 2.1452102208566024 -0.0060355562507447644 0.0071587336875334282 0.00020994138595592163 -0.36286306958985975 2.9028873538024103 -0.00070083980629019366 0.084036220971705614 -0.028017789673982562 -2.6382134572712643 3.9691651844268576 0.48166660765168462 0.080840211902840894 0.079649352047812982 -0.014819849733818731 0.012041563346789195 -0.012890601620630484 0.0038875463414222273 0.035206698080776457 0.00318369401352655 0.28746310190776281 -0.15483153533519994 1.0309572216825098 0.22708779552068811 -2.9200486692179846 0.0020802506070822179
leaf_weight=36 35 30 24 26 34 25 38 37 32 39 38 32 25 27 37 32 25 25 35 33 35 25 21 20 25 25 20 20 39 30 20 24 26 20 35 34 28 20 21 35 32 22 26 20 26 21 21 22
leaf_count=36 35 30 24 26 34 25 38 37 32 39 38 32 25 27 37 32 25 25 35 33 35 25 21 20 25 25 20 20 39 30 20 24 26 20 35 34 28 20 21 35 32 22 26 20 26 21 21 22
internal_value=0.000478955 0.000625931 0.000829346 0.000943089 0.000813953 0.00022113 0.00109375 0.0004038 0.000966057 0.00205128 0.000245399 0.00406452 -0.00125828 0.00428571 -0.0024878 -0.00426087 -0.00157895 0.000723404 0.000865052 -0.000675676 -0.00287671 0.00508772 0.00551724 0.00404762 -0.00227273 -0.000222222 0.00138462 0.00377778 0.00248227 0.00133333 0.00204545 0.000505051 0.00402597 -0.00318182 0.00345455 0.00625 -0.00396825 0.00146667 0.00137255 0.00372549 0.00522388 0.00380952 0.00134021 0.0025 0.00423077 0.00238095 -0.00689655 0.00395349
internal_weight=1378 1342 1254 1230 1204 814 512 421 383 390 326 155 302 91 205 115 57 235 289 148 73 57 116 84 88 90 65 45 141 210 176 99 77 44 55 64 63 75 51 102 67 42 97 72 52 63 58 43
internal_count=1378 1342 1254 1230 1204 814 512 421 383 390 326 155 302 91 205 115 57 235 289 148 73 57 116 84 88 90 65 45 141 210 176 99 77 44 55 64 63 75 51 102 67 42 97 72 52 63 58 43
is_linear=0
shrinkage=0.01


Tree=51
num_leaves=50
num_cat=0
split_feature=72 60 78 28 30 70 42 39 84 63 63 6 84 99 99 68 26 39 78 71 40 5 33 71 38 71 84 91 99 38 33 86 98 39 65 79 3 65 72 33 16 68 79 33 22 68 33 5 40
split_gain=15.7718 13.3656 15.8736 10.5238 13.6701 9.64199 9.06882 8.73764 8.50264 7.97582 9.75663 8.97224 8.68107 9.85733 8.26055 7.88961 7.33968 7.26748 6.97945 6.84897 8.19222 6.61323 6.54592 7.02038 6.25541 5.95017 5.73016 5.77201 5.72867 9.08277 7.23499 6.40539 6.0298 5.33802 5.09394 4.97204 4.93958 4.9 4.89314 4.88067 4.85248 6.23371 5.56818 4.66667 4.62857 4.62185 3.23801 2.5 0.981818
threshold=963.10000000000014 1018.5000000000001 418.68524652777779 24.025000000000002 88.750000000000014 830.31600000000014 95.83499908447267 116.25000000000001 941.2665208333334 30185.650000000005 32035.250000000004 8819.5600000000031 480.02128125000002 0.38541666666666669 0.53125000000000011 1509.9500000000003 72.000000000000014 116.25000000000001 389.77854166666674 1212.0175000000002 133.75000000000003 6720.1400000000003 14.250000000000002 1.0000000180025095e-35 5.7750000000000012 1509.9500000000003 1360.7231666666669 29962.375606250007 0.052083333333333336 4.2250000000000005 93.750000000000014 1402.3295000000003 0.78125000000000011 128.25000000000003 30293.550000000007 501.88893522612142 14106.642500000002 29001.900000000005 0.092500000000000013 117.75000000000001 5927.2000000000016 1488.1000000000001 581.9824365659847 132.25000000000003 77.250000000000014 1.0410000000000001 106.75000000000001 3817.0200000000004 71.250000000000014
decision_type=2 2 2 2 2 2 2 2 2 2 2 2 2 2 2 2 2 2 2 2 2 2 2 2 2 2 2 2 2 2 2 2 2 2 2 2 2 2 2 2 2 2 2 2 2 2 2 2 2
left_child=5 2 -2 4 7 8 -7 -3 9 14 45 16 46 -14 21 36 -12 -5 43 20 33 -1 37 -24 26 -21 27 -6 29 -25 -30 32 39 -8 -33 -35 -9 -19 -10 -31 42 -42 48 -16 -26 -11 -13 -17 -4
right_child=1 3 40 17 24 6 19 15 38 10 11 12 13 -15 18 47 -18 22 -20 25 -22 -23 23 28 44 -27 -28 -29 30 31 -32 34 -34 35 -36 -37 -38 -39 -40 -41 41 -43 -44 -45 -46 -47 -48 -49 -50
leaf_value=0.081639127026336675 0.23342119988453833 -0.82630317394932118 -2.0238265410490848 -5.0417536598629527 -0.41203485717036487 -0.015876953642840873 4.5154137113126103 0.046334678763280311 6.0395079719022254e-06 -0.026923473935344104 0.0033626509335461375 0.02662492854157732 0.0094562770149007862 -0.0029691430726382028 0.01010038981584316 -0.83574554019130698 -0.015669812676207706 -0.017852315635279149 -0.031797812904722368 -0.1756691986436219 9.0022359147240927 0.48859959012759685 0.8099199522266719 -1.2549750944242124 0.62257519879828327 0.91954335065187653 0.10545014825074162 0.36693224538692293 -0.0412022427043593 0.40240011324782232 0.041525236088496946 0.055390831135802683 -0.085619063408057056 -0.024386895879794084 -0.00082198772773510605 7.9469019155640606 0.92345960029519714 -2.1376959760049909 -0.24492602087775911 -0.35691002809768835 -3.9822389056999681 0.028266934808034279 -4.7953327284851524 0.042388833161083633 0.60280605700426859 -0.00026016409201905412 0.019398969221337287 0.0019830427363048985 -6.994136841498821
leaf_weight=21 32 34 20 20 33 35 35 23 21 34 36 21 32 38 21 20 20 20 38 33 30 38 29 24 35 27 21 30 28 30 37 20 24 30 24 32 21 20 29 21 21 25 36 21 35 22 37 20 24
leaf_count=21 32 34 20 20 33 35 35 23 21 34 36 21 32 38 21 20 20 20 38 33 30 38 29 24 35 27 21 30 28 30 37 20 24 30 24 32 21 20 29 21 21 25 36 21 35 22 37 20 24
internal_value=0.0004209 -0.000591472 -0.00316456 0.000123023 0.00154412 0.00155146 0.00324324 -0.00101695 0.000675991 0.00118734 8.33333e-05 0.00119565 0.00265625 0.000285714 0.00309353 0.000714286 -0.00214286 -0.00117845 0.001 0.00411765 0.00543307 0.0059322 -0.000758123 -0.000126582 0.00350649 0.00133333 0.00166667 0.00015873 -0.000769231 -0.00188811 0.00169231 -0.000756303 -0.00253333 0.00402062 0.00227273 0.00225806 0.00363636 -0.0045 -0.0032 -0.000588235 -0.0047619 -0.00217391 -0.00625 0.00380952 0.00571429 -0.00357143 0.00551724 -0.0025 -0.00863636
internal_weight=1378 727 158 569 272 651 222 118 429 379 240 184 128 70 139 84 56 297 80 187 127 59 277 237 154 60 84 63 208 143 65 119 75 97 44 62 44 40 50 51 126 46 80 42 70 56 58 40 44
internal_count=1378 727 158 569 272 651 222 118 429 379 240 184 128 70 139 84 56 297 80 187 127 59 277 237 154 60 84 63 208 143 65 119 75 97 44 62 44 40 50 51 126 46 80 42 70 56 58 40 44
is_linear=0
shrinkage=0.01


Tree=52
num_leaves=51
num_cat=0
split_feature=35 72 27 66 32 69 10 25 25 28 0 80 86 35 90 74 74 26 74 10 14 74 90 98 63 89 43 3 41 22 94 94 41 62 79 74 37 28 16 10 30 35 98 91 26 16 66 72 32 82
split_gain=9.44028 10.8385 16.3317 11.4571 10.4133 9.1987 10.4514 9.17979 8.00382 9.11763 7.94596 12.4446 10.3335 8.21038 7.82651 7.84072 7.41176 7.76086 8.03447 9.28261 7.94803 8.3256 7.35 7.22896 6.66862 6.59863 6.49962 6.4 6.24578 6.23077 6.1001 7.33988 6.00357 5.90877 7.67623 5.65111 5.55556 5.52585 5.44444 4.73605 4.73285 3.59177 5.48638 3.51373 3.24 2.91255 2.17391 1.95918 1.86667 1.61897
threshold=26.725000000000005 552.08900000000017 79.250000000000014 1.1920000000000004 254.25000000000003 25676.850000000002 38206.250000000007 119.25000000000001 22.250000000000004 23.525000000000002 32561.650000000005 34878.477430555562 0.78700000000000003 25.825000000000006 1347.2770500000004 1474.7934791666669 413.99453125000008 138.75000000000003 590.73700000000019 36882.80000000001 19000.050000000007 1203.3825625000002 1757.0479500000004 0.55208333333333348 31746.000000000004 1020.4649812500001 78.485000610351577 15089.250000000002 70.750000000000014 89.250000000000014 641226.44491750025 699290.99294625013 98.750000000000014 962.03250000000014 423.65714810405308 917.85969791666673 99.250000000000014 30.925000000000004 4571.0500000000011 34040.650000000009 47.250000000000007 27.475000000000005 0.11458333333333334 28447.453518750004 6.2500000000000009 4506.4000000000005 963.64250000000015 1496.0620000000001 106.75000000000001 -0.050500000000000038
decision_type=2 2 2 2 2 2 2 2 2 2 2 2 2 2 2 2 2 2 2 2 2 2 2 2 2 2 2 2 2 2 2 2 2 2 2 2 2 2 2 2 2 2 2 2 2 2 2 2 2 2
left_child=1 3 8 25 43 -2 16 -8 9 23 12 39 13 45 33 36 24 18 -18 20 21 35 27 26 -7 -1 -3 -23 44 -27 -24 -32 49 -14 -35 -20 38 40 -16 47 -9 -42 -43 -4 -5 -10 -37 -12 -40 -30
right_child=5 2 4 28 -6 6 7 37 10 -11 11 -13 14 -15 15 -17 17 -19 19 -21 -22 22 30 -25 -26 29 -28 -29 32 -31 31 -33 -34 34 -36 46 -38 -39 48 -41 41 42 -44 -45 -46 -47 -48 -49 -50 -51
leaf_value=-0.0052327897137368143 3.4671513458546146 0.11816020024152291 -6.1478603375344312 -0.12995645956134383 0.0065735162374969593 -4.5917217380018638 0.044087559456574318 0.0035327876830148009 -1.5029755721142544 -1.4134064551529064 3.6143742697036889 -1.0550781387604591 -0.44577904566169396 0.045871331975647509 0.75956074556770392 -0.0043147723161611326 0.022431124255191587 0.97845292598036016 -0.0081670358080406149 -1.7630820352126997 0.089216879413990244 -0.57458408135047279 0.035938028057086763 0.019975546141986419 -0.0057700102241577964 -0.0017268769049352639 -0.49819853425844579 0.0022674436535019956 0.031335673691356029 0.02698772307224015 -0.0083084041355184039 0.098247057736152346 0.016937817218230664 -0.019908855976860075 0.77825624877269117 -2.3065237186486396 0.052969028004513898 0.010450914354135046 0.73882512378315257 0.038400597151284514 -0.012623643508057295 0.017904921010471662 -0.024614055129085172 -6.300681093298877 2.8086860191596204 -1.9302447491096848 -2.6361795869993476 0.1718244710983669 0.91319228115288642 7.1301358633961902
leaf_weight=26 23 31 30 20 29 28 37 25 22 21 24 27 25 25 24 34 34 22 36 27 21 20 33 33 23 39 37 20 23 36 26 21 28 39 34 23 24 22 20 35 31 21 25 21 25 20 23 25 28 32
leaf_count=26 23 31 30 20 29 28 37 25 22 21 24 27 25 25 24 34 34 22 36 27 21 20 33 33 23 39 37 20 23 36 26 21 28 39 34 23 24 22 20 35 31 21 25 21 25 20 23 25 28 32
internal_value=0.000493469 0.0011589 0.000460526 0.0030131 -0.00375 -0.000536044 -0.000810811 0.00130435 0.00109848 -0.00114754 0.0017734 0.00405405 0.000915254 -0.00253731 0.00192982 0.00353846 -0.00176471 -0.00117647 -0.00161972 -0.00224 -0.00156951 -0.00217822 -0.0005 9.90099e-05 -0.00529412 0.00049505 -0.00176471 -0.004 0.005 0.002 0.00125 -0.00106383 0.00662651 -0.000204082 0.00123288 -0.00463415 0.005 0 0.00638889 0.00595238 -0.000980392 -0.00220779 -0.000434783 -0.00647059 0.002 -0.0052381 -0.00695652 0.00795918 0.00833333 0.00854545
internal_weight=1378 837 608 229 80 541 518 161 528 122 406 111 295 67 228 130 357 306 284 250 223 202 120 101 51 101 68 40 128 75 80 47 83 98 73 82 96 124 72 84 102 77 46 51 45 42 46 49 48 55
internal_count=1378 837 608 229 80 541 518 161 528 122 406 111 295 67 228 130 357 306 284 250 223 202 120 101 51 101 68 40 128 75 80 47 83 98 73 82 96 124 72 84 102 77 46 51 45 42 46 49 48 55
is_linear=0
shrinkage=0.01


Tree=53
num_leaves=52
num_cat=0
split_feature=8 34 100 80 38 21 20 28 68 3 0 3 59 4 39 11 4 66 25 60 68 33 63 76 66 33 33 38 98 38 25 40 99 100 76 68 60 22 34 3 14 97 21 22 4 93 25 23 91 8 0
split_gain=10.2324 8.63396 10.3867 9.2567 8.83886 11.6178 8.77922 9.52381 9.09263 8.28596 14.104 8.04896 8.54618 8.55048 7.09957 8.31169 9.54545 7.96286 7.11041 7.27706 7.00379 6.81257 11.1479 7.91691 6.41212 6.28941 7.44268 6.27498 8.50373 6.21218 7.5576 6.15212 5.92646 6.68303 5.53606 6.64477 5.20807 5.07877 6.2751 5.06617 4.94793 4.9 4.35981 4.27775 4.04806 4.00928 3.7855 2.92986 1.79147 1.6 0.104762
threshold=392.9500000000001 79.750000000000014 0.28125000000000006 37033.331597222226 4.9750000000000005 16.725000000000005 2774.5500000000006 22.275000000000002 899.68550000000016 15360.800000000001 32132.250000000004 16154.050000000001 1.0000000180025095e-35 4802.4500000000007 117.75000000000001 37649.000000000007 3105.8350000000005 1499.9500000000003 96.750000000000014 1156.6450000000002 1.0075000000000001 126.25000000000001 33745.350000000013 32511.221875000007 1293.8450000000003 98.250000000000014 145.75000000000003 8.8250000000000028 0.10763888888888891 4.0750000000000011 29.750000000000004 108.25000000000001 0.38541666666666669 0.49652777777777785 30170.486458333336 1509.9500000000003 748.22150000000011 89.750000000000014 107.25000000000001 14941.300000000001 13032.750000000002 0.23958333333333334 26.375000000000004 86.250000000000014 3410.5950000000007 418.85580369843535 111.75000000000001 99.250000000000014 30921.784693750003 417.59250000000009 33443.55000000001
decision_type=2 2 2 2 2 2 2 2 2 2 2 2 2 2 2 2 2 2 2 2 2 2 2 2 2 2 2 2 2 2 2 2 2 2 2 2 2 2 2 2 2 2 2 2 2 2 2 2 2 2 2
left_child=-1 3 11 4 5 29 7 -7 -9 10 14 12 13 25 15 16 -6 18 19 -16 -20 32 23 -23 -21 -3 -27 28 -5 30 -2 -15 -4 -34 -10 -36 -12 38 -35 -39 -19 -30 -33 -11 -38 -42 -45 50 -25 -31 -46
right_child=1 2 21 27 9 6 -8 8 34 43 36 -13 -14 31 17 -17 -18 40 20 24 -22 22 -24 48 -26 26 -28 -29 41 49 -32 42 33 37 35 -37 44 39 -40 -41 45 -43 -44 46 47 -47 -48 -49 -50 -51 -52
leaf_value=-6.2487494741851952 -0.3567065042425353 -1.0063427402523819 0.02647280391447358 0.013168976860047 -1.140771751750183 0.50568754634468815 -1.4785806658330005 3.7639348268474713 0.23775340934332484 0.057177772508870073 0.0087786137986616102 0.3008456445914432 0.026215701417584576 -4.8376031999288749 1.3200141907206597 -0.78017835011043701 0.81173301595048286 -1.2017499744452789 4.7118646431446827 -0.075165608579840268 -0.054586021660880529 0.0008834892090133806 -0.0067218504294272816 0.23306831244756332 1.0971556749637312 0.035578647776515898 -0.097186819935913493 -0.041478649834243861 -0.016026035719973998 -0.21665119456471268 1.5340681351992589 -1.8580660687408805 -1.3723219912663596 -0.0071165557630865186 -0.67928611054449251 0.023824866391613974 0.019775790680566556 -0.022303988806197925 0.036063710049444433 0.02449555210851086 0.12181309116346223 -0.00036580102176415018 -0.0065366530823918615 -0.0035797585397137613 2.4907388722186341 -0.0067369908730281619 -0.013683890149648086 0.18146550074201123 0.014852192721332296 -0.90825010112393301 6.0124173462212287
leaf_weight=36 25 34 39 26 27 33 22 34 28 24 35 26 34 34 33 22 28 21 22 20 32 25 31 25 24 29 37 20 20 20 22 20 26 22 32 27 35 27 23 22 25 20 21 29 20 33 20 25 21 20 22
leaf_count=36 25 34 39 26 27 33 22 34 28 24 35 26 34 34 33 22 28 21 22 20 32 25 31 25 24 29 37 20 20 20 22 20 26 22 32 27 35 27 23 22 25 20 21 29 20 33 20 25 21 20 22
internal_value=0.000261248 0.000402385 -0.000645161 0.00101655 0.00136842 -0.000114068 0.00136364 0.00220779 0.000909091 0.00215292 0.00268868 -0.00217021 -0.00282297 -0.00371429 0.00142857 -0.00116883 0.000909091 0.00238095 0.00389313 0.00584416 0.00111111 0.000727969 0.0027451 0.00492958 0.00318182 -0.0018 0 -0.00209302 -0.000606061 -0.00310345 -0.000638298 -0.00626667 -0.000566038 -0.00166667 -0.000804598 -0.00254237 0.00532847 -0.000425532 0.002 -0.00265306 -0.000126582 -0.0035 -0.00365854 -0.000958904 0.00647059 0.00137931 -0.00265306 0.00791045 0.0073913 -0.006 0.00952381
internal_weight=1378 1342 496 846 760 263 176 154 121 497 424 235 209 175 287 77 55 210 131 77 54 261 102 71 44 100 66 86 66 87 47 75 159 120 87 59 137 94 45 49 79 40 41 73 102 58 49 67 46 40 42
internal_count=1378 1342 496 846 760 263 176 154 121 497 424 235 209 175 287 77 55 210 131 77 54 261 102 71 44 100 66 86 66 87 47 75 159 120 87 59 137 94 45 49 79 40 41 73 102 58 49 67 46 40 42
is_linear=0
shrinkage=0.01


Tree=54
num_leaves=54
num_cat=0
split_feature=28 79 25 6 82 68 3 82 6 4 3 6 23 81 91 81 79 10 24 39 20 38 10 66 87 16 20 75 62 74 22 76 46 56 20 1 3 7 17 23 7 75 38 14 40 39 20 82 17 20 17 42 22
split_gain=7.95621 12.8595 9.27112 8.37058 10.8379 12.987 9.8168 9.0624 8.12192 8.00352 7.37217 7.30898 8.94577 7.01078 6.67023 9.6881 6.58076 6.38608 11.9467 7.85664 9.37552 7.98494 8.54445 7.54819 10.7703 9.69706 8.57158 6.77559 6.18585 9.47623 8.58306 5.60666 6.17444 5.46505 6.28257 5.23304 12.4199 4.971 4.87013 4.73389 4.64703 4.73088 4.64015 4.59581 4.53791 6.5029 3.6878 3.64759 5.01951 3.6 2.70941 2.06289 1.03404
threshold=23.275000000000002 573.4400217600305 13.250000000000002 3827.7900000000004 1397.0500000000004 1606.1500000000003 15156.85 508.90000000000003 12244.245000000003 3391.1550000000007 15783.450000000003 4907.7850000000008 65.750000000000014 3934.8919517302875 29738.636975000005 4585.1795252896127 265.62054316349077 41636.200000000004 4.9750000000000005 102.25000000000001 976.1500000000002 5.0250000000000012 35257.55000000001 1.0075000000000001 0.55208333333333337 6250.8000000000011 692.50000000000011 692.26159094077718 852.15000000000009 873.59410416666685 90.250000000000014 37205.562500000007 105.09499740600587 0.87837969732492682 2515.9500000000003 13753.450000000003 11232.950000000003 27.565000000000001 16.850000000000005 98.750000000000014 17.555000000000003 342.47907062424144 7.0250000000000012 17063.500000000004 123.25000000000001 228.25000000000003 1964.0500000000004 -0.11949999999999998 262.05000000000001 1477.7000000000003 57.250000000000007 134.94999694824222 90.250000000000014
decision_type=2 2 2 2 2 2 2 2 2 2 2 2 2 2 2 2 2 2 2 2 2 2 2 2 2 2 2 2 2 2 2 2 2 2 2 2 2 2 2 2 2 2 2 2 2 2 2 2 2 2 2 2 2
left_child=1 2 -1 6 8 38 7 40 9 10 51 12 -11 -14 15 16 -4 19 -19 -13 23 22 -22 24 -21 -26 28 31 29 -25 50 32 43 34 -3 36 -18 -16 -6 -39 -2 -42 -20 -23 -8 -46 -37 48 -28 -38 -30 -5 -45
right_child=3 33 14 4 5 -7 44 -9 -10 11 -12 17 13 -15 37 -17 35 18 42 20 21 27 -24 26 25 -27 47 -29 30 -31 -32 -33 -34 -35 -36 46 49 39 -40 -41 41 -43 -44 52 45 -47 -48 -49 -50 -51 -52 -53 -54
leaf_value=-0.070064347478873135 -1.7778187423342613 -0.0070704196507876743 -0.0069641417913243134 0.56992003205263608 0.077311870400622457 -0.64672413330084622 0.039885496240027393 -3.0724337431849387 0.018836521030670447 0.016379737122596025 -0.015179574987900131 -0.041730215747192156 -0.55316123502357362 -0.93954373288195114 0.90381997177479345 -1.1478082469996715 1.5207598473769124 0.0050437661042007044 -0.011005014047242434 0.088236924481863724 -0.048393502819767321 0.019422947005494139 0.020172161070901883 0.011931191507937313 -0.015517070472138222 0.1392562087027541 -6.5739315730936863 -0.0041368163842621566 1.4928229179981864 -1.4762745882531261 -0.013281309589877586 0.00047391243191903905 0.0039165977179583256 0.057430118400343816 -2.0981938372330715 1.5300971765754463 0.45412368375364681 3.0954025602179174 7.8030646225095417 0.0058853517156082068 0.083023609424557596 -0.12780507842666761 -0.085013994404560519 0.1755451762559482 -0.045931997812194217 0.020871948203899673 0.017149893037314182 -0.0077446794070577035 -0.014726025899319879 -0.71915325218870674 0.40650603639057864 0.014743273162460198 0.044442044063672539
leaf_weight=26 32 35 31 23 27 22 38 25 31 20 20 36 25 28 20 23 27 21 32 35 21 20 22 38 33 23 21 22 21 24 25 32 22 21 24 21 20 30 28 21 39 30 22 27 22 25 20 27 20 20 20 20 20
leaf_count=26 32 35 31 23 27 22 38 25 31 20 20 36 25 28 20 23 27 21 32 35 21 20 22 38 33 23 21 22 21 24 25 32 22 21 24 21 20 30 28 21 39 30 22 27 22 25 20 27 20 20 20 20 20
internal_value=0.000174165 0.00150442 0.00258687 -0.000259865 0.000193237 0.00376623 -0.00203791 -0.00380952 -0.000173103 -0.000388889 0.00301587 -0.000715373 -0.00369863 -0.00584906 0.00321888 0.00209877 0.00309353 -0.000342466 -0.00306667 5.89391e-05 0.000401691 0.00215054 -0.00162791 -0.000731707 0.00164835 -0.00107143 -0.00183673 0.00328671 -0.0003125 -0.00258065 0.00181818 0.00421488 0.00550562 -0.002 -0.00355932 0.00425926 0.00253731 0.00577465 0.00636364 0.00411765 -0.00247525 -0.00101449 -0.00555556 0.00701493 0.000588235 -0.00148936 0.00707317 -0.00470588 -0.00658537 -0.001 0.00463415 0.00534884 0.0087234
internal_weight=1378 339 259 1039 828 77 211 126 751 720 63 657 73 53 233 162 139 584 75 509 473 186 43 287 91 56 196 143 128 62 66 121 89 80 59 108 67 71 55 51 101 69 54 67 85 47 41 68 41 40 41 43 47
internal_count=1378 339 259 1039 828 77 211 126 751 720 63 657 73 53 233 162 139 584 75 509 473 186 43 287 91 56 196 143 128 62 66 121 89 80 59 108 67 71 55 51 101 69 54 67 85 47 41 68 41 40 41 43 47
is_linear=0
shrinkage=0.01


Tree=55
num_leaves=51
num_cat=0
split_feature=95 13 72 72 2 69 83 72 67 72 78 0 43 65 21 7 40 69 60 0 43 43 25 92 92 77 81 4 4 4 84 45 2 88 63 83 13 13 92 58 38 13 62 79 72 4 72 40 63 27
split_gain=22.8989 18.4629 15.0777 12.5181 8.6045 17.2513 9.17652 9.47437 10.8284 8.03856 8.03754 7.61938 7.43702 7.23419 8.22889 7.22822 7.21236 7.02388 10.9662 10.5308 6.81936 12.2661 10.2413 9.09714 7.38339 7.25923 9.42831 7.07202 8.55972 6.77232 6.49962 6.45503 6.92113 6.44175 6.30806 5.86667 5.82666 5.98917 5.65296 5.31513 6.87737 4.90944 4.62266 4.53711 4.38002 4.26087 2.625 2.5 2.49618 1.85986
threshold=1.0000000180025095e-35 2240.1000000000008 1297.9565000000002 1368.6500000000003 2795.1500000000005 32995.700000000004 860.24999999999829 1000.4405 33322.850000000006 1011.3385000000001 1492.8468055555559 28115.800000000007 91.52500152587892 29102.400000000005 22.325000000000006 17.605000000000004 34.750000000000007 32182.600000000002 1293.8450000000003 30476.300000000007 81.090000152587905 68.235000610351577 174.50000000000003 20787.890162500011 19611.814012500006 4201.7201672462843 3832.758362073539 13292.010000000002 9575.8050000000021 3038.0050000000006 551.71988541666678 24495.000000000004 3267.4500000000003 5160.1462500000007 32250.550000000003 1997.5499999999995 3952.8000000000006 2792.8500000000008 25230.45470625001 -0.6830127018922193 4.4250000000000016 8694.4000000000015 1116.3735000000001 652.48210789594395 850.57450000000006 5685.9550000000008 1649.0405000000003 87.250000000000014 29081.300000000007 84.250000000000014
decision_type=2 2 2 2 2 2 2 2 2 2 2 2 2 2 2 2 2 2 2 2 2 2 2 2 2 2 2 2 2 2 2 2 2 2 2 2 2 2 2 2 2 2 2 2 2 2 2 2 2 2
left_child=2 13 4 29 5 6 -1 8 11 20 16 15 34 -2 46 -8 -4 18 19 -18 21 30 41 -22 -24 26 -25 28 -28 -3 -6 45 -33 -20 36 -11 37 -5 -14 -31 -41 -23 -42 48 -13 -19 -15 -9 -38 -43
right_child=1 3 10 12 9 -7 7 47 -10 35 -12 44 38 14 -16 -17 17 31 33 -21 23 22 24 25 -26 -27 27 -29 -30 39 -32 32 -34 -35 -36 -37 43 -39 -40 40 42 49 -44 -45 -46 -47 -48 -49 -50 -51
leaf_value=0.39702836186451274 -0.38020387815135342 2.2380354227195869 -4.5913331245852458 0.025636231239333184 0.0050256264763205369 -0.087579501160543874 -0.18200696937740507 -2.3884859144461941 -0.047660744712167226 0.091259355417522892 -7.8695227867280879 1.2673833917006316 0.022904625997617726 0.33848440549958975 -0.024992873471474795 0.21794406715555309 -2.7569146618194682 -4.3056081687380905 0.0078525542530988087 0.29730171969336089 -0.021880238425207851 0.035623632494809848 0.012875497604115341 -0.013829863926232335 -0.0064901847113301991 -0.068682242422579656 0.017434931833565794 0.024526855114941119 -0.004517826881271979 7.9301713243689509 -0.48866875162845252 -3.162874267173271 0.096028984491883379 0.45324694394152582 -0.0057611944467462969 0.68703247221822406 0.038028953503860381 -0.014676198194818909 -0.074358611796614821 -0.037799095610764083 0.10300632748005226 0.042767972627407572 2.3974648927452074 0.3619122044377559 0.12506911675430288 -9.5494476768932604 0.0039367479177954221 -1.318926766934855 0.14142506743057393 0.016393593785414367
leaf_weight=33 39 27 34 23 31 36 33 20 28 20 24 38 21 24 25 37 32 23 23 20 30 26 23 22 37 31 34 20 32 39 37 20 23 21 25 24 27 30 20 22 20 29 34 24 25 23 32 20 25 22
leaf_count=33 39 27 34 23 31 36 33 20 28 20 24 38 21 24 25 37 32 23 23 20 30 26 23 22 37 31 34 20 32 39 37 20 23 21 25 24 27 30 20 22 20 29 34 24 25 23 32 20 25 22
internal_value=0.000201729 0.00203501 -0.000698174 0.00323442 5.81395e-05 -0.00133333 -0.00034188 -0.00114428 -6.21118e-05 0.000956938 -0.00283951 0.00112782 0.00158974 -0.00133333 0.00037037 -0.00114286 -0.00223744 -0.00145946 0.000416667 -0.00269231 0.000481283 0.00170732 0.00343066 -0.00100592 0.000333333 7.19424e-05 0.0012963 0.0027907 0.00121212 0.00549296 -0.00176471 -0.00348315 -0.000697674 0.00409091 0.0025974 0.005 0.00348837 0.000943396 -0.00219512 0.00443478 0.00289474 0.00584416 0.00481481 0.00526316 0.00365079 -0.00608696 0.0025 -0.0055 0.00692308 0.00764706
internal_weight=1388 457 931 337 688 270 234 201 161 418 243 133 195 120 81 70 219 185 96 52 374 205 137 169 60 139 108 86 66 142 68 89 43 44 154 44 129 53 41 115 76 77 54 76 63 46 56 40 52 51
internal_count=1388 457 931 337 688 270 234 201 161 418 243 133 195 120 81 70 219 185 96 52 374 205 137 169 60 139 108 86 66 142 68 89 43 44 154 44 129 53 41 115 76 77 54 76 63 46 56 40 52 51
is_linear=0
shrinkage=0.01


Tree=56
num_leaves=52
num_cat=0
split_feature=1 70 30 13 33 10 33 76 5 23 78 74 10 32 79 3 80 71 24 24 88 58 80 88 26 71 34 11 23 33 32 26 75 32 10 13 3 75 80 66 5 38 10 11 75 17 45 13 64 80 19
split_gain=10.9908 9.98112 12.051 11.2457 11.2087 11.5362 12.8005 9.72931 10.0946 7.40917 7.26114 12.2028 6.87653 8.15683 6.85714 6.77297 8.03437 6.75584 6.35609 6.34665 6.69856 10.5622 6.36633 6.21024 6.23077 6.09524 5.97206 7.08053 5.86094 5.45718 5.33968 5.2891 7.99113 6.05453 5.42394 7.71429 5.21227 6.23466 5.8423 6.68386 8.02193 6.80886 5.26878 5.17993 5.01247 4.9 4.36883 6.70476 4.14376 3.96825 3.70275
threshold=13926.85 1296.0300000000002 95.750000000000014 1642.9000000000003 215.75000000000003 30279.500000000004 191.75000000000003 22623.476041666672 2644.9850000000001 44.750000000000007 393.52606250000002 533.34116666666671 41732.350000000013 112.75000000000001 364.5131472751271 13742.350000000002 35244.747569444451 1132.3350000000003 13.175000000000002 9.2250000000000014 5912.0716666666667 0.25000000000000011 29193.056250000005 7019.2822916666673 17.250000000000004 930.52200000000005 49.750000000000007 35907.30000000001 74.750000000000014 2.2500000000000004 154.75000000000003 12.250000000000002 597.23060355908899 236.25000000000003 35728.05000000001 11719.900000000003 13962.050000000001 543.12163506941431 32263.517013888893 1661.6500000000003 4898.505000000001 5.2750000000000012 32154.400000000005 42405.850000000013 500.01900851513028 101.55000000000001 23702.500000000004 3173.4500000000003 1.0010000000000001 34597.236805555563 857.10000000000014
decision_type=2 2 2 2 2 2 2 2 2 2 2 2 2 2 2 2 2 2 2 2 2 2 2 2 2 2 2 2 2 2 2 2 2 2 2 2 2 2 2 2 2 2 2 2 2 2 2 2 2 2 2
left_child=7 2 4 14 5 -2 17 45 -9 30 -11 -12 13 29 -3 16 28 18 23 20 25 -22 -21 24 -7 -13 -24 -28 -5 -4 -10 33 34 -15 -33 -36 -17 38 46 40 -40 -41 -39 -14 -31 -1 47 -38 -8 -34 -25
right_child=1 3 12 15 -6 6 48 8 9 10 11 19 43 31 -16 36 -18 -19 -20 22 21 -23 26 50 -26 -27 27 -29 -30 44 -32 32 49 -35 35 -37 37 42 39 41 -42 -43 -44 -45 -46 -47 -48 -49 -50 -51 -52
leaf_value=1.8152029764845861 -0.17271829294468311 0.012087247035595633 0.076604795989748037 1.1942897243619814 0.028300842415120792 0.003016349718664716 -0.012202667000551379 -2.8321389964715245 0.55090887909165598 0.023418051866618727 -7.8625139020340269 -0.012745781539715253 -0.01463626873893298 0.24979286290492225 -0.55294312722721517 -0.40153814449521302 -0.0003060591033575594 -0.11719892599284305 0.065269416391979376 0.0083224456852122545 0.30025656763119607 -0.64901094961975847 -1.9244697155897774 0.016905158543280532 -0.56658575282675816 0.75994170427639607 -1.0906105977475939 0.021216386439511115 3.7600290445862625 -1.9320177024864444 -0.042428694925658074 0.070527719053577215 0.012593539610482582 0.0069460413054150405 -0.0057000870067043423 0.024113569626545379 0.021790806219930542 0.010783097163731917 -0.54888031384088098 -0.030379485284869161 0.089526535994571929 0.19377618838211041 0.59347347402405282 0.00089464423983009263 0.0049502706312933142 -0.13215685355465889 0.071786917600029879 -0.0095012243573286866 -0.6149221729666412 -0.018436622478644887 -0.00061087097031417906
leaf_weight=20 30 35 33 29 31 26 38 33 36 22 28 21 20 27 25 20 22 21 23 32 32 25 22 32 26 21 29 31 32 24 20 31 24 20 21 21 27 23 35 20 23 31 38 26 29 20 22 28 25 21 37
leaf_count=20 30 35 33 29 31 26 38 33 36 22 28 21 20 27 25 20 22 21 23 32 32 25 22 32 26 21 29 31 32 24 20 31 24 20 21 21 27 23 35 20 23 31 38 26 29 20 22 28 25 21 37
internal_value=0.000244957 0.000803213 -3.41297e-05 0.002 -0.00148789 -0.00217054 -0.00140351 -0.00117347 -0.00170455 -0.00115987 -0.00186312 -0.00236515 0.00138047 0.00203187 -0.002 0.00268571 0.00518072 6.06061e-05 0.000833333 -0.0015493 0.00030303 -0.00192982 -0.00315789 -8.26446e-05 -0.00269231 0.00333333 -0.00463415 -0.003 0.00704918 -0.000465116 0.00214286 0.00333333 0.00220339 0.00617021 0.00424658 0.00190476 0.00191011 0.00230769 0.00139785 -9.17431e-05 -0.00241379 0.00254902 0.00508197 -0.00217391 -0.00245283 0.0035 0.00350649 0.002 -0.0052381 -0.00111111 0.00188406
internal_weight=1388 996 586 410 289 258 228 392 352 319 263 241 297 251 60 350 83 165 144 213 99 57 114 121 52 42 82 60 61 86 56 165 118 47 73 42 267 247 186 109 58 51 61 46 53 40 77 55 63 45 69
internal_count=1388 996 586 410 289 258 228 392 352 319 263 241 297 251 60 350 83 165 144 213 99 57 114 121 52 42 82 60 61 86 56 165 118 47 73 42 267 247 186 109 58 51 61 46 53 40 77 55 63 45 69
is_linear=0
shrinkage=0.01


Tree=57
num_leaves=54
num_cat=0
split_feature=95 72 14 68 39 30 24 47 31 31 35 68 98 40 25 97 5 20 88 2 26 26 31 20 34 78 2 5 24 24 78 63 24 14 39 25 98 25 83 24 31 38 11 63 34 38 68 5 39 31 20 0 0
split_gain=17.4782 15.2312 15.1805 11.3483 9.01388 10.1835 10.112 8.20711 9.82655 11.1154 8.4576 11.7194 7.57202 7.47333 7.06371 8.27279 6.91574 6.82266 8.99323 7.61163 6.82065 6.57277 7.80099 9.44781 6.18835 7.04745 8.10822 6.15787 6.03068 6.00201 6.07395 6.6287 6.89719 8.54991 6.13636 5.81142 6.60186 5.76275 7.21942 5.90635 5.63333 5.27367 5.05469 4.80769 6.64283 4.28098 3.80648 4.33333 3.29714 2.62074 2.61905 1.6 0.419048
threshold=1.0000000180025095e-35 1297.9565000000002 10623.350000000002 1368.6500000000003 102.25000000000001 95.750000000000014 9.1750000000000025 1.0000000180025095e-35 3.6250000000000004 8.4750000000000014 26.225000000000005 997.60000000000014 0.73958333333333348 34.750000000000007 177.25000000000003 0.15625000000000003 10231.925000000001 760.80000000000007 7887.687291666668 3455.8745000000004 37.750000000000007 19.750000000000004 6.3250000000000011 1262.7500000000002 42.750000000000007 1353.4368784722224 2527.1000000000004 3595.5150000000003 8.9250000000000025 3.4250000000000007 1226.9437013888892 27368.900000000005 7.075000000000002 13949.050000000001 165.25000000000003 39.250000000000007 0.32291666666666669 32.250000000000007 1768.3499999999988 10.475000000000001 4.7750000000000012 8.0750000000000028 41605.750000000007 28737.150000000005 74.750000000000014 5.8250000000000011 994.50000000000011 5694.8050000000012 158.25000000000003 7.0250000000000012 1273.2000000000003 36297.55000000001 33050.650000000009
decision_type=2 2 2 2 2 2 2 2 2 2 2 2 2 2 2 2 2 2 2 2 2 2 2 2 2 2 2 2 2 2 2 2 2 2 2 2 2 2 2 2 2 2 2 2 2 2 2 2 2 2 2 2 2
left_child=1 4 49 27 6 7 -1 10 -9 43 11 -6 13 -3 20 16 -16 18 28 41 21 22 40 -24 -15 26 -26 -4 -12 -5 35 -32 50 34 -34 -31 -37 -28 -39 -40 -7 -19 46 -10 -45 -22 52 -48 -35 -2 -33 -18 -29
right_child=2 12 3 29 5 14 -8 8 9 -11 17 -13 -14 24 15 -17 51 19 -20 -21 45 -23 23 -25 25 -27 37 42 -30 30 31 32 33 48 -36 36 -38 38 39 -41 -42 -43 -44 44 -46 -47 47 -49 -50 -51 -52 -53 -54
leaf_value=0.00014453744231329501 -0.0015182549315716862 -4.5453158608141564 -0.0032515984979107461 0.066167162430242968 0.074067278542424342 0.017891747491878499 -0.43919247065781569 -1.1335725008820985 0.34233237160815294 -0.090773332017895045 -0.51598140374722501 -0.30640406070470982 -8.9567889211670675 0.15541807806074187 -0.01510385827458883 -0.071960519986287608 0.021963431297962997 -0.04650110947633506 0.10618358511928727 0.013402382188597423 0.014881500039025065 -0.12945397153570398 -0.09878775849328307 0.053335967215264381 -1.6588369043741318 0.088631270634626211 -3.2941471190123126 8.4157283906733458 0.063976392412979685 -2.0954777091550931 0.024727174763020061 -0.05462225172948118 -0.0067628667537971785 0.0065368482528515319 0.0088310918572244747 0.4889522589799003 -0.020881081307964535 -2.9496147123065266 0.36297536694945565 -4.2627642509151045 0.24735006212321722 -0.021756913267994879 0.92899116650935087 -0.026496399093208049 0.015490562669452333 0.12437612964486448 1.3056462293628908 3.4644016875775088 0.60583981603777748 -0.13024469867681698 0.00097010765234593552 0.0046605049875287586 8.0513913830146677
leaf_weight=30 23 33 22 22 34 30 21 20 20 32 21 20 26 33 29 20 20 38 35 20 24 21 35 32 38 23 23 22 23 23 31 20 20 38 24 22 30 22 24 21 24 29 24 23 29 38 27 25 21 21 22 20 20
leaf_count=30 23 33 22 22 34 30 21 20 20 32 21 20 26 33 29 20 20 38 35 20 24 21 35 32 38 23 23 22 23 23 31 20 20 38 24 22 30 22 24 21 24 29 24 23 29 38 27 25 21 21 22 20 20
internal_value=0.000345821 -0.000440387 0.00194748 0.00254237 0.000319767 0.000643642 -0.00372549 -0.000523256 -0.00258065 -0.00134615 0.000636364 0.00407407 -0.00259259 -0.00198157 0.00201365 -0.000337079 0.00130435 -0.000481928 0.00164557 -0.00241379 0.00303922 0.00183099 0.00272727 0.000447761 -0.00119565 -0.00205298 -0.00296875 0.00485714 -0.00136364 0.00135531 0.000916335 0.00193182 0.00103448 0.00242718 -0.000909091 -0.00146667 0.000384615 -0.00133333 0.000149254 0.00244444 0.00555556 -0.00402985 0.00576271 0.000833333 -0.000769231 0.00580645 0.00680851 0.005 0.00491525 -0.00363636 -0.00238095 0.004 0.00904762
internal_weight=1388 931 457 413 688 637 51 344 124 104 220 54 243 217 293 89 69 166 79 87 204 142 121 67 184 151 128 140 44 273 251 176 145 103 44 75 52 90 67 45 54 67 118 72 52 62 94 52 59 44 42 40 42
internal_count=1388 931 457 413 688 637 51 344 124 104 220 54 243 217 293 89 69 166 79 87 204 142 121 67 184 151 128 140 44 273 251 176 145 103 44 75 52 90 67 45 54 67 118 72 52 62 94 52 59 44 42 40 42
is_linear=0
shrinkage=0.01


Tree=58
num_leaves=52
num_cat=0
split_feature=14 95 89 72 19 65 93 43 83 83 73 83 87 3 44 2 21 10 35 72 21 41 41 97 44 70 93 45 43 72 80 72 3 43 89 46 5 19 23 87 16 44 38 14 97 65 60 82 94 41 8
split_gain=12.6493 13.2279 11.0827 10.0541 8.61658 10.6813 10.1009 7.75646 7.31597 8.64732 9.35455 7.79221 6.97002 6.38849 6.37175 10.9435 6.89944 7.345 6.79411 7.20935 9.01783 8.67921 8.09135 7.22302 7.21925 6.97324 11.1987 8.35597 7.26515 9.41146 7.11648 6.67822 9.12216 7.52962 6.35638 6.25999 6.94749 6.19493 7.4498 5.78626 5.65476 9.55688 4.55111 4.29566 4.25511 6.79805 3.96951 3.81099 3.76112 2.92557 2.87811
threshold=12701.800000000001 1.0000000180025095e-35 694.89639375000013 1336.2840000000003 408.85000000000008 28683.750000000004 413.11269230769238 93.274997711181655 431.5999999999986 2318.0500000000015 937.1735000000001 2663.1500000000001 0.32291666666666669 15999.400000000003 6.7569999694824228 2580.4500000000003 29.575000000000006 43283.500000000007 27.975000000000005 985.40300000000013 27.475000000000005 109.25000000000001 89.250000000000014 0.072916666666666671 2.962999939918519 1296.0300000000002 419.12246443812234 22832.500000000004 73.889999389648452 1509.0000000000002 31691.458680555555 0.99150000000000016 15165.731500000002 74.49499893188478 1475.5608562500001 106.72000122070314 4712.9900000000007 266.90000000000003 97.750000000000014 0.61458333333333337 5596.8000000000011 2.7055000066757207 6.1750000000000016 10890.050000000001 0.23958333333333334 31184.250000000004 1409.1010000000003 664.95200000000011 549244.8779315626 62.250000000000007 410.90585695006752
decision_type=2 2 2 2 2 2 2 2 2 2 2 2 2 2 2 2 2 2 2 2 2 2 2 2 2 2 2 2 2 2 2 2 2 2 2 2 2 2 2 2 2 2 2 2 2 2 2 2 2 2 2
left_child=8 2 46 4 -3 6 -6 12 -1 13 11 -11 35 37 16 -16 17 18 19 20 21 22 31 39 -24 27 30 -21 -29 -30 -27 32 42 -33 -17 36 48 38 -10 -22 -38 -42 -4 -12 -39 50 49 -7 -5 -2 -46
right_child=1 3 14 7 5 47 -8 -9 9 10 43 -13 -14 -15 15 34 -18 -19 -20 25 23 -23 24 -25 -26 26 -28 28 29 -31 -32 33 -34 -35 -36 -37 40 44 -40 -41 41 -43 -44 -45 45 -47 -48 -49 -50 -51 -52
leaf_value=0.054672113228005186 -0.22909075233558113 4.3094379334574002 0.0099525292673418655 0.0097457306330523252 2.6756648220520449 3.8525334508653728 -0.16331369246320868 -0.011256967973882613 -1.2375747185469874 0.21673523753065013 -1.0188569122174849 -0.0092264541861813206 -0.16158656009321024 0.0015470084445802846 -2.6558034563965105 0.85858255809993411 0.032422071764491078 -0.044048580230235827 0.49451666312258624 -4.1351352235742853 0.013292019959597461 0.028058110220336063 0.0061010046507901936 -0.011415262332316259 -0.18190801711459131 0.70518508086214515 -1.007260269846475 -2.4179660187069927 0.47485923925063589 -2.7452963261415331 0.020058501792542753 0.11741905469936605 0.056086190782474156 2.0509770140025996 -0.086119699018729567 0.85136271644765571 0.018527257923965937 -1.5090991829615712 0.28524302911429472 -0.02197471076714292 0.013114034870600207 -0.0357775994626581 -0.0058220036115560836 0.012023615892111334 -0.23172174637136414 0.0071977846816024304 -0.0040539154642369813 4.1705036583110999 0.027043967122318938 -0.43480054595123757 -0.9357950191577612
leaf_weight=21 26 25 20 21 25 30 23 37 24 33 29 21 21 22 25 22 31 33 22 37 27 24 32 24 34 21 27 32 28 29 22 38 28 30 34 24 28 34 25 31 27 21 25 27 20 20 20 26 32 21 29
leaf_count=21 26 25 20 21 25 30 23 37 24 33 29 21 21 22 25 22 31 33 22 37 27 24 32 24 34 21 27 32 28 29 22 38 28 30 34 24 28 34 25 31 27 21 25 27 20 20 20 26 32 21 29
internal_value=0.000389049 0.00089566 0.000148048 0.00252941 0.00472868 0.00346154 0 0.00118483 -0.00140984 -0.00183099 0.000363636 0.00333333 0.00206897 -0.00321839 0.000532544 -0.00209877 0.000890756 0.000638298 0.000922787 0.000687623 0.00162939 0.00264069 0.00198068 -0.00121951 -0.000909091 -0.000816327 0.00171429 -0.00222222 -0.000561798 0.00157895 0.00488372 0.00333333 0.00123288 0.00558824 0.000357143 0.00281046 0.00193798 -0.00394737 -0.00102041 0.000689655 0 -0.00208333 -0.00155556 -0.0025 -0.00533981 -0.00391304 -0.00373134 0.00642857 0.00471698 -0.00531915 -0.00591837
internal_weight=1388 1083 743 340 129 104 48 211 305 284 110 54 174 174 676 81 595 564 531 509 313 231 207 82 66 196 70 126 89 57 43 141 73 68 56 153 129 152 49 58 76 48 45 56 103 69 67 56 53 47 49
internal_count=1388 1083 743 340 129 104 48 211 305 284 110 54 174 174 676 81 595 564 531 509 313 231 207 82 66 196 70 126 89 57 43 141 73 68 56 153 129 152 49 58 76 48 45 56 103 69 67 56 53 47 49
is_linear=0
shrinkage=0.01


Tree=59
num_leaves=50
num_cat=0
split_feature=95 72 68 36 10 32 26 19 10 33 20 36 92 89 3 33 30 67 22 26 88 100 10 20 81 88 7 92 89 6 35 45 83 89 37 20 84 63 80 29 10 63 33 26 20 92 81 63 36
split_gain=11.9653 14.4824 12.9116 9.36989 9.13186 7.97721 7.83747 7.57492 8.64311 8.11162 7.33069 7.30443 7.08884 7.12682 6.7592 7.80867 7.70931 11.0836 6.57568 7.83626 7.79 8.77521 12.2546 8.82657 7.73348 7.72112 7.77625 10.859 8.63269 6.9822 6.33601 6.13811 6.06622 5.83333 5.56522 5.51407 5.33445 5.27745 10.7004 8.53301 8.16793 6.06417 5.94443 5.13792 4.79596 4.0947 4.68387 3.04082 2.92986
threshold=1.0000000180025095e-35 1297.9565000000002 1368.6500000000003 82.250000000000014 36882.80000000001 157.75000000000003 1.0000000180025095e-35 744.4000000000002 32625.550000000003 69.250000000000014 2282.9500000000003 89.250000000000014 33418.870193750008 668.64086250000003 14738.85 20.750000000000004 89.250000000000014 31611.950000000004 82.250000000000014 29.250000000000004 7840.0958333333356 0.60069444444444453 41095.450000000004 430.30000000000001 3896.5610233226021 6211.222083333334 17.645000000000007 25003.37467500001 1503.56675625 7012.5550000000012 27.125000000000004 23009.500000000004 2169.2999999999997 880.43548125000007 84.750000000000014 847.75000000000011 1494.4563125000002 33319.400000000009 38686.505902777782 81.750000000000014 34133.900000000009 31158.900000000005 182.75000000000003 7.7500000000000009 1675.5500000000002 23890.272493750006 3949.0053326473258 31432.700000000004 86.750000000000014
decision_type=2 2 2 2 2 2 2 2 2 2 2 2 2 2 2 2 2 2 2 2 2 2 2 2 2 2 2 2 2 2 2 2 2 2 2 2 2 2 2 2 2 2 2 2 2 2 2 2 2
left_child=1 12 4 5 6 10 -2 8 9 -4 44 31 13 -1 16 -16 17 -9 19 34 25 23 24 -22 -23 26 -20 28 -28 -21 -27 -5 -10 -13 -15 -33 -17 39 -39 41 -41 -25 -40 -18 -3 -8 -47 -26 -37
right_child=2 3 7 11 -6 -7 45 14 32 -11 -12 33 -14 18 15 36 43 -19 20 29 21 22 -24 37 47 30 27 -29 -30 -31 -32 35 -34 -35 -36 48 -38 38 42 40 -42 -43 -44 -45 -46 46 -48 -49 -50
leaf_value=-0.054645677848418936 0.0065664208345915754 0.35478048887684538 -1.3500955781256447 -5.6177233914689753 -0.12181162511923274 -0.92756691350908316 5.2688134762341292 -0.004359638056202114 0.029130583146235952 -0.0015284241206769988 -3.0582650521691734 -2.7398804450539447 1.6762722567611581 0.31215424278406612 -1.0587659238855991 0.088484753013874165 0.061237635315018406 0.018494934304665572 -1.1161817095169446 3.2426033567482677 0.073789483353014398 0.0089105305768485635 -0.0051119029475234258 -0.010242335178580171 0.016624816262322893 -0.51095450990934876 -0.70343744956653143 0.20918059651467574 0.0018037434766081846 0.0039845535609619419 -0.28335939147341238 -0.072874552455327687 -0.0058270836007274637 0.17969794258994923 -0.58441658186475343 -7.3588724530962484 -0.00064930697514306492 0.0087109517050222903 0.0034379219826498122 -0.11440822815007726 0.029077528635164062 -0.055548911154078263 -0.023039685965748166 0.25030038601249049 0.57898454042848879 3.7178411271420369 1.0074591721075883 0.024570663340732903 -2.9514720562080017
leaf_weight=39 27 23 32 24 22 26 39 31 27 31 26 21 24 23 20 21 33 20 31 29 26 26 21 34 22 39 32 32 20 38 35 22 23 35 23 25 30 32 33 29 26 22 20 39 20 32 30 32 21
leaf_count=39 27 23 32 24 22 26 39 31 27 31 26 21 24 23 20 21 33 20 31 29 26 26 21 34 22 39 32 32 20 38 35 22 23 35 23 25 30 32 33 29 26 22 20 39 20 32 30 32 21
internal_value=0.000403458 -0.000247046 0.00172867 -0.00234568 0.00413333 0.000105263 0.00515625 0.000553746 -0.00150442 -0.00396825 0.00188406 -0.00391892 0.000494186 0.000301205 0.00175258 -0.000704225 0.00317073 0.000196078 0.00056 0.00274336 7.8125e-05 0.00102167 0.00346535 -9.00901e-05 0.00525 -0.00153439 8.69565e-05 0.00166667 -0.00115385 0.00492537 -0.00405405 -0.00565217 0.0016 -0.00107143 -0.000434783 -0.00411765 0.00137255 -0.000816327 0.00105882 -0.00225225 0.000545455 -0.005 -0.00169811 0.00527778 0.0044186 0.00643564 0.00483871 0.00740741 -0.00608696
internal_weight=1388 931 457 243 150 95 128 307 113 63 69 148 688 664 194 71 123 51 625 113 512 323 101 222 80 189 115 84 52 67 74 92 50 56 46 68 51 196 85 111 55 56 53 72 43 101 62 54 46
internal_count=1388 931 457 243 150 95 128 307 113 63 69 148 688 664 194 71 123 51 625 113 512 323 101 222 80 189 115 84 52 67 74 92 50 56 46 68 51 196 85 111 55 56 53 72 43 101 62 54 46
is_linear=0
shrinkage=0.01


Tree=60
num_leaves=52
num_cat=0
split_feature=39 72 13 13 64 96 17 67 19 62 78 60 33 3 67 63 79 100 31 38 97 100 7 6 42 37 40 83 39 10 97 46 46 96 20 11 83 6 39 31 40 14 29 78 19 31 47 29 29 20 21
split_gain=10.3787 11.3783 15.0383 15.8616 11.1461 10.8894 10.223 12.6104 9.31236 8.65055 7.62057 8.63228 11.0899 8.52996 7.49048 6.9272 6.72912 10.4847 7.33566 6.94867 6.50983 8.66163 9.89893 7.16858 6.36022 6.35244 7.57073 6.24111 5.90912 9.34309 5.81654 7.05333 5.78528 5.71054 5.24957 5.23599 7.23478 5.94024 6.11483 4.81432 5.26959 4.6679 4.53782 4.82262 9.85641 3.90861 3.55134 3.48444 3.27273 3.02262 2.71515
threshold=245.75000000000003 854.40500000000009 2838.2000000000003 1266.2500000000002 1553.7500000000002 1.0000000180025095e-35 143.00000000000003 32852.55000000001 132.05000000000004 1.0000000180025095e-35 1660.1143055555556 1148.2645000000002 26.750000000000004 14730.850000000002 33010.80000000001 30359.700000000001 670.74973420661638 0.23263888888888892 14.125000000000002 9.1250000000000018 0.32291666666666669 0.024305555555555556 25.645000000000007 4643.3950000000013 99.415000915527358 53.750000000000007 14.750000000000002 1702.500000000002 224.25000000000003 39878.850000000013 0.13541666666666671 103.9300003051758 104.40999984741212 1.0000000180025095e-35 1237.8500000000001 38861.55000000001 1919.200000000001 4643.3950000000013 159.25000000000003 7.4250000000000007 126.75000000000001 14415.600000000002 88.250000000000014 393.52606250000002 317.90000000000003 11.325000000000001 1.0000000180025095e-35 88.250000000000014 90.250000000000014 1237.8500000000001 17.075000000000006
decision_type=2 2 2 2 2 2 2 2 2 2 2 2 2 2 2 2 2 2 2 2 2 2 2 2 2 2 2 2 2 2 2 2 2 2 2 2 2 2 2 2 2 2 2 2 2 2 2 2 2 2 2
left_child=1 4 3 24 6 10 8 33 -1 -7 11 12 50 27 -2 -9 17 18 19 35 21 -5 -23 45 -3 -10 -27 -14 29 34 39 -32 -20 -8 42 37 -37 41 -39 40 -17 -13 43 -28 -45 49 -11 -18 -25 -22 -4
right_child=14 2 5 20 -6 9 7 15 25 46 -12 16 13 -15 -16 30 47 -19 32 -21 23 22 -24 48 -26 26 28 -29 -30 -31 31 -33 -34 -35 -36 36 -38 38 -40 -41 -42 -43 -44 44 -46 -47 -48 -49 -50 -51 -52
leaf_value=-0.08279439368515655 0.00100417165117899 -1.5540765358409903 -0.90087995799285125 -1.2153533563579226 9.2331177337261181 0.039748348599300057 0.17934307537554073 -0.041525994858809485 -0.010270687297917594 -9.9657425549844092 -0.44238671984841155 -0.069694157715633448 0.61846114327434565 -1.5264490164873283 -0.1841057608949748 0.0045911558557663766 -0.020693461947703402 1.0827871318202751 -1.4801398244452304 0.86630445313176452 0.098190861428210333 1.0892272968879337 -0.49975242084761223 0.011604120624776186 0.0014058412339948553 -0.04539688093067392 0.025359363668340764 -0.015183400409512854 0.020245272976623496 -0.0042537024558969624 0.0035290059451808676 -0.029192399632305605 0.0045583204237736067 0.033406986896532161 0.7519269510054124 0.03822488134777785 0.55543813717465695 -0.059312337473566901 0.00014307967706569187 0.008294261712022832 -0.0052256816606266352 1.537530670317534 0.27442257978618506 3.3914740608229135 -0.0021680952604220759 0.16684172158155 -4.562820346180299 -0.81806803327897426 -0.0061817376902709668 0.021292954593420274 -4.8662158674238745
leaf_weight=20 26 26 20 29 31 20 37 28 35 33 28 23 29 38 30 36 25 34 26 20 23 31 28 22 21 22 20 30 23 30 20 30 20 38 34 26 20 24 25 20 22 24 20 26 39 25 26 20 22 39 22
leaf_count=20 26 26 20 29 31 20 37 28 35 33 28 23 29 38 30 36 25 34 26 20 23 31 28 22 21 22 20 30 23 30 20 30 20 38 34 26 20 24 25 20 22 24 20 26 39 25 26 20 22 39 22
internal_value=0.0002886 0.000466165 -0.00028786 0.00165414 0.00160075 -0.00125704 0.00124 -0.00030303 0.00256506 -0.00468354 -0.000660793 -0.000328638 -0.0023741 -0.000515464 -0.00392857 -0.00192308 0.000662021 0.00132231 0.000480769 0.00148148 0.00278539 0.000681818 0.00288136 0.00419847 -0.00361702 0.00309237 0.00373832 0.00186441 0.004375 0.00372781 -0.0009375 -0.0036 -0.00304348 0.00306667 0.00482014 0.000704225 0.00347826 -0.000625 -0.00306122 0.000769231 -0.000689655 0.00191489 0.00371429 0.00270588 0.00138462 0.00586207 -0.00661017 -0.00288889 0.000909091 0.00451613 -0.00666667
internal_weight=1386 1330 799 266 531 533 500 231 269 79 454 426 139 97 56 156 287 242 208 162 219 88 59 131 47 249 214 59 192 169 128 50 46 75 139 142 46 96 49 78 58 47 105 85 65 87 59 45 44 62 42
internal_count=1386 1330 799 266 531 533 500 231 269 79 454 426 139 97 56 156 287 242 208 162 219 88 59 131 47 249 214 59 192 169 128 50 46 75 139 142 46 96 49 78 58 47 105 85 65 87 59 45 44 62 42
is_linear=0
shrinkage=0.01


Tree=61
num_leaves=53
num_cat=0
split_feature=4 73 44 79 44 46 5 2 37 36 89 32 17 21 28 13 36 13 95 23 40 89 19 32 65 40 60 86 28 70 36 97 33 17 44 25 81 65 22 2 86 5 36 20 97 45 28 73 32 2 4 37
split_gain=7.96359 11.5064 10.8755 9.90574 9.53732 6.94348 8.48777 7.67286 12 7.18216 6.8986 8.69298 7.25544 9.41564 11.6431 9.01424 7.82833 6.26279 6.89644 6.48094 6.06943 7.34783 5.92367 5.908 5.86041 5.69763 5.4419 6.51997 10.8003 9.14083 6.39896 5.1488 4.82476 4.51977 4.14815 4.14185 8.03909 7.73571 5.07713 5.22808 4.73549 4.11384 5.91037 3.9058 3.86551 3.80581 3.74195 3.73083 3.70553 3.68725 2.5 1.83995
threshold=3701.4250000000006 728.53150000000016 2.5340000391006474 637.07798313891954 7.7994999885559091 104.63000106811525 2473.7200000000007 2327.0000000000005 55.750000000000007 65.750000000000014 775.41335624999999 116.50000000000001 147.90000000000001 29.575000000000006 27.975000000000005 8555.0000000000018 88.250000000000014 8783.8000000000011 1.0000000180025095e-35 70.750000000000014 149.75000000000003 1279.5195562500001 966.75000000000011 198.75000000000003 30182.600000000002 75.750000000000014 146.17950000000005 656.57650000000012 28.325000000000006 926.60550000000012 83.750000000000014 0.031250000000000007 177.25000000000003 48.95000000000001 3.8515000343322758 21.250000000000004 4648.4497523242035 28916.950000000004 92.250000000000014 2884.1500000000005 796.46300000000008 3682.4300000000007 75.250000000000014 1425.2000000000003 0.13541666666666671 22968.000000000004 29.375000000000004 1049.9825000000003 216.25000000000003 2850.0500000000006 6996.7850000000008 86.750000000000014
decision_type=2 2 2 2 2 2 2 2 2 2 2 2 2 2 2 2 2 2 2 2 2 2 2 2 2 2 2 2 2 2 2 2 2 2 2 2 2 2 2 2 2 2 2 2 2 2 2 2 2 2 2 2
left_child=3 10 51 5 26 6 47 8 -8 -9 11 -2 17 14 -14 -16 46 18 20 -20 21 25 -7 24 44 -12 34 28 29 50 -31 -11 -25 -24 -4 37 38 -33 39 40 45 42 -5 -32 -19 -37 -17 -1 -23 -29 -28 -3
right_child=1 2 4 41 -6 22 7 9 -10 31 12 -13 13 -15 15 16 -18 23 19 -21 -22 48 33 32 -26 -27 27 49 -30 30 43 35 -34 -35 -36 36 -38 -39 -40 -41 -42 -43 -44 -45 -46 -47 -48 -49 -50 -51 -52 -53
leaf_value=0.012500155627370014 -0.43155721298199468 0.028901094691676298 -0.052117928256533511 -2.2450379661895297 0.16477407943126701 0.057093411137200858 0.69864394737663593 -1.8145945909896259 -1.1721756765960414 -0.12192133877857103 -0.026264643671900213 0.0049916427473290659 0.024648788145150542 0.038643260775988141 -0.34686166181323841 -0.041395271160501387 0.011301354873229251 0.034343290716520175 -0.0094469139839742072 3.444847430422334 0.20300549516938005 -2.5704929310067657 0.65389585221463686 0.026596586699025381 -0.0068938014201316272 0.18966660097926982 -4.5437966044436049 -0.071240423145111698 0.17030660389983163 0.032680450344996038 -0.30980679390864668 -0.13589645786275731 0.0053219729194095436 0.00022348487072586522 -7.1628294966965305 0.29530274219727054 -0.56249296490406853 0.48097820364974364 1.0930882813029659 2.5738858920092818 -0.000281453694512836 0.058956841746052716 -0.016434256026259184 0.0025270279189653988 4.0689696951643937 0.44890160078216029 -0.0015345284158493379 -1.1843223094844109 -0.031624391668199782 -1.2493327559271044 -0.033484142931561121 0.00765672235339714
leaf_weight=24 20 21 36 20 39 30 24 20 24 21 24 26 32 27 36 21 38 20 29 39 25 24 27 39 33 22 20 28 35 33 24 28 23 32 27 20 22 20 29 25 25 21 26 22 21 21 23 35 22 23 20 20
leaf_count=24 20 21 36 20 39 30 24 20 24 21 24 26 32 27 36 21 38 20 29 39 25 24 27 39 33 22 20 28 35 33 24 28 23 32 27 20 22 20 29 25 25 21 26 22 21 21 23 35 22 23 20 20
internal_value=0.00031746 -0.000246637 -0.00166667 0.00133603 -0.0023127 0.00189696 0.0012426 0.00197133 -0.00166667 0.00272727 0.000661765 -0.00304348 0.00100402 -0.000621469 -0.0016 -0.00305085 -0.00121951 0.00190031 0.000702703 0.00323529 -0.000769231 -0.00195652 0.00438202 0.00352941 0.00162162 0.000869565 -0.00298507 -0.00219512 -0.00116883 -0.00260504 -0.000632911 0.00327014 0.00580645 0.00254237 -0.00555556 0.00378947 0.00464789 0.00125 0.00566667 0.00450549 0.0030303 -0.00223881 -0.00391304 -0.00304348 0.00414634 0.00512195 -0.00409091 -0.00220339 -0.00478261 -0.00529412 -0.0065 0.00317073
internal_weight=1386 892 348 494 307 427 338 279 48 231 544 46 498 177 150 118 82 321 185 68 117 92 89 136 74 46 268 205 154 119 79 211 62 59 63 190 142 48 120 91 66 67 46 46 41 41 44 59 46 51 40 41
internal_count=1386 892 348 494 307 427 338 279 48 231 544 46 498 177 150 118 82 321 185 68 117 92 89 136 74 46 268 205 154 119 79 211 62 59 63 190 142 48 120 91 66 67 46 46 41 41 44 59 46 51 40 41
is_linear=0
shrinkage=0.01


Tree=62
num_leaves=54
num_cat=0
split_feature=68 1 80 89 4 94 62 78 26 30 2 94 92 35 20 87 7 40 20 93 3 40 67 34 63 26 7 98 68 73 3 67 26 40 93 3 78 98 34 35 14 3 35 34 11 90 37 78 14 45 35 90 90
split_gain=10.4448 12.0136 12.9583 9.91682 8.76745 17.6763 8.39806 9.53105 9.23924 8.22648 10.0968 9.48225 8.08081 8.0705 7.60147 7.39524 7.16177 7.04288 10.3521 9.90314 8.93392 6.917 6.8358 11.5566 6.96599 6.77318 9.15374 6.55886 6.00519 5.74569 5.54841 5.89091 7.08376 6.41212 5.54113 5.34545 5.33651 10.5657 6.45333 5.33333 5.01652 4.9 4.59864 4.55318 4.50118 10.3538 4.8722 4.45187 3.97633 3.8451 4.35981 3.41115 2.5
threshold=848.50000000000011 13926.85 29157.79756944445 1738.11616875 3563.7800000000007 531875.78438812518 959.00000000000011 519.68573263888902 131.75000000000003 98.750000000000014 3045.0335000000005 621957.22813125025 22252.888456250006 24.825000000000006 1617.45 0.69791666666666685 47.555000000000007 106.25000000000001 976.1500000000002 403.82742857142864 14961.450000000003 50.250000000000007 31494.650000000005 86.750000000000014 29649.800000000007 82.250000000000014 424.97000000000008 0.43402777777777785 1685.5500000000002 1068.5770000000002 15256.812000000002 32945.000000000007 64.500000000000014 136.75000000000003 412.76717948717959 13812.550000000001 742.84710416666678 0.27430555555555564 79.750000000000014 25.725000000000005 16338.950000000003 13144.800000000001 26.275000000000002 68.750000000000014 39389.55000000001 2241.3226500000005 96.750000000000014 637.56367708333335 15496.200000000003 24057.500000000004 26.875000000000004 2191.6534500000007 1446.6154500000005
decision_type=2 2 2 2 2 2 2 2 2 2 2 2 2 2 2 2 2 2 2 2 2 2 2 2 2 2 2 2 2 2 2 2 2 2 2 2 2 2 2 2 2 2 2 2 2 2 2 2 2 2 2 2 2
left_child=3 2 13 6 9 40 7 8 44 10 11 34 39 14 41 17 27 19 36 -7 28 -9 48 24 -24 26 42 -11 35 52 31 32 -23 -33 -3 -21 -19 -38 -39 -12 -6 -2 -8 -20 49 46 -46 -42 51 50 -1 -4 -15
right_child=1 4 22 -5 5 15 25 21 -10 16 12 -13 -14 29 -16 -17 -18 18 43 20 -22 30 23 -25 -26 -27 -28 -29 -30 -31 -32 33 -34 -35 -36 -37 37 38 -40 -41 47 -43 -44 -45 45 -47 -48 -49 -50 -51 -52 -53 -54
leaf_value=0.0006217767390598528 1.9090097386584852 2.0434403340323932 -2.5548217768836552 -0.030448189850036465 -1.2161640442025925 0.3343498305122351 3.3563850737831733 -0.022556578942820114 -0.0058607612087263937 2.3142102489201291 0.11598649908951128 -0.0019629350419315727 -2.1692933534650605 -0.22999353915815818 -0.31172239345220631 -2.6630211964939634 -0.013207652872060929 0.11562675758361532 0.014753152293555744 0.20664969986950085 0.02542747327320467 -0.031730228361109204 0.1798416855474004 -3.1401311954863447 -1.9861618337472635 11.097351146821252 7.6612505786012708 0.074170473271371495 -4.1038518499124237 0.033662366979720096 0.0087392880452758469 -0.0016812887221791851 0.20097544021768626 -0.021974175077381738 0.016251304432482353 -0.053913200598945582 -3.8699697150883368 -0.028143929439228492 0.49845070702483263 -1.3003378576477349 -0.43039537807519951 0.014794713844606525 -0.14897444187064141 0.64049957495150334 0.021130519134426786 -0.0043186236491608368 0.0020031532467072229 -0.0090085840832108098 -0.15731076709289177 0.018253816533096809 0.024654742442073316 -2.6040436253165882 -2.1660181056654411
leaf_weight=21 20 20 34 21 30 27 28 29 37 35 20 35 22 20 22 33 20 20 20 22 30 21 28 20 21 32 21 36 22 26 30 33 23 22 22 33 20 30 20 30 21 20 21 38 24 35 22 26 35 27 20 21 20
leaf_count=21 20 20 34 21 30 27 28 29 37 35 20 35 22 20 22 33 20 20 20 22 30 21 28 20 21 32 21 36 22 26 30 33 23 22 22 33 20 30 20 30 21 20 21 38 24 35 22 26 35 27 20 21 20
internal_value=0.00025974 -0.000359086 -0.00205575 0.00147752 0.000411392 -0.000510204 0.00179372 0.00104651 0.00258065 0.00191667 0.000469799 0.00298701 -0.00222222 0.0003125 0.00290323 0.000539683 0.00428571 0.00106383 0.00256757 -0.000597015 -0.00196262 -0.000759494 -0.00396226 -0.0015942 0.00102041 0.00431373 0.00257143 0.00577465 -0.00376623 -0.00212121 0.000232558 -0.000909091 0.00181818 -0.00309091 0.00619048 -0.002 0.000444444 -0.000857143 0.0016 0 -0.00480519 0.0055 0.000204082 0.00586207 0.00369128 0.00209877 0.00521739 -0.00276596 -0.00577778 0.00558824 0.00365854 -0.00745455 -0.0045
internal_weight=1386 919 287 467 632 392 446 344 186 240 149 77 72 128 62 315 91 282 148 134 107 158 159 69 49 102 70 71 77 66 129 99 44 55 42 55 90 70 50 50 77 40 49 58 149 81 46 47 90 68 41 55 40
internal_count=1386 919 287 467 632 392 446 344 186 240 149 77 72 128 62 315 91 282 148 134 107 158 159 69 49 102 70 71 77 66 129 99 44 55 42 55 90 70 50 50 77 40 49 58 149 81 46 47 90 68 41 55 40
is_linear=0
shrinkage=0.01


end of trees

feature_importances:
wind_speed_hanoi=73
hydro_inflow_m3s=63
smp_north_lag_336=62
load_north_mw=61
smp_lag_336=61
shortwave_radiation_hcmc=60
wind_speed_danang=54
direct_radiation_danang=54
direct_radiation_hcmc=54
cloud_cover_hanoi=53
cloud_cover_hcmc=52
load_south_mw=51
disp_hydro_midday_mw=51
load_lag_336=51
disp_solar_midday_mw=50
direct_radiation_hanoi=50
load_central_mw=49
disp_wind_evening_mw=48
wind_speed_hcmc=48
load_rolling_std_72h=48
hydro_total_discharge_m3s=47
disp_total_evening_mw=47
shortwave_radiation_hanoi=47
disp_total_midday_mw=46
humidity_hcmc=46
brent_price=46
load_ramp_lag48=46
hydro_discharge_rolling_24h=46
hydro_spill_discharge_m3s=44
shortwave_radiation_danang=44
load_total_mw=43
residual_load_proxy=43
smp_rolling_std_24h=42
disp_solar_evening_mw=41
diffuse_radiation_danang=41
load_lag_50=41
smp_rolling_mean_24h=41
gas_proxy_price=40
disp_hydro_evening_mw=39
smp_north_lag_48=38
smp_rolling_std_72h=38
hydro_water_level_m=37
humidity_hanoi=37
cloud_cover_danang=37
hydro_plant_discharge_m3s=36
diffuse_radiation_hcmc=36
load_lag_96=36
temperature_hcmc=35
spike_prob_72h=35
disp_wind_midday_mw=34
smp_lag_49=34
smp_rolling_mean_72h=34
zero_prob_72h=34
temperature_hanoi=33
temperature_danang=33
thermal_margin_proxy=33
dxy_index=32
diffuse_radiation_hanoi=31
smp_south_lag_336=31
humidity_danang=30
margin_temp_interaction=30
smp_lag_96=28
load_rolling_mean_24h=28
smp_yesterday_zero_ratio=28
solar_gen_proxy=28
hydro_depletion_index=28
is_spike=28
load_lag_49=27
price_spread_ns_lag48=27
coal_proxy_price=26
smp_lag_50=26
load_rolling_mean_72h=26
smp_south_lag_48=25
smp_lag_48=24
wind_gen_proxy=23
load_lag_48=22
spike_prob_24h=21
load_rolling_std_24h=19
smp_yesterday_min=18
usd_vnd=17
smp_yesterday_mean=16
sin_dow=13
is_zero=11
zero_prob_24h=9
cos_month=7
sin_month=6
cos_dow=5
smp_yesterday_max=5
is_weekend=4
is_workday=1
is_pre_holiday=1
season=1

parameters:
[boosting: gbdt]
[objective: regression_l1]
[metric: l1]
[tree_learner: serial]
[device_type: cpu]
[data_sample_strategy: bagging]
[data: ]
[valid: ]
[num_iterations: 3000]
[learning_rate: 0.01]
[num_leaves: 127]
[num_threads: -1]
[seed: 42]
[deterministic: 0]
[force_col_wise: 0]
[force_row_wise: 0]
[histogram_pool_size: -1]
[max_depth: -1]
[min_data_in_leaf: 20]
[min_sum_hessian_in_leaf: 0.001]
[bagging_fraction: 0.8]
[pos_bagging_fraction: 1]
[neg_bagging_fraction: 1]
[bagging_freq: 5]
[bagging_seed: 400]
[bagging_by_query: 0]
[feature_fraction: 0.5]
[feature_fraction_bynode: 1]
[feature_fraction_seed: 30056]
[extra_trees: 0]
[extra_seed: 12879]
[early_stopping_round: 0]
[early_stopping_min_delta: 0]
[first_metric_only: 0]
[max_delta_step: 0]
[lambda_l1: 0]
[lambda_l2: 0]
[linear_lambda: 0]
[min_gain_to_split: 0]
[drop_rate: 0.1]
[max_drop: 50]
[skip_drop: 0.5]
[xgboost_dart_mode: 0]
[uniform_drop: 0]
[drop_seed: 17869]
[top_rate: 0.2]
[other_rate: 0.1]
[min_data_per_group: 100]
[max_cat_threshold: 32]
[cat_l2: 10]
[cat_smooth: 10]
[max_cat_to_onehot: 4]
[top_k: 20]
[monotone_constraints: ]
[monotone_constraints_method: basic]
[monotone_penalty: 0]
[feature_contri: ]
[forcedsplits_filename: ]
[refit_decay_rate: 0.9]
[cegb_tradeoff: 1]
[cegb_penalty_split: 0]
[cegb_penalty_feature_lazy: ]
[cegb_penalty_feature_coupled: ]
[path_smooth: 0]
[interaction_constraints: ]
[verbosity: -1]
[saved_feature_importance_type: 0]
[use_quantized_grad: 0]
[num_grad_quant_bins: 4]
[quant_train_renew_leaf: 0]
[stochastic_rounding: 1]
[linear_tree: 0]
[max_bin: 255]
[max_bin_by_feature: ]
[min_data_in_bin: 3]
[bin_construct_sample_cnt: 200000]
[data_random_seed: 175]
[is_enable_sparse: 1]
[enable_bundle: 1]
[use_missing: 1]
[zero_as_missing: 0]
[feature_pre_filter: 1]
[pre_partition: 0]
[two_round: 0]
[header: 0]
[label_column: ]
[weight_column: ]
[group_column: ]
[ignore_column: ]
[categorical_feature: ]
[forcedbins_filename: ]
[precise_float_parser: 0]
[parser_config_file: ]
[objective_seed: 16083]
[num_class: 1]
[is_unbalance: 0]
[scale_pos_weight: 1]
[sigmoid: 1]
[boost_from_average: 1]
[reg_sqrt: 0]
[alpha: 0.9]
[fair_c: 1]
[poisson_max_delta_step: 0.7]
[tweedie_variance_power: 1.5]
[lambdarank_truncation_level: 30]
[lambdarank_norm: 1]
[label_gain: ]
[lambdarank_position_bias_regularization: 0]
[eval_at: ]
[multi_error_top_k: 1]
[auc_mu_weights: ]
[num_machines: 1]
[local_listen_port: 12400]
[time_out: 120]
[machine_list_filename: ]
[machines: ]
[gpu_platform_id: -1]
[gpu_device_id: -1]
[gpu_use_dp: 0]
[num_gpu: 1]

end of parameters

pandas_categorical:null
