tree
version=v4
num_class=1
num_tree_per_iteration=1
label_index=0
max_feature_idx=100
objective=regression_l1
feature_names=load_total_mw load_north_mw load_central_mw load_south_mw hydro_inflow_m3s hydro_total_discharge_m3s hydro_plant_discharge_m3s hydro_spill_discharge_m3s hydro_water_level_m disp_total_installed_mw disp_total_midday_mw disp_total_evening_mw disp_hydro_installed_mw disp_hydro_midday_mw disp_hydro_evening_mw disp_solar_installed_mw disp_solar_midday_mw disp_solar_evening_mw disp_wind_installed_mw disp_wind_midday_mw disp_wind_evening_mw temperature_hanoi humidity_hanoi cloud_cover_hanoi wind_speed_hanoi shortwave_radiation_hanoi direct_radiation_hanoi diffuse_radiation_hanoi temperature_danang humidity_danang cloud_cover_danang wind_speed_danang shortwave_radiation_danang direct_radiation_danang diffuse_radiation_danang temperature_hcmc humidity_hcmc cloud_cover_hcmc wind_speed_hcmc shortwave_radiation_hcmc direct_radiation_hcmc diffuse_radiation_hcmc coal_proxy_price brent_price gas_proxy_price usd_vnd dxy_index is_weekend is_workday is_holiday is_tet is_pre_holiday is_post_holiday season sin_hour cos_hour sin_dow cos_dow sin_month cos_month smp_lag_48 load_lag_48 smp_lag_49 load_lag_49 smp_lag_50 load_lag_50 smp_lag_96 load_lag_96 smp_lag_336 load_lag_336 smp_north_lag_48 smp_south_lag_48 smp_north_lag_336 smp_south_lag_336 smp_rolling_mean_24h smp_rolling_std_24h load_rolling_mean_24h load_rolling_std_24h smp_rolling_mean_72h smp_rolling_std_72h load_rolling_mean_72h load_rolling_std_72h price_spread_ns_lag48 load_ramp_lag48 smp_yesterday_mean smp_yesterday_max smp_yesterday_min smp_yesterday_zero_ratio hydro_discharge_rolling_24h solar_gen_proxy wind_gen_proxy residual_load_proxy thermal_margin_proxy hydro_depletion_index margin_temp_interaction is_spike is_zero spike_prob_24h spike_prob_72h zero_prob_24h zero_prob_72h
feature_infos=[16738.400000000001:43669.699999999997] [8141:23529.633000000002] [1030.2:4920.1390000000001] [6568.3000000000002:17620.469000000001] [-24696.790000000001:52718.32] [261.23000000000002:27182.77] [243.56999999999999:14362.75] [11.359999999999999:15398] [386.1925:23252.132105263157] none [14491.4:47673.900000000001] [19152.799999999999:47033.400000000001] none [-3952.3000000000002:18862.5] [6035.6999999999998:23435.200000000001] none [0:8134.5] [0:344.30000000000001] none [0:4273.1999999999998] [0:4263.3999999999996] [7.5:32.299999999999997] [31:99] [0:100] [0.55000000000000004:30.25] [3.5:282] [0:208.5] [3.5:150.5] [16.050000000000001:33.25] [52:99.5] [0:100] [0.80000000000000004:50] [7:306.5] [0:234] [7:146] [20.600000000000001:31.300000000000001] [56:98] [0:100] [0.5:24] [16:265] [0:198] [16:133.5] [63.700000762939453:438.35000610351562] [55.099998474121087:127.98000335693359] [1.5750000476837158:9.6800003051757795] [22394.345703125:26405] [89.639999389648438:114.11000061035156] [0:1] [0:1] [0:1] [0:1] [0:1] [0:1] [1:4] none none [-0.97492791218182362:0.97492791218182362] [-0.90096886790241903:1] [-1:1] [-1:1] [0:1778.5999999999999] [16738.400000000001:43669.699999999997] [0:1778.5999999999999] [16515.5:40602.099999999999] [0:1778.5999999999999] [15251.9:39424.300000000003] [0:1778.5999999999999] [16738.400000000001:43669.699999999997] [0:1778.5999999999999] [16738.400000000001:43669.699999999997] [0:1778.5999999999999] [0:1778.5999999999999] [0:1778.5999999999999] [0:1778.5999999999999] [0:1778.5999999999999] [0:869.78656539635756] [15840.402083333332:48300.345833333326] [1494.0634266859377:7412.3475695858406] [0.069944444444444434:1778.5999999999999] [0:822.68470809772941] [15990.384722222221:45267.230555555558] [2009.5728777065494:7328.5193476692311] [-1602.3:1778.5999999999999] [-2000.7000000000007:5250.3000000000029] [0:1778.5999999999999] [0:1778.5999999999999] [0:1778.5999999999999] [0:1] [919.52208333333328:41870.738333333335] [112.0236:1855.3908750000001] [124.17300000000002:5960.3040000000001] [13767.265887500002:40395.97834999999] [13155.821650000013:39784.534112499998] [386.1925:23252.132105263157] [371342.92174875003:1122197.6812312501] [0:1] [0:1] [0:1] [0:1] [0:1] [0:1]
tree_sizes=4311 4324 4359 4584 4774 4587 4731 4529 4598 4832 4726 4715 4463 4706 4440 4964 4735 4738 4354 4795 4438 4631 4466 4632 4522 4550 4560 4621 4853 4799 4564 4628 4456 4528 4652 4910 4792 4772 4723 4637 4597 4742

Tree=0
num_leaves=54
num_cat=0
split_feature=72 95 64 73 73 35 42 0 63 64 20 83 80 95 84 40 14 45 93 70 30 28 38 38 46 73 42 84 14 93 77 63 77 26 38 16 84 38 16 77 16 71 94 0 77 61 61 80 45 16 40 0 42
split_gain=30.6202 29.6367 22.1415 13.4064 8.09434 6.88354 6.50629 6.26331 8.5129 8.5227 8.58028 6.4 6.06868 5.90055 8.10057 5.85824 5.91567 7.15298 6.16249 5.75087 5.57117 6.25908 5.52928 5.46618 5.22036 4.30769 3.99288 3.95568 4.22255 3.92179 3.8338 3.8268 4.86704 3.71351 3.69519 3.46493 3.38357 3.235 3.01829 2.9292 5.12422 2.91483 2.86973 2.72308 2.59383 2.3589 2.13569 1.55556 1.63831 1.4881 1.225 1.16282 0.118367
threshold=1466.7500000000002 1.0000000180025095e-35 1533.5775000000001 780.68250000000012 1002.4015000000001 26.025000000000002 326.67500305175787 28115.800000000007 28443.300000000003 1398.6000000000001 1844.6000000000001 1378.7999999999995 33923.230902777781 1.0000000180025095e-35 1270.1450208333338 167.25000000000003 21496.800000000003 22951.000000000004 410.74342105263162 690.17250000000013 44.750000000000007 25.425000000000004 5.2750000000000012 6.2750000000000012 104.00500106811525 1093.5130000000001 171.60000610351565 692.50123958333347 16912.400000000005 421.49394736842106 3701.3903763145186 32859.650000000001 3793.522062631509 113.25000000000001 7.075000000000002 6043.2500000000009 752.4710729166668 4.0750000000000011 6361.0000000000009 4039.3192259160364 5971.6000000000013 1059.5000000000002 699290.99294625013 36839.400000000009 4183.7506324684546 33061.55000000001 28374.500000000004 29485.819791666669 23486.500000000004 5927.2000000000016 45.250000000000007 32425.200000000004 123.62500000000001
decision_type=2 2 2 2 2 2 2 2 2 2 2 2 2 2 2 2 2 2 2 2 2 2 2 2 2 2 2 2 2 2 2 2 2 2 2 2 2 2 2 2 2 2 2 2 2 2 2 2 2 2 2 2 2
left_child=1 3 13 5 26 22 15 11 19 10 12 -5 -10 14 37 16 17 -7 -19 -9 -6 35 24 41 -1 -14 39 31 -29 45 42 32 -20 -18 -32 -22 50 -2 46 51 -41 -4 -15 -33 -34 49 -39 -43 -49 -25 -24 -3 -48
right_child=2 4 23 7 20 6 -8 8 9 -11 -12 -13 25 30 -16 -17 33 18 27 -21 21 -23 36 29 -26 -27 -28 28 -30 -31 34 43 44 -35 -36 -37 -38 38 -40 40 -42 47 -44 -45 -46 -47 52 48 -50 -51 -52 -53 -54
leaf_value=3.3851878251880405e-05 -0.00026022613048553466 0.0020330156385898589 -1.2391631134960334e-05 -0.00023682093949901174 0.0004934556782245636 0.00038355380296707154 0.0012406038492918014 0 -0.0011649442091584206 0.00018229755572974683 3.6115464754402635e-05 -0.0019605800509452818 -0.00059238582849502569 -0.00038657243363559245 0 0.00053907012566924096 0.0012196724861860276 -0.00081445172429084778 0 0.00041406370699405672 0.00015228576026856899 -0.00036908539943397044 0.0013871718943119049 0 -0.000208648219704628 0 0 0 0 4.171697655692697e-05 0 0 -0.0034657359123229981 0 0 0 3.3200653269886971e-05 -0.00042774856090545656 -0.00021739698946475982 0.0015241795778274537 0 0 0 0 0 0 -0.0018306779861450195 0 0 0 0.0026563409715890884 0.0027093985676765442 -0.0017167384177446366
leaf_weight=36 24 26 22 20 21 37 25 27 28 28 24 20 39 26 32 28 27 39 30 28 31 22 20 20 23 24 20 21 27 26 29 39 21 20 23 20 33 25 20 23 21 21 20 20 22 23 29 20 22 28 20 27 20
leaf_count=36 24 26 22 20 21 37 25 27 28 28 24 20 39 26 32 28 27 39 30 28 31 22 20 20 23 24 20 21 27 26 29 39 21 20 23 20 33 25 20 23 21 21 20 20 22 23 29 20 22 28 20 27 20
internal_value=0 0.000506937 -0.00110465 2.75482e-05 0.0021564 0.000502049 0.000140449 -0.000945378 -0.000580808 -0.00122378 -0.00182609 -0.00275 -0.00252747 -0.00207661 -0.0027 -4.53172e-05 -0.000247525 -0.000546875 -0.000890411 0.00109091 0.00106383 0.000410959 0.00147727 0.00021978 0.000338983 -0.00166667 0.00303419 -0.0005 0.000729167 0.00103093 -0.00112245 -0.00094697 -0.00171233 0.00138298 -0.000192308 0.00137255 0.00239726 -0.00330508 -0.0037234 0.00345361 0.0025 -0.000705882 -0.00217391 0 -0.0027907 0.000422535 -0.00418919 -0.00015873 -0.000714286 -0.000208333 0.003375 0.00424528 -0.00479592
internal_weight=1367 937 430 726 211 488 356 238 198 143 115 40 91 248 150 331 303 256 219 55 94 73 132 182 59 63 117 180 48 97 98 132 73 47 52 51 73 118 94 97 44 85 46 59 43 71 74 63 42 48 40 53 49
internal_count=1367 937 430 726 211 488 356 238 198 143 115 40 91 248 150 331 303 256 219 55 94 73 132 182 59 63 117 180 48 97 98 132 73 47 52 51 73 118 94 97 44 85 46 59 43 71 74 63 42 48 40 53 49
is_linear=0
shrinkage=0.005


Tree=1
num_leaves=52
num_cat=0
split_feature=95 72 72 23 5 32 64 64 72 82 83 10 70 98 28 13 90 29 77 28 23 77 22 5 5 74 23 4 72 19 8 16 98 32 1 19 90 91 60 23 16 66 14 1 5 8 4 20 83 98 5
split_gain=21.1992 27.3019 19.6411 12.0766 12.0205 10.1877 9.37153 8.73573 10.785 9.4739 11.3839 9.00475 8.3046 7.68515 8.83336 7.42418 7.02959 6.97168 6.94231 6.46331 6.21727 5.9149 5.52204 5.23203 5.18613 4.70945 4.93311 4.79623 5.37689 4.39251 4.16478 6.03159 4.82162 4.12208 3.58108 3.57166 3.29934 3.7797 3.26635 3.15433 2.98855 3.64315 3.15645 4.7779 2.94795 2.51111 2.47305 2.23214 1.90817 1.6254 0.473469
threshold=1.0000000180025095e-35 1239.2470000000001 1458.5980000000002 46.250000000000007 3451.6000000000004 71.250000000000014 0.75000000000000011 1398.6000000000001 0.95650000000000002 1.0000000180025095e-35 1569.1500000000035 30979.850000000002 951.00000000000011 0.29513888888888895 22.475000000000005 3204.1500000000005 1223.1040500000004 89.250000000000014 4006.6935447075107 26.725000000000005 3.7500000000000004 2634.8538486856883 89.250000000000014 5532.8100000000004 3237.6750000000006 999.46021875000008 42.750000000000007 3079.9550000000004 735.00000000000011 313.60000000000008 411.15057275541801 5605.3000000000011 0.072916666666666685 106.75000000000001 17331.443500000005 942.9000000000002 2775.2665500000007 32676.772037500003 1079.3815000000002 99.250000000000014 7066.3500000000013 1295.3840000000002 16067.450000000003 14306.850000000002 5096.1450000000013 417.37513888888896 3449.7650000000008 1758.2 1997.5499999999995 0.83680555555555569 5960.1550000000016
decision_type=2 2 2 2 2 2 2 2 2 2 2 2 2 2 2 2 2 2 2 2 2 2 2 2 2 2 2 2 2 2 2 2 2 2 2 2 2 2 2 2 2 2 2 2 2 2 2 2 2 2 2
left_child=1 3 4 6 -2 18 -1 8 21 11 -11 -10 -6 15 -15 17 -13 -3 -5 23 -8 -7 -18 33 -9 -14 -27 -28 -29 -4 32 -32 -23 -16 36 -34 37 39 50 -33 41 -31 45 -44 -30 49 -47 -45 -22 -43 -17
right_child=2 13 29 5 12 7 20 24 9 10 -12 16 25 14 19 38 22 -19 -20 -21 48 30 -24 -25 -26 26 27 28 44 40 31 34 35 -35 -36 -37 -38 -39 -40 -41 -42 42 43 47 -46 46 -48 -49 -50 -51 -52
leaf_value=0 -7.6142880134284495e-07 1.0869849473237992e-06 -0.00052392186832148579 0.0012296881749061868 0 0.001985409991815686 0 0 -0.0010879169714113233 0.00030256449989974498 -0.00045760584166273477 -0.00096552124843001365 0.0014233651265501976 -0.00036524375043809411 -0.00031517552286386489 -0.0019765007495880127 2.9619291424751283e-06 -0.001060731692612171 1.3963348756078633e-06 -0.00052819061037153001 0.00057883616227190945 0.0001762771434849128 -0.00018142974525690077 2.0997966526010714e-06 0.00045038086511194704 0.00014745154920965434 0.0011607208356261254 0.022302968426421287 0.00038449597582221031 0 -3.3091764635173603e-07 0 -8.5842352733016023e-05 5.4349247366189958e-07 -6.0983624309301381e-06 0 0.00016416663918644191 0 -0.00032866079974919557 -4.2306056937377437e-06 0 0 2.4575580609962343e-06 0 0 0 -2.0858488278463484e-07 0 0.0011913015075027942 0 -0.002926968825608492
leaf_weight=26 29 27 22 26 29 24 21 21 32 27 28 28 27 33 20 29 37 24 26 38 20 34 33 20 31 26 27 22 21 34 31 20 20 22 37 21 26 20 22 32 22 20 26 24 22 28 23 21 32 36 20
leaf_count=26 29 27 22 26 29 24 21 21 32 27 28 28 27 33 20 29 37 24 26 38 20 34 33 20 31 26 27 22 21 34 31 20 20 22 37 21 26 20 22 32 22 20 26 24 22 28 23 21 32 36 20
internal_value=-9.14411e-05 -0.000534141 0.000784314 7.65697e-06 0.00194581 -0.000279783 0.00161616 -0.000498008 -0.000722222 -0.00164865 9.09091e-05 -0.00238462 0.00244253 -0.00192157 -0.00109023 -0.00282787 -0.00163265 -0.00137255 0.00182692 -0.00035 0.00253425 -7.54717e-05 -0.000785714 0.000645161 0.00144231 0.00293103 0.0025 0.00304348 0.00230769 -0.000136719 -0.000311203 -0.000753012 0.000666667 -0.000357143 -0.000296296 -0.000487805 0.000204082 -0.000347222 -0.00387324 -0.00105769 6.41026e-05 -0.000117925 0.000168539 0.000985915 0.00127907 -0.000373832 -0.00117647 0 0.00346154 0.000357143 -0.00459184
internal_weight=1367 908 459 653 203 554 99 502 450 185 55 130 174 255 133 122 98 51 52 100 73 265 70 62 52 145 118 92 65 256 241 166 75 42 135 41 98 72 71 52 234 212 178 71 43 107 51 45 52 56 49
internal_count=1367 908 459 653 203 554 99 502 450 185 55 130 174 255 133 122 98 51 52 100 73 265 70 62 52 145 118 92 65 256 241 166 75 42 135 41 98 72 71 52 234 212 178 71 43 107 51 45 52 56 49
is_linear=0
shrinkage=0.005


Tree=2
num_leaves=51
num_cat=0
split_feature=64 72 72 69 20 96 73 40 13 4 5 80 22 89 30 13 3 64 1 84 46 66 30 20 5 66 14 30 45 77 4 65 80 65 66 80 46 27 72 88 69 88 4 72 64 3 1 1 19 23
split_gain=15.5467 25.2535 13.2746 12.6034 13.115 12.1741 8.50433 7.77096 7.45728 7.58192 7.36383 7.23814 7.10664 6.89217 6.73328 5.9169 7.65304 5.8084 5.71475 7.22058 5.67123 6.13876 6.09483 5.69763 5.62259 9.40444 5.53913 5.53131 5.37237 5.12 4.90711 5.4044 8.39886 5.92192 5.35803 5.15319 4.75202 4.5503 4.30553 5.34024 6.41026 5.3592 5.86163 4.14405 3.96667 3.96016 2.88438 2.5 2.35598 1.27247
threshold=1489.7000000000003 1281.3185000000001 1104.7000000000003 30532.500000000004 447.65000000000003 1.0000000180025095e-35 1.026 48.750000000000007 4777.7000000000007 2825.2900000000004 6498.4150000000009 33975.965625000004 92.750000000000014 1255.01439375 50.250000000000007 1475.6500000000003 15978.040500000001 645.83400000000017 14438.400000000001 642.10971875000007 101.82500076293947 1533.9000000000003 90.750000000000014 1096.5000000000002 4803.0650000000005 1145.1360000000002 13642.450000000003 67.250000000000014 23073.500000000004 4024.8944701773935 2184.5650000000005 32200.800000000003 35344.015277777791 34035.30000000001 683.20000000000016 37487.704861111117 102.51499938964845 49.250000000000007 1462.4120000000003 4961.7656250000009 32775.100000000006 6488.6014583333354 4101.4050000000007 910.39450000000011 1090.9630000000002 15759.170500000002 16001.500000000002 14112.750000000002 868.70000000000016 86.250000000000014
decision_type=2 2 2 2 2 2 2 2 2 2 2 2 2 2 2 2 2 2 2 2 2 2 2 2 2 2 2 2 2 2 2 2 2 2 2 2 2 2 2 2 2 2 2 2 2 2 2 2 2 2
left_child=1 3 11 5 10 8 30 44 9 -1 -5 43 13 17 -7 29 28 -8 19 -16 22 24 26 -23 46 -26 -9 -15 47 -4 -6 32 34 35 -32 -33 -29 -10 -30 40 -40 42 -41 -2 -3 -35 -22 -17 -43 -39
right_child=2 7 15 4 6 14 12 20 37 -11 -12 -13 -14 27 18 16 -18 -19 -20 -21 21 23 -24 -25 25 -27 -28 36 38 -31 31 33 -34 45 -36 -37 -38 49 39 41 -42 48 -44 -45 -46 -47 -48 -49 -50 -51
leaf_value=0.00061843538060039286 0.0025302359002307056 -0.0019025190868531357 0 -0.00017559332770295444 0 1.8264799129217863e-05 -7.4048228561878211e-09 -0.0011250143894581124 0.00038164518021233378 -5.589189899290432e-05 -0.00094674291727216034 1.8492341411765664e-06 -0.00081944179919455197 4.4011661773547534e-06 -8.208331959322096e-07 -4.4670336123090236e-08 0.00023319021562486885 0.00096379450672306121 3.6241609398857693e-06 -7.8197813880629826e-05 -0.00085346369304507971 -6.1438951524905862e-09 -0.0011989363762796856 -0.00013782787385251141 0 1.6706710060388331e-05 7.1049588490277529e-06 -9.7693484742194404e-08 0.00020773401446361095 -0.00067675463120476348 -4.104165979661048e-07 2.5822420311669706e-08 -0.00010942402455856791 1.6545882317586802e-09 0.0015953310227631589 0.00036274267432140182 -0.0015072007496738807 0.00044812896078638736 1.8262187521904706e-06 0 0 5.1459172411796317e-08 -2.0754195837071167e-07 0.00030073502758890393 -3.8788169704377655e-05 -4.3710341093265025e-06 0 0 0 0.0033015281149633229
leaf_weight=23 35 30 25 34 25 23 30 26 31 32 20 37 24 24 29 20 21 21 28 20 31 22 38 24 25 20 20 30 37 25 26 34 32 24 20 30 36 25 39 30 26 25 26 21 21 28 20 20 23 31
leaf_count=23 35 30 25 34 25 23 30 26 31 32 20 37 24 24 29 20 21 21 28 20 31 22 38 24 25 20 20 30 37 25 26 34 32 24 20 30 36 25 39 30 26 25 26 21 21 28 20 20 23 31
internal_value=5.1207e-05 -0.000297806 0.000865854 0.000220588 -0.000285388 0.00113636 3.90625e-05 -0.0015704 0.00207746 0.000636364 -0.00259259 0.00252688 -0.000818182 -0.000390071 -0.0002 0.000378549 0.000674157 0.00107843 -0.000909091 -0.00193878 -0.00117257 -0.00056338 -0.00220238 -0.00206522 0.00015625 0.00144444 -0.000978261 -0.00122222 0.000426829 -0.0012 0.000684932 0.000953608 -6.41026e-05 0.00163793 0.00130435 0.00265625 -0.0019697 0.00298851 0.000752427 0.000414201 0.00153846 -0.000288462 -0.00133929 0.00366071 -0.00333333 0.000384615 -0.000980392 -0.00125 0.0009375 0.00383929
internal_weight=1367 957 410 680 438 242 384 277 142 55 54 93 165 141 100 317 267 51 77 49 226 142 84 46 96 45 46 90 246 50 219 194 78 116 46 64 66 87 206 169 65 104 56 56 51 52 51 40 48 56
internal_count=1367 957 410 680 438 242 384 277 142 55 54 93 165 141 100 317 267 51 77 49 226 142 84 46 96 45 46 90 246 50 219 194 78 116 46 64 66 87 206 169 65 104 56 56 51 52 51 40 48 56
is_linear=0
shrinkage=0.005


Tree=3
num_leaves=53
num_cat=0
split_feature=62 68 23 16 38 68 75 75 68 33 21 35 91 69 79 75 20 21 93 37 7 2 79 14 75 34 80 17 19 81 32 36 23 7 75 79 35 62 86 89 7 20 85 23 34 24 61 2 2 2 14 17
split_gain=14.6465 19.3894 13.0693 8.46853 9.14038 11.3453 8.46657 7.72136 12.4648 9.57432 9.4037 9.24982 8.40154 7.75138 7.14286 6.88543 7.90672 6.57307 8.02593 6.5295 7.42835 6.23396 8.75502 8.68791 6.19767 6.13685 6.18025 5.82874 9.01151 5.58072 5.33333 5.27822 5.26866 8.30768 7.43223 6.2069 5.46942 4.69552 4.58294 6.24629 3.9389 3.6 3.45572 3.29791 3.2967 3.17807 2.66189 2.5 2.3055 2.08822 2.03636 1.52381
threshold=956.88600000000008 1425.8500000000001 55.750000000000007 6477.0500000000002 7.1750000000000016 888.66700000000003 651.58697009083528 680.84389874950318 992.56750000000011 10.250000000000002 28.025000000000002 27.025000000000002 33499.937987500009 33571.150000000009 694.73576984235467 469.4882726350715 986.00000000000011 18.575000000000006 413.16576923076929 94.250000000000014 70.220000000000013 3080.2560000000008 280.3864438660346 16698.700000000004 617.0399902319665 78.750000000000014 28812.585763888892 11.950000000000001 1175.6500000000003 4355.0145251271724 96.250000000000014 83.750000000000014 15.750000000000002 141.51500000000001 430.69128572653102 618.31409190967258 25.975000000000005 1509.5000000000002 1.0770000000000002 1156.9937437500002 998.23000000000013 1675.5500000000002 1682.4000000000003 98.250000000000014 81.250000000000014 7.0250000000000012 30785.850000000002 3040.3500000000008 2597.5000000000005 3455.8745000000004 19643.200000000001 138.65000000000001
decision_type=2 2 2 2 2 2 2 2 2 2 2 2 2 2 2 2 2 2 2 2 2 2 2 2 2 2 2 2 2 2 2 2 2 2 2 2 2 2 2 2 2 2 2 2 2 2 2 2 2 2 2 2
left_child=2 3 6 4 21 -6 15 8 9 -4 12 47 27 -13 51 -1 -17 18 45 20 -20 22 -2 48 25 26 -10 -11 31 -28 -7 -29 -19 34 38 -36 -35 -5 -34 42 -30 -18 -40 -21 -41 -3 -27 -12 -24 -23 -33 -9
right_child=1 17 7 37 5 30 -8 14 24 10 11 13 -14 -15 -16 16 41 32 19 43 -22 49 23 -25 -26 46 29 28 40 -31 -32 50 33 36 35 -37 -38 -39 39 44 -42 -43 -44 -45 -46 -47 -48 -49 -50 -51 -52 -53
leaf_value=-1.6262631097752822e-06 -2.9034269820654302e-06 -1.2064438624365721e-08 0.00082455368511516252 -7.895956873505726e-05 0.0022544895850215478 0.0002240955512743035 -9.5387295258597805e-07 2.3846303425631143e-05 -0.0016759177231736788 1.2811710382893222e-06 1.4141555463141777e-06 0.0019420001087182164 1.4681331295939155e-06 -1.2911210155834854e-10 -1.5443246447824785e-05 0.00042630180337213913 -8.4758807731259359e-08 2.6196400610831916e-06 0 3.1182183108571916e-06 -0.00015671215911064267 0.0011507584884253377 0.001404365472080219 6.7218261052520142e-06 0 -0.0017130995754538697 1.8492648606523291e-06 -4.5607859578914945e-07 5.6827315126152824e-07 -0.00078927248105758801 -0.00041976029129482467 -0.0014445699106138668 -0.00035933129311115363 -2.5729586205898158e-10 3.3837731560238174e-06 0 -1.1080774402821459e-05 2.9279070540033283e-05 0 -5.9776920794229228e-09 -6.3870847605349267e-06 7.5609739790681054e-05 2.6409530518576499e-06 0 0 -0.00081441136587682549 -0.0017617447200049064 -9.4814125554039486e-05 0.00086416724042997941 0.00057842145659138858 -4.6257216204129503e-06 3.0362700053092345e-08
leaf_weight=36 25 21 26 38 29 20 28 21 20 27 20 26 39 21 21 28 20 25 23 23 24 39 31 28 23 20 21 32 22 20 30 35 23 25 29 20 24 39 21 26 29 20 23 27 28 31 39 20 20 20 20 21
leaf_count=36 25 21 26 38 29 20 28 21 20 27 20 26 39 21 21 28 20 25 23 23 24 39 31 28 23 20 21 32 22 20 30 35 23 25 29 20 24 39 21 26 29 20 23 27 28 31 39 20 20 20 20 21
internal_value=-3.29188e-05 0.000463483 -0.000572519 0.00137931 0.00183884 0.000443038 0.000833333 -0.000927342 -0.00115217 -0.000599369 -0.000859107 0.000517241 -0.00144608 0.00202128 0.000714286 0.00149038 0.00242647 -0.000279898 -0.00110738 -0.000257732 -0.00159574 0.00251534 0.00177885 0.00259494 -0.00237762 -0.00283333 -0.00172131 -0.00193939 -0.00235507 -0.000609756 -0.001 -0.00333333 0.00022541 -2.28311e-05 0.0005 0.00214286 -0.00183673 -6.49351e-05 -0.000165289 0.000306122 -0.000686275 0.001 0.00170455 0.001 -0.000833333 -0.00269231 -0.00398305 -0.00125 0.00382353 0.00381356 -0.00427273 0.00190476
internal_weight=1367 712 655 319 242 79 132 523 460 317 291 87 204 47 63 104 68 393 149 97 47 163 104 79 143 120 61 165 138 41 50 87 244 219 170 49 49 77 121 98 51 40 44 50 54 52 59 40 51 59 55 42
internal_count=1367 712 655 319 242 79 132 523 460 317 291 87 204 47 63 104 68 393 149 97 47 163 104 79 143 120 61 165 138 41 50 87 244 219 170 49 49 77 121 98 51 40 44 50 54 52 59 40 51 59 55 42
is_linear=0
shrinkage=0.005


Tree=4
num_leaves=54
num_cat=0
split_feature=64 93 61 73 36 38 23 68 6 26 44 43 17 3 33 64 96 66 81 64 23 36 26 43 36 11 3 73 81 24 3 24 43 76 4 6 3 86 6 4 23 24 11 24 45 100 6 81 83 81 4 26 33
split_gain=19.0237 15.5355 11.9818 10.2585 9.41561 11.8045 11.6243 8.54302 10.6342 8.14958 11.9039 8.12564 8.34305 8.1241 8.078 6.9513 6.62479 5.9645 5.90635 5.86219 10.9032 5.85281 5.72444 7.87709 9.01774 6.64445 5.80938 5.69763 5.36803 5.36087 5.31225 5.20942 6.79171 7.25626 8.23349 13.9029 6.88095 5.00595 4.98383 6.82199 14.196 4.85844 4.62466 4.52742 4.36364 4.16426 4.04739 3.80581 3.62683 3.52884 3.3 3.1434 3.13043
threshold=1384.0280000000002 393.23111111111115 29307.350000000002 1551.3000000000002 91.250000000000014 9.8750000000000018 99.250000000000014 1458.4250000000002 3404.2800000000002 42.750000000000007 3.9344999790191655 66.754997253417983 153.55000000000004 12201.500000000002 185.25000000000003 890.23800000000017 1.0000000180025095e-35 1341.2500000000002 4055.5372940064067 0.75000000000000011 99.750000000000014 88.250000000000014 42.750000000000007 85.885002136230483 80.250000000000014 37361.200000000004 14449.750000000002 930.52200000000005 3706.4734567875917 7.7250000000000005 10519.950000000003 14.275000000000002 87.434997558593764 37730.195833333339 9092.7350000000024 4581.0350000000008 14619.200000000003 434.40600000000006 6412.1650000000018 4392.6500000000005 89.250000000000014 7.7250000000000005 38163.750000000007 12.225000000000001 23471.500000000004 0.010416666666666668 8423.7950000000019 4019.5764997003785 1969.950000000001 4182.2746060945983 5415.5600000000004 36.750000000000007 35.250000000000007
decision_type=2 2 2 2 2 2 2 2 2 2 2 2 2 2 2 2 2 2 2 2 2 2 2 2 2 2 2 2 2 2 2 2 2 2 2 2 2 2 2 2 2 2 2 2 2 2 2 2 2 2 2 2 2
left_child=1 -1 9 4 5 11 -6 8 27 10 15 37 31 -14 16 29 46 -5 -12 20 -7 -16 23 24 26 -25 -9 -2 30 -3 -11 32 33 34 35 36 -13 -4 39 43 -41 -30 48 52 -24 -28 -15 -17 -26 -37 -46 -21 -10
right_child=7 2 3 17 6 19 -8 22 38 28 18 12 13 14 21 47 -18 -19 -20 51 -22 -23 44 25 42 -27 45 -29 41 -31 -32 -33 -34 -35 -36 49 -38 -39 -40 40 -42 -43 -44 -45 50 -47 -48 -49 -50 -51 -52 -53 -54
leaf_value=-0.0014373470610607975 -2.2159596677889451e-06 -0.00027269784975744547 -1.1559465070113554e-06 -0.00060494079748089663 3.8946425588102304e-08 -2.6500620363519381e-06 -0.0014376881597488135 2.6409530518576499e-06 0.001153738075604611 0.00028978333364111821 -8.8101861790738764e-07 -0.00037226204628241903 0.00035964874943262567 1.1834983071654722e-06 -1.2025051200295592e-06 0.00037648762885011413 -0.000943941472334615 -0.00048248781742207038 -0.0016021498383467741 -0.0017476383697503806 1.075021160652228e-06 0.0018059450385930166 0 -2.7174623683094979e-09 1.0403171028883663e-09 1.7966564655557682e-06 -1.1167929510120302e-08 2.5542525038309309e-06 -1.3274883410192683e-05 3.0565574557253273e-07 0.0016899647026743655 0.00027351116489369271 5.4436890230362782e-06 7.9981825935210496e-06 -0.00097345484657329867 6.9305198591595454e-05 2.8600894009668788e-06 -0.00060898219716429606 0.0019613744755347991 0.0015336381082197636 -5.1355031535136756e-06 0.00017571363788156401 -1.1874191489295444e-05 0.0007255007142406547 1.1651430477153706e-06 0 -0.00049431295551618181 0.00021651951606075262 -1.9113714020838962e-08 0.00099338391915566589 5.5275224083077808e-08 -0.00045718476668926477 5.5835749712752808e-06
leaf_weight=39 22 21 32 22 26 31 28 31 23 23 24 21 20 20 33 20 35 20 21 25 31 21 22 25 28 31 20 24 23 31 21 20 27 38 33 24 21 24 27 26 25 20 32 25 24 23 21 21 24 31 20 24 23
leaf_count=39 22 21 32 22 26 31 28 31 23 23 24 21 20 20 33 20 35 20 21 25 31 21 22 25 28 31 20 24 23 31 21 20 27 38 33 24 21 24 27 26 25 20 32 25 24 23 21 21 24 31 20 24 23
internal_value=5.48647e-05 -0.000375561 -0.000234467 -0.000589172 -0.000418089 -0.000216165 -0.00240741 0.000863158 0.00166667 0.000755556 0 0.000166271 0.000438356 -0.000466667 -0.000923077 0.00102151 -0.00197368 -0.00297619 -0.00211111 -0.00166667 -0.000645161 0.000555556 0.000303571 -9.34579e-05 -0.000664557 0.00151786 0.000608108 -0.000434783 0.00195402 -0.000192308 0.00318182 0.00106977 0.000820513 0.000446429 -0.000115385 0.000618557 -0.00154762 -0.00160714 0.00231544 0.00188525 0.000490196 0.000697674 -0.00178571 0.00288732 0.00159091 -0.000581395 -0.000609756 0.00256098 -0.000865385 0.00227273 0.0025 -0.00295918 0.00195652
internal_weight=1367 892 853 628 586 532 54 475 195 225 138 421 365 150 130 93 76 42 45 111 62 54 280 214 158 56 74 46 87 52 44 215 195 168 130 97 42 56 149 122 51 43 84 71 66 43 41 41 52 55 44 49 46
internal_count=1367 892 853 628 586 532 54 475 195 225 138 421 365 150 130 93 76 42 45 111 62 54 280 214 158 56 74 46 87 52 44 215 195 168 130 97 42 56 149 122 51 43 84 71 66 43 41 41 52 55 44 49 46
is_linear=0
shrinkage=0.005


Tree=5
num_leaves=52
num_cat=0
split_feature=64 72 72 43 0 13 95 86 62 77 21 77 46 81 82 0 97 31 14 82 39 25 41 83 69 43 25 83 32 17 81 3 83 97 81 67 16 41 32 35 13 58 37 27 1 21 81 25 56 14 0
split_gain=14.2909 18.6847 14.6008 13.5037 11.9403 10.4144 9.63127 10.4533 9.93829 9.57591 8.55552 8.45326 8.32315 8.27738 15.546 9.63598 8.08447 8.28991 8.05536 7.76738 7.47349 9.73474 8.46424 7.39245 7.04348 6.82667 7.68 6.66695 8.66826 7.43819 6.81681 6.7099 6.66619 7.76566 6.58036 6.31008 9.49728 6.09282 5.4272 8.55969 5.39261 5.37778 5.11364 4.9 4.37576 3.6 2.98211 2.80361 2.65947 2.53003 0.436364
threshold=1395.7500000000002 955.63250000000005 920.56750000000011 79.430000305175795 34620.600000000013 1475.6500000000003 1.0000000180025095e-35 0.060000000000000012 799.97750000000008 3528.830767845297 29.775000000000002 3995.0372167181936 104.35499954223634 3340.9881641202533 -0.019000000000000013 37796.500000000007 0.26041666666666669 9.2250000000000014 16067.450000000003 -0.0095000000000000067 222.75000000000003 70.250000000000014 81.750000000000014 2238.1000000000026 38279.450000000004 86.074996948242202 181.25000000000003 2161.3999999999983 165.75000000000003 234.45000000000002 4122.2672144531443 15256.812000000002 2432.6000000000026 0.73958333333333337 4010.9640379263492 33361.55000000001 5687.2000000000007 68.250000000000014 58.750000000000007 25.925000000000004 2102.0000000000005 -0.24999999999999994 91.750000000000014 34.250000000000007 16763.772500000003 26.275000000000002 4238.168459158268 173.25000000000003 -1.0000000180025095e-35 17254.300000000003 29633.550000000007
decision_type=2 2 2 2 2 2 2 2 2 2 2 2 2 2 2 2 2 2 2 2 2 2 2 2 2 2 2 2 2 2 2 2 2 2 2 2 2 2 2 2 2 2 2 2 2 2 2 2 2 2 2
left_child=1 3 11 10 20 -3 8 -8 46 -10 13 -2 -6 14 -1 19 43 27 32 23 21 -5 -23 -15 -17 -24 -27 29 -29 31 -30 40 33 42 -21 -36 -37 -9 -11 -40 -18 -42 -19 -4 -14 -25 47 50 -41 -20 -7
right_child=2 5 16 4 12 6 7 37 9 38 -12 -13 44 15 -16 24 17 18 49 34 -22 22 25 45 -26 26 -28 28 30 -31 -32 -33 -34 -35 35 36 -38 -39 39 48 41 -43 -44 -45 -46 -47 -48 -49 -50 -51 -52
leaf_value=-0.0029794871907010746 0.0020629852048227306 6.8993413037682425e-06 -0.0010117120743683137 -0.0010595781016101177 -0.0034633970291493821 -0.0015425625484996269 3.8993448175697206e-06 1.3562809059576941e-06 0.00011939061152176616 -0.00088814096436492661 0.0038132655869639819 0.00074722008434256846 -2.2428733229909313e-06 0.00098841699955988754 0.00021006969849609412 -0.0002046974121265541 0 1.298499470760018e-06 4.0510091084319828e-06 -0.00043249885544593362 -0.00060921240278190942 0.0012050643371446883 -7.2626843367853417e-06 -2.2441514879388247e-05 0.00012152465665421665 2.1815883331452435e-05 -2.1625731450305954e-06 -1.5100480799464663e-07 1.3446529782321549e-06 -2.7038750564679503e-09 -1.3374576425831348e-08 0.000988276474344175 3.9717865224665271e-08 -1.333341319031774e-08 0.0010378815056168596 -5.9601723646230421e-06 1.623974093890461e-05 -1.4795948385885883e-05 3.7647679033624637e-06 -0.00024376768064650952 5.5127495893691913e-08 3.2576096401457341e-05 -2.6725628715692694e-06 -1.897940868876304e-05 5.8840590590972395e-09 0.00053561455136300919 -0.00047727572232916755 -0.00071745222196716463 -0.00090548430541226852 4.4817575684044821e-08 -0.002659539000340405
leaf_weight=23 33 21 20 36 29 20 30 24 34 22 21 37 22 33 30 23 22 22 27 29 31 39 25 20 23 30 20 33 30 21 21 22 23 36 20 20 31 26 34 20 24 36 22 20 33 20 33 23 21 25 24
leaf_count=23 33 21 20 36 29 20 30 24 34 22 21 37 22 33 30 23 22 22 27 29 31 39 25 20 23 30 20 33 30 21 21 22 23 36 20 20 31 26 34 20 24 36 22 20 33 20 33 23 21 25 24
internal_value=4.7654e-05 -0.000325843 0.000748945 0.000232975 -0.000584906 -0.00126506 -0.00149518 0 -0.00201299 -0.00110687 0.000972696 0.00285714 -0.00214286 0.000735294 -0.00103774 0.00116438 0.000383663 0.000618132 -0.000258065 0.0017052 0.000138122 0.0006 0.00131579 0.00294521 -0.000869565 0.000333333 0.0014 0.00126794 0.000178571 0.002 0.00147059 0.00254808 -0.00106796 -0.00175 0.0008 0.00161972 0.000686275 -0.0014 -0.00190722 -0.00126667 0.00189024 0.00266667 -0.000340909 -0.00175 -0.001 0.0015 -0.0032 -0.00380597 -0.00280488 0.00134615 -0.00454545
internal_weight=1364 890 474 558 265 332 311 80 231 131 293 70 84 272 53 219 404 364 155 173 181 150 114 73 46 75 50 209 84 125 51 104 103 80 100 71 51 50 97 75 82 60 44 40 55 40 100 67 41 52 44
internal_count=1364 890 474 558 265 332 311 80 231 131 293 70 84 272 53 219 404 364 155 173 181 150 114 73 46 75 50 209 84 125 51 104 103 80 100 71 51 50 97 75 82 60 44 40 55 40 100 67 41 52 44
is_linear=0
shrinkage=0.005


Tree=6
num_leaves=53
num_cat=0
split_feature=72 70 29 85 30 75 96 67 80 64 95 59 77 10 87 91 74 75 69 13 10 91 65 33 68 48 77 20 43 100 39 13 16 10 29 24 7 24 72 78 90 91 69 16 39 4 20 64 7 4 60 7
split_gain=12.9144 20.9722 13.8878 10.0392 7.83791 7.76569 7.49422 7.44458 7.43022 8.52753 7.93813 6.77992 11.6724 8.96135 8.34651 8.14027 7.04693 8.80406 8.32609 6.99013 6.85239 6.76237 6.6996 6.58907 5.99073 5.76436 6.88123 5.55315 7.79292 5.38448 9.37811 8.76177 8.30123 7.17037 6.89608 8.1566 6.07747 5.06168 4.83465 4.52795 4.41379 4.31447 4.02042 3.48114 3.23438 3.17979 2.5 2.05942 1.83203 1.6 1.55172 0.9
threshold=929.85000000000002 850.57450000000006 81.250000000000014 1509.9500000000003 21.250000000000004 43.275207043139297 1.0000000180025095e-35 34136.100000000013 36770.98923611112 1100.4930000000002 1.0000000180025095e-35 -0.68301270189221952 4389.4608435773489 32344.000000000004 0.36458333333333343 26581.853006250003 723.33333333333337 638.4004935525146 35318.650000000009 9665.8500000000004 28248.100000000002 33499.937987500009 32200.800000000003 204.25000000000003 1.0075000000000001 1.0000000180025095e-35 3363.5536517917722 739.40000000000009 83.040000915527358 0.065972222222222238 179.25000000000003 4481.8000000000011 5737.8000000000011 28208.200000000004 92.750000000000014 8.8750000000000018 32.685000000000009 9.0250000000000021 1456.5065000000002 1199.6262048611113 1583.2057500000003 30654.082975000005 32446.850000000002 5763.2000000000016 119.75000000000001 3745.0950000000003 764.00000000000011 1299.8000000000002 1369.3000000000002 6321.2200000000012 992.56750000000011 70.220000000000013
decision_type=2 2 2 2 2 2 2 2 2 2 2 2 2 2 2 2 2 2 2 2 2 2 2 2 2 2 2 2 2 2 2 2 2 2 2 2 2 2 2 2 2 2 2 2 2 2 2 2 2 2 2 2
left_child=1 11 3 50 45 -6 7 37 9 10 25 12 16 20 48 -16 17 18 19 -1 -13 24 -20 27 41 -7 -27 -5 -29 32 31 38 33 -11 35 -34 -35 47 44 -40 -18 -17 -32 -28 -31 -4 -39 51 -15 -30 -2 -3
right_child=2 6 4 23 5 8 -8 -9 -10 29 -12 13 -14 14 15 21 40 -19 22 -21 -22 -23 -24 -25 -26 26 43 28 49 30 42 -33 34 36 -36 -37 -38 46 39 -41 -42 -43 -44 -45 -46 -47 -48 -49 -50 -51 -52 -53
leaf_value=-6.7590394527386572e-06 -0.0018835407320894047 0.0023248695930950347 3.2116878240366295e-08 2.5407974719092519e-06 -2.7814187902744819e-08 8.0169402093428043e-06 -4.4219083435660995e-07 4.4656288241427196e-06 -0.00056698452385256515 -0.00048320274933251131 3.8798480934818732e-06 2.3955416629446336e-05 -6.2409891083198421e-06 8.9326542992300359e-06 0.0010724518071266397 1.1029552245026032e-05 -2.1385691782326531e-07 -1.0641921063593516e-05 -0.0012657672386705257 0.0007737577707077883 -6.7635572451948541e-05 6.277244223969036e-06 5.8546387638017542e-09 -1.6426499218020551e-08 -0.0033509955062706698 -0.00011577014381333433 -0.0014343426822564518 4.4593487805624598e-08 -0.00041211172913281884 2.5342291134122553e-05 8.1552971858648189e-06 -7.6719556077196282e-06 -1.286398722593104e-08 0.0008085076224503007 2.439794617867547e-06 -6.3895453656168599e-06 1.9724173361438296e-08 5.5278059834465609e-06 -3.3076369619597848e-05 4.6233529444681668e-07 0.0010970923442673453 -2.9226233090113739e-06 2.2348600954277963e-06 -0.00060108851366816047 0.00049383686186611699 2.8619634976801127e-06 0.0023186137764311123 0.002522086776443323 0.0034398778343482186 -8.4268219564240433e-06 -0.00071040301148915248 0.00037239925510244176
leaf_weight=22 29 20 21 20 30 23 26 33 23 27 32 21 22 20 23 32 29 23 29 28 38 37 27 20 24 26 39 39 20 21 23 38 36 23 28 26 22 20 33 27 29 21 20 23 20 20 20 29 22 20 20 20
leaf_count=22 29 20 21 20 30 23 26 33 23 27 32 21 22 20 23 32 29 23 29 28 38 37 27 20 24 26 39 39 20 21 23 38 36 23 28 26 22 20 33 27 29 21 20 23 20 20 20 29 22 20 20 20
internal_value=4.03226e-05 0.000577236 -0.000400534 -0.00166667 -3.44234e-05 -0.000194444 0.00208333 0.00253521 -4.90196e-05 8.21355e-05 -0.000944056 1.11857e-05 -0.000645933 0.000588235 0.00114525 0.000547445 -0.000240642 -0.000891473 -0.000283019 0.0012 -0.00110169 0 -0.00160714 -0.000882353 -0.000844156 -0.00157658 -0.00215909 -0.000353535 -0.000949367 0.000508721 0.0010989 0.000467626 -0.000154321 0.00111111 -0.00116667 -0.00209677 0.00233333 0.00316514 0.00123762 0.000333333 0.0012069 9.43396e-05 0.00313953 -0.00306452 0.00256098 0.00207317 0.00175 0.00398551 0.00309524 -0.0025 -0.00357143 0.00325
internal_weight=1364 615 749 168 581 540 168 142 510 487 143 447 209 238 179 137 187 129 106 50 59 114 56 119 77 111 88 99 79 344 182 139 162 72 90 62 45 109 101 60 58 53 43 62 41 41 40 69 42 40 49 40
internal_count=1364 615 749 168 581 540 168 142 510 487 143 447 209 238 179 137 187 129 106 50 59 114 56 119 77 111 88 99 79 344 182 139 162 72 90 62 45 109 101 60 58 53 43 62 41 41 40 69 42 40 49 40
is_linear=0
shrinkage=0.005


Tree=7
num_leaves=51
num_cat=0
split_feature=23 70 72 68 69 41 81 61 67 23 5 69 91 32 11 91 38 8 72 41 83 67 28 71 27 24 60 53 32 8 7 23 46 8 70 61 83 28 28 82 73 5 70 61 72 23 67 73 43 89
split_gain=14.7714 10.3435 16.7633 11.3064 8.7099 7.68897 8.55513 9.90743 10.7524 7.53188 10 7.05967 10.6078 12.4014 7.04537 13.7589 6.79495 10.3073 11.2908 9.45761 6.50561 6.99845 5.91168 12.4103 5.89507 7.19697 6.26788 5.85202 5.97092 5.5487 7.02994 8.22161 8.93447 6.96467 5.81331 6.49777 5.47676 5.25388 7.83458 5.16327 4.47815 4.9 4.25177 4.09702 4.9056 4.04295 3.40975 2.96077 2.5 1.18519
threshold=98.750000000000014 938.20000000000016 941.33350000000007 929.90000000000009 28429.650000000005 72.250000000000014 4838.8516811828504 33198.150000000001 32193.400000000005 2.7500000000000004 4712.9900000000007 36086.80000000001 31035.773100000002 96.750000000000014 34771.80000000001 28086.923481250004 3.1750000000000007 411.70960526315793 850.57450000000006 92.750000000000014 1983.3499999999988 35405.400000000009 21.675000000000004 1118.0500000000002 22.750000000000004 12.825000000000001 1465.6000000000001 2.5000000000000004 200.25000000000003 412.07890013495285 110.15500000000002 75.750000000000014 104.314998626709 422.36526315789479 1250.9475000000002 31615.350000000002 1795.4499999999973 28.175000000000004 29.225000000000005 -0.019000000000000013 1059.5000000000002 4052.7650000000008 941.33350000000007 31322.850000000002 0.83200000000000007 73.250000000000014 32374.550000000007 783.12200000000018 79.634998321533217 1297.0232437500001
decision_type=2 2 2 2 2 2 2 2 2 2 2 2 2 2 2 2 2 2 2 2 2 2 2 2 2 2 2 2 2 2 2 2 2 2 2 2 2 2 2 2 2 2 2 2 2 2 2 2 2 2
left_child=1 3 4 27 -3 6 7 8 22 10 -4 12 -9 -14 39 -16 47 18 43 20 -19 -22 23 -2 25 -24 42 28 -1 34 31 32 -31 -32 -11 -36 -29 -30 -39 -5 -20 -42 -26 -18 -45 -38 -21 -7 -10 -6
right_child=5 2 9 14 49 16 -8 11 48 29 -12 -13 13 -15 15 -17 17 19 40 46 21 -23 24 -25 26 -27 -28 36 37 30 33 -33 -34 -35 35 -37 45 38 -40 -41 41 -43 -44 44 -46 -47 -48 -49 -50 -51
leaf_value=-0.0034621433848381726 -0.00044177572497830264 0.00028489528474958694 -0.00025370794432781645 -0.00020785558105698709 0.0014367659881012165 -5.6760203005837513e-06 -0.00025697127293481542 9.3469678421000935e-06 -0.00047644892955818301 0.000112392174244654 4.2691187524056146e-07 5.3476165650805521e-06 1.3913393552530624e-05 -4.2463253913549037e-05 1.2915866859931614e-05 -0.00060933661975526808 -1.0811622780988471e-05 1.4081148864231077e-06 -0.0016421486515601988 -9.4659688121965231e-06 -2.2484925252859891e-05 4.1980795580096676e-08 -0.00016685148948047309 0.00052157011357056491 7.7627644885202192e-06 3.9100351692326474e-07 5.8683438815895557e-06 -5.555739572651599e-08 1.7309020069838159e-05 5.2785049076968833e-06 2.548652391097607e-06 6.0749724479538336e-06 -1.9370970861441159e-08 -1.3336267913668801e-07 -3.4885286645956329e-05 1.7401734324075044e-06 1.6173155350755144e-05 -5.3502925547671613e-06 7.4773444070376483e-06 -0.001769010505219281 -1.5051878502094743e-08 0.0001646889554338938 -0.00089669250072994605 4.3692560608914144e-05 0.0012979023076688284 0.0034677855395121655 -0.00051656417481936272 -0.0011273373061959154 -6.2171510602521239e-06 0.013455837773443065
leaf_weight=21 25 29 20 24 27 20 21 29 20 23 20 21 25 32 33 36 20 35 28 21 37 29 33 27 23 24 34 33 23 27 25 32 25 37 37 23 39 29 26 23 20 20 20 34 25 22 37 23 20 27
leaf_count=21 25 29 20 24 27 20 21 29 20 23 20 21 25 32 33 36 20 35 28 21 37 29 33 27 23 24 34 33 23 27 25 32 25 37 37 23 39 29 26 23 20 20 20 34 25 22 37 23 20 27
internal_value=-1.46628e-05 0.000521936 0.00110795 -0.000145631 0.00307229 -0.000519203 0 0.000195195 -0.00039823 0.000501859 -0.0015 0.0014486 0.000813953 -0.000438596 -0.00137931 -0.000362319 -0.00104585 -0.000784314 0.000170068 -0.00166667 -0.000742574 -0.00166667 0.000107527 0.00153846 -0.000447761 -0.00166667 0.000454545 0.000595855 -0.000252525 0.000851528 0.00143836 0.00238095 0.00115385 0.00016129 -0.000180723 -0.001 0.00148936 0.000384615 -0.000454545 -0.00287234 -0.00132353 -0.00025 -0.000813953 0.0014557 0.00211864 0.00237705 -0.00327586 -0.00290698 -0.00275 0.00425926
internal_weight=1364 661 352 309 83 703 354 333 226 269 40 107 86 57 116 69 349 306 147 159 101 66 186 52 134 57 77 193 99 229 146 84 52 62 83 60 94 78 55 47 68 40 43 79 59 61 58 43 40 54
internal_count=1364 661 352 309 83 703 354 333 226 269 40 107 86 57 116 69 349 306 147 159 101 66 186 52 134 57 77 193 99 229 146 84 52 62 83 60 94 78 55 47 68 40 43 79 59 61 58 43 40 54
is_linear=0
shrinkage=0.005


Tree=8
num_leaves=52
num_cat=0
split_feature=64 72 29 46 41 79 1 65 27 53 68 88 65 2 25 24 24 35 29 44 21 29 7 68 20 24 92 83 29 24 3 72 92 20 78 78 34 65 92 68 83 46 3 78 42 79 79 7 21 11 83
split_gain=17.2136 12.366 13.5249 11.3793 9.95359 9.34623 9.28169 10.4028 8.81 8.46974 8.31382 9.06948 8.78271 15.5675 8.20234 8.36712 10.7757 10.1214 10.0698 7.75327 7.63131 8.11604 7.37508 7.19726 7.25827 6.89691 8.87902 6.75032 6.74603 6.64452 6.49472 6.3151 6.26615 6.00385 5.87529 6.38141 7.1638 5.66707 5.40346 5.36678 5.28958 5.02648 4.9 4.17876 4.04549 3.98049 5.2962 7.13483 3.87391 3.78699 1.82609
threshold=1395.7500000000002 931.14900000000011 82.750000000000014 103.00500106811525 83.750000000000014 533.33254939619667 14038.350000000002 28708.450000000004 20.750000000000004 3.5000000000000004 1778.5500000000002 6488.6014583333354 33049.100000000006 3257.2500000000005 51.250000000000007 14.475000000000001 10.025000000000002 27.325000000000006 88.250000000000014 3.0590000152587895 29.375000000000004 78.250000000000014 17.605000000000004 1104.9500000000003 2058.5500000000006 7.9750000000000005 21378.272025000009 2157.3999999999983 81.750000000000014 11.125000000000002 11382.500000000002 1000.4405 27503.234137500007 1113.2500000000002 1409.1918194444445 1278.0620937500003 76.750000000000014 29548.200000000004 24052.854743750009 1503.4000000000003 1619.450000000001 102.53499984741212 14430.1 912.37950347222238 116.20000076293947 658.83695237334121 451.50659503951812 1457.0800000000002 27.275000000000002 38112.05000000001 2112.0000000000023
decision_type=2 2 2 2 2 2 2 2 2 2 2 2 2 2 2 2 2 2 2 2 2 2 2 2 2 2 2 2 2 2 2 2 2 2 2 2 2 2 2 2 2 2 2 2 2 2 2 2 2 2 2
left_child=1 9 3 40 5 22 7 8 -2 14 12 37 31 -14 33 16 18 29 20 -10 21 25 -4 -24 39 26 -16 -15 38 -18 -21 50 -6 -1 35 36 49 -12 -23 -25 -3 -31 -22 -7 -42 46 -30 -48 -28 -33 -8
right_child=6 2 4 -5 32 43 10 -9 19 -11 11 -13 13 27 15 -17 17 -19 -20 30 42 28 23 24 -26 -27 48 -29 45 41 -32 34 -34 -35 -36 -37 -38 -39 -40 -41 44 -43 -44 -45 -46 -47 47 -49 -50 -51 -52
leaf_value=-0.00091795651811516551 -8.5153935315510595e-06 -0.00040186517976184593 6.7297227363374374e-05 1.0281188934736168e-07 -0.00070958903625403954 1.035011424532914e-05 0.0017742338933976942 -5.2846827772599435e-06 -4.3947573523328544e-06 0.00029028671836612728 1.5391051322779618e-08 9.3374792944602395e-08 -0.00012133789319391402 0.00064274008507019052 1.2923845957661822e-06 0.0011369297188903076 -0.0013031567562174174 1.4175272796644319e-06 0.0016976587911237515 2.6081117120179975e-06 0.031702349574559759 0.0019572254822622622 6.3358258632639799e-05 -0.00096994945703260816 -0.00080200230953626631 5.7636768409993473e-05 -0.0034153453427135665 -4.3154397218468328e-06 -0.00011573842106274651 3.1885220818048392e-07 0.00051958688845073371 7.6075593296812017e-06 -0.000963163209511818 5.1227422276132418e-06 2.0125539076380504e-08 2.4486570753963439e-06 -1.7626295208740523e-08 -6.9406654787978137e-08 7.2053423458460933e-05 9.3838738844222753e-06 -0.0016194902585694073 -0.00031523841707498861 7.9111440049873993e-06 1.9141678461436499e-06 -0.00034469627956428515 -1.7714694288542153e-06 0.0009833493855138382 -1.8900910316689617e-06 -0.00010468623481566105 2.100045930955111e-07 0.0021869196197464458
leaf_weight=33 26 21 20 31 29 39 25 34 24 36 26 31 20 29 32 28 20 37 26 20 20 22 21 21 26 28 23 20 33 21 27 22 20 21 39 35 20 28 20 20 42 22 20 34 23 20 25 24 32 27 21
leaf_count=33 26 21 20 31 29 39 25 34 24 36 26 31 20 29 32 28 20 37 26 20 20 22 21 21 26 28 23 20 33 21 27 22 20 21 39 35 20 28 20 20 42 22 20 34 23 20 25 24 32 27 21
internal_value=9.53079e-05 -0.000314607 -0.00105187 -0.0024359 -0.000347826 0.00019337 0.000864979 -0.000267176 0.00056701 0.000156538 0.00129738 -5.88235e-05 0.00174419 0.000217391 -9.86193e-06 0.000209713 3.52941e-05 -0.0014 0.000476923 0.00147887 0.000217391 -9.65251e-05 -0.000740741 -0.00136364 -0.00216418 -0.00108696 -0.00178161 0.00173469 0.000694444 -0.00261905 0.00265957 0.00230159 -0.00234694 -0.00185185 0.00178322 0.00240385 0.00152174 -0.0012963 0.00238095 -0.000853659 -0.00337209 -0.00151163 0.00225 0.00157534 -0.00407692 0 0.000487805 0.00153061 -0.003 0.00255102 0.00391304
internal_weight=1364 890 347 117 230 181 474 131 97 543 343 85 258 69 507 453 425 100 325 71 299 259 108 88 67 115 87 49 144 63 47 189 49 54 143 104 69 54 42 41 86 43 40 73 65 102 82 49 55 49 46
internal_count=1364 890 347 117 230 181 474 131 97 543 343 85 258 69 507 453 425 100 325 71 299 259 108 88 67 115 87 49 144 63 47 189 49 54 143 104 69 54 42 41 86 43 40 73 65 102 82 49 55 49 46
is_linear=0
shrinkage=0.005


Tree=9
num_leaves=54
num_cat=0
split_feature=96 68 45 82 82 69 1 33 30 30 80 34 14 33 44 1 14 89 23 69 24 97 34 24 45 81 25 5 33 63 14 71 75 78 83 38 78 44 1 28 57 13 14 69 34 57 16 30 32 83 70 87 1
split_gain=17.3199 21.4216 12.7277 13.1457 10.0278 8.47999 8.34734 8.39753 10.0432 11.0588 8.37325 8.32325 8.13723 8.64686 7.6261 9.50581 7.53738 6.90922 6.79821 8.79465 6.35807 7.14541 6.49342 6.21777 6.14548 6.85763 6.00085 6.39434 7.35981 6.93333 5.98442 5.97388 6.64314 5.84456 7.20704 5.56322 5.51087 5.0625 4.92133 4.9 4.80027 4.55926 4.93958 4.4727 4.11739 4.11197 3.8912 3.67846 6.85056 3.19114 3.15888 2.81577 0.419048
threshold=1.0000000180025095e-35 913.85000000000014 23194.000000000004 -0.0025000000000000018 -17.963000000000076 30368.250000000004 13797.950000000003 216.75000000000003 63.250000000000007 71.250000000000014 30383.405555555557 106.25000000000001 16067.450000000003 16.750000000000004 3.7274999618530278 13273.450000000003 18005.550000000003 764.91114375000006 88.750000000000014 32683.200000000004 15.225000000000003 0.30208333333333343 79.750000000000014 8.9750000000000032 26154.000000000004 4279.3588071388913 28.750000000000004 4964.5400000000009 78.250000000000014 29851.150000000005 12430.650000000001 1385.8645000000004 455.46855880737689 539.20941319444455 2556.7000000000012 8.2250000000000014 491.28076736111115 2.8270000219345097 13682.700000000003 28.675000000000004 -0.56174490092936669 4346.3000000000002 17623.850000000002 28429.650000000005 38.750000000000007 -0.56174490092936669 5580.8000000000002 54.250000000000007 168.25000000000003 2190.599999999999 919.17300000000012 0.15625000000000003 13098.231500000002
decision_type=2 2 2 2 2 2 2 2 2 2 2 2 2 2 2 2 2 2 2 2 2 2 2 2 2 2 2 2 2 2 2 2 2 2 2 2 2 2 2 2 2 2 2 2 2 2 2 2 2 2 2 2 2
left_child=1 18 3 52 5 38 10 8 35 -10 14 20 17 16 30 -16 44 -11 43 23 21 24 -23 51 25 33 -19 29 -29 -28 -6 41 -33 34 49 47 -21 -13 -3 -35 -27 -7 -43 -1 -14 -15 -12 48 -8 -4 -45 -20 -2
right_child=2 4 11 -5 6 31 7 -9 9 12 46 37 13 45 15 -17 -18 26 19 36 -22 22 -24 -25 -26 40 27 28 -30 -31 -32 32 -34 39 -36 -37 -38 -39 -40 -41 -42 42 -44 50 -46 -47 -48 -49 -50 -51 -52 -53 -54
leaf_value=0.00019967374705662103 -0.0016224275188670007 -1.9156717093045781e-06 3.6353248961584285e-06 5.8337724119165245e-05 2.9097876608787524e-06 -0.0010257872545788044 1.346721044495718e-07 -1.7877935442059615e-08 -3.4337285339670845e-06 -0.0002070248627600179 -0.0012314957346282636 -0.00099304585269475521 -2.120267295226297e-08 2.5263382899114004e-06 0.00051900483997036984 -1.3926577026101243e-06 -2.2373550649561068e-05 3.2985864852699071e-06 0.0024836366523298919 6.0209332768257888e-06 2.4788450122363425e-05 7.0187005885320555e-06 -7.7133261981751866e-06 0.00017259699120128244 0.00013593386804995321 -2.8562857298611153e-07 3.2995485632446676e-06 -1.5273504226170893e-06 1.1195407356051745e-07 -2.4946719653832276e-06 -0.00039985585386303666 7.1940476955017416e-06 -0.00011684951251826502 2.078099628680541e-06 0.0016694628802905182 1.1692098946018201e-08 -3.3676039839417424e-05 -4.0953849680532948e-06 0.00071677817511622811 -0.0023895826119813765 -0.00045892300350419777 -5.5840440742760944e-06 -0.00091336673552458968 0.00036473418277915739 7.117137797252491e-06 4.9869392315976734e-06 -3.2888142931417622e-06 0.00051271633459456427 2.6573018933623269e-05 -0.00058913933520245425 0.0028181586355499172 0.0012624667396347641 -0.0018976391123183775
leaf_weight=22 20 20 26 26 20 23 27 20 24 22 21 32 22 21 27 22 21 32 23 25 21 21 25 36 22 25 26 20 21 39 35 21 30 20 21 29 23 32 23 20 38 23 21 36 21 38 26 21 39 22 31 20 22
leaf_count=22 20 20 26 26 20 23 27 20 24 22 21 32 22 21 27 22 21 32 23 25 21 21 25 36 22 25 26 20 21 39 35 21 30 20 21 29 23 32 23 20 38 23 21 36 21 38 26 21 39 22 31 20 22
internal_value=5.8651e-05 0.000417096 -0.000826972 -0.00279412 1.98675e-05 -0.00108696 0.000319865 0.000665914 0.000815603 0.00034202 -0.000695364 -0.000415385 0.000618375 0.00158537 9.61538e-05 0.00153061 0.0003125 -0.000125 0.00180556 0.00106299 -1.91571e-05 -0.00025 0.00152174 0.00208861 -0.000670103 -0.000988372 0.000289855 -0.000283019 -0.00182927 0.000692308 -0.00118182 -0.00177966 -0.000490196 -0.000229358 0.000652174 0.00206897 -0.000625 -0.00203125 0.000813953 -0.00175 -0.00230159 -0.00276119 -0.00181818 0.00286517 0.00151163 0.0029661 -0.00244681 0.00270115 0.00212121 -0.000416667 0.00350746 0.00337209 -0.00452381
internal_weight=1364 971 393 68 755 161 594 443 423 307 151 325 283 123 104 49 64 160 216 127 261 240 46 79 194 172 138 106 41 65 55 118 51 109 69 116 48 64 43 40 63 67 44 89 43 59 47 87 66 48 67 43 42
internal_count=1364 971 393 68 755 161 594 443 423 307 151 325 283 123 104 49 64 160 216 127 261 240 46 79 194 172 138 106 41 65 55 118 51 109 69 116 48 64 43 40 63 67 44 89 43 59 47 87 66 48 67 43 42
is_linear=0
shrinkage=0.005


Tree=10
num_leaves=53
num_cat=0
split_feature=95 68 23 74 23 90 88 68 62 93 20 93 74 37 68 20 62 0 98 3 40 93 23 30 24 29 65 3 22 65 22 98 36 74 20 66 30 37 23 74 22 77 77 43 74 40 90 40 24 7 7 30
split_gain=14.2053 15.8483 13.6839 13.3313 11.5633 11.32 11.186 10.1481 9.60376 9.27385 9.03699 11.8708 11.6431 9.6256 8.93311 11.1231 16.5431 8.83852 8.79638 8.46958 8.42677 8.08573 7.36087 8.467 7.06207 7.04117 8.2881 6.93794 6.50598 6.17886 6.79365 9.26107 6.87942 6.56859 6.52371 5.92821 5.34689 7.01514 5.25216 4.84848 4.74113 4.17186 6.46359 4.14351 4.45455 3.86608 3.07861 5.18652 2.99688 1.81818 1.6 1.1983
threshold=1.0000000180025095e-35 1502.0000000000002 55.250000000000007 1227.0582500000003 2.7500000000000004 1471.4500500000006 3977.4966666666674 951.00000000000011 1269.8010000000002 402.57657142857153 2058.5500000000006 418.67311522048368 1435.1179270833338 99.250000000000014 910.25000000000011 874.50000000000011 1175.6580000000001 30654.250000000004 0.54513888888888895 12284.950000000003 107.75000000000001 415.47881578947374 41.250000000000007 42.750000000000007 8.3250000000000028 87.750000000000014 29432.500000000004 13349.573500000002 91.250000000000014 28061.600000000002 85.750000000000014 0.11458333333333334 84.750000000000014 429.01675000000006 1231.4000000000003 1148.2645000000002 71.250000000000014 93.750000000000014 99.750000000000014 873.59410416666685 84.750000000000014 3674.1724491305868 4226.9082860600438 77.604999542236342 769.01270833333342 72.250000000000014 1396.9462500000004 112.25000000000001 10.925000000000002 32.685000000000009 1396.7450000000001 86.250000000000014
decision_type=2 2 2 2 2 2 2 2 2 2 2 2 2 2 2 2 2 2 2 2 2 2 2 2 2 2 2 2 2 2 2 2 2 2 2 2 2 2 2 2 2 2 2 2 2 2 2 2 2 2 2 2
left_child=1 2 4 20 -1 24 8 45 28 -9 12 -12 13 17 19 16 46 -11 -13 35 41 -5 -14 -24 -6 26 -25 -17 -4 -21 31 -31 -32 34 -34 36 -8 -38 -35 -22 -15 -3 -43 44 -29 -2 -16 -48 -27 -19 -40 -7
right_child=7 3 6 21 5 51 14 9 -10 10 11 18 22 40 15 27 -18 49 -20 29 39 -23 23 25 -26 48 -28 43 -30 30 32 -33 33 38 -36 -37 37 -39 50 -41 -42 42 -44 -45 -46 -47 47 -49 -50 -51 -52 -53
leaf_value=-9.5320742615976744e-06 0.00046128200782282521 -0.0016128063677569855 -1.8227029407590504e-06 -2.7950105328046915e-05 -9.717648958742381e-06 0.00017557998783925962 0.00076831636831464149 -0.00010038832551134831 0.00064479912613972295 1.1359772438322524e-05 -2.6026069167406405e-06 -9.2986196362227526e-07 1.2684107139965639e-06 -1.9110862760596718e-06 -0.002130043642520861 -0.00021099623135257568 6.4581264582769367e-06 6.9836644884334832e-06 1.0546647258191036e-06 0.00055483153316481263 6.6165778143183587e-06 2.5039800259502032e-06 -1.0768202610717673e-06 1.2730355485459184e-08 0.0006566838141588363 6.8045320402604336e-08 -5.6404994585737928e-07 0.00024162558002438755 4.9393045458203075e-06 2.3462567450151606e-06 0.00043199349982983403 -0.00050518449205953287 8.594363258393405e-06 0.0003208178944242277 -0.00032772073944641386 -1.3558349887068675e-05 -0.0029102079251454617 3.4633596098330849e-06 -4.7969493267533631e-06 -0.00042955503457911787 2.1240125074701525e-06 -0.00041296144554698211 -0.00084358432007788377 -0.00075131631643911582 3.8989402679715705e-07 0.0023449790001533331 -0.0017459105227271962 -0.00029189824496027457 3.9288124415995207e-06 0.00038190155975046465 8.3616564567159041e-06 0.0014757817387856995
leaf_weight=29 23 27 29 37 29 25 21 24 24 25 37 26 25 22 35 24 27 36 25 33 24 20 22 28 20 22 20 22 20 23 23 20 21 31 22 24 27 32 20 20 20 30 29 35 22 38 21 23 21 30 20 22
leaf_count=29 23 27 29 37 29 25 21 24 24 25 37 26 25 22 35 24 27 36 25 33 24 20 22 28 20 22 20 22 20 23 23 20 21 31 22 24 27 32 20 20 20 30 29 35 22 38 21 23 21 30 20 22
internal_value=7.74908e-05 -0.000279912 5.52486e-05 -0.00157754 0.00156 0.00239583 -0.000258765 0.000810811 0.00157534 0.000509138 0.000710306 -0.000681818 0.00116236 0.00221805 -0.000513308 -0.00131579 -0.00245283 0.00313187 0.000882353 1.57729e-05 -0.00246154 0.000438596 0.000144928 -0.00039823 0.000714286 0.000274725 -0.00104167 -0.000145631 0.000306122 0.000586854 0.000222222 -0.00151163 0.000766423 0.000263158 -0.00127907 -0.00115385 -0.0005 -0.00127119 0.00119718 -0.000681818 0.000238095 -0.00337209 -0.00262712 0.00056962 0.00159091 0.00270492 -0.00360759 -0.00272727 0.00174419 0.00409091 0 0.00414894
internal_weight=1355 911 724 187 125 96 599 444 73 383 359 88 271 133 526 209 106 91 51 317 130 57 138 113 49 91 48 103 49 213 180 43 137 114 43 104 80 59 71 44 42 86 59 79 44 61 79 44 43 66 40 47
internal_count=1355 911 724 187 125 96 599 444 73 383 359 88 271 133 526 209 106 91 51 317 130 57 138 113 49 91 48 103 49 213 180 43 137 114 43 104 80 59 71 44 42 86 59 79 44 61 79 44 43 66 40 47
is_linear=0
shrinkage=0.005


Tree=11
num_leaves=53
num_cat=0
split_feature=8 23 79 72 66 88 83 83 83 61 34 79 10 82 26 64 23 26 26 82 82 1 69 71 17 69 39 20 28 24 83 34 79 5 22 45 22 22 10 33 26 39 20 22 84 33 83 98 64 8 1 8
split_gain=13.5423 9.15596 11.9326 10.6604 15.3141 10.51 9.41315 8.8503 8.56458 7.95476 7.82071 8.21822 9.52911 7.76903 8.78738 7.72751 7.37282 6.42674 8.96359 7.45443 8.28952 8.94857 6.39067 6.3873 8.80615 6.67605 6.28375 6.05378 5.84372 6.39205 5.80993 5.59752 9.98442 5.44324 9.38044 5.37467 5.94747 5.0512 4.99354 4.92133 4.69866 3.62884 3.41759 3.36572 3.57715 3.3 3.24 2.76073 5.0694 2.61905 1.718 1.63902
threshold=392.9500000000001 98.250000000000014 666.15394677185134 941.33350000000007 1295.3840000000002 7019.2822916666673 2620.7499999999968 220.20000000000076 2272.200000000003 30285.000000000004 109.25000000000001 280.3864438660346 43039.150000000009 280.10000000000002 54.750000000000007 1275.5000000000002 1.2500000000000002 83.250000000000014 12.250000000000002 508.90000000000003 1387.3000000000002 13457.100000000002 31171.750000000004 1150.2500000000002 136.85000000000002 30927.600000000002 189.25000000000003 870.40000000000009 27.575000000000006 5.8250000000000011 1911.399999999998 58.250000000000007 242.46135023961745 4769.4850000000006 90.250000000000014 25377.500000000004 89.750000000000014 90.750000000000014 30168.850000000002 31.750000000000004 50.250000000000007 168.75000000000003 2162.9000000000001 89.750000000000014 743.40869791666671 52.750000000000007 2177.349999999999 0.079861111111111119 552.99400000000014 414.79644736842107 15033.650000000001 415.85802275960174
decision_type=2 2 2 2 2 2 2 2 2 2 2 2 2 2 2 2 2 2 2 2 2 2 2 2 2 2 2 2 2 2 2 2 2 2 2 2 2 2 2 2 2 2 2 2 2 2 2 2 2 2 2 2
left_child=-1 3 6 10 9 8 7 -3 13 26 11 -2 16 45 42 49 -13 18 19 23 21 -21 -8 24 27 37 -5 -9 -20 -30 -26 -27 -33 51 41 36 -24 39 -36 -25 -31 -35 -15 50 -45 -6 -7 -43 -49 -11 -4 -18
right_child=1 2 43 4 5 46 22 17 -10 15 -12 12 -14 14 -16 -17 33 -19 28 20 -22 -23 35 25 30 31 -28 -29 29 40 -32 32 -34 34 38 -37 -38 -39 -40 -41 -42 47 -44 44 -46 -47 -48 48 -50 -51 -52 -53
leaf_value=-0.0017500610726880123 -1.0694056463354369e-05 -0.00011043466301766905 -0.00072665849446125659 -0.00027948867215663725 1.0243920128688135e-05 6.8281589078374846e-07 0.00017937012552100457 -8.0756976843655915e-05 -1.4278105958104402e-07 -0.0010810746970896764 -6.9841756250270135e-06 -3.9848533028722525e-06 -0.00053347378150650634 -1.217370252377221e-05 2.1385129385925657e-06 -7.5790757897923683e-07 0.0017627744457350037 4.5344601337125885e-05 -0.00090188286170161057 9.6524633167320667e-06 -2.799304238882997e-07 3.6367383291275718e-05 -0.0039235934003049476 0.00027661805016036063 0.00021340939416979128 -1.1757759682211341e-06 9.0510618537002083e-06 -0.0017028463185591286 -4.0456564427639203e-05 -3.8212250917987087e-07 -2.3499637425743137e-06 -1.5184736589403668e-06 3.9091683793915227e-06 0.00041378605806667481 0.00022314518687786272 -0.00013796334479247664 -4.4812395566083953e-06 0.0010797836358378196 -1.188090101720427e-05 -3.0524068475771373e-05 5.7633537947568625e-06 0.0013415262855161064 9.3374907118419449e-08 1.3647633809691628e-06 -7.9926759585591925e-06 6.9174478211680998e-07 0.00013340125488935564 6.8788230170091285e-06 0.002296931399391031 -0.00076912725045611948 -1.5674698202370342e-05 1.7680166073166033e-05
leaf_weight=38 26 20 20 33 20 20 26 35 31 22 23 21 20 23 20 37 21 38 38 21 34 29 23 23 20 29 26 32 20 23 27 20 35 37 20 34 22 32 27 20 21 28 20 20 23 24 25 22 25 20 21 20
leaf_count=38 26 20 20 33 20 20 26 35 31 22 23 21 20 23 20 37 21 38 38 21 34 29 23 23 20 29 26 32 20 23 27 20 35 37 20 34 22 32 27 20 21 28 20 20 23 24 25 22 25 20 21 20
internal_value=4.79705e-05 0.000132878 -0.000254958 0.000581015 -4.6729e-05 0.000901639 -1.60772e-05 0.000261122 0.000217391 -0.00130435 0.00127586 0.00151685 0.00180498 0.00088785 -0.000238095 -0.00234177 0.00210407 0.000392354 0.000228758 0.000602241 0.00190476 0.0032 -0.00138095 0.000201465 -0.000701754 0.000849057 8.47458e-05 -0.00186567 -0.00107843 -0.00015625 0.000957447 -0.000119048 0.000818182 0.0024 0.00198113 -0.00208861 -0.00322222 0.00193333 0.000106383 0.000813953 0.000909091 0.00276786 -0.00151163 -0.00202381 -0.00104651 0.0025 0.003 0.0034 0.00265957 -0.00380952 -0.00304878 0.00402439
internal_weight=1355 1317 706 611 321 183 622 517 138 138 290 267 241 107 63 79 221 497 459 357 84 50 105 273 114 159 59 67 102 64 47 84 55 200 159 79 45 75 47 43 44 112 43 84 43 44 45 75 47 42 41 41
internal_count=1355 1317 706 611 321 183 622 517 138 138 290 267 241 107 63 79 221 497 459 357 84 50 105 273 114 159 59 67 102 64 47 84 55 200 159 79 45 75 47 43 44 112 43 84 43 44 45 75 47 42 41 41
is_linear=0
shrinkage=0.005


Tree=12
num_leaves=50
num_cat=0
split_feature=96 72 68 64 30 3 35 64 3 65 6 30 58 64 41 61 40 35 6 43 4 35 4 65 65 30 44 75 72 68 67 16 26 64 17 23 100 11 16 30 45 45 86 65 19 68 6 67 1
split_gain=12.7241 20.5163 14.7238 12.6161 12.0569 11.563 10.788 9.22126 10.6188 9.16358 8.91993 8.43029 9.51938 9.17845 8.13545 7.47417 7.35968 9.07843 8.89208 7.52143 7.35797 6.96912 6.88691 10.8272 6.99946 14.7574 8.72837 8.64728 6.77125 5.8896 5.69555 5.69359 4.88498 4.57477 4.38531 4.32213 4.09697 6.4 4.06196 5.48769 8.17575 4.90091 4.00346 3.77341 3.55926 3.17979 3.02796 2.6225 1.71429
threshold=1.0000000180025095e-35 0.94950000000000012 910.25000000000011 1096.3905000000002 25.250000000000004 14880.328000000003 23.425000000000004 1.1890000000000003 13628.350000000002 28842.350000000002 12141.170000000002 93.750000000000014 1.0000000180025095e-35 711.05000000000007 96.250000000000014 31851.950000000001 34.750000000000007 27.175000000000004 9845.7000000000025 86.779998779296889 2530.7750000000005 27.025000000000002 4208.5550000000012 30799.200000000004 30362.750000000004 87.250000000000014 3.0824999809265141 247.12650344744222 919.17300000000012 1503.4000000000003 32978.950000000004 5647.5500000000002 92.750000000000014 0.75000000000000011 137.95000000000002 70.750000000000014 0.059027777777777783 35448.100000000006 6554.6500000000005 81.750000000000014 23078.500000000004 23021.000000000004 955.22150000000011 27376.900000000005 550.20000000000016 1509.9500000000003 3338.6300000000006 28287.950000000004 15472.200000000003
decision_type=2 2 2 2 2 2 2 2 2 2 2 2 2 2 2 2 2 2 2 2 2 2 2 2 2 2 2 2 2 2 2 2 2 2 2 2 2 2 2 2 2 2 2 2 2 2 2 2 2
left_child=2 10 11 4 -4 21 45 28 35 20 16 14 13 -13 30 -11 -2 18 33 34 -8 31 24 -24 25 -17 46 -28 -6 -30 47 44 -20 -18 -19 -9 37 -10 39 40 -22 -41 -25 -43 -3 -5 -26 -1 -38
right_child=1 5 3 6 7 -7 9 8 36 15 -12 12 -14 -15 -16 22 17 19 32 -21 38 -23 23 42 26 -27 27 -29 29 -31 -32 -33 -34 -35 -36 -37 48 -39 -40 41 -42 43 -44 -45 -46 -47 -48 -49 -50
leaf_value=0.0023488810338741406 0.0016581687356595359 -0.015748272649592849 2.2437997552030392e-05 -8.9690376427396978e-07 -0.00032125839268360936 3.9448640886971203e-06 -2.4250634463185666e-06 0.00021544440823328501 -0.0011845962547622801 -7.109164135674326e-06 -0.00052305339183542857 -3.2413216535162921e-07 -2.4895610969011838e-05 0.0027878750614495642 -4.8399285578536569e-06 2.4898677634361798e-06 -0.0014085915612696473 1.2017538621357495e-05 -2.5692019167798061e-06 -1.0235905386419267e-06 -0.00011349366019490751 -0.028523957938424598 3.264444736169657e-07 -0.00031910994580008803 1.2511093000668326e-06 -1.2807687231451345e-06 -4.009996706138923e-06 3.2850620820183299e-05 1.1437042635935209e-05 -6.4149321550584416e-05 0.00021214781102529736 -3.1923204569890681e-06 3.7518493392752304e-06 -5.5949317818160946e-06 4.350569339942088e-06 -0.00047595335305748769 -0.00183949114930235 -3.0491561538540706e-05 0.00032214391199696438 0.00060702655150407308 2.7153764676894117e-06 5.2724048600386185e-07 -8.0028663520461743e-07 0.00013273424861490887 -0.00036781350128063515 -2.3622317670400995e-06 0.00015256070428363428 0.0022513305389588183 -0.00038149427824504643
leaf_weight=20 25 24 21 21 32 21 31 24 20 35 23 38 34 35 20 27 21 23 24 28 27 35 34 22 24 20 32 34 21 32 33 39 23 36 29 22 27 20 24 25 31 27 20 31 30 20 31 38 21
leaf_count=20 25 24 21 21 32 21 31 24 20 35 23 38 34 35 20 27 21 23 24 28 27 35 34 22 24 20 32 34 21 32 33 39 23 36 29 22 27 20 24 25 31 27 20 31 30 20 31 38 21
internal_value=-2.58303e-05 -0.000800525 0.000277207 -5.29101e-05 -0.001 -0.00224832 0.000387597 -0.00134703 -0.00216418 0.0006 0.00012931 0.00142202 0.000420561 0.00143836 0.00238739 1.79211e-05 0.000454545 0.000108696 -0.000865385 0.001375 0.00142857 -0.0028125 0.000327869 -0.000921053 0.000892857 -0.000744681 0.00152893 0.00030303 -5.88235e-05 0.00103774 0.00302198 -0.00209677 0.000744681 -0.00219298 0.0025 -0.000217391 -0.00318182 -0.002 0.00184848 0.00152482 0.000344828 0.0023494 -0.00261905 0.00155172 -0.00314815 -0.00207317 0.003 0.00396552 -0.00416667
internal_weight=1355 381 974 756 240 149 516 219 134 475 232 218 107 73 111 279 209 184 104 80 196 128 244 76 168 47 121 66 85 53 91 93 47 57 52 46 88 40 165 141 58 83 42 58 54 41 55 58 48
internal_count=1355 381 974 756 240 149 516 219 134 475 232 218 107 73 111 279 209 184 104 80 196 128 244 76 168 47 121 66 85 53 91 93 47 57 52 46 88 40 165 141 58 83 42 58 54 41 55 58 48
is_linear=0
shrinkage=0.005


Tree=13
num_leaves=53
num_cat=0
split_feature=23 64 35 11 63 88 19 89 11 81 77 73 3 24 26 17 17 77 40 24 5 16 34 81 89 23 13 29 29 16 46 16 35 29 64 21 26 77 27 34 24 46 88 11 44 35 27 5 3 3 3 38
split_gain=15.2431 9.87883 13.429 10.6797 10.4205 9.38566 8.68003 8.57501 7.67593 8.08665 7.53124 9.04445 7.16837 8.63269 6.9568 10.2484 6.72004 7.1302 6.61143 8.04619 6.586 8.64005 6.89796 6.5678 6.48781 5.95178 5.88871 8.04088 6.58503 5.32504 5.9864 5.52539 5.15454 5.14898 5.48627 4.89919 4.84945 4.49766 4.40493 8.79881 5.69861 9.3936 6.09524 3.76573 3.73333 3.42857 3.23438 2.08333 1.94444 1.73077 1.718 1.58169
threshold=59.250000000000007 1156.8100000000002 27.525000000000002 36003.100000000006 22143.150000000005 5052.1950000000006 550.20000000000016 1118.4856312500001 41672.650000000009 4459.5543807085496 4575.0344470144519 1233.3210000000001 15598.6 6.9750000000000005 18.250000000000004 47.95000000000001 45.300000000000004 4101.6899105505945 53.750000000000007 4.6750000000000016 8845.1450000000023 6182.9500000000007 69.250000000000014 4346.4693893943522 817.42220625000016 3.7500000000000004 3245.2000000000003 87.750000000000014 90.250000000000014 5940.1500000000005 102.5550003051758 5437.2000000000007 26.875000000000004 88.250000000000014 1012.2905000000002 27.625000000000004 32.750000000000007 4697.5407159007236 68.750000000000014 74.250000000000014 7.7250000000000005 103.9300003051758 4886.2475000000013 36838.850000000006 2.307999968528748 26.075000000000006 91.250000000000014 6035.0400000000009 14403.85 13628.350000000002 13742.350000000002 7.3250000000000011
decision_type=2 2 2 2 2 2 2 2 2 2 2 2 2 2 2 2 2 2 2 2 2 2 2 2 2 2 2 2 2 2 2 2 2 2 2 2 2 2 2 2 2 2 2 2 2 2 2 2 2 2 2 2
left_child=5 2 4 -4 -2 25 7 47 9 23 11 18 -5 -14 50 -16 17 -8 43 -20 21 51 -22 33 -12 -1 28 48 44 31 32 -24 -31 34 35 -7 -27 -26 39 40 -21 42 -42 -3 -13 -30 -40 -6 -28 -36 -9 -18
right_child=1 10 3 12 6 8 16 14 -10 -11 24 26 13 -15 15 -17 20 -19 19 38 22 -23 29 -25 37 36 27 -29 45 30 -32 -33 -34 -35 49 -37 -38 -39 46 -41 41 -43 -44 -45 -46 -47 -48 -49 -50 -51 -52 -53
leaf_value=-0.00024288980229928217 0.00063269258040161926 0.00039615375613331883 -0.00027527845741217222 0.00021874874983571471 -0.00075589710644176713 1.6382831190430239e-06 0.0012627878852159318 -0.0029308750064350481 -9.8525948682449733e-07 0.001222658026810112 -0.00020984617862546186 -3.9179495064806835e-07 -0.00012899594698776996 5.2748147962904414e-06 2.4085209511056572e-05 -0.00075594294548084087 -0.00014963774071670807 -3.827631586133165e-06 -2.6009976284347516e-06 0.00034240137325066501 2.1189369064797793e-05 -6.0637559397807999e-06 -1.1874919506930888e-05 -7.6360110315394339e-06 -5.1370504098020872e-05 0.00028123945247069743 2.7750373965427222e-06 4.3532898952482456e-06 -4.5393160002199172e-06 -0.00034963721010479248 -0.0034295152813360865 7.6161501759210054e-06 0.00033029436159807442 -3.2519107021867015e-08 0.00014747160368956872 1.7260878448769164e-05 -1.8026504227595613e-08 3.6597220208544302e-06 0.0015105811980812157 -4.3343553039802947e-06 -0.00016262655398079711 0.00022145705618806263 0.00033765923667003435 0.00034969748142689016 4.3842470469047081e-07 -1.5780474701463076e-06 0.0001517979007622161 -0.0026059277608583013 -7.3236578537329954e-07 0.00030503655666504144 -0.00080440670919447509 -0.0047815815251603336
leaf_weight=38 22 22 39 34 24 30 31 21 34 20 21 21 20 32 36 32 22 30 21 22 21 32 23 22 20 21 24 28 21 22 32 28 21 21 20 32 33 26 20 28 21 23 21 25 35 21 21 24 21 32 20 24
leaf_count=38 22 22 39 34 24 30 31 21 34 20 21 21 20 32 36 32 22 30 21 22 21 32 23 22 20 21 24 28 21 22 32 28 21 21 20 32 33 26 20 28 21 23 21 25 35 21 21 24 21 32 20 24
internal_value=1.84502e-05 -0.00026616 -0.000694915 0.00076 -0.00108602 0.0010066 -0.00125282 -0.00219745 0.00158768 0.00200565 0.000281385 0.000544304 0.00174419 0.000576923 -0.00142202 -0.000441176 -0.000734266 0.000737705 0.00120536 0.000762712 -0.00113333 -0.00230769 -0.000510204 0.0016242 -0.00126866 -0.000326087 -0.000321637 0.000753425 -0.00112245 -0.000952381 -0.0018 0.000294118 -0.000581395 0.00203704 0.00245614 0.00145161 0.000740741 -0.000217391 0.00115385 0.000652174 0.00143678 0.000692308 -0.000714286 0.00287234 0 -0.00261905 0.00256098 -0.00395833 -0.000555556 0.00365385 -0.00304878 -0.00369565
internal_weight=1355 1052 590 125 465 303 443 157 211 177 462 395 86 52 109 68 286 61 224 177 225 78 147 157 67 92 171 73 98 126 75 51 43 135 114 62 54 46 156 115 87 65 42 47 56 42 41 48 45 52 41 46
internal_count=1355 1052 590 125 465 303 443 157 211 177 462 395 86 52 109 68 286 61 224 177 225 78 147 157 67 92 171 73 98 126 75 51 43 135 114 62 54 46 156 115 87 65 42 47 56 42 41 48 45 52 41 46
is_linear=0
shrinkage=0.005


Tree=14
num_leaves=50
num_cat=0
split_feature=68 62 56 11 0 74 37 78 70 37 94 5 45 81 79 0 8 81 19 6 5 13 14 78 44 3 31 77 44 13 79 29 11 11 70 29 0 44 13 16 62 31 5 63 14 29 63 77 2
split_gain=24.438 13.6777 9.78386 7.88418 11.3371 12.9829 7.61278 7.46517 11.0039 6.72568 6.93245 7.52788 6.54267 6.45089 7.25734 13.0847 7.7233 7.20867 7.16834 6.64314 7.76152 6.01304 8.6861 6.32157 8.14898 8.00333 5.60567 6.6969 7.84235 6.25 5.63003 5.35527 5.32642 11.4863 5.6 5.17902 5.2492 4.95238 4.93759 4.81333 4.3559 3.85333 3.44672 5.42593 3.13174 2.77688 2.43632 2.26286 1.83203
threshold=910.25000000000011 1103.7500000000002 1.0000000180025095e-35 37038.150000000009 30086.100000000002 1019.5421458333335 6.2500000000000009 1395.8656180555556 1502.0000000000002 99.250000000000014 636736.76786187512 5482.1650000000009 24567.500000000004 3855.2648366648177 244.02565875923833 35318.650000000009 416.47193812233292 4096.6161616060772 372.25000000000006 5719.5350000000008 4368.1050000000005 1066.1000000000001 12319.100000000002 834.68347569444461 4.1389999389648446 12628.140000000001 3.6750000000000003 3974.3217428056455 3.3355000019073491 12403.550000000001 564.02824773877865 82.750000000000014 37060.55000000001 38205.000000000007 1682.5500000000002 91.250000000000014 33368.80000000001 3.6944999694824223 4346.3000000000002 6514.6500000000005 1420.7645000000002 9.4250000000000025 8995.4100000000017 32859.650000000001 17656.200000000001 84.750000000000014 31070.350000000002 3766.3513455451694 2658.1000000000004
decision_type=2 2 2 2 2 2 2 2 2 2 2 2 2 2 2 2 2 2 2 2 2 2 2 2 2 2 2 2 2 2 2 2 2 2 2 2 2 2 2 2 2 2 2 2 2 2 2 2 2
left_child=7 2 3 4 41 -6 -3 8 21 10 11 -4 -5 19 16 18 17 -15 -16 20 40 -1 48 24 26 -25 29 28 30 -24 -28 -20 37 38 35 36 -35 -33 -34 -14 -8 -2 -29 -44 -27 -26 -19 -11 -23
right_child=1 6 9 12 5 -7 13 -9 -10 47 -12 -13 39 14 15 -17 -18 46 31 -21 -22 22 23 25 45 44 27 42 -30 -31 -32 32 33 34 -36 -37 -38 -39 -40 -41 -42 -43 43 -45 -46 -47 -48 -49 -50
leaf_value=-2.9460155378807522e-06 -0.0019964308340822872 2.6544658200807732e-05 -0.00034067696714492848 0.00034972014342309402 2.1533031781064317e-05 -0.00075211762090955842 1.3257185477859551e-05 -1.8821833632917432e-05 0.0024832746859255218 -0.0020440969024083846 -0.00088833015655838041 0.0002377855032552884 -6.9841004815484082e-06 -7.2364093013065119e-09 2.1719609793535568e-06 9.6291662552915218e-05 2.6487386131352903e-07 -3.848326174262257e-06 4.6186441232855593e-07 -7.4255752318190643e-07 7.019164493012274e-05 0.00023825543544045004 6.5753377521223424e-07 -2.1173610511789613e-05 0.00081483676682902019 -3.7465609999828693e-05 0.00089717346608706252 0.00011384307952565932 -0.00051868993882572747 -0.0010311209581057451 -4.5053628784370515e-06 -5.5282145921529952e-07 1.9502765686924238e-05 -7.8621710159972249e-06 -3.7445059640181684e-06 1.1195825398061042e-06 -7.008771702052397e-07 -0.0017580255798718741 -5.8280441348719352e-07 6.6965407532652366e-06 -2.8782966620787328e-07 -0.00038220152057786514 -4.3299309302411291e-06 1.2606958460274307e-05 0.00036806771689412357 0.00037345761973850162 -1.9717438699544862e-06 -0.0015805251277176801 8.210040746474587e-06
leaf_weight=26 30 28 26 26 36 26 21 25 33 22 38 28 30 24 24 38 27 22 39 35 33 20 32 27 28 25 38 24 25 32 33 24 27 23 20 26 21 28 20 20 31 20 22 35 23 23 21 28 22
leaf_count=26 30 28 26 26 36 26 21 25 33 22 38 28 30 24 24 38 27 22 39 35 33 20 32 27 28 25 38 24 25 32 33 24 27 23 20 26 21 28 20 20 31 20 22 35 23 23 21 28 22
internal_value=-2.58303e-05 -0.000533643 -0.00133333 -0.000585106 -0.00142857 0 -3.7594e-05 0.000862069 0.00100427 -0.00232394 -0.00152174 -0.00037037 0.000657895 -0.000178571 -0.000494792 -0.000103448 -0.00170213 -0.00261194 -0.000515873 0.000833333 0.00158824 0.000793103 0.00094132 0.000694823 0.0010274 -0.0006 0.000643154 0.00110169 0.000208333 -0.000625 0.00105634 -0.000789474 -0.00113757 -0.000620438 -0.00166667 -0.001 -0.00204545 -0.0025 0.00138298 -0.0004 0.000384615 -0.0032 0.00216049 0.00149123 0.000625 0.00284314 -0.00383721 -0.0038 0.00309524
internal_weight=1355 862 330 188 112 62 532 493 468 142 92 54 76 504 384 290 94 67 252 120 85 435 409 367 292 75 241 177 96 64 71 228 189 137 90 70 44 52 47 50 52 50 81 57 48 51 43 50 42
internal_count=1355 862 330 188 112 62 532 493 468 142 92 54 76 504 384 290 94 67 252 120 85 435 409 367 292 75 241 177 96 64 71 228 189 137 90 70 44 52 47 50 52 50 81 57 48 51 43 50 42
is_linear=0
shrinkage=0.005


Tree=15
num_leaves=56
num_cat=0
split_feature=68 34 70 56 95 87 64 26 90 20 5 95 44 26 36 44 90 17 25 36 39 33 91 10 37 45 1 65 61 20 14 5 87 82 2 14 33 17 34 2 5 91 63 39 14 74 17 24 90 24 74 61 33 25 1
split_gain=16.0225 19.2096 11.9073 10.8272 9.84323 11.664 10.7795 9.53291 9.50398 9.30099 8.58457 8.00953 7.84171 6.88411 6.88251 6.6691 6.43671 6.10374 5.62449 5.57817 11.28 10.6379 8.15771 8.80673 6.79233 5.46067 7.2579 6.85292 8.32312 8.60444 5.68848 5.64703 5.14259 5.80696 5.75267 5.10488 6.12245 5.07211 6.14227 5.06972 6.95161 7.75785 7.45568 6.03068 4.44615 4.18147 3.61797 3.6 3.02219 2.89063 2.70941 2.61905 2.56 2.5 0.921951
threshold=1375.6500000000003 71.750000000000014 1601.7 -0.60785761079279388 1.0000000180025095e-35 0.11458333333333336 1244.3500000000001 54.750000000000007 689.16015000000027 1844.6000000000001 2883.6250000000005 1.0000000180025095e-35 4.9820001125335702 2.7500000000000004 91.250000000000014 2.558499932289124 2353.0783500000002 122.55000000000003 41.750000000000007 84.250000000000014 226.75000000000003 125.00000000000001 34108.713893750006 41732.350000000013 99.750000000000014 22682.500000000004 15341.700000000003 26265.250000000004 30826.550000000003 1454.1500000000003 20550.650000000005 5848.2850000000008 0.65625000000000011 1.0365000000000466 2618.6500000000005 13642.450000000003 16.750000000000004 237.60000000000005 74.250000000000014 3321.3500000000004 7152.6950000000006 29083.456137500001 31127.600000000002 194.75000000000003 12395.700000000003 1037.5649270833335 45.300000000000004 10.825000000000001 1533.5365500000005 8.8250000000000028 413.99453125000008 32352.100000000002 149.75000000000003 90.250000000000014 16574.421500000004
decision_type=2 2 2 2 2 2 2 2 2 2 2 2 2 2 2 2 2 2 2 2 2 2 2 2 2 2 2 2 2 2 2 2 2 2 2 2 2 2 2 2 2 2 2 2 2 2 2 2 2 2 2 2 2 2 2
left_child=1 10 8 -4 6 12 15 35 -3 45 -1 13 16 49 25 -2 17 46 -14 20 21 -15 23 39 -24 -12 27 31 -29 -30 48 -27 33 34 -17 -8 -37 38 -19 40 44 50 -43 -44 -21 -7 -6 -18 54 -10 -42 -51 -46 -35 -28
right_child=4 2 3 -5 5 9 7 -9 11 -11 14 -13 18 19 -16 32 47 37 -20 22 -22 -23 24 -25 -26 26 30 28 29 -31 -32 -33 -34 53 -36 36 -38 -39 -40 -41 41 42 43 -45 52 -47 -48 -49 -50 51 -52 -53 -54 -55 -56
leaf_value=-5.5616674466478179e-06 2.5836943544175631e-06 -2.975701371721321e-05 -2.1806597304511517e-07 0.0010949760594161626 -6.6816348401750797e-07 9.13976429431793e-06 -0.0010015158261954303 1.557256497817769e-06 -0.0024948528751457975 -1.0922993785350165e-06 0.001129803388692914 2.5946387481763511e-05 3.8823081588499885e-06 0.0002893048450044451 -0.00014686220935832713 -0.00081229675751626294 -1.5838367983016113e-06 2.2266839892389887e-06 -2.7968823368450552e-07 5.6346976146637609e-06 0.00040727733774879421 -1.129507371099118e-05 8.6878283482580079e-05 -0.0017735569097147962 -6.9411320935038446e-06 0.00087941620823968694 0.00067984918691711693 -4.6371053092712085e-05 -4.4621298712322425e-06 0.00097016515915883492 6.8344808111075125e-06 1.4100094831893293e-05 -0.017634995749226893 -0.0013236796263968499 5.2091739111886028e-06 -0.00080054127853390687 3.2561156801103063e-06 -1.620612815436126e-06 -1.8477729712608224e-07 -0.0031800644351953991 2.6040538627455187e-05 -0.0018528088657262163 -5.2261596520876076e-06 5.8835365121685485e-06 -0.001385925514964879 6.2647274814844632e-07 -2.3900346692887957e-06 -1.0062392468556674e-06 0.00029877154674606149 -0.0013391990023087796 0.00037159033163980908 6.1887363294236595e-07 -1.0105027271844909e-05 -0.0017466617192172262 0.0016364914510482993
leaf_weight=29 21 37 23 24 23 25 24 22 20 38 24 37 23 20 28 22 20 29 25 20 31 21 21 27 20 31 20 37 20 25 22 30 22 20 31 21 28 22 24 22 20 20 23 21 25 31 25 20 37 20 21 22 20 20 21
leaf_count=29 21 37 23 24 23 25 24 22 20 38 24 37 23 20 28 22 20 29 25 20 31 21 21 27 20 31 20 37 20 25 22 30 22 20 31 21 28 22 24 22 20 20 23 21 25 31 25 20 37 20 21 22 20 20 21
internal_value=3.63636e-06 0.000435042 -0.000165049 0.00223404 -0.000671642 -8.19672e-05 -0.00145022 -0.000157895 -0.000405983 0.00138298 0.00138889 -0.000197216 -0.000734597 -0.000406091 0.00164407 -0.00235294 -0.00125767 -0.000691057 0.00104167 -0.000120482 0.00111111 -0.000609756 -0.000461538 -0.000844749 0.00158537 0.00189139 0.00166667 0.000944056 0 0.00144444 0.0027 0.00221311 -0.00282609 -0.00231183 -0.00122642 -0.0010274 -0.000102041 0.0002 0.00103774 -0.00046875 -0.000176471 0.000619048 -0.00046875 0.000681818 -0.00146154 0.00267857 -0.00208333 -0.003 0.00333333 -0.00193548 0.00231707 -0.00119048 -0.00233333 -0.00375 0.00426829
internal_weight=1375 839 515 47 536 305 231 95 468 94 324 431 211 394 295 136 163 123 48 332 72 41 260 219 41 267 243 143 82 45 100 61 115 93 53 73 49 75 53 192 170 105 64 44 65 56 48 40 78 62 41 42 45 40 41
internal_count=1375 839 515 47 536 305 231 95 468 94 324 431 211 394 295 136 163 123 48 332 72 41 260 219 41 267 243 143 82 45 100 61 115 93 53 73 49 75 53 192 170 105 64 44 65 56 48 40 78 62 41 42 45 40 41
is_linear=0
shrinkage=0.005


Tree=16
num_leaves=53
num_cat=0
split_feature=72 63 1 70 1 17 91 43 91 97 8 76 39 24 29 75 75 13 46 82 17 77 13 90 90 77 83 40 85 72 60 91 43 42 25 98 73 91 72 42 72 24 29 13 26 91 31 93 22 63 82 10
split_gain=14.5004 12.6684 12.6918 18.1427 13.0059 11.0942 11.4727 10.1648 8.89549 8.68198 7.73819 9.4802 8.00333 7.76866 7.50605 7.17332 9.58405 7.07912 6.83041 9.39436 8.42311 7.72043 6.49351 6.35294 6.66197 6.19254 6.06012 7.83208 6.09524 6.05801 7.80722 5.96092 7.16367 5.9793 5.73404 7.5 11.4229 5.5873 7.21458 5.43903 5.38258 5.19302 7.09419 4.98655 6.61769 4.92513 4.88426 3.74195 3.22667 2.78017 2.94397 1.31688
threshold=1454.9000000000003 21742.050000000007 15294.550000000001 1064.0825000000002 15678.200000000003 53.250000000000007 32212.46236875001 68.02500152587892 31775.279225000009 0.093750000000000014 393.23111111111115 30995.109375 114.25000000000001 9.3250000000000011 86.750000000000014 611.22999338736463 665.16318737031077 2102.0000000000005 102.91500091552736 1482.0265000000002 237.60000000000005 2991.7035585358285 3599.2000000000003 850.58505000000025 2539.3378500000003 3437.7805464929329 2210.1500000000001 99.250000000000014 1584.4715000000003 951.00000000000011 1486.5455000000002 28678.133768750009 85.24499893188478 135.62500000000003 22.750000000000004 0.52430555555555569 1602.2500000000002 31280.434337500006 0.92450000000000021 113.47499847412111 1682.5500000000002 10.725000000000001 81.750000000000014 14698.500000000002 96.750000000000014 28850.118456250002 6.0750000000000011 415.39894736842109 87.750000000000014 30980.700000000004 740.70000000000016 31317.300000000003
decision_type=2 2 2 2 2 2 2 2 2 2 2 2 2 2 2 2 2 2 2 2 2 2 2 2 2 2 2 2 2 2 2 2 2 2 2 2 2 2 2 2 2 2 2 2 2 2 2 2 2 2 2 2
left_child=1 -1 10 4 39 48 14 -8 9 22 -3 12 13 -12 37 23 -17 -5 21 20 25 -11 -2 -13 26 -20 27 -25 -29 41 46 33 -33 -23 -27 -36 -37 38 45 -4 -10 42 -14 44 47 -7 -31 -9 -6 -19 -51 -35
right_child=8 2 3 17 5 6 7 43 40 18 11 15 29 -15 -16 16 -18 49 19 -21 -22 31 -24 24 -26 34 -28 28 -30 30 -32 32 -34 51 35 36 -38 -39 -40 -41 -42 -43 -44 -45 -46 -47 -48 -49 -50 50 -52 -53
leaf_value=0.0010564657413410915 -1.261351351777349e-06 -0.0023575966123602974 7.1950571521346532e-06 -4.6069168495920594e-07 0.0034507896671758143 -8.5269762951417196e-06 -0.00016248508442971471 1.2801720753114737e-05 -0.00071209515958320976 2.2156143198062415e-06 0.00054990199122518016 -8.8358100194582784e-05 -7.6095989044306216e-06 -0.0011457253135818829 -0.0040434532624716206 1.7407189888828966e-05 -0.00015689932940188771 0.00021518154249399913 -1.4626128934094293e-08 -1.7029010978776162e-06 -1.9221361184641776e-06 -4.9204191439231719e-06 -0.0011068126639376566 -3.4549016860176169e-05 -0.00066657875841981222 -9.1033306979687937e-07 7.0891354192598785e-06 -0.00022237045178918479 0.00098743994361699347 -0.00056704209769813194 0.0003499666185568384 -7.5388230378372567e-07 1.7684852692928842e-06 -0.0011182102827186952 4.0158100698185234e-05 -1.0970356237032463e-06 4.1495561607333572e-06 -2.2135679837796464e-05 -0.00088735459502698886 0.0034229829250952909 -4.3094741023423331e-07 0.0015520764447547347 0.00045855573405804062 0.0034586856260797332 -3.5726439601605137e-06 5.9602843448883859e-05 8.7376064011973543e-06 1.7438053040827874e-06 1.0764222583490411e-06 0.0013547168197512818 0.00048965754793935015 -2.1220325908300826e-06
leaf_weight=26 20 22 20 20 25 24 34 21 26 22 20 20 22 23 23 25 27 26 32 37 26 27 35 38 31 22 39 21 21 24 22 38 23 22 27 22 23 22 27 23 28 23 35 21 30 26 35 23 24 38 24 20
leaf_count=26 20 22 20 20 25 24 34 21 26 22 20 20 22 23 23 25 27 26 32 37 26 27 35 38 31 22 39 21 21 24 22 38 23 22 27 22 23 22 27 23 28 23 35 21 30 26 35 23 24 38 24 20
internal_value=4.72727e-05 0.000405405 0.000305895 0.000898004 0.000335277 -3.33333e-05 -0.000458167 0.000581395 -0.000688889 -0.000429293 -0.000290179 -0.000140845 0.000637255 -0.00127907 -0.00155738 -0.000855856 0.000769231 0.00268519 -0.000131965 0.000502646 0.00105263 -0.000921053 -0.00227273 -0.00135294 -0.001 0.0015873 -0.000462185 -0.00125 0.000238095 0.00114907 0.000185185 -0.00138462 -0.000245902 -0.0023913 0.00223404 0.00291667 0.00166667 -0.000959596 -0.000324675 0.00290698 -0.00259259 0.002125 0.00131579 0.00142105 0.000810811 0.0008 -0.000762712 0.00204545 0.00214286 0.00329545 0.00387097 -0.00357143
internal_weight=1375 925 899 451 343 300 251 129 450 396 448 426 204 43 122 222 52 108 341 189 152 152 55 170 150 126 119 80 42 161 81 130 61 69 94 72 45 99 77 43 54 80 57 95 74 50 59 44 49 88 62 42
internal_count=1375 925 899 451 343 300 251 129 450 396 448 426 204 43 122 222 52 108 341 189 152 152 55 170 150 126 119 80 42 161 81 130 61 69 94 72 45 99 77 43 54 80 57 95 74 50 59 44 49 88 62 42
is_linear=0
shrinkage=0.005


Tree=17
num_leaves=53
num_cat=0
split_feature=34 68 68 100 10 37 31 61 2 19 32 28 20 92 83 43 27 40 35 11 61 34 34 31 99 4 98 24 83 27 61 20 4 19 20 33 41 4 13 13 38 37 38 2 19 4 81 30 10 29 35 35
split_gain=12.3698 13.819 11.813 11.5182 11.0279 10.6959 9.84545 9.61001 9.60599 9.55878 8.18239 9.37824 9.57006 8.72467 9.69228 8.61583 7.46843 7.73694 8.17062 7.50649 7.52671 7.4133 7.96633 7.39847 8.49821 6.97285 6.82116 8.52045 8.46886 6.79758 8.04979 13.6914 8.23925 6.49067 9.96643 6.30087 5.78755 8.0638 6.79465 6.58112 5.52423 8.58598 5.44444 5.33474 5.00192 4.93445 4.42369 4.12208 4.004 3.84886 3.77912 3.76923
threshold=74.250000000000014 1.0410000000000001 1503.1500000000003 0.017361111111111115 39365.350000000013 23.250000000000004 5.1750000000000016 31900.000000000004 2377.7500000000005 2624.4000000000005 143.75000000000003 28.125000000000004 1527.5500000000002 24137.828506250007 2712.9999999999986 86.24499893188478 111.75000000000001 155.75000000000003 26.025000000000002 38695.700000000004 31642.000000000004 106.25000000000001 90.750000000000014 3.7750000000000004 0.76041666666666685 2771.2300000000005 0.13541666666666671 11.175000000000002 1759.6000000000006 37.750000000000007 29633.550000000007 874.50000000000011 3669.8650000000002 617.50000000000011 279.50000000000006 147.75000000000003 71.750000000000014 4042.3900000000008 4286.1500000000005 7159.4500000000016 7.7750000000000012 66.750000000000014 4.9250000000000016 3225.2000000000003 785.80000000000007 4737.2350000000015 3807.9880907416823 94.250000000000014 32625.550000000003 83.250000000000014 24.375000000000004 25.175000000000004
decision_type=2 2 2 2 2 2 2 2 2 2 2 2 2 2 2 2 2 2 2 2 2 2 2 2 2 2 2 2 2 2 2 2 2 2 2 2 2 2 2 2 2 2 2 2 2 2 2 2 2 2 2 2
left_child=2 16 3 7 23 -3 -6 46 -4 36 15 12 29 14 43 -7 17 18 -2 20 -20 22 -21 48 25 51 33 28 -28 -12 49 32 -32 34 -27 -15 37 40 -39 -38 41 -10 -34 -13 -22 -35 -1 -42 -5 -31 -43 -25
right_child=1 5 8 4 6 10 -8 -9 9 -11 11 13 -14 35 -16 -17 -18 -19 19 21 44 -23 -24 24 -26 26 27 -29 -30 30 31 -33 42 45 -36 -37 39 38 -40 -41 47 50 -44 -45 -46 -47 -48 -49 -50 -51 -52 -53
leaf_value=-2.1255124718044745e-05 7.8795982034157586e-05 8.1440046186318712e-06 -0.00060361468536720259 1.3317464448617757e-05 -0.0026087085984343172 -0.0023823584331986026 2.5746536229000504e-05 0.00075958693122973571 -5.9759994091950618e-05 -3.2145455716478379e-05 -6.0139376402614103e-05 -3.6157990800359848e-07 -0.00033693592351017671 -0.001721334195926703 -0.00049913383900845269 -6.2620482163629427e-07 0.00013294615129962295 0.0013280041347322616 -1.4227443540676461e-05 -1.4174666129119094e-05 0.00075841963068187085 -0.0034376578349414838 3.7961396541213413e-06 0.00050339444801852939 -1.1648176152593589e-05 0.00068995549891789844 -4.8689352756956557e-06 -7.4196254420282577e-05 0.00069267194705064674 9.767179262166796e-05 0.00012217189495051058 2.8964618399530788e-06 -0.0005735627009780729 0.00013963282504849471 -0.00098660358438316703 -4.7516306883399725e-05 3.5151805532326163e-06 -0.00024893701889456757 3.3855205298292853e-06 -3.4990308289163245e-07 3.4664734341312602e-06 -5.132578088457252e-07 -0.00020283734298900754 9.0735808357941864e-06 1.8122533586360421e-06 0.00133417275606865 -0.00027165655183056828 1.095253961703447e-05 0.0006715027060746068 7.9200301028914511e-06 3.0431504053214481e-06 2.0946210616307281e-05
leaf_weight=21 34 23 32 35 20 39 24 24 29 29 22 26 22 27 29 30 32 32 25 33 20 23 21 26 21 23 24 30 28 21 29 31 20 21 20 34 31 23 21 21 20 21 25 21 32 38 20 22 29 23 22 26
leaf_count=21 34 23 32 35 20 39 24 24 29 29 22 26 22 27 29 30 32 32 25 33 20 23 21 26 21 23 24 30 28 21 29 31 20 21 20 34 31 23 21 21 20 21 25 21 32 38 20 22 29 23 22 26
internal_value=0.000112727 -0.00037092 0.000577746 0.00109302 0.00143836 -0.000924171 -0.000909091 -0.000846154 -0.000239852 0.000104603 -0.00111529 -0.000787879 -7.77202e-05 -0.00178832 -0.000657895 -0.00268116 0.000555556 0.000227273 -0.000159574 -0.000649351 0.000454545 -0.00175325 -0.000740741 0.00176012 0.00138132 0.00165254 0.00119565 0.000121951 0.00134615 0.000321637 0.000704698 -4.7619e-05 -0.00121622 0.00205882 0.000581395 -0.00319672 0.00047619 0 -0.00181818 0.00192308 0.000701754 -0.000138889 -0.00255556 0.000744681 0.00153846 0.00313559 -0.00231707 0.00214286 0.00328125 0.0025 0.00127907 0.00326923
internal_weight=1375 674 701 430 365 422 44 65 271 239 399 330 193 137 76 69 252 220 188 154 77 77 54 321 257 236 184 82 52 171 149 105 74 102 43 61 210 158 44 52 114 72 45 47 52 59 41 42 64 44 43 52
internal_count=1375 674 701 430 365 422 44 65 271 239 399 330 193 137 76 69 252 220 188 154 77 77 54 321 257 236 184 82 52 171 149 105 74 102 43 61 210 158 44 52 114 72 45 47 52 59 41 42 64 44 43 52
is_linear=0
shrinkage=0.005


Tree=18
num_leaves=49
num_cat=0
split_feature=95 72 64 26 72 79 35 33 24 17 27 77 98 73 79 81 73 67 80 38 59 17 29 0 23 41 0 77 16 35 67 40 53 10 10 98 61 27 74 38 13 13 44 10 79 24 2 23
split_gain=18.0546 18.0724 14.3898 12.9169 12.6269 9.75484 12.7184 11.6413 15.536 9.72301 13.5253 9.59794 10.3562 9.1357 8.58413 8.40057 8.16009 7.72357 7.43708 7.37766 7.18177 7.13156 7.06831 7.0163 9.0559 6.28257 11.3561 6.22593 6.21721 14.6951 6.69681 6.15751 6.10159 5.65391 6.55081 8.29739 5.24948 5.33114 5.81538 5.22556 7.46667 5.15835 5.14553 5.11813 4.37521 3.52867 2.4381 2.42475
threshold=1.0000000180025095e-35 963.10000000000014 1172.2630000000001 56.750000000000007 1649.0405000000003 284.11057034544882 25.825000000000006 179.75000000000003 14.975000000000001 13.65 79.250000000000014 4226.9082860600438 0.35763888888888895 1007.841 226.57087423474147 4396.4294073790415 1602.2500000000002 32852.55000000001 39917.496875000012 6.325000000000002 -0.5 97.250000000000014 83.250000000000014 31854.100000000002 95.750000000000014 49.750000000000007 30124.950000000004 4096.6024214250074 6128.4000000000005 25.725000000000005 31867.900000000005 138.25000000000003 1.5000000000000002 29963.550000000007 31845.250000000004 0.73263888888888895 31528.750000000004 90.250000000000014 467.01204166666668 7.7750000000000012 2984.7000000000003 4481.8000000000011 3.1074999570846562 30246.650000000005 564.02824773877865 8.3250000000000028 2995.9500000000003 32.750000000000007
decision_type=2 2 2 2 2 2 2 2 2 2 2 2 2 2 2 2 2 2 2 2 2 2 2 2 2 2 2 2 2 2 2 2 2 2 2 2 2 2 2 2 2 2 2 2 2 2 2 2
left_child=1 5 17 4 15 14 20 8 9 -8 19 22 -13 47 -1 25 -15 23 31 -11 -7 -19 -4 24 -3 -2 -27 -21 29 -6 -30 46 -26 -28 -35 -36 -12 -38 -39 40 -17 43 -22 -24 -33 -44 -9 -5
right_child=3 2 11 13 28 6 7 18 -10 10 36 12 -14 16 -16 39 -18 21 -20 27 42 -23 41 -25 32 26 33 -29 30 -31 -32 44 -34 34 35 -37 37 38 -40 -41 -42 -43 45 -45 -46 -47 -48 -49
leaf_value=1.4535669671888129e-07 0.00077017185597982039 -5.3084497819173419e-05 1.0165515302362199e-05 1.3512983046495415e-05 9.7811218115446454e-07 1.3770425038046199e-06 0.00051503879507577778 1.1061560625170546e-05 0.001195287820373209 -0.00087663056946994449 -0.00015029689884190963 2.0153688571840571e-06 -0.000774361077617777 -7.6210325655503061e-06 -0.00085895985070337825 6.3342177376317683e-07 3.4827055034897789e-06 -0.0005366833215413692 -9.8487777634653442e-06 -0.0031683962523202033 0.0016486437060783054 8.7513893566906839e-06 -0.00056331045923195403 -0.0011208370861269506 -0.00049731572670403648 -8.7817798861027862e-06 -8.9550324032116826e-07 9.1472807680416048e-07 -1.1008994570156451e-06 -4.8137772216137472e-06 -8.139722359318779e-09 0.00040520678367382957 -0.0020281234819747342 0.00012041606633426823 -2.6682475518227815e-06 2.1597258323767064e-06 4.4873813603101671e-06 -0.0016348522835190977 3.6026406902573799e-06 1.7486142878108513e-05 0.0012342474267919908 -0.00022363003043696366 0.00077605223744266411 7.0167374535367643e-06 -3.6342882018364147e-05 0.00037469641966888807 5.6289642430806004e-05 0.00045577459642464209
leaf_weight=35 38 36 24 23 27 28 36 20 22 35 32 38 30 25 28 28 32 21 27 30 22 29 28 39 20 37 33 24 27 22 23 29 36 25 21 22 34 30 35 23 20 22 22 23 27 30 28 29
leaf_count=35 38 36 24 23 27 28 36 20 22 35 32 38 30 25 28 28 32 21 27 30 22 29 28 39 20 37 33 24 27 22 23 29 36 25 21 22 34 30 35 23 20 22 22 23 27 30 28 29
internal_value=0.000207273 -0.000195652 -0.00109827 0.00102198 0.000549133 0.000348432 0.000577299 0.000183374 -0.000395683 -0.000742188 -0.00113636 -3.0303e-05 -0.00147059 0.00252294 -0.00150794 0.00115385 0.00114035 -0.00207182 0.00141221 -0.00264045 0.00215686 -0.0004 0.000979381 -0.00270992 -0.00195652 0.000568182 7.24638e-05 -0.00148148 -0.000959596 0.000306122 -0.0022 0.00201923 -0.00321429 0.000940594 0.00176471 0.000581395 -0.000114504 0.000454545 -0.000384615 0.00260563 0.00166667 0.000205479 0.00297297 0.00107843 0.000892857 0.00211538 0.00333333 0.00403846
internal_weight=1375 920 346 455 346 574 511 409 278 256 220 165 68 109 63 247 57 181 131 89 102 50 97 131 92 176 138 54 99 49 50 104 56 101 68 43 131 99 65 71 48 73 74 51 56 52 48 52
internal_count=1375 920 346 455 346 574 511 409 278 256 220 165 68 109 63 247 57 181 131 89 102 50 97 131 92 176 138 54 99 49 50 104 56 101 68 43 131 99 65 71 48 73 74 51 56 52 48 52
is_linear=0
shrinkage=0.005


Tree=19
num_leaves=54
num_cat=0
split_feature=26 65 95 51 74 75 35 7 74 43 4 73 8 64 98 38 76 8 65 60 83 26 8 20 83 38 73 73 1 13 86 5 21 80 75 98 35 31 81 63 65 7 5 43 26 13 8 64 8 80 81 2 8
split_gain=13.1948 13.6086 13.4859 10.7138 11.1573 9.54233 9.55659 8.66111 8.31602 8.55567 8.39459 12.5738 8.61647 7.78033 10.7542 14.4776 10.4209 11.0896 9.09774 7.76566 7.22593 7.19784 6.78163 8.98765 7.48583 6.62856 6.32475 8.90429 6.20513 6.12938 6.08621 8.69643 11.8438 5.83445 6.16388 5.61056 5.54837 5.44895 6.81818 5.33333 5.2964 5.09394 5.01972 6.54352 4.93427 4.61028 3.99479 3.90883 3.72024 3.22385 3.07273 4.45455 1.75819
threshold=55.250000000000007 18676.750000000004 1.0000000180025095e-35 1.0000000180025095e-35 1190.070135416667 338.53510041332436 24.925000000000004 14.485000000000001 1093.3721666666668 78.564998626708999 2690.4000000000005 1224.2965000000002 416.47193812233292 1325.7295000000001 0.079861111111111119 7.875 34128.880208333336 416.85402204836424 30016.000000000004 1778.5500000000002 1715.4000000000035 113.25000000000001 413.89078947368426 1687.2500000000002 2310.3000000000034 9.6250000000000018 1007.841 1581.2500000000002 15294.550000000001 5166.1000000000013 1.0700000000000001 3619.1200000000003 20.675000000000001 30584.711805555562 526.86103759723778 0.15625000000000003 24.275000000000002 3.8750000000000004 3932.954332155778 33252.000000000007 29432.500000000004 639.59000000000003 5788.3500000000004 85.08499908447267 8.2500000000000018 7433.6000000000013 415.73035603715175 1363.3770000000002 413.89078947368426 30939.647569444449 4100.3643462060991 3339.4000000000001 412.52013186813195
decision_type=2 2 2 2 2 2 2 2 2 2 2 2 2 2 2 2 2 2 2 2 2 2 2 2 2 2 2 2 2 2 2 2 2 2 2 2 2 2 2 2 2 2 2 2 2 2 2 2 2 2 2 2 2
left_child=1 -1 13 4 7 6 36 -3 10 -10 12 22 -9 14 15 21 33 18 -18 29 -13 -2 23 35 44 -14 47 -28 -17 46 -8 32 -32 -16 -35 37 -6 -12 -39 -30 -23 -40 49 -44 -24 -46 -7 -4 -20 -33 -51 -52 -25
right_child=2 3 26 -5 5 19 30 8 9 -11 11 20 25 -15 16 28 17 -19 48 -21 -22 40 24 52 -26 -27 27 -29 39 -31 31 42 -34 34 -36 -37 -38 38 41 -41 -42 -43 43 -45 45 -47 -48 -49 -50 50 51 -53 -54
leaf_value=0.00098774243489994093 0.0011725770715173705 -0.015391916624538328 0.00012719164134173362 -0.002233846448678974 2.0711950206386783e-07 1.9122233900771893e-06 -3.0156809718065425e-06 0.00020431868310474239 -0.00074955861753775194 -2.761955591528593e-06 -0.00089207733169429076 -2.2720642993765909e-06 -6.9728711235528306e-06 0.0001284160562323396 1.1877927965033703e-06 -0.0012620784380837804 1.5471197760463951e-05 0.00040315827550273784 -0.00057207234403121993 -4.8482445076044857e-07 -0.0015664801799853626 0.00066109252414819409 -2.9095644678437181e-06 0.0013010986680521803 2.4032564401382585e-06 8.0265923120191264e-06 -6.087304514875651e-05 2.8797428798810459e-06 0.00022795459396405903 5.9239113003784167e-07 -6.5386262083015433e-05 -1.0953949597305667e-06 1.1981649332629944e-06 -0.00091787042073848452 -0.00024524146722341436 9.2224135549447795e-06 0.00027484688349868744 -0.00078050918810668559 0.00064648533385524936 -0.00015390811040774817 -1.8107094950958836e-06 -9.5028223992344908e-05 -6.3078969975868162e-06 2.0603804235712869e-06 -0.00046220732987662077 -0.00020489755669820885 2.2833069554428287e-05 0.00015587644726620549 -4.7582401425199255e-06 0.00013629268959442262 -6.269629979264459e-07 2.9320117229991943e-05 9.2657693255068305e-06
leaf_weight=20 35 22 28 28 22 33 20 36 27 25 23 20 32 38 23 26 20 22 24 20 31 21 33 21 36 23 23 34 28 23 26 27 32 30 28 21 21 22 20 21 20 24 22 23 23 22 34 26 32 20 22 22 20
leaf_count=20 35 22 28 28 22 33 20 36 27 25 23 20 32 38 23 26 20 22 24 20 31 21 33 21 36 23 23 34 28 23 26 27 32 30 28 21 21 22 20 21 20 24 22 23 23 22 34 26 32 20 22 22 20
internal_value=0.00028 -7.8125e-05 0.000949896 -0.000171233 -7.07547e-05 0.000585831 5.83658e-05 -0.000571726 -0.000424837 -0.00230769 -0.000184275 -0.00056962 0.00115385 0.00048913 0.000242424 0.00122517 -0.000586592 0.000510204 -0.000394737 0.00181818 -0.00284314 0.00276316 -0.000132075 0.000562914 -0.00105263 -9.09091e-05 0.00247748 0.00131579 -0.000333333 0.00244444 -0.000373832 -0.000103093 -0.00172414 -0.00191358 -0.00275862 -0.000181818 0.0022093 -0.000730337 0 0.000714286 0.00134146 0.00113636 0.000588235 -0.000777778 -0.00192308 -0.003 0.00320896 0.0037037 -0.00142857 0.00126374 0.001875 0.00113636 0.00256098
internal_weight=1375 896 479 876 848 367 257 481 459 52 407 316 91 368 330 151 179 98 76 110 51 76 265 151 114 55 111 57 75 90 214 194 58 81 58 110 43 89 66 49 41 44 136 45 78 45 67 54 56 91 64 44 41
internal_count=1375 896 479 876 848 367 257 481 459 52 407 316 91 368 330 151 179 98 76 110 51 76 265 151 114 55 111 57 75 90 214 194 58 81 58 110 43 89 66 49 41 44 136 45 78 45 67 54 56 91 64 44 41
is_linear=0
shrinkage=0.005


Tree=20
num_leaves=50
num_cat=0
split_feature=26 73 34 95 44 67 2 2 39 26 38 96 73 70 28 32 81 81 22 21 73 71 70 36 30 44 81 75 76 16 39 44 16 73 94 36 30 65 98 34 75 95 65 38 91 76 22 38 2
split_gain=15.925 10.6009 8.41674 7.22057 9.14811 10.2136 15.2489 11.1799 10.1555 7.62369 6.91806 8.36499 8.01258 6.35047 6.25 6.30175 6.12046 10.5156 7.07265 6.53419 14.0175 14.5461 7.55714 6.21179 6.09524 5.94126 7.0606 7.0401 7.53968 5.43903 5.42767 7.13164 5.12912 5.10595 7.15337 8.16889 9.37351 5.87061 5.41799 4.62348 5.89667 4.38863 4.14848 3.80581 3.63022 6.81443 3.55186 3 1.6
threshold=1.0000000180025095e-35 1.026 115.75000000000001 1.0000000180025095e-35 5.4370000362396249 33927.900000000001 3301.3150000000005 2861.1500000000001 212.25000000000003 10.750000000000002 12.175000000000002 1.0000000180025095e-35 1412.9215000000002 718.46600000000012 25.475000000000005 84.000000000000014 4026.9740668462559 4755.9251853652468 85.250000000000014 23.575000000000006 1222.2125000000003 1509.9500000000003 1494.499 88.250000000000014 81.750000000000014 4.1649999618530282 3955.937320166141 488.78129515775555 30418.900000000005 6261.1000000000013 166.75000000000003 3.2085000276565556 5954.3500000000013 1602.2500000000002 619935.09479437524 84.250000000000014 89.750000000000014 28235.150000000005 0.19097222222222224 78.750000000000014 546.25847906775459 1.0000000180025095e-35 28715.100000000002 6.6250000000000009 28086.923481250004 30079.379166666669 88.250000000000014 5.0750000000000011 2557.1000000000004
decision_type=2 2 2 2 2 2 2 2 2 2 2 2 2 2 2 2 2 2 2 2 2 2 2 2 2 2 2 2 2 2 2 2 2 2 2 2 2 2 2 2 2 2 2 2 2 2 2 2 2
left_child=25 3 10 4 5 6 8 -7 9 -2 11 16 -12 -6 15 -5 33 19 -19 20 22 42 -18 24 -21 27 -27 32 -29 -8 -9 46 -1 34 -3 48 38 -35 -37 40 -13 -28 -22 -41 45 -11 -32 -16 -36
right_child=1 2 -4 14 13 7 29 30 -10 44 12 39 -14 -15 47 -17 17 18 -20 23 21 -23 -24 -25 -26 26 41 28 -30 -31 31 -33 -34 37 35 36 -38 -39 -40 43 -42 -43 -44 -45 -46 -47 -48 -49 -50
leaf_value=1.9642624109203746e-05 -8.5267362433038996e-06 -0.00014559321535240305 -0.00054224725557994516 0.00024357487893322122 4.8114783975001669e-06 -3.3053172510086448e-06 -0.0015163844890905293 8.1830724528236551e-07 -0.00011926364870292021 8.2974208047133919e-05 1.092216832600865e-06 -0.0013146571650644451 1.5426582247452683e-05 0.00048579915110369187 0.0014056675324101279 -1.6765549513275616e-07 0.00031669582461404412 0.0002061503422115123 8.5341301160780925e-08 -4.0204385242763075e-05 -0.00050188634280782043 9.5752267124819856e-07 -6.308102124443421e-07 1.7416205090206129e-06 -0.00016609154480906802 5.810347173916637e-06 -0.0020245383232434721 5.4018229925218833e-06 -0.00059449066257207049 -6.9692091063709715e-06 3.4712842532750427e-06 1.7175756778624621e-06 -1.0423743492136266e-06 8.9220322527223709e-06 0.00042335956985613184 0.0010295529366985854 -0.00030212113238731951 4.3413700711032889e-07 -2.7608268621338356e-06 -5.462446204389625e-05 3.9931891908015474e-06 -4.8900247105111427e-06 -0.00044262674914367862 -0.030364308666472675 2.8118381915985157e-06 0.00086080340282163048 4.1756058856069308e-05 0.00011437815844942481 8.56199404722513e-05
leaf_weight=39 24 36 23 26 24 32 23 37 35 39 26 21 27 29 21 37 36 25 24 24 24 30 20 29 32 21 26 21 36 20 37 23 37 20 20 27 34 27 21 20 23 20 20 21 26 20 38 28 20
leaf_count=39 24 36 23 26 24 32 23 37 35 39 26 21 27 29 21 37 36 25 24 24 24 30 20 29 32 21 26 21 36 20 37 23 37 20 20 27 34 27 21 20 23 20 20 21 26 20 38 28 20
internal_value=0.000352113 0.000578764 0.000142857 0.0011079 0.000798526 0.000508475 -0.000294118 0.00140719 0.000486111 0.00123853 0.000255354 9.02527e-05 0.00198113 0.00273585 0.00223214 0.00119048 0.000351812 -0.000151515 0.00193878 -0.000627907 7.69231e-05 -0.00135135 0.00196429 -0.00170588 -0.00267857 -0.00095 -0.00216418 -0.000338346 -0.00166667 -0.00290698 0.00203704 0.00265306 0.000657895 0.001 0.00056962 0.00114754 0.000243902 0.00244681 0.00166667 -0.00135294 -0.000227273 -0.00326087 -0.00318182 -0.00256098 0.00194118 0.00262712 0.0034 0.00357143 0.003
internal_weight=1349 1149 630 519 407 354 187 167 144 109 607 554 53 53 112 63 469 264 49 215 130 74 56 85 56 200 67 133 57 43 135 98 76 205 158 122 82 47 48 85 44 46 44 41 85 59 75 49 40
internal_count=1349 1149 630 519 407 354 187 167 144 109 607 554 53 53 112 63 469 264 49 215 130 74 56 85 56 200 67 133 57 43 135 98 76 205 158 122 82 47 48 85 44 46 44 41 85 59 75 49 40
is_linear=0
shrinkage=0.005


Tree=21
num_leaves=52
num_cat=0
split_feature=68 70 56 42 41 70 43 79 91 63 44 0 10 36 75 6 37 33 38 42 42 37 79 38 27 70 79 41 43 43 87 68 44 38 5 10 93 42 4 6 39 98 37 23 41 37 4 4 23 63 4
split_gain=18.9023 18.4057 11.9403 11.2906 10.7214 7.81646 7.8401 8.25187 7.44711 7.19417 8.66366 7.47306 6.6063 8.127 8.27475 7.29906 5.95913 5.91343 6.50818 5.4038 6.02706 7.87692 5.85143 5.34964 5.09668 5.62536 8.80032 8.45874 8.07979 8.40062 8.01818 7.53435 7.87232 5.80676 6.3855 5.24148 4.98424 8.22113 4.77945 8.75003 4.71805 4.28094 3.9872 3.85333 3.61709 3.6 3.30475 2.92028 2.87291 2.76027 1.6
threshold=910.25000000000011 1064.0825000000002 1.0000000180025095e-35 327.82499694824224 68.250000000000014 1177.6875000000002 64.770000457763686 692.04359553917038 23575.063075000002 36038.80000000001 2.0164999961853032 33063.450000000004 26741.900000000005 79.750000000000014 623.64908772090564 4581.0350000000008 53.250000000000007 5.2500000000000009 2.8750000000000004 135.12500000000003 116.70000076293947 96.750000000000014 284.11057034544882 9.6250000000000018 13.750000000000002 1496.0620000000001 271.9898291182929 56.750000000000007 78.31000137329103 74.750000000000014 0.052083333333333336 1509.9500000000003 3.9915000200271611 6.5250000000000012 4368.1050000000005 31538.050000000003 410.36526315789479 104.47499847412111 10209.570000000002 6870.1900000000014 201.75000000000003 0.13541666666666671 66.250000000000014 94.250000000000014 92.250000000000014 79.250000000000014 4512.920000000001 10691.905000000001 96.750000000000014 29123.650000000005 9220.9450000000015
decision_type=2 2 2 2 2 2 2 2 2 2 2 2 2 2 2 2 2 2 2 2 2 2 2 2 2 2 2 2 2 2 2 2 2 2 2 2 2 2 2 2 2 2 2 2 2 2 2 2 2 2 2
left_child=9 2 3 12 45 -3 -7 8 -8 10 23 17 -2 -14 15 -15 -13 -12 -19 20 22 -22 -20 -1 -10 27 28 -26 29 -27 -29 32 46 49 -35 -30 -18 -38 39 -21 41 -39 -17 -24 48 -4 -28 -42 -6 -33 -44
right_child=1 5 4 -5 44 6 7 -9 24 -11 11 16 13 14 -16 42 36 18 19 38 21 -23 43 -25 25 26 31 30 35 -31 -32 33 -34 34 -36 -37 37 40 -40 -41 47 -43 50 -45 -46 -47 -48 -49 -50 -51 -52
leaf_value=-1.2585693189100674e-05 -0.0027825447820396809 0.00052761413267891563 1.6417023369287627e-05 1.9673327955310881e-05 -0.00044301298118562554 -9.9382691231824849e-05 0.00019953347020923939 -6.7887987842615265e-06 -5.0116310578802518e-06 -1.1144239497649205e-05 0.00098901160484664513 -3.9718016316806699e-05 2.408656642337418e-05 -0.0010158927289236244 7.6001400760775065e-06 4.3857487579804372e-06 0.0023358875315799901 -6.7334734449530482e-06 -2.0812322590676136e-05 0.0014541606868775862 -0.00018932608958289584 6.6980153077402817e-05 8.3740145236159404e-06 1.0321071802129363e-06 -0.00046900885771885143 -7.1575387647882864e-07 1.083382951980316e-05 8.9549066721271092e-05 -4.0580041060098586e-07 6.9296073303103806e-06 -0.00012772960832571105 5.2282261645574796e-06 -4.4626756792863929e-06 2.6742136303925734e-06 -7.0195906822919327e-08 -1.1118323118851904e-06 -2.4283652328697774e-07 0.00012988901818302616 0.0017414516729881454 -0.00087653137388515043 0.0034788809492556439 -5.1600938718381248e-07 -0.0006108799032302813 0.0011044913905495473 -0.00068536305897583943 -0.0012543328302037043 3.4134408082309986e-07 1.1435426629960006e-05 -0.0022135774001204272 1.8468000809337845e-06 -0.00076064628213279555
leaf_weight=21 22 36 20 22 29 26 31 37 22 21 24 24 35 29 20 21 27 20 20 31 32 20 20 22 39 25 33 30 33 22 36 23 25 20 29 23 27 26 29 20 29 20 20 30 26 20 20 26 35 31 20
leaf_count=21 22 36 20 22 29 26 31 37 22 21 24 24 35 29 20 21 27 20 20 31 32 20 20 22 39 25 33 30 33 22 36 23 25 20 29 23 27 26 29 20 29 20 20 30 26 20 20 26 35 31 20
internal_value=0.000411416 -3.48837e-05 -0.000987461 -0.000185185 -0.00215385 0.000526802 0.000366337 0.000511482 0.000701357 0.00119632 0.00132479 0.00154118 -0.000628743 -0.000241379 -0.000909091 -0.00155556 0.00231844 0.00097561 0.000720721 0.000990099 0.000327869 -0.000961538 0.00128571 -0.000813953 0.000523114 0.000655527 0.00102113 -0.000333333 -0.000145631 0.00138298 0.000757576 0.00168508 0.000512821 0.00257282 0.00132653 -0.00142857 0.00267742 0.00226562 0.002 0.00107843 0.00292079 0.00173913 -0.00057377 0.0022 -0.00311111 0 0.00160377 0.00390909 -0.00375 0.0037037 -0.0015
internal_weight=1349 860 319 189 130 541 505 479 442 489 468 425 167 145 110 90 179 246 222 202 122 52 70 43 411 389 284 105 103 47 66 181 78 103 49 56 155 128 80 51 101 46 61 50 90 40 53 55 64 54 40
internal_count=1349 860 319 189 130 541 505 479 442 489 468 425 167 145 110 90 179 246 222 202 122 52 70 43 411 389 284 105 103 47 66 181 78 103 49 56 155 128 80 51 101 46 61 50 90 40 53 55 64 54 40
is_linear=0
shrinkage=0.005


Tree=22
num_leaves=50
num_cat=0
split_feature=77 60 16 68 62 8 8 75 26 61 44 5 82 36 0 34 68 74 26 25 41 40 71 28 77 77 16 5 26 75 31 10 75 16 68 44 36 43 19 41 26 74 36 37 44 69 16 28 8
split_gain=13.607 12.3998 10.9252 11.6035 20.5535 10.6362 10.8316 10.6156 13.0645 9.5605 8.55724 7.58364 7.54685 7.40103 9.23752 12.1693 9.20237 7.43059 10.7535 7.51111 6.79125 7.95749 6.58494 6.40081 6.31323 6.18857 6.12255 5.88052 8.22439 5.82164 10.0255 7.74499 10.8889 7.31002 6.43996 5.70263 5.64463 5.51757 5.26753 5.2492 5.23128 5.08458 7.46923 4.86612 3.98797 3.9072 3.41759 2.70465 1.74545
threshold=4414.2522019932348 1355.7645000000002 7369.0000000000009 910.25000000000011 1100.2220000000002 419.15324324324331 413.11269230769238 353.62355783717192 1.2500000000000002 32421.300000000003 2.7274999618530282 2921.0350000000003 25.707999999999917 90.750000000000014 27099.750000000004 74.250000000000014 1.0020000000000002 706.02140625000015 29.250000000000004 183.25000000000003 68.250000000000014 118.75000000000001 0.99050000000000005 23.575000000000006 3919.2358028684534 4736.7009444782479 6261.1000000000013 8325.4550000000017 62.250000000000007 338.53510041332436 10.575000000000001 29083.750000000004 181.13742728246629 6043.2500000000009 1488.1000000000001 2.5984998941421513 84.750000000000014 85.969997406005874 868.70000000000016 60.750000000000007 1.7500000000000002 1113.7131041666669 79.750000000000014 96.250000000000014 2.3535000085830693 31372.200000000001 5725.5000000000009 23.975000000000005 410.55026315789479
decision_type=2 2 2 2 2 2 2 2 2 2 2 2 2 2 2 2 2 2 2 2 2 2 2 2 2 2 2 2 2 2 2 2 2 2 2 2 2 2 2 2 2 2 2 2 2 2 2 2 2
left_child=2 5 3 12 7 6 25 10 -9 -3 -5 35 13 14 46 36 17 18 -17 -20 39 22 -22 40 43 -2 -23 28 29 30 31 -13 -33 -32 -31 -6 -16 -24 -30 -10 -11 -36 -43 -14 -38 -12 -1 -44 -46
right_child=1 9 -4 4 11 -7 -8 8 20 23 45 27 24 -15 15 16 -18 -19 19 -21 21 26 37 -25 -26 -27 -28 -29 38 34 33 32 -34 -35 41 -37 44 -39 -40 -41 -42 42 47 -45 48 -47 -48 -49 -50
leaf_value=-0.0018250149735366055 -0.00053650769436140537 -0.00022125776394730758 -0.00048173049711699794 7.7231753986289897e-06 8.2984863522546027e-06 -0.0010055812114015425 6.0839683521485061e-06 -0.0018972390978971403 1.845301564449234e-06 -7.4355551845737264e-06 -0.00063035920580104465 -0.00031111751076565516 0.0025035881541865313 0.00061655540241745339 2.8963073851432011e-07 1.3069916141017767e-05 -0.00014281033564461347 0.0026397908085150691 -1.6741741649465445e-05 2.4421585005001902e-06 6.5594797618953954e-06 -9.669915556093413e-06 -0.00028104625158023876 4.2515738758735469e-05 0.0002444854588732846 -1.3151684236152422e-06 -0.0033934742794376306 -0.00042893768394509913 0.00020727378612425549 0.00040579515814073811 0.00030038123659685946 8.6910747784156089e-07 -2.9162213909385998e-06 -2.8480377623556293e-07 -3.0788688822908866e-06 2.9442345235152007e-06 5.7062635943243388e-06 1.9950780825754186e-05 6.7049063843827137e-07 0.00023117219826843981 6.1428262868817637e-05 1.2925097776547186e-05 -2.7621042327662399e-06 0.0010503673124115215 0.0011912132645701926 -0.0017019628289856176 7.6863656869612495e-06 4.855994204447631e-07 0.0020260152200348752
leaf_weight=23 35 25 26 20 35 23 35 35 21 26 24 26 34 39 21 34 39 36 24 36 21 23 32 22 27 25 20 20 22 39 26 36 36 22 25 23 23 26 20 23 24 22 27 25 20 39 20 20 24
leaf_count=23 35 25 26 20 35 23 35 35 21 26 24 26 34 39 21 34 39 36 24 36 21 23 32 22 27 25 20 20 22 39 26 36 36 22 25 23 23 26 20 23 24 22 27 25 20 39 20 20 24
internal_value=0.000292809 -0.000860465 0.000511464 0.000586643 0.000183016 -0.00194915 -0.00121053 -0.00084507 -0.000223881 0.000463918 -0.0023494 0.000914787 0.00123529 0.000899705 0.000633333 0.000992218 0.000207101 0.000846154 0.000106383 -0.00116667 0.000361446 -0.000245902 0.000696203 0.00138889 0.00255814 -0.0025 -0.00197674 0.000630499 0.000794393 0.000483871 -0.000205479 -0.00112245 -0.000277778 0.00166667 0.0012406 0.00258621 0.0025 -0.000172414 0.00285714 0.00204545 0.0004 0.000531915 0.00123188 0.00347458 0.00320896 -0.00325397 -0.00151163 0.000106383 0.00409091
internal_weight=1349 215 1134 1108 683 118 95 284 201 97 83 399 425 339 300 257 169 130 94 60 166 122 79 72 86 60 43 341 321 279 146 98 72 48 133 58 88 58 42 44 50 94 69 59 67 63 43 47 44
internal_count=1349 215 1134 1108 683 118 95 284 201 97 83 399 425 339 300 257 169 130 94 60 166 122 79 72 86 60 43 341 321 279 146 98 72 48 133 58 88 58 42 44 50 94 69 59 67 63 43 47 44
is_linear=0
shrinkage=0.005


Tree=23
num_leaves=52
num_cat=0
split_feature=95 26 36 79 7 22 81 90 14 62 1 26 4 32 81 10 27 31 1 31 62 41 61 71 88 2 93 27 41 14 14 27 29 78 78 41 29 89 89 93 66 11 41 20 81 3 19 26 26 14 78
split_gain=18.2209 10.2284 9.29523 7.89392 8.83828 9.31293 8.30591 7.40238 7.26294 9.71105 12.9045 10.8954 8.71444 7.70652 7.48739 7.47692 7.38057 7.33493 6.92726 7.71281 8.4457 9.23573 7.9748 7.70847 6.9888 6.87201 6.69394 6.10267 7.40096 6.00957 6.19469 7.75685 5.86667 5.61689 5.22648 5.05004 4.97475 6.98996 5.95599 5.50562 10.8476 6.89809 4.83741 4.30754 3.71212 3.502 3.45844 4.06327 7.33333 2.81577 2.33333
threshold=1.0000000180025095e-35 1.7500000000000002 92.250000000000014 675.02219666693452 237.32500000000002 90.250000000000014 5043.6498464425194 1930.8901500000004 15290.800000000001 1158.0765000000004 13049.900000000001 130.75000000000003 2571.4850000000006 46.250000000000007 3814.0189553576706 34824.000000000007 51.250000000000007 2.5250000000000008 15294.550000000001 16.650000000000006 1776.5000000000002 83.750000000000014 28287.950000000004 1599.3500000000001 5843.2164583333333 3145.0000000000005 412.52013186813195 98.250000000000014 68.250000000000014 15970.600000000002 17125.800000000003 78.750000000000014 89.250000000000014 1492.8468055555559 1448.6207256944447 56.750000000000007 68.250000000000014 1535.0733937500002 1587.5844562500001 411.52860681114561 960.50000000000011 39845.750000000007 79.750000000000014 1280.3500000000001 4059.6307011434701 13701.1 440.40000000000003 37.250000000000007 93.750000000000014 13642.450000000003 668.89652430555566
decision_type=2 2 2 2 2 2 2 2 2 2 2 2 2 2 2 2 2 2 2 2 2 2 2 2 2 2 2 2 2 2 2 2 2 2 2 2 2 2 2 2 2 2 2 2 2 2 2 2 2 2 2
left_child=2 7 3 6 50 -6 8 33 9 10 49 12 25 -10 32 27 26 -15 19 20 21 22 -3 24 -24 -12 -16 28 -14 -19 31 -31 -11 35 -9 45 -32 39 -39 40 -38 44 -30 -43 -41 -2 -20 -48 -49 -1 -5
right_child=1 18 -4 4 5 -7 -8 34 13 14 11 -13 15 17 16 -17 -18 29 46 -21 -22 -23 23 -25 -26 -27 -28 -29 42 30 36 -33 -34 -35 -36 -37 37 38 -40 41 -42 43 -44 -45 -46 -47 47 48 -50 -51 -52
leaf_value=-0.0025378955928937168 -3.4813052004849063e-05 0.00043886230145181142 -0.0005453363786711476 -0.00015220125569986206 -0.00036206564416597643 2.7024781346677989e-05 -0.00042122677494279409 0.00014000519910650378 0.00039995695367350088 0.0015883009407880952 3.0760632721588587e-05 0.00046151636710705979 7.8463897743360253e-05 0.00028736945352640566 -0.00097357895698161809 -0.00083863017709483569 0.00027418154416071331 1.2860408352839736e-05 0.00098297940241304986 0.00032796847314596554 -4.1346185678741385e-07 -3.7592379588387797e-06 -5.17452824384808e-05 2.6841116820387247e-06 0.00019754155608708287 -6.5875914415627577e-06 5.8972563693949586e-06 6.1257652704428076e-05 -0.0013134236769899073 -1.6227447029635257e-06 9.0216703350643371e-05 -3.7000303495130148e-05 4.121469320729864e-05 -3.5848897507520603e-06 -4.3036379937210572e-07 8.6999838697090864e-06 0.00031100712477560063 -0.0014389901971465875 -1.6230127808081645e-06 6.9288337032390253e-07 -1.9931416714333104e-05 0.0020753461374502847 -0.00042512161823809959 -3.6908514679019248e-06 -0.0033952835911217538 6.8904438107885765e-07 2.128029175387073e-05 -3.76806105656937e-07 0.00024979127878423915 -0.0012363179091449733 -0.00087093376452699689
leaf_weight=23 20 21 26 21 28 21 31 21 37 24 21 33 21 37 20 27 24 38 20 23 22 24 24 27 22 20 24 26 22 37 37 20 20 26 20 23 35 24 37 20 22 25 21 33 24 33 31 33 33 20 27
leaf_count=23 20 21 26 21 28 21 31 21 37 24 21 33 21 37 20 27 24 38 20 23 22 24 24 27 22 20 24 26 22 37 37 20 20 26 20 23 35 24 37 20 22 25 21 33 24 33 31 33 33 20 27
internal_value=0.000263158 0.00112293 -0.00012959 -4.44444e-05 -0.00139175 0.000102041 0.000118306 3.4965e-05 0.000220207 -0.000317919 -0.000897436 -0.000340314 -0.000886076 0.000657277 0.000892857 -0.0015812 -0.000147059 0.000449871 0.00167857 0.00101227 0.000571429 0.00110169 0.00180851 0.0010274 -0.000217391 0.00109756 -0.00136364 -0.000888889 -0.00171875 0.000227273 0 -0.00149123 0.0025 -0.000686275 0.00182927 0 0.000330739 4.54545e-05 -0.00139344 0.000597484 0.00184211 -9.80392e-05 -0.00290698 0.00103448 -0.00159091 -0.000849057 0.00260684 0.00221649 0.00151515 -0.00337209 -0.00291667
internal_weight=1349 423 926 900 97 49 803 143 772 346 234 191 158 426 112 117 68 389 280 163 140 118 94 73 46 41 44 90 64 352 314 57 44 102 41 76 257 220 61 159 57 102 43 58 44 53 117 97 66 43 48
internal_count=1349 423 926 900 97 49 803 143 772 346 234 191 158 426 112 117 68 389 280 163 140 118 94 73 46 41 44 90 64 352 314 57 44 102 41 76 257 220 61 159 57 102 43 58 44 53 117 97 66 43 48
is_linear=0
shrinkage=0.005


Tree=24
num_leaves=51
num_cat=0
split_feature=95 72 46 4 23 43 0 44 3 17 30 45 72 8 19 19 56 84 21 41 17 84 79 3 90 79 16 26 46 3 46 30 4 44 89 89 33 8 37 26 90 43 89 57 90 73 90 23 3 89
split_gain=15.8099 20.2204 11.8845 9.48998 11.9496 10.5314 11.2597 8.71306 8.934 8.33532 13.0381 7.54162 7.44901 9.69285 7.32814 7.32619 11.0417 6.10159 9.78539 9.34035 7.37888 6.60475 8.31028 5.65929 5.31912 5.3084 10.9169 9.40753 8.41536 8.65766 7.43122 8.31392 7.06825 6.67314 5.94935 5.7471 5.11082 4.98867 4.98462 4.97452 4.95238 4.92333 4.58586 4.40773 3.71212 3.61146 5.81818 2.87811 2.5 1.52381
threshold=1.0000000180025095e-35 928.10000000000014 108.189998626709 4144.9800000000005 99.750000000000014 73.514999389648452 31854.100000000002 2.7389999628067021 13742.350000000002 231.65000000000001 94.250000000000014 22963.500000000004 941.33350000000007 417.59250000000009 1001.35 1198.2500000000002 -1.0000000180025095e-35 1319.8089062500003 18.975000000000005 67.750000000000014 23.150000000000002 1185.3615625000004 581.9824365659847 10308.850000000002 1434.1981500000004 550.47013828753666 6458.6500000000005 5.7500000000000009 104.09499740600587 12201.500000000002 101.18500137329103 87.250000000000014 9915.6000000000022 2.9125000238418584 1353.0350437500001 1454.5564312500001 5.2500000000000009 405.66625000000005 75.750000000000014 43.250000000000007 1918.4728500000001 84.825000762939467 1132.4885812500002 1.0000000180025095e-35 1843.9690500000004 1037.8880000000001 1757.0479500000004 98.250000000000014 15089.250000000002 1244.5121812500001
decision_type=2 2 2 2 2 2 2 2 2 2 2 2 2 2 2 2 2 2 2 2 2 2 2 2 2 2 2 2 2 2 2 2 2 2 2 2 2 2 2 2 2 2 2 2 2 2 2 2 2 2
left_child=1 11 3 7 5 -5 44 8 -3 12 14 23 13 -2 -11 24 -17 19 36 21 -21 22 -14 -1 -9 28 27 -27 29 -13 -29 -32 39 43 -33 42 -19 -26 40 -30 -20 49 -31 -28 -7 46 -6 -25 -37 -40
right_child=9 2 -4 4 45 6 -8 15 -10 10 -12 25 17 -15 -16 16 -18 18 38 20 -22 -23 -24 47 37 26 33 30 32 35 31 34 -34 -35 -36 48 -38 -39 41 -41 -42 -43 -44 -45 -46 -47 -48 -49 -50 -51
leaf_value=8.4569808728101292e-06 0.002727592339583567 -0.00015520814536687465 1.9198598375499874e-05 -0.00056434898559610213 -2.099415821106729e-06 0.00056870424218016845 -0.00056944122006903544 -0.00087288424601952245 4.3291432668850891e-05 0.00041880920400390738 -3.2094060494077358e-06 -0.0014804443437971301 -3.4099663538973986e-06 0.0002969691405328106 -1.4294183792063956e-06 1.9519748209137619e-05 -0.00021933900982445726 6.5720697787527196e-06 -1.2526666524437041e-06 -2.5401611044843836e-06 5.9506161814874967e-06 2.4534604242640802e-05 8.6564839503605409e-06 0.0018648002785369884 -0.00098823300893651519 -2.1491971854595617e-05 -9.8600576040241885e-06 -2.0526203906176803e-06 2.4967722991391998e-05 6.4048360704052484e-06 0.0012065573037686004 0.00056621847903241525 2.7190698018230753e-05 -0.0029999564325731876 -2.309917078786626e-06 -6.8455685203578834e-05 -3.081241447608696e-06 5.8814968991248368e-06 8.7000631480705499e-06 -2.9451746427590592e-06 1.1802664495662958e-06 3.3917745808599649e-07 0.00041401955772365313 1.4832603364985807e-06 7.6451300081771447e-07 -0.0019205545028074679 -0.0027818031124394803 0.00059812170529863803 1.6705438535481532e-05 2.5758999960921879e-06
leaf_weight=29 38 36 28 25 22 24 33 20 35 22 28 37 22 27 20 27 30 20 28 21 23 25 29 29 34 25 26 24 29 34 22 24 30 26 38 20 31 20 21 20 24 23 37 31 20 29 22 20 20 21
leaf_count=29 38 36 28 25 22 24 33 20 35 22 28 37 22 27 20 27 30 20 28 21 23 25 29 29 34 25 26 24 29 34 22 24 30 26 38 20 31 20 21 20 24 23 37 31 20 29 22 20 20 21
internal_value=0.000203855 -0.000161987 -0.001 -0.00123342 -0.00208571 -0.000980392 -6.49351e-05 -0.00049505 0.000915493 0.00100473 -0.000571429 0.000489443 0.00131728 0.00284615 0.00119048 -0.00125954 8.77193e-05 0.000972222 0.000357143 0.00183333 0 0.00289474 0.00186275 0.00192308 -0.0022973 0.00023702 -0.000324074 0.00056391 0.000770925 6.75676e-05 0.0012037 0.00190476 0.00208861 -0.00174699 0.000967742 0.000765766 -0.00147059 -0.00148148 0.00115385 0.000918367 0 0.00207692 0.00161972 -0.000789474 0.00159091 -0.00363014 -0.00272727 0.00295918 -0.00075 0.00309524
internal_weight=1349 926 405 377 175 102 77 202 71 423 70 521 353 65 42 131 57 288 168 120 44 76 51 78 74 443 216 133 227 148 108 84 79 83 62 111 51 54 117 49 52 65 71 57 44 73 44 49 40 42
internal_count=1349 926 405 377 175 102 77 202 71 423 70 521 353 65 42 131 57 288 168 120 44 76 51 78 74 443 216 133 227 148 108 84 79 83 62 111 51 54 117 49 52 65 71 57 44 73 44 49 40 42
is_linear=0
shrinkage=0.005


Tree=25
num_leaves=51
num_cat=0
split_feature=96 68 100 82 6 46 77 68 36 33 68 41 73 73 27 44 31 69 44 90 2 27 43 90 41 67 68 45 10 32 83 33 46 84 1 1 100 46 10 82 40 2 46 43 69 14 2 86 43 5
split_gain=10.0214 14.1205 12.2228 8.85351 8.27605 8.99542 9.10477 10.9466 9.9848 8.79534 8.5479 8.3376 10.428 7.674 7.42476 7.40741 6.88828 8.1 6.7006 6.57851 6.41743 8.14885 6.76692 6.09373 6.3171 6.51276 6.0851 6.04177 6.4882 5.85736 5.75522 5.38778 5.43264 9.10407 8.99032 5.35714 5.3233 5.2842 7.4822 7.78299 4.91733 4.91167 4.81825 9.00282 4.54443 4.1806 3.98971 2.76825 1.63902 0.9
threshold=1.0000000180025095e-35 901.74750000000006 0.67708333333333348 29.480000000000022 9228.4250000000011 91.825000762939467 4199.0132389378259 1557.5500000000002 80.250000000000014 64.250000000000014 1486.5455000000002 82.750000000000014 1288.8500000000001 1199.9500000000003 57.250000000000007 2.7274999618530282 7.0250000000000012 30627.850000000002 2.1875000000000004 1322.4424500000002 3152.1500000000005 81.750000000000014 80.590000152587905 763.66395000000011 93.250000000000014 31214.200000000001 1291.8000000000002 23492.000000000004 34824.000000000007 280.75000000000006 2432.6000000000026 52.750000000000007 102.47499847412111 1164.9961145833336 14234.300000000001 14731.450000000003 0.40625000000000006 92.965000152587905 34974.05000000001 -0.18500000000000003 116.75000000000001 3085.0000000000005 104.45499801635744 76.514999389648452 28577.600000000002 20654.750000000004 3438.5555000000004 0.78700000000000003 80.104999542236342 4769.4850000000006
decision_type=2 2 2 2 2 2 2 2 2 2 2 2 2 2 2 2 2 2 2 2 2 2 2 2 2 2 2 2 2 2 2 2 2 2 2 2 2 2 2 2 2 2 2 2 2 2 2 2 2 2
left_child=1 3 14 29 5 16 9 11 -9 10 26 12 41 19 15 -2 -3 -18 -16 -11 22 -22 -4 -20 25 -25 -7 28 40 37 -21 32 33 -12 -34 -36 -26 -1 39 -39 -15 -8 43 -27 -5 -40 47 -43 -46 -10
right_child=2 4 20 44 -6 6 7 8 49 13 31 -13 -14 27 18 -17 17 -19 23 30 21 -23 -24 24 36 42 -28 -29 -30 -31 -32 -33 34 -35 35 -37 -38 38 45 -41 -42 46 -44 -45 48 -47 -48 -49 -50 -51
leaf_value=0.0016505992774949413 -2.1384511995322641e-05 -0.0010098076699141206 -2.7751361768270302e-08 0.0019754713284555986 -0.00081570075698152514 9.2351344560986827e-07 -8.4273895000270727e-07 7.2758895183834924e-07 -0.00012632084878510828 -2.5274602989619619e-06 -0.00075456391966225171 -0.00020217339101004643 -0.00025993041958719714 -8.4636968100903708e-07 -2.6123157247006798e-05 -0.030407033935098519 -0.00074267331420350806 0.00022686470303999473 -0.00077636928809296307 1.1941849495825273e-05 6.0322669662421028e-06 -9.2534071814977232e-06 0.001118683092098491 -0.00034390581021981976 8.3648759631849186e-06 0.00029289671819139449 0.00035016239491377681 6.8317255207219571e-06 2.0658986374216005e-06 -4.5035159904579295e-05 0.00010191151136017945 -2.6616313418293314e-06 1.2864892962753222e-05 1.7567134448089045e-07 -3.2008737924533853e-06 9.9926855261882254e-07 -0.0005224776719627807 0.00061397635793791305 0.0022636571294722104 -3.6074499809683719e-05 1.5941294246695852e-05 0.00051721870504033466 3.3705855337138522e-05 -0.00032584953191227742 0.001137126910877722 2.9868378234796157e-05 5.3632280460728127e-06 2.5284234660678872e-06 0.032113912927910111 -0.00021517527831866807
leaf_weight=24 27 27 21 35 26 39 33 27 20 37 24 26 20 29 23 27 20 20 23 36 21 37 36 24 26 37 35 34 35 23 21 20 33 23 24 32 37 29 23 25 22 20 26 23 20 26 28 23 21 20
leaf_count=24 27 27 21 35 26 39 33 27 20 37 24 26 20 29 23 27 20 20 23 36 21 37 36 24 26 37 35 34 35 23 21 20 33 23 24 32 37 29 23 25 22 20 26 23 20 26 28 23 21 20
internal_value=0.000138889 0.000408163 -0.000541237 0.00150442 7.95756e-05 0.000178571 0.000355522 -0.000483871 -0.00216418 0.000765766 8.69565e-05 0.000266667 0.000806452 0.00149533 -0.00111722 -0.00277778 -0.00156716 -0.00025 -0.000707763 0.000425532 0.000826087 -0.000344828 0.00201754 -0.000408163 -8.67052e-05 0.000636364 0.00148649 0.00233333 0.00162791 0.0008 0.00149123 -0.000576923 -0.000220588 -0.00159574 0.000505618 -0.000714286 -0.00134921 0.00122047 0.000728155 -0.000555556 0.000490196 0.00144231 0.00127907 0.0005 0.00289474 0.00214286 0.0021831 0.00313953 0.00402439 -0.00375
internal_weight=1368 980 388 226 754 728 661 217 67 444 230 150 124 214 273 54 67 40 219 94 115 58 57 196 173 110 74 120 86 150 57 156 136 47 89 56 63 127 103 54 51 104 86 60 76 49 71 43 41 40
internal_count=1368 980 388 226 754 728 661 217 67 444 230 150 124 214 273 54 67 40 219 94 115 58 57 196 173 110 74 120 86 150 57 156 136 47 89 56 63 127 103 54 51 104 86 60 76 49 71 43 41 40
is_linear=0
shrinkage=0.005


Tree=26
num_leaves=51
num_cat=0
split_feature=95 68 74 28 98 42 28 39 77 77 20 20 20 88 75 69 68 19 2 88 43 36 4 25 66 82 98 26 41 2 41 91 16 98 39 39 69 21 21 91 26 26 21 43 75 75 28 56 7 5
split_gain=17.7106 12.1995 12.0012 10.1915 10.4627 10.9045 9.83294 9.16545 9.08717 8.27856 8.0346 8.20652 7.61163 7.48739 10.6675 9.02061 7.21513 6.88673 8.31279 8.46977 8.98228 6.27515 5.87778 5.42994 5.90077 10.3039 8.1443 5.38457 6.32934 6.15259 8.72727 6.14997 6.43176 8.96296 6.2974 5.37923 7.0028 6.80398 7.47111 5.20627 4.97778 4.77297 6.12255 4.76104 4.72615 4.63004 3.68936 3.67895 2.5 0.459574
threshold=1.0000000180025095e-35 1395.4000000000003 1227.0582500000003 24.225000000000005 0.072916666666666685 360.50000000000006 27.125000000000004 140.25000000000003 4313.8251694830678 3936.3282659778702 365.00000000000006 1388.7500000000002 1734.3000000000002 3005.4264583333329 587.54648682569825 32594.900000000005 959.65000000000009 2546.9500000000003 3251.8520000000003 3629.3485416666672 79.895000457763686 90.750000000000014 3478.9800000000005 18.750000000000004 1486.5455000000002 237.95000000000007 0.81597222222222232 1.0000000180025095e-35 78.250000000000014 2834.1500000000005 70.250000000000014 27991.175775 5983.1000000000013 0.19097222222222224 198.25000000000003 162.25000000000003 35282.250000000007 28.675000000000001 26.825000000000006 31917.030668750001 9.7500000000000018 92.750000000000014 26.925000000000004 81.224998474121108 254.85518703859466 535.55197750196714 21.575000000000006 0.6078576107927941 81.660000000000011 5140.7350000000006
decision_type=2 2 2 2 2 2 2 2 2 2 2 2 2 2 2 2 2 2 2 2 2 2 2 2 2 2 2 2 2 2 2 2 2 2 2 2 2 2 2 2 2 2 2 2 2 2 2 2 2 2
left_child=1 3 13 10 8 27 17 -4 16 41 -1 -12 -13 -3 47 -16 21 18 19 -2 22 35 -21 -22 -25 26 -26 -6 29 -29 -31 34 33 -33 -30 -5 37 38 -37 -34 -20 42 -8 -38 -9 46 -14 49 -24 -15
right_child=6 2 7 4 5 -7 9 44 -10 -11 11 12 45 14 15 -17 -18 -19 40 20 23 -23 48 24 25 -27 -28 28 31 30 -32 32 39 -35 -36 36 43 -39 -40 -41 -42 -43 -44 -45 -46 -47 -48 -49 -50 -51
leaf_value=-0.00024212580628663955 2.8480932424361919e-05 6.4781334745303069e-06 -0.00076761758193234135 -0.015532733830323591 -0.0016699863379315393 2.6942582058570163e-05 1.6327818161979861e-05 4.5092263016056452e-05 -0.00057111604481611803 -1.0727163006980859e-07 0.00066016107104497127 -9.6938064799576742e-05 0.0011326848841325969 -0.0014008581440839024 6.8943448859514792e-06 -0.00038937354280278307 -0.00042729831944363111 -4.1473908327241641e-06 0.0004105580394237557 4.7549702193758992e-05 -6.0605028311546153e-06 0.00085480714269836687 -8.2977293271492433e-07 -2.2333561413837848e-06 0.00049942625485956235 -2.7222647453546189e-06 -3.7055578471042576e-07 -0.00047083669069816802 -2.9189707889795973e-05 -3.8521307197115654e-06 0.0013837219344023865 7.6192969084879522e-06 -0.00093063706209797509 -0.00061738222199225073 0.00013450564418070139 0.0015984780438324032 1.1568611080049087e-05 0.0034410633952353291 -2.9671397792262373e-06 -1.0428432085076283e-05 1.4147411611143023e-06 0.0026822856062404745 1.3784264978025194e-07 -0.00026560661444938335 2.606877237332439e-07 1.5490376949195325e-06 0.00010053004130658807 -0.00053787886804568697 6.0174798695954897e-06 -0.00081589319988083307
leaf_weight=32 26 21 22 20 34 26 20 26 23 25 23 20 20 27 25 30 36 26 36 32 26 31 20 31 36 26 38 37 26 33 33 27 29 27 21 20 31 23 25 38 20 36 23 20 24 20 27 30 20 20
leaf_count=32 26 21 22 20 34 26 20 26 23 25 23 20 20 27 25 30 36 26 36 32 26 31 20 31 36 26 38 37 26 33 33 27 29 27 21 20 31 23 25 38 20 36 23 20 24 20 27 30 20 20
internal_value=0.000138889 -0.000253506 -0.00126667 7.12251e-05 -0.000232143 -0.000800604 0.000963719 0.000416667 0.00058952 0.00230769 0.00126761 0.00190909 0.0012069 -0.00205882 -0.0025 -0.000818182 0.00092233 0.000548961 0.000755627 0.000372549 6.55022e-05 0.00135294 0.00152778 -0.000605096 -0.00019084 0.0004 0.00135135 -0.00106557 -0.000830258 0.000145631 0.00106061 -0.00142857 -0.00202479 -0.000740741 0.000106383 0.000899281 0.00130252 0.00235294 0.00122222 -0.0030597 0.0025 0.00310127 0.00197674 -9.80392e-05 0.0016 0.00201493 0.00287234 -0.0037013 0.00025 -0.00457447
internal_weight=1368 927 225 702 560 331 441 72 229 104 142 110 87 153 132 55 206 337 311 255 229 170 72 157 131 100 74 305 271 103 66 168 121 54 47 139 119 68 45 67 56 79 43 51 50 67 47 77 40 47
internal_count=1368 927 225 702 560 331 441 72 229 104 142 110 87 153 132 55 206 337 311 255 229 170 72 157 131 100 74 305 271 103 66 168 121 54 47 139 119 68 45 67 56 79 43 51 50 67 47 77 40 47
is_linear=0
shrinkage=0.005


Tree=27
num_leaves=52
num_cat=0
split_feature=95 46 68 97 72 43 66 30 19 21 76 28 78 78 77 91 39 69 30 34 29 26 13 91 46 22 28 68 11 78 28 34 67 75 39 77 75 81 30 69 78 75 36 45 68 68 25 66 29 26 14
split_gain=9.4934 10.6048 13.814 12.8168 9.6595 11.3197 16.2502 8.48425 8.45585 9.70397 14.7 10.75 9.26316 8.83566 7.43657 7.26755 7.08725 7.08079 7.99765 6.76128 6.70311 8.01516 6.5314 6.49421 6.31066 6.09995 6.63704 5.94679 5.85492 6.02219 5.2842 5.13173 8.51359 7.08166 6.77212 4.9 4.6001 8.03955 4.52162 4.45187 4.2686 4.07515 3.98654 5.43763 3.81694 3.98629 3.7415 3.60668 3.44485 3.42857 2.5
threshold=1.0000000180025095e-35 107.53499984741211 1395.4000000000003 0.30208333333333343 965.41600000000005 82.979999542236342 1541.7500000000002 98.750000000000014 564.40000000000009 27.725000000000005 34694.038541666676 28.125000000000004 1413.083510416667 1169.0591458333336 4526.2832860392318 24599.117687500006 115.75000000000001 30627.850000000002 97.250000000000014 47.750000000000007 82.750000000000014 2.2500000000000004 2126.0000000000005 26321.553275000006 102.47499847412111 84.250000000000014 30.675000000000004 1602.2500000000002 37128.450000000004 1278.0620937500003 24.025000000000002 86.250000000000014 33361.55000000001 587.54648682569825 205.75000000000003 4204.3369398779751 479.91240134097876 4314.5365759526239 90.750000000000014 31854.100000000002 1681.6087430555558 520.9603907296065 84.750000000000014 24342.500000000004 905.63250000000005 1.0160000000000002 165.75000000000003 1503.4000000000003 86.250000000000014 35.250000000000007 12974.650000000003
decision_type=2 2 2 2 2 2 2 2 2 2 2 2 2 2 2 2 2 2 2 2 2 2 2 2 2 2 2 2 2 2 2 2 2 2 2 2 2 2 2 2 2 2 2 2 2 2 2 2 2 2 2
left_child=1 2 8 20 5 47 -7 39 9 11 50 36 13 14 16 27 -10 19 22 -17 -4 -22 -19 -18 -20 46 31 -6 -26 -30 -23 32 -27 -34 41 -9 44 -38 -3 -5 42 -33 -24 -44 45 -1 -25 -2 -46 -40 -11
right_child=4 38 3 7 15 6 -8 35 12 10 -12 -13 -14 -15 -16 17 23 18 24 -21 21 30 40 25 28 26 -28 -29 29 -31 -32 34 33 -35 -36 -37 37 -39 49 -41 -42 -43 43 -45 48 -47 -48 -49 -50 -51 -52
leaf_value=-9.7551679859061207e-06 0.0036807444449662376 0.00015725746434411519 -0.0013938538533634828 0.00074304582100174674 0.00017493365572199965 -1.8593016116269045e-05 0.016889251939997643 1.0288994750418912e-08 0.00033632851606926739 0.0017302343646278466 -0.00034141696829481205 -0.0014210502418523447 -3.2450280391361506e-05 0.0007919506122681969 -0.0001306676974542673 0.00027153711678749246 0.0010396151019448467 -3.747709854904148e-07 -2.5237279875005368e-06 -3.6464261280843648e-06 -0.0014767773369656876 -0.00040660257414055199 1.5155951830458247e-05 -3.1044423698858984e-06 6.6261714956335847e-06 9.368419558706234e-06 0.00082279317067351107 6.5028483230969619e-07 4.2798204952657256e-07 -5.9486561971896301e-06 1.5980150489781203e-05 2.1932617270609987e-06 -4.2690301451890693e-06 -2.6215682384085024e-05 -3.4956610405477503e-06 -0.00095303813900921399 -0.00095757396571673951 3.8586857259989584e-05 -3.2579399492936512e-06 -2.9251941924808535e-06 1.3450669323819714e-06 2.7612855498193624e-05 -4.6370338402335801e-06 3.465694403699796e-06 -0.00057136170168655407 0.00041962583026778586 -1.2205369460714515e-05 0.0010685699659851678 2.4051301437662538e-05 2.1315977093991734e-05 1.6549608726823539e-05
leaf_weight=20 27 25 35 21 25 22 20 20 38 20 20 38 22 32 30 21 37 36 29 37 35 21 31 22 27 37 21 26 37 20 22 25 38 22 37 20 29 20 21 26 20 30 20 21 28 21 27 22 26 21 20
leaf_count=20 27 25 35 21 25 22 20 20 38 20 20 38 22 32 30 21 37 36 29 37 35 21 31 22 27 37 21 26 37 20 22 25 38 22 37 20 29 20 21 26 20 30 20 21 28 21 27 22 26 21 20
internal_value=8.77193e-05 -0.000199569 -0.000348837 -0.0015 0.00069161 0.00214286 0.000238095 -5.74713e-05 0 -0.000743802 0.001 -0.00131868 0.000430622 0.000606061 0.000384615 0.000314286 0.000598802 1.67224e-05 0.000394191 -0.00155172 -0.00261062 -0.00179487 0.00125 0.000337838 -0.000575221 5.79151e-05 0.000428571 0.00205882 0.000119048 -0.000789474 -0.000348837 0.000132275 -0.000670103 -0.00183333 0.000978261 -0.00175 -0.000694444 -0.00193878 0.00171642 0.00138298 0.00195652 0.00209091 0.00138889 0.000365854 -5.26316e-05 0.00109756 -0.00153061 0.00377551 -0.000925926 0.000714286 0.00275
internal_weight=1368 927 860 200 441 91 42 87 660 242 60 182 418 396 364 350 334 299 241 58 113 78 128 296 113 259 210 51 84 57 43 189 97 60 92 40 144 49 67 47 92 55 72 41 95 41 49 49 54 42 40
internal_count=1368 927 860 200 441 91 42 87 660 242 60 182 418 396 364 350 334 299 241 58 113 78 128 296 113 259 210 51 84 57 43 189 97 60 92 40 144 49 67 47 92 55 72 41 95 41 49 49 54 42 40
is_linear=0
shrinkage=0.005


Tree=28
num_leaves=55
num_cat=0
split_feature=62 72 13 22 10 7 6 36 23 79 38 44 45 92 6 92 29 10 23 2 10 92 61 72 16 3 1 31 80 31 44 13 29 61 24 93 24 2 72 31 45 0 19 7 93 16 81 23 7 39 0 31 23 1
split_gain=8.23034 13.6232 11.5975 9.68314 9.79765 8.63601 8.07527 13.3768 8.04533 7.99442 9.86028 10.2855 7.90708 12.4851 7.56792 7.00417 6.73775 7.03995 6.98358 8.23486 7.70488 7.21476 6.944 6.36667 7.76866 6.1662 6.10514 8.10054 5.93337 6.93946 6.66875 7.58634 7.34457 6.40346 5.72462 5.4882 5.42428 5.41799 5.28645 5.20592 6.20724 5.03806 4.26667 4.09389 7.02789 3.93397 3.80581 3.13043 2.5 2.5 1.67832 1.6 1.6 0.9
threshold=1080.4035000000001 963.10000000000014 2659.0000000000005 57.250000000000007 27588.050000000003 17.535000000000004 2999.9100000000003 84.250000000000014 85.750000000000014 252.74453640078653 4.6250000000000009 4.0625000000000009 23648.500000000004 24587.522081250008 3782.2350000000001 23828.537243750008 58.750000000000007 43039.150000000009 98.250000000000014 3367.1255000000006 34940.55000000001 21997.804375000003 31851.950000000001 1778.2500000000002 6233.4000000000005 15394.150000000001 15538.366500000002 4.9250000000000016 28461.162500000002 17.525000000000002 3.0824999809265141 2258.9000000000005 83.750000000000014 29270.350000000002 10.025000000000002 422.53700924608825 9.1250000000000018 2923.1890000000008 1177.6875000000002 4.3250000000000011 22948.500000000004 35926.700000000004 578.20000000000016 20.570000000000004 418.85580369843535 6031.2000000000016 4271.1185818289323 98.750000000000014 16.770000000000003 188.25000000000003 29423.500000000004 8.9750000000000014 94.750000000000014 16919.200000000004
decision_type=2 2 2 2 2 2 2 2 2 2 2 2 2 2 2 2 2 2 2 2 2 2 2 2 2 2 2 2 2 2 2 2 2 2 2 2 2 2 2 2 2 2 2 2 2 2 2 2 2 2 2 2 2 2
left_child=1 6 -3 -2 8 34 41 42 -5 10 -7 15 38 47 -10 -12 -9 18 19 26 22 25 49 28 -25 -22 39 53 33 30 43 -32 -33 -11 48 36 -34 -23 -4 -18 -41 46 -8 -30 -45 50 -1 -14 -6 -20 -40 -17 -44 -28
right_child=3 2 12 4 5 9 7 16 14 23 11 -13 13 -15 -16 51 17 -19 20 -21 21 37 -24 24 -26 -27 27 -29 29 -31 31 32 35 -35 -36 -37 -38 -39 45 40 -42 -43 52 44 -46 -47 -48 -49 -50 -51 -52 -53 -54 -55
leaf_value=-9.260054977702315e-06 -4.5625721344794448e-05 7.4325018045549461e-06 -0.00032014474186603645 0.00061166361762656342 0.001590241214285397 -1.939448667175745e-05 0.00029938633199425653 0.00019140834320851785 -0.00079762074034788941 0.00019886880545449297 2.2525809742627471e-06 -5.4656996836089623e-06 -0.00074019348596295238 1.929919059807574e-05 0.00073933059189673807 -4.6950896126729416e-06 -0.00024116238173522625 -0.00044593150809433212 -0.015642814127899668 -4.4736496793905072e-05 -0.0034433510222665474 -8.0755686815511262e-07 -1.3891376922400293e-06 -1.488659038860844e-05 8.0788745105490535e-07 4.1707857492325256e-06 0.0034315359412993743 7.4259204225521258e-06 0.0010421466653898898 -1.6742690433146764e-06 -0.00021510973643906007 -2.5696415361676471e-06 0.00073014687556948951 -6.0221542068024492e-06 1.5728529958587691e-07 -1.4318927750506573e-07 3.847108652980763e-06 0.00034994392980896427 -0.0015164197380985879 0.00023634062975111497 -8.226541694514945e-06 1.1578079477842471e-06 0.00020722078431175133 -5.4347494495067103e-06 9.3105410720011739e-06 -9.8626067802028112e-05 -3.4379332891299917e-06 -0.0009010768113787024 4.7605642874708279e-06 -2.0023841021755792e-05 -0.0020296841916479904 3.4189927890023131e-07 0.0026366842503122833 0.00021730059791209215
leaf_weight=21 32 39 30 25 20 25 24 22 21 22 24 22 23 35 37 20 20 36 20 21 21 21 33 23 20 23 20 38 20 21 27 33 38 20 25 21 31 27 22 29 28 20 20 20 34 21 20 23 20 20 30 20 20 20
leaf_count=21 32 39 30 25 20 25 24 22 21 22 24 22 23 35 37 20 20 36 20 21 21 21 33 23 20 23 20 38 20 21 27 33 38 20 25 21 31 27 22 29 28 20 20 20 34 21 20 23 20 20 30 20 20 20
internal_value=6.57895e-05 -0.000287818 -0.00132287 0.000491143 0.000636672 0.000375494 0.000152672 0.00037797 0.00222892 0.000124717 -0.00103604 -0.000232558 -0.00184783 -0.000679012 0.0012069 0.00078125 3.7594e-05 -0.000119363 0.000102639 0.000795455 -0.000636364 0.000326087 -0.00184932 0.000515152 -0.00127907 -0.00113636 0.00119355 0.00217949 0.000783972 0.00108163 0.00133929 0.000733333 0.00126016 -0.000952381 0.00207692 0.002 0.00268116 0.00166667 -0.00276699 0.000194805 0.000964912 -0.00155738 0.0025 0.00256757 0.00185185 -0.00349315 -0.00256098 -0.0023913 0.00325 -0.00325 -0.00423077 -0.0005 0.0035 0.00375
internal_weight=1368 747 223 621 589 506 524 463 83 441 111 86 184 81 58 64 399 377 341 176 165 92 73 330 43 44 155 78 287 245 224 150 123 42 65 90 69 48 103 77 57 61 64 74 54 73 41 46 40 40 52 40 40 40
internal_count=1368 747 223 621 589 506 524 463 83 441 111 86 184 81 58 64 399 377 341 176 165 92 73 330 43 44 155 78 287 245 224 150 123 42 65 90 69 48 103 77 57 61 64 74 54 73 41 46 40 40 52 40 40 40
is_linear=0
shrinkage=0.005


Tree=29
num_leaves=54
num_cat=0
split_feature=68 64 75 75 36 75 30 37 93 21 30 3 98 38 100 46 30 43 24 64 66 97 22 72 89 63 21 75 38 98 34 43 19 34 3 34 63 3 22 38 16 24 43 43 97 22 69 64 24 63 98 34 22
split_gain=10.6036 15.2633 13.4235 14.7604 12.314 11.9866 11.371 12.1989 11.2331 14.3056 9.47263 9.375 9.35617 9.13513 8.48529 8.37808 8.30085 8.23681 8.69928 7.9165 7.36865 6.67008 6.48763 14.7622 8.25178 7.09929 7.15016 7.59852 6.41212 6.21431 5.90883 8.86649 7.71429 7.43355 8.85728 6.5293 5.88378 5.7619 5.33333 5.17094 8.45873 4.46377 4.08333 3.85889 6.02151 3.32255 3.09298 3.06539 2.99389 2.71515 2.65646 1.20984 0.9
threshold=1395.4000000000003 961.11750000000018 283.80372507480314 516.37624582689762 83.750000000000014 186.40294983700332 98.750000000000014 97.250000000000014 412.8120512820513 20.925000000000004 99.750000000000014 14154.350000000002 0.079861111111111119 5.9750000000000014 1.0000000180025095e-35 107.95000076293947 95.250000000000014 92.430000305175795 8.4250000000000025 1363.3770000000002 1018.5000000000001 0.34375000000000006 89.250000000000014 0.92250000000000021 1230.5092312500001 33801.350000000013 27.725000000000005 478.0589815176711 10.675000000000002 0.64930555555555569 73.750000000000014 79.545001983642592 621.95000000000016 82.250000000000014 13223.100000000002 113.25000000000001 32793.05000000001 13058.400000000001 90.250000000000014 8.0250000000000021 5737.8000000000011 7.7250000000000005 83.510002136230483 85.885002136230483 0.65625000000000011 73.250000000000014 32479.700000000004 1.0010000000000001 10.975000000000001 29098.400000000005 0.010416666666666668 50.750000000000007 84.750000000000014
decision_type=2 2 2 2 2 2 2 2 2 2 2 2 2 2 2 2 2 2 2 2 2 2 2 2 2 2 2 2 2 2 2 2 2 2 2 2 2 2 2 2 2 2 2 2 2 2 2 2 2 2 2 2 2
left_child=1 12 5 20 8 14 7 13 9 38 16 37 22 -6 -3 43 21 30 -19 -9 -4 -10 25 24 -24 26 27 -1 -11 -23 31 32 -14 46 -35 36 -36 -5 -2 40 -7 -26 -13 44 49 -12 -32 -25 51 -8 -28 -22 -45
right_child=4 2 3 11 6 39 15 19 10 28 45 42 17 -15 -16 -17 -18 18 -20 -21 48 29 23 47 41 -27 50 -29 -30 -31 33 -33 -34 34 35 -37 -38 -39 -40 -41 -42 -43 -44 52 -46 -47 -48 -49 -50 -51 -52 -53 -54
leaf_value=-0.00011740363110378832 -0.00087482258085879632 -1.3112803633395701e-05 3.9122158669912301e-05 1.4009339351585052e-05 1.8158305912510946e-07 -1.2253398769272711e-07 -0.00051653973731525897 -1.2793870854833485e-05 -0.00010700639031003963 -1.4133758708086749e-06 3.0823597766541628e-06 8.5944790429016408e-06 -1.8856002019830826e-05 -0.00028896097517977037 0.00084928352751773007 5.4281013698402846e-06 -5.2338624295037923e-06 0.0011457191828520227 -0.00012426878925204208 2.4540219044088323e-06 0.0010473280047397708 0.00069792602683580352 0.0034210495224753631 -0.0033545215046121876 -4.8266911407050879e-05 -5.7410753287756961e-06 0.0021704846707151369 0.00036011906950705652 7.6121946667752067e-05 8.5824118765680312e-07 -2.2631451735921165e-05 -0.0013497463069113396 0.00030397976114372423 -0.00094002261109271039 -6.4171070924390272e-06 -0.00020552969852060548 2.117354773457851e-05 0.00080861657176284709 -5.4647472194214792e-06 0.00013290360053976397 -0.00037995679771555006 0.00034819421015991938 -0.00049685362838962756 -0.00025632313256577415 9.4511232787374325e-09 2.4889396429860803e-05 -3.1466975024854319e-05 -0.00060264414958563625 0.00053731490255131222 -0.00089914070785240569 0.00090104970582929194 0.0016297891057125361 -6.23431370459222e-05
leaf_weight=23 30 33 27 27 37 21 20 23 24 24 21 24 21 37 36 20 26 23 25 29 20 21 23 33 23 31 22 24 20 34 20 31 21 24 35 24 24 21 20 20 24 21 24 20 20 32 26 24 23 22 29 41 20
leaf_count=23 30 33 27 27 37 21 20 23 24 24 21 24 21 37 36 20 26 23 25 29 20 21 23 33 23 31 22 24 20 34 20 31 21 24 35 24 24 21 20 20 24 21 24 20 20 32 26 24 23 22 29 41 20
internal_value=0 0.000334101 0.00115836 0.00195652 -0.00058 -7.46269e-05 -0.00137097 -0.00031746 0.000198413 -0.00117021 0.00101266 0.000520833 -0.000199241 -0.00162162 0.00137681 -0.00245902 0.000142857 -0.000839416 0.00104167 0.00153846 0.0031982 0.000949367 0.000494071 -0.000322581 0.00126866 0.00127907 0.00193878 0.000531915 0.000909091 0.00190909 -0.00123894 -6.84932e-05 0.00142857 -0.00179739 -0.00107477 -0.000301205 0.00059322 0.00208333 -0.003 -0.00161538 -0.00255556 0 -0.00104167 -0.00303922 -0.00225806 0.00273585 -0.00347826 -0.00219298 0.00392857 -0.00333333 0.00323529 0.0045082 -0.00425
internal_weight=1368 868 341 207 500 134 248 126 252 94 158 96 527 74 69 122 105 274 48 52 111 79 253 124 67 129 98 47 44 55 226 73 42 153 107 83 59 48 50 65 45 44 48 102 62 53 46 57 84 42 51 61 40
internal_count=1368 868 341 207 500 134 248 126 252 94 158 96 527 74 69 122 105 274 48 52 111 79 253 124 67 129 98 47 44 55 226 73 42 153 107 83 59 48 50 65 45 44 48 102 62 53 46 57 84 42 51 61 40
is_linear=0
shrinkage=0.005


Tree=30
num_leaves=51
num_cat=0
split_feature=74 72 36 95 11 79 40 20 69 4 89 11 74 74 8 2 74 78 80 43 10 69 29 27 44 66 71 19 11 8 31 13 10 31 11 31 40 37 83 92 73 10 27 5 40 99 45 44 29 10
split_gain=13.0736 11.6081 14.0933 12.892 10.2054 12.109 9.63069 9.5291 9.34905 10.4846 8.72346 8.58197 8.41692 7.51811 7.47756 6.30011 5.66911 10.64 5.54168 7.68332 5.31369 10.0656 8.72556 16.1648 8.32572 8.18148 7.96574 7.89398 6.79191 8.97688 9.88721 7.64341 7.34162 6.0424 5.57736 5.15574 5.94711 4.94036 4.83157 4.55219 4.3086 6.36068 4.08936 4.05867 3.49299 3.10218 3.01385 2.91548 2.77778 1.03704
threshold=263.10938541666673 965.41600000000005 92.250000000000014 1.0000000180025095e-35 34623.400000000009 594.37425965232001 75.250000000000014 1715.6000000000001 30657.700000000004 10578.365000000002 1058.9730937500001 40092.950000000004 861.3407395833334 1151.6348645833334 404.78390873015877 2897.1290000000004 1200.7227395833336 1403.9095451388891 37627.223263888896 76.630001068115249 30925.300000000007 30586.500000000004 93.250000000000014 32.750000000000007 2.8000000715255742 1601.5500000000002 1169.1900000000003 1473.5000000000002 35837.30000000001 411.98921052631584 9.4750000000000014 3049.2500000000005 32344.000000000004 9.7750000000000021 38420.700000000004 3.5250000000000008 148.25000000000003 72.250000000000014 2620.7499999999968 22281.525812500004 882.39800000000014 33049.500000000007 78.250000000000014 10079.605000000001 83.750000000000014 0.11458333333333336 24455.000000000004 2.9424999952316289 78.750000000000014 35071.500000000007
decision_type=2 2 2 2 2 2 2 2 2 2 2 2 2 2 2 2 2 2 2 2 2 2 2 2 2 2 2 2 2 2 2 2 2 2 2 2 2 2 2 2 2 2 2 2 2 2 2 2 2 2
left_child=10 2 3 7 5 16 -5 8 9 12 -1 38 14 -14 -2 -9 45 -18 -13 -20 21 27 23 26 -23 -26 47 33 -25 31 32 -30 -31 -6 -33 -12 42 -34 40 -17 41 -10 -37 -40 -19 -3 -24 -22 -43 -8
right_child=1 4 -4 6 20 -7 49 15 11 -11 35 18 13 -15 -16 39 17 44 19 -21 22 24 46 28 25 -27 -28 -29 29 30 -32 34 37 -35 -36 36 -38 -39 43 -41 -42 48 -44 -45 -46 -47 -48 -49 -50 -51
leaf_value=1.1677608393725783e-05 -0.00061392327076220871 -0.0017085306250502882 -4.3898146835586495e-05 0.00036119976229064476 6.1733307329999765e-06 1.5778668712431058e-05 0.0013932477067541119 0.001722779422385437 -9.785378560285343e-06 0.0022446124617183185 -0.0028636397667255948 -7.6304708945170422e-06 0.00078544771195563246 -1.0035299032881005e-05 0.00011732704999069687 0.00013130398924076047 9.2676291227341171e-05 -4.2053355106843862e-06 6.5060576369259615e-05 0.0034249836638024088 -1.0918057971280729e-05 0.00014141323436012802 5.1160814174094588e-07 1.1380538227111745e-05 -1.2096223046295514e-06 1.0167748915523619e-05 -5.5046732934977022e-07 0.00026763045973524047 4.9019841766154118e-06 -3.7558657806987279e-06 3.0669479777708916e-06 -3.568597063029343e-06 -4.36231625605213e-06 -3.257455907391349e-05 -0.00034854132682171011 -0.00081753037187640685 4.5705420365021933e-06 9.6139885206658505e-06 -1.2892758260925917e-05 -2.3823241446503269e-07 1.7290064713009903e-05 8.8511818025478786e-06 -0.00089602748748970201 -0.00034297827930219229 -0.032446276632470988 -0.0010065570017526594 2.8054540550634106e-05 -0.00078796786311346523 -9.2037419688380013e-06 0.032815970783225568
leaf_weight=32 34 25 22 29 21 31 27 21 20 32 23 39 38 24 20 32 29 28 29 22 29 28 20 38 24 30 36 27 20 20 39 29 28 25 22 32 25 34 23 22 20 25 37 22 22 24 22 22 20 21
leaf_count=32 34 25 22 29 21 31 27 21 20 32 23 39 38 24 20 32 29 28 29 22 29 28 20 38 24 30 36 27 20 20 39 29 28 25 22 32 25 34 23 22 20 25 37 22 22 24 22 22 20 21
internal_value=2.19941e-05 0.000193416 0.000738007 0.000903846 -0.000245171 -0.0013522 0.00279221 0.000575621 0.000244565 0.00121622 -0.00137584 -0.000409091 0.000517241 0.00177419 -0.000925926 0.0022 -0.00203125 -0.00120253 0.000777778 0.00186275 9.72763e-05 0.000870968 -0.000236769 -0.000520505 0.00207317 0.000925926 -0.00235632 -0.000479452 0.000173913 -0.000208333 0.000619835 -0.00161972 -0.000365854 -0.00173913 -0.00264706 -0.00200855 -0.00148936 0.000483871 -0.00123077 0.0012963 -0.000529412 -0.00115385 -0.00224638 -0.00255556 -0.0026 -0.00336735 0.00190476 -0.00362745 -0.000111111 0.00416667
internal_weight=1364 1215 542 520 673 159 77 443 368 148 149 220 116 62 54 75 128 79 90 51 514 155 359 317 82 54 87 73 230 192 121 71 82 46 51 117 94 62 130 54 85 65 69 45 50 49 42 51 45 48
internal_count=1364 1215 542 520 673 159 77 443 368 148 149 220 116 62 54 75 128 79 90 51 514 155 359 317 82 54 87 73 230 192 121 71 82 46 51 117 94 62 130 54 85 65 69 45 50 49 42 51 45 48
is_linear=0
shrinkage=0.005


Tree=31
num_leaves=52
num_cat=0
split_feature=41 79 23 38 82 35 82 75 17 71 6 14 16 16 73 81 38 77 57 27 27 27 8 6 35 61 85 30 41 67 89 19 91 37 73 2 16 97 95 91 91 30 34 89 45 41 97 6 79 85 23
split_gain=13.7802 14.3159 10.5067 10.7698 11.2388 10.0377 9.5383 11.8533 8.49615 9.9071 8.0918 8.05664 7.88396 12.577 10.2898 7.44897 7.68073 7.11305 7.34309 6.89975 7.43266 7.88131 8.04777 7.18858 6.68848 6.92156 8.98182 7.01538 6.63908 6.21862 12.3865 6.06532 6.04926 5.9727 5.90635 5.88395 5.7058 5.5934 5.12741 5.03704 4.75233 4.61731 4.60366 6.78645 7.52695 3.54462 3.07302 3.01385 2.91255 2.27665 1.6
threshold=81.750000000000014 103.54911012464049 98.750000000000014 7.625 1278.7500000000002 22.525000000000002 8.3799999999999972 248.54920083025914 205.75000000000003 1398.9500000000003 3698.5950000000007 15730.050000000001 5471.3000000000011 3878.2500000000005 790.14750000000015 4256.7321598823446 8.4750000000000032 4408.7584068399674 1.0000000180025095e-35 118.25000000000001 104.75000000000001 62.250000000000007 403.61159523809528 6058.6050000000005 25.675000000000004 36691.600000000013 1509.9500000000003 84.250000000000014 47.750000000000007 31298.500000000004 1107.9834187500003 554.45000000000016 28986.169218750005 57.250000000000007 1251.9000000000003 2995.9500000000003 5654.8000000000002 0.13541666666666671 1.0000000180025095e-35 29986.404187500004 27729.295506250004 98.750000000000014 62.250000000000007 1493.06454375 24332.500000000004 95.250000000000014 0.13541666666666671 4552.21 469.78158891505171 1682.4000000000003 95.250000000000014
decision_type=2 2 2 2 2 2 2 2 2 2 2 2 2 2 2 2 2 2 2 2 2 2 2 2 2 2 2 2 2 2 2 2 2 2 2 2 2 2 2 2 2 2 2 2 2 2 2 2 2 2 2
left_child=2 -2 5 4 8 -1 7 39 9 12 34 -11 13 -4 33 16 -5 18 37 20 21 31 23 -23 -24 26 -26 -28 -8 30 -20 -12 -15 -14 -3 -22 -18 -9 -17 -7 -38 -10 46 44 -44 -29 -30 -6 -25 -16 -47
right_child=1 10 3 15 47 6 28 17 41 11 19 -13 14 32 49 38 36 -19 29 -21 35 22 24 48 25 -27 27 45 42 -31 -32 -33 -34 -35 -36 -37 40 -39 -40 -41 -42 -43 43 -45 -46 50 -48 -49 -50 -51 -52
leaf_value=-0.00026888194442982043 6.9048272676545348e-06 -0.00030601895208748266 -0.0032295935730268246 0.00064067438371154944 -0.00013112397897904041 -2.7752074658043243e-06 -5.8506638223637219e-06 1.0673267736921489e-05 -3.4157588884813417e-07 3.3811435503124839e-07 -0.0010235176057797578 0.00074861773642531497 -1.0304152886438938e-05 0.00034141345346539538 -0.001254930824839674 3.9356217031295314e-06 -0.00099501598465747809 -5.8588299439215587e-06 0.00045008843168682368 0.0017356768160302436 -8.5419096139801242e-05 -2.0427000247449806e-05 0.00030351421703388523 8.6668068241345833e-05 -0.003399059365173322 1.7007753816863099e-05 9.3510193521666273e-06 -1.9023050835024098e-05 5.6672103765524218e-05 0.00064549626658634541 -0.00016178555577289446 -1.7762839416378827e-05 6.2958371405135908e-07 7.0445580657156059e-05 -3.344254024231785e-06 -0.0018337408058545397 0.00043478357805195206 0.00026120493837403772 4.2990274506217141e-05 3.0359634062512731e-07 -4.7803007172805421e-06 -6.2252194659930712e-05 0.00015874585367264975 0.0015045990436045504 -1.2420932917355732e-06 -1.2363133023556407e-05 9.5908684906961634e-05 -1.2533834225217175e-05 0.001454828904222904 -0.00045130777557057539 6.8881857835902229e-06
leaf_weight=20 30 36 20 27 20 27 29 37 32 27 27 24 20 26 20 39 28 27 22 21 25 22 29 22 22 38 30 25 20 24 30 38 21 29 20 22 21 38 23 24 34 20 27 37 25 20 36 22 20 21 20
leaf_count=20 30 36 20 27 20 27 29 37 32 27 27 24 20 26 20 39 28 27 22 21 25 22 29 22 22 38 30 25 20 24 30 38 21 29 20 22 21 38 23 24 34 20 27 37 25 20 36 22 20 21 20
internal_value=2.19941e-05 -0.000674518 0.000384615 -0.000126582 -0.000695364 0.000957447 0.00112903 0.000458515 -0.000307692 0.000144231 -0.00090389 0.00205882 -0.000477707 0.000820896 -0.00144444 0.000872093 9.09091e-05 0.00106742 0.00149007 -0.000643045 -0.000805556 -0.000527157 -0.000120968 0.00140625 -0.000652174 -0.00106452 -0.00166667 -0.001 0.00201149 0.000394737 -0.000576923 -0.00207692 0.00223404 0.000102041 -0.00267857 -0.00265957 -0.000662651 0.0026 0.00225806 -0.00166667 0.000272727 -0.00211538 0.00244828 0.00174157 0.000576923 -0.00192308 0.00357143 -0.00309524 0.00261905 -0.00329268 -0.001
internal_weight=1364 467 897 474 302 423 403 229 260 208 437 51 157 67 90 172 110 178 151 381 360 313 248 64 184 155 117 95 174 76 52 65 47 49 56 47 83 75 62 51 55 52 145 89 52 65 56 42 42 41 40
internal_count=1364 467 897 474 302 423 403 229 260 208 437 51 157 67 90 172 110 178 151 381 360 313 248 64 184 155 117 95 174 76 52 65 47 49 56 47 83 75 62 51 55 52 145 89 52 65 56 42 42 41 40
is_linear=0
shrinkage=0.005


Tree=32
num_leaves=50
num_cat=0
split_feature=76 13 40 27 38 2 68 19 19 67 39 21 58 69 25 71 93 40 100 69 86 7 29 69 19 13 87 93 36 25 75 39 62 76 94 39 79 69 39 14 23 46 29 21 37 87 68 28 13
split_gain=11.0163 10.4131 9.37365 10.8851 10.8681 8.29113 7.89814 10.3336 9.54076 11.0556 9.9479 9.68073 8.78905 8.69343 9.61692 11.283 8.63523 7.83949 7.60232 7.5645 8.68503 7.56044 8.34381 10.19 8.92172 7.35817 7.17658 6.65002 7.95116 8 6.91964 10.5625 8.11027 6.76923 6.03269 5.85546 7.66922 5.56706 5.88 5.50476 5.26753 4.83746 4.52044 4.9373 4.49299 3.42857 3.31363 2.5 0.44971
threshold=20528.541666666668 298.10000000000008 161.25000000000003 100.75000000000001 4.325000000000002 2110.2500000000005 1490.2360000000001 591.50000000000011 386.95000000000005 30970.050000000003 198.25000000000003 24.125000000000004 -0.6830127018922193 36125.55000000001 22.250000000000004 1171.5155000000002 413.37847744360909 93.250000000000014 0.57986111111111127 30978.550000000003 1.0175000000000003 831.82500000000016 89.250000000000014 34567.400000000009 1385.4000000000003 3245.2000000000003 0.53125000000000011 412.8497132253712 84.750000000000014 27.000000000000004 275.14037834895652 140.25000000000003 1476.2020000000002 31343.943750000002 651990.79045625008 120.25000000000001 398.63546001882656 37677.150000000001 210.25000000000003 18224.450000000004 81.250000000000014 102.08499908447267 82.750000000000014 19.125000000000004 80.250000000000014 0.32291666666666669 345.10000000000008 24.025000000000002 8492.5500000000011
decision_type=2 2 2 2 2 2 2 2 2 2 2 2 2 2 2 2 2 2 2 2 2 2 2 2 2 2 2 2 2 2 2 2 2 2 2 2 2 2 2 2 2 2 2 2 2 2 2 2 2
left_child=-1 -2 3 5 45 -3 7 8 9 12 48 -11 -7 14 15 -9 26 46 27 -4 39 22 23 24 40 -14 42 30 34 -30 32 -32 -8 -31 35 -29 -37 38 -15 -21 -18 -19 -16 -44 -23 -5 -6 -24 -10
right_child=1 2 19 4 17 6 18 13 10 11 -12 -13 25 37 16 -17 21 41 -20 20 -22 44 47 -25 -26 -27 -28 28 29 33 31 -33 -34 -35 -36 36 -38 -39 -40 -41 -42 -43 43 -45 -46 -47 -48 -49 -50
leaf_value=0.0007006503034568093 -0.0014925867587383848 -0.00056124508548950321 0.00073049458045349456 -0.00048173967682886061 0.0009204419523917304 0.00011925385644950663 9.1779569429997732e-05 -3.2147336850379637e-05 -0.00025852713887283634 0.00032957583326005305 4.7404649859115905e-06 4.1209552628165437e-06 1.455991792193795e-05 -0.00058305894992944924 0.0019819792532789018 0.00038624561649388726 -1.1854841913879689e-05 -3.1972349659088946e-05 -0.0016957605581482444 0.00014410567698291163 -1.2464845976460055e-05 6.5473636802498944e-05 0.0005396346063152789 1.099534200847387e-05 3.5922274668380857e-06 -0.00093348405881918221 3.3994741778449734e-05 9.05107853301883e-06 -3.6734188542988274e-05 4.4816664612259105e-06 -0.0010447262754755241 -5.8765929853672024e-06 -1.1078079110461775e-06 -2.4184576724749881e-06 1.8561675144374611e-05 6.8398841174800445e-07 -2.5111753524889262e-06 7.5009012016649506e-06 2.0196865957466423e-06 -2.1425972929694783e-06 -2.9637197584616533e-05 -0.00090468616249181539 0.0010265425221406483 2.4370027384161476e-05 0.00029545339328420072 -0.00089192123693950171 -9.989593447228549e-08 6.3782974561078363e-06 -0.00054248458747320049
leaf_weight=21 21 37 25 21 20 39 25 21 21 23 33 32 28 30 35 25 20 37 26 35 27 22 20 21 34 33 20 33 24 39 32 32 37 33 24 39 29 35 20 21 22 22 31 23 28 21 27 20 20
leaf_count=21 21 37 25 21 20 39 25 21 21 23 33 32 28 30 35 25 20 37 26 35 27 22 20 21 34 33 20 33 24 39 32 32 37 33 24 39 29 35 20 21 22 22 31 23 28 21 27 20 20
internal_value=-2.19941e-05 -7.81832e-05 -2.26929e-05 -0.00014827 -0.00141892 2.81426e-05 0.000111759 0.000442073 -0.000414847 0.000290323 -0.00189189 0.00209091 -0.0007 0.000901639 0.00125731 -0.000869565 0.00158784 -0.000566038 -0.000469169 0.00138889 0.000662651 0.000935829 0.000328467 -0.000463918 -0.00131579 -0.00188525 0.00270642 -0.000273775 0.000248869 -0.000833333 -0.00119048 -0.00234375 0 0 0.00108 0.000544554 -0.000294118 -0.000529412 -0.0016 0.00178571 -0.00285714 -0.00177966 0.00331461 0.00240741 0.0026 -0.00357143 0.000957447 0.00225 -0.00353659
internal_weight=1364 1343 1322 1214 148 1066 1029 656 229 155 74 55 100 427 342 46 296 106 373 108 83 187 137 97 76 61 109 347 221 96 126 64 62 72 125 101 68 85 50 56 42 59 89 54 50 42 47 40 41
internal_count=1364 1343 1322 1214 148 1066 1029 656 229 155 74 55 100 427 342 46 296 106 373 108 83 187 137 97 76 61 109 347 221 96 126 64 62 72 125 101 68 85 50 56 42 59 89 54 50 42 47 40 41
is_linear=0
shrinkage=0.005


Tree=33
num_leaves=51
num_cat=0
split_feature=72 34 46 11 70 82 71 14 45 25 63 39 100 36 11 6 27 10 69 10 29 10 2 87 91 25 25 73 36 72 81 10 16 69 14 69 81 32 91 72 93 25 25 23 2 36 75 3 39 23
split_gain=7.92026 12.7204 11.8004 9.87706 14.2338 9.01258 8.91663 8.91541 10.0779 9.0394 8.43334 8.01665 7.65874 7.56697 8.24653 9.33202 7.42731 7.34201 7.0455 7.16734 7.96793 11.3131 7.51553 5.74479 5.41385 5.32253 9.93995 6.9225 5.03253 5.00087 4.98462 6.91429 4.85637 4.7778 4.7192 4.54245 7.14286 6.14967 4.44444 4.29469 4.25933 6.19201 7.30208 5.96514 4 3.96825 3.86786 3.6878 3.65801 2.93333
threshold=959.8850000000001 68.750000000000014 110.77499771118165 34623.400000000009 1045.6005000000002 -1.0000000180025095e-35 1305.5480000000002 17079.350000000002 25402.500000000004 45.250000000000007 32386.550000000003 116.25000000000001 0.40625000000000006 84.750000000000014 31920.950000000004 8356.6150000000016 47.750000000000007 32874.30000000001 35424.350000000013 30728.000000000004 83.250000000000014 34574.700000000004 2487.4500000000003 0.32291666666666669 34255.117643750003 49.750000000000007 32.750000000000007 1002.4015000000001 85.750000000000014 0.9820000000000001 4271.1185818289323 30111.250000000004 5954.3500000000013 31581.400000000005 13347.1 35926.700000000004 4238.168459158268 194.75000000000003 24599.117687500006 1601.7 410.90585695006752 183.75000000000003 119.25000000000001 96.250000000000014 3275.4000000000005 87.250000000000014 397.9889480047471 15174.600000000002 199.25000000000003 91.750000000000014
decision_type=2 2 2 2 2 2 2 2 2 2 2 2 2 2 2 2 2 2 2 2 2 2 2 2 2 2 2 2 2 2 2 2 2 2 2 2 2 2 2 2 2 2 2 2 2 2 2 2 2 2
left_child=1 10 3 4 46 13 38 18 9 -9 11 -1 49 -3 -15 29 -7 39 19 28 21 -21 -22 -17 -20 26 27 -24 30 -16 31 -5 -25 -8 -27 37 -37 -18 -6 -11 43 42 -42 -39 -12 -23 -2 -34 -38 -13
right_child=2 5 -4 7 6 16 33 8 -10 17 44 12 -14 14 15 23 35 -19 24 20 22 45 25 32 -26 34 -28 -29 -30 -31 -32 -33 47 -35 -36 36 48 40 -40 -41 41 -43 -44 -45 -46 -47 -48 -49 -50 -51
leaf_value=-1.6120184236436828e-06 -0.0023878559589536451 0.00040288367538897834 2.8603626044231088e-05 -2.6042729206720641e-06 6.4282872707292478e-05 -1.4159492735218131e-05 -1.6950272308304446e-06 -0.00013552376041459124 -0.00051182072490100789 3.8471366344588906e-07 1.66273711231023e-05 0.0036040791503158388 0.00012772509315787174 -0.0011020929909760756 0.0015249997257409339 1.591793860289815e-06 -6.6203392833996838e-06 2.104731121330758e-06 1.065187831115002e-05 -0.00016464353528890808 4.7788747006529601e-06 1.0914691440584465e-06 2.1254199163023194e-06 -7.9417631973358707e-06 1.9544038899000393e-06 -3.6291439192331232e-06 5.6733125469229431e-06 -3.4352864182639918e-06 -8.1941909133665669e-07 -4.044607278863272e-06 0.00049567730011496351 0.00019173307098611418 -0.0034358904451425804 -0.0024417248318218173 -1.0060024967551395e-06 -8.4832138910806798e-05 0.00016970641576530919 -1.0641836401446697e-05 -0.00017195542173623158 -4.5357285309201348e-06 6.6599989157980992e-05 0.0084190409303391538 -1.6206205224378583e-06 0.0012309817742659176 -9.1208493075166683e-06 -7.499015141981066e-06 -0.0010570796743317602 -0.00055283180455800219 -5.3456794129711213e-06 0.001146057343360418
leaf_weight=32 32 31 25 24 24 35 30 30 24 31 25 33 39 22 20 38 32 38 27 21 35 24 23 32 23 21 27 29 35 22 20 21 21 23 26 21 20 27 36 22 25 30 26 24 20 21 28 20 22 27
leaf_count=32 32 31 25 24 24 35 30 30 24 31 25 33 39 22 20 38 32 38 27 21 35 24 23 32 23 21 27 29 35 22 20 21 21 23 26 21 20 27 36 22 25 30 26 24 20 21 28 20 22 27
internal_value=-1.46628e-05 0.000388199 -0.000375 -0.000496403 -0.00153179 -4.2735e-05 -0.000486726 -0.000153257 -0.0012069 -0.000619835 0.00153409 0.00217557 0.00287879 -0.000825243 -0.00122857 -0.000816993 0.000572519 0.000164835 0.000251989 -1.52905e-05 -0.000506608 -0.0019697 9.31677e-05 -0.00157658 0.002 -0.00047619 0.000316456 -0.000961538 0.0011 0.00119048 0.00192308 0.001 -0.00239726 -0.00198113 -0.00180851 0.000903084 -0.000238095 0.00134146 0.000833333 -0.00103774 0.00181818 0.00253086 0.00147059 0.000686275 -0.000333333 -0.000555556 -0.0035 -0.00353659 0.000952381 0.004
internal_weight=1364 644 720 695 173 468 113 522 145 121 176 131 99 206 175 153 262 91 377 327 227 66 161 111 50 126 79 52 100 42 65 45 73 53 47 227 63 164 60 53 132 81 51 51 45 45 60 41 42 60
internal_count=1364 644 720 695 173 468 113 522 145 121 176 131 99 206 175 153 262 91 377 327 227 66 161 111 50 126 79 52 100 42 65 45 73 53 47 227 63 164 60 53 132 81 51 51 45 45 60 41 42 60
is_linear=0
shrinkage=0.005


Tree=34
num_leaves=52
num_cat=0
split_feature=34 11 27 63 71 24 78 16 26 27 69 32 1 83 0 89 71 11 11 47 24 93 7 35 36 58 35 5 76 94 71 1 38 1 94 30 32 74 94 35 17 5 76 29 38 71 89 83 34 27 7
split_gain=8.37727 10.5266 8.10946 7.97642 7.91621 7.2952 9.13355 6.96146 7.32462 7.81052 11.9647 8.33918 8.12683 9.88475 8.00561 7.96145 10.4031 8.61145 7.5002 6.7616 6.72914 7.97922 7.20596 6.49733 8.33589 6.33425 6.15027 7.41978 6.04086 6.02354 8.4396 5.5825 5.55496 6.60571 5.33347 5.32677 5.36678 5.22616 5.08554 5.02864 4.72481 4.71342 4.1621 3.75045 3.59864 2.72727 2.5 2.44364 2.13611 1.09394 0.981818
threshold=97.750000000000014 39845.750000000007 23.750000000000004 32793.05000000001 1385.8645000000004 9.3750000000000018 1206.2062708333335 7369.0000000000009 1.0000000180025095e-35 93.750000000000014 30745.100000000002 237.25000000000003 13619.250000000002 838.94999999999902 38211.850000000013 1493.06454375 1.0000000180025095e-35 40778.900000000009 44029.900000000009 1.0000000180025095e-35 4.6750000000000016 415.43671052631584 1262.6900000000003 27.625000000000004 89.750000000000014 0.93301270189221952 25.925000000000004 4735.2350000000015 29304.100000000002 626318.88887250016 776.18350000000009 12593.1 4.325000000000002 17505.150000000005 620845.44273468771 50.250000000000007 218.25000000000003 913.08847916666684 528883.14746000012 25.925000000000004 28.100000000000005 6680.630000000001 34748.615625000006 85.250000000000014 5.6250000000000009 1038.4410000000003 1454.5564312500001 1901.7999999999995 68.250000000000014 76.250000000000014 290.51500000000004
decision_type=2 2 2 2 2 2 2 2 2 2 2 2 2 2 2 2 2 2 2 2 2 2 2 2 2 2 2 2 2 2 2 2 2 2 2 2 2 2 2 2 2 2 2 2 2 2 2 2 2 2 2
left_child=2 4 5 -3 23 6 -1 8 43 12 -11 -12 13 -10 15 16 17 34 20 32 21 -18 25 24 47 35 27 45 37 49 44 -30 -13 42 -14 36 -22 -15 -37 -40 -19 -41 -34 -4 -31 -7 -5 -2 -33 -17 -49
right_child=1 3 7 46 -6 26 -8 -9 9 10 11 19 14 28 -16 29 18 40 -20 -21 22 -23 -24 -25 -26 -27 -28 -29 31 30 -32 48 33 -35 -36 38 -38 -39 39 41 -42 -43 -44 -45 -46 -47 -48 50 -50 -51 -52
leaf_value=0.00018577319022745073 -0.00093164575699628872 -1.0488440955947629e-05 -0.0010247909712182532 7.1655610028125105e-05 3.3785806483757466e-06 -0.00062171875018742005 -6.7569956510505724e-06 -6.3225197052942963e-06 0.0002920848261140041 0.00019924170483816728 -0.0060022841388602957 -4.8291006505454658e-05 1.5553973245026384e-05 -0.00026996807010672109 -2.1299582217378622e-05 0.00027053131749012416 0.0006233263744836624 -0.00020563318171601074 0.00011820605125073597 3.3216306245806439e-05 -1.2257141052317501e-06 -3.5183452892846167e-06 0.0019000237839199362 6.7729745315028337e-07 -1.1824745804821823e-05 3.2151566460440841e-05 3.0428767936248063e-06 -4.1598308371735599e-06 2.5442012364226719e-06 8.9036949472923941e-05 -1.7501652764945023e-06 -0.00013054108313224384 -3.1437181325647998e-07 0.00017953909398304657 -8.0604246531305518e-06 -1.0211060465420535e-05 2.0614033441365711e-06 0.00030191098877500037 0.00020087969564606283 7.1887641128120792e-05 -5.6714218391628952e-06 -5.8168022714737475e-06 -0.00010030606248518987 -6.2325087839065618e-09 0.0027609403949479241 -4.4781328156676742e-05 0.00038387517707353118 -0.0015608615037202573 -0.00011657031868146703 0.00068578164771258387 -0.0012731378847217528
leaf_weight=34 27 31 23 20 27 20 35 39 33 36 20 23 27 38 22 20 22 23 27 25 21 20 27 30 31 39 25 39 21 21 26 22 29 20 22 24 20 22 38 34 22 26 21 31 28 24 20 24 21 24 20
leaf_count=34 27 31 23 20 27 20 35 39 33 36 20 23 27 38 22 20 22 23 27 25 21 20 27 30 31 39 25 39 21 21 26 22 29 20 22 24 20 22 38 34 22 26 21 31 28 24 20 24 21 24 20
internal_value=4.39883e-05 -0.000826087 0.000220459 0.000774648 -0.00154088 -0.000762712 0.000507246 0.000402299 0.000490196 0.000601852 -0.000344828 -0.00101449 0.00084058 -0.000159236 0.00113508 0.00126223 0.000918367 -0.000531915 0.00137584 -0.000508475 0.00112546 -0.000714286 0.00146288 -0.00204545 -0.00264706 0.00113861 -0.00157407 -0.00222892 -0.000806452 0.00239496 0.00153333 -0.001875 -0.00112903 -0.000428571 0.000918367 0.000705521 -0.000853659 0.000333333 0.00122951 0.00173469 -0.00211111 0.000833333 -0.0014 -0.0012963 0.0027551 -0.00363636 0.00225 -0.00359155 -0.00290698 0.00386364 -0.00431818
internal_weight=1364 230 1134 71 159 177 69 957 918 864 174 138 690 157 533 511 392 94 298 118 271 42 229 132 102 202 108 83 124 119 75 64 93 70 49 163 41 60 122 98 45 60 50 54 49 44 40 71 43 44 44
internal_count=1364 230 1134 71 159 177 69 957 918 864 174 138 690 157 533 511 392 94 298 118 271 42 229 132 102 202 108 83 124 119 75 64 93 70 49 163 41 60 122 98 45 60 50 54 49 44 40 71 43 44 44
is_linear=0
shrinkage=0.005


Tree=35
num_leaves=55
num_cat=0
split_feature=5 4 41 39 69 27 77 5 64 69 56 21 23 64 77 38 33 30 41 38 91 74 60 38 81 94 74 20 30 6 77 75 33 74 81 32 65 27 6 5 20 99 94 87 91 5 38 75 76 65 79 23 38 24
split_gain=10.0243 10.8501 10.6064 9.0375 10.1069 9.45459 8.54617 8.17056 10.0762 7.15409 10.0286 8.52635 7.55371 7.00372 6.85891 6.91501 6.58789 6.57933 6.57922 6.5606 7.05784 6.44439 6.34819 6.24739 6.45191 6.03807 6.48183 6.39022 8.0498 6.02827 5.96856 5.89961 5.36678 5.31626 4.94409 9.66453 8.27322 5.67372 6.33212 5.81818 5.12 4.86396 6.31397 4.5413 8.74239 4.28571 4.10894 4.06957 4.00346 3.7437 3.65649 3.14301 2.49231 2.35875
threshold=3595.5150000000003 2788.4550000000004 78.250000000000014 116.25000000000001 30695.900000000005 40.250000000000007 3328.5295765144406 6894.7400000000007 951.26800000000014 34093.850000000006 0.6078576107927941 20.225000000000005 99.750000000000014 1199.8000000000002 4214.2291422502722 3.225000000000001 42.250000000000007 75.750000000000014 50.750000000000007 13.800000000000002 23116.904893750001 134.40625000000003 1469.1795000000002 7.4750000000000014 4569.0730356386975 515480.02760687511 1709.1643854166666 573.80000000000007 87.750000000000014 9669.9400000000005 4024.8944701773935 359.29391391405562 157.75000000000003 1235.8304687500001 4062.6224539040045 262.75000000000006 30402.600000000002 88.750000000000014 6040.2500000000009 9615.4150000000027 1113.2500000000002 0.42708333333333343 678829.32471718767 0.11458333333333336 27249.427887500005 2722.9050000000002 6.5250000000000012 507.06324224148642 34617.064583333347 31490.200000000001 561.99498083480262 99.750000000000014 5.5250000000000012 10.125000000000002
decision_type=2 2 2 2 2 2 2 2 2 2 2 2 2 2 2 2 2 2 2 2 2 2 2 2 2 2 2 2 2 2 2 2 2 2 2 2 2 2 2 2 2 2 2 2 2 2 2 2 2 2 2 2 2 2
left_child=2 16 9 7 5 18 21 17 -9 10 12 -11 45 47 25 -16 51 -3 -5 20 -7 -6 -19 24 50 -8 27 28 -27 43 -14 52 -15 -18 35 36 46 38 -36 -40 -39 42 -33 -23 -45 -1 -29 -4 -32 -25 -17 -2 -22 -20
right_child=1 3 13 4 6 19 14 8 -10 11 -12 -13 30 32 15 23 33 22 53 -21 31 29 -24 49 -26 26 -28 34 -30 -31 48 41 -34 -35 37 -37 -38 40 39 -41 -42 -43 -44 44 -46 -47 -48 -49 -50 -51 -52 -53 -54 -55
leaf_value=-3.7914234116780284e-06 0.00044806524276469695 -0.00030885592629426798 -0.0013638723514764848 0.00020239004271092143 6.4671389214627804e-05 0.00042337517532269156 0.00020910727857942311 -1.5871042405694666e-05 0.00051611989465526035 -6.6905606588644617e-06 -0.00012339489573083735 6.510210076906612e-06 1.2094855230795653e-06 -9.9842422902315296e-06 -0.00069091966117828846 2.6877745441154247e-06 0.0003413340537551878 -0.00068792576590072125 -0.00031049823580630984 -0.00065886665409339319 0.00015406886742074828 -2.0580158954883198e-05 7.7483606112590883e-07 -6.7344648041709313e-07 1.2195876803041709e-05 1.2841356800867001e-06 8.9852941961146212e-06 -2.9688042985521227e-06 -0.0013011268532900095 -0.002721297679799623 -8.2036491972475682e-05 7.5916085032132646e-06 2.1841529815533152e-06 -1.8347022951171929e-06 1.0602050018104787e-06 0.0013570089901751095 -0.0033016967805357218 -0.00099863555510182312 0.00070155915487143787 1.2651084489722276e-05 2.8505729423570511e-05 0.00036126710686687014 -0.00010323320830994517 -0.00025086616651900673 9.7347618520237826e-06 0.00012157452949623445 4.3097100317436366e-06 -1.2241903048562107e-05 -7.213482540685504e-06 -1.0917572607872782e-05 -8.1482699276122348e-06 4.1956000913057847e-05 0.0012109186941325204 -2.4371005309752072e-06
leaf_weight=21 21 21 26 32 24 23 30 35 21 23 21 33 37 21 20 24 20 39 20 22 20 22 32 22 28 27 26 20 20 20 22 25 20 31 29 23 30 25 22 22 25 35 22 21 20 35 21 20 20 34 23 26 32 23
leaf_count=21 21 21 26 32 24 23 30 35 21 23 21 33 37 21 20 24 20 39 20 22 20 22 32 22 28 27 26 20 20 20 22 25 20 31 29 23 30 25 22 22 25 35 22 21 20 35 21 20 20 34 23 26 32 23
internal_value=-7.62527e-05 0.000148423 -0.000886288 -1.02041e-05 0.000192308 0.00102362 -0.00017301 -0.00114865 0.000357143 -0.000283019 -0.000833333 0.00125 -0.000333333 -0.00235632 0.000116773 -0.000761589 0.00173469 -0.00206522 -0.000466667 0.00164804 0.00200637 -0.0014486 -0.00133803 -0.000343511 0.0006 0.00053125 0.000310345 7.57576e-05 -0.00159574 -0.00210843 -0.00132911 0.00156716 -0.000853659 0.000490196 0.000437788 -0.000425532 -0.00133803 0.00109756 0.0019863 0.00318182 -0.0002 0.000731707 -0.000319149 -0.00134921 -0.000365854 0.00107143 0.000121951 -0.00369565 -0.00261905 -0.00160714 -0.000531915 0.00308511 0.00288462 -0.00174419
internal_weight=1377 1078 299 980 832 254 578 148 56 212 156 56 135 87 471 151 98 92 75 179 157 107 71 131 75 320 290 264 47 83 79 134 41 51 217 94 71 123 73 44 50 82 47 63 41 56 41 46 42 56 47 47 52 43
internal_count=1377 1078 299 980 832 254 578 148 56 212 156 56 135 87 471 151 98 92 75 179 157 107 71 131 75 320 290 264 47 83 79 134 41 51 217 94 71 123 73 44 50 82 47 63 41 56 41 46 42 56 47 47 52 43
is_linear=0
shrinkage=0.005


Tree=36
num_leaves=54
num_cat=0
split_feature=68 36 82 68 16 83 91 26 96 26 63 10 37 94 21 33 37 21 68 88 10 97 37 94 37 43 82 67 31 76 26 65 16 19 16 83 83 21 86 77 63 37 10 26 91 60 62 2 10 98 3 17 0
split_gain=20.8342 12.8169 11.3558 14.5049 11.1218 10.3392 7.85482 7.46842 7.03815 8.2966 9.83748 8.69363 6.98182 6.95523 6.87509 9.72137 6.98182 6.81757 6.49531 6.3648 7.87171 10.0737 7.91867 6.74741 9.1963 6.2351 7.77548 6.07652 7.19758 6.01667 5.85046 5.79959 5.74877 7.74634 5.4658 5.34429 7.06247 7.00669 7.46862 5.31098 4.88195 4.73389 4.7192 4.62763 4.5607 4.54463 4.12208 3.6 3.05761 2.17779 1.66309 1 0.9
threshold=910.25000000000011 85.250000000000014 -0.050500000000000038 1355.7645000000002 6084.1500000000005 2157.3999999999983 22240.393531250003 138.75000000000003 1.0000000180025095e-35 114.25000000000001 32653.650000000005 34700.750000000007 95.250000000000014 705964.87497937528 21.225000000000005 95.500000000000014 80.750000000000014 25.125000000000004 1011.3785000000001 4705.8225000000002 30728.000000000004 0.34375000000000006 55.250000000000007 568770.0654000002 39.750000000000007 82.849998474121108 0.017500000000000019 32978.950000000004 6.6250000000000009 36573.072916666679 24.250000000000004 28516.850000000002 6962.0500000000011 1421.9000000000003 5605.3000000000011 1815.4000000000017 708.54999999999939 24.075000000000006 1161.0500000000002 3659.4308069334161 29796.950000000004 48.250000000000007 30375.850000000002 25.750000000000004 29483.381925000005 1509.9500000000003 1509.5000000000002 3110.1500000000005 31262.650000000005 0.10069444444444446 13742.350000000002 205.75000000000003 30221.450000000001
decision_type=2 2 2 2 2 2 2 2 2 2 2 2 2 2 2 2 2 2 2 2 2 2 2 2 2 2 2 2 2 2 2 2 2 2 2 2 2 2 2 2 2 2 2 2 2 2 2 2 2 2 2 2 2
left_child=6 14 4 13 5 52 -1 8 27 10 11 17 -7 30 18 16 -16 -10 -2 20 21 41 -22 24 -21 26 46 31 34 47 -4 43 33 49 -29 36 -5 48 40 -9 -39 -20 -25 -8 -24 -26 -17 -13 -37 -12 -38 -6 -3
right_child=1 2 3 35 51 12 7 39 9 -11 32 29 -14 -15 15 25 -18 -19 19 23 22 -23 44 42 45 -27 -28 28 -30 -31 -32 -33 -34 -35 -36 37 50 38 -40 -41 -42 -43 -44 -45 -46 -47 -48 -49 -50 -51 -52 -53 -54
leaf_value=0.00044444734448507116 0.00058250362732796795 -0.0018026136391620868 4.6732391570426329e-06 -4.0070327636146417e-07 -0.001353518189558715 1.9647609481778147e-05 0.00035337377356659531 6.4821353938633713e-05 -0.00082081165023412898 -4.1894940695288893e-05 0.0034042824064600369 0.00013162533907838181 -1.3787766676942732e-05 -8.1758736557981611e-05 0.00017582370571239596 -0.00047770825287045697 3.6982423259056558e-06 -5.5458316921444644e-05 -0.0013097562310435576 9.1081115904821345e-06 -4.6399980337062921e-06 5.6577262611299139e-05 -7.9194622043776698e-06 0.00017057632081919822 -0.00021523408456196138 6.1074423710819248e-06 2.0588152219858961e-05 -2.1172344344488158e-05 0.0027382918053906182 -0.00022808398905724885 0.00038610061694246538 0.0020155317661130039 -4.9880563951640771e-06 5.5525438046265315e-06 1.7290761116315968e-05 -4.0401153746563296e-07 -0.00075056888760371878 -2.1289331089734542e-06 2.0844019313962638e-06 0.0018094614987314568 -0.0010603273794309001 -6.8405386385735141e-05 7.6469052494239369e-06 -1.2571088860422949e-06 -6.6897578695009965e-06 -1.9278481322706458e-06 -5.6753201525379421e-07 -8.1391606944563555e-08 3.3777098443690671e-06 1.5097247962444471e-05 -3.7724662946196383e-06 -0.0020148326787772638 -0.00080647472921915625
leaf_weight=26 22 20 29 23 20 22 29 24 22 27 21 20 33 31 33 22 22 23 21 21 34 25 24 26 21 27 27 20 31 24 30 32 24 33 34 32 23 20 21 38 27 30 21 33 31 29 20 20 21 22 21 25 20
leaf_count=26 22 20 29 23 20 22 29 24 22 27 21 20 33 31 33 22 22 23 21 21 34 25 24 26 21 27 27 20 31 24 30 32 24 33 34 32 23 20 21 38 27 30 21 33 31 29 20 20 21 22 21 25 20
internal_value=-2.54176e-05 -0.000491991 -0.0011244 -0.000539568 -0.00228571 -0.00131579 0.000785288 0.000639413 0.00039759 -0.000169492 0.000167464 -0.00087156 9.09091e-05 0.00111111 8.77193e-05 0.000960265 0.00263636 -0.00255556 -0.000344262 -0.000547703 -0.00118182 0 -0.00219101 0.000338983 -0.000633803 0 -0.000797101 0.00114525 0.000176471 0.0003125 0.00211864 0.00202128 0.0013 0.00197368 -0.000925926 -0.00132979 -0.00246269 -0.000702479 -0.00176471 0.00225806 -0.00287234 -0.00127451 0.00180851 0.00112903 -0.00336364 -0.0018 -0.00214286 0.0015 0.000660377 0.00337209 -0.00363636 -0.00433333 -0.00325
internal_weight=1377 874 418 278 140 95 503 477 415 236 209 109 55 90 456 151 55 45 305 283 165 76 89 118 71 96 69 179 85 64 59 94 100 76 54 188 67 121 68 62 47 51 47 62 55 50 42 40 53 43 44 45 40
internal_count=1377 874 418 278 140 95 503 477 415 236 209 109 55 90 456 151 55 45 305 283 165 76 89 118 71 96 69 179 85 64 59 94 100 76 54 188 67 121 68 62 47 51 47 62 55 50 42 40 53 43 44 45 40
is_linear=0
shrinkage=0.005


Tree=37
num_leaves=54
num_cat=0
split_feature=72 74 92 95 90 31 95 5 98 92 63 82 26 88 16 1 94 83 98 94 77 32 26 7 42 65 41 16 30 19 98 19 34 32 5 83 63 1 62 34 83 93 77 25 67 1 90 83 31 34 74 77 19
split_gain=10.7915 12.6068 10.9402 10.1087 9.78495 11.534 8.60334 11.5426 7.89031 7.97538 7.10674 7.77919 11.8224 10.9614 8.32186 7.765 9.62667 11.7824 8.91126 9.31084 15.5739 9.29846 8.55275 9.94776 9.14432 7.55097 7.27735 6.73747 6.62586 6.4 5.93407 5.92593 5.90505 5.23338 5.08804 5.04823 5.49806 4.63294 5.6992 5.58072 4.61931 5.17479 4.03093 5.53893 4.02042 3.81052 5.40777 4.9 3.6 3.46486 3.19498 3.14301 2.91382
threshold=1427.5000000000002 1190.070135416667 33082.932950000009 1.0000000180025095e-35 1558.3711500000004 4.6750000000000016 1.0000000180025095e-35 3451.6000000000004 0.42708333333333343 23746.486793750006 24556.450000000001 -49.710999999999949 16.750000000000004 14560.377291666668 5983.1000000000013 16287.865500000002 512760.84628031263 2556.7000000000012 0.18402777777777782 714759.16973062523 3919.2358028684534 96.250000000000014 68.750000000000014 17.605000000000004 119.82500076293947 32396.300000000003 80.750000000000014 6084.1500000000005 55.750000000000007 278.50000000000006 0.24652777777777782 1829.3500000000001 85.250000000000014 254.75000000000003 6354.130000000001 1553.7999999999995 31914.150000000005 15105.700000000003 1375.0500000000002 73.250000000000014 2154.2500000000023 411.83013157894737 3860.4200575877599 62.250000000000014 35312.55000000001 15365.750000000002 1732.2133500000002 1768.3499999999988 6.9250000000000016 80.250000000000014 999.46021875000008 4061.9134943493136 978.20000000000016
decision_type=2 2 2 2 2 2 2 2 2 2 2 2 2 2 2 2 2 2 2 2 2 2 2 2 2 2 2 2 2 2 2 2 2 2 2 2 2 2 2 2 2 2 2 2 2 2 2 2 2 2 2 2 2
left_child=2 3 6 28 5 -3 10 -8 27 -10 -1 12 51 15 49 18 -17 33 21 20 29 -13 23 -23 -24 -16 -19 50 -2 -20 -5 -15 -25 44 -21 -22 -37 38 -6 -39 41 -7 52 -44 -18 46 47 -30 -11 -14 -9 -12 -40
right_child=1 4 -4 30 37 40 7 8 9 48 11 13 14 31 25 16 17 26 19 34 35 22 24 32 -26 -27 -28 -29 45 -31 -32 -33 -34 -35 -36 36 -38 39 42 -41 -42 -43 43 -45 -46 -47 -48 -49 -50 -51 -52 -53 -54
leaf_value=-0.00094370973480021659 -0.0001203893799878309 -4.8093216212742145e-06 0.00066759634244112939 5.9751801657188666e-06 0.00018371064707033307 -0.00020690695127290715 -8.0591895815751244e-06 0.00077215828006952552 0.00080137692067870365 -1.3430165545187467e-05 -0.0006661832434191802 0.00081499193234842496 7.806678995055898e-05 -5.6086604673291979e-05 -0.00092346630822303158 0.00022144983113260217 0.002322071141304752 0.00032229399850278189 0.00017398613159601845 -0.00096424383876355854 -0.00090414980784129129 6.2153970885430522e-05 0.001424504898151546 -0.00044366559307946682 -7.0016526627539231e-07 4.9963387155518867e-06 -0.0036358205439647596 0.00024657323333801627 -0.0012446925628098876 0.0011277637824939929 -9.1896503944864279e-07 5.7555227616610828e-07 2.487923475308791e-06 1.2864336734678207e-06 -0.0008983369442859138 -1.5490743756629515e-05 7.0703468613771164e-06 2.919725271791889e-06 -3.0223349926873979e-06 -5.5992614187165614e-06 2.7436127696727152e-06 1.4915606661493395e-07 4.4404907465023277e-07 6.2902817891684652e-06 1.5616747566494711e-05 -0.00082032422943378609 -0.0013716011711109785 1.1406066316744165e-06 3.9895889744824758e-06 1.4030109263487253e-05 0.0014938560402064456 -0.0019375679103863454 1.1377853699416941e-06
leaf_weight=23 25 34 38 21 22 20 26 26 25 20 26 34 23 30 28 30 20 21 20 21 20 23 30 31 26 23 20 28 20 20 39 24 22 36 20 35 24 21 21 20 31 39 30 22 23 28 31 20 20 27 29 21 20
leaf_count=23 25 34 38 21 22 20 26 26 25 20 26 34 23 30 28 30 20 21 20 21 20 23 30 31 26 23 20 28 20 20 39 24 22 36 20 35 24 21 21 20 31 39 30 22 23 28 31 20 20 27 29 21 20
internal_value=-4.72041e-05 -0.000668103 0.000268346 -0.00168478 0 -0.00104839 0.000154286 0.00114943 0.00168919 0.000384615 -9.27247e-05 0 -0.00101351 0.000283019 -4.9505e-05 0.00052521 0.00146667 0.000833333 9.20245e-05 -0.00075 -4.20168e-05 0.000903614 0.00030303 -0.000789474 0.00178571 -0.00147059 -0.00134146 0.00271084 -0.0025 0.0025 0 -0.00185185 -0.00198113 0.00196203 -0.00280488 -0.00132911 -0.00059322 0.000833333 0.00134783 -0.000609756 -0.000111111 -0.000932203 0.000806452 0.00173077 0.00313953 -0.00308081 -0.00246479 -0.00125 -0.001 0.0014 0.00372727 -0.00308511 -0.000365854
internal_weight=1377 464 913 184 280 124 875 174 148 65 701 678 148 530 101 476 150 120 326 160 119 166 132 76 56 51 41 83 124 40 60 54 53 79 41 79 59 156 115 41 90 59 93 52 43 99 71 40 40 50 55 47 41
internal_count=1377 464 913 184 280 124 875 174 148 65 701 678 148 530 101 476 150 120 326 160 119 166 132 76 56 51 41 83 124 40 60 54 53 79 41 79 59 156 115 41 90 59 93 52 43 99 71 40 40 50 55 47 41
is_linear=0
shrinkage=0.005


Tree=38
num_leaves=53
num_cat=0
split_feature=68 92 95 70 19 30 19 75 2 2 24 79 30 21 56 79 66 76 81 66 65 42 79 99 25 5 81 100 6 100 83 68 42 64 69 30 79 68 5 21 99 79 8 19 81 0 25 46 65 65 83 57
split_gain=12.3518 13.8195 11.3685 8.92307 8.78457 7.80723 7.57762 6.91779 6.99974 7.88232 8.54653 9.16258 9.72321 9.54565 10.2865 8.0998 11.2049 7.1254 6.99592 6.78462 6.75004 6.89604 6.57972 7.75513 6.4 6.38484 6.3455 6.95035 6.33108 6.03777 7.00235 6.03332 5.97354 5.61641 5.10329 5.02969 5.01277 6.08923 4.88526 4.55005 4.52385 7.68332 5.17176 6.82341 4.12185 3.75652 3.64269 3.5704 3.53562 3.33793 2.75258 1.92
threshold=1386.2 33082.932950000009 1.0000000180025095e-35 1444.3830000000003 328.60000000000008 98.250000000000014 785.80000000000007 167.6494863310871 2249.8000000000006 3293.9750000000004 7.1750000000000016 635.8526164261724 98.750000000000014 28.025000000000002 0.87837969732492682 514.01154681304047 1.0020000000000002 29345.261458333338 3504.9721233639416 1457.2285000000004 32818.55000000001 111.72499847412111 398.63546001882656 0.13541666666666671 127.75000000000001 3595.5150000000003 4146.1584429981513 0.045138888888888895 6122.4750000000013 0.41319444444444448 1845.8000000000013 992.56750000000011 110.52500152587892 1.0935000000000004 32739.650000000005 71.250000000000014 508.18631832866862 1.1355000000000002 4964.5400000000009 26.675000000000004 0.13541666666666671 382.62320753148515 411.4138003095976 789.50000000000011 4027.9048821484198 34296.55000000001 56.750000000000007 102.51499938964845 32460.850000000002 34751.250000000007 1977.6500000000017 -0.56174490092936669
decision_type=2 2 2 2 2 2 2 2 2 2 2 2 2 2 2 2 2 2 2 2 2 2 2 2 2 2 2 2 2 2 2 2 2 2 2 2 2 2 2 2 2 2 2 2 2 2 2 2 2 2 2 2
left_child=1 7 3 5 -4 26 28 25 17 10 29 13 -13 14 18 31 45 -9 -12 -5 21 -8 38 50 -18 -1 27 -2 47 30 35 39 -27 -15 -7 -10 -31 -38 -23 -11 41 -20 43 -42 -32 -17 -21 -6 -44 -47 -24 -36
right_child=2 -3 4 19 6 34 20 8 9 15 11 12 -14 33 -16 16 24 -19 40 46 -22 22 23 -25 -26 32 -28 -29 -30 36 44 -33 -34 -35 51 -37 37 -39 -40 -41 42 -43 48 -45 -46 49 -48 -49 -50 -51 -52 -53
leaf_value=-1.6655666147029469e-06 -0.0004755711268524232 0.00075603014363026077 -4.9566883476268074e-06 1.1223620789632914e-05 4.5528976602690291e-06 -0.0010270843649173064 -5.180909913543644e-06 2.9817373101830978e-05 -7.8544787569885818e-06 0.00032068252851026797 -0.00065522570179977287 2.6987131035896767e-06 -0.00032528230645394548 0.028738617532076637 -0.0010042012127589161 -4.3015077540197386e-06 -7.2757607205974679e-06 -0.00016728904469722413 3.5418602109039517e-06 -0.00066220927094776398 5.7950537602465787e-06 1.7361123629734159e-06 -5.5836293362982436e-06 9.2928613125425676e-07 0.00044724860623653474 1.7669158012337714e-05 4.2244399692758509e-06 -0.0018078109983639889 -1.4383842202293568e-07 -0.00086153521092607128 1.9616923914591995e-05 -6.6012978299457453e-05 0.0017120671243811213 5.8564486673768466e-06 -0.00092035575228965546 0.00078381556142593514 0.00029251753052306553 -1.1225714171986933e-05 -2.4002836383243571e-06 -5.4137366994663371e-06 -5.8374806902254249e-05 0.0012145925102470081 -3.3999296645356551e-05 0.00018733881332095665 0.0011306462844964148 -0.00043431635095741452 1.9266121718409192e-07 8.6050536756414934e-06 5.446697347770925e-06 -2.1438858751912717e-05 -1.1901952860634054e-06 -0.0016118843502531711
leaf_weight=27 20 33 37 20 20 33 22 21 21 23 20 36 28 27 20 20 20 24 29 23 20 34 26 39 20 27 36 27 26 24 28 29 37 25 20 30 29 20 21 20 26 22 38 20 33 29 22 31 21 20 23 30
leaf_count=27 20 33 37 20 20 33 22 21 21 23 20 36 28 27 20 20 20 24 29 23 20 34 26 39 20 27 36 27 26 24 28 29 37 25 20 30 29 20 21 20 26 22 38 20 33 29 22 31 21 20 23 30
internal_value=-6.17284e-05 0.000312869 -0.000660377 -0.00149351 -1.67224e-05 -0.00210843 0.000305344 0.000184275 2.07469e-05 0.000147493 0.000472837 -3.20513e-05 -0.00171875 0.000403226 -0.000102041 -0.000745856 -0.0016055 -0.00188889 0.000284091 7.69231e-05 -0.000243243 -0.000575758 -0.000174825 -0.00102273 0.0005 0.00148352 -0.0010241 -0.00223404 0.00162338 0.00132432 0.00205357 0.000555556 0.00234375 0.00230769 -0.00319277 0.000686275 0.000205479 0.00112245 0.00118182 0.00174419 0.000641026 0.00186275 4.7619e-05 0.00130435 0.00319672 -0.00282609 -0.001 0.00264706 -0.000932203 -0.00357143 -0.00234694 -0.0042
internal_weight=1377 847 530 231 299 166 262 814 723 678 497 312 64 248 196 181 109 45 176 65 185 165 143 88 40 91 83 47 77 185 112 72 64 52 83 51 73 49 55 43 156 51 105 46 61 69 45 51 59 49 49 50
internal_count=1377 847 530 231 299 166 262 814 723 678 497 312 64 248 196 181 109 45 176 65 185 165 143 88 40 91 83 47 77 185 112 72 64 52 83 51 73 49 55 43 156 51 105 46 61 69 45 51 59 49 49 50
is_linear=0
shrinkage=0.005


Tree=39
num_leaves=52
num_cat=0
split_feature=68 64 96 10 60 40 8 10 58 10 98 33 10 63 60 90 63 31 60 36 68 90 37 63 61 10 37 10 34 39 42 10 7 7 79 90 97 26 46 19 20 47 14 98 76 75 1 19 90 71 10
split_gain=8.86186 12.745 8.92375 8.81827 10.8615 12.9221 8.94963 8.69733 10.0227 8.18307 9.3025 7.50893 6.73188 6.06999 8.94538 7.09237 8.83267 8.00433 7.17052 6.33653 5.89667 5.75712 11.1381 5.73129 9.87839 9.1216 6.15949 5.98148 5.76044 9.39138 8.20302 8.01974 6.09734 5.54113 5.50292 7.64595 5.2871 5.01462 5.67207 4.73661 4.66667 4.62266 4.14305 5.63333 3.95257 3.74034 3.41759 3.41759 3.10303 2.57651 0.962791
threshold=992.56750000000011 1104.7500000000002 1.0000000180025095e-35 32717.750000000004 1.0660000000000003 95.750000000000014 417.31263888888896 33926.250000000007 -0.6830127018922193 39037.850000000006 0.079861111111111119 98.250000000000014 29801.400000000005 28099.150000000005 1557.5500000000002 2129.5669500000008 31632.500000000004 7.625 895.92400000000009 88.250000000000014 1443.8545000000001 2303.4091500000009 12.500000000000002 27672.250000000004 31528.750000000004 28445.950000000004 72.750000000000014 28535.250000000004 74.250000000000014 116.75000000000001 99.875000000000014 35095.100000000013 29.830000000000002 57.805 550.47013828753666 2303.4091500000009 0.052083333333333336 25.750000000000004 102.61499786376955 1283.4000000000003 1477.7000000000003 1.0000000180025095e-35 17411.950000000001 0.24652777777777782 35048.20520833334 226.02135333092824 17952.668000000001 841.6500000000002 1285.1905500000003 906.25350000000014 35339.80000000001
decision_type=2 2 2 2 2 2 2 2 2 2 2 2 2 2 2 2 2 2 2 2 2 2 2 2 2 2 2 2 2 2 2 2 2 2 2 2 2 2 2 2 2 2 2 2 2 2 2 2 2 2 2
left_child=2 3 13 6 5 -5 12 8 36 10 -9 -12 41 19 15 16 17 33 -18 49 -14 22 -3 27 26 -26 -25 -24 29 -27 -31 -30 -32 -15 35 46 -4 38 45 -28 -29 -2 43 -6 -17 -23 -11 -8 -36 -1 -44
right_child=1 21 7 4 42 -7 47 9 -10 34 11 -13 20 14 -16 44 18 -19 -20 -21 -22 37 23 24 25 28 39 40 31 30 32 -33 -34 -35 48 -37 -38 -39 -40 -41 -42 -43 50 -45 -46 -47 -48 -49 -50 -51 -52
leaf_value=0.0028978275969748775 -0.0011612086230739346 5.1702767134574071e-06 0.00012092505858915703 -0.0061942856027360649 -0.00018183608601380705 1.4323514350227965e-05 -0.00016207611803321361 7.3817098263478885e-05 -0.00030100696974728322 0.00055555871922415121 -0.0013419386334745829 6.5779071207292155e-06 7.6739761934201399e-05 3.0367707534462682e-06 0.0020451300732091515 -3.5203180314507192e-06 2.0906350807965599e-05 0.00074556861352900326 0.0015875963250771524 5.7139690343579762e-05 -0.00085715884342654996 7.4869016325412179e-06 0.00050696776796945277 -3.0724164406398813e-05 -0.00079198725855101921 -2.7848634391624404e-06 2.2242680998801171e-07 9.8896968233071735e-07 -2.8421440104581653e-06 -7.1183636058956318e-07 6.231461118518757e-06 2.0692746970280769e-06 3.5838728777486453e-06 -0.00016280232300007838 -0.0034064528701542793 -5.0360052699424867e-05 -3.3629284329223039e-06 -1.8413714037080236e-06 1.6604304643760494e-05 -3.2953859461524023e-06 -7.2261687124085667e-06 -7.698061661622253e-05 -0.00073216974284412385 -0.00040016577966366763 -0.00011490356498878409 -1.1750312236192572e-06 -1.0089280285971621e-06 3.7055448427066872e-05 -6.4626892295047096e-05 0.0010126218153747187 -0.0015063630390015573
leaf_weight=23 34 30 23 21 24 38 20 36 33 23 28 36 21 20 33 23 27 22 31 39 23 23 31 31 31 21 24 21 39 21 35 28 37 22 20 26 25 30 31 29 21 20 20 30 22 20 20 23 24 21 23
leaf_count=23 34 30 23 21 24 38 20 36 33 23 28 36 21 20 33 23 27 22 31 39 23 23 31 31 31 21 24 21 39 21 35 28 37 22 20 26 25 30 31 29 21 20 20 30 22 20 20 23 24 21 23
internal_value=-0.00013435 -0.000475 0.000337955 -0.0012963 -0.00211538 -0.000423729 -0.000390071 -0.000272109 -0.00166667 0.000258216 0.0013 0.00015625 -0.00122449 0.000971731 0.0005 2.99401e-05 0.000655738 -0.000625 0.00206897 0.00210843 0.000227273 9.94036e-06 -0.000263158 -0.000501355 -0.000810811 -0.000235849 -0.0022619 0.000753425 0.00019337 0.000877193 0.00155914 -0.000970149 0.00236111 -0.00190476 -0.000663717 0.000217391 -0.000208333 0.00105769 0.00175676 -0.00122642 -0.00047619 -0.00240741 -0.00314433 -0.00222222 -0.00166667 0.000581395 0.00151163 0.00151163 -0.00204545 0.00340909 -0.00430233
internal_weight=1377 800 577 297 156 59 141 294 81 213 100 64 98 283 200 167 122 64 58 83 44 503 399 369 296 212 84 73 181 114 93 67 72 42 113 69 48 104 74 53 42 54 97 54 45 43 43 43 44 44 43
internal_count=1377 800 577 297 156 59 141 294 81 213 100 64 98 283 200 167 122 64 58 83 44 503 399 369 296 212 84 73 181 114 93 67 72 42 113 69 48 104 74 53 42 54 97 54 45 43 43 43 44 44 43
is_linear=0
shrinkage=0.005


Tree=40
num_leaves=52
num_cat=0
split_feature=64 17 83 33 33 17 21 24 59 83 21 71 21 24 10 64 8 34 34 68 81 81 34 24 19 83 73 28 67 45 83 71 78 4 94 44 77 17 80 19 74 31 68 2 37 17 3 21 45 17 24
split_gain=12.4716 10.8 9.77656 9.27462 9.62049 8.93177 8.94414 11.3222 10.6273 8.62011 9.69465 8.50886 8.49793 10.985 9.23306 8.21087 10.2017 8.06667 7.8075 7.8479 8.23784 11.1474 9.30877 8.02713 7.68 7.66926 7.63728 8.87366 6.86211 6.72043 7.84783 6.63847 7.54124 9.37907 8.0498 6.96587 5.89453 5.69847 5.90635 4.87013 4.41903 4.35429 4.1625 4.11189 3.86605 3.81818 3.6 3.42857 3.27273 2.92943 2.5822
threshold=948.20150000000012 1.55 2937.099999999999 170.25000000000003 204.75000000000003 205.75000000000003 23.125000000000004 13.575000000000001 1.0000000180025095e-35 2550.6500000000037 23.875000000000004 1764.1225000000002 17.525000000000002 11.475000000000001 28909.600000000002 1.0935000000000004 411.37088235294124 44.750000000000007 72.750000000000014 1499.9500000000003 3803.372932820062 4096.6161616060772 85.750000000000014 7.9250000000000016 815.80000000000007 1834.0000000000002 1502.4000000000003 26.725000000000005 30317.850000000002 23071.000000000004 1309.8500000000024 1503.2500000000002 1306.5532187500005 2788.4550000000004 501613.72003406263 4.3880000114440927 3674.1724491305868 155.00000000000003 35640.403819444451 518.10000000000014 1122.6424270833336 9.4250000000000025 1.0160000000000002 2649.9500000000003 63.250000000000007 167.10000000000002 12941.050000000001 26.975000000000005 25416.000000000004 130.55000000000004 9.3250000000000011
decision_type=2 2 2 2 2 2 2 2 2 2 2 2 2 2 2 2 2 2 2 2 2 2 2 2 2 2 2 2 2 2 2 2 2 2 2 2 2 2 2 2 2 2 2 2 2 2 2 2 2 2 2
left_child=5 40 3 9 45 6 17 8 18 10 11 12 31 14 -14 16 24 46 37 20 28 42 -23 47 -7 50 27 -12 -20 -16 -31 32 33 34 -3 -33 -11 38 -8 -29 -2 -35 48 -9 -32 -5 -1 -24 -22 -15 -19
right_child=1 2 -4 4 -6 15 7 43 -10 36 26 -13 13 49 29 -17 -18 25 19 -21 21 22 23 -25 -26 -27 -28 39 -30 30 44 35 -34 41 -36 -37 -38 -39 -40 -41 -42 -43 -44 -45 -46 -47 -48 -49 -50 -51 -52
leaf_value=0.00029886141696179298 0.0010976876344555798 0.00060151763733462071 -1.1039445426893178e-05 1.2036856615031361e-05 -3.0863594813997591e-07 -0.00037258109714466257 0.00021479711425584653 0.00026519252855298705 7.4209309550740191e-05 1.9792317213796883e-06 -1.5947260767423867e-05 -2.7709391219666284e-06 -0.00033690996559901528 0.00012686143605582923 -3.0434336357854e-06 -0.00086402451411990617 -0.0010419566839665077 -0.00046917129922976298 -3.5027164412934658e-06 -0.0015088732569158248 -3.6841810503935162e-06 -5.4844505277521401e-05 5.8901655753426729e-05 3.0718368797400408e-05 6.6828191425855423e-05 -0.001826782083041217 2.1862530799938965e-06 -0.00047829854231368863 0.00014630959414105863 -2.7041948210671693e-06 0.00025958895934714106 0.00039733519702995552 -0.00010402128017021395 -2.7364038857916931e-06 -1.6568238582399667e-06 -6.8610717297277208e-07 0.00016484691565157812 0.00018902244028063916 -8.0417732649657711e-06 3.0877936993762381e-06 4.2708357469406938e-05 -0.00048298310246156477 -0.003313442475054257 0.00056396427925229818 3.3665656640265122e-06 0.0017007459750456389 -2.1431019210377364e-05 -0.00011967635510409484 -4.100414345937539e-05 0.00016794543572135249 3.9187094936907586e-06
leaf_weight=20 30 20 28 33 31 20 36 22 36 28 29 31 36 38 31 21 33 23 37 22 22 31 21 39 30 37 29 20 20 23 31 21 38 27 27 22 23 22 20 22 23 22 21 26 39 21 20 21 22 27 20
leaf_count=20 30 20 28 33 31 20 36 22 36 28 29 31 36 38 31 21 33 23 37 22 22 31 21 39 30 37 29 20 20 23 31 21 38 27 27 22 23 22 20 22 23 22 21 26 39 21 20 21 22 27 20
internal_value=0.000122126 0.00056 0.000394548 0.000515695 0.00205882 -0.000389408 -0.000130112 0.000215311 -8.10811e-05 0.000291096 0.000103189 0.000427252 0.000621891 0.00126667 0.0005625 -0.00173077 -0.0010241 -0.00133333 -0.000359281 -0.00078125 -0.000512821 -0.0010452 -8.92857e-05 0.000802469 0.0004 -0.00225 -0.0013 -0.0021831 0.00114035 0.00120968 0.00188172 -0.00019774 -0.000746269 0 0.00159574 0.00151163 0.0022549 0.00102564 0.000178571 -0.000714286 0.00273585 -0.00153061 -0.00269231 0.0025 0.00271429 0.00333333 0.0005 -0.000714286 -0.00181818 0.003 -0.000813953
internal_weight=1392 750 697 669 85 642 538 418 370 584 533 433 402 225 160 104 83 120 334 256 234 177 112 81 50 80 100 71 57 124 93 177 134 96 47 43 51 78 56 42 53 49 65 48 70 54 40 42 44 65 43
internal_count=1392 750 697 669 85 642 538 418 370 584 533 433 402 225 160 104 83 120 334 256 234 177 112 81 50 80 100 71 57 124 93 177 134 96 47 43 51 78 56 42 53 49 65 48 70 54 40 42 44 65 43
is_linear=0
shrinkage=0.005


Tree=41
num_leaves=53
num_cat=0
split_feature=17 96 72 72 46 27 75 29 72 3 88 38 64 100 67 32 38 100 67 64 58 25 76 46 17 46 22 38 93 25 66 81 72 83 28 69 56 77 67 87 33 94 35 10 69 87 25 29 10 16 10 3
split_gain=10.8082 11.186 13.8555 10.4426 13.5551 9.72822 15.4206 9.6729 8.96953 8.44545 8.21653 8.18148 7.98746 7.73554 7.68379 6.28415 7.45681 7.29322 6.28248 8.9562 6.15386 6.58333 12.8234 5.73661 7.47215 6.09902 6.22904 5.76416 5.64612 9.32246 5.48685 5.51927 5.33968 5.21267 5.09198 7.49139 5.60868 7.76423 5.04833 4.86295 5.38154 4.84 4.78261 4.55898 6.18382 3.64129 3.36606 2.81299 2.5 1.92818 1.8383 1.77778
threshold=242.20000000000002 1.0000000180025095e-35 980.8850000000001 929.85000000000002 103.22500228881837 45.750000000000007 356.40368525760226 93.750000000000014 1107.5070000000003 14576.600000000002 6643.1033333333335 7.1750000000000016 961.11750000000018 1.0000000180025095e-35 32342.400000000005 29.250000000000004 3.6250000000000004 1.0000000180025095e-35 32046.400000000005 1382.8865000000003 -0.6830127018922193 127.75000000000001 35407.306250000016 102.39500045776369 16.950000000000003 104.15500259399415 86.750000000000014 5.8750000000000009 414.55342105263168 163.25000000000003 1.0660000000000003 4182.2746060945983 1601.7 2454.0499999999961 29.625000000000004 30657.700000000004 -1.0000000180025095e-35 3899.0406976205813 31356.850000000002 0.55208333333333337 98.250000000000014 649002.88838250027 25.675000000000004 31126.200000000004 31461.050000000003 0.69791666666666685 83.250000000000014 83.750000000000014 38633.950000000004 4439.8000000000002 29665.250000000004 12135.269500000002
decision_type=2 2 2 2 2 2 2 2 2 2 2 2 2 2 2 2 2 2 2 2 2 2 2 2 2 2 2 2 2 2 2 2 2 2 2 2 2 2 2 2 2 2 2 2 2 2 2 2 2 2 2 2
left_child=1 2 12 20 51 7 8 15 -7 11 28 32 34 -14 -12 -4 -17 -18 38 41 33 22 -22 24 -19 27 -27 -25 29 -10 31 -23 -8 39 35 46 -37 -38 -2 40 -3 -20 -9 49 -45 -41 -1 -24 -36 -15 -26 -5
right_child=18 3 5 4 -6 6 9 42 10 -11 14 -13 13 43 -16 16 17 23 19 -21 21 30 47 25 50 26 -28 -29 -30 -31 -32 -33 -34 -35 48 36 37 -39 -40 45 -42 -43 -44 44 -46 -47 -48 -49 -50 -51 -52 -53
leaf_value=0.00013170976074452188 -2.7723869408745814e-05 -0.0014684525835962398 5.1152701311438467e-06 -0.0016501022306769858 1.1193821920431612e-06 -0.00030130008038554398 0.0002989370854684048 3.1068878809889609e-06 7.3335757682899434e-06 2.8551919519665239e-05 6.2385879406813585e-05 -2.2552347789066575e-06 -2.4296066579063781e-05 0.0015207276194783876 1.1871346721179561e-07 3.3595296013046857e-06 1.8272380884220549e-06 -0.00049621011552783976 -0.00082849796014870466 1.767680669367524e-05 -0.0015530587374871856 -0.00066166064860058535 5.4807667215392669e-06 -2.7689977912605543e-06 -0.00074323847925476208 -4.1719760044719606e-06 -0.00026393630938325295 7.6822272048602186e-06 -1.8209617091714191e-06 -1.0394849824866979e-05 5.2253310673836275e-07 -4.0575549265843681e-06 2.8218544279274205e-07 1.7132303988591011e-05 0.00044385250645857219 -1.7019628244518417e-05 -6.3698706296979899e-05 0.0011080458844000647 -4.9879934107590812e-05 0.00077700104189947568 2.4654950168016765e-06 -2.4491876794436717e-07 0.00020703923911562328 0.00044331107159601048 0.0017526179701063316 2.9768877386849227e-07 0.00041718882912283374 1.3063953845561323e-05 0.00035121806688042534 0.0015278373381728788 -0.00066850878705899963 -0.0174709213592491
leaf_weight=23 39 22 32 25 34 22 24 22 32 37 22 27 22 22 24 39 36 20 20 29 31 34 22 21 20 38 20 23 20 25 20 23 21 32 20 23 34 25 20 20 35 25 23 32 36 27 31 20 20 31 27 20
leaf_count=23 39 22 32 25 34 22 24 22 32 37 22 27 22 22 24 39 36 20 20 29 31 34 22 21 20 38 20 23 20 25 20 23 21 32 20 23 34 25 20 20 35 25 23 32 36 27 31 20 20 31 27 20
internal_value=0.000114943 0.000258141 0.000559284 -0.000479452 -0.00208861 9.56522e-05 0.000826772 -0.000482866 -0.000241379 0.00224771 0.000284553 0.00125 0.00139498 0.00227273 0.00195652 -0.000833333 -0.00110656 -0.0014878 -0.0012406 -0.00027027 -3.4965e-05 -0.000733333 0.000342466 -0.00192308 -0.0030597 -0.00117647 -0.00224138 0.000227273 -0.000714286 8.77193e-05 -0.00175325 -0.00254386 0.00255556 0.000735294 0.000681818 0.000220588 -0.000731707 8.47458e-05 -0.00245763 0.000192308 -0.000789474 -0.00166667 0.00166667 0.0027686 0.00191176 0.00138298 0.00166667 0.00214286 0.00225 0.00386792 -0.00414894 -0.00388889
internal_weight=1392 1259 894 365 79 575 254 321 145 109 123 72 319 143 46 276 244 205 133 74 286 150 73 169 67 102 58 44 77 57 77 57 45 136 176 136 82 59 59 104 57 45 45 121 68 47 54 42 40 53 47 45
internal_count=1392 1259 894 365 79 575 254 321 145 109 123 72 319 143 46 276 244 205 133 74 286 150 73 169 67 102 58 44 77 57 77 57 45 136 176 136 82 59 59 104 57 45 45 121 68 47 54 42 40 53 47 45
is_linear=0
shrinkage=0.005


end of trees

feature_importances:
smp_lag_336=48
disp_total_midday_mw=46
direct_radiation_hanoi=43
smp_north_lag_336=43
cloud_cover_hanoi=42
load_ramp_lag48=42
disp_solar_midday_mw=40
wind_speed_hanoi=40
load_rolling_std_24h=40
wind_speed_hcmc=38
load_rolling_std_72h=38
hydro_total_discharge_m3s=37
smp_lag_50=37
smp_rolling_std_24h=37
load_lag_336=36
cloud_cover_danang=35
diffuse_radiation_danang=35
disp_wind_midday_mw=34
load_north_mw=32
load_central_mw=32
load_south_mw=32
humidity_danang=32
brent_price=32
smp_rolling_std_72h=32
disp_wind_evening_mw=29
diffuse_radiation_hanoi=29
gas_proxy_price=29
residual_load_proxy=29
hydro_inflow_m3s=28
disp_hydro_midday_mw=28
disp_hydro_evening_mw=28
temperature_hanoi=28
diffuse_radiation_hcmc=28
hydro_water_level_m=27
disp_solar_evening_mw=27
humidity_hcmc=27
cloud_cover_hcmc=27
dxy_index=27
smp_south_lag_336=27
smp_rolling_mean_24h=27
spike_prob_72h=26
direct_radiation_danang=25
shortwave_radiation_hcmc=25
load_lag_50=25
hydro_spill_discharge_m3s=24
shortwave_radiation_hanoi=24
temperature_hcmc=24
load_lag_49=24
disp_total_evening_mw=23
wind_speed_danang=23
wind_gen_proxy=23
price_spread_ns_lag48=22
temperature_danang=21
usd_vnd=21
load_lag_48=21
is_spike=21
load_total_mw=20
hydro_plant_discharge_m3s=20
humidity_hanoi=20
load_lag_96=20
hydro_depletion_index=20
shortwave_radiation_danang=19
direct_radiation_hcmc=19
smp_north_lag_48=18
smp_south_lag_48=18
smp_rolling_mean_72h=18
solar_gen_proxy=18
smp_lag_96=16
coal_proxy_price=15
load_rolling_mean_24h=15
margin_temp_interaction=15
smp_lag_49=14
load_rolling_mean_72h=14
hydro_discharge_rolling_24h=13
zero_prob_72h=13
smp_lag_48=11
smp_yesterday_zero_ratio=11
thermal_margin_proxy=11
spike_prob_24h=11
is_zero=10
sin_dow=9
smp_yesterday_mean=8
smp_yesterday_min=8
sin_month=6
cos_dow=5
smp_yesterday_max=5
zero_prob_24h=5
season=3
cos_month=3
is_weekend=2
is_workday=1
is_pre_holiday=1

parameters:
[boosting: gbdt]
[objective: regression_l1]
[metric: l1]
[tree_learner: serial]
[device_type: cpu]
[data_sample_strategy: bagging]
[data: ]
[valid: ]
[num_iterations: 3000]
[learning_rate: 0.005]
[num_leaves: 127]
[num_threads: -1]
[seed: 42]
[deterministic: 0]
[force_col_wise: 0]
[force_row_wise: 0]
[histogram_pool_size: -1]
[max_depth: -1]
[min_data_in_leaf: 20]
[min_sum_hessian_in_leaf: 0.001]
[bagging_fraction: 0.8]
[pos_bagging_fraction: 1]
[neg_bagging_fraction: 1]
[bagging_freq: 5]
[bagging_seed: 400]
[bagging_by_query: 0]
[feature_fraction: 0.5]
[feature_fraction_bynode: 1]
[feature_fraction_seed: 30056]
[extra_trees: 0]
[extra_seed: 12879]
[early_stopping_round: 0]
[early_stopping_min_delta: 0]
[first_metric_only: 0]
[max_delta_step: 0]
[lambda_l1: 0]
[lambda_l2: 0]
[linear_lambda: 0]
[min_gain_to_split: 0]
[drop_rate: 0.1]
[max_drop: 50]
[skip_drop: 0.5]
[xgboost_dart_mode: 0]
[uniform_drop: 0]
[drop_seed: 17869]
[top_rate: 0.2]
[other_rate: 0.1]
[min_data_per_group: 100]
[max_cat_threshold: 32]
[cat_l2: 10]
[cat_smooth: 10]
[max_cat_to_onehot: 4]
[top_k: 20]
[monotone_constraints: ]
[monotone_constraints_method: basic]
[monotone_penalty: 0]
[feature_contri: ]
[forcedsplits_filename: ]
[refit_decay_rate: 0.9]
[cegb_tradeoff: 1]
[cegb_penalty_split: 0]
[cegb_penalty_feature_lazy: ]
[cegb_penalty_feature_coupled: ]
[path_smooth: 0]
[interaction_constraints: ]
[verbosity: -1]
[saved_feature_importance_type: 0]
[use_quantized_grad: 0]
[num_grad_quant_bins: 4]
[quant_train_renew_leaf: 0]
[stochastic_rounding: 1]
[linear_tree: 0]
[max_bin: 255]
[max_bin_by_feature: ]
[min_data_in_bin: 3]
[bin_construct_sample_cnt: 200000]
[data_random_seed: 175]
[is_enable_sparse: 1]
[enable_bundle: 1]
[use_missing: 1]
[zero_as_missing: 0]
[feature_pre_filter: 1]
[pre_partition: 0]
[two_round: 0]
[header: 0]
[label_column: ]
[weight_column: ]
[group_column: ]
[ignore_column: ]
[categorical_feature: ]
[forcedbins_filename: ]
[precise_float_parser: 0]
[parser_config_file: ]
[objective_seed: 16083]
[num_class: 1]
[is_unbalance: 0]
[scale_pos_weight: 1]
[sigmoid: 1]
[boost_from_average: 1]
[reg_sqrt: 0]
[alpha: 0.9]
[fair_c: 1]
[poisson_max_delta_step: 0.7]
[tweedie_variance_power: 1.5]
[lambdarank_truncation_level: 30]
[lambdarank_norm: 1]
[label_gain: ]
[lambdarank_position_bias_regularization: 0]
[eval_at: ]
[multi_error_top_k: 1]
[auc_mu_weights: ]
[num_machines: 1]
[local_listen_port: 12400]
[time_out: 120]
[machine_list_filename: ]
[machines: ]
[gpu_platform_id: -1]
[gpu_device_id: -1]
[gpu_use_dp: 0]
[num_gpu: 1]

end of parameters

pandas_categorical:null
