tree
version=v4
num_class=1
num_tree_per_iteration=1
label_index=0
max_feature_idx=100
objective=regression_l1
feature_names=load_total_mw load_north_mw load_central_mw load_south_mw hydro_inflow_m3s hydro_total_discharge_m3s hydro_plant_discharge_m3s hydro_spill_discharge_m3s hydro_water_level_m disp_total_installed_mw disp_total_midday_mw disp_total_evening_mw disp_hydro_installed_mw disp_hydro_midday_mw disp_hydro_evening_mw disp_solar_installed_mw disp_solar_midday_mw disp_solar_evening_mw disp_wind_installed_mw disp_wind_midday_mw disp_wind_evening_mw temperature_hanoi humidity_hanoi cloud_cover_hanoi wind_speed_hanoi shortwave_radiation_hanoi direct_radiation_hanoi diffuse_radiation_hanoi temperature_danang humidity_danang cloud_cover_danang wind_speed_danang shortwave_radiation_danang direct_radiation_danang diffuse_radiation_danang temperature_hcmc humidity_hcmc cloud_cover_hcmc wind_speed_hcmc shortwave_radiation_hcmc direct_radiation_hcmc diffuse_radiation_hcmc coal_proxy_price brent_price gas_proxy_price usd_vnd dxy_index is_weekend is_workday is_holiday is_tet is_pre_holiday is_post_holiday season sin_hour cos_hour sin_dow cos_dow sin_month cos_month smp_lag_48 load_lag_48 smp_lag_49 load_lag_49 smp_lag_50 load_lag_50 smp_lag_96 load_lag_96 smp_lag_336 load_lag_336 smp_north_lag_48 smp_south_lag_48 smp_north_lag_336 smp_south_lag_336 smp_rolling_mean_24h smp_rolling_std_24h load_rolling_mean_24h load_rolling_std_24h smp_rolling_mean_72h smp_rolling_std_72h load_rolling_mean_72h load_rolling_std_72h price_spread_ns_lag48 load_ramp_lag48 smp_yesterday_mean smp_yesterday_max smp_yesterday_min smp_yesterday_zero_ratio hydro_discharge_rolling_24h solar_gen_proxy wind_gen_proxy residual_load_proxy thermal_margin_proxy hydro_depletion_index margin_temp_interaction is_spike is_zero spike_prob_24h spike_prob_72h zero_prob_24h zero_prob_72h
feature_infos=[16738.400000000001:43669.699999999997] [8141:23529.633000000002] [1030.2:4920.1390000000001] [6568.3000000000002:17620.469000000001] [-24696.790000000001:52718.32] [261.23000000000002:27182.77] [243.56999999999999:14362.75] [11.359999999999999:15398] [386.1925:23252.132105263157] none [14491.4:47673.900000000001] [19152.799999999999:47033.400000000001] none [-3952.3000000000002:18862.5] [6035.6999999999998:23435.200000000001] none [0:8134.5] [0:344.30000000000001] none [0:4273.1999999999998] [0:4263.3999999999996] [7.5:32.299999999999997] [31:99] [0:100] [0.55000000000000004:30.25] [3.5:282] [0:208.5] [3.5:150.5] [16.050000000000001:33.25] [52:99.5] [0:100] [0.80000000000000004:50] [7:306.5] [0:234] [7:146] [20.600000000000001:31.300000000000001] [56:98] [0:100] [0.5:24] [16:265] [0:198] [16:133.5] [63.700000762939453:438.35000610351562] [55.099998474121087:127.98000335693359] [1.5750000476837158:9.6800003051757795] [22394.345703125:26405] [89.639999389648438:114.11000061035156] [0:1] [0:1] [0:1] [0:1] [0:1] [0:1] [1:4] none none [-0.97492791218182362:0.97492791218182362] [-0.90096886790241903:1] [-1:1] [-1:1] [0:1778.5999999999999] [16738.400000000001:43669.699999999997] [0:1778.5999999999999] [16515.5:40602.099999999999] [0:1778.5999999999999] [15251.9:39424.300000000003] [0:1778.5999999999999] [16738.400000000001:43669.699999999997] [0:1778.5999999999999] [16738.400000000001:43669.699999999997] [0:1778.5999999999999] [0:1778.5999999999999] [0:1778.5999999999999] [0:1778.5999999999999] [0:1778.5999999999999] [0:869.78656539635756] [15840.402083333332:48300.345833333326] [1494.0634266859377:7412.3475695858406] [0.069944444444444434:1778.5999999999999] [0:822.68470809772941] [15990.384722222221:45267.230555555558] [2009.5728777065494:7328.5193476692311] [-1602.3:1778.5999999999999] [-2000.7000000000007:5250.3000000000029] [0:1778.5999999999999] [0:1778.5999999999999] [0:1778.5999999999999] [0:1] [919.52208333333328:41870.738333333335] [112.0236:1855.3908750000001] [124.17300000000002:5960.3040000000001] [13767.265887500002:40395.97834999999] [13155.821650000013:39784.534112499998] [386.1925:23252.132105263157] [371342.92174875003:1122197.6812312501] [0:1] [0:1] [0:1] [0:1] [0:1] [0:1]
tree_sizes=4015 4396 4354 4789 4721 4679 4888 4625 4682 4799 4561 4641 4610 4609 4721 4796 4655 4649 4976 4521 4727 4598 4631 4798 4684 4612 4638 4703 4423 4721 4702 4652 4613 4871 4779 4813 4916 4771

Tree=0
num_leaves=51
num_cat=0
split_feature=72 62 62 72 68 11 0 62 69 38 72 80 40 4 24 0 80 16 69 4 94 0 94 95 25 70 45 24 80 93 89 69 69 30 62 77 38 83 26 0 38 0 11 30 30 24 85 25 77 35
split_gain=36.2736 18.4003 14.9092 12.6431 11.6411 8.79522 8.70953 8.45949 8.17748 7.84803 9.75634 7.84428 8.34055 6.76864 12.0634 6.72549 6.71303 6.51158 5.973 9.67691 6.13957 5.9558 5.74391 5.4971 5.03843 5.03781 5.00087 4.98405 4.89787 4.50964 4.33125 4.43538 4.21417 3.739 3.03463 3.01225 2.58489 4.88929 2.44044 2.86771 2.41282 2.34792 2.04406 2.01542 1.81616 1.82467 1.39859 1.2197 1.15227 1.01799
threshold=1463.7500000000002 918.75150000000019 1369.3000000000004 769.32450000000006 748.22150000000011 32048.750000000004 28115.800000000007 1.0000000180025095e-35 31901.800000000007 4.2250000000000005 1093.2 31359.527777777781 78.750000000000014 4144.9800000000005 8.4250000000000025 33847.80000000001 31329.780555555564 5788.1500000000005 30950.700000000001 3201.5700000000006 469611.66562062514 31901.800000000007 607310.17786500033 1.0000000180025095e-35 37.750000000000007 0.93700000000000017 23014.500000000004 9.8250000000000011 30979.61215277778 420.21421052631581 1146.4915312500002 33280.700000000004 31257.350000000002 88.750000000000014 1431.1000000000001 3890.1211616643091 5.8750000000000009 2198.599999999999 74.250000000000014 30063.100000000002 12.975000000000001 33652.350000000006 42443.850000000013 90.750000000000014 53.750000000000007 4.8250000000000011 1509.9500000000003 43.750000000000007 3968.5479591384078 26.975000000000005
decision_type=2 2 2 2 2 2 2 2 2 2 2 2 2 2 2 2 2 2 2 2 2 2 2 2 2 2 2 2 2 2 2 2 2 2 2 2 2 2 2 2 2 2 2 2 2 2 2 2 2 2
left_child=1 3 15 16 8 26 -5 -8 43 -9 -11 12 27 18 17 22 33 -15 19 34 -20 36 47 -13 -22 40 -6 -4 -16 38 -25 -32 -14 -1 -7 -27 -18 -38 39 -24 41 -23 44 -3 -43 -46 -47 -2 -44 -48
right_child=2 4 11 6 5 13 7 9 -10 10 -12 23 32 14 28 -17 21 -19 20 -21 24 25 29 30 -26 35 -28 -29 -30 -31 31 -33 -34 -35 -36 -37 37 -39 -40 -41 -42 42 48 -45 45 46 49 -49 -50 -51
leaf_value=0 -0.0014639334380626679 0.0025000137090682986 0 -0.0052352017164230347 0 0 -0.0016067458689212799 -0.0011011377722024917 0 0.00094655334949493412 0 -0.00072099909186363221 0.0010198481008410454 0.0031338912248611451 0 0 -0.00028707563877105712 0 0.0011275112628936768 -0.00047648958861827849 0.0010824054852128029 0 -0.0021051873266696931 -0.00036334279924631117 0.0015920931100845337 0.0027504086494445803 -0.0031306092441082001 -0.0013998976722359657 -0.00091305442154407499 0 3.2290562521666289e-05 0 0 0.0041885313391685488 0.0015023931115865708 0 0 -0.00016813236059533664 0 -0.0025601445138454439 0 0 0 0.016219874024391175 0 0 0 -0.03221428394317627 0 0
leaf_weight=28 21 39 38 34 22 23 23 20 26 32 25 28 28 21 22 36 35 23 25 26 20 24 32 39 37 25 20 22 37 25 26 24 38 29 20 26 36 20 26 26 29 20 20 28 20 27 24 23 24 25
leaf_count=28 21 39 38 34 22 23 23 20 26 32 25 28 28 21 22 36 35 23 25 26 20 24 32 39 37 25 20 22 37 25 26 24 38 29 20 26 36 20 26 26 29 20 20 28 20 27 24 23 24 25
internal_value=2.92612e-05 0.000582888 -0.00116898 -9.15751e-06 0.00141388 0.000929054 -0.00134328 -0.0006 0.00295699 0.000194805 0.00114035 -0.000349794 0.000515873 0.00127953 0.000291262 -0.00222222 0.000424757 0.00227273 0.00195364 0.000869565 0.00286585 0.000169014 -0.00267974 -0.00128205 0.00377193 0.000549242 -0.00119048 -0.000833333 -0.00118644 -0.00206422 -0.000674157 0.0003 0.00174242 0.00201754 0.00232558 0.00196078 -0.000934066 -0.000267857 -0.00261905 -0.00318966 0.000211268 0 0.00021875 0.0038806 -0.00012931 0.00015625 -0.000197368 -0.00420455 0.00113636 0.000306122
internal_weight=1367 935 432 546 389 296 134 100 93 77 57 243 126 254 103 189 412 44 151 69 82 355 153 117 57 264 42 60 59 109 89 50 66 57 43 51 91 56 84 58 213 184 160 67 116 96 76 44 44 49
internal_count=1367 935 432 546 389 296 134 100 93 77 57 243 126 254 103 189 412 44 151 69 82 355 153 117 57 264 42 60 59 109 89 50 66 57 43 51 91 56 84 58 213 184 160 67 116 96 76 44 44 49
is_linear=0
shrinkage=0.005


Tree=1
num_leaves=53
num_cat=0
split_feature=72 96 72 24 95 8 3 14 23 20 1 70 5 64 3 41 24 97 22 60 3 29 4 90 78 24 74 82 94 14 90 13 74 72 0 70 1 64 74 39 41 14 98 66 70 56 10 14 77 74 1 8
split_gain=28.3918 15.2696 15.2293 14.559 11.1699 10.118 9.61 11.0095 9.57929 7.92419 7.62169 10.3251 7.51615 6.80992 6.43187 6.32641 7.84392 6.09545 5.87329 5.7036 7.86935 5.60676 6.82317 5.36158 5.35803 5.17177 5.82075 6.83824 4.81576 4.81432 4.56923 4.46157 4.39163 4.375 4.29745 5.8642 3.94399 5.22781 3.7558 3.37595 3.58081 3.32642 3.025 2.78437 5.12422 2.54848 2.48757 1.98751 1.70167 1.84091 1.37592 0.109091
threshold=1365.6245000000001 1.0000000180025095e-35 703.25000000000011 3.3250000000000006 1.0000000180025095e-35 413.11269230769238 15179.233500000002 14486.550000000001 95.750000000000014 2918.1500000000005 14406.950000000003 886.18300000000011 4735.2350000000015 1.1720000000000004 14809.775000000001 82.750000000000014 13.825000000000001 0.30208333333333343 88.750000000000014 1602.2500000000002 15272.250000000002 91.750000000000014 3745.0950000000003 875.41965000000005 515.63184722222229 11.725000000000001 1231.8487604166669 1278.7500000000002 581936.01268093765 15061.000000000002 2030.2285500000003 10859.450000000003 867.45457291666673 223.71250000000003 31423.650000000005 1299.8000000000002 14487.100000000002 1727.9000000000003 1251.3440625000003 227.25000000000003 83.750000000000014 19038.700000000001 0.14236111111111113 929.00200000000007 1099.1000000000001 1.0000000180025095e-35 33356.30000000001 17489.700000000001 4080.2518073162009 374.52072916666674 15538.366500000002 415.82210526315794
decision_type=2 2 2 2 2 2 2 2 2 2 2 2 2 2 2 2 2 2 2 2 2 2 2 2 2 2 2 2 2 2 2 2 2 2 2 2 2 2 2 2 2 2 2 2 2 2 2 2 2 2 2 2
left_child=1 3 23 -1 5 28 7 -7 10 21 12 14 -5 -4 -12 16 19 -9 -17 20 34 25 -23 24 -3 26 27 -6 -2 38 -27 32 39 -20 35 42 -28 -38 -30 40 50 -33 -10 -14 -45 -36 -13 -42 49 -43 -25 -48
right_child=4 2 13 8 9 6 -8 17 15 -11 11 46 43 -15 -16 18 -18 -19 33 -21 -22 22 -24 31 -26 30 36 -29 29 -31 -32 41 -34 -35 45 -37 37 -39 -40 -41 47 48 -44 44 -46 -47 51 -49 -50 -51 -52 -53
leaf_value=-0.00019780623018741611 -0.0014566137708723545 0 -0.030588977034948766 -4.6625068882713093e-05 0 1.0525936633348466e-05 0.0005327441822737455 -0.033206550208479166 0.0002568654391914606 -0.0017910002984106541 0.002220890215039253 0.0026166951254010203 8.6082671955227849e-05 -5.3516824170947079e-05 0 4.5652721077203751e-06 -5.1851615309715272e-06 -2.4221306666731835e-05 0 0.0029197713810950516 0 0.00029442799761891363 -3.2026981096714735e-05 -0.0002913445420563221 -0.0053786384567618374 -0.00086498740818351499 0 0.0001913256198167801 -0.0024895307131111623 0 0 0.00013591863177716732 0.0014447473883628845 -0.0020359930379316212 0.0018930582746863368 0.00082151524722576144 -0.00036844864320009947 0 -0.0003012050688266754 0 0 0 -0.00056898302659392358 0.0010029823422431946 0.00043878850489854817 0.0022907789751887321 0.0028253255784511568 0 0 0.00091555766761302953 0 0.0025549970731139184
leaf_weight=26 33 26 36 22 31 24 20 23 20 23 23 38 20 20 35 28 34 33 21 29 36 33 24 21 20 30 37 20 31 20 22 26 23 24 24 23 29 32 27 29 20 22 20 21 23 20 24 21 35 22 23 20
leaf_count=26 33 26 36 22 31 24 20 23 20 23 23 38 20 20 35 28 34 33 21 29 36 33 24 21 20 30 37 20 31 20 22 26 23 24 24 23 29 32 27 29 20 22 20 21 23 20 24 21 35 22 23 20
internal_value=7.68105e-05 0.000617143 -0.000203488 0.00114878 -0.000884146 -0.00175355 -0.0006 -0.001375 0.00133663 -0.000231317 0.00210177 0.00282143 0.000930233 -0.00258929 0.0012069 0.000716846 0.00116505 -0.00258929 -0.000547945 0.00159884 0.00118881 1.93798e-05 0.00140351 0.000260417 -0.00130435 -0.000373134 0.000100671 0.00147059 -0.00279279 -0.00211538 -0.00173077 0.000557851 -3.64964e-05 -0.00166667 0.00186916 0.00103175 -0.000612245 -0.00139344 -0.00284483 -0.000438596 -0.000941176 0.00133333 -0.000125 0.00179688 0.0025 0.00306818 0.00396341 0.000121951 0.000822785 0.00147727 -0.00193182 0.00477273
internal_weight=1367 875 344 531 492 211 100 80 505 281 226 140 86 56 58 279 206 56 73 172 143 258 57 288 46 201 149 51 111 78 52 242 137 45 107 63 98 61 58 114 85 105 40 64 44 44 82 41 79 44 44 44
internal_count=1367 875 344 531 492 211 100 80 505 281 226 140 86 56 58 279 206 56 73 172 143 258 57 288 46 201 149 51 111 78 52 242 137 45 107 63 98 61 58 114 85 105 40 64 44 44 82 41 79 44 44 44
is_linear=0
shrinkage=0.005


Tree=2
num_leaves=51
num_cat=0
split_feature=72 64 64 23 91 94 30 72 30 91 19 77 69 26 1 77 77 0 94 77 95 77 84 97 77 77 77 89 13 88 77 76 69 22 46 65 4 4 26 20 30 30 65 59 5 94 89 7 91 19
split_gain=20.8878 13.7462 12.1381 9.16053 11.0252 10.5581 8.97764 8.91445 10.9493 10.125 7.28368 7.17159 7.14706 12.9829 6.82105 7.50118 6.30363 6.29793 6.23305 9.50514 6.2059 6.10159 5.95297 5.61623 5.51492 5.86411 5.48571 6.67582 5.3292 9.15257 5.07965 7.12609 6.61282 6.26166 5.75305 7.67231 4.43841 4.39774 5.24546 4.225 4.07788 3.76456 3.60119 3.2595 2.73742 2.20013 2.16687 2.025 1.72857 1.225
threshold=1459.9455000000003 963.10000000000014 1479.1135000000002 99.750000000000014 28356.845850000002 567726.73491500015 98.750000000000014 751.6495000000001 39.250000000000007 26199.992756250005 737.55000000000007 4251.2291002674292 33775.600000000006 35.750000000000007 13383.550000000001 3878.4913613909944 4129.7013545458522 33280.700000000004 655851.94455187523 4396.1592556317637 1.0000000180025095e-35 3593.6588797043323 77.806427083333347 0.30208333333333343 3808.1504165804076 3389.6560310920145 3948.0107885982438 981.95686875000013 2792.8500000000008 4991.0889583333337 3674.1724491305868 35407.306250000016 30978.550000000003 86.750000000000014 102.41500091552736 29226.900000000005 3426.0600000000004 18620.910000000003 80.750000000000014 896.70000000000016 69.250000000000014 99.750000000000014 34035.30000000001 -0.68301270189221952 11042.150000000003 737941.18953125016 1311.0261937500002 31.665000000000003 23116.904893750001 1252.0000000000002
decision_type=2 2 2 2 2 2 2 2 2 2 2 2 2 2 2 2 2 2 2 2 2 2 2 2 2 2 2 2 2 2 2 2 2 2 2 2 2 2 2 2 2 2 2 2 2 2 2 2 2 2
left_child=1 7 11 14 20 6 -6 22 -9 48 -7 17 13 -11 -3 46 -17 28 19 24 21 -5 -1 -18 25 -4 -26 -28 -2 -30 33 34 -33 -24 -32 39 -13 38 44 -36 -20 -31 49 -35 -34 -45 -16 -21 -10 -40
right_child=2 3 18 4 5 10 -8 8 9 12 -12 36 -14 -15 15 16 23 -19 40 47 -22 -23 30 -25 26 -27 27 -29 29 41 31 32 37 43 35 -37 -38 -39 42 -41 -42 -43 -44 45 -46 -47 -48 -49 -50 -51
leaf_value=0 -4.5208585584536195e-05 5.378059921786188e-07 4.9261427070014173e-06 -0.0007738184567876161 -5.6375563144683836e-06 -2.2826360538601875e-08 0.0021184711557105185 0.00011758838692307473 -0.0024800085610598328 -0.0034393267783964692 -0.0030606516714915635 -0.00083037823472544557 -0.0025283349696109069 0.0011591126984097065 0.0012819424704946579 -2.193942524492741e-06 2.2712228735908866e-06 0.00031537155471742157 0 -1.4125868619885293e-06 0.0010252789707686752 0.00036332745495345445 0.0021369125552475454 0.0034635419697985055 0.0001442292757332325 -5.0992405042052274e-06 -3.9140506940893836e-06 0.0004958867661226541 -0.0030595514347366987 0 -0.00018548063183017078 1.4567227102816105e-06 2.6893192283809187e-05 -3.3979657944291828e-07 0.0019697498533762991 -0.0034657359123229981 -0.0026050357629079372 -1.1413180269300938e-08 0 -3.5120975971221919e-07 -0.00027894761286443101 -0.00116109396680817 0 0 0 0 0.0020680529864057899 -0.00076849149866681536 -0.003289142225251067 0
leaf_weight=35 32 38 22 21 33 29 32 22 21 23 25 23 24 28 36 29 20 23 31 20 26 24 39 35 24 39 26 30 32 38 20 22 29 24 20 21 25 22 20 20 29 23 30 24 36 26 32 20 24 20
leaf_count=35 32 38 22 21 33 29 32 22 21 23 25 23 24 28 36 29 20 23 31 20 26 24 39 35 24 39 26 30 32 38 20 22 29 24 20 21 25 22 20 20 29 23 30 24 36 26 32 20 24 20
internal_value=-3.65764e-05 0.000387097 -0.000938215 0.00111842 0.000342105 -0.000588235 0.000769231 -0.000118182 -0.00119718 -0.00179167 -0.00222222 -0.00186224 -0.000666667 0.000392157 0.00189474 0.00236842 0.00136905 -0.00131757 -0.000186722 0.000276243 0.00190141 0.000777778 0.000257353 0.00236364 0.000886525 -0.000245902 0.00175 0.000892857 -0.00176 -0.00236559 0.000442359 5.76923e-05 0.000614525 0.00132743 -0.00117284 -0.000409836 -0.00354167 0.000254777 0.000592593 0.000875 -0.00158333 -0.00122951 -0.000357143 0.000472973 0.00161538 0.0012 0.00360294 -0.001875 -0.00366667 0.000625
internal_weight=1367 930 437 380 190 119 65 550 142 120 54 196 75 51 190 152 84 148 241 181 71 45 408 55 141 61 80 56 125 93 373 260 179 113 81 61 48 157 135 40 60 61 70 74 65 50 68 40 45 40
internal_count=1367 930 437 380 190 119 65 550 142 120 54 196 75 51 190 152 84 148 241 181 71 45 408 55 141 61 80 56 125 93 373 260 179 113 81 61 48 157 135 40 60 61 70 74 65 50 68 40 45 40
is_linear=0
shrinkage=0.005


Tree=3
num_leaves=55
num_cat=0
split_feature=34 68 62 16 41 77 19 77 2 79 17 23 30 86 2 21 13 41 36 62 66 30 38 42 77 33 35 81 14 62 36 13 46 38 42 24 80 61 42 21 24 35 89 93 62 89 62 32 37 36 13 16 2 6
split_gain=14.0086 12.602 18.0764 12.4139 9.87457 9.07696 12.2627 11.2668 9.66727 9.0743 9.11975 8.4095 8.38968 7.91862 7.23444 9.511 8.22272 7.53266 7.21425 6.85451 6.80287 6.66305 7.38256 6.23333 6.15507 6.06346 6.03679 5.56383 5.21781 5.18886 7.19155 6.42689 5.25932 5.11703 6.45598 4.94118 5.99704 6.43375 4.63938 4.60775 5.69914 5.36678 4.46908 3.66609 3.663 3.56528 3.50303 3.23094 3.17795 3.07095 2.59639 2.40995 0.654762 0.452174
threshold=94.750000000000014 1182.2335000000003 808.29100000000005 3878.2500000000005 76.750000000000014 4414.2522019932348 1175.6500000000003 4592.2896820849282 2660.8000000000006 210.13789369276819 22.950000000000003 25.250000000000004 96.750000000000014 0.10100000000000002 3390.7620000000002 28.125000000000004 10859.450000000003 91.250000000000014 71.250000000000014 1105.5500000000002 919.17300000000012 87.250000000000014 4.325000000000002 144.77500152587893 3220.3650953629162 201.25000000000003 26.825000000000006 3908.0907272416966 17313.400000000005 1368.2000000000003 77.250000000000014 3693.6500000000005 95.405002593994155 7.2750000000000012 143.62500000000003 11.525000000000002 37569.268402777787 32859.500000000007 120.72499847412111 20.225000000000005 6.9750000000000005 25.075000000000006 1290.0217687500001 411.4138003095976 1299.8000000000002 845.42810625000004 899.00000000000011 218.25000000000003 77.750000000000014 88.750000000000014 7243.0500000000011 6917.4500000000007 2837.8500000000004 4725.4850000000015
decision_type=2 2 2 2 2 2 2 2 2 2 2 2 2 2 2 2 2 2 2 2 2 2 2 2 2 2 2 2 2 2 2 2 2 2 2 2 2 2 2 2 2 2 2 2 2 2 2 2 2 2 2 2 2 2
left_child=1 2 4 23 33 8 -7 -8 11 42 28 -5 -9 35 15 16 27 -17 -4 38 26 -15 -23 46 -24 39 -20 -6 -11 32 -31 -32 -13 34 49 36 37 -2 -12 40 -22 -42 -10 -18 -26 -21 -3 -38 -35 -1 53 52 -47 -41
right_child=13 3 18 5 14 6 7 12 9 10 19 29 -14 21 -16 17 43 -19 20 45 25 22 24 -25 44 -27 -28 -29 -30 30 31 -33 -34 48 -36 -37 47 -39 -40 50 41 -43 -44 -45 -46 51 -48 -49 -50 -51 -52 -53 -54 -55
leaf_value=0 0 -0.032917893699383846 -1.6529046050439938e-05 0.00024339777635234871 -0.0010321823244095662 3.559428710461361e-06 -0.0023532126185140645 -0.0006761871936784592 1.394738064322155e-06 -0.0002176991975119454 -4.2895381479151553e-06 -0.0016872372114408202 0.00019136105227797001 6.8965465695434231e-06 -9.9668736793100837e-06 0 0 0.0034336888045519592 -8.9714447840861992e-06 9.7827601047349166e-07 0.0033206371103493126 -0.0027738159220553329 -0.0026753800370406546 -1.1356114367954433e-08 -0.001020333007648663 8.0795214156433941e-06 0.0011752200476099644 -1.3446596141904594e-07 4.3003063273825683e-06 0.00012474067652007564 -0.00065343574106638323 1.6013490548357367e-07 -0.0010168154417710472 1.7328679561614992e-05 0.028068082674142902 1.1413180269300938e-10 0 -8.6228735216564396e-06 5.0888522444348781e-05 0.00092194706089755284 9.6816508870632389e-05 -5.4530801940367093e-05 -3.9932171361055228e-07 9.0655734995380042e-10 1.2332852517138238e-06 0.00062916383153978849 -0.00072322789657957036 8.4949144860729573e-10 1.5303258357457819e-05 -1.3446596141904594e-07 0.0034657360264548011 0.0008418904182575643 0.0017716950409118878 0.0027321204095885534
leaf_weight=33 29 22 20 20 20 31 30 21 23 21 23 22 26 24 34 20 23 23 26 22 26 23 21 30 30 23 20 34 23 24 36 25 26 29 21 24 20 37 21 20 21 20 22 28 23 22 33 26 23 21 33 23 20 26
leaf_count=33 29 22 20 20 20 31 30 21 23 21 23 22 26 24 34 20 23 23 26 22 26 23 21 30 30 23 20 34 23 24 36 25 26 29 21 24 20 37 21 20 21 20 22 28 23 22 33 26 23 21 33 23 20 26
internal_value=4.02341e-05 0.000283784 0.000827206 -0.000238516 3.23625e-05 7.27651e-05 -0.0012037 -0.00227273 0.000442359 0.00111364 0.00162857 -0.000522876 -0.000744681 -0.00101167 -0.000714286 -0.000236486 -0.00104762 0.00174419 0.00187234 0.00229008 0.00213953 -0.00194215 -0.00252577 -0.002 -0.00175676 0.00260355 0.000434783 -0.00240741 -0.000340909 -0.000977444 -0.000235294 -0.00114754 -0.00229167 0.00110236 0.000266667 -0.000183824 -0.000625 -0.00159091 0.000681818 0.00297945 0.00201493 0.000853659 -0.000888889 0.000392157 -0.000849057 0.00310345 -0.003 0.00076087 0.00230769 -0.000648148 0.00379747 0.00369231 0.00440476 0.00456522
internal_weight=1367 1110 544 566 309 481 108 77 373 220 175 153 47 257 182 148 105 43 235 131 215 121 97 85 74 169 46 54 44 133 85 61 48 127 75 136 112 66 44 146 67 41 45 51 53 87 55 46 52 54 79 65 42 46
internal_count=1367 1110 544 566 309 481 108 77 373 220 175 153 47 257 182 148 105 43 235 131 215 121 97 85 74 169 46 54 44 133 85 61 48 127 75 136 112 66 44 146 67 41 45 51 53 87 55 46 52 54 79 65 42 46
is_linear=0
shrinkage=0.005


Tree=4
num_leaves=53
num_cat=0
split_feature=96 68 81 85 22 85 83 44 26 35 6 24 78 11 36 81 33 4 76 43 11 76 33 100 64 8 11 57 66 36 84 45 68 92 76 81 83 81 81 45 42 35 76 38 43 11 83 11 8 23 33 11
split_gain=13.3778 21.2722 9.35883 10.9334 8.81153 11.8026 8.78126 8.4327 9.06667 8.32637 7.53144 7.41326 8.31169 11.5313 6.44784 10.4762 10.6831 9.7436 9.33932 8.25065 8.85216 8.56755 7.4551 9.73618 6.7883 6.45333 6.29949 6.25068 8.88816 6.49317 6.22306 6.10974 5.77492 6.06061 6.61983 7.51572 5.38767 4.92018 5.39821 7.07151 5.8616 4.58333 7.50273 4.32 3.69499 3.28611 3.25471 3.20017 2.5 2.40263 1.68083 1.67828
threshold=1.0000000180025095e-35 1341.2500000000002 4511.9517852399249 1509.0500000000002 88.750000000000014 1469.7500000000002 1045.8500000000006 6.0859999656677255 34.250000000000007 27.375000000000004 6727.6000000000013 5.5750000000000011 552.26638194444456 36893.100000000013 79.250000000000014 3999.9682083362245 33.250000000000007 2261.3600000000001 29128.112500000007 93.509998321533217 33942.80000000001 29589.060416666671 86.750000000000014 0.010416666666666668 1427.1505000000004 415.56486842105267 32795.05000000001 1.0000000180025095e-35 1503.4000000000003 87.750000000000014 982.48011458333337 25416.000000000004 791.98750000000007 20479.625775000008 35367.914583333339 3685.9680994676396 2454.0499999999961 3582.0754461511301 4026.9740668462559 23054.500000000004 101.12500000000001 26.375000000000004 34348.116666666676 6.1750000000000016 78.780002593994155 33942.80000000001 2310.3000000000034 40092.950000000004 410.55026315789479 96.250000000000014 163.25000000000003 37224.250000000007
decision_type=2 2 2 2 2 2 2 2 2 2 2 2 2 2 2 2 2 2 2 2 2 2 2 2 2 2 2 2 2 2 2 2 2 2 2 2 2 2 2 2 2 2 2 2 2 2 2 2 2 2 2 2
left_child=1 4 3 32 26 -6 -5 14 -9 27 -10 46 31 -14 15 18 24 -16 -3 20 48 -22 23 -23 -17 -24 -1 28 36 51 -25 -13 33 -2 35 -35 49 -28 39 -39 -40 42 -42 -18 -4 -34 -8 -15 -19 -7 -43 -29
right_child=2 7 44 6 5 9 11 8 10 -11 -12 12 13 47 17 16 43 19 -20 -21 21 22 25 30 -26 -27 37 29 -30 -31 -32 -33 45 34 -36 -37 -38 38 40 -41 41 50 -44 -45 -46 -47 -48 -49 -50 -51 -52 -53
leaf_value=-5.2390736508973529e-06 -4.3323965297412369e-08 0.0011068608486454407 -5.7065901346504689e-13 -4.5777620715078494e-06 -1.2378412792813033e-05 0.00045700563828837839 2.560120815613279e-05 8.9565113470388603e-05 -8.8584752045594392e-06 -7.97698343451932e-06 9.3890266291589298e-06 1.4280900475171279e-06 1.2043196634792873e-05 -0.00040977204444034494 -0.00099696375325839968 -0.016449985429900008 -2.8593788746279945e-05 -0.0010833092343724463 -1.3396000151925255e-07 -0.00065557022995456392 9.9329189438121843e-06 5.07653807060382e-06 -3.9732510504249951e-07 -0.00024578030109990729 -2.4828327470688295e-06 0.00020138138495603129 0.0021058699734161795 0.00035959976041266632 0.0033479757094973112 1.694735439971555e-09 -0.0016754734943475148 -2.8532950673252345e-13 -0.001364526966198347 0.00011800126343779266 3.1214594635715884e-08 -1.6747235096872173e-05 -6.9866776473511287e-05 0.0010764796941848827 -1.2406437837875244e-09 -1.0663007858826963e-05 0.0028702204583614223 0.030952255210973938 1.4094599207158901e-06 0.00080600652859081593 -0.00012301173380909952 -0.03028072145506119 1.7242036163806916e-05 -6.2975879048928615e-07 -0.005030006579110036 -9.4646190436245883e-06 0.0023121811136491617 0.0015557809813500731
leaf_weight=38 22 24 32 26 30 20 21 34 31 26 20 35 24 21 21 22 20 20 25 31 39 25 30 23 32 20 23 20 37 23 38 20 21 26 20 20 21 35 24 24 34 21 32 30 27 24 23 25 20 23 23 21
leaf_count=38 22 24 32 26 30 20 21 34 31 26 20 35 24 21 21 22 20 20 25 31 39 25 30 23 32 20 23 20 37 23 38 20 21 26 20 20 21 35 24 24 34 21 32 30 27 24 23 25 20 23 23 21
internal_value=-9.14411e-05 0.000219388 -0.000878553 -0.00054878 0.000978947 0.000248869 0.000205128 -0.00049505 0.000941176 0.000706806 -0.000392157 0.000621302 0 -0.00114286 -0.000785714 3.26797e-05 -0.000865385 -0.00125468 0.00193878 -0.00097561 -0.000627907 -0.000142857 -0.000735294 -0.00162791 -0.00240741 0.0008 0.00161417 0.00112121 0.000346535 0.00234375 -0.00270492 0.00145455 -0.00165414 -0.000909091 -0.000151515 -0.00119565 -0.00078125 0.00194444 0.00168394 0.000423729 0.00223881 0.00272727 0.00189394 0.0008 -0.00271186 -0.00311111 0.00238636 -0.0026087 -0.00275 0.000232558 0.00397727 0.00353659
internal_weight=1367 980 387 328 475 221 195 505 85 191 51 169 125 70 420 153 104 267 49 246 215 175 136 86 54 50 254 165 101 64 61 55 133 88 66 46 64 216 193 59 134 110 66 50 59 45 44 46 40 43 44 41
internal_count=1367 980 387 328 475 221 195 505 85 191 51 169 125 70 420 153 104 267 49 246 215 175 136 86 54 50 254 165 101 64 61 55 133 88 66 46 64 216 193 59 134 110 66 50 59 45 44 46 40 43 44 41
is_linear=0
shrinkage=0.005


Tree=5
num_leaves=53
num_cat=0
split_feature=69 16 27 31 36 13 13 69 41 41 1 82 21 3 73 56 88 41 13 16 5 81 13 88 21 83 4 76 3 80 82 83 61 37 21 46 74 74 39 13 21 17 3 67 39 69 0 37 13 27 94 83
split_gain=20.3302 15.2735 21.6859 15.3114 11.9135 10.9554 10.8053 9.51813 9.61032 10.2925 9.39468 9.1472 8.22323 11.5008 8.09419 8.56974 10.0088 12.1479 6.98717 6.60523 10.8606 6.40622 6.30992 10.4957 6.07637 6.11859 7.68709 6.05 6.4 5.98209 5.6252 7.63938 8.12698 7.6984 12.4538 5.38928 5.60303 5.31639 8.49232 5.15748 6.12766 7.87481 4.93759 4.9 4.87879 4.70717 3.94644 3.69275 3.50847 3.45516 2.5 1.99844
threshold=24550.750000000004 5801.8500000000013 84.750000000000014 10.175000000000002 80.250000000000014 10159.500000000002 4369.0500000000011 31171.750000000004 60.750000000000007 47.750000000000007 14931.1 3.6934999999999722 28.475000000000005 14364.85 1482.0405000000003 0.87837969732492682 4561.4856250000012 66.250000000000014 15820.150000000003 6007.8000000000011 9068.845000000003 4595.9013309416314 1226.2000000000003 5023.8300000000008 26.525000000000002 2556.7000000000012 9350.2900000000027 34827.276041666672 15394.150000000001 31490.809027777785 -958.56449999999984 1558.6000000000006 37333.950000000004 90.250000000000014 25.175000000000004 102.89500045776369 1251.3440625000003 1360.7231666666669 169.25000000000003 2659.0000000000005 25.125000000000004 74.550000000000011 11173.750000000002 32157.850000000002 212.25000000000003 30243.450000000004 27099.750000000004 96.750000000000014 8882.6500000000015 65.750000000000014 668242.1912046877 1569.1500000000035
decision_type=2 2 2 2 2 2 2 2 2 2 2 2 2 2 2 2 2 2 2 2 2 2 2 2 2 2 2 2 2 2 2 2 2 2 2 2 2 2 2 2 2 2 2 2 2 2 2 2 2 2 2 2
left_child=47 2 3 12 6 37 -5 10 9 -9 39 18 13 14 15 16 -2 -18 19 20 -10 -11 -21 29 -4 26 -26 50 -29 -24 -25 -32 33 34 -33 49 -37 38 51 43 41 -41 -42 -3 -12 46 -19 -1 -35 -15 -13 -6
right_child=1 7 24 4 5 -7 -8 8 11 21 44 27 -14 35 -16 -17 17 45 -20 22 -22 -23 23 30 25 -27 -28 28 -30 -31 31 32 -34 48 -36 36 -38 -39 -40 40 42 -43 -44 -45 -46 -47 -48 -49 -50 -51 -52 -53
leaf_value=0.0023748538713335219 -0.0027168186784651727 0.00028641681036097413 -0.0013285326925240322 -8.5898945768708409e-06 -0.0018972380500733117 2.612705543196113e-06 0.0024157416027460856 0.00042586432129844263 -0.00038006541720776173 -0.00042715558177257274 0.02920101032377586 0.0011447268543823056 0.0037728650276717714 -5.6780571839772166e-13 0.00017295051819722407 -0.0015658215341159884 0.00071884255570336258 -0.00021929981854209573 -1.1099969393951357e-05 1.3151157279659654e-06 5.5454947311079827e-08 -0.0001253082557862389 4.1610368111315326e-06 -9.3435346300794751e-05 -0.0013382404382946875 -0.00091914472297930511 1.8093144869970293e-08 -5.7985042352246211e-06 0.00014743034154790933 -4.5021617474151648e-06 -1.574695785150662e-07 -4.181969263241583e-06 -6.8366136767302962e-08 6.6183257213113303e-05 2.4108376777249282e-07 0.00088140685654747395 3.6049644711604718e-06 -1.0276005855653213e-05 -1.8033627233538429e-05 -0.0012497094703703647 -0.00038827060406704462 0.00039017012511634796 0.00045599144042070245 1.3104941815288049e-06 0.0014546827482704793 -0.00075403571174545989 0.0001562581585042345 0.00077633656550072413 4.3032094283092977e-08 3.4933388236755641e-07 0.0019480343872868623 -0.0040141164836205783
leaf_weight=39 32 20 32 34 21 21 23 20 22 29 23 20 24 31 20 23 33 22 22 21 20 27 22 21 32 31 36 20 20 37 39 21 32 23 32 24 20 26 24 23 20 24 27 20 21 22 21 30 36 21 20 40
leaf_count=39 32 20 32 34 21 21 23 20 22 29 23 20 24 31 20 23 33 22 22 21 20 27 22 21 32 31 36 20 20 37 39 21 32 23 32 24 20 26 24 23 20 24 27 20 21 22 21 30 36 21 20 40
internal_value=3.66569e-05 -0.000104247 -0.000676998 -0.000186722 -0.0012963 -0.00212121 0.000614035 0.000410557 5.95238e-05 -0.00157895 0.00140449 0.000350467 0.00052901 0.00027881 -0.000491329 -0.000882353 -0.000384615 0.000408163 0 0.000184049 -0.00166667 -0.00267857 0.000457746 0.000247148 -0.00248092 -0.00186869 -0.00102941 0.001875 0.0005 -0.00161017 0.000784314 0.00106557 0.00159722 0.00223214 0.000849057 0.00166667 0.00295455 -0.00274775 -0.00335294 0.000746269 0.000106383 -0.00117021 0.00138298 0.00225 0.00340909 -0.000846154 0.000116279 0.00268116 0.00347458 0.000576923 0.00325 -0.00434426
internal_weight=1364 1295 613 482 189 132 57 682 504 76 178 428 293 269 173 153 130 98 348 326 42 56 284 263 131 99 68 80 40 59 204 183 144 112 53 96 44 111 85 134 94 47 47 40 44 65 43 69 59 52 40 61
internal_count=1364 1295 613 482 189 132 57 682 504 76 178 428 293 269 173 153 130 98 348 326 42 56 284 263 131 99 68 80 40 59 204 183 144 112 53 96 44 111 85 134 94 47 47 40 44 65 43 69 59 52 40 61
is_linear=0
shrinkage=0.005


Tree=6
num_leaves=55
num_cat=0
split_feature=69 33 64 20 36 24 85 80 10 30 34 7 59 77 21 60 69 76 7 70 69 29 26 90 10 65 67 10 76 24 30 78 21 78 90 26 77 77 60 75 69 46 33 34 10 16 16 24 75 73 20 64 75 8
split_gain=13.9066 15.8759 16.7761 10.3776 11.27 12.009 9.4268 9.10833 9.30861 10.2706 11.3103 9.44683 8.61809 9.35316 8.36112 9.04642 8.41921 7.49363 7.49315 7.27761 9.12503 8.04762 11.5006 7.10111 9.48626 9.53077 7.17165 7.02616 9.16411 7.00047 6.9981 6.46923 6.36164 6.02697 5.12 5.11653 5.55183 5.09143 5.07154 4.9 4.34295 4.2349 4.12857 3.98629 3.96825 3.95568 3.8811 3.63655 3.6 2.60999 2.52723 2.45098 2.04848 0.419048
threshold=24286.800000000003 56.250000000000007 1299.8000000000002 1010.2500000000001 89.250000000000014 11.375000000000002 1026.1500000000003 31906.949652777781 35071.500000000007 65.750000000000014 66.750000000000014 1549.2050000000002 1.0000000180025095e-35 3659.4308069334161 28.575000000000006 994.50000000000011 30243.450000000004 34348.116666666676 831.82500000000016 0.77400000000000013 33508.700000000004 88.250000000000014 110.75000000000001 912.67155000000014 37184.200000000004 34546.700000000004 35892.350000000006 30216.200000000004 31577.700000000004 6.6750000000000016 89.750000000000014 214.11903819444447 24.775000000000002 471.15598958333345 1930.8901500000004 32.750000000000007 3963.7243955505542 4226.9082860600438 1.2160000000000002 401.78082941626946 31618.450000000001 96.439998626708999 99.750000000000014 78.750000000000014 39427.100000000013 6007.8000000000011 5687.2000000000007 6.6750000000000016 551.43056957824024 867.62500000000011 1101.7500000000002 1037.1535000000001 378.21205901363413 410.36526315789479
decision_type=2 2 2 2 2 2 2 2 2 2 2 2 2 2 2 2 2 2 2 2 2 2 2 2 2 2 2 2 2 2 2 2 2 2 2 2 2 2 2 2 2 2 2 2 2 2 2 2 2 2 2 2 2 2
left_child=46 2 12 40 5 27 31 14 19 10 -10 23 18 41 15 29 50 35 53 43 21 22 45 -11 -25 26 -26 -5 -29 -8 34 -3 -31 -13 42 36 -15 -7 -12 -6 -4 -14 -18 -9 -40 52 -1 -30 -20 -22 -17 -38 -21 -2
right_child=1 6 3 4 39 37 7 8 9 11 38 33 13 17 -16 16 30 -19 48 20 49 -23 -24 24 25 -27 -28 28 47 32 -32 -33 -34 -35 -36 -37 51 -39 44 -41 -42 -43 -44 -45 -46 -47 -48 -49 -50 -51 -52 -53 -54 -55
leaf_value=0.0017563150849874279 -0.0025099870777034517 2.2688776938823344e-08 8.0746641961679212e-05 0.0005293850467674398 -6.8121746895160901e-06 -2.5813547406361842e-05 -0.0014103717668440348 -3.1584034999008536e-08 -1.2600484062123643e-05 -0.00041009796281797747 0.0009155593304457924 6.1452558001373034e-07 -0.00069903020471144388 -0.00051249912759788736 0.0041208747195430658 0.0013297836909220101 -0.00013712306488241485 2.8548220147125552e-06 -4.8502921149899409e-06 -0.00083404736711720304 -2.2433032178312417e-05 8.0634165013191182e-06 0.0011049266524597507 6.0069584792290141e-06 -7.3400716124434329e-07 -1.886432513693221e-05 7.2415344461044856e-06 -6.7349138454962375e-06 2.7822213583996132e-06 -0.001026342118982283 0.00039119471002707558 -0.00024584748964635704 9.5543720948435896e-05 3.3758607988854566e-10 3.3214916632402845e-05 -0.00020901818378920897 -0.0034538337754847592 -0.0015364712229120243 0.0014533477833319191 -0.0030327198299206748 0.0010486756304588019 3.13851452517126e-05 3.344822671340277e-07 7.2113415717106327e-07 1.3873709113623113e-09 -6.6134245943051603e-07 0.00093429664497062523 0.00096130760685713388 1.7833860971282656e-08 -0.00037904465209442017 0.00062533430964296932 -0.00044419690191996905 -0.001171030183308697 -0.033940387329137102
leaf_weight=33 20 20 27 38 20 22 20 20 20 29 30 29 21 22 23 29 21 27 20 24 21 28 20 34 37 27 20 25 23 21 26 32 32 33 30 21 34 28 36 20 20 23 24 21 20 20 30 21 20 20 20 20 20 22
leaf_count=33 20 20 27 38 20 22 20 20 20 29 30 29 21 22 23 29 21 27 20 24 21 28 20 34 37 27 20 25 23 21 26 32 32 33 30 21 34 28 36 20 20 23 24 21 20 20 30 21 20 20 20 20 20 22
internal_value=7.33138e-06 -0.000103766 -0.000809717 0.000122951 -0.000380711 0.00022293 0.000328377 0.000470199 8.84086e-05 0.000619048 0.00188679 -2.39234e-05 -0.00172 -0.00107143 0.00126016 0.000964126 0.00166667 -0.00177419 -0.00304878 -0.000773196 -0.00127451 -0.000535714 -0.00130952 -0.000714286 -0.000169492 -0.00107143 8.77193e-05 0.00116822 0.000217391 -0.000479452 0.000841584 -0.00173077 0.000471698 0.0016129 6.66667e-05 -0.00242268 -0.00302632 -0.0018 0.00267442 -0.00275 0.00223404 0.000909091 -0.001 0.00109756 0.00178571 -0.00234375 0.00230159 0.00159091 -0.0015 -0.00329268 0.00336735 -0.00388889 -0.00318182 -0.00452381
internal_weight=1364 1301 494 244 197 157 807 755 509 315 106 209 250 168 246 223 150 124 82 194 153 112 84 147 118 84 57 107 69 73 101 52 53 62 75 97 76 50 86 40 47 44 45 41 56 64 63 44 40 41 49 54 44 42
internal_count=1364 1301 494 244 197 157 807 755 509 315 106 209 250 168 246 223 150 124 82 194 153 112 84 147 118 84 57 107 69 73 101 52 53 62 75 97 76 50 86 40 47 44 45 41 56 64 63 44 40 41 49 54 44 42
is_linear=0
shrinkage=0.005


Tree=7
num_leaves=52
num_cat=0
split_feature=72 99 24 24 67 60 13 21 41 46 89 38 73 11 20 16 5 65 81 3 69 83 13 70 83 3 69 36 78 89 24 23 7 8 38 20 83 82 11 38 41 69 21 91 20 23 68 7 3 81 36
split_gain=15.5847 10.7834 10.6768 16.2943 10.8733 10.4238 10.142 9.49279 9.03192 9.23823 11.2667 8.41073 10.0856 9.68231 11.0775 9.80613 8.26133 7.41042 11.6485 9.36758 8.46242 7.65188 7.76324 7.10816 10.0229 7.45437 8.89349 11.4884 7.9362 6.38702 6.19943 5.72462 5.71806 5.6837 5.53913 5.43857 5.40346 5.2381 5.18095 4.99354 4.95935 4.62821 4.23345 4.02286 4.00024 3.88658 3.7855 2.5 2.45098 2.38695 1.77778
threshold=1459.9455000000003 0.46875000000000006 3.2250000000000005 5.0750000000000011 29102.100000000002 1375.6500000000003 2769.1500000000001 16.425000000000004 69.250000000000014 102.14500045776369 1058.9730937500001 11.925000000000002 965.75000000000011 33671.350000000006 916.70000000000016 6739.7500000000009 7837.7500000000009 34212.200000000004 4396.4294073790415 11173.750000000002 30227.000000000004 2752.4000000000001 8882.6500000000015 1507.5525000000002 2104.0000000000041 14816.800000000001 31508.550000000003 83.250000000000014 1459.9962256944445 1128.9878437500001 9.9750000000000014 85.750000000000014 1149.7000000000003 412.94705128205135 6.5250000000000012 319.50000000000006 2253.2000000000012 -0.074499999999999997 36974.450000000004 8.9750000000000014 93.250000000000014 33173.950000000004 25.475000000000005 30127.217237500005 1065.6000000000001 99.750000000000014 1127.1000000000001 17.625000000000004 12696.35 4006.1846082693583 82.250000000000014
decision_type=2 2 2 2 2 2 2 2 2 2 2 2 2 2 2 2 2 2 2 2 2 2 2 2 2 2 2 2 2 2 2 2 2 2 2 2 2 2 2 2 2 2 2 2 2 2 2 2 2 2 2
left_child=1 2 -1 41 35 6 39 33 9 10 -9 12 13 -3 15 32 -13 19 -19 -10 -21 22 31 24 -7 26 27 -25 -28 50 38 -22 -15 -6 -11 42 -18 -16 -27 -2 43 48 -5 -39 -31 -29 -14 -33 -4 -37 -8
right_child=5 11 3 4 7 23 29 8 17 34 -12 16 46 14 37 -17 36 18 -20 20 21 -23 -24 25 -26 30 28 45 -30 44 -32 47 -34 -35 -36 49 -38 40 -40 -41 -42 -43 -44 -45 -46 -47 -48 -49 -50 -51 -52
leaf_value=-2.3066936511839475e-05 -0.00023874021779229953 -0.00088375196712412645 0.0014645870180919119 -0.00075444409086603047 -0.0016521630477360251 0.00012680554510909896 -0.0010621495457915945 -0.00033962190057463051 -0.00010934998797690474 0.0031949310192981961 0.00025652425583956562 -2.0013267951308535e-07 2.8105642481331008e-06 1.981649030442847e-06 -9.4831346709528022e-08 -3.5984318615248665e-06 0.002040359932862544 -7.5425595528427108e-06 2.3347799127320415e-08 0.0018112987518151859 0.0021865308496469135 -0.0010365182430694475 -4.0674418581286501e-06 0.00021990165845035852 -4.3418160287266428e-05 0.00035314425599489537 -3.2133151848499156e-06 -1.5493600539166808e-07 -0.00055316361122448342 -9.0574475909070511e-06 -2.4525508634242612e-06 -7.2918318687012281e-05 3.9670506263619496e-08 -7.6845396583776551e-06 0.0005231138444935985 0.0014034527857923423 4.9012959199989535e-08 4.1307242756279752e-06 6.9549025379858643e-07 2.6506067594664146e-05 -0.0034675090738635153 1.167780401628209e-06 0.0014505468568638314 -6.6154723843226673e-06 -0.002505694350989044 -0.00051708395134748896 2.4417326452268634e-06 2.6259044955039068e-05 0.016393409230682037 0.00054465143004404741 -0.030544874319479384
leaf_weight=33 27 28 20 21 28 33 20 30 26 26 30 27 20 27 33 30 20 24 20 33 25 20 37 36 27 21 39 22 28 33 27 20 25 33 20 26 22 22 30 20 27 24 20 28 26 20 29 20 34 22 25
leaf_count=33 27 28 20 21 28 33 20 30 26 26 30 27 20 27 33 30 20 24 20 33 25 20 37 36 27 21 39 22 28 33 27 20 25 33 20 26 22 22 30 20 27 24 20 28 26 20 29 20 34 22 25
internal_value=2.19941e-05 0.000387097 0.000793919 0.000957066 0.000613306 -0.000760369 -0.00182119 0.000255102 0.000589124 0.00179245 0.0005 -0.000325444 -0.000724907 -0.00118182 -0.00078125 0.000609756 0.00123188 2.22222e-05 -0.00181818 0.000469613 0.000935484 0.000327869 0.000882353 -0.000194346 0.00133333 -0.000605381 -0.00127586 -0.000128205 -0.00261194 -0.00269231 0.000641026 0.00192308 0.00192308 -0.00155738 0.00347826 0.00219101 0.00261905 -0.00181818 0.00166667 0.000106383 -0.00253247 0.00307692 0.000853659 -0.0016 -0.00161017 -0.00190476 0.00132653 0.00075 0.00388889 0.00333333 -0.00411111
internal_weight=1364 930 592 559 481 434 151 392 331 106 60 338 269 220 192 82 69 225 44 181 155 122 102 283 60 223 145 78 67 104 78 65 52 61 46 89 42 110 51 47 77 78 41 50 59 42 49 40 54 48 45
internal_count=1364 930 592 559 481 434 151 392 331 106 60 338 269 220 192 82 69 225 44 181 155 122 102 283 60 223 145 78 67 104 78 65 52 61 46 89 42 110 51 47 77 78 41 50 59 42 49 40 54 48 45
is_linear=0
shrinkage=0.005


Tree=8
num_leaves=53
num_cat=0
split_feature=69 22 72 64 3 2 20 31 7 83 25 42 3 92 35 24 83 7 31 29 69 64 0 65 17 34 65 25 65 74 25 20 46 62 22 1 83 78 29 41 21 34 42 79 35 34 24 88 11 34 19 17
split_gain=13.5534 14.1423 10.5905 12.4828 10.4288 9.9656 12.4775 12.7204 11.0091 10.9837 7.688 7.51192 16.8691 8.69547 12.7781 9.86719 8.37681 8.41173 7.09891 7.62969 6.66933 10.09 10.8542 10.6194 8.11557 9.56707 14.0005 9.28421 7.11167 6.49682 7.98387 6.4561 6.4 5.95561 5.56529 5.53357 5.50476 5.40139 5.08804 4.81185 6.50159 4.72268 4.56543 3.91837 3.39411 3.38103 3.31325 3.23156 3.50635 2.5 2.34578 1.6
threshold=24286.800000000003 58.250000000000007 1459.9455000000003 1295.8500000000001 11748.150000000003 3512.5025000000001 308.00000000000006 5.2750000000000012 89.430000000000021 1845.8000000000013 69.250000000000014 123.62500000000001 14900.450000000003 24943.167918750005 24.625000000000004 5.9250000000000016 2447.4999999999986 17.645000000000007 10.975000000000001 88.750000000000014 30227.000000000004 1050.1000000000001 31359.100000000002 29516.500000000004 194.25000000000003 86.750000000000014 31662.850000000002 179.75000000000003 31135.000000000004 551.71988541666678 52.750000000000007 1065.6000000000001 103.564998626709 812.46800000000019 93.750000000000014 16425.622000000003 2777.6000000000008 637.56367708333335 86.250000000000014 53.250000000000007 20.825000000000006 82.750000000000014 118.54999923706056 444.54904468093946 26.475000000000005 47.750000000000007 9.5250000000000021 5229.8825000000006 35448.100000000006 80.250000000000014 1829.3500000000001 125.55000000000001
decision_type=2 2 2 2 2 2 2 2 2 2 2 2 2 2 2 2 2 2 2 2 2 2 2 2 2 2 2 2 2 2 2 2 2 2 2 2 2 2 2 2 2 2 2 2 2 2 2 2 2 2 2 2
left_child=45 32 3 4 10 6 -5 9 39 -8 -3 12 34 15 -15 -13 17 -17 19 -16 29 22 43 42 25 28 -27 51 -25 -6 -31 -30 -2 37 47 -14 -26 41 -11 -9 -41 -12 -24 -22 -44 -1 -47 48 -4 -32 -33 -28
right_child=1 2 11 5 20 -7 7 8 -10 38 33 13 35 14 18 16 -18 -19 -20 -21 21 -23 23 24 36 26 27 -29 31 30 49 50 -34 -35 -36 -37 -38 -39 -40 40 -42 -43 44 -45 -46 46 -48 -49 -50 -51 -52 -53
leaf_value=0.0023738933820555423 -0.001418895710493885 -0.030472397844210835 -0.033021878512985804 0.00095136425747291203 -5.8343095318034863e-06 0.0028628675402690529 0.00082765719924727881 0.0018368049907575236 -1.2516759099601052e-05 -1.0528438902584073e-05 -9.0332919379026294e-05 -3.2560046422591586e-06 0.00068612345895695509 1.6277231561074731e-05 3.6762034491008729e-06 -3.2953785915255316e-06 6.4387708732470584e-05 8.326168770301384e-05 -0.00054281068209048979 -5.9154835792483206e-05 -0.030434927382223004 -0.00026278768107071361 1.4227823005262069e-05 1.925387031835092e-05 1.2081074021565532e-06 -4.4565210243785835e-06 3.419783872256652e-06 3.8535579116401557e-09 -6.2723219060316606e-08 2.6770475398644265e-06 0.0022462264331844979 -1.8732290713483336e-05 -8.74805454539695e-06 2.1846824510399172e-05 -0.00026018574798290263 -3.2100271507480739e-06 -3.8877754617321271e-06 -0.0015930303190998013 -0.00015366538195468185 -7.0564294825170188e-05 0.00084483940964727336 7.8901550724813916e-06 9.180527996617448e-06 -3.2483201809931824e-06 0.029819037015270167 0.028933817925863053 0.00016547622075448843 -0.0012399437359219424 -1.094533915634051e-05 0.0018887831292872719 -4.2166963454278124e-07 8.9944214165348655e-07
leaf_weight=20 20 25 20 26 25 22 25 22 30 20 23 30 29 31 29 22 23 24 33 21 21 36 36 21 35 29 20 36 38 22 20 27 20 21 21 37 21 30 21 20 36 26 22 28 23 20 23 38 36 20 20 20
leaf_count=20 20 25 20 26 25 22 25 22 30 20 23 30 29 31 29 22 23 24 33 21 21 36 36 21 35 29 20 36 38 22 20 27 20 21 21 37 21 30 21 20 36 26 22 28 23 20 23 38 36 20 20 20
internal_value=3.66569e-05 -7.30208e-05 1.98255e-05 0.00032872 -2.32558e-05 0.00135135 0.001 0.000517241 0.00157407 -0.00121212 -0.00132 -0.000659898 -0.00140884 -2.34742e-05 -0.000964912 0.00106061 0.00210145 0.000869565 -0.00198795 -0.0008 0.000288462 3.4642e-05 0.000264484 0.000574713 9.3633e-05 -0.00035545 0.000714286 0.00184211 -0.00141509 0.00155172 0.00241935 -0.00205882 -0.003 -0.0007 -0.00256522 0.000606061 0.00178571 -0.00132911 -0.00280488 0.0025641 0.00178571 -0.000306122 0.00216049 -0.00193878 0.00322222 0.00230159 0.00151163 -0.00308511 -0.00232143 0.00375 -0.00329787 0.0035
internal_weight=1364 1301 1261 867 645 222 200 174 108 66 125 394 181 213 114 99 69 46 83 50 520 433 397 348 267 211 105 76 106 87 62 85 40 100 115 66 56 79 41 78 56 49 81 49 45 63 43 94 56 40 47 40
internal_count=1364 1301 1261 867 645 222 200 174 108 66 125 394 181 213 114 99 69 46 83 50 520 433 397 348 267 211 105 76 106 87 62 85 40 100 115 66 56 79 41 78 56 49 81 49 45 63 43 94 56 40 47 40
is_linear=0
shrinkage=0.005


Tree=9
num_leaves=54
num_cat=0
split_feature=5 69 32 61 68 43 64 43 1 14 24 24 92 4 36 67 67 24 69 34 82 34 33 25 70 100 89 35 3 23 23 71 83 89 92 68 44 28 38 44 32 1 87 87 82 32 34 78 64 75 71 81 3
split_gain=12.1062 10.7244 9.19491 8.53333 6.96872 12.1419 10.529 11.9607 10.8048 12.6506 10.4942 11.3342 9.64373 13.0201 9.48148 9.13498 8.04167 7.43817 6.70043 13.4109 9.73453 9.38409 9.28433 9.02927 8.86343 8.03195 7.23473 6.07032 6.0233 8.82081 8.56157 6.7965 5.70998 5.68213 5.65371 8.28417 10.4176 6.6881 5.61913 5.41799 5.4 4.97646 4.67006 4.40682 4.2349 4.13617 4.04252 3.6 3.13938 2.44692 2.19916 1.63902 0.981417
threshold=1684.6600000000001 24286.800000000003 25.750000000000004 32095.500000000004 1503.4000000000003 84.314998626708999 1293.5500000000002 84.399997711181655 14004.900000000003 17381.950000000001 8.4250000000000025 7.2750000000000012 24943.167918750005 3252.5700000000002 82.250000000000014 30086.100000000002 33490.900000000001 5.8250000000000011 32104.800000000007 98.750000000000014 -0.13749999999999998 86.750000000000014 67.000000000000014 209.25000000000003 466.56050000000005 0.28125000000000006 1433.55200625 26.925000000000004 14759.650000000001 79.750000000000014 95.250000000000014 337.61300000000006 1245.5000000000002 1381.0409437500002 26460.253593750007 1200.0500000000002 2.6384999752044682 24.275000000000002 8.5250000000000021 5.7374999523162851 258.75000000000006 14763.500000000002 0.072916666666666671 0.42708333333333343 2.0680000000000409 225.75000000000003 47.750000000000007 585.70136805555569 1602.1500000000003 422.71314704994705 783.12200000000018 4027.9048821484198 14126.700000000003
decision_type=2 2 2 2 2 2 2 2 2 2 2 2 2 2 2 2 2 2 2 2 2 2 2 2 2 2 2 2 2 2 2 2 2 2 2 2 2 2 2 2 2 2 2 2 2 2 2 2 2 2 2 2 2
left_child=3 46 -3 -1 6 10 8 34 9 32 11 15 17 -14 -9 -6 52 -7 19 20 51 28 -23 25 26 -22 45 -19 29 -20 31 -30 -4 -15 35 36 -8 -38 41 -16 -32 -12 -34 -11 -40 -24 -2 -5 -37 -48 -44 -10 -17
right_child=1 2 4 47 5 12 7 14 18 43 38 -13 13 33 39 16 -18 27 21 -21 23 22 24 -25 -26 -27 -28 -29 30 -31 40 -33 42 -35 -36 48 37 -39 44 -41 -42 -43 50 -45 -46 -47 49 -49 -50 -51 -52 -53 -54
leaf_value=2.5860953610244914e-08 0.0023620239151452651 -0.0009907401950297527 -0.00020798870213695507 -1.7523600860314387e-06 1.722768724902941e-05 -2.560308041160684e-06 -1.7224513480028116e-05 0.0012041257298355816 0.003127143766587558 0.0002846756512869305 -0.0007970628638396506 0.00052565751151184331 0.00028524495117487393 -0.0021390779523247768 -0.00020515883301205085 -0.00077951865651127166 9.3950828389381409e-07 0.00024114245121954314 0.00079661512053380546 -0.00018832842870708858 0.00013786031303064078 -5.7718931828991668e-06 1.5789151428404622e-06 0.0040900290955056748 -1.3093900111190727e-05 -0.00016145432236992039 3.6176730056576097e-08 3.9736352075513243e-06 -1.1032901857959296e-05 -4.8763016143484401e-06 3.5043008295928633e-07 -3.8687929947172437e-06 -0.00040486907560439712 -3.8411352411265973e-06 0.001034360742771694 0.00096742669950113601 2.9934094680955682e-06 0.002303742145570266 -0.00033783994958210868 2.1159768826782645e-06 -4.5229338376353486e-06 -0.00087492582616517016 -0.0030013214832942622 -0.00045170968526239577 5.2345786393791912e-06 3.037435110072425e-05 0.0013576668793955189 -0.00029128417001441715 0.00038115801457925294 7.9007757225793635e-05 -0.0025288006420964384 0.0014288727174513844 -0.00035972433864742327
leaf_weight=20 20 33 27 20 26 21 20 27 20 21 31 24 21 28 27 20 22 34 26 28 26 33 20 25 23 21 38 24 32 34 30 21 26 23 21 38 27 20 23 21 30 36 29 34 21 27 23 20 20 20 20 21 21
leaf_count=20 20 33 27 20 26 21 20 27 20 21 31 24 21 28 27 20 22 34 26 28 26 33 20 25 23 21 38 24 32 34 30 21 26 23 21 38 27 20 23 21 30 36 29 34 21 27 23 20 20 20 20 21 21
internal_value=2.93255e-05 0.000130368 2.82031e-05 -0.00216667 9.93377e-05 -0.000466667 0.000354142 0.00128959 1.63399e-05 -0.00111465 -0.00120536 -0.000132743 0.000629139 -0.000694444 -0.000333333 -0.000955056 -0.00198413 0.00183544 0.000406593 0.00131206 0.00207965 0 0.000957447 0.000972222 0.00166667 -0.000319149 0.00241176 0.00275862 -0.000780347 0.0005 -0.00146018 -0.00292453 -0.00215686 -0.00205882 0.00212329 0.00172 0.000522388 0.00180851 -0.0022973 -0.00166667 -0.000166667 -0.00320896 -0.00286667 0.000818182 -0.000909091 0.0037234 0.00214286 -0.0035 0.00310345 0.00127907 -0.00377551 0.00402439 -0.00329268
internal_weight=1364 1304 1241 60 1208 375 833 221 612 157 224 113 151 72 75 89 63 79 455 141 113 314 141 72 108 47 85 58 173 60 113 53 102 51 146 125 67 47 111 48 60 67 75 55 44 47 63 40 58 43 49 41 41
internal_count=1364 1304 1241 60 1208 375 833 221 612 157 224 113 151 72 75 89 63 79 455 141 113 314 141 72 108 47 85 58 173 60 113 53 102 51 146 125 67 47 111 48 60 67 75 55 44 47 63 40 58 43 49 41 41
is_linear=0
shrinkage=0.005


Tree=10
num_leaves=51
num_cat=0
split_feature=26 20 39 65 88 26 43 24 68 94 22 37 68 3 26 26 93 90 22 77 40 43 66 39 65 67 67 29 40 98 98 68 26 90 66 93 65 43 39 42 46 71 66 88 30 91 62 3 56 77
split_gain=13.944 16.8083 8.96289 7.97234 10.5349 9.88995 15.7682 11.91 13.0782 11.2855 11.6344 9.65726 7.62747 9.20717 7.57951 8.54878 7.42424 7.18577 7.03275 6.90755 7.1643 6.43142 6.01038 9.14667 5.69284 7.96472 11.5393 8.58339 7.49005 6.98782 6.243 5.16327 5.02831 4.71505 7.33988 4.67469 4.80934 5.85621 6.35556 4.60909 4.55477 4.45873 3.87391 3.74346 3.6 3.39646 3.35873 3.35089 3.1024 2.65947
threshold=1.7500000000000002 2046.3500000000001 138.25000000000003 33393.450000000004 14778.905208333334 127.75000000000001 76.860000610351577 13.225000000000001 1398.6000000000001 646826.22361500014 77.750000000000014 80.250000000000014 1156.6450000000002 14294.150000000003 93.250000000000014 20.750000000000004 420.66763157894746 3346.4623500000002 68.250000000000014 3304.524685367322 92.750000000000014 78.634998321533217 927.41650000000016 140.25000000000003 29432.500000000004 31995.550000000007 30618.650000000005 83.750000000000014 147.75000000000003 0.093750000000000014 0.093750000000000014 910.25000000000011 156.75000000000003 2179.2361500000006 1196.7500000000002 405.84083333333336 31572.850000000002 82.625000000000014 145.25000000000003 123.07500076293947 103.20499801635744 1234.7290000000003 1602.2500000000002 4092.702291666666 88.250000000000014 34255.117643750003 941.40000000000009 14126.700000000003 1.0000000180025095e-35 4155.4241500545386
decision_type=2 2 2 2 2 2 2 2 2 2 2 2 2 2 2 2 2 2 2 2 2 2 2 2 2 2 2 2 2 2 2 2 2 2 2 2 2 2 2 2 2 2 2 2 2 2 2 2 2 2
left_child=1 2 12 5 14 7 47 9 48 10 11 -2 -1 41 15 -5 43 24 -13 -4 -21 22 -12 -24 25 26 27 30 31 -29 -11 -26 -8 34 -22 -23 37 -37 -39 -28 -27 -14 -40 49 -25 -17 -32 -7 -9 -3
right_child=3 16 19 4 -6 6 32 8 -10 17 21 18 13 -15 -16 45 -18 -19 -20 20 33 35 23 44 28 40 39 29 -30 -31 46 -33 -34 -35 -36 36 -38 38 42 -41 -42 -43 -44 -45 -46 -47 -48 -49 -50 -51
leaf_value=0.00076632387242540651 -0.00096692432820840227 -0.00019852720746371612 -0.0013916821015165718 -5.8089606961137789e-06 8.6090873626727317e-08 0.0034292368159296715 1.3163834097404993e-05 0.0019669200283826821 -1.067140346978396e-05 9.1190887694788962e-06 -9.4389515521682438e-06 0.0001510271918622246 -0.0010047896011601109 7.1311499583211045e-05 -2.0426090678648686e-05 1.1532384508365673e-05 -0.0019021414630839282 -0.00022616280904561728 -0.00025452792953012073 -6.2784430891075723e-05 6.7331998578045441e-06 -6.9381923355926952e-07 -6.6691320860451058e-05 0.00011048982144937034 -9.9715585283352538e-06 -1.3270175950463377e-06 -0.001826339825271385 -7.6488220313376663e-05 1.4254545202623738e-07 0.00067887042048344714 -0.0039400356187315293 -0.0011771186845580405 -2.4678768202567801e-05 0.00052956502274699706 -3.4139572713059871e-05 0.00075073933745222149 5.9911472751718743e-08 9.149059886260963e-07 0.0034554049123262445 -3.0314900474600106e-06 1.7882235918527565e-05 1.1144236405914262e-06 9.0260463856683874e-06 -7.2932229633288702e-06 0.00098176530898283509 -2.2538517196791972e-06 -2.4507360671585613e-05 0.0010465867908017912 2.2075334367366732e-05 -0.0018524795424473728
leaf_weight=33 21 20 22 32 39 31 31 37 34 21 26 21 24 31 31 25 30 30 20 32 21 25 35 20 24 20 20 30 37 38 21 23 23 22 26 21 25 26 23 24 27 21 32 39 20 24 24 30 22 21
leaf_count=33 21 20 22 32 39 31 31 37 34 21 26 21 24 31 31 25 30 30 20 32 21 25 35 20 24 20 20 30 37 38 21 23 23 22 26 21 25 26 23 24 27 21 32 39 20 24 24 30 22 21
internal_value=-6.27306e-05 -0.000935673 -0.000172414 0.000231984 -0.000827815 0.000417633 0.00178261 0.000207497 0.00188172 -3.0581e-05 0.000650794 -0.00129032 0.00087156 0 -0.00160714 -0.000802469 -0.00254545 -0.000663717 0.000121951 -0.00109756 -0.000544554 0.00112648 0.000148515 0.000866667 -0.000436893 -2.22222e-05 -0.000505618 0.000223881 -0.00154762 0.00147059 -0.00106061 -0.00287234 -0.000185185 0.000362319 -0.000531915 0.00177632 0.00216535 0.00264706 0.00203704 -0.00272727 0.00180851 -0.00144444 0.003 -0.00175 0.0025 0.000510204 -0.00211111 0.00352459 0.00330508 -0.00280488
internal_weight=1355 342 232 1013 151 862 115 747 93 654 315 62 109 76 112 81 110 339 41 123 101 253 101 75 309 225 178 134 84 68 66 47 54 69 47 152 127 102 81 44 47 45 55 80 40 49 45 61 59 41
internal_count=1355 342 232 1013 151 862 115 747 93 654 315 62 109 76 112 81 110 339 41 123 101 253 101 75 309 225 178 134 84 68 66 47 54 69 47 152 127 102 81 44 47 45 55 80 40 49 45 61 59 41
is_linear=0
shrinkage=0.005


Tree=11
num_leaves=52
num_cat=0
split_feature=72 84 71 21 96 23 79 34 72 23 8 79 24 5 77 1 69 88 69 25 28 22 69 67 25 10 39 8 24 73 91 39 100 21 24 10 22 46 24 98 69 34 64 1 30 88 58 8 73 8 72
split_gain=13.5732 12.9239 12.8138 9.52695 9.56899 8.09498 10.7206 10.756 7.99336 9.64021 7.74625 9.20455 7.49824 7.26392 6.91728 6.78225 7.71842 7.53951 6.46572 6.63403 7.83481 8.86519 10.4738 7.05575 8.42143 6.35958 5.85143 5.85049 5.68098 5.62281 5.56862 8.42001 5.40346 5.34545 5.25 5.12 5.00699 5.88803 6.93672 8.85536 5.44444 4.41642 5.66075 6.48094 5.51087 4.19333 4.17517 3.92567 3.38261 3.23438 2.88
threshold=1365.6245000000001 559.02064583333345 1397.5500000000004 15.325000000000001 1.0000000180025095e-35 93.750000000000014 311.09333654708684 73.250000000000014 1502.0000000000002 99.750000000000014 420.46513157894742 610.02328400362194 13.925000000000002 2644.9850000000001 4080.2518073162009 14406.950000000003 31324.400000000005 7840.0958333333356 26582.050000000003 119.25000000000001 26.725000000000005 93.250000000000014 30792.700000000001 33084.350000000006 191.75000000000003 40343.650000000001 187.25000000000003 417.06602418207689 8.6750000000000025 1049.9825000000003 28391.134068750005 128.25000000000003 0.13541666666666671 25.075000000000006 7.0250000000000012 32004.800000000007 91.750000000000014 104.72500228881837 9.2250000000000014 0.038194444444444454 33063.450000000004 43.250000000000007 1778.5500000000002 14625.150000000001 76.250000000000014 4940.3943749999999 1.0000000180025095e-35 407.65705128205133 1037.8880000000001 414.1830263157895 1682.1500000000003
decision_type=2 2 2 2 2 2 2 2 2 2 2 2 2 2 2 2 2 2 2 2 2 2 2 2 2 2 2 2 2 2 2 2 2 2 2 2 2 2 2 2 2 2 2 2 2 2 2 2 2 2 2
left_child=1 14 3 48 8 12 7 -7 35 10 11 33 15 -4 36 30 -17 45 32 20 21 22 -20 -21 -25 27 50 -16 -9 -15 31 -3 -8 -10 -19 -5 37 38 39 -1 -38 -31 43 -43 -44 -18 -22 -40 -2 -41 -11
right_child=2 5 13 4 -6 6 18 28 9 26 -12 -13 -14 29 25 16 17 34 19 23 46 -23 -24 24 -26 -27 -28 -29 -30 41 -32 -33 -34 -35 -36 -37 40 -39 47 49 -42 42 44 -45 -46 -47 -48 -49 -50 -51 -52
leaf_value=1.6939701188385351e-06 -0.001312309760781097 -0.00018724858053261264 -0.00014522792095670898 -0.00051248888513834832 -0.0032426791970866045 0.00011755620591924938 0.031708652342970337 -0.0012288294759481334 0.00010211122346126589 -0.00052850486159163621 0.00071258614370252435 -0.00085404278033083451 0.0018918926851128775 9.8699274240075498e-05 1.12865295107209e-07 0.028757847782471934 0.0015984565412821121 4.197692708498865e-07 -0.0017800130504907064 0.0027766330954999197 -0.0034383953255754628 0.00045853026789898058 1.4409593489223858e-05 1.9695578131860384e-06 -9.6172251023912282e-06 -1.117233634256707e-05 0.00031235954477526115 -7.8846456218837417e-05 -1.3098970594729116e-05 -9.9849071187771592e-05 -0.00010987629042321356 0.00024918614906421804 0.0017230871366835504 -2.5527255853709861e-06 -8.551761196012372e-06 -3.3112747986039373e-06 -0.0034334367021735387 0.00015735014665182778 -1.1660129880917897e-05 -0.00016706570997945515 4.4845424230560103e-08 3.4833797785074707e-05 1.6476116397580086e-06 -1.9569355559427168e-07 -2.729383079810097e-06 0.0026531962956833589 -8.659113313814867e-06 0.0026820791442541307 -0.0015080739449381854 -1.577964768523422e-07 -0.00074235217083190434
leaf_weight=38 33 21 20 25 35 38 20 23 20 25 23 20 24 27 39 36 20 21 29 25 21 26 32 37 20 21 20 32 26 24 21 37 22 24 27 25 25 36 20 20 20 39 25 29 23 23 22 21 29 21 25
leaf_count=38 33 21 20 25 35 38 20 23 20 25 23 20 24 27 39 36 20 21 29 25 21 26 32 37 20 21 20 32 26 24 21 37 22 24 27 25 25 36 20 20 20 39 25 29 23 23 22 21 29 21 25
internal_value=-1.84502e-05 0.000358796 -0.000682281 -0.00131579 -0.000867769 0.000796848 0.000307918 -0.0012069 -0.000458937 9.55414e-05 0.0012069 0.0003125 0.00152174 0.000347594 -0.000494881 0.00121359 0.00192913 0.00115385 0.000826772 0.000471698 -0.000230769 0.000632184 -0.000409836 0.00158537 0.000614035 -0.00163043 -0.00128571 -0.000915493 -0.0027551 0.000688623 6.32911e-05 0.000862069 0.00261905 0.00159091 -0.000208333 -0.0022 2.48756e-05 0.000448718 -8.33333e-05 -0.000949367 -0.00144444 0.000285714 0.000689655 0.00161765 -0.000625 0.00267442 -0.00197674 0.00158537 -0.00306452 -0.00256098 -0.0022
internal_weight=1355 864 491 304 242 571 341 87 207 157 87 64 230 187 293 206 127 91 254 212 130 87 61 82 57 92 70 71 49 167 79 58 42 44 48 50 201 156 120 79 45 140 116 68 48 43 43 41 62 41 50
internal_count=1355 864 491 304 242 571 341 87 207 157 87 64 230 187 293 206 127 91 254 212 130 87 61 82 57 92 70 71 49 167 79 58 42 44 48 50 201 156 120 79 45 140 116 68 48 43 43 41 62 41 50
is_linear=0
shrinkage=0.005


Tree=12
num_leaves=52
num_cat=0
split_feature=72 16 87 43 3 77 91 72 1 11 1 35 75 30 96 61 1 62 10 40 92 1 67 11 77 16 100 75 17 68 36 16 6 65 19 17 87 77 43 87 8 8 72 62 72 3 26 43 40 97 4
split_gain=9.28388 12.304 12.1233 9.01449 11.6925 11.6228 9.939 9.415 8.68103 8.83451 11.5101 8.51453 9.06715 8.57436 8.50369 7.73348 9.42676 10.1268 7.68032 7.37044 7.33624 7.49332 6.83604 5.7717 10 5.68628 5.52077 5.54813 7.27239 5.41195 5.9612 5.39286 8.66667 7.57109 7.90492 5.86081 5.55156 5.13611 5.09244 7.80695 4.9 4.60851 4.12807 4.03333 3.66445 5.53501 3.49299 3.00268 2.88 2.50464 0.9
threshold=1365.6245000000001 2720.0500000000006 0.51041666666666685 79.895000457763686 14816.800000000001 3808.1504165804076 26321.553275000006 1503.4000000000003 15178.800000000001 37967.30000000001 14625.150000000001 23.075000000000006 619.25079221756835 8.7500000000000018 1.0000000180025095e-35 37137.350000000006 15265.700000000003 930.34250000000009 32928.900000000009 102.25000000000001 26035.770881250006 13328.600000000002 34450.200000000004 36582.700000000004 4320.4594539783393 6468.5000000000009 0.065972222222222238 561.91335254608578 181.75000000000003 1236.3805000000002 86.750000000000014 5392.3000000000011 6625.7100000000009 31702.850000000002 1084.5000000000002 80.350000000000009 0.76041666666666685 3878.4913613909944 99.755001068115249 0.80208333333333337 413.11269230769238 414.2852631578948 798.88000000000011 0.75000000000000011 1246.8845000000003 13825.383500000002 86.750000000000014 88.705001831054702 95.250000000000014 0.59375000000000011 10034.330000000002
decision_type=2 2 2 2 2 2 2 2 2 2 2 2 2 2 2 2 2 2 2 2 2 2 2 2 2 2 2 2 2 2 2 2 2 2 2 2 2 2 2 2 2 2 2 2 2 2 2 2 2 2 2
left_child=2 -2 11 4 6 26 -3 -6 9 10 47 -1 13 -13 15 16 17 42 -18 -16 44 -22 48 49 -25 -21 -5 -28 -29 30 -14 32 -4 38 36 -34 -35 -9 39 46 -39 -36 -15 -32 45 -19 -33 -7 -20 -8 -45
right_child=1 3 31 5 7 8 23 37 -10 -11 -12 12 29 14 19 -17 18 20 22 25 21 -23 -24 24 -26 -27 27 28 -30 -31 43 33 35 34 41 -37 -38 40 -40 -41 -42 -43 -44 50 -46 -47 -48 -49 -50 -51 -52
leaf_value=0.0023026362866083918 -0.030421647380576344 1.2198158113260044e-06 -0.016095312353083799 -8.5450923821486825e-06 0.0011044605758662939 7.0992734538169913e-06 -0.0032264658011011715 1.4272742447118352e-05 8.1548892231549357e-05 -9.9189458709913629e-06 -0.00021521390985373951 0.0019126880605492692 1.1582443989313939e-06 -3.9013996948062943e-05 8.0330635162897412e-08 -1.7863783073507315e-05 -1.5607333553858784e-05 0.00025179110496689381 0.030599398191987089 -0.00012880615959992876 0.00019805624649001452 0.0014053094815609569 2.7904075115625572e-06 9.0839565664209821e-06 -0.0014789053490513531 -1.2196913276423683e-06 6.0475118294319848e-06 1.2489435066384445e-07 -0.0017198808924539539 -9.1598593664118041e-06 4.5668602397685872e-06 1.3872198334217565e-05 0.0002016630149581112 -9.5548436223648082e-06 -2.9049085137916838e-06 -6.334214135117356e-06 -1.4139358296446188e-07 -0.00072049301207604665 -0.00023016265944070637 -4.6483525426364346e-06 2.010181418581212e-06 1.959710024120108e-06 -0.0015631496275649095 0.032538624944504366 0.0001044957518087582 -0.00013512848253974737 0.0030149003790649843 0.0028066726474186583 0.0021888359509529736 -0.00060339662872615487 0.00019359173448565159
leaf_weight=23 23 38 24 22 22 26 27 32 30 34 20 23 21 20 37 25 21 38 25 29 39 35 28 24 36 20 28 26 21 23 20 28 26 25 20 28 24 20 20 39 20 27 33 20 23 33 22 20 25 22 20
leaf_count=23 23 38 24 22 22 26 27 32 30 34 20 23 21 20 37 25 21 38 25 29 39 35 28 24 36 20 28 26 21 23 20 28 26 25 20 28 24 20 20 39 20 27 33 20 23 33 22 20 25 22 20
internal_value=-1.10701e-05 -0.000560081 0.000300926 -0.000384615 -0.00105809 0.000330396 -0.00193878 0.000319149 0.00130769 0.0006 0.00166667 0.000714286 0.000591398 0.000286344 0.00012761 0.000478261 0.0006875 0.000113122 0.0019697 -0.00127907 0.000714286 0.00189189 0.00269231 -0.00270642 -0.00166667 -0.00255102 -0.000979381 -0.000333333 -0.00138298 0.00192308 0.00253086 -0.000547703 -0.00166667 -0.000121951 -0.00114583 -0.000555556 -0.00255102 -0.000555556 0.000779817 0.00129213 -0.00175 0.000319149 -0.00179245 0.00333333 -0.000212766 -0.000774648 0.0026 0.00304348 0.0038 -0.00397959 0.00425
internal_weight=1355 491 864 468 241 227 147 94 130 100 66 581 558 454 431 345 320 221 99 86 168 74 78 109 60 49 97 75 47 104 81 283 78 205 96 54 49 72 109 89 40 47 53 60 94 71 50 46 50 49 40
internal_count=1355 491 864 468 241 227 147 94 130 100 66 581 558 454 431 345 320 221 99 86 168 74 78 109 60 49 97 75 47 104 81 283 78 205 96 54 49 72 109 89 40 47 53 60 94 71 50 46 50 49 40
is_linear=0
shrinkage=0.005


Tree=13
num_leaves=52
num_cat=0
split_feature=69 21 8 24 11 81 38 7 88 7 7 46 70 3 17 64 3 16 95 73 69 26 29 70 40 21 24 33 25 25 27 88 17 44 89 13 91 26 40 38 34 13 88 5 5 64 34 27 11 77 23
split_gain=12.5089 14.557 12.5827 12.9935 11.686 11.1092 10.0226 12.7839 10.0889 16.968 13.565 10.7322 9.45231 9.02778 8.97615 9.01071 7.7855 7.97178 7.73945 7.22523 10.9326 7.16814 9.40148 6.92565 9.06857 7.57375 6.56549 6.52369 6.13365 7.21089 8.61019 5.69152 6.87201 6.4254 5.66274 5.4 7.56 5.16978 4.9 4.50313 4.34683 3.97516 4.92802 4.97778 3.51589 3.44445 4.40316 1.88189 1.75325 1.72391 1.44928
threshold=34010.700000000004 28.675000000000001 392.9500000000001 3.3250000000000006 36325.650000000009 3918.1178003576069 13.575000000000001 302.31500000000011 4799.0831250000001 104.105 870.81000000000006 101.82500076293947 1225.3280000000002 10976.450000000003 181.75000000000003 1509.5500000000002 15179.233500000002 5545.1500000000005 1.0000000180025095e-35 888.37950000000012 28577.600000000002 80.750000000000014 76.750000000000014 1391.1220000000001 60.250000000000007 23.775000000000002 6.0750000000000011 127.25000000000001 166.75000000000003 100.25000000000001 41.250000000000007 4200.4593750000013 137.95000000000002 3.185999989509583 1626.0925687500003 6245.8500000000013 28060.648818750004 1.0000000180025095e-35 107.75000000000001 3.4750000000000005 71.750000000000014 3498.8000000000006 3683.9027083333335 3549.7050000000004 4989.9000000000005 1509.5500000000002 70.750000000000014 81.750000000000014 40509.350000000013 3955.0865715615796 96.250000000000014
decision_type=2 2 2 2 2 2 2 2 2 2 2 2 2 2 2 2 2 2 2 2 2 2 2 2 2 2 2 2 2 2 2 2 2 2 2 2 2 2 2 2 2 2 2 2 2 2 2 2 2 2 2
left_child=1 2 -1 40 44 34 8 -8 9 14 11 23 28 -13 19 -16 18 -18 27 20 -5 22 -19 24 -10 -25 -23 48 29 30 -12 32 -24 -33 50 36 -26 -15 -29 -39 -4 42 -21 -44 -2 47 -47 49 -6 -41 -3
right_child=4 5 3 6 16 -7 7 -9 10 -11 12 13 -14 37 15 -17 17 21 -20 41 -22 26 31 25 35 -27 -28 38 -30 -31 -32 33 -34 -35 -36 -37 -38 39 -40 45 -42 -43 43 -45 -46 46 -48 -49 -50 -51 -52
leaf_value=-0.030271789690261428 -0.0024110194810841108 0.0054177385742160793 -2.9697295201269347e-06 0.00018639640287269812 -0.0005108002790953929 -3.300405163512687e-06 -0.00043753572152538807 4.5841314632632487e-06 0.00033981365810585335 -0.00052586843636273476 0.0001396965198172309 -9.2174714579541466e-06 -0.00024004988795103634 1.0335694206716355e-06 -0.0014104312100566058 1.0745227594734195e-06 1.7496150226271533e-05 1.6884822817069911e-06 2.3989472503996426e-05 0.00094397034128557297 -0.00077523747892671168 6.3068339292278702e-08 8.595590479052317e-05 8.0365387848163057e-07 0.00034747622418308534 0.0013452479809183526 -1.0367571794680275e-05 5.3734900821814155e-06 -1.7911911969526346e-05 0.0033532110168349796 -0.00081264266028103528 1.3554273134485513e-07 -1.2807911596207994e-05 -0.00068039134667089308 0.00145028952381271 -0.00011007390421780321 -0.00034692358576814077 1.3059845415542381e-05 -6.4930594312415319e-06 1.7767519278708379e-05 -0.0013833163773742871 0.00051825773960954076 -0.00085586133784789731 5.7955328121187552e-05 -3.6392792474703271e-06 1.2269774862553196e-06 0.00087943840432106075 4.0234565675127753e-05 -0.0030051988692774956 0.014358680122513869 0.0011390816774570808
leaf_weight=22 29 25 21 21 20 27 23 25 25 29 21 26 30 28 28 32 37 26 23 24 32 23 21 33 35 25 30 20 28 26 25 23 20 32 20 20 25 29 20 22 25 21 21 24 39 38 34 25 22 32 23
leaf_count=22 29 25 21 21 20 27 23 25 25 29 21 26 30 28 28 32 37 26 23 24 32 23 21 33 35 25 30 20 28 26 25 23 20 32 20 20 25 29 20 22 25 21 21 24 39 38 34 25 22 32 23
internal_value=-3.69004e-06 0.000298969 9.71429e-05 0.000193435 -0.000766234 0.00215789 0.000340768 -0.001875 0.000480896 -0.000387931 0.000863378 0.00132242 -0.000538462 0.00200855 0.000123153 -0.0015 -0.000362776 0.000188679 -0.00147619 0.000804196 -0.000660377 -0.000257143 0.000409836 0.000337423 -0.000428571 0.00172414 -0.00179245 -0.00219512 0.0002 0.000972222 -0.000217391 -0.0003125 0.00109756 -0.00136364 0.00323529 -0.00125 -0.0005 0.00235577 -0.00075 0.00266667 -0.0023913 0.00166667 0.00108696 0.000111111 -0.00264706 0.00301325 0.00222222 0.00373418 -0.00357143 0.00425926 0.00416667
internal_weight=1355 970 875 853 385 95 807 48 759 232 527 397 130 234 203 60 317 212 105 143 53 175 122 163 105 58 53 82 100 72 46 96 41 55 68 80 60 208 40 180 46 90 69 45 68 151 72 79 42 54 48
internal_count=1355 970 875 853 385 95 807 48 759 232 527 397 130 234 203 60 317 212 105 143 53 175 122 163 105 58 53 82 100 72 46 96 41 55 68 80 60 208 40 180 46 90 69 45 68 151 72 79 42 54 48
is_linear=0
shrinkage=0.005


Tree=14
num_leaves=53
num_cat=0
split_feature=72 71 16 87 94 14 61 5 2 31 7 7 59 27 2 2 71 2 16 88 31 13 78 14 98 72 94 31 71 94 2 27 37 43 16 72 44 11 94 11 45 98 3 90 57 75 13 79 11 29 56 5
split_gain=9.98547 15.5016 15.5969 11.1044 9.96767 9.57779 8.3844 11.0806 9.00089 10.7221 10.8669 8.09993 9.45436 12.0142 7.20797 7.05128 6.97843 12.905 10.3044 6.80047 6.65018 6.61558 6.91652 6.31104 11.083 6.55941 5.87636 7.03385 5.79903 6.40857 6.22761 5.72109 5.43558 4.9203 6.93572 7.85714 8.15664 10.078 5.86505 5.34545 4.76104 4.60952 4.74113 4.5262 6.04248 4.45455 4.3645 4.35126 4.17096 3.92727 3.65714 1.86667
threshold=1365.6245000000001 1493.5000000000002 6267.6000000000013 0.44791666666666669 550253.44074093772 12974.650000000003 37062.05000000001 11683.945000000002 3570.8000000000006 4.4250000000000016 16.820000000000004 595.97000000000014 -0.24999999999999994 65.250000000000014 2653.3000000000006 2875.1000000000004 875.81000000000006 3045.0335000000005 5788.1500000000005 15220.553750000001 9.4250000000000025 15149.250000000002 702.27681944444453 14332.000000000002 0.8090277777777779 1530.4560000000004 806319.9542462501 7.4250000000000007 1383.5500000000004 572245.99971531273 3020.1500000000005 30.250000000000004 94.750000000000014 102.98999786376955 6632.3500000000013 686.34850000000017 2.8270000219345097 36799.30000000001 617151.86214062513 38695.700000000004 24637.500000000004 0.35763888888888895 14869.900000000003 2241.3226500000005 -0.22252093395631442 361.64969031094932 5499.0500000000002 351.53595185500672 36003.100000000006 82.750000000000014 -1.0000000180025095e-35 4735.2350000000015
decision_type=2 2 2 2 2 2 2 2 2 2 2 2 2 2 2 2 2 2 2 2 2 2 2 2 2 2 2 2 2 2 2 2 2 2 2 2 2 2 2 2 2 2 2 2 2 2 2 2 2 2 2 2
left_child=3 2 11 6 31 14 8 -8 9 10 -1 12 47 20 -3 -6 17 -12 -18 21 40 22 33 -7 25 -25 27 41 29 -29 43 -4 -22 34 35 36 37 -5 -36 -39 -14 42 51 44 -31 -30 -43 -2 -16 -37 -38 -11
right_child=1 5 4 19 15 23 7 -9 -10 26 16 -13 13 -15 48 -17 18 -19 -20 -21 32 -23 -24 24 -26 -27 -28 28 45 30 -32 -33 -34 -35 38 49 50 39 -40 -41 -42 46 -44 -45 -46 -47 -48 -49 -50 -51 -52 -53
leaf_value=0.0018688474748487227 -0.00048011487844656448 -9.1902287652849133e-05 -0.00079628320505672665 -8.2734794428113968e-06 8.4392258093296427e-06 5.5059736689176154e-06 -5.1162144411014704e-05 8.945281997630544e-08 0.0028799199608780498 0.00083183528755499398 -0.00092262968052299386 -0.0024441119774818755 2.4131627436469124e-05 1.6211637120189795e-05 3.6454154386970629e-05 0.00064421240362019328 0.00017083786825545746 0.030646533661553319 -0.00022158180739196496 1.3198461802009855e-06 -0.0013531451900170406 -1.3742160267635295e-05 -0.0004511881634045304 0.0015110885421609232 -3.5912756519743756e-06 1.5664656236269656e-06 -0.00014947005116141114 -3.8252854373306646e-05 0.00038084266456315499 3.8387683374505547e-05 -1.7155707115548059e-05 1.171266433549384e-05 -0.0003540286100609269 -0.00016527315682992276 -7.1726899971646971e-06 0.0001030667318850683 0.0064823558936107743 4.8747822644513178e-05 2.2584479977481641e-07 -3.081055007487392e-08 -7.1504887263404497e-05 0.00096584206063804294 2.2317083901077505e-05 -0.00013190224623091994 0.0011436920900821099 0.0034044875915656336 -4.9197048143924875e-06 -0.0024644047920274271 -7.6228834588172621e-07 -0.01614097496911817 1.0863060943408918e-05 0.00133313393236486
leaf_weight=25 21 22 21 21 22 21 26 28 22 20 29 35 31 21 20 26 22 22 36 38 39 26 33 20 25 37 27 34 22 32 20 28 32 20 32 20 21 20 26 24 20 22 22 20 36 22 20 29 21 24 24 28
leaf_count=25 21 22 21 21 22 21 26 28 22 20 29 35 31 21 20 26 22 22 36 38 39 26 33 20 25 37 27 34 22 32 20 28 32 20 32 20 21 20 26 24 20 22 22 20 36 22 20 29 21 24 24 28
internal_value=-1.10701e-05 -0.000580448 -0.00121538 0.0003125 0.000463918 0.000662651 0.000757009 -0.00111111 0.000966736 0.000816993 -0.000373134 -0.00192982 -0.0015285 -0.000874126 -0.000873016 0.00208333 -0.00105505 0.000294118 -0.00224138 -0.000410334 -0.00147541 -0.000670103 -0.000433962 0.00160194 0.00097561 0.00219298 0.00130769 0.00151007 0.000913978 0.000422535 0.00101852 -0.00112245 -0.00246479 -0.00012931 9.43396e-05 0.000649351 0.00136364 0.000230769 -0.00137931 0.00159091 -9.80392e-05 0.0025 0.00328571 0.00159091 0.00220588 0.0025 0.00119048 -0.0034 0.000365854 -0.00113636 0.003 0.00416667
internal_weight=1355 491 325 864 97 166 535 54 481 459 134 228 193 143 63 48 109 51 58 329 122 291 265 103 82 57 325 298 186 142 108 49 71 232 212 154 110 65 58 44 51 112 70 88 68 44 42 50 41 44 45 48
internal_count=1355 491 325 864 97 166 535 54 481 459 134 228 193 143 63 48 109 51 58 329 122 291 265 103 82 57 325 298 186 142 108 49 71 232 212 154 110 65 58 44 51 112 70 88 68 44 42 50 41 44 45 48
is_linear=0
shrinkage=0.005


Tree=15
num_leaves=54
num_cat=0
split_feature=96 77 68 29 14 6 64 24 36 26 14 64 74 26 91 61 24 70 34 20 5 24 76 26 93 68 14 2 91 33 60 68 28 34 68 37 44 57 90 24 2 20 45 39 61 24 77 5 71 29 36 10 1
split_gain=19.9565 8.31975 13.0855 11.9171 12.9908 11.0704 11.7385 9.66593 9.34896 9.16347 11.6428 11.1446 9.14667 8.48949 12.8892 8.38387 8.12033 7.96712 11.7537 10.4515 7.58734 7.52093 7.54129 7.93591 7.2616 6.77786 6.81452 6.01667 6.4 5.96501 5.84541 6.63798 5.40042 5.50476 6.28336 7.43933 5.33333 5.2985 5.22766 5.15368 4.99537 4.98617 4.96305 4.57914 3.6 3.54545 3.43561 3.37712 3.24638 3.1962 0.981818 0.962791 0.4
threshold=1.0000000180025095e-35 4222.9913402085122 1430.9115000000004 92.750000000000014 15376.750000000002 6870.1900000000014 1072.8575000000003 3.4250000000000007 76.250000000000014 92.250000000000014 15679.150000000003 1123.9650000000004 1371.0417812500002 1.2500000000000002 29231.076550000002 31615.350000000002 9.2250000000000014 0.77400000000000013 70.750000000000014 943.40000000000009 3682.4300000000007 5.3250000000000011 37005.213541666679 54.750000000000007 415.82210526315794 951.00000000000011 17876.650000000005 2577.1500000000005 26546.632556250006 43.250000000000007 869.45300000000009 1460.1105000000002 21.425000000000004 44.250000000000007 1156.6450000000002 61.750000000000007 3.8515000343322758 -0.22252093395631442 2290.9918500000008 6.6250000000000009 3270.5280000000007 817.45000000000016 23078.500000000004 162.75000000000003 34144.600000000013 4.1750000000000016 3824.1225759474082 4424.3200000000006 345.30000000000007 81.250000000000014 87.750000000000014 36681.100000000013 15445.000000000002
decision_type=2 2 2 2 2 2 2 2 2 2 2 2 2 2 2 2 2 2 2 2 2 2 2 2 2 2 2 2 2 2 2 2 2 2 2 2 2 2 2 2 2 2 2 2 2 2 2 2 2 2 2 2 2
left_child=1 5 3 4 44 7 24 -1 -4 10 11 20 52 15 46 42 -16 21 19 -19 -9 45 38 37 39 26 36 28 -22 -6 -11 51 -12 -34 -35 -36 -20 -24 -23 -7 -25 -8 -13 -37 -3 -2 47 -15 -31 -41 -27 -32 -10
right_child=17 2 8 -5 29 6 41 9 12 30 32 13 -14 14 16 -17 -18 18 25 -21 27 22 23 40 -26 50 -28 -29 -30 48 31 -33 33 34 35 43 -38 -39 -40 49 -42 -43 -44 -45 -46 -47 -48 -49 -50 -51 -52 -53 -54
leaf_value=-0.00015145009347471342 6.9552593825562805e-09 -2.8646663770096987e-06 6.7469536570952265e-07 0.0028510781323944122 0.0021565666068689769 -1.4291783147015469e-05 -3.2817004260212033e-06 -0.0016839822287639762 -0.0018967941823393854 1.255609495852049e-05 0.00028362255898569907 -0.00017454140690373481 -5.9364548095956248e-06 0.00060538374382015437 0.00020387307774496387 8.465759302930167e-06 -4.1248429086546359e-05 0.00088317335257795252 2.1762136481470661e-06 -0.00088656497383298588 1.2611700726928107e-05 -6.9346692731631657e-05 1.6793049103660345e-06 4.2644134037650518e-06 0.0020367961476785014 -0.030861367202642428 -0.00012467277342732583 0.001008638242086971 -0.00035775052586730445 -9.0146794651076902e-05 0.0021904619391627874 1.1375713797831184e-05 -0.00012506473114637988 0.01595530448701956 0.00031118678428391355 -0.00051593207715288443 -0.02848238220833714 -3.4166512366479117e-07 -5.3654029781618349e-06 0.0016409243407243268 -1.9590780141133325e-05 -3.2609110216111424e-05 -0.00061209828504730536 3.4429206353075501e-06 -0.00027264465797792253 9.9209714430369009e-05 0.00045854306357576813 0.00021167084847810606 1.3741846922828699e-06 -6.5469225242553685e-06 -0.0012719896809121572 0.0017614884154994873 -0.0020819407559395341
leaf_weight=32 26 20 34 20 36 27 24 34 20 20 37 21 35 24 23 22 22 26 28 20 20 39 27 24 32 24 31 24 20 21 23 29 30 34 20 22 21 26 33 28 23 22 22 29 20 22 27 23 25 23 20 20 20
leaf_count=32 26 20 34 20 36 27 24 34 20 20 37 21 35 24 23 22 22 26 28 20 20 39 27 24 32 24 31 24 20 21 23 29 30 34 20 22 21 26 33 28 23 22 22 29 20 22 27 23 25 23 20 20 20
internal_value=-0.000170909 0.000208122 -0.000577689 0.000422535 -0.000163934 0.000476839 -0.000705128 0.000795848 -0.00188073 0.000952381 0.000660793 3.5461e-05 -0.00286667 0.00076087 0.00155462 -0.000692308 -0.000555556 -0.00112821 -0.00194118 0.000217391 -0.00132653 -0.0005 -0.000988372 -0.0001 0.000181818 -0.00274194 -0.001875 -0.0003125 -0.0015 0.00097561 0.0023913 0.00305556 0.00168605 0.00122222 0.0017619 0.000915493 -0.000714286 0.00122642 -0.00222222 -0.000641026 -0.00159574 -0.00282609 -0.00197674 -9.80392e-05 -0.0025 0.00125 0.00283784 0.00202128 -0.000217391 0.000294118 -0.00431818 0.00430233 -0.0045
internal_weight=1375 985 251 142 122 734 156 578 109 546 454 282 75 184 119 65 45 390 170 46 98 220 172 100 110 124 80 64 40 82 92 72 172 135 105 71 49 53 72 78 47 46 43 51 40 48 74 47 46 51 44 43 40
internal_count=1375 985 251 142 122 734 156 578 109 546 454 282 75 184 119 65 45 390 170 46 98 220 172 100 110 124 80 64 40 82 92 72 172 135 105 71 49 53 72 78 47 46 43 51 40 48 74 47 46 51 44 43 40
is_linear=0
shrinkage=0.005


Tree=16
num_leaves=52
num_cat=0
split_feature=85 19 84 72 1 86 23 17 80 1 31 73 79 79 46 25 66 90 79 22 75 84 1 26 83 91 24 39 73 79 79 10 40 56 97 79 22 26 43 97 39 82 60 87 46 41 29 29 24 42 11
split_gain=10.8176 11.0019 10.8734 14.1165 11.2614 11.4975 9.92264 8.59517 8.18189 9.56275 8.59928 8.16742 7.74383 7.73359 7.54949 10.7555 9.80769 10.6827 14.2724 9.11621 8.47067 8.17568 8.09941 9.85988 7.4596 8.57931 6.93333 6.67063 6.57573 6.32351 9.50303 6.12606 6.12246 8.71141 6.0957 6.04142 5.81818 5.2815 5.26316 5.18724 5.04949 4.50932 3.79638 3.43636 3.387 3.17979 2.71515 2.66284 2.56059 2.41837 2.11321
threshold=967.68950000000007 670.65000000000009 1243.3241458333334 937.4285000000001 14685.350000000002 0.060000000000000012 92.250000000000014 94.350000000000009 29947.767708333336 13693.700000000003 13.725000000000001 1288.8500000000001 529.7515457657297 293.17814318789078 102.5550003051758 233.75000000000003 1.0000000180025095e-35 1260.3559500000003 303.47471563425324 90.750000000000014 560.56246073212867 890.02939583333352 17278.473500000004 91.250000000000014 2144.9000000000001 22358.029743750001 6.825000000000002 180.25000000000003 1033.8175000000003 561.09580890457892 625.29436678410877 30607.500000000004 71.750000000000014 -1.0000000180025095e-35 0.67708333333333337 498.60775875743775 88.750000000000014 96.250000000000014 85.814998626708999 0.13541666666666671 150.25000000000003 -0.050500000000000038 0.10200000000000002 0.21875000000000003 104.814998626709 72.750000000000014 87.250000000000014 87.250000000000014 9.5250000000000021 114.02500152587892 39510.55000000001
decision_type=2 2 2 2 2 2 2 2 2 2 2 2 2 2 2 2 2 2 2 2 2 2 2 2 2 2 2 2 2 2 2 2 2 2 2 2 2 2 2 2 2 2 2 2 2 2 2 2 2 2 2
left_child=-1 2 3 4 5 -2 27 37 10 38 24 39 -12 32 15 22 19 20 46 44 26 29 28 -24 25 -3 -18 -5 42 -20 -31 43 -4 47 49 -27 -30 -6 -10 45 -15 -9 -11 -7 -16 -8 -19 -34 -42 -23 -44
right_child=1 8 13 6 7 31 11 41 9 14 12 -13 -14 40 16 -17 17 18 21 -21 -22 34 23 -25 -26 35 -28 -29 36 30 -32 -33 33 -35 -36 -37 -38 -39 -40 -41 48 -43 50 -45 -46 -47 -48 -49 -50 -51 -52
leaf_value=-1.8805709541502146e-05 0.00088776826616803666 -0.00010421044785163956 0.00033945933445862276 0.00024242938595831745 4.0277144637640881e-05 -8.9082823255512167e-05 -0.00023663032722970101 -7.8851738318675286e-06 -2.7692794536305342e-05 -1.2225365553758929e-05 0.00076626870233696882 1.850494574371876e-06 -0.0014947170411071034 1.4360770536346037e-05 -1.8824718723242767e-05 0.00015927420230913423 -6.4264930343687254e-05 -2.6261066109353609e-06 -8.5911339540815709e-06 3.7792915423373804e-06 -0.00039750891841376521 0.00012714631320848564 8.2590119075198132e-07 -1.5220749224368139e-05 -1.4906355116032356e-06 4.3434178638440394e-06 2.8870701740234968e-05 -8.2464780593120993e-06 5.3525370362033719e-06 0.0027320786423149623 -1.9455437316918554e-06 -0.0007635965614377657 -0.00076631485413220098 0.00020285371235623906 4.5624983940847218e-06 0.0016354624539809473 -9.0587697872605382e-06 0.0023450652409562527 -0.0027308242663788953 -0.0016609328593257761 0.0017808163869252902 1.0514889950871819e-06 -0.00014101270094321402 0.0021363899950574269 -1.3157081123053361e-05 -0.0025701550291474984 -0.00071979424502753824 -2.9072422202184499e-06 0.00059178954767959645 0.00073526255373447362 -0.00075743303816109718
leaf_weight=37 20 21 20 28 29 22 21 25 38 20 21 20 31 21 21 21 26 22 32 20 38 27 37 33 31 30 39 36 22 22 33 33 22 25 22 34 22 26 38 24 28 21 25 20 25 20 20 21 23 34 28
leaf_count=37 20 21 20 28 29 22 21 25 38 20 21 20 31 21 21 21 26 22 32 20 38 27 37 33 31 30 39 36 22 22 33 33 22 25 22 34 22 26 38 24 28 21 25 20 25 20 20 21 23 34 28
internal_value=-0.000170909 -9.71599e-05 0.000485149 -1.44928e-05 0.000867347 -0.000368421 -0.0011745 0.0020297 -0.00045018 -0.000699248 0.000535714 -0.00229412 -0.00115385 0.0015625 -0.000483871 -0.00125 -6.56168e-05 0.000301587 0.000943396 -0.00181818 -0.00101942 0.00158824 -0.00163102 -0.000285714 0.0012931 0.00205882 7.69231e-05 0.0003125 -0.0024359 0.000517241 0.00154545 -0.00126667 0.000568182 -0.000147059 0.00271084 0.00296875 -0.000909091 0.00336364 -0.00236842 -0.00315385 0.00277778 0.000434783 -0.00335616 0 -0.00304348 -0.00207317 -0.00166667 -0.00151163 0.00362745 0.00352459 -0.0040566
internal_weight=1375 1338 505 345 196 95 149 101 833 665 168 85 52 160 589 208 381 315 212 66 103 170 187 70 116 85 65 64 117 87 55 75 88 68 83 64 44 55 76 65 72 46 73 42 46 41 42 43 51 61 53
internal_count=1375 1338 505 345 196 95 149 101 833 665 168 85 52 160 589 208 381 315 212 66 103 170 187 70 116 85 65 64 117 87 55 75 88 68 83 64 44 55 76 65 72 46 73 42 46 41 42 43 51 61 53
is_linear=0
shrinkage=0.005


Tree=17
num_leaves=52
num_cat=0
split_feature=69 34 10 5 31 97 20 72 78 11 20 97 69 38 43 38 35 38 31 24 5 10 82 33 56 4 66 66 83 34 29 32 11 2 27 100 7 34 69 2 82 20 66 83 29 38 62 72 81 83 20
split_gain=15.2475 16.3181 11.5577 11.8032 10.1526 8.35987 10.7298 10.4806 8.02783 8.75034 8.54445 7.69739 7.44048 7.24827 7.19335 14.1235 9.93508 9.21672 8.26101 6.16549 9.72912 11.0691 11.475 9.99917 9.27437 11.0029 10.9714 8.65638 10.7711 10.5144 6.92113 5.63668 5.94017 9.01727 5.60303 5.57245 9.99391 9.71875 8.73266 9.20684 9.19126 8.72727 10.4978 5.55556 4.72896 4.56923 4.17517 3.99874 3.8577 3.6 1.92296
threshold=32501.300000000003 93.750000000000014 32344.000000000004 14140.180000000002 23.750000000000004 0.19791666666666671 2477.9000000000001 798.88000000000011 1503.7027569444447 35837.30000000001 1034.6000000000001 0.63541666666666685 30889.600000000002 9.3750000000000018 68.630001068115249 4.8750000000000009 24.275000000000002 10.325000000000001 6.1250000000000009 6.9750000000000005 2722.9050000000002 39427.100000000013 -0.076499999999999943 179.75000000000003 -1.0000000180025095e-35 3317.5200000000004 948.86650000000009 1142.7500000000002 2612.2999999999997 77.750000000000014 77.250000000000014 258.25000000000006 37390.80000000001 2493.5500000000006 79.250000000000014 0.024305555555555556 20.475000000000005 74.750000000000014 27275.700000000004 2469.9500000000003 1482.0265000000002 2021.5000000000002 1395.4000000000003 2318.0500000000015 85.250000000000014 6.7250000000000005 0.15000000000000005 1499.0870000000002 4232.5690205923138 2344.8500000000008 1964.0500000000004
decision_type=2 2 2 2 2 2 2 2 2 2 2 2 2 2 2 2 2 2 2 2 2 2 2 2 2 2 2 2 2 2 2 2 2 2 2 2 2 2 2 2 2 2 2 2 2 2 2 2 2 2 2
left_child=1 4 11 19 5 6 14 43 9 12 -11 13 -3 50 16 18 -1 31 -16 27 46 23 -23 24 -22 -26 49 28 48 -29 -24 32 33 -17 -5 36 37 -9 -37 -40 41 42 -41 44 -7 -38 -21 -44 -4 -27 -2
right_child=2 8 3 34 -6 7 -8 35 -10 10 -12 -13 -14 -15 15 17 -18 -19 -20 20 21 22 30 -25 25 26 -28 29 -30 -31 -32 -33 -34 -35 -36 38 45 -39 39 40 -42 -43 47 -45 -46 -47 -48 -49 -50 -51 -52
leaf_value=0.00037421933134665629 -0.00034624422436180095 -2.6826103592663799e-05 -3.0949574751599536e-05 -7.1858569639705991e-07 -0.0013263868473175351 3.8385994190046687e-05 -0.0022412361399096492 0.00082130353138672629 -0.0012512485048187881 0.0019424248972166173 -0.00017427358868473864 -8.3020167136197726e-06 -0.0024320686983308349 -2.9663132174935787e-06 2.0687867219105088e-05 0.00036391361335736761 -0.0006714189193855948 -7.9627190313148296e-06 -0.0012307457599198472 -2.9557124668042973e-07 -2.2824451175563402e-05 -3.0844346251749405e-05 0.0013638065986431825 0.0013505857626886226 0.00090008533595921066 0.0012606120830045526 -0.00067663697367548604 -5.6255564164710983e-05 3.2415324661340445e-07 0.00012974943032029667 -4.5337288743111032e-06 0.0028938896900785093 0.00083873984272961279 -1.4536435385963423e-05 -1.3796566430947686e-05 0.0016817313174412325 -0.00046593220571137655 -4.229236813008332e-06 -5.9772844468235895e-05 -1.8593180440815118e-05 0.00066165645135686957 -0.0001344912096899746 0.0026128122064960984 0.027599478809236959 0.0028917627714665716 -4.869515432040128e-06 -0.0001909730840247888 3.5512161752915567e-06 -7.9406376675633398e-05 1.0626626697673384e-06 -0.0033107497117631415
leaf_weight=20 33 27 35 20 32 32 20 29 23 21 22 31 21 20 23 21 34 31 26 22 35 22 20 36 33 20 30 39 35 25 23 22 35 29 24 27 30 21 28 24 24 21 20 27 22 22 21 33 38 20 26
leaf_count=20 33 27 35 20 32 32 20 29 23 21 22 31 21 20 23 21 34 31 26 22 35 22 20 36 33 20 30 39 35 25 23 22 35 29 24 27 30 21 28 24 24 21 20 27 22 22 21 33 38 20 26
internal_value=-0.000214545 0.000254237 -0.000805921 -0.000481928 0.000558959 0.000700483 1.91571e-05 0.00119444 -0.00149123 -0.000824176 0.000813953 -0.00227273 -0.00229167 -0.00310127 0.000311203 0.000775401 -0.0012963 0.0015942 -0.00153061 -0.000242291 0.000212766 0.000606695 -0.00115385 0.00126437 0.000652174 0.00140777 0.000285714 -0.000988372 -0.00185185 0.00046875 0.000348837 0.00228972 0.00170588 0.0006 -0.00295455 0.000734767 -0.000196078 0.0014 0.00127119 0.0008 0.00139344 0.000714286 0.00149351 0.00277778 0.00185185 -0.00173077 -0.00197674 0.00273585 -0.00294521 0.002 -0.00398305
internal_weight=1375 767 608 498 653 621 261 360 114 91 43 110 48 79 241 187 54 138 49 454 282 239 65 174 138 103 70 172 108 64 43 107 85 50 44 279 102 50 177 150 122 98 77 81 54 52 43 53 73 40 59
internal_count=1375 767 608 498 653 621 261 360 114 91 43 110 48 79 241 187 54 138 49 454 282 239 65 174 138 103 70 172 108 64 43 107 85 50 44 279 102 50 177 150 122 98 77 81 54 52 43 53 73 40 59
is_linear=0
shrinkage=0.005


Tree=18
num_leaves=56
num_cat=0
split_feature=96 29 26 27 16 91 72 77 73 77 81 67 32 70 24 23 77 44 24 24 91 77 32 91 79 16 35 13 23 35 64 33 41 27 44 16 24 13 83 63 65 74 32 13 29 81 24 2 38 72 81 41 35 10 83
split_gain=14.5977 8.83259 10.1365 10.0627 10.9973 13.3965 8.33459 13.7038 9.12418 10.0764 8.92426 15.3485 9.24931 9.31985 8.0102 7.92793 7.88411 7.83566 8.73646 7.34281 7.04108 6.85801 6.82118 8.18596 9.71114 6.71723 7.79956 6.05326 6.06667 5.79884 5.72686 10 5.69087 5.67364 6.49351 5.65402 5.49888 5.91037 5.36398 7.791 7.27289 6.47288 7.42143 5.64108 7.28602 8.31515 5.29833 5.27801 4.46377 4.45356 3.6 3.31201 3.01882 2.38095 2.01481
threshold=1.0000000180025095e-35 96.250000000000014 0.75000000000000011 81.750000000000014 5836.2500000000009 25875.008762500005 1458.5980000000002 4381.0000640201415 1.0040000000000002 3833.7936685459413 4279.3588071388913 34175.100000000013 200.25000000000003 937.4285000000001 5.2750000000000012 69.750000000000014 4170.1411525310523 3.217000007629395 6.4250000000000016 8.4250000000000025 29166.614431250004 4585.745413434227 47.250000000000007 28713.282918750003 315.57156650871445 5405.8500000000013 26.825000000000006 2126.0000000000005 23.750000000000004 26.075000000000006 809.13950000000011 127.25000000000001 55.750000000000007 90.750000000000014 2.3739999532699589 6176.1500000000005 6.5250000000000012 11201.050000000001 1526.7999999999977 31127.600000000002 31990.250000000004 366.70290625000013 237.25000000000003 11542.050000000001 79.750000000000014 4214.2484788522961 10.725000000000001 3053.8260000000005 6.5250000000000012 843.89450000000011 4126.8574008210599 52.250000000000007 25.175000000000004 39878.850000000013 1715.4000000000035
decision_type=2 2 2 2 2 2 2 2 2 2 2 2 2 2 2 2 2 2 2 2 2 2 2 2 2 2 2 2 2 2 2 2 2 2 2 2 2 2 2 2 2 2 2 2 2 2 2 2 2 2 2 2 2 2 2
left_child=1 2 16 6 5 -5 10 8 47 15 12 54 20 -14 25 -10 22 33 -19 -18 27 -9 -1 24 -24 -2 -27 -4 -29 -25 31 -7 -11 -6 -35 -13 37 -16 49 41 -41 -40 -43 44 -42 -46 -20 -8 -17 -38 -34 -21 -26 -45 -12
right_child=14 -3 3 4 17 30 7 21 9 32 11 35 13 -15 36 48 19 18 46 51 -22 -23 23 29 52 26 -28 28 -30 -31 -32 -33 50 34 -36 -37 38 -39 39 40 43 42 -44 53 45 -47 -48 -49 -50 -51 -52 -53 -54 -55 -56
leaf_value=-0.00090034113288867059 -0.0012092350517087208 0.00096678954543655065 0.00026518113182401575 4.0033191985689669e-05 -1.4823369636527675e-06 -0.0020657140725977054 0.00011459293441450754 -0.0016713123293888761 -5.3391796064338981e-06 -1.001165139103105e-06 0.0031934076193250623 0.00038553378961963137 6.1974371847091004e-07 0.0017637501594434696 -0.0029095555418612975 -0.00064760421973705329 -5.2069310130123199e-06 -0.00013420614607329508 0.0012533587557200388 -0.00053706371139328516 -0.00011703085469872324 -0.00039131424761482613 -0.00042006380502384379 0.0006099261813904362 -0.00021619655396522768 9.8509021935539148e-05 -4.3583192837876953e-07 0.00023798580158755549 -0.00022187524900862002 2.6590575386490699e-06 -0.00051518835510193015 0.00030417430888044378 0.00045483566252605106 -1.7067133106325053e-07 0.001431930232527655 -9.4908923176487637e-06 1.1179350575835261e-05 -4.1364889973050114e-06 -0.0014951447517456246 1.2762390440241821e-05 1.4907012824538292e-06 -0.030190053937283259 1.3174924190548168e-05 -1.4500104373645689e-06 -1.2736623184608649e-05 5.6869963962857364e-07 -6.12175455179546e-05 1.6856062351094756e-05 1.3640219532062823e-05 -0.0024199083548391807 3.0225129175887989e-06 -0.0015343213233437094 0.0025018213615318665 -2.964479115131112e-05 0.0028619540281067837
leaf_weight=22 21 25 21 23 25 20 27 22 30 21 20 25 30 34 26 21 29 27 26 22 23 20 21 20 21 27 35 21 39 21 38 20 20 20 35 28 37 20 24 28 20 27 20 21 20 22 20 20 23 21 20 31 20 21 34
leaf_count=22 21 25 21 23 25 20 27 22 30 21 20 25 30 34 26 21 29 27 26 22 23 20 21 20 21 27 35 21 39 21 38 20 20 20 35 28 37 20 24 28 20 27 20 21 20 22 20 20 23 21 20 31 20 21 34
internal_value=-0.000258182 6.59898e-05 -1.04167e-05 0.000258964 -0.000551181 -0.00183168 0.000671343 -4.46429e-05 0.000549451 -0.000111111 0.00125455 0.00238318 0.000535714 0.00203125 -0.00107692 -0.00135135 -0.000990338 0.000294118 -0.000890411 -0.00219512 -0.000384615 -0.00261905 -0.0002 0.000339806 -0.000806452 0.000301205 0.00112903 0.000308642 -0.0005 0.00207317 -0.00282051 -0.0015 0.00139344 0.001375 0.00227273 0.000471698 -0.00144951 -0.00304348 -0.00116858 -0.00155172 -0.000833333 -0.00288732 -0.00180851 -0.00144231 -0.000483871 -0.00166667 0.000434783 0.00244681 0 0.000172414 0.0025 -0.00330189 0.000609756 -0.00285714 0.00425926
internal_weight=1375 985 960 753 254 101 499 224 182 135 275 107 168 64 390 74 207 153 73 82 104 42 125 103 62 83 62 81 60 41 78 40 61 80 55 53 307 46 261 203 132 71 47 104 62 42 46 47 44 58 40 53 41 42 54
internal_count=1375 985 960 753 254 101 499 224 182 135 275 107 168 64 390 74 207 153 73 82 104 42 125 103 62 83 62 81 60 41 78 40 61 80 55 53 307 46 261 203 132 71 47 104 62 42 46 47 44 58 40 53 41 42 54
is_linear=0
shrinkage=0.005


Tree=19
num_leaves=51
num_cat=0
split_feature=76 21 71 81 43 2 2 5 1 35 8 20 31 5 8 64 38 38 43 4 8 66 7 98 7 75 74 60 39 26 7 13 4 75 43 13 64 65 65 74 37 5 38 32 26 31 31 86 7 60
split_gain=15.1954 10.5214 12.7552 12.0707 11.8738 10.5833 9.619 8.46561 7.95156 6.9263 7.75503 10.6863 10.6881 9.86853 9.83874 9.00298 8.7499 10.8697 8.08387 7.65497 8.17432 10.6759 7.57027 7.45604 9.46041 8.17644 7.42802 14.0254 6.24618 7.26339 6.53667 6.06782 9.6831 12.2648 7.35372 5.5254 5.46305 6.2249 7.32533 5.23417 5.0623 4.45873 4.37647 4.24561 4.16877 4 3.36825 2.66185 2.60999 2.38095
threshold=37913.289583333339 28.675000000000001 1397.5500000000004 4471.7510805839147 75.604999542236342 2976.7500000000005 2305.4500000000003 6894.7400000000007 15909.85 23.075000000000006 414.79644736842107 884.6500000000002 8.6750000000000025 3682.4300000000007 404.93109523809534 1295.8500000000001 8.5250000000000021 3.7750000000000004 74.655002593994155 8949.6150000000016 422.41342105263163 856.91950000000008 782.19500000000005 0.21875000000000003 85.935000000000016 483.13072367222338 485.3996145833334 980.78700000000015 184.75000000000003 96.250000000000014 482.96000000000004 1475.6500000000003 3317.5200000000004 332.47261526654944 79.985000610351577 2933.2500000000005 1456.9000000000003 29786.800000000003 28948.700000000001 1339.2626354166671 93.750000000000014 4803.0650000000005 7.625 194.75000000000003 150.75000000000003 4.8250000000000011 5.4250000000000016 849.95000000000016 27.565000000000001 802.66750000000013
decision_type=2 2 2 2 2 2 2 2 2 2 2 2 2 2 2 2 2 2 2 2 2 2 2 2 2 2 2 2 2 2 2 2 2 2 2 2 2 2 2 2 2 2 2 2 2 2 2 2 2 2
left_child=1 2 9 5 44 6 -4 -6 -2 41 13 22 31 18 15 16 17 -15 42 20 21 -14 43 24 -16 -26 -19 49 46 30 -30 -13 -33 -34 -35 -23 -8 38 39 -38 -18 -1 -11 -12 -3 -36 -10 -41 -5 -28
right_child=8 4 3 48 7 -7 36 -9 28 10 11 12 19 14 23 -17 40 26 -20 -21 -22 35 -24 -25 25 -27 27 -29 29 -31 -32 32 33 34 45 -37 37 -39 -40 47 -42 -43 -44 -45 -46 -47 -48 -49 -50 -51
leaf_value=-8.0334917638080069e-06 2.6176262047846476e-06 0.0021097206167827827 -0.00010802461645662856 0.0028929994943840366 0.00073335261306919203 -1.208231634287327e-05 0.0009781722759756137 -8.2157759688272186e-06 -2.6138746878023589e-05 -0.0016114306927981887 0.00015525282989197853 -0.0012622613759291344 -0.0019472437485245923 -0.00080991940380621685 0.00076564248276583954 0.00095008691242839342 -0.0026178131995487032 -0.00017503642244344461 -0.00069604158790752182 -0.003434073482011525 -0.001054858390768985 -9.8907959444648821e-06 -0.00012870260204059895 -0.0031061782530744605 -0.00066520534093204322 -6.3034537808905333e-07 0.00058775063828659746 -5.8100737342651348e-05 -6.7674250755960082e-06 -1.2680826942600968e-05 5.7222783622910523e-07 0.00083263476618122281 -3.8836420991822267e-05 -4.554997776544444e-06 0.0017180055276532959 0.002138037863084797 -7.3178261287440002e-06 5.4532808681737904e-06 -0.00022167415265816136 9.8016476825861461e-05 -0.00014022796682398712 0.0015508973246525406 -0.00062183486682128287 8.1718745115535738e-07 0.0026867238526642836 7.2892552845966702e-06 -0.00017395372236296753 4.0520414125801475e-06 0.00056474930239105504 0.00040609277278584518
leaf_weight=21 29 32 20 21 27 33 31 36 26 31 32 26 21 32 26 24 21 20 29 20 26 24 22 33 33 34 21 30 33 37 36 32 28 37 20 21 24 31 38 23 23 24 20 25 25 25 21 30 20 21
leaf_count=21 29 32 20 21 27 33 31 36 26 31 32 26 21 32 26 24 21 20 29 20 26 24 22 33 33 34 21 30 33 37 36 32 28 37 20 21 24 31 38 23 23 24 20 25 25 25 21 30 20 21
internal_value=-0.000192727 1.25733e-05 -0.000144455 0.000793358 0.00141667 0.000347826 0.000786802 -7.93651e-05 -0.00153846 -0.000461347 -0.000574637 -4.17827e-05 -0.0005 -0.00105528 -0.000660377 5.20833e-05 -0.000357143 0.000322581 -0.002625 -0.00169643 -0.00108696 -0.000151515 0.00158228 -0.00174603 -0.00102151 -0.00201493 0.00119565 0.00194444 -0.00199346 -0.00132075 -0.000362319 0.000297619 0.000704225 0 0.00097561 0.00122222 0.00115819 0.000753425 0.000217391 0.0011039 -0.00227273 0.00144444 -0.00382353 0.00254386 0.00307018 0.00233333 -0.00351064 0.00198113 0.00329268 0.00380952
internal_weight=1375 1193 1073 271 120 230 197 63 182 802 757 359 280 398 318 192 168 124 80 112 92 66 79 126 93 67 92 72 153 106 69 168 142 110 82 45 177 146 115 77 44 45 51 57 57 45 47 53 41 42
internal_count=1375 1193 1073 271 120 230 197 63 182 802 757 359 280 398 318 192 168 124 80 112 92 66 79 126 93 67 92 72 153 106 69 168 142 110 82 45 177 146 115 77 44 45 51 57 57 45 47 53 41 42
is_linear=0
shrinkage=0.005


Tree=20
num_leaves=53
num_cat=0
split_feature=21 95 20 93 67 32 32 20 94 94 67 34 20 81 23 36 29 36 2 65 21 2 65 85 13 11 71 2 13 91 91 29 22 29 26 53 81 81 32 94 38 39 67 44 71 67 70 28 21 13 13 23
split_gain=17.7979 15.6946 14.205 9.41864 8.7582 9.56917 12.2317 10.2192 9.92089 11.852 8.5084 8.18217 9.92982 8.00952 8.65889 7.79769 7.75814 7.7381 7.49428 7.76969 7.31654 7.28479 8.90952 7.25878 7.12299 8.15723 7.07472 6.71688 6.64968 6.21513 8.90057 6.71746 5.91037 4.90083 6.7808 4.72044 5.26458 4.5588 4.41953 4.25699 4.14648 4.5375 6.4 4.07765 4.00302 3.98629 3.86975 3.6172 3.36519 2.5 2.48896 0.845217
threshold=30.425000000000004 1.0000000180025095e-35 1026.9000000000003 410.82950751879702 29102.100000000002 95.750000000000014 211.75000000000003 1047.4500000000003 588501.85228062526 841708.34800500027 28181.150000000005 49.250000000000007 1425.2000000000003 4118.6003527074963 38.750000000000007 81.750000000000014 87.250000000000014 73.250000000000014 2487.4500000000003 28864.900000000005 22.425000000000004 2814.7500000000005 30054.300000000003 1509.9500000000003 1550.0500000000002 40651.80000000001 1038.4410000000003 2695.0500000000006 3403.4500000000003 28086.923481250004 29738.636975000005 86.250000000000014 85.250000000000014 83.250000000000014 120.00000000000001 2.5000000000000004 4290.9896414423802 3041.079932042891 41.750000000000007 585784.75995218765 5.4250000000000016 205.75000000000003 31928.300000000007 4.0079998970031747 510.02700000000004 31549.400000000005 1025.7155000000002 26.425000000000004 27.975000000000005 5024.9000000000005 3498.8000000000006 99.750000000000014
decision_type=2 2 2 2 2 2 2 2 2 2 2 2 2 2 2 2 2 2 2 2 2 2 2 2 2 2 2 2 2 2 2 2 2 2 2 2 2 2 2 2 2 2 2 2 2 2 2 2 2 2 2 2
left_child=1 4 3 16 10 26 7 23 33 18 13 15 20 14 -1 17 45 -4 49 -20 -13 -21 -23 -7 -14 39 28 37 -6 -9 -31 -32 -15 34 44 36 48 -16 -30 -26 -5 42 -42 -28 -8 -3 -39 -25 -24 -10 -17 -40
right_child=-2 2 11 40 5 6 8 29 9 -11 -12 12 24 32 27 50 -18 -19 19 21 -22 22 35 47 25 -27 43 -29 38 30 31 -33 -34 -35 -36 -37 -38 46 51 -41 41 -43 -44 -45 -46 -47 -48 -49 -50 -51 -52 -53
leaf_value=0.001294635457108183 0.0021265555884559567 -0.00017460357504946278 -2.2116304036552546e-05 0.001779969919972827 -0.00015589790110371031 -4.4096123758716585e-05 1.225438979493356e-06 0.00012416608310382148 -0.00052522820263358372 -0.00060013961145345684 0.00027649068476285959 1.0124035933109168e-05 -2.6891355472454525e-06 -0.0014090549315992321 8.1838182184698356e-05 -0.0011547586729608367 0.00039827747239714066 0.00026174627083804658 0.00041286644607119221 4.6516104917193301e-05 -1.9223898854050888e-05 -0.001036423959080469 -5.3185017040958767e-06 0.00019085519106661693 0.0025182360822656549 8.6486089455680112e-06 0.00019911392677129277 0.0011589267521006042 -0.00064018344620227067 -0.00096210162156679341 5.8795739069667971e-06 -2.1028537724100804e-05 -7.1598721846193213e-05 -1.7477228928010506e-05 -1.2617422807887962e-05 -1.3208726638709587e-05 0.00012527464991450791 -0.0030299452315001186 -0.0027597747757867629 0.00033256221341956078 3.5988705850974371e-05 0.0020581066974220468 -1.0507327225760316e-05 -3.5110254361853358e-05 -9.5057489057840254e-05 5.8356566636804045e-06 7.6263020925470847e-06 4.3265421526170318e-06 3.8905602938540967e-05 -0.00028110595464447808 -7.0987040749021497e-05 -0.00044457003701767433
leaf_weight=20 20 21 28 29 28 34 22 34 20 26 36 20 21 20 29 26 32 24 36 29 29 23 25 32 22 33 23 20 21 22 28 35 26 33 21 27 23 31 27 27 20 24 20 20 21 20 22 30 26 20 20 23
leaf_count=20 20 21 28 29 28 34 22 34 20 26 36 20 21 20 29 26 32 24 36 29 29 23 25 32 22 33 23 20 21 22 28 35 26 33 21 27 23 31 27 27 20 24 20 20 21 20 22 30 26 20 20 23
internal_value=-0.000181616 -0.000252069 0.000552885 0.00168675 -0.000618839 -0.000881523 -0.000590829 0.000348837 -0.00116477 -0.000647059 0.000294118 -0.0002 0.000526316 -0.000178571 0.000491803 -0.00132653 0.000342466 0 -0.000283843 0.000132275 -0.00132653 -0.000359477 -0.000887097 0.0015625 0.00140777 0.00207317 -0.00204225 -9.80392e-05 -0.00277778 -0.000630252 -0.00135294 -0.000396825 -0.00195652 -0.00252577 -0.00171875 -0.000247525 0.000405405 -0.000731707 -0.00359155 0.00336735 0.00274194 0.00203125 0.001 -0.000348837 -0.000581395 -0.00109756 -0.00160377 0.00258065 -0.000490196 -0.00225 -0.00282609 -0.0044
internal_weight=1349 1329 416 166 913 709 567 215 352 255 204 250 152 168 122 98 73 52 229 189 49 153 124 96 103 82 142 102 99 119 85 63 46 97 64 101 74 82 71 49 93 64 40 43 43 41 53 62 51 40 46 50
internal_count=1349 1329 416 166 913 709 567 215 352 255 204 250 152 168 122 98 73 52 229 189 49 153 124 96 103 82 142 102 99 119 85 63 46 97 64 101 74 82 71 49 93 64 40 43 43 41 53 62 51 40 46 50
is_linear=0
shrinkage=0.005


Tree=21
num_leaves=52
num_cat=0
split_feature=29 91 68 5 22 32 0 93 20 43 0 24 70 0 71 4 37 6 6 22 23 59 32 83 23 38 83 37 87 38 38 87 5 32 43 5 6 10 37 41 88 4 78 24 85 24 29 37 5 83 10
split_gain=14.7071 13.5426 12.3579 12.0856 11.6329 13.0613 10.8889 9.58385 10.7885 9.4051 9.34869 7.16005 7.08479 6.90545 7.77391 13.4188 11.3087 10.4511 10.1878 8.02286 7.17249 6.99013 6.78144 9.25553 6.43357 6.29539 7.16689 6.95866 6.02487 5.60299 11.7412 7.45796 5.34964 5.10683 5.37305 7.47558 4.6411 5.82343 7.24464 4.9226 4.60466 5.34964 4.65819 4.40452 4.2735 4.84076 3.81111 3.6172 2.48918 2.24854 1.99481
threshold=96.250000000000014 34210.471293750008 1395.4000000000003 12120.855000000001 90.250000000000014 94.750000000000014 34966.450000000004 410.90585695006752 921.95000000000016 79.764999389648452 32479.700000000004 8.4250000000000025 1377.6000000000001 32132.250000000004 834.30000000000007 5415.5600000000004 52.750000000000007 6464.6650000000009 6846.4700000000012 86.750000000000014 94.750000000000014 -0.24999999999999994 126.75000000000001 2083.7999999999997 65.750000000000014 5.6750000000000016 1948.3000000000013 86.750000000000014 0.11458333333333336 12.975000000000001 10.425000000000002 0.78125000000000011 3725.52 262.75000000000006 66.875000000000014 12612.895000000002 9669.9400000000005 34617.400000000001 92.750000000000014 83.250000000000014 4991.0889583333337 5055.7450000000008 1067.5954583333335 12.875000000000002 1584.4715000000003 7.375 75.250000000000014 89.750000000000014 3867.3350000000005 2301.9999999999986 31387.200000000004
decision_type=2 2 2 2 2 2 2 2 2 2 2 2 2 2 2 2 2 2 2 2 2 2 2 2 2 2 2 2 2 2 2 2 2 2 2 2 2 2 2 2 2 2 2 2 2 2 2 2 2 2 2
left_child=1 2 3 10 7 50 -5 43 -9 32 13 12 -10 14 15 47 -17 20 -19 -20 -18 -21 -11 -24 -14 28 -27 -28 -16 30 31 36 -7 34 -3 -36 37 38 -12 49 42 -42 -13 44 -4 -46 -8 -1 -44 -39 -6
right_child=-2 33 4 6 5 9 46 8 11 22 29 40 24 -15 25 16 17 18 19 21 -22 -23 23 -25 -26 26 27 -29 -30 -31 -32 -33 -34 -35 35 -37 -38 39 -40 -41 41 -43 48 -45 45 -47 -48 -49 -50 -51 -52
leaf_value=-7.6361429438826496e-05 0.0012651351274452073 -2.0271789403363281e-05 -0.00074010683879596664 1.8525425847223145e-06 -5.2857446431774029e-06 -0.00097070932072604169 -4.8821625138121795e-06 7.2575238066386621e-05 -0.00083105065375811552 0.00048130202835347833 -3.9068454120059661e-06 -9.8405855040581456e-06 -1.3217391414299243e-06 -0.00014258187046971508 -0.00095300907782758779 0.002014196207723445 -1.6475080676350112e-05 0.00023224110448406338 0.00014543371869808866 -0.0027580835344666581 -0.029653417405344027 0.00013892969890341605 -6.697677672971959e-06 2.1067454370263853e-05 1.2349340753311489e-05 0.0010185704764611064 -3.7020493481638116e-05 0.0014473060578342814 0.00036352437463956687 4.4280133713335864e-05 -9.9206724024934884e-06 -6.0916866748908713e-06 0.00061584139988051217 -3.150281970442698e-05 -0.00037152608585378589 1.1305515864404677e-06 -4.5149802419822971e-07 0.0021334369029759924 9.626018863266956e-05 7.7746337759477854e-05 1.2280338056454201e-05 -0.001188897489278569 -0.0024639053481655794 -0.002225968817064231 -9.6458049287946466e-06 6.3966771788432104e-06 -9.0522662961771064e-06 -0.0013403082233611413 -0.0012680502053967094 0.018208858033311164 -0.0016110487094031767
leaf_weight=32 20 21 20 30 20 21 21 32 21 21 36 23 31 22 29 22 31 20 28 28 29 22 22 39 28 39 35 23 32 22 23 22 22 27 33 29 27 29 31 30 22 21 21 24 23 22 24 30 23 24 22
leaf_count=32 20 21 20 30 20 21 21 32 21 21 36 23 31 22 29 22 31 20 28 28 29 22 22 39 28 39 35 23 32 22 23 22 22 27 33 29 27 29 31 30 22 21 21 24 23 22 24 30 23 24 22
internal_value=-0.000255745 -0.000319789 -0.000168171 0.000236167 -0.000794979 0.000269461 -0.00166667 -0.00136656 -0.000810811 0.00108 0.00045045 -0.00126316 -0.000125 0 0.00015 -0.000413223 0.000277778 -0.000189873 0.000816327 0 -0.00183333 -0.0012 0.00207317 0.00122951 0.000762712 0.00101266 0.00180412 0.000689655 -0.000245902 0.00122951 0.000990991 0.00138191 -0.000813953 -0.002 -0.00138554 -0.000645161 0.00172316 0.00206667 0.000970149 0.00295181 -0.00209091 -0.000813953 -0.00291045 -0.00275281 -0.00207692 -0.00122222 -0.00322222 -0.00241935 -0.00386364 0.00386792 -0.00214286
internal_weight=1349 1329 1219 741 478 167 75 311 222 125 666 190 80 422 400 242 180 158 98 78 60 50 82 61 59 158 97 58 61 244 222 199 43 110 83 62 177 150 67 83 110 43 67 89 65 45 45 62 44 53 42
internal_count=1349 1329 1219 741 478 167 75 311 222 125 666 190 80 422 400 242 180 158 98 78 60 50 82 61 59 158 97 58 61 244 222 199 43 110 83 62 177 150 67 83 110 43 67 89 65 45 45 62 44 53 42
is_linear=0
shrinkage=0.005


Tree=22
num_leaves=52
num_cat=0
split_feature=77 42 69 37 20 8 31 40 67 82 92 81 71 25 40 68 37 23 16 41 33 10 43 37 77 73 89 34 24 75 60 94 44 10 82 10 31 19 31 68 97 34 60 36 97 41 0 87 75 73 10
split_gain=15.6996 11.5977 14.404 12.0083 9.73354 9.4686 9.28225 9.69035 9.10634 9.93388 8.85225 8.72949 8.62957 8.34804 8.03694 7.69109 7.55673 8.36836 9.19086 11.1701 9.02765 8.34309 7.553 7.15869 7.04575 6.71129 10.4564 8.05001 6.95664 6.67008 6.59351 6.52322 6.42259 6.64314 6.30457 6.25328 8.89516 8 6.24785 5.91037 5.88906 5.87293 5.60303 5.25655 5.25581 6.11408 5.0179 4.14848 3.79442 2.23089 1.9968
threshold=4214.2291422502722 116.20000076293947 25307.900000000005 44.750000000000007 947.40000000000009 412.94705128205135 9.6750000000000025 91.750000000000014 29102.100000000002 -4.8220000000000018 24019.909875000008 4619.4938311620253 678.78550000000007 148.25000000000003 106.25000000000001 1367.9500000000003 75.750000000000014 38.250000000000007 5983.1000000000013 77.250000000000014 147.25000000000003 30338.050000000003 82.45999908447267 72.750000000000014 3813.8160972606615 337.61300000000006 1262.0158687500002 69.250000000000014 8.4750000000000032 242.6137300684718 889.95000000000016 581936.01268093765 2.5159999132156377 38347.250000000007 69.694000000000031 29801.400000000005 4.9250000000000016 1065.2 6.8750000000000009 1212.2000000000003 0.30208333333333343 81.250000000000014 1.1920000000000004 87.750000000000014 0.34375000000000006 101.25000000000001 35238.000000000007 0.28125000000000006 438.32537696347589 394.50000000000006 38037.650000000009
decision_type=2 2 2 2 2 2 2 2 2 2 2 2 2 2 2 2 2 2 2 2 2 2 2 2 2 2 2 2 2 2 2 2 2 2 2 2 2 2 2 2 2 2 2 2 2 2 2 2 2 2 2
left_child=1 8 48 4 -4 35 16 30 29 46 11 12 23 47 -6 25 21 -18 19 24 -20 -5 39 -7 -19 26 -11 -27 -29 -1 -8 -32 -28 -34 -31 -2 50 -38 -17 -12 -13 49 -22 -33 45 -21 -10 -9 -3 -23 -37
right_child=5 2 3 6 14 10 7 13 9 15 22 40 -14 -15 -16 38 17 18 20 44 42 41 -24 -25 -26 27 32 28 -30 34 31 43 33 -35 -36 36 37 -39 -40 -41 -42 -43 -44 -45 -46 -47 -48 -49 -50 -51 -52
leaf_value=-7.0859471879781716e-05 -0.030721436849948699 0.002471462266356739 0.00093038495953536406 0.00075109648583682165 0.00052810901963294492 -0.00015569044843735514 -0.03010757374746997 3.7736678218698495e-06 -0.00013981542869289095 4.2129142682194709e-06 -9.3691936061116583e-06 -6.0970322297502238e-05 -0.00012908695079193159 -3.8547396048489077e-05 -9.3564851667989442e-06 -1.0222942792202868e-05 0.00060595780510764078 -1.8003178664460375e-06 0.0010842404214591594 -0.00022671346630993773 -8.1611943918042214e-05 -7.3721168754988032e-05 8.7468629619403716e-06 1.0151762571018858e-05 0.00016780143313072622 -0.00024310906460445203 3.5939007690725244e-07 3.3628975368016636e-08 0.0020711513770883968 0.0014629273941910419 -1.4384004306138448e-05 4.3692894240452e-05 -0.00039249179573491131 -4.5198257185993993e-06 2.4448167428913178e-06 -0.00036966845542451692 7.8902344429707697e-06 -9.3533059025705521e-05 -0.00096371895560078385 -0.0026584813754152591 0.00095572197662973843 3.7650801901806023e-06 0.00072046769607527698 -0.00025665406411746192 -0.0012432539822286592 1.4112055774712654e-05 -1.9505537398882549e-05 0.00012012261294424027 0.00058351180707473191 -1.1283765072645474e-05 -0.00016431717457425713
leaf_weight=24 22 24 30 20 33 23 20 24 26 34 20 26 29 25 30 30 31 27 35 34 20 20 24 26 26 22 20 23 28 28 28 27 21 30 27 23 36 36 23 26 33 20 24 23 27 21 33 20 25 21 21
leaf_count=24 22 24 30 20 33 23 20 24 26 34 20 26 29 25 30 30 31 27 35 34 20 20 24 26 26 22 20 23 28 28 28 27 21 30 27 23 36 36 23 26 33 20 24 23 27 21 33 20 25 21 21
internal_value=-0.00016679 0.000149402 0.000559055 0.000341297 0.00198925 -0.00108696 3.0426e-05 -0.000928144 -0.000555556 -0.000965517 -0.000410628 0.000328467 -0.000769231 0.000507246 0.000873016 -0.000497835 0.000521472 0.000959184 0.000607477 -0.000185185 0.00196203 -0.000802469 -0.00185714 0.000510204 0.00160377 0 -0.000809524 0.00116438 0.0022549 0.000949367 -0.00193878 -0.00128205 -0.00190141 -0.00284314 0.00190909 -0.00210145 -0.00163793 -0.000555556 -0.00216981 -0.00304348 0.00177966 -0.00172131 0.000454545 -0.0002 -0.00134146 -0.000454545 -0.00279661 0.00181818 0.00316327 -0.00280488 -0.00340909
internal_weight=1349 1004 635 586 93 345 493 167 369 290 207 137 78 69 63 231 326 245 214 135 79 81 70 49 53 178 105 73 51 79 98 78 71 51 55 138 116 72 53 46 59 61 44 50 82 55 59 44 49 41 44
internal_count=1349 1004 635 586 93 345 493 167 369 290 207 137 78 69 63 231 326 245 214 135 79 81 70 49 53 178 105 73 51 79 98 78 71 51 55 138 116 72 53 46 59 61 44 50 82 55 59 44 49 41 44
is_linear=0
shrinkage=0.005


Tree=23
num_leaves=54
num_cat=0
split_feature=29 81 1 26 93 26 1 90 90 88 26 66 25 66 83 26 1 22 92 10 26 37 25 93 25 1 66 71 90 31 26 19 25 32 36 20 41 32 32 41 32 78 66 81 2 90 31 90 20 78 4 25 2
split_gain=10.5245 10.7218 9.46772 12.741 8.98445 9.21905 8.46955 7.94085 7.77089 9.94753 10.6558 9.01878 8.86448 9.81405 8.74712 8.63216 10.1889 7.53271 7.31685 12.7864 9.32623 8.68298 9.4479 7.59624 9.66713 7.22776 7.36859 9.50823 6.7375 7.37888 6.68757 10.8588 9.53528 6.32411 5.79491 5.22243 4.85828 4.82831 4.81333 4.61637 4.50712 6.88913 4.50486 4.49766 4.03333 3.90288 3.70553 3.21694 2.85836 2.82609 2.81299 2.56098 0.9
threshold=96.250000000000014 2920.8053236453193 17124.750000000004 136.25000000000003 398.60444444444448 92.750000000000014 14748.250000000002 1210.6867500000003 1632.8749500000004 11908.500208333333 72.000000000000014 0.10200000000000002 82.250000000000014 1493.4000000000003 2673.599999999999 39.250000000000007 14625.150000000001 91.250000000000014 28246.287706250008 30111.250000000004 0.75000000000000011 94.750000000000014 37.750000000000007 411.59644736842114 54.750000000000007 15472.200000000003 1311.2710000000002 1602.2500000000002 1359.6943500000004 8.3750000000000018 103.75000000000001 1829.3500000000001 167.75000000000003 183.75000000000003 79.250000000000014 903.05000000000007 74.750000000000014 232.25000000000003 224.75000000000003 60.750000000000007 142.25000000000003 1255.5938715277778 1503.4000000000003 4046.2909245482733 2523.2500000000005 1968.1420500000006 6.4250000000000016 1906.0555500000003 1166.1000000000001 585.70136805555569 4449.1800000000012 249.75000000000003 2287.0000000000005
decision_type=2 2 2 2 2 2 2 2 2 2 2 2 2 2 2 2 2 2 2 2 2 2 2 2 2 2 2 2 2 2 2 2 2 2 2 2 2 2 2 2 2 2 2 2 2 2 2 2 2 2 2 2 2
left_child=1 45 3 4 5 44 -5 18 12 10 11 -10 25 28 15 16 34 47 19 20 -6 22 -21 -23 -25 26 -9 -28 -14 -30 32 49 36 -24 40 51 -4 -11 -38 -36 41 -13 -17 -41 52 -1 -20 -18 -12 -32 -22 -8 -3
right_child=-2 2 30 6 7 -7 35 8 9 37 48 14 13 -15 -16 42 17 -19 46 21 50 23 33 24 -26 -27 27 -29 29 -31 31 -33 -34 -35 39 -37 38 -39 -40 43 -42 -43 -44 -45 -46 -47 -48 -49 -50 -51 -52 -53 -54
leaf_value=7.7096598255095211e-05 0.0012560791251682258 -0.0022615225164018472 6.4721301322920479e-07 -0.00041435577195177267 -0.00032168627150095492 7.8615500572762378e-05 0.0005509540115310684 0.00037102607423213487 7.841106042977171e-06 8.6413636483030669e-05 -4.8787691433540454e-05 -3.5011072131429939e-05 0.00010116341502050869 0.0013420686551824767 4.7718374644481805e-05 -1.3571656901296865e-05 -9.2180070030403533e-06 -4.6419867611248361e-06 -0.029344088572059532 1.5844918444547631e-05 9.3303914393280573e-05 -0.0010341145877950093 -0.0014692548789200892 -0.001039511969326811 0.00030500953246725916 0.0015253965068747662 -0.0011225095776620584 1.5769209463439329e-06 -2.5579718582345489e-05 0.00031115516416653266 -2.0887956259707976e-05 2.8338447769612484e-07 3.6207879893769081e-06 -1.2871349731028403e-05 -0.0004898772674498729 0.00024472604047592081 -4.0643221294564655e-06 9.262867236041032e-07 -7.1846623462337129e-06 8.809069815825753e-05 -0.00020088222284530646 0.00025409269171341195 0.00011659063966942621 -0.00053880450089847313 -0.00090168421962466788 0.0035919701800548078 -1.5825284854993328e-05 -0.00041848436076459913 -0.00092214673519290503 -1.4862375914067089e-05 0.0030421463249473029 0.0021123629595410521 -0.0031378077365226864
leaf_weight=21 20 20 29 20 25 24 20 39 39 26 31 25 20 28 36 27 21 23 22 21 20 25 33 22 30 27 35 22 23 21 26 20 29 36 34 21 20 21 30 26 21 22 23 20 20 23 24 31 24 20 22 21 20
leaf_count=21 20 20 29 20 25 24 20 39 39 26 31 25 20 28 36 27 21 23 22 21 20 25 33 22 30 27 35 22 23 21 26 20 29 36 34 21 20 21 30 26 21 22 23 20 20 23 24 31 24 20 22 21 20
internal_value=-0.000100074 -0.000154251 -0.000237354 -6.75068e-05 -0.000218659 -0.00178571 0.00182927 -7.93651e-05 0.000218045 -0.000155556 -0.000409429 -8.62069e-05 0.001 0.00217391 -0.000372168 -0.000677656 -0.00109865 -0.0026 -0.000785714 -0.00042735 0.00141791 -0.00116766 -0.00222222 6.49351e-05 0.00115385 0.000121951 -0.000520833 -0.00166667 0.00109375 0 -0.00132184 -0.00257576 -0.000555556 -0.00311594 -0.000337838 0.00274194 -0.0014557 0.00202128 -0.0024 -0.00125 0.000735294 0.00159574 0.0012 -0.000217391 -0.00283333 0.00227273 -0.0026087 -0.00365385 -0.00245455 -0.00391304 0.00285714 0.00378049 -0.00375
internal_weight=1349 1329 1285 1111 1029 84 82 945 665 450 403 348 215 92 309 273 223 75 280 234 67 167 90 77 52 123 96 57 64 44 174 66 108 69 148 62 79 47 50 80 68 47 50 46 60 44 46 52 55 46 42 41 40
internal_count=1349 1329 1285 1111 1029 84 82 945 665 450 403 348 215 92 309 273 223 75 280 234 67 167 90 77 52 123 96 57 64 44 174 66 108 69 148 62 79 47 50 80 68 47 50 46 60 44 46 52 55 46 42 41 40
is_linear=0
shrinkage=0.005


Tree=24
num_leaves=53
num_cat=0
split_feature=72 1 21 24 89 71 8 29 41 19 26 19 21 4 21 36 30 28 43 1 33 57 23 3 45 79 24 79 23 43 33 72 16 90 92 23 90 43 30 87 88 79 46 73 7 43 0 30 4 21 3 17
split_gain=15.3034 17.0639 15.0474 13.8731 12.2901 11.3578 12.314 9.53972 8.7535 7.71582 7.68164 13.1293 8.84477 7.54039 10.4369 6.90625 6.73844 6.73594 12.7666 9.51487 8.59506 9.15166 7.42389 10.6528 7.07091 6.92456 6.36893 6.21877 7.6298 7.01538 5.34601 5.17411 9.39176 8.14044 7.28028 8.70957 4.98225 5.13264 6.96587 4.59768 4.49058 4.46507 3.90718 3.87937 3.7393 3 2.91005 2.88235 2.81069 2.5 1.74545 1.6
threshold=1429.8730000000003 17124.750000000004 29.925000000000004 3.0750000000000006 1706.6095312499999 1055.8750000000002 414.09197368421059 91.750000000000014 47.250000000000007 2082.0500000000006 103.75000000000001 1829.3500000000001 27.875000000000004 6170.165 15.475000000000001 67.750000000000014 5.7500000000000009 28.525000000000002 72.845001220703139 14333.050000000001 145.75000000000003 1.0000000180025095e-35 99.750000000000014 14869.900000000003 22712.500000000004 710.147552981986 9.2250000000000014 586.09025266442688 99.250000000000014 84.895000457763686 73.000000000000014 1097.1530000000002 6064.3000000000011 1645.2922500000004 26460.253593750007 17.250000000000004 999.59265000000016 86.884998321533217 98.750000000000014 0.55208333333333337 4294.9708333333338 261.89249995524773 98.505001068115249 1.026 70.585000000000022 78.634998321533217 31732.850000000002 96.750000000000014 3355.1150000000002 22.025000000000002 15174.600000000002 242.95000000000002
decision_type=2 2 2 2 2 2 2 2 2 2 2 2 2 2 2 2 2 2 2 2 2 2 2 2 2 2 2 2 2 2 2 2 2 2 2 2 2 2 2 2 2 2 2 2 2 2 2 2 2 2 2 2
left_child=1 2 3 -1 7 6 44 15 -7 13 12 50 39 14 -8 -5 -17 18 20 -19 21 -18 26 -24 -20 31 -21 28 40 30 -30 34 33 -33 35 -26 -37 38 -38 42 -10 -42 -3 -36 46 -16 -2 -9 -23 -29 -12 -39
right_child=5 10 -4 4 -6 8 9 47 27 -11 11 -13 -14 -15 45 16 17 19 24 22 -22 48 23 -25 25 -27 -28 49 29 -31 -32 32 -34 -35 43 36 37 51 -40 -41 41 -43 -44 -45 -46 -47 -48 -49 -50 -51 -52 -53
leaf_value=-0.00045339276670712677 -0.00074290367287671133 7.7855419675018936e-07 0.0022701207345493506 -0.00094078314227301688 -3.6264444554734967e-05 0.00027115140605563299 -0.00081368221820447145 0.00012025682079344486 1.3348799135851346e-05 -0.0013616466043044997 -8.7397323511114633e-06 3.3356596157410088e-07 0.00015761624042180157 -0.00041270615251839027 2.8135716863078197e-05 0.0015877087469573713 0.00022359447574715158 -0.0027417387024703428 -0.00048589014908173177 5.06569585745889e-07 -0.00098117257261853743 -0.00082451944452552632 -0.00061913396342767662 9.2411641339915511e-06 -4.7660187431985176e-05 -1.2342588847992732e-05 0.0025913262371960728 -0.00040964899740061385 -9.1719169680251509e-06 2.0719581921447026e-06 -0.00028042487130945545 0.00039568861987925209 0.0018356969461423994 -0.002185477581124124 0.0017474931089982394 9.8604848255177186e-06 -9.1298316289132728e-06 0.00015089697050442929 0.00012289694621934707 -6.1249323131834693e-06 -8.4909155291890461e-06 8.4176147553171723e-06 -5.4030350525934697e-06 0.00036917094386097423 -0.0034094592154298243 6.8794739330922932e-05 -0.0010261301031223747 0.001026852329811759 1.4294875618088707e-07 -1.8242655699065025e-06 -2.0783516478409432e-05 0.0008338931967500951
leaf_weight=29 33 20 23 31 24 28 21 34 21 30 20 21 23 29 24 20 27 37 24 29 24 21 34 22 20 21 23 20 37 30 28 23 23 25 35 30 22 20 21 30 22 32 23 29 23 24 21 34 20 20 24 20
leaf_count=29 33 20 23 31 24 28 21 34 21 30 20 21 23 29 24 20 27 37 24 29 24 21 34 22 20 21 23 20 37 30 28 23 23 25 35 30 22 20 21 30 22 32 23 29 23 24 21 34 20 20 24 20
internal_value=-0.000107487 0.000264901 0.000583893 0.000457064 0.000598846 -0.000869074 -0.00173171 0.000724963 -0.00012605 -0.00078125 -0.00121118 -0.00253846 -0.0003125 -0.000102041 0.000797101 0.000524126 0.000649123 0.000545455 0.000876543 -0.00037931 -0.00076087 0.000147059 0.00037037 -0.000892857 0.00135783 0.00157439 0.00173077 -0.00047619 -5.88235e-05 -0.001 -0.00192308 0.00179104 0.000633803 -0.000625 0.00220812 0.00154135 0.00207965 0.00271084 0.00151163 -0.00116438 0.00113333 0.00037037 -0.000116279 0.00359375 -0.00331169 0.00208333 -0.00259259 0.0025 -0.00134146 -0.00225 -0.00409091 0.004
internal_weight=1349 906 745 722 693 443 205 669 238 128 161 65 96 98 69 601 570 550 405 145 92 68 108 56 313 289 52 210 170 95 65 268 71 48 197 133 113 83 43 73 75 54 43 64 77 48 54 68 41 40 44 40
internal_count=1349 906 745 722 693 443 205 669 238 128 161 65 96 98 69 601 570 550 405 145 92 68 108 56 313 289 52 210 170 95 65 268 71 48 197 133 113 83 43 73 75 54 43 64 77 48 54 68 41 40 44 40
is_linear=0
shrinkage=0.005


Tree=25
num_leaves=52
num_cat=0
split_feature=69 27 2 90 69 14 67 27 27 10 68 23 5 28 68 24 32 91 100 16 94 45 27 86 82 16 39 23 44 46 40 94 27 16 24 27 23 24 83 83 6 94 41 27 83 94 27 16 24 44 68
split_gain=17.3154 12.373 11.2851 9.27662 8.94166 8.58341 9.26815 12.0498 10.2374 18.5902 12.8586 10.231 10.141 9.56001 8.73686 12.0417 10.7608 8.44956 8.44921 8.04151 8.11724 7.01079 6.63438 6.41382 6.31733 6.19412 6.21019 6.47085 6.12104 5.89741 5.73158 5.4283 6.84749 8.83275 5.18047 8.45873 5.10563 5.80313 4.9 4.9 4.8722 4.8026 4.623 4.18475 4.15915 4.00648 3.61969 3.5461 3.42857 3.19901 1.83537
threshold=31021.800000000007 64.250000000000014 2425.7000000000003 3284.3758500000004 25096.200000000004 10302.000000000002 35625.700000000004 19.750000000000004 66.250000000000014 34881.100000000006 1467.0000000000002 73.250000000000014 4989.9000000000005 26.525000000000002 813.40300000000013 7.2750000000000012 261.75000000000006 29166.614431250004 0.64930555555555569 6522.4500000000007 724348.60855375021 23697.500000000004 88.250000000000014 1.0570000000000002 185.78400000000008 5616.6500000000005 205.75000000000003 99.750000000000014 3.245999932289124 96.125000000000014 74.250000000000014 626318.88887250016 34.250000000000007 5890.7000000000007 9.8750000000000018 23.750000000000004 47.250000000000007 9.2250000000000014 1911.399999999998 2259.1000000000008 4552.21 816268.17595812504 74.750000000000014 84.750000000000014 2344.8500000000008 821612.27962343767 39.750000000000007 4711.9500000000007 8.3750000000000018 3.0110000371932988 1.0410000000000001
decision_type=2 2 2 2 2 2 2 2 2 2 2 2 2 2 2 2 2 2 2 2 2 2 2 2 2 2 2 2 2 2 2 2 2 2 2 2 2 2 2 2 2 2 2 2 2 2 2 2 2 2 2
left_child=1 4 41 21 28 24 7 40 10 23 13 12 -12 46 17 22 -17 -11 -19 20 29 45 -16 36 42 39 49 -28 -1 30 38 32 33 -13 47 -36 -10 43 -6 -8 -7 -3 -2 -38 -23 50 48 -31 -9 -27 -4
right_child=5 2 3 -5 19 6 25 8 9 14 11 31 -14 -15 15 16 -18 18 -20 -21 -22 44 -24 -25 -26 26 27 -29 -30 34 -32 -33 -34 -35 35 -37 37 -39 -40 -41 -42 -43 -44 -45 -46 -47 -48 -49 -50 -51 -52
leaf_value=9.1734997212416619e-05 8.9132833904294482e-07 -0.00050652933093583226 0.0018250605984044496 -0.00011552715002807867 -0.00070412295486262013 -0.00092412787842013455 0.00013358124257290154 0.0001258412164370549 -5.0755153272072014e-05 0.0027205680191102529 1.6323894608459569e-06 0.00035105598454202399 -0.00065409175007022813 -8.7765307618086325e-06 -0.00010680654372071741 -8.6821313087360089e-05 0.0020096630065745418 0.0010639227060106255 -6.7352247696649394e-06 0.00025342225555838066 -0.002044650475939591 -1.3080287678284188e-06 -6.842684518705662e-06 -0.00052698431559416515 -0.0014826002661400418 -8.8411258039191473e-06 -1.003093397541946e-05 1.1938339308729087e-06 0.00056647388881555952 4.5265288835769341e-06 5.8073086734319164e-06 -5.5461168190754309e-05 0.00011873380824318103 -0.00010369281728535039 -0.00082181127503615453 0.00026045822116737758 3.3640964853184616e-05 -0.00033892444529786466 -0.0017626260521082775 -3.05193173550373e-06 -0.00026764777746928045 0.00013329677917443711 -1.1775467938393591e-05 -7.8810211092362831e-06 0.032087621478092132 9.4121638567077473e-05 0.0021791212479673919 0.000517551869634515 0.0018335525147098 -0.0001906556333252418 0.0010679878486308887
leaf_weight=36 27 35 29 20 20 24 20 21 25 28 22 20 25 21 21 21 30 33 26 36 39 30 20 25 21 29 34 29 26 20 36 24 33 21 21 24 20 35 20 20 22 20 30 34 23 21 32 27 21 38 33
leaf_count=36 27 35 29 20 20 24 20 21 25 28 22 20 25 21 21 21 30 33 26 36 39 30 20 25 21 29 34 29 26 20 36 24 33 21 21 24 20 35 20 20 22 20 30 34 23 21 32 27 21 38 33
internal_value=-0.000160819 0.000562016 0.00149289 0.00217949 -8.19672e-05 -0.000598592 -0.000439276 -0.000149007 5.37634e-05 -0.000534591 0.000833333 -0.000103448 -0.00202128 0.00226316 0.000530726 -0.000543478 0.00107843 0.00166667 0.00059322 -0.000514403 -0.00089372 0.00264706 -0.00256098 -0.00190647 -0.00217949 -0.00147059 -0.002 -0.000873016 0.0016129 -0.000416667 -0.00144737 0.000816327 0.00148649 0.000121951 0.000434783 -0.000777778 -0.00140351 -0.000842697 -0.00275 0.00025 -0.0026087 -0.000454545 -0.00131579 0.000185185 0.00122642 0.00355422 0.00310811 0.00159574 0.00214286 -0.0030597 0.00419355
internal_weight=1368 516 211 156 305 852 774 604 558 318 240 145 47 95 179 92 51 87 59 243 207 136 41 139 78 170 130 63 62 168 76 98 74 41 92 45 114 89 40 40 46 55 57 54 53 83 74 47 42 67 62
internal_count=1368 516 211 156 305 852 774 604 558 318 240 145 47 95 179 92 51 87 59 243 207 136 41 139 78 170 130 63 62 168 76 98 74 41 92 45 114 89 40 40 46 55 57 54 53 83 74 47 42 67 62
is_linear=0
shrinkage=0.005


Tree=26
num_leaves=52
num_cat=0
split_feature=69 21 28 5 19 37 26 7 75 79 7 75 25 4 66 75 19 20 44 43 44 37 4 67 21 81 74 75 21 87 98 44 82 20 75 2 75 42 41 37 39 19 0 75 74 77 41 88 36 2 2
split_gain=22.6638 10.4601 10.1752 9.08643 10.4267 9.4802 9.96066 7.67229 7.55592 7.19241 7.44967 6.82683 6.96265 11.2177 6.71659 15.5605 9.18394 8.35971 10.2767 10.0016 7.3691 8.47665 7.05845 6.52401 10.0025 9.39269 8.1 7.49866 6.53854 7.37906 6.29365 6.28864 6.75392 6.2614 6.12781 5.97338 5.56522 5.31868 5.31118 5.34964 4.66689 6.09524 4.59559 4.56006 6.41078 4.08333 4.05867 3.42857 2.91382 2.81617 2.5
threshold=32501.300000000003 29.575000000000006 29.625000000000004 3595.5150000000003 1605.8500000000001 44.250000000000007 0.75000000000000011 78.435000000000016 502.32270189833116 307.98273005986869 16.940000000000001 726.40377420106722 21.750000000000004 3336.0400000000004 1513.1500000000003 378.21205901363413 1953.5500000000004 896.70000000000016 4.6399998664855966 82.849998474121108 2.8545000553131108 85.750000000000014 3913.0100000000007 35472.55000000001 22.425000000000004 4334.1042881631738 381.26248958333338 401.78082941626946 26.675000000000004 0.61458333333333337 0.18402777777777782 3.8384999036788949 2.0680000000000409 825.20000000000016 488.78129515775555 3570.8000000000006 559.40973353298978 234.34999847412112 92.250000000000014 84.750000000000014 188.25000000000003 1101.2500000000002 30692.000000000004 410.11396440198871 1417.9417812500003 4129.7013545458522 78.750000000000014 8817.6495833333338 80.250000000000014 2861.1500000000001 3114.5000000000005
decision_type=2 2 2 2 2 2 2 2 2 2 2 2 2 2 2 2 2 2 2 2 2 2 2 2 2 2 2 2 2 2 2 2 2 2 2 2 2 2 2 2 2 2 2 2 2 2 2 2 2 2 2
left_child=1 2 3 4 43 8 7 48 42 10 -2 12 -11 31 16 22 17 18 20 34 -8 -22 -16 24 36 27 -27 -26 -29 -30 -9 32 45 -25 -19 38 -15 -20 39 -35 41 -12 -5 44 -1 -14 -42 -39 -7 -17 -4
right_child=9 -3 50 5 -6 6 14 30 -10 11 40 -13 13 23 15 49 -18 19 37 -21 21 -23 -24 33 25 26 -28 28 29 -31 -32 -33 -34 35 -36 -37 -38 47 -40 -41 46 -43 -44 -45 -46 -47 -48 -49 -50 -51 -52
leaf_value=-0.001320030797573717 -0.0012536076805299984 0.0020730276355307932 -0.00012876037241266153 0.001245284665100791 0.00010564682781616066 0.00065516751064526035 0.00019807788454700184 -6.2033359182321087e-05 -1.6919196056392345e-07 -0.001112417068965963 2.5867536928350375e-05 -2.4492275237038793e-05 4.0473184092839846e-07 -3.202136242338923e-05 1.1146945977995183e-05 0.0002699887127974802 0.02857395741224731 -0.00029432872394038768 0.00045076204461842116 -0.0011758322246470166 0.00030839547111360618 -0.0010669198661064695 -4.3742901500456718e-06 -2.2561230620419178e-05 -7.8892239736988971e-05 -4.4993278767417012e-06 0.0023790490038867081 -1.2212057863790268e-05 0.0010586030924805724 -8.9020150153424635e-06 -0.001951882273643335 0.0016437694880153762 -0.00018381014751771459 -9.745558966210292e-06 4.3907797659774852e-05 1.1878647612185441e-06 -0.001441026326387329 -6.4841080322410315e-05 -1.284568441612513e-05 1.8915230345557277e-06 -7.8010437992188044e-07 -0.00068508757357187307 0.00081804122483420413 -3.0574136586063938e-06 -1.5099224390179706e-06 4.7122029162589614e-05 -0.0012861331199353365 0.00011894719368303823 -0.0001678368516398849 0.015788748107518399 -2.2905002396459325e-05
leaf_weight=33 24 35 20 32 38 21 35 20 27 29 21 27 24 23 21 39 23 22 36 33 25 34 37 27 28 24 36 37 29 22 26 21 20 21 25 21 23 21 24 22 23 21 36 32 23 24 22 21 20 20 20
leaf_count=33 24 35 20 32 38 21 35 20 27 29 21 27 24 23 21 39 23 22 36 33 25 34 37 27 28 24 36 37 29 22 26 21 20 21 25 21 23 21 24 22 23 21 36 32 23 24 22 21 20 20 20
internal_value=-0.000233918 0.000329032 0.000202703 0.000342857 -0.000873016 0.000609756 0.000323591 -0.0012069 0.00205263 -0.000969646 -0.00211712 -0.000705394 -0.00056044 -0.000399061 0.000663265 0.00166667 0.000236364 -3.96825e-05 0.000581395 -0.001375 -0.000531915 -0.00161017 -0.000172414 -0.000816024 -0.000315315 0.000227273 0.00183333 -0.000603448 0.000113636 0.00127451 -0.0026087 0.00117978 0.000441176 -0.00178261 0.000106383 -0.00113636 -0.0023913 0.00192308 -0.00186567 -0.000813953 -0.00143678 -0.000238095 0.00294118 -0.00181818 -0.00267857 0.00145833 -0.00255556 0.000714286 0.000365854 0.00347458 -0.00225
internal_weight=1368 775 740 700 126 574 479 87 95 593 111 482 455 426 392 117 275 252 172 80 94 59 58 337 222 176 60 116 88 51 46 89 68 115 47 88 46 78 67 43 87 42 68 88 56 48 45 42 41 59 40
internal_count=1368 775 740 700 126 574 479 87 95 593 111 482 455 426 392 117 275 252 172 80 94 59 58 337 222 176 60 116 88 51 46 89 68 115 47 88 46 78 67 43 87 42 68 88 56 48 45 42 41 59 40
is_linear=0
shrinkage=0.005


Tree=27
num_leaves=53
num_cat=0
split_feature=69 26 84 95 43 72 29 69 36 70 68 26 72 28 81 77 29 13 29 26 1 39 21 33 91 69 36 42 19 19 42 28 34 14 36 8 78 13 33 94 33 19 70 30 33 42 39 22 97 97 26 68
split_gain=20.078 18.5806 10.9482 9.56191 12.0232 8.05096 8.04598 8.76707 11.9485 8.61122 7.61905 7.37705 7.35044 10.763 6.63882 6.99826 10.1219 6.19581 6.17396 6.07658 6.0267 7.53022 6.01222 12.817 10.5045 7.31915 8.64501 6.96247 6.57035 5.96471 5.95418 5.50505 11.117 6.7235 7.95273 5.98442 5.07829 4.9 4.74922 4.64162 4.59864 4.52163 4.18803 4.17096 3.87546 3.75186 3.62963 3.6 3.47605 2.44267 1.79884 1.71163
threshold=31308.400000000005 42.750000000000007 300.75969791666671 1.0000000180025095e-35 74.844997406005874 1499.0870000000002 92.750000000000014 26475.150000000005 79.250000000000014 1037.7275000000002 1371.8000000000002 12.750000000000002 1502.0000000000002 24.175000000000004 4232.5690205923138 3607.7829651377606 85.750000000000014 5166.1000000000013 88.750000000000014 42.750000000000007 15213.800000000001 161.25000000000003 28.175000000000004 188.75000000000003 31335.209356250001 33016.750000000007 88.750000000000014 118.54999923706056 1065.2 1728.2500000000002 108.87500000000001 27.675000000000004 91.250000000000014 15376.750000000002 86.250000000000014 403.76114285714294 1353.4368784722224 4934.2000000000007 42.250000000000007 563751.3196684377 195.25000000000003 690.20000000000016 941.33350000000007 98.750000000000014 70.750000000000014 115.75000000000001 201.25000000000003 87.750000000000014 0.34375000000000006 0.19791666666666671 1.2500000000000002 344.00000000000006
decision_type=2 2 2 2 2 2 2 2 2 2 2 2 2 2 2 2 2 2 2 2 2 2 2 2 2 2 2 2 2 2 2 2 2 2 2 2 2 2 2 2 2 2 2 2 2 2 2 2 2 2 2 2
left_child=1 2 -1 12 18 42 7 17 9 -9 -8 36 13 30 15 -10 -17 38 -5 -13 48 -22 23 25 40 45 28 39 41 -26 -2 33 49 -3 -35 -36 -7 -21 -4 -28 -24 -27 -6 -11 -44 -15 -30 -18 -14 -33 -38 -25
right_child=3 31 6 4 5 11 10 8 14 43 -12 19 20 22 -16 16 47 -19 -20 37 21 -23 24 51 29 26 27 -29 46 -31 -32 32 -34 34 35 -37 50 -39 -40 -41 -42 -43 44 -45 -46 -47 -48 -49 -50 -51 -52 -53
leaf_value=-0.0013675475419301474 0.00057430350417774141 -1.0049001641468167e-05 0.00082229506797888794 -0.00033606178703735989 1.6608179873100139e-05 -0.00033560312575998149 0.0009111579118699642 0.0023192118930582266 -0.002689991188264716 0.00014124137817742388 1.4150651313053578e-07 -7.5992635635333336e-05 -0.0025778569061089113 -0.00013773091934017186 2.6457045027744451e-06 8.6526621408938142e-06 -0.002527311218231056 0.0011890692497253841 -3.0884207040153496e-06 9.1154194436609071e-06 -0.0010935339758618484 1.4388884984362745e-05 0.0010506645268450654 -1.0866018764325042e-05 -1.9458886248631095e-05 8.8484803814308807e-07 5.2607695959023129e-07 -0.00021653410629699003 1.4650913973664072e-06 8.129888964858617e-06 -4.8775486997133195e-06 0.0016195094273624084 -9.5046369321378653e-05 0.0022486231758880055 0.00053059464013336733 -1.1995076506877422e-05 1.0035454235446548e-05 -3.9278790846670029e-06 -3.6676286563680702e-05 -8.6476965749216064e-06 -6.0322999369608162e-06 -1.8116336338665094e-05 0.0018239586103250577 -0.00032059305868661182 0.030797873433425941 -0.0033917877267419056 1.9427697388086456e-05 -2.5237791926938413e-05 -0.00033716876278205637 0.0025339834453171517 1.3273957128023112e-05 -1.2026821613062451e-05
leaf_weight=22 25 32 25 35 20 20 28 21 39 21 32 21 34 21 39 31 20 23 34 20 24 23 28 23 34 37 23 20 27 20 28 34 20 20 20 35 20 20 31 30 21 22 28 20 24 29 27 20 31 25 21 20
leaf_count=22 25 32 25 35 20 20 28 21 39 21 32 21 34 21 39 31 20 23 34 20 24 23 28 23 34 37 23 20 27 20 28 34 20 20 20 35 20 20 31 30 21 22 28 20 24 29 27 20 31 25 21 20
internal_value=-0.000299708 0.000430108 -0.000215054 -0.000802469 -1.90114e-05 0.000618557 0 -0.000344828 -0.000876777 0.000967742 0.00166667 -0.000163934 -0.00117916 -0.000885057 -0.0016443 -0.00227273 -0.00133803 0.00107595 -0.00181159 -0.00139344 -0.00232143 -0.000957447 -0.00117801 -0.00155914 -0.000145631 -0.00110169 -0.000645161 -0.0019863 0.000221239 -0.00166667 0.00122642 0.00172043 0.00272152 0.000981308 0.0018 0.000818182 0.00106557 -0.00025 0.000178571 -0.00103774 0.00153061 -0.000932203 0.00194444 -0.000365854 0.00269231 -0.0028 0.00148148 -0.003 -0.00330769 0.00381356 0.00207317 -0.00406977
internal_weight=1368 558 372 810 263 194 350 290 211 62 60 122 547 435 149 110 71 79 69 61 112 47 382 279 103 236 186 73 113 54 53 186 79 107 75 55 61 40 56 53 49 59 72 41 52 50 54 40 65 59 41 43
internal_count=1368 558 372 810 263 194 350 290 211 62 60 122 547 435 149 110 71 79 69 61 112 47 382 279 103 236 186 73 113 54 53 186 79 107 75 55 61 40 56 53 49 59 72 41 52 50 54 40 65 59 41 43
is_linear=0
shrinkage=0.005


Tree=28
num_leaves=50
num_cat=0
split_feature=80 72 62 22 72 38 31 6 74 2 2 59 24 70 67 27 74 27 92 81 60 7 1 3 38 10 10 23 44 81 76 29 10 70 29 36 23 19 2 16 10 92 23 32 44 45 19 2 7
split_gain=11.6998 20.3152 10.3595 10.5349 11.9132 13.3725 10.737 11.2531 9.32717 11.4427 9.2022 12.0603 8.67017 9.83482 7.91148 8.3257 7.50798 7.28154 9.12667 8.64 6.78733 6.50579 11.9524 7.72421 7.36967 7.32097 7.70986 7.76856 6.47592 7.40359 8.84266 6.5641 9.24662 6.37546 6.08009 5.9136 5.14867 4.71973 4.24363 4.07511 4.04739 4.04211 3.8337 3.7984 3.68762 3.45513 3.41333 2.12171 1.6
threshold=33658.160069444457 1365.6245000000001 1058.0160000000003 88.750000000000014 938.20000000000016 5.5750000000000011 6.1250000000000009 5557.5000000000009 1494.4563125000002 2884.1500000000005 2612.8500000000004 0.93301270189221952 8.4250000000000025 1372.9000000000003 31298.500000000004 62.250000000000007 52.317645833333344 17.750000000000004 26035.770881250006 4256.7321598823446 1536.6000000000001 20.785000000000004 14004.900000000003 13701.1 3.9250000000000003 32369.050000000003 34194.900000000001 98.250000000000014 2.9125000238418584 4164.8853729157281 35970.589583333342 83.750000000000014 39365.350000000013 1499.9500000000003 88.750000000000014 81.750000000000014 98.750000000000014 1344.0500000000004 3159.1000000000004 5714.5000000000009 43283.500000000007 27943.820406250004 99.750000000000014 116.50000000000001 3.7005000114440922 24332.500000000004 1114.7500000000002 2405.2000000000003 55.920000000000009
decision_type=2 2 2 2 2 2 2 2 2 2 2 2 2 2 2 2 2 2 2 2 2 2 2 2 2 2 2 2 2 2 2 2 2 2 2 2 2 2 2 2 2 2 2 2 2 2 2 2 2
left_child=1 2 3 4 5 -1 39 -8 10 43 12 14 13 -3 15 33 -2 -4 19 20 -19 22 -18 -24 36 -25 -27 -28 29 30 -26 32 -30 -12 42 -33 -23 -37 -32 -5 -34 -7 -31 -10 -20 -16 -38 -14 -21
right_child=16 8 17 6 -6 41 7 -9 9 -11 11 -13 47 -15 45 -17 21 18 44 48 -22 24 23 25 28 26 27 -29 31 34 38 35 40 -35 -36 37 46 -39 -40 -41 -42 -43 -44 -45 -46 -47 -48 -49 -50
leaf_value=-4.2769934951291527e-05 -0.00012839847877772935 -0.0015791246799239963 -1.8241980210098196e-05 0.00024995914555620019 -0.0010650734696555221 0.001219203672773529 2.7468827657683342e-06 -0.003184236097196719 2.4248197355966366e-05 -1.4387001546790292e-05 0.00088949335950534898 -0.00035229311158295376 -0.00058825776527909911 1.3207587342382997e-05 -6.3551644452397007e-05 -4.5566664190883745e-06 -0.00084032262853822094 -0.00014072793177705278 0.0009023930217384005 0.0027718806202948853 0.001565138267933044 -4.6138416483950139e-06 0.00027963666436000916 6.6557939773326697e-05 -9.6888282595300982e-06 -0.00011984980293303862 -1.4789113510280433e-05 2.3676882578034163e-05 9.838197235851681e-06 -0.00014688026772085043 2.003395676656159e-05 9.7608959660660662e-05 -9.57501146276173e-06 2.3127689541036298e-06 -8.8244629302857372e-07 -1.2151219366208942e-05 -0.00010940014277073123 -0.00011090653230126012 -9.4301303018855224e-07 -4.6536145348268424e-05 4.5382370047003538e-05 0.0024234862443484125 -3.564463448029131e-06 1.0587992750481553e-05 0.0021251017490424295 -0.00054592401883540344 -0.00016973186116265074 -0.0021641282723376936 0.014665934485537397
leaf_weight=31 26 25 33 36 33 30 25 36 22 31 28 27 21 33 22 30 20 34 25 20 26 31 29 24 23 22 36 33 37 29 26 32 21 24 21 26 20 20 21 31 20 27 27 32 35 26 30 31 20
leaf_count=31 26 25 33 36 33 30 25 36 22 31 28 27 21 33 22 30 20 34 25 20 26 31 29 24 23 22 36 33 37 29 26 32 21 24 21 26 20 20 21 31 20 27 27 32 35 26 30 31 20
internal_value=-0.000292398 0.000100756 0.00081448 0.000140562 0.00119835 0.00215909 -0.000859375 -0.00237705 -0.000795455 0.000647059 -0.00125468 -0.000477707 -0.00236364 -0.00103448 0.000153846 0.00109756 -0.000836237 0.00168394 0.002125 0.0012 0 -0.000711679 0.000121951 0.000625 -0.00106771 4.34783e-05 -0.000604396 0.000217391 -0.000709571 -0.00146259 -0.000285714 0 0.00102564 0.00230769 -0.00253247 -0.00102564 -0.00240741 -0.00217391 0.000957447 0.000522388 -0.000609756 0.00359649 -0.00339286 0.00203704 0.00366667 -0.00145833 -0.0034 -0.00384615 0.003
internal_weight=1368 794 442 249 121 88 128 61 352 85 267 157 110 58 130 82 574 193 160 100 60 548 164 144 384 115 91 69 303 147 70 156 78 52 77 78 81 46 47 67 41 57 56 54 60 48 50 52 40
internal_count=1368 794 442 249 121 88 128 61 352 85 267 157 110 58 130 82 574 193 160 100 60 548 164 144 384 115 91 69 303 147 70 156 78 52 77 78 81 46 47 67 41 57 56 54 60 48 50 52 40
is_linear=0
shrinkage=0.005


Tree=29
num_leaves=53
num_cat=0
split_feature=69 21 28 36 34 58 6 77 28 38 38 1 75 36 37 98 38 72 6 77 63 34 72 5 6 21 30 61 30 72 74 61 92 94 92 72 36 43 81 30 81 93 97 20 16 37 37 34 57 68 22 24
split_gain=21.7323 16.2102 15.9568 11.5993 10.1939 10.0867 9.61265 9.96821 9.53424 9.23431 8.49101 8.13899 10.4369 7.45144 7.08489 7.0668 6.69052 6.08292 6.72971 5.86376 5.81596 9.9757 7.02786 9.09834 15.7266 8.42667 10.8246 7.36669 5.87873 5.6589 10.584 7.31002 7.18073 12.4121 5.85561 5.6 5.42758 5.28506 5.67806 5.13455 5.12979 5.05027 4.64688 4.6199 4.45455 4.27111 3.8784 3.09594 3.06087 2.95918 2.8637 2.43632
threshold=31618.450000000001 27.275000000000002 28.525000000000002 92.250000000000014 95.750000000000014 0.93301270189221952 4483.2700000000013 4396.1592556317637 24.225000000000005 5.0250000000000012 7.875 14262.000000000002 690.18946458626476 80.750000000000014 49.250000000000007 1.0000000180025095e-35 6.4750000000000005 1246.8845000000003 4140.0950000000003 3925.6168156904209 34303.000000000007 97.250000000000014 1456.5065000000002 6498.4150000000009 4513.8250000000016 27.125000000000004 98.750000000000014 34183.750000000007 33.250000000000007 910.39450000000011 1243.3241458333334 30518.850000000002 28588.885118750008 599397.32797906268 25518.515087500007 1429.8730000000003 75.250000000000014 74.750000000000014 4079.4373639119744 99.750000000000014 4779.0947701791947 418.67311522048368 0.13541666666666671 901.15000000000009 6450.5000000000009 99.250000000000014 82.250000000000014 48.750000000000007 -0.22252093395631442 802.66750000000013 90.750000000000014 11.325000000000001
decision_type=2 2 2 2 2 2 2 2 2 2 2 2 2 2 2 2 2 2 2 2 2 2 2 2 2 2 2 2 2 2 2 2 2 2 2 2 2 2 2 2 2 2 2 2 2 2 2 2 2 2 2 2
left_child=1 2 3 6 42 11 8 14 9 -1 -10 35 15 19 47 44 -14 -7 -19 -11 22 40 23 24 46 27 -27 45 -24 34 32 -32 33 -31 -16 -2 -30 -38 -39 -36 43 -40 -3 -22 -13 -25 -17 -8 -37 -44 -29 -26
right_child=5 4 -4 -5 -6 17 7 -9 10 13 -12 12 16 -15 29 20 -18 18 -20 -21 21 -23 28 25 51 26 -28 50 36 30 31 -33 -34 -35 39 48 37 38 41 -41 -42 -43 49 -45 -46 -47 -48 -49 -50 -51 -52 -53
leaf_value=0.00057432297233523733 -1.4229036264792559e-05 0.00039899449525046662 -0.0027212206293639176 -0.00069655156193823445 -9.4514297529309943e-05 -7.4653183127387261e-06 0.00074239915977289785 0.015312453614101199 -0.00099923385955638265 0.00028487605715450627 -3.0123712644495298e-06 -2.6934941554033616e-05 -4.5553709811934811e-05 -0.001174560283892731 -4.5383720997783052e-05 -7.8812864853090026e-05 -0.00097860493706867775 0.00021132496167505704 -5.8106475199802341e-05 -2.0697142131305604e-05 -9.5535898691935281e-05 1.9392539361313032e-06 3.774535066214963e-06 -4.5942123512937015e-06 0.032897964651651311 -2.7799189378158514e-06 0.0017801405554781051 -3.8626535497504494e-06 3.589358608187767e-06 -0.00084586116433995467 0.00016968010310590951 -9.1063193530003921e-07 -0.0026622901449166966 2.0793398044434455e-05 0.00058210923181782658 -0.0020262743589938891 -0.00092402190379064488 -0.00028410162171016039 2.988755284615922e-05 0.00034260789080040071 -0.00016668388239860253 -0.00072093942293193923 0.031655300734880723 -6.3208790381029025e-07 -7.3916845595593809e-06 -8.3507333783651121e-05 1.9348381218386172e-05 0.0016546769530169328 -0.0012276253309708004 0.00065713022561976161 1.3918812892922431e-06 0.0024206645275308019
leaf_weight=36 35 39 31 25 20 22 22 20 22 35 31 22 32 29 26 20 27 36 22 31 20 28 26 25 22 34 29 23 25 22 26 22 26 33 29 23 27 20 26 20 21 21 29 33 22 20 29 21 22 20 20 21
leaf_count=36 35 39 31 25 20 22 22 20 22 35 31 22 32 29 26 20 27 36 22 31 20 28 26 25 22 34 29 23 25 22 26 22 26 33 29 23 27 20 26 20 21 21 29 33 22 20 29 21 22 20 20 21
internal_value=-0.000233918 0.000463415 8.87574e-05 0.000315126 0.00222222 -0.000803453 0.000498891 0.00110487 -0.000380435 0.000343511 -0.00216981 -0.00100297 -0.000801012 -0.000473684 0.00082996 -0.000580524 -0.00279661 0.000875 0.00172414 0.000454545 -0.000408163 -0.00147059 -0.000128866 0.000390947 0.00163043 -0.000364238 0.00103175 -0.00136364 -0.001 0.000441176 -0.000193798 0.00166667 -0.0012963 -0.000272727 0.00153333 -0.0025 -0.00147059 -0.00202128 -0.00126866 0.00255102 -0.00243243 -0.000319149 0.00295455 -0.00160377 -0.0025 -0.00277778 -0.000306122 0.00267442 -0.00366667 0.00397959 0.000116279 0.00383721
internal_weight=1368 615 507 476 108 753 451 267 184 131 53 673 593 95 247 534 59 80 58 66 490 102 388 243 92 151 63 88 145 204 129 48 81 55 75 80 119 94 67 49 74 47 88 53 44 45 49 43 45 49 43 43
internal_count=1368 615 507 476 108 753 451 267 184 131 53 673 593 95 247 534 59 80 58 66 490 102 388 243 92 151 63 88 145 204 129 48 81 55 75 80 119 94 67 49 74 47 88 53 44 45 49 43 45 49 43 43
is_linear=0
shrinkage=0.005


Tree=30
num_leaves=53
num_cat=0
split_feature=69 43 20 74 26 29 40 69 72 46 46 29 79 43 79 26 78 69 46 78 59 73 65 11 20 78 19 4 24 83 42 19 26 78 78 66 40 11 27 8 4 31 66 68 83 65 73 4 72 10 19 43
split_gain=17.8951 11.6603 12.0484 9.39188 9.37932 12.5288 9.64297 8.36351 7.99088 8.69343 7.63279 9.42574 7.57403 7.56483 7.56173 7.44096 7.40246 7.28459 7.28139 8.14209 6.91997 6.76 6.4797 6.3608 6.24129 6.01504 6.0087 8.9577 8.24147 7.56605 7.74902 7.72761 7.86897 6.65059 5.7933 5.5236 4.96965 4.81333 4.53411 5.64683 6.86054 6.78782 4.27614 3.69408 3.33529 2.99688 2.91212 2.78893 2.77688 2.67663 2.65947 2.5
threshold=34010.700000000004 113.02500152587892 2449.5500000000006 774.27677083333344 127.75000000000001 84.750000000000014 74.250000000000014 24286.800000000003 1499.9500000000003 96.125000000000014 103.40500259399415 82.750000000000014 461.40139619856222 75.849998474121108 657.12073541344296 32.750000000000007 1507.2229166666668 31836.550000000003 102.5550003051758 1182.9558506944447 -0.5 1602.2500000000002 29102.400000000005 34262.05000000001 336.20000000000005 1226.9437013888892 598.05000000000007 3913.0100000000007 10.075000000000001 1931.7999999999959 99.600002288818374 1044.0000000000002 56.750000000000007 393.52606250000002 637.56367708333335 683.20000000000016 60.750000000000007 41583.80000000001 20.250000000000004 399.35972222222227 9490.3000000000011 11.325000000000001 1469.1795000000002 1.1920000000000004 2499.7000000000012 26854.050000000003 410.90000000000003 3234.8100000000004 1.0425000000000002 29847.150000000005 756.50000000000011 74.200000762939467
decision_type=2 2 2 2 2 2 2 2 2 2 2 2 2 2 2 2 2 2 2 2 2 2 2 2 2 2 2 2 2 2 2 2 2 2 2 2 2 2 2 2 2 2 2 2 2 2 2 2 2 2 2 2
left_child=1 2 4 -4 5 10 7 -7 9 24 15 14 -11 46 36 20 22 35 -5 -20 -1 -10 38 -2 -9 -24 27 -25 -29 30 -28 37 33 -33 -35 -17 -12 -31 -8 -40 41 49 43 -32 -34 -37 -6 -22 -38 -41 -51 -46
right_child=23 -3 3 18 13 6 16 8 21 12 11 -13 -14 -15 -16 17 -18 -19 19 -21 47 -23 25 26 -26 -27 29 28 -30 31 42 32 44 34 -36 45 48 -39 39 40 -42 -43 -44 -45 51 -47 -48 -49 -50 50 -52 -53
leaf_value=-0.0012336183658787287 -0.0030415088741743731 -0.00014311513789406097 -0.032773389619525271 -0.0012522508177879208 0.028644812067982584 0.0010296372207842595 -0.00021505484333738723 0.00019599631516427636 -0.00088049310111649407 0.0015813874226402941 1.4978607850864616e-06 -0.00015340659193595438 1.4555215990840566e-06 1.1221515472962786e-05 -1.7152404466184477e-05 -0.00014028532841724845 -1.3154933824527479e-06 -8.2409301521521364e-05 0.00043920926569588291 -0.00013702417345310401 -0.00082561772051230483 -2.7037996390479742e-05 0.00043078080697678007 4.5746763305827933e-05 -0.001154493292306246 0.0012321711509779699 5.3172845457682204e-07 2.6358604260677337e-06 -0.0008960172593095758 -1.6843978903165746e-05 -1.1512397457940293e-05 0.00013184021385917276 1.2556644095874845e-07 -6.5080406739786058e-06 3.5714118151468281e-06 0.00076889828386582924 0.00075615128452100164 -1.9778284377007673e-07 -6.6259864438996042e-05 0.0016978410227850708 -1.3734082671365091e-05 0.00020026041573661011 -0.00069572263417279692 -0.00077779674315655548 -8.1327942165989671e-06 0.00011091514509067755 0.0021576255992930035 3.8631336760230445e-06 1.2830431645269658e-05 0.0012471811626763101 1.8829419007086005e-05 -1.6876634185348973e-05
leaf_weight=37 27 38 24 21 20 22 22 27 20 20 22 35 35 39 26 24 37 35 22 34 22 25 38 28 20 25 23 26 20 30 33 20 28 20 31 21 23 20 25 21 22 24 24 30 20 22 24 23 28 21 20 20
leaf_count=37 27 38 24 21 20 22 22 27 20 20 22 35 35 39 26 24 37 35 22 34 22 25 38 28 20 25 23 26 20 30 33 20 28 20 31 21 23 20 25 21 22 24 24 30 20 22 24 23 28 21 20 20
internal_value=-0.000285924 8.29876e-05 0.000194384 -0.00143564 0.000393939 0.000215633 0.000778302 -0.000147929 -0.000578231 0.000196078 -0.000534591 0.000373134 0.00154545 0.00198795 0.00116162 -0.00119565 0.00139216 -0.000294118 -0.000584416 0.000357143 -0.00231707 -0.00233333 0.00174312 -0.001175 -0.00138298 0.00309524 -0.00100536 0.00027027 -0.00108696 -0.00132107 -0.00236364 -0.000714286 -0.000107914 0.00105634 9.80392e-05 0.000671642 0.0019863 -0.0024 0.00119355 0.00154135 0.00203704 0.00267442 -0.00304598 -0.00373016 -0.00132353 0.00174419 0.00340909 -0.001 0.00284314 0.00354839 0.00280488 -0.00225
internal_weight=1364 964 926 101 825 742 424 169 147 102 318 134 55 83 99 184 255 102 77 56 82 45 218 400 47 63 373 74 46 299 110 189 139 71 51 67 73 50 155 133 108 86 87 63 68 43 44 45 51 62 41 40
internal_count=1364 964 926 101 825 742 424 169 147 102 318 134 55 83 99 184 255 102 77 56 82 45 218 400 47 63 373 74 46 299 110 189 139 71 51 67 73 50 155 133 108 86 87 63 68 43 44 45 51 62 41 40
is_linear=0
shrinkage=0.005


Tree=31
num_leaves=52
num_cat=0
split_feature=29 19 67 6 77 30 41 61 34 21 79 75 14 41 14 28 83 17 35 38 27 38 87 67 75 97 41 87 35 41 59 19 19 21 81 73 17 38 73 79 73 2 23 28 23 19 87 77 77 38 30
split_gain=8.94194 11.2087 8.37607 8.35223 11.2214 9.67392 9.20303 9.12376 8.03594 7.54257 7.73571 6.87614 8.89666 6.72705 6.53262 6.07678 6.04058 5.95651 5.627 5.57041 8.14771 10.1586 7.56 5.50702 5.68725 5.25762 5.24834 10.0926 12.2575 8.00663 9.44056 7.62844 9.09064 7.94326 11.8321 6.82564 6.47171 6.35902 6.70314 9.82444 5.98954 5.26973 5.18907 5.15703 4.71965 4.48 5.87128 3.4381 2.97619 1.94216 0.9
threshold=91.750000000000014 1266.7500000000002 30160.250000000004 3077.3250000000003 4101.6899105505945 65.750000000000014 103.75000000000001 25275.150000000005 37.750000000000007 29.625000000000004 548.50715760510991 112.01315862931951 11104.250000000002 76.750000000000014 14729.850000000002 25.325000000000006 2112.0000000000023 11.200000000000001 27.625000000000004 3.5250000000000004 33.250000000000007 8.9750000000000014 0.36458333333333343 31782.050000000007 378.21205901363413 0.26041666666666669 68.250000000000014 0.17708333333333334 25.775000000000002 105.75000000000001 -0.9330127018922193 1817.5500000000002 1020.7000000000002 28.575000000000006 3685.9680994676396 992.56750000000011 1.0000000180025095e-35 7.2250000000000005 939.10900000000004 619.75692165551743 1.0955000000000001 2955.0000000000005 97.750000000000014 21.825000000000006 98.750000000000014 1326.5500000000002 0.031250000000000007 3524.4801730504018 4160.6782310793596 5.8750000000000009 99.250000000000014
decision_type=2 2 2 2 2 2 2 2 2 2 2 2 2 2 2 2 2 2 2 2 2 2 2 2 2 2 2 2 2 2 2 2 2 2 2 2 2 2 2 2 2 2 2 2 2 2 2 2 2 2 2
left_child=3 16 -3 5 7 13 8 15 -6 11 -11 44 -13 18 23 -5 48 -10 -1 -19 43 22 45 50 -25 -4 27 28 35 30 -28 32 33 34 36 -14 -32 38 39 -36 -29 -31 -23 -21 -9 46 -22 -34 -2 -8 -7
right_child=1 2 25 4 6 14 49 9 17 10 -12 12 26 -15 -16 -17 -18 19 -20 20 21 42 -24 24 -26 -27 29 40 -30 41 31 -33 47 -35 37 -37 -38 -39 -40 -41 -42 -43 -44 -45 -46 -47 -48 -49 -50 -51 -52
leaf_value=-5.1294996412732503e-05 0.00073729015922894365 0.00032048346230164406 -0.0022005936429209112 0.00014491724829197405 -0.00081400538278949175 -0.0012533683173433568 -9.1327223494934827e-05 2.0318252295429829e-05 0.00057756072281263946 0.0017202781145177061 -6.4415205718942494e-06 -0.0010928194476539342 -1.6715576286128591e-05 -8.9965177945385877e-06 1.2065608928915682e-05 0.00013955826948736081 1.1388676944768934e-05 -0.00013475451709466299 1.9233782253218507e-05 -4.1373454917667572e-06 8.2393945958992231e-05 -0.000285727551368966 -9.9664205539983955e-06 -0.0002164145403630617 -2.2807141083343048e-07 -2.7503824235655006e-06 -4.5836371384336397e-05 1.2880283945581866e-05 0.00097197803806034239 -1.1026659357013669e-05 -0.00023741346840675548 3.5059410122151095e-05 -0.00082218498568272457 0.0013947540108097598 9.696459629243187e-05 -0.00062314350735810664 -0.0027414964720591278 1.4028521054367783e-05 -0.00018138355911422543 -2.3066272455706571e-05 0.0016129450932809036 5.2134599327764159e-06 -3.2243698682841092e-06 -0.00065307470411802768 3.466340344303165e-07 1.4239477677427179e-06 0.001619232521356899 -3.0390601993580228e-05 0.00122601029522308 -4.0827392096280276e-05 -0.01714128568756047
leaf_weight=26 35 20 22 29 31 20 20 31 37 28 20 21 22 24 21 26 32 33 21 20 26 21 30 26 27 23 22 35 27 36 21 28 20 20 29 30 30 37 27 24 36 29 25 21 39 20 24 28 21 23 20
leaf_count=26 35 20 22 29 31 20 20 31 37 28 20 21 22 24 21 26 32 33 21 20 26 21 30 26 27 23 22 35 27 36 21 28 20 20 29 30 30 37 27 24 36 29 25 21 39 20 24 28 21 23 20
internal_value=-0.000256598 0.000882353 -0.000692308 -0.000400495 -0.000224172 -0.00137838 -0.000981873 0.000136691 -0.000659722 -3.125e-05 0.001875 -0.000185811 -0.000383142 7.04225e-05 -0.0022807 0.00209091 0.00204545 -0.00036965 0.00117021 -0.000681818 -0.000347594 0.000205479 0.0011 -0.00284946 -0.00179245 -0.00188889 -0.000249501 0.000533333 -0.000696203 -0.000584046 -0.000944056 -0.000681818 -0.000974576 -0.000478723 -0.000833333 -0.00211538 -0.00284314 4.2735e-05 -0.00075 0.000283019 0.00190141 0.001 -0.00173913 -0.00231707 0.00128571 0.002 0.0028 -0.00291667 0.00303571 -0.00313953 -0.00425
internal_weight=1364 153 65 1211 1026 185 331 695 288 640 48 592 522 71 114 55 88 257 47 220 187 146 100 93 53 45 501 150 79 351 286 264 236 188 168 52 51 117 80 53 71 65 46 41 70 70 50 48 56 43 40
internal_count=1364 153 65 1211 1026 185 331 695 288 640 48 592 522 71 114 55 88 257 47 220 187 146 100 93 53 45 501 150 79 351 286 264 236 188 168 52 51 117 80 53 71 65 46 41 70 70 50 48 56 43 40
is_linear=0
shrinkage=0.005


Tree=32
num_leaves=52
num_cat=0
split_feature=69 11 65 33 25 37 23 11 2 46 69 2 69 46 67 46 79 93 31 72 19 45 14 31 2 58 13 11 14 75 7 39 23 87 92 2 67 39 67 46 72 62 2 11 11 92 14 68 11 11 31
split_gain=13.6766 10.9077 10.6737 13.8021 8.56333 8.44748 8.53169 10.8832 9.7962 8.29564 8.59226 9.53106 7.94993 8.28122 8.02703 8.98617 7.89295 7.37138 12.6669 7.07202 6.80234 8.48732 6.68116 6.5964 6.44344 9.42297 7.14556 5.88383 5.86667 5.86109 5.73766 5.72727 5.52517 5.49654 5.62189 5.38401 5.34916 6.81687 5.34601 5.18964 7.10939 7.4213 4.40816 4.22323 4.22098 4.03467 3.1094 2.8513 2.71515 2.01349 1.89388
threshold=27169.050000000007 30124.150000000005 33847.55000000001 28.250000000000004 145.75000000000003 24.250000000000004 99.250000000000014 34526.000000000007 2546.4915000000005 102.39500045776369 33131.80000000001 2653.3000000000006 29684.450000000004 108.81999969482423 28771.550000000003 102.39500045776369 271.9898291182929 415.73035603715175 9.2250000000000014 1601.7 655.6500000000002 25265.000000000004 17656.200000000001 13.875000000000002 2636.9500000000003 -0.24999999999999994 4114.2000000000016 41583.80000000001 16197.200000000003 597.23060355908899 27.565000000000001 201.75000000000003 89.750000000000014 0.57291666666666685 22252.888456250006 3257.2500000000005 31782.050000000007 206.75000000000003 31851.300000000003 102.89500045776369 955.63250000000005 899.00000000000011 3475.6585000000005 38251.950000000004 32795.05000000001 26516.802512500006 16725.600000000002 1299.8000000000002 42121.850000000013 42534.600000000006 13.475000000000001
decision_type=2 2 2 2 2 2 2 2 2 2 2 2 2 2 2 2 2 2 2 2 2 2 2 2 2 2 2 2 2 2 2 2 2 2 2 2 2 2 2 2 2 2 2 2 2 2 2 2 2 2 2
left_child=16 30 3 12 27 38 9 44 -9 24 11 -11 23 14 28 50 -1 18 33 29 -12 -22 39 -3 26 31 -7 -4 -14 47 -2 -26 -6 34 -10 43 -13 -38 -5 40 41 -18 -29 -17 -8 -41 -36 -19 -45 -34 -16
right_child=1 2 4 5 32 6 7 8 17 10 20 36 13 -15 15 35 22 19 -20 -21 21 -23 -24 -25 25 -27 -28 42 -30 -31 -32 -33 49 -35 46 -37 37 -39 -40 45 -42 -43 -44 48 -46 -47 -48 -49 -50 -51 -52
leaf_value=-8.9574316010368626e-06 -0.030884691970980271 0.00024802420276825337 1.0707833000312754e-06 0.00074601529193682838 -1.9126253834701816e-05 -0.0002060609607778216 -0.00012846786916885991 0.00012912057085236837 3.6767901524458684e-06 -1.5810139823919922e-05 2.9125773217772345e-06 0.00075534548887218637 -0.00021026410197056068 6.6871153722584863e-05 -0.0019710776044137772 -6.1236602801106643e-06 6.2636824540970415e-05 -4.5755072441489712e-06 3.8768711348782849e-06 -0.00010028183255461322 -2.4396871398909873e-05 9.4729802871508286e-07 -2.2889801533316801e-05 -0.00080993535587554433 6.9088401612993146e-05 0.0015186115646699558 0.00043352914990265934 -0.00010457443676275959 0.00039180995030889019 0.00068683376302936102 -0.00037627585550993245 -7.6307826143372543e-06 -5.1763779047998824e-06 -0.0034046274376725912 -1.5253615092552289e-06 4.750229873697813e-07 -7.9658289719280781e-05 2.8538463728549416e-05 2.3793382664917685e-05 0.00073360370843279885 -6.4741497774767283e-05 0.029726229453408349 1.0116492802959203e-07 -0.00092739030012752445 -0.018219698359208569 0.016318868389494198 -0.00013778998996268255 2.6756870975688713e-05 -0.00044254868922687243 -1.5384227402978946e-06 -0.0021247575010751468
leaf_weight=34 35 22 34 28 36 29 29 39 21 25 23 34 20 22 29 26 26 22 31 20 37 28 28 21 28 34 32 25 24 21 20 22 21 30 20 31 22 21 37 27 25 25 24 22 28 20 23 21 20 22 20
leaf_count=34 35 22 34 28 36 29 29 39 21 25 23 34 20 22 29 26 26 22 31 20 37 28 28 21 28 34 32 25 24 21 20 22 21 30 20 31 22 21 37 27 25 25 24 22 28 20 23 21 20 22 20
internal_value=-0.00026393 -0.000462256 -0.000355872 -0.000155925 -0.00154321 0.000205674 3.125e-05 -0.00057377 -0.000120968 0.00058209 -0.000105263 0.000882353 -0.00114786 -0.00154206 -0.001875 -0.00243243 0.001 -0.000550239 -0.00132 0.000595238 -0.00125 -0.00207692 0.00149007 0.000813953 0.00148276 0.00238095 0.000245902 -0.000421687 0 0.00140625 -0.00263636 0.001 -0.00272152 -0.00223404 -0.00140625 -0.00156566 0.00175325 0.000581395 0.00192308 0.00199187 0.00118421 0.0022549 -0.00153061 -0.00235294 -0.00254386 0.00329787 -0.00244186 0.000348837 -0.00333333 -0.00151163 -0.00418367
internal_weight=1364 1179 1124 962 162 705 640 305 248 335 190 102 257 214 192 148 185 209 125 84 88 65 151 43 145 84 61 83 44 64 55 50 79 94 64 99 77 43 65 123 76 51 49 68 57 47 43 43 42 43 49
internal_count=1364 1179 1124 962 162 705 640 305 248 335 190 102 257 214 192 148 185 209 125 84 88 65 151 43 145 84 61 83 44 64 55 50 79 94 64 99 77 43 65 123 76 51 49 68 57 47 43 43 42 43 49
is_linear=0
shrinkage=0.005


Tree=33
num_leaves=55
num_cat=0
split_feature=6 65 65 16 23 34 37 82 72 2 10 53 0 3 34 42 23 14 42 75 0 57 37 3 11 69 45 93 10 17 81 71 3 25 46 42 37 39 39 91 10 11 35 73 45 87 14 14 73 11 98 100 39 0
split_gain=12.9688 12.0856 9.56778 8.55446 12.4627 10.1264 9.62584 8.8363 8.54412 8.88362 9.29032 7.88124 7.52461 12.2581 7.46065 7.71429 7.18667 7.10227 11.2354 7.85007 7.00256 6.58351 6.30011 6.15835 6.62503 6.05751 6.27991 9.87635 8.89163 7.98246 5.72727 5.59442 6.56245 5.25655 5.2021 5.11093 4.53704 3.6 3.54086 4.06 3.48444 3.42655 3.41502 3.30185 8.05396 3.24638 3.14289 5.72109 3.12011 3.49164 2.53968 2.33024 3.0551 1.63902
threshold=3077.3250000000003 33847.55000000001 35454.400000000001 6713.9000000000005 99.250000000000014 64.250000000000014 24.250000000000004 -0.98500000000001353 1301.1500000000003 2687.2000000000003 30443.900000000005 1.5000000000000002 28374.500000000004 13585.85 73.750000000000014 146.25000000000003 29.750000000000004 19122.700000000001 122.77500152587892 490.64145804114008 36862.100000000006 -0.56174490092936669 71.250000000000014 13395.200000000003 36232.900000000001 23853.150000000005 24455.000000000004 413.72881578947374 33049.500000000007 3.1000000000000005 4069.9685894477043 1107.2235000000003 13349.573500000002 140.75000000000003 102.53499984741212 106.22499847412111 99.750000000000014 147.75000000000003 182.75000000000003 28563.049962500001 31632.150000000005 37528.80000000001 26.075000000000006 1478.4165000000003 23572.500000000004 0.78125000000000011 17029.800000000007 13167.850000000002 1412.9215000000002 40890.950000000004 0.072916666666666685 0.19791666666666671 150.25000000000003 29633.550000000007
decision_type=2 2 2 2 2 2 2 2 2 2 2 2 2 2 2 2 2 2 2 2 2 2 2 2 2 2 2 2 2 2 2 2 2 2 2 2 2 2 2 2 2 2 2 2 2 2 2 2 2 2 2 2 2 2
left_child=11 3 20 4 6 -5 -2 23 12 10 -10 31 14 41 15 -8 -11 18 35 -20 -3 -13 -18 -6 40 -9 28 -28 29 -27 -19 32 -1 -4 -26 -15 -24 -33 -30 -40 -25 53 -29 51 -45 -34 47 -7 49 -23 -22 52 -31 -14
right_child=1 2 33 5 7 46 8 25 9 16 -12 21 13 17 -16 -17 22 30 19 -21 50 48 36 24 34 26 27 42 38 43 -32 37 45 -35 -36 -37 -38 -39 39 -41 -42 -43 -44 44 -46 -47 -48 -49 -50 -51 -52 -53 -54 -55
leaf_value=-0.0015994176164908448 0.0012549379656724847 -3.1956113285539654e-06 3.2983107104936003e-06 -1.4637077861532194e-05 0.0014348086885869798 1.7424777542806333e-06 -8.1196354848603395e-05 0.001539968711880637 -2.3602374403319824e-06 -4.5326005965473598e-05 -0.00062163729966112065 -3.5235155259019288e-07 0.0010147163007599236 0.00010735529079467735 -0.00016529560204320184 0.0005582222083115988 -2.1239004768289141e-05 2.7548280139135798e-06 -0.00014295358545593704 9.9143566128591786e-06 -6.4578367531060554e-06 -0.0013281908301736769 0.00015805574467618041 -8.4900516689947274e-06 -2.2135875470758988e-05 4.0472910359564237e-05 -0.0029089257540792428 9.5257554187592395e-05 5.0152768292939919e-05 -0.0013035833411338365 -1.3335801118551541e-05 0.00030168607188007932 5.4272524081107613e-06 -1.1790593551559479e-05 0.0012005965523643276 0.0025891113782206547 1.0192540343184544e-05 -8.4394545748555319e-07 -0.0013690606526460735 1.6158676201104369e-06 -0.0022568485346748175 0.00173533352352497 -6.4902689473237305e-07 -0.0014580348009220934 1.1400260268950788e-05 -9.1384397099538976e-06 4.2581699226197995e-06 0.001819839864169433 -0.00016907960718768136 -1.9258296072065191e-05 -0.00078289939199868187 -0.0039727137626358947 -0.0026832771066309159 0.031345959785196081
leaf_weight=25 29 34 23 34 20 21 21 20 31 33 31 25 20 38 38 21 21 22 22 27 21 29 30 25 29 26 25 22 20 26 28 20 25 27 21 23 24 20 21 22 20 20 24 22 21 21 31 28 24 23 24 24 21 21
leaf_count=25 29 34 23 34 20 21 21 20 31 33 31 25 20 38 38 21 21 22 22 27 21 29 30 25 29 26 25 22 20 26 28 20 25 27 21 23 24 20 21 22 20 20 24 22 21 21 31 28 24 23 24 24 21 21
internal_value=-0.000278592 -6.94444e-05 -0.00151163 0.000112414 -4.9505e-05 0.00140351 0.00048 -0.000696822 0.000307856 -0.000588235 -0.00209677 -0.00141509 0.000813953 0.00128959 -0.0005 0.000952381 0.000277778 0.0005625 0.00127273 -0.000510204 -0.00259494 -0.00242574 0.00113333 0.000478261 -5.26316e-05 -0.00115646 -0.00135036 -7.04225e-05 -0.00179803 -0.0025 -0.001 -0.000495495 -0.00133803 0.0002 0.0012 0.00270492 0.00203704 0.001 -0.000238095 -0.00104651 -0.00144444 0.00319672 0.00130435 -0.00307018 -0.00197674 -0.000217391 0.002375 0.00316327 -0.00315789 -0.00384615 -0.00388889 -0.00373239 -0.00308511 0.00402439
internal_weight=1364 1152 129 1023 909 114 500 409 471 170 62 212 301 221 80 42 108 160 110 49 79 101 75 115 95 294 274 71 203 140 50 111 71 50 50 61 54 40 63 43 45 61 46 114 43 46 80 49 76 52 45 71 47 41
internal_count=1364 1152 129 1023 909 114 500 409 471 170 62 212 301 221 80 42 108 160 110 49 79 101 75 115 95 294 274 71 203 140 50 111 71 50 50 61 54 40 63 43 45 61 46 114 43 46 80 49 76 52 45 71 47 41
is_linear=0
shrinkage=0.005


Tree=34
num_leaves=54
num_cat=0
split_feature=20 29 26 3 11 88 69 62 36 88 3 67 17 34 24 20 11 29 2 30 16 35 7 88 1 26 2 89 34 16 36 29 35 35 34 35 17 88 29 26 30 16 36 29 83 89 38 36 17 93 0 74 3
split_gain=12.1717 7.8706 9.2202 12.7059 10.6191 11.3381 7.25227 7.84 6.86758 20.1449 7.19366 6.99433 11.5555 8.14792 16.8635 8.68485 8.55698 9.02185 7.40073 6.27964 6.26566 6.23636 7.9013 6.58178 6.4 6.12335 6.03107 6 6.57729 5.70598 5.66204 5.65296 5.43271 9.81102 7.20048 7.02931 6.56364 7.20462 5.66274 5.27412 6.66376 4.9324 4.60851 4.15706 4.03333 3.77143 3.50635 3.47143 2.5 2.4381 2.32288 1.76282 0.9
threshold=947.40000000000009 90.750000000000014 106.25000000000001 15360.800000000001 35079.350000000013 8581.6470833333351 28641.850000000002 959.00000000000011 80.250000000000014 4991.0889583333337 16044.047500000002 28667.450000000004 179.60000000000005 65.250000000000014 13.325000000000001 1131.5500000000002 38578.500000000007 76.250000000000014 2897.1290000000004 98.250000000000014 6240.9500000000016 26.625000000000004 20.785000000000004 3242.9789583333336 14563.750000000002 5.2500000000000009 2658.1000000000004 1437.05274375 73.750000000000014 5917.7000000000007 87.750000000000014 82.250000000000014 28.425000000000004 27.975000000000005 95.250000000000014 27.025000000000002 129.75000000000003 6341.0435416666678 86.250000000000014 33.250000000000007 97.250000000000014 5780.5000000000009 85.750000000000014 78.250000000000014 1960.000000000002 1184.9996437500001 6.4250000000000016 72.750000000000014 103.75000000000001 420.21421052631581 32955.400000000009 985.99948958333346 13773.200000000003
decision_type=2 2 2 2 2 2 2 2 2 2 2 2 2 2 2 2 2 2 2 2 2 2 2 2 2 2 2 2 2 2 2 2 2 2 2 2 2 2 2 2 2 2 2 2 2 2 2 2 2 2 2 2 2
left_child=1 2 4 27 5 6 7 -1 9 21 11 12 30 39 15 43 17 -17 -18 -19 49 22 24 -23 -2 41 51 45 -29 -20 -10 -7 33 34 36 -36 37 -6 -39 40 42 -3 -13 -15 52 -4 -38 48 -24 -11 -45 -8 -42
right_child=8 25 3 -5 32 31 26 -9 10 20 -12 13 -14 14 -16 16 18 19 29 -21 -22 23 47 -25 -26 -27 -28 28 -30 -31 -32 -33 -34 -35 35 -37 46 38 -40 -41 44 -43 -44 50 -46 -47 -48 -49 -50 -51 -52 -53 -54
leaf_value=-0.00043874066115026709 0.0014517648420790108 0.00060390395217380956 0.00041280312699102392 -3.8158697652874357e-05 -0.00012030695905599052 -5.4699895569580123e-05 -0.028852972476173733 0.0010577390117351214 0.0003101724186246903 0.0018422860079117288 2.7345924039312815e-06 -0.0010861835124316484 -0.0015725531390631826 -1.240817707354319e-05 0.00015552247591673631 -1.6638306415808466e-05 -0.0010504063157213647 -4.4567459102553804e-06 -0.00023354533531273433 0.0002001865681381164 2.0870184199794345e-06 -9.0927475114041282e-06 -0.00082438144490258906 -0.00093668213278155267 -3.3311049159818369e-06 0.0010160558373254205 -0.00033296504442840611 0.0015174861516547783 -3.674419873899084e-05 7.8106137895388122e-06 1.2049124132067126e-09 0.00018264616918384848 -2.6613950407010653e-06 0.00030366898182185488 1.5655761382946293e-06 -7.0853850615140926e-05 2.6820186388733972e-06 1.5297106438835745e-05 -2.6488064637866867e-06 -0.00010943188927909447 -0.0015713379581288728 -0.00027795407863748125 0.00037463440074509617 -0.00091846382529466833 -0.00025787499365120939 0.003162894041504508 0.00026725796189476037 -2.2924780592220774e-05 -6.3909541902517692e-05 0.00081948467132761187 -3.009102931353369e-05 -0.0020492914178987724 -0.00067173932715752977
leaf_weight=25 20 26 20 21 35 21 26 20 25 28 39 27 24 20 28 29 20 29 26 31 28 23 20 21 20 26 31 30 26 31 24 20 38 24 36 23 24 34 30 37 20 22 20 21 20 22 21 30 20 20 20 22 20
leaf_count=25 20 26 20 21 35 21 26 20 25 28 39 27 24 20 28 29 20 29 26 31 28 23 20 21 20 26 31 30 26 31 24 20 38 24 36 23 24 34 30 37 20 22 20 21 20 22 21 30 20 20 20 22 20
internal_value=-0.000153959 0.000361156 0.000154827 0.00138655 -0.000186047 -0.00118182 -0.00193548 -0.000333333 -0.000587045 0.000130435 -0.00090998 -0.00108051 0.000342466 -0.00134085 -0.000803922 -0.00125551 -0.000662651 0.000393258 -0.00188312 0.0015 0.00223684 -0.000909091 -0.000272727 -0.0025 0.0015 0.00189189 -0.0028481 0.00214286 0.00107143 -0.000964912 0.00173469 0.00109756 0.000433962 0.000726872 0.000369458 -0.00110169 0.000972222 0.000252525 0.00125 -0.00229167 -0.00172897 0.000833333 -0.000319149 -0.00286885 -0.00283333 0.00357143 0.00255556 -0.00128571 -0.00225 0.00333333 -0.00378049 -0.00395833 -0.00375
internal_weight=1364 623 549 119 430 165 124 45 741 230 511 472 73 399 255 227 166 89 77 60 76 154 110 44 40 74 79 98 56 57 49 41 265 227 203 59 144 99 64 144 107 48 47 61 60 42 45 70 40 48 41 48 40
internal_count=1364 623 549 119 430 165 124 45 741 230 511 472 73 399 255 227 166 89 77 60 76 154 110 44 40 74 79 98 56 57 49 41 265 227 203 59 144 99 64 144 107 48 47 61 60 42 45 70 40 48 41 48 40
is_linear=0
shrinkage=0.005


Tree=35
num_leaves=54
num_cat=0
split_feature=69 24 40 21 28 23 24 24 22 4 24 60 17 81 81 13 22 79 0 4 13 21 95 41 30 40 13 24 22 65 6 81 13 23 23 65 38 87 77 40 80 20 69 79 39 76 27 0 91 92 13 39 38
split_gain=12.3205 9.00496 8.25397 7.75224 10.516 10.2041 9.07682 7.82636 7.67685 12.5767 9.8496 10 7.16869 6.73035 11.978 12.903 10.7545 8.23129 7.53549 9.69288 11.3578 9.54642 6.76817 8.6586 7.98519 10.4143 6.63116 6.35991 8.09481 9.16195 8.47059 7.23478 6.8599 6.60411 6.19399 6.13099 6.81818 5.72109 5.61502 4.94971 7.63735 5.31856 4.72896 4.57216 4.35201 4.19333 4.00346 3.92727 3.60039 4.17164 2.5 1.89394 1.82609
threshold=31230.750000000004 17.375000000000004 178.75000000000003 27.925000000000004 28.775000000000002 98.750000000000014 3.0750000000000006 4.2250000000000005 91.250000000000014 13829.610000000002 8.8750000000000018 1485.6725000000004 242.95000000000002 3982.2235370757021 3928.8143003910241 11469.400000000001 87.750000000000014 630.93387085986194 31683.450000000001 3578.1000000000004 2077.6000000000008 16.225000000000005 1.0000000180025095e-35 85.250000000000014 97.250000000000014 123.25000000000001 5868.1500000000005 10.825000000000001 93.750000000000014 27837.300000000003 4322.4350000000004 3982.2235370757021 5517.4000000000005 73.250000000000014 64.750000000000014 28842.350000000002 3.9750000000000005 0.052083333333333336 4074.6508206377553 122.25000000000001 29077.617013888896 1060.6500000000003 34567.400000000009 355.43048707894695 130.75000000000003 38443.653125000004 32.250000000000007 34296.55000000001 28735.770131250003 31000.004456250004 5517.4000000000005 200.75000000000003 7.9250000000000016
decision_type=2 2 2 2 2 2 2 2 2 2 2 2 2 2 2 2 2 2 2 2 2 2 2 2 2 2 2 2 2 2 2 2 2 2 2 2 2 2 2 2 2 2 2 2 2 2 2 2 2 2 2 2 2
left_child=1 3 8 4 6 51 -1 -8 13 10 35 -12 27 14 15 16 17 37 48 20 43 -21 23 24 42 -26 -24 28 29 32 -31 -30 33 -9 -34 -10 -37 -2 -25 40 -29 -42 -23 -20 -22 -11 -13 -38 49 -15 -18 -5 -40
right_child=2 -3 -4 5 -6 -7 7 12 9 45 11 46 -14 18 -16 -17 50 -19 19 21 44 22 26 38 25 -27 -28 39 31 30 -32 -33 34 -35 -36 36 47 -39 52 -41 41 -43 -44 -45 -46 -47 -48 -49 -50 -51 -52 -53 -54
leaf_value=-0.00014177126769163552 -7.8224907325728254e-06 -0.0016438237726296662 0.00010132593881629404 0.003147079571296986 -0.0030099044095165473 -1.2990232885834033e-05 0.00022376708726449201 -6.6995317663758067e-06 2.227233748816021e-06 1.6176584206576007e-06 -1.9427544830137635e-05 0.00050697243988133617 0.00065187677337365441 -0.0011296547139920702 1.5066936889932665e-05 6.3841988477783554e-05 -0.00060550906119407114 -1.1709753810957664e-05 2.5046224413359372e-06 -0.0010076259333837265 0.0018198297199384596 -5.830411712874319e-05 -8.4622425486527959e-05 -1.4596595272950401e-05 0.00015265341948733827 -7.9201221736855449e-06 0.00086912559878978305 0.00091174279785219425 6.2960684947291014e-06 -0.00045320130625902901 -4.2339465339302712e-06 0.0016980547913251634 4.4788245916012047e-05 0.00087669712619654254 -0.00049332074133158022 -0.00067593478755122594 -0.0009018528578302171 0.00041423497218131839 -1.161476272836402e-05 0.00070878907903665551 -0.0008412915639942907 7.372957496318965e-06 -9.8507864487427451e-06 -9.0472837738471076e-06 8.6563484561065949e-06 2.8419754171033216e-06 0.0007188433710277678 4.9331116909264576e-06 -1.9155725163818349e-05 -0.0011170979477093817 -0.00054127047837426441 0.0027769678253078789 -0.0034186718965856073
leaf_weight=21 28 24 21 20 26 24 32 23 27 20 37 20 26 33 21 21 20 21 21 22 26 22 25 38 21 24 28 34 26 34 34 20 29 36 24 22 24 21 25 24 22 34 32 39 30 23 22 20 25 20 20 24 21
leaf_count=21 28 24 21 20 26 24 32 23 27 20 37 20 26 33 21 21 20 21 21 22 26 22 25 38 21 24 28 34 26 34 34 20 29 36 24 22 24 21 25 24 22 34 32 39 30 23 22 20 25 20 20 24 21
internal_value=-9.80392e-05 0.000493482 -0.00047619 0.000633528 0.000393258 0.00220588 0.000584726 0.000753769 -0.000555556 0.000255814 -0.000348837 0.000949367 0.000546448 -0.000844371 6.57895e-05 -0.000496183 -0.00118182 0 -0.00115044 -0.000855615 0.000344828 -0.00139535 -0.00110169 -0.00155738 -0.000555556 0.001 0.000471698 0.000352941 -0.000132743 -0.000611111 -0.00205882 0.00173913 0.000267857 0.00144068 -0.00103774 -0.00145161 -0.00227273 0.00112245 -0.0027381 0.00131579 0.000777778 -0.000357143 -0.00185185 -0.00116667 0.00196429 0.00267442 0.00261905 -0.00113636 -0.0025641 -0.00330189 -0.00325 0.00363636 -0.00391304
internal_weight=1377 537 840 513 445 68 419 398 819 215 172 79 366 604 152 131 110 70 452 374 116 258 236 183 99 45 53 340 226 180 68 46 112 59 53 93 66 49 84 114 90 56 54 60 56 43 42 44 78 53 40 44 46
internal_count=1377 537 840 513 445 68 419 398 819 215 172 79 366 604 152 131 110 70 452 374 116 258 236 183 99 45 53 340 226 180 68 46 112 59 53 93 66 49 84 114 90 56 54 60 56 43 42 44 78 53 40 44 46
is_linear=0
shrinkage=0.005


Tree=36
num_leaves=55
num_cat=0
split_feature=68 10 71 31 34 100 43 87 88 56 33 44 16 44 94 62 62 36 83 0 16 21 83 44 76 44 94 88 87 8 8 37 34 17 10 37 95 37 26 28 60 83 100 3 33 100 33 28 100 37 94 66 44 68
split_gain=12.9016 18.0834 14.857 11.3507 9.70591 10.8586 10.4805 12.1776 10.0075 10.2934 8.53333 8.22089 9.87862 8.09235 7.76436 7.37071 8.12698 7.18993 6.97754 6.83298 12.0001 6.62966 6.28794 5.84349 9.5432 7.00047 5.76621 5.16185 5.06789 5.0168 6.75029 7.74488 6.49342 4.87013 4.6906 9.78609 7.24286 5.51467 7.29009 9.30518 6.72657 9.0505 8.70036 4.26087 4.25917 4.22686 4.12208 4.06205 3.42857 3.24208 2.37576 2.20588 1.67619 1.67224
threshold=1341.2500000000002 39928.950000000004 1533.5000000000002 13.725000000000001 78.250000000000014 0.73958333333333348 77.809997558593764 0.40625000000000006 8675.2891666666674 0.6078576107927941 106.75000000000001 2.5394999980926518 6114.7500000000009 6.4130001068115243 464379.27715875016 1364.7395000000001 1487.2600000000002 75.750000000000014 2104.0000000000041 32226.900000000005 5437.2000000000007 25.225000000000005 2421.5499999999979 3.5700000524520878 33386.839583333342 7.1325001716613778 599397.32797906268 14403.493124999999 0.13541666666666671 422.58697368421059 417.69184210526322 98.750000000000014 62.250000000000007 18.050000000000004 34824.000000000007 81.250000000000014 1.0000000180025095e-35 21.250000000000004 99.250000000000014 26.825000000000006 929.00200000000007 1939.950000000001 0.16319444444444445 14294.150000000003 104.75000000000001 0.58680555555555569 36.750000000000007 27.725000000000005 1.0000000180025095e-35 85.250000000000014 638131.22696875012 1458.4250000000002 2.9424999952316289 1.0660000000000003
decision_type=2 2 2 2 2 2 2 2 2 2 2 2 2 2 2 2 2 2 2 2 2 2 2 2 2 2 2 2 2 2 2 2 2 2 2 2 2 2 2 2 2 2 2 2 2 2 2 2 2 2 2 2 2 2
left_child=1 4 3 11 29 6 8 21 9 47 -10 12 -2 19 -13 23 -17 -5 49 20 -4 -8 -20 24 52 28 -21 45 -25 30 34 32 -32 -18 36 -36 37 -1 39 40 -39 42 -42 -22 -9 -24 -38 -6 -28 -3 -7 -19 -16 -37
right_child=2 18 13 17 5 50 7 44 10 -11 -12 14 -14 -15 15 16 33 51 22 26 43 -23 27 25 -26 -27 48 -29 -30 -31 31 -33 -34 -35 35 53 46 38 -40 -41 41 -43 -44 -45 -46 -47 -48 -49 -50 -51 -52 -53 -54 -55
leaf_value=0.00045891352658896642 -0.00078955527800863017 -2.4860715052759854e-05 3.4532894925496645e-05 -0.00024785227656423826 0.00017760141666476299 2.6636164833273918e-06 -2.087712104957088e-05 -9.0020473549778724e-06 2.7793686168285643e-06 -0.0012919629648078718 0.00010649535961603056 -0.00070102012308872444 0.0001930909869921353 8.7976473586463746e-06 -0.0012313855460834642 0.00087699046717363823 -9.3389270824001124e-06 -0.016407398155225902 3.2290348651220804e-06 0.00040156126221262681 -7.7117162714211148e-06 0.00039675761538118668 -0.00013449631612830884 -7.0562389737570809e-05 -0.00022298997934724161 -0.0011356891421892797 3.8774517519954582e-06 1.89130534836315e-06 6.7431724356625529e-05 0.0024123013681951722 1.1488309966371199e-06 0.00057945689984743648 -0.0001290909068521862 2.4517677378929037e-05 6.1341612162477848e-05 0.0017900016623795987 0.0010833532488371404 0.0008399371383226434 0.00026406130546023735 -0.00064820071990826791 0.00018758070218492226 -0.00071617553024673269 -2.1766222234644835e-05 -1.2165602536000872e-05 -7.5431735443365512e-05 -6.537811204694472e-06 0.0015341472997791583 -0.00067786376261107912 -6.1869766583479451e-06 -8.1987059246353903e-05 1.7476178627867184e-05 -0.0020219040568420859 -0.0022284468134578538 0.00053427595706531596
leaf_weight=20 36 22 37 23 24 20 29 29 24 21 30 33 34 32 22 21 20 24 20 20 23 31 32 22 33 20 21 20 31 21 25 21 21 22 32 20 22 20 28 28 23 28 21 23 35 21 20 26 21 28 24 27 20 26
leaf_count=20 36 22 37 23 24 20 29 29 24 21 30 33 34 32 22 21 20 24 20 20 23 31 32 22 33 20 21 20 31 21 25 21 21 22 32 20 22 20 28 28 23 28 21 23 35 21 20 26 21 28 24 27 20 26
internal_value=-8.35149e-05 0.000320197 -0.000663717 -0.00121134 0.000665172 -1.70648e-05 -0.000421687 -0.00145161 0.0006 -0.000633803 0.00222222 -0.000796178 0.000714286 0.000536723 -0.00122951 -0.000876777 0.000555556 -0.00297297 -0.00129371 3.44828e-05 -0.000903614 0.000166667 -0.000483871 -0.00148649 -0.00246667 -0.000479452 0.00129032 -0.00116438 0.000471698 0.00119681 0.00105634 -0.000373134 -0.00152174 -0.000714286 0.00138889 0.0024359 0.001 0.000535714 0.000202703 -0.000333333 0.000434783 -0.000277778 0.00113636 -0.0026087 -0.00296875 -0.00198113 0.00285714 0.0006 0.000238095 -0.0028 0.00227273 -0.00401961 -0.00404762 0.00391304
internal_weight=1377 812 565 388 669 293 249 124 125 71 54 314 70 177 244 211 63 74 143 145 83 60 93 148 75 73 62 73 53 376 355 67 46 42 288 78 210 168 148 120 92 72 44 46 64 53 42 50 42 50 44 51 42 46
internal_count=1377 812 565 388 669 293 249 124 125 71 54 314 70 177 244 211 63 74 143 145 83 60 93 148 75 73 62 73 53 376 355 67 46 42 288 78 210 168 148 120 92 72 44 46 64 53 42 50 42 50 44 51 42 46
is_linear=0
shrinkage=0.005


Tree=37
num_leaves=54
num_cat=0
split_feature=72 43 2 67 34 60 94 19 73 2 98 34 90 17 22 62 90 31 41 22 95 90 16 16 43 66 64 77 77 65 30 2 67 67 73 42 39 41 60 78 32 39 93 2 88 19 73 34 83 5 17 14 2
split_gain=9.83085 14.1228 13.7434 10.7337 11.1088 9.28301 9.1365 7.95561 12.8069 8.41297 7.95316 11.5314 7.38537 9.50839 7.67103 7.0371 8.13702 7 8 6.67482 9.28765 8.63715 6.93333 8.54222 6.25691 7 6.65025 6.20406 5.96737 5.95838 5.84756 5.5898 6.03295 7.64976 5.14995 5.10433 5.65998 5.08577 8.15515 4.86501 4.45269 4.3838 6.79234 4.26087 4.06097 3.92567 3.88889 3.6 3.33993 3.01385 2.5 1.8383 0.409756
threshold=1365.6245000000001 79.764999389648452 2604.8000000000006 29102.100000000002 101.75000000000001 1602.2500000000002 476189.18405906262 262.35000000000008 880.20000000000016 2523.2500000000005 0.65625000000000011 80.250000000000014 863.00235000000009 190.45000000000002 71.250000000000014 1500.4775000000002 1260.3559500000003 8.2750000000000021 85.750000000000014 90.250000000000014 1.0000000180025095e-35 3011.1952500000007 5379.2000000000007 6545.3000000000011 73.024997711181655 1465.6000000000001 1276.5000000000002 4241.2202333604637 4481.2233847935731 31990.250000000004 67.250000000000014 2824.6500000000001 32852.55000000001 30692.000000000004 0.99950000000000017 99.950000762939467 225.25000000000003 56.250000000000007 1493.4000000000003 1468.2252187500001 210.75000000000003 199.25000000000003 414.88486842105266 2433.3000000000006 4929.6054166666672 1094.3500000000001 337.61300000000006 81.250000000000014 1939.950000000001 6293.0150000000003 208.85000000000002 16395.050000000003 3225.2000000000003
decision_type=2 2 2 2 2 2 2 2 2 2 2 2 2 2 2 2 2 2 2 2 2 2 2 2 2 2 2 2 2 2 2 2 2 2 2 2 2 2 2 2 2 2 2 2 2 2 2 2 2 2 2 2 2
left_child=3 10 5 4 15 43 44 8 9 -8 24 45 17 14 -14 16 40 18 -9 20 28 22 -21 34 25 26 -2 29 35 46 -18 39 33 -33 -24 -16 41 51 -39 49 -1 42 -37 -3 -5 -12 -15 -25 -32 -4 -7 -26 -43
right_child=1 2 31 6 -6 50 7 12 -10 -11 11 -13 13 27 19 -17 30 -19 -20 21 -22 -23 23 47 37 -27 -28 -29 -30 -31 48 32 -34 -35 -36 36 -38 38 -40 -41 -42 52 -44 -45 -46 -47 -48 -49 -50 -51 -52 -53 -54
leaf_value=-0.00019133548703021208 -0.00045747872032158215 -0.0008230088608512236 3.1941681318009488e-05 0.00077590857444893337 -0.0034916769035649256 1.4512566201125709e-05 -0.0010436883358953062 1.3183403595530962e-05 0.0012570349037904849 0.00099708448920470569 0.00070910841488956255 -0.00046640431564700589 2.8619560088168781e-05 0.0015312838902838953 -9.4867484215579416e-07 0.0024722553512493664 8.7833353327297003e-06 -0.00070828826595234929 -0.00012956033953102534 7.0253042036288758e-06 0.00067687899192013295 6.7504399119871534e-05 -8.826352305381168e-05 5.7916362172801665e-06 -0.0019256092560710914 -0.00069550072493901782 0.0002202617812478832 -4.7543174261524929e-06 8.2588925818512443e-06 -7.9278994231688879e-07 0.0022519093886999241 1.9832278379986527e-06 1.3707831955980872e-05 -3.1583931999824178e-05 -0.00016534478262375668 -0.00084498727986382055 -1.1478069429117414e-06 -0.0012361317761033803 3.9621612639295218e-06 2.6244860901063282e-06 0.00041200678560078996 -2.3460209272021098e-05 -7.3061837802031935e-06 -0.029841572411925685 1.7375884843767724e-05 -3.9495987080556105e-06 0.00047579690302202603 -2.4653486366002934e-07 0.00013229260183655241 0.00018211428362730403 -0.00013098848159926962 -0.00099999428483037557 -1.0964035868327069e-05
leaf_weight=27 29 23 22 22 21 20 26 25 28 34 21 34 35 35 20 20 25 20 25 27 36 20 21 20 27 20 21 30 22 26 34 36 23 38 29 22 25 30 25 31 22 21 35 23 25 20 28 20 28 20 20 20 20
leaf_count=27 29 23 22 22 21 20 26 25 28 34 21 34 35 35 20 20 25 20 25 27 36 20 21 20 27 20 21 30 22 26 34 36 23 38 29 22 25 30 25 31 22 21 35 23 25 20 28 20 28 20 20 20 20
internal_value=-0.000148874 -0.000705765 0.000117187 0.000171625 0.00127119 -0.00151163 -0.000107604 -0.000261538 0.00113636 -0.000166667 -0.0015587 -0.0002 -0.000480427 -0.000264228 -0.000656836 0.00173077 0.00132353 -0.002 -0.001 -0.000887574 -0.00146766 -3.64964e-05 -0.000555556 -0.00122222 -0.00215116 -0.001 0 0.000966387 -0.0019697 0.00162921 0.00224138 0.000941176 0.000154639 -0.000540541 -0.0026 -0.00234266 -0.00272358 -0.00294118 -0.00190909 0.0019863 -0.000306122 -0.00326531 -0.00236842 -0.00304348 0.00202128 0.00158537 0.00246032 0.0005 0.00306452 0.00309524 0.00025 -0.00414894 -0.0045122
internal_weight=1377 503 256 874 177 86 697 650 88 60 247 75 562 492 373 156 136 70 50 338 201 137 117 90 172 70 50 119 165 89 87 170 97 74 50 143 123 102 55 73 49 98 57 46 47 41 63 40 62 42 40 47 41
internal_count=1377 503 256 874 177 86 697 650 88 60 247 75 562 492 373 156 136 70 50 338 201 137 117 90 172 70 50 119 165 89 87 170 97 74 50 143 123 102 55 73 49 98 57 46 47 41 63 40 62 42 40 47 41
is_linear=0
shrinkage=0.005


end of trees

feature_importances:
wind_speed_hanoi=59
load_lag_336=47
load_central_mw=43
load_rolling_std_24h=43
direct_radiation_hanoi=42
smp_north_lag_336=41
cloud_cover_hanoi=37
diffuse_radiation_danang=37
disp_total_evening_mw=36
wind_speed_hcmc=36
humidity_danang=35
load_ramp_lag48=35
disp_hydro_midday_mw=34
disp_solar_midday_mw=34
temperature_hanoi=34
load_rolling_std_72h=33
disp_wind_evening_mw=32
brent_price=32
disp_total_midday_mw=31
humidity_hcmc=31
load_south_mw=30
load_north_mw=29
cloud_cover_hcmc=29
diffuse_radiation_hcmc=29
disp_wind_midday_mw=28
smp_lag_336=28
cloud_cover_danang=27
load_lag_96=27
shortwave_radiation_hcmc=26
margin_temp_interaction=26
hydro_total_discharge_m3s=25
hydro_inflow_m3s=24
hydro_spill_discharge_m3s=24
wind_speed_danang=24
load_lag_50=24
smp_rolling_std_24h=24
humidity_hanoi=23
smp_rolling_std_72h=23
hydro_discharge_rolling_24h=23
load_total_mw=22
hydro_water_level_m=22
disp_hydro_evening_mw=22
diffuse_radiation_hanoi=22
shortwave_radiation_danang=22
direct_radiation_danang=22
gas_proxy_price=22
smp_south_lag_336=22
temperature_hcmc=21
dxy_index=21
residual_load_proxy=21
disp_solar_evening_mw=20
shortwave_radiation_hanoi=20
smp_lag_49=20
smp_lag_50=20
smp_lag_96=20
smp_yesterday_zero_ratio=20
wind_gen_proxy=20
smp_rolling_mean_72h=19
coal_proxy_price=18
smp_rolling_mean_24h=18
smp_north_lag_48=17
smp_south_lag_48=17
temperature_danang=16
direct_radiation_hcmc=16
hydro_plant_discharge_m3s=15
smp_lag_48=15
thermal_margin_proxy=15
price_spread_ns_lag48=14
solar_gen_proxy=14
hydro_depletion_index=14
load_rolling_mean_24h=13
spike_prob_24h=13
usd_vnd=11
spike_prob_72h=11
zero_prob_72h=11
load_lag_48=10
load_rolling_mean_72h=9
is_spike=9
sin_dow=7
cos_month=7
smp_yesterday_max=7
cos_dow=6
smp_yesterday_mean=6
is_zero=6
smp_yesterday_min=4
sin_month=3
season=2
load_lag_49=2
zero_prob_24h=1

parameters:
[boosting: gbdt]
[objective: regression_l1]
[metric: l1]
[tree_learner: serial]
[device_type: cpu]
[data_sample_strategy: bagging]
[data: ]
[valid: ]
[num_iterations: 3000]
[learning_rate: 0.005]
[num_leaves: 127]
[num_threads: -1]
[seed: 42]
[deterministic: 0]
[force_col_wise: 0]
[force_row_wise: 0]
[histogram_pool_size: -1]
[max_depth: -1]
[min_data_in_leaf: 20]
[min_sum_hessian_in_leaf: 0.001]
[bagging_fraction: 0.8]
[pos_bagging_fraction: 1]
[neg_bagging_fraction: 1]
[bagging_freq: 5]
[bagging_seed: 400]
[bagging_by_query: 0]
[feature_fraction: 0.5]
[feature_fraction_bynode: 1]
[feature_fraction_seed: 30056]
[extra_trees: 0]
[extra_seed: 12879]
[early_stopping_round: 0]
[early_stopping_min_delta: 0]
[first_metric_only: 0]
[max_delta_step: 0]
[lambda_l1: 0]
[lambda_l2: 0]
[linear_lambda: 0]
[min_gain_to_split: 0]
[drop_rate: 0.1]
[max_drop: 50]
[skip_drop: 0.5]
[xgboost_dart_mode: 0]
[uniform_drop: 0]
[drop_seed: 17869]
[top_rate: 0.2]
[other_rate: 0.1]
[min_data_per_group: 100]
[max_cat_threshold: 32]
[cat_l2: 10]
[cat_smooth: 10]
[max_cat_to_onehot: 4]
[top_k: 20]
[monotone_constraints: ]
[monotone_constraints_method: basic]
[monotone_penalty: 0]
[feature_contri: ]
[forcedsplits_filename: ]
[refit_decay_rate: 0.9]
[cegb_tradeoff: 1]
[cegb_penalty_split: 0]
[cegb_penalty_feature_lazy: ]
[cegb_penalty_feature_coupled: ]
[path_smooth: 0]
[interaction_constraints: ]
[verbosity: -1]
[saved_feature_importance_type: 0]
[use_quantized_grad: 0]
[num_grad_quant_bins: 4]
[quant_train_renew_leaf: 0]
[stochastic_rounding: 1]
[linear_tree: 0]
[max_bin: 255]
[max_bin_by_feature: ]
[min_data_in_bin: 3]
[bin_construct_sample_cnt: 200000]
[data_random_seed: 175]
[is_enable_sparse: 1]
[enable_bundle: 1]
[use_missing: 1]
[zero_as_missing: 0]
[feature_pre_filter: 1]
[pre_partition: 0]
[two_round: 0]
[header: 0]
[label_column: ]
[weight_column: ]
[group_column: ]
[ignore_column: ]
[categorical_feature: ]
[forcedbins_filename: ]
[precise_float_parser: 0]
[parser_config_file: ]
[objective_seed: 16083]
[num_class: 1]
[is_unbalance: 0]
[scale_pos_weight: 1]
[sigmoid: 1]
[boost_from_average: 1]
[reg_sqrt: 0]
[alpha: 0.9]
[fair_c: 1]
[poisson_max_delta_step: 0.7]
[tweedie_variance_power: 1.5]
[lambdarank_truncation_level: 30]
[lambdarank_norm: 1]
[label_gain: ]
[lambdarank_position_bias_regularization: 0]
[eval_at: ]
[multi_error_top_k: 1]
[auc_mu_weights: ]
[num_machines: 1]
[local_listen_port: 12400]
[time_out: 120]
[machine_list_filename: ]
[machines: ]
[gpu_platform_id: -1]
[gpu_device_id: -1]
[gpu_use_dp: 0]
[num_gpu: 1]

end of parameters

pandas_categorical:null
