tree
version=v4
num_class=1
num_tree_per_iteration=1
label_index=0
max_feature_idx=100
objective=regression_l1
feature_names=load_total_mw load_north_mw load_central_mw load_south_mw hydro_inflow_m3s hydro_total_discharge_m3s hydro_plant_discharge_m3s hydro_spill_discharge_m3s hydro_water_level_m disp_total_installed_mw disp_total_midday_mw disp_total_evening_mw disp_hydro_installed_mw disp_hydro_midday_mw disp_hydro_evening_mw disp_solar_installed_mw disp_solar_midday_mw disp_solar_evening_mw disp_wind_installed_mw disp_wind_midday_mw disp_wind_evening_mw temperature_hanoi humidity_hanoi cloud_cover_hanoi wind_speed_hanoi shortwave_radiation_hanoi direct_radiation_hanoi diffuse_radiation_hanoi temperature_danang humidity_danang cloud_cover_danang wind_speed_danang shortwave_radiation_danang direct_radiation_danang diffuse_radiation_danang temperature_hcmc humidity_hcmc cloud_cover_hcmc wind_speed_hcmc shortwave_radiation_hcmc direct_radiation_hcmc diffuse_radiation_hcmc coal_proxy_price brent_price gas_proxy_price usd_vnd dxy_index is_weekend is_workday is_holiday is_tet is_pre_holiday is_post_holiday season sin_hour cos_hour sin_dow cos_dow sin_month cos_month smp_lag_48 load_lag_48 smp_lag_49 load_lag_49 smp_lag_50 load_lag_50 smp_lag_96 load_lag_96 smp_lag_336 load_lag_336 smp_north_lag_48 smp_south_lag_48 smp_north_lag_336 smp_south_lag_336 smp_rolling_mean_24h smp_rolling_std_24h load_rolling_mean_24h load_rolling_std_24h smp_rolling_mean_72h smp_rolling_std_72h load_rolling_mean_72h load_rolling_std_72h price_spread_ns_lag48 load_ramp_lag48 smp_yesterday_mean smp_yesterday_max smp_yesterday_min smp_yesterday_zero_ratio hydro_discharge_rolling_24h solar_gen_proxy wind_gen_proxy residual_load_proxy thermal_margin_proxy hydro_depletion_index margin_temp_interaction is_spike is_zero spike_prob_24h spike_prob_72h zero_prob_24h zero_prob_72h
feature_infos=[16738.400000000001:43669.699999999997] [8141:23529.633000000002] [1030.2:4920.1390000000001] [6568.3000000000002:17620.469000000001] [-24696.790000000001:52718.32] [261.23000000000002:27182.77] [243.56999999999999:14362.75] [11.359999999999999:15398] [386.1925:23252.132105263157] none [14491.4:47673.900000000001] [19152.799999999999:47033.400000000001] none [-3952.3000000000002:18862.5] [6035.6999999999998:23435.200000000001] none [0:8134.5] [0:344.30000000000001] none [0:4273.1999999999998] [0:4263.3999999999996] [7.5:32.299999999999997] [31:99] [0:100] [0.55000000000000004:30.25] [3.5:282] [0:208.5] [3.5:150.5] [16.050000000000001:33.25] [52:99.5] [0:100] [0.80000000000000004:50] [7:306.5] [0:234] [7:146] [20.600000000000001:31.300000000000001] [56:98] [0:100] [0.5:24] [16:265] [0:198] [16:133.5] [63.700000762939453:438.35000610351562] [55.099998474121087:127.98000335693359] [1.5750000476837158:9.6800003051757795] [22394.345703125:26405] [89.639999389648438:114.11000061035156] [0:1] [0:1] [0:1] [0:1] [0:1] [0:1] [1:4] none none [-0.97492791218182362:0.97492791218182362] [-0.90096886790241903:1] [-1:1] [-1:1] [0:1778.5999999999999] [16738.400000000001:43669.699999999997] [0:1778.5999999999999] [16515.5:40602.099999999999] [0:1778.5999999999999] [15251.9:39424.300000000003] [0:1778.5999999999999] [16738.400000000001:43669.699999999997] [0:1778.5999999999999] [16738.400000000001:43669.699999999997] [0:1778.5999999999999] [0:1778.5999999999999] [0:1778.5999999999999] [0:1778.5999999999999] [0:1778.5999999999999] [0:869.78656539635756] [15840.402083333332:48300.345833333326] [1494.0634266859377:7412.3475695858406] [0.069944444444444434:1778.5999999999999] [0:822.68470809772941] [15990.384722222221:45267.230555555558] [2009.5728777065494:7328.5193476692311] [-1602.3:1778.5999999999999] [-2000.7000000000007:5250.3000000000029] [0:1778.5999999999999] [0:1778.5999999999999] [0:1778.5999999999999] [0:1] [919.52208333333328:41870.738333333335] [112.0236:1855.3908750000001] [124.17300000000002:5960.3040000000001] [13767.265887500002:40395.97834999999] [13155.821650000013:39784.534112499998] [386.1925:23252.132105263157] [371342.92174875003:1122197.6812312501] [0:1] [0:1] [0:1] [0:1] [0:1] [0:1]
tree_sizes=4290 4289 4429 4714 4863 4437 4542 4655 4884 4448 4631 4788 4877 4451 4775 4461 4643 4811 4623 4767 4564 4456 4735 4537 4570 4540 4844 4612 4472 4661 4456 4558 4809 4799 4794 4520 4707 4872 4540 4573 4613 4802 4718 4891 4807 4140 4643 4882 4749 4547 4493 4795 4873 4839 4613 4785 4849 4730 4590 4698 4806 4784 4819 5145 4553 4639 4889 4736 4861 4710 4994 4729 4645 4836 4824 4892 4573 4538 4715 4808 4550 4813 4642 4706 4629 4561 4630 4674 4540 4695 4742 4803 4746 4683 4637 4732

Tree=0
num_leaves=54
num_cat=0
split_feature=72 95 84 68 69 0 0 89 24 64 20 46 92 0 40 7 7 4 77 35 25 24 42 11 40 40 20 72 71 16 38 4 43 19 14 24 93 28 20 0 62 77 16 14 28 46 30 24 4 69 43 0 0
split_gain=17.9582 24.5735 19.8265 9.5164 9.33542 9.91647 9.43651 12.3626 8.86146 8.61953 6.94286 7.54816 6.47452 6.87181 6.04665 5.87405 6.55179 8.74757 5.67475 6.56818 5.47157 8.03591 5.43763 5.36418 5.3275 8.38095 6.16026 7.41117 4.93886 4.38961 4.12481 4.07316 3.7296 3.7145 3.70256 3.69682 3.5661 3.42696 5.94657 4.96962 3.11114 3.04507 2.62074 2.57127 2.56792 4.61812 2.5 2.46094 2.01099 1.90354 1.4675 0.559424 0.254348
threshold=1463.7500000000002 1.0000000180025095e-35 1049.1252708333336 1194.1500000000003 25676.850000000002 27201.650000000005 29055.950000000001 1121.9863687500001 8.4750000000000032 747.50000000000011 2419.3000000000006 96.439998626708999 19317.882162500009 30317.850000000002 75.250000000000014 3836.6400000000003 31.615000000000006 4042.3900000000008 4201.7201672462843 26.325000000000006 151.75000000000003 11.475000000000001 120.72499847412111 35959.700000000004 104.25000000000001 144.75000000000003 1675.5500000000002 0.92450000000000021 1142.7500000000002 5676.9000000000005 5.2750000000000012 6402.5550000000012 77.809997558593764 1065.2 13983.450000000003 6.4250000000000016 403.61159523809528 23.625000000000004 1892.7 31984.200000000004 1162.1255000000003 4400.9874293709299 6233.4000000000005 15376.750000000002 24.875000000000004 103.90000152587892 88.750000000000014 10.425000000000002 3410.5950000000007 28577.600000000002 84.895000457763686 32898.850000000013 33798.450000000004
decision_type=2 2 2 2 2 2 2 2 2 2 2 2 2 2 2 2 2 2 2 2 2 2 2 2 2 2 2 2 2 2 2 2 2 2 2 2 2 2 2 2 2 2 2 2 2 2 2 2 2 2 2 2 2
left_child=1 4 10 9 14 20 7 -7 15 -3 11 -2 -10 -14 -1 16 17 -8 19 -15 21 22 -6 -13 26 -26 27 -18 30 -21 41 -31 -20 -33 -32 -19 -30 38 -5 -39 -25 -4 -27 44 45 -38 -16 49 -45 -11 51 -46 -51
right_child=2 3 28 37 5 6 8 -9 12 47 -12 23 13 18 46 -17 24 35 32 29 -22 -23 -24 40 25 42 -28 -29 36 31 34 33 -34 -35 -36 -37 43 39 -40 -41 -42 -43 -44 48 50 -47 -48 -49 -50 52 -52 -53 -54
leaf_value=0 -0.0011265303939580918 0 0 0.0015853120386600495 -0.00026591684669256208 0 0 0.0010137662664055824 -0.0006932184472680092 0.001444547325372696 -0.0013184820115566254 -0.0011196351796388627 -0.00070423897355794904 0.0001773291826248169 0.00087679792195558546 -0.00011595876421779395 9.1312211006879811e-05 -0.00064664507284760474 0 -0.00070540551096200945 -0.0015631047636270523 -0.0010512883961200715 0.00018578039482235908 0 -0.00011109520681202412 0 0.0027710363268852235 0 0.0001088874414563179 0 0 0.0025305268168449402 -0.0011280507966876031 0 0 0 -0.00012408681213855744 0 0 0 0 -0.00080558467656373974 0.0016676013171672821 6.672046729363501e-06 0 0 0.0015789118781685829 0.00051275156438350682 0 0.0018007200211286546 0 0 0.0029269841313362124
leaf_weight=23 22 20 27 21 20 27 38 38 32 21 35 29 28 33 20 32 29 22 26 22 28 20 21 29 33 23 26 23 21 35 26 22 22 20 39 21 21 22 20 39 25 20 21 22 20 20 20 21 25 26 20 31 20
leaf_count=23 22 20 27 21 20 27 38 38 32 21 35 29 28 33 20 32 29 22 26 22 28 20 21 29 33 23 26 23 21 35 26 22 22 20 39 21 21 22 20 39 25 20 21 22 20 20 20 21 25 26 20 31 20
internal_value=3.29188e-05 0.00042246 -0.000810185 0.00192857 -1.37931e-05 -0.000188822 5.2356e-05 0.00184615 -0.000177165 0.00296296 -0.00235714 -0.00171429 -0.000875 -0.000552885 0.0018254 0.000447761 0.000720339 -0.000432099 -0.000194444 0.000340909 -0.00174157 -0.000901639 0.000365854 -0.0010241 0.00132258 0.00038961 0.00224359 0.00125 -6.84932e-05 -0.00030303 -0.000892857 0.00025974 -0.00166667 0.00130952 -7.69231e-05 -0.00197674 0.000444444 0.000833333 0.00195122 8.19672e-05 -9.25926e-05 -0.00202128 0.00181818 0.000188679 -0.000223214 -0.00121951 0.003 0.00363636 0.00117021 0.00410448 0.000352113 -9.80392e-05 0.00467391
internal_weight=1367 935 432 210 725 662 573 65 508 108 140 105 240 208 63 268 236 81 180 132 89 61 41 83 155 77 78 52 292 99 112 77 48 42 65 43 180 102 41 61 54 47 44 159 112 41 40 88 47 67 71 51 46
internal_count=1367 935 432 210 725 662 573 65 508 108 140 105 240 208 63 268 236 81 180 132 89 61 41 83 155 77 78 52 292 99 112 77 48 42 65 43 180 102 41 61 54 47 44 159 112 41 40 88 47 67 71 51 46
is_linear=0
shrinkage=0.005


Tree=1
num_leaves=51
num_cat=0
split_feature=51 41 72 64 70 81 1 1 77 70 20 19 41 72 74 8 19 77 78 19 41 22 97 5 83 22 4 13 29 90 83 64 1 30 97 83 40 53 14 41 0 20 14 19 3 78 10 16 1 16
split_gain=17.102 12.3695 11.5525 22.8584 11.2862 8.73766 8.25114 9.25701 7.30014 8.81262 9.62552 8.62178 6.89036 9.80171 8.12722 7.01524 6.95652 6.49343 7.18707 6.42408 6.30538 6.04474 6.22593 5.91852 5.52995 7.14489 6.63529 8.08831 5.47014 5.18936 4.76302 4.73297 4.72107 4.91797 4.21495 3.93187 6.15779 3.66276 3.49469 3.44377 3.43507 3.38182 3.24386 3.14815 2.96609 2.93261 2.33654 2.19629 1.83995 1.33636
threshold=1.0000000180025095e-35 116.00000000000001 793.15600000000006 972.70600000000013 718.46600000000012 3864.4458094426109 14281.300000000001 13383.550000000001 3963.7243955505542 0.92250000000000021 1469.0000000000002 815.80000000000007 82.250000000000014 1296.0300000000002 867.45457291666673 404.78390873015877 2020.6000000000001 3652.3846287556626 612.36900000000014 394.45000000000005 93.250000000000014 86.750000000000014 0.072916666666666671 10624.590000000002 2583.8999999999983 94.750000000000014 2825.2900000000004 2336.3000000000006 82.250000000000014 1645.2922500000004 2116.9000000000001 1357.0430000000003 13991.200000000003 99.750000000000014 0.55208333333333337 2104.0000000000041 129.75000000000003 2.5000000000000004 13787.850000000002 87.750000000000014 30317.850000000002 892.45000000000016 13708.200000000003 919.00000000000011 14126.700000000003 1340.5126145833335 31014.350000000002 5437.2000000000007 14262.000000000002 6233.4000000000005
decision_type=2 2 2 2 2 2 2 2 2 2 2 2 2 2 2 2 2 2 2 2 2 2 2 2 2 2 2 2 2 2 2 2 2 2 2 2 2 2 2 2 2 2 2 2 2 2 2 2 2 2
left_child=1 2 4 6 8 -2 7 19 17 10 11 37 13 15 -15 44 40 18 29 -4 28 30 -23 -13 25 26 27 -16 47 -1 -8 -28 -14 42 46 -19 -37 -10 -36 -31 -17 -9 -34 -30 -5 -40 -33 -6 -47 -42
right_child=5 -3 3 12 20 -7 21 41 9 -11 -12 23 32 14 24 16 -18 35 -20 -21 -22 22 -24 -25 -26 -27 31 -29 43 39 -32 34 33 -35 38 36 -38 -39 45 -41 49 -43 -44 -45 -46 48 -48 -49 -50 -51
leaf_value=0.0029841160250827672 0 -0.00079657516609877351 -0.00065511587345972648 0.00010647389609366655 0.0019392483606934547 -0.0032673091199249028 -0.00050755525548011062 -0.0014331539891660214 0 -0.0003839495719177649 -0.00085210748016834265 0.00097335138116031892 -7.8945593908429147e-06 -0.00022586153820157052 0 0.00046447217594832184 0 0.00041302351281046867 -0.00014523120597004891 5.5981758981943141e-06 0 -0.00031631804774515327 6.0952929779887205e-06 2.777380170300603e-07 6.204340606927872e-07 7.6941572799114503e-06 -6.0126706957817074e-06 -7.727517513558268e-06 0.0016701178670860829 0 0 0.00033683462068438528 0 0 0 -6.5545975696295495e-06 3.5270275548100473e-06 -1.0471623344346882e-05 0 0.00011198284104466439 0.0012618519198149441 -0.00080191887263208626 -0.00037830974142998459 1.1906301544513555e-06 -2.5637578219175342e-06 0 0 0.0018371781183406711 6.204340606927872e-07 0.0015125714575871827
leaf_weight=29 20 39 20 20 23 35 29 31 21 32 39 34 21 33 34 28 20 32 25 26 32 24 30 38 33 33 29 27 34 27 27 24 30 22 25 20 23 23 20 23 24 24 27 20 21 20 26 29 21 20
leaf_count=29 20 39 20 20 23 35 29 31 21 32 39 34 21 33 34 28 20 32 25 26 32 24 30 38 33 33 29 27 34 27 27 24 30 22 25 20 23 23 20 23 24 24 27 20 21 20 26 29 21 20
internal_value=9.50988e-05 0.000209604 0.00029458 -9.10273e-05 0.000882937 -0.00263636 -0.00149289 -0.00252475 0.000423497 -0.00026738 0.000225806 0.000948276 0.000439068 0.00069869 0.000230769 0.00184211 0.0026087 0.00114525 0.000336538 -0.000869565 0.00210145 -0.000545455 0.000648148 0.00201389 0.000496575 0.000250965 -6.63717e-05 -0.00147541 0.00268868 0.00107595 -0.00169643 0.000454545 -0.00075 -0.000189873 0.000845588 0.00226667 0.00127907 -0.000795455 0.000174419 0.0001 0.00333333 -0.00390909 -0.000964912 0.00157407 0.000121951 0.000819672 0.002 0.00384615 0.00158537 0.00420455
internal_weight=1367 1312 1273 769 504 55 211 101 366 187 155 116 558 458 325 133 92 179 104 46 138 110 54 72 292 259 226 61 106 79 56 165 100 79 136 75 43 44 86 50 72 55 57 54 41 61 50 52 41 44
internal_count=1367 1312 1273 769 504 55 211 101 366 187 155 116 558 458 325 133 92 179 104 46 138 110 54 72 292 259 226 61 106 79 56 165 100 79 136 75 43 44 86 50 72 55 57 54 41 61 50 52 41 44
is_linear=0
shrinkage=0.005


Tree=2
num_leaves=51
num_cat=0
split_feature=69 0 72 66 64 98 100 100 66 13 3 89 95 72 0 69 99 80 0 84 8 66 46 91 3 30 22 76 26 26 27 100 23 94 30 8 78 35 77 19 5 19 97 64 40 91 72 84 97 22
split_gain=12.2014 18.5725 10.2338 15.9202 10.1117 8.405 10.2116 9.0505 7.92668 7.87768 7.34352 7.32239 7.17461 14.1456 6.98519 9.61957 6.57618 10.2588 6.49351 6.48148 6.42763 6.05968 7.63788 8.02933 8.40339 6.18921 7.05559 6.3119 6.01903 6.27539 6.26957 5.78137 5.71332 5.65058 5.64062 5.01951 4.96312 6.4232 6.16333 4.37871 5.68116 3.98629 3.80037 3.76227 3.42909 2.93492 2.78526 3.26426 2.51386 2.5
threshold=26056.050000000007 27201.650000000005 1466.7500000000002 1047.5920000000003 995.05500000000018 0.62847222222222232 0.27430555555555564 0.51041666666666674 1.0160000000000002 2481.7000000000003 13144.800000000001 1156.9937437500002 1.0000000180025095e-35 929.85000000000002 31889.350000000002 33541.150000000009 0.28125000000000006 31691.458680555555 30160.250000000004 935.03682291666678 421.07184210526322 882.09800000000007 97.364997863769545 27112.117218750005 16218.660500000002 70.250000000000014 84.250000000000014 36392.461458333339 42.250000000000007 12.250000000000002 20.750000000000004 1.0000000180025095e-35 98.750000000000014 598205.7565903127 94.750000000000014 419.22645448079669 1607.6762291666666 26.175000000000004 3984.9532746945038 468.35000000000008 5657.9100000000008 1356.8500000000001 0.34375000000000006 940.78400000000011 94.750000000000014 28221.713331250005 955.63250000000005 1304.2810208333337 0.51041666666666685 87.750000000000014
decision_type=2 2 2 2 2 2 2 2 2 2 2 2 2 2 2 2 2 2 2 2 2 2 2 2 2 2 2 2 2 2 2 2 2 2 2 2 2 2 2 2 2 2 2 2 2 2 2 2 2 2
left_child=20 8 3 10 14 6 9 19 -2 44 11 -3 13 21 -4 -16 17 -10 -13 -8 39 22 -12 -24 25 49 -27 41 29 30 35 -30 -29 -15 -7 -6 37 38 -32 40 -1 -28 -33 -11 -5 -41 -45 -48 -31 -25
right_child=1 2 4 5 28 34 7 -9 16 43 12 18 -14 33 15 -17 -18 -19 -20 -21 -22 -23 23 24 -26 26 27 32 31 48 36 42 -34 -35 -36 -37 -38 -39 -40 45 -42 -43 -44 46 -46 -47 47 -49 -50 -51
leaf_value=0.00042446150015387687 4.0457141259685151e-07 -1.6097337610059187e-05 -0.0012114143828158266 0.00015783844046201559 -0.00036023823027434259 8.6126688234508048e-05 1.4595352638280019e-06 9.9007913842797295e-06 0 2.5377762774005533e-06 0.0007154702195922727 0.00082053793510398836 0.00051419740092474976 -1.97199421976693e-05 4.0035206405445933e-06 -0.0012188507402976975 -0.0044230503415036947 -0.00082890810295939454 1.0514475302770732e-06 -7.9265601933002473e-06 -5.9748115312540899e-06 1.4631868045544256e-06 0.00044737781296053439 -3.4659372349269695e-06 3.4647035462548955e-06 -0.00014450504994019866 0.0034560934606762605 -0.0011687659177132301 0 -2.4221306666731835e-05 5.473460488487035e-05 1.1293076910078526e-06 -8.8175688870251177e-09 -0.00091240641052927826 -3.6068701473996047e-06 0 0 8.7487087585031996e-07 -3.1021703034639362e-09 0.0011264159488459117 -1.2734578945208341e-05 -3.8468459388241206e-08 0 0.0023814695292571557 -2.994000801350921e-06 0.00084785026935860512 0.0003488118075300008 3.5180926974862815e-06 0 -0.0013465606462676077
leaf_weight=23 26 23 36 21 20 32 36 25 39 25 20 35 33 22 20 21 27 33 20 27 21 39 29 20 29 23 21 24 21 23 20 21 34 35 32 21 31 32 30 36 27 20 38 31 20 20 28 25 32 20
leaf_count=23 26 23 36 21 20 32 36 25 39 25 20 35 33 22 20 21 27 33 20 27 21 39 29 20 29 23 21 24 21 23 20 21 34 35 32 21 31 32 30 36 27 20 38 31 20 20 28 25 32 20
internal_value=9.87564e-05 -5.24194e-05 0.000152466 0.000487316 -0.000532787 0.00137417 0.00180672 0.000454545 -0.00188 0.0026 -0.000111857 0.00128205 -0.000406504 -0.000625 -0.00214286 -0.000731707 -0.00252525 -0.00173611 0.00227273 -0.000555556 0.0015748 -0.00016129 -0.000458333 -0.000727273 -0.00109948 -0.00154321 -0.000983607 -0.00040404 -0.000103806 -0.000550239 -3.24675e-05 0.0010625 -0.00146552 -0.00289474 -0.000234375 -0.00170732 0.000575221 0.00121951 0.0001 0.00207547 0.001 0.00109756 0.00186441 0.00330275 0.000731707 0.00303571 0.00380952 0.00311321 -0.002 -0.00325
internal_weight=1367 1240 1115 749 366 302 238 88 125 150 447 78 369 336 77 41 99 72 55 63 127 279 240 220 191 162 122 99 289 209 154 80 58 57 64 41 113 82 50 106 50 41 59 109 41 56 84 53 55 40
internal_count=1367 1240 1115 749 366 302 238 88 125 150 447 78 369 336 77 41 99 72 55 63 127 279 240 220 191 162 122 99 289 209 154 80 58 57 64 41 113 82 50 106 50 41 59 109 41 56 84 53 55 40
is_linear=0
shrinkage=0.005


Tree=3
num_leaves=53
num_cat=0
split_feature=51 35 35 41 21 81 31 81 19 34 38 66 19 35 46 75 47 69 86 46 81 31 80 33 46 32 75 32 30 30 33 17 7 69 37 69 31 17 30 19 80 13 68 24 93 24 31 42 14 61 17 19
split_gain=14.1475 11.8469 15.3301 10.4354 8.62548 8.58766 7.63962 12.9435 11.3901 11.7821 9.54058 9.08625 9.88581 10.6351 8.82559 9.98541 13.9734 7.97049 7.78428 7.44866 7.2654 7.13706 7.008 7.47501 6.93333 6.93321 6.6815 6.41552 6.21981 10.6648 7.60852 8.57143 7.92284 6.26613 6.56696 6.25108 6.21305 6.60723 6.19478 6.13814 6.00045 5.79726 5.63653 5.47832 5.33528 4.37576 4.28094 4.19333 3.88658 2.91255 2.68974 2.23089
threshold=1.0000000180025095e-35 23.075000000000006 24.025000000000002 49.750000000000007 14.775000000000002 3864.4458094426109 3.6750000000000003 4875.2864917962906 2864.4000000000001 75.250000000000014 4.4250000000000016 1524.6500000000003 942.9000000000002 27.125000000000004 106.02999877929689 512.70016619441014 1.0000000180025095e-35 26353.000000000004 881.34800000000007 103.60499954223634 3814.0189553576706 8.8750000000000018 28812.585763888892 137.25000000000003 102.39500045776369 295.25000000000006 397.9889480047471 272.25000000000006 12.750000000000002 77.250000000000014 16.750000000000004 6.1500000000000012 328.28000000000003 30745.100000000002 98.250000000000014 33200.05000000001 2.6750000000000007 134.55000000000004 72.250000000000014 655.6500000000002 29382.632291666672 2376.5000000000005 1425.8500000000001 5.9250000000000016 419.43315789473689 8.8250000000000028 3.2750000000000008 108.87500000000001 17151.050000000007 34040.200000000004 108.65000000000002 955.90000000000009
decision_type=2 2 2 2 2 2 2 2 2 2 2 2 2 2 2 2 2 2 2 2 2 2 2 2 2 2 2 2 2 2 2 2 2 2 2 2 2 2 2 2 2 2 2 2 2 2 2 2 2 2 2 2
left_child=1 42 24 19 -5 -2 10 8 9 17 26 14 13 -13 15 18 20 -8 22 40 -17 45 -11 50 -3 28 -6 36 -19 33 31 -31 41 -30 39 44 37 -12 -25 -35 -4 -32 -1 -38 -33 -22 -45 -9 -16 -40 -24 -18
right_child=5 2 3 4 6 -7 7 47 -10 11 27 12 -14 -15 48 16 51 25 -20 -21 21 -23 23 38 -26 -27 -28 -29 29 30 32 35 -34 34 -36 -37 43 -39 49 -41 -42 -43 -44 46 -46 -47 -48 -49 -50 -51 -52 -53
leaf_value=0.0030156220856573869 2.0722702573984863e-06 -0.00058869375977468202 -5.0674258987256325e-06 -0.00068564449624782366 1.0503931599669156e-06 -0.0032509725743252783 0.00053633113569022102 9.4568776448836077e-06 -0.0011313230559456553 6.4485087571665664e-07 3.5098442574962976e-08 6.0570719140791336e-06 -3.1021703034639362e-09 0 -1.1058358982694336e-05 3.5646919473283926e-06 3.519729878490907e-06 0.00019454601244088725 0.0001271790337486542 3.4963373634859126e-05 -0.00016377854983555155 3.4729498861415778e-08 -0.0010383677897330989 -0.00048891105501699267 -2.7367302442435175e-07 0.0020686323504494376 0.001659256664653709 -0.00021993457148415153 -0.00033848286387300989 0.00055138548475992919 6.173318903893234e-07 -0.00037489768795778504 -2.6466123717825402e-06 -5.4443720728158954e-07 -0.0003276587370095326 3.8308937115740267e-07 -0.00066661269747786108 0.0010961769818387623 0.0011073457025257366 1.1903397604306338e-06 6.5419159896904609e-06 0.00038208431274562609 2.9968705567589496e-08 -8.7952317437157043e-09 -5.1999233113019728e-09 -0.0040238386657080851 0.0011751890560671456 6.9012903397902846e-07 -5.9750721354497364e-06 -0.00039794260815318881 -1.7071516731309095e-05 0.00097402892347169922
leaf_weight=22 20 26 30 34 21 35 34 23 27 21 29 37 27 24 22 23 21 38 32 25 20 26 28 20 39 20 39 20 26 20 21 20 33 23 23 22 22 28 22 28 39 31 24 26 22 24 20 20 20 20 30 20
leaf_count=22 20 26 30 34 21 35 34 23 27 21 29 37 27 24 22 23 21 38 32 25 20 26 28 20 39 20 39 20 26 20 21 20 33 23 23 22 22 28 22 28 39 31 24 26 22 24 20 20 20 20 30 20
internal_value=0.000120702 0.000224848 0.000134281 0.000262281 0.000126468 -0.00236364 0.000205033 0 -0.000139394 -3.13283e-05 0.00107317 -0.000583524 0.000852273 0.00196721 -0.000945559 -0.000651466 0.000373134 0.000637119 -0.00144509 0.0018617 -0.000698925 -0.0015 -0.00195035 -0.00241667 -0.00223077 0.000397554 0.00275 0.00037931 0.000211726 -5.57621e-05 0.000710059 -0.000357143 0.00176471 -0.00135 -0.000608108 -0.00125 0.0008 0.00201754 -0.00120968 0.000392157 0.00101449 0.00298077 0.00271739 -0.000220588 -0.00238095 -0.00272727 0.00076087 0.00267442 -0.00309524 -0.000119048 -0.0037069 0.00280488
internal_weight=1367 1312 1266 1201 1107 55 1073 868 825 798 205 437 88 61 349 307 134 361 173 94 93 70 141 120 65 327 60 145 307 269 169 84 85 100 74 64 125 57 62 51 69 52 46 68 42 44 46 43 42 42 58 41
internal_count=1367 1312 1266 1201 1107 55 1073 868 825 798 205 437 88 61 349 307 134 361 173 94 93 70 141 120 65 327 60 145 307 269 169 84 85 100 74 64 125 57 62 51 69 52 46 68 42 44 46 43 42 42 58 41
is_linear=0
shrinkage=0.005


Tree=4
num_leaves=55
num_cat=0
split_feature=11 68 81 81 8 4 6 22 81 84 86 60 80 91 3 11 24 42 80 44 64 83 73 76 78 23 56 78 78 24 43 4 76 26 36 33 23 76 3 78 60 58 84 17 87 80 38 38 26 45 43 22 6 3
split_gain=12.2771 17.2049 16.078 10.7932 9.72025 8.47685 13.8217 9.17741 11.7737 8.46883 8.30675 11.2137 8.29303 9.20004 7.68316 7.23467 9.74303 7.75426 11.2897 10.5217 10.0042 7.20108 7.36883 9.35316 7.36549 8.40058 7.17509 7.05187 7.01821 6.87201 6.63115 6.52611 6.44848 6.17422 6.10226 7.09113 6.08444 5.71769 5.50894 5.05833 4.79275 4.5022 5.57875 4.16099 7.71429 3.91125 3.62964 3.6 3.6 3.35656 3.6 3.31325 2.96077 0.419048
threshold=34999.80000000001 1101.0000000000002 3486.0098714538781 3662.3043520400747 392.9500000000001 3635.3850000000007 2690.7200000000007 91.750000000000014 4279.3588071388913 1203.3825625000002 0.78700000000000003 1375.6500000000003 30505.344791666666 24263.070556250004 14715.200000000003 36777.700000000004 4.7750000000000012 170.97499847412112 30459.711111111119 4.0079998970031747 1511.1930000000002 2784.0499999999979 822.65600000000006 32954.375000000007 864.97609375000013 63.750000000000007 0.6078576107927941 1320.499291666667 1367.4134479166671 9.7750000000000021 85.08499908447267 3068.5150000000008 35939.445833333346 80.750000000000014 79.750000000000014 51.250000000000007 88.750000000000014 38411.80000000001 15653.840500000002 985.6137187500002 1196.7500000000002 -0.6830127018922193 917.85969791666673 145.05000000000004 0.51041666666666685 34075.42673611112 5.4250000000000016 6.0750000000000011 42.750000000000007 23439.000000000004 81.02500152587892 85.750000000000014 6142.4500000000016 13876.950000000003
decision_type=2 2 2 2 2 2 2 2 2 2 2 2 2 2 2 2 2 2 2 2 2 2 2 2 2 2 2 2 2 2 2 2 2 2 2 2 2 2 2 2 2 2 2 2 2 2 2 2 2 2 2 2 2 2
left_child=1 4 29 46 -1 6 7 8 38 49 39 -12 13 36 33 16 -7 18 19 -17 48 22 23 47 25 -25 43 -11 31 -3 -29 -13 -26 -14 -30 -36 -6 -23 -5 -8 45 -24 -43 44 -27 -18 -2 -20 -19 53 -51 -48 -42 -4
right_child=3 2 9 5 12 15 10 -9 -10 27 11 28 14 -15 -16 17 40 20 21 -21 -22 37 41 24 32 26 -28 30 34 -31 -32 -33 -34 -35 35 -37 -38 -39 -40 -41 52 42 -44 -45 -46 -47 51 -49 -50 50 -52 -53 -54 -55
leaf_value=-0.00080838308275923585 0.000121421033080978 -0.0001142786228308753 -0.0015135840237958005 -1.4980090786999442e-06 -0.0002084335142848702 -1.5291591254494749e-05 1.8137895941040595e-05 6.5597159886861916e-06 -2.1305820163658648e-05 9.8752070975969506e-05 -7.4644330691604421e-06 1.8688419013338858e-06 -9.9050074049733788e-05 0.0011687433284641264 0.0018346227949857762 0.0013189456883867588 -0.00010858630181621082 -7.6538422253783484e-05 -0.0002239638868275411 -0.00046940210522843757 -1.6835766669673031e-06 7.2352466762670372e-05 -2.1783636398568455e-06 -0.00058257327619690657 0.00014019055007882754 0.0015133123074995614 -9.1672035344222028e-05 -0.00032215875379053722 8.2255413353081535e-08 0.00042613241782509567 -4.3588435277342808e-09 0.00049556616905654211 -1.4528343851137326e-06 9.5604983343360365e-07 6.1579631608910869e-07 -5.2382387085137881e-07 0.0013698944691187152 -3.7046733097781221e-06 4.040595759065993e-07 4.0921510696154795e-05 1.2321467590220344e-06 -0.0011251188113931534 -9.7273006220443629e-07 0.00053858761594278851 -9.1577242658868721e-06 4.1857792007462756e-06 0.00044874584897849944 -2.5128033638582565e-08 4.8338330934377137e-08 -0.0020014386515334924 -0.001056970904556392 2.6336707331513334e-06 0.00068057719883271562 -0.00094416062974678086
leaf_weight=22 21 20 20 21 20 23 38 21 30 23 39 35 34 32 29 23 31 20 20 23 24 25 26 39 35 21 24 28 23 21 29 23 22 27 22 20 25 24 20 28 20 20 31 34 21 22 20 20 20 20 20 23 23 22
leaf_count=22 21 20 20 21 20 23 38 21 30 23 39 35 34 32 29 23 31 20 20 23 24 25 26 39 35 21 24 28 23 21 29 23 22 27 22 20 25 24 20 28 20 20 31 34 21 22 20 20 20 20 20 23 23 22
internal_value=5.85223e-05 -0.000688776 -0.00169951 0.000358974 0.000396825 0.000219539 0.000875 -0.00076087 -0.00161972 -0.00240741 0.00153509 0.000925926 0.000808383 0.00201299 -0.000222222 -0.000135364 0.000966387 -0.000413136 -0.000159314 0.00217391 -0.00203125 -0.000455801 -0.000734824 -0.00029661 0.000153061 -0.000467626 0.0003 -0.00125 0.00166667 0.00109756 -0.00219298 0.00293103 0.00166667 -0.00122951 0.000538462 -0.000595238 0.000555556 0.00132653 0.000121951 0.0030303 0.00166667 -0.00207792 -0.00294118 0.00105263 0 0.000660377 0.00234375 -0.0025 -0.0005 -0.00353659 -0.0025 0.00151163 0.00290698 -0.00452381
internal_weight=1367 392 203 975 189 911 320 92 71 162 228 162 167 77 90 591 119 472 408 46 64 362 313 236 196 139 100 80 123 41 57 58 57 61 65 42 45 49 41 66 96 77 51 76 42 53 64 40 40 82 40 43 43 42
internal_count=1367 392 203 975 189 911 320 92 71 162 228 162 167 77 90 591 119 472 408 46 64 362 313 236 196 139 100 80 123 41 57 58 57 61 65 42 45 49 41 66 96 77 51 76 42 53 64 40 40 82 40 43 43 42
is_linear=0
shrinkage=0.005


Tree=5
num_leaves=50
num_cat=0
split_feature=69 37 41 21 74 72 74 37 46 88 14 41 80 16 37 83 64 81 74 82 83 97 3 3 73 43 74 74 16 5 88 76 77 25 64 64 27 25 67 14 4 13 3 77 61 4 4 77 41
split_gain=19.0992 11.8381 9.60064 15.7965 16.0821 14.4531 10.341 10.4388 10.0275 9.60162 9.35231 11.5894 8.67142 7.93725 9.74106 9.7716 6.99261 12.7598 6.6766 7.41511 6.62014 10.7449 8.4053 6.79233 6.62608 6.5826 7.3081 6.53333 6.4 6.22277 6.11217 5.63478 5.56998 6.07438 6.68033 5.45156 5.30057 5.26792 5.0498 4.98186 4.56584 4.03625 3.77815 4.08333 3.09298 2.5 2.5 2.14815 1.93208
threshold=22337.600000000002 16.750000000000004 57.250000000000007 20.125000000000004 605.04143750000014 0.9820000000000001 1164.9961145833336 40.250000000000007 92.920001983642592 14263.598750000003 14521.550000000001 86.750000000000014 31993.264583333337 6468.5000000000009 48.250000000000007 2830.9999999999986 780.6255000000001 3549.8498914240849 77.806427083333347 -0.98500000000001353 1496.450000000001 0.26041666666666669 14364.85 14095.250000000002 1190.4635000000003 76.139999389648452 1172.0361875000001 494.07029166666672 6214.0000000000009 5096.1450000000013 4149.3516666666674 34197.926041666673 4335.4415728455397 105.25000000000001 1.0000000180025095e-35 315.63950000000006 97.250000000000014 51.250000000000007 34086.200000000004 21305.850000000002 10034.330000000002 4395.6500000000005 13701.1 4039.3192259160364 31019.650000000005 3252.5700000000002 8098.6450000000013 3936.3282659778702 78.750000000000014
decision_type=2 2 2 2 2 2 2 2 2 2 2 2 2 2 2 2 2 2 2 2 2 2 2 2 2 2 2 2 2 2 2 2 2 2 2 2 2 2 2 2 2 2 2 2 2 2 2 2 2
left_child=45 25 20 4 -4 9 13 -8 -9 18 12 41 -10 14 -7 16 17 -16 -5 27 21 -3 42 -23 -24 -2 -27 -20 -29 30 -6 -14 33 -21 -35 39 47 -32 -33 -11 -36 -12 43 -22 -31 -1 -13 -19 -18
right_child=1 2 3 5 29 6 7 8 10 35 11 46 31 -15 15 -17 48 36 19 32 22 23 24 -25 -26 26 -28 28 -30 44 37 38 -34 34 40 -37 -38 -39 -40 -41 -42 -43 -44 -45 -46 -47 -48 -49 -50
leaf_value=0.0014970084034335396 0.00030729052729325197 -0.00054469214834803367 -0.0011286700666512581 -2.1279816538280048e-06 3.7816252205569292e-06 2.9749997714213447e-06 -1.7857588981532805e-06 0.00069616931087727028 -1.5687941844844128e-06 -6.7052596464571322e-06 4.8876924476529896e-06 -8.5673619411797093e-06 4.6127632961291064e-08 1.7193253668642083e-06 2.6864210384637714e-06 3.2921635995280307e-07 -0.00054289451968007343 -0.00046705509470229545 0.0011384346050667435 -1.1589325911883962e-06 -0.00072597611383734193 4.3474438892227185e-05 8.9057388775777574e-06 -8.5169789547502473e-08 -5.05223816883758e-05 -0.00032237564030687796 2.6439937522059223e-07 3.6608496572913711e-06 -8.283879563381695e-05 0.00068287477686147639 -2.3326371215658339e-06 -1.5540077114288862e-05 0.00052225961685759795 7.6432216617480195e-07 0.00041553083240934648 -0.00090118875595993552 -0.00056458129489898824 0.00071925671835498155 -2.279531417689595e-08 1.5123418948227449e-05 0.0028412498879179853 1.6318604150565895e-06 -0.00080042759626706289 -8.9471325916004466e-08 1.0005625592603993e-06 0.0024665932546089138 -3.3007079767944311e-07 -0.0019350573872022028 -0.001358656754351324
leaf_weight=20 37 38 26 28 30 23 33 23 22 36 32 20 29 34 35 33 28 25 20 37 24 21 32 20 30 26 28 20 20 26 33 20 26 39 31 22 24 21 27 37 26 29 27 24 20 20 20 29 33
leaf_count=20 37 38 26 28 30 23 33 23 22 36 32 20 29 34 35 33 28 25 20 37 24 21 32 20 30 26 28 20 20 26 33 20 26 39 31 22 24 21 27 37 26 29 27 24 20 20 20 29 33
internal_value=-0.000153959 -0.000256798 -0.000385239 -0.000181908 0.00128205 -0.000447154 -0.000973025 -0.000254902 0.000135135 0.000350877 -0.000226131 0.000841584 -0.00132653 -0.00166667 -0.002 -0.002343 -0.00281609 -0.00207965 0.000870445 0.00116438 -0.00134259 -0.000189873 -0.0020073 0.00158537 -0.000645161 0.00148352 0.00037037 -0.000333333 -0.0015 0.002 0.00119048 -0.000526316 0.00172956 0.00131579 0.00197917 -0.001 -0.00320513 0.000185185 -0.00159574 -0.000342466 0.00307018 0.00221311 -0.00313333 -0.00229167 0.00347826 0.00325 -0.00125 -0.00407407 -0.00418033
internal_weight=1364 1324 1233 1017 156 861 519 255 222 342 199 101 98 264 230 207 174 113 247 219 216 79 137 41 62 91 54 60 40 130 84 76 159 133 96 95 78 54 47 73 57 61 75 48 46 40 40 54 61
internal_count=1364 1324 1233 1017 156 861 519 255 222 342 199 101 98 264 230 207 174 113 247 219 216 79 137 41 62 91 54 60 40 130 84 76 159 133 96 95 78 54 47 73 57 61 75 48 46 40 40 54 61
is_linear=0
shrinkage=0.005


Tree=6
num_leaves=51
num_cat=0
split_feature=70 69 68 74 60 73 23 68 69 10 78 68 75 69 21 4 26 24 8 39 30 29 78 29 8 39 33 36 97 43 77 24 72 60 13 10 34 91 39 78 20 67 34 76 8 69 4 43 26 8
split_gain=20.6773 12.7976 11.7925 10.381 9.91489 12.0593 8.77834 8.442 8.10456 8.63007 7.09077 12.0791 10.9208 9.12773 10.6989 13.4402 7.97669 9.4569 7.69452 6.82667 11.5095 5.48104 7.12046 10.5521 6.72305 5.80492 5.55769 7.08923 5.09239 5.0694 5.05396 10.853 5.6633 5.00085 4.9 4.74074 4.7261 7.43769 4.71196 5.09729 4.59559 4.45455 4.37386 4.15915 4.04739 3.73333 3.34545 3.23438 3.10037 1.11547
threshold=1024.6000000000001 25198.950000000001 771.42450000000019 1227.0582500000003 965.30000000000007 967.25000000000011 55.750000000000007 674.72900000000016 22337.600000000002 25823.050000000003 1383.9179270833336 1759.7555000000002 638.4004935525146 29593.850000000002 22.925000000000004 7640.6750000000011 85.250000000000014 10.975000000000001 417.59250000000009 189.25000000000003 63.750000000000007 78.750000000000014 369.59608680555556 66.250000000000014 417.44671052631583 216.75000000000003 109.75000000000001 86.750000000000014 0.69791666666666685 80.795001983642592 3911.6273716632109 10.475000000000001 1427.5000000000002 1148.2645000000002 3840.1000000000008 35453.500000000007 97.250000000000014 26321.553275000006 159.75000000000003 467.61490972222231 422.10000000000008 31356.850000000002 56.750000000000007 33386.839583333342 417.37513888888896 30326.550000000003 6929.2450000000008 79.009998321533217 40.750000000000007 405.85069444444451
decision_type=2 2 2 2 2 2 2 2 2 2 2 2 2 2 2 2 2 2 2 2 2 2 2 2 2 2 2 2 2 2 2 2 2 2 2 2 2 2 2 2 2 2 2 2 2 2 2 2 2 2
left_child=1 -1 7 4 5 6 -4 21 -2 45 11 12 18 34 42 16 17 -16 19 30 -21 22 29 -24 26 47 35 -28 43 -3 40 32 -32 49 -12 -23 37 -8 -7 -40 -11 -41 44 -20 -15 -10 -39 -25 -14 -6
right_child=8 2 3 -5 33 38 36 -9 9 10 13 -13 48 14 15 -17 -18 -19 28 20 -22 24 23 25 -26 -27 27 -29 -30 -31 31 -33 -34 -35 -36 -37 -38 46 39 41 -42 -43 -44 -45 -46 -47 -48 -49 -50 -51
leaf_value=0.001191144263768681 0.0012989737589702121 -4.2991641132831555e-06 2.6729889332714525e-06 3.2652104492246676e-06 -0.0017838822414814768 -0.00034854224944833782 -0.0003966568359726533 0.0022438596250021156 -6.5718505043042286e-06 0.00013717349283923178 -2.5085484405085485e-08 -1.3176867025979334e-06 1.246843425136594e-06 -0.00040273928747377725 -9.5893761740264772e-07 0.00029640551096578115 2.8734606132496085e-07 -5.2900740001173732e-07 -3.0358974226323183e-06 0.0011422343138971253 -7.4357075306489609e-06 4.1685248802777053e-06 0.00088262782992452231 -0.0021362699675226281 -4.0844510779206375e-06 3.3545960903474136e-06 -2.0769784361539202e-06 0.00016798677674119227 3.3690229169860165e-08 -0.001534096817865957 0.0007211089441998633 -5.3572765347435026e-05 1.1785307751267162e-07 -0.00034165404198857065 -2.6725149527232588e-05 0.00040280169058307976 -0.016996618316632107 -0.00078113014436190719 0.00051782592882432222 3.4946097608945907e-06 0.0010500926919608045 -0.00021155742964094844 1.2074162451291257e-07 3.9484719406361207e-07 4.0541313217606602e-07 -0.00099804880569564483 -0.0012845973804757934 -1.9445605387816803e-06 5.9613108041310062e-06 -0.00088121802993811461
leaf_weight=29 31 22 29 26 24 27 31 20 35 32 20 30 35 20 33 22 20 23 26 21 29 27 29 20 38 30 36 39 21 25 32 28 22 22 20 27 22 22 25 22 36 22 39 32 21 21 23 21 30 27
leaf_count=29 31 22 29 26 24 27 31 20 35 32 20 30 35 20 33 22 20 23 26 21 29 27 29 20 38 30 36 39 21 25 32 28 22 22 20 27 22 22 25 22 36 22 39 32 21 21 23 21 30 27
internal_value=-5.13196e-05 -0.000664234 -0.000807927 -0.00149068 -0.00175676 -0.00123318 -0.00224409 -0.000149701 0.00056701 0.000447531 0.000625 0.00104278 0.00130814 -9.17431e-05 0.000393258 -0.000714286 -0.00171053 -0.00267857 0.000878136 0.0014 -0.0002 -0.000350318 -0.00105442 -0.0003 0.000269461 -0.00133803 0.000813953 -6.66667e-05 -0.000443038 -0.00265957 0.00193333 0.00109756 0.00240741 -0.00335616 -0.00225 0.00203704 -0.00295918 -0.00236842 0.000104167 0.000797101 0.00294118 -0.000227273 0.00175 -0.0012069 0.000609756 -0.00142857 -0.00366667 -0.00256098 0.00315385 -0.00421569
internal_weight=1364 685 656 322 296 223 127 334 679 648 592 374 344 218 178 98 76 56 279 200 50 314 147 100 167 71 129 75 79 47 150 82 54 73 40 54 98 76 96 69 68 44 80 58 41 56 45 41 65 51
internal_count=1364 685 656 322 296 223 127 334 679 648 592 374 344 218 178 98 76 56 279 200 50 314 147 100 167 71 129 75 79 47 150 82 54 73 40 54 98 76 96 69 68 44 80 58 41 56 45 41 65 51
is_linear=0
shrinkage=0.005


Tree=7
num_leaves=52
num_cat=0
split_feature=70 69 16 65 78 57 32 78 38 24 68 73 81 69 41 40 81 78 67 99 40 73 71 21 33 83 83 36 73 28 20 40 25 65 36 23 16 41 89 71 11 16 13 19 46 40 67 28 32 3 3
split_gain=19.2588 13.0149 10.5713 10.1821 9.93596 9.89087 12.1609 10.8666 10.6871 10.0219 11.0916 11.5316 10.2028 11.1089 9.37443 12.7903 10.1167 10.8271 9.09828 8.576 10.7989 8.66607 8.41318 8.13041 7.70856 7.41373 10.1057 8.30703 9.65152 6.85958 6.26594 6.2254 6.19048 5.89667 5.71721 4.83025 4.45455 4.30009 4.19377 4.11996 3.72024 3.54632 3.1543 2.96077 2.89403 2.49231 2.41724 4.36364 3.71212 1.77778 0.123077
threshold=1011.3385000000001 25198.950000000001 4189.6000000000013 26639.900000000005 580.1969375000001 -0.56174490092936669 244.25000000000003 828.82351041666686 2.6250000000000004 8.6250000000000018 1107.2235000000003 1670.1525000000004 4238.168459158268 33775.600000000006 82.750000000000014 71.750000000000014 4026.9740668462559 1100.347840277778 37626.450000000004 0.82291666666666685 146.75000000000003 1.0040000000000002 1599.3500000000001 27.075000000000006 103.75000000000001 1261.000000000002 2732.5000000000005 79.750000000000014 0.15000000000000005 28.175000000000004 2508.6500000000005 102.25000000000001 34.750000000000007 31531.450000000001 87.250000000000014 99.750000000000014 6296.9000000000005 60.250000000000007 1619.09109375 994.50000000000011 38007.650000000009 6533.5500000000002 8355.1500000000015 756.50000000000011 103.97500228881837 111.25000000000001 31214.200000000001 25.775000000000002 137.25000000000003 14269.85 14392.000000000002
decision_type=2 2 2 2 2 2 2 2 2 2 2 2 2 2 2 2 2 2 2 2 2 2 2 2 2 2 2 2 2 2 2 2 2 2 2 2 2 2 2 2 2 2 2 2 2 2 2 2 2 2 2
left_child=1 -1 3 -3 18 6 7 -2 -7 10 31 12 22 -14 15 40 37 -18 19 20 21 24 45 -23 -4 34 27 -27 -29 41 39 -10 -19 -26 36 -28 -6 -17 42 -9 -11 -21 50 -16 -22 -12 -41 48 -48 -5 -30
right_child=5 2 4 49 25 8 -8 30 9 14 11 -13 13 -15 43 16 17 32 -20 29 44 23 -24 -25 33 26 35 28 38 -31 -32 -33 -34 -35 -36 -37 -38 -39 -40 46 -42 -43 -44 -45 -46 -47 47 -49 -50 -51 -52
leaf_value=0.0011851885424498376 -0.00020220861678418828 -0.00024303708773483482 0.0019295076502548153 -0.0018315499926261428 -0.0008772577133185172 0.00031772670596260267 -4.7463591512805118e-07 2.3696310501555692e-05 0.0014760741674099763 -9.2678099771287026e-05 -3.3307193820737227e-06 1.6669016414743664e-06 6.1150703897449894e-06 -3.6028126348523628e-06 -4.0244045016852286e-06 3.9985732539289965e-06 0.00045574978579594207 1.1273145259079111e-08 -6.7531016944236564e-06 -2.9486286826687068e-06 0.0019154482069236045 1.443016279836533e-05 4.6927601315089026e-07 -0.00097052294786642264 0.0015639378102815776 3.0700267026129498e-06 0.00061766312084854543 -8.8747226894081025e-07 -0.0021672370421460382 -1.5068840150791463e-05 1.1295897271035871e-06 0.00015379578140981839 -6.8702045781531954e-06 -9.1198755767153558e-06 4.0059206419203884e-06 -0.00031382765812431717 9.1575132199091939e-07 0.00050031550930614141 -0.00010716093524532195 0.00020501545540288065 -1.8391106397637724e-07 6.1734518823730511e-06 -7.5886347303366406e-06 -0.0012265340389934324 5.5899200277286994e-06 -8.3554752603029552e-07 -1.4477218323539015e-08 0.00010521122466478225 6.5581350373959742e-06 -0.00076478405970525746 -0.0011266084163222092
leaf_weight=29 22 33 24 25 22 21 39 33 32 32 32 26 31 23 20 25 20 26 34 22 21 26 27 27 21 24 23 39 32 39 30 23 30 23 35 24 22 31 20 28 24 20 32 23 23 20 24 22 20 20 20
leaf_count=29 22 33 24 25 22 21 39 33 32 32 32 26 31 23 20 25 20 26 34 22 21 26 27 27 21 24 23 39 32 39 30 23 30 23 35 24 22 31 20 28 24 20 32 23 23 20 24 22 20 20 20
internal_value=-9.53079e-05 -0.000691176 -0.000837174 -0.0025641 -0.000602094 0.000497076 0.00137615 0.00192737 8.58369e-05 -7.86517e-05 0.000700935 3.14465e-05 -0.00056391 0.00111111 -0.000800866 -0.000319149 0.000530303 -0.000657895 7.14286e-05 0.000406504 0.00106061 0.000289256 -0.00170886 -0.00122642 0.00147059 -0.00124573 -0.00172897 -0.00230539 -0.00276224 -0.000925926 0.00238854 0.00263636 -0.00178571 0.000227273 6.32911e-05 0.000319149 -0.00113636 0.00214286 -0.00355769 0.00287402 -0.00232143 0.00047619 -0.00404762 -0.00290698 0.00318182 -0.00288462 0.00234043 0.00181818 0.000909091 -0.00411111 -0.00480769
internal_weight=1364 680 651 78 573 684 218 179 466 445 214 159 133 54 231 188 132 76 280 246 165 121 79 53 68 293 214 167 143 81 157 55 56 44 79 47 44 56 104 127 56 42 84 43 44 52 94 66 44 45 52
internal_count=1364 680 651 78 573 684 218 179 466 445 214 159 133 54 231 188 132 76 280 246 165 121 79 53 68 293 214 167 143 81 157 55 56 44 79 47 44 56 104 127 56 42 84 43 44 52 94 66 44 45 52
is_linear=0
shrinkage=0.005


Tree=8
num_leaves=55
num_cat=0
split_feature=69 41 64 22 11 35 31 41 68 17 80 80 17 0 8 27 17 25 72 62 32 83 31 21 0 27 65 64 74 21 44 65 19 78 69 46 68 25 20 88 24 7 24 3 30 1 35 19 78 80 83 1 0 2
split_gain=19.0992 12.4858 9.57502 11.2427 11.8758 11.9806 11.2859 13.9016 10.9672 11.7701 9.01939 12.2841 8.97055 11.6826 8.81638 8.4558 8.79381 7.02789 6.78604 6.63961 6.6075 6.3576 9.04813 11.0696 8.69451 10.8448 7.23357 6.2221 6.31205 8.0498 7.59919 6.69767 5.81689 5.81252 6.53038 6.99375 5.72567 5.72024 5.46201 5.37647 5.30718 5.24265 4.72991 4.53333 4.25249 3.75065 3.68906 3.66959 3.6 3.09594 2.96077 1.75325 0.9 0.9
threshold=22337.600000000002 116.00000000000001 1156.8100000000002 64.750000000000014 41547.80000000001 26.025000000000002 6.8750000000000009 87.750000000000014 1.2160000000000002 40.550000000000004 32853.302083333336 34560.837847222225 66.350000000000009 30086.100000000002 412.02234480431861 28.250000000000004 40.550000000000004 50.750000000000007 1072.3365000000001 1601.0000000000002 156.25000000000003 1226.9000000000017 11.725000000000001 18.075000000000006 30317.850000000002 86.750000000000014 26477.950000000001 330.39250000000004 222.81059375000001 26.575000000000006 2.120000004768372 32976.000000000007 1071.4000000000003 414.3238784722223 32683.200000000004 95.405002593994155 1509.9500000000003 182.50000000000003 832.60000000000014 7193.4812499999998 8.6250000000000018 45.185000000000009 8.4250000000000025 15326.750000000002 84.750000000000014 15033.650000000001 27.025000000000002 1872.4500000000003 624.11106944444452 35785.989930555559 2443.7500000000023 16213.300000000001 30826.550000000003 2658.1000000000004
decision_type=2 2 2 2 2 2 2 2 2 2 2 2 2 2 2 2 2 2 2 2 2 2 2 2 2 2 2 2 2 2 2 2 2 2 2 2 2 2 2 2 2 2 2 2 2 2 2 2 2 2 2 2 2 2
left_child=53 2 8 17 5 15 7 14 9 45 20 -12 -11 -14 46 19 42 -4 -6 36 -8 22 23 -10 26 33 41 28 29 -15 -30 49 -18 -26 35 -35 -5 51 -36 -25 -33 -23 52 -39 -20 -2 -7 -46 -41 -32 -3 -27 -17 -1
right_child=1 50 3 4 18 6 10 -9 21 12 11 -13 13 27 -16 16 32 -19 44 -21 -22 24 -24 39 25 37 -28 -29 30 -31 31 40 -34 34 38 -37 -38 43 -40 48 -42 -43 -44 -45 47 -47 -48 -49 -50 -51 -52 -53 -54 -55
leaf_value=0.0009327142721701566 0.00049781393175961071 -8.1449365691480202e-05 -0.00041119467696851264 5.073385644103909e-05 7.5236477951888647e-07 0.00025391082338205203 -1.2886591198273535e-06 -5.7976894100624771e-06 -0.0024419746444485769 -0.00014843810168024547 7.3043202243649791e-05 -1.0260137042316692e-05 0.00077081438394608823 2.8555929663802835e-08 -1.3706255251206461e-08 0.00018075347251470255 0.0001530268025027693 2.6088263909749584e-06 3.4565155398974187e-06 9.666569081527471e-07 -1.3788418141044541e-06 -0.030636173140748301 0.00011667045905125082 3.7507233420056092e-06 7.5157816060668585e-06 -0.0014251214516649441 -0.0017214495876515003 -0.00010528123173238381 -7.633558236284868e-06 -1.4077486991754878e-05 0.00097858859250310134 0.00045784113424321714 -1.0672734953276598e-07 -0.00035736754297357461 2.8391772297376524e-06 0.00051516464836620873 -0.00049631258202616885 -1.7242894836107601e-06 -9.7140445618714748e-05 1.4358011984373504e-05 -4.5206082210174451e-06 -0.00015792284989254703 2.7428306813119572e-06 -0.00045139560771330248 7.8418324181457215e-06 0.0011918840713846537 0.00030574430341827173 3.7332374853887013e-06 -0.00099730240245329751 0.0026013214902904287 -0.0034518896596918277 -0.00068922694977732789 0.00044253040495532048 0.0031431825862216632
leaf_weight=20 35 20 34 21 29 21 34 32 20 23 22 21 32 27 30 20 21 20 20 38 38 20 20 31 25 22 37 29 23 20 22 23 37 27 21 23 20 34 31 20 20 29 22 20 22 20 23 21 20 21 23 20 20 20
leaf_count=20 35 20 34 21 29 21 34 32 20 23 22 21 32 27 30 20 21 20 20 38 38 20 20 31 25 22 37 29 23 20 22 23 37 27 21 23 20 34 31 20 20 29 22 20 22 20 23 21 20 21 23 20 20 20
internal_value=-0.000153959 -0.000256798 -0.000167838 0.000318021 0.000546875 0.000190476 -0.00061086 0.000566038 -0.000552448 0.000186441 -0.00169565 0.000116279 -0.000291667 2.30415e-05 0.00175676 0.0010804 0.00191667 -0.00185185 0.00217391 -0.000189873 -0.00277778 -0.00107143 -4.5045e-05 -0.000714286 -0.00144013 -0.000919283 -0.0027907 -0.000459459 -6.41026e-05 -0.00159574 0.00059633 0.00127907 0.000517241 3.93701e-05 -0.000490196 0.0008 -0.00158537 -0.0021875 -0.00173077 0.000211268 -0.000116279 -0.00153061 0.00322581 -0.00111111 0.00309524 0.00227273 0.00318182 0.0022093 -0.001 0.00267442 -0.00290698 -0.00357143 0.00425 0.00325
internal_weight=1364 1324 1281 566 512 420 221 106 715 295 115 43 240 217 74 199 120 54 92 79 72 420 111 91 309 223 86 185 156 47 109 86 58 127 102 50 41 96 52 71 43 49 62 54 63 55 44 43 40 43 43 42 40 40
internal_count=1364 1324 1281 566 512 420 221 106 715 295 115 43 240 217 74 199 120 54 92 79 72 420 111 91 309 223 86 185 156 47 109 86 58 127 102 50 41 96 52 71 43 49 62 54 63 55 44 43 40 43 43 42 40 40
is_linear=0
shrinkage=0.005


Tree=9
num_leaves=50
num_cat=0
split_feature=69 70 68 57 30 38 100 75 24 16 80 32 61 63 24 88 30 71 38 70 78 68 34 30 98 25 45 68 97 88 73 44 83 38 78 80 78 38 75 24 4 30 38 24 89 45 68 88 4
split_gain=19.596 11.787 10.7921 11.6469 9.81374 9.21304 10.5061 11.6203 9.02163 8.62612 9.11873 10.7815 7.77525 7.24138 11.3805 7.15546 6.83294 6.79961 9.20995 8.49295 7.74153 7.15122 7.75204 9.94847 9.29311 7.47797 6.96221 6.62125 6.82017 10.4037 6.45333 5.96984 5.92231 6.47319 5.58621 5.44444 5.38775 6.61934 5.53893 5.37852 6.25541 4.85688 4.82489 4.72896 4.45873 3.30475 3.22385 3.21905 2.5
threshold=22337.600000000002 1011.3385000000001 1778.5500000000002 -0.56174490092936669 12.750000000000002 3.1250000000000004 0.086805555555555566 356.40368525760226 7.1750000000000016 3788.6500000000005 28461.162500000002 201.25000000000003 29307.350000000002 30288.150000000005 7.375 4225.9743750000007 85.250000000000014 982.96400000000006 10.025000000000002 0.92450000000000021 1193.4859201388892 1395.4000000000003 92.250000000000014 77.750000000000014 0.038194444444444454 100.25000000000001 24402.500000000004 243.90000000000003 0.28125000000000006 6187.0360416666672 738.69850000000008 3.1114999055862431 2065.4000000000001 6.3750000000000009 1240.3692812500001 38143.79791666667 659.2180381944446 4.0750000000000011 500.01900851513028 10.525000000000002 3839.5000000000005 99.750000000000014 7.625 7.075000000000002 1020.4649812500001 24373.000000000004 1.0075000000000001 5962.0341666666664 3252.5700000000002
decision_type=2 2 2 2 2 2 2 2 2 2 2 2 2 2 2 2 2 2 2 2 2 2 2 2 2 2 2 2 2 2 2 2 2 2 2 2 2 2 2 2 2 2 2 2 2 2 2 2 2
left_child=48 4 3 8 -2 -5 15 -8 34 12 11 -11 -6 14 -4 -7 30 18 20 41 21 22 23 24 -12 -25 -27 -9 -29 44 -17 -10 -19 -34 -3 -28 37 -24 -39 -33 -41 43 45 -20 -30 -18 -26 -15 -1
right_child=1 2 13 5 9 6 7 27 31 10 17 -13 -14 47 -16 16 42 32 19 -21 -22 -23 36 25 46 26 35 28 29 -31 -32 39 33 -35 -36 -37 -38 38 -40 40 -42 -43 -44 -45 -46 -47 -48 -49 -50
leaf_value=0.0014728259300680886 1.648660445497486e-05 -1.9725570550757177e-06 1.5177537764340143e-06 6.6357006250771714e-06 -0.00038177438086212518 1.3285722908059039e-06 0.00028223909815780409 0.0010952015850045839 9.9923577166860595e-05 -0.00079239806228667943 0.00077838190872888638 0.00017027686879181748 -0.0013460357123822528 -3.9996298417606237e-06 -2.3975698172923309e-07 0.00022095199474048754 -0.0001867664028384737 -0.0012306606803705251 -0.00078280960189350409 -0.0019731201407581149 3.0421343827374333e-06 -0.001377474971189464 6.8585009946182092e-06 0.0011038992144675286 -6.2906254821853612e-07 0.00079690758142141505 -1.0770605403369561e-05 -9.6654743390621196e-05 7.640896072680042e-07 -1.2731322123552258e-06 -2.5594280795457432e-06 0.00015293323942451007 -0.00043393648478364649 6.2432267051598211e-06 4.0835845167002738e-06 4.0764692755542851e-06 -0.00033705670965366176 -0.0010169181330253766 -2.6259009810722035e-07 6.1166905169890322e-06 -0.0003137477326618173 6.6577703876673848e-05 -0.00040105231381072279 -9.6937414544008857e-07 3.823754007592997e-06 -1.6778909448732163e-08 -0.00067073951773250807 -6.3974170970599666e-07 0.0024413665825925956
leaf_weight=20 39 29 27 35 33 38 28 26 35 26 22 21 28 21 33 20 33 21 22 36 24 28 25 29 26 23 20 39 24 27 30 29 39 23 29 25 21 22 30 20 22 28 32 32 21 20 28 35 20
leaf_count=20 39 29 27 35 33 38 28 26 35 26 22 21 28 21 33 20 33 21 22 36 24 28 25 29 26 23 20 39 24 27 30 29 39 23 29 25 21 22 30 20 22 28 32 32 21 20 28 35 20
internal_value=-0.000197947 -0.000302115 0.00017611 0.00047486 -0.000767511 -1.34048e-05 -0.000266272 0.000636364 0.00158537 -0.000917722 -0.000726795 0.00138298 -0.00270492 -0.0012069 0 -0.00112717 -0.00166667 -0.000916031 -0.000668934 -0.00186441 -0.000232198 -0.000451505 -0.000202952 0.000433526 -0.000921053 0.00149485 0.000588235 3.64964e-05 -0.000495495 0.000416667 -0.0002 0.00245283 -0.00222892 -0.00145161 0 -0.000555556 -0.00132653 -0.000714286 -0.00173077 0.00161972 0.00047619 -0.00097561 -0.00252941 -0.00185185 0.00188889 -0.00160377 -0.00203704 -0.0025 0.00325
internal_weight=1364 1324 653 537 671 373 338 165 164 632 571 47 61 116 60 173 135 524 441 118 323 299 271 173 76 97 68 137 111 72 50 106 83 62 58 45 98 77 52 71 42 82 85 54 45 53 54 56 40
internal_count=1364 1324 653 537 671 373 338 165 164 632 571 47 61 116 60 173 135 524 441 118 323 299 271 173 76 97 68 137 111 72 50 106 83 62 58 45 98 77 52 71 42 82 85 54 45 53 54 56 40
is_linear=0
shrinkage=0.005


Tree=10
num_leaves=52
num_cat=0
split_feature=66 68 67 62 46 20 88 7 62 42 0 88 26 40 90 70 31 93 60 22 65 65 37 31 73 37 62 97 60 31 65 20 77 90 30 29 31 74 74 68 77 46 67 7 56 30 30 71 43 3 22
split_gain=10.9627 18.9467 12.4179 11.5576 11.1313 10.4391 10.9199 10.2886 9.84609 9.161 8.50289 8.35999 11.2523 8.45262 8.01595 7.97857 7.88108 7.67662 7.17027 8.73601 11.8671 11.5829 10.5661 7.63921 8.40253 8.14632 7.04983 10.7639 10.5676 5.63161 5.36198 5.59005 5.35626 6.42496 5.03806 4.94688 8.02635 4.94004 8.59146 4.61597 4.31824 6.81687 4.21037 4.06957 3.81111 3.6 3.45516 3.35873 2.81299 1.75819 0.4
threshold=1425.8500000000001 1346.5740000000003 28030.750000000004 1025.7215000000003 104.88499832153322 2235.8500000000004 3106.65625 20.475000000000005 1272.6500000000003 94.674999237060561 31732.850000000002 6426.2900000000009 55.750000000000007 81.250000000000014 1049.2618500000001 994.78700000000015 4.4250000000000016 421.42618421052634 980.78700000000015 83.750000000000014 27559.400000000005 29289.000000000004 39.750000000000007 2.5750000000000006 676.23400000000004 94.750000000000014 1133.6340000000002 0.44791666666666669 748.22150000000011 4.2750000000000012 32200.800000000003 1053.7500000000002 3878.4913613909944 1843.9690500000004 98.750000000000014 75.750000000000014 5.7250000000000005 669.63734375000013 374.52072916666674 1602.2500000000002 4170.1411525310523 103.90000152587892 31995.550000000007 49.405000000000008 -1.0000000180025095e-35 97.250000000000014 98.250000000000014 1035.1825000000001 84.735000610351577 14468.950000000003 88.750000000000014
decision_type=2 2 2 2 2 2 2 2 2 2 2 2 2 2 2 2 2 2 2 2 2 2 2 2 2 2 2 2 2 2 2 2 2 2 2 2 2 2 2 2 2 2 2 2 2 2 2 2 2 2 2
left_child=1 2 9 10 15 6 -3 14 -9 -1 -2 13 17 16 -5 18 -10 -13 19 21 -21 -4 -22 -24 30 -26 28 39 -8 -17 45 -32 42 -34 49 -6 -37 38 -11 -28 -18 -42 -16 -7 -30 -25 -38 -15 -49 -31 -33
right_child=3 5 4 7 35 43 26 8 11 37 -12 12 -14 47 32 29 40 -19 -20 20 22 -23 23 24 25 -27 27 -29 44 34 31 50 33 -35 -36 36 46 -39 -40 -41 41 -43 -44 -45 -46 -47 -48 48 -50 -51 -52
leaf_value=-0.00029114899482819869 6.0749687577963875e-06 5.0276339638664863e-06 0.00067576823574978079 2.067108493775528e-06 0.0021714549259430876 -0.0010276301574443951 -0.00030800848507996293 -0.00038219646743003057 -4.3237918774666517e-06 0.0013506200493190249 1.0227192108012619e-05 9.8742989647694719e-07 0.0002083212975689689 8.2840627712078727e-06 -3.3336791378724176e-06 -0.00018441687653952848 3.6345054333410771e-06 -1.7595505405413498e-06 -0.00098643852471823551 -0.0013385894781589372 -9.5318307534722641e-06 -6.681035644475948e-06 0.0012087489857272244 -7.2654882241015565e-06 0.00084957126063980924 -2.8001397217207851e-05 0.0001007416255377348 -1.0827028224097864e-06 -0.0012771627073491487 0.0010768879587179981 -6.0534422684134604e-07 -3.714688284707275e-05 -6.7343370127216886e-08 -1.1895269659535218e-06 -1.1480091682195207e-05 0.0012693931996452768 4.0678851323396411e-06 0.0014180490006961404 -8.7942384374567439e-06 -1.0461509251123121e-06 -7.3718777389345433e-06 3.7451394136813081e-06 4.0799884760641746e-07 -0.0017595676680755862 -0.0009466827094252062 0.0023782362746146385 -0.00059777378174746777 6.0239144994193976e-07 0.00016513032677766836 0.00013897980577734024 -0.0010193010829035812
leaf_weight=20 39 22 34 20 23 20 36 38 30 33 32 29 22 30 22 20 38 23 36 31 21 32 23 20 20 22 22 22 20 21 27 20 21 38 20 33 31 33 31 26 22 21 26 26 36 20 21 22 20 20 20
leaf_count=20 39 22 34 20 23 20 36 38 30 33 32 29 22 30 22 20 38 23 36 31 21 32 23 20 20 22 22 22 20 21 27 20 21 38 20 33 31 33 31 26 22 21 26 26 36 20 21 22 20 20 20
internal_value=3.69004e-06 -0.000336427 0.000110759 0.000598377 -0.000223301 -0.00156522 -0.00103261 0.00028436 0.00079661 0.0015812 0.00246479 0.00114786 -0.00027027 0.00172131 -0.000905512 -0.000601966 0.000855856 -0.00153846 -0.00095092 -0.000689655 -0.00116071 0.000909091 -0.000699482 -0.000290698 -0.000704698 0.00119048 -0.00148148 -0.000285714 -0.0023913 0.000802469 -0.0014486 -0.00231343 -0.0014486 -0.00245763 0.00155738 0.0012037 0.000647059 0.00221649 0.00140625 0.00104167 0.00166667 0.000581395 -0.000208333 -0.00369565 -0.00375 0 -0.000576923 0.00305556 0.00214286 0.00256098 -0.0035
internal_weight=1355 862 632 493 515 230 184 422 295 117 71 257 74 183 127 407 111 52 326 290 224 66 193 172 149 42 162 70 92 81 107 67 107 59 61 108 85 97 64 48 81 43 48 46 56 40 52 72 42 41 40
internal_count=1355 862 632 493 515 230 184 422 295 117 71 257 74 183 127 407 111 52 326 290 224 66 193 172 149 42 162 70 92 81 107 67 107 59 61 108 85 97 64 48 81 43 48 46 56 40 52 72 42 41 40
is_linear=0
shrinkage=0.005


Tree=11
num_leaves=54
num_cat=0
split_feature=83 1 69 66 77 100 98 72 83 28 22 79 26 82 24 30 46 22 72 20 28 69 39 22 33 34 82 21 46 98 84 20 46 45 26 46 20 34 23 82 5 88 22 5 8 28 84 24 25 10 56 33 5
split_gain=15.1291 11.7432 13.8095 9.74185 10.0081 9.72671 10.6685 8.33838 7.47556 9.67701 9.94572 9.21824 10.1727 8.59349 8.94307 8.15731 9.41775 9.74493 8.01818 7.9872 7.64023 8.1 7.27273 6.88095 6.85782 6.66139 6.51168 6.2521 7.11111 7.87757 8.07414 6.85626 6.13636 5.91668 5.62251 6.28212 5.35714 8.45873 5.21805 5.18651 4.89314 4.73612 4.66667 4.45455 4.00476 3.98108 5.19077 3.70879 3.6 3.07692 2.85168 2.5 1.79884
threshold=1853.0499999999995 14127.300000000001 24916.500000000004 1405.9160000000004 4039.3192259160364 0.024305555555555556 0.32986111111111116 1361.0500000000002 2813.8999999999983 25.875000000000004 84.250000000000014 579.62277972690788 69.750000000000014 -971.95499999999981 7.9250000000000016 61.750000000000007 96.06000137329103 81.250000000000014 980.8850000000001 865.10000000000014 23.075000000000006 33016.750000000007 174.75000000000003 89.250000000000014 51.250000000000007 120.75000000000001 1499.5000000000002 25.175000000000004 105.12500000000001 0.23958333333333334 712.65294791666668 813.35000000000002 106.10000228881837 24437.500000000004 115.25000000000001 100.88499832153322 1060.6500000000003 53.250000000000007 97.750000000000014 19.865000000000013 6846.2650000000012 5200.3677083333341 89.250000000000014 7611.8700000000008 415.56486842105267 27.775000000000002 451.2994583333334 8.6250000000000018 30.250000000000004 32004.800000000007 0.6078576107927941 65.750000000000014 4368.1050000000005
decision_type=2 2 2 2 2 2 2 2 2 2 2 2 2 2 2 2 2 2 2 2 2 2 2 2 2 2 2 2 2 2 2 2 2 2 2 2 2 2 2 2 2 2 2 2 2 2 2 2 2 2 2 2 2
left_child=1 2 48 4 39 42 7 24 9 11 18 15 47 -10 50 33 -17 38 19 -11 -19 -22 -16 -8 -7 27 41 44 29 30 34 -31 -30 52 35 -29 -6 -38 -18 45 -26 49 -4 -24 -12 -3 -47 -13 -1 -5 -15 -43 -2
right_child=8 3 5 26 36 6 23 -9 13 10 25 12 -14 14 22 16 17 20 -20 -21 21 -23 43 -25 40 -27 -28 28 32 31 -32 -33 -34 -35 -36 -37 37 -39 -40 -41 -42 51 -44 -45 -46 46 -48 -49 -50 -51 -52 -53 -54
leaf_value=3.776566188548994e-05 -8.1427569574192178e-07 0.0010442079684626891 -0.00065184511952538532 3.8248012201025003e-06 4.0739582351345034e-06 0.00043223786246034763 4.0852632691808112e-06 -0.0025532282873359214 -5.893652452556501e-05 0.0012502061859911509 -3.7132217139962549e-06 -1.3528183834212171e-06 4.8466085418447399e-06 0.0014637858336270277 -0.00094134828044625091 0.00042633267175208231 3.3089408678302629e-06 0.00050705377093893578 -5.4906992196229009e-06 -2.6684885596713143e-06 -1.277225594260709e-06 2.9505491343578542e-05 -5.2661195500809842e-06 -6.1491370173684357e-07 3.3344077121062188e-07 4.7438858344009834e-06 1.2822958743697024e-06 -0.00079100640754561967 0.0012405835047594868 2.0568149943475693e-06 -0.0011007566632467616 -4.1464332492044505e-06 -7.7021494051609383e-07 2.5557192693458265e-06 -1.4082369339953043e-06 -8.5004222310942128e-06 1.7708951701717773e-06 -0.00061309354290122635 -0.00022467143773472579 -9.4693696719611541e-08 -0.0010599270546753634 4.9404883741089419e-06 -6.5412999429127707e-06 0.0015915403403661515 -0.00011598246297010694 0.0027049886199646362 9.732380192924907e-06 -0.0002484703636208462 0.0028030548380495314 6.0895406051630993e-06 4.0883506382666836e-06 6.7326555778738465e-07 -3.1820607563283772e-05
leaf_weight=20 20 22 21 20 28 35 32 20 24 21 28 24 22 23 20 37 22 29 20 23 20 20 22 24 21 21 33 24 20 36 37 31 24 21 32 38 20 36 24 22 29 20 21 22 32 23 26 28 20 32 24 20 21
leaf_count=20 20 22 21 20 28 35 32 20 24 21 28 24 22 23 20 37 22 29 20 23 20 20 22 24 21 21 33 24 20 36 37 31 24 21 32 38 20 36 24 22 29 20 21 22 32 23 26 28 20 32 24 20 21
internal_value=-1.10701e-05 0.000633028 -0.000185185 0.00129139 0.000536723 -0.000714286 -0.00015528 -0.00109524 -0.000444444 -0.000659259 -0.00117571 3.47222e-05 -0.00148649 0.00062963 0.00121622 0.000560748 0.00118421 0.000478261 0.000625 0.00181818 0.00166667 0.00025 0 0.00160714 -0.000411765 -0.00153251 0.00236 -0.00172185 -0.00136364 -0.00176768 -0.00248092 -0.000373134 0.000454545 -0.000967742 -0.00170213 -0.00258065 -0.000714286 -0.00160714 -0.00130435 0.00166667 -0.0016 0.00304348 -0.00285714 0.00113636 -0.00316667 0.00232394 0.00153061 -0.00269231 0.0025 0.00403846 0.00287234 0.00175 -0.00207317
internal_weight=1355 545 243 302 177 203 161 105 810 675 387 288 74 135 111 214 152 115 64 44 69 40 64 56 85 323 125 302 242 198 131 67 44 62 94 62 84 56 46 93 50 92 42 44 60 71 49 52 40 52 47 40 41
internal_count=1355 545 243 302 177 203 161 105 810 675 387 288 74 135 111 214 152 115 64 44 69 40 64 56 85 323 125 302 242 198 131 67 44 62 94 62 84 56 46 93 50 92 42 44 60 71 49 52 40 52 47 40 41
is_linear=0
shrinkage=0.005


Tree=12
num_leaves=55
num_cat=0
split_feature=51 35 40 23 42 65 4 1 81 81 100 43 35 35 88 30 16 75 88 6 1 100 19 81 3 86 16 4 72 61 16 100 81 7 36 44 41 41 26 16 64 61 3 41 100 3 32 81 11 3 3 68 8 1
split_gain=13.3488 10.1574 10.5782 12.8336 10.1026 12.3479 9.18205 12.3174 7.85984 10.7971 10.154 11.4313 7.85956 7.78389 7.74454 7.45351 14.239 12.4571 7.28602 7.1697 6.83129 8.42215 8.02007 7.11111 7.07003 9.47305 7.68627 6.79233 6.34882 12.7985 7.65973 6.3 6.56685 5.68628 5.64502 5.47845 5.42802 8.5091 5.25114 4.83278 4.76044 4.56017 4.52766 6.09524 4.288 4.24242 3.85714 3.6 2.97424 2.92695 2.91255 2.81299 0.962791 0.4
threshold=1.0000000180025095e-35 26.025000000000002 72.250000000000014 75.750000000000014 353.12500000000006 23487.500000000004 3669.8650000000002 14155.150000000003 4100.3643462060991 4186.3610269798501 0.51041666666666674 81.02500152587892 25.275000000000002 24.375000000000004 4671.8943750000008 95.750000000000014 6860.2500000000009 356.40368525760226 8353.2475000000031 9465.3750000000018 13125.800000000001 0.46180555555555564 214.50000000000003 3599.7894517607469 14513.150000000001 949.05000000000007 5632.4000000000005 3913.0100000000007 0.99150000000000016 34183.750000000007 4898.9000000000005 0.73958333333333348 3918.1178003576069 20.835000000000004 81.250000000000014 2.8545000553131108 63.250000000000007 75.750000000000014 76.250000000000014 6378.0500000000011 1.0010000000000001 31322.850000000002 14513.150000000001 82.250000000000014 0.28819444444444448 15999.400000000003 125.75000000000001 3882.6867789077414 37313.200000000004 15326.750000000002 14594.85 1098.5530000000001 418.1136842105264 15655.600000000002
decision_type=2 2 2 2 2 2 2 2 2 2 2 2 2 2 2 2 2 2 2 2 2 2 2 2 2 2 2 2 2 2 2 2 2 2 2 2 2 2 2 2 2 2 2 2 2 2 2 2 2 2 2 2 2 2
left_child=1 2 3 13 5 -3 7 -5 34 -10 11 14 41 -1 -11 20 17 38 -14 -20 47 22 23 -22 26 36 -24 -27 29 -19 -30 32 -23 -2 -4 -31 -26 -38 42 -39 -32 -8 43 -17 52 -18 -15 -7 -28 -34 -9 -6 -36 -16
right_child=33 4 8 6 51 15 12 50 9 10 -12 -13 18 46 53 16 45 28 19 -21 21 31 24 -25 25 27 48 -29 30 35 40 -33 49 -35 44 -37 37 39 -40 -41 -42 -43 -44 -45 -46 -47 -48 -49 -50 -51 -52 -53 -54 -55
leaf_value=-6.221088342595128e-07 -0.00031490008034782508 0.00042170869173247015 7.1705927808137236e-05 -4.0247883205797576e-05 0.0016747546581017321 -3.2224133001955832e-05 -1.533252261780393e-05 3.1072607751918436e-06 -3.0205748922944489e-06 1.0186517549361802e-06 -0.00030946510352252099 -1.0044049986623393e-07 0.00013453863021750534 8.8473727287661212e-05 8.3172160447273315e-05 5.0617845786618437e-06 0.0019730881602738012 0.0017851085175919139 -0.001113283661249903 9.9366670172814706e-08 0.00020952300236590891 0.00013857635805872247 -7.7856485586173817e-08 -0.00076256722576630107 -1.840280801722814e-06 6.6323036599567616e-08 0.00058368571949922628 -4.1257010829584284e-06 4.3566404504802261e-06 -1.0201223409433498e-05 -0.0011519354674495324 4.4830442685688946e-06 -0.00083351040640708071 -0.029185695325813343 0.00073793456754031898 2.8927304992468886e-06 0.00015260635264751946 0.0001384899893112916 -0.00032417183681756267 -1.1062161911897623e-06 -1.6611370913515312e-06 -0.0016601124988560925 -6.9794311579374172e-06 -0.00058676441089392645 1.1593699895768099e-05 1.3590256200577393e-06 0.00024121608515074609 -8.3990119984681982e-07 2.9435295844497097e-06 -9.2755333961012695e-06 2.8517548088545332e-05 7.1350635384247906e-06 7.2869457321116363e-06 0.00047940695934957784
leaf_weight=37 20 20 31 31 20 20 29 20 21 28 20 35 20 27 20 21 22 34 22 20 20 31 24 25 20 20 26 21 20 38 30 36 27 29 20 29 26 20 23 26 35 20 31 21 20 20 21 20 25 26 22 22 23 20
leaf_count=37 20 20 31 31 20 20 29 20 21 28 20 35 20 27 20 21 22 34 22 20 20 31 24 25 20 20 26 21 20 38 30 36 27 29 20 29 26 20 23 26 35 20 31 21 20 20 21 20 25 26 22 22 23 20
internal_value=1.10701e-05 0.000107198 0.00066075 -1.85874e-05 -0.000244055 -0.000376486 -0.00076087 0.000616438 0.00142857 0.000694444 0.00126016 0.0018932 -0.00166667 0.00158824 0.00308824 -0.000481682 -0.00104938 -0.0014539 -0.000483871 -0.00166667 -3.63196e-05 0.000174263 0.0006917 -0.00122222 0.00110577 0.000413534 0.00233333 -0.00158537 -0.000698925 0.000148515 -0.00170588 -0.000916667 -0.00166667 -0.00255102 0.00255319 -0.0011194 0.00130435 0.00194444 -0.00291667 0.000652174 -0.00253846 -0.00316327 -0.00226027 -0.00119048 0.0034127 0.00166667 0.00291667 -0.002 0.00343137 -0.00273585 0.00238095 0.00214286 0.00430233 0.0045
internal_weight=1355 1306 507 269 799 757 184 73 238 144 123 103 111 85 68 737 324 282 62 42 413 373 253 45 208 133 75 41 186 101 85 120 84 49 94 67 92 72 96 46 65 49 73 42 63 42 48 40 51 53 42 42 43 40
internal_count=1355 1306 507 269 799 757 184 73 238 144 123 103 111 85 68 737 324 282 62 42 413 373 253 45 208 133 75 41 186 101 85 120 84 49 94 67 92 72 96 46 65 49 73 42 63 42 48 40 51 53 42 42 43 40
is_linear=0
shrinkage=0.005


Tree=13
num_leaves=50
num_cat=0
split_feature=70 21 46 35 42 5 71 44 11 69 29 26 13 17 57 21 27 23 25 69 26 44 69 11 92 17 40 77 26 23 70 8 35 7 40 11 88 89 33 40 40 36 3 16 17 89 29 19 26
split_gain=12.6648 13.3841 10.9967 11.5036 9.53706 8.87122 8.79103 12.4868 9.36816 8.50024 8.04862 9.12901 7.97539 7.7381 8.09157 6.9931 9.29482 6.95672 6.88282 6.60324 6.53311 6.52709 6.18 6.62333 6.07695 7.54697 6.6086 6.07367 5.93854 6.8269 6.09524 5.85893 7.11302 6.97005 5.64974 5.66274 4.95238 4.76455 4.91327 4.73387 4.33714 5.15703 4.26718 4.19072 4.27111 4.16583 3.77641 2.48082 1.59307
threshold=1024.6000000000001 27.925000000000004 90.939998626708999 25.825000000000006 107.47499847412111 12909.875000000002 1744.7505000000003 2.3430000543594365 31368.300000000003 27989.150000000005 95.750000000000014 46.750000000000007 5639.5500000000011 233.05000000000004 -0.56174490092936669 14.275000000000002 80.750000000000014 99.250000000000014 204.75000000000003 31060.300000000007 104.25000000000001 4.0625000000000009 32898.850000000013 37390.80000000001 28190.717250000005 143.00000000000003 126.25000000000001 4651.5934787748156 2.2500000000000004 99.250000000000014 0.92450000000000021 422.5526315789474 24.375000000000004 32.685000000000009 87.750000000000014 42121.850000000013 6085.9335416666681 988.95834374999993 105.75000000000001 83.250000000000014 95.250000000000014 80.750000000000014 14181.550000000001 5773.4500000000016 107.85000000000001 1507.06749375 70.250000000000014 1044.0000000000002 80.750000000000014
decision_type=2 2 2 2 2 2 2 2 2 2 2 2 2 2 2 2 2 2 2 2 2 2 2 2 2 2 2 2 2 2 2 2 2 2 2 2 2 2 2 2 2 2 2 2 2 2 2 2 2
left_child=1 2 -1 15 18 24 8 36 9 -2 11 12 13 14 43 -4 21 -7 -3 -14 37 47 46 -24 25 34 39 31 -27 -30 -31 32 -16 40 -5 45 -8 -13 42 -26 41 -34 -39 -10 -45 -36 -6 -17 -40
right_child=6 4 3 5 22 17 7 -9 10 -11 -12 20 19 -15 27 16 -18 -19 -20 -21 -22 -23 23 -25 26 28 -28 -29 29 30 -32 -33 33 -35 35 -37 -38 38 48 -41 -42 -43 -44 44 -46 -47 -48 -49 -50
leaf_value=-0.0013077986478529249 0.00056984024690707514 0.00015828267798503813 -0.000728493887080154 -0.00057518730854480202 0.00050254147454464339 1.8974316243869567e-05 -1.6527442862854825e-06 9.8733423167337937e-07 9.3741420880961521e-05 -0.0012624497715333098 6.4846434495005373e-05 1.4920341465299693e-06 -1.5255860004714909e-05 -2.1681782651370903e-07 -1.2220158911906498e-06 0.00057826137645695258 -0.00030897573511685358 -3.0769041203843351e-06 -0.00026295131093072348 1.1840550649780864e-06 1.2987449559681263e-06 1.6042066418071755e-06 -1.8426258338435075e-05 0.029889130733442279 9.9862004311559334e-07 -0.0011209741473087837 1.4412867293682268e-05 -0.00015649395547243593 -5.3454137285590582e-06 0.00070219663875623138 -1.6436138204471864e-05 -1.0818434834563206e-06 7.134739816909655e-05 0.0005166934568168139 -0.0009270474992773512 -6.3489751475013008e-07 -3.7710326551506368e-07 2.3156999158853404e-06 5.2892939569609208e-06 -0.0010546191137165298 -7.2699679628338621e-07 1.0273918134482174e-06 4.375571547658737e-06 -1.3479143173186756e-06 4.0780781995636379e-06 -9.4299370905405618e-06 0.0026515839888978498 0.00026709951586709391 0.00068332373342917265
leaf_weight=28 21 26 29 29 20 25 24 25 39 33 20 21 27 39 27 21 23 36 36 35 38 30 27 20 20 31 21 30 32 21 21 39 21 21 35 30 28 23 21 23 31 20 27 20 25 33 38 22 23
leaf_count=28 21 26 29 29 20 25 24 25 39 33 20 21 27 39 27 21 23 36 36 35 38 30 27 20 20 31 21 30 32 21 21 39 21 21 35 30 28 23 21 23 31 20 27 20 25 33 38 22 23
internal_value=3.69004e-06 -0.000480059 -0.000882353 -0.000705394 0.000748503 -0.00116246 0.000486726 -0.0011039 0.000690516 -0.0012963 0.000886654 0.000768501 0.000347594 0.000673077 0.000970696 0.0006 0.00125 0.00057377 -0.000806452 -0.00129032 0.00179739 0.00212329 0.00166667 0.000319149 -0.00152027 -0.00189655 -0.00015625 0.000396825 -0.000904762 -0.000135135 0.00119048 0.000786164 0.00133333 0.00198925 -0.00271654 -0.00214286 -0.0025 0.0023913 0.00287234 -0.00127907 0.00125 0.00231707 0.0018 0.0022619 0.00122222 -0.00294118 0.00275862 0.00337209 0.00409091
internal_weight=1355 677 510 482 167 357 678 77 601 54 547 527 374 312 273 125 96 61 62 62 153 73 105 47 296 232 64 189 105 74 42 159 120 93 127 98 52 115 94 43 72 41 50 84 45 68 58 43 44
internal_count=1355 677 510 482 167 357 678 77 601 54 547 527 374 312 273 125 96 61 62 62 153 73 105 47 296 232 64 189 105 74 42 159 120 93 127 98 52 115 94 43 72 41 50 84 45 68 58 43 44
is_linear=0
shrinkage=0.005


Tree=14
num_leaves=54
num_cat=0
split_feature=14 70 31 72 71 16 37 43 94 65 0 68 86 2 43 88 44 75 44 5 5 29 37 28 16 31 31 19 7 3 71 75 77 5 35 11 75 37 71 74 19 19 94 75 79 29 6 5 72 45 0 94 31
split_gain=14.3281 10.3534 8.90789 8.74925 9.56821 8.8737 7.5366 7.12175 7.21497 12.286 11.659 9.2392 7.33463 11.8505 6.9713 7.14357 6.75 6.63758 6.59341 6.31579 9.54545 7.21127 7.2 6.93588 13.4425 11.0031 9.70136 6.79467 6.32917 7.19943 6.25838 6.12659 7.48314 8.00333 6.42483 6.32473 6.88754 6.10678 7.57576 5.63478 5.61519 5.12422 5.11251 4.66098 4.55111 4.2964 4.03333 8.1 4 3.18056 2.60999 2.283 1.63902
threshold=11967.550000000001 1024.6000000000001 4.2250000000000005 1409.1010000000003 899.63550000000009 6305.5500000000011 95.250000000000014 72.205001831054702 748677.38033750025 27100.250000000004 27015.200000000004 1231.4915000000003 1483.6000000000001 2557.1000000000004 66.875000000000014 11475.334166666669 3.342000007629395 676.52710163964014 4.0290000438690194 12120.855000000001 13003.070000000002 86.250000000000014 91.750000000000014 25.025000000000002 5554.4000000000005 4.8250000000000011 8.8250000000000028 978.20000000000016 1691.3850000000002 15054.344500000001 834.30000000000007 176.39589562775396 4189.6215367364521 5507.9250000000002 25.225000000000005 37737.200000000004 526.86103759723778 61.750000000000007 1447.3335000000002 905.6833645833334 245.25000000000003 789.50000000000011 566074.88874750014 488.78129515775555 619.75692165551743 85.250000000000014 6386.0500000000011 8995.4100000000017 1293.9000000000003 24932.500000000004 31551.150000000005 630879.96120625024 6.9750000000000005
decision_type=2 2 2 2 2 2 2 2 2 2 2 2 2 2 2 2 2 2 2 2 2 2 2 2 2 2 2 2 2 2 2 2 2 2 2 2 2 2 2 2 2 2 2 2 2 2 2 2 2 2 2 2 2
left_child=2 3 50 4 19 16 30 40 9 17 -11 39 13 -13 -6 18 -5 51 -16 21 -21 23 -23 -2 25 -25 -27 46 -22 -30 49 -15 35 34 -34 -33 -37 38 -32 -12 -3 -8 -41 -29 -24 -44 -26 -48 -42 -4 -1 -9 -45
right_child=1 7 6 5 14 -7 41 8 -10 10 11 12 -14 31 15 -17 -18 -19 -20 20 28 22 44 24 27 26 -28 43 29 -31 37 32 33 -35 -36 36 -38 -39 -40 42 48 -43 45 52 -46 -47 47 -49 -50 -51 -52 -53 -54
leaf_value=-0.0023504008035186742 0.00098451037222491654 0.00011491217170435288 6.0396968353265765e-06 -0.0017411340005719495 -0.00070168830499268725 7.6221115707216777e-06 -0.00083871199462855651 0.00052252942344816269 -1.9747649070422364e-06 -1.0393883000481095e-05 -7.8674718028566413e-06 -2.9210592833333982e-06 1.616095449538923e-06 -1.0189450542066753e-06 0.002068735842079842 -0.00087826804093878901 -0.00045784653568241388 3.0893178277944994e-07 -5.9325130665216249e-05 -0.0001645705488162614 0.0003055156363940796 -0.00043029362125573067 8.8800872913602919e-06 -0.0010693243739649538 5.8927883086283162e-05 0.00028385151693876757 -0.0010434777255362399 0.00080993232620868005 0.00026606760568011065 -0.00025688459110786212 -0.00097555178018839475 1.449640965245056e-05 -1.1513156356825563e-06 -0.00019213067949151098 2.3823520870746585e-06 3.6223089649046612e-06 -2.5096271832500154e-06 1.8101071452300076e-06 -5.4459076300045602e-08 0.001140870606594957 1.7034827306197739e-06 -1.1408010799002016e-06 0.0011067206009144305 0.0056894330105963231 -2.2630924276635664e-05 -1.9663539541193012e-06 -0.00069447881013193951 0.00071258207626703903 6.1624152468461852e-06 -1.0031247465890203e-06 -1.4456587902180726e-06 0.00037996417253410549 0.0024698422906509689
leaf_weight=21 20 23 39 24 27 23 23 23 34 28 20 29 22 27 24 37 24 20 28 28 23 36 25 23 20 23 22 24 26 28 24 34 22 27 26 23 25 28 20 31 32 21 20 21 20 21 20 20 32 22 20 32 20
leaf_count=21 20 23 39 24 27 23 23 23 34 28 20 29 22 27 24 37 24 20 28 28 23 36 25 23 20 23 22 24 26 28 24 34 22 27 26 23 25 28 20 31 32 21 20 21 20 21 20 20 32 22 20 32 20
internal_value=-1.84502e-05 0.000206684 -0.00119266 -0.000255973 -2.91262e-05 -0.00190141 -0.000706215 0.00069873 0.000452586 0.000627907 0.000239437 0.000504587 -2.12766e-05 -0.000305164 -0.0012931 -0.000617978 -0.003125 0.00246667 0.000576923 0.000338346 -0.000714286 0.000714286 -0.000555556 0.00119718 0.000906736 -0.000882353 0.000555556 0.00188 0.000194805 -0.000740741 -0.000112782 0.000163043 0.000541401 -0.0006 0.000625 0.00158537 0.000416667 -0.00111111 -0.00227273 0.00184783 0.00201149 -0.0025 0.0025 0.003 0.000777778 0.00134146 0.000666667 -0.00025 0.00125 0.00106557 -0.00329268 0.00336364 0.00402439
internal_weight=1355 1137 218 586 515 71 177 551 464 430 355 327 235 213 116 89 48 75 52 399 105 294 81 213 193 68 45 125 77 54 133 184 157 75 48 82 48 72 44 92 87 44 72 65 45 41 60 40 64 61 41 55 41
internal_count=1355 1137 218 586 515 71 177 551 464 430 355 327 235 213 116 89 48 75 52 399 105 294 81 213 193 68 45 125 77 54 133 184 157 75 48 82 48 72 44 92 87 44 72 65 45 41 60 40 64 61 41 55 41
is_linear=0
shrinkage=0.005


Tree=15
num_leaves=50
num_cat=0
split_feature=95 68 2 76 26 65 17 17 1 64 68 14 37 29 34 10 25 37 34 61 2 39 20 93 37 44 77 68 17 77 65 5 56 93 63 70 64 25 45 29 10 10 63 71 26 33 34 37 2
split_gain=10.5216 10.202 9.8576 7.9298 10.7808 17.9369 8.4811 13.1806 14.3436 12.6238 9.59686 7.97524 10.298 7.87399 7.75239 7.58416 9.72244 7.34487 7.2215 7.01558 6.81207 6.57609 6.45796 6.20773 6.17032 6.16423 6.09734 6.01604 5.7933 5.70032 7.21501 5.56529 5.4838 4.95754 4.91156 4.50667 4.45455 4.41817 4.24242 4.18284 3.88267 7.30259 8.25233 6.38501 3.82222 2.81299 2.79501 2.72109 1.09412
threshold=1.0000000180025095e-35 1121.5380000000002 2773.6000000000004 28541.735416666666 4.2500000000000009 33557.350000000013 134.55000000000004 39.800000000000004 14155.150000000003 938.52550000000008 1044.8275000000001 15771.950000000003 90.750000000000014 79.250000000000014 82.250000000000014 25644.100000000002 27.750000000000004 99.250000000000014 81.750000000000014 32223.100000000002 3275.4000000000005 200.25000000000003 1131.5500000000002 416.57000000000005 69.250000000000014 3.5145000219345097 3925.6168156904209 645.71500000000003 158.25000000000003 3410.6535541864264 28551.950000000004 12612.895000000002 0.6078576107927941 404.44289285714291 30555.950000000004 1601.7 1682.5500000000002 215.25000000000003 23021.000000000004 79.750000000000014 33871.000000000007 30892.500000000004 29426.950000000004 1222.2465000000002 25.250000000000004 181.25000000000003 58.250000000000007 90.250000000000014 2878.8000000000006
decision_type=2 2 2 2 2 2 2 2 2 2 2 2 2 2 2 2 2 2 2 2 2 2 2 2 2 2 2 2 2 2 2 2 2 2 2 2 2 2 2 2 2 2 2 2 2 2 2 2 2
left_child=3 14 15 22 5 11 7 8 9 -6 31 33 -13 17 23 -3 38 19 28 -8 39 40 27 -2 -21 -12 -20 -1 -15 -18 -31 37 -29 -5 -14 -23 -32 44 -17 -10 41 42 -4 -43 -9 -19 -35 -42 -46
right_child=1 2 21 4 6 -7 13 10 20 -11 25 12 34 18 -16 16 29 45 26 24 -22 35 -24 -25 -26 -27 -28 32 -30 30 36 -33 -34 46 -36 -37 -38 -39 -40 -41 47 43 -44 -45 48 -47 -48 -49 -50
leaf_value=0.00070307810338979997 0.0014119847049233456 -0.00172727063614949 1.0437953835065633e-06 -0.00034338908665627058 -0.0016771864927360863 3.7550819026019169e-06 0.0023503658111031032 -0.0008173110916864394 0.0017684325638462936 4.1752301017645397e-06 -0.00016535250272668861 7.1302651807052681e-06 -0.0019077320950230186 4.4216245401476571e-06 -1.3506593430543414e-06 -7.7692471230813618e-07 1.5493811962174968e-06 -0.0010120982271528195 0.00076028266195565602 -2.3810702101665364e-05 -1.1294100440193206e-06 1.1539521763030087e-06 0.00029308364178294208 0.00074318627302479988 2.6014824563021627e-05 2.6824266359019017e-06 1.9993662194318785e-05 2.253970912377697e-05 -7.2989587920984866e-06 -1.205756771019094e-06 6.6420868447206076e-07 -1.5790738806494455e-07 -0.00034178474016674883 -0.00106603571260812 -0.00010423439377322435 -9.1127117433349106e-07 -1.0469694118095666e-06 -1.5167684077644315e-05 1.5807909659669215e-06 2.886481964632322e-06 1.4384548618381646e-06 1.9411223881351181e-06 2.3878556274823504e-05 -1.1617080709889663e-06 -0.00023806304004024949 -0.00037995948022327892 -8.2826417060571862e-06 7.098240735571406e-06 -0.0011773900485459411
leaf_weight=22 39 21 26 28 37 32 20 23 24 28 34 35 24 20 27 20 28 20 35 35 23 24 39 22 38 25 37 38 31 28 22 21 30 32 25 25 22 20 22 37 21 35 22 23 20 22 34 28 31
leaf_count=22 39 21 26 28 37 32 20 23 24 28 34 35 24 20 27 20 28 20 35 35 23 24 39 22 38 25 37 38 31 28 22 21 30 32 25 25 22 20 22 37 21 35 22 23 20 22 34 28 31
internal_value=-0.000105455 0.000516484 0.000149864 -0.000413043 -0.000600506 -0.00157143 -0.00024957 -0.000789474 0.000302013 -0.00146154 -0.00172414 -0.00219101 -0.00107143 0.000426357 0.00204545 -0.000766871 -0.000352113 -0.000407407 0.00134146 0.000376344 0.00166667 0.000882353 0.000736434 0.00303279 -0.000342466 -8.47458e-05 0.00236111 0 -9.80392e-05 -0.0012 -0.00194444 -0.00256522 -0.000735294 -0.00319149 -0.00255102 -0.000714286 -0.000681818 -0.00308511 0.00166667 0.00254098 0.0013871 0.000849057 0.00229167 -0.000344828 -0.00364865 -0.00214286 -0.00393939 0.00255102 -0.00441176
internal_weight=1375 455 367 920 791 210 581 323 149 65 174 178 84 258 88 163 142 135 123 93 84 204 129 61 73 59 72 90 51 100 72 115 68 94 49 49 44 94 42 61 155 106 48 58 74 42 66 49 51
internal_count=1375 455 367 920 791 210 581 323 149 65 174 178 84 258 88 163 142 135 123 93 84 204 129 61 73 59 72 90 51 100 72 115 68 94 49 49 44 94 42 61 155 106 48 58 74 42 66 49 51
is_linear=0
shrinkage=0.005


Tree=16
num_leaves=52
num_cat=0
split_feature=70 72 40 13 11 1 84 63 13 23 40 25 22 76 10 1 73 83 75 75 26 81 25 83 79 13 19 41 43 41 90 40 1 1 70 70 41 79 41 90 13 8 85 25 8 22 46 39 97 1 63
split_gain=8.17644 13.6656 15.9534 12.8241 10.9629 9.74354 9.80877 9.53076 9.24092 8.27829 8.01974 7.79349 12.9303 7.48735 10.5205 7.41687 7.32955 11.3958 8.21901 7.24442 12.1814 8.73035 7.16855 8.30348 7.15577 6.49342 6.41778 6.13636 5.72368 5.68889 5.58338 7.50355 5.37401 9.45935 6.93829 8.6383 7.81572 6.27881 5.84963 7.04045 6.55746 8.35797 4.95718 4.9 4.87151 4.54822 4 3.24 3.17979 1.79274 2.05628
threshold=985.40300000000013 0.99150000000000016 156.75000000000003 4563.7500000000009 34623.400000000009 15804.000000000002 1669.4833958333336 24102.450000000004 1711.1500000000003 93.250000000000014 73.750000000000014 18.250000000000004 93.250000000000014 29304.100000000002 32076.850000000002 15105.700000000003 1039.8875000000003 2112.0000000000023 206.54351652309364 303.8725585219475 12.750000000000002 4411.2982446822925 23.750000000000004 2849.599999999999 533.33254939619667 7383.4000000000005 1175.6500000000003 59.750000000000007 86.155002593994155 97.750000000000014 2564.1724500000005 98.250000000000014 15511.250000000002 15213.800000000001 1104.7000000000003 1226.2935000000002 87.250000000000014 619.75692165551743 74.250000000000014 2129.5669500000008 5103.4000000000005 418.56958748221911 1691.3000000000002 175.75000000000003 403.46514285714289 77.250000000000014 103.15500259399415 163.75000000000003 0.48958333333333343 13753.450000000003 30359.700000000001
decision_type=2 2 2 2 2 2 2 2 2 2 2 2 2 2 2 2 2 2 2 2 2 2 2 2 2 2 2 2 2 2 2 2 2 2 2 2 2 2 2 2 2 2 2 2 2 2 2 2 2 2 2
left_child=1 8 3 4 -3 6 11 -5 26 15 -6 12 -2 -10 -15 47 18 27 -7 -16 -21 28 46 32 -23 -4 -1 -18 29 43 31 -8 33 34 -24 -36 37 38 39 40 41 44 -39 -22 -37 -20 -13 -9 -38 -11 -51
right_child=5 2 25 7 10 16 30 9 13 49 -12 22 -14 14 19 -17 17 -19 45 20 21 24 23 -25 -26 -27 -28 -29 -30 -31 -32 -33 -34 -35 35 36 48 42 -40 -41 -42 -43 -44 -45 -46 -47 -48 -49 -50 50 -52
leaf_value=-4.2244722111848752e-06 -0.00025420723745927138 -0.0019455360826798052 0.00084913724198040189 3.1355094182091237e-05 -0.00026648369080544359 -2.3564508931532646e-07 -1.2694413443257872e-06 -0.0008424070192255737 0.0028303809928940317 -0.0006582354003694627 3.5445323224022007e-05 9.2087423380259956e-05 3.6156085657464395e-05 -1.3181702991784769e-05 -0.00091667370118441696 1.226725023056783e-07 -2.8694020946856276e-07 -5.340740755928637e-06 1.1014812948196519e-05 0.0015415421284912423 -7.4625138456162561e-07 0.00024289465980742846 0.00014849024570318914 0.00032924791856581495 -0.0003968924959960167 -9.5479296278140551e-07 -0.0083163345492994669 6.7992796115461348e-06 0.0034268390212289358 -8.4910447952878494e-06 2.5320971678997909e-08 -1.6266906894490493e-06 -1.7051520881002162e-05 5.3934582287177806e-06 -0.000647154716704296 0.00023989971983317599 -1.8843542654812926e-05 -5.7123908226547782e-06 0.00011432901959586305 -1.1034354429105459e-06 -1.1512815402818234e-06 5.155921127055275e-06 5.4410851687683409e-06 0.00020143896495067559 -6.2077911280056089e-07 0.00071170714836284133 5.459800459789344e-06 -0.0013344256986813669 -0.00062984407539606315 -0.0021697789224095205 -0.00058550942334090748
leaf_weight=25 39 30 21 23 28 21 29 20 20 26 39 25 23 26 21 38 20 39 20 39 24 20 34 25 32 25 20 24 33 30 20 25 20 23 20 23 21 21 31 33 22 20 25 36 28 37 20 25 20 38 28
leaf_count=25 39 30 21 23 28 21 29 20 20 26 39 25 23 26 21 38 20 39 20 39 24 20 34 25 32 25 20 24 33 30 20 25 20 23 20 23 21 21 31 33 22 20 25 36 28 37 20 25 20 38 28
internal_value=-0.00012 -0.000517241 -0.00121701 -0.00164407 -0.000154639 0.000254237 -6.39854e-05 -0.00237374 0.000214724 -0.00277143 0.000970149 0.000200846 -0.00145161 0.000551601 0.00032567 -0.00162651 0.0013354 0.000301205 0.0024359 0.000659574 0.000934579 0.000371429 0.000450122 0.000218579 -0.00134615 0.00152174 -0.00188889 0.00204545 0.00109756 0.000444444 -0.00175676 -0.00259259 1.46628e-05 0.00017134 -6.71141e-05 -0.000340909 -8.19672e-05 0.000320197 0.000796178 0.00031746 0.00102151 0.00176056 -0.00130435 0.00133333 0.000686275 0.00342105 0.00233333 -0.003 -0.00207317 -0.00380435 -0.00424242
internal_weight=1375 667 341 295 97 708 547 198 326 175 67 473 62 281 261 83 161 83 78 235 214 175 411 366 52 46 45 44 123 90 74 54 341 321 298 264 244 203 157 126 93 71 46 60 51 57 45 45 41 92 66
internal_count=1375 667 341 295 97 708 547 198 326 175 67 473 62 281 261 83 161 83 78 235 214 175 411 366 52 46 45 44 123 90 74 54 341 321 298 264 244 203 157 126 93 71 46 60 51 57 45 45 41 92 66
is_linear=0
shrinkage=0.005


Tree=17
num_leaves=54
num_cat=0
split_feature=35 2 30 87 4 38 68 37 10 14 81 29 83 72 31 83 83 24 13 10 35 24 27 28 37 69 61 69 38 29 31 82 32 32 20 19 31 98 68 2 31 28 34 13 41 40 4 82 7 19 14 24 29
split_gain=12.0388 18.2546 16.0922 16.0524 18.5987 11.5694 9.37988 8.75467 8.49978 11.3978 8.49829 9.46943 8.07356 7.85714 7.62644 7.48831 7.39623 6.72726 6.61227 6.5624 6.53333 6.32675 7.76398 7.42029 6.70602 8.66162 13.0563 5.60345 5.46559 12.0653 8.84211 9.3148 10.982 6.07658 5.35737 10.2324 8.09783 9.59079 6.28354 9.90179 6.22645 5.88 5.29532 6.7349 5.09895 4.9 4.28148 3.87879 3.07302 2.61905 2.56 2.15111 1.8087
threshold=26.025000000000002 2612.8500000000004 48.750000000000007 0.34375000000000006 7499.920000000001 2.8750000000000004 1.0020000000000002 16.750000000000004 28975.050000000007 13708.200000000003 4672.9772922324728 90.250000000000014 2013.0000000000002 899.97300000000007 5.4250000000000016 2083.7999999999997 2421.5499999999979 8.2250000000000014 3245.2000000000003 30664.800000000007 24.025000000000002 6.1750000000000016 113.75000000000001 27.575000000000006 66.750000000000014 34926.80000000001 32768.850000000006 32226.900000000005 11.175000000000002 79.750000000000014 7.2750000000000012 -1.0499999999999543 260.75000000000006 234.75000000000003 2235.8500000000004 2384.1500000000005 6.1250000000000009 0.37847222222222227 1599.3500000000001 2837.8500000000004 3.6750000000000003 22.825000000000006 68.750000000000014 4887.0000000000009 78.250000000000014 120.75000000000001 4192.2850000000008 -3.3924999999999268 159.89500000000004 639.40000000000009 16592.500000000004 10.725000000000001 73.250000000000014
decision_type=2 2 2 2 2 2 2 2 2 2 2 2 2 2 2 2 2 2 2 2 2 2 2 2 2 2 2 2 2 2 2 2 2 2 2 2 2 2 2 2 2 2 2 2 2 2 2 2 2 2 2 2 2
left_child=1 3 12 4 8 -3 28 -8 9 -1 11 19 42 -5 -13 -12 18 -18 -14 48 -10 23 24 -21 51 26 27 -26 30 -30 31 -4 33 45 36 41 37 40 39 -38 -7 -36 -2 -44 -32 -33 -41 -22 -9 -16 -40 -23 -25
right_child=2 5 6 13 -6 34 7 10 20 -11 15 14 16 -15 49 -17 17 -19 -20 21 47 22 -24 52 25 -27 -28 -29 29 -31 44 32 -34 -35 35 -37 38 -39 50 46 -42 -43 43 -45 -46 -47 -48 -49 -50 -51 -52 -53 -54
leaf_value=-0.00087445186329790175 0.0014351210974576387 0.00017199369881618298 0.0011705002652619987 -2.564480227843902e-06 0.0013174832771818312 0.00061952436194801701 6.5959525207783239e-05 -0.0010343129498032759 -0.00039021535408602609 0.00052852734990603404 2.4877755240607591e-05 0.00015692121793949615 8.6754478837840943e-07 -0.0013312403844400239 -3.8572017399003458e-06 -1.0320942384656187e-05 0.0003042312472484657 -2.0470109612598594e-06 -2.8025474377217463e-05 -1.489242238269935e-06 -0.0001015737627417387 -1.0152264777322617e-06 5.7482356143265813e-06 -0.00095309292854567145 2.8160551932610349e-07 -0.00057756495012673914 5.0521674578160931e-06 -0.00093039404123135857 -1.1788889984623334e-05 0.00025539257369257094 -3.3143855568038674e-06 0.00050541236415694625 0.017002283728445228 -2.4028824049498205e-05 -2.5428997679972011e-05 5.6036270283917276e-06 -2.2241700122834637e-06 -1.3980986542919378e-05 1.1124143506411524e-06 0.00071467413790847684 -7.2407128072342626e-07 2.2114422160898659e-06 1.0585729651713e-05 -1.3503230997452473e-05 -0.00018877137484118987 -4.2934529594714666e-05 5.1904514874481647e-06 8.0056485970115557e-07 -0.00037519858214400556 8.5366749946789213e-07 5.4406751826222425e-06 -0.00098711981030286762 -0.0003773474466537391
leaf_weight=29 22 28 20 20 21 29 22 36 21 25 22 23 26 35 20 20 23 30 27 23 22 20 23 20 26 23 35 32 27 26 26 20 22 21 30 38 28 24 25 24 39 20 37 24 31 20 30 27 20 22 20 25 26
leaf_count=29 22 28 20 20 21 29 22 36 21 25 22 23 26 35 20 20 23 30 27 23 22 20 23 20 26 23 35 32 27 26 26 20 22 21 30 38 28 24 25 24 39 20 37 24 31 20 30 27 20 22 20 25 26
internal_value=-9.09091e-05 0.000495327 -0.000464286 -0.0007 0.000172414 0.00120896 -0.000837174 -0.00125571 -0.000564516 0.000925926 -0.00141827 -0.00165775 0.000820106 -0.003 7.69231e-05 0.000714286 -9.43396e-05 0.00122642 -0.00141509 -0.00202265 -0.00171429 -0.00167984 -0.00119565 -0.00297101 -0.00158385 -0.000948276 -0.000268817 -0.00172414 2.34742e-05 0.00141509 -0.0004375 0.000436893 -0.000301205 -0.00139344 0.000928339 -0.000113636 0.00134703 0.000217391 0.00216535 0.00134146 0.00117647 -0.0016 0.00198795 0.00122951 -0.00201754 -0.00025 0.00259259 -0.000714286 -0.00357143 -0.00119048 0.00366667 -0.00322222 -0.00413043
internal_weight=1375 535 840 200 145 335 651 438 124 54 416 374 189 55 65 42 106 53 53 309 70 253 184 69 161 116 93 58 213 53 160 103 83 61 307 88 219 92 127 82 68 50 83 61 57 40 54 49 56 42 45 45 46
internal_count=1375 535 840 200 145 335 651 438 124 54 416 374 189 55 65 42 106 53 53 309 70 253 184 69 161 116 93 58 213 53 160 103 83 61 307 88 219 92 127 82 68 50 83 61 57 40 54 49 56 42 45 45 46
is_linear=0
shrinkage=0.005


Tree=18
num_leaves=52
num_cat=0
split_feature=95 72 8 16 80 2 27 16 40 85 82 67 63 73 83 82 13 98 10 41 13 61 83 70 73 80 83 24 35 83 83 77 65 27 40 63 32 13 35 81 26 44 65 80 40 83 16 77 65 44 77
split_gain=13.1624 12.9645 12.2307 10.7543 11.6362 10.8191 10.9648 10.6209 10.5139 10.0762 9.98955 9.77713 16.9249 8.57873 8.40067 8.02222 11.1111 7.96713 7.87692 7.80712 7.64284 7.5062 11.2344 7.74324 7.50541 7.34677 7.31002 7.00931 10.9188 8.45114 9.84886 7.03275 6.55152 10.1181 9.82891 7.84 6.4 5.85561 5.77806 7.02542 5.72109 5.14286 4.87218 4.79233 4.54301 4.24261 7.71429 3.88658 3.50635 3.21111 3
threshold=1.0000000180025095e-35 1296.0300000000002 419.05207681365579 3788.6500000000005 30805.748611111117 2863.5000000000005 31.250000000000004 5890.7000000000007 57.250000000000007 1509.9500000000003 -1133.9499999999998 31867.900000000005 30497.000000000004 1306.9000000000003 1759.6000000000006 3.6934999999999722 3693.6500000000005 0.84375000000000011 30338.050000000003 86.750000000000014 4191.5500000000011 31436.000000000004 1534.8000000000013 958.65000000000009 1090.2030000000002 33261.520833333336 1795.4499999999973 13.175000000000002 27.225000000000005 2849.599999999999 2541.3999999999983 4183.7506324684546 31378.450000000004 98.250000000000014 121.25000000000001 32439.300000000003 131.75000000000003 1711.1500000000003 26.075000000000006 4484.085677201022 11.750000000000002 3.6505000591278085 29256.350000000002 38143.79791666667 76.750000000000014 1894.1999999999991 5780.5000000000009 4013.7397041409272 23789.350000000002 4.055500030517579 3911.6273716632109
decision_type=2 2 2 2 2 2 2 2 2 2 2 2 2 2 2 2 2 2 2 2 2 2 2 2 2 2 2 2 2 2 2 2 2 2 2 2 2 2 2 2 2 2 2 2 2 2 2 2 2 2 2
left_child=3 7 13 8 5 6 18 49 -1 36 -6 12 45 25 -15 50 -17 27 -5 24 37 22 48 -24 -9 -3 -18 29 31 30 32 -29 33 41 35 -34 -10 -16 -37 -40 -39 42 -13 -36 -32 46 -12 -31 -8 -2 -4
right_child=1 2 15 4 10 -7 21 19 9 -11 11 17 -14 14 20 16 26 -19 -20 -21 -22 -23 23 -25 -26 -27 -28 28 -30 47 44 -33 34 -35 43 38 -38 40 39 -41 -42 -43 -44 -45 -46 -47 -48 -49 -50 -51 -52
leaf_value=-0.0019862129336300997 0.0018041288580368264 -1.9082056755700835e-05 1.1428100705548269e-06 2.3758165631251362e-06 -0.00085968129608800931 0.0010201433484948624 0.0017925444988408038 0.0013171114393532636 -0.00011768085317451304 1.3237287360964504e-05 -0.002253596130527738 -0.00030618677460296707 3.5799023847308793e-06 3.867704438206602e-06 1.9136057339904744e-07 -2.2461987453502504e-06 6.0203310026327042e-06 -0.00032594876883497236 -0.00051525295001779393 -5.7846892163635505e-06 3.115403312084813e-06 0.00070573560874461112 -0.00083173076438640609 0.00023211280484810096 -2.7511049686004134e-06 -3.1783093200772041e-10 -1.8221059234609037e-06 0.00076436798919342428 0.00017116036573190844 0.0019333938121007879 -1.5839510198828296e-05 -1.1729945534700216e-05 -0.00069880624579087773 0.0025007992774144089 -8.0610130981790818e-05 7.4699283074627999e-06 -0.00087914074668970252 -5.6136101033095076e-07 -1.107453555042538e-05 1.7627736397646626e-05 -1.2669472924192878e-06 -7.9540937835951802e-06 7.4921245630259278e-06 -9.2210239820066444e-06 -0.00066520895171316165 -0.0013198729304263863 2.7207816015855041e-07 0.00031148941564499496 9.4588060528601807e-05 6.2397093279506211e-06 4.3775974366823069e-06
leaf_weight=31 36 37 24 32 27 26 21 34 20 30 21 25 38 37 26 24 26 21 20 24 22 20 36 25 24 22 22 20 28 20 23 21 20 27 37 22 20 28 31 27 21 21 38 33 34 38 21 22 24 24 24
leaf_count=31 36 37 24 32 27 26 21 34 20 30 21 25 38 37 26 24 26 21 20 24 22 20 36 25 24 22 22 20 28 20 23 21 20 27 37 22 20 28 31 27 21 21 38 33 34 38 21 22 24 24 24
internal_value=-4.72727e-05 0.000648352 7.98722e-05 -0.000391304 -0.000201465 0.000833333 0.000393258 0.00190141 -0.00193069 -0.000857143 -0.000544715 -0.000408163 -0.00169492 -0.000699482 0 0.00133333 0.000277778 -8.51064e-05 -0.00153846 0.000731707 -0.000773196 0.00119048 0.000660377 -0.000737705 0.00172414 -0.00228814 0.00166667 5.56793e-05 0.00152174 -0.000210526 -0.000473373 -0.000121951 -8.8968e-05 0.000855856 -0.000705882 0.0003 -0.0025 -0.00153333 0.001 0.000172414 -0.00255102 0 0.000714286 -0.00214286 -0.00236842 -0.003 -0.00190476 0.00190476 0.00255556 0.0035 0.00291667
internal_weight=1375 455 313 920 819 204 178 142 101 70 615 588 118 193 134 120 72 470 52 82 97 126 106 61 58 59 48 449 69 380 338 41 281 111 170 100 40 75 80 58 49 84 63 70 57 80 42 42 45 60 48
internal_count=1375 455 313 920 819 204 178 142 101 70 615 588 118 193 134 120 72 470 52 82 97 126 106 61 58 59 48 449 69 380 338 41 281 111 170 100 40 75 80 58 49 84 63 70 57 80 42 42 45 60 48
is_linear=0
shrinkage=0.005


Tree=19
num_leaves=53
num_cat=0
split_feature=95 35 35 25 80 1 20 8 4 76 86 98 31 13 38 31 35 39 5 32 31 4 74 83 66 32 20 2 75 83 83 31 8 8 66 66 60 98 39 1 75 98 98 81 81 20 4 70 7 22 39 2
split_gain=10.5432 9.3757 9.96477 10.1321 10.3943 10.042 9.63993 9.95738 9.3507 13.644 11.619 9.37285 9.14209 13.0305 11.9617 8.855 12.2348 11.0354 8.68778 11.0455 9.2049 8.23869 11.004 10.1939 7.82261 10.6981 7.98498 6.91541 6.32696 6.12969 11.0562 8.40239 10.3896 6.95458 5.87924 10.6909 7.52394 6.16081 5.78528 5.10907 4.90602 4.66169 7.41228 8.56888 8.56126 4.09585 4.71979 4.05326 3.63655 3.27273 3.21905 2.85168
threshold=1.0000000180025095e-35 23.075000000000006 24.025000000000002 16.750000000000004 30895.557638888891 15365.750000000002 1311.1000000000001 404.61532142857146 3997.4950000000003 32218.076041666671 929.3475000000002 0.57291666666666674 10.775000000000002 3885.0000000000005 5.7250000000000005 3.0750000000000006 25.625000000000004 204.75000000000003 3595.5150000000003 89.750000000000014 3.1250000000000004 9880.9200000000019 1210.5110520833334 1553.7999999999995 1425.8500000000001 282.75000000000006 561.95000000000016 2739.6500000000005 669.05644253758885 2638.0500000000034 1870.8999999999962 6.6750000000000016 418.96711237553347 416.18426386913239 1509.9500000000003 1290.5500000000002 1533.9000000000003 0.71875000000000011 197.25000000000003 15135.300000000001 628.30576415976907 0.12152777777777779 0.072916666666666685 4328.9432126272104 4027.9048821484198 1454.1500000000003 2184.5650000000005 1045.6005000000002 25.925000000000004 88.250000000000014 203.25000000000003 2828.8500000000004
decision_type=2 2 2 2 2 2 2 2 2 2 2 2 2 2 2 2 2 2 2 2 2 2 2 2 2 2 2 2 2 2 2 2 2 2 2 2 2 2 2 2 2 2 2 2 2 2 2 2 2 2 2 2
left_child=1 -1 49 -4 5 6 7 21 11 50 15 12 13 14 -6 17 -17 -11 19 -2 -20 22 23 -5 25 26 -18 -21 40 30 34 33 39 -32 35 -22 -36 -38 -29 -33 41 42 43 44 -28 46 -16 -8 -27 -3 -10 -31
right_child=18 2 3 4 8 -7 47 -9 9 10 -12 -13 -14 -15 45 16 24 -19 20 27 29 -23 -24 -25 -26 48 28 38 -30 51 31 32 -34 -35 36 -37 37 -39 -40 -41 -42 -43 -44 -45 -46 -47 -48 -49 -50 -51 -52 -53
leaf_value=0.0011640736681031514 -8.9933019457704986e-05 -0.00068190809175752742 -0.0014748792766159013 1.4015969063083712e-05 2.0235401804067701e-05 0.0016651116721333153 9.2941062759923733e-06 -0.00040219717098517347 -0.0012715808974575031 0.00088355789052105879 -0.0012141613446262161 4.4568836378622638e-06 1.2245617479032594e-05 0.0006268031974712647 1.4922664485100976e-06 -0.00098790067384535831 -0.001758821218442338 -3.1907182026852627e-05 -1.4966832597193895e-06 -1.1071421251524026e-06 0.00049948690492109926 0.00049099088526745067 0.00034846517509817192 -0.0013193888106314505 4.0658239222606255e-06 0.002488295281027337 -9.5194196580093926e-06 7.1082767116877502e-06 -0.00029002889657603651 1.1389601954444956e-05 0.00070225961294585314 -1.1481612879063279e-06 5.5657043423121988e-07 -7.5345039535134642e-07 6.3829161871748021e-06 -4.8024578951546704e-06 0.00029149811905281568 -5.9622345254380347e-07 -2.4929969410247345e-07 -1.1817997490643308e-06 0.00097831361864704198 -0.00052107459095489055 1.3450575188142546e-05 -0.00080193654214901953 0.00011397927500764657 -0.0024259090948310653 -1.3032893698761405e-05 0.0006630052240219434 1.7539597715658394e-05 -0.00025904885768946655 -0.00085538288960756927 0.00011860482634665597
leaf_weight=23 32 22 22 22 22 21 20 26 35 37 29 30 28 20 21 27 21 22 28 20 33 32 23 33 28 21 22 26 26 23 25 33 32 22 31 27 34 22 20 23 24 37 20 30 24 23 32 31 23 22 21 24
leaf_count=23 32 22 22 22 22 21 20 26 35 37 29 30 28 20 21 27 21 22 28 20 33 32 23 33 28 21 22 26 26 23 25 33 32 22 31 27 34 22 20 23 24 37 20 30 24 23 32 31 23 22 21 24
internal_value=-1.81818e-05 -0.000326087 -0.000406912 -0.000287222 -0.000198556 0.000769231 0.00040107 -0.000294118 -0.000521669 -0.00090604 -0.000575448 0.000454545 -6.84932e-05 -0.000677966 -0.00142857 -0.000331492 -0.000676568 0.00144068 0.000604396 -0.000714286 0.000966387 0.000363636 -0.000512821 -0.00172727 -0.000362319 -0.000645161 -0.00112745 0.000454545 -0.00079235 0.00120061 0.000921986 -0.000111111 -0.00102273 0.00159574 0.00187075 0.000666667 0.00270115 0.00160714 0.00152174 -0.00232143 -0.000414013 -0.000789474 -0.000208333 -0.000921053 0.000434783 -0.00236842 -0.00160377 0.0022549 0.00159091 -0.00272727 -0.00321429 0.00287234
internal_weight=1375 920 897 853 831 208 187 136 623 447 391 176 146 118 98 362 303 59 455 98 357 110 78 55 276 248 204 66 183 329 282 135 88 47 147 60 87 56 46 56 157 133 96 76 46 76 53 51 44 44 56 47
internal_count=1375 920 897 853 831 208 187 136 623 447 391 176 146 118 98 362 303 59 455 98 357 110 78 55 276 248 204 66 183 329 282 135 88 47 147 60 87 56 46 56 157 133 96 76 46 76 53 51 44 44 56 47
is_linear=0
shrinkage=0.005


Tree=20
num_leaves=51
num_cat=0
split_feature=70 70 30 13 76 58 78 34 30 39 38 75 21 28 11 76 21 16 53 16 76 39 73 34 98 71 16 71 39 30 28 34 36 22 17 20 45 17 17 30 94 36 28 38 22 20 21 23 16 22
split_gain=9.05938 11.8902 12.9253 9.6166 9.58322 9.3011 12.9978 10.3488 14.0621 11.4491 9.24219 8.22832 8.50024 7.79734 7.30247 6.91023 7.58093 6.34794 9.27442 8.44844 6.54892 6.30457 6.08318 8.61091 8.05664 6.02874 5.4303 5.33968 6.70476 5.17558 5.08561 4.74113 4.57415 5.1986 5.87386 9.04156 5.75051 5.59447 10.0485 7.35817 5.77865 4.2517 4.162 4.13847 5.60333 7.68 3.83546 3.79555 3.42857 2.33333
threshold=963.10000000000014 854.40500000000009 12.750000000000002 4143.4500000000007 36626.027083333342 -0.93301270189221919 560.43588888888905 88.750000000000014 45.250000000000007 234.25000000000003 8.7750000000000021 584.20715795352578 15.325000000000001 26.275000000000002 42121.850000000013 27631.926041666669 27.425000000000001 4957.4000000000005 2.5000000000000004 6151.4000000000005 30418.900000000005 189.25000000000003 1.026 110.25000000000001 0.14930555555555561 780.68250000000012 5846.9500000000007 939.10900000000004 159.25000000000003 99.750000000000014 28.075000000000006 71.750000000000014 64.250000000000014 92.750000000000014 40.550000000000004 319.50000000000006 24192.500000000004 129.10000000000002 187.55000000000004 99.750000000000014 572829.09069562529 80.250000000000014 29.325000000000006 4.325000000000002 77.750000000000014 1565.1000000000001 27.825000000000006 95.250000000000014 6114.7500000000009 88.750000000000014
decision_type=2 2 2 2 2 2 2 2 2 2 2 2 2 2 2 2 2 2 2 2 2 2 2 2 2 2 2 2 2 2 2 2 2 2 2 2 2 2 2 2 2 2 2 2 2 2 2 2 2 2
left_child=1 2 -1 11 17 6 47 8 46 14 27 13 -13 32 15 -10 25 43 48 20 -20 -22 23 24 -9 26 -17 28 -3 49 -15 -28 -2 34 35 -34 41 39 -39 -36 -40 -35 -18 -5 -45 -46 -7 -4 -19 -24
right_child=3 10 5 4 -6 7 -8 22 9 -11 -12 12 -14 30 -16 16 42 18 19 -21 21 -23 29 -25 -26 -27 31 -29 -30 -31 -32 -33 33 36 37 -37 -38 38 40 -41 -42 -43 -44 44 45 -47 -48 -49 -50 -51
leaf_value=0.00026344035116133882 9.5208484397071781e-06 8.2253745350761708e-06 0.0027707743042279481 0.00039368490309637556 -1.9531821541279145e-05 -0.00035769682752602802 -0.00017983327962650648 -3.4750766223999813e-06 0.00049197058807676274 0.0026024542451368289 6.8390977462568623e-06 -0.00036610654434253355 -8.2054540850303158e-07 -3.2288216100918058e-06 1.4547433719394582e-05 -0.0007394499020243184 1.9196272577740151e-05 0.00070466985835878336 1.0157231468513778e-06 0.0012534994266016274 -1.2762185593347955e-06 -4.7803155210762309e-05 -0.00079490161612694903 3.4155366087903225e-05 -0.0007185426157440808 -0.0017456911165433025 -0.00023424206821308271 -0.0012563524481614241 -0.00079333503322904305 -0.00010596053356011449 -3.6894531408099422e-07 1.955164637558274e-05 -7.3170641398792247e-06 1.242207937442485e-05 -3.7845992028765823e-05 0.0003467228492226811 -1.9726324913329443e-06 5.5693844295249535e-05 8.9552541968248995e-07 -5.1884223421921595e-07 -2.2951980472693834e-06 0.00015608247064507807 -0.00012186589180679426 2.0031087818744781e-05 -1.3330697587481691e-06 0.00054396297495644494 -6.0885586446706318e-05 1.1505540075659068e-05 5.3277084535678965e-06 -0.0029443964892907539
leaf_weight=32 24 22 20 27 26 27 22 27 26 29 21 21 33 33 34 35 27 21 34 24 27 28 27 32 24 25 22 30 20 31 35 20 20 28 33 35 25 21 28 28 31 21 28 30 30 20 20 23 21 21
leaf_count=32 24 22 20 27 26 27 22 27 26 29 21 21 33 33 34 35 27 21 34 24 27 28 27 32 24 25 22 30 20 31 35 20 20 28 33 35 25 21 28 28 31 21 28 30 30 20 20 23 21 21
internal_value=-0.000122313 -0.000550388 -0.000271739 0.000269886 0.000972222 -0.000461538 0.00130769 -0.000714286 -0.000153584 0.000325203 -0.0022043 -0.000216346 -0.00203704 5.52486e-05 -6.91244e-05 -0.000464481 -0.000859873 0.00125954 0.000612903 -0.000132743 -0.000842697 -0.00190909 -0.0017284 -0.000783133 -0.00205882 -0.00166667 -0.000974026 -0.00305556 -0.00190476 -0.00272152 -0.00147059 0.000238095 0.000408163 0.000222222 -0.000204082 0.00118182 0.00135135 -0.000744681 0.000125 -0.00188525 -0.000932203 0.00234694 0.000636364 0.00219626 0.001625 0.0006 -0.00265957 0.00290698 0.00261905 -0.00375
internal_weight=1349 645 552 704 288 520 65 455 293 246 93 416 54 362 217 183 157 262 155 113 89 55 162 83 51 102 77 72 42 79 68 42 294 270 196 55 74 141 80 61 59 49 55 107 80 50 47 43 42 48
internal_count=1349 645 552 704 288 520 65 455 293 246 93 416 54 362 217 183 157 262 155 113 89 55 162 83 51 102 77 72 42 79 68 42 294 270 196 55 74 141 80 61 59 49 55 107 80 50 47 43 42 48
is_linear=0
shrinkage=0.005


Tree=21
num_leaves=50
num_cat=0
split_feature=68 70 51 4 88 29 10 37 93 42 20 70 63 70 42 24 24 36 83 7 33 29 88 44 20 20 74 63 41 75 10 61 68 79 37 43 36 79 78 61 24 39 63 7 98 41 27 32 7
split_gain=11.7765 12.2356 9.30643 9.15581 11.3936 9.09295 8.28356 13.0869 9.00095 9.66877 7.98463 15.3224 13.9263 9.32232 10.695 9.82313 7.83329 10.8486 8.63573 8.3711 7.5711 10.0173 6.83327 7.07299 6.33549 6.31169 5.68253 6.55917 5.6818 5.52207 10.0945 6.97705 7.1254 6.58476 8.67706 5.45283 6.76923 4.66368 4.62124 4.32244 4.19377 4.14234 4.02042 3.65714 3.41333 3.18182 3.13873 2.81299 2.38022
threshold=938.15000000000009 963.10000000000014 1.0000000180025095e-35 7270.545000000001 5962.0341666666664 74.250000000000014 30833.600000000002 22.750000000000004 412.36881578947379 229.37500000000003 1047.4500000000003 0.81050000000000011 32607.150000000005 0.77400000000000013 117.79999923706056 8.2250000000000014 5.8250000000000011 89.750000000000014 1925.8999999999999 31.735000000000003 42.250000000000007 75.250000000000014 4114.6629166666671 2.2530000209808354 1565.1000000000001 739.40000000000009 935.03682291666678 27998.050000000007 75.250000000000014 460.72793809003559 32765.000000000004 32223.100000000002 1390.1885000000002 370.24340725936275 66.750000000000014 84.485000610351577 84.250000000000014 410.77407752775144 930.31812500000012 32129.300000000007 11.325000000000001 201.75000000000003 31974.750000000004 333.38500000000005 0.35763888888888895 77.250000000000014 40.750000000000007 73.250000000000014 1509.9950000000001
decision_type=2 2 2 2 2 2 2 2 2 2 2 2 2 2 2 2 2 2 2 2 2 2 2 2 2 2 2 2 2 2 2 2 2 2 2 2 2 2 2 2 2 2 2 2 2 2 2 2 2
left_child=1 10 5 4 24 39 7 -7 9 26 11 12 48 14 28 -15 18 22 19 -8 -13 -22 23 -18 -3 -14 -9 -28 -12 30 40 -31 -33 34 -32 36 -10 -23 -19 -2 -24 -30 -41 -20 -5 -37 -25 -4 -1
right_child=2 3 47 44 -6 6 16 8 35 -11 13 20 25 15 -16 -17 17 38 43 -21 21 37 29 46 -26 -27 27 -29 41 31 33 32 -34 -35 -36 45 -38 -39 -40 42 -42 -43 -44 -45 -46 -47 -48 -49 -50
leaf_value=0.0011903233648393877 -2.7364211845292202e-06 0.0021031848023108624 -0.00054982197349848173 0.0015652867561716161 -9.7152974364308547e-06 0.00041216127824694965 2.6016194571329833e-06 -0.0016007216042615113 6.4978114915993513e-06 7.2149158862006574e-05 3.4585398617076232e-05 0.000277801697869154 -2.2166284824130614e-05 0.0031580461401527916 -0.0034483808239149753 -0.00014114542805762195 -8.1892882315568529e-06 0.00032478213569595786 -8.5985246162033517e-06 -0.00031468886563354643 0.00092296391604933302 -0.0019233173165746111 -2.5265995423841793e-05 5.0813563790626019e-07 0.00057264768874761083 1.05552958818517e-05 7.4848985819147993e-05 -0.0005786219559805009 -9.3219849260140002e-06 2.1067914994694605e-05 -3.1210651582059651e-06 -1.06070926009536e-05 1.0437863200968449e-06 -7.3904736743400081e-06 4.0773833253456687e-06 1.004825111636052e-05 -3.3576623470674509e-06 -0.00016926522502458806 3.0985981235472637e-06 -0.0019692005281487981 -1.0479066707030213e-05 -0.00077310929068919766 -9.6443385136535668e-06 -8.8164515001127012e-06 0.0019347480878669848 4.1442088924804579e-07 4.1722650185890451e-06 -0.0030283394653976138 0.0016568034891557609
leaf_weight=39 30 20 20 20 38 32 30 30 39 24 26 20 21 28 29 21 20 21 36 22 28 25 30 27 23 33 21 25 37 37 23 21 24 26 31 35 33 36 34 23 26 20 20 20 30 20 32 22 21
leaf_count=39 30 20 20 20 38 32 30 30 39 24 26 20 21 28 29 21 20 21 36 22 28 25 30 27 23 33 21 25 37 37 23 21 24 26 31 35 33 36 34 23 26 20 20 20 30 20 32 22 21
internal_value=-0.000196442 0.000398058 -0.000563549 0.00171756 0.000679012 -0.000441919 -0.00027121 0.000444015 2.20264e-05 -0.0011 -5.20833e-05 0.000560538 0.00184211 -0.000900621 -0.00169643 0.000918367 -0.000673913 -0.0003125 -0.00185185 -0.000384615 -0.000779817 -0.00140449 -0.000690236 0.00056962 0.00244186 0 -0.00197368 -0.000869565 -0.000783133 -0.00114679 -0.00176471 -0.000121951 -0.00144444 -0.000625 0.00037037 0.000905512 0 -0.00254098 0.00172727 -0.00212329 -0.00339286 -0.00166667 -0.00313953 -0.00321429 0.0034 0.00209091 0.00144068 -0.00285714 0.0035
internal_weight=1349 515 834 131 81 792 719 259 227 100 384 223 114 161 112 49 460 352 108 52 109 89 297 79 43 54 76 46 83 218 136 82 45 80 54 127 72 61 55 73 56 57 43 56 50 55 59 42 60
internal_count=1349 515 834 131 81 792 719 259 227 100 384 223 114 161 112 49 460 352 108 52 109 89 297 79 43 54 76 46 83 218 136 82 45 80 54 127 72 61 55 73 56 57 43 56 50 55 59 42 60
is_linear=0
shrinkage=0.005


Tree=22
num_leaves=53
num_cat=0
split_feature=69 0 69 43 94 28 0 35 24 20 0 37 74 67 24 76 82 81 26 16 68 33 16 37 40 60 19 19 17 35 5 44 75 24 62 68 10 28 0 75 5 68 20 43 75 26 19 69 0 28 34 40
split_gain=16.9519 11.631 10.3437 9.04138 6.74907 6.4439 7.57246 7.57231 10.9875 9.53114 11.1254 9.69358 8.31903 8.56328 8.54445 6.97649 12.127 10.1651 11.9669 8.52973 8.33011 6.52924 6.25541 6.23535 5.83476 5.45508 5.88695 6.92113 5.40959 7.2003 6.95906 9.00523 7.94627 7.64874 6.70107 6.69321 8.16461 6.2285 5.54176 5.27233 5.1797 7.55714 5.04372 4.67068 6.92507 4.64362 4.45455 3.79442 3.42857 2.5 1.83203 1.80534
threshold=25096.200000000004 27201.650000000005 32014.850000000002 69.200000762939467 662103.47813906276 31.475000000000005 30919.850000000002 26.425000000000004 3.8750000000000004 2508.6500000000005 35003.100000000006 57.250000000000007 752.4710729166668 33866.000000000007 8.8750000000000018 36229.495833333342 3.6934999999999722 3942.6497634111447 69.750000000000014 6595.9500000000007 714.25000000000011 121.75000000000001 7037.2500000000009 14.250000000000002 67.750000000000014 1.2160000000000002 1473.5000000000002 898.80000000000007 46.95000000000001 26.575000000000006 7940.9350000000004 3.8724999427795415 444.65173599798885 6.9250000000000016 1249.0500000000002 927.41650000000016 30216.200000000004 24.725000000000005 29423.500000000004 496.93563437902844 3774.0950000000007 888.66700000000003 739.40000000000009 89.329998016357436 384.0782581423677 19.750000000000004 1291.3500000000001 27069.500000000004 31984.200000000004 27.225000000000005 86.750000000000014 123.25000000000001
decision_type=2 2 2 2 2 2 2 2 2 2 2 2 2 2 2 2 2 2 2 2 2 2 2 2 2 2 2 2 2 2 2 2 2 2 2 2 2 2 2 2 2 2 2 2 2 2 2 2 2 2 2 2
left_child=24 4 3 40 47 6 -4 8 -8 11 -11 -10 21 14 -14 16 17 50 19 49 25 -13 -21 -5 -1 26 27 -17 29 34 31 35 -33 -32 38 -30 -37 46 -25 -26 -3 -42 -22 44 -6 -46 -36 -2 -38 -19 -9 -44
right_child=1 2 5 23 43 -7 7 15 9 10 -12 12 13 -15 -16 20 -18 18 -20 22 42 -23 -24 28 39 -27 -28 -29 30 -31 33 32 -34 -35 37 36 48 -39 -40 -41 41 -43 51 -45 45 -47 -48 -49 -50 -51 -52 -53
leaf_value=6.9270514785110921e-05 -1.9972079784018376e-05 1.2223737635615254e-05 -0.00046185502143586648 0.00034292842858533291 4.8703966928189092e-06 0.00060315605406056785 -2.1621005929803098e-06 -0.00020449041417667152 2.4603116380308468e-05 -9.59795634641531e-05 3.7723918445399129e-06 2.39187821063308e-05 -2.0873494648175009e-06 -0.00016485494934515769 2.2805637678508118e-05 -6.4101358478150235e-06 6.5308928336631778e-06 -4.7020143345963585e-05 0.00045708558189869696 2.0520106321852208e-05 -0.00049294838729009387 -1.4883623116745916e-06 -1.7069404536250661e-06 7.1703860063766694e-05 0.00013870750146081554 0.0017205441455523177 -0.00019311771584201156 0.00030291872101260206 -2.5105739497920965e-05 0.0011541425369594402 -0.00011447416383839622 -0.00067744136806735012 -1.0738810398811863e-06 0.00049294804263741909 0.00060270056903992506 -1.191030924610711e-06 5.5100107584526409e-06 6.3830620059136763e-07 -0.00019568155542854838 0.0044238832297403777 0.00033973077191101151 -0.00075631592044389604 -0.0008700549977515643 8.2928707742945497e-06 -0.0012083705061632821 -0.0017108313837998724 2.4285554221785073e-06 -0.0020959738423010597 5.1206385976420881e-06 -0.0007995469071066791 -1.1180332401562023e-05 -0.00018520078525123399
leaf_weight=24 25 20 28 29 39 21 28 22 30 38 25 38 22 30 21 20 36 20 24 20 20 23 22 26 34 20 25 23 20 24 20 35 33 37 22 23 21 30 30 20 20 36 26 21 23 25 22 24 21 20 20 23
leaf_count=24 25 20 28 29 39 21 28 22 30 38 25 38 22 30 21 20 36 20 24 20 20 23 22 26 34 20 25 23 20 24 20 35 33 37 22 23 21 30 30 20 20 36 26 21 23 25 22 24 21 20 20 23
internal_value=-0.000211268 -0.000350118 -0.000170557 0.000394456 -0.0016242 -0.000581395 -0.000673077 -0.000553691 9.80392e-05 0.000462555 -0.00119048 0.00109756 0.000522388 -0.000616438 0.000813953 -0.00104106 -0.000380435 -0.00101351 -0.000188679 -0.00109756 -0.00181529 0.00188525 0.00047619 0.000699746 0.00205128 -0.000795455 -0.00147059 -0.000348837 0.000521978 0.00123377 0 -0.000555556 -0.00191176 0.00149123 0.000769231 0.000529412 0.00130769 0.00175676 -0.000535714 0.00296296 -0.00118421 -0.00196429 -0.00311594 -0.000925926 -0.00143678 -0.00270833 0.00295455 -0.00316327 0.00261905 -0.00275 -0.00309524 -0.00397959
internal_weight=1349 1271 1114 469 157 645 624 596 255 227 63 164 134 73 43 341 184 148 106 82 157 61 42 393 78 88 68 43 364 154 210 153 68 57 130 85 65 74 56 54 76 56 69 108 87 48 44 49 42 40 42 49
internal_count=1349 1271 1114 469 157 645 624 596 255 227 63 164 134 73 43 341 184 148 106 82 157 61 42 393 78 88 68 43 364 154 210 153 68 57 130 85 65 74 56 54 76 56 69 108 87 48 44 49 42 40 42 49
is_linear=0
shrinkage=0.005


Tree=23
num_leaves=51
num_cat=0
split_feature=51 70 92 70 31 2 63 92 36 40 31 90 40 81 7 22 89 59 32 89 3 3 31 2 81 14 20 7 4 70 93 83 40 2 66 82 31 89 93 26 79 1 31 79 20 31 19 61 1 25
split_gain=8.90202 9.96833 10.7546 11.5804 9.34096 10.8548 12.4082 13.1375 7.7124 9.7728 8.97103 10.7673 7.69251 8.82 6.45333 6.33333 8.0876 6.21933 6.09023 11.1028 6.39302 9.77778 6.76464 6.04665 6.4 5.98074 5.41799 5.11537 4.81173 5.27103 5.36087 4.59308 7.29514 6.1912 5.75522 5.5848 5.70795 5.45197 11.0685 7.71975 7.39441 4.9 4.65922 9.22933 4.0863 4.39688 4.08333 3.26426 3.0026 3.00073
threshold=1.0000000180025095e-35 955.63250000000005 27604.989006250005 854.40500000000009 23.750000000000004 2538.8000000000006 27998.050000000007 25370.183706250009 72.250000000000014 75.750000000000014 5.5250000000000012 1396.9462500000004 108.25000000000001 4638.0544062088857 20.835000000000004 93.250000000000014 810.42073125000013 -0.9330127018922193 282.75000000000006 1629.5933062500001 12579.200000000003 15341.909500000003 5.5250000000000012 2335.1000000000004 3984.2032089642425 11348.250000000002 837.55000000000007 1096.8150000000003 9970.9500000000025 1.0425000000000002 402.99322619047626 2645.950000000003 104.25000000000001 3486.8135000000007 1509.9500000000003 -56.60349999999999 3.4750000000000005 1128.9878437500001 422.33697368421059 5.2500000000000009 604.05122702507322 15472.200000000003 7.3250000000000011 391.77420128002649 2536.4000000000001 10.525000000000002 598.05000000000007 32492.350000000002 12970.950000000003 93.250000000000014
decision_type=2 2 2 2 2 2 2 2 2 2 2 2 2 2 2 2 2 2 2 2 2 2 2 2 2 2 2 2 2 2 2 2 2 2 2 2 2 2 2 2 2 2 2 2 2 2 2 2 2 2
left_child=1 2 3 8 5 6 48 23 -1 10 11 -10 27 18 -2 16 -4 -7 19 20 -14 22 -22 -8 -25 26 -19 -11 29 30 -18 33 -33 35 -35 -27 41 38 39 44 42 -37 -39 -44 45 -38 -30 -5 -3 -12
right_child=14 4 15 47 -6 17 7 -9 9 12 49 -13 13 -15 -16 -17 28 25 -20 -21 21 -23 -24 24 -26 31 -28 -29 46 -31 -32 32 -34 34 -36 36 37 40 -40 -41 -42 -43 43 -45 -46 -47 -48 -49 -50 -51
leaf_value=-0.0016467840751641805 -0.00011465387185154659 0.00052559642352853811 -0.0012772451665259228 -0.0013860541442656229 -0.00070710794864515126 7.2420619076571752e-06 -3.6559214543977863e-06 -1.8039413152409478e-05 0.00054575983241906753 5.2737421325714922e-06 -0.0019113914548845588 -3.9654334893420697e-05 0.00020752358104778054 -0.0006292384957336533 -0.0028583281390847054 -0.0002355653987266355 -0.00039008046689039316 -7.4620751178035449e-06 0.00098491644474193313 -1.5099144901807311e-05 2.0979786636141064e-07 1.4566163433234908e-05 -0.0011323115996187839 0.00021598324397958404 1.1802499143602977e-06 8.1247582714725908e-05 -9.5891702900196944e-08 0.000762731348830315 0.0021474674954456243 0.00028087094790271906 1.2328718528829811e-06 -3.1310891536323426e-07 0.00017074414619395309 7.3150657631500079e-07 0.00017676510806691623 -4.7361423408743965e-06 6.6358647482743424e-07 -1.5177236683326687e-05 -4.4675788660003452e-06 0.000542579937434925 3.3418596497542475e-06 -2.6789088731442873e-07 1.0633569181552826e-06 -2.72156124228667e-06 3.1840742066071227e-06 -7.0262164520140782e-06 0.00041190108464193972 -0.00032832408440809099 0.0011496675669027516 -0.0005062272255999435
leaf_weight=21 20 20 22 28 20 22 23 29 21 31 21 38 22 20 30 27 21 21 28 31 35 33 31 20 20 26 27 22 24 22 31 37 32 36 21 20 28 24 32 36 32 20 22 29 28 22 24 25 35 39
leaf_count=21 20 20 22 28 20 22 23 29 21 31 21 38 22 20 30 27 21 21 28 31 35 33 31 20 20 26 27 22 24 22 31 37 32 36 21 20 28 24 32 36 32 20 22 29 28 22 24 25 35 39
internal_value=-0.000129726 -5.00385e-05 -0.000510535 -0.000919283 0.000366569 0.000468278 0.00166667 0.000543478 -0.00062341 -0.000456989 -0.00163866 -0.000254237 9.88142e-05 -0.00035 -0.0022 0.000555556 0.000972222 0.000126214 0 -0.000394737 0.000289256 -0.000252525 -0.00136364 0.0018254 0.003 1.0142e-05 -0.00166667 0.00179245 0.00147541 0.000675676 -0.000192308 0.000191011 0.00137681 -2.65957e-05 0.00149123 -0.000297806 -0.000494881 -0.000217391 0.000410959 0.00114035 -0.00107477 -0.00225 -0.00193333 -0.00107843 0.00025641 -0.0006 0.00270833 -0.00311321 0.00354545 -0.003
internal_weight=1349 1299 617 446 682 662 147 92 393 372 119 59 253 200 50 171 144 515 180 152 121 99 66 63 40 493 48 53 122 74 52 445 69 376 57 319 293 253 146 114 107 40 75 51 78 50 48 53 55 60
internal_count=1349 1299 617 446 682 662 147 92 393 372 119 59 253 200 50 171 144 515 180 152 121 99 66 63 40 493 48 53 122 74 52 445 69 376 57 319 293 253 146 114 107 40 75 51 78 50 48 53 55 60
is_linear=0
shrinkage=0.005


Tree=24
num_leaves=51
num_cat=0
split_feature=30 89 41 46 72 24 73 88 79 70 23 16 72 8 8 16 8 7 17 46 30 45 90 1 71 90 30 23 16 28 16 56 92 37 17 44 24 26 67 85 33 33 84 84 33 19 56 33 24 41
split_gain=9.72271 8.40152 8.53709 10.2649 9.66352 18.8922 16.2312 12.0809 9.53181 9.49207 11.3361 10.3244 10.0204 10.2917 8.8706 10.2101 8.63839 10.7247 8.38235 8.10213 7.72454 7.50742 7.27706 7.10827 7.04348 6.81978 7.01283 6.73401 6.69102 6.05183 7.29202 9.50303 7.9294 6.1381 9.06857 7.19728 9.51666 5.98053 5.72218 7.12188 5.54113 4.45873 4.42593 4.12208 3.88658 3.74838 3.47838 2.71033 2.62919 1.64189
threshold=0.75000000000000011 455.09587500000004 115.25000000000001 110.77499771118165 1465.0135000000002 10.175000000000002 1509.9500000000003 4460.0635416666673 271.9898291182929 1024.6000000000001 3.7500000000000004 5437.2000000000007 872.16300000000012 416.68715149359895 421.1543421052632 6611.2500000000009 413.72881578947374 17.525000000000002 35.800000000000004 105.14500045776369 97.750000000000014 22883.500000000004 1992.9766500000003 13487.6 1508.2500000000002 2104.7323500000007 71.250000000000014 92.250000000000014 5632.4000000000005 31.525000000000002 5405.8500000000013 -0.8783796973249266 23104.636006250006 82.750000000000014 186.85000000000002 2.8149999380111699 6.3750000000000009 9.2500000000000018 26965.100000000002 1509.9500000000003 147.25000000000003 56.250000000000007 357.5684270833334 743.40869791666671 53.750000000000007 1186.5000000000002 -1.0000000180025095e-35 98.250000000000014 11.325000000000001 71.250000000000014
decision_type=2 2 2 2 2 2 2 2 2 2 2 2 2 2 2 2 2 2 2 2 2 2 2 2 2 2 2 2 2 2 2 2 2 2 2 2 2 2 2 2 2 2 2 2 2 2 2 2 2 2
left_child=-1 -2 3 4 9 6 20 24 -7 10 -3 25 18 38 15 22 17 -13 23 46 28 -19 44 -12 -8 26 -11 -9 -6 30 31 -20 33 34 -32 40 -37 -34 -14 48 -35 -23 -39 -44 -10 -28 -18 -4 -40 -22
right_child=1 2 47 -5 5 8 7 27 14 11 12 16 13 -15 -16 -17 19 21 29 -21 49 41 -24 -25 -26 -27 45 -29 -30 -31 32 -33 37 35 -36 36 -38 42 39 -41 -42 -43 43 -45 -46 -47 -48 -49 -50 -51
leaf_value=6.6964407085503849e-06 -0.00086363908081795099 0.00097894784209198813 -0.0011927716963580429 1.6556526548386604e-05 -0.00064699388160874066 4.2371815085381312e-06 6.2786867471952132e-06 -5.1062181142909022e-06 -0.0011740386402466971 7.5904287955285661e-06 0.0005170557470500904 0.00096574629562023149 -2.6806997861124604e-06 8.0072815094748443e-06 2.6043024092598019e-06 1.3988660523364404e-06 -3.292901332986721e-06 0.00035866519858875144 1.0419921112494885e-06 0.00091277286648347824 -1.0062093492835177e-05 8.7510663490441266e-05 4.1761104015387787e-06 3.0617911249511952e-06 -2.6587712985338094e-07 -1.0861604723296936e-06 0.0012070927629280819 1.0632657388340019e-09 -1.6325888343690984e-06 0.0019984465656415736 6.6937249904840736e-06 -0.0017501218951344302 -6.4564868757847874e-05 -0.0015677516108104153 -0.00063463262746580489 -0.00038874272190942403 2.6902857682201036e-05 6.2717935637895028e-06 -0.0014089827100254007 -6.8112882223471956e-06 -4.8349538580743487e-05 -3.7124231964276826e-05 0.0292385770877443 0.00029465193011568585 -3.0241166640010875e-06 0.00093148156608619914 -2.0540009692002981e-05 -0.0007880842328545709 -0.00069287174449235141 -0.00099729623396276859
leaf_weight=22 31 20 21 26 27 37 23 33 22 23 25 26 24 21 27 21 28 29 22 20 37 20 22 39 23 22 38 27 38 22 35 33 25 20 25 23 33 25 37 21 22 36 20 22 20 36 23 23 27 27
leaf_count=22 31 20 21 26 27 37 23 33 22 23 25 26 24 21 27 21 28 29 22 20 37 20 22 39 23 22 38 27 38 22 35 33 25 20 25 23 33 25 37 21 22 36 20 22 20 36 23 23 27 27
internal_value=-0.0001149 -0.000169555 -0.000108025 -3.19489e-05 -9.78793e-05 -0.000755208 -0.0016383 -0.000188679 0.000637584 0.0002019 -0.000194085 0.000913621 -0.000335893 -0.00153846 -8.92857e-05 -0.000882353 0.000164835 0.00103604 6.39386e-05 -0.00119718 -0.00282946 0.000176471 -0.001875 0.00171875 0.00173913 0.00205882 0.00262887 -0.00166667 -0.00161538 -0.000259939 -0.000442623 -0.00209091 -8e-05 -0.000759494 0.0005 -0.00153061 -0.000357143 0.00108696 -0.00215596 -0.00276471 -0.00309524 -0.000892857 0.00186567 0.00285714 -0.00309524 0.00337838 -0.0022549 -0.00227273 -0.00359375 -0.0040625
internal_weight=1349 1327 1296 1252 1226 384 235 106 149 842 541 301 521 130 112 85 182 111 391 71 129 85 64 64 46 119 97 60 65 327 305 55 250 158 60 98 56 92 109 85 42 56 67 42 42 74 51 44 64 64
internal_count=1349 1327 1296 1252 1226 384 235 106 149 842 541 301 521 130 112 85 182 111 391 71 129 85 64 64 46 119 97 60 65 327 305 55 250 158 60 98 56 92 109 85 42 56 67 42 42 74 51 44 64 64
is_linear=0
shrinkage=0.005


Tree=25
num_leaves=51
num_cat=0
split_feature=69 1 6 86 41 40 77 46 2 33 34 41 24 44 1 33 31 83 39 24 94 100 67 82 40 31 68 2 82 23 41 31 31 82 39 75 14 36 44 6 73 100 40 75 28 28 24 5 6 1
split_gain=9.70262 9.91854 13.0329 8.39968 9.52138 8.28226 7.84752 8.03714 9.57573 9.27281 12.118 9.39547 8.44973 7.87606 6.91459 6.81357 10.5627 9.56455 7.89045 7.35942 8.9033 7.25121 7.04718 9.09091 6.80373 7.29429 8.6582 6.52617 6.4721 6.64314 6.31867 8.09439 11.4601 6.23703 6.11364 5.856 5.50417 5.3944 5.23661 4.92499 5.40735 4.83975 4.79596 3.95065 3.92567 3.59227 3.10303 2.5 1.00087 0.1
threshold=25198.950000000001 13049.900000000001 6260.4950000000008 1297.6500000000003 115.25000000000001 60.250000000000007 3936.3282659778702 108.189998626709 3520.8110000000001 109.75000000000001 74.750000000000014 68.250000000000014 11.175000000000002 2.8000000715255742 12684.550000000001 174.50000000000003 11.325000000000001 2432.6000000000026 147.75000000000003 3.7250000000000005 546697.86693625024 0.75347222222222232 32520.950000000004 -0.064499999999999932 110.25000000000001 14.625000000000002 1494.7 2929.1500000000001 11.705500000000031 93.750000000000014 82.750000000000014 4.3250000000000011 6.825000000000002 132.25000000000009 206.25000000000003 444.65173599798885 17029.800000000007 86.250000000000014 2.6610000133514409 6305.9300000000012 719.17000000000019 0.086805555555555566 95.250000000000014 299.98954885276095 29.475000000000005 25.675000000000004 7.1750000000000016 3912.7500000000005 4983.8000000000011 16325.650000000003
decision_type=2 2 2 2 2 2 2 2 2 2 2 2 2 2 2 2 2 2 2 2 2 2 2 2 2 2 2 2 2 2 2 2 2 2 2 2 2 2 2 2 2 2 2 2 2 2 2 2 2 2
left_child=5 2 14 4 6 -1 15 8 9 10 24 -11 13 -12 33 16 19 18 -18 -3 -21 22 30 -24 25 26 27 -8 29 -5 31 -22 -33 37 -13 -7 42 -2 -36 41 44 -17 -10 -28 -41 -34 -32 -29 -20 -40
right_child=1 3 -4 28 -6 35 7 -9 36 11 12 34 -14 -15 -16 39 17 -19 48 20 21 -23 23 -25 -26 -27 43 47 -30 -31 46 32 45 -35 38 -37 -38 -39 49 40 -42 -43 -44 -45 -46 -47 -48 -49 -50 -51
leaf_value=-9.0171108218515093e-06 4.9124722915566323e-05 -0.00021263636492008142 0.00013499155251211377 -4.4260607313224526e-07 -0.00091601196044674134 0.00014962749553782309 -1.6987112862014763e-05 0.00065857762048243825 2.0578406665868841e-06 0.0017903243448687651 -0.0011234768784833609 -1.4668410788984953e-05 6.0849321540354233e-06 4.036613685580542e-06 -0.0010094927408381194 9.7671814822783878e-05 1.3576100523692083e-06 -2.1547244980238758e-06 5.8927888636679732e-06 2.6283484366269735e-05 -0.0003425055228850965 0.0015912024925388085 -1.1460103549151371e-05 2.4529964578544922e-05 -2.0437309643542968e-05 -0.00084084202421936486 -1.825778087271192e-06 6.1249926816902327e-05 1.4504558233321956e-05 2.9150384339929238e-06 -1.6948980928768345e-05 0.00011256120554245247 -1.488972186236074e-07 -0.0015894650486298423 -7.9605161556683458e-05 0.0043986995918384522 -4.0254456031153822e-07 -0.00040120852148929799 -0.00076430926816718964 0.0026340226272694362 -1.850830762906706e-05 0.00075642136713545958 0.00058580702571900346 -7.5713495759239228e-07 -1.7776167780978325e-06 -2.5110659369586578e-05 -0.0019192547619309925 0.00071448979566859775 2.1848323685375427e-05 -0.0014605766504570922
leaf_weight=28 26 25 37 21 37 33 31 33 23 22 23 39 35 38 29 35 31 22 20 28 23 24 22 22 23 33 20 20 31 30 20 29 22 26 21 32 39 27 20 21 27 36 20 35 20 23 24 20 22 20
leaf_count=28 26 25 37 21 37 33 31 33 23 22 23 39 35 38 29 35 31 22 20 28 23 24 22 22 23 33 20 20 31 30 20 29 22 26 21 32 39 27 20 21 27 36 20 35 20 23 24 20 22 20
internal_value=0 -0.000113725 -0.00134483 4.42478e-05 -7.63359e-05 0.00155914 1.48368e-05 -0.000417476 -0.000580913 -0.0009 -0.000395683 -0.00204918 0.00104167 -8.19672e-05 -0.00222222 0.00046371 9.80392e-05 0.00152632 0.00239726 -0.000419847 -0.000147679 -0.000502392 -0.000837838 0.000909091 -0.00115385 -0.000786164 -0.000238095 0.000915493 0.00158537 0.000490196 -0.00138298 -0.000670103 0.000135135 -0.0014557 -0.0027 0.00253846 0.00097561 -0.000471698 -0.00368852 0.00140288 0.000441176 0.00232394 0.0022093 -0.00172727 0.00158537 -0.00144444 -0.00295455 0.00225 0.00380952 -0.00475
internal_weight=1368 1275 145 1130 1048 93 1011 515 482 400 278 122 96 61 108 496 357 95 73 262 237 209 185 44 182 159 126 71 82 51 141 97 74 79 100 65 82 53 61 139 68 71 43 55 41 45 44 40 42 40
internal_count=1368 1275 145 1130 1048 93 1011 515 482 400 278 122 96 61 108 496 357 95 73 262 237 209 185 44 182 159 126 71 82 51 141 97 74 79 100 65 82 53 61 139 68 71 43 55 41 45 44 40 42 40
is_linear=0
shrinkage=0.005


Tree=26
num_leaves=55
num_cat=0
split_feature=66 68 41 62 95 79 88 67 67 26 69 81 20 46 20 16 25 2 26 79 26 67 87 7 93 82 93 16 66 81 16 77 2 4 5 4 39 2 2 0 19 67 68 79 16 66 19 21 4 25 0 2 42 7
split_gain=11.7808 12.148 13.9346 13.0184 12.535 13.7757 11.56 8.77836 9.32659 8.46372 7.8604 7.84213 7.50442 8.59889 10.5186 7.04084 6.49075 6.48 6.41104 8.60111 9.4697 9.56123 9.35778 6.09586 9.31575 6.75 6.07032 5.89667 5.86667 5.69332 5.04846 4.66507 4.57266 4.46735 5.63075 5.38039 6.42182 10.1715 5.21504 9.81584 6.16538 8.5728 7.34722 5.74701 4.91741 4.32625 3.92567 3.88658 3.42857 3.2416 2.94978 2.5 2.13611 1.67619
threshold=1469.1795000000002 1455.6000000000001 82.750000000000014 962.03250000000014 1.0000000180025095e-35 284.11057034544882 6120.4277083333336 28030.750000000004 31549.400000000005 82.250000000000014 28577.600000000002 4691.3980142226701 1604.2 97.774997711181655 780.45000000000016 7136.9000000000005 17.750000000000004 3245.6000000000004 1.2500000000000002 531.69052354068083 12.750000000000002 30518.850000000002 0.55208333333333337 24.98 411.52860681114561 41.639000000000017 414.79644736842107 6233.4000000000005 1234.0500000000002 3549.8498914240849 6105.7500000000009 4101.6899105505945 2850.0500000000006 2261.3600000000001 4349.9450000000006 2854.7000000000003 186.25000000000003 2604.8000000000006 2386.3500000000004 29102.100000000002 564.40000000000009 29774.100000000002 1099.9500000000003 293.17814318789078 5379.2000000000007 856.91950000000008 1283.4000000000003 27.425000000000001 10691.905000000001 103.75000000000001 30238.650000000005 3001.9500000000003 106.22499847412111 49.405000000000008
decision_type=2 2 2 2 2 2 2 2 2 2 2 2 2 2 2 2 2 2 2 2 2 2 2 2 2 2 2 2 2 2 2 2 2 2 2 2 2 2 2 2 2 2 2 2 2 2 2 2 2 2 2 2 2 2
left_child=1 2 4 45 5 6 -1 9 50 -4 29 15 13 -10 -15 16 -2 -13 46 20 -20 -22 30 25 -25 -5 -6 -24 -26 -7 -21 32 -16 -18 35 -35 37 -37 -36 -40 49 -42 -43 -44 -45 51 -12 -34 -33 -41 -9 -3 -23 -47
right_child=11 3 7 23 26 10 -8 8 12 -11 18 17 -14 14 31 -17 33 -19 19 22 21 52 27 24 28 -27 -28 -29 -30 -31 -32 48 47 34 38 36 -38 -39 39 40 41 42 43 44 -46 53 -48 -49 -50 -51 -52 -53 -54 -55
leaf_value=-0.00078290397430161242 -1.6014682853008946e-06 -0.00014136694966119102 -9.1491088158789793e-05 1.4464414576732708e-05 0.0011915465304924325 4.4552255204966788e-05 3.8100502758617377e-06 -0.0011515435290284975 6.827445024010734e-05 0.00079040049569858691 -1.2201890065037899e-05 -0.0002664832927422016 -0.00058633750857652175 -0.00068931484423174442 -4.4243715661351135e-06 -3.8593710406131034e-06 7.4212175870738534e-06 2.0475514632539497e-06 1.892466286095342e-05 0.0011241631524143408 2.7125753900223193e-05 -0.00016828536410052491 -7.1288935070347621e-06 -0.00013780554207310427 -0.00018163872822482609 -1.614205569378486e-06 9.9975984469001041e-06 6.1643576817604212e-05 3.1951124596475102e-06 0.00055662701635218108 5.1904279185388241e-06 -0.00060135499134312772 0.0012207336429206181 4.2014204088254756e-06 0.00054917205767191044 -0.00013162885697469692 -4.9546633354663169e-06 4.1130977101065364e-06 -3.8939829676260848e-05 1.1364510658158054e-05 3.1839473527097475e-06 0.001738966471001266 1.2186781277497104e-06 3.3901918947967173e-06 -2.9367487541865478e-06 -0.0014310020849712451 -0.0021709732114682796 4.5022553990300423e-06 1.3835232487928147e-05 0.00018965820671177009 -2.3351398932040048e-05 -0.0019753258257392331 -0.00086365061803324674 -0.0019315423335953964
leaf_weight=25 39 20 23 24 34 26 20 21 24 26 20 25 33 39 20 20 31 25 22 29 23 21 21 21 24 24 24 23 20 38 34 21 20 35 20 24 25 35 26 23 21 24 20 21 31 20 21 22 21 24 31 20 22 22
leaf_count=25 39 20 23 24 34 26 20 21 24 26 20 25 33 39 20 20 31 25 22 29 23 21 21 21 24 24 24 23 20 38 34 21 20 35 20 24 25 35 26 23 21 24 20 21 31 20 21 22 21 24 31 20 22 22
internal_value=2.92398e-05 -0.000305895 0 -0.00141026 0.00060794 0.000246377 -0.00233333 -0.000813953 -0.00119048 0.00112245 0.000633333 0.000671642 -0.0007 -0.000269461 -0.000734266 0.000894988 0.0010401 -0.0012 0.000211864 0.000589744 -0.000568182 -0.00151515 0.00154206 -0.000309735 -0.00130769 0.00104167 0.00275862 -0.000227273 0 0.0021875 0.00277778 9.61538e-05 0.000967742 0.00125 0.00107903 0.000210084 -0.00047619 0.000423729 0.00157143 0.00131579 0.00176829 0.00115385 0.000520833 -0.000277778 -0.00115385 -0.00292683 -0.00158537 0.00190476 -0.00119048 0.00329787 -0.00307692 -0.00175 -0.00290698 -0.00404762
internal_weight=1368 899 704 195 403 345 45 301 252 49 300 469 200 167 143 419 399 50 236 195 88 66 107 113 65 48 58 44 44 64 63 104 62 360 329 119 84 59 210 190 164 117 96 72 52 82 41 42 42 47 52 40 43 42
internal_count=1368 899 704 195 403 345 45 301 252 49 300 469 200 167 143 419 399 50 236 195 88 66 107 113 65 48 58 44 44 64 63 104 62 360 329 119 84 59 210 190 164 117 96 72 52 82 41 42 42 47 52 40 43 42
is_linear=0
shrinkage=0.005


Tree=27
num_leaves=52
num_cat=0
split_feature=30 70 72 80 36 13 58 22 19 94 81 85 28 26 13 34 29 80 39 26 43 67 30 30 11 29 33 14 76 14 14 11 22 46 91 97 69 13 21 14 80 81 34 19 68 84 29 94 28 1 33
split_gain=13.5279 13.2285 13.4426 12.9939 11.0817 10.4 9.64091 9.60723 8.91154 8.00833 7.18425 7.15433 6.64574 6.59712 8.31128 8.29679 7.74436 8.53127 6.47597 7.3615 7.00606 6.53687 6.91255 6.37328 8.77203 8.156 6.02194 6.12153 5.87775 5.79693 5.79429 12.3771 6.4 5.71429 5.56979 9.00624 6.26411 6.0313 5.50002 5.33968 5.33584 4.88998 4.7963 3.92567 3.6 3.21429 3.01882 2.34734 2.09347 4.65974 1.86667
threshold=12.750000000000002 937.4285000000001 0.99700000000000011 30939.647569444449 85.750000000000014 2102.0000000000005 -0.6830127018922193 78.250000000000014 503.05000000000007 809227.34139281267 4096.6161616060772 1584.4715000000003 27.225000000000005 5.7500000000000009 7091.0500000000011 68.250000000000014 84.250000000000014 29382.632291666672 161.75000000000003 127.75000000000001 80.795001983642592 31298.500000000004 69.250000000000014 99.750000000000014 36436.200000000004 77.750000000000014 58.750000000000007 15608.000000000002 41087.19062500001 16698.700000000004 17381.950000000001 34999.80000000001 86.250000000000014 105.82500076293947 29865.028987500005 0.30208333333333343 32641.750000000004 3553.8500000000004 18.975000000000005 12448.200000000003 36439.384027777785 3982.2235370757021 59.750000000000007 988.70000000000016 1269.1995000000002 394.06693750000005 86.250000000000014 580920.63830156263 29.125000000000004 15294.550000000001 67.000000000000014
decision_type=2 2 2 2 2 2 2 2 2 2 2 2 2 2 2 2 2 2 2 2 2 2 2 2 2 2 2 2 2 2 2 2 2 2 2 2 2 2 2 2 2 2 2 2 2 2 2 2 2 2 2
left_child=10 2 3 -2 30 7 12 -3 -5 48 -1 38 -6 16 23 -16 -7 41 20 21 -10 -20 -23 25 -25 44 27 -19 40 -29 31 -4 -33 -17 35 -27 -36 -37 -9 -40 -24 -18 -13 -44 -15 -42 -12 -26 49 50 -8
right_child=1 5 4 8 6 13 9 11 18 -11 46 42 -14 14 15 33 17 26 19 -21 -22 22 28 24 47 34 -28 29 -30 -31 -32 32 -34 -35 36 37 -38 -39 39 -41 45 -43 43 -45 -46 -47 -48 -49 -50 -51 -52
leaf_value=0.00030524795453740243 0.0028811298433711473 2.9774208000368499e-06 -0.0014312767681166239 -2.7338498971207849e-05 8.5019287728963533e-05 -0.00033323779586718212 -0.00077621705416462661 -0.0001832888503960689 1.1670641518458881e-05 -0.00030516832040073007 -3.0568674634597391e-06 -1.1295937876315431e-05 -0.00016958689682746914 0.0031033577519758251 0.00051768337007058551 -0.00019884036559894211 -0.00077892977126430181 -1.5281828054413883e-06 -7.5429334533412166e-06 -1.0531082623396839e-05 -0.003449969415621429 -7.1092918925674236e-06 4.2187394502079273e-05 5.5675351905785422e-07 0.0006189252628392664 -5.8996725762369841e-05 0.00051166052368255787 8.8068004037099601e-06 -8.3076716629174235e-07 2.8849587285554084e-07 -0.00066833157937393401 7.2806211501882947e-06 0.0018196932582555531 6.5740357932031537e-07 -4.9298900187889849e-06 6.119702402598432e-07 2.1508998718946155e-06 4.5573369408156319e-06 -3.8338973071564261e-06 0.00023277584768868287 0.0035856230402217873 1.521333662529251e-07 -2.7681725008195135e-06 1.2489265666896134e-07 2.7311919470485887e-06 0.0023804681765528897 4.0623798259910898e-06 5.0103688262153477e-06 -0.0017036615926742369 -0.00016379596878524007 -0.0014299398241022635
leaf_weight=37 23 33 35 31 27 35 20 22 27 24 21 21 31 20 26 35 24 30 21 26 33 29 37 26 29 26 31 24 22 35 30 20 20 35 23 23 20 25 24 21 20 27 21 20 20 36 20 26 22 26 28
leaf_count=37 23 33 35 31 27 35 20 22 27 24 21 21 31 20 26 35 24 30 21 26 33 29 37 26 29 26 31 24 22 35 30 20 20 35 23 23 20 25 24 21 20 27 21 20 20 36 20 26 22 26 28
internal_value=2.92398e-05 -9.30233e-05 -0.000646259 8.19672e-05 -0.0014311 0.00037037 -0.00219101 -0.000740741 -0.000212766 -0.003 0.00205128 -0.00135659 -0.000517241 0.000703704 0.00113772 -0.000104167 0 0.000438596 9.96016e-05 0.000549738 -0.00133333 0.000939394 0.00131944 0.00163866 0.00277778 0.00105096 0.00116667 0.000505618 0.00186957 0.00144068 -0.000142857 0.0006 0.0025 -0.001 0.000384615 0.00121622 -0.00104651 0.0025 -0.000223881 0.000777778 0.00241935 -0.00127451 -0.00258065 -0.00158537 0.003 0.00339286 0.000609756 0.00390909 -0.00364583 -0.00324324 -0.00416667
internal_weight=1368 1290 588 305 283 702 178 162 282 120 78 129 58 540 334 96 206 171 251 191 60 165 144 238 81 157 120 89 115 59 105 75 40 70 117 74 43 48 67 45 93 51 62 41 40 56 41 55 96 74 48
internal_count=1368 1290 588 305 283 702 178 162 282 120 78 129 58 540 334 96 206 171 251 191 60 165 144 238 81 157 120 89 115 59 105 75 40 70 117 74 43 48 67 45 93 51 62 41 40 56 41 55 96 74 48
is_linear=0
shrinkage=0.005


Tree=28
num_leaves=50
num_cat=0
split_feature=70 16 80 72 72 36 7 31 44 16 81 13 24 7 13 32 24 33 31 93 29 16 80 16 72 81 2 13 62 13 93 38 61 10 76 3 3 22 22 10 92 22 27 24 27 38 10 81 36
split_gain=15.4842 10.2037 15.2053 10.1682 10.0869 8.45091 8.06117 12.6831 8.74202 7.87138 8.05461 7.8199 7.77321 7.57867 7.45921 9.1053 7.73852 7.76006 7.22798 6.91429 6.41212 6.12477 9.51271 8.62086 8.53788 6.9594 6.87672 8.68983 6.41212 6.31921 7.60689 10.5068 9.84653 6.92842 6.01504 7.00461 6.03802 6.45877 6.32209 6.32675 5.97232 5.4961 4.95718 4.74924 4.62814 4.59487 4.2517 2.91667 2.6389
threshold=938.20000000000016 6484.6500000000005 29131.310069444447 1396.7000000000003 686.34850000000017 84.250000000000014 1096.8150000000003 3.6250000000000004 3.4685000181198125 5554.4000000000005 4282.8924084322962 2539.8500000000008 6.325000000000002 3653.7150000000006 14154.600000000002 192.75000000000003 11.725000000000001 165.75000000000003 23.750000000000004 401.84986111111118 81.250000000000014 3858.5000000000005 29157.79756944445 4898.9000000000005 1365.6245000000001 3766.8418903766728 2335.1000000000004 7091.0500000000011 1602.1500000000003 5998.4500000000007 422.65881578947375 8.7750000000000021 32380.750000000004 34700.750000000007 36164.65833333334 14869.900000000003 14563.450000000003 77.750000000000014 92.750000000000014 30111.250000000004 25230.45470625001 84.250000000000014 77.750000000000014 11.025000000000002 76.250000000000014 6.9750000000000005 30760.950000000004 4006.1846082693583 87.250000000000014
decision_type=2 2 2 2 2 2 2 2 2 2 2 2 2 2 2 2 2 2 2 2 2 2 2 2 2 2 2 2 2 2 2 2 2 2 2 2 2 2 2 2 2 2 2 2 2 2 2 2 2
left_child=1 2 4 5 -1 20 9 -8 12 48 41 34 -9 14 15 -3 17 -17 21 -6 -4 22 -13 24 47 45 -27 29 -26 30 31 32 40 -34 35 36 37 -2 39 -39 -28 -11 -29 -37 -5 -25 -24 -23 -7
right_child=11 13 3 44 19 6 7 8 -10 10 -12 18 -14 -15 -16 16 -18 -19 -20 -21 -22 23 46 25 28 26 27 42 -30 -31 -32 -33 33 -35 -36 43 -38 38 -40 -41 -42 -43 -44 -45 -46 -47 -48 -49 -50
leaf_value=0.0014580089239617645 9.0828392538631508e-06 2.0182916202150999e-05 0.00048301548548417445 -0.0016472151248249189 0.00012489292661187082 -0.00079027324699831923 0.00082215452832139918 -3.9933300930060413e-07 1.1940742541999899e-05 0.0010654400242368746 -0.00021769900163940103 -0.00063500190893840517 -0.0009019555769066369 -0.00027307307476576729 0.016387274209173099 -1.5587607055264796e-05 2.0999742100900045e-05 1.9848780016674704e-06 -0.0002201869949496559 -0.00083573804348555634 -8.995653686310019e-05 0.0012095338823194276 -6.8934057744568793e-06 7.3440214458945041e-06 -1.7666290540776777e-06 -0.00016581765464335007 1.5532253099463689e-05 -7.3610110082931484e-06 4.055098693185051e-06 4.8910276109745938e-06 -1.6390130504661648e-06 0.00015634203334380508 2.0043000007970254e-06 -5.3455292968488764e-06 5.0755559903001647e-06 -5.1082586253058797e-06 1.8291101845994599e-06 -1.6186930627799485e-06 5.35033178888028e-07 -5.7231774650147549e-06 3.9623375894270885e-06 -8.6617603602006587e-06 4.8476892534404597e-06 -5.9469348328410636e-07 -0.0009901338828684895 0.00082762116942686843 7.8519020515739957e-05 0.0018240587266834469 -0.0021204630169923693
leaf_weight=29 20 38 20 32 20 22 30 23 27 20 37 27 37 20 24 35 21 38 23 36 24 20 28 35 24 22 23 21 20 22 31 29 37 26 35 38 25 22 35 24 25 35 25 26 21 30 21 28 37
leaf_count=29 20 38 20 32 20 22 30 23 27 20 37 27 37 20 24 35 21 38 23 36 24 20 28 35 24 22 23 21 20 22 31 29 37 26 35 38 25 22 35 24 25 35 25 26 21 30 21 28 37
internal_value=-4.38596e-05 -0.000623003 -0.00102222 -0.00146575 0.000882353 -0.00112179 -0.00145522 -0.000470085 -0.00143678 -0.00221854 -0.00130435 0.000444744 -0.0025 0.000397727 0.000769231 0.00030303 -0.000531915 -0.00130137 0.000783366 -0.000357143 0.000909091 0.000910931 -0.000394737 0.00114833 0.0025 0.000766871 0.000402299 0.000648536 0.000909091 0.00111399 0.000789474 0.00128571 0.000585586 -0.000714286 -0.000333333 -0.000684211 0 -0.000544554 -0.00117284 -0.0023913 0.00229167 -9.09091e-05 -0.00130435 -0.00203125 -0.00349057 0.00223077 0.000918367 0.00395833 -0.00364407
internal_weight=1368 626 450 365 85 312 268 117 87 151 92 742 60 176 156 132 94 73 517 56 44 494 76 418 92 326 261 239 44 193 171 140 111 63 225 190 126 101 81 46 48 55 46 64 53 65 49 48 59
internal_count=1368 626 450 365 85 312 268 117 87 151 92 742 60 176 156 132 94 73 517 56 44 494 76 418 92 326 261 239 44 193 171 140 111 63 225 190 126 101 81 46 48 55 46 64 53 65 49 48 59
is_linear=0
shrinkage=0.005


Tree=29
num_leaves=52
num_cat=0
split_feature=64 69 68 46 68 77 81 22 30 98 28 97 37 35 93 93 30 1 77 5 81 61 19 93 69 5 35 28 81 6 20 64 64 93 20 75 30 89 97 36 21 63 75 19 38 64 35 24 89 100 5
split_gain=13.2265 12.9794 11.9806 11.7783 10.972 8.25321 8.96348 7.88961 6.96053 6.86935 8.16232 7.10867 11.9238 8.82918 9.75865 8.07966 7.86252 7.38903 6.64911 6.55001 6.41631 10.2003 9.23459 7.91263 8.90919 8.17459 6.45333 6.19215 16.1743 9.0064 6.19384 8.97266 8.02754 7.00933 6.44076 5.95238 5.89333 5.86364 5.48116 4.99303 6.97966 6.15751 5.32125 4.82202 4.38956 8.04762 5.21917 4.02042 3.64882 2.95347 2.15082
threshold=1260.2500000000002 25096.200000000004 791.98750000000007 108.51499938964845 674.72900000000016 4199.0132389378259 4691.3980142226701 90.750000000000014 12.750000000000002 0.48958333333333343 26.875000000000004 0.71875000000000011 57.250000000000007 25.225000000000005 410.90585695006752 422.47671052631586 75.750000000000014 16425.622000000003 4116.7781212913096 2843.8300000000004 4375.2417768354198 30518.850000000002 532.60000000000002 416.18426386913239 36839.400000000009 13182.180000000002 26.925000000000004 27.825000000000006 3486.0098714538781 7990.5400000000009 229.00000000000003 845.24850000000004 1186.4845000000003 413.37847744360909 1501.4500000000003 484.94349264563618 77.750000000000014 1524.5711812500001 0.88541666666666685 68.750000000000014 17.625000000000004 28136.900000000005 532.44726632936397 868.70000000000016 6.2250000000000014 1496.5500000000002 26.025000000000002 9.3250000000000011 1304.0247187500001 0.44097222222222227 9140.7050000000017
decision_type=2 2 2 2 2 2 2 2 2 2 2 2 2 2 2 2 2 2 2 2 2 2 2 2 2 2 2 2 2 2 2 2 2 2 2 2 2 2 2 2 2 2 2 2 2 2 2 2 2 2 2
left_child=1 35 4 8 5 6 20 43 -4 10 19 12 -11 -13 48 16 -14 18 38 -2 21 49 -23 24 25 26 -24 29 -29 30 47 33 34 -32 36 -1 -33 50 -16 -21 42 -42 -41 -7 45 -43 -46 -10 -15 -3 -30
right_child=9 2 3 -5 -6 7 -8 -9 27 11 -12 13 15 14 17 -17 -18 -19 -20 39 -22 22 23 -25 -26 -27 -28 28 37 -31 31 32 -34 -35 -36 -37 -38 -39 -40 40 41 44 -44 -45 46 -47 -48 -49 -50 -51 -52
leaf_value=8.4746638111496319e-05 -2.8244737797231342e-05 0.001328836754598189 9.4152670651174188e-06 3.5224321124011463e-05 0.0021758021445406734 -0.00017336907973599625 -0.00029746300193599404 1.1197932879037348e-05 -0.0010657068868964888 4.9092403927978868e-06 0.00037554269560707571 3.6824810497609143e-06 -3.4667974154417128e-07 1.1760984001917999e-05 -3.4183789015966748e-07 6.502228684680976e-07 -0.00018828657433863272 0.00014438228630065679 2.2287214994964736e-06 3.7149376884519822e-05 0.0026815955724682943 -1.9492077328495338e-05 0.00024993424644391952 2.8677124062558607e-05 1.3847529493479383e-05 -0.00016784741731542575 -6.7200872937220332e-05 9.1626099664828673e-06 -0.0017775212378205085 8.4072974411333191e-06 -0.0010309664976855639 -5.1079443817624946e-06 -0.00013664464312817967 -0.00016500188170155347 -0.00033612574608920815 0.0027074358598343645 0.00053819750335927844 -8.6114152889677693e-05 -2.9597613887797655e-06 9.900732253765337e-07 0.0010027868226114844 -2.0227921060551828e-06 -0.00026227505124360839 -3.071636657650956e-05 -4.7332504876370354e-06 0.00048058127938147401 2.5511000510337749e-06 -0.00027857849826428945 3.9180898965674218e-08 0.0013418065670135976 -0.0010170498541424036
leaf_weight=20 26 22 20 27 27 29 22 28 23 22 33 31 22 21 21 23 38 20 24 20 22 20 20 28 22 24 30 29 41 33 37 26 20 30 38 28 25 38 38 39 21 21 23 31 22 27 21 20 26 29 20
leaf_count=20 26 22 20 27 27 29 22 28 23 22 33 31 22 21 21 23 38 20 24 20 22 20 20 28 22 24 30 29 41 33 37 26 20 30 38 28 25 38 38 39 21 21 23 31 22 27 21 20 26 29 20
internal_value=-4.38596e-05 -0.00044029 -0.000595391 -0.00115925 8.47458e-05 -0.000168196 0.000313808 -0.00147727 -0.001375 0.000565863 0.00116601 3.4965e-05 -0.001 0.000635359 0.000133333 -0.00186747 -0.00283333 -0.000728155 -0.00138554 0.000818182 0.00062212 0.000333333 -0.000347222 0.00016129 -0.000520833 -0.00135135 -0.0002 -0.00152632 -0.00242187 -0.00107143 -0.00143836 -0.00102273 -0.000137615 -0.00246269 0.000505618 0.00208333 0.00166667 -0.00338384 -0.00228814 0.00113402 0.000862069 0.00160714 -0.000483871 -0.0025 0.00104396 0.00208333 -0.000116279 -0.00313953 0.00202128 0.0022549 -0.00434426
internal_weight=1368 829 781 427 354 327 239 88 400 539 253 286 105 181 150 83 60 103 83 220 217 195 144 124 96 74 50 380 128 252 219 176 109 67 89 48 51 99 59 194 174 112 62 60 91 48 43 43 47 51 61
internal_count=1368 829 781 427 354 327 239 88 400 539 253 286 105 181 150 83 60 103 83 220 217 195 144 124 96 74 50 380 128 252 219 176 109 67 89 48 51 99 59 194 174 112 62 60 91 48 43 43 47 51 61
is_linear=0
shrinkage=0.005


Tree=30
num_leaves=50
num_cat=0
split_feature=51 80 10 79 46 98 72 46 72 5 13 72 36 31 46 40 2 80 4 86 43 19 20 59 31 83 5 42 65 79 36 26 43 80 74 27 78 45 27 2 19 37 71 44 89 2 5 92 2
split_gain=13.8787 16.0913 10.4503 8.75148 8.375 7.92 7.81975 13.7824 10.0218 8.43878 11.8855 9.90976 8.46528 8.45883 7.46466 12.1429 9.65463 8.14154 7.74075 9.85173 8.36262 9.03274 10.3684 12.0243 7.32097 6.90491 6.82667 6.4285 6.41676 7.6012 6.13572 6.09282 5.92947 5.88803 12.8926 5.76 5.75267 5.68568 7.81343 7.1857 5.17324 7.59746 4.84 4.7305 3.90181 3.6 3.59227 3.17794 2.92332
threshold=1.0000000180025095e-35 26731.995833333338 41166.350000000013 675.02219666693452 102.91500091552736 0.16319444444444445 960.50000000000011 90.799999237060561 1037.7275000000002 3291.3550000000005 7159.4500000000016 223.71250000000003 88.250000000000014 9.0250000000000021 106.36000061035158 83.750000000000014 2297.6500000000005 33187.75486111112 10926.815000000002 0.060000000000000012 101.77000045776369 2314.9500000000003 2001.4000000000003 0.93301270189221952 5.2250000000000005 1087.3500000000024 10499.500000000002 137.37500000000003 30324.300000000003 273.35105953684882 88.750000000000014 95.750000000000014 75.974998474121108 35206.181944444448 613.90860416666681 81.750000000000014 1576.7883993055557 22981.500000000004 99.750000000000014 3009.4540000000002 1132.6500000000003 78.250000000000014 1114.1540000000002 3.1649999618530278 964.45318125000006 2729.0500000000006 4872.0250000000005 28772.065431250008 3191.9500000000003
decision_type=2 2 2 2 2 2 2 2 2 2 2 2 2 2 2 2 2 2 2 2 2 2 2 2 2 2 2 2 2 2 2 2 2 2 2 2 2 2 2 2 2 2 2 2 2 2 2 2 2
left_child=1 44 3 6 -5 26 9 -8 -9 13 37 12 40 -3 16 17 -10 -16 19 32 21 22 23 25 -6 -21 -4 28 29 45 -26 -28 -18 35 48 -14 -30 47 39 -39 41 -12 -24 -2 -1 -27 -34 -11 -35
right_child=43 2 5 4 24 -7 7 8 14 10 11 -13 33 -15 15 -17 18 -19 -20 20 -22 -23 42 -25 30 27 31 -29 36 -31 -32 -33 46 34 -36 -37 -38 38 -40 -41 -42 -43 -44 -45 -46 -47 -48 -49 -50
leaf_value=0.0019584129622337645 -0.00069051592449689717 -1.4859364210391985e-05 -0.0011968538746251717 -0.0010427787549180537 2.0751357770082757e-05 0.00022528795697065285 -0.00096182497174945967 -0.0006602052059348798 -0.00015227640612768063 0.0020739033530471026 7.3773855737996766e-05 -0.00048494121351370093 0.0012217836746129163 3.6000335098814819e-06 4.4762918173146362e-05 -4.5640296221643175e-06 1.8513475985727558e-05 -6.5389899495641361e-06 -0.0014575330533530279 4.5479119512663274e-06 3.3136605500147671e-05 3.4369227263367699e-06 -0.00015693943089187059 6.0885407819692469e-06 -4.590821990769801e-06 5.0382326618439897e-06 7.2173926439131832e-05 -1.2342579371065243e-06 6.0537282344612352e-07 -3.0357835693327851e-06 -7.2978738580415731e-05 -0.00030953618058075007 -3.2543131799587102e-07 7.1621945849942447e-05 -7.6992938968623934e-05 1.2821734688996589e-05 -3.223477282007349e-06 -1.4861012258509731e-05 0.00085974653765868883 0.0020308807270658391 1.4841608366069783e-05 -2.9953842951520065e-05 -8.9463192934046825e-07 -0.0032347255039343304 1.3785974841723696e-05 4.7506939950252912e-06 2.0505676660954751e-05 0.00043958472654779743 0.00022646791749477116
leaf_weight=28 26 37 25 25 35 24 22 37 30 27 26 33 25 26 24 37 23 26 22 26 32 22 25 20 37 20 24 37 31 29 32 26 22 23 27 20 22 39 25 33 38 36 20 25 30 20 23 20 22
leaf_count=28 26 37 25 25 35 24 22 37 30 27 26 33 25 26 24 37 23 26 22 26 32 22 25 20 37 20 24 37 31 29 32 26 22 23 27 20 22 39 25 33 38 36 20 25 30 20 23 20 22
internal_value=-8.79765e-05 1.14242e-05 -0.00010757 2.59516e-05 -0.00120155 -0.00166667 0.000180136 -0.000210526 -5.47445e-05 0.000667396 0.000939086 0.00028 0.000668203 -0.00103175 0.000127202 -0.0012069 0.000400943 0.0004 0.000609137 0.00077957 0.000394737 0.000110294 -0.00016 0.000317073 -0.000576923 -8.10811e-05 -0.00246667 -0.000471698 8.19672e-05 0.00108696 -0.00152174 -0.0014 0.0025 0.0015812 0.000694444 0.003 -0.00122642 0.00208333 0.00139175 0.000555556 -0.0004 -0.00129032 -0.00233333 -0.00264706 0.00258621 0.0025 0.00144444 0.00351064 0.00233333
internal_weight=1364 1313 1255 1156 129 99 1027 570 548 457 394 250 217 63 511 87 424 50 394 372 304 272 250 205 104 185 75 159 122 69 69 50 68 117 72 45 53 144 97 72 100 62 45 51 58 40 45 47 45
internal_count=1364 1313 1255 1156 129 99 1027 570 548 457 394 250 217 63 511 87 424 50 394 372 304 272 250 205 104 185 75 159 122 69 69 50 68 117 72 45 53 144 97 72 100 62 45 51 58 40 45 47 45
is_linear=0
shrinkage=0.005


Tree=31
num_leaves=51
num_cat=0
split_feature=51 67 95 16 82 83 75 45 16 2 35 85 35 97 17 29 66 17 37 23 61 27 83 32 67 2 23 19 77 34 41 37 67 2 71 77 89 77 37 37 53 6 14 30 16 41 28 29 29 19
split_gain=11.9807 11.3031 11.9897 10.4892 9.81444 9.38889 8.52103 8.04702 8.34664 7.40773 7.86205 9.99784 7.23221 10.0513 8.67988 9.01516 6.76979 6.55853 6.32134 6.9712 6.63305 6.26294 6.23941 5.95518 6.01512 11.2179 5.93007 9.58405 5.7619 5.6257 5.60606 6.1662 5.09092 5.56718 6.60395 8.08828 7.6608 6.96587 5.04671 10.8335 4.72646 4.62561 9.71378 4.43785 3.6 3.50635 3.29292 3.23746 2.1256 1.8087
threshold=1.0000000180025095e-35 28030.750000000004 1.0000000180025095e-35 3788.6500000000005 -1133.9499999999998 1858.9000000000017 638.4004935525146 23064.500000000004 4711.9500000000007 2335.1000000000004 26.275000000000002 1401.7500000000002 24.325000000000006 0.093750000000000014 182.65000000000001 89.750000000000014 0.10200000000000002 12.850000000000003 96.250000000000014 99.750000000000014 25904.400000000005 84.250000000000014 2148.8500000000008 118.75000000000001 35625.700000000004 3581.0250000000005 78.250000000000014 832.45000000000016 3968.5479591384078 101.25000000000001 66.250000000000014 72.250000000000014 30238.650000000005 2585.9000000000005 1691.3000000000002 4489.1419539252765 1325.0291437500002 3906.0113154911 88.750000000000014 60.750000000000007 2.5000000000000004 11126.720000000003 13642.450000000003 96.750000000000014 6681.1000000000013 58.750000000000007 28.475000000000005 82.250000000000014 83.250000000000014 936.30000000000007
decision_type=2 2 2 2 2 2 2 2 2 2 2 2 2 2 2 2 2 2 2 2 2 2 2 2 2 2 2 2 2 2 2 2 2 2 2 2 2 2 2 2 2 2 2 2 2 2 2 2 2 2
left_child=1 6 3 5 -5 -3 18 43 22 46 12 21 13 -11 15 16 -14 -10 20 48 -1 -12 -9 -13 26 41 27 -25 -23 38 -22 -32 -19 -34 35 36 45 -36 39 -28 -2 42 -26 -4 -44 -35 -6 -18 -20 -49
right_child=40 2 7 4 9 -7 -8 8 17 10 11 23 14 -15 -16 -17 47 32 19 -21 30 28 -24 24 25 -27 29 -29 -30 -31 31 -33 33 34 37 -37 -38 -39 -40 -41 -42 -43 44 -45 -46 -47 -48 49 -50 -51
leaf_value=0.0016482763203083315 -0.00070305124286479718 -0.0016839906716920672 0.00068549864005163917 -0.00097917944126820595 -0.00072263145056832782 -5.3514082939529286e-06 -2.7713320911278754e-06 0.00025737611699688969 -2.7695430358216963e-06 0.00012036182159813864 -0.0012681273627080608 -1.2605428002946139e-05 2.6701898779859318e-06 -0.00065544887162397275 -1.1978020671729798e-05 -2.1562602279280015e-06 1.8151544614532369e-05 6.0195620434561853e-06 0.00075579359923477925 4.7682784502212434e-06 4.0342269421048359e-05 4.3715323539535607e-05 -2.8355535383186676e-06 -0.00080370565694659363 -0.00067838535104717591 0.00093266721803050736 -2.5862519078052165e-06 2.8727518094725358e-06 -0.00027545157869805613 0.0020126877677013283 3.6426358848374748e-06 -0.00036740094977863848 -2.9325569192375481e-06 1.5936960233251609e-06 -1.2280866474209918e-06 -1.8911369239967024e-06 -6.5342688951847256e-07 3.4871036689286718e-07 -1.6706897716993467e-05 0.0018981513921092919 -0.0032185518764146588 -0.00064580431499752821 -0.00020214478127700893 4.4924421693182636e-07 0.0025683426908220202 9.4528110494943988e-06 -0.001109169163861544 0.00012598650032851047 0.0011658774716173804 0.00062821972748666451
leaf_weight=28 28 36 33 22 25 36 36 38 30 26 21 32 23 24 39 33 26 33 23 22 30 21 21 25 22 20 30 27 27 28 23 21 26 20 21 33 36 22 34 33 23 22 20 20 20 36 21 20 22 26
leaf_count=28 28 36 33 22 25 36 36 38 30 26 21 32 23 24 39 33 26 33 23 22 30 21 21 25 22 20 30 27 27 28 23 21 26 20 21 33 36 22 34 33 23 22 20 20 20 36 21 20 22 26
internal_value=-7.33138e-05 1.90404e-05 -0.000180505 -0.000548038 -0.000352324 -0.00236111 0.00109756 0.000555556 0.000253165 -0.00024031 -9.18197e-05 -0.00052356 0.000668203 -0.001 0.00116766 0.00179688 0.00257895 -0.000136187 0.00156805 0.00276119 0.000784314 -0.00224638 0.00194915 -0.00014377 8.8968e-05 -0.000865385 0.000649718 -0.000769231 -0.00125 0.00124 0 -0.00113636 0.000154185 -0.000154639 0.000178571 0.00076 0.00152174 -0.00151163 0.000670103 0.00150794 -0.00245098 -0.00166667 -0.000967742 0.00235849 0.0005 0.00267857 -0.00217391 0.00333333 0.00388889 0.00413043
internal_weight=1364 1313 1108 739 667 72 205 369 316 645 599 382 217 50 167 128 95 257 169 67 102 69 59 313 281 104 177 52 48 125 74 44 227 194 168 125 92 43 97 63 51 84 62 53 40 56 46 72 45 46
internal_count=1364 1313 1108 739 667 72 205 369 316 645 599 382 217 50 167 128 95 257 169 67 102 69 59 313 281 104 177 52 48 125 74 44 227 194 168 125 92 43 97 63 51 84 62 53 40 56 46 72 45 46
is_linear=0
shrinkage=0.005


Tree=32
num_leaves=54
num_cat=0
split_feature=69 76 11 53 14 14 29 100 69 69 75 45 76 67 7 68 46 64 69 2 100 38 65 76 100 13 36 75 7 79 92 86 100 19 75 37 65 7 38 70 2 65 38 33 62 25 45 14 67 11 7 38 13
split_gain=11.4842 12.0446 11.3181 17.1771 12.12 12.9425 11.4306 11.1405 10.2125 9.34157 8.99663 10.9368 8.94961 10.2408 8.82372 8.70557 13.3032 8.24229 8.03501 7.8913 7.82024 11.1227 8.91777 8.306 8.29724 10.2639 8.8658 7.74851 7.70934 7.68493 7.48858 7.35782 10.3469 7.11111 6.93942 8.01541 6.89459 6.55917 5.36685 8.21778 5.35515 5.30876 4.99132 4.9 4.35184 3.80234 3.6 2.77778 2.58513 2.41311 2.32288 1.77778 1.04833
threshold=26353.000000000004 29304.100000000002 33426.600000000006 3.5000000000000004 17313.400000000005 17843.800000000003 88.250000000000014 0.24652777777777782 29805.600000000002 28429.650000000005 214.199927154498 22963.500000000004 36392.461458333339 35546.500000000007 32.685000000000009 1196.7500000000002 103.00500106811525 953.83150000000012 36297.55000000001 3332.8735000000001 0.42708333333333343 5.1250000000000009 29579.600000000002 28213.798958333333 0.60069444444444453 11469.400000000001 88.250000000000014 503.7429467526643 25.645000000000007 548.50715760510991 24747.36095625001 688.50000000000011 0.12152777777777779 408.85000000000008 296.18613527729769 83.750000000000014 28149.250000000004 31.645000000000003 6.7250000000000005 938.20000000000016 2675.3500000000004 28916.950000000004 5.1250000000000009 119.75000000000001 1602.1500000000003 126.75000000000001 25402.500000000004 12527.400000000001 34257.250000000007 36402.500000000007 631.34000000000015 6.7750000000000012 3553.8500000000004
decision_type=2 2 2 2 2 2 2 2 2 2 2 2 2 2 2 2 2 2 2 2 2 2 2 2 2 2 2 2 2 2 2 2 2 2 2 2 2 2 2 2 2 2 2 2 2 2 2 2 2 2 2 2 2
left_child=1 42 3 10 6 7 9 -6 -8 -4 33 43 15 -14 28 38 17 -17 47 30 21 22 -16 -22 25 -25 -27 46 -7 -23 44 32 -3 -2 -13 -36 -18 -21 39 -11 -32 -19 -1 -12 48 -29 -26 -15 -10 -38 -31 -9 -44
right_child=2 31 4 -5 5 14 8 51 19 12 11 34 13 18 20 16 36 41 -20 37 23 29 -24 24 27 26 -28 45 -30 50 40 -33 -34 -35 35 -37 49 -39 -40 -41 -42 -43 52 -45 -46 -47 -48 -49 -50 -51 -52 -53 -54
leaf_value=0.00025873056312815981 0.00030870938027079153 0.00018994207636666822 -7.6296507911702594e-06 -0.0019318311842663235 -9.644941098954101e-08 -2.6567647186219054e-06 5.3516298178111067e-06 -0.0006081038882840723 -0.00036958818162446846 -0.00010881881244579998 -0.00020278619598817233 -0.0022061357806383865 -6.47338989423368e-06 3.0062129203474838e-06 -8.1948018507550668e-06 -0.00081359946831048688 4.5088853223688087e-07 2.4354303315361554e-06 -2.8213757706270744e-06 7.4798722110961529e-06 0.0013184869009945765 9.8753758368695741e-07 9.8716274956496581e-06 -0.00033487517531171268 -4.3192928925563739e-06 -0.0005986750785580597 3.4168214125417032e-06 -6.9708855543583148e-06 -0.00082596563224527047 1.7829075532708392e-05 -6.5319437551817043e-06 -2.3895292793424536e-05 -1.8776536274517589e-05 -0.0021977679685673424 -0.0020868908234788833 -5.3079161256143326e-07 8.8347645536162403e-06 -5.8751026960333734e-06 0.0006458969679317703 0.0012845431388690152 2.9841647594167888e-06 -1.2219462141838867e-06 0.0013075808738209976 0.0021609349993015935 -2.8866751856717379e-07 0.0017568506640200992 -0.00040434164041172659 7.495127340871141e-05 -5.5846617973756857e-06 2.8027017635203154e-06 0.0019669340826771685 -0.00089018247181756353 0.00077956526888920048
leaf_weight=22 25 21 28 32 26 32 34 25 24 20 20 20 24 25 26 26 26 31 23 25 20 20 32 38 20 21 33 21 21 21 25 21 28 20 25 37 26 21 37 25 30 25 20 20 33 32 20 20 26 28 20 20 23
leaf_count=22 25 21 28 32 26 32 34 25 24 20 20 20 24 25 26 26 26 31 23 25 20 20 32 38 20 21 33 21 21 21 25 21 28 20 25 37 26 21 37 25 30 25 20 20 33 32 20 20 26 28 20 20 23
internal_value=-8.79765e-05 0.0012963 -0.000240033 -0.00133166 -2.91262e-05 -0.000647321 0.000446735 -0.00260563 -0.000458716 0.000989011 -0.000688623 -0.00139344 0.00122024 -0.000108696 -0.000278515 0.00172131 0.00104938 -0.000365854 0.000882353 -0.000923913 3.08642e-05 0.00105042 -0.000517241 -0.000560976 -0.000891892 -0.00195652 -0.000555556 0.00016129 -0.00216981 0.00254098 -0.00152174 -0.000142857 0.000918367 0.00122222 -0.00243902 -0.0016129 0.0025 0.000869565 0.00304878 0.00188889 -9.09091e-05 0.000714286 0.00284615 0.00075 -0.00246988 0.00141509 -0.0015 0.00211111 -0.0034 0.00351852 0.00378049 -0.00411111 0.00383721
internal_weight=1364 135 1229 199 1030 448 582 71 218 364 167 122 336 92 377 244 162 82 68 184 324 119 58 205 185 92 54 93 53 61 138 70 49 45 82 62 80 46 82 45 55 56 65 40 83 53 40 45 50 54 41 45 43
internal_count=1364 135 1229 199 1030 448 582 71 218 364 167 122 336 92 377 244 162 82 68 184 324 119 58 205 185 92 54 93 53 61 138 70 49 45 82 62 80 46 82 45 55 56 65 40 83 53 40 45 50 54 41 45 43
is_linear=0
shrinkage=0.005


Tree=33
num_leaves=54
num_cat=0
split_feature=10 16 17 35 46 11 81 46 81 17 3 23 35 2 100 2 6 69 98 71 6 98 70 10 98 29 14 29 37 25 34 17 33 6 93 39 34 34 45 72 6 36 39 35 70 93 37 48 57 75 2 36 34
split_gain=11.1417 13.0705 12.7321 9.2478 10.5307 9.00566 11.1318 9.58636 8.90909 8.14919 7.99366 7.64354 6.15503 11.8677 11.0806 8.46557 7.81159 7.18428 9.38496 11.0763 6.65494 6.53166 6.93652 6.05728 5.96471 5.9645 5.82165 5.58967 9.06715 5.39782 7.82609 7.88406 5.50731 5.12422 5.12372 4.82479 4.73923 4.65646 4.63541 4.55111 4.47249 4.51969 4.43538 4.22923 4.04491 5.18449 3.85714 3.31363 3.26667 2.90967 2.8 2.70935 2.08713
threshold=41166.350000000013 3788.6500000000005 1.55 22.675000000000001 106.36000061035158 32185.500000000004 3486.0098714538781 90.939998626708999 4157.8601693889086 29.100000000000005 14513.150000000001 53.250000000000007 26.725000000000005 2469.9500000000003 0.60069444444444453 2609.1500000000005 2999.9100000000003 35424.350000000013 0.48263888888888895 1509.9500000000003 3404.2800000000002 0.34375000000000006 1601.7 34824.000000000007 0.22569444444444445 83.250000000000014 16119.750000000002 83.250000000000014 93.250000000000014 32.750000000000007 100.75000000000001 118.10000000000001 36.250000000000007 10200.925000000001 417.94876244665727 190.25000000000003 58.250000000000007 82.750000000000014 23462.500000000004 1.0425000000000002 3605.2500000000005 87.250000000000014 168.75000000000003 27.225000000000005 1040.7000000000003 404.54520238095245 49.750000000000007 1.0000000180025095e-35 1.0000000180025095e-35 507.06324224148642 2590.7000000000003 88.750000000000014 85.750000000000014
decision_type=2 2 2 2 2 2 2 2 2 2 2 2 2 2 2 2 2 2 2 2 2 2 2 2 2 2 2 2 2 2 2 2 2 2 2 2 2 2 2 2 2 2 2 2 2 2 2 2 2 2 2 2 2
left_child=1 11 48 -4 5 40 35 -8 -2 42 24 25 15 -14 17 21 46 18 43 -20 36 26 -23 -12 -11 -1 -9 28 -22 32 31 34 -29 -18 -31 -7 -17 -19 -21 -30 -5 50 -6 -15 45 -13 -16 -46 -3 52 -42 -36 -10
right_child=8 2 3 4 9 6 7 12 49 10 23 44 13 14 16 20 33 37 19 38 27 22 -24 -25 -26 -27 -28 29 39 30 -32 -33 -34 -35 51 -37 -38 -39 -40 -41 41 -43 -44 -45 47 -47 -48 -49 -50 -51 -52 -53 -54
leaf_value=0.00028291380966485944 0.0001221465976535107 0.0011792338669525801 0.0001625820226716597 -0.0011696595474331136 -1.4488731235586528e-05 0.00049694076325029366 -0.00083454970742477899 0.0001956034314388451 -0.00022764934808193195 1.0163709478629515e-05 0.00058676772375281568 -9.6902498206651435e-06 0.00014866195960060622 -0.0010271562269883706 1.248060170772387e-06 1.3815649817070057e-06 0.0033119899425383863 5.768028222934217e-06 3.8751439417623682e-06 -1.2799195180975165e-07 7.7569764230074574e-06 -0.00016503719867979461 -4.2179932343776522e-07 -3.5432325942559946e-07 -0.00026968449748268332 -0.00024839231575591849 -6.091959710935481e-05 7.9450873036680191e-06 3.4497689519069525e-05 8.3093977955555216e-06 4.9494084046325218e-06 -1.0371654144580777e-05 -1.8523057258965521e-06 3.7577720480051954e-06 -2.5344639579291169e-06 4.8142547701216804e-06 1.5277092979343025e-05 -2.0230775061082762e-05 -1.2158364831129673e-06 -3.7153394571872732e-06 0.00020002176536126036 -0.0029774814968867047 -3.1948959746656964e-06 -0.0002091252825647352 -0.0016202448627916273 -0.0017811411343525547 -7.719595536167508e-06 6.0535704441610471e-07 0.00053047232327221101 -6.9062962031634948e-05 -1.4557041654456241e-05 2.4818009342899737e-07 -0.00077504131623525139
leaf_weight=22 33 30 20 22 24 26 36 22 23 20 24 23 37 27 21 23 23 24 25 26 24 20 29 25 34 20 20 37 25 25 23 24 25 21 22 23 32 25 25 20 21 23 26 37 20 35 27 27 30 21 24 21 22
leaf_count=22 33 30 20 22 24 26 36 22 23 20 24 23 37 27 21 23 23 24 25 26 24 20 29 25 34 20 20 37 25 25 23 24 25 21 22 23 32 25 25 20 21 23 26 37 20 35 27 27 30 21 24 21 22
internal_value=-5.13196e-05 7.50988e-05 0.000259392 0.000132325 6.74374e-05 0.000276836 0.000446541 0.000294906 -0.00166667 -0.00114379 -0.000339806 -0.00132653 0.000422535 -9.43396e-05 -0.00044484 0.000841837 0.000978261 -0.00113757 -0.00171429 -0.000526316 0.00124585 -0.000494505 -0.00173469 0.00112245 -0.00166667 0.00047619 0.000952381 0.000894309 0.00210145 0.000423729 -0.000217391 -0.000869565 0.0016129 0.0025 0 0.0027551 0.00281818 0.000510204 -0.00186275 0.000777778 -0.00122222 -0.000588235 -0.0028 -0.003125 -0.00204762 -0.00293103 -0.000416667 -0.000957447 0.0025 -0.00272727 0.000333333 -0.00104651 -0.00344444
internal_weight=1364 1265 1118 1058 1038 885 795 746 99 153 103 147 710 318 281 392 92 189 140 76 301 91 49 49 54 42 42 246 69 177 115 92 62 44 68 49 55 49 51 45 90 68 50 64 105 58 48 47 60 66 45 43 45
internal_count=1364 1265 1118 1058 1038 885 795 746 99 153 103 147 710 318 281 392 92 189 140 76 301 91 49 49 54 42 42 246 69 177 115 92 62 44 68 49 55 49 51 45 90 68 50 64 105 58 48 47 60 66 45 43 45
is_linear=0
shrinkage=0.005


Tree=34
num_leaves=54
num_cat=0
split_feature=69 0 74 76 35 35 10 10 30 93 89 7 7 32 38 17 17 63 83 93 27 20 66 66 66 65 34 83 46 74 10 24 74 93 35 24 16 38 93 70 24 78 20 83 94 74 3 63 30 3 11 1 2
split_gain=10.884 14.1301 10.0779 9.77208 8.99106 9.64696 8.96649 9.82186 9.36538 8.83098 8.79196 9.64556 9.31292 9.36895 12.2032 8.51668 11.4401 9.35208 8.23129 8.01608 7.98018 9.90133 10.3272 9.32902 7.95949 9.52381 7.78971 7.42471 8.61583 7.33645 7.27273 7.10939 7.01299 6.85714 6.72883 6.18454 7.15625 6.05728 6 7.25452 5.55385 5.54683 5.51607 5.41659 5.21758 4.58936 4.3645 3.49898 3.37498 2.56 1.89394 1.83203 0.951452
threshold=26353.000000000004 22084.050000000003 1243.3241458333334 29304.100000000002 22.975000000000005 24.025000000000002 41166.350000000013 37066.30000000001 12.750000000000002 402.89312698412704 1244.5121812500001 17.525000000000002 302.31500000000011 195.75000000000003 9.4750000000000014 180.55000000000004 71.250000000000014 27833.500000000004 1693.9999999999984 413.02562415654523 78.250000000000014 2508.6500000000005 791.98750000000007 1503.4000000000003 146.17950000000005 34035.30000000001 52.250000000000007 2937.099999999999 101.09999847412111 800.07512500000007 33541.400000000009 9.0750000000000011 451.2994583333334 403.92385714285723 26.925000000000004 7.4750000000000005 5292.2000000000007 7.4250000000000016 416.68715149359895 0.91350000000000009 5.9250000000000016 1365.127371527778 1295.2500000000002 2198.599999999999 524885.80778750021 533.34116666666671 13962.050000000001 28946.600000000002 99.750000000000014 10700.550000000001 31214.050000000003 14888.675500000001 2869.9440000000004
decision_type=2 2 2 2 2 2 2 2 2 2 2 2 2 2 2 2 2 2 2 2 2 2 2 2 2 2 2 2 2 2 2 2 2 2 2 2 2 2 2 2 2 2 2 2 2 2 2 2 2 2 2 2 2
left_child=3 -2 4 40 -3 -6 7 8 -7 41 11 -11 13 51 43 16 20 -18 -5 26 21 22 32 35 25 38 -13 28 -8 -26 50 34 -10 -17 -19 -24 -37 -20 39 -9 -1 -4 -21 -15 -44 -33 -25 -46 52 -42 -22 -12 -35
right_child=1 2 9 18 5 6 27 24 15 10 12 19 -14 14 -16 33 17 31 37 42 30 -23 23 46 29 -27 -28 -29 -30 -31 -32 45 -34 48 -36 36 -38 -39 -40 -41 49 -43 44 -45 47 -47 -48 -49 -50 -51 -52 -53 -54
leaf_value=7.5712971141579422e-05 -0.0021948027779796122 8.8500986542051105e-05 0.00041437548533356942 -2.6167683104140909e-05 -0.00059881642798493965 0.00018863001241341756 -0.00058246366937384658 0.00089343863111476492 1.5960870944007692e-05 1.537260511550275e-05 -3.178921494792368e-06 -0.0007267473187600762 0.00074563120306474391 2.0061692643290141e-06 3.3173390492017951e-06 7.4097856604991623e-06 0.0002340135862275388 9.8681332826244252e-05 -1.7847494843827939e-05 -1.4924016896608083e-06 -0.0012886279535266755 -0.0013198509785272059 -0.00078720018358509184 -8.3207882543917324e-07 0.0001709526213016728 -8.9093759430572609e-05 6.1233701631437222e-07 0.00057650425628859184 -7.8582794517191473e-05 1.7055877580447294e-06 0.00015167496190388667 7.7051730472306213e-06 0.00042763819791292448 -1.2606714278422236e-05 -4.2283377836073228e-06 8.6355330608398652e-06 -0.00024979691905487386 0.00021921905631724277 -1.2120535662612617e-06 -8.2497385219256336e-07 0.0014496654697208227 4.9993606641432955e-06 1.4355626513009114e-06 -5.3177619500107653e-06 7.6839163282611786e-07 -4.0723998177234939e-06 5.2922771219058319e-06 4.9736137359587681e-06 -0.00030455035649585736 0.001301886991812329 -0.0021034450074546383 -2.7191172744792658e-06 -0.00075522384864536369
leaf_weight=20 26 27 25 21 36 24 39 29 20 22 22 20 20 26 21 30 20 31 25 31 20 28 21 20 27 30 33 21 30 30 20 21 22 20 26 39 22 24 25 21 25 21 36 34 20 30 22 27 29 20 24 20 21
leaf_count=20 26 27 25 21 36 24 39 29 20 22 22 20 20 26 21 30 20 31 25 31 20 28 21 20 27 30 33 21 30 30 20 21 22 20 26 39 22 24 25 21 25 21 36 34 20 30 22 27 29 20 24 20 21
internal_value=-5.13196e-05 -0.000199349 -0.000120532 0.0012963 -0.000430303 -0.000526316 -0.000406824 -0.000208333 -0.00054902 0.000555556 0.000271084 0.000978836 -0.000664336 -0.00117886 -0.000185185 -0.000699588 -0.000362694 0.000859375 0 0.000568862 -0.000968992 -0.000463918 0 -0.000725806 0.000864198 4.7619e-05 -0.00103774 -0.00188889 -0.00268116 0.00236842 -0.0025 0.000277778 0.00214286 -0.002 0.00149123 -0.00170732 -0.000901639 0.00112245 0.001 0.002 0.00269231 0.0026087 0.00131579 -0.00133333 0.00198795 -0.00107843 0.00119048 0.00308511 -0.00285714 0.00366667 -0.00363636 -0.00309524 -0.00378049
internal_weight=1364 1229 1203 135 825 798 762 672 510 378 332 189 143 123 81 486 386 128 70 167 258 194 166 124 162 105 53 90 69 57 64 108 42 100 57 82 61 49 75 50 65 46 114 60 83 51 42 47 70 45 44 42 41
internal_count=1364 1229 1203 135 825 798 762 672 510 378 332 189 143 123 81 486 386 128 70 167 258 194 166 124 162 105 53 90 69 57 64 108 42 100 57 82 61 49 75 50 65 46 114 60 83 51 42 47 70 45 44 42 41
is_linear=0
shrinkage=0.005


Tree=35
num_leaves=51
num_cat=0
split_feature=74 28 41 30 56 30 4 79 59 39 20 80 21 94 22 23 28 32 65 79 4 94 41 40 13 82 30 94 24 77 74 22 60 32 4 27 41 40 27 22 69 22 28 40 39 40 28 23 4 22
split_gain=15.3711 13.2363 10.7441 8.43446 8.39306 9.11893 10.5874 8.8248 17.4401 9.98534 8.77297 11.2095 10.0765 8.48291 8.22901 8.36881 6.94041 8.05286 6.60041 7.7321 8.66869 10.0776 9.65328 11.2024 8.42601 8.53957 7.40741 8.17406 6.61892 9.00779 7.55569 9.73157 9.072 12.6 8.96 6.46849 6.17143 5.86667 4.97778 4.87619 4.84 4.42369 4.26667 4.9 4.12857 3.78597 3.6 3.50019 3 1.65419
threshold=823.56877083333347 31.525000000000002 90.250000000000014 10.750000000000002 1.0000000180025095e-35 34.750000000000007 3038.0050000000006 518.24202109368684 -0.24999999999999994 184.25000000000003 2235.8500000000004 28888.100694444449 27.925000000000004 588501.85228062526 91.250000000000014 67.250000000000014 27.875000000000004 178.75000000000003 31990.250000000004 514.01154681304047 7748.4250000000002 554352.83648281277 60.250000000000007 72.750000000000014 6674.3000000000002 74.342999999999975 86.750000000000014 472534.76172656269 5.2750000000000012 3582.1571890227037 1193.973322916667 81.250000000000014 1685.5500000000002 102.25000000000001 3839.5000000000005 39.750000000000007 85.750000000000014 112.75000000000001 66.750000000000014 86.750000000000014 30293.550000000007 89.250000000000014 27.925000000000004 141.75000000000003 121.75000000000001 76.750000000000014 27.425000000000004 99.750000000000014 13006.845000000003 87.250000000000014
decision_type=2 2 2 2 2 2 2 2 2 2 2 2 2 2 2 2 2 2 2 2 2 2 2 2 2 2 2 2 2 2 2 2 2 2 2 2 2 2 2 2 2 2 2 2 2 2 2 2 2 2
left_child=1 4 3 -2 10 -6 -7 8 48 49 11 -1 13 37 15 -4 17 -15 19 20 21 22 23 -5 25 39 -20 -28 29 -23 44 -32 33 -33 40 -27 -14 -13 -26 -21 -35 -25 -11 -44 -30 46 -17 -18 -8 -9
right_child=2 -3 14 18 5 6 7 9 -10 42 -12 12 36 16 -16 45 47 -19 26 24 -22 28 -24 41 38 35 27 -29 30 -31 31 32 -34 34 -36 -37 -38 -39 -40 -41 -42 -43 43 -45 -46 -47 -48 -49 -50 -51
leaf_value=0.00093143855552990683 0.00031475304635585863 0.0019802651499404899 4.9041241321117737e-06 -0.00022802764387754178 -0.00022359878299465304 3.3433313978031776e-05 -0.00049831076211891763 -0.0012745110032701427 0.0012029411807780767 8.2758037865572575e-06 -0.00074216497773330785 2.8037662713433378e-05 0.0018588492389603789 -0.00016351214770656707 3.697430583203501e-06 -0.00083034662292726135 -0.00035798904096058515 9.8011606406945702e-06 -4.8005613165773674e-06 9.0553981732629451e-06 0.00037881688242345372 0.00078955586300331144 0.00011581801559247036 1.5283477763519303e-06 -1.3188531703541618e-05 -3.580172788840612e-06 5.6891376650333028e-06 -2.5864868896555324e-05 -0.00087745987056983034 -4.1064330083669199e-06 2.7458864850169659e-06 -2.4428318304578974e-05 -1.5233114053090422e-06 3.4094142394180701e-06 -2.0527605584180679e-06 2.817965225670997e-06 -2.392465994749296e-06 -1.3446198740122268e-05 3.6543601953736997e-05 0.0011634032590429513 1.4234313751680659e-05 8.8429630732910037e-05 -0.00077648648532499781 -1.5985789091408763e-06 -0.00079573494251264322 -0.00066854683660540182 -1.8585045721712456e-05 -2.4270927757333987e-05 -9.0466220822890651e-05 -0.00052806934305760017
leaf_weight=34 35 24 26 28 23 31 30 29 23 24 29 33 35 38 32 20 22 28 36 28 20 22 21 21 20 33 34 38 20 20 35 20 35 20 25 21 21 22 36 32 25 20 20 20 36 33 20 37 20 22
leaf_count=34 35 24 26 28 23 31 30 29 23 24 29 33 35 38 32 20 22 28 36 28 20 22 21 21 20 33 34 38 20 20 35 20 35 20 25 21 21 22 36 32 25 20 20 20 36 33 20 37 20 22
internal_value=-8.35149e-05 -0.000716814 0.000357143 0.000609398 -0.000878004 -0.00157025 -0.00125571 -0.00170213 -0.000342466 -0.00256522 -0.000317726 -3.7037e-05 -0.000423729 -0.001 -0.000954198 -0.00166667 -0.00172 -0.000606061 0.000479876 0.00070632 0.000298913 0.000114943 0.00155556 0.000652174 0.00158824 0.00236842 -0.000648148 0.000277778 -0.000387597 0.00142857 -0.000740741 -0.0001875 -0.00084 0 0.001 0.000925926 0.00142857 0.000636364 0 0.00366667 0.00233333 0.00231707 -0.00125 -0.00225 -0.00232143 -0.00253425 -0.0015 -0.0029661 -0.002 -0.00421569
internal_weight=1377 565 812 681 541 242 219 188 73 115 299 270 236 180 131 99 125 66 646 538 368 348 90 69 170 114 108 72 258 42 216 160 125 90 70 54 56 55 56 60 45 41 64 40 56 73 40 59 50 51
internal_count=1377 565 812 681 541 242 219 188 73 115 299 270 236 180 131 99 125 66 646 538 368 348 90 69 170 114 108 72 258 42 216 160 125 90 70 54 56 55 56 60 45 41 64 40 56 73 40 59 50 51
is_linear=0
shrinkage=0.005


Tree=36
num_leaves=53
num_cat=0
split_feature=10 51 83 83 87 62 44 71 10 88 68 97 96 68 68 60 61 98 16 98 8 76 76 16 16 33 16 2 76 44 31 43 36 34 97 16 47 26 87 87 87 0 66 37 100 0 100 0 17 60 83 77
split_gain=13.011 9.02984 8.49611 11.0901 9.3645 8.41614 9.67756 11.781 8.21152 8.22894 8.954 10.4986 7.21687 8.101 11.631 9.92975 7.1254 6.9417 7.78734 9.55937 7.09671 11.2714 10.5755 7.08377 6.51266 10.51 8.33515 6.50598 6.4 6.26969 7.47316 16.2934 8.79174 6.12572 7.11382 5.56608 5.54799 6.94286 5.23682 5.05606 4.99248 4.9 4.82694 4.72984 4.56053 3.57628 3.62069 2.96077 2.8631 3.44821 2.84468 2.45578
threshold=39878.850000000013 1.0000000180025095e-35 2777.6000000000008 1526.7999999999977 0.61458333333333337 915.3610000000001 2.3200000524520878 1764.1225000000002 38446.55000000001 3743.2656249999995 1386.2 0.19791666666666671 1.0000000180025095e-35 1236.3805000000002 1541.7500000000002 1266.1170000000004 32891.600000000013 0.065972222222222238 6194.1500000000005 0.21875000000000003 415.43671052631584 29269.847916666669 32417.878125000003 5501.5000000000009 5023.0000000000009 20.750000000000004 6043.2500000000009 2764.4500000000003 27468.383333333335 2.6085000038146977 8.8750000000000018 93.595001220703139 87.250000000000014 62.250000000000007 0.51041666666666685 6438.1500000000005 1.0000000180025095e-35 5.7500000000000009 0.28125000000000006 0.093750000000000014 0.21875000000000003 34529.000000000007 748.22150000000011 76.750000000000014 0.46875000000000006 35518.80000000001 0.53125000000000011 32739.650000000005 15.700000000000001 1599.8500000000001 1888.700000000001 4155.4241500545386
decision_type=2 2 2 2 2 2 2 2 2 2 2 2 2 2 2 2 2 2 2 2 2 2 2 2 2 2 2 2 2 2 2 2 2 2 2 2 2 2 2 2 2 2 2 2 2 2 2 2 2 2 2 2
left_child=1 5 3 -2 -4 8 7 -7 9 16 17 42 13 15 24 43 -1 20 19 40 21 28 -23 -21 39 -26 -27 -28 -11 -16 31 33 50 -31 -35 -10 48 -38 -3 -15 -19 -24 -12 -8 -42 -5 -47 -9 -17 -50 -32 -20
right_child=2 38 4 45 -6 6 12 47 35 10 11 -13 -14 14 29 36 -18 18 51 23 -22 22 41 -25 25 26 27 -29 -30 30 32 -33 -34 34 -36 -37 37 -39 -40 -41 44 -43 -44 -45 -46 46 -48 -49 49 -51 -52 -53
leaf_value=2.9091895325039893e-05 6.4602284013460525e-05 -0.0010372908362010782 0.00071584444201986959 -2.5749035428870114e-05 -0.00083983432625244468 1.0050380592406107e-06 0.00015569100112793383 -7.6564563630455888e-08 -1.5077977618939828e-05 5.4475486638425182e-06 -0.00035159367451347706 4.8325016225631963e-07 -0.00012390183205132307 -0.00026444109012665828 2.2424293901569247e-06 0.0015928917776098434 -3.9750068461033795e-07 0.00020619437619390454 -4.6563090363379026e-05 -8.3062906072008941e-06 0.0013653925275560203 -0.0011136117775159993 0.00065640408438927299 0.0019798073447188968 -2.3684690641360679e-05 5.1490682111766474e-05 -9.3125240428343257e-06 4.3989084062165208e-06 0.00099318938018989411 -4.5513292002983284e-06 3.4429589271431563e-06 0.00015014479224559192 -8.4102371589107593e-07 1.3197607448954811e-06 -1.2495770116308816e-05 0.0036776569735253468 -1.1932711228927922e-05 0.000603454950893895 -0.0028517258886706 -1.7185787401392832e-06 -0.00046377034977380233 -5.7544944893147612e-06 -0.0021452483383663061 -0.00031902630490041127 -6.2786113851557181e-06 -0.00061844066840173754 -0.00019480193746515694 -2.3703844043670947e-06 0.00015482283106285914 0.0012229158695477641 8.3284032869450377e-05 -0.00011667372673706584
leaf_weight=21 34 33 22 30 20 35 31 20 22 20 27 29 30 30 37 21 24 24 28 29 24 26 20 26 33 37 20 29 20 22 28 24 26 21 20 32 20 28 20 23 22 20 28 30 37 30 28 23 26 24 22 21
leaf_count=21 34 33 22 30 20 35 31 20 22 20 27 29 30 30 37 21 24 24 28 29 24 26 20 26 33 37 20 29 20 22 28 24 26 21 20 32 20 28 20 23 22 20 28 30 37 30 28 23 26 24 22 21
internal_value=-0.000141612 3.70981e-05 -0.00146341 -0.00213115 0.00047619 0.00012931 0.0005 -0.00115385 -0.00036 -0.00058296 -0.000810474 -0.0022619 0.000721649 0.000851449 0.000430108 0.00172222 0.00144444 -0.000425868 -0.00104278 -0.000434783 0.000461538 -9.43396e-05 -0.00136364 0.00118182 -0.000523256 0.00012605 0.00104651 -0.000306122 0.002 0.00125 0.000828221 -0.000172414 0.00197368 -0.00150794 -0.000365854 0.00148148 0.00256303 0.00125 -0.00198113 -0.00198113 -0.00150602 0.00025 -0.00354545 8.19672e-05 -0.00228814 -0.00306818 -0.0037931 -0.00290698 0.0034507 0.0028 0.0032 -0.0027551
internal_weight=1377 1213 164 122 42 1160 660 78 500 446 401 84 582 552 372 180 45 317 187 138 130 106 66 55 172 119 86 49 40 200 163 87 76 63 41 54 119 48 53 53 83 40 55 61 59 88 58 43 71 50 50 49
internal_count=1377 1213 164 122 42 1160 660 78 500 446 401 84 582 552 372 180 45 317 187 138 130 106 66 55 172 119 86 49 40 200 163 87 76 63 41 54 119 48 53 53 83 40 55 61 59 88 58 43 71 50 50 49
is_linear=0
shrinkage=0.005


Tree=37
num_leaves=55
num_cat=0
split_feature=74 16 72 63 1 67 25 98 60 88 72 65 14 66 78 22 63 78 63 63 22 26 19 1 14 63 16 16 63 93 72 65 26 4 16 7 14 14 17 17 32 30 30 4 56 65 77 2 39 39 65 32 4 2
split_gain=13.9511 8.02012 8.76912 9.94326 9.34466 7.83799 14.9579 7.398 11.905 11.3393 10.0183 9.98336 10.5601 8.42912 8.90728 10.5796 9.18367 8.31295 11.7118 8.00476 10.6878 7.36315 7.27891 11.0711 9.15793 6.92113 6.6881 6.58112 6.22273 5.5648 12.0818 7.04128 11.4365 7.52628 7.54054 8.53924 5.65796 5.48571 5.00723 7.99558 14.596 5.08898 4.7619 4.14848 4.11893 3.97956 3.81111 3.41502 3.3 3.27273 2.27987 2.23385 0.9 0.436364
threshold=823.56877083333347 6533.5500000000002 1500.1820000000002 25001.800000000007 12888.200000000003 36217.100000000006 169.75000000000003 0.61458333333333348 1386.2 3523.2266666666669 1554.6185000000003 31490.200000000001 16725.600000000002 645.71500000000003 1251.7147569444446 93.750000000000014 30589.450000000001 1081.6326319444445 27880.800000000003 29426.950000000004 86.250000000000014 40.250000000000007 317.90000000000003 15326.650000000003 15906.700000000003 32683.600000000002 6554.6500000000005 5554.4000000000005 31560.700000000004 411.23119095816469 0.94950000000000012 33223.150000000009 1.7500000000000002 7748.4250000000002 5755.2000000000016 1509.9950000000001 14914.200000000003 12891.000000000002 20.950000000000003 136.85000000000002 82.750000000000014 80.750000000000014 97.750000000000014 3391.1550000000007 1.0000000180025095e-35 30963.450000000004 3925.6168156904209 3140.2585000000004 119.75000000000001 171.75000000000003 26760.250000000004 137.25000000000003 5556.6350000000011 2667.2500000000005
decision_type=2 2 2 2 2 2 2 2 2 2 2 2 2 2 2 2 2 2 2 2 2 2 2 2 2 2 2 2 2 2 2 2 2 2 2 2 2 2 2 2 2 2 2 2 2 2 2 2 2 2 2 2 2 2
left_child=1 2 3 4 -1 21 -7 8 11 -10 22 13 -13 -2 15 16 17 18 -15 20 -12 37 -9 24 53 -23 28 -20 49 30 46 32 -31 -34 35 -35 -32 -3 45 40 48 -42 -41 -19 -4 51 -5 -36 -40 -21 -38 -11 -46 -24
right_child=7 5 44 29 -6 6 -8 10 9 38 19 12 -14 14 -16 -17 -18 43 27 26 -22 25 23 -25 -26 -27 -28 -29 -30 31 36 -33 33 34 47 -37 50 -39 39 42 41 -43 -44 -45 52 -47 -48 -49 -50 -51 -52 -53 -54 -55
leaf_value=-0.00024334569323492802 0.0005375121800930586 3.3032665925233115e-06 -0.00034983570614090963 0.00088259680642552546 0.0004469139870836949 -5.8830693105973871e-05 0.00093729865445801809 5.6210045917014833e-06 -2.6688817252411608e-05 0.00030354235618019554 4.923804087903106e-06 8.4896535800500539e-07 -0.0010645141520911924 0.0003995713801826172 2.2079739800709083e-05 0.00015491254612229417 5.8485139525089534e-05 -0.00074826587588642038 -0.00079618143475574602 2.54097545044293e-06 -3.3105306597298017e-07 0.0018492319813455099 -0.0012361927535414444 8.3848083110671718e-07 -1.1479874157080497e-06 -3.6289684531530151e-05 -1.173068603065065e-06 2.0099011125788541e-06 -1.3362012401354336e-06 -7.5869987088369702e-05 -0.0003762723928626397 -7.3302187398395098e-05 0.0019641882143825533 -0.0031036954847605551 3.4758462546525656e-08 3.9725874100185921e-06 -0.0006300983877370373 0.029859806535279879 0.00037761477999365481 0.00035858316455064383 1.5286437587602252e-06 -2.4764369639433241e-05 2.2400106195331274e-06 -0.00033717243066713602 -0.0022158556783797387 1.5088981758472749e-06 -3.9871285142118391e-05 0.001715088903958311 1.7335874574170783e-06 3.0046976178218926e-07 -0.00082527261632576847 0.00016715687031117321 -0.00094181392228730534 -0.00041622100469759663
leaf_weight=23 23 20 33 21 28 29 20 23 23 26 33 31 30 30 37 25 21 20 31 22 23 23 24 34 23 20 20 21 20 23 23 39 28 23 24 21 24 28 20 35 27 28 25 24 20 23 24 22 24 22 29 24 20 20
leaf_count=23 23 20 33 21 28 29 20 23 23 26 33 31 30 30 37 25 21 20 31 22 23 23 24 34 23 20 20 21 20 23 23 39 28 23 24 21 24 28 20 35 27 28 25 24 20 23 24 22 24 22 29 24 20 20
internal_value=-0.000148874 -0.000752212 -0.00109412 -0.000767045 0.00127451 0.000285714 -0.00132653 0.000270936 0.00060219 0.00139216 -0.000416667 -8.53242e-05 -0.00188525 0.000387931 7.17703e-05 -0.000406977 -0.000918367 -0.00142857 -0.000487805 0.0005 0.00196429 0.00115385 -0.00145161 -0.0020297 -0.00320896 -0.000348837 -0.00047619 -0.00192308 0.0003125 -0.00111296 -0.00194215 -0.000555556 -3.5461e-05 0.00059322 -0.000111111 -0.00159091 -0.00315789 0.0025 0.00172414 0.00122642 0.000353535 -0.00136364 0.00266667 -0.00318182 -0.00267123 0.00280822 0.000111111 0.00130435 0.0025 0.00136364 -0.0040566 0.0036 -0.00375 -0.00454545
internal_weight=1377 565 425 352 51 140 49 812 548 255 264 293 61 232 209 172 147 126 82 140 56 91 124 101 67 43 84 52 64 301 121 180 141 118 90 44 76 48 232 159 99 55 60 44 73 73 45 46 44 44 53 50 40 44
internal_count=1377 565 425 352 51 140 49 812 548 255 264 293 61 232 209 172 147 126 82 140 56 91 124 101 67 43 84 52 64 301 121 180 141 118 90 44 76 48 232 159 99 55 60 44 73 73 45 46 44 44 53 50 40 44
is_linear=0
shrinkage=0.005


Tree=38
num_leaves=51
num_cat=0
split_feature=69 99 69 81 29 29 95 92 46 94 68 83 2 29 81 100 79 0 0 81 70 56 46 30 29 25 0 94 42 21 83 88 21 42 30 4 21 39 46 67 76 39 21 83 39 39 0 68 83 0
split_gain=15.6599 10.872 10.4375 10.0782 9.30302 8.89336 8.55832 7.38869 10.214 7.8035 9.01868 8.13923 7.14698 7.13348 6.80568 6.37213 7.88243 6.23591 8.6229 8.10213 6.11164 5.96331 8.00173 6.36217 6.49777 5.9645 5.91962 6.30994 10.206 10.1502 7.63348 5.63703 5.62597 5.44051 5.34545 4.97778 4.74402 4.05877 4.05326 4.02289 6.98832 3.88658 3.71208 5.93859 3.70413 3.6 3.6 3.45707 6.75 0.102439
threshold=26475.150000000005 0.36458333333333343 29151.000000000004 3780.2647256165128 94.250000000000014 88.250000000000014 1.0000000180025095e-35 22501.209475000007 90.939998626708999 472534.76172656269 0.10200000000000002 1911.399999999998 3367.1255000000006 89.250000000000014 3662.3043520400747 0.024305555555555556 586.09025266442688 32594.900000000005 33878.400000000009 4342.0159293825909 0.94200000000000006 -0.8783796973249266 104.57500076293947 94.250000000000014 85.250000000000014 61.750000000000014 29202.800000000003 609273.42682781268 109.45000076293947 27.775000000000002 2673.599999999999 12272.485416666668 19.675000000000004 119.20000076293947 98.750000000000014 5055.7450000000008 15.125000000000002 211.25000000000003 101.7150001525879 31867.900000000005 29304.100000000002 121.25000000000001 16.475000000000005 2253.2000000000012 164.25000000000003 216.75000000000003 28287.950000000004 1332.6500000000003 1534.8000000000013 32292.400000000005
decision_type=2 2 2 2 2 2 2 2 2 2 2 2 2 2 2 2 2 2 2 2 2 2 2 2 2 2 2 2 2 2 2 2 2 2 2 2 2 2 2 2 2 2 2 2 2 2 2 2 2 2
left_child=13 2 14 20 7 6 26 9 -9 11 -11 -4 17 36 -2 -12 -17 21 19 38 -3 25 23 47 -25 -10 -5 28 30 31 -28 37 34 -30 -16 -24 -1 49 -19 40 -38 -15 -7 44 -44 -31 -34 -23 -49 -29
right_child=1 3 4 5 -6 42 -8 8 12 10 15 -13 -14 41 32 16 -18 18 -20 -21 -22 22 35 24 -26 -27 27 29 33 45 -32 -33 46 -35 -36 -37 39 -39 -40 -41 -42 -43 43 -45 -46 -47 -48 48 -50 -51
leaf_value=0.00053790679803605553 2.5348868175593568e-06 0.0018586980758744927 9.0846630795070323e-06 3.3214065763735722e-05 -2.826390115092803e-06 -0.0019143980305950125 3.3836033110473577e-05 -0.00071865647784220344 -0.00086455191968591247 2.509259563482577e-05 -3.6757470529152568e-07 -1.4852076820333738e-06 5.6049452584361152e-06 0.0010537729292428386 4.1387269152997668e-05 -0.00066359058434064481 -1.3359842248187115e-05 -5.2040342285392075e-07 9.9405839392426644e-06 6.7508041726938429e-06 -3.1936140996665536e-05 0.00068904901849599787 -1.7777572270837899e-07 -7.2294059028818318e-06 6.654672960873353e-06 1.0426538313189444e-05 -0.00055294762524941532 -0.00078532947111564951 0.00086514240464093865 -0.00013458712709084523 2.349004986384215e-06 -7.8982482171729132e-06 -0.0004234971628128306 -5.3590592051953599e-06 -0.00020839462297646546 1.2738134262161804e-06 0.00013500752399098144 -1.091600520874621e-05 -2.1021352149650435e-06 1.9514965572369276e-05 -7.0395264362860304e-05 0.001592825101128787 -9.6117439475790315e-05 -0.0001733904989265546 5.3910801081022591e-06 5.8875463419126122e-06 -9.1678101717451165e-05 3.5005452447207141e-06 6.5249808114862085e-07 -0.00086154111910759581
leaf_weight=22 39 36 32 24 36 20 28 39 22 36 37 23 37 20 20 38 28 20 30 20 29 33 20 23 37 20 33 21 24 20 30 25 20 26 24 36 34 25 31 25 25 22 23 32 24 20 20 24 24 20
leaf_count=22 39 36 32 24 36 20 28 39 22 36 37 23 37 20 20 38 28 20 30 20 29 33 20 23 37 20 33 21 24 20 30 25 20 26 24 36 34 25 31 25 25 22 23 32 24 20 20 24 24 20
internal_value=-0.000185185 -0.00037022 -6.50195e-06 -0.000978261 0.000247678 -0.00127848 -0.000844595 0.000393443 0.000769231 -0.000412371 -0.00104317 0.00118182 0.00102122 0.00135135 -0.00134146 -0.00179612 -0.00272727 0.000794118 -0.000247525 -0.00119718 0.000846154 0.00123431 0.00159898 0.00223404 0.001 -0.00047619 -0.0011194 -0.00135246 -0.000486726 -0.00209924 -0.0018254 -0.00302198 -0.00214286 0.0012 -0.000909091 0 0.000660377 -0.00378788 -0.0022549 0.000119048 -0.00059322 0.00309524 -0.00257576 -0.00208861 -0.000957447 0 -0.0035 0.00314815 0.00229167 -0.0047561
internal_weight=1377 1229 769 460 646 395 296 610 416 194 139 55 377 148 123 103 66 340 101 71 65 239 197 141 60 42 268 244 113 131 63 91 84 50 44 56 106 66 51 84 59 42 99 79 47 40 40 81 48 41
internal_count=1377 1229 769 460 646 395 296 610 416 194 139 55 377 148 123 103 66 340 101 71 65 239 197 141 60 42 268 244 113 131 63 91 84 50 44 56 106 66 51 84 59 42 99 79 47 40 40 81 48 41
is_linear=0
shrinkage=0.005


Tree=39
num_leaves=51
num_cat=0
split_feature=84 20 68 40 0 46 78 75 100 39 10 98 36 90 45 19 26 27 43 34 94 94 79 26 8 100 79 42 78 66 78 14 7 31 34 0 36 37 45 94 34 82 0 60 90 53 7 26 33 0
split_gain=14.9476 9.94591 10.2064 8.9074 10.4341 12.8467 11.9347 8.60284 11.4426 11.4163 9.21885 7.93333 7.00743 8.20967 14.4109 11.482 6.95709 9.09091 6.59122 6.42258 6.00471 7.36734 9.44733 9.95437 8.44719 11.5029 11 7.82428 8.59347 8.0002 8.43732 7.36453 7.24746 7.40701 7.64917 7.38179 6.42952 5.51087 5.49236 7.11239 5.36627 5.36327 5.38462 5.09535 5.11026 5.63089 4.64822 2.89087 2.71515 0.921951
threshold=829.0909062500001 2394.1000000000008 1295.3840000000002 62.250000000000007 29911.350000000002 96.08499908447267 624.11106944444452 553.81362822823462 0.60069444444444453 174.25000000000003 35582.850000000006 1.0000000180025095e-35 68.750000000000014 900.25425000000007 23054.500000000004 988.70000000000016 80.750000000000014 72.250000000000014 90.680000305175795 48.250000000000007 795779.17301250028 615147.63983750029 657.12073541344296 2.7500000000000004 420.46513157894742 0.10763888888888891 604.05122702507322 281.19999694824224 1354.7968993055558 1052.2935000000002 1010.6589895833334 14933.350000000002 333.38500000000005 8.5250000000000021 80.750000000000014 32641.750000000004 84.250000000000014 79.250000000000014 23592.500000000004 503546.05499000015 83.250000000000014 -0.18500000000000003 36691.600000000013 1014.7880000000001 1396.9462500000004 2.5000000000000004 17.535000000000004 70.250000000000014 134.25000000000003 34681.750000000007
decision_type=2 2 2 2 2 2 2 2 2 2 2 2 2 2 2 2 2 2 2 2 2 2 2 2 2 2 2 2 2 2 2 2 2 2 2 2 2 2 2 2 2 2 2 2 2 2 2 2 2 2
left_child=1 3 -3 11 5 6 -5 9 16 -6 -10 -1 19 14 -14 18 17 -9 -16 -2 21 24 23 36 27 -26 -27 28 29 -15 -31 -32 33 34 37 -35 -23 -25 -30 -40 -22 -11 47 44 -13 -46 -36 49 -7 -43
right_child=12 2 -4 4 7 48 -8 8 10 41 -12 43 13 20 15 -17 -18 -19 -20 -21 40 22 -24 32 25 26 -28 -29 38 30 31 -33 -34 35 46 -37 -38 -39 39 -41 -42 42 -44 -45 45 -47 -48 -49 -50 -51
leaf_value=1.1443041501141386e-05 2.5012912582808316e-06 -0.00012369480546586467 -0.002266127082338306 0.0005595871080122599 0.0010680391465995895 0.0016298952958069468 -0.0011717508394436863 4.61199836914136e-06 -1.9441381482403177e-06 -1.6811866227556385e-05 0.028294217938730073 0.0001152020269703253 0.0011024450569964753 -0.00071506319545299238 -0.00027478584127420112 4.8927943162562098e-06 7.9501739968284201e-06 -0.00076438095133372051 2.613944010952678e-05 6.308777718895171e-06 -3.3140279309800453e-06 6.9303692946123241e-07 -2.7010115727741684e-05 7.6662067409877487e-06 3.3000594128898175e-05 -1.8671385947419583e-05 3.4799558624138632e-06 0.00014791480462237344 -7.260096884806684e-06 0.00067706902861595876 0.00022391109458683932 -2.6792271490820294e-06 0.0013405115512143701 5.6581384304242139e-07 1.8494991978766477e-06 -2.7065765000377962e-06 -0.00029036764754512677 -2.670677689226989e-07 -0.00039115743910883468 2.2484330976149957e-07 -0.0012108620809839475 -0.00087826535500038123 -2.3535855357784575e-06 -0.00012086044286109666 -0.0013515037317894899 -1.0593173520623568e-05 3.5456353613981772e-05 -1.0701458339303776e-05 0.0001007509712840565 -2.5720817291525599e-05
leaf_weight=21 36 34 27 30 20 22 22 22 22 32 32 29 22 35 27 37 35 22 22 35 27 37 39 23 30 22 22 22 29 24 23 32 28 36 22 21 28 25 23 30 25 21 26 29 25 36 24 24 20 20
leaf_count=21 36 34 27 30 20 22 22 22 22 32 32 29 22 35 27 37 35 22 22 35 27 37 39 23 30 22 22 22 29 24 23 32 28 36 22 21 28 25 23 30 25 21 26 29 25 36 24 24 20 20
internal_value=-0.000177923 -0.000796848 -0.00270492 -0.000568627 -0.000162162 0.0012766 -0.000384615 -0.000652174 0.000263158 -0.0015035 0.00203704 -0.00164286 0.000260546 0.000115646 0.00138889 0.000465116 -0.000949367 -0.00227273 -0.00112245 0.00176056 -0.000103668 4.34783e-05 0.000618375 0.000983607 -0.000513699 0.000945946 -0.000681818 -0.00100917 -0.00132653 -0.000438596 0.000443038 -0.000636364 0.00159218 0.00115894 0.00202128 -0.000263158 -0.000692308 0.000625 -0.00256098 -0.00160377 -0.00173077 -0.00207317 -0.00269231 -0.00214286 -0.00155556 -0.00237705 0.00347826 -0.00346154 0.00333333 -0.00426829
internal_weight=1377 571 61 510 370 94 52 276 133 143 54 140 806 735 108 86 79 44 49 71 627 575 283 244 292 74 44 218 196 114 79 55 179 151 94 57 65 48 82 53 52 123 91 119 90 61 46 65 42 41
internal_count=1377 571 61 510 370 94 52 276 133 143 54 140 806 735 108 86 79 44 49 71 627 575 283 244 292 74 44 218 196 114 79 55 179 151 94 57 65 48 82 53 52 123 91 119 90 61 46 65 42 41
is_linear=0
shrinkage=0.005


Tree=40
num_leaves=52
num_cat=0
split_feature=70 68 34 80 70 17 79 8 3 24 17 17 79 74 36 37 31 87 24 3 34 31 21 79 33 45 17 64 45 79 19 4 38 10 10 34 45 83 73 80 80 28 38 24 43 43 3 4 3 36 19
split_gain=15.2963 14.2452 13.2707 9.00645 14.7484 9.82577 9.46814 9.3774 8.65003 8.30298 8.17643 8.37979 10.4664 14.6667 7.00303 6.65974 6.98607 7.09632 6.46908 6.44089 6.41962 10.7275 6.82382 8.68019 12.2073 7.52695 7.18722 6.30208 7.6362 6.24119 10.0995 5.87021 5.71825 5.60764 5.54669 6.01189 5.34545 5.31309 5.14918 4.91048 12.942 6.79596 4.6454 5.87627 5.94648 4.48219 4.11547 3.78 4.9 3.62552 3.6
threshold=985.40300000000013 1236.3805000000002 94.250000000000014 29077.617013888896 0.94200000000000006 16.150000000000002 602.37215078639576 401.31831349206351 11069.200000000003 8.6250000000000018 101.55000000000001 127.95 465.61970291342681 366.70290625000013 82.250000000000014 76.250000000000014 5.6250000000000009 0.53125000000000011 13.375000000000002 12579.200000000003 87.250000000000014 3.2250000000000005 17.075000000000006 293.17814318789078 59.250000000000007 23467.500000000004 18.600000000000005 1398.6000000000001 23492.000000000004 520.31381528269094 211.65000000000003 6929.2450000000008 6.7750000000000012 31814.050000000007 33480.850000000013 58.250000000000007 25372.000000000004 2126.4999999999986 1305.5480000000002 40420.08298611112 38418.656597222231 28.325000000000006 8.6250000000000018 11.275000000000002 80.590000152587905 79.130001068115249 15256.812000000002 6063.4300000000012 14126.700000000003 81.750000000000014 570.85000000000002
decision_type=2 2 2 2 2 2 2 2 2 2 2 2 2 2 2 2 2 2 2 2 2 2 2 2 2 2 2 2 2 2 2 2 2 2 2 2 2 2 2 2 2 2 2 2 2 2 2 2 2 2 2
left_child=3 2 14 4 -1 29 8 -6 -7 15 32 -12 13 36 34 -8 17 -17 37 -16 21 -3 27 24 -24 -26 33 38 -29 30 -5 46 -10 -25 35 -2 -13 -11 -23 40 41 -14 43 44 -28 -30 -22 -21 -49 -9 -4
right_child=1 20 50 5 7 6 9 49 10 18 11 12 39 -15 19 16 -18 -19 -20 47 31 22 23 26 25 -27 42 28 45 -31 -32 -33 -34 -35 -36 -37 -38 -39 -40 -41 -42 -43 -44 -45 -46 -47 -48 48 -50 -51 -52
leaf_value=0.0028224328894783878 2.4333769602772328e-05 -4.7015896176116357e-06 7.9998203601781202e-06 -0.0013987188438459039 0.00022679498855884687 -0.0030144944232364979 0.00078600640953139134 8.6995501356542255e-07 -8.0997363901589523e-05 6.8327102335600666e-06 -0.00039417656411841641 2.97838040645609e-06 -3.2782138349775249e-06 0.00038951201778928676 0.00017758977395627355 0.0019923018549437227 -0.00015279025870916819 -2.8728857742226218e-05 4.4540217868000608e-06 0.0014083977974048052 6.4964034612580231e-06 -0.00018684086114076855 2.278251811640501e-06 5.5792054454845563e-06 1.5213680711570277e-06 -1.4598229921732408e-06 -1.1383226676974648e-05 -1.3302129834736519e-06 1.5672027708114227e-06 -0.0016940891869426673 9.2707733167808818e-06 -9.5984044946430237e-07 2.8166824140694576e-05 -3.79830210725838e-06 -8.6912971836471812e-06 0.00024289132583279183 -1.3461062064184779e-05 -0.0010173214860889979 4.4576154903841044e-06 -0.00065915015410875771 0.0010890812407287106 -0.00071953649199474183 8.126933515628556e-07 -1.1892186362595197e-05 -7.6756180272705064e-09 3.4809612111477939e-06 1.9952599684707939e-06 0.0017975343023885547 0.0027739142974623327 -0.00048698732936638885 -0.00034582580569597745
leaf_weight=25 31 36 20 26 26 29 30 23 39 28 34 20 30 22 34 26 28 20 25 35 29 26 31 27 25 27 32 21 27 28 23 23 35 22 21 20 24 34 22 20 25 36 23 22 35 32 21 20 20 34 20
leaf_count=25 31 36 20 26 26 29 30 23 39 28 34 20 30 22 34 26 28 20 25 35 29 26 31 27 25 27 32 21 27 28 23 23 35 22 21 20 24 34 22 20 25 36 23 22 35 32 21 20 20 34 20
internal_value=3.59195e-05 0.000555556 0.00160633 -0.000492754 0.000833333 -0.000738832 -0.000485149 -0.000180723 -0.00101911 0.00039267 -0.000754386 -0.00125592 -0.000819209 0.000757576 0.00218232 0.00134615 0.000540541 0.00173913 -0.000747126 0.00298165 7.27651e-05 -0.000171569 8.06452e-05 -0.000409836 0.000903614 -0.000576923 -0.00108696 0.00101563 0.001875 -0.0024026 -0.00132653 0.00143836 0.000675676 0.000510204 0.000972222 0.00186275 -0.000909091 -0.0016129 -0.000416667 -0.00175676 -0.00126374 -0.00242424 -0.00178571 -0.00230337 -0.00156716 0.00279661 0.0024 0.0038 0.00275 -0.00131579 -0.001
internal_weight=1392 702 221 690 108 582 505 83 314 191 285 211 177 66 181 104 74 46 87 109 481 408 372 244 83 52 161 128 80 77 49 73 74 49 72 51 44 62 48 111 91 66 112 89 67 59 50 75 40 57 40
internal_count=1392 702 221 690 108 582 505 83 314 191 285 211 177 66 181 104 74 46 87 109 481 408 372 244 83 52 161 128 80 77 49 73 74 49 72 51 44 62 48 111 91 66 112 89 67 59 50 75 40 57 40
is_linear=0
shrinkage=0.005


Tree=41
num_leaves=54
num_cat=0
split_feature=69 66 16 72 33 64 27 32 14 66 25 81 67 75 46 38 79 69 72 65 83 73 73 29 38 38 25 79 69 79 82 25 82 65 35 0 69 10 33 79 14 81 45 29 17 77 83 25 14 0 28 3 0
split_gain=13.8325 14.5833 10.6142 10.3995 13.9154 12.8089 13.2545 11.7598 9.26673 8.44183 8.07084 7.77444 8.97662 8.48571 7.15253 13.5655 9.06814 8.73602 8.43814 8 6.83488 6.53846 7.25407 6.52371 6.36414 6.17037 5.751 5.7442 5.36561 5.33053 8.60029 5.2964 5.17172 4.88237 6.01844 7.12929 12.7673 7.25649 7.60322 6.03521 4.47412 4.40274 4.04211 4.31293 3.86908 3.59245 3.56364 3.42857 3.3 1.71163 0.962791 0.436364 0.1
threshold=26353.000000000004 1493.4000000000003 7215.5500000000011 1489.3425000000004 51.250000000000007 980.0920000000001 42.250000000000007 290.75000000000006 12142.100000000002 1.0895000000000004 173.25000000000003 3599.7894517607469 28030.750000000004 389.44277699667919 106.65500259399415 2.9750000000000005 481.99696591532887 29151.000000000004 1778.2500000000002 29408.350000000002 1990.0000000000002 1090.2030000000002 1450.9365000000003 87.250000000000014 8.7250000000000014 5.6750000000000016 158.50000000000003 351.53595185500672 31200.900000000005 252.74453640078653 765.96450000000004 202.75000000000003 -31.721000000000057 27423.100000000002 25.775000000000002 31423.650000000005 34411.150000000001 40077.500000000007 141.75000000000003 535.07098047543286 17514.250000000004 4238.168459158268 25391.500000000004 88.250000000000014 90.90000000000002 4335.4415728455397 2679.700000000003 65.750000000000014 16119.750000000002 30124.950000000004 27.325000000000006 14563.450000000003 31307.400000000005
decision_type=2 2 2 2 2 2 2 2 2 2 2 2 2 2 2 2 2 2 2 2 2 2 2 2 2 2 2 2 2 2 2 2 2 2 2 2 2 2 2 2 2 2 2 2 2 2 2 2 2 2 2 2 2
left_child=29 3 14 4 8 9 48 11 -2 -5 32 12 13 -6 15 -3 -16 23 21 -20 -8 28 -23 -17 33 -21 41 -24 -19 -1 40 -28 -10 -13 -35 -36 46 38 -38 -39 44 -26 43 49 47 50 51 -31 -7 -34 -30 -37 -11
right_child=1 2 -4 5 7 6 20 -9 10 52 -12 24 -14 -15 16 17 -18 18 19 25 -22 22 27 -25 26 -27 31 -29 45 30 -32 -33 42 34 35 36 37 39 -40 -41 -42 -43 -44 -45 -46 -47 -48 -49 -50 -51 -52 -53 -54
leaf_value=-1.3235619185562836e-06 -0.00078634214557853684 0.00010414416536616449 -5.4274702616212772e-06 -0.00023732008475202987 0.0013030131915593996 -0.0003933154741995442 7.0682080719214961e-06 0.0012195529506557352 8.3803291594380766e-06 -0.0012577082507152604 -0.00014662852350639879 -0.00026194299723607473 -0.0003796574080214358 4.6594073821536647e-07 -4.5523425096998038e-06 -0.0010762889034864219 3.3087418016782218e-07 6.0328071480705017e-07 1.2054766014995081e-06 -0.00010745337086326814 -7.3808003999568658e-07 -3.0629032690623914e-06 7.0757703154722709e-06 7.4931045129363303e-06 -0.00097336410489619568 2.231041168065555e-07 0.00031676519088471856 1.4893956796692166e-06 8.6429483145127254e-05 0.00015413027588007347 -3.4463751732281057e-05 -7.1552401025946719e-06 0.00038907323769183852 1.1790813113143616e-05 2.7602591298908711e-06 -0.00036255445399986473 -2.3526481475910011e-06 -0.00027977648976692978 1.4472677779392611e-05 -0.0001291407404804456 0.00026164113732233478 2.8585802487333218e-07 1.2087344133840619e-06 8.6596955917496549e-05 0.0012205273592436545 2.6325310030814868e-06 -1.3739029549072038e-05 0.00099689803676764163 -1.2917933597568606e-06 0.00072419696085376502 0.0014912765217480854 -0.0012081061513929204 -0.00096090394864426919
leaf_weight=23 21 30 22 29 20 24 23 35 36 20 26 39 35 22 20 22 39 20 27 20 32 31 24 21 31 34 21 39 23 21 20 20 20 27 30 20 31 31 28 21 20 37 20 33 34 22 20 21 20 23 20 24 20
leaf_count=23 21 30 22 29 20 24 23 35 36 20 26 39 35 22 20 22 39 20 27 20 32 31 24 21 31 34 21 39 23 21 20 20 20 27 30 20 31 31 28 21 20 37 20 33 34 22 20 21 20 23 20 24 20
internal_value=5.02874e-05 -0.000115722 0.000652174 -0.000494636 -0.000216095 -0.00160714 -0.000454545 -0.000650407 0.000977654 -0.00326087 0.00139241 -0.000864333 0.000584416 0.00214286 0.000841837 0.00112613 -0.000762712 0.000808581 0.00115385 -0.000185185 0.00118182 0.00175978 0.000851064 -0.00127907 -0.00115789 -0.0012963 -0.000137615 0.0018254 0.00276471 0.00154676 0.00198276 0.00134146 0.00189394 -0.00156827 -0.0012931 -0.00158537 -0.00197143 -0.000945946 0.000254237 -0.00230769 0.00260417 -0.00102941 0.0025 0.00302632 0.00315789 0.00346154 -0.00375 0.00214286 -0.0025 0.00406977 0.00430233 -0.00454545 -0.00475
internal_weight=1392 1253 414 839 671 168 99 492 179 69 158 457 77 42 392 333 59 303 260 81 55 179 94 43 380 54 109 63 85 139 116 41 132 271 232 205 175 111 59 52 96 68 96 76 76 65 64 42 44 43 43 44 40
internal_count=1392 1253 414 839 671 168 99 492 179 69 158 457 77 42 392 333 59 303 260 81 55 179 94 43 380 54 109 63 85 139 116 41 132 271 232 205 175 111 59 52 96 68 96 76 76 65 64 42 44 43 43 44 40
is_linear=0
shrinkage=0.005


Tree=42
num_leaves=53
num_cat=0
split_feature=84 72 88 59 33 35 88 5 20 28 35 89 41 72 68 83 26 11 42 33 77 78 35 33 1 91 22 22 68 33 97 1 69 35 31 20 88 69 69 33 13 82 35 41 31 77 89 20 26 13 11 93
split_gain=12.2322 19.6233 14.1116 10.4564 12.3711 9.01267 8.40327 12.3481 7.96285 11.622 12.0178 7.60449 8.17277 7.60544 12.7229 8.16182 9.20534 7.98753 7.96919 7.08536 8.51416 8.01258 7.3216 6.77551 10.3734 9.17974 6.05067 10.1276 9.21097 9.13461 7.58302 8.00476 6.99802 10.7192 9.6884 8.59672 7.80435 8.41154 7.44161 7.08337 6.21241 8.75506 5.15827 6.09062 4.9 4.66667 4.00238 3.63114 2.92557 2.92332 2.89943 2.69829
threshold=867.45457291666673 1385.4050000000002 2823.9337499999997 0.93301270189221952 6.7500000000000009 23.125000000000004 14155.899791666669 13003.070000000002 2217.7000000000003 26.875000000000004 25.275000000000002 600.37648124999998 75.250000000000014 1031.0225000000003 925.05000000000007 2447.4999999999986 66.250000000000014 37092.600000000006 117.97499847412111 3.7500000000000004 4602.2130700247189 1331.3168888888893 24.875000000000004 44.750000000000007 14112.750000000002 30553.478087500003 94.750000000000014 93.250000000000014 834.05400000000009 52.750000000000007 0.21875000000000003 13926.85 32390.250000000004 26.975000000000005 3.3750000000000004 730.75000000000011 6512.9747916666665 28887.100000000002 33173.950000000004 105.75000000000001 7972.3000000000011 237.95000000000007 26.275000000000002 71.750000000000014 6.3750000000000009 3891.7693806052725 1146.4915312500002 912.15000000000009 14.750000000000002 3952.8000000000006 36163.650000000001 404.34522619047624
decision_type=2 2 2 2 2 2 2 2 2 2 2 2 2 2 2 2 2 2 2 2 2 2 2 2 2 2 2 2 2 2 2 2 2 2 2 2 2 2 2 2 2 2 2 2 2 2 2 2 2 2 2 2
left_child=1 6 -2 5 -5 -4 7 11 9 10 -3 -1 23 14 15 16 18 -17 -14 22 26 -22 -7 48 -25 -26 27 28 40 -28 31 -30 33 34 -32 45 37 -36 -37 -40 41 50 -8 -44 -33 -34 -39 -18 -13 -29 -21 -35
right_child=2 8 3 4 -6 19 42 -9 -10 -11 -12 12 13 -15 -16 17 47 -19 -20 20 21 -23 -24 24 25 -27 29 49 30 -31 32 44 35 51 36 38 -38 46 39 -41 -42 -43 43 -45 -46 -47 -48 -49 -50 -51 -52 -53
leaf_value=-0.00054293357550043496 4.5533449296128359e-06 -0.00077120673101381293 0.00068255759209586906 -1.3343885698841332e-08 3.6200232526373203e-05 0.00053407110217604465 4.8736563836245171e-07 0.0013322881993979828 -0.0022793950434293409 -0.00092634376429917478 1.036167613684746e-05 0.00015423507388494167 0.00039375002488106921 5.2443484872120772e-05 -0.00035581761874576998 9.6731688060330564e-07 0.00034036031606643052 -0.00032251885253656466 -9.7304104710866539e-05 0.00015335962450067309 -0.00034503969860666037 -6.0848682119704467e-07 1.2304928255520169e-06 -0.00080274015692168314 0.00064912371600350045 -1.1872903378762328e-05 0.00017592634176558046 -7.4083612180509509e-07 -0.00095471031242576223 1.730651942781497e-08 -7.6048350654394933e-06 0.00087107582442607441 -2.3302971257411022e-06 4.0680306324679866e-05 -3.2535647563791033e-06 -0.00017284439826142979 -6.670452446595224e-06 5.1163711032747061e-06 -5.2221090019387593e-06 1.3960752983970338e-06 -6.663294072697811e-06 0.016007128695244274 -8.6202039010059313e-07 -0.00058358367482736536 -0.0005065903142793003 6.1567680313400709e-06 8.2946724175282893e-07 0.00038975317393164622 0.0020321657289259333 -0.00043860901300325512 -1.2194062204746326e-06 4.2343359750690323e-06
leaf_weight=20 21 20 20 29 37 25 35 30 30 22 25 26 34 20 37 22 23 28 33 21 27 26 36 24 36 32 26 23 30 38 21 20 21 22 30 24 25 28 20 27 36 30 23 39 20 21 20 20 21 22 22 24
leaf_count=20 21 20 20 29 37 25 35 30 30 22 25 26 34 20 37 22 23 28 33 21 27 26 36 24 36 32 26 23 30 38 21 20 21 22 30 24 25 28 20 27 36 30 23 39 20 21 20 20 21 22 22 24
internal_value=7.18391e-05 -0.000466667 0.000479798 0.00036965 0.00227273 0.000191489 -6.95825e-05 0.000246305 -0.00252577 -0.00156716 -0.000111111 0 0.000168539 -0.000437788 -0.000736041 -0.000125 0.000636364 -0.0018 -0.000522388 9.48905e-05 -6.41026e-05 -0.00198113 0.00172131 0.00111511 0.000326087 0.00132353 0.000113835 -6.90335e-05 0.000151515 0.0015625 -0.000240793 -0.00171429 0.000123675 0.000764706 0 -0.000840708 0.000631068 0.00141026 -0.00190141 -0.000744681 0.00142202 0.00226027 -0.00139175 -0.00225806 -0.00025 0.000952381 0.00270833 0.00244186 0.00265957 -0.00233333 0.000813953 0.00282609
internal_weight=1392 600 792 771 66 705 503 406 97 67 45 376 356 217 197 160 110 50 67 685 624 53 61 139 92 68 571 507 462 64 353 70 283 170 124 113 103 78 71 47 109 73 97 62 40 42 48 43 47 45 43 46
internal_count=1392 600 792 771 66 705 503 406 97 67 45 376 356 217 197 160 110 50 67 685 624 53 61 139 92 68 571 507 462 64 353 70 283 170 124 113 103 78 71 47 109 73 97 62 40 42 48 43 47 45 43 46
is_linear=0
shrinkage=0.005


Tree=43
num_leaves=55
num_cat=0
split_feature=70 80 66 40 73 27 38 17 75 13 39 24 63 13 81 80 7 56 13 13 79 95 77 100 7 61 80 7 39 87 56 39 92 17 40 13 19 38 80 4 66 39 43 38 91 42 100 30 81 19 24 43 76 76
split_gain=17.4067 10.3905 14.129 9.77046 9.86471 11.9009 9.27509 9.06618 7.46227 9.07926 7.6455 7.57356 11.0769 7.5541 7.51034 6.77624 6.75879 10.9349 6.73495 12.1324 9.52753 8.52119 8.74881 7.70652 8.46022 7.56659 6.76174 6.58987 6.05568 5.82776 5.60317 8.79058 7.64211 5.98442 5.55383 5.45267 5.13778 5.01951 4.9581 4.53522 11.1368 5.2842 4.83025 4.51103 4.45455 3.48839 5.18457 4.00302 3.45142 3.27273 2.5 2.38095 1.71429 1.67828
threshold=960.50000000000011 29077.617013888896 1.0075000000000001 68.750000000000014 301.42350000000005 99.750000000000014 2.6250000000000004 13.65 430.69128572653102 2102.0000000000005 229.25000000000003 8.5750000000000028 30021.100000000002 13264.85 3928.8143003910241 28030.463888888891 276.07000000000005 -1.0000000180025095e-35 7091.0500000000011 5998.4500000000007 606.59431787744313 1.0000000180025095e-35 4096.6024214250074 0.37847222222222227 290.51500000000004 35424.350000000013 31431.903125000001 17.525000000000002 155.25000000000003 0.28125000000000006 0.6078576107927941 130.75000000000003 24165.123631250008 170.80000000000004 20.750000000000004 3599.2000000000003 1847.4500000000003 6.5250000000000012 37923.550347222226 3302.6700000000005 1486.5455000000002 145.75000000000003 69.290000915527358 10.525000000000002 30553.478087500003 228.57499694824222 0.024305555555555556 68.750000000000014 4361.7794561303635 988.70000000000016 8.1750000000000025 77.20999908447267 33276.458333333336 35407.306250000016
decision_type=2 2 2 2 2 2 2 2 2 2 2 2 2 2 2 2 2 2 2 2 2 2 2 2 2 2 2 2 2 2 2 2 2 2 2 2 2 2 2 2 2 2 2 2 2 2 2 2 2 2 2 2 2 2
left_child=1 2 50 4 5 28 -2 -5 9 -9 48 14 -13 38 -10 -4 49 -18 19 20 21 22 39 24 -20 35 -26 -23 44 36 31 33 -32 -29 -6 -24 -22 -21 53 40 42 -41 -8 45 -3 46 47 -33 -11 -16 -1 -19 -36 -14
right_child=6 3 15 7 34 -7 18 8 11 10 -12 12 13 -15 16 -17 17 51 23 37 29 27 25 -25 26 -27 -28 30 -30 -31 32 43 -34 -35 52 -37 -38 -39 -40 41 -42 -43 -44 -45 -46 -47 -48 -49 -50 -51 -52 -53 -54 -55
leaf_value=0.00025293991370453454 4.4803732739880935e-05 1.0990024096353464e-05 -0.00047101917335555288 -0.00060707241100050452 -0.0013374981002570677 1.1542357257018023e-05 -0.00038686002986120817 8.9856390669962158e-06 -8.1731011629235729e-06 -0.0014154038343432488 -1.3972620288746162e-06 2.604410363588028e-05 -0.00046656584776194832 0.0018321072596243014 0.0016701173131340691 0.00063836731039186969 0.00058968263933535572 0.00021494745448806131 -6.1615524393153628e-05 0.00014611111907493181 -4.079020728701013e-06 9.3299926785927667e-06 -0.00076774105393876552 5.2218263744748804e-06 0.00023078800412997024 2.1892538756003037e-06 -2.1732664788432793e-05 0.00066171456360500423 -0.00094509551383735652 -0.00023428975915889459 1.3890949219050484e-06 3.5557579410925169e-06 -3.1312972078389354e-06 9.1821524318686624e-07 -0.00077108602965005404 -1.8292046959081874e-06 1.2209048209228204e-05 0.00048939586107637416 -3.36004423178471e-06 1.8598003367050542e-05 0.00017549367662553876 -0.00034137679132551608 0.00016692686658054901 3.4090224842019629e-06 -0.00071811093718591513 2.5659618642042635e-06 -1.2321501365845396e-06 -1.9735815332241832e-06 -4.321388145872698e-05 4.2654336710618787e-05 0.0020409889690223911 -0.00049699914483095574 -0.00033288956951972424 -0.0010956505804481946
leaf_weight=20 36 22 34 36 31 21 24 23 29 34 30 36 20 20 22 27 30 21 38 21 25 29 34 27 25 33 23 35 20 37 27 21 30 20 27 24 20 20 20 22 23 21 23 22 22 20 20 22 20 22 20 21 21 21
leaf_count=20 36 22 34 36 31 21 24 23 29 34 30 36 20 20 22 27 30 21 38 21 25 29 34 27 25 33 23 35 20 37 27 21 30 20 27 24 20 20 20 22 23 21 23 22 22 20 20 22 20 22 20 21 21 21
internal_value=4.31034e-05 -0.000537313 0.000940594 -0.000799649 -0.00182927 -0.000647059 0.000581717 -0.000382716 -0.000149051 -0.00126168 -0.00202381 0.000305344 -0.000641026 -0.00166667 0.00106897 -0.00057377 0.00163793 0.000694444 0.000451895 0.000671902 0.000469925 0.000755556 0 -0.000663717 -0.00139535 -0.00115385 0 0.00138211 -0.00171875 -0.00109756 0.00108295 0.0015625 -0.000263158 0.00318182 -0.00310127 -0.00224138 0.000111111 0.00329268 -0.00254098 0.000929204 0.00171429 -0.000348837 0.000319149 0.000714286 -0.000681818 0.000180723 -0.000396825 0.000581395 -0.00314815 0.00318182 0.00325 -0.000952381 -0.00416667 -0.00353659
internal_weight=1392 670 101 569 164 85 722 405 369 107 84 262 117 81 145 61 116 72 686 573 532 450 204 113 86 91 48 246 64 82 217 160 57 55 79 58 45 41 61 113 70 43 47 105 44 83 63 43 54 44 40 42 48 41
internal_count=1392 670 101 569 164 85 722 405 369 107 84 262 117 81 145 61 116 72 686 573 532 450 204 113 86 91 48 246 64 82 217 160 57 55 79 58 45 41 61 113 70 43 47 105 44 83 63 43 54 44 40 42 48 41
is_linear=0
shrinkage=0.005


Tree=44
num_leaves=54
num_cat=0
split_feature=74 68 40 35 35 13 10 74 19 79 60 21 22 65 21 21 68 65 69 77 36 77 87 30 24 30 16 6 59 69 45 64 27 88 79 42 8 73 73 64 91 65 19 79 69 65 27 79 27 97 98 10 19
split_gain=11.8819 17.8694 14.9758 13.095 11.1489 10.9257 8.89894 8.57662 8.07074 9.8429 9.64246 10.8668 9.71602 7.23986 7.80018 7.74694 6.88308 7.56719 14.1833 8.79143 6.99717 6.76 6.2371 5.89676 8.98607 10.5253 6.02887 6.98155 5.66914 8.61914 8.81449 6.40667 7.16499 5.74569 5.50657 8.30864 5.4288 5.9241 6.41875 7.44048 4.95317 7.47111 4.78179 4.71229 4.62821 4.57251 6.70476 4.35201 3.42857 3.29966 2.96077 2.5 1.6
threshold=1265.3811666666668 1422.5025000000003 100.75000000000001 23.075000000000006 25.975000000000005 7091.0500000000011 41166.350000000013 1295.8705520833335 823.70000000000016 463.26603105226917 1509.9500000000003 28.725000000000005 93.750000000000014 31403.650000000005 25.525000000000002 18.075000000000006 1.0020000000000002 29408.350000000002 31308.400000000005 4089.600766845419 87.250000000000014 3389.6560310920145 0.34375000000000006 74.250000000000014 10.075000000000001 95.250000000000014 4506.4000000000005 6058.6050000000005 -0.24999999999999994 33368.80000000001 24373.000000000004 394.60000000000008 84.250000000000014 12987.203750000002 586.09025266442688 103.77500152587892 419.34223684210531 738.69850000000008 1068.5770000000002 1540.3000000000004 30041.190206250005 31100.400000000005 1303.2500000000002 550.47013828753666 32062.100000000002 29723.600000000002 77.750000000000014 293.17814318789078 77.750000000000014 0.76041666666666685 0.15625000000000003 36094.950000000004 378.85000000000008
decision_type=2 2 2 2 2 2 2 2 2 2 2 2 2 2 2 2 2 2 2 2 2 2 2 2 2 2 2 2 2 2 2 2 2 2 2 2 2 2 2 2 2 2 2 2 2 2 2 2 2 2 2 2 2
left_child=1 3 13 -1 -4 7 8 -2 10 42 11 12 23 14 15 22 -9 18 19 20 47 -13 -3 26 25 -25 -5 52 31 30 -30 32 -11 51 35 -8 37 -19 -39 -40 -41 -42 -10 -7 -27 46 -6 -18 -26 -20 -31 -34 -28
right_child=5 2 4 6 45 43 34 16 9 28 -12 21 -14 -15 -16 -17 17 36 49 -21 -22 -23 -24 24 48 44 27 -29 29 50 -32 -33 33 -35 -36 -37 -38 38 39 40 41 -43 -44 -45 -46 -47 -48 -49 -50 -51 -52 -53 -54
leaf_value=0.0018901998255848125 0.00016609223224764628 -4.6953842797823461e-06 3.7215224819917388e-06 -0.0010281466024770433 -0.00039497802280779698 -2.5381795427536002e-05 -0.00055404283508321984 0.0016681981247191008 0.00085964107861434156 -6.5273160339206034e-05 0.0021269490400164319 0.0021456037691631419 1.6656368153621213e-05 -0.00080058831522600825 -0.00088239338238635997 8.9930513923240966e-07 4.8917804036060932e-06 -4.4449454716625897e-06 1.7506587822080696e-06 -4.8504459666438783e-06 -1.3247985614008414e-06 -2.3506104161111799e-06 -0.0017274485644932277 3.4970842938570106e-06 0.0001909182076050377 -0.0002477562164182476 -0.0011022219718972244 5.5399662666327439e-07 0.0010666192426201054 1.1787445816402647e-05 -5.0423434027430066e-05 -0.0014799204884694695 1.4215175751203782e-05 -3.4438023778562326e-06 0.00056355857455392476 -8.0545578019835794e-05 2.6163064520452075e-05 0.00011093021417737352 -0.00078432813231181053 -7.4996175051709093e-07 4.6715529541979352e-06 -2.4007847208559033e-07 1.4555870613012603e-05 8.6035246253410897e-06 -0.0010136118799810153 3.3647462887066541e-06 9.3326734608260366e-07 0.00026330060800455914 -2.162400146449063e-05 2.4631637481773896e-06 0.00065840599078697919 0.0033432543201181737 -1.1723117138861115e-05
leaf_weight=24 29 38 25 23 20 33 28 21 26 34 20 25 34 23 28 36 30 20 27 21 22 20 26 23 21 26 20 31 35 20 36 20 20 26 21 37 29 25 25 35 20 25 33 20 24 22 22 26 21 33 23 20 20
leaf_count=24 29 38 25 23 20 33 28 21 26 34 20 25 34 23 28 36 30 20 27 21 22 20 26 23 21 26 20 31 35 20 36 20 20 26 21 37 29 25 25 35 20 25 33 20 24 22 22 26 21 33 23 20 20
internal_value=3.59195e-05 -0.000278654 -0.00145833 0.00011955 0.000168539 0.000714286 -7.27802e-06 0.00100515 0.000207987 0.000802048 -0.000357143 -0.000590278 -0.00100823 -0.00241722 -0.00195312 -0.0013 0.000793872 0.000621302 0.00141509 0.000252525 0.00102564 0.00166667 -0.00234375 -0.00141148 -0.000652174 -0.00171233 -0.00234043 -0.00161972 0.00034188 0.00114035 7.04225e-05 -0.000416667 0.0001 0.00106061 -0.00151163 -0.00223077 -8.37989e-05 -0.000466667 -7.69231e-05 -0.000619048 0.000125 0.00122222 0.00262712 -0.00141509 -0.003 -0.0009375 -0.00190476 0.00196429 0.00119048 0.00333333 0.00290698 0.00225 -0.003
internal_weight=1392 951 240 711 89 441 687 388 601 293 308 288 243 151 128 100 359 338 159 99 78 45 64 209 115 73 94 71 234 114 71 120 100 66 86 65 179 150 130 105 80 45 59 53 50 64 42 56 42 60 43 40 40
internal_count=1392 951 240 711 89 441 687 388 601 293 308 288 243 151 128 100 359 338 159 99 78 45 64 209 115 73 94 71 234 114 71 120 100 66 86 65 179 150 130 105 80 45 59 53 50 64 42 56 42 60 43 40 40
is_linear=0
shrinkage=0.005


Tree=45
num_leaves=46
num_cat=0
split_feature=62 69 25 68 73 93 73 96 98 68 21 28 27 93 98 32 100 91 97 98 73 32 17 93 30 17 38 94 36 73 69 75 44 8 75 40 28 42 35 64 14 5 14 42 38
split_gain=13.51 17.7344 12.4568 9.86303 11.6251 12.1953 10.6613 9.25788 9.37903 8.56452 12.0383 8.42198 12.6309 9.46105 8.27244 7.29743 8.29448 8.42671 7.21085 6.90057 8.25826 6.47194 7.31889 9.08236 6.44311 6.28205 5.87608 5.83975 5.63333 5.60451 5.44444 5.41452 6.33535 5.2 5.11574 5.09259 5.07105 4.62261 4.32 4.16203 3.90718 3.61541 3.50622 3.27273 2.57501
threshold=1272.6500000000003 25198.950000000001 18.250000000000004 1483.9675000000004 1224.2965000000002 419.22645448079669 1528.7025000000001 1.0000000180025095e-35 0.37152777777777785 910.25000000000011 20.125000000000004 21.475000000000005 34.750000000000007 410.82950751879702 0.35069444444444448 288.75000000000006 0.53819444444444453 30877.896300000004 0.53125000000000011 0.23263888888888892 0.99950000000000017 102.25000000000001 19.450000000000006 403.04754365079367 49.250000000000007 134.15000000000001 5.5250000000000012 586559.42421843775 86.750000000000014 1486.5455000000002 35926.700000000004 518.05010708634211 2.7055000066757207 415.82210526315794 234.40482479453439 57.250000000000007 27.675000000000004 110.95000076293947 26.575000000000006 711.05000000000007 16197.200000000003 9068.845000000003 16119.750000000002 114.67499923706056 5.6250000000000009
decision_type=2 2 2 2 2 2 2 2 2 2 2 2 2 2 2 2 2 2 2 2 2 2 2 2 2 2 2 2 2 2 2 2 2 2 2 2 2 2 2 2 2 2 2 2 2
left_child=1 39 18 4 5 9 14 8 34 10 -3 -10 26 29 37 16 19 25 -2 20 30 40 -23 -24 -15 -18 -13 -19 -27 -14 -12 32 -26 -21 -4 -36 -25 -5 -8 -1 -11 -22 -37 -29 -38
right_child=2 3 7 6 -6 -7 38 -9 11 21 15 12 13 24 -16 -17 17 27 -20 33 41 22 23 36 31 28 -28 43 -30 -31 -32 -33 -34 -35 35 42 44 -39 -40 -41 -42 -43 -44 -45 -46
leaf_value=0.0028978316253128857 -0.00064722170042269035 0.00063517270385677704 3.7591044187792192e-05 -0.0024558872016963332 0.00020118317433830509 0.00051739451501302605 -3.5785551213108908e-06 -4.6570569473850159e-05 -1.7299862956027462e-06 -0.00020002637608665153 -0.00012049333954413912 0.00012682908737705079 3.1207414087625566e-06 3.5256633326461671e-06 -0.00020594118986860712 0.0009552531296367475 -8.5817126934978518e-06 8.6582027533842545e-06 2.495187971686449e-07 7.7407433374716999e-05 -0.00081282892256653795 -0.00091499066170541905 7.4517962623821588e-05 -4.0144965226090939e-06 -7.1973788426766798e-07 1.1598649855996922e-06 1.8168061120461451e-06 -5.9012540386908673e-05 0.0022085378616995793 3.4798643090222591e-06 5.2189542856894293e-06 1.627013855908182e-06 -8.4187608649398729e-06 -7.4892153855617324e-06 0.00080119084371941293 0.00046787137790845227 -0.00081253867715133047 -0.00034427173069991041 8.0862541506785334e-06 4.3410694707466337e-05 0.00017504289850487888 -0.0029166482429354964 7.7285608835886264e-05 -0.00018248938983195242 -0.00028167958892837277
leaf_weight=22 37 23 28 32 38 37 30 24 38 20 20 27 29 37 37 36 26 39 38 32 37 34 24 30 36 24 38 22 30 37 25 20 30 20 27 39 22 39 20 29 23 29 33 22 25
leaf_count=22 37 23 28 32 38 37 30 24 38 20 20 27 29 37 37 36 26 39 38 32 37 34 24 30 36 24 38 22 30 37 25 20 30 20 27 39 22 39 20 29 23 29 33 22 25
internal_value=-1.8315e-05 -0.00040732 0.000617761 -0.000590452 -0.00031348 -0.000483333 -0.00170886 0.000936795 0.00110979 -0.000666075 -0.000246753 0.000616438 0.000944882 0.000291005 -0.00259259 -0.000469613 -0.000705521 9.20245e-05 -0.00126667 -0.00150307 -0.00220721 -0.00157303 -0.00211111 -0.00143564 -0.000528455 0.00125 0.00284615 -0.0010241 0.00222222 0.00181818 -0.000555556 -0.00127907 -0.0019697 0 0.00224409 0.00277778 -0.00227273 -0.00359155 0.0002 0.00245098 0.000116279 -0.00333333 0.00347222 -0.00227273 -0.00329787
internal_weight=1365 847 518 796 638 600 158 443 419 563 385 292 254 189 108 362 326 163 75 163 111 178 135 101 123 80 65 83 54 66 45 86 66 52 127 99 77 71 50 51 43 66 72 44 47
internal_count=1365 847 518 796 638 600 158 443 419 563 385 292 254 189 108 362 326 163 75 163 111 178 135 101 123 80 65 83 54 66 45 86 66 52 127 99 77 71 50 51 43 66 72 44 47
is_linear=0
shrinkage=0.005


Tree=46
num_leaves=52
num_cat=0
split_feature=66 11 11 2 83 80 70 62 46 16 58 93 82 38 38 93 46 38 14 14 70 31 82 83 43 80 80 92 94 21 2 24 92 80 31 43 2 8 56 21 24 83 92 87 24 10 43 88 24 1 93
split_gain=11.4151 9.08649 6.83166 7.67314 8.06667 6.76343 15.2747 9.67429 12.5937 11.6852 8.79786 7.64726 6.93853 6.43332 7.40856 6.41237 7.54952 7.41305 9.27711 9.66705 6.47801 10.9809 6.30322 6.03995 7.34949 7.84046 6.39844 7.05391 7.38462 8.99511 10.3696 8 7.04381 6.85196 7.04981 5.99376 8.89418 5.8092 5.57368 5.45195 5.41799 4.95534 4.9 4.34318 4.31185 4.26718 4 3.87879 2.89377 2.81577 1.718
threshold=1375.6500000000003 31116.150000000005 32882.55000000001 3326.6500000000001 1821.4499999999991 30895.557638888891 0.83200000000000007 1.0005000000000002 90.939998626708999 3336.7000000000003 -0.6830127018922193 418.20396870554771 -0.11150000000000003 2.9750000000000005 4.1750000000000016 403.1306654135339 103.564998626709 8.3250000000000028 16548.550000000003 18128.150000000005 1271.1500000000003 9.0250000000000021 177.1700000000001 2900.3500000000026 67.83499908447267 31359.527777777781 38418.656597222231 21378.272025000009 734115.55084500031 25.625000000000004 3225.2000000000003 7.1250000000000009 20891.495331250011 33116.416666666679 9.6750000000000025 66.614997863769545 3241.7450000000003 411.01440620782734 1.0000000180025095e-35 25.625000000000004 8.0750000000000028 2476.4499999999994 25918.535900000006 0.51041666666666685 11.275000000000002 32369.050000000003 82.395000457763686 4961.7656250000009 10.525000000000002 15445.000000000002 418.29088904694174
decision_type=2 2 2 2 2 2 2 2 2 2 2 2 2 2 2 2 2 2 2 2 2 2 2 2 2 2 2 2 2 2 2 2 2 2 2 2 2 2 2 2 2 2 2 2 2 2 2 2 2 2 2
left_child=5 22 -3 13 -5 6 -1 10 -9 -10 -8 12 42 -4 40 -16 20 18 48 -20 -17 38 -2 24 35 -26 27 32 29 33 41 -30 39 -29 50 36 -7 -25 -22 -27 -15 49 -11 -28 -14 -23 -33 -6 -18 -31 -35
right_child=1 2 3 4 47 23 7 8 9 11 -12 -13 44 14 15 16 17 -19 19 -21 21 45 -24 37 25 26 43 28 31 30 -32 46 -34 34 -36 -37 -38 -39 -40 -41 -42 -43 -44 -45 -46 -47 -48 -49 -50 -51 -52
leaf_value=0.016445570881870448 3.301388380123572e-06 0.0012831700028597714 1.6861320228554072e-05 0.00020395053130473477 -2.2319673845503641e-06 1.0041755044037336e-05 -2.4309366467338901e-06 -0.00036500380238516691 -0.00021000574374841234 0.00044281113380261204 -0.00080876477795370526 -5.6216699649835897e-06 0.0012273604392083449 -1.2821251490449285e-07 8.6495675719929356e-05 -0.0006011146787911635 7.7789943776058799e-06 -1.301497379601479e-06 -3.0938075765972204e-06 3.7506200068151795e-06 3.8836374865846039e-05 -6.4470955693525266e-06 -0.0021156167756470525 0.00055722541236703478 -0.00072555929904255024 3.7679617134045587e-06 2.0023273258240587e-05 6.6226121816527922e-06 -0.00095317724438188499 0.0003224200128331947 -4.0124756356441878e-05 -0.00013984303555858327 -0.0019074932246615495 -7.2086391541226796e-05 6.0384330317316515e-06 -0.00020808654131663603 -0.00034056339439949499 -1.6999865910818642e-05 -1.6254148277300534e-07 -0.00011889004194362012 -0.00080921284055768445 3.5645723223491655e-06 -6.1645193684580237e-06 -1.6165787840590867e-06 0.00030286859019279885 -6.9619665110050843e-07 3.7021959931401169e-05 4.8714549113137786e-06 2.1159407430797592e-06 0.00025690715626853805 -0.0012807277184595711
leaf_weight=20 23 21 32 35 27 21 37 33 32 20 27 20 38 27 38 25 23 37 28 27 29 27 21 28 21 25 33 37 30 20 23 20 21 20 29 26 27 30 20 29 21 22 20 32 25 23 25 22 24 23 21
leaf_count=20 23 21 32 35 27 21 37 33 32 20 27 20 38 27 38 25 23 37 28 27 29 27 21 28 21 25 33 37 30 20 23 20 21 20 29 26 27 30 20 29 21 22 20 32 25 23 25 22 24 23 21
internal_value=1.0989e-05 0.000584906 0.000781893 0.000655914 0.00202381 -0.000353293 0.000294118 -3.96825e-05 0.000531915 0.00112903 -0.00171875 0.00182927 0.00237864 0.000354331 0.000157593 0.000448505 0.000171103 0.000971223 0.00166667 0.000272727 -0.000725806 -0.000151515 -0.00159091 -0.000666075 -0.000841584 -0.000591647 -0.000439024 -0.000710145 -0.000333333 0.000179487 0.00136364 -0.00166667 -0.00206667 -0.000794393 -0.00171429 -0.0022973 -0.00125 0.000862069 0.00153061 -0.00111111 -0.00166667 0.00238462 0.00075 0.001 0.0034127 -0.0018 -0.000333333 0.000714286 0.00329787 0.00337209 -0.00304878
internal_weight=1365 530 486 465 84 835 272 252 188 155 64 123 103 381 349 301 263 139 102 55 124 99 44 563 505 431 410 345 270 195 88 75 75 107 70 74 48 58 49 54 48 65 40 65 63 50 45 49 47 43 41
internal_count=1365 530 486 465 84 835 272 252 188 155 64 123 103 381 349 301 263 139 102 55 124 99 44 563 505 431 410 345 270 195 88 75 75 107 70 74 48 58 49 54 48 65 40 65 63 50 45 49 47 43 41
is_linear=0
shrinkage=0.005


Tree=47
num_leaves=55
num_cat=0
split_feature=51 62 72 13 14 32 42 68 37 72 14 88 91 91 65 44 79 78 24 13 44 72 6 64 21 71 65 28 6 20 30 97 64 35 6 6 20 14 64 91 64 4 43 37 89 35 98 44 35 20 3 8 13 14
split_gain=10.8102 10.4225 9.64808 16.1249 8.82421 7.71104 7.78082 10.1985 8.67969 8.58513 7.52214 9.13902 6.99268 13.5296 11.0526 10.5542 12.2225 10.4814 8.6263 7.88706 7.20933 10.2414 8.37793 6.95034 6.89292 6.81184 6.5095 6.0968 11.4681 7.4581 7.93333 6.05238 5.90769 5.48829 5.08738 6.72817 10.7789 6.53742 5.00652 6.50844 6.90897 4.58936 4.45455 4.33509 4.24242 4.17517 4.16529 3.70513 2.77714 3.6 2.66825 1.6 1.06061 0.962791
threshold=1.0000000180025095e-35 928.79700000000014 223.71250000000003 2102.0000000000005 12094.800000000001 288.75000000000006 115.87500000000001 1059.7215000000003 97.250000000000014 1377.6000000000001 16725.600000000002 6187.0360416666672 29083.456137500001 31143.458843750006 29548.200000000004 3.5145000219345097 265.62054316349077 1365.127371527778 3.6750000000000003 9258.5500000000011 2.3739999532699589 955.63250000000005 6386.0500000000011 1012.2905000000002 20.225000000000005 999.50000000000011 28324.600000000002 29.025000000000002 11255.450000000003 739.40000000000009 98.250000000000014 0.17708333333333334 1057.9065000000003 23.575000000000006 4236.5900000000011 4757.3450000000012 1332.9000000000003 13292.300000000001 1229.3685000000003 29342.574862500001 1508.3500000000001 2906.2850000000003 77.20999908447267 86.250000000000014 1325.0291437500002 28.875000000000004 0.065972222222222238 2.9424999952316289 25.825000000000006 954.25000000000011 13563.250000000002 403.76114285714294 12936.100000000002 15844.6
decision_type=2 2 2 2 2 2 2 2 2 2 2 2 2 2 2 2 2 2 2 2 2 2 2 2 2 2 2 2 2 2 2 2 2 2 2 2 2 2 2 2 2 2 2 2 2 2 2 2 2 2 2 2 2 2
left_child=1 2 4 -4 45 6 26 8 -8 44 11 -6 14 19 18 16 -15 24 -3 38 -20 32 23 -23 -17 27 51 29 47 -12 52 -11 -22 -25 37 -36 -37 -35 -14 -40 -41 -2 -30 -18 -9 -1 -32 -29 -42 -50 -13 -5 -31 -28
right_child=41 12 3 5 10 -7 7 9 -10 31 25 50 13 15 -16 17 43 -19 20 -21 21 22 -24 33 -26 -27 53 28 42 30 46 -33 -34 34 35 36 -38 -39 39 40 48 -43 -44 -45 -46 -47 -48 -49 49 -51 -52 -53 -54 -55
leaf_value=-0.0014309118671634233 -0.00051591595240198251 0.00010346424537669486 0.00020707962002677221 -0.0007674997792713195 -2.0349357825620274e-05 0.00064146770478023727 -0.0014284230234961929 -1.1295977717115026e-05 -0.00035172616808903484 -0.0011220776858017379 -7.5104041763081049e-05 0.00063919761373261788 0.00072439714039553113 2.3414566911250081e-05 -4.0690231497126507e-06 0.00068154569592950508 -3.2357668639773089e-06 -1.0292414063779319e-05 1.6716767540763733e-06 -2.4192667108096115e-06 0.0013413090652054308 -0.00096165199607237172 9.6998789582559253e-06 -4.9198887688732165e-06 0.00014420801038048513 -0.00010735755402445597 -0.0012725600656869431 4.4809439556941163e-05 -4.2095027619864047e-05 0.00068049258874450962 0.00042784681748499838 5.1545662242801841e-06 0.00014873939083334125 -3.3680522835772426e-06 -4.5730971735303833e-05 -8.765133260871691e-06 9.9915462688171493e-06 2.9395887568799669e-06 4.7948162072533554e-08 3.8671752362433936e-06 2.50112489473403e-05 -0.032932711541925966 -0.0014939168136159915 -0.00011829559173390204 7.9562542059095426e-05 -7.5103041331006033e-06 -4.8311426324613507e-06 -1.3440963741223664e-05 4.6475993641921825e-06 3.1104564956779999e-06 0.0033634347383995141 -0.00019457636659324186 0.00089787156573551904 -0.0013580359202800738
leaf_weight=21 30 20 21 20 23 20 32 20 21 23 29 24 22 36 37 25 26 24 20 20 26 23 37 21 21 29 20 26 22 20 31 20 39 21 24 26 23 28 32 32 35 21 22 29 22 22 29 24 20 20 21 20 22 23
leaf_count=21 30 20 21 20 23 20 32 20 21 23 29 24 22 36 37 25 26 24 20 20 26 23 37 21 21 29 20 26 22 20 31 20 39 21 24 26 23 28 32 32 35 21 22 29 22 22 29 24 20 20 21 20 22 23
internal_value=3.663e-06 9.13242e-05 -0.000374801 -0.00110687 0.000150685 -0.00147303 -0.00174208 -0.00101449 -0.00273585 5.88235e-05 0.000434783 0.00191176 0.000516739 0.00102339 1.44928e-05 -3.10559e-05 -0.00115385 0.00142857 0.000324675 0.00196133 0.000104167 -0.00011194 -0.000665025 -0.00114458 0.00282609 3.93701e-05 -0.00295181 0.000333333 -0.000638298 0.00103053 0.00166667 -0.00151163 0.00161538 -0.000734266 -0.000327869 -0.00116438 -0.000102041 0.000918367 0.00232919 0.00197842 0.00257009 -0.0022549 -0.0025 -0.00263636 0.00166667 -0.00197674 0.0005 0.001 0.0034 0.0025 0.00322222 -0.0015 0.00333333 -0.00430233
internal_weight=1365 1314 627 262 365 241 221 138 53 85 322 68 687 342 345 161 91 70 308 181 288 268 203 166 46 254 83 225 94 131 102 43 65 143 122 73 49 49 161 139 107 51 44 55 42 43 60 50 75 40 45 40 42 43
internal_count=1365 1314 627 262 365 241 221 138 53 85 322 68 687 342 345 161 91 70 308 181 288 268 203 166 46 254 83 225 94 131 102 43 65 143 122 73 49 49 161 139 107 51 44 55 42 43 60 50 75 40 45 40 42 43
is_linear=0
shrinkage=0.005


Tree=48
num_leaves=53
num_cat=0
split_feature=69 11 66 68 62 21 61 22 11 33 100 14 62 5 7 46 81 100 4 5 66 79 79 39 39 35 19 4 39 43 27 39 22 4 5 66 67 76 67 36 91 79 25 61 7 67 61 21 83 87 7 53
split_gain=10.8216 8.75434 8.79538 14.74 13.3857 10.9854 13.6783 9.48623 9.52851 7.34331 7.4657 8.79163 8.52437 6.79147 6.76692 6.57045 6.18221 8.35726 7.72487 9.62746 6.24481 5.92821 5.78715 5.71667 5.298 10.567 8.93601 7.91012 7.7311 7.53437 6.64911 5.25753 7.13868 5.1804 5.15714 5.02435 4.95322 4.93958 4.91078 4.86631 5.92705 4.74797 4.4869 4.45455 4.29419 4.06 3.80581 3.21429 3.15559 2.7011 2.66825 1.68592
threshold=22337.600000000002 30124.150000000005 1469.1795000000002 1458.4250000000002 1031.2500000000002 20.125000000000004 29307.350000000002 89.250000000000014 38578.500000000007 213.75000000000003 0.32986111111111116 17489.700000000001 913.36300000000017 6035.0400000000009 31.665000000000003 101.87500000000001 3531.0252885185018 0.38541666666666669 8098.6450000000013 8995.4100000000017 1.0410000000000001 467.63483280720038 284.11057034544882 199.25000000000003 131.75000000000003 25.725000000000005 686.00000000000011 3201.5700000000006 177.75000000000003 86.074996948242202 89.250000000000014 172.75000000000003 89.250000000000014 2825.2900000000004 6794.0550000000012 1.0020000000000002 32193.400000000005 37205.562500000007 30618.650000000005 86.250000000000014 29303.536443750003 440.09408731502248 126.75000000000001 35424.350000000013 17.585000000000004 34450.200000000004 31702.150000000005 29.675000000000001 1931.7999999999959 1.0000000180025095e-35 32.685000000000009 2.5000000000000004
decision_type=2 2 2 2 2 2 2 2 2 2 2 2 2 2 2 2 2 2 2 2 2 2 2 2 2 2 2 2 2 2 2 2 2 2 2 2 2 2 2 2 2 2 2 2 2 2 2 2 2 2 2 2
left_child=41 15 3 5 35 6 -3 8 -8 10 11 12 44 14 -6 42 -12 -18 21 -20 31 -19 -14 -22 27 39 29 33 -28 36 48 -21 45 49 -31 -5 -27 -34 -29 40 -26 -1 -2 -23 -7 -33 -40 -11 -30 -4 -13 -37
right_child=1 2 24 4 13 9 7 -9 -10 47 16 50 22 -15 -16 -17 17 18 19 20 23 43 -24 -25 25 26 28 38 30 34 -32 32 37 -35 -36 51 -38 -39 46 -41 -42 -43 -44 -45 -46 -47 -48 -49 -50 -51 -52 -53
leaf_value=2.3540929536045603e-05 3.5366123377499474e-05 0.00065148699195613198 -1.3330481699106757e-06 -0.00026985315045937973 1.6783993212617383e-07 -0.0014237573078276062 -0.00077779462347687988 0.00071356607064527512 1.9081605654032727e-05 4.0730862869710522e-05 0.0012049210222428329 -0.00068046180601426536 -0.00029226145688731318 2.2554227564622788e-06 -0.00030975697416371308 -0.030351540933228349 0.0013768509479085091 -1.0250959098240426e-05 -0.00075868746906499938 -0.00059159978830106011 5.1663014198280433e-05 5.5181581947501661e-05 0.00011141454633072648 -8.7835215951269428e-05 7.0917891687946763e-07 -3.6968231029179619e-06 1.7372689388069209e-06 9.6795470952861041e-07 -3.2600307312764418e-06 3.3523438587214253e-06 4.7032226131105791e-07 -5.6541862955925698e-06 -3.6448517823120607e-06 5.4778590659927744e-05 0.0018369025384407513 -0.0012538477381792746 1.5015309423658504e-06 -5.5046163799295851e-05 -0.00019033085240718141 0.00017847015062922805 3.3830559605915527e-06 0.0032975655107625652 -0.0012964130627922976 2.9062480669939626e-06 -1.6770851680700652e-05 0.00071551707446242498 -3.3169382047979229e-06 0.0021334389560864497 -3.0716048559961382e-06 9.7026566128173767e-07 -1.6827273372558077e-05 -0.0010752713246767983
leaf_weight=23 28 34 22 36 36 29 21 23 23 24 31 21 26 32 21 29 27 23 36 38 28 22 25 20 26 21 36 27 28 21 24 22 23 26 24 21 36 21 21 27 21 25 25 22 24 21 20 21 31 23 24 26
leaf_count=23 28 34 22 36 36 29 21 23 23 24 31 21 26 32 21 29 27 23 36 38 28 22 25 20 26 21 36 27 28 21 24 22 23 26 24 21 36 21 21 27 21 25 25 22 24 21 20 21 31 23 24 26
internal_value=-4.0293e-05 -0.000125285 -2.02429e-05 -0.000330836 -0.00162791 2.38474e-05 0.00153465 0.000223881 -0.00113636 -0.000265152 -0.000445135 -0.00137584 -0.000576923 -0.000280899 -0.00131579 -0.00170732 -2.99401e-05 -0.000247525 -0.000507246 -0.000980861 -0.000491329 0.000970149 0.000882353 0.00104167 0.000552995 0.000932203 0.000384615 -0.000251799 -0.000546218 0.00147059 -0.00138554 -0.00108 -0.000402299 0.000915493 0.003 -0.00307229 0.000263158 -0.00181818 -0.00147059 0.00256757 0.00159574 0.00229167 -0.000660377 0.00204545 -0.00198113 0.00104651 -0.00256098 0.00166667 -0.00228814 -0.000111111 -0.00322222 -0.00414894
internal_weight=1365 1317 1235 801 172 629 101 67 44 528 483 149 104 89 57 82 334 303 276 209 173 67 51 48 434 295 221 139 119 102 83 125 87 71 45 83 57 44 68 74 47 48 53 44 53 43 41 45 59 45 45 47
internal_count=1365 1317 1235 801 172 629 101 67 44 528 483 149 104 89 57 82 334 303 276 209 173 67 51 48 434 295 221 139 119 102 83 125 87 71 45 83 57 44 68 74 47 48 53 44 53 43 41 45 59 45 45 47
is_linear=0
shrinkage=0.005


Tree=49
num_leaves=51
num_cat=0
split_feature=40 34 1 68 64 22 83 22 38 73 73 65 24 34 24 73 73 78 43 98 59 76 27 34 28 10 1 79 61 22 98 70 79 100 16 17 10 16 100 83 34 30 17 79 67 39 33 98 84 27
split_gain=11.1439 11.6208 16.0319 15.6 11.9313 13.3416 10.2588 10.3057 9.99876 9.5805 9.13513 8.27077 7.91627 7.23879 9.53583 7.45171 13.4625 7.98045 8.59649 9.02256 7.50756 7.30613 7.22428 7.21445 7.1324 7.10583 7.61905 6.75 6.49872 5.48571 5.34982 7.46746 5.22451 5.11408 5.01389 10.9792 6.19286 4.96118 4.91412 6.93333 4.55787 4.29762 4.29522 4.12236 3.6 3.36 5.25091 5.68052 2.84205 2.35111
threshold=54.750000000000007 73.750000000000014 17952.668000000001 955.63250000000005 980.0920000000001 90.750000000000014 2900.3500000000026 92.750000000000014 6.7750000000000012 1118.0500000000002 982.96400000000006 32200.800000000003 5.2250000000000005 78.750000000000014 3.7750000000000004 1169.1900000000003 780.68250000000012 591.49832986111107 91.715000152587891 0.40625000000000006 -0.24999999999999994 32819.411458333336 17.250000000000004 90.250000000000014 23.425000000000004 31699.700000000004 13774.450000000003 531.69052354068083 34006.30000000001 85.250000000000014 0.072916666666666685 1499.9500000000003 559.68114945086518 0.53125000000000011 5323.5500000000002 69.450000000000017 28752.000000000004 5917.7000000000007 0.017361111111111115 2144.9000000000001 88.250000000000014 90.750000000000014 147.90000000000001 495.48721824469936 31016.150000000005 215.25000000000003 181.25000000000003 0.086805555555555566 1164.9961145833336 40.750000000000007
decision_type=2 2 2 2 2 2 2 2 2 2 2 2 2 2 2 2 2 2 2 2 2 2 2 2 2 2 2 2 2 2 2 2 2 2 2 2 2 2 2 2 2 2 2 2 2 2 2 2 2 2
left_child=8 2 3 11 5 10 7 13 12 34 -5 45 -1 38 -15 16 17 20 19 29 43 -17 -11 30 -10 26 -24 -8 -27 -19 -14 49 41 48 36 37 -6 -36 -3 -40 -18 -9 -37 -16 -28 46 47 -2 -26 -32
right_child=1 6 -4 4 9 -7 27 32 24 22 -12 -13 23 14 15 21 40 18 -20 -21 -22 -23 25 -25 33 28 44 -29 -30 -31 31 -33 -34 -35 35 42 -38 -39 39 -41 -42 -43 -44 -45 -46 -47 -48 -49 -50 -51
leaf_value=3.8993265892800823e-05 0.0014446652293639592 1.5344653100244342e-06 -0.00010297942912503269 -0.00083382659350687176 0.00010409415531522932 0.0011214342144505243 4.5429013701833603e-07 4.7370281598149234e-07 4.9072075781128997e-06 -4.8854741303870126e-05 -4.6447548552222854e-06 -2.8690592411584392e-06 0.0003251554167650722 -0.00039329072602284094 -1.8878891556069386e-05 2.2500962476459167e-06 -4.1013584021043874e-06 -2.5470614907894525e-06 0.00049133744366924121 5.6740022513430196e-06 0.0011395253525327373 1.1861343245137204e-05 -6.6910221111981353e-05 1.1188786895837311e-05 -0.00071930377817083714 -2.6434352812447361e-06 4.5978990263389192e-06 0.0020100497411334067 2.3893510308915087e-07 -0.00090866205075454702 -0.00077288902772754272 -1.5101795858338706e-08 -0.00097635837257610656 -0.00019981444610083822 -1.0426827633624965e-05 0.00025148490374386773 0.0001028689845403399 1.369628845542865e-06 -3.2716069353716734e-06 -0.00019977436188478104 -0.0013489667466554361 -0.00026121702487362188 1.6662907349301922e-06 7.2151716675943736e-05 2.0351522867814886e-06 0.0021165155118496831 0.00027443303155587774 0.00042386007202766755 -1.1596313363755841e-05 -0.00010658192961575399
leaf_weight=34 27 24 21 37 20 22 24 21 26 29 37 25 22 32 24 39 21 20 20 28 23 30 30 29 39 28 20 24 23 28 20 35 20 35 22 26 28 27 39 26 26 27 21 35 20 25 25 28 28 25
leaf_count=34 27 24 21 37 20 22 24 21 26 29 37 25 22 32 24 39 21 20 20 28 23 30 30 29 39 28 20 24 23 28 20 35 20 35 22 26 28 27 39 26 26 27 21 35 20 25 25 28 28 25
internal_value=-4.0293e-05 0.000195896 0.000711645 0.000884615 0.000384615 -0.00114583 -0.000329567 -0.000548654 -0.000904437 0.000884354 -0.00216216 0.00238462 -9.09091e-05 -0.000253012 9.20245e-05 0.00037415 -6.66667e-05 0.000561798 -0.000416667 -0.00118421 0.00170732 0.00181159 0 -0.000648855 -0.00195312 0.00053719 0.00157143 0.001875 -0.000882353 -0.0025 -0.00127451 -0.001875 -0.00235294 -0.00254902 0.00180556 0.00114583 0.003125 -0.000510204 -0.00151685 -0.00223077 -0.00244681 -0.00145833 0.00287234 0.000762712 0.003 0.003 0.0025 0.00336364 -0.00335821 -0.00322222
internal_weight=1365 1072 541 520 390 96 531 483 293 294 74 130 165 415 326 294 225 178 96 76 82 69 150 131 128 121 70 48 51 48 102 80 68 102 144 96 48 49 89 65 47 48 47 59 40 105 80 55 67 45
internal_count=1365 1072 541 520 390 96 531 483 293 294 74 130 165 415 326 294 225 178 96 76 82 69 150 131 128 121 70 48 51 48 102 80 68 102 144 96 48 49 89 65 47 48 47 59 40 105 80 55 67 45
is_linear=0
shrinkage=0.005


Tree=50
num_leaves=50
num_cat=0
split_feature=60 77 17 11 76 2 22 8 74 10 85 20 31 77 19 36 46 43 39 29 28 7 91 41 74 65 90 19 65 64 11 43 0 46 26 56 0 31 0 20 91 0 8 43 90 17 22 25 17
split_gain=15.4548 11.9586 10.9172 8.49809 8.86219 11.3719 11.3465 9.69771 13.3416 8.68147 8.03537 10.3448 8.71018 8.62134 7.01417 6.86446 8.48537 9.92123 9.63211 8.90822 8.54031 7.48554 7.48261 11.976 6.98546 9.58792 6.90434 7.66074 6.92066 6.52611 6.45142 5.7933 5.67745 5.75767 5.62179 5.39602 5.14831 9.36721 7.53686 6.16569 4.85686 7.10826 5.11244 4.83616 4.37608 4.00791 2.62957 2.5 1.75819
threshold=1266.1170000000004 4170.1411525310523 273.25000000000006 31116.150000000005 30466.330208333336 3483.1645000000003 88.750000000000014 410.82950751879702 1243.3241458333334 27955.750000000004 1401.7500000000002 1784.9000000000003 3.6750000000000003 4345.936027662473 518.10000000000014 84.250000000000014 92.235000610351577 91.52500152587892 209.75000000000003 80.250000000000014 28.975000000000005 17.595000000000002 25527.920106250003 68.250000000000014 381.26248958333338 26887.900000000005 863.00235000000009 857.10000000000014 26941.950000000004 1033.3695000000002 27571.350000000002 82.229999542236342 35105.350000000013 106.68500137329103 19.250000000000004 -1.0000000180025095e-35 32196.450000000004 4.1250000000000009 31528.750000000004 1981.1000000000001 28678.133768750009 30726.750000000004 418.50618421052638 74.270000457763686 1483.8673500000004 155.00000000000003 87.750000000000014 121.75000000000001 29.100000000000005
decision_type=2 2 2 2 2 2 2 2 2 2 2 2 2 2 2 2 2 2 2 2 2 2 2 2 2 2 2 2 2 2 2 2 2 2 2 2 2 2 2 2 2 2 2 2 2 2 2 2 2
left_child=1 2 15 30 9 7 -7 8 -6 -5 -3 12 -12 -14 -11 21 20 19 -19 22 -17 -1 -18 -24 -23 -26 -21 28 -28 -13 -2 -15 33 36 45 -25 38 -38 44 47 41 48 -43 -29 -9 -10 -37 -39 -16
right_child=3 10 -4 4 5 6 -8 32 34 14 11 29 13 31 40 16 17 18 -20 26 -22 24 23 35 25 -27 27 43 -30 -31 -32 -33 -34 -35 -36 46 37 39 -40 -41 -42 42 -44 -45 -46 -47 -48 -49 -50
leaf_value=0.00037934749348365578 4.9949276690803711e-05 -0.00069979236729059125 0.0009715232217498771 0.00049767297227402139 -3.2834200422662642e-05 6.9702321262390979e-08 0.00011560193939986987 4.8244306557453863e-06 -3.7953691256329056e-07 -4.3144060722627375e-06 1.3117627295936939e-05 -0.0003233506701367153 -0.00025626223286954455 9.5682764201433179e-06 2.0909795516098498e-06 -0.0012638429402302585 0.00041522682229097298 -0.00017400588150786345 2.9074183067679138e-07 0.00073051317795506032 3.6335084403589312e-05 5.4150222896000399e-05 0.00039396401643573755 -5.4236717208809221e-06 0.00015018540477973322 -0.00058891335448883243 7.2824619267432565e-06 -3.5782567117468949e-06 -0.00010290483565253751 -0.00098209993134873268 -0.0031198385972344201 -0.0005263779138595583 4.7332784260767644e-06 -2.8426861372027381e-05 1.1738488272439554e-05 -0.00022102934848101873 3.2624881953140203e-06 -5.4884633487320682e-06 4.2581787893226511e-06 -3.7268802482667897e-07 5.0051478930063753e-06 4.0954977329762637e-06 -3.1703582082547043e-06 0.00087628539965005803 -7.5452550084284054e-06 2.3852342777102839e-05 -0.00066606076584208539 -4.251093152448296e-06 0.00050426880125645571
leaf_weight=28 21 39 22 21 22 35 30 29 22 36 32 35 33 31 20 34 31 26 20 23 20 30 23 36 39 38 37 25 25 23 22 20 38 37 28 21 29 20 27 22 31 20 23 38 26 24 25 20 21
leaf_count=28 21 39 22 21 22 35 30 29 22 36 32 35 33 31 20 34 31 26 20 23 20 30 23 36 39 38 37 25 25 23 22 20 38 37 28 21 29 20 27 22 31 20 23 38 26 24 25 20 21
internal_value=-0.000181422 -0.00066313 -0.000268022 0.000400641 0.00055938 0.000158924 0.00207692 -0.000203488 0.00114583 0.00151163 -0.00166667 -0.0012069 -0.000344828 -0.00119048 0.00109272 -0.000414258 -0.000755208 -0.000454545 -0.0026087 -0.000105634 -0.00259259 0.000555556 -0.00102941 -0.00166667 -4.6729e-05 -0.000844156 0.000743243 0.00028 -0.000967742 -0.00293103 -0.00174419 9.80392e-05 -0.000725806 -0.00104762 0.00216216 -0.00256098 -0.00066474 -0.00148352 0.000243902 -0.00258065 0.00169565 0.00107143 -0.000348837 0.00150794 -0.000818182 0.00108696 -0.00369565 -0.00375 0.00256098
internal_weight=1378 754 541 624 581 409 65 344 96 172 213 174 116 84 151 519 384 330 46 284 54 135 136 105 107 77 148 125 62 58 43 51 248 210 74 82 173 91 82 62 115 84 43 63 55 46 46 40 41
internal_count=1378 754 541 624 581 409 65 344 96 172 213 174 116 84 151 519 384 330 46 284 54 135 136 105 107 77 148 125 62 58 43 51 248 210 74 82 173 91 82 62 115 84 43 63 55 46 46 40 41
is_linear=0
shrinkage=0.005


Tree=51
num_leaves=54
num_cat=0
split_feature=70 72 84 60 63 66 10 34 16 63 91 27 65 27 68 91 61 37 5 33 20 20 79 79 2 73 37 73 42 16 70 84 13 84 26 65 72 39 5 58 38 98 98 61 22 0 72 10 42 22 68 27 39
split_gain=18.5591 14.9481 10.1631 9.25572 8.79119 8.14004 11.5134 7.47922 8.57196 6.89757 13.945 10.8127 9.84676 13.3986 8.86283 8.49344 13.0934 11.6899 10.2918 8.23669 7.9469 7.6128 7.11975 7.09976 6.81186 6.48486 6.47005 6.33464 5.91077 6.98182 5.83374 6.11647 5.51727 8.47754 8.16834 6.79788 9.00948 5.51644 5.41548 5.33333 4.66207 4.02006 7.22255 3.79555 3.62379 3.6 3.6 3.58546 3.43658 3.91837 3.42857 2.96882 1.16842
threshold=985.40300000000013 888.66700000000003 1218.0859479166668 1135.6000000000001 33801.350000000013 1.2160000000000002 33099.950000000004 63.750000000000007 4403.1000000000013 27967.750000000004 28623.338968750006 28.250000000000004 29579.600000000002 55.750000000000007 1097.1170000000004 31775.279225000009 34966.450000000004 72.250000000000014 6846.2650000000012 117.75000000000001 447.65000000000003 2235.8500000000004 492.93845326491606 664.7783797310791 3380.4000000000001 1037.8880000000001 89.750000000000014 1474.0000000000002 196.50000000000003 5274.6500000000005 686.34850000000017 712.65294791666668 12747.100000000002 248.83433333333335 5.7500000000000009 31349.000000000004 0.95650000000000002 221.25000000000003 9672.9300000000021 0.93301270189221952 5.1750000000000016 0.70486111111111127 0.8715277777777779 33771.850000000006 72.750000000000014 32062.100000000002 1299.8000000000002 41460.650000000009 118.20000076293947 89.250000000000014 243.90000000000003 92.750000000000014 196.25000000000003
decision_type=2 2 2 2 2 2 2 2 2 2 2 2 2 2 2 2 2 2 2 2 2 2 2 2 2 2 2 2 2 2 2 2 2 2 2 2 2 2 2 2 2 2 2 2 2 2 2 2 2 2 2 2 2
left_child=1 3 5 4 7 6 -3 -1 -9 14 11 -11 13 39 -2 18 -17 46 23 -15 -16 28 -20 25 47 48 -26 -27 29 -22 31 -7 34 -34 -10 36 51 50 -37 -13 -19 -29 -43 -35 -32 -24 -18 -6 49 -12 -38 -36 -46
right_child=9 2 -4 -5 24 30 -8 8 32 10 15 12 -14 19 20 16 17 40 22 -21 21 -23 45 -25 26 27 -28 41 -30 -31 44 -33 33 43 35 38 37 -39 -40 -41 -42 42 -44 -45 52 -47 -48 -49 -50 -51 -52 -53 -54
leaf_value=0.00032347800424575878 0.0013515839952378318 2.6937898845149894e-05 9.8674510163983182e-06 -0.00010220125127012318 -5.1663993462668723e-06 -0.00080116618386149685 -0.00027397927694889252 -0.00081235412839043256 -0.0010177348114625317 -8.999852631656966e-05 0.00057559471493450745 1.7162586612036744e-06 -1.4700034063064343e-05 -3.985709033217988e-06 -0.00046624517448356627 -0.00026213094208850694 5.5236788592272914e-05 0.00039633171128844707 -5.188125905864601e-06 3.3513658854187337e-07 0.00014664120124281165 -0.00010106628900921285 -5.3447784797036273e-06 -3.9451959468210225e-06 0.00021077875728172323 -3.1364005693172193e-06 -3.0640476756902028e-05 3.3053433141122744e-05 1.4952176594536779e-06 8.3303184675794092e-05 -0.00069791326301448713 1.5739514725151475e-05 -3.991054783441143e-05 0.00026820325028934904 0.0032880237264451728 2.2470242337288849e-06 7.3300031341580263e-07 0.0014101508675634384 -2.2369917380033265e-05 0.00014506392283422144 7.5573174205178693e-07 -9.6736184869125505e-07 1.7163946571438067e-06 0.015741465659386375 -0.0012601855265873369 0.0003444426564919336 -2.2600302747618302e-06 -0.00055037427952810711 7.2477864869969415e-05 8.5662154452719936e-06 -0.0013074717155780497 0.0025512157310904142 -0.0012003320789261622
leaf_weight=39 38 29 22 35 31 27 38 23 31 32 28 30 21 21 21 33 20 20 21 25 20 22 20 21 21 33 31 26 35 24 20 20 22 23 23 22 21 20 21 20 29 23 36 20 37 20 20 22 37 21 21 22 20
leaf_count=39 38 29 22 35 31 27 38 23 31 32 28 30 21 21 21 33 20 20 21 25 20 22 20 21 21 33 31 26 35 24 20 20 22 23 23 22 21 20 21 20 29 23 36 20 37 20 20 22 37 21 21 22 20
internal_value=-0.000159652 -0.000763994 -0.00185446 -0.000245536 -3.63196e-05 -0.00222513 -0.000820896 0.00038961 9.29368e-05 0.00039749 0.00013465 -0.0011745 -0.000470085 0.000208333 0.0013125 0.000612745 -0.000491803 0.000505618 0.00108392 -0.00173913 0.000655738 0.00123762 -0.000737705 0.00157778 -0.00128571 0.00186275 0 0.00110169 0.00196203 0.00318182 -0.00298387 -0.00159574 0.000365854 0.00161538 -8.28729e-05 0.0004 0.00107477 -0.00016129 -0.00127907 0.002 0.00214286 0.00182353 0.00110169 0.00290698 -0.00383117 0.0005 -0.0015 -0.00254717 0.00290698 0.00377551 -0.00119048 0.00277778 -0.00447368
internal_weight=1378 661 213 448 413 191 67 308 269 717 557 149 117 96 160 408 122 89 286 46 122 101 61 225 105 204 52 118 79 44 124 47 246 65 181 150 107 62 43 50 49 85 59 43 77 40 40 53 86 49 42 45 57
internal_count=1378 661 213 448 413 191 67 308 269 717 557 149 117 96 160 408 122 89 286 46 122 101 61 225 105 204 52 118 79 44 124 47 246 65 181 150 107 62 43 50 49 85 59 43 77 40 40 53 86 49 42 45 57
is_linear=0
shrinkage=0.005


Tree=52
num_leaves=55
num_cat=0
split_feature=62 72 16 63 82 91 67 37 42 86 72 43 28 83 41 35 31 10 77 10 89 83 63 37 79 98 56 67 31 10 67 80 77 37 36 83 77 94 35 66 30 42 63 69 31 90 28 27 91 0 77 16 0 0
split_gain=15.7179 11.9531 13.2942 11.4384 10.3581 10.0796 10.0888 11.042 9.20265 8.27974 9.74317 9.01822 8.11449 8.41838 9.60354 8.84574 9.77925 8.74239 8.3856 7.85455 9.45675 7.50516 7.41104 7.34262 6.67181 6.53333 6.45712 8.8 6.49726 7.91319 7.35608 6.0488 6.95606 8.30769 5.57576 5.46093 7.80512 5.29324 6.86611 5.18123 5.11328 4.97778 4.80159 4.57415 5.79292 4.04739 3.98781 3.6031 3.429 5.89667 3.28951 2.62811 0.9 0.4
threshold=1272.6500000000003 1377.6000000000001 6611.2500000000009 27998.050000000007 -993.14999999999986 28623.338968750006 31163.950000000004 76.750000000000014 103.77500152587892 931.18250000000012 1601.7 75.604999542236342 21.675000000000004 2732.5000000000005 74.750000000000014 25.275000000000002 11.425000000000002 36882.80000000001 3906.0113154911 30338.050000000003 1262.0158687500002 2638.0500000000034 33801.350000000013 88.250000000000014 598.86068502504816 0.82638888888888895 0.6078576107927941 29911.350000000002 3.0750000000000006 37184.200000000004 34523.650000000009 29040.940277777783 3582.1571890227037 66.250000000000014 86.750000000000014 2354.0999999999972 3665.1051488296698 609273.42682781268 27.775000000000002 1294.6000000000001 67.250000000000014 188.50000000000003 26688.750000000004 27169.050000000007 11.225000000000001 1930.8901500000004 27.625000000000004 37.750000000000007 30813.67004375 34456.850000000006 4110.648836480982 6267.6000000000013 31984.200000000004 31322.850000000002
decision_type=2 2 2 2 2 2 2 2 2 2 2 2 2 2 2 2 2 2 2 2 2 2 2 2 2 2 2 2 2 2 2 2 2 2 2 2 2 2 2 2 2 2 2 2 2 2 2 2 2 2 2 2 2 2
left_child=1 4 21 40 51 19 41 9 22 10 11 -8 -10 15 -15 -14 26 -16 -18 -5 47 35 37 -9 48 -11 28 -28 -17 31 -31 -30 -33 -34 -32 36 45 -6 42 53 -2 -7 -39 -42 -45 -3 -24 -21 52 -50 -35 -1 -25 -38
right_child=3 2 -4 5 8 6 7 23 12 25 -12 -13 13 14 17 16 18 -19 -20 20 -22 -23 46 24 -26 -27 27 -29 29 30 34 32 33 50 -36 -37 39 38 -40 -41 43 -43 -44 44 -46 -47 -48 -49 49 -51 -52 -53 -54 -55
leaf_value=-5.8130268467500191e-05 0.00028665433282861261 -0.00021985884466508136 2.1767048369241816e-06 3.9876028282055607e-06 7.7101302144494949e-05 4.9639053046921849e-06 -9.2284328944499995e-06 1.7332975491096557e-05 0.0012133424778917568 6.8893999395013895e-05 -3.4919576037240398e-06 1.5492605925372692e-05 -0.00021683556272583597 0.0034814304631665158 0.00056705654763322558 0.00039143389250908899 0.00030543077185316361 -0.00070255348830528268 9.4514501265193392e-07 -8.6257381468357917e-05 3.3346090559916403e-07 2.4594506689815847e-06 -1.0164031285904065e-05 3.4634983052498498e-06 -3.33402741054943e-05 -4.7578569382825232e-07 1.078618029697949e-06 -0.00015012669947345292 0.00020682372839690209 0.0021064197405732997 -0.00010210230154841453 -0.0014920347540868311 4.037280851610147e-06 -7.3348180464314136e-05 0.00017333966520042185 -0.00082935792283230577 -0.0018806279957954892 -8.4035151160814434e-06 0.00014865021942167206 -0.00020032412697075158 0.0010885656594106321 9.3868064810661456e-07 -0.00072597023431850659 -4.3853243100760319e-06 3.1882290182762753e-06 4.3580222869154311e-06 -0.00023292616220661665 -1.4718137916484283e-06 -7.2557461199429382e-06 0.00014090313899156622 -0.00020973276885680937 -0.00073599034877386618 0.00014591615965307478 -0.0019092344447452553
leaf_weight=23 38 21 24 30 22 36 20 33 25 24 20 31 34 21 21 37 21 20 20 20 31 20 22 20 27 30 30 36 20 21 24 25 26 30 22 23 20 20 30 23 21 20 36 23 26 20 36 29 23 21 22 20 20 20
leaf_count=23 38 21 24 30 22 36 20 33 25 24 20 31 34 21 21 37 21 20 20 20 31 20 22 20 27 30 30 36 20 21 24 25 26 30 22 23 20 20 30 23 21 20 36 23 26 20 36 29 23 21 22 20 20 20
internal_value=-0.000174165 -0.00060479 -0.00178363 0.000488029 -0.000301205 0.000126437 0.000569231 0.000167286 -0.000136876 -0.00092 -0.00204225 -0.000882353 0.000230769 6.97674e-05 0.00177419 -0.000217391 2.99401e-05 0.000365854 0.00231707 -0.00118182 -0.002 -0.00234694 -0.00114458 0.00111111 0.000495495 0.000555556 -0.000290102 -0.00166667 0.000110132 -0.000263158 0.0011194 -0.00101626 -0.00150485 -0.000769231 0 -0.00279528 -0.00230769 -0.00037037 -0.000930233 -0.0034127 0.00194444 0.0025 -0.00196429 0.00114286 0.000306122 -0.000609756 -0.00258621 -0.00336735 0.00119048 0.000227273 -0.00192308 -0.00267442 0.00225 -0.0045
internal_weight=1378 835 171 543 664 435 325 269 621 125 71 51 455 430 62 368 334 41 41 110 80 147 166 144 111 54 293 66 227 190 67 123 103 78 46 127 104 108 86 63 108 56 56 70 49 41 58 49 84 44 52 43 40 40
internal_count=1378 835 171 543 664 435 325 269 621 125 71 51 455 430 62 368 334 41 41 110 80 147 166 144 111 54 293 66 227 190 67 123 103 78 46 127 104 108 86 63 108 56 56 70 49 41 58 49 84 44 52 43 40 40
is_linear=0
shrinkage=0.005


Tree=53
num_leaves=54
num_cat=0
split_feature=95 68 40 81 100 99 31 8 80 61 11 16 21 22 68 83 4 100 4 4 16 63 97 20 80 76 68 39 97 20 20 63 16 76 25 23 76 38 100 22 66 23 43 43 82 97 68 38 43 39 21 11 6
split_gain=17.8814 13.9863 13.2123 11.2854 11.6586 16.1481 15.0348 10.077 9.56241 8.80711 8.5251 10.5007 9.52778 8.28256 10.277 7.40801 8.85952 7.37707 7.54869 6.52174 6.42857 8.15031 7.76398 6.23041 6.92308 7.51935 5.69732 6.48498 9.47558 8.82179 7.66409 11.9142 8.99714 7.95393 5.8711 5.63333 5.43903 5.18907 5.04019 4.73387 4.66257 4.32028 6 7.43474 6.25804 4.70582 4.29183 4.23893 4.15167 6.44235 4.06569 2.5 1.8383
threshold=1.0000000180025095e-35 1079.3815000000002 68.750000000000014 3405.7947039411406 0.059027777777777783 0.21875000000000003 3.0750000000000006 408.0356410256411 30505.344791666666 31436.000000000004 31632.400000000005 4711.9500000000007 20.425000000000004 91.250000000000014 1682.5500000000002 2278.7000000000012 3302.6700000000005 0.031250000000000007 2825.2900000000004 3605.3300000000004 3205.3000000000006 28443.300000000003 0.13541666666666671 692.50000000000011 32805.866319444453 30120.979166666668 1727.9000000000003 182.75000000000003 0.072916666666666671 1826.4000000000003 179.50000000000003 29720.500000000004 4957.4000000000005 32072.255208333339 63.250000000000007 99.250000000000014 33655.431250000001 6.7250000000000005 0.7465277777777779 90.250000000000014 1282.5740000000003 99.250000000000014 68.630001068115249 81.604999542236342 -1.0000000180025095e-35 0.17708333333333334 959.65000000000009 6.7250000000000005 74.844997406005874 116.25000000000001 27.925000000000004 38578.500000000007 3929.8950000000004
decision_type=2 2 2 2 2 2 2 2 2 2 2 2 2 2 2 2 2 2 2 2 2 2 2 2 2 2 2 2 2 2 2 2 2 2 2 2 2 2 2 2 2 2 2 2 2 2 2 2 2 2 2 2 2
left_child=2 7 3 -1 52 40 -7 -2 9 20 -3 12 -12 17 15 16 -15 19 -19 37 -4 22 46 -20 25 -25 27 28 -10 30 -29 33 -33 -32 39 51 -35 -13 48 -30 -6 45 -43 -44 -45 50 -22 -47 -8 -50 -34 -9 -5
right_child=1 10 8 4 5 6 38 35 26 -11 11 13 -14 14 -16 -17 -18 18 23 -21 21 -23 -24 24 -26 -27 -28 29 34 -31 31 32 41 36 -36 -37 -38 -39 -40 -41 -42 42 43 44 -46 47 -48 -49 49 -51 -52 -53 -54
leaf_value=7.8972497329736125e-05 0.0013520318339930132 -0.0024280235893883537 -0.00016395129593688027 -0.00082305796510247198 -1.858341563268343e-05 0.00041637402836869553 -0.0011126504817176391 0.00050163566188637487 0.0013736251628854487 0.00015180513697145751 0.00047967897237378033 1.2132737146810686e-07 -4.7249275505518526e-07 0.000762539450773895 -3.6488333122354346e-07 1.0383095916759018e-05 -4.3191978881877034e-06 -5.3967149276693203e-06 -5.8917660746006519e-06 -3.3552316439933264e-07 0.0008942305318944331 -0.00015186107402805551 0.00070041358937684094 9.4251155134538007e-07 3.3899624811309597e-06 -7.8274431195328253e-06 -0.00063821882649942865 -0.0012194803888826518 -2.5859950311098447e-05 -0.00059181760096656006 -6.9151974289260356e-05 5.3939544265026861e-06 -0.00014961043381905037 0.00034543910718625245 4.7760398146345898e-06 -2.652180802150063e-05 1.6392590628495769e-05 2.0266544540191135e-06 -3.8932653243749261e-06 2.5840977858074531e-06 0.0011853164847891022 -0.00021600769952994002 0.00068808181943240485 8.1691676106615017e-05 -0.00014728763110717717 -6.2199011809671654e-05 -0.00015673936440522022 1.4465134674965526e-06 -3.3215914681815457e-05 -0.0010769087941804214 -9.4200802040297877e-05 0.0019808364424997618 -0.00095520324813192176
leaf_weight=30 31 20 28 20 27 21 37 20 25 23 36 25 28 28 26 22 20 29 21 23 34 20 36 30 20 22 33 29 23 33 27 22 27 23 20 20 20 21 21 20 20 33 34 28 26 27 22 20 22 36 22 20 27
leaf_count=30 31 20 28 20 27 21 37 20 25 23 36 25 28 28 26 22 20 29 21 23 34 20 36 30 20 22 33 29 23 33 27 22 27 23 20 20 20 21 21 20 20 33 34 28 26 27 22 20 22 36 22 20 27
internal_value=-0.000195936 0.000606061 -0.000600437 -0.00155172 -0.00192641 -0.0013587 -0.00222628 0.00236264 -0.000221374 0.000828221 0.000175202 0.000356125 0.0021875 -5.22648e-05 0.00114583 0.00214286 0.00104167 -0.00065445 -0.00139344 0.000652174 0.000357143 0.000892857 0.00152174 -0.000698925 0 -0.000961538 -0.000569106 -0.000424837 0.000795455 -0.000714286 -0.000473373 -0.000242718 -0.000774059 0.00157143 -0.000238095 0.00116667 0.00290698 0.00173913 -0.00293103 -0.00127907 0.00117021 -0.00108295 -0.000454545 0.000227273 -0.000925926 -0.001875 0.000357143 -0.000744681 -0.00342105 -0.00258621 -0.00295918 0.00225 -0.00414894
internal_weight=1378 462 916 261 231 184 137 91 655 163 371 351 64 287 96 70 48 191 122 69 140 112 92 93 72 52 492 459 88 371 338 309 239 70 63 60 43 46 116 43 47 217 121 88 54 96 56 47 95 58 49 40 47
internal_count=1378 462 916 261 231 184 137 91 655 163 371 351 64 287 96 70 48 191 122 69 140 112 92 93 72 52 492 459 88 371 338 309 239 70 63 60 43 46 116 43 47 217 121 88 54 96 56 47 95 58 49 40 47
is_linear=0
shrinkage=0.005


Tree=54
num_leaves=52
num_cat=0
split_feature=69 60 1 69 21 45 23 82 23 81 63 3 0 76 38 20 1 20 79 42 11 10 16 24 68 91 1 82 75 17 1 25 0 3 24 75 40 16 10 16 42 79 46 40 25 60 0 34 6 3 76
split_gain=13.4267 12.915 12.7847 11.0301 9.86013 9.79224 9.82128 9.34279 8.4 8.1 7.26487 7.60652 7.42731 8.81667 6.98247 6.8933 9.75394 6.62179 6.51379 6.32923 6.33962 7.24287 6.73231 6.35165 5.89039 8.52815 9.30445 9.34169 8.40205 8.805 7.78381 7.26432 6.25 6.14221 6.35392 5.68999 5.34228 5.01893 6.17872 4.99714 10.4334 9.25681 4.64362 4.61098 4.56673 4.26011 10.6778 3.6 3.5219 2.5 2.34578
threshold=32357.800000000007 1494.7 14242.000000000002 25439.250000000004 29.675000000000001 24772.500000000004 73.250000000000014 -993.14999999999986 39.750000000000007 3556.2332558008825 31018.850000000002 10976.450000000003 30518.850000000002 29888.648958333335 9.2250000000000014 1166.1000000000001 14038.350000000002 51.500000000000007 681.84602714942707 362.92500305175787 35907.30000000001 42213.400000000009 6595.9500000000007 10.475000000000001 1457.2285000000004 31818.880300000008 16153.400000000001 1465.4000000000003 620.34307792491506 32.850000000000009 15135.300000000001 165.75000000000003 34529.000000000007 16025.700000000003 8.2250000000000014 484.94349264563618 70.250000000000014 4097.0000000000009 30607.500000000004 5292.2000000000007 121.66500091552736 529.7515457657297 104.22000122070314 69.250000000000014 215.25000000000003 1112.2210000000002 31732.850000000002 65.250000000000014 4322.4350000000004 13544.000000000002 32283.462500000005
decision_type=2 2 2 2 2 2 2 2 2 2 2 2 2 2 2 2 2 2 2 2 2 2 2 2 2 2 2 2 2 2 2 2 2 2 2 2 2 2 2 2 2 2 2 2 2 2 2 2 2 2 2
left_child=1 3 50 35 14 6 8 -4 47 -9 11 -8 43 -14 17 16 -16 -5 36 20 23 24 -23 -11 28 26 27 30 29 -22 -26 33 -30 34 -31 -1 37 -19 -39 40 -38 -42 -27 -13 -33 46 -41 -3 -15 -7 -2
right_child=2 5 7 4 -6 49 10 9 -10 19 -12 12 13 48 15 -17 -18 18 -20 -21 21 22 -24 -25 25 42 -28 -29 32 31 -32 44 -34 -35 -36 -37 39 38 -40 45 41 -43 -44 -45 -46 -47 -48 -49 -50 -51 -52
leaf_value=2.9349461332481182e-05 -0.0015240203337587722 3.168869684262453e-05 -0.00040264005737523147 -0.00082683332525611611 0.0020986403055072199 -5.1813637882866211e-06 -3.0105723647059617e-05 0.00039816867305075214 0.00024642331463052775 -2.4197403600400034e-06 0.00032791861020483606 2.4308549604180878e-06 -2.2779655212856104e-06 -9.427027876539027e-07 -0.00043072339919076317 -0.00077312231893691746 0.00011857448094295685 -0.0010750444702576478 -0.00018526594170404192 0.0011982362478078106 0.00084543714597452423 -0.00017090264130009748 -2.339531391259045e-05 -0.00031384331346571032 -1.0833013407898744e-07 -1.4612624722954289e-06 1.0037649305509174e-05 2.49154608485321e-06 1.7220136797977263e-06 1.486592674559213e-06 -2.5730650559542952e-05 0.0010351180610852651 -0.0004588903307611414 5.1113059727942608e-06 -7.5303670980160723e-05 0.0013203373656331412 0.00061371405159858187 8.3810115781963944e-05 -5.7223051994345885e-05 3.9777099078501143e-05 -0.00027954914370730764 0.0001765432138128809 -8.4954766134272112e-06 0.0003980712878557965 -2.2792493843613393e-06 -0.00014667590987461009 -0.0001045406034999475 1.2973836207112141e-06 2.0453044991962631e-06 5.9320264810332623e-07 -0.00027781685439892966
leaf_weight=32 27 20 36 21 24 20 20 21 30 39 24 20 20 25 35 37 29 24 25 21 30 34 27 24 26 23 22 22 32 27 31 31 32 36 28 26 21 20 27 36 29 25 25 29 20 26 24 20 35 20 20
leaf_count=32 27 20 36 21 24 20 20 21 30 39 24 20 20 25 35 37 29 24 25 21 30 34 27 24 26 23 22 22 32 27 31 31 32 36 28 26 21 20 27 36 29 25 25 29 20 26 24 20 35 20 20
internal_value=-0.000253991 0.000201613 -0.000788644 -0.000314534 -0.00060794 0.0010424 0.00141975 -0.000587734 0.003 -0.000426497 0.000780347 0.000369128 0.000813953 -0.000125 -0.000804749 -0.00193069 -0.0009375 -0.000395683 -0.000175097 -0.00054717 -0.000658153 -0.00044843 -0.00204918 -0.00214286 -0.000194805 -0.000973154 -0.000148515 -0.000949367 0.00029661 0.000872093 -0.00201754 0.000352113 -0.00125 -0.000494505 -0.00154545 0.00172414 8.62069e-05 -0.00105634 -0.000106383 0.000590062 0.00153333 0.00037037 -0.00270833 0.00234694 0.00186275 -0.000232558 0.0005 0.0015 0.000833333 -0.00125 -0.00329787
internal_weight=1378 744 634 461 403 283 243 587 70 551 173 149 129 80 379 101 64 278 257 530 509 446 61 63 385 149 101 79 236 172 57 142 64 91 55 58 232 71 47 161 75 54 48 49 51 86 60 40 60 40 47
internal_count=1378 744 634 461 403 283 243 587 70 551 173 149 129 80 379 101 64 278 257 530 509 446 61 63 385 149 101 79 236 172 57 142 64 91 55 58 232 71 47 161 75 54 48 49 51 86 60 40 60 40 47
is_linear=0
shrinkage=0.005


Tree=55
num_leaves=54
num_cat=0
split_feature=81 28 72 2 76 92 16 89 63 25 21 60 77 76 43 4 72 76 76 0 32 62 81 80 45 45 83 23 83 40 23 67 69 16 38 83 13 27 67 70 2 21 38 67 16 23 79 89 13 79 80 80 29
split_gain=17.8677 12.2237 13.483 16.6355 14.154 11.5323 10.4208 13.7077 12.2571 10.305 11.3728 10.1655 9.92815 9.74043 9.44517 9.10249 8.23577 8.19836 8.14632 7.97711 12.6905 8.12087 7.69231 7.65022 8.5991 9.00229 7.44751 7.41388 6.82327 9.49728 6.76016 7.225 6.41643 6.16676 5.50792 5.35002 5.86554 6.28877 5.13455 4.99507 4.95 5.86667 4.9 4.63947 4.14857 3.57143 5.41993 3.49898 3.03787 2.81299 2.4958 5.97087 1.6
threshold=3486.0098714538781 26.425000000000004 1454.9000000000003 2861.1500000000001 34748.615625000006 21760.474875000004 5531.3000000000002 1612.0896187500002 33038.200000000004 46.750000000000007 22.225000000000005 1065.5325000000003 4164.58518917739 33722.146875000006 74.034999847412124 8529.8000000000011 1163.2100000000003 29413.645833333336 32283.462500000005 32446.850000000002 144.75000000000003 998.35800000000006 4019.5764997003785 38418.656597222231 25365.000000000004 23207.500000000004 2344.8500000000008 90.750000000000014 2267.0500000000015 140.75000000000003 99.750000000000014 33156.750000000007 35478.250000000007 6502.7000000000007 8.0750000000000028 968.10000000000048 5103.4000000000005 26.750000000000004 31748.400000000005 0.92250000000000021 3225.2000000000003 27.825000000000006 6.325000000000002 34523.650000000009 4571.0500000000011 65.250000000000014 503.71981019888796 1030.96719375 3295.9500000000003 404.46915324180713 34367.062847222223 33187.75486111112 79.250000000000014
decision_type=2 2 2 2 2 2 2 2 2 2 2 2 2 2 2 2 2 2 2 2 2 2 2 2 2 2 2 2 2 2 2 2 2 2 2 2 2 2 2 2 2 2 2 2 2 2 2 2 2 2 2 2 2
left_child=11 2 3 9 45 47 7 8 50 16 22 14 23 19 15 -1 17 -2 -12 20 21 -7 -11 24 25 42 35 40 29 -14 -29 52 34 -25 -6 -23 37 -37 -21 -30 41 -27 -8 -26 -13 -5 -47 -4 -46 -22 51 -3 -32
right_child=1 6 5 4 32 13 12 -9 -10 10 18 44 28 -15 -16 -17 -18 -19 -20 38 49 26 -24 33 43 27 -28 30 39 -31 31 -33 -34 -35 -36 36 -38 -39 -40 -41 -42 -43 -44 -45 48 46 -48 -49 -50 -51 -52 -53 -54
leaf_value=-0.00011608924733172778 9.776946769497863e-05 -0.001370774473192934 -8.3325497802896709e-06 0.00067219031521782659 -3.2871187744317459e-05 -0.00093269342460300722 -0.00091780145267332915 4.3290157260810391e-06 -8.9630049439890306e-07 0.00045001359688674628 -4.3063674538881983e-05 7.760218673807965e-05 -0.00017087305320805403 3.5669073954791631e-06 -0.0002596427295685716 0.0026498884438800707 -0.00081491855299717689 -0.00027193662781526643 3.7243890859164985e-06 -4.2364321810666472e-07 1.6631456469162883e-06 1.7621720111281307e-06 1.5385460726457354e-06 -2.4223553807384495e-06 -7.7777129929538571e-06 -2.9381953754356544e-06 2.6246424404949705e-06 0.0035957759071134311 -6.3430707548208887e-05 0.00042120856933410624 -0.00085681668851732089 0.00019066291863164387 0.0011703159294257966 0.028641037615546563 2.0981040307467523e-05 -0.00018384989061936795 -1.314737415245349e-05 5.306436501697237e-07 -5.8653347385621492e-05 -0.00044460851755353723 -4.0492892981882772e-05 0.00074371503794617327 -1.367350170740858e-05 -0.00012144298425148402 0.00039608093141651752 0.00068581761926040079 4.0159615160931176e-06 -5.0480295711634257e-07 0.001080078228537759 6.5492675042553567e-06 -0.0016931680059557692 -0.0014888864133499643 -2.2523332145731594e-07
leaf_weight=23 28 30 27 21 37 23 20 20 26 26 20 21 31 32 29 31 31 30 22 29 22 23 26 29 29 24 26 29 27 20 20 32 21 27 20 32 20 34 20 29 20 20 20 30 23 32 31 20 31 20 33 21 20
leaf_count=23 28 30 27 21 37 23 20 20 26 26 20 21 31 32 29 31 31 30 22 29 22 23 26 29 29 24 26 29 27 20 20 32 21 27 20 32 20 34 20 29 20 20 20 30 23 32 31 20 31 20 33 21 20
internal_value=-0.000317003 -0.000520325 -6.68648e-05 0.000623188 0.00179012 -0.000792683 -0.00106822 -0.00230769 -0.003 -0.000409836 0.000744681 0.00126582 -0.000690867 -0.000409253 6.0241e-05 0.0012963 -0.00162921 -0.000517241 -0.00119048 -0.000742972 -0.0003 -0.000949367 0.00230769 -0.00025 -0.000606061 -0.000121951 -0.000481481 0.000393939 -0.00200935 -0.000686275 0.00123762 0.000416667 0.00025641 0.00142857 -0.000614035 -0.00105505 -0.00162791 -0.000909091 -0.00255102 -0.00321429 -0.0009375 0 -0.00225 -0.00228814 0.0026 0.00321429 0.00261905 -0.00308511 0.00333333 0.00214286 -0.00392857 -0.00323529 -0.001
internal_weight=1388 1230 673 345 162 328 557 130 110 183 94 158 427 281 83 54 89 58 42 249 200 158 52 320 264 205 135 165 107 51 101 72 78 56 57 109 86 66 49 56 64 44 40 59 75 84 63 47 54 42 84 51 40
internal_count=1388 1230 673 345 162 328 557 130 110 183 94 158 427 281 83 54 89 58 42 249 200 158 52 320 264 205 135 165 107 51 101 72 78 56 57 109 86 66 49 56 64 44 40 59 75 84 63 47 54 42 84 51 40
is_linear=0
shrinkage=0.005


Tree=56
num_leaves=54
num_cat=0
split_feature=70 56 76 88 17 34 16 24 76 45 1 75 91 78 88 78 75 63 1 91 91 66 19 26 13 32 94 76 56 10 10 13 64 75 24 38 16 43 26 71 36 36 34 34 30 74 5 94 16 5 91 1 43
split_gain=10.6916 11.9342 13.4006 12.6635 11.3689 11.6838 11.094 10.5197 11.4392 10.2158 9.81465 9.62687 8.93247 8.38658 7.93464 7.7326 7.57859 11.0363 8.21511 7.92053 7.85505 7.23841 10.4712 6.97275 6.87201 6.87131 6.43051 8.15711 8.66667 7.09632 6.73614 6.12255 6.0424 5.90635 5.73666 7.77027 8.51212 6.23694 5.71938 5.37084 5.356 9.879 6.64089 12.2847 5.14809 7.27426 5.08804 4.74074 4.66667 4.36735 4.00346 3.86355 2.72109
threshold=1045.6005000000002 1.0000000180025095e-35 29304.100000000002 5912.0716666666667 40.550000000000004 68.750000000000014 6946.0000000000009 6.5750000000000011 34774.510416666679 24837.500000000004 15965.357000000002 293.89003467245431 32767.577987500004 294.65289236111118 6595.390416666668 393.52606250000002 665.16318737031077 27074.800000000003 15711.400000000001 27901.330918750002 31885.172643750007 1409.1010000000003 782.05000000000007 26.750000000000004 1964.4000000000003 275.25000000000006 550253.44074093772 32703.648958333335 1.0000000180025095e-35 30246.650000000005 34492.750000000007 6916.1000000000013 1348.4865000000002 340.54833860055095 8.3750000000000018 6.0250000000000012 5676.9000000000005 71.485000610351577 1.7500000000000002 337.61300000000006 84.750000000000014 86.750000000000014 69.250000000000014 88.750000000000014 66.250000000000014 815.96431250000012 6354.130000000001 581936.01268093765 6105.7500000000009 3977.3700000000003 27062.329100000003 16919.200000000004 73.420001983642592
decision_type=2 2 2 2 2 2 2 2 2 2 2 2 2 2 2 2 2 2 2 2 2 2 2 2 2 2 2 2 2 2 2 2 2 2 2 2 2 2 2 2 2 2 2 2 2 2 2 2 2 2 2 2 2
left_child=1 2 3 -1 5 7 11 -2 23 14 16 -3 33 -13 24 -15 17 32 19 50 26 22 25 47 -7 44 29 28 -28 -21 48 -16 -6 -12 37 -36 -37 -17 -24 -39 -40 -42 -43 -44 -4 -46 -18 -9 -29 -23 -19 -14 -5
right_child=4 6 21 52 10 9 -8 8 -10 -11 12 13 51 15 31 34 46 18 -20 20 -22 49 38 -25 -26 -27 27 30 -30 -31 -32 -33 -34 -35 35 36 -38 39 40 -41 41 42 43 -45 45 -47 -48 -49 -50 -51 -52 -53 -54
leaf_value=-0.00026319373036189043 0.00060738399916329666 -0.0012650611666141539 -0.00094618281534715693 0.0026167608648183767 -3.3712247497561585e-06 5.541556552154849e-06 6.444657642876129e-05 8.6747292932785587e-05 -7.4249145459418856e-05 -5.7034315670028403e-06 2.6429314881625554e-06 4.0649312903849414e-06 7.0070054079701802e-05 -0.0016715282715078284 0.0024364036713063219 0.00030052641347425485 -0.00025126922092589334 -1.8793601249384661e-06 -5.4916051929742313e-06 -1.572489672966182e-07 -1.2515859075088198e-05 -3.6122718251716871e-06 -0.0013226838135872968 0.00033905072165856312 -7.2108427572681948e-06 -7.4609268951801485e-06 -0.00012702765358952266 7.3866057759666476e-05 2.5870324047091491e-07 9.3187394377313579e-06 -1.0652968495368551e-06 1.2204762068122427e-07 0.00034924434654738131 0.0021741876876956922 -0.00096895069317043143 -0.00074470194848228974 1.1012141241233884e-05 -3.5790858340825453e-07 0.0020326888234703895 -0.00031296663075251128 -9.9274726002848536e-05 -7.6691519323092574e-05 0.00024308354670017729 -2.9177111833018521e-06 -0.00023465088150277424 1.6330512396079167e-05 -3.7643812752974255e-05 -1.6469508065777624e-06 5.3139738433481385e-07 6.2337944412691832e-05 -0.0002225482589914473 -4.8505345698322072e-06 0.00013060103283211305
leaf_weight=26 33 38 37 21 21 20 24 27 21 20 36 28 20 28 20 26 21 20 20 20 21 22 21 29 21 35 24 21 26 26 27 23 25 20 39 24 20 28 28 23 36 20 39 38 34 22 20 27 21 25 22 26 28
leaf_count=26 33 38 37 21 21 20 24 27 21 20 36 28 20 28 20 26 21 20 20 20 21 22 21 29 21 35 24 21 26 26 27 23 25 20 39 24 20 28 28 23 36 20 39 38 34 22 20 27 21 25 22 26 28
internal_value=-0.000345821 -0.000774648 -0.00025463 0.00166667 0.000103245 0.000975104 -0.00158273 0.00193431 0.00115385 -0.000288462 -0.000377574 -0.00188976 0.000980392 -0.00148148 0.00047619 -0.0018617 -0.000791045 -0.000510204 -0.000927419 -0.000657895 -0.000215054 -0.000658263 -0.000935484 0.00198795 -0.00109756 -0.00203125 0.000151515 -0.000462185 -0.002 0.00173913 0.000652174 0.00197674 0.00173913 0.00232143 -0.0014375 -0.0023494 -0.000909091 -0.000454545 -0.000164835 -0.00147059 0.00015528 -0.000263158 0.00056701 0.00123377 -0.00274194 -0.00178571 -0.00280488 0.000925926 0.00190476 0.00117021 -0.00261905 -0.000652174 0.00316327
internal_weight=1388 710 432 75 678 241 278 137 104 104 437 254 102 216 84 188 335 294 248 228 186 357 310 83 41 128 165 119 50 46 69 43 46 56 160 83 44 77 182 51 161 133 97 77 93 56 41 54 42 47 42 46 49
internal_count=1388 710 432 75 678 241 278 137 104 104 437 254 102 216 84 188 335 294 248 228 186 357 310 83 41 128 165 119 50 46 69 43 46 56 160 83 44 77 182 51 161 133 97 77 93 56 41 54 42 47 42 46 49
is_linear=0
shrinkage=0.005


Tree=57
num_leaves=53
num_cat=0
split_feature=72 95 78 78 44 44 30 64 83 83 67 31 78 75 40 28 35 35 0 40 14 67 88 30 92 61 2 84 20 11 30 85 78 78 64 83 92 24 75 68 68 83 26 24 98 83 44 97 64 11 24 0
split_gain=10.854 23.66 16.0352 14.8686 13.7804 9.06868 10.5625 8.95475 8.98672 8.46879 8.44782 7.69718 7.66357 8.49951 8.36069 7.59216 7.35521 11.6853 7.28067 10.084 8.11688 7.15742 6.97163 8.17051 7.45214 6.96243 7.83704 6.7643 10.135 9.57807 6.48 6.29255 6.51054 7.29097 6.12255 6.04915 5.84471 5.5616 5.48173 5.44155 5.41258 5.33333 5.16923 4.82831 4.66667 4.37576 4.10759 3.27678 2.53689 1.91255 1.06531 0.102439
threshold=1454.9000000000003 1.0000000180025095e-35 1468.2252187500001 1159.4758923611114 5.2810001373291025 2.8454999923706055 91.250000000000014 1251.0205000000003 1226.9000000000017 2421.5499999999979 28613.950000000004 3.1750000000000007 305.13217708333337 500.01900851513028 68.750000000000014 24.825000000000006 26.125000000000004 26.525000000000002 34183.750000000007 112.25000000000001 15267.500000000002 38330.500000000007 3815.7912500000007 28.250000000000004 22153.428281250006 31835.250000000004 2995.9500000000003 1451.7270104166671 1927.3000000000002 37967.30000000001 97.750000000000014 1691.3000000000002 839.05032638888895 1100.347840277778 1778.5500000000002 1678.1000000000006 22420.693718750004 10.675000000000002 488.78129515775555 1536.6000000000001 1.1355000000000002 1901.7999999999995 38.250000000000007 8.1750000000000025 0.11458333333333334 2116.9000000000001 3.0984998941421513 0.072916666666666671 1602.1500000000003 37669.750000000007 9.1750000000000025 31642.050000000003
decision_type=2 2 2 2 2 2 2 2 2 2 2 2 2 2 2 2 2 2 2 2 2 2 2 2 2 2 2 2 2 2 2 2 2 2 2 2 2 2 2 2 2 2 2 2 2 2 2 2 2 2 2 2
left_child=1 2 7 10 5 6 -3 8 18 35 15 -5 13 30 40 -2 41 -18 19 20 -1 31 38 -24 -25 50 -27 46 29 34 -10 32 36 -34 -29 -9 42 48 -13 -28 44 -16 -19 -38 -14 -37 -26 -42 51 -48 -12 -7
right_child=3 4 -4 11 -6 37 -8 9 12 -11 25 22 14 -15 16 -17 17 21 -20 -21 -22 -23 23 24 27 26 39 28 -30 -31 -32 -33 33 -35 -36 45 43 -39 -40 -41 47 -43 -44 -45 -46 -47 49 -49 -50 -51 -52 -53
leaf_value=-0.00015341418599508505 2.2758323865652756e-05 0.001066839276325647 -0.00051793912445205438 -2.9405623198428457e-06 -9.6470321514069006e-06 0.0012095144988218899 -7.4113078349972135e-06 2.7545767921274047e-06 3.3887220003251086e-06 -7.4997639876729158e-05 -0.00029528573240477301 2.8926755316249635e-06 8.0449752152996978e-05 0.0014956489415560276 -0.0001193615213714762 -8.1873008683167988e-05 -0.00061476673349865373 0.00089872332424048465 -7.2866996610644952e-06 0.0014781963055273306 0.00010144092235184519 -6.3628865861680852e-05 4.329759540439366e-06 -3.7113568787020758e-06 -2.5231314112229358e-07 1.1601811695506243e-06 -2.3930963790642668e-05 -4.1327716232834885e-08 5.7931125050004705e-06 2.9682370977470378e-06 -0.00071623749983491412 -0.0010768427904807943 -0.0011049242257733338 3.8024466557083949e-05 -2.2136747730147743e-06 0.00032440275379622032 3.9653249675048778e-06 0.00032862870369135293 -3.6365660589639262e-08 -0.00075275740795203083 -0.0017852018256133452 0.00046361379029047285 -5.44978869816469e-05 0.001277840211371228 -0.00016198888926617337 5.6178580880195225e-05 -2.0216801468543097e-05 -0.00052785526082725208 0.0015856806799571938 -4.7277840297898365e-06 -0.00093449857753362788 0.0015871451262074298
leaf_weight=22 34 32 31 25 39 21 32 36 25 20 29 21 21 32 20 20 34 21 35 34 28 20 32 25 29 27 23 23 26 21 25 20 28 30 20 33 21 20 22 22 38 30 39 26 21 22 20 30 21 22 20 20
leaf_count=22 34 32 31 25 39 21 32 36 25 20 29 21 21 32 20 20 34 21 35 34 28 20 32 25 29 27 23 23 26 21 25 20 28 30 20 33 21 20 22 22 38 30 39 26 21 22 20 30 21 22 20 20
internal_value=-0.000425072 -0.000113269 -0.000512129 -0.00105206 0.00148649 0.00219178 0.00078125 -0.00035865 -0.0006 0.000945946 -0.0022 -0.00034965 -0.000904366 0.000487805 -0.00119048 -0.000555556 -0.000743945 -0.00110879 0.000630252 0.00142857 0 -0.000658537 -9.57854e-05 -0.000458716 -0.000860215 -0.00293388 -0.00194444 -0.000465839 0.000444444 -0.000625 -0.0008 -0.000351351 -3.0303e-05 -0.00137931 -0.00197674 0.00159341 0.000700935 0.00329268 0.00174419 -0.00322222 -0.00236364 0.001 -0.000333333 0.00202128 -0.000952381 0.00263636 -0.00161972 -0.00323529 0.00403226 -0.00261905 -0.00438776 0.0047561
internal_weight=1388 927 742 461 185 146 64 711 600 111 175 286 481 82 399 54 289 239 119 84 50 205 261 218 186 121 72 161 90 64 50 185 165 58 43 91 107 82 43 45 110 50 60 47 42 55 71 68 62 42 49 41
internal_count=1388 927 742 461 185 146 64 711 600 111 175 286 481 82 399 54 289 239 119 84 50 205 261 218 186 121 72 161 90 64 50 185 165 58 43 91 107 82 43 45 110 50 60 47 42 55 71 68 62 42 49 41
is_linear=0
shrinkage=0.005


Tree=58
num_leaves=51
num_cat=0
split_feature=41 70 93 16 72 95 84 65 14 14 2 72 16 44 8 3 87 29 46 73 88 88 19 2 21 2 83 19 97 10 22 19 78 10 21 22 14 71 43 16 16 5 19 5 71 22 80 2 78 44
split_gain=10.8145 7.43846 12.1255 12.5107 10.877 11.387 11.6973 10.2694 7.46009 14.0118 7.00628 7.00042 12.8692 8.27623 6.39459 6.27982 9.81252 6.11212 5.37679 8.50006 5.33474 5.33017 7.05749 8.45344 8.04692 11.6864 8.11189 6.44724 8.55792 6.31555 8.25258 10.8647 7.1528 7.04381 10.2894 5.27159 5.25155 5.0625 4.59188 4.3753 7.01223 13.6662 11.9023 5.39834 4.70212 5.27344 5.37217 4.26667 3.91003 2.54545
threshold=116.00000000000001 1045.6005000000002 422.50394736842111 4309.7500000000009 1195.8875000000003 1.0000000180025095e-35 1498.3144270833334 26727.500000000004 18363.100000000002 17254.300000000003 2165.7500000000005 1409.1010000000003 6421.8000000000011 3.4930000305175786 417.59250000000009 13417.050000000001 0.15625000000000003 94.750000000000014 103.40500259399415 687.30000000000007 7050.978958333334 17451.242083333334 782.05000000000007 2807.9500000000003 28.975000000000005 2601.3500000000004 1351.5000000000002 966.75000000000011 0.30208333333333343 41970.850000000006 89.750000000000014 1605.8500000000001 519.68573263888902 38446.55000000001 27.125000000000004 91.250000000000014 15426.050000000001 1100.5000000000002 85.405002593994155 5023.0000000000009 5454.7000000000007 6165.3450000000003 503.05000000000007 4553.2050000000008 1764.1225000000002 90.750000000000014 32482.772222222226 2709.3500000000004 1348.6250277777781 3.0824999809265141
decision_type=2 2 2 2 2 2 2 2 2 2 2 2 2 2 2 2 2 2 2 2 2 2 2 2 2 2 2 2 2 2 2 2 2 2 2 2 2 2 2 2 2 2 2 2 2 2 2 2 2 2
left_child=1 2 3 7 5 6 18 20 9 10 -6 21 13 -13 48 16 47 39 19 -3 -1 22 23 24 25 26 -5 38 29 30 33 -32 -31 34 -29 36 -25 -11 -24 43 -41 42 -42 -17 45 46 -44 -12 -7 -9
right_child=-2 4 -4 11 8 14 -8 49 -10 37 15 12 -14 -15 -16 17 -18 -19 -20 -21 -22 -23 27 35 -26 -27 -28 28 -30 32 31 -33 -34 -35 -36 -37 -38 -39 -40 40 41 -43 44 -45 -46 -47 -48 -49 -50 -51
leaf_value=-0.00076147237771879614 -0.0011812032630860831 0.00032278074002723925 0.00051593402519832944 1.8018280227446837e-05 -0.00010197438952666111 0.0019554334168973911 -0.00041870395459386606 -0.00018696968616076397 2.5753570665401045e-06 -1.7841462882711332e-05 3.8383030596654447e-06 -0.0011595503311202684 2.9224845736351885e-06 -0.00025719129160729575 0.00062253047557931447 -4.4391791439773524e-06 -7.1734207173166007e-05 -4.1284425873552648e-06 -1.7792410622045255e-05 -2.4608828515740221e-06 0.00010622092866055047 -0.00014433602653372504 0.00037928655617339602 -9.2478247825386885e-06 0.0013974483835483054 4.4048157297294021e-05 -0.0014688549994875269 9.377487942806245e-05 -0.0012173374137874661 -0.00012709172675373086 8.6706702713750599e-05 -0.0005697476405213069 0.00047259407633148205 0.032044035645172449 -4.4542745624028064e-05 -3.5088429375781127e-06 -0.00079885439484777936 -1.1739844664709019e-06 5.0537591547670142e-05 4.8566054045263797e-05 -4.4254428448455422e-06 -2.6175825293628153e-06 -1.6605656418870839e-06 3.7362407510388284e-06 9.6966939029429645e-07 5.7787999078823621e-06 1.454121503862537e-06 6.645988907617635e-05 0.00087882580974391793 -0.0014852194034897087
leaf_weight=21 39 33 21 21 20 31 22 22 33 32 30 38 24 20 24 31 27 20 37 31 26 27 23 31 20 28 38 28 23 25 34 27 22 21 26 26 37 32 25 23 30 23 26 24 26 30 29 30 23 28
leaf_count=21 39 33 21 21 20 31 22 22 33 32 30 38 24 20 24 31 27 20 37 31 26 27 23 31 20 28 38 28 23 25 34 27 22 21 26 26 37 32 25 23 30 23 26 24 26 30 29 30 23 28
internal_value=-0.000353026 -0.000277984 -0.000645161 -0.000763994 9.74513e-05 0.00106965 0.000121951 -0.00242268 -0.000321888 -0.000496536 -0.000121951 -0.000478723 -0.00182927 -0.00310345 0.0025641 4.29799e-05 0.0012069 -0.000343511 0.000841584 0.00171875 -0.000744681 -0.000248963 -0.000120879 -0.000820896 0.000140187 -0.000517241 -0.00177966 0.000433071 4.85437e-05 0.000409836 0.000955882 -0.000409836 -0.00117021 0.00206667 0.00111111 -0.00191489 -0.00264706 -0.00265625 0.00208333 -0.000123967 0.000240642 -0.000121951 0.000460993 -0.00136364 0.00121622 0.000647059 -0.000272727 0.00233333 0.00351852 -0.004
internal_weight=1388 1349 682 661 667 201 123 97 466 433 369 564 82 58 78 349 87 262 101 64 47 482 455 201 107 87 59 254 206 183 136 61 47 75 54 94 68 64 48 242 187 164 141 55 111 85 55 60 54 50
internal_count=1388 1349 682 661 667 201 123 97 466 433 369 564 82 58 78 349 87 262 101 64 47 482 455 201 107 87 59 254 206 183 136 61 47 75 54 94 68 64 48 242 187 164 141 55 111 85 55 60 54 50
is_linear=0
shrinkage=0.005


Tree=59
num_leaves=53
num_cat=0
split_feature=81 20 22 59 88 88 66 68 33 96 17 84 100 8 89 70 10 20 19 27 8 43 14 14 20 43 44 97 22 3 35 70 14 83 43 92 32 35 3 100 68 62 67 37 66 3 62 7 32 92 3 27
split_gain=8.48742 9.32181 8.61868 11.4461 7.789 9.21699 6.95297 11.1473 11.7064 10.4786 9.34566 8.74216 8.51409 7.17405 8.88934 6.88817 6.7168 7.51266 8.39774 6.64522 6.48746 6.47271 6.08342 10.7346 7.74384 5.86227 9.75238 6.66667 5.81731 5.73019 5.56028 5.36768 6.68406 5.85104 6.90435 7.05845 6.72178 6.48454 5.33769 5.26627 5.10187 7.6155 6.48 5.00961 4.92196 4.9 4.68715 4.40348 3.77912 3.01882 2.65359 2.5
threshold=3486.0098714538781 179.50000000000003 85.750000000000014 -0.68301270189221952 2445.3708333333338 2823.9337499999997 1682.5500000000002 1430.9115000000004 48.750000000000007 1.0000000180025095e-35 230.35000000000005 338.91555208333341 0.58680555555555569 418.7917034139403 1461.5579062500001 1045.6005000000002 41294.450000000004 1617.45 726.50000000000011 21.250000000000004 399.92000000000002 82.625000000000014 17489.700000000001 20151.200000000004 1440.2 100.63500213623047 3.7889999151229863 0.44791666666666669 89.750000000000014 10077.400000000003 25.125000000000004 962.50000000000011 12094.800000000001 2742.4000000000001 78.069999694824233 21311.716506250003 146.50000000000003 24.925000000000004 15326.750000000002 0.46180555555555564 1196.7500000000002 941.40000000000009 34294.100000000013 98.250000000000014 674.72900000000016 14364.85 1778.4500000000003 171.10000000000005 256.75000000000006 24747.36095625001 14594.85 83.750000000000014
decision_type=2 2 2 2 2 2 2 2 2 2 2 2 2 2 2 2 2 2 2 2 2 2 2 2 2 2 2 2 2 2 2 2 2 2 2 2 2 2 2 2 2 2 2 2 2 2 2 2 2 2 2 2
left_child=2 15 43 -4 -3 -6 7 8 11 10 31 -7 22 14 46 -2 17 18 -14 49 -5 -20 25 24 50 26 27 45 -15 -22 47 -9 -33 34 35 -34 37 -36 -12 44 41 42 -32 -1 -25 -10 -8 -21 -23 -13 -24 -16
right_child=1 4 3 20 5 6 13 9 12 -11 38 19 16 28 51 -17 -18 -19 21 30 29 48 23 39 -26 -27 -28 -29 -30 -31 40 32 33 -35 36 -37 -38 -39 -40 -41 -42 -43 -44 -45 -46 -47 -48 -49 -50 -51 -52 -53
leaf_value=0.0020730322418193981 -0.0011794750102561554 -0.0012214489007429791 -0.00020582599617649367 0.00067286849927458757 2.7484287283024524e-05 -0.00097825936409465307 2.190409489924192e-10 -0.00064790328550902985 -3.9212443922214448e-05 -0.0025137131595827943 8.500574655559603e-06 3.2768213220290086e-05 -1.0568128693533999e-05 3.7735055796534003e-05 2.1471556263942262e-06 -5.1818010404692372e-07 -0.00015228128912483623 -0.0007140707439078982 0.0032559035962321072 0.0016709223669738743 -8.2865345899114934e-05 0.00091023238358434405 -0.00030691961914622567 0.00089186673723762495 -2.3445261139590178e-06 0.00013311666068773067 -0.00040986654181877615 -0.0001525787132443622 -6.5580128895775223e-10 0.00082291975698843816 -4.5888164206893971e-05 -0.0006173882034358429 -8.2349896614987368e-06 0.00014465774242484924 -1.392771608081958e-06 1.9429927136676365e-06 3.9708409868651321e-07 -1.7697018352502918e-05 -4.2461882071574077e-06 -6.177649345077533e-05 -2.7182240450130338e-05 0.00051335435507233779 8.8738653802458065e-06 1.0855245353298302e-06 -5.0663939412477359e-05 1.6678920478655356e-05 -1.7218155428745961e-06 0.00047212750444643268 -2.0232639163180311e-05 -0.00010504573224263947 -0.00094087774576336351 2.264150504444848e-06
leaf_weight=31 38 29 30 31 23 26 38 35 20 23 27 21 38 32 20 23 24 20 23 24 21 22 34 27 25 32 20 24 20 25 25 23 21 23 31 37 25 38 24 33 21 29 25 20 21 20 33 23 21 20 29 20
leaf_count=31 38 29 30 31 23 26 38 35 20 23 27 21 38 32 20 23 24 20 23 24 21 22 34 27 25 32 20 24 20 25 25 23 21 23 31 37 25 38 24 33 21 29 25 20 21 20 33 23 21 20 29 20
internal_value=-0.000331412 -0.000471545 0.000759494 -4.6729e-05 -0.000372113 -0.000307018 -0.000371531 -0.000534591 -0.000162287 -0.00131922 -0.00105634 0.000794393 -0.000635104 0.000582822 -0.000135135 -0.00237705 0.000337838 0.000806452 0.00134615 0.00117021 0.000974026 0.00242424 -0.00114035 -0.00174556 -0.00295455 -0.000258621 -0.000952381 0 0.00211538 -0.000217391 0.00166667 -0.00148069 -0.00116162 -0.000828571 -0.00118421 0.000172414 -0.00202128 -0.00282609 0.000882353 -0.000432099 0.001 0.00158228 0.0004 0.00245098 0.000625 0.00125 -0.00119718 0.00308511 0.00127907 -0.000609756 -0.00388889 0.00175
internal_weight=1388 1230 158 107 1169 1140 1117 954 647 307 284 214 433 163 111 61 148 124 104 188 77 66 285 169 88 116 84 64 52 46 147 233 198 175 152 58 94 69 51 81 100 79 50 51 48 40 71 47 43 41 63 40
internal_count=1388 1230 158 107 1169 1140 1117 954 647 307 284 214 433 163 111 61 148 124 104 188 77 66 285 169 88 116 84 64 52 46 147 233 198 175 152 58 94 69 51 81 100 79 50 51 48 40 71 47 43 41 63 40
is_linear=0
shrinkage=0.005


Tree=60
num_leaves=54
num_cat=0
split_feature=32 63 83 97 72 53 28 21 3 53 40 11 14 46 31 94 60 38 39 38 97 32 6 67 42 10 19 29 2 60 11 20 39 83 100 31 14 43 87 94 57 21 3 13 13 39 2 42 11 17 60 72 29
split_gain=9.86326 9.8063 8.78858 8.36397 14.9035 12.264 10.5123 11.5612 10.1618 9.48578 8.3856 8.30305 7.86602 7.45957 8.14383 6.63238 9.43499 6.39611 9.13046 7.35468 6.59929 6.32473 6.17261 7.50223 5.97167 6.08923 5.77458 6.55993 9.69941 6.11247 10.2328 8.53482 8.74525 8.56307 7.50183 6.3455 5.42508 5.26693 9.38776 5.18117 4.9 4.50833 3.88658 3.80581 3.77143 3.74657 3.53277 4.92152 3.33793 2.89943 2.7571 2.62811 2.24794
threshold=23.500000000000004 34303.000000000007 115.50000000000001 0.19791666666666671 1503.4000000000003 1.5000000000000002 21.025000000000002 27.875000000000004 14715.200000000003 2.5000000000000004 67.250000000000014 38382.350000000006 18778.650000000005 104.70499801635744 10.575000000000001 795779.17301250028 931.92050000000006 7.8250000000000011 200.75000000000003 2.6750000000000007 0.80208333333333337 206.50000000000003 5913.1750000000011 27599.850000000002 139.87500000000003 34700.750000000007 2335.4500000000003 77.750000000000014 3001.9500000000003 1524.6500000000003 36930.900000000001 865.10000000000014 146.75000000000003 1845.8000000000013 0.045138888888888895 7.625 13787.850000000002 67.465000152587905 0.072916666666666671 583975.1046809376 -0.56174490092936669 19.325000000000006 14403.85 10458.950000000003 4698.8000000000011 191.75000000000003 3523.3500000000004 103.77500152587892 43700.500000000007 119.05000000000001 997.60000000000014 1489.3425000000004 85.250000000000014
decision_type=2 2 2 2 2 2 2 2 2 2 2 2 2 2 2 2 2 2 2 2 2 2 2 2 2 2 2 2 2 2 2 2 2 2 2 2 2 2 2 2 2 2 2 2 2 2 2 2 2 2 2 2 2
left_child=-1 2 -2 4 6 -6 10 9 24 13 -4 -3 22 14 39 17 -17 19 20 -5 37 43 -11 -24 25 -9 27 28 -21 31 36 34 42 -34 -29 -32 -31 -19 -39 -8 -40 -37 -33 -14 -20 -25 47 48 -13 -48 -7 -38 -41
right_child=1 11 3 15 5 50 7 8 -10 12 -12 46 21 -15 -16 16 -18 18 44 26 -22 -23 23 45 -26 -27 -28 29 -30 30 35 32 33 -35 -36 41 51 38 40 52 -42 -43 -44 -45 -46 -47 49 -49 -50 -51 -52 -53 -54
leaf_value=-0.00062153173009640774 -0.00054203193831214294 4.2762071935893858e-06 -4.750401955307123e-06 0.00026183082753011654 3.2164488149693501e-06 -0.0012590306347234855 -3.7482614499701847e-05 -3.116632739021656e-05 -6.4926759020356029e-05 0.00019694399578858515 0.0018601085773572498 -0.00025627337484105279 7.1723841510398418e-06 1.548474985400826e-06 2.5976699830391755e-06 4.4711740658316965e-06 -0.00015272495601291 -7.6241533398578098e-06 4.4138658547521308e-06 0.0016385755795287056 -8.901631085367099e-07 -5.3194834946816167e-05 1.4003247940896707e-05 -0.0017724190657929003 0.0028840106955516321 0.0013542117775601262 1.6431638769196855e-06 -2.242125249991766e-06 -1.857932219378739e-06 -8.6596467945525208e-07 1.3717142556379254e-06 -8.7052800300078631e-06 9.648576212002696e-06 -1.7455475274912465e-05 -0.00099932692598729837 -1.2227590849974088e-06 0.0012219365561385238 0.00012942742353190239 7.6343883157065041e-05 -0.0012669382238204992 -4.3392895537311154e-06 -6.0043845490753201e-06 -1.9222190212330577e-05 0.00054041314433911011 0.00068777898299222635 -6.1542628047335317e-05 -0.00022758363809248679 -9.5148265933183777e-05 -3.903153694440843e-05 4.572558063510805e-06 -0.00053628994309438841 3.4211797369023075e-06 -0.00085649638740910284
leaf_weight=34 25 24 20 37 25 36 22 20 30 26 21 29 20 36 25 20 23 20 27 24 37 27 26 21 24 29 28 24 31 27 36 22 21 20 28 23 20 34 20 39 20 24 20 21 28 20 21 30 20 22 26 23 30
leaf_count=34 25 24 20 37 25 36 22 20 30 26 21 29 20 36 25 20 23 20 27 24 37 27 26 21 24 29 28 24 31 27 36 22 21 20 28 23 20 34 20 39 20 24 20 21 28 20 21 30 20 22 26 23 30
internal_value=-0.000281385 -0.000214497 -6.6335e-05 -4.2337e-06 -0.000459559 -0.00235632 -9.84683e-05 -0.000336538 0.0011165 -0.000814696 0.00231707 -0.00143836 3.10559e-05 -0.00171053 -0.00232759 0.000384615 -0.00151163 0.000521886 0.00129032 0.000171569 0.000572519 0.00132353 -0.000913978 -0.00171642 0.00212329 0.00112245 -4.04313e-05 -0.000218659 0.00136364 -0.000520833 0.000163399 -0.0012963 -0.000301205 0.00134146 -0.00288462 -0.0010241 0.00157143 0.0012766 0.00189189 -0.00302198 0.00025 -0.00223404 -0.00190476 0.00256098 0.003 -0.00304878 -0.00196721 -0.00259494 -0.00357143 -0.000813953 -0.00354839 0.00267442 -0.00369565
internal_weight=1386 1352 1206 1181 544 87 457 416 103 313 41 146 161 152 116 637 43 594 186 408 131 68 93 67 73 49 371 343 55 288 153 135 83 41 52 83 70 94 74 91 40 47 42 41 55 41 122 79 49 43 62 43 69
internal_count=1386 1352 1206 1181 544 87 457 416 103 313 41 146 161 152 116 637 43 594 186 408 131 68 93 67 73 49 371 343 55 288 153 135 83 41 52 83 70 94 74 91 40 47 42 41 55 41 122 79 49 43 62 43 69
is_linear=0
shrinkage=0.005


Tree=61
num_leaves=54
num_cat=0
split_feature=70 20 45 61 13 74 3 81 42 38 2 67 17 2 44 17 4 82 40 79 38 89 5 73 2 19 4 19 13 23 4 38 20 2 40 20 19 61 5 46 38 45 5 27 44 3 57 40 20 13 81 38 19
split_gain=10.0399 10.2389 7.32212 6.61994 11.2192 11.0047 8.82507 6.38248 8.10863 7.30349 6.88324 7.54061 7.28223 7.66874 7.27351 6.96328 8.78271 6.59729 6.6163 6.41581 6.2209 6.03661 12.1 8.30392 12.9986 7.2523 9.12141 8.37197 6.41123 8.29374 8.73711 6.00714 5.82874 5.60841 9.84289 7.63348 6.00559 5.85835 5.56522 5.25952 5.0498 4.63806 4.59951 6.47005 4.50667 4.48473 4.22636 3.85333 3.65801 3.43027 3.25952 2.5 1.06531
threshold=955.63250000000005 2695.4500000000003 22712.500000000004 36230.400000000001 12747.100000000002 281.5213854166667 16349.628500000003 3614.5846981927657 96.850002288818374 2.6250000000000004 2758.3000000000006 28490.850000000002 40.550000000000004 3339.4000000000001 3.7005000114440922 66.350000000000009 8673.7000000000025 1375.9000000000003 93.250000000000014 217.67514637832036 7.4750000000000014 1678.60363125 7347.7800000000007 1.1355000000000002 3267.4500000000003 879.45000000000016 8480.465000000002 435.25000000000006 2451.9000000000005 97.250000000000014 9915.6000000000022 5.6250000000000009 2217.7000000000003 2518.6500000000001 68.250000000000014 1122.7500000000002 570.85000000000002 31551.150000000005 8171.0100000000011 103.43500137329103 6.4250000000000016 23477.500000000004 5362.880000000001 76.750000000000014 3.0984998941421513 14699.6 -0.22252093395631442 105.25000000000001 912.15000000000009 4063.4500000000003 4193.3419218890385 7.6750000000000016 868.70000000000016
decision_type=2 2 2 2 2 2 2 2 2 2 2 2 2 2 2 2 2 2 2 2 2 2 2 2 2 2 2 2 2 2 2 2 2 2 2 2 2 2 2 2 2 2 2 2 2 2 2 2 2 2 2 2 2
left_child=1 2 -1 4 21 -6 31 19 46 -10 32 -12 13 14 44 -14 17 18 39 -2 49 23 -23 24 25 26 -4 -28 -25 42 52 48 33 34 -11 -36 -35 40 -26 -17 -38 -20 -30 -44 -13 -7 -9 -27 -5 -21 -33 -48 -31
right_child=7 -3 3 6 5 45 -8 8 9 10 11 12 15 -15 -16 16 -18 -19 41 20 -22 22 -24 28 38 47 27 -29 29 30 -32 50 -34 36 35 -37 37 -39 -40 -41 -42 -43 43 -45 -46 -47 51 -49 -50 -51 -52 -53 -54
leaf_value=-0.0017589061853200861 -6.485612625038627e-06 -0.002057290585478684 -0.00017557738331176674 -4.2497678924000539e-05 -4.3502869753715383e-05 0.001466786364648172 1.3198582064001344e-05 -2.8730058852908837e-06 0.00012158284323581795 -2.072039079073652e-05 4.0631356513645951e-06 6.1783353558599691e-06 -0.00021527633324947302 7.4790216919902986e-05 0.00065384364524792571 -1.5515057202822399e-06 0.0030456331838990946 -4.9503197548188775e-05 4.8146623637727841e-07 -0.00019375146498198112 0.0012274866586647756 0.000754658574171196 -0.00030302350300635264 6.5628352188293898e-06 -4.7562770365057462e-06 0.0015159123172292992 0.0025969825271214271 -0.00028781024912674842 -0.00089802943274213494 -0.0016793792457555344 -0.0001526859709853981 -8.5543399313189479e-05 -1.2113891440413652e-05 -1.2296170550397698e-05 0.00012488304321631679 -6.028990184895385e-08 -1.0458083197732558e-06 2.01203520401815e-06 -0.0013312427739767107 3.0867216827745355e-06 -4.7509056821117014e-06 -2.119725921004979e-06 0.0006525926338366621 -4.6322143501581238e-05 -3.1283114224272285e-05 2.7887727985106207e-05 -0.0008269897481118332 3.3158972478801267e-06 8.8250842277421223e-07 9.4108030586691465e-05 -0.0011514169189702455 -8.7018498419231271e-06 -0.00059833999086737213
leaf_weight=24 21 33 33 20 26 22 27 37 34 25 34 24 27 27 25 20 23 32 23 23 34 20 20 22 23 30 29 31 22 29 23 20 22 25 30 33 27 25 23 28 20 33 21 31 25 29 20 20 22 21 28 20 20
leaf_count=24 21 33 33 20 26 22 27 37 34 25 34 24 27 27 25 20 23 32 23 23 34 20 20 22 23 30 29 31 22 29 23 20 22 25 30 33 27 25 23 28 20 33 21 31 25 29 20 20 22 21 28 20 20
internal_value=-0.00031746 -0.000771605 -0.000626016 -0.000516074 -0.000253165 0.00149351 -0.0015812 8.13008e-05 -0.000101721 0.000106762 -3.78788e-05 0.000420561 0.000156794 0.00123762 0.000405405 -0.000430108 -3.14465e-05 -0.000514706 9.61538e-05 0.00126263 0.00192308 -0.00059194 0.00125 -0.000798319 -7.93651e-05 0.000664336 -0.00016129 0.001 -0.00160714 -0.0019863 -0.00319444 -0.00233333 -0.000748792 -0.000459459 0.000454545 0.00150794 -0.00128866 -0.000555556 -0.0023913 0.00145833 -0.00159574 -0.00107143 -0.000810811 0 -0.000714286 0.00284314 -0.00162338 0.0022 -0.000952381 0.000681818 -0.00354167 -0.00275 -0.00438776
internal_weight=1386 648 615 591 474 77 117 738 639 562 528 321 287 101 74 186 159 136 104 99 78 397 40 357 189 143 93 60 168 146 72 90 207 185 88 63 97 72 46 48 47 56 74 52 49 51 77 50 42 44 48 40 49
internal_count=1386 648 615 591 474 77 117 738 639 562 528 321 287 101 74 186 159 136 104 99 78 397 40 357 189 143 93 60 168 146 72 90 207 185 88 63 97 72 46 48 47 56 74 52 49 51 77 50 42 44 48 40 49
is_linear=0
shrinkage=0.005


Tree=62
num_leaves=54
num_cat=0
split_feature=95 68 40 43 43 67 90 68 8 37 37 6 73 30 93 98 43 67 92 30 11 35 82 92 67 78 4 88 73 97 26 97 77 16 8 82 20 82 73 37 30 16 37 1 2 8 82 73 93 2 35 67 1
split_gain=7.78054 19.7272 13.5159 9.82254 14.3141 9.78183 11.3472 11.974 9.67528 9.94918 8.23373 9.54423 8.1 8.04492 6.79477 5.9859 8.2881 7.40738 7.05519 6.27411 5.79884 5.7353 8.01332 8.37276 6.92613 8.80671 6.43828 8.71668 9.14166 6.65764 8.74146 7.76268 7.05146 7.43507 8.73721 6.08001 5.8056 5.45071 5.24612 5.2288 5.00498 5.01953 4.96485 4.81114 4.37576 4.04739 3.95257 3.84 3.05608 2.89984 2.80731 2.52468 0.106977
threshold=1.0000000180025095e-35 1127.1000000000001 56.750000000000007 97.659999847412124 112.61000061035158 28030.750000000004 1682.5441500000004 1455.6000000000001 422.65881578947375 90.250000000000014 85.750000000000014 5238.9300000000012 1517.7500000000002 74.250000000000014 404.73980952380958 0.6840277777777779 82.180000305175795 31320.550000000003 22455.804018750005 76.750000000000014 38456.650000000001 26.175000000000004 -40.445499999999917 29587.068900000006 28771.550000000003 732.09925694444462 1586.6750000000002 5664.7331250000016 1152.6500000000003 0.15625000000000003 62.250000000000007 0.21875000000000003 4071.8274260034445 6240.9500000000016 414.1830263157895 -0.094999999999999959 2394.1000000000008 -85.733000000000047 0.98050000000000004 82.250000000000014 98.750000000000014 6240.9500000000016 46.750000000000007 14183.450000000003 3347.4000000000005 413.47486842105269 -146.97249999999994 719.17000000000019 415.27973684210531 3101.9500000000003 25.725000000000005 34086.200000000004 15161.100000000002
decision_type=2 2 2 2 2 2 2 2 2 2 2 2 2 2 2 2 2 2 2 2 2 2 2 2 2 2 2 2 2 2 2 2 2 2 2 2 2 2 2 2 2 2 2 2 2 2 2 2 2 2 2 2 2
left_child=2 10 5 21 37 -1 7 13 14 -10 47 -12 -11 -7 -3 16 18 -17 -16 -18 -20 22 46 24 -24 -26 -23 28 42 32 38 -32 33 35 -35 -29 43 -5 -31 -37 41 -19 -28 -27 -34 -40 -4 -2 50 -15 -8 -44 -52
right_child=1 8 3 4 -6 6 48 -9 9 12 11 -13 -14 49 15 17 19 40 20 -21 -22 26 23 -25 25 36 27 29 -30 30 31 -33 44 34 -36 39 -38 -39 45 -41 -42 -43 51 -45 -46 -47 -48 -49 -50 -51 52 -53 -54
leaf_value=1.7118976656895556e-05 0.0020530907524020157 -1.916051893436095e-05 -1.9111337770932755e-06 9.132687119787646e-06 -0.00041988942072115497 -0.00031946293979236178 -0.00066681242209873912 -0.0012677074128272911 -8.1389912887269466e-06 -4.7271511537011429e-06 -4.0888242493548393e-05 0.001412993716180162 1.8519565676038444e-06 -1.1853346221711986e-06 -7.8534832006680408e-07 2.0478692864635571e-06 0.00013342030351850927 1.9695751184260931e-06 4.6646054560366691e-07 -1.767674593616477e-05 1.5018571072287113e-05 5.3453872721711414e-06 0.00058718031502857655 -0.00017436086411602665 -2.0299484483650433e-05 5.1230222253083507e-05 -6.5437876364226742e-05 -0.0010692799584786675 4.7049986766580784e-07 0.0024324594711066143 0.0018338710639591404 -0.00023539909797191402 -0.00078987736386868445 0.00088831086187766864 -2.1684152583557322e-05 0.00066099959717678654 -0.00010348118201382661 0.00082967623066828981 2.1445758855242718e-05 -0.0010419237407548738 2.7484055037272032e-06 -1.6855918735967331e-06 -0.0010634514107652011 6.0381421482193111e-06 -3.3415305265250426e-05 -4.6816785430996121e-06 -0.00070734809236131652 0.0019183238246543713 -2.3137463269603738e-05 2.3177831419561218e-05 -0.0012376664059873959 -0.00010740354515201728 -0.030632478465363346
leaf_weight=35 25 32 23 21 26 21 20 23 21 20 20 34 20 25 39 26 23 28 21 37 20 22 20 32 31 29 20 26 29 22 22 38 33 23 31 22 22 26 21 34 28 29 27 25 22 20 22 24 27 28 20 28 23
leaf_count=35 25 32 23 21 26 21 20 23 21 20 20 34 20 25 39 26 23 28 21 37 20 22 20 32 31 29 20 26 29 22 22 38 33 23 31 22 22 26 21 34 28 29 27 25 22 20 22 24 27 28 20 28 23
internal_value=-0.00037518 0.000167785 -0.000633653 -0.000299861 0.00143836 -0.00171171 -0.00216578 -0.000979381 -0.000406977 -0.00221311 0.00208738 0.000740741 -0.00075 0 -1.76678e-05 0.000258964 -0.000428571 0.00112613 0.000625 -0.00183333 0.00207317 -0.000496894 0.000196078 0.00072327 0.00129921 0.000794393 -0.000818182 -0.000956938 -0.00221154 -0.000541401 0.000365854 -0.001 -0.00112565 -0.000514706 0.000925926 -0.00146341 0.00171053 0.00308511 0.00166667 -0.000535714 0.000411765 -0.000438596 -0.00313333 0.00259259 -0.00263636 0.000609756 -0.00166667 0.00357143 -0.00344444 0.00103774 -0.00404762 -0.00390909 -0.00476744
internal_weight=1386 447 939 717 73 222 187 97 344 61 103 54 40 74 283 251 140 111 80 60 41 644 204 159 127 107 440 418 104 314 123 60 191 136 54 82 76 47 63 56 85 57 75 54 55 41 45 49 90 53 63 55 43
internal_count=1386 447 939 717 73 222 187 97 344 61 103 54 40 74 283 251 140 111 80 60 41 644 204 159 127 107 440 418 104 314 123 60 191 136 54 82 76 47 63 56 85 57 75 54 55 41 45 49 90 53 63 55 43
is_linear=0
shrinkage=0.005


Tree=63
num_leaves=58
num_cat=0
split_feature=69 70 53 93 82 83 56 61 13 23 2 69 80 76 2 24 10 25 2 39 14 69 0 38 59 59 0 83 39 27 10 24 10 74 98 38 24 2 25 39 31 92 43 25 48 39 29 70 31 3 28 31 38 3 2 82 2
split_gain=12.3998 8.4234 8.35081 8.11945 7.35525 7.4765 7.24842 8.42344 11.9077 7.04702 6.97051 6.54594 6.54405 9.98715 13.7702 7.5648 8.44596 10.9376 6.63712 6.51393 8.73636 6.97022 8.7118 9.39619 6.68815 9.30404 6.36122 6.1166 6.10909 5.68725 5.61815 5.34186 5.4501 5.72554 8.16521 7.65826 6.85135 6.48 5.09697 4.80171 4.80159 4.78447 6.12781 4.71973 4.12208 4.06255 4.03081 3.79365 3.70553 3.6 3.42857 3 2.70941 2.5 2.37576 1.76282 0.951452
threshold=22337.600000000002 960.50000000000011 3.5000000000000004 422.65881578947375 1375.9000000000003 1815.4000000000017 -0.8783796973249266 36444.650000000001 13649.750000000002 89.750000000000014 2911.8000000000006 35595.700000000004 28461.162500000002 32511.221875000007 2911.8000000000006 7.2250000000000005 30858.750000000004 42.250000000000007 2386.3500000000004 217.75000000000003 19847.900000000005 31021.800000000007 27201.650000000005 10.025000000000002 -0.9330127018922193 -0.5 34775.600000000006 2112.0000000000023 141.75000000000003 90.750000000000014 35285.100000000006 4.6750000000000016 40077.500000000007 1193.973322916667 0.61458333333333348 9.6750000000000025 7.7250000000000005 3124.6500000000001 50.750000000000007 167.75000000000003 5.3250000000000011 23295.553075000007 76.780002593994155 149.75000000000003 1.0000000180025095e-35 141.25000000000003 87.750000000000014 1520.9655000000002 9.4250000000000025 15008.150000000003 24.825000000000006 5.4750000000000005 8.6750000000000025 12812.750000000002 2590.7000000000003 -0.20749999999999993 2552.5500000000006
decision_type=2 2 2 2 2 2 2 2 2 2 2 2 2 2 2 2 2 2 2 2 2 2 2 2 2 2 2 2 2 2 2 2 2 2 2 2 2 2 2 2 2 2 2 2 2 2 2 2 2 2 2 2 2 2 2 2 2
left_child=54 2 6 12 5 -5 9 8 19 -2 56 -9 18 14 15 47 17 -17 -3 21 24 22 44 53 -21 43 -10 30 -16 -11 52 -15 33 36 38 41 -33 -38 49 -13 -41 42 -36 -26 -8 -29 -18 -14 -20 -35 -7 -40 -23 -24 -1 -47 -4
right_child=1 3 10 4 -6 50 7 11 26 29 -12 39 13 31 28 16 46 -19 48 20 -22 27 23 -25 25 -27 -28 45 -30 -31 -32 32 -34 34 35 -37 37 -39 51 40 -42 -43 -44 -45 -46 55 -48 -49 -50 -51 -52 -53 -54 -55 -56 -57 -58
leaf_value=0.00043614321855954736 -0.00014508928673176395 0.00042635492112982356 -0.0017386764355519244 -7.3778645164605637e-06 -7.3585810487958967e-06 2.1715145560019727e-05 -3.5619004344812229e-05 -0.0014664208542030884 0.00015711816493046982 1.209368182734399e-05 -4.7111606798230806e-06 -0.0016167134351039948 2.9239408707012626e-05 -5.5119813025881569e-06 1.1382963958392177e-06 -0.00017313007602301977 -4.6473303100575665e-06 0.00023393200970945051 -0.00080375737418549758 -0.0001741304100385738 -0.00077198389702792748 -0.00021683929651404539 0.0006929044854828212 -0.00028347117247315315 6.2896478096153457e-06 -1.8421140034354469e-05 1.8860256192385314e-06 -0.00015280618512313035 2.6184651111335101e-05 3.1080014713166621e-06 4.2539420821352788e-06 0.00030813514491650904 -5.2827512204074857e-05 -3.2553721096528385e-06 -2.2551538089586399e-06 3.7758092687647696e-06 -4.7422384042494726e-05 -3.9948601954245822e-06 0.00096342281623258946 -9.3815404182164797e-05 7.4233664680003717e-06 -4.3082253542624226e-06 2.3235524263976651e-06 0.0011121925843717519 -0.0012499172237646792 -0.00064734905095156466 -6.1787444516812731e-06 1.2769092015017267e-06 -2.4561025000997628e-05 7.5607681478362717e-06 -9.6638703214378738e-07 0.00054863442381861268 -9.7212957981198333e-05 2.1440576778919349e-05 0.0019038726868159887 -0.0032579021472654824 -0.0012752217738414785
leaf_weight=20 23 26 21 20 28 21 20 23 25 26 21 20 31 34 27 26 25 22 24 21 22 21 20 22 20 21 37 22 28 27 33 24 25 20 22 25 25 25 24 24 21 37 25 26 22 26 21 24 22 20 21 24 20 20 24 22 20
leaf_count=20 23 26 21 20 28 21 20 23 25 26 21 20 31 34 27 26 25 22 24 21 22 21 20 22 20 21 37 22 28 27 33 24 25 20 22 25 25 25 24 24 21 37 25 26 22 26 21 24 22 20 21 24 20 20 24 22 20
internal_value=-0.000339105 -0.000424739 -0.000835913 -4.31034e-05 -0.00144444 -0.000483871 -0.000650685 -0.000866142 -0.000571429 0.000789474 -0.00258065 -0.00227273 0.000165017 0.000355805 0.00122549 0.000436242 -0.000425532 0.00104167 -0.00125 -0.000921788 9.09091e-05 -0.00137097 -0.000384615 0.000806452 0.000795455 0.00156716 0.00145161 -0.00208333 0.00336364 0.00179245 -0.00108108 -0.000181818 3.37838e-05 0.000239852 0.000685279 -0.000229358 -0.000945946 -0.002 0.00181818 -0.00146154 -0.000555556 -0.000952381 0.000106383 0.00282609 -0.00214286 -0.00314286 -0.00195652 0.00190909 -0.0023913 0.0005 0.000714286 0.00291667 -0.00231707 0.00225 0.00227273 -0.00395833 -0.00378049
internal_weight=1386 1342 646 696 90 62 584 508 420 76 62 88 606 534 204 149 94 48 72 358 110 248 104 62 88 67 62 144 55 53 74 330 296 271 197 109 74 50 88 65 45 84 47 46 42 70 46 55 46 40 42 48 41 40 44 48 41
internal_count=1386 1342 646 696 90 62 584 508 420 76 62 88 606 534 204 149 94 48 72 358 110 248 104 62 88 67 62 144 55 53 74 330 296 271 197 109 74 50 88 65 45 84 47 46 42 70 46 55 46 40 42 48 41 40 44 48 41
is_linear=0
shrinkage=0.005


Tree=64
num_leaves=51
num_cat=0
split_feature=70 72 72 44 74 100 91 44 81 11 19 37 13 29 23 2 2 2 39 0 38 19 19 70 38 73 8 8 37 63 0 19 30 35 91 81 77 68 92 0 29 61 81 73 8 30 23 88 39 25
split_gain=8.69182 15.3558 14.3213 12.1081 10.6552 10.424 9.93527 9.63596 8.6229 8.07583 7.83605 14.0326 7.25154 8.20639 9.58678 6.52549 6.3221 13.6881 8.23495 10.523 7.59696 8.33143 6.92308 6.80886 5.90056 6.38151 9.31431 10.0779 9.62374 7.61946 9.81797 8.45873 6.79233 6.30263 11.5726 5.71138 7.62328 5.70672 5.69546 8.38039 6.05378 5.33753 4.91741 4.06015 4.93867 3.93638 3.47037 2.61333 2.37576 2.05939
threshold=960.50000000000011 223.71250000000003 962.50000000000011 2.682000041007996 1231.8487604166669 0.73958333333333348 29083.456137500001 6.7005000114440927 4242.1054912683094 41128.000000000007 1020.7000000000002 98.750000000000014 4616.4500000000007 88.250000000000014 86.750000000000014 2110.2500000000005 3218.5500000000006 3101.9500000000003 230.75000000000003 34336.250000000007 9.7750000000000021 891.75000000000011 1114.7500000000002 0.9195000000000001 2.6250000000000004 1589.5000000000002 422.61828947368429 420.86052631578951 22.750000000000004 27833.500000000004 31498.850000000002 344.00000000000006 81.750000000000014 27.225000000000005 30840.253668750007 3888.9415635024466 3133.0239460643979 1425.8500000000001 24107.442118750008 32446.850000000002 84.750000000000014 38048.900000000001 4186.3610269798501 1144.9860000000001 399.35972222222227 60.750000000000007 96.250000000000014 5730.0437500000007 137.75000000000003 139.25000000000003
decision_type=2 2 2 2 2 2 2 2 2 2 2 2 2 2 2 2 2 2 2 2 2 2 2 2 2 2 2 2 2 2 2 2 2 2 2 2 2 2 2 2 2 2 2 2 2 2 2 2 2 2
left_child=1 6 3 -2 5 12 8 15 35 10 11 45 13 14 -3 -4 17 18 19 23 21 -18 -23 -8 -17 26 27 28 32 31 47 -30 -26 34 -32 36 -1 -36 39 -27 -40 -24 -42 44 -14 -5 -29 -31 -28 -46
right_child=2 4 7 9 -6 -7 16 -9 -10 -11 -12 -13 43 -15 -16 24 20 -19 -20 -21 -22 22 41 -25 25 38 48 46 29 30 33 -33 -34 -35 37 -37 -38 -39 40 -41 42 -43 -44 -45 49 -47 -48 -49 -50 -51
leaf_value=0.0025895523343460727 -3.4702604676819569e-05 3.3433856915500387e-05 -0.00051124307393708365 0.0028197181510537122 1.4253892214123926e-05 7.38624963566037e-06 8.2774759127673947e-05 -7.1045115129538571e-06 -7.7973096513435407e-06 -1.589995231028666e-05 0.0018712608394919417 -1.345760366735047e-05 -0.0007565463131938943 -0.00095170570400298802 -0.00081575886774958831 7.348196295411957e-06 -0.00020772219350265021 1.5226070440563651e-05 -0.00061411412958345185 -6.1452256671775895e-05 -0.000177341611546156 0.0019024099741281903 -0.0001234558211723974 -9.2005759241656779e-05 8.0028548834873463e-05 5.2573593281236301e-06 -7.1922327918191861e-05 0.00047070241935602851 -0.00030616978366560465 -0.00058211834121429603 3.090010693523644e-06 0.00013869801930313212 -6.2169120356290705e-06 -1.6121316345202956e-05 6.6272037423386715e-05 0.00043288866332865029 -3.678767699456868e-05 -1.0123207704142439e-05 9.6093515932588866e-07 3.956360370291583e-07 -2.0671735211170048e-06 4.036569972493497e-06 4.4791063055064278e-07 -0.00019927151132642936 -0.001748380403995017 0.0010540062516456144 8.0892585619724664e-07 -4.4337855795904871e-05 -2.117363119939653e-06 -0.00073039901159911746
leaf_weight=29 37 21 20 25 21 25 31 37 38 23 26 21 33 29 26 28 28 35 25 31 27 20 30 20 21 24 20 20 24 30 37 21 20 28 22 36 28 36 30 29 31 22 21 28 43 33 23 20 24 29
leaf_count=29 37 21 20 25 21 25 31 37 38 23 26 21 33 29 26 28 28 35 25 31 27 20 30 20 21 24 20 20 24 30 37 21 20 28 22 36 28 36 30 29 31 22 21 28 43 33 23 20 24 29
internal_value=-0.000367965 -0.00078626 6.83995e-06 0.00130303 -0.0017451 -0.00205128 -0.000175 -0.000371025 0.000954198 0.00203125 0.00261905 0.00183544 -0.00241627 -0.00118421 0.000106383 -0.000198488 -0.000724907 0 -0.00088785 -0.000121951 -0.00153543 -0.0009 0 0.00127451 -8.84086e-05 -0.000218295 -0.000578035 -0.000264901 -0.000637066 -0.00105505 -0.00153179 0.000777778 0.00158537 -0.000772358 -0.000157895 0.00177419 0.000789474 -0.00155172 0.000703704 0.00198113 -0.000121951 -0.000961538 -0.00115385 -0.0031203 -0.00357143 0.00310345 0.00197674 -0.0034 -0.00272727 -0.00430556
internal_weight=1386 655 731 165 255 234 400 566 131 128 105 79 209 76 47 529 269 142 107 82 127 100 72 51 509 481 346 302 259 218 173 45 41 123 95 93 57 58 135 53 82 52 52 133 105 58 43 50 44 72
internal_count=1386 655 731 165 255 234 400 566 131 128 105 79 209 76 47 529 269 142 107 82 127 100 72 51 509 481 346 302 259 218 173 45 41 123 95 93 57 58 135 53 82 52 52 133 105 58 43 50 44 72
is_linear=0
shrinkage=0.005


Tree=65
num_leaves=52
num_cat=0
split_feature=41 16 8 76 2 37 20 97 23 22 24 77 59 68 2 74 92 38 78 39 4 11 20 16 22 16 8 16 43 40 43 83 40 24 71 14 34 30 40 16 38 20 2 99 2 70 16 40 6 92 22
split_gain=12.2424 8.57408 9.12934 11.3017 11.0736 9.72195 10.6245 14.4048 11.0508 10.6515 9.3382 9.00178 11.1742 11.2814 9.18834 8.56577 9.33333 8.39064 8.37371 9.9066 7.54574 9.39062 8.51654 7.5287 7.18725 7.31645 8.21644 6.61765 5.96894 5.9508 5.93765 5.89481 8.46216 5.77816 5.75522 5.52053 5.44231 4.98463 4.5912 5.93644 9.97993 5.49826 5.16883 4.74797 4.58507 4.51879 4.18208 3.69141 3.6 3.47669 1.63902
threshold=115.25000000000001 3878.2500000000005 422.61828947368429 29269.847916666669 2890.2000000000003 15.000000000000002 619.30000000000007 0.15625000000000003 64.750000000000014 84.250000000000014 5.7750000000000012 4207.675939736263 -0.24999999999999994 1196.7500000000002 3166.0640000000003 1049.1252708333336 25552.734650000009 6.2750000000000012 916.67075000000011 118.25000000000001 9880.9200000000019 31515.150000000005 954.25000000000011 5890.7000000000007 82.250000000000014 4957.4000000000005 403.52684523809529 6194.1500000000005 83.279998779296889 43.750000000000007 79.634998321533217 2052.1999999999994 129.75000000000003 11.175000000000002 875.81000000000006 15679.150000000003 94.250000000000014 95.750000000000014 74.250000000000014 6421.8000000000011 8.8250000000000028 916.70000000000016 3241.7450000000003 0.42708333333333343 3060.2000000000003 1325.9045000000003 6370.7000000000007 95.750000000000014 10229.470000000003 25052.155837500006 86.250000000000014
decision_type=2 2 2 2 2 2 2 2 2 2 2 2 2 2 2 2 2 2 2 2 2 2 2 2 2 2 2 2 2 2 2 2 2 2 2 2 2 2 2 2 2 2 2 2 2 2 2 2 2 2 2
left_child=1 18 3 4 20 34 7 8 -7 -9 -11 24 30 27 45 -4 -17 -16 28 -20 21 -3 23 -23 33 -26 -27 -14 47 -28 -13 -12 -33 -8 -5 -21 -2 -24 46 40 42 43 -40 -41 -43 -15 -31 50 -46 -10 -1
right_child=36 2 15 5 -6 6 11 9 49 10 31 12 13 14 17 16 -18 -19 19 35 -22 22 37 -25 25 26 29 -29 -30 38 -32 32 -34 -35 -36 -37 -38 -39 39 41 -42 44 -44 -45 48 -47 -48 -49 -50 -51 -52
leaf_value=-0.0021785804241287545 -0.0022674010131418332 -0.00040857208796672603 1.4900099101223087e-06 -4.640970135776788e-07 0.0019092287067460822 2.758812688248946e-06 3.1513919309731703e-06 0.00029736068142172714 -0.0012092757270247177 -0.00081747546698374542 3.760651865576774e-06 -5.3195225812298407e-05 0.0019841332094158266 -0.0011732563015672956 4.7375038497700519e-06 -7.8229283054506511e-07 -6.6253480538521393e-06 -5.1509260516937122e-06 -0.0005593450085105686 -1.498682872581586e-05 0.00091873780319910476 0.00013081594540064568 0.00012360360900650624 -9.3032145346111001e-06 0.00039713699980061727 0.0012445512538255157 -6.8435173746524727e-05 -5.8650258459059507e-07 -1.2133477877596114e-06 1.4182622753053306e-05 -0.029768765729256987 -7.6692433928364273e-06 5.1567527580009474e-05 -1.2762528276339224e-05 0.00058336553375888732 4.9767670111793779e-05 -1.7975289217408093e-05 5.6230833223347125e-06 -2.2854035893068931e-06 1.3565610142688524e-06 0.00011198525422845831 3.0626582324094189e-06 -7.1388102170810781e-05 0.002498125289446949 -0.00014160771536727524 -2.3598906533453717e-06 -1.2484384276040685e-06 -4.8422953201258923e-05 0.00046193331651146839 -0.00084524931925041794 -0.0015581237961741756
leaf_weight=21 27 36 26 21 22 20 37 26 38 23 30 34 32 20 26 35 25 20 23 27 30 23 20 21 28 21 33 36 28 37 28 26 21 35 36 29 22 23 34 23 32 27 27 25 20 31 20 23 20 32 20
leaf_count=21 27 36 26 21 22 20 37 26 38 23 30 34 32 20 26 35 25 20 23 27 30 23 20 21 28 21 33 36 28 37 28 26 21 35 36 29 22 23 34 23 32 27 27 25 20 31 20 23 20 32 20
internal_value=-0.0003 -0.000210955 -5.9322e-05 6.39854e-05 0.00122857 -0.00015778 -0.000290023 -0.00125 -0.00277778 -0.00015873 -0.0009 3.09598e-05 -0.000770925 -9.09091e-05 -0.00118557 -0.00162791 -0.00266667 0.000434783 -0.00125731 -6.32911e-05 0.000751634 0.000203252 0.00109195 -0.000454545 0.000465394 0.000763689 0.000548589 0.00147059 -0.00228261 0.00033557 -0.00258065 -6.49351e-05 -0.00117021 -0.000972222 0.00184211 0.00107143 -0.0027551 0.00267442 0.000584906 0.000240385 -0.000698925 0.001 -0.00188525 0.00229167 7.46269e-05 -0.00264706 0.00184211 -0.003125 -0.001 -0.00371429 -0.00402439
internal_weight=1400 1351 1180 1094 175 919 862 216 90 126 100 646 227 165 97 86 60 46 171 79 153 123 87 44 419 347 319 68 92 298 62 77 47 72 57 56 49 43 265 208 93 115 61 48 67 51 57 64 40 70 41
internal_count=1400 1351 1180 1094 175 919 862 216 90 126 100 646 227 165 97 86 60 46 171 79 153 123 87 44 419 347 319 68 92 298 62 77 47 72 57 56 49 43 265 208 93 115 61 48 67 51 57 64 40 70 41
is_linear=0
shrinkage=0.005


Tree=66
num_leaves=55
num_cat=0
split_feature=51 87 37 76 7 37 68 36 44 75 90 40 16 40 82 21 24 3 75 3 83 3 36 6 72 37 3 13 13 75 39 39 82 91 29 86 24 6 29 40 44 24 35 30 86 83 6 29 40 7 1 24 29 3
split_gain=7.43122 7.05333 6.72727 9.27772 7.75532 7.40768 7.28636 10.229 8.75985 9.80404 7.25123 9.71871 9.7908 9.38159 10.1722 8.36123 8.23722 8.21778 8.03827 7.69824 7.10331 8.56577 7.03769 6.58662 6.56251 6.50263 8.63194 10.9191 6.47978 6.39461 8.03912 7.14742 5.91438 7.59997 5.9091 8.83275 5.86854 9.71875 5.76279 5.63333 5.57223 5.76416 5.54326 5.43763 5.25974 4.38863 3.12567 3 2.81577 2.77778 2.5 2.40217 3.01254 2.36358
threshold=1.0000000180025095e-35 0.30208333333333343 15.000000000000002 23861.184375000004 31.645000000000003 4.0000000000000009 1.1355000000000002 79.750000000000014 2.5089999437332158 338.53510041332436 1570.7884500000005 133.75000000000003 6317.8000000000011 77.250000000000014 -39.016499999999944 16.725000000000005 7.2750000000000012 14925.250000000002 676.52710163964014 14738.85 1637.1000000000024 14730.850000000002 86.750000000000014 5486.505000000001 1104.7000000000003 89.750000000000014 14678.150000000001 2163.2500000000005 7685.2500000000009 608.36575189988309 214.25000000000003 201.25000000000003 0.0095000000000000102 30508.738306250001 83.750000000000014 500.18050000000005 8.9750000000000032 6029.9400000000014 79.250000000000014 146.75000000000003 2.773999929428101 9.6750000000000025 24.075000000000006 94.750000000000014 0.78700000000000003 2541.3999999999983 6233.7450000000008 81.750000000000014 88.750000000000014 45.185000000000009 17098.647500000003 11.375000000000002 86.750000000000014 14364.85
decision_type=2 2 2 2 2 2 2 2 2 2 2 2 2 2 2 2 2 2 2 2 2 2 2 2 2 2 2 2 2 2 2 2 2 2 2 2 2 2 2 2 2 2 2 2 2 2 2 2 2 2 2 2 2 2
left_child=2 -2 4 -4 5 -1 8 25 20 22 13 12 32 14 -9 -16 -13 -14 19 36 -5 -22 -10 53 45 26 42 -28 47 30 38 -31 33 51 -34 -36 49 -38 -30 50 -27 -42 -8 -24 -25 -21 -18 -11 -44 -15 -23 52 -12 -17
right_child=1 -3 3 6 -6 -7 7 10 9 28 11 16 17 18 15 23 46 -19 -20 24 21 39 43 44 -26 40 27 -29 29 31 -32 -33 34 -35 35 -37 37 -39 -40 -41 41 -43 48 -45 -46 -47 -48 -49 -50 -51 -52 -53 -54 -55
leaf_value=4.1755566078621595e-07 -0.00088480584707141682 -0.0032043941127069225 0.0010511063518024372 3.5176868339605525e-05 -4.7843396989837888e-06 0.00088728756435818318 4.1542729809551064e-07 -0.00022484443444354982 -0.00017193444030568259 0.0012827230756166524 -0.00038846556294778984 -4.2800618853412048e-06 8.1136648990225578e-05 -7.5882009759279367e-06 -3.8435716068839056e-06 1.2649299586902155e-05 4.3848474973008919e-05 -3.0920548318112172e-06 2.0809510858301609e-06 -1.3511627733333245e-05 4.9190551345425908e-06 -0.00015163553384504701 0.00085779171460825224 4.8879057861111482e-05 4.6966463692057943e-06 -6.7517276187686037e-06 -1.1245984457913546e-05 4.0425046822938439e-06 0.00039276399864587397 -3.8919288221272042e-05 -5.0680170817753181e-06 2.4846489623624202e-05 -0.0013736322703440014 -1.3275463576692193e-06 -0.00080383470462710082 6.126815926587502e-06 -0.00030386980048755429 8.7321311434383829e-05 0.0005544456159123362 -2.8073205738891249e-05 0.00014355659133994159 -8.632495235032026e-06 6.4417191675929081e-06 -3.6104704555326277e-05 -5.5646820757028355e-06 -0.0013527235325041748 5.2670300660433447e-07 0.0012040797379979107 0.00017524335121728762 -0.00046517860046345707 -0.0013136858941890234 -0.00070763338321501836 -7.8205424605109652e-06 0.00013181078985046864
leaf_weight=21 30 20 23 25 25 26 21 34 25 24 36 29 20 20 34 30 20 25 39 26 26 20 21 20 36 26 33 34 27 20 33 23 34 23 20 21 29 21 32 20 23 21 20 20 35 20 21 24 23 25 20 31 22 23
leaf_count=21 30 20 23 25 25 26 21 34 25 24 36 29 20 20 34 30 20 25 39 26 26 20 21 20 36 26 33 34 27 20 33 23 34 23 20 21 29 21 32 20 23 21 20 20 35 20 21 24 23 25 20 31 22 23
internal_value=-0.000307143 -0.0022 -0.000237037 -0.000320814 0.00125 0.00244681 -0.000378486 -0.000620112 0.000222222 0.000742972 -0.000907781 -0.00149007 -0.00198276 -0.000459184 0.000397727 0.000985915 0.000142857 0.000111111 -0.00115741 -0.00161017 -0.000945946 -0.00162791 -0.000909091 0.00166667 -0.000487805 0.000373134 0.00103053 -0.000223881 0.0013388 0.000777778 0.00152174 -0.000813953 -0.00248663 -0.00321429 -0.0014 -0.000121951 -0.00257895 -0.0014 0.00262712 -0.00266667 -0.000857143 0.000227273 0.00234375 0.000365854 0.000454545 -0.00173913 0.00158537 0.00291667 0.00337209 -0.00388889 -0.00375 -0.0038764 -0.00327586 0.00292453
internal_weight=1400 50 1350 1278 72 47 1255 895 360 249 694 302 232 392 176 142 70 45 216 177 111 86 66 108 82 201 131 67 183 135 92 43 187 112 75 41 95 50 59 60 70 44 64 41 55 46 41 48 43 45 40 89 58 53
internal_count=1400 50 1350 1278 72 47 1255 895 360 249 694 302 232 392 176 142 70 45 216 177 111 86 66 108 82 201 131 67 183 135 92 43 187 112 75 41 95 50 59 60 70 44 64 41 55 46 41 48 43 45 40 89 58 53
is_linear=0
shrinkage=0.005


Tree=67
num_leaves=53
num_cat=0
split_feature=41 33 69 100 34 95 4 8 45 100 61 14 79 16 17 16 6 27 42 16 45 11 14 14 76 92 88 16 16 36 33 26 22 90 69 88 3 42 16 14 74 100 81 68 14 34 22 90 28 3 16 11
split_gain=8.80973 8.25673 7.90819 7.01075 6.93652 5.70355 7.86743 11.4453 9.89103 10.1464 10.8294 8.89668 8.7 9.66492 9.86942 7.74035 17.5245 12.1614 9.45892 8.28574 7.86726 9.01051 10.9057 10.042 7.54501 9.85075 7.09916 6.49554 6.26698 6.20817 8.22064 8.06411 7.08583 6.5801 8.14609 11.6326 7.14539 7.69231 6.64227 5.84261 5.46384 5.14348 4.9 4.72321 4.43386 4.26965 4.02042 3.5793 3.14608 3.07302 2.53524 2.5
threshold=115.25000000000001 226.25000000000003 22337.600000000002 0.44097222222222227 52.250000000000007 1.0000000180025095e-35 11191.485000000002 403.82742857142864 23742.500000000004 0.38541666666666669 36505.950000000004 9155.4000000000015 202.86935091819862 3878.2500000000005 1.55 6052.6000000000013 2827.7500000000005 86.250000000000014 117.07500076293947 6282.3500000000013 24787.500000000004 33426.600000000006 16698.700000000004 17691.150000000005 29813.255208333332 21378.272025000009 4460.0635416666673 5737.8000000000011 6813.8500000000013 82.750000000000014 6.7500000000000009 1.7500000000000002 91.750000000000014 2477.25135 32641.750000000004 4671.8943750000008 15054.344500000001 105.52500152587892 6176.1500000000005 12353.050000000001 867.45457291666673 0.58680555555555569 4287.9242798046653 1006.5000000000001 15679.150000000003 50.750000000000007 84.750000000000014 1645.2922500000004 28.175000000000004 14439.800000000001 2870.3000000000006 37446.650000000001
decision_type=2 2 2 2 2 2 2 2 2 2 2 2 2 2 2 2 2 2 2 2 2 2 2 2 2 2 2 2 2 2 2 2 2 2 2 2 2 2 2 2 2 2 2 2 2 2 2 2 2 2 2 2
left_child=1 2 4 -2 -1 6 11 -8 -9 -10 27 -4 48 40 -15 16 -7 19 26 -17 21 -20 45 -24 -21 -26 -18 -11 49 31 -31 32 -16 34 35 -32 46 -38 43 -33 50 -29 -43 -37 51 -23 -36 -12 -13 -27 -14 -41
right_child=3 -3 5 -5 -6 15 7 8 9 10 47 12 13 14 29 17 18 -19 20 24 -22 22 23 -25 25 28 -28 41 -30 30 33 39 -34 -35 36 38 37 -39 -40 44 -42 42 -44 -45 -46 -47 -48 -49 -50 -51 -52 -53
leaf_value=5.6965328952147957e-06 -1.8972920475637448e-06 0.0011332757033952795 5.9155145213066302e-06 -0.0022967945777029384 0.0014161906956959437 -2.6013059686986032e-05 0.0012196134893509905 -0.00079572556391129153 2.0438368069338686e-05 -0.0008645458122876076 -0.00018109441073791893 -1.6791508423776849e-06 -0.00027020256080777602 0.00078808471097047584 -0.00036619103283829857 -4.0650104511279604e-06 2.5473448442683068e-06 3.2163590080958492e-06 -0.00050215715777138822 -6.5610359386965009e-06 -2.4837202094952529e-06 3.7249041405532966e-06 -3.4936840761323137e-05 0.00012549473721330668 -1.6976766562450104e-05 6.504707945032481e-07 0.0010143351933090529 -5.3408441701497009e-06 -4.7557677583510866e-07 -0.00061527136826783303 -0.00054804432523032078 -6.6016502910424982e-06 5.9916077597926901e-06 -0.0011077035027667612 -2.8628399769251747e-05 9.9935310608688724e-05 -0.00025588928480800815 1.4556392805881117e-05 -1.265821056923581e-05 4.9665745456466155e-05 -1.9200853155228043e-05 0.01530471289746318 7.9903435114740568e-05 0.00022455905299506612 5.8800101529155583e-07 1.0384535984917959e-05 -0.001232597101509505 -5.0426769963664417e-06 -0.0018398839978099098 1.7056001686441206e-05 -0.0018029908433891471 0.00048876177816583254
leaf_weight=29 24 20 31 25 20 21 31 26 29 31 32 22 22 34 34 35 21 30 22 22 26 25 23 30 23 21 34 23 33 30 23 34 23 37 20 36 26 26 27 20 31 20 20 28 34 28 23 25 21 24 25 20
leaf_count=29 24 20 31 25 20 21 31 26 29 31 32 22 22 34 34 35 21 30 22 22 26 25 23 30 23 21 34 23 33 30 23 34 23 37 20 36 26 26 27 20 31 20 20 28 34 28 23 25 21 24 25 20
internal_value=-0.000264286 -0.000188749 -0.000236664 -0.00234694 0.00173469 -0.000312012 -0.000543981 0.000232068 -0.000194175 0.000222222 -0.000298013 -0.000837321 -0.000973154 -0.000804702 -0.000536842 0.000167464 0.000782609 -0.000585106 0.0012201 -0.00113924 0.000584416 0.00109375 0.00169811 9.43396e-05 -0.000528455 4.9505e-05 0.003 0.000744681 0.000897436 -0.000736961 -0.00119565 3.0303e-05 -0.00149123 -0.000894309 -0.000550239 0.000350877 -0.00163158 -0.000384615 0.00115385 0.000833333 -0.0024359 0.00166667 0.00275 0.00203125 0.00162162 0.00330189 -0.00313953 -0.00201754 -0.00313953 0.00211111 -0.00351064 0.00275
internal_weight=1400 1351 1331 49 49 1282 864 237 206 180 151 627 596 553 475 418 230 188 209 158 154 128 106 53 123 101 55 94 78 441 276 165 57 246 209 114 95 52 91 108 78 63 40 64 74 53 43 57 43 45 47 40
internal_count=1400 1351 1331 49 49 1282 864 237 206 180 151 627 596 553 475 418 230 188 209 158 154 128 106 53 123 101 55 94 78 441 276 165 57 246 209 114 95 52 91 108 78 63 40 64 74 53 43 57 43 45 47 40
is_linear=0
shrinkage=0.005


Tree=68
num_leaves=54
num_cat=0
split_feature=41 0 23 37 37 24 83 64 66 3 100 30 41 19 1 8 1 74 4 74 67 41 30 26 29 27 29 35 6 19 86 56 98 70 13 41 1 37 73 37 97 90 30 56 67 35 0 75 30 29 90 0 74
split_gain=8.62938 7.06341 7.55033 7.16495 8.64 8.12736 9.40787 8.87994 8.00285 7.3522 7.01075 6.21635 6.34399 5.69417 10.3317 6.94342 11.0847 10.49 9.11353 9.10662 8.77597 7.55038 9.09091 6.78185 10.3977 8.21987 8.20988 14.1709 6.50317 6.29119 10.201 7.60787 6.43042 7.09977 8.30792 6.77687 6.47947 5.98442 5.95667 8.78144 5.78756 4.99443 4.35374 4.29078 4.25806 4.11481 3.86551 3.80581 3.46901 3.43077 3.42857 3.34374 1.67828
threshold=115.25000000000001 26024.200000000004 75.250000000000014 16.250000000000004 8.7500000000000018 15.075000000000001 1515.4000000000017 1442.4635000000003 927.41650000000016 16642.289000000001 0.44097222222222227 0.75000000000000011 109.75000000000001 176.40000000000003 14155.150000000003 415.92919274537707 13619.250000000002 307.29959375000004 3391.1550000000007 1190.070135416667 34562.850000000013 61.250000000000007 76.250000000000014 2.7500000000000004 85.250000000000014 20.250000000000004 70.250000000000014 27.125000000000004 8065.7250000000013 532.60000000000002 868.45300000000009 1.0000000180025095e-35 0.46875000000000006 938.20000000000016 10239.550000000001 76.250000000000014 14973.025500000002 63.250000000000007 1184.4090000000003 81.750000000000014 0.093750000000000014 1384.5289500000003 76.750000000000014 1.0000000180025095e-35 27519.650000000005 25.475000000000005 34144.600000000013 392.90254017205922 93.750000000000014 88.750000000000014 2439.9994500000007 30826.550000000003 102.59842708333333
decision_type=2 2 2 2 2 2 2 2 2 2 2 2 2 2 2 2 2 2 2 2 2 2 2 2 2 2 2 2 2 2 2 2 2 2 2 2 2 2 2 2 2 2 2 2 2 2 2 2 2 2 2 2 2
left_child=1 2 -1 4 45 9 -7 8 -8 11 -2 -5 13 14 -13 23 19 52 21 -17 38 22 -19 24 -15 -26 27 -25 -29 30 31 40 33 34 43 -36 -34 -27 39 -20 -28 -37 -41 -31 48 -3 -23 -33 -4 -44 -43 -35 -18
right_child=10 3 44 5 -6 6 7 -9 -10 -11 -12 12 -14 15 -16 16 17 18 20 -21 -22 46 -24 26 25 37 29 28 -30 32 -32 47 36 51 35 41 -38 -39 -40 42 -42 50 49 -45 -46 -47 -48 -49 -50 -51 -52 -53 -54
leaf_value=2.3335387006516202e-05 -1.8878055873259264e-06 1.6560040693884196e-05 0.00013387439098096321 6.9434957787119418e-05 0.00067055776418053147 0.00018169246526571786 4.2029537672293621e-06 8.7188608394843483e-06 -0.00073080876117182555 -0.00020154501490743764 -0.0022853106048144238 -0.0009902796191003291 9.3241589945142431e-05 -0.00074968251070439229 2.0722473059457267e-05 0.00041879391168224244 -4.8227995971896391e-05 -5.0616509372551352e-06 -9.7437678546321655e-06 -1.0051440292901982e-05 -0.00053695102605835743 1.1508210036682248e-06 1.2688944943745501e-06 -0.00060760877549541987 -0.00053520074866035485 -6.125117138253601e-06 -7.7965254931541334e-05 -2.6303408444677942e-06 0.0013314706249656467 2.9425657804705111e-06 4.9688128045440342e-05 -8.1737239175379799e-06 1.2658766193814351e-06 0.00058799481553096795 -3.0851579538243465e-05 0.0025528882594408374 -6.1405722788811825e-06 0.0002944848776719519 -3.4715186760547875e-06 0.00022949011318524359 1.5479084216119544e-05 4.8507777451796314e-06 -5.0513750837417958e-06 -4.6759258678420654e-05 -0.0010333926143899618 -2.5557182137287616e-06 7.7651056081708172e-05 -0.00058957897702400261 -0.00026469601903149987 2.6991646566911001e-06 0.00053219744821149341 0.00062526074220316794 -0.0018813035253158984
leaf_weight=36 24 22 23 20 25 25 27 31 25 28 25 26 32 38 27 20 20 22 37 21 33 20 22 37 38 20 35 22 29 27 20 20 20 20 24 23 23 35 38 21 22 21 27 20 38 28 21 21 24 22 21 33 21
leaf_count=36 24 22 23 20 25 25 27 31 25 28 25 26 32 38 27 20 20 22 37 21 33 20 22 37 38 20 35 22 29 27 20 20 20 20 24 23 23 35 38 21 22 21 27 20 38 28 21 21 24 22 21 33 21
internal_value=-0.000285714 -0.000210955 -0.00136364 -9.7561e-05 0.0014 -0.000194805 0.00111111 0.000301205 -0.000961538 -0.000329513 -0.00234694 -0.000260059 -0.000315315 -0.000387797 -0.00198113 -0.000295405 -0.000855072 -0.00118421 -0.00081749 0.00158537 -0.00146067 0.000529412 -0.000909091 4.39367e-05 -0.000954198 -5.37634e-05 0.000342466 -0.00102273 0.000686275 0.000685714 -0.000254237 -0.000918367 0.00116379 0.00156085 0.000955882 0.00185393 -0.000581395 0.00118182 -0.000931034 -0.000327103 0.000263158 0.00269231 0.000714286 -0.000744681 -0.00217647 0.0002 0.00207317 -0.00256098 -0.00117021 -0.000102041 0.00166667 0.00311321 -0.00353659
internal_weight=1400 1351 121 1230 75 1155 108 83 52 1047 49 1019 999 967 53 914 345 304 263 41 178 85 44 569 131 93 438 88 51 350 118 98 232 189 136 89 43 55 145 107 57 65 70 47 85 50 41 41 47 49 42 53 41
internal_count=1400 1351 121 1230 75 1155 108 83 52 1047 49 1019 999 967 53 914 345 304 263 41 178 85 44 569 131 93 438 88 51 350 118 98 232 189 136 89 43 55 145 107 57 65 70 47 85 50 41 41 47 49 42 53 41
is_linear=0
shrinkage=0.005


Tree=69
num_leaves=53
num_cat=0
split_feature=41 81 20 74 82 43 77 94 68 21 79 25 17 81 17 86 36 37 14 17 40 78 78 40 37 73 32 14 14 62 78 14 74 93 0 37 1 33 32 73 82 41 0 0 19 19 1 0 20 74 77 43
split_gain=8.87026 7.86395 11.5622 9.41086 8.21865 11.3008 10.6649 11.8869 8.82634 14.4233 13.9544 8.64081 8.22872 9.89773 10.6668 8.14505 8.04492 8.48906 7.73204 8.82946 8.70216 7.23999 7.01075 6.946 13.0546 6.87256 6.67063 6.6065 6.86813 7.71429 6.59995 11 6.63438 6.30175 6.17143 6.06983 5.93765 5.41006 5.0226 4.97072 4.42723 5.0498 4.37576 4.27059 3.63435 9.52381 4.14848 3.54632 3.31879 3.22913 3.02185 3.01385
threshold=115.25000000000001 3486.0098714538781 195.25000000000003 256.40121875000006 -40.445499999999917 97.974998474121108 4120.8006072670278 546697.86693625024 1301.1500000000003 21.125000000000004 273.35105953684882 56.750000000000007 66.350000000000009 4290.9896414423802 190.95000000000002 886.18300000000011 86.750000000000014 99.750000000000014 14106.650000000001 7.0500000000000007 117.75000000000001 414.3238784722223 760.48685069444457 82.250000000000014 82.250000000000014 478.95550000000009 221.25000000000003 16834.250000000004 15970.600000000002 1602.1500000000003 1159.4758923611114 18128.150000000005 1381.3456250000002 413.11269230769238 33131.80000000001 76.250000000000014 14155.150000000003 40.250000000000007 127.75000000000001 972.45500000000004 -140.51799999999989 82.250000000000014 33944.250000000007 27917.400000000005 1036.1500000000003 789.50000000000011 16173.555500000002 30361.100000000002 2001.4000000000003 545.01223958333355 3833.7936685459413 83.279998779296889
decision_type=2 2 2 2 2 2 2 2 2 2 2 2 2 2 2 2 2 2 2 2 2 2 2 2 2 2 2 2 2 2 2 2 2 2 2 2 2 2 2 2 2 2 2 2 2 2 2 2 2 2 2 2
left_child=1 15 36 21 6 8 7 -5 9 37 34 -9 35 14 25 23 -13 -18 20 -20 50 44 -2 43 -25 49 -7 28 29 -21 31 -29 -32 -15 38 -11 -3 39 -10 48 41 -8 -37 -1 45 -4 -46 -39 -6 -14 -12 -51
right_child=22 2 3 4 5 26 40 11 10 12 18 16 13 33 -16 -17 17 -19 19 27 -22 -23 -24 24 -26 -27 -28 30 -30 -31 32 -33 -34 -35 -36 42 -38 47 -40 -41 -42 -43 -44 -45 46 -47 -48 -49 -50 51 -52 -53
leaf_value=8.5414021014413143e-05 -0.0022738840517903518 -0.00097825842230234877 -1.1594078698794337e-05 0.0009017976432503347 0.00082875400602711144 0.00014977303275544966 -3.8958698665936608e-06 -0.00092753192818681223 7.3046333163397812e-07 6.9413236798817951e-06 -1.0641943573897112e-05 0.00062783136663469366 7.375917862585873e-05 -0.00034354730232230546 -9.9153270371119001e-06 0.00022247076025614976 1.1204832384290944e-05 -0.00011219272462496673 -6.2612973163440229e-06 -6.6473187746548102e-06 3.6547285870634643e-07 -0.0012750198445744072 -1.8783665593892968e-06 0.00055848421663067037 -0.00082927352101841737 -3.9074577274160219e-06 9.5692292711454526e-05 -0.00012568940043329379 6.4799309442479537e-06 1.3035436832142371e-06 -5.7989496464941188e-06 4.486291507536882e-06 -2.943488870791476e-06 2.9205964558857711e-06 -7.5380564287006866e-07 -0.0002668296129634787 -1.096957393614134e-05 -5.4408663913667344e-06 2.9480948834624787e-06 1.1410288325043009e-05 -0.0011247104864105005 -0.014856295748491462 -2.6678865016119129e-05 9.4348778116223431e-05 -0.0014126787541313384 5.07758832004258e-05 -3.22037873292234e-05 0.0010719136105132481 0.00043033564862616857 4.5983267806519043e-06 -0.00025470939828509278 0.00027497768003396277
leaf_weight=34 25 34 21 25 30 36 27 25 36 31 26 21 31 26 32 29 27 26 31 21 21 30 24 39 29 20 28 22 36 21 21 22 20 37 35 24 28 22 34 27 25 20 20 20 20 21 24 20 25 20 29 22
leaf_count=34 25 34 21 25 30 36 27 25 36 31 26 21 31 26 32 29 27 26 31 21 21 30 24 39 29 20 28 22 36 21 21 22 20 37 35 24 28 22 34 27 25 20 20 20 20 21 24 20 25 20 29 22
internal_value=-0.000257143 -0.000181347 -0.000316667 -0.000202109 -4.89237e-05 0.000169492 -0.000969388 -8.06452e-05 0 0.000529716 -0.000546667 -0.000858586 -0.00013308 0.000425532 0.00124 0.00089404 0 -0.00103774 -0.00114815 -0.000618557 -0.0025 -0.00155172 -0.00234694 0.000327869 -0.000735294 0.00209677 0.0021875 -0.000153374 0.000897436 -0.00047619 -0.00111765 0.000227273 -0.00256098 -0.00119048 0.001 -0.00153333 -0.00241935 0.00193548 0.00185714 0.00268293 -0.0025 -0.00159574 -0.00272727 0.00166667 -0.000813953 0.000238095 -0.00181818 0.00047619 0.00354545 0.00280822 -0.00354545 0.00190476
internal_weight=1400 1351 1200 1138 1022 826 196 124 762 387 375 99 263 188 125 151 74 53 270 194 76 116 49 122 68 93 64 163 78 42 85 44 41 63 105 75 62 124 70 82 72 47 44 54 86 42 44 42 55 73 55 42
internal_count=1400 1351 1200 1138 1022 826 196 124 762 387 375 99 263 188 125 151 74 53 270 194 76 116 49 122 68 93 64 163 78 42 85 44 41 63 105 75 62 124 70 82 72 47 44 54 86 42 44 42 55 73 55 42
is_linear=0
shrinkage=0.005


Tree=70
num_leaves=56
num_cat=0
split_feature=71 72 11 22 43 73 0 97 0 63 83 97 10 32 63 82 71 43 72 77 63 57 75 41 82 77 11 7 25 41 69 40 79 38 38 43 0 10 71 72 75 78 78 64 7 82 14 16 64 7 35 43 5 14 25
split_gain=10.3586 11.5764 15.5905 11.1611 12.7813 10.6832 11.5677 11.2062 10.7474 9.11013 10.4629 8.75026 8.53005 8.36228 8.13872 7.64111 9.8618 11.0172 7.11864 12.4275 6.85308 6.57076 7.69883 6.52924 6.26087 5.94464 5.89019 8.59353 6.95758 8.92358 5.77681 5.48571 5.37504 5.24142 5.14789 6.53742 4.84966 6.58525 6.48122 8.05604 6.79497 6.08801 5.50214 8.11952 7.04348 4.60803 4.02651 3.85116 3.85116 3.67718 3.27759 3.0505 3 1.82609 0.962791
threshold=1383.5500000000004 888.66700000000003 39085.250000000007 84.250000000000014 85.45999908447267 1222.2125000000003 32898.850000000013 0.90625000000000011 34529.000000000007 32730.400000000005 2841.6000000000026 0.76041666666666685 35453.500000000007 158.75000000000003 29560.600000000002 -39.016499999999944 865.06600000000014 93.274997711181655 0.99700000000000011 3925.6168156904209 29527.950000000004 1.0000000180025095e-35 316.75812819414699 79.750000000000014 -22.505500000000037 4019.0486571555662 32048.750000000004 26.875000000000004 33.250000000000007 68.250000000000014 30243.450000000004 114.75000000000001 508.18631832866862 5.4750000000000005 5.4750000000000005 79.545001983642592 33443.55000000001 33266.450000000004 410.90000000000003 1653.7855000000002 672.04303507527607 1216.9437881944448 585.70136805555569 969.09900000000005 112.98500000000001 -103.58799999999995 11893.200000000003 6007.8000000000011 915.30000000000007 26.875000000000004 26.825000000000006 66.875000000000014 5848.2850000000008 15771.950000000003 137.75000000000003
decision_type=2 2 2 2 2 2 2 2 2 2 2 2 2 2 2 2 2 2 2 2 2 2 2 2 2 2 2 2 2 2 2 2 2 2 2 2 2 2 2 2 2 2 2 2 2 2 2 2 2 2 2 2 2 2 2
left_child=1 2 3 4 52 7 11 24 -8 21 32 14 13 25 -7 30 17 36 19 50 -13 -4 -23 -14 45 -5 -18 46 -29 -30 -3 -20 -11 -34 -24 -36 37 38 39 40 42 49 -17 -44 -45 -2 -28 -39 -32 -38 -15 -48 -1 -26 -35
right_child=5 15 9 12 -6 6 8 -9 -10 10 -12 20 23 18 -16 16 26 -19 31 -21 -22 22 34 -25 53 -27 27 28 29 -31 48 -33 33 54 35 -37 41 47 -40 -41 -42 -43 43 44 -46 -47 51 -49 -50 -51 -52 -53 -54 -55 -56
leaf_value=0.0007594388626799523 0.00021632802315972154 -4.3023979018271316e-05 0.0017449822495089248 0.00061584490011910853 -7.7601240083974316e-06 -4.1607427136203424e-06 -4.9029397652191023e-06 -3.3253369385393992e-06 7.828123370880565e-07 -8.025211862914006e-06 0.0011021176833305158 4.2331662322636279e-06 -4.5868338276382399e-07 0.0022781199852967464 9.2551520885832268e-06 3.7195952897695814e-05 -0.00020469688202696685 5.3069272744892373e-06 -0.0014999651081377002 -0.00012046521562111187 1.0084380362303179e-06 -0.00014232143855417512 0.0018750970698280323 0.00091359134697298371 4.7611566035956281e-05 -2.5268116494719391e-05 -7.4601776906734125e-07 -1.0229258183593196e-05 3.3652583507007065e-05 -4.9971234600906164e-06 -0.00053882158849394095 -4.3230412567028075e-06 -0.00014492259382572269 -0.018196582748485166 -6.054898938991121e-05 3.2807068760216331e-05 -2.7470650609025489e-05 -0.00075997191591552899 -0.0009586044999485763 -0.00020394467925317474 9.9842101860982553e-06 1.411846312841158e-05 -0.0012291700771243281 4.2667103974628286e-06 -2.3980782074811549e-05 -5.6865137761065397e-07 1.206942678164768e-05 -0.00035213761280922538 -0.00082067282683251168 1.4998070144273902e-06 9.4723066975395237e-07 6.7345516850772995e-05 0.0014722560885151953 0.00062809076879184603 -0.00092966526451310314
leaf_weight=20 26 22 24 26 29 39 39 22 22 33 22 28 23 26 20 29 21 28 28 24 34 21 20 38 25 22 20 23 20 21 20 20 29 20 21 28 25 23 25 37 21 20 27 23 23 20 25 20 23 21 20 26 30 21 23
leaf_count=20 26 22 24 26 29 39 39 22 22 33 22 28 23 26 20 29 21 28 28 24 34 21 20 38 25 22 20 23 20 21 20 20 29 20 21 28 25 23 25 37 21 20 27 23 23 20 25 20 23 21 20 26 30 21 23
internal_value=-0.00018759 -0.000412844 0.000100548 0.000849673 0.00246835 0.000641892 -0.00010989 0.00184211 -0.00188525 -0.000850622 -0.00177165 0.000785124 0.000286344 -0.000301205 -0.00059322 -0.000930018 -0.000711297 -0.00121118 -0.00101695 0 0.00209677 0.000175439 -0.000444444 0.00188525 0.0026087 0.00145833 0.000320513 0.000703704 -0.000625 0.000609756 -0.00253846 -0.0025 -0.00242857 -0.00319444 0.000362319 -0.000510204 -0.0014966 -0.00184211 -0.00143243 -0.0010625 -0.000447154 -0.00030303 -0.000980392 -0.00171233 -0.000434783 0.00130435 0.00190141 -0.00360465 -0.00360465 -0.00130435 0.00152174 0.00264706 0.004 0.00391304 -0.00430233
internal_weight=1386 1090 547 306 79 296 182 114 61 241 127 121 227 166 59 543 478 322 118 70 62 114 90 61 92 48 156 135 64 41 65 48 105 72 69 49 294 228 185 160 123 66 102 73 46 46 71 43 43 46 46 51 50 46 43
internal_count=1386 1090 547 306 79 296 182 114 61 241 127 121 227 166 59 543 478 322 118 70 62 114 90 61 92 48 156 135 64 41 65 48 105 72 69 49 294 228 185 160 123 66 102 73 46 46 71 43 43 46 46 51 50 46 43
is_linear=0
shrinkage=0.005


Tree=71
num_leaves=53
num_cat=0
split_feature=80 85 63 94 94 34 94 71 92 66 80 14 30 34 5 41 34 31 4 4 24 17 74 39 46 79 41 41 26 81 38 2 66 28 83 46 33 31 28 65 77 6 38 28 79 5 28 41 26 85 94 26
split_gain=11.9147 12.847 12.544 11.0559 12.8118 9.54226 11.1987 14.2456 7.82675 7.59255 7.85993 8 7.2938 7.11315 6.70679 8.16009 8.82414 8.15515 6.58442 7.48831 6.45215 10.4298 8.00675 6.30857 6.09073 7.52494 9.73577 10.226 7.81066 6.03467 5.90088 5.86423 7.46452 5.72109 4.95616 9.73706 6.2873 7.16936 6.4096 7.82853 6.7414 4.86316 4.69925 4.66676 4.65975 4.46377 4.44974 3.80581 3.59227 3.387 1.88126 1
threshold=30383.405555555557 1075.9720000000002 29684.200000000004 655851.94455187523 718230.15194875014 118.00000000000001 557472.08952906274 1457.2285000000004 20678.476993750006 1.0075000000000001 29783.004513888893 14933.350000000002 44.750000000000007 36.250000000000007 4114.2050000000008 77.750000000000014 52.250000000000007 8.3750000000000018 10292.965000000002 9220.9450000000015 6.1750000000000016 188.05000000000004 619.98385416666679 116.25000000000001 108.064998626709 273.35105953684882 60.750000000000007 67.250000000000014 44.500000000000007 3934.8919517302875 3.0250000000000004 2425.7000000000003 1390.1885000000002 27.825000000000006 2541.3999999999983 104.6800003051758 33.250000000000007 11.175000000000002 29.625000000000004 30258.900000000005 4071.8274260034445 6040.2500000000009 6.4750000000000005 28.725000000000005 583.32999974758252 6059.3250000000007 24.525000000000002 48.250000000000007 2.7500000000000004 915.90000000000009 676578.69834781263 66.250000000000014
decision_type=2 2 2 2 2 2 2 2 2 2 2 2 2 2 2 2 2 2 2 2 2 2 2 2 2 2 2 2 2 2 2 2 2 2 2 2 2 2 2 2 2 2 2 2 2 2 2 2 2 2 2 2
left_child=2 49 9 5 20 6 7 24 -9 18 13 -12 -6 48 47 16 23 -17 19 -1 21 -5 -22 -16 25 -3 42 -28 -29 50 -8 -14 43 -30 36 51 46 38 39 -38 -41 -18 -27 -33 -45 -31 -32 -15 -11 -2 -24 -36
right_child=1 3 -4 4 12 -7 30 8 -10 10 11 -13 31 14 15 17 41 -19 -20 -21 22 -23 29 -25 -26 26 27 28 33 45 34 32 -34 -35 35 -37 37 -39 -40 40 -42 -43 -44 44 -46 -47 -48 -49 -50 -51 -52 -53
leaf_value=8.1436369649023655e-06 -1.7528427439761343e-05 2.5667158783705982e-06 0.00013421481535178548 3.380031000378069e-06 0.00010441309361268526 3.7773300897187943e-05 9.1552491737467728e-05 1.4821482318381763e-05 0.00072913310428239064 -7.5589758158131664e-05 0.00026510995214685986 -1.5703799600563332e-06 -0.0012010202259801757 -0.000460386027097099 -0.00017383617158149193 9.4835067655202769e-07 4.4667516065161441e-05 -0.0003570000038764165 0.0025613059229997247 -0.00023414375617483677 0.00064229964907767435 -1.8566086658837497e-05 7.3126590712404831e-05 4.1048140188328621e-05 0.00092041988148000402 -0.00021525302108815783 8.8690911717189937e-05 5.711782294413898e-06 -4.7816407491499786e-06 -6.8590238182897061e-06 -7.5727633461980287e-05 -0.00026649833796481433 6.2271832744471084e-06 -0.001127250647749764 -8.9682386050286468e-06 -1.4916276627445935e-05 -2.3108392660850948e-07 3.5756737552391408e-06 0.0013438467759528119 -3.5211466860844037e-05 -0.00011120727142665758 2.5185428306339773e-06 -6.5629358898635708e-06 -1.5374350872175954e-05 0.0022867566124584373 1.6068079168709717e-05 -1.2498838208337927e-05 -0.00054112724334146164 0.00010552442545567774 -0.00047107108630761035 1.0642531336807752e-05 -0.00019836006466985285
leaf_weight=22 25 34 30 31 32 30 24 24 22 22 25 25 24 20 29 25 35 30 22 20 24 22 22 34 22 36 21 32 28 21 27 35 25 21 20 33 38 24 23 34 35 22 21 28 26 23 21 21 23 21 27 25
leaf_count=22 25 34 30 31 32 30 24 24 22 22 25 25 24 20 29 25 35 30 22 20 24 22 22 34 22 36 21 32 28 21 27 35 25 21 20 33 38 24 23 34 35 22 21 28 26 23 21 21 23 21 27 25
internal_value=-0.000165945 -0.000463812 0.000555556 -0.000336898 0.000382353 -0.000747899 -0.000893805 -0.0001341 0.0023913 0.000306667 -1.60772e-05 0.0018 -0.000588235 -0.000363985 -0.000740741 -0.000314286 0.000416667 -0.00190909 0.001875 0.000714286 0.00135294 -9.43396e-05 0.00200855 -0.000873016 -0.000674419 -0.000958549 -0.00141509 -0.000490196 -0.0012963 0.00134409 -0.00154605 -0.00108696 -0.000614035 -0.00255102 -0.00175 -0.00282051 -0.00133663 -0.000844156 -0.00130769 -0.00182243 -0.00282609 0.00184211 -0.00307018 -0.00129213 -0.00037037 0 -0.00291667 -0.00256098 0.00144444 -0.00304348 0.00255102 -0.00433333
internal_weight=1386 981 405 935 340 595 565 261 46 375 311 50 170 261 216 175 120 55 64 42 170 53 117 63 215 193 159 102 81 93 304 138 114 49 280 78 202 154 130 107 69 57 57 89 54 44 48 41 45 46 49 45
internal_count=1386 981 405 935 340 595 565 261 46 375 311 50 170 261 216 175 120 55 64 42 170 53 117 63 215 193 159 102 81 93 304 138 114 49 280 78 202 154 130 107 69 57 57 89 54 44 48 41 45 46 49 45
is_linear=0
shrinkage=0.005


Tree=72
num_leaves=52
num_cat=0
split_feature=20 21 25 40 25 94 25 67 1 67 59 31 40 21 67 17 25 43 13 5 21 88 21 66 24 13 100 64 74 21 78 79 0 11 11 77 64 44 39 11 24 82 65 3 24 35 77 31 31 1 6
split_gain=14.7255 12.0274 9.43273 9.33573 9.0615 8.49719 13.2282 12.5282 9.14902 8.69565 8.19811 7.54012 10.0085 7.43226 7.17709 12.5 8.89268 7.04348 6.81075 10.4916 9.98833 10.1228 9.4067 6.80823 6.72633 6.74408 6.55963 7.66006 6.48532 5.91864 7.15793 5.87655 6.47356 8.47271 5.81302 5.61738 5.56522 5.43903 5.1832 5.53389 5.06631 9.49713 6.0319 5.66154 4.15076 7.53807 4.61385 3.75741 2.5 2.33256 2.08333
threshold=2235.8500000000004 21.075000000000006 62.250000000000014 26.500000000000004 27.000000000000004 651248.88823781267 103.75000000000001 31867.900000000005 16173.555500000002 34523.650000000009 -0.68301270189221952 4.4750000000000005 76.750000000000014 28.775000000000002 29055.950000000001 86.100000000000009 189.25000000000003 74.439998626708999 11719.900000000003 6104.9000000000005 25.075000000000006 10537.723541666668 25.925000000000004 0.10200000000000002 13.375000000000002 3985.1500000000005 0.059027777777777783 1244.3500000000001 935.03682291666678 26.875000000000004 916.67075000000011 547.15804762240657 36125.55000000001 40890.950000000004 41414.850000000013 4123.4516534389759 1503.4500000000003 2.8675000667572026 121.75000000000001 37586.30000000001 10.475000000000001 379.30000000000001 27100.250000000004 13812.550000000001 12.825000000000001 26.825000000000006 3643.3980852070649 8.0750000000000028 10.575000000000001 14991.650000000001 7063.4100000000008
decision_type=2 2 2 2 2 2 2 2 2 2 2 2 2 2 2 2 2 2 2 2 2 2 2 2 2 2 2 2 2 2 2 2 2 2 2 2 2 2 2 2 2 2 2 2 2 2 2 2 2 2 2
left_child=1 2 3 -1 -3 13 10 14 29 -10 -7 12 -2 18 16 -16 28 -18 19 24 50 -22 -20 -24 25 34 27 -5 -8 -9 -31 32 33 36 49 -33 -13 -15 -4 -40 41 42 -28 -42 45 46 -12 -29 -41 -6 -21
right_child=11 4 38 26 5 6 7 8 9 -11 44 31 -14 37 15 -17 17 -19 22 20 21 -23 23 -25 -26 -27 40 47 -30 30 -32 35 -34 -35 -36 -37 -38 -39 39 48 43 -43 -44 -45 -46 -47 -48 -49 -50 -51 -52
leaf_value=-0.00078904786716421139 0.00026960465589706236 0.00015367158404160246 0.0014960174961365503 -0.00072706441268866647 -5.1821038095170675e-06 -0.0011103634797773913 -0.00015932076866515945 0.00057440124180788968 0.000612166760819804 -1.4504497134606442e-05 7.1345104733049235e-05 -0.00058795449745041974 -5.6109501743572353e-06 -9.4354693639535659e-05 -0.0011486331827181807 1.6344487757337012e-06 0.0027764363998389282 2.7603834617179831e-06 0.00057274598723760237 -2.8360714503474259e-05 5.9215512793611137e-05 -4.7777864327248276e-05 -0.00014991074442938237 4.2052519076953089e-05 4.434444899339133e-05 3.847478394635795e-06 0.0014064176259993943 -6.6600179325647448e-06 1.7904367785240024e-06 0.00065699806117721542 3.7673996128636192e-07 -2.3859722744804451e-05 -0.00065433074902579034 1.4895074866194245e-05 1.5441491339340605e-06 -0.0013488335985864231 -6.6854431966285034e-08 -1.8357239390964236e-05 9.2865236243117814e-05 -5.2981693567149345e-06 4.3521198789480811e-06 -1.7669965151374302e-06 0.00062225945672932635 -2.2392104862019833e-05 6.0676306684243144e-06 -8.0025533392735369e-05 -2.3863419368785781e-06 2.8154402304699379e-06 2.6620428201259407e-06 -0.00010309034610336835 -9.2150002876622287e-06
leaf_weight=25 20 28 24 21 23 36 35 30 23 23 22 23 27 23 36 36 23 23 23 24 36 31 29 31 34 29 25 23 26 39 37 21 22 33 22 36 23 20 31 20 26 23 34 20 20 27 20 32 20 24 24
leaf_count=25 20 28 24 21 23 36 35 30 23 23 22 23 27 23 36 36 23 23 23 24 36 31 29 31 34 29 25 23 26 39 37 21 22 33 22 36 23 20 31 20 26 23 34 20 20 27 20 32 20 24 24
internal_value=-0.00020202 1.27011e-05 0.000833333 0.000283843 -0.00029755 -0.000392039 6.57895e-05 0.000589124 0.00164474 -0.000217391 -0.00132 -0.00143902 0.000319149 -0.000951743 -0.000307263 -0.00152778 0.000514019 0.00217391 -0.00069697 -0.00111336 -0.00221739 -0.000970149 0.000542169 -0.0005 -0.000151515 -0.000816327 0.000637255 -0.000526316 -0.000737705 0.00245283 0.00171053 -0.00196203 -0.00123762 -0.00056962 -0.00166667 -0.00324561 -0.00195652 -0.00290698 0.00215789 0.00147887 0.00132813 0.00207317 0.00313559 0 -0.000505618 -0.00108696 0.000238095 0.000454545 0.00025 -0.00265957 -0.00395833
internal_weight=1386 1181 324 229 857 829 456 331 152 46 125 205 47 373 179 72 107 46 330 247 115 67 83 60 132 98 204 76 61 106 76 158 101 79 69 57 46 43 95 71 128 82 59 46 89 69 42 55 40 47 48
internal_count=1386 1181 324 229 857 829 456 331 152 46 125 205 47 373 179 72 107 46 330 247 115 67 83 60 132 98 204 76 61 106 76 158 101 79 69 57 46 43 95 71 128 82 59 46 89 69 42 55 40 47 48
is_linear=0
shrinkage=0.005


Tree=73
num_leaves=54
num_cat=0
split_feature=1 72 43 32 95 4 16 17 61 17 0 74 19 10 14 89 60 71 13 19 44 8 10 98 75 80 0 4 19 14 22 43 2 74 40 2 1 44 78 21 75 1 73 44 33 6 33 73 60 73 75 61 59
split_gain=10.0134 9.27385 12.3616 15.8677 12.1793 9.95043 8.40567 11.1085 8.32035 7.82662 7.98218 11.0211 8.60386 7.58462 9.39752 7.55003 7.30268 7.28629 7.13036 12.545 7.05875 7.68216 10.3052 10.2249 6.56877 6.30206 12.4831 7.94385 6.42589 7.37231 10.5489 10.5791 9.75957 7.31208 6.82341 6.34379 6.7725 7.00228 7.8634 5.98209 5.83333 5.74298 5.66887 6.40111 5.43763 5.01185 5.34267 4.96411 4.48831 4.32535 4.11418 3.79442 2.32288
threshold=18452.209500000001 1456.5065000000002 93.079998016357436 116.50000000000001 1.0000000180025095e-35 2017.0650000000003 3788.6500000000005 4.9000000000000012 26617.400000000005 7.4500000000000011 32292.400000000005 1243.3241458333334 1186.5000000000002 32044.150000000005 12353.050000000001 1051.9716187500001 899.68550000000016 1764.1225000000002 11719.900000000003 1757.3000000000002 5.1929998397827157 414.67855263157895 31053.800000000007 0.63541666666666674 329.14554610593734 28636.296180555561 25753.150000000005 3868.2550000000006 1953.5500000000004 17540.650000000005 84.250000000000014 100.63500213623047 2425.7000000000003 443.05139583333334 78.750000000000014 3461.4240000000004 13541.500000000002 2.962999939918519 351.97577777777786 24.775000000000002 384.0782581423677 14463.200000000003 1509.9500000000003 3.0360000133514409 51.250000000000007 10556.265000000001 175.25000000000003 345.30000000000007 1499.9500000000003 1081.8975000000003 502.32270189833116 30476.300000000007 0.25000000000000017
decision_type=2 2 2 2 2 2 2 2 2 2 2 2 2 2 2 2 2 2 2 2 2 2 2 2 2 2 2 2 2 2 2 2 2 2 2 2 2 2 2 2 2 2 2 2 2 2 2 2 2 2 2 2 2
left_child=1 4 5 -4 6 -3 15 8 -8 51 11 12 -11 14 -13 -1 50 42 25 45 21 23 -23 49 -16 27 -27 -9 29 30 39 32 -32 -31 -30 36 -34 38 -38 -28 -24 -5 43 48 -17 46 -20 52 -12 -6 -2 -7 -35
right_child=16 2 3 41 20 9 7 18 -10 10 17 13 -14 -15 24 44 -18 -19 19 -21 -22 22 40 -25 -26 26 28 -29 34 33 31 -33 35 47 -36 -37 37 -39 -40 -41 -42 -43 -44 -45 -46 -47 -48 -49 -50 -51 -52 -53 -54
leaf_value=-0.0011140198376571944 -0.00014916119070723546 2.4691972443728696e-06 -8.0142978648045631e-06 2.6369680493341016e-05 0.0014399076394724247 -0.00050531194340812868 -6.5253473326208025e-06 -3.4438484649882121e-05 0.0011955025357557754 -0.0010898024212726784 -0.0003236984984686131 -0.00019766505663337063 7.3776657437521424e-07 3.1785685824704172e-06 2.0432426140684487e-06 0.00015748387747353273 0.00035392754917477898 -3.8144475926056706e-06 -8.6024058881639777e-07 -0.00017121313082314759 -2.2448143851839964e-06 0.0016370606923694184 -5.8788910729766246e-05 -2.2975144359175855e-07 -2.4114942644327282e-07 -0.0013064525401599054 -3.1855509754555182e-05 0.001820407615005398 0.00064142586851683543 1.0062503928140381e-05 -0.0016196510483763949 0.00032543727897687815 1.2074306530778584e-05 -0.00074384095794715179 -6.0138879592055217e-06 0.00011226445625597013 -9.2336487592930975e-05 -0.0019264465153040408 3.3917141785180979e-06 0.00031544544013100919 4.6994372206458349e-06 2.3788367480615893e-06 2.2527903406353767e-06 -0.00020766841632803082 -0.00061576404438968711 0.0027774233786281612 0.00017727900896081575 -0.00023608513345462108 1.7803497360643916e-06 0.00071228157722467349 -9.3882920171337977e-05 -6.1796890287794023e-06 -7.5368232686643568e-05
leaf_weight=30 23 28 22 24 35 24 21 25 33 35 22 22 27 20 28 20 22 27 34 27 39 21 21 24 31 20 22 21 20 21 21 27 21 20 26 21 26 25 32 37 35 23 22 31 21 32 23 31 20 26 31 25 21
leaf_count=30 23 28 22 24 35 24 21 25 33 35 22 22 27 20 28 20 22 27 34 27 39 21 21 24 31 20 22 21 20 21 21 27 21 20 26 21 26 25 32 37 35 23 22 31 21 32 23 31 20 26 31 25 21
internal_value=-0.000209235 -0.00010687 -0.000707657 0.00123188 0.000187713 -0.00107735 -0.000132743 5.76606e-05 0.00222222 -0.00131737 -0.001 -0.000276074 -0.00193548 0.000742574 6.17284e-05 -0.00176056 -0.00197368 -0.00196721 -0.000153707 0.000948276 0.00126866 0.0017284 0.000584416 0.00276471 0.00110169 -0.000446224 -0.000652174 0.00130435 -0.000444744 -0.000692308 -0.000215517 -0.00083815 -0.00136986 -0.00188172 0.00130435 -0.00084 -0.00134615 -0.00198795 -0.00103448 0.00161017 -0.000535714 0.00287234 -0.00131579 -0.0019863 -0.000365854 0.00185393 0.000964912 -0.00263889 -0.000714286 0.00385246 -0.00296296 -0.00316327 -0.00378049
internal_weight=1386 1310 431 69 879 362 678 607 54 334 285 163 62 101 81 71 76 122 553 116 201 162 77 85 59 437 391 46 371 325 232 173 146 93 46 125 104 83 58 59 56 47 95 73 41 89 57 72 42 61 54 49 41
internal_count=1386 1310 431 69 879 362 678 607 54 334 285 163 62 101 81 71 76 122 553 116 201 162 77 85 59 437 391 46 371 325 232 173 146 93 46 125 104 83 58 59 56 47 95 73 41 89 57 72 42 61 54 49 41
is_linear=0
shrinkage=0.005


Tree=74
num_leaves=54
num_cat=0
split_feature=20 34 5 68 39 14 88 44 20 32 60 76 21 68 31 16 24 33 64 16 61 24 11 57 88 72 11 8 88 41 14 60 24 90 90 60 90 76 39 90 8 5 46 72 56 21 11 63 4 5 40 34 4
split_gain=10.481 13.2829 15.7606 9.37507 13.0183 10.8686 9.16345 8.8658 8.74263 9.1943 8.64412 9.71931 10.068 8.82725 8.24437 8.11298 7.0827 6.38696 9.4702 9.45175 8.86041 8.88916 8.81449 8.34043 8.91296 8.17735 8.0148 6.49959 9.26892 6.87533 6.3402 8.54451 9.07887 8.04806 5.97096 5.54113 5.46502 5.38775 5.1093 6.07716 5.10033 5.37666 6.50093 4.85144 7.37458 4.47668 9.34702 4.34295 3.79194 3.41759 3.07201 2.1645 1.6
threshold=2235.8500000000004 72.750000000000014 12417.925000000001 1294.6000000000001 117.25000000000001 13394.900000000001 3775.2710416666664 3.0360000133514409 456.65000000000003 122.75000000000001 1200.0500000000002 36164.65833333334 14.775000000000002 1236.3805000000002 11.225000000000001 3636.8500000000008 14.225000000000001 81.750000000000014 1.0010000000000001 6240.9500000000016 34296.55000000001 9.0750000000000011 36999.000000000007 1.0000000180025095e-35 5664.7331250000016 0.99700000000000011 38420.700000000004 416.57000000000005 13417.449166666667 83.250000000000014 17876.650000000005 1099.9500000000003 11.425000000000002 1918.4728500000001 1260.3559500000003 1227.7500000000002 1210.6867500000003 34964.700000000004 130.25000000000003 1322.4424500000002 411.94578947368427 4466.4400000000014 92.720001220703139 1444.3830000000003 0.6078576107927941 28.975000000000005 35448.100000000006 30237.450000000004 3119.5350000000003 13003.070000000002 84.750000000000014 67.750000000000014 5735.9450000000006
decision_type=2 2 2 2 2 2 2 2 2 2 2 2 2 2 2 2 2 2 2 2 2 2 2 2 2 2 2 2 2 2 2 2 2 2 2 2 2 2 2 2 2 2 2 2 2 2 2 2 2 2 2 2 2
left_child=1 2 3 4 7 48 -7 -1 14 47 13 12 -12 50 16 -6 40 20 25 22 21 35 37 26 -25 27 -21 28 29 -19 31 -8 33 36 -27 -11 -33 -20 -17 51 41 -3 -43 -14 -45 46 -41 -10 -5 -30 -2 -40 -24
right_child=10 8 -4 5 15 6 30 -9 9 17 11 -13 43 -15 -16 38 -18 18 19 23 -22 -23 52 24 -26 34 -28 -29 49 -31 -32 32 -34 -35 -36 -37 -38 -39 39 45 -42 42 -44 44 -46 -47 -48 -49 -50 -51 -52 -53 -54
leaf_value=-0.00020471420505132135 -0.00055551436506308372 -0.0012051736637687519 -0.0001001767064182281 -7.38124093702671e-05 -8.6068792149757319e-06 8.6797026649640756e-06 -0.00083808089766907628 0.0010333465837253145 -3.3957946622943495e-06 -4.9282691623868802e-06 -1.0148120823740461e-05 -8.8441552299710471e-06 0.0010029744876964846 -0.0020884274727684267 1.4874436493958879e-05 0.0011694574048579213 8.2720078356009202e-05 0.0026756850236538433 0.0013155045018793333 -1.5165210069241702e-05 0.00034326911131004776 -6.257357691671501e-06 2.7662670644669549e-06 -2.606668525135873e-06 0.00025892492999697326 -0.00091071346114208888 4.2494054890362028e-07 -1.6882192747053644e-05 -4.5459997975416986e-05 2.3546857113596553e-06 8.7030013711380693e-06 -1.3773192577040411e-06 1.4309355464115379e-06 -5.1252948453255856e-06 -0.00017035706516903184 2.7862298703500862e-06 3.2913418119193796e-06 1.831002099795926e-05 0.0012931584363966948 -0.00011367341817100998 -3.0432771014715972e-07 -0.00065511005113377905 -0.00069554884748722985 -3.3200774980244311e-06 2.2415263889322001e-06 0.0022889890100084988 0.00069804465601033794 -0.00020832114985977674 -0.00029365940681984679 1.7858016095044688e-07 2.7788792688740222e-05 0.0015008785721447235 -0.00012241112055573622
leaf_weight=21 20 24 34 24 29 23 26 33 27 20 39 21 28 30 20 28 21 26 22 23 28 39 20 22 25 23 24 25 23 32 28 28 34 21 35 22 30 27 22 22 21 32 33 26 20 20 37 20 27 20 21 20 20
leaf_count=21 20 24 34 24 29 23 26 33 27 20 39 21 28 30 20 28 21 26 22 23 28 39 20 22 25 23 24 25 23 32 28 28 34 21 35 22 30 27 22 22 21 32 33 26 20 20 37 20 27 20 21 20 20
internal_value=-0.000151515 2.96359e-05 0.000641026 0.000877378 0.00159483 0.000186722 0.000736842 -0.000555556 -0.000430267 -0.000124283 -0.00119512 -0.000447761 0.000132743 -0.00260563 -0.00149007 0.00224719 -0.00194656 8.40336e-05 -0.000231608 0.00057377 0.00114679 0.000308642 0.00174157 -0.000531915 0.000957447 -0.00103261 -0.00202128 -0.00031746 0.000247525 0.00155172 0.000329341 -0.000107914 0.000486726 -0.000443038 -0.00258621 0.00190476 0.000517241 0.00316327 0.00271812 0.00227273 -0.00245455 -0.00297753 -0.00223077 0.00121622 0.000217391 0.0014557 0.000762712 -0.00223404 -0.00186275 -0.00151163 -0.00109756 0.00380952 0
internal_weight=1386 1181 507 473 232 241 190 54 674 523 205 134 113 71 151 178 131 476 367 183 109 81 89 94 47 184 47 126 101 58 167 139 113 79 58 42 58 49 149 121 110 89 65 74 46 79 59 47 51 43 41 42 40
internal_count=1386 1181 507 473 232 241 190 54 674 523 205 134 113 71 151 178 131 476 367 183 109 81 89 94 47 184 47 126 101 58 167 139 113 79 58 42 58 49 149 121 110 89 65 74 46 79 59 47 51 43 41 42 40
is_linear=0
shrinkage=0.005


Tree=75
num_leaves=55
num_cat=0
split_feature=69 41 45 81 34 95 31 71 31 3 23 5 0 41 62 37 13 34 13 2 72 41 2 63 3 45 83 44 38 100 66 23 38 26 31 44 38 100 62 97 5 73 73 41 80 77 24 97 77 83 25 76 83 17
split_gain=12.1655 9.47625 7.73256 7.07919 13.2891 7.95902 14.1782 13.1602 11.9833 10.473 10.4439 10.2757 9.66524 8.98369 9.53792 8.19955 9.40969 8.14881 7.886 12.2644 10.1755 9.05096 6.41667 6.51677 9.16825 7.66373 6.39971 6.92854 9.23342 6.13136 8.74675 8.02222 6.12688 6.35483 5.90635 5.54251 5.39177 5.9645 5.2492 5.19201 5.18295 5.0498 4.99221 4.94812 4.89534 4.26965 3.42857 3.42857 3.38645 2.66535 2.61905 2.27665 1.718 0.509091
threshold=26353.000000000004 115.25000000000001 22757.500000000004 3599.7894517607469 102.25000000000001 1.0000000180025095e-35 3.0750000000000006 1485.4770000000003 9.0750000000000011 15613.35 14.750000000000002 9416.340000000002 36754.100000000006 66.250000000000014 937.97600000000011 11.250000000000002 1932.8000000000002 74.250000000000014 7243.0500000000011 3012.6500000000001 918.50000000000011 49.250000000000007 3101.9500000000003 29279.350000000002 14281.900000000001 23441.000000000004 2701.1500000000001 3.0444999933242802 7.4750000000000014 0.73263888888888895 0.10200000000000002 99.250000000000014 8.8250000000000028 25.250000000000004 5.8750000000000009 2.6654999256134042 5.6250000000000009 0.13541666666666671 1546.1500000000003 0.072916666666666671 5788.3500000000004 1142.7500000000002 1219.5440000000001 80.250000000000014 32676.72048611112 2921.289175847091 7.875 0.21875000000000003 4087.1066806711269 2396.349999999999 38.250000000000007 35939.445833333346 1990.0000000000002 48.95000000000001
decision_type=2 2 2 2 2 2 2 2 2 2 2 2 2 2 2 2 2 2 2 2 2 2 2 2 2 2 2 2 2 2 2 2 2 2 2 2 2 2 2 2 2 2 2 2 2 2 2 2 2 2 2 2 2 2
left_child=2 3 -1 4 32 6 12 8 11 13 38 26 40 39 17 -12 44 -15 20 -20 -18 -22 23 24 -23 -25 27 28 35 30 49 -32 33 -2 -33 -8 37 -4 -7 -10 -5 -9 53 50 -17 -35 -3 -41 -30 -13 -38 -42 -24 -29
right_child=1 46 36 5 -6 10 7 41 9 -11 15 29 -14 14 -16 16 18 -19 19 -21 21 22 52 25 -26 -27 -28 42 48 -31 31 34 -34 45 -36 -37 43 -39 -40 47 51 -43 -44 -45 -46 -47 -48 -49 -50 -51 -52 -53 -54 -55
leaf_value=-9.5422129406603077e-06 1.1156409153080733e-06 -8.4775166691632435e-05 -3.2825461268742574e-05 1.5420598188751393e-07 -0.000442192103768546 -9.3304299869298827e-07 -3.4160059450833333e-05 0.00022270332197984078 -5.093076730334332e-06 3.2413103815364823e-05 1.4597343543308622e-05 -0.00011649483532613593 -0.00015358211767232586 -0.00077489633868295914 2.5819845406747437e-05 -6.5763588164805336e-06 0.0019860295765638343 9.2654937802575492e-06 8.8017748149913391e-06 -3.0097443962754889e-05 -9.4542470379898921e-06 -6.5067626066700149e-10 2.690093136581793e-06 4.2104038591328174e-06 3.7051615121750218e-06 -2.2772413010098741e-06 9.6002805225177909e-07 -0.00069505460432251018 -0.0010794912980740909 0.00031525980352994215 -1.3033051331328387e-05 0.00047905023659559795 -5.1667384047621078e-08 0.00018479924727527662 -0.00041794941377241122 1.5847388175823854e-05 0.00048153537384321897 0.00082161052813961826 -5.4774462566896427e-06 -0.00088937895473614444 0.0026323938120806569 1.1857034165481367e-06 -0.00028638815861450938 0.00021324777942602864 -1.506359653867913e-07 0.0013041314696546761 -0.0033434778122231985 -0.00020715492079610061 -0.0014129291687120372 -5.5243663885862069e-05 0.0014877710783945286 0.00055427879485172335 2.4348769873438092e-06 -0.00076911924053209442
leaf_weight=26 28 21 20 21 22 21 38 20 20 32 21 23 21 24 25 29 21 32 33 23 32 24 21 24 21 31 21 20 28 28 36 24 39 25 21 26 20 22 23 21 20 27 22 25 28 28 21 21 24 21 22 21 20 35
leaf_count=26 28 21 20 21 22 21 38 20 20 32 21 23 21 24 25 29 21 32 33 23 32 24 21 24 21 31 21 20 28 28 36 24 39 25 21 26 20 22 23 21 20 27 22 25 28 28 21 21 24 21 22 21 20 35
internal_value=-0.000128393 -0.000285016 0.0012963 -0.000202361 0.00084507 -0.000344828 -0.000669643 -0.000942275 -0.00116236 -8.57143e-05 0.000241935 -0.00167575 0.00126506 -0.000664336 0.000432099 0.00054878 0.00034202 -0.000714286 0.00076 -0.000892857 0.00123711 0.00083815 0.00138298 0.0007 0.00211111 -0.000454545 -0.00238318 -0.00266839 -0.00189655 -0.000686275 -0.00116 -0.000185185 0.0015 0.00228395 0.00122222 -0.000625 0.00188073 0.00047619 -0.00204545 -0.00209677 0.00225806 0.00159574 -0.00383117 0.00276119 -0.00149123 0.00330189 -0.00261905 -0.00309524 -0.00346154 -0.00295455 0.00380952 0.00329268 0.00304878 -0.00463636
internal_weight=1363 1228 135 1186 142 1044 672 589 542 175 372 367 83 143 81 328 307 56 250 56 194 173 141 100 45 55 214 193 116 153 125 81 120 81 45 64 109 42 44 62 62 47 77 67 57 53 42 42 52 44 42 41 41 55
internal_count=1363 1228 135 1186 142 1044 672 589 542 175 372 367 83 143 81 328 307 56 250 56 194 173 141 100 45 55 214 193 116 153 125 81 120 81 45 64 109 42 44 62 62 47 77 67 57 53 42 42 52 44 42 41 41 55
is_linear=0
shrinkage=0.005


Tree=76
num_leaves=51
num_cat=0
split_feature=81 45 85 38 83 20 22 41 41 94 66 69 37 17 76 45 37 93 13 81 3 67 94 74 43 47 3 94 26 37 27 22 43 32 81 89 45 25 17 1 37 66 17 65 83 45 17 91 14 35
split_gain=12.6306 14.2033 12.1383 8.6127 8.91286 11.0203 8.91141 10.926 15.3032 9.78539 9.44259 8.5082 8.28286 8.49486 8.49123 7.34046 7.08121 7.55004 6.9841 8.87653 6.82476 6.77005 6.69863 9.01333 7.55717 6.6885 6.47409 6.4064 8.22794 9.38667 6.99118 9.46275 7.03275 6.97579 7.33204 9.14234 5.8896 5.70758 5.07919 7.55724 4.6679 4.61731 4.45455 4.27887 5.62104 3.51169 3.48481 3.45513 3.00073 2.82857
threshold=3599.7894517607469 23517.500000000004 1399.2500000000002 2.2500000000000004 1185.5499999999995 1811.9000000000003 88.250000000000014 86.750000000000014 59.250000000000007 589342.59743468754 1682.5500000000002 32775.100000000006 77.250000000000014 25.750000000000004 30698.155208333341 25277.500000000004 99.750000000000014 414.88486842105266 8694.4000000000015 4238.168459158268 13929.450000000003 28030.750000000004 690000.49954156287 574.25318750000008 95.33499908447267 1.0000000180025095e-35 14106.642500000002 546697.86693625024 21.250000000000004 99.750000000000014 48.750000000000007 93.250000000000014 84.314998626708999 157.75000000000003 4282.8924084322962 1507.06749375 24255.000000000004 94.750000000000014 188.05000000000004 16081.750000000002 95.250000000000014 1602.2500000000002 137.95000000000002 24553.800000000003 1245.5000000000002 23682.500000000004 177.20000000000002 31726.759637500003 16784.800000000007 24.975000000000005
decision_type=2 2 2 2 2 2 2 2 2 2 2 2 2 2 2 2 2 2 2 2 2 2 2 2 2 2 2 2 2 2 2 2 2 2 2 2 2 2 2 2 2 2 2 2 2 2 2 2 2 2
left_child=1 11 18 42 5 16 7 8 10 -9 25 20 13 -10 -14 40 17 26 19 -2 21 43 24 -24 27 48 -5 28 29 49 31 -29 -33 -32 35 37 -7 -35 39 -15 -16 -26 -4 44 -1 -11 47 -20 -6 -8
right_child=2 -3 3 4 6 36 22 9 12 45 -12 -13 14 38 15 -17 -18 -19 46 -21 -22 -23 23 -25 41 -27 -28 30 -30 -31 33 32 -34 34 -36 -37 -38 -39 -40 -41 -42 -43 -44 -45 -46 -47 -48 -49 -50 -51
leaf_value=0.00082969207831373878 -0.00053313846384475487 0.028644597406930546 1.2154183944959136e-05 -6.1898004769044737e-06 -0.00091538387733072801 -3.1277172588150516e-05 0.00022820772894830476 -1.3550452003964798e-06 -0.00013526419820591494 -0.001071318595823631 1.3991357449873032e-06 -3.4215415456806105e-06 2.3986468466191583e-05 0.00013728603025093194 1.2376449725046361e-06 0.00065031572913508851 -5.5059405656832369e-06 1.3074540949458546e-05 -0.00044967542579770446 3.1021618147261581e-05 0.0006015808043253149 -8.0124769353278005e-05 2.6262489384496161e-05 -0.00028920093366668963 3.4247819916344643e-05 -7.4036460677543464e-06 0.00026697568883970714 -0.00069200124844783439 -9.5469521637565279e-06 -0.00030066641106450296 4.7616030807378695e-06 6.9103253873044066e-05 -9.2033531690229755e-06 -0.00015238064696096088 -3.6887624366954305e-05 0.00023344497421994646 1.4441874527156239e-06 4.1629465395543815e-07 -4.2295878493052245e-06 -5.0275491057301469e-06 -6.3537416479354579e-06 0.00022020887388126041 9.4766092101572883e-06 0.0011714244336994215 -7.5997860887709086e-05 -0.00015478168416132804 -5.4967445566432753e-05 -0.00044509742921367348 -0.00031903685894376076 8.2531437177163529e-05
leaf_weight=28 26 25 22 21 39 21 20 39 24 33 24 20 38 22 23 29 35 28 26 23 34 32 20 30 32 31 29 32 31 20 25 20 21 20 23 29 32 23 25 32 24 20 22 21 34 30 27 22 21 35
leaf_count=28 26 25 22 21 39 21 20 39 24 33 24 20 38 22 23 29 35 28 26 23 34 32 20 30 32 31 29 32 31 20 25 20 21 20 23 29 32 23 25 32 24 20 22 21 34 30 27 22 21 35
internal_value=-9.90462e-05 0.00108247 -0.000295124 -0.000119617 -0.000214785 0.000843373 -0.00042515 -0.000921659 -0.000481928 -0.00235294 -0.00195652 0.00056213 0.000299539 -0.000728155 0.00122807 0.000263158 0.00172566 0.0025641 -0.00177419 -0.000306122 0.000973154 0.000391304 0.000112219 -0.0016 0.000356125 -0.00269231 0.0014 5.01672e-05 0.00103774 0.00193333 -0.000492228 -0.00171233 -0.000121951 0.00025 -0.000368421 0.000416667 -0.00103774 -0.00104651 6.32911e-05 0.000925926 -0.000957447 0.00211538 0.00204545 0.00114458 0.000483871 -0.00357143 -0.00273333 -0.00354167 -0.00366667 0.003
internal_weight=1363 194 1169 1045 1001 166 835 434 332 102 115 169 217 103 114 76 113 78 124 49 149 115 401 50 351 91 50 299 106 75 193 73 41 120 95 72 53 43 79 54 47 52 44 83 62 63 75 48 60 55
internal_count=1363 194 1169 1045 1001 166 835 434 332 102 115 169 217 103 114 76 113 78 124 49 149 115 401 50 351 91 50 299 106 75 193 73 41 120 95 72 53 43 79 54 47 52 44 83 62 63 75 48 60 55
is_linear=0
shrinkage=0.005


Tree=77
num_leaves=51
num_cat=0
split_feature=35 35 4 4 46 84 5 61 84 72 90 87 0 100 4 43 98 13 7 83 46 3 30 84 16 30 40 29 90 91 7 31 31 4 79 63 11 7 31 81 91 11 24 40 17 42 4 24 72 13
split_gain=9.21162 11.3848 9.22496 7.98031 9.60769 8.80818 8.31633 8.82355 9.00753 13.2137 14.8771 8.98949 10.0697 8.6031 11.3525 11.4595 8.86277 8.22245 8.06683 7.83338 7.65002 7.55023 7.45342 7.3136 6.68974 6.55994 8.78033 9.86852 8.8 8.69928 8.67364 6.66667 6.79936 6.5482 6.29644 6.3589 6.16026 6.05874 5.44444 5.37901 4.80859 6.06294 4.16935 4.11429 4.08791 3.79004 3.08571 2.77448 2.62447 1.67619
threshold=23.075000000000006 23.525000000000002 3461.3750000000005 2335.9950000000003 108.04500198364259 1227.0582500000003 2780.9150000000004 24395.750000000004 1203.3825625000002 0.99700000000000011 2489.668650000001 0.78125000000000011 36444.650000000001 0.71180555555555569 8821.0650000000005 79.055000305175795 0.20486111111111113 1769.2000000000003 20.825000000000003 2259.1000000000008 94.045001983642592 14513.150000000001 79.750000000000014 1071.4945000000002 4734.3500000000013 65.750000000000014 98.250000000000014 87.750000000000014 1545.9538500000003 28221.713331250005 46.995000000000012 8.5750000000000028 5.3750000000000009 5293.8700000000008 676.22824108296095 32439.300000000003 38456.650000000001 17.595000000000002 5.3750000000000009 3921.3816844901007 29342.574862500001 34999.80000000001 6.4250000000000016 98.750000000000014 29.100000000000005 100.70000076293947 16401.840000000004 7.2250000000000005 0.78500000000000014 10410.050000000001
decision_type=2 2 2 2 2 2 2 2 2 2 2 2 2 2 2 2 2 2 2 2 2 2 2 2 2 2 2 2 2 2 2 2 2 2 2 2 2 2 2 2 2 2 2 2 2 2 2 2 2 2
left_child=2 -2 -1 5 6 18 43 -8 9 11 13 12 24 14 15 19 -17 37 36 40 -19 23 -14 -6 -9 31 27 29 -28 -27 -29 32 -22 -21 35 42 -3 -10 -37 -16 41 -11 -26 -5 -12 -7 -24 -13 -44 -41
right_child=1 3 -4 4 21 45 7 8 17 10 44 47 22 -15 39 16 -18 20 -20 33 25 -23 46 -25 34 26 28 30 -30 -31 -32 -33 -34 -35 -36 38 -38 -39 -40 49 -42 -43 48 -45 -46 -47 -48 -49 -50 -51
leaf_value=3.3366171081156765e-06 -0.00070768831225950281 3.8019393504870624e-06 0.00064706415048941318 -6.2626725796721426e-06 5.7786471916056089e-06 2.669646992173948e-06 0.00035012077493664853 -0.00020775971799054298 3.0510874762605835e-06 -0.001711667673779764 -0.0010659620028445128 -1.0659520094662171e-05 -0.00015280743185796226 0.00058869573569349893 -8.9975086399493125e-06 0.00061929145216421287 -8.9729011762316772e-06 0.00038694574367141652 2.3544939374943067e-05 2.159844697204782e-05 3.1593856985119818e-05 0.0012769452760070254 -4.8096374586393413e-05 -6.558930020567629e-06 0.001488036878898478 -1.0790818024019021e-05 -6.5728429090448779e-05 1.5787786993129566e-06 2.6905271243944687e-07 3.9254850527366183e-06 0.00011372019692069727 -1.7912518452342544e-06 0.00013940652470117331 -0.00017005790936999818 -8.4161225128570645e-06 0.00027740552057826088 -2.4097717105776381e-05 -6.4600981090110487e-06 -5.4692608338600595e-05 -0.001972620480983229 -0.0005846103828439853 1.2768469096689585e-05 0.0021074105586101309 -4.0666505682067453e-06 -0.0018987125075146669 1.4236799857933263e-06 1.9336571629497788e-05 -4.9107644750623218e-06 0.014852414920518022 -0.00045336898030408926
leaf_weight=29 35 25 21 28 31 23 33 20 22 22 21 22 21 21 26 23 36 36 29 24 38 24 28 28 20 23 30 31 36 25 29 20 22 26 20 20 39 30 25 22 37 26 31 35 31 31 20 26 22 20
leaf_count=29 35 25 21 28 31 23 33 20 22 22 21 22 21 21 26 23 36 36 29 24 38 24 28 28 20 23 30 31 36 25 29 20 22 26 20 20 39 30 25 22 37 26 31 35 31 31 20 26 22 20
internal_value=-0.000106383 -0.000186596 0.002 -0.000109546 -0.000251989 0.000986395 -0.000381679 -0.000269036 -0.000357143 -0.000721311 -0.00138806 9.09091e-05 0.000506608 -0.000936396 -0.00118321 -0.00056701 0.00127119 0.000292398 5.37634e-05 -0.00137037 0.00062069 0.00138554 -0.00108696 0.000423729 0.00120253 0.000314961 -0.000229885 0.000648148 -0.00166667 -0.00104167 0.002 0.0015 0.00233333 0.0002 0.0015942 0.0020339 -0.0009375 -0.00153846 0.000555556 -0.00294118 -0.00229412 -0.00125 0.00294521 -0.00214286 -0.00384615 0.00259259 0 -0.001875 0.00367925 -0.00404762
internal_weight=1363 1313 50 1278 1131 147 1048 985 952 610 335 275 227 283 262 194 59 342 93 135 290 83 69 59 158 254 174 108 66 48 60 80 60 50 138 118 64 52 45 68 85 48 73 63 52 54 48 48 53 42
internal_count=1363 1313 50 1278 1131 147 1048 985 952 610 335 275 227 283 262 194 59 342 93 135 290 83 69 59 158 254 174 108 66 48 60 80 60 50 138 118 64 52 45 68 85 48 73 63 52 54 48 48 53 42
is_linear=0
shrinkage=0.005


Tree=78
num_leaves=53
num_cat=0
split_feature=41 28 2 1 38 1 69 16 6 11 79 28 22 96 44 3 69 20 83 81 69 38 38 0 44 44 2 82 6 83 79 38 43 23 13 13 23 24 28 61 71 7 93 63 67 26 88 2 11 58 88 22
split_gain=10.4993 10.2548 9.56235 12.9624 10.9774 9.9837 10.0869 8.64916 8.24468 8.95846 8.11189 7.91811 7.51111 7.32035 9.25672 11.7369 10.4331 7.84542 11.1541 8.26221 9.54853 8.37274 12.618 7.50839 7.34707 7.30078 7.6023 9.00946 6.96581 9.74026 6.80429 6.4 5.71765 7.46983 5.60571 7.07599 7.3373 5.57875 5.53555 6.599 5.94755 6.47949 5.38272 5.09259 5.95863 9.02929 4.87119 3.6 2.91212 2.65866 2.48276 1.6
threshold=93.250000000000014 28.775000000000002 3483.1645000000003 18518.266000000003 1.925 17042.350000000002 24550.750000000004 4236.6500000000005 4983.8000000000011 34578.650000000001 367.49950885023202 20.575000000000006 78.750000000000014 1.0000000180025095e-35 2.5984998941421513 12740.250000000002 27699.300000000007 2259.3500000000004 2045.4000000000017 4589.7593887458252 32196.450000000004 7.4250000000000016 2.9750000000000005 34259.250000000007 5.1929998397827157 5.9869999885559091 2557.1000000000004 16.25650000000002 11126.720000000003 2144.9000000000001 596.52621911129927 5.0250000000000012 78.634998321533217 85.750000000000014 1932.8000000000002 4304.6500000000005 99.750000000000014 8.4250000000000025 29.075000000000006 28771.550000000003 999.50000000000011 17.615000000000006 417.59250000000009 30727.850000000002 32123.200000000004 64.500000000000014 9404.6285416666688 2904.4345000000008 38420.700000000004 -0.6830127018922193 4280.9985416666677 87.250000000000014
decision_type=2 2 2 2 2 2 2 2 2 2 2 2 2 2 2 2 2 2 2 2 2 2 2 2 2 2 2 2 2 2 2 2 2 2 2 2 2 2 2 2 2 2 2 2 2 2 2 2 2 2 2 2
left_child=2 7 3 4 -1 6 10 -2 -9 -10 -6 12 -8 17 15 -15 -16 19 50 20 21 22 -13 43 49 26 27 -24 29 48 46 -14 -28 -34 -4 -36 -37 -7 39 -23 -41 -42 -17 44 45 -22 -3 -31 -11 -18 -19 -21
right_child=1 30 34 -5 5 37 11 8 9 28 -12 13 31 14 16 42 24 18 -20 51 23 38 25 -25 -26 -27 32 -29 -30 47 -32 -33 33 -35 35 36 -38 -39 -40 40 41 -43 -44 -45 -46 -47 -48 -49 -50 -51 -52 -53
leaf_value=0.00060050183417024918 -0.00047230795542787255 -0.00011896688818245655 -6.3693515742784522e-06 -0.00043322501958851123 -5.8406999155165982e-06 0.0024512885816039172 -0.00076156195598358842 -0.00076909381694667198 0.0010115964429658381 4.1201400225692737e-05 0.002620117178099921 0.00043424429779098704 -0.0002876547513541894 0.00039426136370694794 5.9193615012814243e-05 -5.4419145296907591e-05 -0.00091711100303757927 -5.6094550395170174e-06 2.670995121549978e-06 8.4886283671968043e-06 -3.2456954401703043e-05 0.00033466189640827203 -0.00016417103505902639 5.8457605381180669e-06 -5.9360357356448497e-06 1.23317143327241e-06 -0.00030478392337013126 0.00049592869035803688 1.2823721982788322e-05 -4.227148212851455e-05 -4.7133288917515987e-05 6.2307334406646212e-05 0.00011771985704324813 -6.2244863627479552e-06 1.7002513564296186e-05 0.00023562608041297211 -8.7282677142003634e-06 -2.6429910188240167e-06 0.0013440772678419155 -0.00026926114586840288 8.5796478601928037e-06 -1.8580265034521184e-06 5.9512235858207768e-06 -3.9340909805861663e-05 1.6417582476275626e-06 9.9646160463355392e-07 -0.0011771010673558152 -0.00027003625174625912 -5.6209123527201717e-06 -0.00089501510008913499 -0.00052316069738738802 1.2583224739931224e-05
leaf_weight=24 26 35 20 27 21 31 32 30 24 24 38 21 20 20 27 33 22 29 31 20 24 28 30 25 20 28 34 23 23 20 20 20 20 31 33 28 36 20 20 22 26 30 26 27 25 23 26 20 20 31 29 20
leaf_count=24 26 35 20 27 21 31 32 30 24 24 38 21 20 20 27 33 22 29 31 20 24 28 30 25 20 28 34 23 23 20 20 20 20 31 33 28 36 20 20 22 26 30 26 27 25 23 26 20 20 31 29 20
internal_value=-0.00015774 -0.00104478 5.93607e-05 -0.000102249 -5.25762e-06 -9.16936e-05 -0.000216895 -0.00040107 3.10559e-05 0.000572519 0.00177966 -0.000361077 -0.00194444 -0.000208054 -0.00108939 0.000189873 -0.0021 7.06714e-05 -0.00129213 0.000324948 0.000125858 0.000591054 -8.02139e-05 -0.00104839 -0.00308219 -0.000542169 -0.00101449 0.000471698 -4.6729e-05 -0.000714286 -0.00253086 -0.0005 -0.00194118 -0.000882353 0.00141026 0.00190722 0.0009375 0.00205882 0.0015873 0.00113208 0.000384615 0.00125 -0.000932203 -0.00166667 -0.000972222 -0.00202128 -0.00336066 -0.0025 0.000909091 -0.0040566 -0.00258621 0.0025
internal_weight=1363 268 1095 978 951 927 876 187 161 131 59 817 72 745 179 79 100 566 89 477 437 313 187 124 73 166 138 53 107 84 81 40 85 51 117 97 64 51 126 106 78 56 59 99 72 47 61 40 44 53 58 40
internal_count=1363 268 1095 978 951 927 876 187 161 131 59 817 72 745 179 79 100 566 89 477 437 313 187 124 73 166 138 53 107 84 81 40 85 51 117 97 64 51 126 106 78 56 59 99 72 47 61 40 44 53 58 40
is_linear=0
shrinkage=0.005


Tree=79
num_leaves=54
num_cat=0
split_feature=80 85 63 76 76 13 68 38 40 38 31 31 74 32 17 69 63 80 14 45 43 80 2 77 31 64 80 42 32 19 36 69 13 42 69 63 63 28 35 45 72 74 98 13 56 28 35 44 32 99 14 77 2
split_gain=9.93549 13.3784 10.714 9.81284 8.82499 9.82841 8.73965 9.46979 7.73484 11.4781 15.0621 12.115 11.3093 9.36542 10.2946 7.75034 7.66713 7.58279 7.56904 9.7951 7.25926 8.30893 8.04395 7.06389 8.35813 8.0672 6.55332 6.16551 6.10184 5.81818 5.77919 7.03456 5.31912 5.2985 4.86988 7.52704 8.20876 6.70145 7.77674 5.48479 5.90209 4.598 4.50932 4.44444 4.05233 3.6 3.6 3.50303 3.26426 3.01683 2.78218 2.74484 2.5
threshold=30895.557638888891 1401.7500000000002 29851.150000000005 32032.050000000007 30386.384375000005 3130.5000000000005 1002.7395 6.325000000000002 30.250000000000004 7.0250000000000012 7.2750000000000012 10.975000000000001 1275.3589687500003 143.75000000000003 152.15000000000001 33878.400000000009 33179.30000000001 33463.562152777791 17589.300000000003 22756.000000000004 66.875000000000014 38516.145833333343 2955.0000000000005 4207.675939736263 4.8750000000000009 1.0695000000000003 32101.145486111116 106.32500076293947 243.25000000000003 966.75000000000011 81.750000000000014 32425.200000000004 9050.9500000000025 115.29999923706056 26353.000000000004 28772.250000000004 27755.300000000007 20.575000000000006 24.975000000000005 22963.500000000004 926.60550000000012 692.50123958333347 0.31597222222222227 3852.2500000000005 -1.0000000180025095e-35 22.325000000000006 24.725000000000005 2.773999929428101 224.25000000000003 0.13541666666666671 13983.450000000003 3727.1164452657263 3020.1500000000005
decision_type=2 2 2 2 2 2 2 2 2 2 2 2 2 2 2 2 2 2 2 2 2 2 2 2 2 2 2 2 2 2 2 2 2 2 2 2 2 2 2 2 2 2 2 2 2 2 2 2 2 2 2 2 2
left_child=2 6 4 23 18 -6 7 -2 28 10 20 12 13 -11 33 32 -17 -14 34 -20 -10 22 44 24 52 -26 51 -9 42 -7 -24 -32 49 -15 43 36 37 -36 -39 40 -40 -33 -5 46 -22 -38 -1 -16 -19 -12 -13 -27 -3
right_child=1 3 -4 8 5 29 -8 27 9 11 15 50 17 14 47 16 -18 48 19 -21 21 -23 30 -25 25 26 -28 -29 -30 -31 31 41 -34 -35 35 -37 45 38 39 -41 -42 -43 -44 -45 -46 -47 -48 -49 -50 -51 -52 -53 -54
leaf_value=0.00027348353639684907 1.561172885480533e-06 -0.00023811805773144159 0.00015253307170154563 2.0747590104805313e-06 8.9638892392100145e-06 -8.4566782800300671e-05 -0.0015217457201083947 -0.0012318876191861326 -0.00019685541669138613 -0.0076654858716435938 -7.2345511120745997e-06 7.1489855841437737e-05 -1.0245222290719014e-06 1.0565797258233935e-05 2.7634508547217637e-06 4.0550253802191658e-06 -6.2783167265548307e-05 9.8572795076375616e-07 -0.00025273867228644929 4.398715397648299e-05 1.3003136987698011e-06 0.0017551979433414427 7.3041230781797549e-06 -0.00041581842060325251 -0.00015392149033532831 -7.8493782950031742e-06 8.4384620591573638e-06 -2.0546187642813481e-05 -0.0015919707520864537 -0.00020601896383421186 0.00023444795001090725 -8.8728510020683191e-07 -5.0500499457147994e-06 -0.00074741992894571173 -0.00053687468021109189 3.021334600355041e-06 -0.00058413583913135907 0.00029932965108922087 0.0017513479382649667 -0.00011111250229349463 -2.6988174523345303e-05 -6.270929482947744e-05 -0.00121708149033871 1.056139762889947e-06 0.00090863779078617581 -4.3111344175571033e-05 0.0010716415037577611 0.00069012313919812054 4.1701323989183686e-05 -0.00039874982442676508 0.00024297514874616768 1.2589106244367151e-06 -1.2527186772881523e-06
leaf_weight=20 37 20 37 25 20 22 25 23 24 20 33 25 20 26 20 23 24 25 22 39 34 26 29 24 22 22 34 28 22 22 22 20 20 27 23 29 20 28 20 36 31 39 21 32 22 20 20 24 28 21 24 23 20
leaf_count=20 37 20 37 25 20 22 25 23 24 20 33 25 20 26 20 23 24 25 22 39 34 26 29 24 22 22 34 28 22 22 22 20 20 27 23 29 20 28 20 36 31 39 21 32 22 20 20 24 28 21 24 23 20
internal_value=-8.43727e-05 -0.00037961 0.00053288 -0.000154512 0.00029703 -0.00140625 -0.00199115 -0.00125 0.000124224 0.0003125 -0.000281899 0.00115063 0.000578947 -0.000384615 0.000257732 -0.00169421 -0.000106383 0.00212329 0.000617647 0.00221311 0.000509259 0.000833333 0.000421687 -0.00124242 -0.000815603 -4.9505e-05 0.000696203 -0.00264706 -0.00147059 -0.00272727 -0.000363636 -0.00104938 -0.0027027 -0.00122642 0.000268817 -0.000120773 -0.000505618 7.24638e-05 0.000565217 -0.000172414 0.000882353 -0.00194915 -0.000434783 0.00138889 0.00196429 -0.0025 0.0025 0.00204545 0.00311321 -0.00351852 0.00336735 -0.000555556 -0.00275
internal_weight=1363 922 441 809 404 64 113 88 644 576 337 239 190 117 97 121 47 73 340 61 216 192 166 165 141 101 79 51 68 44 110 81 74 53 279 207 178 138 115 87 51 59 46 72 56 40 40 44 53 54 49 45 40
internal_count=1363 922 441 809 404 64 113 88 644 576 337 239 190 117 97 121 47 73 340 61 216 192 166 165 141 101 79 51 68 44 110 81 74 53 279 207 178 138 115 87 51 59 46 72 56 40 40 44 53 54 49 45 40
is_linear=0
shrinkage=0.005


Tree=80
num_leaves=51
num_cat=0
split_feature=28 26 1 68 97 19 19 10 0 28 32 34 26 46 69 32 24 98 26 72 38 92 19 95 41 41 68 10 82 10 5 34 78 32 97 98 11 10 76 13 10 41 10 38 0 47 5 75 17 39
split_gain=13.4524 9.8203 8.48419 8.21253 13.1866 12.7671 10.1073 12.4916 10 9.85884 8.29697 7.69257 7.49117 11.4282 9.09637 8.0064 7.22178 8.39112 8.01818 6.71917 8.10678 7.4473 6.63438 6.41026 9.83273 10.5682 8.4328 11.7473 7.70685 6.95474 7.91307 6.37214 8.6916 5.87778 5.75782 5.8298 5.49582 5.37768 8.43382 7.996 6.36022 5.40481 5.04689 4.99188 4.74797 4.69333 4.12807 4.1131 3.8016 0.981818
threshold=26.375000000000004 96.250000000000014 16081.750000000002 901.74750000000006 0.19791666666666671 570.85000000000002 1303.2500000000002 40077.500000000007 32104.800000000007 26.825000000000006 227.75000000000003 104.25000000000001 65.250000000000014 106.04500198364259 30075.250000000004 112.75000000000001 11.475000000000001 0.46180555555555564 40.750000000000007 1385.4050000000002 9.7750000000000021 24587.522081250008 785.80000000000007 1.0000000180025095e-35 82.750000000000014 70.250000000000014 1196.7500000000002 25644.100000000002 -25.656500000000047 29331.200000000004 4599.6050000000005 68.750000000000014 912.37950347222238 88.250000000000014 0.19791666666666671 0.42708333333333343 41605.750000000007 35285.100000000006 38750.820833333339 6916.1000000000013 32044.150000000005 78.750000000000014 38206.250000000007 7.8250000000000011 30317.850000000002 1.0000000180025095e-35 5745.7250000000013 478.0589815176711 148.90000000000001 141.75000000000003
decision_type=2 2 2 2 2 2 2 2 2 2 2 2 2 2 2 2 2 2 2 2 2 2 2 2 2 2 2 2 2 2 2 2 2 2 2 2 2 2 2 2 2 2 2 2 2 2 2 2 2 2
left_child=1 2 12 6 19 10 9 42 -7 -2 -6 37 13 23 -15 -16 17 18 49 20 21 22 -5 24 25 28 -25 -28 44 -29 43 32 -30 -32 -34 -36 -9 39 41 40 -11 -39 -8 -31 -1 -41 -14 -13 -10 -4
right_child=3 -3 16 4 5 8 7 36 48 11 -12 47 46 14 15 -17 -18 -19 -20 -21 -22 -23 -24 26 -26 -27 27 29 31 30 33 -33 34 -35 35 -37 -38 38 -40 45 -42 -43 -44 -45 -46 -47 -48 -49 -50 -51
leaf_value=-0.00068771187441246044 -0.0011216512895755898 0.00025714977372974095 0.0021617860717618592 -0.0011851732837753106 -2.820481696164172e-06 9.4928698631459934e-07 -5.7664876101745272e-06 -0.030356004603608558 -9.4133071574819894e-06 0.0013908374621543357 7.113240656223056e-05 -1.4718771563263818e-05 -2.7595108786970257e-07 7.8527003774220522e-06 -0.0013613358624699962 -5.4570131018342944e-07 -2.2784436006944915e-06 -6.9089838346420517e-07 1.3407751021359838e-06 -0.0011801449742101355 -0.0020033897589884194 7.1640602663027947e-05 -5.4887618669504661e-06 0.0013237205494357402 -0.0012149640064363714 6.5722113688170781e-05 -0.0012809622370203767 1.3658952056496831e-05 0.00046373290622558905 1.7283415853958166e-06 -2.7898292057843113e-06 -0.00012485794717273657 -0.00025365797139418326 4.897328489705188e-07 2.1880563470001273e-05 -2.2520143818879638e-05 -5.9991547152740083e-05 0.0020342176385233215 -6.4653885645129898e-06 3.7961440162349763e-05 -7.4122647083044665e-05 0.0013988986759196052 0.00084023781002902148 4.5733596887570014e-06 -2.6940550745358501e-05 -8.9358523971159193e-06 4.3767218206600571e-05 3.199096871654386e-07 -5.652004017930203e-06 0.00022477694167088143
leaf_weight=25 20 22 24 21 27 35 39 23 26 26 33 22 20 23 32 21 28 22 20 28 22 36 20 32 25 35 24 33 37 37 24 30 21 36 25 24 31 30 28 25 21 37 21 24 23 30 33 27 37 20
leaf_count=25 20 22 24 21 27 35 39 23 26 26 33 22 20 23 32 21 28 22 20 28 22 36 20 32 25 35 24 33 37 37 24 30 21 36 25 24 31 30 28 25 21 37 21 24 23 30 33 27 37 20
internal_value=-0.000126354 0.000347222 0.000243553 -0.000639098 -0.0012807 -0.000316456 -0.000157895 -0.00140351 -0.00142857 0.00037594 0.0015 0.000650407 0 -0.000178908 -0.00197368 -0.00311321 0.00149123 0.0022093 0.003125 -0.00248031 -0.00186869 -0.0011039 -0.00256098 0.000120879 -0.000428571 -9.09091e-05 0.000761905 0.000337079 -0.000567568 0.000844156 0.000289256 3.64964e-05 0.000607477 -0.001 -0.000428571 0.000510204 -0.00314815 0.00109137 0.00194737 0.000294118 0.00180851 0.00291045 0.000166667 0.00155738 -0.00229167 -0.001 0.00179245 -0.00112245 -0.00261905 0.00431818
internal_weight=1385 720 698 665 285 158 380 114 98 266 60 246 584 531 76 53 114 86 64 127 99 77 41 455 245 220 210 178 185 154 121 137 107 60 70 49 54 197 95 102 47 67 60 61 48 55 53 49 63 44
internal_count=1385 720 698 665 285 158 380 114 98 266 60 246 584 531 76 53 114 86 64 127 99 77 41 455 245 220 210 178 185 154 121 137 107 60 70 49 54 197 95 102 47 67 60 61 48 55 53 49 63 44
is_linear=0
shrinkage=0.005


Tree=81
num_leaves=54
num_cat=0
split_feature=70 44 24 68 95 94 21 23 20 30 20 29 71 29 24 7 23 70 69 24 7 2 89 24 63 88 19 73 19 24 20 31 31 43 30 79 2 7 7 86 2 34 70 1 23 37 31 37 90 16 35 37 88
split_gain=13.0929 11.1681 9.51291 15.6787 14.1167 12.0218 9.97347 10.1895 9.27735 9.0675 8.74183 8.46823 9.43506 8.06027 9.24528 8.12715 7.96239 9.17397 9.95301 8.76953 8.85996 7.74704 7.5416 7.33449 8.70495 7.14072 6.28651 6.09763 6.88176 7.90733 9.38889 7.6544 8.04762 6.32649 6.9888 5.85447 5.84464 5.65296 5.63568 5.30718 5.13778 5.04288 5.01059 4.61308 4.46769 4.40635 7.51572 4.58332 4.1806 3.67927 3.61797 3.27964 1.39487
threshold=960.50000000000011 2.5394999980926518 10.425000000000002 1236.3805000000002 1.0000000180025095e-35 730839.26409031276 26.625000000000004 5.7500000000000009 713.05000000000007 66.250000000000014 2201.9000000000005 89.250000000000014 1503.2500000000002 84.250000000000014 10.375000000000002 17.635000000000002 3.2500000000000004 854.40500000000009 25439.250000000004 12.725000000000001 1296.4200000000003 2844.9485000000004 1209.50480625 13.475000000000001 28252.750000000004 5259.9845833333338 857.10000000000014 1202.3975000000003 823.70000000000016 9.1750000000000025 1053.7500000000002 4.1750000000000016 7.2750000000000012 71.299999237060561 74.250000000000014 555.82095693518238 2645.5500000000006 149.85000000000005 20.835000000000004 1.0010000000000001 2687.2000000000003 99.750000000000014 1275.7500000000002 14843.150000000001 94.750000000000014 96.750000000000014 5.8250000000000011 77.750000000000014 1769.4652500000004 5911.5000000000009 26.825000000000006 96.750000000000014 5962.0341666666664
decision_type=2 2 2 2 2 2 2 2 2 2 2 2 2 2 2 2 2 2 2 2 2 2 2 2 2 2 2 2 2 2 2 2 2 2 2 2 2 2 2 2 2 2 2 2 2 2 2 2 2 2 2 2 2
left_child=10 13 3 4 26 9 7 -5 -9 48 16 12 51 49 15 -15 -1 18 -18 27 38 -16 -12 24 -11 39 40 28 33 30 50 -32 -33 34 -20 44 -25 -29 -21 -13 -3 -31 -26 -44 -19 47 -47 -35 -4 -2 -30 -10 -6
right_child=1 2 5 6 52 -7 -8 8 11 23 22 25 -14 14 21 -17 17 35 19 20 -22 -23 -24 36 42 -27 -28 37 29 41 31 32 -34 45 -36 -37 -38 -39 -40 -41 -42 -43 43 -45 -46 46 -48 -49 -50 -51 -52 -53 -54
leaf_value=0.00027868891925382516 -1.5847264916939759e-06 7.7618911596900252e-06 1.1238532745116063e-06 4.3331135823988064e-06 0.0012881580010716295 -0.00017817583930741218 -1.8782278196545757e-05 3.4985914602510747e-06 -6.2946126242671685e-06 6.1353843018869158e-06 -0.0021655153785231592 6.1437177544344499e-06 2.4514990363910379e-06 9.1854478684053749e-07 -4.4706701308132264e-07 -6.4650091730339305e-06 0.0025382051061977927 -0.00013943373122330224 -0.00019898551355898201 1.4930192697898622e-05 0.00059204842364536311 8.0333079324973624e-05 -2.6570457391817544e-06 -2.9515986479003919e-06 -0.0010736835991953977 4.7178250812623606e-06 0.0010400304835132949 2.9838605687491872e-05 0.001406750024910455 -0.0003472565566268014 -0.00011394795580538164 4.7272399355701798e-05 -2.0038882472482797e-05 -0.0001041572798863382 7.602966500437443e-05 -4.1119960147660718e-06 3.1993948555915016e-06 -1.0415715583060766e-05 -0.00011478730687007869 -1.14012977609454e-05 -0.00012198614415127603 -6.8366512249243292e-06 -2.781856427303507e-05 1.0093364693958764e-06 -0.0012093652386627361 1.0945504760786428e-05 -0.00059664584568710382 -0.00028047919255373086 0.00096366140432949977 -2.6276419966513657e-06 0.0048874679849727062 -5.6431587313891811e-05 0.0019495278032863334
leaf_weight=26 22 25 26 31 26 25 25 39 26 21 39 23 27 22 22 31 21 27 24 33 20 23 25 23 21 20 35 20 25 33 33 36 27 25 22 22 27 21 20 20 20 20 23 29 25 20 26 31 23 29 23 23 34
leaf_count=26 22 25 26 31 26 25 25 39 26 21 39 23 27 22 22 31 21 27 24 33 20 23 25 23 21 20 35 20 25 33 33 36 27 25 22 22 27 21 20 20 20 20 23 29 25 20 26 31 23 29 23 23 34
internal_value=-6.85921e-05 0.000384615 0.000692568 0.00117647 0.0025 -0.000137615 0.000384615 0.000741627 0.000280899 0.000284974 -0.000590062 -0.000323741 -0.00144737 -0.000838926 0 -0.00141509 -0.000396552 -0.000523466 -0.000270833 -0.000424837 0.00116438 0.00166667 -0.00234375 -0.000347222 -0.00117021 0.00103175 0.001125 -0.000725389 -0.000942029 -0.000329949 0.000277778 -0.000625 0.000396825 -0.00175676 -0.000217391 -0.00216216 0.0012 0.00109756 9.43396e-05 -0.000116279 -0.000111111 -0.00198113 -0.0019863 -0.00115385 -0.00307692 -0.00245098 -0.00130435 -0.00339286 0.00214286 -0.00245098 0.00208333 -0.0027551 0.00433333
internal_weight=1385 741 592 374 140 218 234 209 178 193 644 139 76 149 98 53 580 554 480 459 73 45 64 144 94 63 80 386 345 197 144 96 63 148 46 74 50 41 53 43 45 53 73 52 52 102 46 56 49 51 48 49 60
internal_count=1385 741 592 374 140 218 234 209 178 193 644 139 76 149 98 53 580 554 480 459 73 45 64 144 94 63 80 386 345 197 144 96 63 148 46 74 50 41 53 43 45 53 73 52 52 102 46 56 49 51 48 49 60
is_linear=0
shrinkage=0.005


Tree=82
num_leaves=52
num_cat=0
split_feature=61 35 21 95 68 21 32 3 24 82 68 83 32 88 21 35 26 41 41 68 21 21 98 19 78 19 78 27 14 24 3 45 26 60 3 33 35 88 24 66 79 24 10 81 80 61 24 3 21 37 8
split_gain=13.1655 10.0181 12.9954 11.123 12.2922 12.5232 9.23093 8.47687 8.3476 7.91569 7.73963 7.51888 10.7303 9.29883 7.46093 10.8357 8.9271 10.1937 10.0273 8.02193 7.7722 9.7815 12.6894 10.8893 8.70631 7.26286 6.93368 6.80828 6.67898 6.64245 6.63449 6.3 6.26615 6.20173 6.10769 5.89091 5.83393 5.743 5.47033 5.18652 5.15714 5.0625 4.84076 4.26667 4.2349 3.91314 3.58621 3.07201 2.85168 2.35875 1.67619
threshold=36230.400000000001 22.975000000000005 14.125000000000002 1.0000000180025095e-35 1196.7500000000002 26.325000000000006 33.250000000000007 15901.815000000001 9.2750000000000021 -993.14999999999986 972.45500000000004 2154.2500000000023 108.25000000000001 5647.3389583333346 17.775000000000002 26.275000000000002 81.250000000000014 82.750000000000014 59.250000000000007 781.96150000000011 27.925000000000004 26.875000000000004 0.46180555555555564 862.35000000000014 912.37950347222238 1235.4000000000003 872.18789236111127 31.750000000000004 15229.050000000001 8.3750000000000018 14576.600000000002 23682.500000000004 33.250000000000007 888.66700000000003 13757.450000000003 23.250000000000004 26.675000000000004 6258.0768749999997 6.9250000000000016 1187.0635000000002 536.45115836735056 9.8250000000000011 39796.450000000004 4265.6475197292866 35785.989930555559 32527.500000000004 6.2250000000000005 14018.950000000003 28.825000000000006 73.250000000000014 415.95586770981515
decision_type=2 2 2 2 2 2 2 2 2 2 2 2 2 2 2 2 2 2 2 2 2 2 2 2 2 2 2 2 2 2 2 2 2 2 2 2 2 2 2 2 2 2 2 2 2 2 2 2 2 2 2
left_child=1 32 6 9 8 11 -3 33 46 -4 42 12 13 28 35 16 17 18 27 -19 21 22 23 36 30 -25 -20 -16 -6 -13 48 -18 -1 43 -8 -11 -17 -7 -23 -37 50 -38 -9 -2 -27 -31 -5 -26 -22 -12 -14
right_child=7 2 3 4 5 37 34 10 -10 14 49 29 40 -15 15 20 31 19 26 -21 24 38 -24 25 47 44 -28 -29 -30 45 -32 -33 -34 -35 -36 39 41 -39 -40 -41 -42 -43 -44 -45 -46 -47 -48 -49 -50 -51 -52
leaf_value=1.1803967323618205e-06 -4.9599209181502439e-05 2.7801131765659677e-06 -0.00018618256020594352 0.00079681599265226158 -1.8211760409266955e-06 -8.538367023267901e-06 -2.7679471451669893e-05 0.00083580025898209774 0.00030356598574573596 -7.6304751443340222e-07 -0.00037068063806634176 -3.6377366567826367e-06 8.2656362478278326e-05 -6.0148809879335442e-06 2.0286115863276952e-05 -0.0008564998790617773 0.0001323571537561181 3.8198058171677832e-05 5.0298801403646327e-06 -0.0002790767965909622 0.0010512855593550168 -0.0012646425005383548 7.7230817038915742e-06 0.0030833646735003296 -0.0001663181747714089 -0.0011493886683723576 7.7949913032951052e-05 -6.3759831672756227e-05 2.3539129869753751e-05 -5.3237144618763225e-07 -1.449822682057946e-05 0.0010279055923705931 0.0012765546160153818 -7.3662120388495526e-07 -0.00073890445537749848 -0.001657858735746569 -0.00086640659099157774 -2.9203671966935817e-07 -7.7098970146242989e-05 -9.9911086592563072e-06 1.8459425092483267e-06 1.4726559224940236e-06 -1.6784894499324069e-05 -0.00020280849499454377 6.1129991656622781e-06 7.9473695266773021e-06 0.0028532037632607176 0.00023157694284670419 0.0031916759078592623 -6.7169860038843155e-06 9.260304075095317e-07
leaf_weight=29 30 22 33 32 21 20 29 23 36 36 20 36 22 21 34 20 24 23 23 35 24 27 35 35 20 23 36 20 26 32 22 21 20 29 32 21 32 29 38 23 30 32 22 30 21 23 26 21 23 23 20
leaf_count=29 30 22 33 32 21 20 29 23 36 36 20 36 22 21 34 20 24 23 23 35 24 27 35 35 20 23 36 20 26 32 22 21 20 29 32 21 32 29 38 23 30 32 22 30 21 23 26 21 23 23 20
internal_value=-5.41516e-05 0.00013245 3.88266e-05 0.000185874 0.000882353 0.000357143 -0.00186747 -0.00132768 0.00244681 -0.000185185 -0.000227273 0.000844156 0.00157143 0.000147059 -6.72646e-05 0.000127334 0.00101852 0.000497076 0.00137168 -0.0012069 -0.00038874 -0.000855513 -0.00030303 -0.000889571 0.000727273 0.000443038 0.00279661 -0.000185185 0.00138298 -0.000274725 0.00181159 0.003 0.00234694 -0.00241573 -0.00286885 -0.0015 -0.00214286 -0.00193878 -0.00253846 -0.00272727 0.00291667 -0.00140625 0.00122222 -0.00333333 -0.000909091 0.000818182 0.00362069 -0.00109756 0.00287234 -0.00174419 0.00404762
internal_weight=1385 1208 1159 1076 374 280 83 177 94 702 88 231 140 68 669 589 216 171 113 58 373 263 198 163 110 79 59 54 47 91 69 45 49 89 61 80 84 49 65 44 72 64 45 60 44 55 58 41 47 43 42
internal_count=1385 1208 1159 1076 374 280 83 177 94 702 88 231 140 68 669 589 216 171 113 58 373 263 198 163 110 79 59 54 47 91 69 45 49 89 61 80 84 49 65 44 72 64 45 60 44 55 58 41 47 43 42
is_linear=0
shrinkage=0.005


Tree=83
num_leaves=53
num_cat=0
split_feature=66 98 23 68 63 3 21 83 5 3 83 21 20 16 92 60 2 44 74 66 24 8 27 82 24 67 68 37 36 56 23 6 11 33 21 38 79 76 16 24 64 20 5 92 26 63 38 16 33 37 5 64
split_gain=9.50459 10.8911 10.233 9.22898 11.1958 10.2872 9.20004 8.79168 8.67333 11.7685 8.20455 8.14356 7.12354 7.72014 8.08808 7.00379 9.78605 6.94503 8.45364 7.76436 8.03443 10.261 7.46118 8.96819 9.69755 6.87619 6.85772 6.55787 8.06203 6.28635 8.1 5.67151 5.6116 5.47147 15.6012 7.01931 5.43441 4.90083 6.92939 9.65489 13.1789 6.09058 4.73218 4.64362 4.60007 5.16218 4.47195 4.22525 4.17517 3.39411 2.71515 2.47463
threshold=1386.2 0.48263888888888895 22.250000000000004 901.74750000000006 32859.650000000001 15860.650000000003 16.425000000000004 499.9500000000026 3595.5150000000003 12853.300000000001 1480.6999999999991 20.025000000000002 1645.3500000000001 4506.4000000000005 22562.585387500007 1467.0000000000002 2802.7500000000005 2.7389999628067021 338.91555208333341 1301.1500000000003 6.0750000000000011 402.45050000000009 21.750000000000004 -0.22949999999999995 10.525000000000002 30221.450000000001 1747.8555000000003 63.250000000000007 86.750000000000014 1.0000000180025095e-35 4.2500000000000009 3698.5950000000007 37932.850000000006 70.750000000000014 25.925000000000004 5.7750000000000012 231.39012309536369 33230.712500000001 5142.9500000000007 6.3750000000000009 700.50000000000011 884.6500000000002 7837.7500000000009 28772.065431250008 5.7500000000000009 29796.950000000004 6.9250000000000016 6595.9500000000007 64.250000000000014 96.750000000000014 5960.1550000000016 1503.3375000000003
decision_type=2 2 2 2 2 2 2 2 2 2 2 2 2 2 2 2 2 2 2 2 2 2 2 2 2 2 2 2 2 2 2 2 2 2 2 2 2 2 2 2 2 2 2 2 2 2 2 2 2 2 2 2
left_child=2 6 29 4 7 32 31 -4 33 48 43 51 13 -9 -15 -12 36 27 -19 20 25 -22 -23 24 -24 -20 49 -5 -29 46 -31 -2 -6 35 -35 -3 -17 38 -16 -40 -41 -39 -25 -11 -13 -46 -1 -34 -10 -18 -38 -8
right_child=1 8 3 17 5 -7 11 12 9 10 15 44 -14 14 37 16 26 18 19 -21 21 22 23 42 -26 -27 -28 28 -30 30 -32 -33 47 34 -36 -37 50 41 39 40 -42 -43 -44 -45 45 -47 -48 -49 -50 -51 -52 -53
leaf_value=7.3580853150873004e-06 -0.00026722651520587863 -1.2692509591166517e-07 -0.00018445305431146256 6.3278507485395732e-06 -3.66352784410229e-07 5.8560834061754424e-05 0.00041011057438770259 -0.00062410213370325005 -0.00013269424288963515 8.8430908123659718e-06 -0.00055990015074432588 -4.6182424566553066e-07 0.00042077001273858238 -3.781028107821856e-05 0.0011511053934089746 4.4106259842845421e-06 2.9950207992720135e-06 -0.0012781560449407097 -3.2922060309813284e-06 -0.0005941115873740187 -0.00070046698943306929 -0.00068164675459663783 0.00039750775941283591 6.7632608286774391e-05 -0.00054424234976772185 -0.00031233891099849892 -2.1238530261320767e-07 -0.00026104406135745058 7.6850008569216013e-06 -0.00015874162229537764 1.00420520220257e-05 2.5235967140559872e-06 -0.00089816182826158711 2.309859427701212e-06 -6.6590743881206067e-06 -2.7541074094411541e-05 -1.4558103776740546e-07 0.0024380650500139766 -0.00042761061526779611 0.0024532873765814676 -7.1936770436455705e-05 5.6229043133802167e-05 3.8092949443397086e-05 2.3629279059355612e-06 3.0678474319374087e-06 3.3282192466344495e-05 0.0022371333633029746 -2.6375961363563132e-05 -2.7504296217611806e-07 0.0004839729487015276 -6.7186279833735355e-06 0.00086872383204275789
leaf_weight=25 20 22 23 34 22 37 26 22 21 25 22 34 28 37 25 20 22 35 21 33 32 22 22 30 26 35 21 36 26 20 20 38 39 23 27 27 22 23 20 29 20 25 23 23 31 35 22 28 22 23 20 21
leaf_count=25 20 22 23 34 22 37 26 22 21 25 22 34 28 37 25 20 22 35 21 33 32 22 22 30 26 35 21 36 26 20 20 38 39 23 27 27 22 23 20 29 20 25 23 23 31 35 22 28 22 23 20 21
internal_value=-8.30325e-05 0.000431193 -0.000416667 -0.00060425 -5.29101e-05 -0.00126984 0.00134146 0.000555556 -0.000117647 0.000394191 0.000909091 0.0020068 0.000851528 0.000522388 0.000865922 0.000333333 0.00078125 -0.00116 -0.00155914 -0.00122951 -0.000876777 -0.000290323 0.000365854 0.000940594 -0.000625 -0.0025 0.00212121 0 -0.000967742 0.0012069 -0.00025 -0.000344828 -0.00219101 -0.00136364 -0.0002 -0.00255102 -0.000645161 0.00140845 0.000744681 -7.24638e-05 0.00112245 0.00270833 0.00235849 0.00270833 0.0012 0.0019697 0.00244681 -0.00291045 -0.00197674 0.00322222 -0.00166667 0.0037234
internal_weight=1385 545 840 753 378 126 205 252 340 241 198 147 229 201 179 150 128 375 279 244 211 155 123 101 48 56 66 96 62 87 40 58 89 99 50 49 62 142 94 69 49 48 53 48 100 66 47 67 43 45 42 47
internal_count=1385 545 840 753 378 126 205 252 340 241 198 147 229 201 179 150 128 375 279 244 211 155 123 101 48 56 66 96 62 87 40 58 89 99 50 49 62 142 94 69 49 48 53 48 100 66 47 67 43 45 42 47
is_linear=0
shrinkage=0.005


Tree=84
num_leaves=52
num_cat=0
split_feature=70 71 16 68 67 11 65 2 20 70 81 38 68 38 20 84 78 13 2 40 2 26 0 67 71 40 8 16 17 13 39 76 65 60 65 0 65 76 26 94 39 2 38 11 60 78 70 68 26 56 23
split_gain=10.2561 8.23069 8.94157 8.50827 10.5257 10.0344 7.91011 9.78302 7.58955 8.34613 8.20202 10.3209 11.4951 9.11703 8.25351 8.17478 10.1234 7.18567 11.411 7.11035 10.7525 10.1729 6.95052 9.80957 9.48129 7.4608 7.45802 8.55288 6.8555 8.58669 7.03954 6.30984 8.67857 6.17609 6.1862 6.13927 6.05803 10.1613 8.46561 5.77361 5.46408 5.17695 5.00961 4.9 4.82831 4.19048 3.98729 3.86299 3.42857 3.06122 1.39363
threshold=960.50000000000011 1744.7505000000003 5995.2000000000007 997.60000000000014 34294.100000000013 31515.150000000005 24813.600000000002 2279.8000000000006 1373.95 872.16300000000012 4133.4101707823311 9.7750000000000021 1.0660000000000003 7.5750000000000011 649.35000000000002 307.29959375000004 448.35056250000008 11542.050000000001 2807.9500000000003 66.250000000000014 3140.2585000000004 14.750000000000002 30726.750000000004 36601.350000000013 1200.0500000000002 114.75000000000001 419.29539473684218 6073.7000000000016 136.85000000000002 3173.4500000000003 139.25000000000003 30995.109375 32591.600000000002 1502.0000000000002 27145.300000000003 28533.500000000004 33393.450000000004 33386.839583333342 50.250000000000007 585225.35270406271 186.25000000000003 3358.8000000000006 9.2750000000000021 36777.700000000004 1422.5025000000003 389.77854166666674 919.17300000000012 1.1920000000000004 54.750000000000007 0.6078576107927941 81.250000000000014
decision_type=2 2 2 2 2 2 2 2 2 2 2 2 2 2 2 2 2 2 2 2 2 2 2 2 2 2 2 2 2 2 2 2 2 2 2 2 2 2 2 2 2 2 2 2 2 2 2 2 2 2 2
left_child=8 3 -3 4 33 44 -7 -8 9 10 11 13 -13 15 43 -1 -17 18 -18 47 21 -21 24 25 35 28 27 -27 30 -30 31 -24 -33 34 -2 -9 37 -16 -38 -26 -22 -42 -4 -12 -5 -39 -11 -10 -47 -32 -35
right_child=1 2 42 5 -6 6 7 22 19 46 14 12 -14 -15 36 16 17 -19 -20 20 40 -23 23 -25 39 26 -28 -29 29 -31 49 32 -34 50 -36 -37 38 45 -40 -41 41 -43 -44 -45 -46 48 -48 -49 -50 -51 -52
leaf_value=-3.2509844021248986e-05 0.001312340219197753 1.4672338901718378e-06 -3.850054196949928e-06 -2.0361028552741948e-05 -7.1088254445324315e-05 4.3538120475874979e-05 -0.00065430620070410493 -8.7605812323850171e-07 -7.6289962808989114e-06 -0.00075921816139480982 -8.1278736968619218e-05 0.00083132845351687845 -0.0011351034674709967 0.00093721344230359403 -8.0716106495822202e-05 0.0027421775127691077 0.00010546166454214648 0.00017875355268450553 -6.7294302333329619e-05 -0.00093812132700025423 -7.7323493531685285e-06 0.00052403555074946281 0.00010721577561004255 -6.2841606601992661e-06 5.0806796289979968e-06 1.7924530391990964e-05 -4.9460218690250012e-06 -1.7475733625221166e-06 3.187011540510852e-06 -2.4940422091691096e-06 3.3115781504012766e-05 -2.8720622343954097e-05 0.00063072456836284316 0.0011144236555255514 -2.1245061158493864e-06 -0.00021143484964400954 3.4975523741442017e-05 8.4686809185052619e-07 -0.00014141411495705784 -3.3861202859895109e-06 -0.015976586556892099 -1.967714552062639e-05 -2.452485746651886e-07 -0.0011744014664144898 -0.001851151323940809 0.0025305401432367111 -6.4765435006626838e-05 -0.0021456015318059261 1.5023380692455492e-05 3.4108483196035517e-06 0.0016054780614590974
leaf_weight=27 26 24 31 21 34 29 21 25 21 26 20 25 32 28 38 21 36 27 22 23 25 29 35 34 25 26 31 33 37 24 25 27 21 21 35 33 21 24 27 24 20 23 20 20 26 21 31 36 21 24 29
leaf_count=27 26 24 31 21 34 29 21 25 21 26 20 25 32 28 38 21 36 27 22 23 25 29 35 34 25 26 31 33 37 24 25 27 21 21 35 33 21 24 27 24 20 23 20 20 26 21 31 36 21 24 29
internal_value=-9.74729e-05 0.000303644 -0.00126667 0.00048048 0.00155172 0.000182342 0.000400844 0.000235955 -0.000559006 -0.000224839 2.43902e-05 0.000688073 -0.00114035 0.0013354 -0.000729167 0.000789474 0.00141509 0.000647059 -0.000344828 -0.00144068 -0.00075 0.000961538 0.000400943 0.000772871 -0.000700935 0.00107774 -0.000111111 0.000932203 0.00163212 0.000245902 0.00227273 0.00138554 0.000208333 0.0022973 0.00122951 -0.00206897 -0.000197368 0.000480769 -0.00166667 0.000918367 -0.00205882 -0.00313953 -0.00245098 -0.00275 -0.00202128 0.00166667 -0.00201754 -0.00289474 0.00261905 0.00377551 0.0036
internal_weight=1385 741 75 666 145 521 474 445 644 467 410 218 57 161 192 133 106 85 58 177 120 52 424 317 107 283 90 59 193 61 132 83 48 111 61 58 152 104 48 49 68 43 51 40 47 66 57 57 42 49 50
internal_count=1385 741 75 666 145 521 474 445 644 467 410 218 57 161 192 133 106 85 58 177 120 52 424 317 107 283 90 59 193 61 132 83 48 111 61 58 152 104 48 49 68 43 51 40 47 66 57 57 42 49 50
is_linear=0
shrinkage=0.005


Tree=85
num_leaves=51
num_cat=0
split_feature=70 72 97 94 94 34 72 44 20 72 69 40 24 68 73 6 34 83 25 59 23 39 11 90 25 72 11 92 90 0 40 77 31 46 31 73 82 11 88 11 2 70 8 0 88 11 19 77 44 43
split_gain=14.0833 9.90643 9.72913 9.31925 9.0482 8.54031 7.91834 10.4263 8.39083 8.84347 7.48138 7.3272 6.6331 7.03158 9.72222 9.10641 6.74932 6.73906 7.81586 7.3003 7.0941 7.55836 6.97671 6.87619 6.47171 6.45278 6.38346 10.863 6.61463 6.08201 7.02331 7.26995 9.46097 6.97582 7.999 6.03077 12.8712 5.94445 5.52978 5.37557 5.26753 4.84844 5.74569 4.81091 5.08898 4.54822 4.46377 3.86551 3.79331 3.68998
threshold=962.50000000000011 1409.1010000000003 0.19791666666666671 484837.9174428127 818554.85683156271 41.250000000000007 962.50000000000011 2.7005000114440922 149.90000000000003 1014.2475000000001 30175.400000000005 72.750000000000014 16.125000000000004 910.25000000000011 1233.3210000000001 2433.1700000000005 121.75000000000001 1997.5499999999995 187.00000000000003 -0.68301270189221952 83.250000000000014 186.25000000000003 36003.100000000006 1881.2209500000006 179.75000000000003 0.91350000000000009 31515.150000000005 29333.090850000004 651.90825000000018 27742.800000000003 134.75000000000003 3906.0113154911 5.7250000000000005 105.09499740600587 8.7250000000000014 1081.8975000000003 0.10799999999998545 36480.80000000001 5200.3677083333341 41704.750000000007 3267.4500000000003 1.0110000000000003 407.65705128205133 33254.80000000001 5023.8300000000008 35508.05000000001 988.70000000000016 3890.1211616643091 3.2879999876022343 81.40000152587892
decision_type=2 2 2 2 2 2 2 2 2 2 2 2 2 2 2 2 2 2 2 2 2 2 2 2 2 2 2 2 2 2 2 2 2 2 2 2 2 2 2 2 2 2 2 2 2 2 2 2 2 2
left_child=1 3 49 -1 6 -5 7 -2 -8 -10 11 -9 13 15 41 -7 17 18 25 -20 23 47 -23 -19 -24 -17 -11 28 -28 -30 31 32 -31 34 -34 39 43 -36 -32 46 -38 42 -15 44 -37 -12 -33 -22 -43 -3
right_child=4 2 -4 5 -6 12 8 10 9 26 45 -13 -14 14 -16 16 -18 20 19 -21 21 22 24 -25 -26 -27 27 -29 29 30 38 35 33 -35 37 36 40 -39 -40 -41 -42 48 -44 -45 -46 -47 -48 -49 -50 -51
leaf_value=0.00068577994829969373 -6.2033050153997712e-06 -0.002045554504842173 2.3501758504286125e-06 0.00029318027268448511 -0.00010248316321404383 -1.4023517411620333e-05 -0.00078728275649921119 -1.0283225447383214e-05 -0.00017607651901246056 -0.001403574305754843 0.00020038560450858994 0.0013456406912748121 0.00012765428076461029 -0.0009122851273175559 9.1506264344074043e-06 8.0045178509892645e-06 0.00054777341822267078 -0.0002608985358719915 2.9643962200601116e-06 0.0028523657557706006 -0.00039903362845295908 9.6812672182704999e-05 0.00037162153484931294 -7.5908512994944166e-06 -0.00032524466633054161 -0.0004304744263438654 3.7906864986796293e-05 5.9230426880574311e-06 -4.6697813937618528e-05 -4.7130396605607642e-07 -1.1285477430712136e-05 4.5354842989685767e-06 1.1042370472187264e-05 4.1707820356779814e-06 5.0552762308530071e-06 -9.5717501106298792e-07 -0.00023093007898035596 -7.7052476635482393e-07 2.6759255427107207e-07 3.9234670349062425e-06 -1.5558279708084267e-06 -1.9558968202405732e-05 -8.6660986498059362e-07 -1.2237360737259287e-06 5.836915174652883e-06 0.0018463034981033636 -0.00028174553941242664 -8.5467164015935799e-06 -0.0010113639141818419 -0.000242470774652915
leaf_weight=22 33 30 27 30 20 34 23 24 20 38 20 37 27 32 32 38 23 35 20 23 21 26 30 21 21 27 21 28 32 36 22 23 23 21 25 27 22 22 36 34 20 21 33 20 28 37 21 20 26 28
leaf_count=22 33 30 27 30 20 34 23 24 20 38 20 37 27 32 32 38 23 35 20 23 21 26 30 21 21 27 21 28 32 36 22 23 23 21 25 27 22 22 36 34 20 21 33 20 28 37 21 20 26 28
internal_value=-0.000169118 -0.000703246 -0.00229412 -0.000462633 0.000315568 -0.000592593 0.000411255 0.00142384 0.000129151 0.000260116 0.00211864 0.000901639 -0.000745098 -0.000879917 -0.00180556 -0.000486726 -0.000213115 -0.000425532 0.000555556 0.0022093 -0.00103448 -0.000338983 0.000584416 -0.0025 -0.000490196 -0.000538462 0.000390782 0.000553145 0.000357968 0.000218447 0.000394737 0.00068323 0.00161417 0.00247253 0.00171429 7.69231e-05 -0.000641026 0.000531915 -0.0012069 0.00115385 -0.00285714 -0.0025 -0.00161538 0.0006 0.00136364 0.00342105 0 -0.00207317 -0.0037234 -0.00344828
internal_weight=1360 647 85 562 713 540 693 151 542 519 118 61 510 483 144 339 305 282 108 43 174 118 77 56 51 65 499 461 433 412 380 322 127 91 70 195 117 47 58 78 42 112 65 75 55 57 44 41 47 58
internal_count=1360 647 85 562 713 540 693 151 542 519 118 61 510 483 144 339 305 282 108 43 174 118 77 56 51 65 499 461 433 412 380 322 127 91 70 195 117 47 58 78 42 112 65 75 55 57 44 41 47 58
is_linear=0
shrinkage=0.005


Tree=86
num_leaves=52
num_cat=0
split_feature=64 69 68 67 39 33 38 41 10 34 41 39 69 21 60 38 81 5 34 91 81 71 86 34 71 36 91 38 65 38 47 41 26 76 81 60 7 67 7 65 81 39 44 72 79 39 26 67 46 81 26
split_gain=14.9588 10.1569 9.98291 8.86503 7.81476 8.46655 8.82209 8.34568 8.47443 7.78892 9.47033 8.99253 8.59706 8.68515 11.456 7.61914 7.30243 7.19752 6.92522 9.13651 7.44904 6.72883 6.4 6.33102 6.18387 7.0699 10.0762 9.15238 8.14632 5.82061 5.55172 5.3346 5.45684 8.1 5.6388 4.97097 8.3856 4.86532 4.6093 5.83585 4.53375 4.52308 4.48048 5.60333 5.62877 4.21037 4.10894 3.3858 3.11319 1.78686 1.04833
threshold=892.15350000000012 31424.500000000004 1500.1820000000002 34450.200000000004 195.75000000000003 173.25000000000003 6.6250000000000009 55.750000000000007 34574.700000000004 70.750000000000014 56.250000000000007 140.25000000000003 24286.800000000003 18.075000000000006 1274.7500000000002 4.0750000000000011 4447.1675605111841 3725.52 121.75000000000001 27112.117218750005 3996.4766508331059 1334.6255000000003 0.10100000000000002 76.750000000000014 1602.2500000000002 82.250000000000014 27189.602975000005 6.325000000000002 29687.750000000004 5.3750000000000009 1.0000000180025095e-35 67.250000000000014 19.250000000000004 38011.26666666667 4498.202004765365 0.10200000000000002 853.78000000000009 28030.750000000004 17.565000000000005 34576.05000000001 3739.1029556432354 165.75000000000003 2.5984998941421513 1361.0500000000002 478.69987706018088 175.75000000000003 5.7500000000000009 32416.050000000003 105.54500198364259 4441.8903730765942 92.250000000000014
decision_type=2 2 2 2 2 2 2 2 2 2 2 2 2 2 2 2 2 2 2 2 2 2 2 2 2 2 2 2 2 2 2 2 2 2 2 2 2 2 2 2 2 2 2 2 2 2 2 2 2 2 2
left_child=1 4 18 9 7 6 -6 -1 37 10 12 -11 -2 14 -14 -12 24 -16 19 23 40 -15 -7 -3 25 -13 -27 28 -28 -19 42 -22 33 -33 35 36 -34 -9 -5 48 -21 -4 -17 -44 -45 -41 -32 -26 49 -40 -42
right_child=3 2 41 38 5 22 -8 8 -10 11 15 16 13 21 17 30 -18 29 -20 20 31 -23 -24 -25 47 26 27 -29 -30 -31 46 32 34 -35 -36 -37 -38 -39 39 45 50 -43 43 44 -46 -47 -48 -49 -50 -51 -52
leaf_value=0.00030157487855765125 0.0011539082042514267 8.9237484915486657e-05 -0.0022696201585986208 6.4471699161831374e-06 7.7818942013767344e-06 0.0023607871213797678 0.0013075712435358894 -8.8690372383435102e-05 0.00031733257317161665 8.0276177624456713e-06 9.8582357654452494e-05 4.8604311206500973e-06 -0.00076809313032172788 2.2523827113193678e-05 -0.00011879668854260435 2.3801981501277646e-08 9.4196849795682893e-06 -6.2188018372892197e-06 0.00030770513868908183 -3.2513690564747826e-05 4.3462768120634486e-05 -4.4586561177512347e-07 -0.00014266220962172731 -2.6945667036612486e-06 -5.5901713695324865e-06 -7.832669950410386e-05 5.4556279417312507e-06 8.493589603591994e-05 -4.1105258060886632e-05 3.8361175683108795e-06 -9.030422739213749e-05 -0.00041962927717698116 -3.0721071469490034e-05 6.6004334905379186e-05 -0.00060615333234756484 4.2754996626696115e-06 -4.1372687113125643e-08 -0.0010817479322352626 -0.0008878183769435086 1.7005398604004317e-05 -0.00017820608326972633 -0.00043801856143158257 0.001221933129990795 4.3006885480230305e-06 5.6805105541023375e-07 -3.4873756393131029e-06 0.00024590444227528293 -7.0767237312014015e-07 -2.6687755667367754e-06 -1.3916062265233963e-05 -0.00054926448422571404
leaf_weight=27 31 23 26 26 23 20 30 27 21 31 28 32 35 31 29 25 22 25 20 23 32 26 20 28 33 35 22 28 20 30 21 20 21 20 31 32 20 33 20 22 20 39 30 21 29 26 20 26 34 23 23
leaf_count=27 31 23 26 26 23 20 30 27 21 31 28 32 35 31 29 25 22 25 20 23 32 26 20 28 33 35 22 28 20 30 21 20 21 20 31 32 20 33 20 22 20 39 30 21 29 26 20 26 34 23 23
internal_value=-0.000125 -0.000734024 -0.00121693 0.000326504 0.000174129 0.00123656 0.00254717 -0.000740741 -0.00154321 0.000587302 0.00103675 -0.000100402 0.00031401 -0.000113636 -0.000882353 0.00189655 -0.000458716 0.000119048 -0.000846645 -0.00104096 -0.00144628 0.00149123 -0.0005 0.000882353 -0.000765306 -0.000182482 -0.000809524 0.000285714 -0.00119048 0.00118182 0.00143836 -0.000909091 -0.00131944 0.00025 -0.00192308 -0.00116438 -0.00231707 -0.0025 -0.000761589 -0.00116 -0.00287879 -0.003 0.00204762 0.002625 0.0016 0.000208333 -0.000121951 -0.00211864 -0.00201299 -0.00290698 -0.00383721
internal_weight=1360 579 378 781 201 93 53 108 81 630 381 249 207 176 119 174 218 84 313 293 242 57 40 51 196 137 105 70 42 55 146 176 144 40 104 73 41 60 151 125 66 65 105 80 50 48 41 59 77 43 43
internal_count=1360 579 378 781 201 93 53 108 81 630 381 249 207 176 119 174 218 84 313 293 242 57 40 51 196 137 105 70 42 55 146 176 144 40 104 73 41 60 151 125 66 65 105 80 50 48 41 59 77 43 43
is_linear=0
shrinkage=0.005


Tree=87
num_leaves=53
num_cat=0
split_feature=84 40 88 76 16 34 21 5 29 17 78 23 26 29 21 60 13 63 91 26 28 17 13 91 35 38 32 28 36 60 23 30 94 28 6 91 16 32 10 75 13 34 36 36 23 47 34 8 94 94 99 0
split_gain=14.3916 11.377 11.8872 10.8425 15.5794 9.55102 9.799 8.73486 8.08908 7.81641 7.55791 7.19115 7.32971 7.97727 6.82659 14.8942 8.20189 10.2445 16.6207 6.75052 11.7891 12.7244 10.2553 9.82363 8.61692 12.7004 6.71723 7.61064 6.37296 6.06517 5.24454 5.22939 9 7.6847 9.68 5.10968 4.9 4.89458 4.83951 5.07037 4.26511 3.88658 3.6 3.49249 3.40102 5.82511 2.60999 2.38095 2.13333 1.77778 0.9 0.4
threshold=800.07512500000007 68.750000000000014 2574.8735416666673 29304.100000000002 6484.6500000000005 71.750000000000014 20.125000000000004 12612.895000000002 83.750000000000014 1.55 343.11945138888899 95.250000000000014 63.250000000000007 80.750000000000014 16.725000000000005 1065.5325000000003 2769.1500000000001 27482.300000000003 28896.050043750005 2.2500000000000004 28.075000000000006 108.65000000000002 4191.5500000000011 28337.697525 26.025000000000002 7.1250000000000009 253.75000000000003 29.475000000000005 77.750000000000014 1778.5500000000002 50.250000000000007 54.250000000000007 615147.63983750029 23.775000000000002 4683.3350000000009 30482.800862500004 6554.6500000000005 216.25000000000003 38446.55000000001 490.64145804114008 2898.9500000000003 85.750000000000014 79.750000000000014 87.750000000000014 55.250000000000007 1.0000000180025095e-35 87.750000000000014 415.61934210526323 730839.26409031276 515480.02760687511 0.55208333333333337 33977.250000000007
decision_type=2 2 2 2 2 2 2 2 2 2 2 2 2 2 2 2 2 2 2 2 2 2 2 2 2 2 2 2 2 2 2 2 2 2 2 2 2 2 2 2 2 2 2 2 2 2 2 2 2 2 2 2
left_child=1 10 -3 8 7 9 -7 11 -4 -2 47 30 13 -13 15 -11 28 -18 -19 35 21 24 36 46 -21 41 -25 -28 -17 31 -5 32 -16 40 -35 42 -23 -6 -39 -40 49 -26 -8 -36 -12 48 -22 -1 51 -33 -32 -46
right_child=5 2 3 4 37 6 19 -9 -10 14 44 12 -14 -15 29 16 17 18 -20 20 23 22 -24 26 25 -27 27 -29 -30 -31 50 33 -34 34 43 -37 -38 38 39 -41 -42 -43 -44 -45 45 -47 -48 -49 -50 -51 -52 -53
leaf_value=-1.2070902266217374e-05 0.0010628413889075044 -0.032042989728191737 0.0013079665353460518 -1.3847423859831144e-05 0.0017138999116876753 5.730700861324852e-06 -1.4836561124390995e-06 2.4494769106791268e-06 -1.3113021092294949e-06 -0.00077913039193919708 -1.2172939913454098e-05 -0.0015019289840214195 0.0010331367682171325 -2.2146785081121329e-07 -4.7173382968938385e-05 1.5084568777463943e-07 0.00047545180809351821 -1.0280257021537825e-05 1.1231354539341832e-05 1.1523461136823371e-05 -1.0015988197763629e-05 4.3347674757232741e-06 0.00017562351964391424 8.881951810102102e-05 -0.00011247726725201357 1.257623247254627e-05 -0.00053231512964116618 2.1892490531574572e-06 -0.00039394922422150653 -9.5015980794879731e-07 -0.00066644477346551991 5.6811577248970124e-06 2.0115761142888175e-05 -6.7661802896666824e-05 0.0006060359220359619 -9.2983792617534618e-08 -2.2516656528232825e-06 -2.0381263615426943e-05 -7.841638363532106e-06 0.015944962487797826 0.00035291429334500179 -0.00010222546153537032 -0.0010793118202451176 1.9338389617118336e-06 -0.00081830307542479558 -0.00038107271612423325 -0.0020015249864474096 7.504191487897385e-06 -0.00095340539624332618 0.00012546241248054496 -0.0013266757589333086 -0.00090792961482109771
leaf_weight=21 30 23 37 28 28 29 20 36 34 21 27 22 21 26 32 35 21 27 30 29 20 20 29 21 22 29 24 38 24 37 20 20 32 30 23 22 20 27 24 30 34 20 20 22 20 28 21 21 20 25 20 20
leaf_count=21 30 23 37 28 28 29 20 36 34 21 27 22 21 26 32 35 21 27 30 29 20 20 29 21 22 29 24 38 24 37 20 20 32 30 23 22 20 27 24 30 34 20 20 22 20 28 21 21 20 25 20 20
internal_value=-4.41176e-05 -0.000684803 -0.000212766 1.41643e-05 -0.000425532 0.000368803 -0.000208333 -0.00135838 0.00176056 0.000869074 -0.00181529 -0.00193431 -0.000797101 -0.001875 0.000690073 -0.000126582 0.000474453 0.00153846 0.000438596 -0.00043662 -0.000119454 0.000739645 0.0023913 -0.00129032 -0.0004 -0.00133803 -0.000301205 -0.00112903 -0.000932203 0.00119608 -0.00308824 0.00151376 0.0003125 0.00201299 0.000866667 -0.00193548 0.00075 0.00105505 0.000432099 0.0012963 0.00310127 -0.00309524 -0.003 0.00233333 -0.00247826 -0.00295455 -0.00329268 0 -0.00383333 0.00411111 -0.00425 -0.0045
internal_weight=1360 533 376 353 282 827 384 173 71 443 157 137 69 48 413 158 137 78 57 355 293 169 69 124 100 71 83 62 59 255 68 218 64 154 75 62 40 109 81 54 79 42 40 45 115 88 41 42 60 45 40 40
internal_count=1360 533 376 353 282 827 384 173 71 443 157 137 69 48 413 158 137 78 57 355 293 169 69 124 100 71 83 62 59 255 68 218 64 154 75 62 40 109 81 54 79 42 40 45 115 88 41 42 60 45 40 40
is_linear=0
shrinkage=0.005


Tree=88
num_leaves=51
num_cat=0
split_feature=62 40 69 72 78 74 42 19 21 72 40 0 67 75 67 74 41 67 90 23 21 17 81 0 25 88 64 26 28 89 28 0 75 21 17 90 20 30 21 28 34 25 40 14 43 79 17 44 42 99
split_gain=14.7496 11.1481 12.1151 11.2745 10.4896 9.60011 7.71923 7.22847 10.7591 7.55808 8.62723 6.99828 8.75658 6.77389 6.20499 7.37173 5.92246 7.34675 9.16825 8.09911 9.61668 10.6865 9.03287 7.71429 7.09575 6.38821 6.32368 5.73928 5.68232 6.68896 5.6467 6.53099 6.16204 5.627 5.36375 7.50005 5.96002 5.47299 5.10654 4.75221 5.68534 6.89713 4.37576 3.94644 3.80501 3.65134 3.41333 3.39394 3.90288 3.27797
threshold=1275.3305000000003 47.750000000000007 25439.250000000004 1365.6245000000001 1231.3931493055559 819.84539583333333 193.75000000000003 862.35000000000014 28.775000000000002 1104.7000000000003 70.250000000000014 27519.650000000005 29633.550000000007 620.34307792491506 28030.750000000004 1231.8487604166669 96.750000000000014 34294.100000000013 1496.2846500000003 86.250000000000014 22.975000000000005 44.050000000000004 4471.7510805839147 35238.000000000007 18.750000000000004 6120.4277083333336 1778.5500000000002 120.00000000000001 24.875000000000004 1013.46350625 27.725000000000005 30826.550000000003 520.9603907296065 27.175000000000001 105.90000000000002 2179.2361500000006 986.00000000000011 98.750000000000014 25.625000000000004 27.075000000000006 86.750000000000014 223.25000000000003 129.25000000000003 16891.100000000002 83.040000915527358 516.90924566878755 127.95 3.0444999933242802 111.20000076293947 0.32291666666666669
decision_type=2 2 2 2 2 2 2 2 2 2 2 2 2 2 2 2 2 2 2 2 2 2 2 2 2 2 2 2 2 2 2 2 2 2 2 2 2 2 2 2 2 2 2 2 2 2 2 2 2 2
left_child=1 30 -3 7 6 -2 47 9 13 10 -4 12 -7 34 33 39 17 19 23 20 21 -13 24 -19 -21 26 28 -10 29 -26 31 -1 -32 -12 37 36 -36 -9 -22 43 41 -41 -27 -16 -14 -33 -15 48 -5 -42
right_child=5 2 3 4 -6 11 -8 8 27 -11 14 16 44 46 15 -17 -18 18 -20 22 38 -23 -24 -25 25 42 -28 -29 -30 -31 32 45 -34 -35 35 -37 -38 -39 -40 40 49 -43 -44 -45 -46 -47 -48 -49 -50 -51
leaf_value=-0.00075544962783422531 -0.00014910584162263534 0.0011480825064574729 -0.0009041416872485272 -0.0016923148635572996 2.2696527089000119e-06 0.00036439127838674013 3.4263608319747375e-07 0.00039320250763177043 9.628840577448361e-07 0.00010157792481174416 -0.00034653192810958763 8.8192161314512785e-05 -1.9426165460282858e-05 -2.0282314112457843e-05 6.2145849981139342e-05 0.00045266534955108002 0.00010285547876202988 -8.3459784719746704e-06 -1.7583159303528777e-05 -2.9887640494692668e-06 -4.3818770504157482e-06 -2.7845598968181708e-07 1.717954553390834e-05 9.7078242243046187e-05 0.00036643163938216268 -5.4093491514513027e-06 3.6859341302578261e-07 -0.00025962766807549826 4.1786062995684745e-06 -7.3676379159152517e-07 -0.00034703297978826825 7.2441713400025638e-05 -0.0007427869891495812 0.0022123221294345018 0.00014324565192063861 0.00022232955276973811 -0.00029954389884104336 0.0012396460730035048 2.0180770405629897e-06 -0.00073913963239755315 -0.0013651247128004386 0.00081242846644541151 6.1832666544755424e-07 -0.00035558427400506494 -8.5343119143616345e-05 -1.6661860935490913e-05 6.1949202737998494e-05 -0.0015113787741202391 -0.00011651760292834715 -7.499811806549243e-05
leaf_weight=39 26 35 33 23 37 29 21 20 25 29 26 32 22 20 21 22 32 21 30 31 26 34 30 21 26 20 29 23 29 20 32 22 22 21 22 39 32 31 21 33 22 24 24 22 24 27 30 33 21 26
leaf_count=39 26 35 33 23 37 29 21 20 25 29 26 32 22 20 21 22 32 21 30 31 26 34 30 21 26 20 29 23 29 20 32 22 22 21 22 39 32 31 21 33 22 24 24 22 24 27 30 33 21 26
internal_value=0 -0.000414166 -0.000151954 -0.000304878 -0.00159259 0.000654649 -0.00244898 2.87908e-05 0.000661157 -0.000519713 -0.0008 0.000808383 -0.0006 0.00118557 -0.000437788 -0.000882353 0.00105634 0.000888325 -0.000555556 0.00121118 0.000132743 0.00136364 0.00179426 0.000952381 0.00136872 0.00182432 0.0025 -0.00145833 0.00326667 0.00217391 -0.00169014 -0.000909091 -0.00296296 0.00117021 0.00173611 0.00102151 -0.000185185 0.00303922 -0.00159574 -0.00128378 -0.00185714 -0.000789474 0.000227273 0.000116279 -0.00195652 0.000306122 -0.0004 -0.00318182 -0.00227273 -0.003125
internal_weight=1360 833 691 656 135 527 98 521 242 279 250 501 75 194 217 170 426 394 72 322 113 66 209 42 179 148 104 48 75 46 142 88 54 47 144 93 54 51 47 148 105 57 44 43 46 49 50 77 44 48
internal_count=1360 833 691 656 135 527 98 521 242 279 250 501 75 194 217 170 426 394 72 322 113 66 209 42 179 148 104 48 75 46 142 88 54 47 144 93 54 51 47 148 105 57 44 43 46 49 50 77 44 48
is_linear=0
shrinkage=0.005


Tree=89
num_leaves=53
num_cat=0
split_feature=95 68 80 61 68 41 61 14 61 39 80 82 0 0 75 45 17 34 10 29 27 38 33 41 45 17 97 88 25 17 7 73 39 87 31 68 2 41 17 93 62 27 19 45 31 14 73 8 2 14 38 28
split_gain=16.3076 11.7477 9.83946 10.9165 11.4228 12.9816 9.78957 9.6924 9.22325 8.6577 10.2687 11.5761 8.609 8.04419 8.03761 7.99488 7.98963 8.82451 7.86409 6.7536 10.0366 6.75 9.03529 6.33549 6.1773 6.20333 6.15259 7.05308 7.14742 6.25649 6.23082 7.17061 6.09884 6.77526 5.97426 6.96327 5.97155 5.73509 5.73449 8.75109 7.14694 6.68527 9.1591 7.84788 5.36433 4.85137 7.68003 4.83741 3.88658 3.6 2.91255 2.81069
threshold=1.0000000180025095e-35 1079.3815000000002 30939.647569444449 31436.000000000004 1.2160000000000002 83.250000000000014 29307.350000000002 21428.350000000002 36629.850000000013 185.25000000000003 28275.57881944445 151.4105000000001 26830.700000000001 30726.750000000004 638.4004935525146 23194.000000000004 127.95 70.250000000000014 35009.450000000004 77.750000000000014 100.75000000000001 5.1750000000000016 167.75000000000003 83.750000000000014 23010.500000000004 94.350000000000009 0.96875000000000011 5647.3389583333346 73.750000000000014 44.050000000000004 17.635000000000002 630.86300000000017 161.75000000000003 0.63541666666666685 9.9250000000000025 1022.0265000000001 2636.9500000000003 56.250000000000007 13.65 407.97307692307697 1299.8000000000002 90.250000000000014 717.50000000000011 25352.500000000004 5.1250000000000009 17029.800000000007 1146.1145000000004 401.84986111111118 3257.2500000000005 14673.050000000001 6.4750000000000005 27.025000000000002
decision_type=2 2 2 2 2 2 2 2 2 2 2 2 2 2 2 2 2 2 2 2 2 2 2 2 2 2 2 2 2 2 2 2 2 2 2 2 2 2 2 2 2 2 2 2 2 2 2 2 2 2 2 2
left_child=2 15 3 4 12 6 34 16 23 10 11 -3 -1 -8 36 -2 24 45 -17 21 32 -19 -23 -9 -4 38 27 29 -29 -12 -31 -32 -21 49 35 -6 -11 -33 40 -40 -26 42 -41 -44 -38 46 -18 -7 -27 -34 -36 -46
right_child=1 9 7 -5 5 47 13 8 -10 14 26 -13 -14 -15 -16 18 17 19 -20 20 -22 22 -24 -25 25 48 -28 28 -30 30 31 37 33 -35 50 -37 44 -39 39 41 -42 -43 43 -45 51 -47 -48 -49 -50 -51 -52 -53
leaf_value=-7.9904567120328739e-06 0.0016655351630773005 6.9612921346472105e-06 -0.00092571770189674499 0.00039950331947481309 -0.00042657648580258156 -0.00058786622830036097 -0.00075167237969505415 0.00010145437012742388 -3.8648538016560915e-05 2.8286577757197662e-06 9.5257259807353829e-06 -0.00070873947914562401 0.0026591070867410917 8.2606154657030541e-06 1.9090019305676216e-06 -2.1757855957023474e-06 6.6853448168019599e-06 -0.00062252133210395633 0.0020024983479484289 -0.0010617787358695463 0.00069684225375548953 -0.00036720718498554683 5.701445874656956e-05 0.0003098195308910738 -0.0013276121931137263 -0.00065294846772075425 5.1460843311553464e-06 -2.6235341644949214e-05 2.0079866553601746e-06 2.6246754102711077e-06 1.3364859166373918e-06 -1.5920998536038699e-05 1.7166469377887371e-06 -8.33772112045206e-06 0.00048960152129926915 7.2237659195346088e-05 -1.8281184723647437e-05 2.0829420593556422e-06 5.7745215222681823e-05 9.4437953449702281e-06 -8.0923477380682308e-06 -0.00099685158040295897 -0.00031380614508114027 1.1371260550587353e-05 -6.0943941592862897e-06 -0.00027131051347146579 -0.00026927913165775749 -0.0010447630706865814 -7.662249808012738e-06 0.00044294332654255114 0.00065998328919363231 4.6213214188452501e-09
leaf_weight=21 32 23 27 26 21 21 37 23 29 21 39 21 29 28 22 34 23 32 25 20 36 34 30 20 33 22 27 20 23 34 23 23 20 33 20 32 20 29 23 25 20 24 37 24 21 28 21 22 20 20 22 20
leaf_count=21 32 23 27 26 21 21 37 23 29 21 39 21 29 28 22 34 23 32 25 20 36 34 30 20 33 22 27 20 23 34 23 23 20 33 20 32 20 29 23 25 20 24 37 24 21 28 21 22 20 20 22 20
internal_value=-1.47059e-05 0.000754923 -0.000404208 0.000376344 5.92885e-05 -0.00046798 0.0001875 -0.000753205 0.000972222 0.000355191 0.000839695 -0.00136364 0.0022 -0.00130769 -0.000865385 0.00236264 -0.000978261 -0.000420875 0.00127119 6.66667e-05 0.000813953 -0.0009375 0 0.00244186 -0.00162745 -0.00135965 0.0012844 0.000968586 -0.000813953 0.00148649 0.00087156 6.66667e-05 -5.37634e-05 0.000616438 0.00121053 9.43396e-05 -0.00158537 -0.000961538 -0.000967742 -0.000413534 -0.00235849 -0.001 -0.000348837 -0.00139344 -0.00237705 -0.00194444 -0.000909091 -0.00290698 -0.00309524 0.002 0.00261905 -0.00134146
internal_weight=1360 457 903 279 253 203 160 624 72 366 262 44 50 65 104 91 552 297 59 225 129 96 64 43 255 228 218 191 43 148 109 75 93 73 95 53 82 52 186 133 53 110 86 61 61 72 44 43 42 40 42 41
internal_count=1360 457 903 279 253 203 160 624 72 366 262 44 50 65 104 91 552 297 59 225 129 96 64 43 255 228 218 191 43 148 109 75 93 73 95 53 82 52 186 133 53 110 86 61 61 72 44 43 42 40 42 41
is_linear=0
shrinkage=0.005


Tree=90
num_leaves=53
num_cat=0
split_feature=63 11 67 77 38 62 72 38 2 68 29 10 89 63 11 11 80 86 62 25 44 28 81 87 25 94 89 100 97 17 81 0 19 17 44 3 81 2 66 10 25 30 2 2 3 20 63 0 87 100 10 44
split_gain=11.6456 8.10736 12.1888 11.0412 8.11402 8.15742 12.2282 9.15146 8.36415 7.93062 7.85086 8.30899 10.3371 11.7068 10.0007 8.66801 14.0579 8.17942 8.0666 7.80675 7.51621 7.24763 7.06831 9.14234 7.4746 7.0127 6.69713 6.65259 8.25429 7.68516 7.2741 8.16697 6.5625 6.17622 6.00484 5.47433 5.43763 5.12275 4.83741 4.53404 4.35374 7.13483 4.21077 3.57715 3.51169 3.3514 3.57502 3.27273 3.25338 3.06087 2.5 1.6
threshold=34780.850000000006 31515.150000000005 22437.750000000004 2408.4397946779941 2.3750000000000004 799.97750000000008 0.95350000000000013 10.425000000000002 2181.2000000000003 1.0660000000000003 78.750000000000014 32717.750000000004 964.45318125000006 27482.300000000003 35306.450000000004 41436.200000000004 33153.455555555563 748.75400000000013 1331.3900000000003 63.250000000000007 2.6024999618530282 21.375000000000004 4046.2909245482733 0.46875000000000006 100.25000000000001 700244.66119531251 1311.0261937500002 0.36458333333333343 0.21875000000000003 159.20000000000002 3996.4766508331059 33368.80000000001 1847.4500000000003 149.75000000000003 3.3569999933242802 12740.250000000002 4019.5764997003785 3385.8720000000003 394.55000000000007 40077.500000000007 117.25000000000001 98.750000000000014 2314.8610000000003 2719.4000000000005 14068.150000000001 1927.3000000000002 27880.800000000003 32390.250000000004 0.15625000000000003 0.21180555555555561 37118.150000000001 3.7350000143051152
decision_type=2 2 2 2 2 2 2 2 2 2 2 2 2 2 2 2 2 2 2 2 2 2 2 2 2 2 2 2 2 2 2 2 2 2 2 2 2 2 2 2 2 2 2 2 2 2 2 2 2 2 2 2
left_child=1 3 -3 -1 48 6 27 22 -7 -5 25 12 13 -12 17 18 -17 -14 -13 -18 -20 -15 23 43 47 26 -10 -6 29 30 -29 -32 34 -26 -23 -16 -36 38 -2 50 -39 -42 -11 -8 49 46 -37 -24 -4 -44 -31 -48
right_child=37 2 4 9 5 8 7 -9 10 42 11 15 14 21 35 16 19 -19 20 -21 -22 32 24 -25 33 -27 -28 28 -30 39 31 -33 -34 -35 36 45 -38 40 -40 -41 41 -43 44 -45 -46 -47 51 -49 -50 -51 -52 -53
leaf_value=0.0018197161863261113 -0.00031833647128507798 0.00086332826061742923 0.00015431449451776995 0.0011425380331275892 0.0013803119130813329 -0.00011725712378804003 7.3751150532932176e-06 -0.0011627733204635372 1.9299213724179653e-05 -0.00016021157622049509 0.00012068511267615625 -0.00020532849398715661 -0.0001095120782182054 -1.1773443240727484e-05 9.1123185159092637e-07 0.0010215933621372719 -1.6635407933566398e-05 0.00010523638449490173 -9.6412898519876117e-07 8.3232569603874533e-06 1.9301546781556396e-06 -0.00032464089756530854 -0.00074940680536867473 0.00028101854672229451 4.163050263678839e-06 0.00030471641401919557 -7.3213229128037487e-07 -2.3506716802002345e-05 -2.4833865759588905e-05 -4.0916546430131482e-05 -3.1474151428110165e-06 0.00021679245447260082 5.4728989701549367e-06 -0.00012981761141326258 -9.2467314942979185e-06 2.9067894958177711e-05 0.00062121866285635291 4.2338465969169293e-06 -4.2867426523838168e-05 -0.00014514140334273988 0.00028891804323179308 -0.00031373468776937463 -0.029778091677924296 -0.00015234170117524781 -9.4902322900750633e-05 1.0330192049567455e-05 7.579432333383624e-05 -0.00091329943569198489 9.3965763682453768e-06 -0.002371175164985148 0.00052729223380821645 4.9247905555930918e-07
leaf_weight=20 22 21 22 27 24 26 20 39 26 38 30 33 31 38 21 31 29 39 35 22 36 23 22 29 27 21 34 27 32 20 20 38 20 30 20 21 21 21 21 21 24 25 22 23 21 32 20 22 25 23 20 20
leaf_count=20 22 21 22 27 24 26 20 39 26 38 30 33 31 38 21 31 29 39 35 22 36 23 22 29 27 21 34 27 32 20 20 38 20 30 20 21 21 21 21 21 24 25 22 23 21 32 20 22 25 23 20 20
internal_value=-1.09091e-05 0.000126783 0.000274527 -0.000960265 0.000201835 0.000110259 -0.000434783 -0.00127358 0.000468998 -0.00148855 0.000588723 0.000363985 0.000833333 -0.000131579 0.00163043 -0.000483871 0.000731707 0.000142857 -0.00144231 -0.000882353 -0.000492958 -0.000819672 -0.000780347 0.000416667 -0.00163366 0.00203704 0.00116667 0.000445545 0.00011236 0.000616438 0.00158824 0.00258621 0 -0.000438596 -0.00078125 0.00254386 0.000365854 -0.00154867 -0.00290698 -0.000737705 -0.000714286 -0.00153061 -0.00211538 -0.00104651 -0.00287879 0.00306452 0.00237705 -0.00318182 0.00223404 -0.00366667 0.00025 0.0015
internal_weight=1375 1262 1111 151 1090 1043 414 212 629 131 603 522 336 152 184 186 82 70 104 51 71 122 173 72 101 81 60 202 178 146 85 58 84 57 64 114 41 113 43 61 70 49 104 43 66 93 61 44 47 45 40 40
internal_count=1375 1262 1111 151 1090 1043 414 212 629 131 603 522 336 152 184 186 82 70 104 51 71 122 173 72 101 81 60 202 178 146 85 58 84 57 64 114 41 113 43 61 70 49 104 43 66 93 61 44 47 45 40 40
is_linear=0
shrinkage=0.005


Tree=91
num_leaves=54
num_cat=0
split_feature=63 35 11 77 10 10 21 11 11 22 10 29 79 25 23 66 58 26 22 63 25 77 23 19 3 94 65 11 11 93 26 29 79 92 81 94 45 43 89 10 30 84 67 13 93 93 66 35 19 46 24 10 11
split_gain=10.4051 7.0401 6.54123 10.0953 10.0131 10.2181 14.672 8.59146 8.09981 7.0342 6.41301 6.28205 8.10939 6.12352 9.58348 8.89418 6.08481 6.04127 9.48083 8.85692 7.04833 8.8101 8.13827 9.89513 6.55887 6.33304 6.56589 6.59608 6.01189 5.9918 5.93852 7.02656 5.86667 7.89788 13.3007 6.8871 6.56984 7.98385 7.16817 13.6676 6.13483 5.62084 6.02336 5.45508 6.10184 9.31371 4.93759 4.80574 4.38911 4.90275 3.23764 1.77778 1.6
threshold=34459.000000000007 28.175000000000004 35334.55000000001 4183.7506324684546 30576.450000000001 34082.250000000007 26.925000000000004 34578.650000000001 35582.000000000007 88.750000000000014 27588.050000000003 87.250000000000014 531.69052354068083 19.750000000000004 98.250000000000014 1295.3840000000002 -0.5 45.750000000000007 91.750000000000014 33340.80000000001 143.75000000000003 4320.4594539783393 39.750000000000007 1303.2500000000002 14563.450000000003 730839.26409031276 32049.250000000004 38335.350000000006 31116.150000000005 411.83013157894737 81.250000000000014 85.250000000000014 673.24777499904019 20787.890162500011 4164.8853729157281 472534.76172656269 25391.500000000004 77.430000305175795 950.45023125000012 32154.400000000005 52.750000000000007 455.86353125000005 32374.550000000007 3173.4500000000003 406.30361904761912 424.35635135135141 1.1920000000000004 26.275000000000002 782.05000000000007 105.20499801635744 11.125000000000002 29273.200000000001 41605.750000000007
decision_type=2 2 2 2 2 2 2 2 2 2 2 2 2 2 2 2 2 2 2 2 2 2 2 2 2 2 2 2 2 2 2 2 2 2 2 2 2 2 2 2 2 2 2 2 2 2 2 2 2 2 2 2 2
left_child=2 11 3 4 10 16 -7 -8 -4 -5 13 12 -2 -1 15 -15 -6 18 32 25 48 22 47 41 -25 26 27 29 -16 -20 31 -12 33 -10 40 -36 37 -37 -39 -40 -35 -24 -43 -42 -45 -46 -14 -22 -19 -50 -18 -33 -29
right_child=1 -3 8 9 5 6 7 -9 17 -11 30 -13 46 14 28 -17 50 20 19 -21 21 -23 23 24 -26 -27 -28 52 -30 -31 -32 51 -34 34 35 36 -38 38 39 -41 43 42 -44 44 45 -47 -48 -49 49 -51 -52 -53 -54
leaf_value=-0.00089668703850216919 -0.00072055058801539899 5.7429321231436655e-05 7.0571252112373552e-05 -0.0011227494910935913 -7.5617607986501196e-05 -0.00091321468951561266 0.00042200562232679235 -1.3176927151494131e-06 -0.00035250730966958002 -5.3158973756101514e-06 -7.178756771966339e-05 2.8566145519426713e-07 -0.00078420183234278551 -0.00045849080898315405 5.6902459847287415e-06 1.5563807437442885e-05 -0.0011032262270997556 2.5464996078965891e-06 1.665606645251206e-05 0.0010649743021008068 1.5315933204003302e-07 0.00011631668843049028 -1.8405507399294322e-06 0.00026925445139335718 -5.152324491356858e-05 -0.0001177502980853792 -6.2626630703868106e-06 3.0135228589908899e-05 0.0021217154089611741 -2.5900523342885325e-06 0.0010923592530321584 0.0001391008045276515 -0.00045688739652061995 -6.4495750601397467e-06 5.6763842589467421e-05 1.3200675794870694e-05 -0.00053284566839849085 -1.568441555970527e-05 2.8922555483386819e-05 -9.9503614387147761e-06 7.7461671108928862e-06 3.7332369198883176e-06 0.0007505491685229406 -0.00078599556320118995 6.8632126716909592e-05 -5.1364174563669773e-06 3.6653089037775005e-06 -7.328686945473369e-05 0.00070544033207193982 2.4947201488566534e-06 -0.00043533537816640283 2.2536948102508926e-06 0.00060497559403032807
leaf_weight=21 31 25 32 23 33 20 33 31 31 26 26 30 27 27 31 21 39 27 33 20 22 20 22 20 27 23 21 20 20 35 20 25 33 23 24 28 21 31 23 28 20 29 31 22 26 20 20 27 25 22 20 20 20
leaf_count=21 31 25 32 23 33 20 33 31 31 26 26 30 27 27 31 21 39 27 33 20 22 20 22 20 27 23 21 20 20 35 20 25 33 23 24 28 21 31 23 28 20 29 31 22 26 20 20 27 25 22 20 20 20
internal_value=-6.18182e-05 -0.00139098 8.05153e-05 -0.000412844 -0.000142119 -0.00102273 0.000238095 0.00140625 0.000347395 -0.00255102 0.000592417 -0.00194444 -0.00269231 -0.000166667 0.000353535 -0.00125 -0.00217391 0.000245478 -7.96813e-05 0.000872093 0.000845588 0.000353535 0 0.000658915 -0.00117021 0.000460526 0.000891473 0.00138889 0.00186275 0.000441176 0.00159341 0.000915493 -0.000575758 -0.000353535 -7.5188e-05 0.000870968 0.000419847 0.000909091 0.000121951 0.00127451 -0.0013964 0.00170732 0.0025 -0.000795455 -0.00147059 -0.000434783 -0.00138298 -0.00173469 0.00216216 0.00308511 -0.00313559 0.00211111 0.003
internal_weight=1375 133 1242 436 387 176 84 64 806 49 211 108 78 120 99 48 92 774 502 172 272 198 178 129 47 152 129 108 51 68 91 71 330 297 266 155 131 110 82 51 111 82 60 88 68 46 47 49 74 47 59 45 40
internal_count=1375 133 1242 436 387 176 84 64 806 49 211 108 78 120 99 48 92 774 502 172 272 198 178 129 47 152 129 108 51 68 91 71 330 297 266 155 131 110 82 51 111 82 60 88 68 46 47 49 74 47 59 45 40
is_linear=0
shrinkage=0.005


Tree=92
num_leaves=53
num_cat=0
split_feature=91 40 69 16 32 78 3 43 77 62 20 39 83 78 66 35 8 69 36 91 91 35 23 83 33 42 39 44 65 91 69 43 44 35 83 39 33 16 35 32 21 60 73 23 30 44 32 36 16 3 30 3
split_gain=9.38955 6.50885 8.7125 11.5923 10.5456 6.99884 11.4753 8.76185 8.72833 8.11328 8.64113 10.8161 8.4382 6.7775 14.4065 10.2273 7.57576 6.1662 5.82146 7.72362 7.41568 6.39469 10.4632 16.6014 10.9194 8.5328 7.75813 7.57272 9.00824 12.9237 8.37038 7.14706 6.98536 7.85513 7.40304 6.53742 6.06614 7.62416 5.63567 5.53226 5.44164 5.30718 5.13767 4.96821 4.58009 4.48302 4.22932 6.40622 3.90181 3.42857 3.00268 1.77778
threshold=34462.114587500015 51.750000000000007 30326.550000000003 4134.2000000000007 86.750000000000014 1520.4507326388891 12853.300000000001 76.075000762939467 3674.1724491305868 1604.2995000000003 2477.9000000000001 123.25000000000001 2841.6000000000026 343.11945138888899 960.50000000000011 25.275000000000002 419.22645448079669 32641.750000000004 71.250000000000014 21614.774725000007 23763.371462500003 25.975000000000005 95.250000000000014 1480.6999999999991 26.250000000000004 328.75000000000006 204.75000000000003 3.9204999208450322 27068.250000000004 28850.118456250002 34051.950000000004 75.049999237060561 3.1114999055862431 27.775000000000002 1884.6000000000006 184.75000000000003 90.250000000000014 6250.8000000000011 27.125000000000004 105.25000000000001 18.075000000000006 1212.2000000000003 942.91100000000017 45.750000000000007 76.750000000000014 2.8815000057220463 271.25000000000006 87.750000000000014 6031.2000000000016 10233.000000000002 58.250000000000007 14513.150000000001
decision_type=2 2 2 2 2 2 2 2 2 2 2 2 2 2 2 2 2 2 2 2 2 2 2 2 2 2 2 2 2 2 2 2 2 2 2 2 2 2 2 2 2 2 2 2 2 2 2 2 2 2 2 2
left_child=1 2 3 -1 -5 9 -7 -8 -9 10 12 -12 18 -4 45 16 -16 -17 39 49 42 27 23 -23 -24 32 35 30 -29 -30 31 -22 33 36 -34 -25 -26 -38 48 -3 -13 -6 -21 -28 -11 -15 47 -14 -2 -20 -10 -45
right_child=38 5 13 4 41 6 7 8 50 44 11 40 46 14 15 17 -18 -19 19 20 21 22 24 26 25 -27 43 28 29 -31 -32 -33 34 -35 -36 -37 37 -39 -40 -41 -42 -43 -44 51 -46 -47 -48 -49 -50 -51 -52 -53
leaf_value=-0.0003817439211347082 -8.9042565105793583e-06 5.2085352024194776e-06 4.0524725338848402e-06 0.00047454043203423453 0.00063275167476588583 -0.00013854494289212849 -1.5661755133477948e-06 -1.4224922916966685e-06 1.5939149363584318e-06 0.00058357263117470492 3.0334606941538625e-06 -0.0017806652510545169 1.2414718229528347e-05 -0.00017569581451868849 -0.00042544991179443227 7.4471278198258767e-05 -6.346652002829357e-07 -1.5041569997139811e-06 0.00019780546577120823 -0.00070898608077576909 7.1678043416488463e-05 3.1395994133617121e-06 -0.00042051818171682062 -8.2305436319421706e-06 0.00022019495719898845 0.00076824335347757712 -2.6775516791869169e-05 0.00017022225445495422 -7.2662118951280971e-05 9.3470534851849835e-07 -1.0255155572282465e-06 0.0014046763731758441 -0.00061363451084125921 0.0011410587657944813 4.6910312170582803e-05 6.9509765405047394e-06 -0.00093834097561748986 1.0089744562615402e-05 -1.5241073698168267e-07 6.6925676140659114e-05 -0.00029475639459768289 -2.9186794150206775e-05 -9.2956011451512874e-08 -2.6661700096351921e-05 2.975787854816177e-06 -0.0016739095494371725 -2.7714119791803632e-05 0.0017745924191760116 -0.0006196006491823795 0.00043189819339060464 4.1394194480616826e-06 -8.3828309486689705e-05
leaf_weight=26 30 31 27 25 20 23 23 20 20 21 29 26 27 20 24 21 20 23 21 26 24 24 33 21 21 23 28 30 26 20 22 27 30 37 37 28 25 33 39 32 31 23 23 20 33 33 20 29 28 21 26 25
leaf_count=26 30 31 27 25 20 23 23 20 20 21 29 26 27 20 24 21 20 23 21 26 24 24 33 21 21 23 28 30 26 20 22 27 30 37 37 28 25 33 39 32 31 23 23 20 33 33 20 29 28 21 26 25
internal_value=-9.81818e-05 1.56495e-05 -0.000687023 0.000531915 0.00161765 0.00019685 -0.000982143 -0.000168539 0.000757576 0.00034292 0.000223529 -0.00127907 0.00039267 -0.00136905 -0.00180851 -0.000568182 -0.00227273 0.00113636 0.000218023 7.2e-05 -7.7187e-05 9.3633e-05 -0.000246753 -0.00130137 0.00039749 0.000825243 -0.00204918 0.000973154 -0.000131579 -0.00152174 0.00212329 0.00323529 0.000464481 0.0012069 -0.000820896 -0.000510204 0.000316456 -0.000517241 -0.00159794 0.00166667 -0.00254386 0.000116279 -0.00193878 -0.00308219 0.00222222 -0.00386792 0.00197368 0.00267857 -0.00258621 0.00214286 0.00195652 -0.00411111
internal_weight=1375 1278 262 94 68 1016 112 89 66 904 850 86 764 168 141 88 44 44 688 625 583 534 385 146 239 206 122 149 76 46 73 51 183 116 67 49 79 58 97 63 57 43 49 73 54 53 76 56 58 42 46 45
internal_count=1375 1278 262 94 68 1016 112 89 66 904 850 86 764 168 141 88 44 44 688 625 583 534 385 146 239 206 122 149 76 46 73 51 183 116 67 49 79 58 97 63 57 43 49 73 54 53 76 56 58 42 46 45
is_linear=0
shrinkage=0.005


Tree=93
num_leaves=53
num_cat=0
split_feature=80 72 16 76 89 92 92 28 41 8 16 28 13 31 65 6 68 41 67 98 28 89 10 14 28 10 22 72 84 10 64 7 97 78 10 61 76 30 61 84 94 41 14 7 13 60 68 98 85 78 94 7
split_gain=8.61446 13.8386 12.0342 10.0487 7.62595 10.0837 15.1842 9.62451 7.61432 7.91953 9.01071 7.0724 7.71739 9.89299 7.54694 7.00479 8.62418 8.72726 7.94074 8.68056 7.10375 11.6678 7.88119 7.06022 6.85663 6.66667 6.40973 7.47556 6.33549 6.1774 6.03592 5.5254 5.39 5.31196 7.66713 4.94779 10.0122 8.33143 7.03247 5.48116 5.11251 4.94716 4.67438 4.6176 4.58046 3.98629 3.42857 3 2.82857 2.81069 2.7398 1.6
threshold=30895.557638888891 793.15600000000006 3120.2000000000003 30980.496875000001 806.91999375000012 23919.799875000004 21760.474875000004 26.425000000000004 93.250000000000014 422.61828947368429 5346.4000000000005 24.875000000000004 1897.0500000000002 6.0750000000000011 29382.750000000004 11928.690000000002 980.78700000000015 92.750000000000014 32978.950000000004 0.16319444444444445 28.975000000000005 1619.09109375 41636.200000000004 19589.050000000003 28.925000000000004 35453.500000000007 89.250000000000014 1468.7855000000002 545.01223958333355 39878.850000000013 773.30000000000007 43.250000000000007 0.072916666666666671 648.83384027777788 32428.900000000005 31168.550000000003 28773.620833333338 56.250000000000007 29554.150000000005 1427.7866666666669 657210.26448406267 105.75000000000001 16168.750000000002 17.535000000000004 4143.4500000000007 560.25000000000011 1301.1500000000003 0.16319444444444445 1682.4000000000003 1072.7063055555557 713403.1342421876 1296.4200000000003
decision_type=2 2 2 2 2 2 2 2 2 2 2 2 2 2 2 2 2 2 2 2 2 2 2 2 2 2 2 2 2 2 2 2 2 2 2 2 2 2 2 2 2 2 2 2 2 2 2 2 2 2 2 2
left_child=1 42 50 32 5 6 -5 11 9 35 -11 12 13 -6 -13 16 17 20 24 -20 21 30 25 29 -18 -22 27 31 -17 41 -9 -14 -2 -16 -35 36 37 -4 -38 -37 -39 -19 45 -21 -45 -1 -40 -27 -34 -42 -3 -44
right_child=3 2 8 4 7 -7 -8 15 -10 10 -12 14 26 -15 33 28 18 23 19 43 22 -23 -24 -25 -26 47 -28 -29 -30 -31 -32 -33 48 34 -36 39 38 40 46 -41 49 -43 51 44 -46 -47 -48 -49 -50 -51 -52 -53
leaf_value=-4.7579155965077685e-05 -3.4049242090350034e-07 -0.0012804731004878609 -5.3588970967854272e-05 -7.9873649916429348e-05 2.3461349174802378e-06 -0.0011914401592286433 1.4058970219763764e-05 -4.1256601408537956e-06 -0.00010879199884776644 9.7349872593109208e-07 -6.2459669143633687e-06 4.1049185175222378e-06 -2.2167298990137201e-07 -9.7375102727287745e-05 3.7479954953437492e-05 -1.1632407266806638e-05 -2.5709552493751829e-06 -0.00012911807049479138 -0.0007236383997371818 1.6264946693262328e-05 4.887328276259621e-06 -9.3322511919722052e-05 -3.9290140096773129e-05 1.5375671569241723e-05 -0.0014840213378212706 0.0019299876063049359 2.8822872857579038e-06 -0.00060165093116732197 -0.0011814750913418132 -0.032709627767425226 0.0021035668242266486 0.0012864780780251527 -0.00012455418550131976 0.00030428486640922159 -3.3789612248340328e-06 8.6634914135707517e-05 6.8183544709692019e-05 0.00049864907652384888 -0.0006721559751052715 1.6268032514523144e-06 0.00050647436539371662 0.00015664238866032722 0.002242851568325285 -6.5441710699925294e-06 0.00017656924184456682 0.0026282258260541726 -0.00021614843053948161 0.0019360680007303808 -2.2310651088772265e-06 -4.1782862874072838e-07 -2.828713212638768e-05 0.00036427661072005831
leaf_weight=20 25 26 28 32 22 37 23 36 35 28 32 28 24 28 23 23 39 26 24 28 35 26 26 28 30 28 36 30 20 22 21 21 35 23 24 38 24 31 21 21 21 20 20 21 23 21 21 21 20 20 20 20
leaf_count=20 25 26 28 32 22 37 23 36 35 28 32 28 24 28 23 23 39 26 24 28 35 26 26 28 30 28 36 30 20 22 21 21 35 23 24 38 24 31 21 21 21 20 20 21 23 21 21 21 20 20 20 20
internal_value=-0.000156364 0.00041387 0 -0.000431034 -0.000271226 -0.00163043 -0.000272727 -0.00010582 0.00034375 0.000614035 -0.001 0.000675676 3.10559e-05 -0.0016 0.00173469 -0.000513078 -0.000330396 0.000190311 -0.00124242 -0.0003125 0.000803109 -0.000301205 0.00163636 -0.00104167 -0.00253623 0.00238095 0.000765766 -6.66667e-05 -0.00244186 -0.00191176 0.000964912 0.00122222 -0.002125 0.000857143 -0.000106383 0.00104444 0.00060241 0.0016 -0.000909091 0.00228814 0.0025 -0.000869565 0.00228395 0.000555556 -0.000454545 0.00109756 -0.00214286 0.00357143 -0.003 0.00134146 -0.0023913 0.0035
internal_weight=1375 447 366 928 848 92 55 756 320 285 60 259 161 50 98 497 454 289 165 96 193 83 110 96 69 84 111 75 43 68 57 45 80 70 47 225 166 100 66 59 72 46 81 72 44 41 42 49 55 41 46 40
internal_count=1375 447 366 928 848 92 55 756 320 285 60 259 161 50 98 497 454 289 165 96 193 83 110 96 69 84 111 75 43 68 57 45 80 70 47 225 166 100 66 59 72 46 81 72 44 41 42 49 55 41 46 40
is_linear=0
shrinkage=0.005


Tree=94
num_leaves=52
num_cat=0
split_feature=70 20 36 31 78 2 8 24 80 1 10 73 89 89 31 78 1 92 10 74 77 4 89 11 0 80 10 94 2 24 1 99 74 78 99 11 31 31 92 24 70 0 20 25 31 4 4 35 98 64 11
split_gain=8.70258 9.71928 8.79887 14.9491 9.93147 8.30418 8.64232 9.3592 8.66035 7.50807 7.35803 7.16833 8.26649 9.01938 8.16764 7.03305 6.53658 17.1403 8.36252 8.99105 8.09666 6.59216 6.00147 5.95238 5.78225 6.99954 5.61039 6.58611 12.6538 11.0006 5.58502 5.4 4.97485 4.97278 9.82654 5.1771 5.72685 6.77509 4.68864 4.48396 4.41541 4.39107 6.49356 3.68727 3.3827 4.18911 4.09867 2.89943 2.80143 2.71515 1.6
threshold=985.40300000000013 2477.9000000000001 81.250000000000014 9.6750000000000025 454.89294097222228 3657.3390000000004 410.36526315789479 10.425000000000002 28187.677777777779 14234.300000000001 41166.350000000013 0.15000000000000005 1360.0365187500001 1433.55200625 8.9750000000000014 438.2365069444445 15965.357000000002 22455.804018750005 31917.350000000002 1526.5345937499999 4764.2866621057465 2599.6850000000004 1363.5372562500002 42936.750000000007 32446.850000000002 34075.42673611112 39531.950000000004 678829.32471718767 2802.7500000000005 6.5750000000000011 13582.800000000001 0.55208333333333337 669.63734375000013 1048.8569409722224 0.26041666666666669 34087.500000000007 14.125000000000002 7.075000000000002 25052.155837500006 6.0750000000000011 1465.0135000000002 33977.250000000007 716.05000000000007 103.75000000000001 4.4250000000000016 10034.330000000002 7359.380000000001 26.525000000000002 0.11458333333333334 889.16700000000003 34307.900000000009
decision_type=2 2 2 2 2 2 2 2 2 2 2 2 2 2 2 2 2 2 2 2 2 2 2 2 2 2 2 2 2 2 2 2 2 2 2 2 2 2 2 2 2 2 2 2 2 2 2 2 2 2 2
left_child=1 2 3 15 10 6 7 8 -2 30 26 31 39 -14 41 -1 18 20 19 33 21 -18 40 -23 25 -20 27 28 -4 -29 -9 32 -6 34 -8 -35 37 -37 -21 -13 -10 42 -15 -26 -41 46 -46 -30 -3 -5 -24
right_child=5 48 4 49 11 -7 16 9 22 -11 -12 12 13 14 -16 -17 17 -19 24 38 -22 23 50 -25 43 -27 -28 29 47 -31 -32 -33 -34 35 -36 36 -38 -39 -40 44 -42 -43 -44 -45 45 -47 -48 -49 -50 -51 -52
leaf_value=-8.6667500260668436e-05 -1.9526326583115679e-05 -0.0011953669235859883 -0.0018911944584127283 0.00015146550994293205 6.9335213421850586e-05 6.9698377519664749e-05 0.00056063677718890675 -2.5581004731283073e-06 8.0245008097875603e-05 0.00011461286134777066 -4.7495134121609501e-05 -0.00057943138724583765 4.7033298947915395e-05 -0.00027305891687411874 1.9490136138324028e-05 4.7127206240924273e-05 3.0109953830705061e-06 0.00031558987904212437 5.8220040031047997e-06 3.5496493334841572e-06 -0.00018509320712197338 0.00014152054929124106 0.00011474416598023785 -7.7745143683973216e-05 -7.822938327155715e-06 -6.8590263999698085e-05 0.0021035114120847432 -6.4015310888100815e-05 5.2603507054137645e-06 0.0025385237388463396 -0.00016565639761746117 -7.2493511346541958e-05 -1.2478274605235721e-06 -0.0022241985748614836 -8.1695179454498065e-05 -4.8928472835439981e-06 -2.4707031021188556e-06 1.5315032463457379e-06 -2.0390783395442643e-08 -4.4111618212594721e-06 0.00017870584979863733 -0.00090319770461119969 0.0012103206120947796 -1.6285519811638691e-06 -0.00029653473105994255 -0.00030955850445132097 -0.0012167060343949631 -9.8824324689526538e-06 -0.001788122621834526 0.00072448628252321456 1.6970120791507127e-07
leaf_weight=20 31 21 20 22 23 35 22 33 31 28 36 26 20 34 23 33 20 34 27 39 26 28 20 20 30 29 22 32 21 37 20 20 37 20 25 30 23 35 21 23 34 34 23 25 31 26 20 22 23 20 20
leaf_count=20 31 21 20 22 23 35 22 33 31 28 36 26 20 34 23 33 20 34 27 39 26 28 20 20 30 29 22 32 21 37 20 20 37 20 25 30 23 35 21 23 34 34 23 25 31 26 20 22 23 20 20
internal_value=-4.72727e-05 -0.000455904 -0.000296 0.00110526 -0.00054717 0.000339943 0.000216095 0.00103687 0.00183824 -0.000308642 0.000368421 -0.00105882 -0.00146154 -0.000597015 -0.00114035 -0.000660377 -0.000176211 0.00078125 -0.000552147 2.32558e-05 -0.000319149 0.000588235 0.00252381 -0.000416667 -0.00166667 -0.000535714 0.000844156 0.000454545 -0.000714286 0.00152174 -0.00141509 0.00025 0.001 -0.000612903 0.000744681 -0.0012037 -0.000681818 7.69231e-05 0.00166667 -0.00238095 0.00346154 -0.00181319 -0.000964912 -0.00281818 -0.0019 -0.0024026 -0.00323529 0.000813953 -0.00272727 0.00333333 0.001
internal_weight=1375 669 625 95 530 706 671 217 136 81 190 340 260 134 114 53 454 128 326 215 94 68 105 48 111 56 154 132 63 69 53 80 60 155 47 108 88 65 60 126 65 91 57 55 100 77 51 43 44 42 40
internal_count=1375 669 625 95 530 706 671 217 136 81 190 340 260 134 114 53 454 128 326 215 94 68 105 48 111 56 154 132 63 69 53 80 60 155 47 108 88 65 60 126 65 91 57 55 100 77 51 43 44 42 40
is_linear=0
shrinkage=0.005


Tree=95
num_leaves=53
num_cat=0
split_feature=86 74 41 68 31 34 68 16 29 75 83 27 82 29 27 2 89 91 68 78 82 99 64 82 0 89 91 78 24 3 24 26 8 31 28 90 65 90 5 29 60 90 86 83 29 34 30 6 3 26 2 16
split_gain=9.14699 10.1448 9.15866 9.79184 13.0101 8.36625 15.3613 9.73914 9.39405 7.94132 10.7604 7.95811 9.70277 7.9667 10.6575 7.51628 8.99456 13.2191 10.5679 7.85942 7.34046 7.31474 7.0392 7.5625 6.95659 6.68231 9.02061 6.60571 6.53763 6.17143 6.10509 6.09426 6.88938 6.49138 6.46481 7.2193 6.15443 5.33518 5.35807 6.12245 5.26771 6.06905 5.23992 5.04723 4.63431 3.79639 3.10303 2.96609 2.71515 1.77161 1.08 0.962791
threshold=1.0370000000000001 1193.973322916667 116.00000000000001 1.2160000000000002 13.175000000000002 71.750000000000014 1301.1500000000003 3788.6500000000005 79.750000000000014 469.4882726350715 1693.9999999999984 80.250000000000014 -0.11949999999999998 85.750000000000014 95.750000000000014 2538.8000000000006 1307.5254562500002 29421.642212500003 1070.1495000000002 1740.1688229166668 -49.710999999999949 0.30208333333333343 1503.4500000000003 177.1700000000001 31762.350000000002 876.93474375000017 28447.453518750004 479.53758333333337 7.1250000000000009 13791.650000000003 11.375000000000002 139.75000000000003 417.26817982456146 9.4750000000000014 28.025000000000002 3483.0526500000001 28324.600000000002 2353.0783500000002 10079.605000000001 77.750000000000014 1759.7555000000002 1471.4500500000006 1103.5000000000002 1969.950000000001 83.750000000000014 95.750000000000014 65.250000000000014 8356.6150000000016 15165.731500000002 6.7500000000000009 2536.6000000000004 5917.7000000000007
decision_type=2 2 2 2 2 2 2 2 2 2 2 2 2 2 2 2 2 2 2 2 2 2 2 2 2 2 2 2 2 2 2 2 2 2 2 2 2 2 2 2 2 2 2 2 2 2 2 2 2 2 2 2
left_child=2 28 3 4 31 6 7 -5 -8 10 -7 12 -11 14 -13 42 17 25 -18 46 -9 22 23 -10 -24 -17 -27 -12 -2 -14 44 32 34 -34 36 37 -1 38 39 -36 41 -19 -3 49 -22 -40 -20 -16 -38 -23 -29 -46
right_child=1 15 -4 5 -6 9 8 20 21 11 27 13 29 -15 47 16 18 40 19 -21 30 43 24 -25 -26 26 -28 50 -30 -31 -32 -33 33 -35 35 -37 48 -39 45 -41 -42 -43 -44 -45 51 -47 -48 -49 -50 -51 -52 -53
leaf_value=7.0854187111591476e-05 2.6480117034036909e-06 0.00038094715306620275 -0.00044639994365133372 -0.00021915541635865815 0.00049093696899089423 6.5688720737992851e-08 6.0540632018422557e-06 -6.2468122816114223e-06 -7.9548095171986497e-06 2.974168262054879e-06 -4.9455702399825564e-06 0.00017511267480544278 -1.0760257484783815e-06 -1.2048914806122544e-05 4.0223097121164502e-06 -4.0198152331554926e-05 0.0010380534731470872 2.0479663570349407e-05 -1.1782666357718743e-05 9.4640478311592243e-07 0.0010281175189423022 -0.00024150193085138382 -2.4583495866082615e-06 -1.191442631804076e-05 8.4402540858030454e-06 3.3731654803129714e-06 -1.8049576497959275e-06 -0.0014180425361090699 -0.0007454104731450744 -2.8956844319663554e-05 4.9565660456218819e-06 -5.4566441904770317e-05 -9.7495806739823261e-05 4.0228367555215283e-05 0.0030656319225256857 -0.00021677037587207619 0.0012152245175446916 7.8079296487335899e-05 1.1511164412544658e-06 -3.5412921535364666e-05 9.3980360887472133e-05 4.7042722978376913e-07 1.3037247805933542e-06 -8.9626212698125374e-05 0.0017326848041512369 -0.00034977591358171796 -0.00013927412844144354 -0.00071170279557563568 0.00014727340638512543 -0.00084362776793516447 -0.0002056682427695454 0.0012082588637897832
leaf_weight=25 25 38 33 34 23 34 26 28 32 30 20 23 21 21 21 23 29 29 20 23 23 25 39 32 23 30 25 20 32 35 21 34 30 22 28 20 22 32 29 21 20 28 29 23 23 21 24 20 20 22 30 20
leaf_count=25 25 38 33 34 23 34 26 28 32 30 20 23 21 21 21 23 29 29 20 23 23 25 39 32 23 30 25 20 32 35 21 34 30 22 28 20 22 32 29 21 20 28 29 23 23 21 24 20 20 22 30 20
internal_value=-3.98262e-05 0.000626667 -0.00028827 -0.000200411 0.000504587 -0.000557276 -6.73854e-05 0.0011745 -0.000900901 -0.00121818 -0.00230769 -0.000555556 -0.00162791 0.000529412 0.00140625 0.000974843 0.000577689 0.00132258 -0.000625 -0.00171642 0.00186957 -0.00127551 -0.000555556 -0.00171875 0.000645161 -0.000128205 0.000818182 -0.00342857 -0.00131579 -0.00285714 0.00258621 0.000230263 0.000481481 -0.00115385 0.00087156 0.000298013 0.00216418 0.000725191 0.000151515 0.00132653 0.00279221 0.00201754 0.00246269 -0.00257143 0.00333333 -0.001 -0.00295455 -0.000121951 0.00333333 -0.00351064 -0.0044 0.00430233
internal_weight=1381 375 1006 973 327 646 371 149 222 275 104 171 86 85 64 318 251 155 96 67 115 196 126 64 62 78 55 70 57 56 87 304 270 52 218 151 67 131 99 49 77 57 67 70 66 50 44 41 42 47 50 43
internal_count=1381 375 1006 973 327 646 371 149 222 275 104 171 86 85 64 318 251 155 96 67 115 196 126 64 62 78 55 70 57 56 87 304 270 52 218 151 67 131 99 49 77 57 67 70 66 50 44 41 42 47 50 43
is_linear=0
shrinkage=0.005


end of trees

feature_importances:
disp_solar_midday_mw=114
wind_speed_hanoi=105
load_central_mw=100
load_ramp_lag48=94
smp_lag_336=93
load_total_mw=91
wind_speed_hcmc=89
disp_wind_midday_mw=86
wind_speed_danang=86
disp_wind_evening_mw=84
load_lag_336=81
disp_total_midday_mw=80
direct_radiation_hcmc=79
disp_hydro_midday_mw=77
disp_solar_evening_mw=77
cloud_cover_danang=77
temperature_hcmc=77
diffuse_radiation_hcmc=77
load_south_mw=76
disp_hydro_evening_mw=76
load_rolling_std_72h=75
smp_north_lag_336=74
disp_total_evening_mw=72
shortwave_radiation_hcmc=71
brent_price=71
direct_radiation_hanoi=69
temperature_hanoi=68
cloud_cover_hcmc=68
temperature_danang=67
hydro_inflow_m3s=66
humidity_hanoi=66
diffuse_radiation_danang=64
smp_rolling_mean_72h=64
smp_rolling_std_72h=64
load_rolling_std_24h=63
load_north_mw=62
smp_north_lag_48=62
load_lag_96=61
humidity_danang=59
gas_proxy_price=59
load_rolling_mean_72h=59
load_rolling_mean_24h=58
hydro_spill_discharge_m3s=57
hydro_water_level_m=57
shortwave_radiation_hanoi=57
hydro_total_discharge_m3s=55
smp_rolling_std_24h=55
load_lag_49=54
smp_south_lag_336=54
dxy_index=53
smp_rolling_mean_24h=52
hydro_discharge_rolling_24h=52
cloud_cover_hanoi=51
load_lag_50=51
shortwave_radiation_danang=50
direct_radiation_danang=50
price_spread_ns_lag48=50
smp_lag_50=48
smp_lag_96=48
margin_temp_interaction=47
humidity_hcmc=46
spike_prob_72h=46
zero_prob_72h=46
diffuse_radiation_hanoi=45
usd_vnd=41
load_lag_48=41
residual_load_proxy=41
hydro_depletion_index=41
spike_prob_24h=41
hydro_plant_discharge_m3s=38
smp_lag_48=38
solar_gen_proxy=37
coal_proxy_price=36
thermal_margin_proxy=35
smp_south_lag_48=34
wind_gen_proxy=33
smp_yesterday_mean=28
smp_lag_49=27
sin_dow=23
is_spike=20
smp_yesterday_zero_ratio=19
smp_yesterday_min=18
cos_month=13
smp_yesterday_max=12
zero_prob_24h=11
is_pre_holiday=10
season=9
cos_dow=8
sin_month=7
is_weekend=6
is_zero=4
is_workday=2

parameters:
[boosting: gbdt]
[objective: regression_l1]
[metric: l1]
[tree_learner: serial]
[device_type: cpu]
[data_sample_strategy: bagging]
[data: ]
[valid: ]
[num_iterations: 3000]
[learning_rate: 0.005]
[num_leaves: 127]
[num_threads: -1]
[seed: 42]
[deterministic: 0]
[force_col_wise: 0]
[force_row_wise: 0]
[histogram_pool_size: -1]
[max_depth: -1]
[min_data_in_leaf: 20]
[min_sum_hessian_in_leaf: 0.001]
[bagging_fraction: 0.8]
[pos_bagging_fraction: 1]
[neg_bagging_fraction: 1]
[bagging_freq: 5]
[bagging_seed: 400]
[bagging_by_query: 0]
[feature_fraction: 0.5]
[feature_fraction_bynode: 1]
[feature_fraction_seed: 30056]
[extra_trees: 0]
[extra_seed: 12879]
[early_stopping_round: 0]
[early_stopping_min_delta: 0]
[first_metric_only: 0]
[max_delta_step: 0]
[lambda_l1: 0]
[lambda_l2: 0]
[linear_lambda: 0]
[min_gain_to_split: 0]
[drop_rate: 0.1]
[max_drop: 50]
[skip_drop: 0.5]
[xgboost_dart_mode: 0]
[uniform_drop: 0]
[drop_seed: 17869]
[top_rate: 0.2]
[other_rate: 0.1]
[min_data_per_group: 100]
[max_cat_threshold: 32]
[cat_l2: 10]
[cat_smooth: 10]
[max_cat_to_onehot: 4]
[top_k: 20]
[monotone_constraints: ]
[monotone_constraints_method: basic]
[monotone_penalty: 0]
[feature_contri: ]
[forcedsplits_filename: ]
[refit_decay_rate: 0.9]
[cegb_tradeoff: 1]
[cegb_penalty_split: 0]
[cegb_penalty_feature_lazy: ]
[cegb_penalty_feature_coupled: ]
[path_smooth: 0]
[interaction_constraints: ]
[verbosity: -1]
[saved_feature_importance_type: 0]
[use_quantized_grad: 0]
[num_grad_quant_bins: 4]
[quant_train_renew_leaf: 0]
[stochastic_rounding: 1]
[linear_tree: 0]
[max_bin: 255]
[max_bin_by_feature: ]
[min_data_in_bin: 3]
[bin_construct_sample_cnt: 200000]
[data_random_seed: 175]
[is_enable_sparse: 1]
[enable_bundle: 1]
[use_missing: 1]
[zero_as_missing: 0]
[feature_pre_filter: 1]
[pre_partition: 0]
[two_round: 0]
[header: 0]
[label_column: ]
[weight_column: ]
[group_column: ]
[ignore_column: ]
[categorical_feature: ]
[forcedbins_filename: ]
[precise_float_parser: 0]
[parser_config_file: ]
[objective_seed: 16083]
[num_class: 1]
[is_unbalance: 0]
[scale_pos_weight: 1]
[sigmoid: 1]
[boost_from_average: 1]
[reg_sqrt: 0]
[alpha: 0.9]
[fair_c: 1]
[poisson_max_delta_step: 0.7]
[tweedie_variance_power: 1.5]
[lambdarank_truncation_level: 30]
[lambdarank_norm: 1]
[label_gain: ]
[lambdarank_position_bias_regularization: 0]
[eval_at: ]
[multi_error_top_k: 1]
[auc_mu_weights: ]
[num_machines: 1]
[local_listen_port: 12400]
[time_out: 120]
[machine_list_filename: ]
[machines: ]
[gpu_platform_id: -1]
[gpu_device_id: -1]
[gpu_use_dp: 0]
[num_gpu: 1]

end of parameters

pandas_categorical:null
