tree
version=v4
num_class=1
num_tree_per_iteration=1
label_index=0
max_feature_idx=100
objective=regression_l1
feature_names=load_total_mw load_north_mw load_central_mw load_south_mw hydro_inflow_m3s hydro_total_discharge_m3s hydro_plant_discharge_m3s hydro_spill_discharge_m3s hydro_water_level_m disp_total_installed_mw disp_total_midday_mw disp_total_evening_mw disp_hydro_installed_mw disp_hydro_midday_mw disp_hydro_evening_mw disp_solar_installed_mw disp_solar_midday_mw disp_solar_evening_mw disp_wind_installed_mw disp_wind_midday_mw disp_wind_evening_mw temperature_hanoi humidity_hanoi cloud_cover_hanoi wind_speed_hanoi shortwave_radiation_hanoi direct_radiation_hanoi diffuse_radiation_hanoi temperature_danang humidity_danang cloud_cover_danang wind_speed_danang shortwave_radiation_danang direct_radiation_danang diffuse_radiation_danang temperature_hcmc humidity_hcmc cloud_cover_hcmc wind_speed_hcmc shortwave_radiation_hcmc direct_radiation_hcmc diffuse_radiation_hcmc coal_proxy_price brent_price gas_proxy_price usd_vnd dxy_index is_weekend is_workday is_holiday is_tet is_pre_holiday is_post_holiday season sin_hour cos_hour sin_dow cos_dow sin_month cos_month smp_lag_48 load_lag_48 smp_lag_49 load_lag_49 smp_lag_50 load_lag_50 smp_lag_96 load_lag_96 smp_lag_336 load_lag_336 smp_north_lag_48 smp_south_lag_48 smp_north_lag_336 smp_south_lag_336 smp_rolling_mean_24h smp_rolling_std_24h load_rolling_mean_24h load_rolling_std_24h smp_rolling_mean_72h smp_rolling_std_72h load_rolling_mean_72h load_rolling_std_72h price_spread_ns_lag48 load_ramp_lag48 smp_yesterday_mean smp_yesterday_max smp_yesterday_min smp_yesterday_zero_ratio hydro_discharge_rolling_24h solar_gen_proxy wind_gen_proxy residual_load_proxy thermal_margin_proxy hydro_depletion_index margin_temp_interaction is_spike is_zero spike_prob_24h spike_prob_72h zero_prob_24h zero_prob_72h
feature_infos=[16738.400000000001:43669.699999999997] [8141:23529.633000000002] [1030.2:4920.1390000000001] [6568.3000000000002:17620.469000000001] [-24696.790000000001:52718.32] [261.23000000000002:27182.77] [243.56999999999999:14362.75] [11.359999999999999:15398] [386.1925:23252.132105263157] none [14491.4:47673.900000000001] [19152.799999999999:47033.400000000001] none [-3952.3000000000002:18862.5] [6035.6999999999998:23435.200000000001] none [0:8134.5] [0:344.30000000000001] none [0:4273.1999999999998] [0:4263.3999999999996] [7.5:32.299999999999997] [31:99] [0:100] [0.55000000000000004:30.25] [3.5:282] [0:208.5] [3.5:150.5] [16.050000000000001:33.25] [52:99.5] [0:100] [0.80000000000000004:50] [7:306.5] [0:234] [7:146] [20.600000000000001:31.300000000000001] [56:98] [0:100] [0.5:24] [16:265] [0:198] [16:133.5] [63.700000762939453:438.35000610351562] [55.099998474121087:127.98000335693359] [1.5750000476837158:9.6800003051757795] [22394.345703125:26405] [89.639999389648438:114.11000061035156] [0:1] [0:1] [0:1] [0:1] [0:1] [0:1] [1:4] none none [-0.97492791218182362:0.97492791218182362] [-0.90096886790241903:1] [-1:1] [-1:1] [0:1778.5999999999999] [16738.400000000001:43669.699999999997] [0:1778.5999999999999] [16515.5:40602.099999999999] [0:1778.5999999999999] [15251.9:39424.300000000003] [0:1778.5999999999999] [16738.400000000001:43669.699999999997] [0:1778.5999999999999] [16738.400000000001:43669.699999999997] [0:1778.5999999999999] [0:1778.5999999999999] [0:1778.5999999999999] [0:1778.5999999999999] [0:1778.5999999999999] [0:869.78656539635756] [15840.402083333332:48300.345833333326] [1494.0634266859377:7412.3475695858406] [0.069944444444444434:1778.5999999999999] [0:822.68470809772941] [15990.384722222221:45267.230555555558] [2009.5728777065494:7328.5193476692311] [-1602.3:1778.5999999999999] [-2000.7000000000007:5250.3000000000029] [0:1778.5999999999999] [0:1778.5999999999999] [0:1778.5999999999999] [0:1] [919.52208333333328:41870.738333333335] [112.0236:1855.3908750000001] [124.17300000000002:5960.3040000000001] [13767.265887500002:40395.97834999999] [13155.821650000013:39784.534112499998] [386.1925:23252.132105263157] [371342.92174875003:1122197.6812312501] [0:1] [0:1] [0:1] [0:1] [0:1] [0:1]
tree_sizes=4166 4343 4447 4431 4252 4470 4671 4555 4381 4515 4379 4593 4407 4490 4505 4806 4512 4571 4553 4415 4473 4385 4346 4637 4699 4571

Tree=0
num_leaves=53
num_cat=0
split_feature=40 20 30 62 72 28 78 66 84 61 89 11 19 26 4 35 68 69 4 89 77 28 16 69 89 78 26 4 7 30 30 68 19 69 20 94 7 75 75 98 73 28 73 0 63 11 58 19 35 77 71 42
split_gain=19.3568 13.4606 9.2488 9.84688 11.414 9.35822 9.04395 12.49 10.2964 7.80646 7.46782 7.31195 9.54633 7.16493 10.3213 6.82296 8.8366 6.53539 7.25669 6.37121 6.41667 6.2871 6.21075 6.17474 6.36519 6.0025 5.89616 5.60897 5.60603 5.53028 5.09394 4.7451 4.66399 4.54414 4.47675 5.25563 4.3645 4.14498 3.44249 3.26559 3.22165 2.92357 3.54815 3.75556 2.80848 2.71515 2.66098 2.25517 2.22966 2.05444 2.04901 1.11547
threshold=52.250000000000007 2740.2500000000005 95.750000000000014 1261.3615000000002 958.65000000000009 21.725000000000005 548.97490277777797 927.41650000000016 752.4710729166668 31222.800000000003 862.93179375000011 40509.350000000013 2082.0500000000006 13.750000000000002 9092.7350000000024 26.675000000000004 1400.9750000000001 36505.950000000004 10790.715000000002 1293.5225062500001 4048.4909427132111 21.025000000000002 5554.4000000000005 31794.000000000004 841.92736875000003 1072.7063055555557 7.2500000000000009 3449.7650000000008 70.545000000000016 84.750000000000014 99.750000000000014 423.34450000000004 1370.2500000000002 35050.750000000007 2115.9500000000003 636736.76786187512 345.40000000000003 469.4882726350715 244.37814655833992 0.55208333333333348 1311.7605000000001 26.825000000000006 1368.999 32898.850000000013 32186.150000000005 38748.500000000007 -0.6830127018922193 805.85000000000014 26.625000000000004 3389.6560310920145 0.99950000000000017 131.12500000000003
decision_type=2 2 2 2 2 2 2 2 2 2 2 2 2 2 2 2 2 2 2 2 2 2 2 2 2 2 2 2 2 2 2 2 2 2 2 2 2 2 2 2 2 2 2 2 2 2 2 2 2 2 2 2
left_child=11 2 13 4 6 -5 19 46 -9 49 -3 23 33 14 21 16 31 18 22 -4 45 -2 -17 26 -25 -7 27 -1 -28 -12 -11 44 48 -13 35 37 -30 38 40 -37 -23 -24 43 -43 -15 -21 -8 -18 -27 -6 -45 -33
right_child=1 10 3 5 9 25 7 8 -10 30 29 12 -14 15 -16 17 47 -19 -20 20 -22 34 41 24 -26 32 28 -29 36 -31 -32 51 -34 -35 -36 39 -38 -39 -40 -41 -42 42 -44 50 -46 -47 -48 -49 -50 -51 -52 -53
leaf_value=0 1.4158549880981446 0 -0.66415496826171871 1.7410000610351564 -0.64249999999999996 1.5790899658203126 -3.2560000610351563 7.4311999511718749 -1.1826200103759765 -0.86899497985839846 0 3.21 -2.6624899291992188 3.5100000000000002 -3.6829998779296877 -2.5359999847412111 0 0 5.1638897705078124 7.816705017089844 0 0.86362499237060553 0 -5.25 -0.36597999572753909 0 -0.044580001831054691 -1.8289999389648437 1.841500015258789 -3.0389999389648437 0 3.9484500122070312 -0.00050000000745058064 0 -0.16100000381469726 -0.021734999418258669 -1.4760549926757813 1.1431500244140624 0 0 0 0 0 2.5826300048828124 0 2.6865000915527344 -0.14511999607086182 0 0 -3.6929998779296875 3.9259999084472659 1.2419099807739258
leaf_weight=21 20 24 24 37 20 20 29 21 35 22 22 29 27 31 21 30 27 25 27 22 22 20 22 33 39 31 25 39 22 39 33 27 22 23 22 26 20 27 27 29 22 36 22 23 20 20 20 24 27 25 22 24
leaf_count=21 20 24 24 37 20 20 29 21 35 22 22 29 27 31 21 30 27 25 27 22 22 20 22 33 39 31 25 39 22 39 33 27 22 23 22 26 20 27 27 29 22 36 22 23 20 20 20 24 27 25 22 24
internal_value=0.000160936 0.000762167 0.00108566 -2.32558e-05 -0.00105802 0.00218978 0.000362694 -0.00161905 0.00160714 -0.0038 -0.00305882 -0.00219424 0.000379747 0.00191638 0.00046729 0.00277778 0.00437908 0.0015942 0.00225275 0.00272727 0.004375 0.00119171 0.00141935 -0.00321608 -0.00555556 0.0006 -0.00188976 -0.00416667 0.000149254 -0.00491803 -0.00127273 0.00607843 -0.000625 0.00288462 0.000578035 0.00119205 0.00238095 0.00260417 0.00130435 -0.00127273 0.00309524 0.0024 0.0031068 0.00407407 0.00392157 0.00666667 -0.00530612 0.000980392 0.000862069 -0.00688889 0.006 0.00823529
internal_weight=1367 1089 1004 430 293 137 193 105 56 100 85 278 79 574 214 360 153 207 182 88 64 193 155 199 72 100 127 60 67 61 55 102 80 52 173 151 42 96 69 55 42 125 103 81 51 42 49 51 58 45 45 51
internal_count=1367 1089 1004 430 293 137 193 105 56 100 85 278 79 574 214 360 153 207 182 88 64 193 155 199 72 100 127 60 67 61 55 102 80 52 173 151 42 96 69 55 42 125 103 81 51 42 49 51 58 45 45 51
is_linear=0
shrinkage=0.01


Tree=1
num_leaves=53
num_cat=0
split_feature=23 72 41 83 40 40 64 28 70 90 20 16 41 16 40 39 14 5 24 10 78 3 22 4 39 90 28 94 23 64 23 4 70 94 22 16 33 16 5 39 72 10 60 82 28 85 98 24 5 83 4 19
split_gain=13.1202 10.6354 18.6269 10.5022 12.1138 9.44444 9.16624 9.15577 8.24536 7.92646 7.77778 7.56228 8.4019 7.58498 7.51498 6.87 6.50047 7.46698 6.40762 6.2309 6.22835 10.7815 6.15764 6.53556 8.16075 6.36622 6.00783 6.00043 6.61523 9.25465 8.59274 5.84662 5.75983 9.6052 5.76 5.62494 11.6507 10.5118 5.0561 5.04833 4.73183 4.08989 3.60195 3.47083 3.42285 3.07733 3.7679 2.95295 2.94034 2.48491 2.36505 0.729167
threshold=99.750000000000014 1458.5980000000002 65.750000000000014 431.5999999999986 30.250000000000004 46.250000000000007 1413.5435000000002 20.575000000000006 1503.4000000000003 1595.6230500000004 2564.6000000000004 5518.8500000000013 83.750000000000014 6114.7500000000009 129.75000000000003 147.25000000000003 19239.400000000005 6720.1400000000003 5.5250000000000012 34492.750000000007 966.0764548611113 14392.000000000002 75.250000000000014 8603.3650000000034 176.25000000000003 2489.668650000001 29.125000000000004 771890.4491643752 92.750000000000014 704.8610000000001 59.250000000000007 4101.4050000000007 1504.5005000000003 579186.91909687512 89.750000000000014 6468.5000000000009 18.750000000000004 6724.3000000000011 3411.1700000000005 185.25000000000003 1101.3500000000001 32369.050000000003 1778.5500000000002 -5.2989999999999773 29.675000000000004 1584.4715000000003 0.57291666666666674 8.9750000000000032 4735.2350000000015 2283.9500000000012 11191.485000000002 1107.6000000000001
decision_type=2 2 2 2 2 2 2 2 2 2 2 2 2 2 2 2 2 2 2 2 2 2 2 2 2 2 2 2 2 2 2 2 2 2 2 2 2 2 2 2 2 2 2 2 2 2 2 2 2 2 2 2
left_child=1 2 20 -4 -5 16 8 -7 14 32 18 12 40 19 41 -6 17 48 -8 -13 43 -22 -17 27 -25 26 47 28 29 -24 -31 42 35 -34 -35 36 -9 -37 39 -15 -11 -3 -20 -1 45 -40 -47 50 -2 -38 -26 -45
right_child=5 6 3 4 15 7 10 9 -10 11 -12 13 -14 38 -16 22 -18 -19 31 -21 21 -23 23 24 25 -27 -28 -29 -30 30 -32 -33 33 34 -36 37 49 -39 44 -41 -42 -43 -44 51 -46 46 -48 -49 -50 -51 -52 -53
leaf_value=2.2825419540405272 -1.4818499755859376 -2.4744700698852542 4.3783769378662116 -2.7849199779510503 1.4787954427719114 0.83113573818206787 1.6860000610351562 0.0033232748413458465 -3.5583650360107426 1.2192837482452392 -2.2436099395751952 0.024339999389648436 -3.06380935485363 -0.011431500244140625 0.0032125000000000001 -1.1314400146484376 0.85125999450683598 -5.7611402736663813 0.002829899993538857 0 -0.013288824844360352 3.408739878845215 -0.28172880797386174 -1.4052422363281249 0.36147646780014037 -0.42299999237060548 0 -0.57608999023437502 1.4527350399971011 1.0195808696746826 -0.030982500457763674 0 0.026624899291992188 -0.037179999542236331 0 0.1957654960632324 -1.1481700378417969 -0.017410000610351563 0 0 -0.0070792749404907235 0 0 2.1740132127761842 1.9705574096679686 0.00060867500454187397 0 4.9840601230561736 0 -2.4360700317382813 3.4804410681247715 3.8209649520874023
leaf_weight=20 32 36 22 38 32 24 25 24 20 21 21 28 20 20 20 25 21 26 22 27 26 21 29 30 20 23 25 25 36 29 24 38 21 20 25 31 39 29 22 23 38 31 20 28 20 20 23 22 23 35 27 20
leaf_count=20 32 36 22 38 32 24 25 24 20 21 21 28 20 20 20 25 21 26 22 27 26 21 29 30 20 23 25 25 36 29 24 38 21 20 25 31 39 29 22 23 38 31 20 28 20 20 23 22 23 35 27 20
internal_value=0.000336503 0.00121854 0.00201149 0.00100737 0.000623377 -0.000751634 -0.00055794 -0.000196078 -0.00271028 -0.000493827 0.00126984 0.000687023 -0.00189873 0.00180328 -0.00137931 0.00121037 -0.00352941 -0.00481481 0.00238095 0.00490909 0.00556522 0.00276596 0.000761905 0.00117241 0.00265306 0.00384615 0.005 -0.00034965 0.00059322 -0.00097561 0.00150943 0.001 -0.001875 0.000606061 -0.002 -0.00291139 -0.00438776 -0.0005 0.00046875 -0.00232558 0 -0.00298507 0.00357143 0.0075 0.00188235 0.000769231 0.00232558 0.00652174 -0.00272727 -0.00635135 0.00510638 0.00895833
internal_weight=1367 755 522 407 385 612 233 510 107 486 126 262 79 183 87 347 102 81 105 55 115 47 315 290 147 117 94 143 118 82 53 80 224 66 45 158 98 60 128 43 59 67 42 68 85 65 43 69 55 74 47 48
internal_count=1367 755 522 407 385 612 233 510 107 486 126 262 79 183 87 347 102 81 105 55 115 47 315 290 147 117 94 143 118 82 53 80 224 66 45 158 98 60 128 43 59 67 42 68 85 65 43 69 55 74 47 48
is_linear=0
shrinkage=0.01


Tree=2
num_leaves=53
num_cat=0
split_feature=35 40 94 98 65 14 84 35 20 40 100 72 99 22 4 27 35 84 77 66 98 100 1 80 23 64 19 0 63 22 40 45 73 77 64 97 4 80 23 76 23 14 80 8 8 14 93 97 94 98 45 14
split_gain=12.5354 9.14851 10.3977 10.12 14.9311 9.8 9.15632 9.07338 8.99773 8.33333 8.26044 8.91874 8.02707 7.94482 12.7424 7.73615 7.15556 7.13259 7.05838 6.95657 7.36243 6.6738 6.64637 10.1068 6.81983 6.4762 6.6411 10.656 6.38922 6.36736 6.36565 9.66972 6.1838 5.97736 5.6525 5.39841 5.00728 6.79987 6.39815 8.3976 7.50817 5.00087 4.98122 4.9 4.71973 4.28114 3.79522 3.34495 2.87811 2.60999 1.95346 1.6
threshold=23.275000000000002 30.250000000000004 512760.84628031263 0.093750000000000014 28087.600000000002 13442.100000000002 729.17821875000016 27.125000000000004 1675.5500000000002 84.750000000000014 0.32291666666666669 0.78500000000000014 0.82291666666666685 77.250000000000014 7158.3500000000013 83.750000000000014 22.375000000000004 1210.5110520833334 2932.5751789376754 1417.6400000000001 0.37847222222222227 0.065972222222222238 16001.500000000002 34367.062847222223 48.000000000000007 967.13300000000015 1001.35 28908.350000000002 33780.05000000001 88.250000000000014 115.75000000000001 22813.500000000004 1016.9500000000002 3891.7693806052725 653.45000000000016 0.17708333333333334 2870.0650000000005 32948.803125000006 99.750000000000014 31577.700000000004 65.250000000000014 14521.550000000001 36100.033680555563 399.35972222222227 411.01440620782734 14332.000000000002 413.63039473684216 0.093750000000000014 809227.34139281267 0.086805555555555566 23510.500000000004 16415.000000000004
decision_type=2 2 2 2 2 2 2 2 2 2 2 2 2 2 2 2 2 2 2 2 2 2 2 2 2 2 2 2 2 2 2 2 2 2 2 2 2 2 2 2 2 2 2 2 2 2 2 2 2 2 2 2
left_child=16 5 19 8 6 -2 48 18 12 -10 33 -12 21 14 17 -14 -1 -6 -8 29 -21 -4 23 36 -24 26 27 43 -28 47 31 -20 -33 -7 35 -26 -15 38 40 -40 -38 -22 50 -23 -39 -41 -36 -3 -5 -13 -25 -18
right_child=1 2 3 4 13 10 7 -9 9 -11 11 49 15 22 -16 -17 51 -19 30 20 41 25 24 42 34 -27 28 -29 -30 -31 -32 32 -34 -35 46 -37 37 44 39 45 -42 -43 -44 -45 -46 -47 -48 -49 -50 -51 -52 -53
leaf_value=0 -3.880993146463394 -0.65599998474121091 -1.328786076805115 -2.2383628692207336 -0.049661490527153018 -0.018415000152587891 0.0064250000000000002 -0.0020269375517368319 0.03287404923248291 4.1240847359891708 0.042609749706268317 -2.6389329284152985 0.024360700317382813 0.0034163999633789067 -4.858917799003601 -0.061420001983642579 0.36540918551826479 0.018689949798583985 0.0013666000442504884 0.62091260121154779 5.7157501220703127e-05 1.079928245671034 2.5264281010894774 -0.014434752404689789 -0.026865000915527345 4.805074840797424 -2.2469999694824221 2.2057104026629926 0.03682999877929688 -0.0022444100708961523 0.0016303914070129389 -0.038714764678001411 -2.8232748338952661e-05 0.033108499145507814 0 2.5370981307373048 0 0.99707843136119101 0 0 0.27083264944744107 -0.017258700424194338 0 -0.28947460204315184 0.7184246143284142 -0.60002823274833894 0.68532002258300784 -2.9443948214874269 -0.15627366194748879 -7.4840985978736878 -1.7979438153038023 3.2232269417953492
leaf_weight=23 24 21 22 29 22 22 31 38 20 30 21 20 23 37 23 35 20 23 37 27 20 20 35 20 23 22 21 38 27 37 31 33 37 36 23 25 26 20 24 20 29 22 37 20 26 23 21 20 20 21 22 20
leaf_count=23 24 21 22 29 22 22 31 38 20 30 21 20 23 37 23 35 20 23 37 27 20 20 35 20 23 22 21 38 27 37 31 33 37 36 23 25 26 20 24 20 29 22 37 20 26 23 21 20 20 21 22 20
internal_value=8.77835e-05 -0.000122699 0.000172414 0.00053307 -8.16327e-05 -0.0025 -0.00203125 -0.00111111 0.00215827 0.006 -0.00133333 -0.00387097 0.00131579 0.000960334 -0.00220588 -0.00189655 0.00444444 0.000888889 -0.000118343 -0.00231293 0 0.00241176 0.00148418 0.000633803 0.00338583 0.00317568 0.00230159 0.00410256 -0.000625 -0.00435897 -0.00108696 -0.00224299 -0.00442857 0.00137931 0.00195652 -0.000416667 0.00180488 0.00107143 -0.000163934 -0.00223881 0.00236364 -0.00261905 -0.00240506 0.0005 0.00434783 -0.00488372 0.00454545 -0.00707317 -0.00591837 -0.00658537 -0.0047619 0.007
internal_weight=1367 1304 1160 1013 735 144 256 207 278 50 120 62 228 479 68 58 63 45 169 147 69 170 411 284 127 148 126 78 48 78 138 107 70 58 92 48 205 168 122 67 55 42 79 40 46 43 44 41 49 41 42 40
internal_count=1367 1304 1160 1013 735 144 256 207 278 50 120 62 228 479 68 58 63 45 169 147 69 170 411 284 127 148 126 78 48 78 138 107 70 58 92 48 205 168 122 67 55 42 79 40 46 43 44 41 49 41 42 40
is_linear=0
shrinkage=0.01


Tree=3
num_leaves=52
num_cat=0
split_feature=37 23 93 24 16 38 30 19 7 62 35 35 24 69 46 6 69 2 41 38 68 20 31 13 31 79 17 53 38 17 30 23 61 13 41 91 41 35 16 13 6 69 56 35 42 6 23 13 77 6 2
split_gain=16.9033 13.2479 13.1761 12.4512 9.64465 9.47416 8.74689 13.1369 8.41086 9.126 10.2154 8.80747 8.55238 8.30813 7.37365 7.17342 7.9527 8.8966 7.09972 7.00297 6.70411 11.6976 9.2018 10.5908 9.55846 9.03585 7.73111 6.91894 6.54922 6.50317 5.93407 5.90035 5.61779 5.17661 5.05103 5.02655 4.59685 5.93809 4.59581 4.51355 7.71429 4.48343 4.53002 4.20739 4.06957 4.03708 3.59864 3.50303 2.5 2.07439 1.03404
threshold=88.750000000000014 56.750000000000007 424.35635135135141 3.6750000000000003 6554.6500000000005 4.8250000000000011 93.750000000000014 919.00000000000011 27.565000000000001 1676.3500000000001 26.025000000000002 25.675000000000004 12.475000000000001 36125.55000000001 106.29999923706056 6573.3550000000005 31308.400000000005 3012.6500000000001 93.750000000000014 3.0250000000000004 1505.6875000000002 1361.4500000000003 8.4250000000000025 6810.2000000000007 3.8250000000000006 657.12073541344296 47.95000000000001 3.5000000000000004 4.7250000000000014 12.850000000000003 95.250000000000014 99.250000000000014 30476.300000000007 2021.1500000000003 71.250000000000014 30508.738306250001 70.750000000000014 26.075000000000006 6662.6000000000013 7091.0500000000011 5328.170000000001 31372.200000000001 -1.0000000180025095e-35 26.625000000000004 123.07500076293947 3364.6550000000002 98.750000000000014 5422.6500000000005 3906.0113154911 3874.7650000000008 3326.6500000000001
decision_type=2 2 2 2 2 2 2 2 2 2 2 2 2 2 2 2 2 2 2 2 2 2 2 2 2 2 2 2 2 2 2 2 2 2 2 2 2 2 2 2 2 2 2 2 2 2 2 2 2 2 2
left_child=2 6 13 -3 8 -6 18 -8 11 10 12 -5 39 14 19 -12 -17 -18 47 -1 21 22 23 41 -25 27 29 36 -15 -24 31 -13 -23 -7 -9 -16 37 -22 50 40 -10 42 -21 -26 -41 -32 -30 -2 -28 -38 -34
right_child=1 3 -4 4 5 33 7 34 9 -11 15 30 -14 28 35 16 17 -19 -20 20 25 32 26 24 43 -27 48 -29 46 -31 45 -33 38 -35 -36 -37 49 -39 -40 44 -42 -43 -44 -45 -46 -47 -48 -49 -50 -51 -52
leaf_value=-0.023575074506034847 0.02346482529830933 -0.12655446997833253 -0.0062374250120508668 0.0035607474874258045 -0.042332470112808947 0 1.3362184244632256 -0.014058619668197631 -1.9174331938385012 0.35959998892766953 -0.032986724488382344 -0.90015979897681231 0.026254595131084919 -2.1623658575873383 0.26138878043937686 2.6453681729038863 -2.6505563115696336 0.3368469517207025 -0.0062710522586154937 0.95800959439051869 9.2753888130188002e-05 0.020464860917501451 -0.28046747718251708 -2.9704072222038271 1.2724036841354811 -2.298305300064087 -1.9500990461377468 0.032458543496460913 2.2841575042203379 0.006117350006103515 -0.013191934828529322 1.9827307236194643e-06 3.8108378036002355 1.1725139022636264 -1.0667321000516321 3.5299746936601641 6.6173793144227994e-05 -0.0060948110096740718 0.24315722070585252 -5.9373046724477172 0.005998615554809573 0.01059090540295601 1.0273549045649624 -1.1855624482631682e-05 -3.5387709759361456 -2.6505767255331421 -0.0077147502276301407 5.6537770121635047 -0.0013048011228322983 0 3.9254383182656807
leaf_weight=32 20 36 25 37 32 21 34 24 21 20 32 22 29 22 31 30 33 38 21 28 30 26 22 20 22 21 20 25 21 29 22 30 27 37 23 30 20 23 20 20 21 38 26 29 26 38 28 24 20 21 20
leaf_count=32 20 36 25 37 32 21 34 24 21 20 32 22 29 22 31 30 33 38 21 28 30 26 22 20 22 21 20 25 21 29 22 30 27 37 23 30 20 23 20 20 21 38 26 29 26 38 28 24 20 21 20
internal_value=0 -0.00109986 0.00112426 -0.00181651 -0.00141454 0.00155556 0.00157534 -0.000617284 -0.00205251 -0.001 -0.00152 -0.00395973 -0.00367521 0.00139785 0.0017931 0.00037594 0.00168317 -0.000140845 0.00430769 0.00140655 0.00170431 0.00244957 0.00133858 0.00276074 -0.000140845 -0.000142857 -0.00120879 0.00092437 -0.00183099 0.00137255 -0.00535714 -0.00288462 0.00548387 0.00396552 -0.00404255 0.00508197 -0.000319149 -0.00226415 0.00701493 -0.00522727 -0.00285714 0.005 0.00685185 0.00215686 -0.0073913 -0.0075 0.000204082 0.00659091 -0.0045 0.00219512 0.0087234
internal_weight=1367 691 676 545 509 90 146 81 419 270 250 149 117 651 580 133 101 71 65 519 487 347 254 163 71 140 91 119 71 51 112 52 93 58 47 61 94 53 67 88 42 92 54 51 46 60 49 44 40 41 47
internal_count=1367 691 676 545 509 90 146 81 419 270 250 149 117 651 580 133 101 71 65 519 487 347 254 163 71 140 91 119 71 51 112 52 93 58 47 61 94 53 67 88 42 92 54 51 46 60 49 44 40 41 47
is_linear=0
shrinkage=0.01


Tree=4
num_leaves=49
num_cat=0
split_feature=6 8 33 23 44 76 35 42 3 80 35 8 61 43 43 38 36 3 80 36 35 8 22 43 84 93 73 83 8 100 4 4 23 3 17 44 26 33 33 47 17 33 23 24 66 36 24 24
split_gain=11.1864 10.1271 10.8212 13.7332 12.6195 10.6889 9.48347 11.2789 10.0276 13.1948 7.83673 7.79341 11.7257 9.39373 8.91052 8.00126 7.4234 7.83715 6.64368 6.50159 6.28063 6.14556 6.06379 6.26426 5.46201 5.45267 5.37113 5.35714 5.35399 5.24069 6.47992 7.12641 6.50317 5.141 4.59795 7.81313 5.474 4.49255 4.48028 4.26087 3.98781 3.96247 4.29078 3.90013 6.99749 3.36575 3.07201 1.75325
threshold=2556.6650000000004 392.9500000000001 69.250000000000014 21.750000000000004 5.1099998950958261 31144.761458333338 23.325000000000006 135.12500000000003 14619.200000000003 33261.520833333336 25.675000000000004 417.94876244665727 31322.850000000002 86.155002593994155 84.485000610351577 4.1750000000000016 83.750000000000014 12461.500000000002 32359.031597222227 87.750000000000014 27.175000000000004 413.11269230769238 88.750000000000014 74.439998626708999 590.73700000000019 411.15057275541801 965.16150000000005 1821.4499999999991 410.64710526315793 0.44097222222222227 8480.465000000002 6170.165 98.250000000000014 12579.200000000003 44.050000000000004 3.1345000267028813 2.2500000000000004 18.250000000000004 10.250000000000002 1.0000000180025095e-35 281.10000000000008 100.75000000000001 99.250000000000014 5.6250000000000009 738.69850000000008 86.750000000000014 8.4750000000000032 9.7750000000000021
decision_type=2 2 2 2 2 2 2 2 2 2 2 2 2 2 2 2 2 2 2 2 2 2 2 2 2 2 2 2 2 2 2 2 2 2 2 2 2 2 2 2 2 2 2 2 2 2 2 2
left_child=28 -2 4 45 6 29 27 8 34 -10 47 12 25 14 15 24 38 -18 -15 -12 43 26 23 -11 -14 -7 -22 -3 -1 30 31 32 -5 -30 35 36 -8 -36 -9 -39 -20 -35 -43 -17 -45 -4 -19 -6
right_child=1 2 3 5 10 11 7 16 9 22 19 -13 13 18 -16 20 17 46 40 -21 21 -23 -24 -25 -26 -27 -28 -29 33 -31 -32 -33 -34 41 37 -37 -38 39 -40 -41 -42 42 -44 44 -46 -47 -48 -49
leaf_value=-0.0094885029466307887 -2.536606067746344 0.14009017957745998 2.4630554420425805 -0.0040051706334950834 -0.86638214096043498 -0.048576987849673209 -0.62617432385402849 1.2697893451645557 0.87909705284665307 -2.8302035582047398 -1.0857083571737876 1.1515185385068416 0.01940169260568619 -0.00067567735451073583 -4.3757666156537525 -1.2983090361522787 -0.90428010588062846 0.029391959092705582 2.5867797329398212 0.00094517351922511819 3.4837974151689299 2.7024819148851553 0.0054751876368845974 0.00043662874972343448 -2.025459713091645 -0.014873393069021641 -6.6173793144227995e-07 2.1627385941623571 0.00045701285730361945 3.0095337844517251 -0.0463623787489926 1.3671321966920034 0.0012655446997833252 -0.017604635218924716 -0.01041140584673338 -3.2099527854395422 0.47628002291093552 -3.5851347337292485 0.0013926022923015594 -0.035162987833451273 0.041633442830587661 -0.033718625028937681 0.00050871934378216238 -0.05025909165223405 0.09583474551598109 2.4409091601344648 -0.010133613039179897 -0.18832662524380683
leaf_weight=26 36 32 25 22 22 34 22 29 39 33 20 39 21 29 23 22 24 20 36 36 30 31 30 23 31 24 31 24 29 39 20 22 29 27 33 23 38 23 39 23 22 20 27 34 35 29 21 20
leaf_count=26 36 32 25 22 22 34 22 29 39 33 20 39 21 29 23 22 24 20 36 36 30 31 30 23 31 24 31 24 29 39 20 22 29 27 33 23 38 23 39 23 22 20 27 34 35 29 21 20
internal_value=-6.58376e-05 0.000226171 0.000382696 0.00128981 -0.000609756 0.000836237 6.30252e-05 -0.000452381 -0.00156794 0.00056 -0.00387755 9.04977e-05 -0.000322581 0.000376812 -0.000581395 0 0.00195489 -0.000461538 0.00321839 -0.00142857 0.000983607 0.00282609 -0.00162791 -0.00357143 -0.00346154 -0.00448276 0.000983607 0.00392857 -0.00286822 0.00333333 0.00204301 0.00342466 0.00137255 -0.00184466 -0.00320988 -0.00156627 0.000333333 -0.00493671 0.00426471 -0.00695652 0.00517241 -0.00324324 -0.00148936 -0.000879121 0.000289855 0.00611111 0.00219512 -0.00714286
internal_weight=1367 1238 1202 628 574 574 476 420 287 125 98 442 403 345 258 235 133 65 87 56 183 92 86 56 52 58 61 56 129 132 93 73 51 103 162 83 60 79 68 46 58 74 47 91 69 54 41 42
internal_count=1367 1238 1202 628 574 574 476 420 287 125 98 442 403 345 258 235 133 65 87 56 183 92 86 56 52 58 61 56 129 132 93 73 51 103 162 83 60 79 68 46 58 74 47 91 69 54 41 42
is_linear=0
shrinkage=0.01


Tree=5
num_leaves=52
num_cat=0
split_feature=37 88 27 17 17 25 83 80 32 13 17 73 64 27 31 85 1 46 64 35 39 82 35 16 4 32 31 4 81 32 82 16 36 4 17 32 21 64 6 37 88 97 31 83 31 88 1 17 81 81 17
split_gain=12.9284 12.3174 15.9244 11.5569 8.53503 8.37537 11.0808 9.23128 10.3391 8.07522 8.29836 7.70274 7.58852 9.74005 11.6313 9.23613 7.42367 7.33834 7.31895 6.86981 6.75185 10.7379 8.03099 10.9434 16.6107 7.67269 7.32347 10.2211 9.40967 7.89505 6.65042 6.63518 6.77689 7.07901 6.33818 5.95061 5.8924 6.06294 5.81813 6.58617 8.06667 5.12 4.21643 3.68906 3.61609 3.55577 3.23438 2.6225 2.61597 2.48082 1.67828
threshold=99.750000000000014 12139.273541666671 85.750000000000014 248.65000000000001 192.10000000000005 12.250000000000002 1888.700000000001 35785.989930555559 233.25000000000003 919.35000000000002 22.100000000000005 933.3900000000001 718.76250000000016 34.750000000000007 13.725000000000001 1584.4715000000003 14069.35 98.505001068115249 1544.7560000000003 27.075000000000006 162.75000000000003 1318.4500000000003 24.475000000000005 5676.9000000000005 3201.5700000000006 292.75000000000006 4.9250000000000016 8575.1800000000021 4084.5342861184213 126.75000000000001 -0.15599999999999994 4488.9000000000005 87.250000000000014 7748.4250000000002 80.350000000000009 225.75000000000003 25.725000000000005 1503.4500000000003 2775.9150000000004 91.250000000000014 3918.4875000000002 0.072916666666666671 9.8250000000000011 1708.6999999999991 7.8250000000000011 5259.9845833333338 16306.300000000001 223.00000000000003 4034.2168792623038 4133.4101707823311 111.15000000000002
decision_type=2 2 2 2 2 2 2 2 2 2 2 2 2 2 2 2 2 2 2 2 2 2 2 2 2 2 2 2 2 2 2 2 2 2 2 2 2 2 2 2 2 2 2 2 2 2 2 2 2 2 2
left_child=3 2 12 5 17 -1 7 9 46 -7 11 16 30 14 -14 -15 41 -3 -17 49 22 25 -8 45 -25 26 27 50 -29 -28 -2 -31 33 36 35 42 37 -33 -36 40 -40 -11 -12 -32 47 -24 -9 -4 -34 -5 -22
right_child=1 4 44 19 -6 6 20 8 -10 10 34 -13 13 15 -16 18 -18 -19 -20 -21 21 -23 23 24 -26 -27 29 28 -30 31 43 32 48 -35 38 -37 -38 -39 39 -41 -42 -43 -44 -45 -46 -47 -48 -49 -50 -51 -52
leaf_value=-0.03262350202519082 0.0014022804054161259 0.073602132557705285 -2.3229835104683323 1.1432459016162957 1.331588121117224 -1.1533141371672 0.023342987533029772 -0.48086711783771974 0.050917440294979563 0.60934169117980919 3.9137776869776242 -0.99253384442356973 0.00014237141807464852 2.6151629558890415 -4.9159941030883703 -0.06169221021271605 1.6623716950617 -2.9663016623161762 0.023749107534570015 2.0198117553553486e-06 -1.3901131230980703 1.4006738506940151 -0.041313986677618368 -0.01742858886673547 0.036753824646032086 1.9626752279808524 -0.089580159938734263 2.5459785821347118 -0.0646925496557266 2.9367705246989839 -4.7096862685832415 0.74773893028495342 -0.6735738861093673 3.172415735659655 -0.010032276908788098 0.097449335636966131 -0.019602919662228553 -5.46284526192627e-05 1.4005052642243161 0.022269406313876656 -0.00023050184132581087 -2.1754180847347504 0.35552215151364464 -7.5536117585453137 -1.5796556014886605 -3.0322813508277888 -0.037014114648946286 -1.3483449136658914 -0.0039863704392212951 0.88018246150741297 -0.76136682797516875
leaf_weight=21 21 25 38 21 21 20 39 20 36 25 33 34 37 27 21 22 36 29 29 32 21 34 20 23 32 21 35 20 37 21 21 22 22 23 23 21 34 26 30 26 30 25 26 23 20 32 21 20 26 22 20
leaf_count=21 21 25 38 21 21 20 39 20 36 25 33 34 37 27 21 22 36 29 29 32 21 34 20 23 32 21 35 20 37 21 21 22 22 23 23 21 34 26 30 26 30 25 26 23 20 32 21 20 26 22 20
internal_value=-0.000219941 -0.00186441 -0.00283154 0.000356436 0.00173333 5.34759e-05 0.000196937 0.00142857 -0.00168831 0.00215805 0.00255663 0.0005 -0.00134328 0 -0.00310345 0.00230769 0.00209302 -0.00037037 -0.000196078 0.00413333 -0.000787402 -5.52486e-05 -0.00260274 -0.00401869 -0.000909091 -0.000609756 -0.00100977 -0.00326531 -0.000526316 4.78469e-05 -0.00415385 0.00091954 0.000196078 0.00161905 0.00386243 0.006 0.000243902 0.0025 0.00229358 0.00348837 0.00166667 -0.0004 0.00762712 -0.00636364 -0.00666667 -0.00730769 -0.00512195 -0.00793103 -0.00291667 0.00674419 -0.00707317
internal_weight=1364 354 279 1010 75 935 914 406 77 329 309 120 201 136 58 78 86 54 51 75 508 362 146 107 55 328 307 98 57 209 65 174 153 105 189 80 82 48 109 86 60 50 59 44 78 52 41 58 48 43 41
internal_count=1364 354 279 1010 75 935 914 406 77 329 309 120 201 136 58 78 86 54 51 75 508 362 146 107 55 328 307 98 57 209 65 174 153 105 189 80 82 48 109 86 60 50 59 44 78 52 41 58 48 43 41
is_linear=0
shrinkage=0.01


Tree=6
num_leaves=54
num_cat=0
split_feature=23 69 7 33 90 43 43 72 20 60 43 65 39 29 46 85 67 78 43 39 46 77 13 74 8 26 16 24 77 68 16 80 60 29 29 34 90 64 80 46 16 36 91 69 43 10 75 43 33 20 43 69 4
split_gain=10.2383 10.9706 10.4564 8.98214 9.75365 9.13616 8.85498 8.79876 14.0261 10.5829 8.50078 10.2119 8.49437 8.45948 14.9863 8.28284 8 7.73844 7.50358 10.0658 9.42776 7.50619 7.24898 7.11111 7.04702 6.40861 6.35892 6.14735 6.13297 5.71667 5.66667 5.60286 5.63333 5.29287 10.4075 7.82867 6.36862 8.64286 5.17248 4.52125 5.50556 5.41939 6.08444 4.42907 9.33333 4.26087 4.16569 4.04739 3.69667 3.41335 3.03479 2.60999 2.5
threshold=99.750000000000014 31372.200000000001 13.135000000000002 49.250000000000007 1185.8521500000004 85.000000000000014 87.434997558593764 1463.7500000000002 1670.3500000000001 955.63250000000005 90.904998779296889 28451.350000000002 232.75000000000003 75.250000000000014 103.37500000000001 1496.4715000000003 32631.150000000005 401.0842777777778 76.780002593994155 174.25000000000003 103.13000106811525 3845.6240264388284 2163.2500000000005 1408.1151770833337 407.65705128205133 1.0000000180025095e-35 5142.9500000000007 10.025000000000002 4120.8006072670278 1290.5500000000002 4693.6000000000013 29157.79756944445 1375.6500000000003 86.750000000000014 82.250000000000014 77.750000000000014 1409.3635500000003 969.09900000000005 29243.144791666669 102.31000137329103 6176.1500000000005 87.750000000000014 30077.335900000002 29359.050000000007 82.674999237060561 35095.100000000013 310.65955101867661 75.49499893188478 168.75000000000003 698.00000000000011 74.200000762939467 27699.300000000007 12724.105000000001
decision_type=2 2 2 2 2 2 2 2 2 2 2 2 2 2 2 2 2 2 2 2 2 2 2 2 2 2 2 2 2 2 2 2 2 2 2 2 2 2 2 2 2 2 2 2 2 2 2 2 2 2 2 2 2
left_child=1 33 -2 4 31 18 -7 8 9 12 -8 -12 15 -10 -15 52 -13 -17 19 45 23 -22 25 -20 -21 -6 29 -28 48 -24 -9 -4 -33 34 35 38 -36 -38 -1 40 -32 42 -41 49 -45 -5 -26 -40 -11 -35 -19 -37 -3
right_child=2 7 3 5 22 6 10 30 13 28 11 16 -14 14 -16 17 -18 50 20 24 21 -23 26 -25 46 -27 27 -29 -30 -31 39 32 -34 43 36 51 37 -39 47 41 -42 -43 -44 44 -46 -47 -48 -49 -50 -51 -52 -53 -54
leaf_value=1.6906042323268295 -4.0345121062826719 -0.75048213968639688 0.63882182630159723 0.0084082721969124651 -0.017254302978068115 0.043664762692070806 -0.031589320683739847 -2.8705229636751177 5.7003761687892114 -0.016004567112046487 0.47820917317960049 -0.011241463483112769 2.5147631483432877 -2.6452912241749642 2.4244181491152146 0.0054917128397950574 0.031677320076087236 -5.9309200293066944 -3.2557006424384025 0.9251419604577491 -0.05644131566449348 0.020734560473411649 1.8170269001721635 -0.0041996084221320807 -0.1320327306917887 0.040406769988605318 -0.012649393073548976 -1.8883378897433778 2.9222994349172082 -2.6421069771938495 -0.020510943761620486 0.011779490090413427 -0.28341116728604104 1.8202984721850743 -0.2871919590025801 0.37998940834922146 -0.58412114693595785 0.34326427400717413 0.96270129590641462 -0.017772519837916313 0.012806763233050508 0.00013513099317696384 -0.0012614908896605682 -0.035598471842075 0.041510046652382976 0.026266295658636207 -0.0036368757661775458 -0.014536490772409733 0.72329708615405752 0.48029129469895043 -0.12089935709034762 1.9856381734013995 0.70389575058493903
leaf_weight=31 31 20 23 23 23 32 20 28 21 26 28 25 26 20 21 22 25 21 25 23 23 35 20 20 24 22 35 39 30 28 23 24 30 26 27 20 28 28 20 25 20 31 20 21 27 23 29 21 21 31 38 21 20
leaf_count=31 31 20 23 23 23 32 20 28 21 26 28 25 26 20 21 22 25 21 25 23 23 35 20 20 24 22 35 39 30 28 23 24 30 26 27 20 28 28 20 25 20 31 20 21 27 23 29 21 21 31 38 21 20
internal_value=-0.000175953 0.000626703 -0.00111111 -0.00081803 -0.00229508 0.000197183 0.00230769 -0.00039261 0.000629371 -0.000535714 0.000816327 0.00230769 -0.00210884 0.00483871 0.00219512 -0.00322314 -0.0004 -0.00506173 -0.00102222 0.000655738 -0.00300971 -0.000344828 -0.00365269 -0.00644444 -0.00157895 -0.000222222 -0.00491803 -0.00675676 0.00246753 -0.00208333 -0.00238095 0.000649351 -0.00111111 0.00209302 0.00112245 0.00309735 -0.00156627 0.000357143 0.00111111 -0.00142857 0.00116279 -0.00289474 -0.00511111 0.00390476 0.00166667 0.00434783 -0.00358491 -0.00121951 0.000212766 0.00578947 -0.00694915 0.00658537 0.0005
internal_weight=1364 734 630 599 244 355 130 433 286 224 98 78 147 62 41 121 50 81 225 122 103 58 167 45 76 45 122 74 77 48 147 77 54 301 196 113 83 56 72 119 43 76 45 105 48 46 53 41 47 57 59 41 40
internal_count=1364 734 630 599 244 355 130 433 286 224 98 78 147 62 41 121 50 81 225 122 103 58 167 45 76 45 122 74 77 48 147 77 54 301 196 113 83 56 72 119 43 76 45 105 48 46 53 41 47 57 59 41 40
is_linear=0
shrinkage=0.01


Tree=7
num_leaves=53
num_cat=0
split_feature=5 41 13 22 24 19 46 11 24 33 19 78 13 7 25 8 38 38 65 7 73 71 83 11 7 25 13 11 83 19 78 19 40 91 60 32 36 3 24 69 11 46 72 23 19 40 81 38 21 83 36 7
split_gain=11.2669 12.8288 9.35327 10.236 9.29966 11.215 12.1 7.40238 11.7297 7.35714 10.0708 8.44248 10.8688 12.5075 12.5057 10.4528 9.32855 9.22676 7.89198 10.2109 6.66667 6.64162 6.53333 6.31819 5.86073 5.55429 5.26867 8.43956 8.12747 5.37185 6.55851 5.4842 5.56522 4.98547 8.51212 5.5807 9.16209 4.82146 4.80795 4.73554 4.38961 5.85047 7.7997 3.68792 3.6 3.59864 3.27964 2.61988 2.60999 2.361 1.67619 1.6
threshold=3060.6700000000005 66.250000000000014 1673.8000000000002 95.750000000000014 10.525000000000002 2181.2000000000003 96.279998779296889 36999.000000000007 10.675000000000002 5.2500000000000009 988.70000000000016 548.97490277777797 5517.4000000000005 32.375000000000007 216.75000000000003 415.47881578947374 7.5750000000000011 4.2250000000000005 28451.350000000002 1096.8150000000003 0.99950000000000017 301.42350000000005 2583.8999999999983 41128.000000000007 42.705000000000005 34.750000000000007 3733.6500000000005 34087.500000000007 1997.5499999999995 1047.6500000000003 890.12016666666671 1385.4000000000003 98.750000000000014 28086.923481250004 901.74750000000006 196.25000000000003 84.750000000000014 14449.750000000002 9.4750000000000014 33727.55000000001 34999.80000000001 106.10000228881837 0.96250000000000002 99.250000000000014 690.20000000000016 77.750000000000014 4122.2672144531443 9.7250000000000014 23.025000000000002 2607.6999999999994 88.250000000000014 608.71000000000015
decision_type=2 2 2 2 2 2 2 2 2 2 2 2 2 2 2 2 2 2 2 2 2 2 2 2 2 2 2 2 2 2 2 2 2 2 2 2 2 2 2 2 2 2 2 2 2 2 2 2 2 2 2 2
left_child=7 4 -3 9 26 6 -6 8 45 10 -4 18 13 15 16 33 17 22 24 20 -20 -16 51 47 -11 -8 27 -2 37 30 -28 -31 -33 34 -13 -35 -37 -29 50 -25 -19 42 -42 49 -26 -1 -15 -9 -12 -21 -18 -14
right_child=1 2 3 -5 5 -7 25 23 -10 11 48 12 14 46 21 -17 38 40 19 43 -22 -23 -24 39 44 -27 29 28 -30 31 -32 32 -34 35 -36 36 -38 -39 -40 -41 41 -43 -44 -45 -46 -47 -48 -49 -50 -51 -52 -53
leaf_value=0.00013377968324519422 1.2021267152047082 0.022509250331525895 0.00051602527919274914 -0.54645949353044165 -0.67791180800754203 -1.3592303164272213 0.63243360803858129 -0.026406901528358326 0.023088720571234768 0.46176931905452223 -0.83203370023211887 0.13480341418852146 -1.9487843972681316 0.048311828595907866 3.4406893335800963 -0.024820367468506965 -1.522233112057886 -0.020833591922108194 0.041328586793983442 -2.1051122828664659 -3.5458884904370529 -0.0050486986953690253 -0.0027826280558718459 0.0023660036071993218 4.6425855057288929 0.00063904645719104662 -0.067011554719806521 -0.0014337284131543621 -0.012931493502869 3.4325897373466456 0.58216706044329347 1.7449901108997168 0.0020332196295089668 0.014628395460150195 -0.016906873002460032 -0.0089152511914253676 0.043716885321359145 0.12703608974158812 -3.4962159337026408 -0.050347849217735496 0.97947114224615284 1.0313174344880609 -2.1211068974630187 0.079594868582416989 1.5596029934521414 -1.1319825212169905 0.09089899574469168 -0.0075903856048951729 -5.8341055848992918 0.65552106256799447 -6.2708345082664083 -4.4647567002882775
leaf_weight=21 21 24 31 25 36 26 35 36 27 21 20 20 20 26 20 23 20 22 30 23 30 33 20 30 20 25 28 29 26 31 33 23 23 23 24 29 22 36 31 34 31 23 23 34 20 28 23 21 21 21 22 20
leaf_count=21 21 24 31 25 36 26 35 36 27 21 20 20 20 26 20 23 20 22 30 23 30 33 20 30 20 25 28 29 26 31 33 23 23 23 24 29 22 36 31 34 31 23 23 34 20 28 23 21 21 21 22 20
internal_value=2.93255e-05 0.000402742 -0.000314465 -0.000505837 0.00193548 -0.000327869 0.00125 -0.00218274 0.000263158 -0.000294906 -0.00333333 2.96736e-05 -0.000694737 0.00115789 -0.00192982 -0.00035461 -0.00293103 -0.00157233 0.00175879 0.000434783 -0.00266667 0.00245283 -0.00466667 -0.00371901 0.0047541 0.004 0.00304 0.00142857 0.00010989 0.00434783 0.00213115 0.0061039 0.00391304 0.000847458 -0.00181818 0.00243243 0.000588235 0.002 -0.00589041 -0.0015625 0.00030303 0.00142857 -0.00037037 0.00282051 0.007 -0.00265306 0.0055102 -0.00614035 -0.00658537 0.000909091 -0.00809524 -0.007
internal_weight=1364 1167 795 771 372 122 96 197 76 746 72 674 475 190 285 141 232 159 199 138 60 53 60 121 61 60 250 112 91 138 61 77 46 118 44 74 51 65 73 64 99 77 54 78 40 49 49 57 41 44 42 40
internal_count=1364 1167 795 771 372 122 96 197 76 746 72 674 475 190 285 141 232 159 199 138 60 53 60 121 61 60 250 112 91 138 61 77 46 118 44 74 51 65 73 64 99 77 54 78 40 49 49 57 41 44 42 40
is_linear=0
shrinkage=0.01


Tree=8
num_leaves=51
num_cat=0
split_feature=6 31 29 30 68 89 89 64 20 72 27 44 22 3 6 21 20 7 78 17 1 92 17 25 25 79 64 88 7 83 83 68 46 31 79 2 2 3 17 62 65 31 80 80 35 21 8 92 42 46
split_gain=9.58373 9.79486 8.6637 8.61002 13.2463 11.8756 11.3559 10.6182 9.51715 9.46805 9.57112 9.29835 8.39333 8.26198 7.89519 9.19144 8.98018 12.3643 8.03341 10.2766 8.43135 12.3403 7.88182 7.84681 7.64021 7.49641 6.79596 6.52371 6.4012 7.15556 6.36213 9.17312 6.26407 6.08444 5.87778 5.84416 7.33968 5.57576 5.08231 8.1 5.78967 9.7164 4.96769 5.48821 4.51353 4.29419 3.85333 3.5704 1.89394 1.40913
threshold=2984.3400000000006 10.075000000000001 79.750000000000014 84.250000000000014 683.20000000000016 1367.0379937500002 1167.4959562500001 999.00000000000011 1469.0000000000002 1386.9115000000002 80.250000000000014 2.3535000085830693 88.250000000000014 15217.743000000002 10324.6 24.425000000000004 936.30000000000007 17.585000000000004 951.91271527777792 20.250000000000004 13693.700000000003 24217.857312500008 53.250000000000007 17.750000000000004 51.250000000000007 648.47244489077104 1.0000000180025095e-35 4593.9262499999995 31.645000000000003 2024.3499999999988 2292.2500000000005 1682.5500000000002 102.5550003051758 7.075000000000002 570.53917694344284 3101.9500000000003 2795.1500000000005 14656.699000000002 13.950000000000001 831.73650000000009 28585.550000000007 4.7750000000000012 34560.837847222225 31329.780555555564 24.575000000000006 26.175000000000004 405.81138888888898 22091.899206250007 106.95000076293947 95.405002593994155
decision_type=2 2 2 2 2 2 2 2 2 2 2 2 2 2 2 2 2 2 2 2 2 2 2 2 2 2 2 2 2 2 2 2 2 2 2 2 2 2 2 2 2 2 2 2 2 2 2 2 2 2
left_child=1 2 -1 4 7 6 14 22 12 23 11 -11 13 42 15 18 17 -17 25 24 -21 27 -2 -6 -20 44 -24 -22 -8 -30 31 46 45 -34 -3 36 -4 -31 39 -25 49 -42 43 -7 -5 -14 -13 -10 -37 -40
right_child=3 34 35 5 9 8 28 -9 47 10 -12 30 32 -15 -16 16 -18 -19 19 20 21 -23 26 38 -26 -27 -28 -29 29 37 -32 -33 33 -35 -36 48 -38 -39 40 -41 41 -43 -44 -45 -46 -47 -48 -49 -50 -51
leaf_value=0.0010871612660985366 0.015161244346181196 0.044316500566368919 -0.018228277588137498 3.4155463177199041 -0.0066270973991102581 0.042640517700475881 -1.1511619914295579 2.2411133188731647 0.73198396544599353 0.034199095341625643 -0.012312300795534784 0.017952995127113843 -1.8513457571215373 -0.018287532522172818 1.5140781152502902 -3.0059606082781114 -8.1528826710990536 0.11394814975807659 -4.0065987204014952 0.014209869961782034 -0.015370328875227058 -0.015265459496168291 -0.020925669424858146 -0.65604040693218002 -0.014246923654313886 -0.014600893661417485 -1.368811579009938 0.067156930131892625 -3.481639876200179 -1.0068525544507356 -0.0080675164802018976 0.58620838563982436 0.68661186466504864 -0.01929876144541115 -0.030089228860276727 -0.34251048863761513 0.0062108881207153452 1.8032342094356335 1.1541953808645991 1.3008278210866064 2.2226153312952075 -0.0013377185577022549 0.0007502236117521323 3.4986831058324559 0.87617299620486488 -0.019525106685187962 -0.0044407555827225623 0.81111312564507987 -0.021678848326432902 2.076661552520449
leaf_weight=33 30 36 36 26 20 23 30 25 20 20 27 20 29 28 27 24 34 22 27 29 21 38 30 20 21 21 36 22 35 24 30 26 25 20 24 20 20 22 37 20 37 36 20 30 33 24 30 31 24 21
leaf_count=33 30 36 36 26 20 23 30 25 20 20 27 20 29 28 27 24 34 22 27 29 21 38 30 20 21 21 36 22 35 24 30 26 25 20 24 20 20 22 37 20 37 36 20 30 33 24 30 31 24 21
internal_value=4.39883e-05 -0.00202073 -0.00353383 0.000384287 0.00144086 -0.000311615 -0.00127193 -0.00140496 0.00144 0.00244186 0.000588235 0.00174603 0.000452261 0.00247525 -0.000376812 -0.00081761 -0.00375 -0.000869565 0.000168067 -0.00113924 0.000545455 -0.00111111 -0.00291667 0.0039267 -0.005 0.00275 -0.00484848 0.00255814 -0.00405405 -0.00259259 0.000566038 0.00210526 -0.00163265 0.00111111 0.00133333 -0.005 -0.00285714 0 0.00461988 0.0015 0.00557252 0.00369863 0.00424658 0.00584906 0.00457627 -0.00396226 -0.0004 0.00529412 -0.00772727 0.00793103
internal_weight=1364 193 133 1171 465 706 456 121 250 344 153 126 199 101 345 318 80 46 238 158 110 81 96 191 48 80 66 43 111 81 106 76 98 45 60 100 56 46 171 40 131 73 73 53 59 53 50 51 44 58
internal_count=1364 193 133 1171 465 706 456 121 250 344 153 126 199 101 345 318 80 46 238 158 110 81 96 191 48 80 66 43 111 81 106 76 98 45 60 100 56 46 171 40 131 73 73 53 59 53 50 51 44 58
is_linear=0
shrinkage=0.01


Tree=9
num_leaves=52
num_cat=0
split_feature=98 71 64 89 64 30 44 97 81 92 5 23 61 36 38 69 14 89 24 97 24 75 87 14 25 14 82 44 57 3 43 38 34 80 4 87 38 23 14 38 16 36 83 35 43 5 30 69 36 78 34
split_gain=7.9069 11.001 9.28717 14.2598 12.6731 9.64757 11.6636 11.473 13.327 8.95055 8.60101 8.31799 8.38833 9.74105 8.72076 9.29739 8.10396 7.98791 7.85909 7.44583 9.88086 7.41438 7.12265 6.71353 8.14563 6.65767 6.57287 7.85984 6.46923 6.25108 6.12689 6.06061 6.60837 6.00119 5.81818 5.79971 9.73099 5.7223 5.2964 4.98874 5.25974 4.9 4.86392 4.80171 5.44444 4.55111 4.27111 4.2517 3.98629 3.46939 3.27273
threshold=0.093750000000000014 1202.3975000000003 1000.5000000000001 1388.0424187500003 1074.9500000000003 53.250000000000007 5.0734999179840097 0.92708333333333337 3539.848954046407 31193.770256250009 4803.0650000000005 90.750000000000014 31498.850000000002 88.750000000000014 7.9250000000000016 34199.400000000001 17656.200000000001 820.92294375000006 9.6750000000000025 0.072916666666666671 10.275000000000002 276.87881445787025 0.11458333333333336 22418.600000000002 70.250000000000014 16067.450000000003 280.10000000000002 4.5724999904632577 1.0000000180025095e-35 14954.500000000002 78.634998321533217 3.9750000000000005 75.750000000000014 36637.985069444454 4257.005000000001 0.46875000000000006 4.1250000000000009 97.250000000000014 13949.050000000001 10.975000000000001 6405.7000000000016 79.250000000000014 2424.700000000003 27.075000000000006 74.750000000000014 7490.7350000000015 98.750000000000014 32159.950000000001 84.250000000000014 834.68347569444461 64.750000000000014
decision_type=2 2 2 2 2 2 2 2 2 2 2 2 2 2 2 2 2 2 2 2 2 2 2 2 2 2 2 2 2 2 2 2 2 2 2 2 2 2 2 2 2 2 2 2 2 2 2 2 2 2 2
left_child=1 9 3 18 -4 6 10 8 -7 17 29 16 13 22 15 30 26 28 25 -5 31 33 -13 24 -23 34 27 -10 -1 50 -14 -21 -33 -19 -2 43 -37 -27 -12 40 -38 -16 46 44 -26 -34 -9 -22 -32 -20 -6
right_child=2 -3 4 19 5 7 -8 42 11 -11 38 12 14 -15 41 -17 -18 21 49 20 47 23 -24 -25 35 37 -28 -29 -30 -31 48 32 45 -35 -36 36 39 -39 -40 -41 -42 -43 -44 -45 -46 -47 -48 -49 -50 -51 -52
leaf_value=-3.0092761735813749 -0.0060356169379558143 2.1109215772659065 2.2187021856844336 -0.042488326619293366 -0.039700833975528919 0.82395300835772645 -0.012246890967051375 0.017787155623834455 0.22302838640134504 1.5977493445181283 -0.0002449172572427714 -0.20680934315302751 0.028022355108183107 0.0044864117915358942 0.026401717920931364 -0.024185926606567126 0.85757730059075954 0.032406102829681031 -3.50388568763185 -1.5275675787385445 1.5670329991152658 4.0492834174131254 -0.014527625816826489 -1.2705194352374676 -2.1229551129558701 0.015660410503274012 -0.040350734597544617 -0.014813403127545926 0.050668258398810957 0.0028251174700289383 0.016793213367197073 0.99877810683022816 -0.023199263335611654 -0.54260299135430601 -6.5589580213902785 1.8378984846180964 2.0585292771631676 -0.38655226804092224 2.1359644445205705 -1.0126813271418045 -0.029324462858146622 0.002637759019810464 0.034011232386810017 2.3105742114879719 0.29185544091342974 3.0986767810019105 -0.011053471585995399 0.018978665215853559 -0.037468891406379948 -4.8803291174697154 -0.0069717145046739436
leaf_weight=32 22 21 29 29 22 39 30 25 28 38 20 35 24 21 20 33 32 32 29 22 21 35 27 22 25 38 39 25 20 33 20 21 25 28 22 20 35 29 21 32 20 20 22 20 20 20 20 28 21 30 22
leaf_count=32 22 21 29 29 22 39 30 25 28 38 20 35 24 21 20 33 32 32 29 22 21 35 27 22 25 38 39 25 20 33 20 21 25 28 22 20 35 29 21 32 20 20 22 20 20 20 20 28 21 30 22
internal_value=-0.000131965 0.00105 -0.000622407 -0.00196429 9.55414e-05 -0.000217028 -0.00243243 0.000509978 -0.00015625 0.000659631 -0.00101695 -0.000782609 -0.0019457 -0.00445783 -0.000434783 -0.00204082 0.00129032 0.000146628 -0.004 0.000120482 0.00109489 0.000795848 -0.00645161 0.00161572 0.00217391 -0.00243243 -0.000217391 0.00207547 -0.00346154 -0.00298701 0.000153846 -0.000909091 0.000606061 -0.00233333 -0.00545455 0.00127907 0.00271028 -0.000447761 0.00268293 0.00126437 0.00309091 0.0035 0.00432836 -0.00107692 -0.00288889 -0.00155556 0.00244444 0.00469388 -0.00219512 -0.00694915 -0.00545455
internal_weight=1364 400 964 336 628 599 148 451 384 379 118 345 221 83 138 98 124 341 170 166 137 289 62 229 207 111 92 53 52 77 65 88 66 60 44 172 107 67 41 87 55 40 67 65 45 45 45 49 41 59 44
internal_count=1364 400 964 336 628 599 148 451 384 379 118 345 221 83 138 98 124 341 170 166 137 289 62 229 207 111 92 53 52 77 65 88 66 60 44 172 107 67 41 87 55 40 67 65 45 45 45 49 41 59 44
is_linear=0
shrinkage=0.01


Tree=10
num_leaves=51
num_cat=0
split_feature=98 97 91 29 90 56 73 0 37 30 65 93 24 31 22 76 40 88 24 22 0 40 60 66 3 97 60 23 93 26 36 77 46 56 23 86 92 24 90 71 23 20 24 22 90 23 31 31 24 26
split_gain=12.7938 9.47928 7.40916 7.03434 9.09325 9.70116 10.5217 9.45648 6.9664 7.73329 6.69743 9.28538 8.03571 7.51643 6.95628 9.25416 8.7058 8.21457 10.6708 8.46413 8.26367 8.7717 6.5 7.3986 6.13859 6.8585 6.78848 6.0733 7.91683 6.06207 6.23404 6.91652 6.54545 6.49753 6.16751 5.79359 5.60002 11.4802 6.34775 6.25212 7.70856 9.09091 5.23989 4.92751 4.8722 3.72415 2.86591 3.73778 2.65947 1.77778
threshold=0.065972222222222238 0.052083333333333336 34998.292850000005 66.250000000000014 2241.3226500000005 1.0000000180025095e-35 0.99950000000000017 26024.200000000004 52.750000000000007 99.750000000000014 24068.100000000002 405.30069841269847 9.0250000000000021 12.775000000000002 78.250000000000014 34774.510416666679 12.750000000000002 4536.041666666667 12.975000000000001 81.250000000000014 27015.200000000004 68.750000000000014 1383.5500000000004 1602.2500000000002 14364.85 0.51041666666666685 1299.8000000000002 98.250000000000014 413.89078947368426 117.25000000000001 89.250000000000014 3919.2358028684534 103.64500045776369 0.6078576107927941 90.750000000000014 796.46300000000008 25412.930212500007 7.7250000000000005 1856.3863500000004 1486.5455000000002 97.750000000000014 664.00000000000011 7.4250000000000016 86.750000000000014 1272.7732500000004 59.250000000000007 4.3250000000000011 7.5250000000000012 11.875000000000002 76.250000000000014
decision_type=2 2 2 2 2 2 2 2 2 2 2 2 2 2 2 2 2 2 2 2 2 2 2 2 2 2 2 2 2 2 2 2 2 2 2 2 2 2 2 2 2 2 2 2 2 2 2 2 2 2
left_child=2 8 3 -1 7 6 -6 -5 -2 42 12 13 -3 36 15 22 -16 18 24 -19 -21 46 -13 -24 44 26 -26 43 -29 30 32 -32 33 35 -34 -23 39 -38 -39 40 -12 -42 -10 45 -18 -9 -22 -48 -17 -45
right_child=1 10 -4 4 5 -7 -8 27 9 -11 11 14 -14 -15 16 48 17 19 -20 20 21 29 23 -25 25 -27 -28 28 -30 -31 31 -33 34 -35 -36 -37 37 38 -40 -41 41 -43 -44 49 -46 -47 47 -49 -50 -51
leaf_value=3.8012500162144574 1.2139536213015136 0.004507351756620359 -1.0582199531207857 -0.097856254488661656 -0.66152220318137056 -4.8078102255638173 2.4760443305668844 2.0133633358824601 0.12809724913370388 -4.5835620835697437 -0.013283325884429225 -3.6817843637692285 0.90436995831170774 -2.0718745453722152 -0.13156080384864427 -2.7903074531846932 -0.0050950873098269331 0.79442622138272145 0.020251561003649193 -0.019788089279600737 1.8362210666997525 -0.023302278900907043 0.37118310100217627 -0.014908794081847896 0.016707783420276553 0.013381267189628154 -0.094020362701647167 -0.036674698744636629 2.6180813187082634 2.280439582221117 1.2813422774876506 -3.0136343308773408 1.3092682212164453 0.0058846534203262817 0.019533977294577308 0.0017660273710669119 0.012717305852500967 -1.9210642145153958 -0.016844406608057878 -0.0081690642855708623 0.87742841431060725 0.026935063444058827 -1.3324155951616841 3.3683928942384713 -0.035744567095441007 0.027506192794428168 0.040793300159818371 0.03466514746539337 -2.2663132697573145 3.9717876892618893
leaf_weight=25 20 36 28 26 23 25 23 22 21 25 24 32 28 30 24 21 24 25 20 26 22 38 33 39 23 35 26 33 28 30 24 31 23 25 33 35 36 24 25 35 22 22 32 25 22 21 25 20 20 20
leaf_count=25 20 36 28 26 23 25 23 22 21 25 24 32 28 30 24 21 24 25 20 26 22 38 33 39 23 35 26 33 28 30 24 31 23 25 33 35 36 24 25 35 22 22 32 25 22 21 25 20 20 20
internal_value=0.000214022 -0.00030303 0.00204013 0.00254613 0.00203252 -0.000985915 0.00173913 0.00325714 -0.00326531 -0.00461538 0 -0.000223714 0.003125 -0.00201835 0.00035503 -0.00158621 0.000885122 0.00116371 -0.0008 0.0019888 0.00156627 0.00202614 0 0.00166667 -0.00184615 -0.000238095 -0.00265306 0.00422819 0.00180328 0.00112971 0.000526316 -0.00236364 0.00155844 0 0.00428571 -0.00150685 -0.0012766 -0.00317647 -0.00632653 0.000291262 0.00205882 0.00454545 -0.00245283 0.00590909 -0.00478261 0.00348837 0.00522388 0.00377778 -0.00560976 0.00822222
internal_weight=1355 1056 299 271 246 71 46 175 98 78 958 894 64 218 676 145 531 507 150 357 332 306 104 72 130 84 49 149 61 239 209 55 154 98 56 73 188 85 49 103 68 44 53 88 46 43 67 45 41 45
internal_count=1355 1056 299 271 246 71 46 175 98 78 958 894 64 218 676 145 531 507 150 357 332 306 104 72 130 84 49 149 61 239 209 55 154 98 56 73 188 85 49 103 68 44 53 88 46 43 67 45 41 45
is_linear=0
shrinkage=0.01


Tree=11
num_leaves=53
num_cat=0
split_feature=5 45 17 83 83 79 33 10 34 64 69 20 77 69 22 26 21 77 39 88 69 46 100 98 83 91 28 69 61 1 67 77 43 24 83 61 1 30 22 72 43 72 43 34 34 8 100 69 71 33 23 98
split_gain=8.76 10.4363 9.51244 9.50228 12.5393 8.83437 8.28315 7.95307 7.80946 7.5422 7.51839 7.72496 6.95859 7.6544 7.2803 8.40455 7.27576 6.46435 6.41212 6.35746 6.08379 5.99668 8.54445 5.75893 9.11042 10.7647 11.1212 8.40793 9.85788 9.5609 9.1759 8.04137 9.94695 7.00411 6.65602 8.48568 7.57576 5.41548 5.36678 5.24785 8.40451 5.65101 5.08152 4.93759 4.3042 7.35981 4.1806 3.96825 3.79331 3.74034 2.75689 2.7
threshold=3060.6700000000005 22654.776367187504 174.75000000000003 2310.3000000000034 2525.3999999999983 658.83695237334121 7.7500000000000009 41294.450000000004 101.75000000000001 1281.0000000000002 31649.750000000004 1153.2500000000002 4148.3560407497944 34492.450000000004 84.250000000000014 48.250000000000007 18.575000000000006 4199.0132389378259 209.75000000000003 9753.8375000000033 31889.350000000002 105.58499908447267 0.017361111111111115 0.065972222222222238 431.5999999999986 28132.223131250004 27.075000000000006 34692.250000000007 35003.100000000006 14973.025500000002 30879.900000000005 3679.5642629641766 85.08499908447267 9.0750000000000011 2091.7500000000005 34144.600000000013 13774.450000000003 98.250000000000014 90.250000000000014 0.93000000000000016 73.420001983642592 798.88000000000011 79.130001068115249 67.750000000000014 90.250000000000014 416.68715149359895 0.11458333333333334 28509.500000000004 817.45600000000002 103.75000000000001 91.750000000000014 0.010416666666666668
decision_type=2 2 2 2 2 2 2 2 2 2 2 2 2 2 2 2 2 2 2 2 2 2 2 2 2 2 2 2 2 2 2 2 2 2 2 2 2 2 2 2 2 2 2 2 2 2 2 2 2 2 2 2
left_child=2 -2 12 5 9 8 -6 17 23 19 38 -12 14 16 -1 18 -14 39 -16 48 -10 22 -11 34 -25 26 31 29 -29 30 -27 42 46 -32 35 36 47 -9 -7 -8 -41 -42 -26 -35 45 -43 -33 -3 -5 -22 -31 -38
right_child=1 3 -4 4 6 10 7 37 20 21 11 -13 13 -15 15 -17 -18 -19 -20 -21 49 -23 -24 24 25 27 -28 28 -30 50 33 32 -34 43 -36 -37 51 -39 -40 40 41 44 -44 -45 -46 -47 -48 -49 -50 -51 -52 -53
leaf_value=0.019236764184825682 -0.092770222185639281 3.1447000444700262 -0.030957473979063996 -3.6994072746139586 -1.2955087223037642 0.12681627664236683 -0.014398167854778474 -0.13412768746835343 -0.88476911227006372 -0.007243720896221115 -0.0088781133448586069 -2.3042360585170591 0.033809251143282787 -0.41631580041463023 -0.0064983758000568617 -0.017256868973068454 -0.020088041647418668 0.99980586280552786 0.060915355074234519 -0.11000400882614748 0.069415652119621682 -0.091911899727122978 0.021883218297609971 3.2350573712127755 1.1487396910382239 1.1554541970588756 -0.034344594823896152 -0.019301222522502114 0.037007942098697059 0.4559276444970054 -0.024102272808829407 -0.04030796649796594 0.030896468012505961 -0.0058831439178793511 3.763237516052313 -0.16612326881511061 1.233886479795071 2.1347907590248401 -0.0085486460673974817 -0.020958443732773863 2.2005659569195495 0.029572756643063795 0.00090720688249923691 0.84281884612993296 -0.039830768005993937 -0.012513037204027756 -1.9243211927376989 -0.045248695424237796 -2.4005920989639127 -2.0924528168451495 2.3822765516719233 2.7077542458311918
leaf_weight=24 22 21 38 26 31 21 35 21 33 22 29 27 20 28 24 20 24 29 20 31 23 20 21 24 31 23 34 21 39 28 35 23 29 20 21 20 24 22 20 23 37 20 24 27 20 21 26 24 21 20 38 30
leaf_count=24 22 21 38 26 31 21 35 21 33 22 29 27 20 28 24 20 24 29 20 31 23 20 21 24 31 23 34 21 39 28 35 23 29 20 21 20 24 22 20 23 37 20 24 27 20 21 26 24 21 20 38 30
internal_value=0.000125461 0.000458081 -0.00181818 0.000590308 -0.00065 0.00126531 0.000656371 0.00131579 0.00169279 -0.00304965 -0.00154639 -0.00392857 -0.00075 -0.00305556 0.00113636 -0.000625 -0.000454545 0.00221622 0.00181818 -0.00512821 -0.00131579 -0.00047619 0.00162791 0.00209964 0.00151659 0.00115578 -0.000778443 0.00255411 -0.000666667 0.00368421 0.00180952 0.000526316 -0.00153846 0.000243902 0.00385714 0.00294118 0.00414141 -0.00255814 0.00170732 0.00141026 0.00239669 0.00367347 0.00345455 0.00276596 0.00180328 0.00365854 -0.00428571 0.00111111 -0.00744681 0.00116279 0.00666667 0.00666667
internal_weight=1355 1157 198 1135 400 735 259 228 638 141 97 56 160 72 88 64 44 185 44 78 76 63 43 562 422 398 167 231 60 171 105 133 78 82 140 119 99 43 41 156 121 98 55 47 61 41 49 45 47 43 66 54
internal_count=1355 1157 198 1135 400 735 259 228 638 141 97 56 160 72 88 64 44 185 44 78 76 63 43 562 422 398 167 231 60 171 105 133 78 82 140 119 99 43 41 156 121 98 55 47 61 41 49 45 47 43 66 54
is_linear=0
shrinkage=0.01


Tree=12
num_leaves=51
num_cat=0
split_feature=68 4 35 86 1 72 75 97 81 44 10 81 17 67 77 72 17 65 19 19 19 3 11 32 17 19 1 26 43 40 40 32 17 7 10 19 17 42 41 13 19 26 68 10 75 3 36 10 7 10
split_gain=14.9924 12.5324 10.6348 9.93238 7.74191 8.90158 7.49095 7.29938 6.72019 7.5625 6.71803 7.74566 10.0687 9.67036 8.65169 8.38228 7.90796 7.12153 7.97922 6.83761 8.69923 6.74918 7.15008 11.8725 9.0534 6.42408 6.33913 9.50863 6.29365 6.08791 8.55816 10.646 7.85078 7.53451 9.26816 7.40816 5.77091 5.66857 5.34585 5.05163 5.04021 4.40517 4.14274 6.12512 3.6 3.24 3.02186 2.91439 2.91212 1.12208
threshold=1457.2285000000004 9442.3800000000028 23.325000000000006 0.78700000000000003 13197.85 963.10000000000014 590.44040611420985 0.21875000000000003 3446.0227193173046 3.9344999790191655 41294.450000000004 4384.7463811745592 129.10000000000002 35546.500000000007 4214.2291422502722 0.83200000000000007 159.20000000000002 32714.200000000004 1333.2000000000003 621.95000000000016 1084.5000000000002 15378.720500000001 32732.050000000007 198.75000000000003 34.050000000000004 862.35000000000014 16153.400000000001 4.2500000000000009 83.990001678466811 157.75000000000003 110.25000000000001 153.25000000000003 18.600000000000005 32.685000000000009 30525.950000000001 805.85000000000014 227.10000000000005 119.77500152587892 88.250000000000014 2240.1000000000008 604.75000000000011 90.250000000000014 1236.3805000000002 38633.950000000004 442.52447205328116 15077.120000000001 80.250000000000014 34660.450000000004 17.595000000000002 33622.650000000001
decision_type=2 2 2 2 2 2 2 2 2 2 2 2 2 2 2 2 2 2 2 2 2 2 2 2 2 2 2 2 2 2 2 2 2 2 2 2 2 2 2 2 2 2 2 2 2 2 2 2 2 2
left_child=2 3 -1 26 5 7 29 38 9 -6 11 12 14 15 21 16 -14 44 -19 -17 -21 22 -10 24 25 -24 27 -2 -7 30 32 -32 -5 36 -35 -33 46 -29 -4 -13 -3 42 43 47 -12 -15 -34 -41 -48 -25
right_child=1 40 4 6 8 28 -8 -9 10 -11 17 39 13 45 -16 19 -18 18 -20 20 -22 -23 23 49 -26 -27 -28 37 -30 -31 31 35 33 34 -36 -37 -38 -39 -40 41 -42 -43 -44 -45 -46 -47 48 -49 -50 -51
leaf_value=3.7948631218195721 -0.11208591592687132 -0.039295691733045132 0.9188145242333704 -2.4132248927305526 2.6507453374827823 -0.50217436051644682 0.018210004177709915 -0.028047419330296443 -2.2116560728864423 1.2249198955441143 -0.397789123062189 -0.0011584948883606673 0.05344610575912466 0.48008675155959313 -1.5985918522055778 -0.0073844984057734476 -2.0944463234635178 2.5119865899813862 -1.2105983164532441 2.4022415035304387 0.07223479831443097 -0.090894718973931893 -0.023167535364422679 2.3638600093224627 -1.01155776272227 1.2082034233854211 0.029824777945027775 -3.974876081524334 -0.010777349999127037 -0.018872169920356747 0.04431301780268157 0.005855619825872075 0.0076694135303478584 -0.014356626476049756 0.089376673192736997 -0.0046201467516339802 -0.0081094106629643163 -0.03695322805631622 -0.46904928496775972 0.83925090495419219 -2.9634135047001346 0.0011801060588008006 0.027451228526428055 0.027744326543314424 -0.029387151323789933 9.0519059984258625 0.00047714847403074862 2.7414232752989829 -0.030495678660535246 2.8740682129585911
leaf_weight=39 36 22 39 35 32 26 33 27 20 32 20 39 20 20 34 25 27 28 27 34 31 22 26 20 27 20 23 31 20 25 24 28 31 25 24 21 33 25 20 36 26 24 22 20 20 25 20 25 24 22
leaf_count=39 36 22 39 35 32 26 33 27 20 32 20 39 20 20 34 25 27 28 27 34 31 22 26 20 27 20 23 31 20 25 24 28 31 25 24 21 33 25 20 36 26 24 22 20 20 25 20 25 24 22
internal_value=7.38007e-06 -0.00139918 0.000794016 -0.00086758 0.000554217 -0.00166667 3.09598e-05 0.000232558 0.000974212 0.0040625 0.000662461 0.00109462 0.000294906 0.00197802 -0.0013089 0.000656934 -0.00276596 -0.00178947 0.000545455 0.00244444 0.00415385 -0.000318471 0.000518519 0.00147826 -0.000958904 0.00173913 -0.0033913 -0.00456522 -0.00521739 -0.000482759 -3.77358e-05 0.00287671 -0.00114583 -0.000191083 0.00306122 0.000204082 -0.00166667 -0.00714286 0.00220339 0.00289157 -0.00625 0.00385827 0.00475728 0.00580247 -0.005 0.006 -0.000133333 0.00737705 -0.00181818 0.00571429
internal_weight=1355 486 869 438 830 132 323 86 698 64 634 539 373 182 191 137 47 95 55 90 65 157 135 115 73 46 115 92 46 290 265 73 192 157 49 49 108 56 59 166 48 127 103 81 40 45 75 61 44 42
internal_count=1355 486 869 438 830 132 323 86 698 64 634 539 373 182 191 137 47 95 55 90 65 157 135 115 73 46 115 92 46 290 265 73 192 157 49 49 108 56 59 166 48 127 103 81 40 45 75 61 44 42
is_linear=0
shrinkage=0.01


Tree=13
num_leaves=52
num_cat=0
split_feature=16 16 89 89 29 88 95 3 71 63 17 16 44 36 7 44 42 63 63 7 36 81 71 81 81 29 17 36 36 73 81 24 38 91 73 91 44 33 17 16 11 11 29 23 40 16 3 70 35 8 34
split_gain=9.14663 9.65263 7.90299 9.95914 8.30655 8.22709 11.8968 8.5088 7.36735 7.00827 6.90507 12.0439 8.66791 9.7954 8.6313 9.16503 8.12844 7.94683 7.25313 6.79809 9.513 8.21684 6.61415 6.44575 6.37586 9.98508 6.17444 6.17408 8.91673 6.09424 5.85627 10.1291 5.83674 6.25 5.76476 6.22404 7.37276 7.19034 8 5.52392 5.41806 5.35335 5.06999 4.76545 4.21949 4.01657 3.4712 3.1094 2.9409 2.91667 0.436364
threshold=1477.95 2408.4000000000005 728.15340000000003 880.43548125000007 59.750000000000007 4561.4856250000012 1.0000000180025095e-35 14791.048500000003 1502.4000000000003 29149.600000000002 46.95000000000001 6343.1500000000005 2.558499932289124 86.750000000000014 424.97000000000008 6.7934999465942392 119.82500076293947 24008.500000000004 33319.400000000009 20.835000000000004 74.250000000000014 4186.3610269798501 1670.1525000000004 3945.3395052481742 4428.3072924038597 79.750000000000014 196.50000000000003 88.250000000000014 84.250000000000014 0.99650000000000005 4091.4933500894572 8.1750000000000025 6.1750000000000016 29520.579743750004 1486.5455000000002 27358.640325000004 4.055500030517579 25.750000000000004 14.800000000000002 5221.3000000000011 33238.450000000004 40890.950000000004 86.750000000000014 98.750000000000014 67.750000000000014 7066.3500000000013 13773.200000000003 0.78500000000000014 24.825000000000006 419.15324324324331 75.250000000000014
decision_type=2 2 2 2 2 2 2 2 2 2 2 2 2 2 2 2 2 2 2 2 2 2 2 2 2 2 2 2 2 2 2 2 2 2 2 2 2 2 2 2 2 2 2 2 2 2 2 2 2 2 2
left_child=-1 -2 8 5 -5 7 9 23 29 -7 17 14 16 32 19 18 45 -6 46 20 -12 27 -18 -4 25 40 39 28 -22 -3 -15 -32 41 -34 35 36 -27 -37 -39 -21 -19 -14 -26 48 -25 -13 -16 -48 -31 -8 -41
right_child=1 2 3 4 10 6 49 -9 -10 -11 11 12 13 30 15 -17 22 24 -20 26 21 -23 -24 44 42 34 -28 -29 -30 43 31 -33 33 -35 -36 37 -38 38 -40 50 -42 -43 -44 -45 -46 -47 47 -49 -50 -51 -52
leaf_value=-3.2302683006757675 1.2144614933908695 0.0022764620289159798 0.022936148031338258 3.4158680658070377 2.4970225459776336 2.0255525531941654 1.8827163961945104 0.072934881854842759 0.029210314436544121 -0.90159710294237583 0.021735794550240151 -0.0024252357669365828 0.00063167499431454263 4.334649787767157 -0.082312601350777503 1.1640069079126099 -0.033587437155959819 -0.03677911972714494 1.8772223025911075 -0.043970732299063037 0.0085657707703087043 -0.54098989188547153 -0.0013600856940532019 -0.0015659158516042957 -0.0029504567969230715 0.5848739381817718 -0.022033066668421374 0.007774050709039893 -0.65811262096903134 -0.00068927433386928544 -0.012220497975308456 2.3642390887111024 -0.0010724316973231179 1.5931709145888107 0.0063663939123037383 -0.96334111340852846 -0.076311985123637266 -0.046906589038422659 0.010782463645015972 -0.031362323433611485 2.9435464752893448 -0.7546861410774568 1.2504812099031828 -3.9058883097464077 -0.11096505676760261 0.057723166922563289 -0.047249448700114417 -4.0922076611790041 -4.5811602623236283 0.076359701263949184 -1.8512469619454484
leaf_weight=25 20 27 23 34 20 26 28 20 28 25 23 34 25 34 22 23 31 20 28 23 23 24 28 25 21 30 22 28 36 21 22 24 32 32 26 20 38 36 36 20 26 22 37 27 26 24 20 23 23 20 24
leaf_count=25 20 27 23 34 20 26 28 20 28 25 23 34 25 34 22 23 31 20 28 23 23 24 28 25 21 30 22 28 36 21 22 24 32 32 26 20 38 36 36 20 26 22 37 27 26 24 20 23 23 20 24
internal_value=-7.38007e-06 0.000105263 0 0.000253378 -0.000151362 0.00233161 0.00434343 0.000212766 -0.00238095 0.000980392 -0.000323929 -0.000911901 0.000519481 0.00183246 -0.00221239 0 -0.00162393 0.000903226 -0.00139785 -0.00336323 -0.0019403 -0.00315315 -0.00423729 -0.00135135 0.000482759 -0.000258621 -0.00550562 -0.00172414 -0.00355932 -0.00367347 0.0045 0.00217391 -9.00901e-05 0.001875 -0.00129032 -0.002 0.000294118 -0.00369565 -0.00222222 -0.00701493 0.00391304 -0.00276596 0.00344828 -0.00521127 -0.00333333 0.00103448 -0.00323077 -0.00488372 -0.00318182 0.00791667 -0.00909091
internal_weight=1355 1330 1310 1184 991 193 99 94 126 51 957 647 308 191 339 116 117 310 93 223 134 111 59 74 290 232 89 87 59 98 80 46 111 64 186 160 68 92 72 67 46 47 58 71 51 58 65 43 44 48 44
internal_count=1355 1330 1310 1184 991 193 99 94 126 51 957 647 308 191 339 116 117 310 93 223 134 111 59 74 290 232 89 87 59 98 80 46 111 64 186 160 68 92 72 67 46 47 58 71 51 58 65 43 44 48 44
is_linear=0
shrinkage=0.01


Tree=14
num_leaves=52
num_cat=0
split_feature=98 8 35 44 28 16 65 75 8 90 74 0 8 19 63 3 7 14 98 90 81 71 79 37 98 19 3 2 79 45 13 27 2 75 87 13 31 77 90 43 8 77 75 5 78 7 3 77 8 14 37
split_gain=10.4066 13.0218 8.42789 12.3586 8.21355 7.14411 10.5195 11.7483 8.35287 8.69298 6.78195 5.76621 4.86171 5.98021 6.96599 5.58877 10.4427 8.05914 10.2832 8.88889 8.77538 8.02778 8.96359 7.95131 8.37086 7.61707 7.22492 9.1094 7.19084 8.72055 10.1843 9.80947 8.58385 9.86756 7.07793 7.35576 6.8097 6.77321 6.20544 5.94445 5.47597 5.44444 5.33968 5.16923 4.61385 4.5555 4.26087 4.2 3.80581 3.663 2.17779
threshold=0.038194444444444454 392.85416666666669 23.325000000000006 3.807000041007996 20.225000000000005 5911.5000000000009 30362.750000000004 451.61852896880941 407.5974358974359 1943.3074500000002 123.46572916666669 28908.350000000002 398.06722222222226 218.00000000000003 28946.600000000002 11322.35 89.430000000000021 17202.500000000004 0.14930555555555561 676.7428500000002 4164.8853729157281 0.99950000000000017 581.9824365659847 49.750000000000007 0.28819444444444448 898.80000000000007 15247.050000000001 2764.4500000000003 690.51822226053753 23084.500000000004 3454.4500000000003 16.250000000000004 2758.3000000000006 247.12650344744222 0.21875000000000003 2077.6000000000008 8.7250000000000014 4076.5077576887334 1372.1116500000005 84.735000610351577 405.44100793650802 3652.3846287556626 592.67953654060113 4424.3200000000006 524.73536111111127 20.815000000000005 14563.450000000003 4074.6508206377553 412.02234480431861 18322.750000000004 87.750000000000014
decision_type=2 2 2 2 2 2 2 2 2 2 2 2 2 2 2 2 2 2 2 2 2 2 2 2 2 2 2 2 2 2 2 2 2 2 2 2 2 2 2 2 2 2 2 2 2 2 2 2 2 2 2
left_child=5 -2 3 -3 -4 8 -7 -8 11 -10 -6 44 41 14 -14 16 40 18 20 -19 -17 22 -21 -23 26 -24 27 -25 29 30 43 -31 36 38 35 -35 -33 -36 48 -18 -15 -12 -29 -20 -1 -40 -27 -28 -34 -26 -37
right_child=1 2 4 -5 10 6 7 -9 9 -11 12 -13 13 15 -16 17 39 19 28 21 -22 23 25 24 49 46 47 42 -30 31 -32 32 33 34 37 50 -38 -39 45 -41 -42 -43 -44 -45 -46 -47 -48 -49 -50 -51 -52
leaf_value=2.4934263169926489 -3.3500508141237497 1.1085756049216129 -2.8824634519804331 -0.01722124387047937 -0.19831939751101033 3.0805823847579861 -0.029391825334565254 4.5148944676719331 0.057806355446539261 -7.5157758394008773 2.9257716033522998 0.99341202136010953 -0.088257485146818554 -0.0036881174709001243 0.0016799842124727226 3.68606659737697 -0.037402051742265997 -0.72645929901686601 0.0090900668573044591 3.0004766288361195 0.012156715764441127 -1.0936917733160108 2.5108759978087383 -2.39248388651969 -0.049321692057262584 -2.8949645808679678 -0.080339102144938862 0.030558121087317706 -0.31045252906156234 0.092100535603619568 -0.023522647511187537 0.0054435329638174009 -0.010140697135372499 -0.006433430983761962 0.049900489210520579 2.2451340491698408 0.022822558046634103 -0.040030093045729916 -0.013630302148552273 0.046787502487416852 -0.19518817812425884 -0.032899841981716894 5.9702205945010158 -0.0089801739248126199 -0.66190412400861776 0.02025887091032148 0.001327884381122073 -0.001108490681746741 -0.059261672794853178 -0.025408723508446335 0.027426033785601513
leaf_weight=22 22 37 29 20 32 35 29 26 26 20 25 20 28 20 21 29 22 32 39 28 31 23 22 20 30 23 20 21 39 21 39 30 20 21 26 21 25 27 29 25 39 20 24 21 20 36 23 28 21 26 22
leaf_count=22 22 37 29 20 32 35 29 26 26 20 25 20 28 20 21 29 22 32 39 28 31 23 22 20 30 23 20 21 39 21 39 30 20 21 26 21 25 27 29 25 39 20 24 21 20 36 23 28 21 26 22
internal_value=-0.000199262 -0.000561798 -0.000414097 0.00333333 -0.000612245 0.00191919 0.004 0.00127273 0.000185185 -0.00304348 -0.000467112 0.00258065 -0.000324484 -0.000473251 -0.00387755 -0.000292524 -0.00245283 -1.22399e-05 0.000784708 -0.00125 0.00466667 -0.000694444 0.00166667 -0.001875 -0.00112426 -0.000294118 0.000442478 0.00261538 0.000251716 0.000653266 -0.00191919 0.00150502 0.00100719 0.000134529 0.00213675 0.004375 0.00454545 -0.000566038 -0.00207547 0.00106383 -0.00525424 0.00288889 0.00511111 0.000666667 0.00047619 -0.000153846 -0.0026087 -0.0025 -0.00512195 -0.00428571 0.00674419
internal_weight=1355 1157 1135 57 1078 198 90 55 108 46 1049 62 1017 972 49 923 106 817 497 320 60 288 96 192 169 68 113 65 437 398 99 299 278 223 117 64 55 53 106 47 59 45 45 60 42 65 46 48 41 56 43
internal_count=1355 1157 1135 57 1078 198 90 55 108 46 1049 62 1017 972 49 923 106 817 497 320 60 288 96 192 169 68 113 65 437 398 99 299 278 223 117 64 55 53 106 47 59 45 45 60 42 65 46 48 41 56 43
is_linear=0
shrinkage=0.01


Tree=15
num_leaves=56
num_cat=0
split_feature=65 45 6 44 23 28 95 68 1 90 62 39 28 26 10 34 61 33 5 45 24 68 90 44 21 1 20 26 17 63 63 28 5 74 20 21 24 37 93 20 56 77 87 68 14 68 37 17 2 74 14 45 70 62 34
split_gain=10.8235 9.70187 9.70633 9.89125 10.2772 10.0869 12.7371 9.64278 8.46914 9.00754 8.79058 11 7.30708 8.71653 8.66959 7.54016 7.04545 6.96587 6.27844 8.01011 6.125 7.64085 6.03679 6.01855 6.20887 5.80147 8.36344 10.7821 16.5686 7.4805 7.15207 6.90051 6.84454 8.82682 7.70584 12.448 7.97987 7.56353 7.19591 5.4 4.97872 4.9 4.8 6.94286 4.48276 4.56405 6.4 4.28148 4.06097 4.04037 3.84127 3.48444 2.75862 2.08713 1.6
threshold=23044.650000000005 22654.776367187504 2984.3400000000006 2.0164999961853032 99.250000000000014 31.325000000000006 1.0000000180025095e-35 959.65000000000009 13619.250000000002 875.41965000000005 1676.3500000000001 152.25000000000003 24.175000000000004 0.75000000000000011 30979.850000000002 100.75000000000001 32179.000000000004 33.250000000000007 2421.9200000000005 24962.500000000004 6.2750000000000012 1447.9335000000003 1459.0327500000003 2.3535000085830693 26.525000000000002 16059.150000000001 1074.7500000000002 41.250000000000007 167.10000000000002 30636.600000000002 30185.650000000005 28.225000000000005 9672.9300000000021 394.06693750000005 561.95000000000016 14.275000000000002 5.2750000000000012 82.250000000000014 424.40297297297303 1311.1000000000001 0.87837969732492682 4039.3192259160364 0.031250000000000007 1503.4000000000003 20294.200000000004 771.42450000000019 97.250000000000014 80.350000000000009 2748.0500000000006 1074.6777708333336 17151.050000000007 23021.000000000004 1049.9945000000002 1334.7615000000003 83.250000000000014
decision_type=2 2 2 2 2 2 2 2 2 2 2 2 2 2 2 2 2 2 2 2 2 2 2 2 2 2 2 2 2 2 2 2 2 2 2 2 2 2 2 2 2 2 2 2 2 2 2 2 2 2 2 2 2 2 2
left_child=7 -2 18 -4 23 6 12 -1 -8 -10 20 -12 13 17 54 40 -17 -6 19 42 -11 -22 -9 24 -5 29 31 -28 -29 30 32 52 33 -25 36 -36 -35 -38 50 -31 44 -18 -3 -44 45 46 -16 -20 -23 -47 51 -37 -27 -49 -14
right_child=1 2 3 4 5 -7 8 22 9 10 11 -13 14 -15 15 16 41 -19 47 -21 21 48 -24 25 -26 26 27 28 -30 39 -32 -33 -34 34 35 38 37 -39 -40 -41 -42 -43 43 -45 -46 49 -48 53 -50 -51 -52 -53 -54 -55 -56
leaf_value=3.2405530586290752 -0.33329663079517929 -0.0088078560206716356 3.1835347300573358 -0.034602993717280324 -2.3792240061940499 2.67954478067705 0.029935298663132565 1.0142814475007553 0.01822604887616722 -0.021412775391869036 0.021667801298372608 -0.0087488593894030995 -2.1066413643335857 0.8717807316855255 0.87627721505794454 -4.4352251162380592 -0.018012097980017707 0.014409523493562984 -0.0084530954955220131 -0.087667141728414874 0.0087581976031398459 -0.010051284559925227 -0.069433259461139124 2.3849925828921346 0.0041318314010051968 2.8402874888245537 4.1176508874217488 -3.6108560087770263 3.2632568919478975 -0.5448469897498337 1.3407050643094607 0.017146393519910218 -1.207029354183083 1.0974898488723968 -0.033025140788004045 0.83850624595726775 -0.00070970511901007223 -2.8343274803934064 -0.0013351411028056416 0.019271061013725416 -1.2316386833673332 2.4194369082243123 -0.00065082753112002457 0.0245235855256726 0.00092552167643380481 -3.73391858010207 -2.8530458688779707 -0.093937247649285766 -0.021768436839538999 -0.0095233025699841857 0.041948331320719484 0.052950581629994775 3.4738438506436911 -0.030588398156380602 -5.1871780181806457
leaf_weight=21 22 32 25 23 21 31 27 20 22 24 22 22 20 30 20 22 20 22 27 34 25 22 26 30 22 29 24 34 20 30 22 26 23 21 25 25 30 37 23 30 24 20 28 20 30 26 20 23 25 21 25 20 20 22 20
leaf_count=21 22 32 25 23 21 31 27 20 22 24 22 22 20 30 20 22 20 22 27 34 25 22 26 30 22 29 24 34 20 30 22 26 23 21 25 25 30 37 23 30 24 20 28 20 30 26 20 23 25 21 25 20 20 22 20
internal_value=-0.000487273 -0.000688073 -0.000575428 -0.000218182 -0.000362791 -0.00134328 -0.00168317 0.00343284 0.00037037 -0.000493827 -0.00142857 0.00227273 -0.00291139 -0.000136986 -0.00374486 -0.0029064 0 -0.00302326 -0.00268817 -0.00122807 -0.003125 -0.00166667 0.000869565 0.000612245 -0.00288889 0.000931174 0.00254902 0.00025641 -0.00222222 0.000205279 0.00088968 0.00493333 0.00042471 0.000932203 0.000194175 0.00186441 -0.00204545 -0.00373134 0.00354839 -0.003 -0.0041844 0.0025 0.0005 0.0025 -0.00333333 -0.00448276 -0.002 -0.005 -0.00404255 -0.00659574 0.00514286 0.00688889 0.00714286 -0.00688889 -0.008
internal_weight=1375 1308 1286 1100 1075 536 505 67 189 162 140 44 316 73 243 203 62 43 186 114 96 72 46 539 45 494 153 78 54 341 281 75 259 236 206 118 88 67 93 60 141 40 80 48 117 87 40 72 47 47 70 45 49 45 40
internal_count=1375 1308 1286 1100 1075 536 505 67 189 162 140 44 316 73 243 203 62 43 186 114 96 72 46 539 45 494 153 78 54 341 281 75 259 236 206 118 88 67 93 60 141 40 80 48 117 87 40 72 47 47 70 45 49 45 40
is_linear=0
shrinkage=0.01


Tree=16
num_leaves=52
num_cat=0
split_feature=80 1 39 98 23 87 70 63 63 83 63 60 43 19 42 76 42 25 25 93 79 63 13 17 42 87 17 42 29 82 84 25 17 26 77 56 60 80 23 13 66 13 91 26 13 31 90 46 17 77 98
split_gain=10.1216 10.1242 9.47993 9.01664 8.64353 7.83617 6.9681 7.36448 9.76569 6.90072 8.83868 9.43216 9.26775 8.49379 8.34575 8.064 7.19692 8.69809 9.71382 6.87201 6.66144 6.42545 10.8379 6.67628 6.13636 6.03596 5.97475 6.44175 5.85596 6.64368 5.8084 5.67425 11.1958 7.52483 6.4511 9.31361 7.62908 5.84344 5.36508 5.34545 5.21724 5.14011 4.9 4.83441 4.80769 4.66667 4.44829 3.26667 2.70941 2.70754 1.99245
threshold=34367.062847222223 16836.628000000004 237.25000000000003 0.065972222222222238 10.250000000000002 0.67708333333333337 0.89100000000000013 28099.150000000005 24102.450000000004 2570.0500000000015 25296.650000000005 1621.1375000000003 78.564998626708999 1071.4000000000003 353.12500000000006 33722.146875000006 108.87500000000001 95.750000000000014 165.75000000000003 416.18426386913239 278.36521667954111 31184.850000000002 9131.9000000000015 196.50000000000003 115.29999923706056 0.13541666666666671 152.95000000000002 110.52500152587892 90.250000000000014 0.0095000000000000102 1159.1188333333334 210.75000000000003 167.10000000000002 96.250000000000014 4199.0132389378259 0.87837969732492682 888.66700000000003 37033.331597222226 38.250000000000007 1985.95 1503.4000000000003 5592.9000000000005 32434.656268750008 31.250000000000004 1673.8000000000002 8.7250000000000014 1247.9386500000003 102.08499908447267 166.70000000000002 4489.1419539252765 0.16319444444444445
decision_type=2 2 2 2 2 2 2 2 2 2 2 2 2 2 2 2 2 2 2 2 2 2 2 2 2 2 2 2 2 2 2 2 2 2 2 2 2 2 2 2 2 2 2 2 2 2 2 2 2 2 2
left_child=1 2 3 6 -2 9 -1 8 -8 10 12 14 -5 19 16 25 20 28 38 -13 -12 22 26 31 -9 -11 27 -6 40 -30 -22 33 -33 34 35 36 43 44 -19 -15 50 -10 -25 -23 -36 -40 -42 -14 -4 -39 -18
right_child=4 -3 48 5 21 -7 7 24 41 15 11 13 47 39 -16 -17 17 18 -20 -21 30 23 -24 42 -26 -27 -28 -29 29 -31 -32 32 -34 -35 37 -37 -38 49 45 -41 46 -43 -44 -45 -46 -47 -48 -49 -50 -51 -52
leaf_value=6.0849830056769267 0.03742316562508112 3.1503667110768943 1.8003109018438579 1.5231149551053804 -0.19235962492573208 -1.8475545509574232 2.0090424668746705 -0.0042828928695258697 0.6759157201843139 0.0043384553587329502 -0.01119780491942648 0.0046285485118198145 -0.013271914363796062 0.00079062657317683803 1.1037604107811307 -0.034256963780107522 -2.1590493545998153 2.362461337471359 -0.30514508957824737 -0.024795957259948712 -0.0089484269632689878 0.029960174678904411 0.018519481931804679 3.6402850912469011 2.0785768977292416 1.1040952311630308 -2.2626868420155044 -0.012171271924757754 0.0086706156271084463 -0.38252244607254382 0.94364142342361979 -4.7250647172776592 3.1883874663039435 0.38997770083459304 -1.1664208162288072 -0.031035006320230565 0.4965420485713587 -2.4181174596592023 0.022441758417760822 0.050637676282916204 -0.0034286712344806136 -2.1839880856992901 -0.017503070566897354 -0.10689707446914777 0.0085899699303569731 -0.055646344383686798 -0.030001618222835126 0.0047796766991625049 0.0071425511350208647 -0.026820767301733075 -4.1022393798105501
leaf_weight=31 35 35 21 29 21 32 20 20 20 36 39 20 30 22 20 23 20 21 26 21 30 34 37 20 24 29 28 23 29 25 21 27 21 26 20 21 30 29 21 33 21 38 20 29 32 21 33 30 20 28 33
leaf_count=31 35 35 21 29 21 32 20 20 20 36 39 20 30 22 20 23 20 21 26 21 30 34 37 20 24 29 28 23 29 25 21 27 21 26 20 21 30 29 21 33 21 38 20 29 32 21 33 30 20 28 33
internal_value=-0.000472727 0.0001566 -5.82072e-05 -0.000293399 -0.00164241 -0.000796992 0.00189542 0.000819672 -0.00102564 -0.000552923 -0.000972477 -0.00153509 0.00191011 0.00125 -0.00227778 0.00204545 -0.00264706 -0.00352 -0.00101124 -0.00219512 -0.000222222 -0.00201794 -0.00412844 -0.00133531 0.00409091 0.00384615 -0.00638889 -0.00409091 -0.00490683 -0.00222222 0.00215686 -0.00185185 -0.005 -0.00124498 -0.00183857 -0.000175439 0.0011828 -0.00357798 0.00111111 0.00381818 -0.00626168 -0.00310345 0.0025 -0.000793651 -0.00115385 -0.000952381 -0.00407407 -0.000333333 0.00463415 -0.00578947 -0.00849057
internal_weight=1375 894 859 818 481 665 153 122 78 633 545 456 89 96 360 88 340 250 89 41 90 446 109 337 44 65 72 44 161 54 51 297 48 249 223 114 93 109 63 55 107 58 40 63 52 42 54 60 41 57 53
internal_count=1375 894 859 818 481 665 153 122 78 633 545 456 89 96 360 88 340 250 89 41 90 446 109 337 44 65 72 44 161 54 51 297 48 249 223 114 93 109 63 55 107 58 40 63 52 42 54 60 41 57 53
is_linear=0
shrinkage=0.01


Tree=17
num_leaves=53
num_cat=0
split_feature=5 5 61 68 20 20 100 29 83 11 62 33 72 62 98 27 83 37 99 4 34 100 13 87 74 56 10 83 13 14 19 28 72 24 24 13 69 4 24 35 97 61 24 14 10 29 40 83 82 72 24 41
split_gain=9.80925 15.4865 12.9073 11.3336 9.97377 12.0941 11.7376 10.3741 10.0217 9.97556 12.242 9.7634 9.09873 9.0234 9.02083 8.9339 9.43158 8.34995 10.1333 11.4113 8.3306 8.32416 8.12997 7.80399 7.25017 6.72923 9.766 6.41616 6.4194 6.34289 6.11748 6.11111 5.89984 5.85613 6.56244 7.46698 5.90635 5.83602 5.7619 5.44155 5.14551 5.06288 4.50126 5.07037 4.2964 4.10822 3.77641 3.66959 3.48444 2.5 1.71163 1.6
threshold=3725.52 4273.3050000000012 25753.150000000005 1430.9115000000004 1687.2500000000002 1145.4500000000003 0.66319444444444453 74.750000000000014 2563.9499999999994 37774.350000000006 1.0000000180025095e-35 193.75000000000003 955.63250000000005 711.04750000000013 0.39236111111111116 99.750000000000014 2204.8999999999983 89.750000000000014 0.11458333333333336 2184.5650000000005 98.750000000000014 0.12152777777777779 8282.2000000000025 0.38541666666666669 1283.7127291666668 -1.0000000180025095e-35 32211.400000000005 1283.200000000001 3693.6500000000005 18224.450000000004 879.45000000000016 24.175000000000004 1350.0420000000001 4.8250000000000011 13.925000000000002 3078.8500000000004 32132.250000000004 2073.8350000000005 8.2250000000000014 26.575000000000006 0.072916666666666671 31900.000000000004 11.075000000000001 11893.200000000003 35728.05000000001 87.250000000000014 60.250000000000007 2267.0500000000015 -0.064499999999999932 1468.7855000000002 8.1750000000000025 82.750000000000014
decision_type=2 2 2 2 2 2 2 2 2 2 2 2 2 2 2 2 2 2 2 2 2 2 2 2 2 2 2 2 2 2 2 2 2 2 2 2 2 2 2 2 2 2 2 2 2 2 2 2 2 2 2 2
left_child=17 27 12 4 5 6 8 -6 15 48 47 30 -3 -9 22 16 20 18 19 -1 25 -15 31 -20 40 38 -27 -2 46 -8 51 -5 -26 -16 35 36 -35 -25 -4 -18 -19 -23 43 -21 -17 -37 -29 -11 -7 -44 -42 -10
right_child=1 2 3 14 7 9 29 13 11 10 -12 -13 -14 21 33 44 39 24 23 42 -22 41 -24 37 32 26 -28 28 -30 -31 -32 -33 -34 34 -36 45 -38 -39 -40 -41 50 -43 49 -45 -46 -47 -48 -49 -50 -51 -52 -53
leaf_value=0.0049784739979801115 1.6450957991898729 3.0144840220844027 0.022217340833583211 -0.10094485552009076 4.6112416434113577 -3.1313209022417006 2.4439466125196887 -0.95646071403779587 2.021365179656228 -3.1529557744491949 2.3311873785975838 -0.21965809375978054 0.003198628827412996 -0.025880169337386572 -0.017907547009760542 -0.0057575582789066862 -1.6773797065314824 -0.029829975762253592 0.031581212885789606 -0.019521396091884885 -4.6438294781811456 4.5956754107470887 -0.0048529842889945239 -0.047122776768795414 -2.1430047184386245 -2.4962663435916328 4.3025387747613379 0.54363412691275681 -0.044420953235227857 0.048590162715430978 0.0087964767353542975 -2.8571790981830794 0.0013114081933759127 0.0089318223761987118 -0.031522927991921218 0.0045477926589716847 0.014752120313949985 2.3839931410009849 -1.0847370702630696 -3.2994882799721155 -2.5512938933054552 0.29660916454054886 -0.019700025602371992 -0.025774581413114436 3.5463539284959871 -0.011642663013773502 0.007992888377894216 -0.52811987870802057 -3.712391291146858 0.0032335536163636408 -3.7804184805625689 1.1342179653579414
leaf_weight=27 20 34 21 36 33 20 25 22 20 22 32 31 38 21 25 21 23 20 28 24 26 20 37 35 22 23 29 20 24 34 26 30 38 24 23 29 21 23 27 22 23 26 20 30 20 36 38 21 25 20 20 20
leaf_count=27 20 34 21 36 33 20 25 22 20 22 32 31 38 21 25 21 23 20 28 24 26 20 37 35 22 23 29 20 24 34 26 30 38 24 23 29 21 23 27 22 23 26 20 30 20 36 38 21 25 20 20 20
internal_value=-0.000254545 0.000220096 -0.000180276 -0.000516648 0.000229508 -0.000409836 0.00048913 0.00278689 -0.000291262 -0.00316667 -0.000933333 0.00237113 0.00388889 0.00101124 -0.00226054 -0.00150943 -0.00251462 -0.00175758 -0.000531401 -0.00239669 -0.00111111 0.00283582 -0.00456311 0.00209302 -0.00382114 0.0002 0.00269231 0.00392157 0.00268293 0.00457627 0.00454545 -0.00666667 -0.00133333 -0.000759494 7.5188e-05 0.00109091 0.00422222 0 -0.0025 -0.00644444 -0.00619048 0.00521739 -0.00404255 -0.00592593 0.00268293 -0.00107692 0.00448276 -0.0044186 -0.00688889 -0.0015 -0.00813953 0.007
internal_weight=1375 1045 943 871 610 488 368 122 309 120 75 97 72 89 261 212 171 330 207 121 126 67 103 86 123 100 52 102 82 59 66 66 60 158 133 110 45 58 48 45 63 46 94 54 41 65 58 43 45 40 43 40
internal_count=1375 1045 943 871 610 488 368 122 309 120 75 97 72 89 261 212 171 330 207 121 126 67 103 86 123 100 52 102 82 59 66 66 60 158 133 110 45 58 48 45 63 46 94 54 41 65 58 43 45 40 43 40
is_linear=0
shrinkage=0.01


Tree=18
num_leaves=53
num_cat=0
split_feature=79 65 72 45 44 44 95 74 72 83 98 24 40 74 73 79 74 41 40 32 85 83 33 38 44 0 67 0 98 17 45 80 0 77 40 77 74 79 23 73 40 58 98 63 64 27 64 46 13 38 38 67
split_gain=8.767 9.57681 10.3934 8.65829 7.64157 6.19214 6.50088 14.8559 13.2922 8.98038 7.10227 7.75581 6.81529 6.6723 9.75785 8.74022 7.38751 12.0783 8.66667 7.25286 7.76569 6.36168 9.49605 7.83368 6.90632 10.2925 8.09309 7.48801 9.07916 7.4885 6.55325 5.78323 8.47477 5.72691 8.06129 6.87619 5.54741 6.91429 5.42919 5.40675 6.95458 4.9 4.9 4.66338 4.64015 4.33333 4.17096 4.08333 3.6 3.50303 2.60999 2.53846
threshold=719.60047600807059 23044.650000000005 955.63250000000005 22668.796875000004 3.2085000276565556 8.4499998092651385 1.0000000180025095e-35 1508.1703645833338 1239.2470000000001 1775.3999999999999 0.17013888888888892 8.2250000000000014 58.250000000000007 1177.4658229166669 1319.5505000000003 276.75585217212557 982.48011458333337 50.250000000000007 66.750000000000014 244.25000000000003 1584.4715000000003 2900.3500000000026 167.75000000000003 2.5250000000000004 2.8890000581741337 30946.500000000004 27015.200000000004 34828.950000000004 0.052083333333333336 136.15000000000003 24067.500000000004 30539.098958333339 34259.250000000007 3813.8160972606615 70.250000000000014 3488.8538394189 1536.110572916667 252.74453640078653 98.250000000000014 1450.9365000000003 79.750000000000014 -0.24999999999999994 0.42708333333333343 28693.550000000003 1012.2905000000002 64.250000000000014 1146.8500000000001 103.86500167846681 6916.1000000000013 6.325000000000002 6.6250000000000009 34523.650000000009
decision_type=2 2 2 2 2 2 2 2 2 2 2 2 2 2 2 2 2 2 2 2 2 2 2 2 2 2 2 2 2 2 2 2 2 2 2 2 2 2 2 2 2 2 2 2 2 2 2 2 2 2 2 2
left_child=1 2 -1 -3 -2 6 7 13 9 42 -10 12 -12 14 16 43 17 -5 -18 20 -17 23 -23 -19 25 -25 -26 30 -29 -30 -27 -14 -33 35 41 48 39 -38 -36 40 -13 -35 -8 -15 -20 -16 -4 -22 -28 -11 -9 -32
right_child=4 3 46 5 -6 -7 8 50 10 49 11 36 31 15 45 19 18 21 44 -21 47 22 -24 24 26 27 33 28 29 -31 51 32 -34 34 38 -37 37 -39 -40 -41 -42 -43 -44 -45 -46 -47 -48 -49 -50 -51 -52 -53
leaf_value=3.0015425982925916 -2.968802534814043 -0.84473357075130784 -0.29613509153011047 2.1978147901009892 0.00089463011519675035 1.7289220600667523 2.4830606222892833 -2.9659518179809674 1.1224589356034491 0.22900047279397176 0.011745116669559259 0.0066103043983878678 -0.014090611807592737 0.0095182969677221566 -2.4040448903513965 0.98027774129340206 0.017039564411186182 -7.1349965351256861 -2.168541817749968 2.3622865721057691 -0.26428370089273545 1.9099216791725604 -0.21656492615746509 0.0454960684804614 -1.0685715073790081 -0.029063178810467091 0.91277775187230026 -0.13590941306906471 -0.065746271149176458 4.286085334553384 -6.4565777399385977 0.00145549770560397 -0.023974213847925096 0.4297686010562296 1.7029635641454022 2.6102143610332167 -0.00045754050295091766 0.011651035582405125 -0.21746151282218271 0.0045806760434302252 -0.014640167966209537 -2.4855694123779579 -0.01313714007764983 -0.040273772952275889 -2.7572402968082783 -2.0504270977155246 1.7364999750362524 0.028379071089175503 -0.044995088755454 3.3344622255490068 -0.020589787385695734 -2.9053891098382629
leaf_weight=23 37 28 21 36 25 34 20 21 24 22 23 22 31 20 25 20 24 20 32 23 24 32 23 28 28 22 20 25 27 30 22 37 21 20 35 30 35 35 27 35 25 20 20 31 22 27 20 24 20 33 20 26
leaf_count=23 37 28 21 36 25 34 20 21 24 22 23 22 31 20 25 20 24 20 32 23 24 32 23 28 28 22 20 25 27 30 22 37 21 20 35 30 35 35 27 35 25 20 20 31 22 27 20 24 20 33 20 26
internal_value=-0.000196364 -2.28484e-05 0.00375 -0.000216173 -0.00387097 -9.00901e-05 -0.000210615 -0.000721393 0.000861619 0.00410526 -0.000208333 -0.000681818 -0.00267857 -0.000406291 -0.000853462 0.0015493 -0.000474517 -2.03666e-05 -0.00333333 0.00340659 0.00176471 -0.000461538 0.00272727 -0.0009 -0.000578947 -0.002 0.0007 -0.00302632 -0.00097561 0.00122807 -0.00542857 -0.00393258 -0.00206897 0.00151163 0 0.00371429 0.000789474 0.00285714 0.00225806 -0.00097561 -0.00319149 -0.0035 0.0005 -0.00176471 -0.00555556 -0.005 0.000731707 -0.000416667 0.001 0.00672727 -0.00658537 -0.0075
internal_weight=1375 1313 64 1249 62 1221 1187 804 383 95 288 264 112 763 621 142 569 491 78 91 68 455 55 400 380 180 200 152 82 57 70 89 58 172 102 70 152 70 62 82 47 40 40 51 54 52 41 48 40 55 41 48
internal_count=1375 1313 64 1249 62 1221 1187 804 383 95 288 264 112 763 621 142 569 491 78 91 68 455 55 400 380 180 200 152 82 57 70 89 58 172 102 70 152 70 62 82 47 40 40 51 54 52 41 48 40 55 41 48
is_linear=0
shrinkage=0.01


Tree=19
num_leaves=51
num_cat=0
split_feature=98 43 1 60 37 73 20 25 39 4 73 31 8 98 73 71 5 63 20 22 71 2 38 1 38 37 25 21 81 81 65 13 26 1 35 21 4 57 26 70 35 81 64 25 60 35 4 25 73 2
split_gain=9.02008 9.66207 9.0037 8.65553 10.635 9.27758 8.28077 8.16584 8.14588 7.95634 9.58218 7.51452 7.26982 7.25544 7.24934 8.03156 7.51668 8.65011 8.39152 7.04343 6.94407 6.88091 7.02338 6.70647 6.65963 6.3813 6.31568 6.03077 5.94954 9.09424 7.05333 5.8773 5.40809 5.35973 5.11708 6.82205 8.71745 6.13379 5.07698 4.97778 4.66509 6.16455 4.45456 6.10159 4.41903 3.83449 3.49349 3.22165 3 2.27273
threshold=0.065972222222222238 63.905000686645515 16153.400000000001 1682.5500000000002 88.250000000000014 1533.5000000000002 912.15000000000009 95.750000000000014 175.75000000000003 7842.5250000000005 1114.1540000000002 8.4750000000000014 422.47671052631586 0.15625000000000003 1234.7290000000003 1329.5100000000002 3725.52 31356.600000000002 1166.1000000000001 87.750000000000014 1152.6500000000003 2884.1500000000005 7.075000000000002 14208.050000000001 5.8750000000000009 50.250000000000007 150.75000000000003 26.225000000000005 4396.4294073790415 4175.2337236371568 33168.250000000007 1964.4000000000003 24.250000000000004 13383.550000000001 25.275000000000002 24.925000000000004 10477.420000000002 1.0000000180025095e-35 1.2500000000000002 1294.6000000000001 26.025000000000002 4146.1584429981513 1028.6455000000003 158.50000000000003 1493.4000000000003 27.175000000000004 8603.3650000000034 90.750000000000014 0.91400000000000015 2828.8500000000004
decision_type=2 2 2 2 2 2 2 2 2 2 2 2 2 2 2 2 2 2 2 2 2 2 2 2 2 2 2 2 2 2 2 2 2 2 2 2 2 2 2 2 2 2 2 2 2 2 2 2 2 2
left_child=2 -2 25 4 7 14 19 9 -9 10 12 13 20 -10 15 16 48 18 42 -5 33 22 -7 39 -19 -1 -15 -13 29 30 -4 -8 -30 -3 -27 -36 37 -37 -35 -12 -33 -42 43 47 -25 -28 -20 -18 -6 -16
right_child=1 3 28 6 5 21 31 8 11 -11 23 27 -14 26 49 -17 17 24 46 -21 -22 -23 -24 44 -26 34 45 -29 32 -31 -32 40 -34 38 35 36 -38 -39 -40 -41 41 -43 -44 -45 -46 -47 -48 -49 -50 -51
leaf_value=2.6697385938004254 0.049840905968663786 -0.076830581255147273 -1.9594765295151988 -0.029804996494749148 -3.173005629367708 0.019598849194906013 -0.0011789168589359876 1.4565956692859958 3.2656769573234024 -2.2107594571882494 -0.023308531077776067 0.015820743546104108 -0.13050430808736063 0.63624722471617168 -0.039308348439613477 0.012316326299027486 -0.28946362262648501 -0.023734471709445842 -0.38080935142174172 0.0027576553272762806 0.51305025890253286 -0.018112965693030256 -0.027946335812566687 -1.2656670088035771 1.4419272150371574 -0.078476978210346701 -0.21565865228613049 -0.069056082689372147 1.8334756619946091 -1.2235718415310337 3.3383393512553448 0.3313972380044658 -0.0027456060802930594 -0.00099613861605935363 2.0786505945896212 -1.1655836567083211 3.1857144077027941 0.83440755060325045 0.028116722845693439 0.011534525226581074 0.028621906651315844 -0.028313874066284439 -0.054602076783867338 -0.66701013058587322 -0.01741466935838917 0.019633507672177371 -5.1741598552705739 0.90771014564049723 -5.4597096706888433 -0.57138540354475575
leaf_weight=32 36 20 30 22 24 35 38 22 26 21 24 20 21 26 22 37 20 35 32 35 34 25 20 23 37 33 22 32 23 33 20 34 36 25 21 27 30 25 28 21 26 20 26 30 30 21 27 22 24 22
leaf_count=32 36 20 30 22 24 35 38 22 26 21 24 20 21 26 22 37 20 35 32 35 34 25 20 23 37 33 22 32 23 33 20 34 36 25 21 27 30 25 28 21 26 20 26 30 30 21 27 22 24 22
internal_value=-0.000210909 -0.000647887 0.00129032 -0.000826045 -0.00124122 -0.00232877 0.0012 -9.61538e-05 0.00159763 -0.00125506 -0.000707965 0.000748299 0.00109375 0.00242105 -0.00301676 -0.00248408 -0.00306859 -0.00231441 -0.00363057 -0.00192982 0.00214953 0.00075 0.00272727 -0.00306122 0.000555556 0.00285714 0.000724638 -0.00230769 -0.00056338 -0.00228916 0.0004 0.00271186 0.00186441 0.000410959 0.00191176 0.00300971 0.00170732 -0.000769231 0.00207547 -0.000222222 0.00425 0.00217391 -0.00183673 -0.000555556 -0.0054717 -0.00162791 -0.00661017 0.00190476 -0.00666667 -0.00681818
internal_weight=1375 1065 310 1029 854 438 175 416 169 247 226 147 128 95 358 314 277 229 157 57 107 80 55 98 72 168 69 52 142 83 50 118 59 73 136 103 82 52 53 45 80 46 98 72 53 43 59 42 48 44
internal_count=1375 1065 310 1029 854 438 175 416 169 247 226 147 128 95 358 314 277 229 157 57 107 80 55 98 72 168 69 52 142 83 50 118 59 73 136 103 82 52 53 45 80 46 98 72 53 43 59 42 48 44
is_linear=0
shrinkage=0.01


Tree=20
num_leaves=51
num_cat=0
split_feature=29 93 56 78 87 70 91 59 28 73 39 76 87 16 20 75 85 73 85 16 2 16 81 45 28 44 93 75 57 11 71 71 71 13 71 78 13 87 67 75 81 70 29 45 78 78 25 30 26 67
split_gain=7.94672 7.66417 6.78016 10.7585 8.98743 8.83986 8.73883 8.9014 7.56583 9.71994 9.09015 7.53444 7.29165 7.53495 6.97233 6.94795 6.11762 6.09369 6.99473 6.98737 8.19394 5.41882 7.57371 8.35667 5.91254 5.64723 5.53539 7.71752 9.12852 7.30994 5.71651 7.02874 5.78808 11.617 8.02535 6.45953 12.7273 8.62851 7.75758 5.27726 5.18449 5.09394 4.62976 4.35981 4.19645 4.02381 3.80234 3.77143 3.72303 3.48444
threshold=58.250000000000007 392.69958333333335 0.87837969732492682 519.68573263888902 0.92708333333333337 1758.1000000000001 30694.413400000001 -0.68301270189221952 28.575000000000006 924.73700000000019 222.25000000000003 38750.820833333339 0.67708333333333337 2870.3000000000006 947.40000000000009 613.19033560353489 1467.1910000000003 1090.2030000000002 1502.4000000000003 5725.5000000000009 3140.2585000000004 7093.2500000000009 4776.1862348108343 25391.500000000004 28.025000000000002 7.6844999790191659 422.5526315789474 123.26112343584698 1.0000000180025095e-35 35334.55000000001 1670.1525000000004 1602.1000000000001 1355.7645000000002 3245.2000000000003 1171.5155000000002 878.84025347222234 5822.0500000000002 0.031250000000000007 29911.350000000002 511.33972778071399 3888.9415635024466 1454.9000000000003 90.250000000000014 25387.500000000004 321.48051388888894 414.3238784722223 61.750000000000014 88.750000000000014 32.750000000000007 35892.350000000006
decision_type=2 2 2 2 2 2 2 2 2 2 2 2 2 2 2 2 2 2 2 2 2 2 2 2 2 2 2 2 2 2 2 2 2 2 2 2 2 2 2 2 2 2 2 2 2 2 2 2 2 2
left_child=-1 -2 3 4 6 17 15 -8 11 10 14 12 13 -5 -10 44 -15 18 -4 -20 -21 22 23 24 25 26 27 28 -18 -28 31 32 34 -34 35 36 -29 38 -37 -31 -11 -40 46 -23 -3 -46 -39 -12 -19 -9
right_child=1 2 5 8 -6 -7 7 49 9 40 47 -13 -14 16 -16 -17 21 48 19 20 -22 43 -24 -25 -26 -27 29 30 -30 39 -32 -33 33 -35 -36 37 -38 42 41 -41 -42 -43 -44 -45 45 -47 -48 -49 -50 -51
leaf_value=3.0662719730488095 -2.2617860721933418 2.9631427935727062 -0.12406278552542131 -1.0726549788907809 -0.42706718287243106 0.021690249568961067 2.3484679453679731 -0.10710391421367424 -4.2396814254009687 -0.03083714541111152 3.0281241193405539 0.93322824359741874 -2.0236675662919472 1.2756995430004594 -0.017852560594277131 5.9031325095795069 0.0038937359659368034 -0.021104643743589259 -0.64321337003784618 2.1849926703729952 -0.018259083448812642 -0.022765780689472593 0.045956342405361686 -2.3277155212812675 0.85739349310133817 -0.049850242653267804 0.041694368140593525 -2.200153683583185 -0.012722936570710417 -0.00057187537976145786 0.0089332886852890193 -0.012305305743802899 -0.0017840647854455564 1.062252984969241 -0.82298523745102781 0.41633811614103067 0.3171731350143866 -0.0024578026753964634 -0.79627186002099126 -0.050824537489205658 -1.1468269132056026 0.021534686566086595 0.49668914431151218 -0.00062592242294436605 -0.053617606311769005 1.9562059814667678 1.0775265364678748 -0.015028196188350358 -0.30713758040253736 -0.029998373552988383
leaf_weight=30 28 34 20 37 32 22 38 20 33 23 20 25 21 24 36 24 26 27 35 20 24 20 39 30 29 21 22 20 21 25 21 27 26 21 26 22 35 21 24 38 35 20 28 21 24 32 32 22 23 25
leaf_count=30 28 34 20 37 32 22 38 20 33 23 20 25 21 24 36 24 26 27 35 20 24 20 39 30 29 21 22 20 21 25 21 27 26 21 26 22 35 21 24 38 35 20 28 21 24 32 32 22 23 25
internal_value=-0.000422535 -0.000538287 -0.000426026 -0.000142857 0.00179039 -0.0022807 0.00258883 0.000120482 -0.000639731 -0.00254438 -0.000810811 -0.000193906 -0.000387374 -0.000207101 -0.00304348 0.00438596 4.69484e-05 -0.00315436 -0.00171717 -0.000379747 0.00227273 -0.000146341 0.00010453 -0.000205607 9.90099e-05 -0.000168067 6.59341e-05 0.000594595 -0.00319149 -0.00223529 0.00114551 0.000794702 0.00127273 0.00446809 0.000614035 0.00128713 -0.00163636 0.00238095 -0.00030303 -0.00396825 -0.00586207 -0.00272727 0.0045679 -0.00365854 0.00311111 0.00142857 0.00283019 0.00285714 -0.006 -0.00288889
internal_weight=1349 1319 1291 1120 229 171 197 83 891 169 111 722 697 676 69 114 639 149 99 79 44 615 574 535 505 476 455 370 47 85 323 302 275 47 228 202 55 147 66 63 58 44 81 41 90 56 53 42 50 45
internal_count=1349 1319 1291 1120 229 171 197 83 891 169 111 722 697 676 69 114 639 149 99 79 44 615 574 535 505 476 455 370 47 85 323 302 275 47 228 202 55 147 66 63 58 44 81 41 90 56 53 42 50 45
is_linear=0
shrinkage=0.01


Tree=21
num_leaves=51
num_cat=0
split_feature=36 32 32 6 87 75 82 20 98 43 70 27 71 20 5 43 4 24 37 78 75 44 20 5 0 22 39 74 37 7 93 27 75 39 70 23 10 20 7 23 10 43 75 71 37 82 6 44 98 24
split_gain=9.04618 7.73385 9.99531 9.03003 14.4661 10.373 8.27335 8.18007 8.7723 9.03491 9.64405 8.9003 9.96247 8.79115 9.84685 8.64974 9.84545 8.54476 7.93491 8.52268 10.2394 9.92909 7.71429 7.51439 7.38462 7.25018 7.19194 11.2414 7.05333 6.87619 6.71527 6.38375 6.34168 6.30624 6.80481 8.37125 6.1683 6.14877 6.11141 6.11111 10.107 5.89667 5.51567 4.50625 6.50598 3.77143 3.6 3.23438 2.82609 1.6
threshold=92.250000000000014 296.25000000000006 279.75000000000006 6592.9950000000008 0.21875000000000003 346.59320019092439 -0.012000000000000009 55.000000000000007 0.43402777777777785 87.31000137329103 1509.0000000000002 90.750000000000014 1346.5740000000003 1892.7 4898.505000000001 94.505001068115249 3797.4350000000004 4.1750000000000016 79.750000000000014 864.97609375000013 464.14774777946667 2.8149999380111699 716.05000000000007 4693.670000000001 31642.050000000003 89.750000000000014 128.25000000000003 1019.5421458333335 62.250000000000007 2186.0900000000006 413.16576923076929 25.750000000000004 310.65955101867661 148.75000000000003 955.63250000000005 98.250000000000014 31758.350000000002 970.60000000000014 1641.6400000000003 98.750000000000014 32154.400000000005 81.694999694824233 617.0399902319665 1677.3000000000002 99.250000000000014 308.9310000000001 5657.2400000000007 3.9455000162124638 0.28819444444444448 9.7250000000000014
decision_type=2 2 2 2 2 2 2 2 2 2 2 2 2 2 2 2 2 2 2 2 2 2 2 2 2 2 2 2 2 2 2 2 2 2 2 2 2 2 2 2 2 2 2 2 2 2 2 2 2 2
left_child=1 2 3 7 5 22 -4 -1 11 10 24 12 13 17 30 -11 -17 -9 39 20 37 29 -5 -13 -10 31 27 -19 -27 -22 -15 -12 -8 -28 35 -35 -14 -20 42 40 -6 -41 -23 44 -33 -32 -16 -2 -7 -36
right_child=47 -3 6 4 18 48 32 8 9 15 25 23 36 14 46 16 -18 26 19 -21 21 38 -24 -25 -26 28 33 -29 -30 -31 45 43 -34 34 49 -37 -38 -39 -40 41 -42 -43 -44 -45 -46 -47 -48 -49 -50 -51
leaf_value=-1.8116215058468723 -1.3564035570287449 0.031798718139310997 -2.5782698235721093 3.8004005921392019 3.6016743990412441 3.70403911034182 -0.055832385271378085 1.0625951726196126 -0.0021497424560975413 -0.040689868525898495 0.0031296668720188149 0.016446533006800521 0.92609617412257805 0.0042008848830153859 1.7360212044126271 -0.019858982128772552 0.0111316831337573 0.022530898425865562 -0.035882232141277545 -2.3195478754403887 -2.7725313623206547 3.1774406843180749 -1.1012531311871381 -1.1455668452327119 -0.028613536308743536 -0.0017972215259181696 2.5146248404006188 -1.5763129422273812 0.018083749628834394 1.2496609972904593 -2.3630600353990761 0.023553184209093993 2.5455749437165283 0.89842745424162374 0.91595797706456572 -0.090938351925925323 0.011649153440979318 -2.2756097929949362 -0.029698389817458499 -1.0599535634163431 0.17908961468005807 1.7083295645249763 0.42810704050305631 -0.010373265316001887 -2.115662935306196 -2.4138752441716025 -0.056495712389558528 -0.047639263310876936 2.8681270112663286 0.45332137018630181
leaf_weight=30 21 35 34 21 21 20 23 22 39 37 33 25 29 23 20 20 24 36 29 21 35 27 21 28 39 20 30 21 30 21 27 29 22 24 20 38 22 35 29 21 34 23 25 31 20 28 20 20 26 20
leaf_count=30 21 35 34 21 21 20 23 22 39 37 33 25 29 23 20 20 24 36 29 21 35 27 21 28 39 20 30 21 30 21 27 29 22 24 20 38 22 35 29 21 34 23 25 31 20 28 20 20 26 20
internal_value=-0.000496664 -0.000351682 -0.000479183 -0.000251256 0.000953545 0.00454545 -0.00392405 -0.000878981 -0.000675497 -0.00192547 -0.000954357 0.000254042 0.000789474 0.000151976 -0.0020339 -0.00481481 -0.00181818 0.00137441 -3.11526e-05 -0.00108108 -0.000447761 0.00109489 0.000952381 -0.00358491 -0.00384615 0.000429448 0.000687831 -0.0022807 0.0036 -0.00214286 -0.00410256 -0.000973451 -0.00111111 0.0019697 0.000784314 -0.00129032 0.00490196 -0.00375 0.00333333 0.00232323 0.00454545 -0.000454545 0.00538462 -0.0025 -0.000612245 -0.006 0.002 -0.00512195 0.00782609 0.004
internal_weight=1349 1308 1273 1194 409 88 79 785 755 322 241 433 380 329 118 81 44 211 321 222 201 137 42 53 78 163 189 57 50 56 78 113 45 132 102 62 51 64 81 99 55 44 52 80 49 55 40 41 46 40
internal_count=1349 1308 1273 1194 409 88 79 785 755 322 241 433 380 329 118 81 44 211 321 222 201 137 42 53 78 163 189 57 50 56 78 113 45 132 102 62 51 64 81 99 55 44 52 80 49 55 40 41 46 40
is_linear=0
shrinkage=0.01


Tree=22
num_leaves=50
num_cat=0
split_feature=35 68 25 37 26 82 5 75 31 75 16 43 71 33 81 91 19 10 87 36 16 25 97 36 89 40 62 31 43 8 34 41 41 77 76 10 68 69 34 24 74 16 68 36 89 77 26 42 68
split_gain=10.1731 7.63678 10.7741 10.7078 8.68583 9.65285 12.9559 9.55874 11.8301 10.3096 10.1459 9.16136 8.45062 8.71111 8.32078 7.97872 7.44683 7.88503 7.3537 9.49981 7.67552 7.49494 6.90019 6.77963 6.94286 14.6768 6.92053 8.13518 6.52281 6.39062 6.33578 6.1675 9.18421 7.05625 8.64286 6.32992 6.07422 5.60997 5.40032 5.55863 5.71806 4.95718 4.60909 3.84127 3.72024 3.46592 3.45513 2.61905 2.25017
threshold=23.175000000000004 1430.9115000000004 24.750000000000004 50.750000000000007 3.2500000000000004 220.20000000000007 4424.3200000000006 638.4004935525146 6.7250000000000005 290.74791084203963 6672.9000000000005 66.875000000000014 1169.1900000000003 52.750000000000007 3486.0098714538781 31421.726212500009 1395.6000000000001 38284.850000000013 0.46875000000000006 88.750000000000014 5501.5000000000009 126.75000000000001 0.67708333333333337 85.750000000000014 1577.0822437500003 103.25000000000001 1250.4000000000003 8.2750000000000021 68.919998168945327 415.78684210526319 36.250000000000007 94.750000000000014 65.250000000000014 3929.2913865803307 33824.61250000001 34974.05000000001 1425.8500000000001 27572.850000000002 70.750000000000014 6.9250000000000016 329.53037500000011 6468.5000000000009 1.0075000000000001 88.250000000000014 1409.0468437500001 4170.1411525310523 94.750000000000014 141.55000305175784 1.0075000000000001
decision_type=2 2 2 2 2 2 2 2 2 2 2 2 2 2 2 2 2 2 2 2 2 2 2 2 2 2 2 2 2 2 2 2 2 2 2 2 2 2 2 2 2 2 2 2 2 2 2 2 2
left_child=36 4 3 -3 11 7 -7 9 15 10 14 -2 13 46 -6 -9 17 23 19 20 -15 -20 30 24 25 41 43 -28 -16 -5 -18 32 33 -13 -35 48 -1 -8 -23 -40 -41 -4 -22 -25 -39 -32 -11 -45 -34
right_child=1 2 16 29 5 6 37 8 -10 12 -12 31 -14 18 28 -17 22 -19 21 -21 42 38 -24 26 -26 -27 27 -29 -30 -31 45 -33 35 34 -36 -37 -38 44 39 40 -42 -43 -44 47 -46 -47 -48 -49 -50
leaf_value=3.6174933429389795 -0.68186174947974676 0.038235623957894427 0.0043424809331212288 -1.4082706740657154 0.031480730957917882 -0.035981238398174208 0.10925984450951097 2.1886800799013573 -3.5287705280814361 -0.43805259051789774 0.052684953103796339 0.92612246532752462 2.0929208834960282 -0.16907822253645413 -2.5034211049845032 -2.2418349335816563 -0.2195361713230527 0.014937655545253154 -0.0036534978306426648 -1.3547898685153337 3.1134848649095694 0.0098983568364018077 0.00069868249624765403 -1.6151905621689508 -0.0089799472485419148 0.019484961759327606 0.017629434152399585 -0.031916732605193052 -0.11906824208261674 0.011901291361221646 -2.3741108376437188 2.6052147336815978 -0.053638679357840398 -0.39805497293177683 0.016957406296000156 -0.0053348478876657389 0.0020440604755094798 4.0284085042088167 3.5036674736974582 0.043619483435096404 1.9273398600004217 -0.021312064957597493 0.0092148254630984132 -2.8329841664444393 4.71900544595014 -2.1764327887801342 -0.0022599641110592652 -0.78132802779169797 -3.1442772500873977
leaf_weight=28 24 37 25 22 25 31 29 27 27 26 25 36 36 26 22 20 20 26 31 38 24 20 26 21 21 38 35 26 38 37 29 23 20 28 28 22 30 24 29 25 27 21 20 20 32 34 22 22 26
leaf_count=28 24 37 25 22 25 31 29 27 27 26 25 36 36 26 22 20 20 26 31 38 24 20 26 21 21 38 35 26 38 37 29 23 20 28 28 22 30 24 29 25 27 21 20 20 32 34 22 22 26
internal_value=-0.000303929 -0.000487994 -0.00152174 0.00145833 8.42359e-05 0.000673077 0.00327586 7.87402e-05 -0.00324324 0.000645161 -0.002 -0.00169082 0.00154321 0.000972222 -0.00364706 -0.000212766 -0.00230769 -0.00137255 0.00175 -0.000185185 0.002 0.00333333 -0.00449541 -0.00196507 -9.52381e-05 0.00119048 -0.00354839 -0.00114754 -0.00566667 -0.00118644 -0.00590361 -0.000928962 -0.001625 0.000434783 -0.00178571 -0.00441176 0.0037931 0.00529412 0.00465347 0.00580247 0.00384615 -0.0026087 0.00454545 -0.00587302 0.00714286 -0.00746032 -0.00291667 -0.00761905 -0.00652174
internal_weight=1349 1291 460 96 831 624 116 508 74 434 110 207 324 288 85 47 364 255 240 108 70 132 109 229 105 84 124 61 60 59 83 183 160 92 56 68 58 85 101 81 52 46 44 63 56 63 48 42 46
internal_count=1349 1291 460 96 831 624 116 508 74 434 110 207 324 288 85 47 364 255 240 108 70 132 109 229 105 84 124 61 60 59 83 183 160 92 56 68 58 85 101 81 52 46 44 63 56 63 48 42 46
is_linear=0
shrinkage=0.01


Tree=23
num_leaves=54
num_cat=0
split_feature=37 36 14 10 62 70 93 81 93 11 20 82 29 61 10 88 81 41 20 32 37 89 66 66 66 17 66 32 92 17 31 56 41 66 89 10 25 3 27 61 31 17 20 81 60 1 14 2 7 14 19 81 1
split_gain=8.79034 10.3826 9.69879 9.93163 10.8376 8.52189 10.3026 9.72042 8.20607 8.01643 7.73986 12.3825 11.0003 8.75532 8.64 8.5492 7.9365 7.27701 7.2767 12.1198 9.26548 7.5933 7.86968 7.46484 7.13317 7.11111 6.95215 6.79294 6.30326 7.00965 6.4 6.35796 7.89632 7.15344 6.6881 6.25541 5.72024 6.59216 5.65097 5.64673 5.41548 5.30752 6.50159 4.95279 5.25827 4.81114 4.74113 4.57143 4.54463 3.6 3.27797 2.87748 0.503704
threshold=88.250000000000014 89.250000000000014 13167.850000000002 35211.950000000004 1.0350000000000004 1444.3830000000003 411.70960526315793 4114.9914167279494 424.88297297297305 30241.750000000004 817.45000000000016 1508.9895000000004 86.250000000000014 33198.150000000001 28611.550000000007 12863.132708333333 4672.9772922324728 95.750000000000014 1311.1000000000001 74.250000000000014 83.750000000000014 1706.6095312499999 1282.5740000000003 1.0020000000000002 1398.6000000000001 174.75000000000003 1107.2235000000003 254.75000000000003 27399.635987500009 255.20000000000002 8.4250000000000025 -1.0000000180025095e-35 68.250000000000014 0.10200000000000002 1156.9937437500002 37118.150000000001 132.25000000000003 13515.000000000002 40.250000000000007 33498.80000000001 8.5250000000000021 103.75000000000001 269.00000000000006 4574.3914791220932 1037.8880000000001 14144.550000000001 17789.250000000004 2590.7000000000003 171.10000000000005 16197.200000000003 1817.5500000000002 4069.9685894477043 15057.400000000001
decision_type=2 2 2 2 2 2 2 2 2 2 2 2 2 2 2 2 2 2 2 2 2 2 2 2 2 2 2 2 2 2 2 2 2 2 2 2 2 2 2 2 2 2 2 2 2 2 2 2 2 2 2 2 2
left_child=1 5 3 38 -5 9 27 25 10 -1 12 15 13 14 -4 16 28 -17 20 49 21 22 23 35 -9 -8 -18 45 29 31 -30 32 -12 -33 -34 -11 37 -3 -2 40 -26 42 -25 44 50 -7 -38 -40 -16 -20 -21 -14 -35
right_child=2 36 8 4 -6 6 7 24 -10 18 11 -13 51 -15 48 17 26 -19 19 43 -22 -23 -24 41 39 -27 -28 -29 30 -31 -32 33 34 52 -36 -37 46 -39 47 -41 -42 -43 -44 -45 -46 -47 -48 -49 -50 -51 -52 -53 -54
leaf_value=0.66563812080178009 -0.042529719087737228 -2.6306899198947913 -1.1067907592657769 -4.3841866114064247 0.033903333577782545 -0.011651722849398414 -0.016541861464202317 -0.023772112509780872 0.15844053854313195 1.9092935203614603 0.0097349984475902894 0.24045471948239233 2.0690941623650749 -0.29636941585500481 0.0057999853852848957 -1.3430090955214176 -0.058085307147515523 2.7485836889456818 -1.6511832152540489 2.617852459708446 2.3955689325496796 2.4836177410364564 0.016123617689048346 -1.6157954025391292 -0.0025956849232834102 0.0064084523802691229 0.045523711205439021 0.017843236110849311 -0.041338553610342103 -0.014616416803138165 1.6705500497102446 -0.17583757826534666 -1.7605559885738851 -2.5606856311081048 -0.019417622163691448 -0.058633081518690719 0.96628225343089325 -0.038789758310604487 -2.6086033273736691 1.5317950393065456 0.023340447168168313 -0.0028050101684505553 -2.4579079138911362 1.0071063777519962 0.78140630736088257 -0.019320205497207893 -0.12401905904358436 -0.04687264596340765 0.62294724151096059 1.179164694901973 0.063860789489057726 0.017751725957446288 -3.356188106593013
leaf_weight=29 32 20 25 21 20 29 25 20 20 20 22 35 34 35 29 35 20 33 20 22 23 24 39 21 22 20 21 23 20 30 20 21 28 34 20 22 20 34 28 26 21 26 24 20 23 25 22 28 21 20 26 31 20
leaf_count=29 32 20 25 21 20 29 25 20 20 20 22 35 34 35 29 35 20 33 20 22 23 24 39 21 22 20 21 23 20 30 20 21 28 34 20 22 20 34 28 26 21 26 24 20 23 25 22 28 21 20 26 31 20
internal_value=-6.67161e-05 0.000750751 -0.000863836 -0.00333333 0.000731707 0.00126316 -0.000331754 0.00134328 -0.000288809 0.00220056 -0.000524345 -0.0013649 0.0012 -0.000727273 0.0012 -0.00197531 -0.0028125 0.00117647 0.00175758 0.00358779 0.000552764 -0.000227273 -0.00105263 -0.00238938 0.00325843 -0.00244444 0.00121951 -0.00324675 -0.0035814 -0.0044 0 -0.00531034 -0.00314286 -0.00733333 -0.00541667 0.000952381 -0.00229167 -0.00444444 -0.00522727 0.00478261 0.00255814 -0.0043662 -0.00644444 0.0056044 0.0043662 -0.00518519 0.00047619 -0.00714286 0.0036 -0.001 0.00625 0.00446154 -0.00925926
internal_weight=1349 666 683 129 41 570 211 134 554 359 534 359 175 110 75 324 256 68 330 131 199 176 152 113 89 45 41 77 215 175 40 145 70 75 48 42 96 54 88 69 43 71 45 91 71 54 42 56 50 40 48 65 54
internal_count=1349 666 683 129 41 570 211 134 554 359 534 359 175 110 75 324 256 68 330 131 199 176 152 113 89 45 41 77 215 175 40 145 70 75 48 42 96 54 88 69 43 71 45 91 71 54 42 56 50 40 48 65 54
is_linear=0
shrinkage=0.01


Tree=24
num_leaves=55
num_cat=0
split_feature=8 79 67 4 36 70 72 41 26 89 36 33 8 30 26 8 45 46 19 90 88 41 19 84 82 37 23 46 56 19 19 90 44 67 84 89 24 72 30 79 92 4 21 73 21 88 44 17 46 37 24 0 7 16
split_gain=11.6596 8.74422 9.08738 9.37157 9.11621 6.70466 10.161 9.10691 6.65229 8.14121 9.34557 6.57591 8.69661 8.26618 9.10676 9.48922 8.05336 8.58735 8.34027 8.03876 7.53664 7.60032 7.53027 6.7784 6.50776 6.59122 8.2635 6.23308 6.14735 10.4224 9.14107 6.17143 6.11704 6 6.27258 6.69462 5.86383 5.64888 5.40346 5.22754 7.32814 4.65455 5.37568 4.38312 6.11942 4.11739 3.79522 3.01882 3.00268 2.78893 2.08432 1.78674 1.6 1.04274
threshold=392.9500000000001 675.02219666693452 28181.150000000005 2098.9450000000002 71.250000000000014 0.99700000000000011 1601.7 85.750000000000014 60.750000000000007 988.95834374999993 85.250000000000014 6.7500000000000009 417.94876244665727 54.250000000000007 3.7500000000000004 416.0884815078237 23471.500000000004 103.64500045776369 187.10000000000002 1620.4576500000005 4593.9262499999995 69.250000000000014 313.60000000000008 1526.5345937499999 1498.9500000000003 91.250000000000014 81.250000000000014 103.90000152587892 -1.0000000180025095e-35 756.50000000000011 445.2000000000001 3023.6125500000003 3.6944999694824223 37998.350000000006 977.14706250000006 1430.05126875 5.9250000000000016 1072.3365000000001 87.250000000000014 273.35105953684882 25359.349593750008 11001.905000000001 27.225000000000005 1345.6740000000002 17.725000000000005 13283.910416666668 2.5505000352859502 187.55000000000004 104.064998626709 55.750000000000007 8.3250000000000028 30361.100000000002 87.77500000000002 5111.1000000000013
decision_type=2 2 2 2 2 2 2 2 2 2 2 2 2 2 2 2 2 2 2 2 2 2 2 2 2 2 2 2 2 2 2 2 2 2 2 2 2 2 2 2 2 2 2 2 2 2 2 2 2 2 2 2 2 2
left_child=38 2 8 4 -4 46 7 -7 9 43 -11 20 13 16 19 28 18 50 -13 27 52 49 -20 24 25 26 -14 -15 31 30 -30 33 36 34 51 -36 -31 -27 -1 -21 -41 42 -10 44 -2 -38 -3 -24 -6 -22 -18 -16 -5 -8
right_child=1 5 3 11 48 6 53 -9 41 10 -12 12 23 14 15 -17 17 -19 22 39 21 -23 47 -25 -26 37 -28 -29 29 32 -32 -33 -34 -35 35 -37 45 -39 -40 40 -42 -43 -44 -45 -46 -47 -48 -49 -50 -51 -52 -53 -54 -55
leaf_value=-0.14272487140570447 -0.019938812592912348 -0.055516121693235256 -0.014342669206727044 -1.8664368594496779 0.0083272153917757236 1.9833670282378837 -0.22325778285333753 -0.03086098809908468 1.1743624773632109 0.010230964937109356 -0.4805178223604058 -2.2929540382733795 -0.0085150430513531838 -1.3295790045662035 2.104839980976994 -0.093214111174231076 -1.4847873923793478 -0.0065006481687970496 0.28852428261281882 -0.017191228407159694 -0.018745749279417571 -1.5741975595648017 0.0038765812850117955 0.021521172146626855 0.23805017228756839 0.0062292893141991847 2.2833573421962079 -0.0033683899582673173 -0.0028494867719624588 -0.046477964411831468 -1.828287314473235 -1.547110371235813 2.6549034783894085 -0.029127783522564892 0.049337511339659107 -0.032540765968422029 -0.013326003421811755 -2.3043031186987397 -3.2092312990658662 0.71578065264571111 -0.015331104531570121 6.0445352954646498 -0.0063266319672547764 0.022403943415437916 1.0637808310643968 2.9565345607923108 -5.6012322370246395 -0.024364108783174722 1.4544498319484869 2.5092919712382478 -1.0547231932653602 4.7680342895443877 -2.5625668585981294 -0.68080658948128137
leaf_weight=22 23 21 20 20 26 29 20 32 23 29 31 20 22 37 20 31 27 27 24 22 23 32 21 38 29 23 24 21 36 28 22 20 27 20 22 25 22 33 20 22 20 20 21 21 33 21 23 20 20 22 20 33 20 21
leaf_count=22 23 21 20 20 26 29 20 32 23 29 31 20 22 37 20 31 27 27 24 22 23 32 21 38 29 23 24 21 36 28 22 20 27 20 22 25 22 33 20 22 20 20 21 21 33 21 23 20 20 22 20 33 20 21
internal_value=-5.18903e-05 0.000114767 0.000404823 0 0.00363636 -0.00219178 -0.000784314 0.00180328 0.00233831 0.00109489 -0.00166667 -0.000268456 6.43501e-05 -0.000493421 0.000200445 0.00107034 -0.00245283 -0.00486486 -0.000352941 -0.00213115 -0.00247863 -0.000649351 0.00138462 0.00207101 0.000992366 -0.000196078 0.0026087 -0.00482759 0.00162162 0.00025641 -0.00310345 0.00314286 0.0022449 0.004 0.005 0.00234043 0.000704225 -0.0025 -0.0052381 0.0003125 0.00238095 0.005 0.00318182 0.00324675 0.00178571 0.00302326 -0.00545455 -0.00121951 0.00608696 0.002 -0.00744681 0.00735849 -0.006 -0.00463415
internal_weight=1349 1307 1161 960 66 146 102 61 201 137 60 894 777 608 449 327 159 74 85 122 117 77 65 169 131 102 46 58 296 156 58 140 98 120 100 47 71 56 42 64 42 64 44 77 56 43 44 41 46 45 47 53 40 41
internal_count=1349 1307 1161 960 66 146 102 61 201 137 60 894 777 608 449 327 159 74 85 122 117 77 65 169 131 102 46 58 296 156 58 140 98 120 100 47 71 56 42 64 42 64 44 77 56 43 44 41 46 45 47 53 40 41
is_linear=0
shrinkage=0.01


Tree=25
num_leaves=53
num_cat=0
split_feature=62 67 32 36 16 5 75 23 77 100 36 84 84 28 24 43 100 44 75 5 39 94 77 43 57 56 23 82 33 100 40 90 16 32 40 82 43 32 44 40 31 31 68 2 94 100 10 83 100 84 68 2
split_gain=17.6599 10.5042 17.3157 15.9762 9.67358 12.2175 11.4834 11.2914 11.1677 11.1663 12.0041 10.9056 9.5642 8.72772 8.53973 8.53333 8.48019 7.77778 7.3219 7.93407 7.16125 7.07159 6.47138 6.16435 6.15445 6.0831 7.20238 7.64091 6.06374 7.60686 5.83656 10.2887 9.10438 8.59754 7.79317 7.40741 7.30779 6.15129 6.13636 5.87605 5.76416 5.46564 4.95283 4.65243 4.26122 4.23345 4.11524 3.6 2.94795 2.66667 2.5 0.503704
threshold=1231.0935000000002 35102.600000000013 139.75000000000003 90.750000000000014 5995.2000000000007 15141.745000000001 632.35774723755685 84.250000000000014 3245.1084417929492 0.54513888888888895 86.250000000000014 313.39512500000006 349.60527083333335 27.175000000000004 16.775000000000002 86.884998321533217 0.59375000000000011 6.8954999446868905 694.54925883174599 7255.7650000000003 194.75000000000003 633658.13041625021 3665.1051488296698 74.36999893188478 -0.22252093395631442 1.0000000180025095e-35 72.750000000000014 -0.086499999999999952 149.75000000000003 0.35763888888888895 67.750000000000014 2191.6534500000007 5654.8000000000002 84.000000000000014 106.25000000000001 177.1700000000001 75.049999237060561 116.50000000000001 3.5394999980926518 129.25000000000003 8.2750000000000021 8.0250000000000021 1098.5530000000001 2969.7500000000005 646826.22361500014 0.086805555555555566 33480.850000000013 2354.0999999999972 0.26041666666666669 1360.7231666666669 1099.9500000000003 2459.3790000000004
decision_type=2 2 2 2 2 2 2 2 2 2 2 2 2 2 2 2 2 2 2 2 2 2 2 2 2 2 2 2 2 2 2 2 2 2 2 2 2 2 2 2 2 2 2 2 2 2 2 2 2 2 2 2
left_child=4 3 -3 14 7 6 11 8 41 10 23 13 47 -6 17 22 21 18 19 30 46 -8 -15 45 42 26 27 -10 43 -30 32 33 38 35 -33 -32 -35 -38 -2 -39 -29 -1 -13 -26 -5 -9 51 -11 -22 -34 -27 -12
right_child=1 2 -4 44 5 -7 16 9 25 12 20 24 -14 15 -16 -17 -18 -19 -20 -21 48 -23 -24 -25 28 50 -28 40 29 -31 31 34 49 36 -36 -37 37 39 -40 -41 -42 -43 -44 -45 -46 -47 -48 -49 -50 -51 -52 -53
leaf_value=1.1203081013218994 -0.040715013029407172 -0.99371960066007337 0.0086557001487756902 0.056991686461419624 -1.9023223034639229 -0.067896570797975841 -3.5703200305046914 -0.0011520329565594218 5.12261973174573 -0.0039156397127815832 -3.1570086924252361 0.89747245351765004 2.4535948530125493 0.048082657470218532 -0.067172265407443824 6.8768057007179291 3.9989689920020073 -0.016281673163896424 0.76023169961862469 -0.022650630970031903 -2.126034857109238 -0.012079686945180712 -3.1816960591214372 -1.999166051953855 0.019343422328065712 -1.2777839820179384 -2.0838015150989997 0.97254809134728004 -0.070837746477117658 2.0871798795554009 0.023833132516433819 0.010416402171414716 1.0249347986277522 0.026831726955582006 0.020110229833478478 -0.005096295033679814 -0.041454866981314356 0.018625759041233928 1.5849742715821973 -0.0096449419370980543 -1.0621998853265222 0.050374596069503057 1.1429640370193055 3.0393652490408978 1.222229613887214 1.6314509160838417 -2.60077649111133 -4.9529347753918964 0.020325972552008235 0.019499529550636458 -2.786634370406698 -5.5389601219804012
leaf_weight=25 24 39 29 29 22 23 23 21 20 20 20 32 37 27 22 21 23 27 28 25 21 20 22 39 37 20 20 21 35 24 27 33 27 32 29 27 27 31 20 21 23 27 21 29 20 20 35 20 22 27 20 34
leaf_count=25 24 39 29 29 22 23 23 21 20 20 20 32 37 27 22 21 23 27 28 25 21 20 22 39 37 20 20 21 35 24 27 33 27 32 29 27 27 31 20 21 23 27 21 29 20 20 35 20 22 27 20 34
internal_value=0.000219298 0.00161765 -0.00205882 0.00214286 -0.000703883 0.000529248 0.0010119 -0.00165591 0.000340909 -0.00287197 -0.0040566 0.00192593 0.00038961 -0.000869565 0.00152225 0.000857143 -0.00272727 0.00185185 0.00222222 0.00182857 -0.00590909 -0.00534884 -0.00142857 -0.001 0.00337079 -0.00129032 0.000238095 0.001875 0.00216 -0.000169492 0.00224615 0.00136564 0.00428571 6.06061e-05 0.00483871 0.00333333 -0.00153153 -0.00316456 0.000909091 -0.00115385 -0.000454545 0.00423077 0.00622642 0.00424242 0.00755102 0.00170732 -0.00752809 -0.003 -0.00255814 0.00703704 -0.0045 -0.00925926
internal_weight=1368 544 68 476 824 359 336 465 176 289 212 270 77 92 427 70 66 405 378 350 132 43 49 80 178 124 84 64 125 59 325 227 98 165 62 54 111 79 44 52 44 52 53 66 49 41 89 40 43 54 40 54
internal_count=1368 544 68 476 824 359 336 465 176 289 212 270 77 92 427 70 66 405 378 350 132 43 49 80 178 124 84 64 125 59 325 227 98 165 62 54 111 79 44 52 44 52 53 66 49 41 89 40 43 54 40 54
is_linear=0
shrinkage=0.01


end of trees

feature_importances:
wind_speed_hanoi=34
disp_solar_evening_mw=33
cloud_cover_hanoi=31
disp_solar_midday_mw=28
disp_wind_midday_mw=27
brent_price=27
disp_wind_evening_mw=26
humidity_hcmc=25
hydro_inflow_m3s=24
temperature_hcmc=24
load_rolling_std_24h=24
disp_hydro_midday_mw=23
direct_radiation_hcmc=23
load_ramp_lag48=23
gas_proxy_price=22
load_rolling_std_72h=22
spike_prob_72h=22
hydro_water_level_m=21
wind_speed_danang=21
hydro_spill_discharge_m3s=20
disp_total_midday_mw=20
direct_radiation_hanoi=20
smp_rolling_std_24h=20
cloud_cover_hcmc=19
smp_lag_336=19
load_lag_336=19
hydro_total_discharge_m3s=18
disp_hydro_evening_mw=18
smp_north_lag_336=18
smp_south_lag_336=18
load_south_mw=17
shortwave_radiation_hanoi=17
direct_radiation_danang=17
wind_speed_hcmc=17
smp_south_lag_48=17
load_north_mw=16
dxy_index=16
smp_lag_50=16
wind_gen_proxy=16
temperature_danang=15
shortwave_radiation_danang=15
diffuse_radiation_hcmc=15
solar_gen_proxy=15
humidity_hanoi=14
humidity_danang=14
shortwave_radiation_hcmc=14
load_lag_49=14
smp_rolling_mean_72h=14
load_rolling_mean_72h=14
load_central_mw=13
cloud_cover_danang=13
price_spread_ns_lag48=13
disp_total_evening_mw=12
diffuse_radiation_danang=12
usd_vnd=12
smp_north_lag_48=12
smp_rolling_std_72h=12
smp_yesterday_zero_ratio=12
hydro_depletion_index=12
zero_prob_72h=12
hydro_plant_discharge_m3s=11
temperature_hanoi=11
coal_proxy_price=11
smp_lag_48=11
load_lag_48=11
smp_rolling_mean_24h=11
load_total_mw=10
diffuse_radiation_hanoi=10
sin_dow=10
smp_lag_49=10
load_lag_50=10
smp_lag_96=10
load_lag_96=10
smp_yesterday_mean=10
hydro_discharge_rolling_24h=10
residual_load_proxy=10
spike_prob_24h=10
margin_temp_interaction=7
load_rolling_mean_24h=6
smp_yesterday_max=6
thermal_margin_proxy=6
cos_dow=4
is_spike=3
sin_month=2
smp_yesterday_min=2
zero_prob_24h=2
is_weekend=1
season=1
cos_month=1

parameters:
[boosting: gbdt]
[objective: regression_l1]
[metric: l1]
[tree_learner: serial]
[device_type: cpu]
[data_sample_strategy: bagging]
[data: ]
[valid: ]
[num_iterations: 3000]
[learning_rate: 0.01]
[num_leaves: 127]
[num_threads: -1]
[seed: 42]
[deterministic: 0]
[force_col_wise: 0]
[force_row_wise: 0]
[histogram_pool_size: -1]
[max_depth: -1]
[min_data_in_leaf: 20]
[min_sum_hessian_in_leaf: 0.001]
[bagging_fraction: 0.8]
[pos_bagging_fraction: 1]
[neg_bagging_fraction: 1]
[bagging_freq: 5]
[bagging_seed: 400]
[bagging_by_query: 0]
[feature_fraction: 0.5]
[feature_fraction_bynode: 1]
[feature_fraction_seed: 30056]
[extra_trees: 0]
[extra_seed: 12879]
[early_stopping_round: 0]
[early_stopping_min_delta: 0]
[first_metric_only: 0]
[max_delta_step: 0]
[lambda_l1: 0]
[lambda_l2: 0]
[linear_lambda: 0]
[min_gain_to_split: 0]
[drop_rate: 0.1]
[max_drop: 50]
[skip_drop: 0.5]
[xgboost_dart_mode: 0]
[uniform_drop: 0]
[drop_seed: 17869]
[top_rate: 0.2]
[other_rate: 0.1]
[min_data_per_group: 100]
[max_cat_threshold: 32]
[cat_l2: 10]
[cat_smooth: 10]
[max_cat_to_onehot: 4]
[top_k: 20]
[monotone_constraints: ]
[monotone_constraints_method: basic]
[monotone_penalty: 0]
[feature_contri: ]
[forcedsplits_filename: ]
[refit_decay_rate: 0.9]
[cegb_tradeoff: 1]
[cegb_penalty_split: 0]
[cegb_penalty_feature_lazy: ]
[cegb_penalty_feature_coupled: ]
[path_smooth: 0]
[interaction_constraints: ]
[verbosity: -1]
[saved_feature_importance_type: 0]
[use_quantized_grad: 0]
[num_grad_quant_bins: 4]
[quant_train_renew_leaf: 0]
[stochastic_rounding: 1]
[linear_tree: 0]
[max_bin: 255]
[max_bin_by_feature: ]
[min_data_in_bin: 3]
[bin_construct_sample_cnt: 200000]
[data_random_seed: 175]
[is_enable_sparse: 1]
[enable_bundle: 1]
[use_missing: 1]
[zero_as_missing: 0]
[feature_pre_filter: 1]
[pre_partition: 0]
[two_round: 0]
[header: 0]
[label_column: ]
[weight_column: ]
[group_column: ]
[ignore_column: ]
[categorical_feature: ]
[forcedbins_filename: ]
[precise_float_parser: 0]
[parser_config_file: ]
[objective_seed: 16083]
[num_class: 1]
[is_unbalance: 0]
[scale_pos_weight: 1]
[sigmoid: 1]
[boost_from_average: 1]
[reg_sqrt: 0]
[alpha: 0.9]
[fair_c: 1]
[poisson_max_delta_step: 0.7]
[tweedie_variance_power: 1.5]
[lambdarank_truncation_level: 30]
[lambdarank_norm: 1]
[label_gain: ]
[lambdarank_position_bias_regularization: 0]
[eval_at: ]
[multi_error_top_k: 1]
[auc_mu_weights: ]
[num_machines: 1]
[local_listen_port: 12400]
[time_out: 120]
[machine_list_filename: ]
[machines: ]
[gpu_platform_id: -1]
[gpu_device_id: -1]
[gpu_use_dp: 0]
[num_gpu: 1]

end of parameters

pandas_categorical:null
