tree
version=v4
num_class=1
num_tree_per_iteration=1
label_index=0
max_feature_idx=100
objective=regression_l1
feature_names=load_total_mw load_north_mw load_central_mw load_south_mw hydro_inflow_m3s hydro_total_discharge_m3s hydro_plant_discharge_m3s hydro_spill_discharge_m3s hydro_water_level_m disp_total_installed_mw disp_total_midday_mw disp_total_evening_mw disp_hydro_installed_mw disp_hydro_midday_mw disp_hydro_evening_mw disp_solar_installed_mw disp_solar_midday_mw disp_solar_evening_mw disp_wind_installed_mw disp_wind_midday_mw disp_wind_evening_mw temperature_hanoi humidity_hanoi cloud_cover_hanoi wind_speed_hanoi shortwave_radiation_hanoi direct_radiation_hanoi diffuse_radiation_hanoi temperature_danang humidity_danang cloud_cover_danang wind_speed_danang shortwave_radiation_danang direct_radiation_danang diffuse_radiation_danang temperature_hcmc humidity_hcmc cloud_cover_hcmc wind_speed_hcmc shortwave_radiation_hcmc direct_radiation_hcmc diffuse_radiation_hcmc coal_proxy_price brent_price gas_proxy_price usd_vnd dxy_index is_weekend is_workday is_holiday is_tet is_pre_holiday is_post_holiday season sin_hour cos_hour sin_dow cos_dow sin_month cos_month smp_lag_48 load_lag_48 smp_lag_49 load_lag_49 smp_lag_50 load_lag_50 smp_lag_96 load_lag_96 smp_lag_336 load_lag_336 smp_north_lag_48 smp_south_lag_48 smp_north_lag_336 smp_south_lag_336 smp_rolling_mean_24h smp_rolling_std_24h load_rolling_mean_24h load_rolling_std_24h smp_rolling_mean_72h smp_rolling_std_72h load_rolling_mean_72h load_rolling_std_72h price_spread_ns_lag48 load_ramp_lag48 smp_yesterday_mean smp_yesterday_max smp_yesterday_min smp_yesterday_zero_ratio hydro_discharge_rolling_24h solar_gen_proxy wind_gen_proxy residual_load_proxy thermal_margin_proxy hydro_depletion_index margin_temp_interaction is_spike is_zero spike_prob_24h spike_prob_72h zero_prob_24h zero_prob_72h
feature_infos=[16738.400000000001:43669.699999999997] [8141:23529.633000000002] [1030.2:4920.1390000000001] [6568.3000000000002:17620.469000000001] [-24696.790000000001:52718.32] [261.23000000000002:27182.77] [243.56999999999999:14362.75] [11.359999999999999:15398] [386.1925:23252.132105263157] none [14491.4:47673.900000000001] [19152.799999999999:47033.400000000001] none [-3952.3000000000002:18862.5] [6035.6999999999998:23435.200000000001] none [0:8134.5] [0:344.30000000000001] none [0:4273.1999999999998] [0:4263.3999999999996] [7.5:32.299999999999997] [31:99] [0:100] [0.55000000000000004:30.25] [3.5:282] [0:208.5] [3.5:150.5] [16.050000000000001:33.25] [52:99.5] [0:100] [0.80000000000000004:50] [7:306.5] [0:234] [7:146] [20.600000000000001:31.300000000000001] [56:98] [0:100] [0.5:24] [16:265] [0:198] [16:133.5] [63.700000762939453:438.35000610351562] [55.099998474121087:127.98000335693359] [1.5750000476837158:9.6800003051757795] [22394.345703125:26405] [89.639999389648438:114.11000061035156] [0:1] [0:1] [0:1] [0:1] [0:1] [0:1] [1:4] none none [-0.97492791218182362:0.97492791218182362] [-0.90096886790241903:1] [-1:1] [-1:1] [0:1778.5999999999999] [16738.400000000001:43669.699999999997] [0:1778.5999999999999] [16515.5:40602.099999999999] [0:1778.5999999999999] [15251.9:39424.300000000003] [0:1778.5999999999999] [16738.400000000001:43669.699999999997] [0:1778.5999999999999] [16738.400000000001:43669.699999999997] [0:1778.5999999999999] [0:1778.5999999999999] [0:1778.5999999999999] [0:1778.5999999999999] [0:1778.5999999999999] [0:869.78656539635756] [15840.402083333332:48300.345833333326] [1494.0634266859377:7412.3475695858406] [0.069944444444444434:1778.5999999999999] [0:822.68470809772941] [15990.384722222221:45267.230555555558] [2009.5728777065494:7328.5193476692311] [-1602.3:1778.5999999999999] [-2000.7000000000007:5250.3000000000029] [0:1778.5999999999999] [0:1778.5999999999999] [0:1778.5999999999999] [0:1] [919.52208333333328:41870.738333333335] [112.0236:1855.3908750000001] [124.17300000000002:5960.3040000000001] [13767.265887500002:40395.97834999999] [13155.821650000013:39784.534112499998] [386.1925:23252.132105263157] [371342.92174875003:1122197.6812312501] [0:1] [0:1] [0:1] [0:1] [0:1] [0:1]
tree_sizes=4203 4310 4340 4303 4624 4323 4557 4651 4529 4450 4616 4648 4480 4223 4628 4394 4726 4540 4556 4483 4658 4229 4396 4572 4467 4568 4502 4405 4647 4470 4324 4323 4376 4498 4330 4541 4660 4554 4378 4534 4570 4557 4645 4809 4483 4566 4469 4582 4674 4427 4723 4628 4416 4445 4739 4652 4736 4817 4575 4854 4560 4456 4465 4627 4414 4772 4555 4651 4654 4755 4578 4694 4537 4523 4470 4341 4548 4633 4697 4596 4550 4658 4555 4827 4648 4402 4425 4302 4456 4420 4497

Tree=0
num_leaves=53
num_cat=0
split_feature=20 16 43 72 68 62 62 92 62 75 0 94 26 93 43 4 63 70 25 75 16 14 69 42 35 4 80 38 75 4 77 94 42 7 7 98 73 77 24 83 24 38 62 72 64 94 42 20 40 46 0 0
split_gain=34.3749 23.2034 24.1714 16.5234 15.7768 20.8125 16.8232 13.9206 10.7061 9.51661 9.25734 9.50963 9.92329 9.24621 8.37786 8.12759 7.93374 7.87611 8.03779 7.64557 8.1346 6.07202 5.77814 5.77406 5.45765 5.17512 5.01836 4.99794 8.11863 4.79566 4.84 4.76735 5.88194 4.70881 5.68102 4.6875 4.52445 4.49589 3.70755 3.62552 3.42909 3.20703 3.12142 4.37542 3.4882 3.94481 3.00704 2.19916 1.65822 0.937662 0.109091 0.102439
threshold=2201.9000000000005 6361.0000000000009 68.729999542236342 1325.9045000000003 1348.6445000000001 1447.5500000000002 848.21300000000008 27943.820406250004 1080.4035000000001 217.79273006866751 32866.650000000009 594416.73712343758 2.2500000000000004 422.53700924608825 66.614997863769545 2017.0650000000003 30727.850000000002 1530.4560000000004 28.250000000000004 502.32270189833116 5177.6000000000013 21676.450000000004 34199.400000000001 345.25000000000006 27.375000000000004 2943.7600000000007 30895.557638888891 6.0750000000000011 430.69128572653102 5735.9450000000006 3828.8459962376305 623160.07419843762 139.30000305175784 2049.7400000000007 17.595000000000002 0.15625000000000003 1540.1500000000003 3410.6535541864264 9.7250000000000014 2119.9499999999994 9.7750000000000021 5.7750000000000012 1.0425000000000002 1601.7 0.75000000000000011 587600.12942718773 228.57499694824222 253.50000000000003 70.250000000000014 99.790000915527358 32479.700000000004 33591.350000000006
decision_type=2 2 2 2 2 2 2 2 2 2 2 2 2 2 2 2 2 2 2 2 2 2 2 2 2 2 2 2 2 2 2 2 2 2 2 2 2 2 2 2 2 2 2 2 2 2 2 2 2 2 2 2
left_child=1 4 8 16 6 13 9 10 21 -1 11 12 -8 25 -11 -4 -2 -7 -19 20 -16 -3 -12 33 31 -6 -5 28 -27 -13 -31 -21 -33 34 40 -34 -20 -22 50 -18 -17 -40 44 48 45 -36 -38 -9 -44 -29 -28 -50
right_child=3 2 15 26 5 17 7 47 -10 14 22 29 -14 -15 19 23 39 18 36 24 37 -23 -24 -25 -26 27 38 49 -30 30 -32 32 35 -35 42 -37 46 -39 41 -41 -42 -43 43 -45 -46 -47 -48 -49 51 -51 -52 -53
leaf_value=-0.56846999168395995 0.01 -2.5214800262451171 0 -1.0006200027465821 -0.6393849754333496 2.3799999999999999 4.1880850219726566 5.3825550842285157 2.0063050079345706 1.3373199462890626 5.8246099853515627 -2.2815450286865233 0 0 -3.3910000610351565 0 -0.2523950004577637 -2.772999954223633 2.5119999694824218 0 0.01 0 0 8.5199999999999996 3.3464300537109377 -3.9453700256347659 -3.7149999999999999 -3.5059199523925781 0 0.0050000000000000001 0 -0.01 0.008999999761581421 0 0 -0.088999996185302729 0 -0.01 -8.8606597900390636 0 0 -0.010149999856948852 0.50023999214172366 0 0 9.164799804687501 -0.012499999776482583 3.28489013671875 6.9900000000000002 -7.691719970703125 -4.3374099731445312 4.4299999999999997
leaf_weight=20 29 28 39 38 28 33 22 20 20 21 25 22 21 22 37 20 34 28 31 39 27 20 28 22 25 20 20 20 34 20 25 36 24 32 20 24 39 29 21 23 21 20 20 26 23 22 20 29 21 35 24 20
leaf_count=20 29 28 39 38 28 33 22 20 20 21 25 22 21 22 37 20 34 28 31 39 27 20 28 22 25 20 20 20 34 20 25 36 24 32 20 24 39 29 21 23 21 20 20 26 23 22 20 29 21 35 24 20
internal_value=-9.50988e-05 0.000578584 0.00271186 -0.00382775 -0.000360697 -0.00212903 0.000748988 0.00287736 -0.00264706 -0.000851064 0.00147239 -0.000181818 0.00348837 -0.00465409 -0.000343511 0.00398601 -0.000465116 0.000529801 -0.000677966 -0.000871369 -0.00311828 -0.00520833 0.00490566 0.00465587 0.000540541 -0.00562044 -0.00617886 -0.0066055 -0.00444444 -0.00253731 -0.000666667 -0.000325203 -0.00166667 0.00417778 0.00476684 0.000625 0.000777778 -0.000714286 -0.00752941 -0.00263158 0.00146341 -0.00536585 0.00565789 0.00689655 0.004 0.00571429 -0.000847458 0.00755102 0.00836066 -0.00872727 -0.00954545 0.0095122
internal_weight=1367 1158 354 209 804 310 494 212 68 282 163 110 43 159 262 286 86 151 118 241 93 48 53 247 148 137 123 109 54 67 45 123 84 225 193 48 90 56 85 57 41 41 152 87 65 42 59 49 61 55 44 41
internal_count=1367 1158 354 209 804 310 494 212 68 282 163 110 43 159 262 286 86 151 118 241 93 48 53 247 148 137 123 109 54 67 45 123 84 225 193 48 90 56 85 57 41 41 152 87 65 42 59 49 61 55 44 41
is_linear=0
shrinkage=0.01


Tree=1
num_leaves=52
num_cat=0
split_feature=72 64 8 41 90 19 16 0 16 77 29 20 10 13 30 83 8 98 29 72 3 96 4 72 20 83 20 24 60 97 98 81 8 72 30 58 70 4 98 64 98 32 72 14 32 5 32 78 4 98 10
split_gain=23.5947 18.172 16.873 13.5385 15.2926 12.1673 9.94778 11.1529 10.14 9.24993 8.84153 8.58656 9.7464 9.49108 10.6847 7.74239 7.36204 7.93799 7.86086 10.1719 7.22 7.08892 7.0875 6.73087 6.65366 6.59373 6.51857 6.26071 6.24257 5.36882 6.65602 6.60466 5.30862 4.73867 5.17695 4.50035 7.84574 7.78484 7.59337 7.17546 5.66786 4.78796 4.41035 4.29206 3.60606 4.21949 3.4043 2.81577 2.17779 2.15641 2.025
threshold=1365.6245000000001 1367.5000000000002 392.9500000000001 94.750000000000014 1906.0555500000003 2335.4500000000003 5687.2000000000007 37265.750000000007 5405.8500000000013 3679.5642629641766 92.750000000000014 201.20000000000002 41294.450000000004 1870.9500000000003 84.250000000000014 1783.3000000000013 418.1136842105264 0.32986111111111116 89.250000000000014 960.50000000000011 13628.350000000002 1.0000000180025095e-35 11713.415000000003 0.95200000000000007 896.70000000000016 2369.5500000000015 1153.2500000000002 14.025000000000002 1533.9000000000003 0.093750000000000014 0.27430555555555564 3945.3395052481742 411.98921052631584 959.8850000000001 95.250000000000014 0.25000000000000011 1515.0715000000002 3355.1150000000002 0.44791666666666669 1727.9000000000003 0.73958333333333348 124.75000000000001 883.83150000000012 17151.050000000007 221.25000000000003 8121.9500000000007 75.250000000000014 834.68347569444461 3119.5350000000003 0.093750000000000014 38633.950000000004
decision_type=2 2 2 2 2 2 2 2 2 2 2 2 2 2 2 2 2 2 2 2 2 2 2 2 2 2 2 2 2 2 2 2 2 2 2 2 2 2 2 2 2 2 2 2 2 2 2 2 2 2 2
left_child=2 27 -1 4 9 10 8 15 20 21 35 -6 13 24 47 -8 18 42 19 22 -5 33 44 50 -13 32 -24 29 -12 46 -31 -32 -16 49 -35 36 -3 38 -37 -39 -40 -38 -18 -33 -11 -46 -2 -15 -20 -4 -17
right_child=1 5 3 6 11 -7 7 -9 -10 16 28 12 -14 14 25 23 17 -19 48 -21 -22 -23 26 -25 -26 -27 -28 -29 -30 30 31 43 -34 34 -36 37 41 39 40 -41 -42 -43 -44 -45 45 -47 -48 -49 -50 -51 -52
leaf_value=-3.0121845497131345 -8.6409997558593759 2.9706999694824221 2.2845949768066407 0.001509999966621399 -0.84990082244873055 -4.1118257904052733 -0.0093999998807907104 -0.5567350101470947 -7.9089002441406251 0.033910000610351564 0.017529599761962892 -0.55297227210998534 -0.24892519531249999 1.9874550308227539 0.033910000610351564 0.25605500106811524 0 -1.2338133880615234 2.9149976000785829 -0.36170306472778324 -0.17710999240875244 0.0049500000000000004 -0.12 7.8148199462890631 0 -1.6510049819946289 2.9556999999999998 -4.8836061502456669 1.3273650226593017 6.2000274658213788e-06 0 -4.4547179611206058 0 1.2118391662597656 0.019701850128173829 1.4273862659454346 -0.025119999694824219 -1.3570699577331544 -2.3598000610351564 0 0 0.00012499999776482583 4.4137454772949223 -0.20999999999999999 5.0176198852539065 7.1408565368652344 -5.9699744926452638 4.8491998779296877 0.26880499649047851 5.8157000000000005 0
leaf_weight=29 25 24 26 25 27 31 26 20 25 33 22 24 23 20 23 20 21 38 21 33 25 32 35 22 22 22 25 25 26 35 26 36 38 23 20 23 29 27 21 22 35 33 22 20 26 25 32 23 22 39 20
leaf_count=29 25 24 26 25 27 31 26 20 25 33 22 24 23 20 23 20 21 38 21 33 25 32 35 22 22 22 25 25 26 35 26 36 38 23 20 23 29 27 21 22 35 33 22 20 26 25 32 23 22 39 20
internal_value=-3.65764e-05 -0.00178862 0.000948571 0.00120567 0.00187029 -0.000204778 -0.00120219 0.000740741 -0.004 0.00294785 0.000496183 -0.00027027 0.000461538 0.00127907 0.00269841 0.00227273 0.00196013 -0.000617284 0.00290909 0.0019774 -0.0014 0.00507143 0.003125 0.00419355 -0.0026087 0.00060241 0.0005 -0.0041206 0.004375 -0.00344828 -0.00222222 -0.00378049 0.00229508 0.0062963 0.00372093 -0.000373832 0.00139535 -0.0015625 0.000379747 -0.00469388 -0.00160714 -0.000483871 0.00232558 -0.00571429 0.005 0.00666667 -0.00596491 0.00674419 0.00674419 0.008 0.00175
internal_weight=1367 492 875 846 663 293 183 108 75 441 262 222 195 172 126 88 301 81 220 177 50 140 144 62 46 83 60 199 48 174 117 82 61 108 43 214 86 128 79 49 56 62 43 56 84 51 57 43 43 65 40
internal_count=1367 492 875 846 663 293 183 108 75 441 262 222 195 172 126 88 301 81 220 177 50 140 144 62 46 83 60 199 48 174 117 82 61 108 43 214 86 128 79 49 56 62 43 56 84 51 57 43 43 65 40
is_linear=0
shrinkage=0.01


Tree=2
num_leaves=51
num_cat=0
split_feature=72 93 69 0 14 7 77 63 19 98 20 64 73 88 76 99 88 8 14 64 88 7 26 0 30 30 72 13 0 72 13 19 100 46 63 46 80 14 80 27 93 94 94 35 8 89 45 73 4 69
split_gain=23.5747 16.4427 15.7624 17.4453 13.3582 11.1497 11.6326 10.4669 9.7556 10.1569 9.34721 10.4162 11.274 8.2149 8.16537 8.62331 7.49092 7.40714 7.15344 6.54485 8.58766 6.06297 9.86609 6.26615 6.04507 8.48701 9.36639 7.45874 8.56185 6.91765 6.01763 9.38007 8.56296 5.93753 5.35849 5.26753 4.98999 4.92196 4.78899 4.66667 4.65752 4.30012 6.15136 5.45838 4.2 3.98781 3.71713 3.12899 2.12143 1.93596
threshold=1365.6245000000001 392.85416666666669 32834.000000000007 31901.800000000007 20740.000000000004 20.505000000000006 3346.268433993203 25296.650000000005 670.65000000000009 0.36458333333333343 2201.9000000000005 1225.1210000000003 1311.7605000000001 3419.256041666667 38862.187500000007 0.44791666666666669 5455.2718750000004 415.78684210526319 16067.450000000003 961.11750000000018 11908.500208333333 70.545000000000016 16.250000000000004 29481.900000000005 48.750000000000007 70.750000000000014 963.64250000000015 9379.8000000000011 35050.750000000007 1.0425000000000002 3295.9500000000003 852.70000000000016 0.017361111111111115 96.024997711181655 28992.550000000007 103.13000106811525 36267.34687500001 16338.950000000003 33499.53819444446 69.250000000000014 401.84986111111118 674874.23892093764 618513.94615687511 26.125000000000004 416.63022048364161 943.44875624999997 25312.500000000004 1132.3350000000003 7748.4250000000002 31021.800000000007
decision_type=2 2 2 2 2 2 2 2 2 2 2 2 2 2 2 2 2 2 2 2 2 2 2 2 2 2 2 2 2 2 2 2 2 2 2 2 2 2 2 2 2 2 2 2 2 2 2 2 2 2
left_child=1 -1 3 5 24 6 7 -3 21 19 11 13 16 -2 36 -16 37 -12 47 20 -10 -7 -23 -24 -4 46 27 29 -29 44 32 -32 38 -21 -19 -28 -6 -13 -14 -20 -8 42 43 -5 -27 -36 -26 -15 -43 -33
right_child=10 2 4 41 14 8 40 -9 9 -11 17 12 30 18 15 -17 -18 34 39 33 -22 22 23 -25 25 26 35 28 -30 -31 31 49 -34 -35 45 -37 -38 -39 -40 -41 -42 48 -44 -45 -46 -47 -48 -49 -50 -51
leaf_value=-3.1007053597793579 0.044547179611206057 -0.039095271992325785 1.3986660881614685 1.5328495341920854 0.0011999999999999999 2.3610499629640582 -2.9289334602355956 7.1226934769134518 -0.0042213000843524928 -4.1806617440490719 -6.1131840221405023 2.5034438009262083 -0.010229300422668454 -3.7435663192749025 0.07908900244140625 -0.62633743845272061 -0.002226225148200988 6.1380271911626316e-06 -3.9131461648941044 3.8093524486770627 0.0062372250022888192 -0.0027380499649047852 3.858541434631348 0.00049199998033046721 -2.9846759578685762 0.01743785012817383 -2.8110502647533417 -0.081553998048067108 9.3999998807907102e-05 6.042837283462525 0 -2.4950188309783936 0.018584350093841552 0.0098849000003337871 -3.6561895216605662 -0.034052455020904544 3.4974394499893191 8.6176866059188839 0 0.0020999999999999999 -0.0074760499954223628 7.156177825286866 0 3.6451285773925783 -0.00024430000305175782 -2.4137212931182384 -0.064174550308227538 -4.6239064053192145 3.2747257056591512 -0.677553664264679
leaf_weight=24 21 22 39 22 21 37 23 21 35 33 31 27 29 29 23 20 38 31 21 22 20 27 29 20 20 20 22 37 39 20 27 21 36 37 22 20 31 21 25 21 36 22 27 37 28 36 21 25 20 31
leaf_count=24 21 22 39 22 21 37 23 21 35 33 31 27 29 29 23 20 38 31 21 22 20 27 29 20 20 20 22 37 39 20 27 21 36 37 22 20 31 21 25 21 36 22 27 37 28 36 21 25 20 31
internal_value=-0.000321873 0.000662857 0.000893067 0.00206122 -0.000692521 0.000939227 -0.00186275 0.00209302 0.00203846 0.000340136 -0.00207317 -0.00129032 -0.000156863 -0.00376068 0.00252632 -0.000697674 0.0027907 -0.0045 -0.005 0.00175439 -0.000727273 0.00424779 0.00263158 0.00530612 -0.00184211 -0.00246696 -0.00155914 -0.000347222 -0.0025 0.00205882 -0.0016568 -0.00367089 0.000111111 0.0040678 -0.00303371 -0.00571429 0.00519231 0.00541667 -0.00240741 -0.00190476 -0.00474576 0.00523438 0.00395349 0.00576271 0 -0.00482759 -0.00658537 -0.00740741 0.00785714 -0.00615385
internal_weight=1367 875 851 490 361 362 102 43 260 147 492 372 255 117 95 43 86 120 96 114 55 113 76 49 266 227 186 144 76 68 169 79 90 59 89 42 52 48 54 42 59 128 86 59 48 58 41 54 42 52
internal_count=1367 875 851 490 361 362 102 43 260 147 492 372 255 117 95 43 86 120 96 114 55 113 76 49 266 227 186 144 76 68 169 79 90 59 89 42 52 48 54 42 59 128 86 59 48 58 41 54 42 52
is_linear=0
shrinkage=0.01


Tree=3
num_leaves=50
num_cat=0
split_feature=16 33 20 69 79 6 80 93 68 62 36 20 46 31 38 36 7 19 34 14 34 68 80 79 85 56 59 21 41 34 37 42 41 75 93 30 14 19 70 91 17 79 79 16 19 23 75 33 38
split_gain=20.5401 18.1701 17.4278 15.817 10.0767 13.765 9.30091 9.11581 17.0374 14.5981 10.3133 10.5759 10.4138 9.93008 11.2493 9.80056 9.69878 12.8097 16.31 10.9367 9.48387 9.29567 13.4349 9.01333 8.70395 8.31515 7.58768 7.15524 6.80285 6.42731 6.42664 6.4144 11.3921 6.46336 6.19362 6.01744 5.50894 5.20422 4.99831 4.8913 4.78598 4.48302 4.28098 3.82827 3.6 3.20726 2.71515 2.09655 0.577778
threshold=6296.9000000000005 214.25000000000003 2178.4000000000005 38066.150000000001 476.38351572361688 2802.1850000000004 34231.37708333334 422.36526315789479 1503.1500000000003 1002.397 73.750000000000014 1047.4500000000003 102.03499984741212 7.3250000000000011 4.8750000000000009 89.750000000000014 20.475000000000005 356.05000000000001 85.250000000000014 18965.800000000007 77.750000000000014 791.98750000000007 30584.711805555562 684.63187018096608 1584.4715000000003 -1.0000000180025095e-35 -0.24999999999999994 25.175000000000004 73.750000000000014 87.250000000000014 98.750000000000014 247.25000000000003 56.250000000000007 453.67620996676175 418.50618421052638 68.750000000000014 13032.750000000002 1513.7500000000002 938.20000000000016 30214.987175000006 124.05000000000003 452.25793916514567 355.43048707894695 5696.9500000000007 240.90000000000003 69.250000000000014 262.82651530002653 179.75000000000003 10.325000000000001
decision_type=2 2 2 2 2 2 2 2 2 2 2 2 2 2 2 2 2 2 2 2 2 2 2 2 2 2 2 2 2 2 2 2 2 2 2 2 2 2 2 2 2 2 2 2 2 2 2 2 2
left_child=1 7 3 4 5 -2 29 8 9 16 36 12 35 20 -15 48 21 44 38 -20 42 22 -1 -14 -16 -21 28 -8 -7 47 37 32 -9 -34 -4 -12 -10 -29 43 -30 -28 -23 -11 45 -18 -19 -42 -6 -13
right_child=2 -3 34 -5 6 26 27 31 10 13 11 15 23 14 24 -17 17 18 19 25 -22 41 -24 -25 -26 -27 40 30 39 -31 -32 -33 33 -35 -36 -37 -38 -39 -40 -41 46 -43 -44 -45 -46 -47 -48 -49 -50
leaf_value=1.8024423452212526 -0.056817121578865051 0.20527696808120727 -0.015492595302248002 -3.6770954139484071 6.8067418365556476 0.80980565830993656 -0.01189243906546116 -0.026577312841124533 0.010006076646919252 0.43923158020761788 -0.018510826611110569 -3.224192856802349 0.015862237476226539 -1.5736930309998645 -0.030122713778038025 -0.3848075302693319 0.017430720896285178 -0.0057445137313365934 -0.030242695936881312 0.071612012445995799 -0.0025614900106692312 -4.7122294583599471 -0.224767801122818 -4.5473616956416816 2.2032935365789035 7.9004984741210956e-05 0.01199433356601238 6.7263969580334475 -0.0098312395012378692 0.69618658812999723 -0.00016879850303053859 -0.014448287511402964 0.026465068924495433 3.1281421019235145 -2.257063073111508 -3.8830419084886172 -3.3065122227859498 0.0037028243738460539 -0.00031171950645446779 0.00059224550308227531 3.1545803639048335 -0.69496755627858819 4.0736489635867885 -0.012985524022033217 3.4001830324308155 -7.1698090048586982 1.5413245254077148 4.1929221458197787 -3.9059253517314847
leaf_weight=21 26 39 29 26 38 29 22 38 20 24 20 52 30 33 32 22 20 20 38 27 31 33 24 20 25 28 22 38 23 22 22 36 32 27 31 23 21 21 23 23 22 20 38 38 20 38 20 20 20
leaf_count=21 26 39 29 26 38 29 22 38 20 24 20 52 30 33 32 22 20 20 38 27 31 33 24 20 25 28 22 38 23 22 22 36 32 27 31 23 21 21 23 23 22 20 38 38 20 38 20 20 20
internal_value=-0.000460863 -0.00129689 0.00133641 0.00213904 0.00270115 0.000909091 0.00431694 -0.00158837 -0.00201051 -0.00103189 -0.00429825 -0.00529412 -0.00290323 0.00125683 -0.00111111 -0.00765957 -0.00222857 -0.00119048 -0.00216981 0.000967742 0.00354839 -0.00489796 -0.00155556 0.0002 0.00157895 0.00381818 0.00215827 0.0023301 0 0.006875 0.0037037 0.000827068 0.00216495 0.00491525 -0.00366667 -0.00651163 0.000243902 0.00542373 -0.00462185 -0.0023913 0.0046875 -0.00773585 0.00580645 -0.005625 0.004 -0.00724138 0.00666667 0.00862069 -0.00944444
internal_weight=1367 933 434 374 348 165 183 894 761 533 228 187 93 183 90 94 350 252 212 93 93 98 45 50 57 55 139 103 75 80 81 133 97 59 60 43 41 59 119 46 64 53 62 96 40 58 42 58 72
internal_count=1367 933 434 374 348 165 183 894 761 533 228 187 93 183 90 94 350 252 212 93 93 98 45 50 57 55 139 103 75 80 81 133 97 59 60 43 41 59 119 46 64 53 62 96 40 58 42 58 72
is_linear=0
shrinkage=0.01


Tree=4
num_leaves=54
num_cat=0
split_feature=73 68 64 33 93 80 100 42 22 84 81 87 4 38 35 6 24 6 8 81 73 4 35 24 80 33 76 80 66 83 43 7 44 35 83 3 8 57 42 91 23 35 33 76 43 4 4 26 4 42 23 3 3
split_gain=20.8415 12.9468 15.6716 15.2093 14.5616 15.2593 12.0342 14.2464 11.8333 11.696 10.9626 10.9373 10.9091 9.23971 9.10055 8.35289 7.2353 13.9797 7.85445 9.9085 10.1167 11.5238 7.16304 7.05346 6.97661 6.96874 9.25926 6.92344 8.44362 6.67984 6.63475 5.89357 7.42276 5.87247 5.7697 5.63333 5.4828 5.03925 4.91854 9.75357 4.45455 4.44108 4.11134 4.57143 4.02253 4.05448 3.99874 3.41759 3.24 2.44577 1.63902 0.9 0.409756
threshold=1126.0000000000002 1681.0000000000002 1520.0845000000002 221.25000000000003 392.85416666666669 30216.527430555561 0.11458333333333334 108.12500000000001 80.750000000000014 1332.0619375000003 4807.693678336268 0.30208333333333343 3745.0950000000003 7.9750000000000005 28.025000000000002 10324.6 10.125000000000002 3677.7300000000005 402.66105555555561 4041.0224521181658 1602.2500000000002 4821.1050000000005 26.125000000000004 11.025000000000002 30351.29652777778 39.250000000000007 29080.858333333334 29988.479513888891 1386.2 1526.7999999999977 72.955001831054702 20.485000000000003 5.1099998950958261 26.675000000000004 1821.4499999999991 14941.300000000001 411.59644736842114 1.0000000180025095e-35 135.67499542236331 29421.642212500003 99.250000000000014 26.425000000000004 126.25000000000001 38127.958333333336 79.009998321533217 6996.7850000000008 3336.0400000000004 72.000000000000014 4957.4950000000008 119.52500152587892 79.250000000000014 13265.700000000003 11533.400000000003
decision_type=2 2 2 2 2 2 2 2 2 2 2 2 2 2 2 2 2 2 2 2 2 2 2 2 2 2 2 2 2 2 2 2 2 2 2 2 2 2 2 2 2 2 2 2 2 2 2 2 2 2 2 2 2
left_child=1 2 3 4 -1 25 9 13 27 35 14 37 -11 22 16 -15 18 -18 -10 24 21 -21 -8 48 -20 26 29 28 -2 -6 -13 -27 52 -26 -29 51 -24 -9 39 49 -22 -41 -43 -44 -4 50 -19 -40 -3 -32 -46 -7 -33
right_child=8 23 44 -5 5 6 7 11 10 12 -12 30 -14 15 -16 -17 17 46 19 20 40 -23 36 -25 33 31 -28 34 -30 -31 38 32 -34 -35 -36 -37 -38 -39 47 41 -42 42 43 -45 45 -47 -48 -49 -50 -51 -52 -53 -54
leaf_value=-5.8498804918184542 -2.2933650926725786 -1.1764641736476682 2.2145160909764479 7.0795406339020408 -9.3984119549941344e-05 -7.4637341883495756 -0.029342511803235782 3.1956772332819892 -0.78802409833681708 2.25163215817869 -1.8874451583956795 3.4624591330343946 -1.6030831070006115 -0.067263969580334482 -0.0020527696808120728 8.031026758927109e-05 -1.5146947155350006 1.9020984069955253 -0.018545008461462925 1.7846755672176182 -0.24434137448203661 -0.26076368824777257 0.037334964319549704 0.030044371471213492 2.4139676204030782 0.70447171067084013 -0.038337425792987823 -2.0277688523552357 0.00036006329930246843 2.329927536198086 -0.033762898794829847 4.4817916385648138 0.031042723436680623 0.0047227669618347175 -5.0659154108389419 -0.73711919282966454 -0.015967721693089659 6.267673006548212 0.86387528850757767 -0.016957069977414724 -2.2535168062133755 -0.023491575238985971 0.075516414712481938 0.0039782644790663122 5.9292702292356614 5.3278132497157831 0.028703411666444405 -0.0062055810721156806 -12.219180816354347 -0.054048159600390625 2.7941697060826001 -4.6828331510019758 1.7639614979764822
leaf_weight=24 26 20 23 20 23 20 36 38 20 24 21 23 20 39 32 20 25 20 24 21 22 21 33 22 20 37 27 21 36 22 27 21 29 21 34 20 34 31 23 36 22 31 28 28 20 22 33 20 25 21 21 20 20
leaf_count=24 26 20 23 20 23 20 36 38 20 24 21 23 20 39 32 20 25 20 24 21 22 21 33 22 20 37 27 21 36 22 27 21 29 21 34 20 34 31 23 36 22 31 28 28 20 22 33 20 25 21 21 20 20
internal_value=-0.000314557 0.000506329 0.000828604 0.000389937 0.000167742 0.000412783 -0.000384615 0.000299145 -0.00217184 -0.00346154 -0.00112583 0.00156863 0.000454545 -0.00209877 -0.000604982 -0.00525424 4.01606e-05 0.0025641 -0.00111111 -0.000331126 -0.00255814 0.000952381 -0.000291262 -0.00373134 0.00261538 0.00296089 0.000555556 -0.00487179 -0.00258065 0.00333333 0.000548523 0.00457944 0.00628571 0.00512195 -0.00745455 -0.00633333 0.00164179 0.00507246 0 -0.000760234 -0.00590909 0.000731707 0.00195402 0.00357143 0.00488372 0.00619048 0.0054717 0.00302326 -0.006 -0.00458333 0.00804878 -0.0085 0.00902439
internal_weight=1367 948 881 795 775 751 572 468 419 104 302 306 44 162 281 59 249 78 171 151 86 42 103 67 65 179 72 117 62 45 237 107 70 41 55 60 67 69 214 171 44 123 87 56 86 63 53 43 45 48 41 40 41
internal_count=1367 948 881 795 775 751 572 468 419 104 302 306 44 162 281 59 249 78 171 151 86 42 103 67 65 179 72 117 62 45 237 107 70 41 55 60 67 69 214 171 44 123 87 56 86 63 53 43 45 48 41 40 41
is_linear=0
shrinkage=0.01


Tree=5
num_leaves=50
num_cat=0
split_feature=74 72 94 64 94 32 62 25 25 43 72 16 31 27 46 32 16 36 41 17 17 14 6 32 37 91 73 88 16 67 91 21 25 31 94 35 82 13 46 16 97 5 27 5 32 35 62 61 67
split_gain=18.8192 16.4443 12.9181 11.9559 12.9804 11.38 10.5286 13.0167 14.0686 11.1768 10.2339 9.71645 9.08827 8.92564 8.48091 8.03909 9.35829 7.86395 7.61538 7.60551 9.69947 7.16325 7.06909 7.04097 7.00175 8.17633 9.98505 6.90476 6.60363 6.45278 6.17544 8.42907 12.8242 8.06102 10.3469 6.04017 6.02219 5.91505 18.0646 5.16875 4.81091 4.29781 7.04677 4.58046 3.85116 3.85116 3.58594 2.80242 1.75325
threshold=197.57662500000006 1399.1000000000001 655029.53958750016 1367.5000000000002 524885.80778750021 296.25000000000006 998.35800000000006 171.25000000000003 112.75000000000001 97.659999847412124 0.96250000000000002 6644.2500000000009 12.475000000000001 25.250000000000004 97.665000915527358 130.00000000000003 6327.8500000000013 86.750000000000014 67.250000000000014 95.950000000000003 62.45000000000001 15771.950000000003 5212.5550000000012 196.25000000000003 43.750000000000007 28563.049962500001 1503.2500000000002 6473.1841666666678 6052.6000000000013 29270.350000000002 34998.292850000005 28.175000000000004 194.00000000000003 6.7250000000000005 604481.6582906252 26.975000000000005 185.78400000000008 7769.6500000000005 99.064998626708999 5554.4000000000005 0.69791666666666685 4651.9700000000012 45.250000000000007 3817.0200000000004 260.75000000000006 25.625000000000004 0.15000000000000005 32950.600000000013 33762.750000000007
decision_type=2 2 2 2 2 2 2 2 2 2 2 2 2 2 2 2 2 2 2 2 2 2 2 2 2 2 2 2 2 2 2 2 2 2 2 2 2 2 2 2 2 2 2 2 2 2 2 2 2
left_child=2 5 17 13 11 6 10 8 9 19 14 48 24 -3 -2 29 37 -1 -16 20 41 28 -14 -10 -6 26 -26 -23 45 -12 31 32 33 35 -35 -20 -21 39 -39 -17 -27 43 -43 -8 -9 -15 -4 -42 -5
right_child=1 3 46 4 12 -7 7 44 23 -11 15 -13 22 21 18 16 -18 -19 30 36 -22 27 -24 -25 25 40 -28 -29 -30 -31 -32 -33 -34 34 -36 -37 -38 38 -40 -41 47 42 -44 -45 -46 -47 -48 -49 -50
leaf_value=0.001272560916095159 0.088934489586128596 -5.3357686325120905 -7.0721689141677846 -1.7815743060633029 -0.0020322419840039518 5.495774150486362 0.9793498228622004 14.830353481479797 -4.1383272694755373 3.0249672026948793 0.43472933511006118 1.2435182739069537 -0.76021541603465415 -1.8538630225572703 -0.16047666267530425 -5.8709214369152738 0.092731534847295849 -0.036297531012025715 0.0015005769399911416 0.86902887171843046 3.4956387622524305 0.083681476092190718 1.4605241777297974e-05 0.2282244645162107 3.3125749363661137 0.026562168273291532 -0.0060431806264527434 -1.8742993254115607 -0.02180788861583087 -0.03356982610893202 -0.8825013871970846 1.3921804744483708 -0.04569394039582772 0.0058860058641748416 -0.037543488823404872 1.3783278946153448 -2.7070186854212706 2.3110520734851501 -1.1054900600736268 -0.56647359434853417 0.10119334601984284 2.9371918543616413 -0.017490698141726182 -0.7233452569676857 5.2483216653941192 -5.6727385796546175 -8.4686435284496877 0.0073171302454197607 -5.6715359653871227
leaf_weight=28 36 30 37 22 37 21 23 23 21 26 27 24 30 20 36 37 35 21 37 37 25 30 25 22 22 20 35 28 29 38 27 39 22 21 28 24 20 21 31 30 25 38 21 21 20 23 21 30 20
leaf_count=28 36 30 37 22 37 21 23 23 21 26 27 24 30 20 36 37 35 21 37 37 25 30 25 22 22 20 35 28 29 38 27 39 22 21 28 24 20 21 31 30 25 38 21 21 20 23 21 30 20
internal_value=-0.000366569 -2.38663e-05 -0.00439252 -0.00155556 -0.000344828 0.000830235 0.000636132 0.00212121 0.00125984 0.00232227 -0.000265849 -0.00424242 0.000803571 -0.00375 0.00103704 -0.00187215 -0.00311688 -0.000612245 0.00034188 0.00145946 0.0028125 -0.00261538 -0.00272727 -0.00395349 0.00195266 0.0030303 0.000175439 0 -0.00472222 0.00107692 0.00111111 0.00181287 0.000606061 0.002 -0.00102041 0.00442623 -0.00157895 -0.00445378 -0.00192308 -0.00641791 0.0052 0.00145631 0.00322034 -0.000909091 0.0072093 -0.0072093 -0.00758621 0.00672727 -0.00714286
internal_weight=1364 1257 107 450 290 807 786 297 254 211 489 66 224 160 270 219 154 49 234 185 128 130 55 43 169 132 57 58 72 65 198 171 132 110 49 61 57 119 52 67 75 103 59 44 43 43 58 55 42
internal_count=1364 1257 107 450 290 807 786 297 254 211 489 66 224 160 270 219 154 49 234 185 128 130 55 43 169 132 57 58 72 65 198 171 132 110 49 61 57 119 52 67 75 103 59 44 43 43 58 55 42
is_linear=0
shrinkage=0.01


Tree=6
num_leaves=53
num_cat=0
split_feature=16 69 68 64 8 80 20 34 70 20 96 46 13 91 16 97 29 100 10 26 10 13 16 91 21 33 74 29 68 69 100 34 34 34 23 24 24 69 16 91 65 67 34 39 33 87 70 24 100 33 26 4
split_gain=15.499 16.8507 12.5186 14.5788 11.4569 11.3305 10.5917 10.3441 10.0938 9.87376 9.42461 10.6515 8.94717 8.57753 9.357 8.56082 8.60501 8.27659 8 7.79901 7.75381 12.4476 9.17883 7.87815 7.60501 9.25455 7.53854 7.24672 7.01075 6.53697 6.10393 10.8 7.8016 5.86011 10.4545 6.30829 5.74005 5.81362 5.41126 5.34634 5.14469 5.08804 7.96919 4.66667 4.49309 4.23893 3.92567 3.6 2.95718 2.53689 1 0.102439
threshold=5763.2000000000016 31060.300000000007 1398.6000000000001 1645.8290000000002 392.9500000000001 34338.759027777785 2636.8000000000006 77.750000000000014 0.78500000000000014 2636.8000000000006 1.0000000180025095e-35 104.63000106811525 15820.150000000003 29342.574862500001 7136.9000000000005 0.57291666666666685 88.750000000000014 0.24652777777777782 28837.800000000007 1.0000000180025095e-35 32874.30000000001 2021.1500000000003 6962.0500000000011 34255.117643750003 26.175000000000004 101.75000000000001 1146.1298333333336 83.250000000000014 1467.0000000000002 33443.55000000001 0.045138888888888895 53.250000000000007 80.250000000000014 92.750000000000014 78.250000000000014 6.825000000000002 12.725000000000001 28429.650000000005 4946.6000000000013 28850.118456250002 31794.800000000003 29270.350000000002 63.250000000000007 125.75000000000001 58.750000000000007 0.61458333333333337 0.9195000000000001 10.075000000000001 0.10069444444444446 35.250000000000007 8.7500000000000018 3635.3850000000007
decision_type=2 2 2 2 2 2 2 2 2 2 2 2 2 2 2 2 2 2 2 2 2 2 2 2 2 2 2 2 2 2 2 2 2 2 2 2 2 2 2 2 2 2 2 2 2 2 2 2 2 2 2 2
left_child=2 10 3 4 -1 15 12 9 45 36 30 46 13 14 19 17 39 26 -10 -3 44 -22 23 24 25 -23 50 -20 -8 -26 31 -2 49 34 -21 -36 37 48 43 -17 -31 -39 -43 -19 -15 -9 -12 -33 -6 -32 -4 -51
right_child=1 6 5 -5 7 -7 28 8 18 -11 11 -13 -14 20 -16 16 -18 38 27 33 21 22 -24 -25 29 -27 -28 -29 -30 40 32 47 -34 -35 35 -37 -38 41 -40 -41 -42 42 -44 -45 -46 -47 -48 -49 -50 51 -52 -53
leaf_value=-2.7296307253886307 -1.07458709574788 -1.8222818483453234 -2.7526439342715907 7.1098278194695448 0.045199533346700883 -6.8352396431998335 -0.013308658016489098 0.077701402589315849 0.022191191996798549 -1.5670061908005755 0.00023157814231083304 0.065488471489382874 -0.18139472184978772 0.82935393524962353 0.48736778505604889 -0.076271312449992801 0.045542241990780108 -3.3511258565137885 -2.9977450093991638 -0.02391449703768175 -0.013645546347731166 0.14925638061069635 2.1574145424441595 -0.63043095507669 0.0046023679897621728 -0.044933820545876593 -1.0882592003610407 -3.6336761487619111 -4.1895108393421943 1.3106727027462901 3.0228128691669394 0.77498140861756792 0.30591407246635272 -0.072979353137005598 -0.03318517555739834 0.24504467243620434 0.16770556398361783 1.4499780181317328 -10.815440348466403 0.007647409197312177 0.032045652185291269 -0.053659701639880188 1.7517463013802144 0.076228171348762724 3.4059687924240656 -0.01849726402893638 -2.899800488890897 0.6828834744267005 -1.1639633622470282 4.7700941104735968 -6.2823114443877248 5.7397504379321553
leaf_weight=27 20 24 20 20 22 32 24 27 24 21 20 22 21 21 20 27 20 21 35 27 37 23 37 32 37 24 31 37 25 24 21 20 26 34 21 32 30 30 24 26 28 34 33 21 31 20 21 20 24 21 25 20
leaf_count=27 20 24 20 20 22 32 24 27 24 21 20 22 21 21 20 27 20 21 35 27 37 23 37 32 37 24 31 37 25 24 21 20 26 34 21 32 30 30 24 26 28 34 33 21 31 20 21 20 24 21 25 20
internal_value=-0.000293255 0.000695771 -0.00144216 -0.0003125 -0.000769231 -0.00319838 -0.000268199 -0.000267062 -0.00230769 0.00123711 0.00308057 -0.00015873 0.000190275 0.000486726 -0.00139241 -0.00237209 0.000410959 -0.00380282 -0.00416667 -0.00231884 0.0014966 0.000743802 0.00170732 0.000714286 0.00176471 -0.00148936 -0.00605263 -0.00583333 -0.00469388 0.00348315 0.00445946 0.002 0.00613636 -0.00122807 0.00025 0.00283019 0.00202312 0.00118881 -0.00121212 -0.00169811 0.00576923 0.00257732 0.00104478 0.000952381 0.005 0.00148936 -0.00317073 0.005 -0.00173913 0.00806452 -0.00866667 0.0095122
internal_weight=1364 733 631 384 364 247 522 337 143 194 211 63 473 452 158 215 73 142 96 138 294 242 205 168 136 47 76 72 49 89 148 60 88 114 80 53 173 143 66 53 52 97 67 42 52 47 41 40 46 62 45 41
internal_count=1364 733 631 384 364 247 522 337 143 194 211 63 473 452 158 215 73 142 96 138 294 242 205 168 136 47 76 72 49 89 148 60 88 114 80 53 173 143 66 53 52 97 67 42 52 47 41 40 46 62 45 41
is_linear=0
shrinkage=0.01


Tree=7
num_leaves=54
num_cat=0
split_feature=69 16 21 91 38 20 99 89 25 21 67 24 67 43 24 27 3 27 24 21 22 40 67 70 81 99 3 24 72 25 41 5 81 82 69 81 91 40 83 23 71 13 38 43 23 25 28 25 22 92 33 5 11
split_gain=17.0016 15.7004 16.2041 13.1597 12.4019 10.6319 12.4911 9.36841 10.5463 9.19282 17.1406 9.00811 9.11908 8.66667 8.63137 8.48845 8.16742 7.78378 7.36917 7.1252 7.02482 6.74344 6.38823 6.08835 7.17621 6.66799 6.08372 6.46861 6.52052 13.712 7.87692 6.78971 7.03313 7.36477 8.9304 8.31377 6.85375 6.00918 5.81818 5.37627 5.50556 5.35714 4.63216 4.9 4.53202 4.47195 4.15572 4.00302 3.87546 3.72718 3.41612 2.75981 1.718
threshold=32196.450000000004 6361.0000000000009 29.575000000000006 28523.763450000006 9.6750000000000025 2599.2000000000003 0.82291666666666685 1500.06601875 97.250000000000014 16.025000000000002 25616.500000000004 6.2750000000000012 29055.950000000001 86.074996948242202 6.7250000000000005 87.750000000000014 14379.85 25.250000000000004 13.525000000000002 27.125000000000004 89.750000000000014 101.25000000000001 28490.850000000002 1496.0620000000001 3814.0189553576706 0.15625000000000003 16642.289000000001 14.875000000000002 1674.7500000000002 43.750000000000007 72.250000000000014 4803.0650000000005 4709.9004946886353 -1.0000000180025095e-35 34536.250000000007 4361.7794561303635 34462.114587500015 137.75000000000003 2116.9000000000001 96.750000000000014 1202.3975000000003 2838.2000000000003 12.125000000000002 78.634998321533217 96.750000000000014 187.00000000000003 26.525000000000002 62.250000000000014 88.750000000000014 21652.233243750008 35.250000000000007 3564.7000000000003 38294.400000000001
decision_type=2 2 2 2 2 2 2 2 2 2 2 2 2 2 2 2 2 2 2 2 2 2 2 2 2 2 2 2 2 2 2 2 2 2 2 2 2 2 2 2 2 2 2 2 2 2 2 2 2 2 2 2 2
left_child=1 2 4 19 7 6 22 8 9 10 -1 -10 -13 -14 -9 42 37 -12 41 20 46 23 -5 24 -11 -26 27 28 29 -24 -30 51 33 34 45 48 -36 39 -16 -3 -41 -7 -6 -44 -18 -33 -2 -23 -35 -8 -25 -31 -22
right_child=3 16 -4 5 15 18 49 14 11 21 17 12 13 -15 38 -17 44 -19 -20 -21 52 47 26 50 25 -27 -28 -29 30 31 -32 32 -34 35 36 -37 -38 -39 -40 40 -42 -43 43 -45 -46 -47 -48 -49 -50 -51 -52 -53 -54
leaf_value=1.3115621014113787 -3.0341050167832795 1.2762863133066513 7.2234748477027235 4.6080174964313168 -1.0921851293688947 -4.0536494415488304 -0.044484482340417825 -0.033325328097334676 -4.2797792871347236 -1.2929609968264613 -2.9888057415356388 0.062208194904883343 -1.5484020207181548 -0.0035012047542563964 2.8963424695130953 -3.9610342947514883 4.0937814103941177 -0.019943213846037155 0.009603497370904648 -1.7512177544691319 -3.7520774232811007 -0.72382969532526542 5.26550476510974 0.030917332753294131 -0.024824662059873381 0.37464817153995222 -0.53469928320558258 0.085024245026889197 -1.3914090701136024 -0.01885319307802415 0.00027343700891110798 -0.0076245975966124507 1.8551541692243538 5.4653437692327094 0.06973263547879692 -0.070835483659739462 -0.027167429737841423 -0.014848957967346324 0.025995756033640724 -0.0088498987621033857 1.5798615981628887 -1.5931214752460248 0.038881532205456419 -0.017533931803310986 2.8352357499768046 -1.0488788232094337 0.012930275258331601 0.0052669928571975168 0.014960645158430387 -1.5273147662643056 2.1899059687672584 -0.15877556135923299 -0.068305410047396209
leaf_weight=26 38 26 26 20 36 32 24 21 24 23 37 31 24 26 22 26 23 37 20 34 21 21 26 24 21 27 23 23 20 20 32 25 27 28 24 24 22 26 22 23 20 24 20 20 35 22 20 22 24 34 27 21 20
leaf_count=26 38 26 26 20 36 32 24 21 24 23 37 31 24 26 22 26 23 37 20 34 21 21 26 24 21 27 23 23 20 20 32 25 27 28 24 24 22 26 22 23 20 24 20 20 35 22 20 22 24 34 27 21 20
internal_value=-0.000307918 0.00075419 -1.7762e-05 -0.00148148 -0.000391061 -0.000757282 -0.000159453 0.000344828 -0.00027027 0.000792453 -0.0016 -0.00295238 -0.00135802 -0.004 0.00384615 -0.00352941 0.00359477 -0.00405405 -0.00421053 -0.00428571 -0.00292929 0.00224242 0.000498688 0.00344262 0.0015493 0.00375 0.000193906 0.000532544 0.00015873 0.000798479 -0.00307692 4.21941e-05 0.000816327 5.91716e-05 -0.00182796 0.00236842 0.00130435 0.00178947 0.00636364 0.00333333 0.00116279 -0.00607143 -0.00184211 0.0005 0.00655172 -0.00489362 -0.000689655 -0.00116279 0.00461538 -0.00448276 0.00607843 -0.00365854 -0.00609756
internal_weight=1364 716 563 648 537 515 439 435 370 265 100 105 81 50 65 102 153 74 76 133 99 165 381 122 71 48 361 338 315 263 52 237 196 169 93 76 46 95 44 69 43 56 76 40 58 47 58 43 52 58 51 41 41
internal_count=1364 716 563 648 537 515 439 435 370 265 100 105 81 50 65 102 153 74 76 133 99 165 381 122 71 48 361 338 315 263 52 237 196 169 93 76 46 95 44 69 43 56 76 40 58 47 58 43 52 58 51 41 41
is_linear=0
shrinkage=0.01


Tree=8
num_leaves=53
num_cat=0
split_feature=19 34 41 8 22 6 68 44 1 5 53 46 79 20 97 68 33 42 11 0 88 31 41 62 21 22 11 0 92 27 7 31 78 33 41 1 68 41 20 74 5 79 78 7 25 24 69 65 80 25 5 0
split_gain=14.4597 19.8345 13.0154 12.6209 12.3101 12.2373 10.6834 13.0032 10.5549 10.312 10.9069 13.7415 16.0197 11.5749 10.2814 15.3275 9.49177 9.48494 9.29032 7.78439 9.45162 7.50618 11.4585 7.11426 6.93608 9.69269 6.76775 12.122 6.31947 6.45711 6.17223 6.40329 9.24715 5.88083 5.69967 7.0693 8.33333 5.61765 7.53164 7.60138 5.54029 5.31948 5.44916 4.9 4.60952 4.37741 4.1134 6.78571 2.88095 1.57506 0.951452 0.109091
threshold=1344.0500000000004 78.250000000000014 97.250000000000014 392.85416666666669 88.250000000000014 4418.2250000000013 1375.6500000000003 3.0360000133514409 17952.668000000001 2883.6250000000005 2.5000000000000004 92.81000137329103 640.3319849943573 1026.9000000000003 0.69791666666666685 963.64250000000015 175.25000000000003 111.72499847412111 37484.500000000007 36839.400000000009 4536.041666666667 4.7250000000000005 105.25000000000001 1340.3580000000002 19.275000000000002 76.250000000000014 39179.450000000004 34828.950000000004 24217.857312500008 83.250000000000014 17.575000000000003 9.8250000000000011 769.78185069444453 25.750000000000004 51.250000000000007 13693.700000000003 1386.2 62.250000000000007 1440.2 451.2994583333334 7180.1800000000012 436.43413515650809 839.05032638888895 90.550000000000011 169.75000000000003 5.8250000000000011 34926.80000000001 30402.600000000002 30121.210763888888 139.25000000000003 8325.4550000000017 33977.250000000007
decision_type=2 2 2 2 2 2 2 2 2 2 2 2 2 2 2 2 2 2 2 2 2 2 2 2 2 2 2 2 2 2 2 2 2 2 2 2 2 2 2 2 2 2 2 2 2 2 2 2 2 2 2 2
left_child=1 3 4 -1 14 6 7 -2 9 17 28 -12 13 45 15 18 19 -5 -3 20 -6 50 -23 26 25 -25 27 33 29 51 -22 32 -32 -7 -30 -36 -37 -28 -39 -40 -14 -15 -43 -34 -17 -13 47 48 -8 -47 -4 -11
right_child=5 2 21 8 16 23 46 -9 -10 10 11 12 40 41 -16 44 -18 -19 -20 -21 30 22 -24 24 -26 -27 37 -29 34 -31 31 -33 43 -35 35 36 -38 38 39 -41 -42 42 -44 -45 -46 49 -48 -49 -50 -51 -52 -53
leaf_value=-2.0485377096377655 -0.043365882610706383 1.8395047643633959 -6.5072668186501641 -1.2778485126962855 -0.079372894688058776 -5.2036953994745607 -1.2045555115073443 1.053500160068622 -3.6396406672802786 3.7154620591630683 -1.6490684740848769 1.1440137157789292 0.045161044229606893 -0.10828367912486728 0.10060203276348154 -0.1806606838618017 -0.72566533667291366 0.0056287928345477188 0.00089623500020754991 0.45658140230851429 -0.03486386676990972 -3.46269560452818 0.043909667814038586 0.065149645129403785 3.6959720525370257 -2.1630115016929619 -4.3463217270711825 0.10715559787007245 3.3985578518287696 0.028658893873331197 0.014272866179929835 2.0872849799849362 0.17135040311829586 0.0060065935236244192 -0.37326813673501963 3.499935674227693 0.0021824116439074495 -0.10193111227805673 -0.1380775739218445 0.072851302735035539 -0.22422453318585725 -0.0054825715655494938 2.4631398725071052 -4.0245334083214512 -0.89298813866214177 0.090785265090953332 -4.1818805073051308 0.0041832921799013793 -3.3161254274792462 7.051494841011106 -0.59633974904971354 7.0326702646570451
leaf_weight=20 35 31 21 28 30 23 24 28 20 24 28 20 28 22 23 28 28 27 31 20 36 24 39 29 29 26 20 21 24 27 27 20 20 35 26 24 24 28 25 36 24 28 27 20 20 23 21 20 32 30 20 20
leaf_count=20 35 31 21 28 30 23 24 28 20 24 28 20 28 22 23 28 28 27 31 20 36 24 39 29 29 26 20 21 24 27 27 20 20 35 26 24 24 28 25 36 24 28 27 20 20 23 21 20 32 30 20 20
internal_value=-0.000293255 0.000407725 -0.00114155 0.00178138 -0.000179641 -0.00180556 -0.004 -0.000793651 0.0021097 0.00242291 0.00298246 0.00156522 0.00247525 0.00413333 0.00218045 0.000909091 -0.00174129 -0.00163636 0.00419355 -0.000867052 -0.00163399 -0.00423077 -0.00206349 -0.000514706 0.00190476 -0.000181818 -0.00159574 0.000632911 0.00491124 0.0071831 -0.000406504 0.00103448 -0.000447761 -0.00172414 0.00326531 0.00189189 0.00416667 -0.00321101 -0.00213483 -0.000163934 -0.00230769 0.00142857 0.00309091 -0.0035 -0.00333333 0.0069863 -0.00608247 -0.005 -0.00678571 0.00849057 -0.00756098 0.00954545
internal_weight=1364 932 438 494 334 432 160 63 474 454 399 230 202 150 133 110 201 55 62 173 153 104 63 272 84 55 188 79 169 71 123 87 67 58 98 74 48 109 89 61 52 77 55 40 48 73 97 76 56 53 41 44
internal_count=1364 932 438 494 334 432 160 63 474 454 399 230 202 150 133 110 201 55 62 173 153 104 63 272 84 55 188 79 169 71 123 87 67 58 98 74 48 109 89 61 52 77 55 40 48 73 97 76 56 53 41 44
is_linear=0
shrinkage=0.01


Tree=9
num_leaves=52
num_cat=0
split_feature=32 73 71 75 64 80 78 33 16 69 16 1 73 34 61 16 4 92 28 1 34 4 83 14 34 5 89 75 33 64 14 25 92 38 89 38 89 35 61 3 14 71 38 24 75 25 43 1 69 3 3
split_gain=20.4794 11.855 17.7285 14.8512 13.6959 12.8686 12.3247 11.2222 11.033 10.5352 9.69582 9.62468 11.9843 11.0082 9.4697 8.33873 13.5574 12.6409 11.7787 9.15468 8.93816 10.616 8.28431 8.27022 7.89472 7.40487 6.58891 6.42675 7.52668 6.3034 6.96953 6.21118 5.88371 5.87247 5.85831 10.5247 11.0815 7.29805 8.36807 5.74362 5.74359 4.89043 4.55375 5.54113 4.41818 3.6 3.48444 3.15976 2.98667 1.08 0.921951
threshold=296.25000000000006 1454.7200000000003 1266.8995000000002 100.82109346685796 1685.5500000000002 30539.098958333339 1503.7027569444447 105.75000000000001 6387.0500000000002 30075.250000000004 4461.1000000000013 14024.250000000002 1.0955000000000001 54.750000000000007 33198.150000000001 5687.2000000000007 16161.290000000003 19086.846131250004 26.975000000000005 14592.6 46.750000000000007 3701.4250000000006 613.35000000000048 16506.250000000004 98.750000000000014 2862.2600000000007 1402.0453687500003 502.32270189833116 69.250000000000014 948.20150000000012 15819.100000000002 63.250000000000007 27750.916156250008 5.5750000000000011 1486.06306875 4.9750000000000005 1619.09109375 26.625000000000004 33433.850000000006 14269.85 18363.100000000002 676.23400000000004 8.1250000000000018 8.8250000000000028 500.01900851513028 24.250000000000004 77.604999542236342 16059.150000000001 33280.700000000004 13985.400000000001 15551.032000000001
decision_type=2 2 2 2 2 2 2 2 2 2 2 2 2 2 2 2 2 2 2 2 2 2 2 2 2 2 2 2 2 2 2 2 2 2 2 2 2 2 2 2 2 2 2 2 2 2 2 2 2 2 2
left_child=1 2 4 14 6 27 9 48 10 11 -4 13 42 32 -3 16 18 41 20 -19 46 -22 -21 31 29 47 49 -5 -29 30 -15 45 -1 -6 37 -36 -37 38 -27 -10 -23 -17 43 -13 -40 -12 -11 -24 -7 -20 -41
right_child=-2 3 8 5 33 7 -8 -9 39 15 23 12 -14 24 -16 17 -18 19 26 22 21 40 25 -25 -26 34 -28 28 -30 -31 -32 -33 -34 -35 35 36 -38 -39 44 50 -42 -43 -44 -45 -46 -47 -48 -49 -50 -51 -52
leaf_value=-0.0082127941995204408 0.12423726917551264 -0.00051852662738559861 3.7022362430482247 -1.0852804313921363 0.078576060214983215 -3.2829641732044537 -5.2593806595961006 -0.010927729038178019 0.60282131692276841 -0.57523996965239366 -1.024336740632366 0.0002952869718018622 -0.066012682807748246 -3.2182967328389043 0.017684377529918568 -1.7482252269870688 0.094832589130482425 -0.28273589535451066 -7.4093064510794395 -0.035773781795710849 1.3957193985625567 -2.7465085227704695 0.0010924650785795753 2.2276939743571949 0.075095229197893951 1.2241248838374832 -0.089330606235013918 -0.94926834925336634 0.037453637908915545 0.023889120595094439 -0.019521175597797705 -1.0619532128470062 1.089964335506568 6.6966818736757157 2.0093484294291493 -0.07846447504035807 0.038963646761951715 3.7949536518987905 -0.046456546458252805 5.1309985326013825 0.012944802471511576 -0.11334105132049192 7.1885396798180849 6.9809798926009945 0.07013885476253004 0.74792391466056374 -5.5735109946722696 -0.038602757034282134 -3.654269430664538 -6.7210246967261948 3.0177674556014615
leaf_weight=27 36 32 27 30 21 40 22 28 20 20 20 20 20 26 22 31 20 38 20 32 22 28 23 20 21 27 35 38 20 29 34 23 34 20 29 26 24 31 33 21 24 26 25 22 27 20 25 20 35 30 20
leaf_count=27 36 32 27 30 21 40 22 28 20 20 20 20 20 26 22 31 20 38 20 32 22 28 23 20 21 27 35 38 20 29 34 23 34 20 29 26 24 31 33 21 24 26 25 22 27 20 25 20 35 30 20
internal_value=-0.000219941 -0.000421687 2.77008e-05 -0.00240816 -0.000526316 -0.00371728 -0.000792193 -0.0061165 0.00298246 -0.000600707 0.00109091 0.00108527 0.0037931 -0.000292398 0.00222222 -0.00133672 -0.00285714 -0.000408719 -0.00362745 0.000387097 -0.00159664 0.000540541 0.00102941 -0.00060241 -0.00218182 0.00166667 -0.00647059 -0.000909091 0.00103448 -0.00348315 -0.00533333 -0.00238095 0.00311475 0.00512195 0.00248731 0.000379747 -0.0024 0.00389831 0.00241379 0.00639344 -0.00192308 -0.00473684 0.0058209 0.00380952 0.000333333 0 -0.00511111 -0.00209302 -0.00813333 -0.0088 0.00853659
internal_weight=1364 1328 1083 245 912 191 871 103 171 849 110 258 87 171 54 591 224 367 204 310 119 74 272 83 110 240 85 88 58 89 60 63 61 41 197 79 50 118 87 61 52 57 67 42 60 40 45 43 75 50 41
internal_count=1364 1328 1083 245 912 191 871 103 171 849 110 258 87 171 54 591 224 367 204 310 119 74 272 83 110 240 85 88 58 89 60 63 61 41 197 79 50 118 87 61 52 57 67 42 60 40 45 43 75 50 41
is_linear=0
shrinkage=0.01


Tree=10
num_leaves=54
num_cat=0
split_feature=20 71 73 62 94 7 31 37 93 26 90 7 31 90 67 31 42 73 3 76 76 26 67 94 73 31 30 98 90 68 30 3 20 66 3 68 42 91 22 20 88 73 67 94 70 39 68 24 46 60 29 65 77
split_gain=21.5926 18.3515 14.5157 15.5634 15.3355 15.1563 14.1672 10.9026 10.8416 10.2902 13.7221 10.003 9.43124 9.11672 10.9115 11.1111 9.44104 20.6151 9 8.24323 9.01333 7.98978 6.67305 6.5873 6.33913 6.60091 9.20341 12.0455 6.7935 5.88 5.71876 6.63449 7.07178 5.65137 5.33474 5.14331 5.04728 10.2373 6.69252 5.02406 5.6187 4.9 4.87625 5.56522 4.66667 3.51054 3.20182 3.03922 2.70941 2.63302 2.52468 2.23188 1.13333
threshold=2799.2500000000005 1508.2500000000002 1454.7200000000003 1.0005000000000002 788754.53880125028 16.820000000000004 12.475000000000001 91.250000000000014 415.73035603715175 136.25000000000003 2266.1572500000007 1549.2050000000002 11.325000000000001 1434.1981500000004 33269.55000000001 6.1250000000000009 97.420001983642592 937.1735000000001 14095.250000000002 31868.307291666668 29480.005208333339 1.2500000000000002 31433.450000000001 543062.97991062514 1099.2025000000001 4.1250000000000009 73.250000000000014 0.15625000000000003 3464.4267000000004 1006.5000000000001 87.250000000000014 13058.400000000001 1166.1000000000001 1533.9000000000003 14632.700000000003 1.0020000000000002 106.95000076293947 32212.46236875001 84.750000000000014 1440.2 10366.85854166667 1383.5500000000004 30124.950000000004 594416.73712343758 798.88000000000011 217.25000000000003 1509.9500000000003 6.7250000000000005 102.03499984741212 1395.4000000000003 89.750000000000014 28039.900000000005 3919.2358028684534
decision_type=2 2 2 2 2 2 2 2 2 2 2 2 2 2 2 2 2 2 2 2 2 2 2 2 2 2 2 2 2 2 2 2 2 2 2 2 2 2 2 2 2 2 2 2 2 2 2 2 2 2 2 2 2
left_child=1 2 3 5 33 35 7 22 34 10 11 13 51 14 15 42 17 -15 -8 20 -17 48 41 46 25 26 -23 -28 36 -16 47 -32 -33 49 -9 -1 45 38 -38 40 -40 -3 -5 -44 -13 -27 -2 -18 -7 -4 -25 -12 -24
right_child=23 6 4 9 -6 21 18 8 -10 -11 12 44 -14 16 29 19 30 -19 -20 -21 -22 24 52 50 -26 28 27 -29 -30 -31 31 32 -34 -35 -36 -37 37 -39 39 -41 -42 -43 43 -45 -46 -47 -48 -49 -50 -51 -52 -53 -54
leaf_value=-0.02952149740893005 -1.4793892664819388 3.4047203404782831 -4.2083741522793314 2.717338012892649 0.043096034756809044 -0.5936146418256868 -3.9519986159284084 -0.062963646383455737 2.479488076911887 3.0868857080563248 -5.6402670724843897 0.00079248744746241687 0.018025851106213846 1.6892616196403605 0.020089901983135375 0.014938577537151745 5.6099474010955888 -1.8771465822764963 0.023403926751093422 0.36212639439943173 -2.4902242846943112 -0.093291025074009368 0.019266034915097385 0.0088891160473871973 2.2201407206440922 -0.0090200204964893602 0.060630128897442792 -0.043654201457164102 -0.044014881612884603 -2.4103153756813369 -0.0062408032123132699 0.2683229523663519 6.8557022217930896 -0.29191815679967725 0.02889728611951338 -7.4458623102829735 0.063583297392572999 7.0342980379710411 -0.0090571113656108537 0.024395780311901861 -0.10145731366289855 0.00058725526882418054 5.6594689946340759 -0.010366846171295003 -0.050566357162742971 -0.060678636032980293 -3.9375894640600078 7.3429563136606939 -5.0369634179264073 -0.37544061495760472 -4.7012808773550185 -0.39484670053865584 2.2652514661273364
leaf_weight=21 27 20 39 26 23 20 25 21 31 32 23 21 22 22 20 30 20 25 20 22 20 30 20 22 24 24 39 22 26 30 22 21 26 31 26 32 22 28 28 21 22 20 23 23 21 22 32 31 21 29 20 33 34
leaf_count=21 27 20 39 26 23 20 25 21 31 32 23 21 22 22 20 30 20 25 20 22 20 30 20 22 24 24 39 22 26 30 22 21 26 31 26 32 22 28 28 21 22 20 23 23 21 22 32 31 21 29 20 33 34
internal_value=-7.38007e-06 0.000350877 -0.000202507 0.000229508 -0.00344262 -0.00124378 0.00299539 0.00430233 0.00153846 0.00138402 0.00101871 0.00176179 -0.00282051 0.00229917 0.000824742 0.00222222 0.00401198 0.000212766 -0.002 -0.000555556 -0.0028 -0.000487106 0.00659574 -0.00445545 6.49351e-05 -0.000352113 0.00186813 0.00409836 -0.00139896 -0.0032 0.0055 0.00362319 0.00574468 -0.00515152 -0.00148936 -0.00622642 -0.000658683 0.000413223 -0.0011828 -0.00267606 -0.0044 0.0035 0.005 0.00304348 -0.00285714 -0.00347826 -0.00661017 0.00803922 -0.00463415 -0.00676471 -0.00142857 -0.005 0.00888889
internal_weight=1355 1254 1037 915 122 402 217 172 78 513 481 403 78 361 194 144 167 47 45 72 50 349 94 101 308 284 91 61 193 50 120 69 47 99 47 53 167 121 93 71 50 40 72 46 42 46 59 51 41 68 42 56 54
internal_count=1355 1254 1037 915 122 402 217 172 78 513 481 403 78 361 194 144 167 47 45 72 50 349 94 101 308 284 91 61 193 50 120 69 47 99 47 53 167 121 93 71 50 40 72 46 42 46 59 51 41 68 42 56 54
is_linear=0
shrinkage=0.01


Tree=11
num_leaves=54
num_cat=0
split_feature=20 34 73 88 33 22 30 24 22 1 72 67 1 96 34 5 20 77 66 8 17 69 10 79 79 20 23 98 69 79 79 84 30 34 17 82 24 10 30 22 25 33 72 26 1 30 71 33 34 22 61 30 1
split_gain=20.4468 16.4813 12.3392 12.0514 12.2858 14.0497 11.6081 10.2956 9.19573 8.7906 8.22921 7.72348 9.85879 7.7213 7.32706 6.87392 7.87183 8.90902 9.56667 8.0801 7.57185 13.3841 7.1697 6.85465 7.69139 6.44538 6.61038 6.22044 5.82347 5.55249 6.64652 8.6586 7.35268 10.0043 10.3032 6.6003 5.84429 4.98701 4.9 4.88127 4.71951 4.65422 4.45873 4.31002 4.30182 3.92567 3.72098 3.01385 2.96882 2.6187 2.03901 1.58726 0.452174
threshold=2178.4000000000005 77.750000000000014 1103.7940000000003 13417.449166666667 34.250000000000007 93.250000000000014 86.750000000000014 9.9750000000000014 95.250000000000014 16306.300000000001 600.49850000000004 29270.350000000002 14144.550000000001 1.0000000180025095e-35 57.750000000000007 1295.4750000000001 580.80000000000007 3643.3980852070649 919.17300000000012 403.68062698412706 198.05000000000004 32479.700000000004 32344.000000000004 355.43048707894695 642.45243445930748 1918.8500000000001 38.250000000000007 0.15625000000000003 35238.000000000007 168.96971831545059 246.69835795904996 1308.7880000000002 91.750000000000014 86.750000000000014 101.55000000000001 -0.074499999999999997 8.6250000000000018 31538.050000000003 89.750000000000014 90.250000000000014 212.75000000000003 4.7500000000000009 958.65000000000009 2.7500000000000004 14333.050000000001 55.250000000000007 1257.4950000000001 127.25000000000001 63.250000000000007 85.750000000000014 33587.850000000006 41.250000000000007 14611.200000000003
decision_type=2 2 2 2 2 2 2 2 2 2 2 2 2 2 2 2 2 2 2 2 2 2 2 2 2 2 2 2 2 2 2 2 2 2 2 2 2 2 2 2 2 2 2 2 2 2 2 2 2 2 2 2 2
left_child=1 3 6 4 5 23 -2 9 15 10 27 48 45 41 -9 -3 17 18 22 -18 29 -22 -17 -1 25 26 -25 -6 -5 -21 -31 32 47 -34 -35 -36 -37 -14 -20 42 51 -8 -19 -43 -28 -13 50 -32 -12 -11 -4 -16 -53
right_child=2 8 46 28 7 -7 13 14 -10 49 11 12 37 -15 40 16 19 39 38 20 21 -23 -24 24 -26 -27 44 -29 -30 30 31 -33 33 34 35 36 -38 -39 -40 -41 -42 43 -44 -45 -46 -47 -48 -49 -50 -51 -52 52 -54
leaf_value=-1.4879987248895215 -2.8246886088464636 -0.02270167345021493 -3.4796268291926356 -0.15536998277034678 -0.064408122849362079 2.374434544689088 -0.023067359637585275 0.10125523085065898 -1.1187052999354372 6.8568752217870585 3.3992260553889468 -2.3741517842148792 -0.017319691551478611 -0.03514110735485021 0.41402242652652532 -4.5773609733959475 1.8155519521211045 0.0019426577344350093 0.77831640666236412 0.04027549323158576 0.34687882787238417 -2.7757930735646457 0.030711606915840611 0.27336549799193 -3.7275714254162686 0.83765017938637043 -4.0423358999274761 0.032540261869875173 -0.003308188097624485 -0.93568513263341802 0.0069696407021841277 0.10359420125024947 -6.9321855945236699 0.082860391576827674 0.054466231282744103 0.0020171887302724472 -0.056651690879422942 2.3339806384049502 -0.085291678950209754 -0.5015589810518829 0.044384642536294476 0.036317131477108085 -2.3632571268162348 3.8179141639624716 0.012905630900059112 0.0069331067182664755 -1.0784254016982373 0.074031789025258574 0.038586468335687213 5.4219156561257824 -3.9950178751257117 2.4801666757203829 6.2688314261811522
leaf_weight=39 35 21 24 21 28 31 23 26 25 22 22 21 21 24 25 22 22 21 20 20 36 38 20 21 27 29 28 23 31 20 20 30 33 33 20 20 23 33 20 25 22 22 24 26 22 20 34 22 23 28 23 26 20
leaf_count=39 35 21 24 21 28 31 23 26 25 22 22 21 21 24 25 22 22 21 20 20 36 38 20 21 27 29 28 23 31 20 20 30 33 33 20 20 23 33 20 25 22 22 24 26 22 20 34 22 23 28 23 26 20
internal_value=-0.000125461 0.000402098 -0.00298578 0.00152709 0.00195691 -5.07614e-05 -0.00107692 0.00305556 -0.000878505 0.00186722 0.000890052 0.00214286 0.000526316 0.000736842 0.00546218 -0.000588235 -0.000347648 -0.00223684 0 0.000504451 9.52381e-05 -0.0027027 -0.00333333 -0.00120482 -7.87402e-05 0.0012 -0.000422535 -0.00254902 -0.00307692 0.000954357 0.000497738 0.00104478 0.000175439 -0.00100775 0.000625 -0.00174603 -0.00395349 0.00333333 0.0035 -0.00485714 0.00677419 0.00239437 -0.00288889 0.00416667 -0.0024 -0.00317073 -0.00604938 0.00380952 0.00555556 0.0056 -0.00787234 0.00802817 0.00913043
internal_weight=1355 1144 211 609 557 197 130 360 535 241 191 140 95 95 119 510 489 152 82 337 315 74 42 166 127 100 71 51 52 241 221 201 171 129 96 63 43 54 40 70 93 71 45 48 50 41 81 42 45 50 47 71 46
internal_count=1355 1144 211 609 557 197 130 360 535 241 191 140 95 95 119 510 489 152 82 337 315 74 42 166 127 100 71 51 52 241 221 201 171 129 96 63 43 54 40 70 93 71 45 48 50 41 81 42 45 50 47 71 46
is_linear=0
shrinkage=0.01


Tree=12
num_leaves=52
num_cat=0
split_feature=6 67 16 97 77 100 75 4 26 72 42 8 77 6 77 10 75 32 44 7 7 61 36 45 4 72 36 17 1 43 45 3 42 81 97 40 91 75 40 67 77 40 19 16 45 3 11 40 3 1 1
split_gain=19.6628 16.9441 16.6463 12.7362 11.5575 11.0411 12.4303 11.6199 10.3314 10.2545 10.0327 9.46779 9.19786 9.11867 8.57992 7.92962 7.35451 7.66035 8.072 7.12389 10.5485 6.72968 6.693 6.47492 7.80201 6.38884 8.63718 7.37657 7.43568 6.93089 7.38092 6.05453 5.94747 5.74795 5.52771 5.63333 5.05588 4.30101 4.20208 4.15517 4.09736 5.76037 4.06 3.84268 3.54579 3.41333 2.91212 2.25 2.14286 0.9 0.116667
threshold=2961.8300000000004 23908.400000000005 6847.2500000000009 0.093750000000000014 3586.1657957182765 0.031250000000000007 659.99581856363466 3302.6700000000005 157.75000000000003 1600.0905000000002 109.6800003051758 422.69473684210533 4615.4871453978021 2746.1750000000006 4651.5934787748156 29156.050000000007 135.89127319439612 254.75000000000003 3.245999932289124 1858.9600000000003 439.76500000000004 30086.100000000002 89.250000000000014 23502.500000000004 3669.8650000000002 1499.9500000000003 82.750000000000014 19.450000000000006 14069.35 88.409999847412124 26174.500000000004 14106.642500000002 162.07499694824222 4346.4693893943522 0.26041666666666669 75.250000000000014 25030.349006250002 244.37814655833992 111.25000000000001 28030.750000000004 2721.9766829610176 39.250000000000007 686.00000000000011 6382.7000000000007 24255.000000000004 14468.950000000003 39797.05000000001 148.75000000000003 14294.150000000003 15033.650000000001 15760.100000000002
decision_type=2 2 2 2 2 2 2 2 2 2 2 2 2 2 2 2 2 2 2 2 2 2 2 2 2 2 2 2 2 2 2 2 2 2 2 2 2 2 2 2 2 2 2 2 2 2 2 2 2 2 2
left_child=10 32 3 8 9 21 7 -7 12 36 43 22 25 33 15 42 -4 18 46 20 34 -6 31 24 -23 26 -3 28 -28 30 40 -8 -2 37 -17 -36 -5 -12 39 -38 -29 -42 -9 48 -25 -40 -18 50 -1 -37 -43
right_child=1 2 16 4 5 6 11 14 -10 -11 13 -13 -14 -15 -16 19 17 -19 -20 -21 -22 23 -24 44 -26 -27 27 29 -30 -31 -32 -33 -34 -35 35 49 38 -39 45 -41 41 47 -44 -45 -46 -47 -48 -49 -50 -51 -52
leaf_value=-4.8108767217953634 2.8479849724411643 0.39618099956386876 1.45136252521938 3.2684928051036231 -2.2683506520179164 3.7584496413842641 -2.8684001798227032 -0.1007563517441968 1.3684705231880663 -0.0059962345895921369 -0.0079409490537431897 0.072655100622442681 0.046199651422780201 -2.2930049425910926 -0.20672884532461364 1.4896797650423708 1.3867691755696196 -0.14297729982323532 0.019429639759898656 -0.058835842599473179 2.5910430449494375 -0.0085080559622051459 -0.066411871366335168 -1.4672553279560365 0.061304336208769961 -8.22684829143477 -0.024017104184216036 -0.014994094983123478 2.4074493177040037 0.015846681738116607 -0.00085762190439466596 -5.595271498293017 0.038248351513891277 -0.19153659849913673 -1.1068249196097413 0.018602396171863673 2.1620672799399823 0.028063666193414872 0.39817966056483906 -0.039608647121537131 -2.0591896778698531 -1.7226805055604275 0.01451007863500422 -0.057511917968078939 -0.12803671783335055 3.1988572033740561 6.910304033241494 -0.11371525042734121 -1.2915481915530886 0.20388402574093281 -0.55467725794908829
leaf_weight=28 23 38 21 28 31 39 20 21 25 35 21 20 31 23 23 28 20 20 38 27 32 26 38 24 20 33 33 20 20 29 24 27 22 20 20 20 27 38 20 30 21 20 22 35 28 30 24 24 20 20 28
leaf_count=28 23 38 21 28 31 39 20 21 25 35 21 20 31 23 23 28 20 20 38 27 32 26 38 24 20 33 33 20 20 29 24 27 22 20 20 20 27 38 20 30 21 20 22 35 28 30 24 24 20 20 28
internal_value=-5.16605e-05 0.00042735 0.000186667 -0.000239521 0.000579268 -0.000205761 0.00070028 0.00190476 -0.00179191 0.00282353 -0.00308108 -0.00219048 -0.00227414 -0.000980392 0.000985915 0.00168421 0.00365854 0.00254902 0.00390244 0.00278912 0.00383333 -0.00271318 -0.00364706 -0.00142857 0.00130435 -0.00282759 -0.00229572 -0.00305936 0.000188679 -0.00409639 -0.0050365 -0.00617021 0.00644444 0.000632911 0.00204545 0.000333333 0.00407407 0.00220339 0.00308411 0.00122807 -0.00610619 -0.00698925 -0.00209302 -0.00566265 -0.00384615 0.0052 0.00681818 -0.00833333 -0.0075 0.0025 -0.00958333
internal_weight=1355 1170 1125 1002 656 486 357 252 346 170 185 105 321 102 213 190 123 102 82 147 120 129 85 98 46 290 257 219 53 166 137 47 45 79 88 60 135 59 107 57 113 93 43 83 52 50 44 72 48 40 48
internal_count=1355 1170 1125 1002 656 486 357 252 346 170 185 105 321 102 213 190 123 102 82 147 120 129 85 98 46 290 257 219 53 166 137 47 45 79 88 60 135 59 107 57 113 93 43 83 52 50 44 72 48 40 48
is_linear=0
shrinkage=0.01


Tree=13
num_leaves=49
num_cat=0
split_feature=63 17 73 71 21 16 25 34 16 69 64 7 69 91 89 5 38 5 46 26 91 24 77 34 71 29 7 71 34 88 33 44 7 46 34 44 5 77 3 70 57 35 5 27 7 59 13 11
split_gain=17.2033 15.241 13.0492 15.5202 14.3431 13.4239 11.7107 12.132 13.4839 13.4403 12.9298 11.4204 11.3488 12.7011 9.3227 9.15806 8.4066 9.96531 8.38203 10.1363 9.24256 8.87147 8.13477 7.9562 8.79504 8.40499 7.48364 7.26919 8.10803 6.9218 6.73691 6.73616 6.69527 7.14286 6.69102 6.26473 6.19632 5.75589 4.95918 4.81333 4.59542 4.58046 4.45873 4.24242 4.00346 3.69532 0.962791 0.4
threshold=20232.000000000004 278.30000000000001 1398.9500000000003 1264.8500000000001 17.875000000000004 6317.8000000000011 22.250000000000004 86.750000000000014 2673.5000000000005 36370.400000000009 1054.9045000000003 1491.8400000000004 31836.550000000003 27062.329100000003 1636.5947812500003 5915.4500000000016 5.325000000000002 4938.6800000000012 104.88499832153322 58.250000000000007 31280.434337500006 6.325000000000002 4010.4033038388211 99.750000000000014 672.8900000000001 86.250000000000014 290.51500000000004 1233.8295000000003 82.250000000000014 8383.6570833333335 203.75000000000003 2.962999939918519 36.480000000000004 97.774997711181655 72.250000000000014 3.3569999933242802 4026.2100000000005 3978.2808415079007 14343.700000000003 888.66700000000003 1.0000000180025095e-35 25.825000000000006 3867.3350000000005 91.250000000000014 948.0200000000001 -0.5 2609.9000000000001 37281.250000000007
decision_type=2 2 2 2 2 2 2 2 2 2 2 2 2 2 2 2 2 2 2 2 2 2 2 2 2 2 2 2 2 2 2 2 2 2 2 2 2 2 2 2 2 2 2 2 2 2 2 2
left_child=-1 2 3 6 37 15 36 8 -8 10 18 -3 13 -6 23 22 17 -12 19 21 30 -10 -5 32 25 26 -25 -14 -29 39 40 38 45 -34 -11 -20 -2 -4 -18 -23 -21 -15 -7 -28 -35 -9 -39 -33
right_child=1 11 4 5 12 42 7 14 9 34 16 -13 27 41 -16 -17 31 -19 35 20 -22 29 -24 24 -26 -27 43 28 -30 -31 -32 47 33 44 -36 -37 -38 46 -40 -41 -42 -43 -44 -45 -46 -47 -48 -49
leaf_value=1.3264878182966415 -4.1602095591830972 2.6171336024448482 -1.2384702335894173 -0.21531324061914162 0.063854329866020562 0.61335137432967191 -4.4036415854679563 -4.0123764585929056 -0.34580085833225965 -1.8788378991260868 -0.15907406468009769 -0.025333798786208322 -4.0185726945927165 -1.3784153156070655 0.034059915663286817 0.57135177113571445 0.013108219486553732 5.9117765184055795 1.4950224039057589 -0.033951854260899306 -0.096457789109028552 -0.0023480016548790539 1.6588595334118981 -0.0081999784103674641 2.3585859967502993 0.062200376023875736 -0.09477238078112972 -0.0078615395632057571 0.009722401332306195 0.040813578431731695 1.9834254681916732 5.9053690917514619 0.017298539923983964 -0.01672220763135656 -0.036288945336154087 -0.0028958342286157929 -0.043335920683561117 -1.876512039652668 2.2780865744689986 -3.4880985989975994 0.11589727736248122 0.021129659195319277 5.2200900816609304 -0.072433774205788004 -0.064270263474538653 -1.6197848649523445 -7.0407341512700361 8.202876503823374
leaf_weight=30 30 35 35 33 23 20 24 25 27 27 31 27 36 21 34 39 28 38 34 27 30 30 24 33 25 23 22 39 36 24 28 20 21 22 38 21 34 20 21 20 32 23 36 20 20 26 23 20
leaf_count=30 30 35 35 33 23 20 24 25 27 27 31 27 36 21 34 39 28 38 34 27 30 30 24 33 25 23 22 39 36 24 28 20 21 22 38 21 34 20 21 20 32 23 36 20 20 26 23 20
internal_value=-0.000154982 -0.000324528 -0.000562154 -4.96524e-05 -0.00257813 0.00289474 -0.000573099 -0.000240202 0.000653846 0.00100806 0.00164733 0.00451613 -0.00101124 0.00223881 -0.00195572 0.000625 0.00392405 0.00130435 0.00032967 -0.000550459 0.00145299 -0.00287129 -0.00192982 -0.00265823 -0.000894309 -0.0022449 -0.00386667 -0.00297297 -0.0012 -0.00108108 0.00310345 0.00595506 -0.0045614 -0.00238095 -0.00323077 0.00381818 -0.0046875 -0.00615385 0.00346939 -0.0032 0.00118644 -0.000909091 0.00678571 -0.00666667 -0.0047619 -0.0072549 -0.00860465 0.009
internal_weight=1355 1325 1263 1007 256 152 855 791 520 496 431 62 178 67 271 96 158 69 273 218 117 101 57 237 123 98 75 111 75 74 87 89 114 63 65 55 64 78 49 50 59 44 56 42 42 51 43 40
internal_count=1355 1325 1263 1007 256 152 855 791 520 496 431 62 178 67 271 96 158 69 273 218 117 101 57 237 123 98 75 111 75 74 87 89 114 63 65 55 64 78 49 50 59 44 56 42 42 51 43 40
is_linear=0
shrinkage=0.01


Tree=14
num_leaves=54
num_cat=0
split_feature=94 16 59 5 63 19 29 63 8 87 72 44 14 74 43 37 87 14 61 90 8 76 94 2 11 74 86 35 90 19 37 88 72 88 28 62 5 37 90 6 31 28 81 11 61 8 87 6 14 81 5 3 5
split_gain=18.9357 16.1393 13.6314 15.7696 12.8007 12.7882 17.0488 12.2755 10.8055 10.0105 11.1588 18.5176 13.246 15.8415 10.1115 9.10153 9.70645 9.04368 11.3087 10.6237 7.95859 7.80812 13.2639 11.1521 7.71923 7.42958 9.61897 7.05187 6.99081 6.36451 11.6993 6.17143 5.90224 5.67804 5.48638 5.31489 5.06524 4.9968 4.7619 4.62082 6.79847 4.61869 6.07747 4.55111 4.44615 3.80581 3.63555 2.81069 2.40474 2.16992 1 0.9 0.459574
threshold=524885.80778750021 6327.8500000000013 -0.24999999999999994 3060.6700000000005 28574.100000000002 1767.0000000000002 87.250000000000014 20232.000000000004 392.85416666666669 0.80208333333333337 979.58600000000013 2.682000041007996 16014.600000000002 1164.9961145833336 69.200000762939467 72.250000000000014 0.53125000000000011 18410.850000000002 36125.55000000001 1719.7960500000004 418.04631934566152 30013.219791666674 634279.9454537502 2624.0000000000005 36777.700000000004 675.90877083333351 1.0385000000000002 26.675000000000004 1347.2770500000004 972.70000000000016 86.750000000000014 6341.0435416666678 1444.3830000000003 5647.3389583333346 27.775000000000002 1399.4485000000002 6059.3250000000007 67.750000000000014 1297.6078500000003 6846.4700000000012 6.6750000000000016 25.125000000000004 4201.8410032520032 37809.950000000004 31019.650000000005 421.28684210526319 0.36458333333333343 4725.4850000000015 20151.200000000004 4585.1795252896127 4026.2100000000005 15179.233500000002 4833.6550000000016
decision_type=2 2 2 2 2 2 2 2 2 2 2 2 2 2 2 2 2 2 2 2 2 2 2 2 2 2 2 2 2 2 2 2 2 2 2 2 2 2 2 2 2 2 2 2 2 2 2 2 2 2 2 2 2
left_child=5 7 4 -4 -3 6 25 -2 -9 10 11 27 13 44 -13 46 36 19 48 37 38 23 28 -14 -11 -1 -27 34 -23 31 -31 35 47 -21 -10 -15 -17 -6 -8 -38 -41 52 -43 -25 50 -24 -16 -7 -19 -34 -12 -39 -5
right_child=1 2 3 41 17 32 20 8 9 24 12 14 21 29 15 16 -18 18 -20 33 -22 22 45 43 -26 26 -28 -29 -30 30 -32 -33 49 -35 -36 -37 39 51 -40 40 -42 42 -44 -45 -46 -47 -48 -49 -50 -51 -52 -53 -54
leaf_value=-3.8272040392144082 1.1604195896323075 2.2746618289647946 -0.041710239002717454 5.6546157584830308 0.019551510139399066 -0.11591790290147813 1.6960205176876735 -3.2981491249902111 -0.014795862624934887 -10.804575262944994 -4.6620567991589486 2.2424703707632365 -1.1122340536499842 -0.37435873016126375 3.5887572479044896 -0.17938541398404412 -2.6103322554866049 -0.095288330419787293 1.018741951342486 -0.047193699576786083 -0.03699633413986507 -0.01386956384527614 -0.65995971200762737 0.030207321693875293 -0.0081179786262637887 0.066760410537457807 -2.0077408244864641 -0.043830661301453314 0.20851844812851525 -1.4824778655543289 -0.0074506290511492934 -0.010295476015321683 -3.1939719359461787 0.75044017944122932 0.017460715166553328 0.028742201034957084 0.22508408666704488 0.091453818867736028 5.1074163300344013 2.2563317761837269 -0.098635608024087343 3.3173550182471292 0.015833004051311862 2.2229870837537598 -4.4846803279240639 -0.30247870059901161 3.6266146464687803 0.0032367321957918541 -0.054904794769115299 -5.6035565968424885 -3.1632620996361163 0.52520602624288149 2.860845622161305
leaf_weight=22 27 31 25 27 21 21 21 29 25 22 20 39 21 25 35 25 32 23 24 32 21 27 20 25 27 22 23 30 26 23 36 27 21 27 21 38 28 20 27 27 24 23 22 20 20 21 23 20 22 32 25 20 20
leaf_count=22 27 31 25 27 21 21 21 29 25 22 20 39 21 25 35 25 32 23 24 32 21 27 20 25 27 22 23 30 26 23 36 27 21 27 21 38 28 20 27 27 24 23 22 20 20 21 23 20 22 32 25 20 20
internal_value=-8.11808e-05 0.000453333 0.00228487 0.00504274 0.000818182 -0.00269565 -0.000735294 -0.000329949 -0.000565046 -0.000327869 -1.46413e-05 0.00139159 -0.00117647 -0.00280374 0.0027897 0.00185567 0.000441176 -0.00015873 -0.00304348 0.0015 0.00275362 0.001 -0.000851064 0.00363636 -0.00469388 -0.00432836 -0.002 -0.00289474 0.00245283 -0.00100671 -0.00355932 0.000666667 -0.00553191 -0.00152542 -0.000434783 0.00238095 0.00192308 0.00442623 0.005 0.00316456 0.00137255 0.00695652 0.00466667 0.00644444 -0.00692308 -0.00512195 0.00517241 -0.00268293 -0.006 -0.00773585 -0.00866667 0.0065 0.00914894
internal_weight=1355 1125 337 117 220 230 136 788 761 732 683 309 374 214 233 194 136 189 69 120 69 160 94 66 49 67 45 76 53 149 59 90 94 59 46 63 104 61 48 79 51 92 45 45 65 41 58 41 45 53 45 40 47
internal_count=1355 1125 337 117 220 230 136 788 761 732 683 309 374 214 233 194 136 189 69 120 69 160 94 66 49 67 45 76 53 149 59 90 94 59 46 63 104 61 48 79 51 92 45 45 65 41 58 41 45 53 45 40 47
is_linear=0
shrinkage=0.01


Tree=15
num_leaves=51
num_cat=0
split_feature=20 28 29 68 5 21 63 93 28 90 25 10 25 24 26 90 24 33 33 74 39 21 90 91 20 28 5 90 91 74 90 44 37 33 76 17 21 36 64 33 74 68 90 68 5 44 17 77 10 45
split_gain=13.4901 17.8013 15.3423 15.0616 12.7742 11.0633 12.3457 9.52095 9.06673 9.46021 8.7934 10.5209 7.11111 6.84853 6.65603 10.4639 11.8066 11.0497 9.74801 9.28768 10.8932 8.80377 8.67366 7.71347 7.52668 7.00869 6.52174 6.42408 5.94186 7.66172 5.92597 5.80256 10.8 6.19379 7.30003 6.29882 5.39041 5.36838 10.0174 5.25164 11.5095 5.22686 4.725 4.34181 3.74228 3.69205 2.77073 1.96 1.74545 1.13333
threshold=2201.9000000000005 23.475000000000005 88.250000000000014 1371.8000000000002 3507.1850000000004 27.975000000000005 31680.250000000004 396.05722222222226 28.975000000000005 1421.7808500000003 23.250000000000004 30925.300000000007 145.75000000000003 12.125000000000002 10.250000000000002 2377.9129500000004 10.175000000000002 57.250000000000007 18.750000000000004 423.20393749999999 201.75000000000003 26.825000000000006 1384.5289500000003 29303.536443750003 664.00000000000011 24.425000000000004 7062.7400000000007 1670.1268500000003 31516.061237500002 913.08847916666684 1235.5213500000002 2.3535000085830693 93.250000000000014 183.25000000000003 37005.213541666679 7.0500000000000007 26.725000000000005 73.250000000000014 680.40000000000009 202.75000000000003 583.80643750000013 1533.9000000000003 1992.9766500000003 1503.4000000000003 3703.3500000000004 5.9869999885559091 160.25000000000003 4317.5303817361664 33594.250000000007 22899.500000000004
decision_type=2 2 2 2 2 2 2 2 2 2 2 2 2 2 2 2 2 2 2 2 2 2 2 2 2 2 2 2 2 2 2 2 2 2 2 2 2 2 2 2 2 2 2 2 2 2 2 2 2 2
left_child=1 2 10 37 -4 7 8 12 9 -7 -1 41 -3 28 25 17 36 18 22 20 -19 23 -16 26 -25 -9 27 -21 29 -5 -10 32 -27 34 35 -33 -17 -2 -39 40 -8 -12 -32 49 -37 48 -23 -40 -46 -6
right_child=3 5 4 13 43 6 39 14 30 -11 11 -13 -14 -15 15 16 -18 19 -20 21 -22 46 -24 24 -26 31 -28 -29 -30 -31 42 33 -34 -35 -36 44 -38 38 47 -41 -42 -43 -44 -45 45 -47 -48 -49 -50 -51
leaf_value=-2.2988145627882095 -6.6511967109970644 -3.3709971044417535 -0.020333212437456161 -8.8198100387278426 2.7359682784548296 2.5883658458406704 -0.040655144802373151 0.24804891399977649 0.054857622950065202 -0.059442640325648992 2.462477695739492 -0.11493815174365163 -6.2613235440726678 -0.90575997852311585 0.089181164872783839 -0.037787413201935058 0.0064854070693110069 0.017455935545952542 -1.6132746166727108 -0.010160279790326196 -0.23849018100552827 2.3550775450276613 -0.028239817936412396 -0.12720094663043555 0.039190862515219999 -0.016943258160924613 7.9299829414742709 4.1085949688257406 -3.8789866428311699 -1.3963364574064574 3.991504899398767 0.0045113462989336281 0.030486568444954735 -3.1074804040673598 0.016630788487109117 -0.095983481035603224 -0.070483432587249747 -0.020657048639510379 3.3759493795410562 -0.063497731611119324 3.8956830866054815 -0.06733016412571384 0.52135952243270456 3.6636804440869311 -0.8563742257669148 -0.57959062814329199 2.2784643203324526 0.014240448406921059 -0.077340808213753776 3.535602293808902
leaf_weight=25 20 25 31 27 20 20 21 39 28 27 38 38 20 36 22 39 29 27 39 26 24 29 26 20 38 30 23 20 29 35 28 25 24 20 21 25 28 24 20 31 29 20 32 31 24 20 23 25 20 34
leaf_count=25 20 25 31 27 20 20 21 39 28 27 38 38 20 36 22 39 29 27 39 26 24 29 26 20 38 30 23 20 29 35 28 25 24 20 21 25 28 24 20 31 29 20 32 31 24 20 23 25 20 34
internal_value=-0.000298182 0.000129422 0.00257384 -0.00259259 0.00517241 -0.000498915 0.00148148 -0.00110482 0.00333333 -0.000212766 8.26446e-05 0.00145833 -0.00555556 -0.00480315 -0.000801815 -2.42131e-05 -0.00291667 0.000851735 -0.00218391 0.002 -0.00176471 0.00307263 0.000833333 0.00165354 -0.00103448 -0.00209677 0.00391304 0.00173913 -0.00626374 -0.00451613 0.00522727 -0.00282297 0 -0.00380645 -0.00303704 -0.00403509 -0.00522388 0.000561798 0.00188406 -0.00160494 0.0004 0.00413793 0.007 0.00717647 -0.0052809 -0.0065625 0.00653846 0.00466667 -0.00818182 0.00888889
internal_weight=1375 1159 237 216 116 922 216 706 135 47 121 96 45 127 661 413 96 317 87 230 51 179 48 127 58 248 69 46 91 62 88 209 54 155 135 114 67 89 69 81 50 58 60 85 89 64 52 45 44 54
internal_count=1375 1159 237 216 116 922 216 706 135 47 121 96 45 127 661 413 96 317 87 230 51 179 48 127 58 248 69 46 91 62 88 209 54 155 135 114 67 89 69 81 50 58 60 85 89 64 52 45 44 54
is_linear=0
shrinkage=0.01


Tree=16
num_leaves=55
num_cat=0
split_feature=73 1 80 1 93 79 1 19 79 81 82 13 24 43 66 75 90 42 11 83 25 22 83 17 56 76 90 13 84 13 8 63 24 19 13 81 11 19 75 1 43 73 81 76 60 40 91 79 60 31 13 19 24 1
split_gain=20.3568 23.397 14.2967 14.7678 13.177 11.9454 11.6544 13.802 11.9644 10.4119 10.1938 13.104 10.101 9.34812 9.66667 9.34557 9.29311 8.47162 8.22945 8.17821 7.95918 7.36582 7.35981 7.12171 7.17949 7.04473 6.87716 6.67826 13.3753 6.52611 6.41251 6.9832 7.90188 6.69355 6.47749 6.83748 7.2865 6.23041 7.73026 8.81633 6.08546 6.08507 7.25686 8.46169 6.05874 6.05639 5.3731 4.40348 3.85116 3.58341 3.77143 2.97619 1.99245 0.1
threshold=1398.9500000000003 15365.750000000002 34367.062847222223 15511.250000000002 392.40888888888895 692.04359553917038 15472.200000000003 891.75000000000011 355.43048707894695 4118.6003527074963 1.0000000180025095e-35 3553.8500000000004 9.0250000000000021 82.625000000000014 925.05000000000007 220.21873299567264 1272.7732500000004 121.66500091552736 37755.350000000006 2278.7000000000012 20.750000000000004 89.750000000000014 1708.6999999999991 25.750000000000004 1.0000000180025095e-35 29080.858333333334 2104.7323500000007 6916.1000000000013 1136.5245416666669 3476.8000000000006 412.07890013495285 30123.150000000005 5.2750000000000012 1757.3000000000002 2051.3000000000006 4447.1675605111841 41704.750000000007 408.85000000000008 464.14774777946667 14038.350000000002 76.139999389648452 996.75000000000011 4290.9896414423802 39494.828125000007 1460.1105000000002 136.75000000000003 30214.987175000006 250.45520650149919 1202.3975000000003 5.7750000000000012 6489.8500000000013 1044.0000000000002 6.9250000000000016 16481.601500000004
decision_type=2 2 2 2 2 2 2 2 2 2 2 2 2 2 2 2 2 2 2 2 2 2 2 2 2 2 2 2 2 2 2 2 2 2 2 2 2 2 2 2 2 2 2 2 2 2 2 2 2 2 2 2 2 2
left_child=2 9 4 17 -1 6 8 52 12 27 11 -10 25 14 -12 -14 -9 46 40 -18 -16 29 -15 24 -13 -6 48 28 -2 -11 41 -32 -33 34 -34 36 -36 -30 39 -39 -5 42 -20 -44 -7 -42 -4 -27 -25 -22 -51 -3 -8 -53
right_child=1 51 3 18 5 44 7 16 10 21 13 23 15 22 20 -17 19 -19 30 -21 49 -23 -24 26 -26 47 -28 -29 37 -31 31 32 33 -35 35 -37 -38 38 -40 -41 45 -43 43 -45 -46 -47 -48 -49 -50 50 -52 53 -54 -55
leaf_value=-2.454998546232118 -2.4407020251248928 -0.028956152042190802 -0.035233357343810237 0.46327156038585571 0.78366824233711596 -4.8949265910025739 6.9353734973771797 -0.14073262048750912 4.6197596429139045 -0.089585874949612995 -0.88468623572619354 -1.4843160685920762 1.0316759917619889 0.0077092938500290158 -0.032235536827459103 -0.027214836713367236 1.169278809859984 -0.0096684273403325818 -0.1062124023555974 -0.018271196823001028 0.44327852808518031 -0.00021180585428232646 -0.083756803966808416 1.0504451794233933 0.062865687998108918 -0.14992589828178918 0.0201859164690746 0.077094248804520482 0.019525427619614323 -3.3865470672766458 -0.2944164264459917 2.6213429100906449 -0.017322380161176317 -0.061771989346460297 0.0060279768786776133 -0.12447939488463326 3.2240796308076343 -1.7859193606261949 0.13783407558483038 0.029167338004879754 -0.13098568907965366 -0.83977282166784029 2.2196537584304519 -0.11377727685745274 5.7429687020468974 5.6248130602304593 -0.036126211284432379 -2.6443052639783309 5.5814664452266927 2.9187504640779118 0.023739714832629363 -4.8824707256882496 4.9222165515876073 -3.3350982333451169
leaf_weight=22 22 30 32 22 25 30 20 22 30 35 29 30 31 21 25 29 34 30 22 20 20 34 20 20 26 23 23 20 21 23 21 28 24 31 25 24 22 21 23 28 28 20 21 22 22 23 39 24 23 22 20 20 33 20
leaf_count=22 22 30 32 22 25 30 20 22 30 35 29 30 31 21 25 29 34 30 22 20 20 34 20 20 26 23 23 20 21 23 21 28 24 31 25 24 22 21 23 28 28 20 21 22 22 23 39 24 23 22 20 20 33 20
internal_value=-0.000341818 -0.00265993 0.000296846 -0.00110599 0.00124224 0.00151125 0.00192982 0.00457364 0.00115646 -0.00110132 0.00223301 0.00407895 -0.00136364 0.00044586 0.00189655 0.00166667 0.00184211 -0.00445545 -9.00901e-05 0.00407407 0.00356322 -0.00369565 -0.00365854 0.00262295 0 -0.00388889 0.00484848 0.000666667 -0.00026087 -0.00586207 -0.000923077 0.000171429 0.000909091 -0.00015873 0.00115789 0.00267606 0.00489362 0.00139785 0 -0.0022449 0.00287671 -0.00317647 -0.00169231 0.000697674 -0.00307692 0.000980392 -0.00633803 -0.00617021 0.0072093 0.00548387 0.00714286 -0.00771429 0.00849057 -0.0095
internal_weight=1375 297 1078 434 644 622 570 129 441 227 309 152 132 157 116 60 76 101 333 54 87 92 41 122 56 72 66 135 115 58 260 175 154 126 95 71 47 93 72 49 73 85 65 43 52 51 71 47 43 62 42 70 53 40
internal_count=1375 297 1078 434 644 622 570 129 441 227 309 152 132 157 116 60 76 101 333 54 87 92 41 122 56 72 66 135 115 58 260 175 154 126 95 71 47 93 72 49 73 85 65 43 52 51 71 47 43 62 42 70 53 40
is_linear=0
shrinkage=0.01


Tree=17
num_leaves=53
num_cat=0
split_feature=69 38 31 29 61 82 27 13 14 14 4 38 61 34 11 33 38 83 6 100 24 34 31 32 43 14 40 6 92 24 38 7 37 24 5 78 6 28 62 19 43 82 81 92 20 100 78 66 10 69 72 4
split_gain=21.3492 12.0357 13.4284 10.6889 15.523 12.2484 10.4665 9.87798 9.89509 11.1981 11.7405 11.2154 10.2313 12.133 12.7452 10.0162 8.5076 12.4828 8.20204 8.52787 9.91829 7.87064 9.70449 8.27845 7.36776 7.30541 8.92358 6.96163 6.7915 6.75974 6.71692 7.91732 6.01031 6.35401 5.87247 5.77201 5.49823 11 5.49673 5.34066 5.32933 5.15714 4.8002 4.69866 4.69071 4.71314 8.4741 3.5619 3.00014 2.8 1.54739 1.09394
threshold=32196.450000000004 9.6750000000000025 5.6750000000000016 88.750000000000014 31193.900000000005 -0.037500000000000026 98.250000000000014 1985.95 10302.000000000002 14374.500000000002 3605.3300000000004 5.1750000000000016 34406.950000000004 90.250000000000014 42405.850000000013 189.25000000000003 8.0250000000000021 2577.0000000000005 3762.6200000000003 0.038194444444444454 7.2750000000000012 86.750000000000014 17.525000000000002 172.50000000000003 69.604999542236342 11967.550000000001 80.250000000000014 7904.005000000001 23581.642018750004 8.3250000000000028 6.6250000000000009 20.555000000000003 80.250000000000014 5.0750000000000011 2285.8200000000002 1131.6787013888891 10975.645000000002 27.925000000000004 1233.6500000000003 1403.3500000000001 84.485000610351577 23.104500000000034 4324.3633357981971 25857.079993750009 1811.9000000000003 0.12847222222222224 695.80130208333355 1301.1500000000003 31433.000000000004 35203.80000000001 1177.6875000000002 13639.880000000003
decision_type=2 2 2 2 2 2 2 2 2 2 2 2 2 2 2 2 2 2 2 2 2 2 2 2 2 2 2 2 2 2 2 2 2 2 2 2 2 2 2 2 2 2 2 2 2 2 2 2 2 2 2 2
left_child=1 6 -3 4 5 -4 18 30 -9 15 11 -11 16 24 -15 35 17 27 19 25 -21 22 29 -23 -14 -1 -27 38 -8 32 49 34 40 -34 -32 -10 37 -26 -12 -24 43 -13 51 -20 45 50 -47 -35 -25 -2 -31 -18
right_child=7 2 3 -5 -6 -7 28 8 9 10 12 41 13 14 -16 -17 42 -19 21 20 -22 23 39 48 36 26 -28 -29 -30 44 31 -33 33 47 -36 -37 -38 -39 -40 -41 -42 -43 -44 -45 -46 46 -48 -49 -50 -51 -52 -53
leaf_value=-0.48407029120811729 -5.2613391824868421 -0.072271440219960598 -4.4147862497365304 1.9405375655109891 -1.6303867522293882 0.35878116667843946 0.012736496696025888 0.080832908052846958 -3.8200270095230247 -0.3884408012898824 -8.5876519151188191 4.5438911186822226 -0.51371069267988789 2.7511248539000497 -0.011845803075996364 -0.0018142053311050077 -4.9754533702472461 0.33451234635406879 -0.04695550919590339 0.80697665375056793 -0.019857731945947928 -0.028812085017754084 0.056031896844564541 2.8874744829174142 -0.1841130935931988 -3.6317853723063558 0.13402345163414606 -0.021642323821155943 3.4074670691260143 3.7370090008586296 -2.0416489251759069 0.04846061622445838 0.84141030084257018 -1.3724999698654676 -0.014718476151022656 -0.047843165263490403 -0.10713943922579593 3.5371796996670763 -0.1126599994390366 -2.2910411720805128 2.1106195036351729 0.063295834253884131 -0.22546053829238863 1.8262241519599267 0.055046358150346412 7.6871182068605073 -0.010417973576028763 -0.0056963508175437829 -0.02096172186833882 -0.99255436859140922 0.93752796423448959 -0.058270362332383863
leaf_weight=23 21 38 20 34 22 29 26 27 30 20 25 24 29 30 28 37 24 37 23 26 35 22 28 20 22 20 21 39 35 25 20 27 24 21 21 33 25 22 24 24 25 21 26 21 31 21 20 34 29 24 22 20
leaf_count=23 21 38 20 34 22 29 26 27 30 20 25 24 29 30 28 37 24 37 23 26 35 22 28 20 22 20 21 39 35 25 20 27 24 21 21 33 25 22 24 24 25 21 26 21 31 21 20 34 29 24 22 20
internal_value=-0.000341818 0.000848401 -0.00174825 9.52381e-05 -0.00211268 0.00102041 0.00149306 -0.00164634 -0.00108656 -0.00139535 -0.000673077 0.00323077 -0.00139601 0.000512821 0.00413793 -0.0044 -0.00292308 -0.00136 0.00102913 -0.0012 0.00147541 0.00174359 0.00241379 -0.00126761 -0.00163265 -0.00375 -0.00121951 -0.00340909 0.00540984 0.00318352 -0.00433628 -0.00235294 0.00175676 -0.000126582 -0.00512195 -0.0068254 0.000144928 0.00227273 -0.00591837 -0.00153846 0.00391304 0.006 -0.00571429 0.00181818 0.00495798 0.00613636 0.00365854 -0.002 0.00102041 -0.00733333 0.00829787 -0.00772727
internal_weight=1375 719 143 105 71 49 576 656 543 516 416 65 351 156 58 100 195 125 515 125 61 390 319 71 98 64 41 88 61 267 113 68 148 79 41 63 69 44 49 52 69 45 70 44 119 88 41 55 49 45 47 44
internal_count=1375 719 143 105 71 49 576 656 543 516 416 65 351 156 58 100 195 125 515 125 61 390 319 71 98 64 41 88 61 267 113 68 148 79 41 63 69 44 49 52 69 45 70 44 119 88 41 55 49 45 47 44
is_linear=0
shrinkage=0.01


Tree=18
num_leaves=53
num_cat=0
split_feature=17 73 81 41 85 26 91 13 33 72 45 24 40 85 38 35 38 2 33 13 40 98 13 16 2 32 61 10 13 79 38 67 24 23 41 73 29 95 16 33 35 17 8 8 41 72 33 24 61 67 83 41
split_gain=13.6898 16.2999 18.7264 16.0859 16.0773 11.2222 10.037 9.82608 9.62449 9.30202 8.04969 7.95064 7.94688 13.3318 10.8475 16.8308 9.76799 7.51445 8.04118 12.9234 9.94573 7.54798 7.45095 7.14054 7.13313 7.91732 6.95992 7.44426 7.32601 6.87201 6.76202 6.71007 6.63105 8.58175 8.37201 6.08175 6.12245 5.68691 5.26535 4.89855 4.57444 4.45455 4.39959 3.80581 3.80581 3.67372 6.33549 3.44466 3.39733 2.86202 1.5254 1.01739
threshold=275.80000000000001 1358.2010000000002 4346.4693893943522 83.250000000000014 1202.0915000000002 86.750000000000014 30015.031093750007 11287.150000000001 195.25000000000003 1674.7500000000002 23432.000000000004 10.975000000000001 124.25000000000001 1584.4715000000003 8.4750000000000032 27.425000000000004 6.8250000000000011 2279.8000000000006 126.25000000000001 4616.4500000000007 108.25000000000001 0.49652777777777785 12634.050000000001 5714.5000000000009 2807.9500000000003 219.25000000000003 28115.800000000007 37371.450000000004 7972.3000000000011 515.1842739050669 4.8750000000000009 34175.100000000013 14.475000000000001 96.750000000000014 50.750000000000007 776.18350000000009 85.750000000000014 1.0000000180025095e-35 5801.8500000000013 47.750000000000007 24.125000000000004 126.25000000000001 411.62912955465589 415.18881578947372 76.250000000000014 0.91350000000000009 91.250000000000014 11.375000000000002 31577.650000000005 30692.000000000004 1553.7999999999995 54.750000000000007
decision_type=2 2 2 2 2 2 2 2 2 2 2 2 2 2 2 2 2 2 2 2 2 2 2 2 2 2 2 2 2 2 2 2 2 2 2 2 2 2 2 2 2 2 2 2 2 2 2 2 2 2 2 2
left_child=1 3 10 4 41 9 -2 42 17 12 23 -11 13 32 15 16 45 -5 20 -20 21 26 38 -3 40 44 -19 28 -28 -29 -15 -10 33 35 49 36 -6 -4 -21 51 -12 -1 -7 -16 -26 -14 -47 50 -42 -35 -36 -32
right_child=6 2 37 8 5 7 -8 -9 31 11 24 -13 14 30 43 -17 -18 18 19 22 -22 -23 -24 -25 25 -27 27 29 -30 -31 39 -33 -34 34 47 -37 -38 -39 -40 -41 48 -43 -44 -45 -46 46 -48 -49 -50 -51 -52 -53
leaf_value=-0.082368511854593693 2.0806879469471609 -2.0114897805483607 -6.0894231090948665 -5.9908634359683655 1.8079619104403273 3.4574294331410229 0.0031233208620718013 -0.016874065698285211 -0.024401877805333712 -3.6986597117358673 -1.196763278578082 0.070121685373437048 -0.0073766237285358199 1.524756065651717 -2.28049924927867 5.2191615205410438 0.38679442939831615 -3.7360688750478865 -0.13921435765609466 0.020894258994705057 -3.1842577390774767 -7.0909858183329266 -0.0012499053317999637 -0.015198497567111682 -0.012989159866788932 0.008714875558400054 -0.023853873138054073 0.014686299714758969 0.12699441868213118 -0.024430574282649324 6.1574966003993064 -0.16978092827445676 0.14225894338499998 1.2185738923603597 -0.013939563727004676 1.1367822513382018 -0.042586384902926204 -0.88607065149797448 6.4134119609992375 2.4865850463227459 0.019700187085535305 -0.24331598604460555 5.4897484675713564 -0.0069388130750911775 -0.047364733610855504 -0.27045575831722218 -0.035871650101714392 -0.27954946149349247 0.046735344988228067 -0.5372817986911711 -0.32469462114850817 2.4505763105306348
leaf_weight=22 38 29 37 20 21 38 36 31 24 38 20 20 24 32 21 27 22 21 26 25 26 22 23 34 20 27 21 20 39 21 26 31 26 21 21 33 28 31 32 23 33 22 30 20 21 20 23 22 23 20 24 20
leaf_count=22 38 29 37 20 21 38 36 31 24 38 20 20 24 32 21 27 22 21 26 25 26 22 23 34 20 27 21 20 39 21 26 31 26 21 21 33 28 31 32 23 33 22 30 20 21 20 23 22 23 20 24 20
internal_value=-0.0004 -0.000637971 -0.0028 -5.84795e-05 0.000844444 0.00125198 0.00378378 0.00434343 -0.00179487 0.000676692 -0.00130435 -0.00310345 0.00113924 0.00205047 -0.000700637 0.000862069 -0.00123596 -0.00108108 -0.000652174 0.00150943 -0.002 -0.000972222 0.0035 -0.00428571 0 -0.00235294 0 0.00108911 0.00333333 -0.00219512 0.0050495 -0.00563636 0.000648148 0 -0.00185185 0.00243902 0.000204082 -0.00735294 0.0054386 0.00681159 0.00210526 -0.005 0.00647059 -0.00512195 -0.00512195 -0.00313433 -0.00488372 -0.00402985 0.00357143 0.00170732 -0.00244444 0.00869565
internal_weight=1375 1301 275 1026 675 631 74 99 351 532 207 58 474 317 157 116 89 296 276 106 170 144 80 63 144 68 122 101 60 41 101 55 216 190 108 82 49 68 57 69 76 44 68 41 41 67 43 67 56 41 45 46
internal_count=1375 1301 275 1026 675 631 74 99 351 532 207 58 474 317 157 116 89 296 276 106 170 144 80 63 144 68 122 101 60 41 101 55 216 190 108 82 49 68 57 69 76 44 68 41 41 67 43 67 56 41 45 46
is_linear=0
shrinkage=0.01


Tree=19
num_leaves=52
num_cat=0
split_feature=20 60 38 21 73 75 81 73 37 38 76 20 81 65 65 83 83 63 63 7 13 64 71 65 5 75 75 81 7 81 57 60 73 21 81 75 39 76 7 63 81 1 2 87 98 21 73 38 22 5 35
split_gain=14.4445 19.5629 16.1043 12.673 11.7043 11.6393 11.3785 11.1498 10.227 9.16801 9.31389 8.41874 8.21029 8.75012 16.8619 7.52941 10.8889 7.37392 7.96022 7.27032 13.2786 12.6 9.75238 7.18527 8.16965 7.17087 7.03447 6.61174 6.52802 6.46211 6.25517 5.96471 5.96471 5.8428 5.49944 5.48571 5.14584 4.66667 4.40139 4.38783 4.08333 3.91688 3.62471 3.45269 4.62241 3.72671 2.52723 2.35875 2.20182 2.04075 0.942857
threshold=2135.4000000000001 1266.1170000000004 4.8750000000000009 29.525000000000002 1103.7940000000003 560.56246073212867 4157.8601693889086 1431.6615000000004 99.750000000000014 8.5750000000000028 27984.373958333334 568.00000000000011 4595.9013309416314 27350.300000000003 28516.850000000002 2038.1000000000006 1534.8000000000013 32793.05000000001 25679.050000000007 26.565000000000005 11632.050000000001 225.00000000000003 776.18350000000009 30324.300000000003 4712.9900000000007 503.7429467526643 609.15897209019545 4301.2697515585432 1234.2450000000001 4096.6161616060772 1.0000000180025095e-35 1.1040000000000003 0.99950000000000017 26.775000000000002 4589.7593887458252 496.93563437902844 206.75000000000003 32417.878125000003 1935.0050000000003 29256.750000000004 3882.6867789077414 14863.700000000003 2782.8500000000004 0.71875000000000011 0.079861111111111119 25.575000000000006 345.30000000000007 6.9750000000000005 90.250000000000014 3977.3700000000003 25.125000000000004
decision_type=2 2 2 2 2 2 2 2 2 2 2 2 2 2 2 2 2 2 2 2 2 2 2 2 2 2 2 2 2 2 2 2 2 2 2 2 2 2 2 2 2 2 2 2 2 2 2 2 2 2 2
left_child=1 3 41 9 6 -5 -4 8 12 10 31 -9 13 48 47 16 -13 18 -11 26 21 36 -23 46 -25 -19 33 43 -22 49 -6 -1 -10 42 35 -8 -21 -24 -30 -34 -35 -2 -12 44 -20 -46 -16 -15 -3 -17 -43
right_child=2 7 4 5 30 -7 34 11 32 17 19 15 -14 14 23 29 -18 25 27 20 28 22 37 24 -26 -27 -28 -29 38 -31 -32 -33 39 40 -36 -37 -38 -39 -40 -41 -42 50 -44 -45 45 -47 -48 -49 -50 -51 -52
leaf_value=-1.8702482986150499 -1.3239736198914123 3.9687125153199019 -0.42369108378893322 6.9079308091086631 -4.9735303426354482 -0.01888977069255034 0.0078801620886394461 0.019503185214679954 8.377353784620265 -0.0092691250094197441 -1.4466599925028607 -0.0321123475001402 7.732257166612869 -0.048263287064308109 2.8915466220020667 0.0063613615604742159 0.038165152697215932 -0.25123261974332145 -0.012829545255616819 0.89577097980276221 -0.11160341853508148 -0.037772555804258909 2.0814438715192529 -0.049065931205001752 6.2783715744739155 0.01856305464253746 0.030411974025120192 -0.03202036724074344 0.057479818622243391 -0.1592724084232284 -0.009780097374081826 1.4501286827572761 0.024531810903181787 -0.072012320058546228 -0.0079769772478625097 0.19649311551515619 0.13517584535956398 -0.057498997498930171 -0.036868359046213287 -0.25887557617922563 0.014086336588939754 -3.0013239308181507 -0.13997426863265414 -7.0491977763127531 -0.54341044618393131 -4.0007031187793176 2.2268968275689414 -1.6428356056493669 2.9816495669692102 -0.016230143720232421 -4.1373192993894756
leaf_weight=20 29 25 24 26 32 23 20 27 20 39 34 36 35 23 20 21 36 21 22 34 28 28 21 23 28 30 21 27 21 35 21 34 25 24 33 28 36 21 31 23 24 20 33 24 21 25 29 20 27 25 22
leaf_count=20 29 25 24 26 32 23 20 27 20 39 34 36 35 23 20 21 36 21 22 34 28 28 21 23 28 30 21 27 21 35 21 34 25 24 33 28 36 21 31 23 24 20 33 24 21 25 29 20 27 25 22
internal_value=-0.000370909 8.726e-05 -0.00266376 -0.00101796 -0.000886076 0.00387755 0.00104762 0.0016318 0.00281879 -0.00140549 -0.000536585 -0.000333333 0.00382609 0.00302564 0.00174825 -0.00124183 0.00111111 -0.00311005 -0.00417722 -0.0011236 0 0.00185714 -0.00114286 0.004 0.00137255 0.000196078 -0.00294118 -0.00546218 -0.00325 -0.00333333 -0.00471698 0.00333333 -0.000588235 -0.00391304 0.00283951 0.005 0.00485714 0.00190476 -0.00115385 -0.0025 -0.00125 -0.00661972 -0.0058209 -0.00673913 -0.00558824 -0.0073913 0.00673469 -0.00348837 0.00653846 -0.000869565 -0.00857143
internal_weight=1375 1146 229 668 158 49 105 478 298 619 410 180 230 195 143 153 72 209 158 356 220 140 70 100 51 51 136 119 80 81 53 54 68 115 81 48 70 42 52 48 48 71 67 92 68 46 49 43 52 46 42
internal_count=1375 1146 229 668 158 49 105 478 298 619 410 180 230 195 143 153 72 209 158 356 220 140 70 100 51 51 136 119 80 81 53 54 68 115 81 48 70 42 52 48 48 71 67 92 68 46 49 43 52 46 42
is_linear=0
shrinkage=0.01


Tree=20
num_leaves=54
num_cat=0
split_feature=93 73 67 94 71 20 36 36 16 34 21 20 93 34 25 71 26 25 93 16 71 98 70 36 21 57 67 28 59 26 11 73 34 22 22 75 34 71 28 32 94 16 17 30 75 38 16 36 39 20 67 28 16
split_gain=15.173 15.1981 15.825 13.7812 13.2718 11.277 10.6433 12.5032 13.7389 12.3849 10.5288 9.87796 9.47261 9.33696 11.1086 9.3134 9.2022 8.50959 8.03532 7.69729 8.08679 7.64021 6.9642 6.19533 6.12255 6.05779 6.04531 5.63848 9.60317 5.91325 5.61065 4.81661 11.5566 5.20146 6.57822 8.1585 8.47845 7.64179 8.03407 5.53226 5.1226 4.80159 4.55111 4.41172 4.35981 3.9058 3.88658 3.58621 2.76657 2.5 2.5 0.962791 0.921951
threshold=392.9500000000001 1126.0000000000002 29202.800000000003 517942.73033812508 1509.9500000000003 73.500000000000014 73.750000000000014 90.750000000000014 6370.7000000000007 70.750000000000014 29.875000000000004 1811.9000000000003 411.59644736842114 105.75000000000001 37.750000000000007 1234.7290000000003 66.750000000000014 88.250000000000014 422.85084637268852 4781.7000000000007 793.2700000000001 0.73263888888888895 1682.1500000000003 72.750000000000014 25.075000000000006 -0.22252093395631442 26965.100000000002 25.425000000000004 -0.24999999999999994 18.250000000000004 37774.350000000006 882.39800000000014 78.750000000000014 80.750000000000014 84.250000000000014 406.18086993868332 94.750000000000014 0.99950000000000017 29.625000000000004 86.750000000000014 604481.6582906252 6724.3000000000011 119.05000000000001 66.750000000000014 469.4882726350715 7.0250000000000012 5221.3000000000011 88.750000000000014 118.25000000000001 1220.1000000000001 28490.850000000002 21.975000000000005 5696.9500000000007
decision_type=2 2 2 2 2 2 2 2 2 2 2 2 2 2 2 2 2 2 2 2 2 2 2 2 2 2 2 2 2 2 2 2 2 2 2 2 2 2 2 2 2 2 2 2 2 2 2 2 2 2 2 2 2
left_child=46 2 5 15 10 -2 11 8 18 -10 12 -5 13 14 -4 51 17 23 27 -16 43 -6 31 -7 -24 -22 -25 48 29 -29 -11 33 -33 39 -35 41 37 40 42 -14 -37 -36 -39 -21 -45 -31 -1 -18 -8 -38 -28 -3 -50
right_child=1 3 4 6 21 16 7 -9 9 30 -12 -13 22 -15 19 -17 47 -19 -20 20 25 -23 24 26 -26 -27 50 28 -30 45 -32 32 -34 34 35 36 49 38 -40 -41 -42 -43 -44 44 -46 -47 -48 -49 52 -51 -52 -53 -54
leaf_value=-7.7979160798539429 -0.66233544458871996 -3.2662524565437012 0.15563750595448855 0.78590748758034867 5.2261235549782787 -0.023313085239117362 -1.3916395125080159 0.081462168052131273 2.3297161300728675 -0.028690485791908138 6.714675316243869 -1.5642695129978581 -0.055050226255582757 0.32627969851575228 -1.7212735252776066 -1.0297890949399844 5.675596088440459 -0.081391497931776691 0.02657513435922949 -4.0584972137194031 0.18661791814705958 0.099359808597088345 0.0078890795210726332 2.0507678209612199 16.830120639952558 -0.15786857486434461 0.012559851795839849 -0.0068449668975108045 0.029124405210448023 -0.042999103264982359 0.011026261499246853 3.7822763037348324 -0.075870150969783876 5.3075866940018903 -0.87331825426213616 0.10247963758615596 0.022791371408078753 -0.041141487809417877 0.036920244590744111 -2.8280331392347633 -0.0015595114277927608 -0.014093829078791961 -0.29554239975929664 -2.6925324867092377 -0.010453160055081933 -2.1824749826394161 -0.034587893632304842 3.9790959235900529 -2.1377259601970757 1.733176836911517 1.8956947949217868 -3.7725195746782028 -2.064811681652968
leaf_weight=22 24 23 25 26 27 22 20 25 26 29 30 23 31 30 32 27 26 25 36 23 28 21 23 34 20 26 20 24 20 24 27 27 24 21 36 35 20 20 22 32 32 20 25 20 21 22 20 32 21 20 20 20 20
leaf_count=22 24 23 25 26 27 22 20 25 26 29 30 23 31 30 32 27 26 25 36 23 28 21 23 34 20 26 20 24 20 24 27 27 24 21 36 35 20 20 22 32 32 20 25 20 21 22 20 32 21 20 20 20 20
internal_value=-0.000274277 -8.41622e-05 0.00064877 -0.0016707 -7.23589e-05 0.00310345 -0.000845481 -0.00156463 -0.00219331 0.00121951 -0.000451011 0.00346939 -0.000734095 -0.0024878 -0.00337143 -0.00571429 0.00396648 0.00239669 -0.00368984 -0.0044 -0.00322034 0.005 0.000147059 0.00375 0.00395349 -0.00037037 0.00513514 -0.00470199 -0.00311111 -0.00485714 -0.00142857 -0.00030137 0.00254902 -0.000764331 -0.000119522 -0.000608696 0.00045977 -0.000746269 -0.00313433 -0.00333333 0.00164179 -0.00392857 -0.00555556 -0.005625 -0.00365854 -0.00695652 -0.00619048 0.00724138 -0.00704918 0.0045 0.0025 -0.00860465 -0.00853659
internal_weight=1349 1307 894 413 691 203 343 294 269 82 643 49 613 205 175 70 179 121 187 150 118 48 408 96 43 54 74 151 90 70 56 365 51 314 251 230 174 134 67 63 67 56 45 64 41 46 42 58 61 40 40 43 41
internal_count=1349 1307 894 413 691 203 343 294 269 82 643 49 613 205 175 70 179 121 187 150 118 48 408 96 43 54 74 151 90 70 56 365 51 314 251 230 174 134 67 63 67 56 45 64 41 46 42 58 61 40 40 43 41
is_linear=0
shrinkage=0.01


Tree=21
num_leaves=49
num_cat=0
split_feature=5 29 32 22 42 42 68 93 68 22 79 79 75 68 33 75 82 6 24 79 61 44 27 29 7 5 71 22 37 43 75 38 78 33 39 20 20 68 38 7 41 41 91 41 7 24 4 0
split_gain=15.6387 15.8344 13.7871 12.339 11.1509 11.0704 10.5049 9.98383 9.37455 9.69136 10.6323 9.95796 8.01677 8.46886 7.7956 11.0061 12.6759 7.57465 7.70893 7.24339 8.57143 6.88095 6.60453 6.95193 10.2489 6.60817 6.56801 9.81778 6.54779 6.45122 6.34368 6.21513 6.35294 5.46559 5.4 5.33729 5.82347 4.98327 4.8 4.29933 4.88905 3.69231 3.42857 2.70916 2.53968 2.46447 1.91255 1.52381
threshold=3060.6700000000005 88.750000000000014 297.25000000000006 85.250000000000014 115.29999923706056 105.45000076293947 1398.6000000000001 392.9500000000001 1602.2500000000002 92.750000000000014 608.61304059798761 461.40139619856222 242.6137300684718 1467.0000000000002 201.25000000000003 193.78410379850772 -21.271000000000068 3844.0450000000005 6.1250000000000009 246.69835795904996 31436.000000000004 3.4479999542236333 112.75000000000001 82.250000000000014 17.595000000000002 9242.5400000000027 1334.6255000000003 90.750000000000014 74.250000000000014 68.490001678466811 659.99581856363466 8.9250000000000025 695.80130208333355 118.75000000000001 146.75000000000003 852.95000000000016 1182.9000000000003 1018.5000000000001 6.6250000000000009 1713.4450000000004 94.750000000000014 63.750000000000007 30394.618075000002 71.750000000000014 20.570000000000004 10.975000000000001 3119.5350000000003 31877.400000000005
decision_type=2 2 2 2 2 2 2 2 2 2 2 2 2 2 2 2 2 2 2 2 2 2 2 2 2 2 2 2 2 2 2 2 2 2 2 2 2 2 2 2 2 2 2 2 2 2 2 2
left_child=4 2 5 6 31 14 -3 -7 9 10 22 -11 -6 -14 15 -2 -17 -10 47 20 -5 42 23 39 -25 34 27 -23 -8 37 35 32 -1 41 -26 -12 -37 -18 -32 40 43 -20 44 -9 -21 -34 -39 -19
right_child=1 3 -4 19 12 7 28 8 17 11 30 -13 13 -15 -16 16 29 18 33 21 -22 26 -24 24 25 -27 -28 -29 -30 -31 38 -33 45 -35 -36 36 -38 46 -40 -41 -42 -43 -44 -45 -46 -47 -48 -49
leaf_value=-0.018378728302266029 0.71705022071421787 0.7565262322802293 3.3862368379563659 -0.094626925749877244 -0.058517694475702452 -2.3591847966194659 -4.4324479116359825 2.3935476006084291 -1.3652386263186234 -6.9633491644983021 -0.040363619822389285 0.0049360783576742878 2.6251830348916334 -0.53186659490179988 -0.5002377738377406 0.037608580942976991 0.0012949515228026631 -0.0094421851029178414 0.061390711613606701 1.7834220052626188 0.016819406992130484 1.4758381981505029 -0.14007996522705704 -4.4966190657601111 0.14694372313671758 -0.0026696596200549939 1.5818070513070677 -1.5701500615683492 -0.33407018507580405 -3.154359499848697 -0.031375522797305502 -0.0069511788383040708 -4.8280540618116081 0.055702521267659705 6.6547582459419914 3.6378720797568418 0.015487764385754742 -1.2839963630379498 -0.11176836856730102 0.48717058144863379 0.02146161804773335 -0.028403580933989057 0.033351915610342536 6.5115683739335877 8.6725881440418515 -0.51105101685499965 -1.3590203825868792 -0.40039493892830508
leaf_weight=25 20 39 25 20 23 37 22 30 29 25 37 38 24 28 31 36 32 21 25 20 28 20 27 24 30 23 39 25 26 34 30 34 39 24 30 21 31 20 24 20 23 27 28 35 36 21 22 21
leaf_count=25 20 39 25 20 23 37 22 30 29 25 37 38 24 28 31 36 32 21 25 20 28 20 27 24 30 23 39 25 26 34 30 34 39 24 30 21 31 20 24 20 23 27 28 35 36 21 22 21
internal_value=-0.000259451 0.000181818 -0.000516432 0.00214521 -0.0028866 -0.000737606 -0.00103448 -9.49367e-05 0.000218487 0.0009375 0.00153247 -0.00269841 0.000133333 0.00230769 -0.00282051 -0.00195122 -0.00291667 -0.00197279 -0.000847458 0.00342593 0 0.00440476 0.00280992 0.00339535 0.00158879 0.00325301 0.00238095 -0.000222222 -0.00416667 -0.00462963 -0.000629371 -0.00478992 -0.00623529 0.00105263 0.005 0.00101124 0.00307692 -0.00297297 -0.00333333 0.00518519 0.00613636 -0.000769231 0.00642857 0.00753846 0.00785714 -0.008 -0.0052381 -0.00428571
internal_weight=1349 1155 852 303 194 827 87 632 595 448 385 63 75 52 195 164 144 147 118 216 48 168 242 215 107 83 84 45 48 108 143 119 85 76 60 89 52 74 54 108 88 52 84 65 56 60 42 42
internal_count=1349 1155 852 303 194 827 87 632 595 448 385 63 75 52 195 164 144 147 118 216 48 168 242 215 107 83 84 45 48 108 143 119 85 76 60 89 52 74 54 108 88 52 84 65 56 60 42 42
is_linear=0
shrinkage=0.01


Tree=22
num_leaves=51
num_cat=0
split_feature=97 73 8 76 20 17 33 40 0 28 37 24 24 94 69 8 37 34 37 81 37 82 69 0 75 69 0 10 28 5 44 41 71 24 89 26 33 81 17 91 73 74 23 76 25 16 8 35 67 10
split_gain=16.9617 19.8725 13.0321 12.8057 15.2748 13.4711 11.7135 10.5648 10.2199 10.2324 9.71657 18.9304 9.01136 12.6218 9.84545 8.1664 7.7918 7.78376 8.1 7.42405 9.22615 8.45762 7.86635 8.37704 9.68506 7.7145 8.19485 7.30987 6.85186 8.1347 6.76 6.50317 5.77558 5.66184 5.35714 5.17695 4.9 4.64362 4.43077 6.23077 4.29148 5.7475 5.17241 3.97373 3.92288 3.76863 2.79894 2.36381 2.13333 0.981818
threshold=0.71875000000000011 1393.1000000000001 392.85416666666669 29026.057291666672 82.90000000000002 240.35000000000002 116.50000000000001 70.250000000000014 26830.700000000001 31.275000000000002 66.250000000000014 10.075000000000001 5.5250000000000012 649002.88838250027 32594.900000000005 411.65894736842114 99.750000000000014 42.750000000000007 94.250000000000014 3634.877846530137 17.250000000000004 -78.375500000000031 36862.100000000006 34040.200000000004 578.63263354438766 32561.650000000005 30692.000000000004 30576.450000000001 27.025000000000002 4892.880000000001 2.3739999532699589 83.750000000000014 1358.2010000000002 11.075000000000001 950.45023125000012 105.25000000000001 165.75000000000003 4026.9740668462559 138.65000000000001 31576.170256250003 1150.2500000000002 985.99948958333346 99.250000000000014 26531.160416666669 67.250000000000014 6672.9000000000005 413.16576923076929 26.725000000000005 29704.550000000003 31699.700000000004
decision_type=2 2 2 2 2 2 2 2 2 2 2 2 2 2 2 2 2 2 2 2 2 2 2 2 2 2 2 2 2 2 2 2 2 2 2 2 2 2 2 2 2 2 2 2 2 2 2 2 2 2
left_child=1 2 -1 4 -4 8 17 34 37 12 11 -9 13 15 -15 -10 35 18 -3 36 -21 31 23 25 45 26 27 -23 49 -30 -26 -22 48 -28 -2 -7 -14 -5 39 -17 41 42 43 -6 -27 46 -25 -24 -19 -12
right_child=7 6 3 5 40 16 -8 10 9 -11 28 -13 19 14 -16 38 -18 32 -20 20 21 22 47 24 30 44 33 -29 29 -31 -32 -33 -34 -35 -36 -37 -38 -39 -40 -41 -42 -43 -44 -45 -46 -47 -48 -49 -50 -51
leaf_value=-3.3580383397688678 0.014369445329974102 -2.177229115814439 -0.65597367412976693 -2.0480974827823939 0.16299047104126152 3.4041297526533776 0.012605763824338978 -0.10890903260735653 -0.059769284324762285 6.7409517835713428 0.073193343738083658 1.8080012761461637 -0.031944683177204398 0.062013413383807496 -0.23660402061200717 5.975728847823949 -0.055030442887896262 -2.2346731616104978 0.17975162043283568 0.074959780350231833 1.9549466034144241 0.0013730016919589695 -0.51056681417800664 -0.07529720692832198 -0.0024314945670821145 -9.1462413378891583 -0.05761261228783264 -0.077924013769854 -0.024197712436196683 8.8298495615287766 2.7966210711295254 -0.020449127903330807 -0.32757772851211231 0.87790080194942732 -0.34912105572746965 0.92923647160404332 5.0088786870445263 -0.01819494101924337 5.1697407972873508 -0.01768102478169797 -0.039618540324732984 0.014753878376540493 2.0343173856093015 5.1091864008891115 -0.45539701938959426 0.013576577081978991 -4.471732912623203 -4.4018884321337115 -5.8070004271422988 0.76009195885732894
leaf_weight=36 32 20 26 25 28 20 38 37 26 34 20 33 20 20 24 26 24 20 20 30 29 20 22 21 20 29 34 39 21 22 25 22 38 26 24 23 20 23 20 26 26 36 29 30 31 20 27 23 40 24
leaf_count=36 32 20 26 25 28 20 38 37 26 34 20 33 20 20 24 26 24 20 20 30 29 20 22 21 20 29 34 39 21 22 25 22 38 26 24 23 20 23 20 26 26 36 29 30 31 20 27 23 40 24
internal_value=-0.000289103 -0.000774648 -0.000208333 2.1645e-05 0.00245714 -0.000547397 -0.00386364 0.00230047 -0.000967742 -0.000630915 0.00363057 0.000857143 -0.000933333 0.00126761 -0.00318182 0.00326531 0.00373134 -0.00521739 -0.0015 -0.00161572 -0.00200957 -0.00242268 -0.00299703 -0.00239726 -0.000265487 -0.00374302 -0.00226891 -0.00491525 0.00586207 0.00302326 0.00333333 0.00137255 -0.00673469 0.000333333 -0.00142857 0.00627907 0.0025 -0.00541667 0.005 0.00346154 0.00369128 0.00447154 0.00586207 0.00413793 -0.00666667 -0.00264706 -0.00416667 -0.00688889 -0.00866667 0.00863636
internal_weight=1349 1136 960 924 175 749 176 213 682 634 157 70 600 142 44 98 67 138 40 458 418 388 337 292 113 179 119 59 87 43 45 51 98 60 56 43 40 48 72 52 149 123 87 58 60 68 48 45 60 44
internal_count=1349 1136 960 924 175 749 176 213 682 634 157 70 600 142 44 98 67 138 40 458 418 388 337 292 113 179 119 59 87 43 45 51 98 60 56 43 40 48 72 52 149 123 87 58 60 68 48 45 60 44
is_linear=0
shrinkage=0.01


Tree=23
num_leaves=53
num_cat=0
split_feature=93 88 4 20 7 40 58 36 82 29 7 66 20 62 66 79 56 81 31 82 62 17 60 90 37 79 22 66 79 78 41 11 20 70 7 27 10 83 70 31 88 11 81 61 63 40 41 14 25 31 90 17
split_gain=12.34 13.8098 15.2473 12.4599 15.5255 11.1909 10.8513 10.519 10.3406 13.0355 10.1946 9.81656 9.33903 9.09568 8.82955 8.7247 8.52214 8.18865 8.03137 7.97923 7.39231 7.34737 6.35894 13.1229 12.5358 9.98442 9.77888 10.7821 8.41558 8.58325 8.23883 9.12321 8.58573 7.83763 6.50159 6.33967 6.09058 5.95055 5.49161 5.25492 5.16327 5.15454 5.07611 4.8026 4.36987 4.19576 4.14815 4.10894 2.5 2.38095 2.16411 1.86667
threshold=393.23111111111115 4593.9262499999995 2599.6850000000004 2201.9000000000005 20.505000000000006 158.25000000000003 0.93301270189221952 80.750000000000014 700.23900000000015 88.750000000000014 1173.8500000000001 1778.2500000000002 1918.8500000000001 1598.2005000000001 1469.1795000000002 598.86068502504816 0.6078576107927941 4290.9896414423802 9.6250000000000018 347.50000000000006 600.61000000000013 92.250000000000014 1348.6445000000001 1657.7095500000005 99.250000000000014 457.67736597202344 91.250000000000014 0.10200000000000002 658.83695237334121 1027.1700694444446 68.250000000000014 39559.250000000007 1262.7500000000002 0.92450000000000021 917.5250000000002 46.250000000000007 31632.150000000005 1515.4000000000017 884.7315000000001 11.225000000000001 7729.260416666667 36493.55000000001 4297.041591106582 31322.850000000002 33457.55000000001 109.25000000000001 57.750000000000007 17514.250000000004 188.25000000000003 5.3250000000000011 1881.2209500000006 166.70000000000002
decision_type=2 2 2 2 2 2 2 2 2 2 2 2 2 2 2 2 2 2 2 2 2 2 2 2 2 2 2 2 2 2 2 2 2 2 2 2 2 2 2 2 2 2 2 2 2 2 2 2 2 2 2 2
left_child=36 3 14 4 5 6 51 20 9 11 15 19 35 41 -3 39 -17 -5 21 22 -6 -19 25 24 49 26 27 -4 29 30 50 33 44 42 -30 46 -1 -22 40 45 -29 -9 48 -37 -33 -10 -11 -35 -32 -24 -27 -2
right_child=1 2 8 17 7 -7 -8 13 10 12 -12 -13 -14 -15 -16 16 -18 18 -20 -21 37 -23 23 -25 -26 28 -28 38 34 -31 31 32 -34 47 -36 43 -38 -39 -40 -41 -42 -43 -44 -45 -46 -47 -48 -49 -50 -51 -52 -53
leaf_value=-7.9776718757791523 -1.9453499931185747 0.017771793709063292 0.078478789020663589 0.010126520783144174 -0.010102328766106325 0.0296298216677169 -0.018879178814649962 -1.1227043698849228 2.7072074988685397 2.0289870163701393 -0.039113174419339633 -0.037894865661129797 -0.51619755094885023 -0.49853833849839957 1.5671134118020751 -0.44814442800847465 2.8664954895461459 0.1668496236380051 -4.5200535797702859 -2.0555371925399397 1.716313835670864 -3.139223909212645 5.3170082084745962 -0.1254826000424924 -0.016221022138363479 -0.028304558997737296 -6.5116697447761522 -5.5624584815465141 -2.7463504900837203 0.75160869698407351 1.1894426486446708 -0.040592177808567435 0.022167800199517897 3.4117507898653558 0.039953518641014894 -0.023589462689056512 -0.081935659257739282 4.2116036446076892 -0.031253174240409694 3.0221661083678026 -0.028368897347256259 3.1810275405115012 0.011367263851130278 0.013546019628238933 -0.12639009839312082 12.078144820748653 1.5583880612054239 -0.042196225330521066 1.3082080671105194 2.0104672311937604 -3.9006357906560081 -1.8419880513680706
leaf_weight=23 28 22 26 28 20 20 30 21 39 36 23 30 20 20 29 36 21 20 34 20 24 31 21 35 20 29 36 23 36 20 20 20 38 20 20 20 25 28 31 22 24 22 21 35 23 30 27 21 20 21 20 20
leaf_count=23 28 22 26 28 20 20 30 21 39 36 23 30 20 20 29 36 21 20 34 20 24 31 21 35 20 29 36 23 36 20 20 20 38 20 20 20 25 28 31 22 24 22 21 35 23 30 27 21 20 21 20 20
internal_value=-0.000437361 -0.000253651 0.000366492 -0.00196532 -0.000643777 -0.00367347 -0.00538462 0.00155556 6.63717e-05 -0.000450205 0.0022807 -0.00109244 0.00231884 -0.00142857 0.00568627 0.00324324 0.000175439 -0.00469027 -0.00623529 -0.00079646 0.00416667 -0.00372549 -0.000568807 0.00175258 0.00451613 -0.00107143 -0.00328571 -0.00173077 -6.49351e-05 0.000714286 0.000172414 0.00114754 -0.00135802 0.00313725 -0.00357143 0.00338983 -0.00541667 0.00615385 -0.00358974 0.00516484 -0.00574468 0.00116279 0.00540984 0.000909091 -0.0044186 0.00652174 0.00555556 -0.000243902 0.0075 0.00761905 -0.00346939 -0.00833333
internal_weight=1349 1301 955 346 233 98 78 135 904 733 171 595 138 63 51 148 57 113 85 565 72 51 545 97 62 448 140 104 308 252 232 183 81 102 56 118 48 52 78 91 47 43 61 55 43 69 63 41 40 42 49 48
internal_count=1349 1301 955 346 233 98 78 135 904 733 171 595 138 63 51 148 57 113 85 565 72 51 545 97 62 448 140 104 308 252 232 183 81 102 56 118 48 52 78 91 47 43 61 55 43 69 63 41 40 42 49 48
is_linear=0
shrinkage=0.01


Tree=24
num_leaves=52
num_cat=0
split_feature=73 71 72 44 43 8 67 88 28 19 43 72 72 7 44 23 72 43 28 79 19 73 24 89 16 19 0 19 24 44 44 56 26 7 33 84 90 87 90 37 23 4 37 21 45 41 70 44 29 26 17
split_gain=21.2215 11.8389 10.7478 14.3064 12.7582 11.3072 10.4748 9.86524 12.24 15.5302 9.17833 25.14 14.0513 10.5144 9.98361 8.50925 8.2494 12.1295 8.3119 8.23473 8.5628 8.97138 7.86558 7.45437 6.66667 10.2424 6.46923 6.25 6.17711 6.09169 8.60444 5.48589 6.22918 7.84259 5.82106 5.26753 5.09449 6.47005 4.7075 7.44414 4.53473 8.92358 4.42369 4.39688 4.08519 4.05233 3.98938 3.27273 2.93127 1.7415 1.51573
threshold=1393.1000000000001 1533.5000000000002 971.05050000000017 2.5394999980926518 65.604999542236342 392.69958333333335 28490.850000000002 4632.1172916666665 25.675000000000004 717.50000000000011 74.270000457763686 1365.6245000000001 1294.6000000000001 20.475000000000005 5.1099998950958261 99.750000000000014 910.39450000000011 67.014999389648452 31.125000000000004 361.69244377162516 782.05000000000007 1.026 6.3750000000000009 1160.4944812500003 6296.9000000000005 910.00000000000011 30238.650000000005 468.35000000000008 4.8250000000000011 2.7565000057220463 3.4479999542236333 0.6078576107927941 47.750000000000007 917.5250000000002 118.75000000000001 682.84689583333341 1061.6791500000002 0.44791666666666669 1657.7095500000005 68.250000000000014 95.250000000000014 4624.170000000001 92.250000000000014 17.375000000000004 23441.000000000004 90.250000000000014 1192.7000000000003 3.1345000267028813 85.750000000000014 1.7500000000000002 90.90000000000002
decision_type=2 2 2 2 2 2 2 2 2 2 2 2 2 2 2 2 2 2 2 2 2 2 2 2 2 2 2 2 2 2 2 2 2 2 2 2 2 2 2 2 2 2 2 2 2 2 2 2 2 2 2
left_child=1 2 4 26 -1 -6 22 28 9 -9 12 14 48 -14 46 36 17 -8 19 42 21 27 -7 29 25 -3 -4 -21 -2 -22 -31 32 33 -25 -34 -20 -13 -38 49 -40 41 -10 -19 -11 -42 -24 -12 -17 -5 -30 -29
right_child=7 24 3 10 5 6 16 8 40 43 11 15 13 -15 -16 47 -18 18 35 20 23 -23 45 31 -26 -27 -28 50 38 30 -32 -33 34 -35 -36 -37 37 -39 39 -41 44 -43 -44 -45 -46 -47 -48 -49 -50 -51 -52
leaf_value=3.254675609107252 -0.010394624990818356 3.5857122961624346 -0.038077744066084669 -3.7099774364110916 -2.7124651283428824 -0.0074462526332637752 -0.062408788368720484 2.2719020342417999 -0.047744927077942111 -1.7490674669449167 0.20630526007413139 -0.39122879590622106 -2.1959406252211515 0.776632734906199 -0.052948309725859323 -2.7641935987172919 3.5547233511629468 -0.014228420378587948 0.032038436812506829 -0.0023325061636542653 -0.07299328517083048 0.72762930838460427 5.8840891366132055 -0.061934234325985819 3.8584960683510361 -0.19922685053485772 2.8054327423849781 -0.053368390546267221 -2.176455370026944 0.0949811338434116 -0.062922618397477967 0.065792681139958925 1.3941564361122161 0.054935484588970247 0.01774027576487815 6.6738547974780342 1.6329003279211398 -3.2217075320159791 -2.0915842294280775 0.0030116391085096821 -0.24212674496510883 0.036085776861533587 -6.6247699028477074 0.057561403431698521 -0.0090826891459386567 0.059002846385918267 3.4870983891257015 -8.1800998415148225 -0.59036217688535286 -3.9268404647770252 -0.038302278363176026
leaf_weight=32 23 27 20 36 20 29 23 21 20 22 28 23 25 39 23 22 37 21 22 24 33 27 34 27 35 22 32 22 21 20 25 35 27 21 35 20 31 21 25 21 26 21 20 28 25 22 31 22 29 28 26
leaf_count=32 23 27 20 36 20 29 23 21 20 22 28 23 25 39 23 22 37 21 22 24 33 27 34 27 35 22 32 22 21 20 25 35 27 21 35 20 31 21 25 21 26 21 20 28 25 22 31 22 29 28 26
internal_value=-0.000437361 0.000205993 -0.000101626 -0.00141361 0.000730897 0.000385965 0.000654545 -0.00288256 -0.00128834 0.00183099 -0.00218182 -0.000845771 -0.00426357 -0.0009375 0.00341463 -0.00378151 6.45161e-05 -0.000327103 7.40741e-05 -0.000413223 0.000124224 -0.00232323 0.00388235 0.00121076 0.00380952 0.00142857 0.00346154 -0.00416667 -0.00508475 -0.00128205 0.00111111 0.00255172 0.00145455 -0.00125 0.00354839 0.00428571 -0.00173333 0 -0.00621053 -0.00391304 -0.00369565 -0.00121951 -0.00463415 -0.0012 -0.00568627 0.00607143 0.00559322 -0.00727273 -0.00753846 -0.00836735 -0.00625
internal_weight=1349 1068 984 382 602 570 550 281 163 71 330 201 129 64 82 119 465 428 405 363 322 99 85 223 84 49 52 72 118 78 45 145 110 48 62 42 75 52 95 46 92 41 41 50 51 56 59 44 65 49 48
internal_count=1349 1068 984 382 602 570 550 281 163 71 330 201 129 64 82 119 465 428 405 363 322 99 85 223 84 49 52 72 118 78 45 145 110 48 62 42 75 52 95 46 92 41 41 50 51 56 59 44 65 49 48
is_linear=0
shrinkage=0.01


Tree=25
num_leaves=53
num_cat=0
split_feature=69 16 100 75 1 82 43 45 91 68 83 34 23 1 76 73 32 6 5 5 5 100 31 40 39 14 17 83 31 83 14 34 16 1 1 34 33 91 84 42 76 6 1 2 2 28 1 75 46 16 24 10
split_gain=12.5693 22.8317 11.4956 13.6467 9.40435 7.84098 11.6312 8.75865 13.4809 11.2132 9.99141 8.02769 7.94034 7.57896 9.23283 10.5281 12.5358 9.93532 8.64 8.48839 10.2781 9.96671 7.56639 7.48364 9.88785 6.56514 6.69407 6.25298 10.9592 6.22923 6.18081 6.11863 6.6881 5.98061 7.78578 6.78045 5.42086 9.31159 5.30718 5.27801 5.04543 4.83429 4.7651 3.98629 3.6 3.50303 3.30189 3.0571 4.48219 2.77778 2.65947 1.00087
threshold=32182.600000000002 6282.3500000000013 0.010416666666666668 569.85922696591933 16512.438000000006 177.1700000000001 76.514999389648452 23059.500000000004 30840.253668750007 1346.5740000000003 1366.7500000000002 77.250000000000014 30.750000000000004 15326.650000000003 41361.290625000009 1358.2010000000002 254.75000000000003 2827.7500000000005 2076.9400000000005 6680.630000000001 9672.9300000000021 0.60069444444444453 5.1250000000000009 98.750000000000014 115.25000000000001 17514.250000000004 151.15000000000003 2376.0499999999979 10.475000000000001 2396.349999999999 13708.200000000003 73.750000000000014 6296.9000000000005 16944.750000000004 16679.029000000002 77.750000000000014 34.250000000000007 28986.169218750005 648.95195833333344 119.20000076293947 29026.057291666672 4907.7850000000008 14333.050000000001 3245.6000000000004 3053.8260000000005 25.725000000000005 14487.100000000002 469.4882726350715 102.20499801635744 5437.2000000000007 8.3750000000000018 34881.100000000006
decision_type=2 2 2 2 2 2 2 2 2 2 2 2 2 2 2 2 2 2 2 2 2 2 2 2 2 2 2 2 2 2 2 2 2 2 2 2 2 2 2 2 2 2 2 2 2 2 2 2 2 2 2 2
left_child=1 4 -3 47 5 7 30 9 10 11 -9 22 -8 25 15 17 51 18 -15 33 39 29 -1 24 -14 26 46 28 -28 38 -7 -23 -33 34 35 41 -12 45 -22 -21 -24 43 -26 -19 -27 -38 -2 48 -4 -11 -13 -17
right_child=13 2 3 -5 -6 6 12 8 -10 49 36 50 23 14 -16 16 -18 19 -20 20 21 31 40 -25 42 44 27 -29 -30 -31 -32 32 -34 -35 -36 -37 37 -39 -40 -41 -42 -43 -44 -45 -46 -47 -48 -49 -50 -51 -52 -53
leaf_value=-0.34729073714943021 -4.7129588280013488 -0.018529962181241415 0.76666471683094073 -0.003213033907675078 6.607116249503254 2.5227475580766585 0.044569144057091385 -0.33519382847796841 -0.10063586048836839 -3.9227794897790478 -0.043205931125715039 -3.5747081642271747 -1.109535144087342 0.00051930359633818981 -2.5955603154392874 -6.8988202134473475 0.01438783656076971 -0.043759843274002418 -0.54848315708802331 -0.86633393188556473 0.059760442035819941 -0.12983404266479132 0.71287675003078332 -0.14637628049598392 -0.008991862254479269 0.082899478643554458 0.01423573789612333 -0.87714577854760556 -0.069749637730358596 2.3731277198521088 0.04294573791685069 -0.11473299749147313 0.02666199079106928 3.2783761911621916 -0.13036889172828275 -0.044470776497033668 4.3521962186958438 2.5284790081723738 -0.020722344284944513 -0.0031332711957247823 -0.0092156917089782752 3.1408367988248802 5.1265341235234363 5.5028851437081565 -0.19141024529715395 -0.024417020497108088 -4.3180246580901773 3.7985541265350498 4.7043435346871192 -1.28257763483749 -1.7926845744755593 -3.2755076085277639
leaf_weight=24 28 37 27 32 20 34 24 33 26 25 37 20 26 24 32 20 20 20 25 27 20 20 32 35 29 20 26 28 20 38 28 28 20 38 21 21 20 31 23 20 30 21 20 21 20 24 25 33 32 20 21 22
leaf_count=24 28 37 27 32 20 34 24 33 26 25 37 20 26 24 32 20 20 20 25 27 20 20 32 35 29 20 26 28 20 38 28 28 20 38 21 21 20 31 23 20 30 21 20 21 20 24 25 33 32 20 21 22
internal_value=-0.000687135 0.000222222 0.00354037 0.005 -0.000733453 -0.000983302 0.000612245 -0.00189504 -0.000292398 -0.00348837 0.000896552 -0.0019685 -0.00104478 -0.00169753 -0.00106029 -0.000690423 -0.00451613 -7.75194e-05 -0.00428571 0.000532544 -0.000816327 0.000469799 -0.000232558 -0.00218182 -0.0004 -0.00353293 -0.00464567 -0.0027027 -0.000434783 0.00283951 0.00419355 -0.00235294 -0.000416667 0.00239437 0.00115385 0.00253012 0.00232143 0.00386667 0.000232558 -0.00489362 0.0016129 0.00419355 0.0022449 0.00219512 0 0.000909091 -0.00735849 0.00695652 0.00559322 -0.00777778 -0.00560976 -0.00761905
internal_weight=1368 720 161 124 559 539 196 343 171 172 145 127 134 648 481 449 62 387 49 338 196 149 86 110 75 167 127 74 46 81 62 68 48 142 104 83 112 75 43 47 62 62 49 41 40 44 53 92 59 45 41 42
internal_count=1368 720 161 124 559 539 196 343 171 172 145 127 134 648 481 449 62 387 49 338 196 149 86 110 75 167 127 74 46 81 62 68 48 142 104 83 112 75 43 47 62 62 49 41 40 44 53 92 59 45 41 42
is_linear=0
shrinkage=0.01


Tree=26
num_leaves=52
num_cat=0
split_feature=69 16 21 28 5 67 36 86 98 2 44 2 20 69 39 41 56 36 77 95 91 68 81 19 39 19 20 81 62 39 36 26 43 81 21 95 26 62 21 75 74 68 43 44 88 81 4 62 21 36 2
split_gain=13.2243 16.6594 19.2176 15.7511 10.5878 11.2 9.47106 8.82477 9.52716 8.62387 11.587 8.83826 7.75141 7.11852 8.19471 6.95215 6.40678 6.27693 8.29885 7.13283 5.82461 7.45395 9.52682 7.72174 9.53573 7.39677 12.7108 7.29 7.00553 6.5053 8.02078 10.0214 8.73443 9.77098 7.94716 6.26438 7.71429 5.81873 5.6329 6.89562 4.84455 5.44916 4.82513 4.81837 4.69429 4.04579 3.05233 5.61542 2.74486 1.91255 1.69786
threshold=32182.600000000002 6282.3500000000013 27.175000000000001 25.725000000000005 3237.6750000000006 33269.55000000001 85.750000000000014 1200.4300000000001 0.7465277777777779 2653.3000000000006 3.8515000343322758 2732.2500000000005 585.85000000000002 25966.200000000004 218.25000000000003 67.750000000000014 -1.0000000180025095e-35 82.250000000000014 4044.7122805468639 1.0000000180025095e-35 36359.269493749998 1455.6000000000001 5085.659629007102 1020.7000000000002 214.25000000000003 717.50000000000011 817.45000000000016 4547.688914028312 1047.2740000000001 122.75000000000001 85.750000000000014 42.750000000000007 79.430000305175795 4175.2337236371568 25.625000000000004 1.0000000180025095e-35 1.7500000000000002 959.00000000000011 18.075000000000006 493.67373647313809 474.86180208333343 963.64250000000015 79.764999389648452 3.8320000171661381 12188.746249999998 4062.6224539040045 4536.3900000000003 1231.0935000000002 25.525000000000002 89.250000000000014 2824.6500000000001
decision_type=2 2 2 2 2 2 2 2 2 2 2 2 2 2 2 2 2 2 2 2 2 2 2 2 2 2 2 2 2 2 2 2 2 2 2 2 2 2 2 2 2 2 2 2 2 2 2 2 2 2 2
left_child=1 2 3 9 15 12 -4 8 20 10 16 -11 -6 -5 48 -3 -1 18 -13 -19 21 22 25 24 28 27 -27 40 -23 -28 31 -31 33 -32 -35 46 -37 43 45 -40 -2 -42 -9 -8 -34 -12 47 -25 -15 -50 -14
right_child=7 4 6 13 5 -7 37 42 -10 11 38 17 50 14 -16 -17 -18 19 -20 -21 -22 23 -24 35 -26 26 29 -29 -30 30 32 -33 44 34 -36 36 -38 -39 39 -41 41 -43 -44 -45 -46 -47 -48 -49 49 -51 -52
leaf_value=-0.059237920233489588 -3.7307545869084731 -0.061282761643649208 -0.064378238357724771 0.01750142684135441 0.29250952588056206 0.00056599619314115837 -0.014545209329483853 0.017598351278282045 -2.0098799648740653 0.7155737459773629 -0.87470913086942859 0.96033826787123366 3.7864065228844574 -3.9930546263801263 -0.0027828190348858539 0.11605325123803459 0.80294714935431355 0.20911742323168128 -1.2708455578513249 -0.0082082436807686034 -1.2178247248050156 -2.9498651043385862 4.0100956971668777 -0.37946215756172708 -2.9002319841201252 0.30236601026332749 -0.13087561752298146 0.81828083109097449 2.9854928093147262 0.12039919302293953 1.477820058899705 -0.058157625178825327 -2.3455671055849261 0.027919969971674057 -0.051074162972757089 -3.0469294181518429 0.028269292640897527 6.5728379073513317 0.067253572720488389 -0.062551516894450127 0.0068549088079673873 -2.1771693108185191 -0.0036176597905851538 3.3887408555641141 -0.01949401594487047 -2.6020404236952017 -11.862407890800567 -5.0986523224335603 -6.6666477605706955 -0.28367268310378241 2.7340201280127641
leaf_weight=34 25 21 23 27 25 36 23 26 27 35 28 25 36 38 28 20 38 27 29 34 20 21 20 22 21 27 38 20 26 31 22 30 29 20 26 21 21 34 22 27 28 27 24 21 34 24 21 21 22 20 23
leaf_count=34 25 21 23 27 25 36 23 26 27 35 28 25 36 38 28 20 38 27 29 34 20 21 20 22 21 27 38 20 26 31 22 30 29 20 26 21 21 34 22 27 28 27 24 21 34 24 21 21 22 20 23
internal_value=-0.000599415 0.000333333 -0.000483005 -0.00135371 0.0031677 0.00466667 0.00346535 -0.0016358 -0.00197324 -0.000154799 -0.0016763 0.0016 0.00666667 -0.00422222 -0.00537037 -0.00121951 0.00138889 0.00026087 -0.00222222 0.00245902 -0.00169877 -0.00150635 -0.00071618 -0.00321839 -0.000588235 -0.00109244 -0.000194553 -0.0034 0.00191489 -0.000956522 -0.000208333 0.00278689 -0.00160305 0.000882353 -0.00173913 -0.00490566 -0.00190476 0.00512821 -0.00386139 -0.00142857 -0.00475 -0.00309091 0.0024 0.00272727 -0.00428571 -0.00615385 -0.006875 -0.00534884 -0.007 -0.0052381 0.00864407
internal_weight=1368 720 559 458 161 120 101 648 598 323 173 150 84 135 108 41 72 115 54 61 571 551 377 174 68 357 257 100 47 230 192 61 131 68 46 106 42 78 101 49 80 55 50 44 63 52 64 43 80 42 59
internal_count=1368 720 559 458 161 120 101 648 598 323 173 150 84 135 108 41 72 115 54 61 571 551 377 174 68 357 257 100 47 230 192 61 131 68 46 106 42 78 101 49 80 55 50 44 63 52 64 43 80 42 59
is_linear=0
shrinkage=0.01


Tree=27
num_leaves=51
num_cat=0
split_feature=92 19 29 21 94 26 94 14 14 8 80 19 77 26 1 66 68 26 46 68 21 11 39 13 13 75 13 84 81 19 13 22 19 36 94 67 11 19 22 22 36 29 22 94 78 97 59 72 8 30
split_gain=12.8395 10.4061 15.2301 17.0906 12.1235 15.1378 10.4299 10.9635 9.18987 8.0394 8.19967 8.42087 7.97458 7.76555 11.1013 7.70962 8.3354 7.39884 9.60874 7.24917 6.93132 6.68458 7.79675 7.37027 6.61684 9.78678 7.02393 5.9793 5.59244 5.51087 5.36678 5.01641 6.69838 9.35886 6.6657 6.35319 4.85733 4.80769 4.64958 6.16455 4.48686 4.32137 4.27562 5.08466 3.90288 3.74633 3.73343 2.77073 2.71033 2.56098
threshold=16990.473956250004 1344.0500000000004 88.750000000000014 27.275000000000002 655029.53958750016 17.250000000000004 476189.18405906262 16033.250000000002 15629.150000000003 415.78684210526319 33923.230902777781 1044.0000000000002 2839.5513635021994 34.750000000000007 17621.350000000002 929.90000000000009 1014.7880000000001 1.2500000000000002 103.26499938964845 875.40000000000009 17.725000000000005 39919.55000000001 165.75000000000003 2163.2500000000005 3985.1500000000005 321.72025585191926 2566.4000000000005 861.3407395833334 4096.6161616060772 1910.6000000000001 12856.100000000002 92.250000000000014 773.55000000000007 91.250000000000014 651990.79045625008 31214.200000000001 39845.750000000007 1094.3500000000001 86.250000000000014 77.750000000000014 85.250000000000014 81.750000000000014 83.750000000000014 769140.33500625018 1255.5938715277778 0.093750000000000014 0.6830127018922193 0.89100000000000013 402.45050000000009 92.250000000000014
decision_type=2 2 2 2 2 2 2 2 2 2 2 2 2 2 2 2 2 2 2 2 2 2 2 2 2 2 2 2 2 2 2 2 2 2 2 2 2 2 2 2 2 2 2 2 2 2 2 2 2 2
left_child=-1 2 3 8 21 44 7 -3 15 10 41 19 -10 17 38 16 45 20 27 -12 28 22 23 -4 25 26 -17 -19 -8 -22 -16 32 33 35 -33 -14 37 -34 39 -15 -20 42 -5 -44 -6 48 -25 -40 -2 -23
right_child=1 6 4 9 5 -7 13 -9 12 -11 11 -13 31 14 30 24 -18 18 40 -21 29 49 -24 46 -26 -27 -28 -29 -30 -31 -32 34 36 -35 -36 -37 -38 -39 47 -41 -42 -43 43 -45 -46 -47 -48 -49 -50 -51
leaf_value=-3.6996550663473942 -5.9142607787737562 -3.7288298665160013 0.030271251590594565 2.2057055064340978 -1.9735010658472487 0.26562118307302102 -0.033777941750569605 -0.015001212046150113 1.1913266153198065 9.2616182807931562 0.0034700251589803921 3.0252785020825654 -0.025988819427547903 -2.8515613680947967 6.3712925116709815 0.012591022282616332 -3.4432499652990352 -1.1541198751319561 1.7516200425202046 -0.57991200945589216 -0.06066880731641483 1.4158931560092349 -0.012883715351157475 2.0187483611218928 -3.4021809025901257 0.6910795629515657 -0.42327318821945137 0.018787311783308672 -2.5125927486236841 0.024821479012555311 -0.022062067412919016 3.7129591894526177 0.013553576311389226 0.031893424561800811 -0.080397189820043582 -3.2858212391831159 0.29934235016069421 -0.44054028480616381 -0.05326354044632451 0.12667719712077122 0.03561600099931804 -0.023007878021620298 -0.018592766161010334 0.69099014771401268 -0.010577683381743449 0.0035029360055910709 1.0530368373849615 -1.9897811652253246 -0.053948107326431967 6.6337631090947449
leaf_weight=21 21 36 35 25 23 30 22 33 20 37 29 23 34 26 21 35 35 21 31 30 25 20 34 28 33 35 32 25 34 23 20 27 32 21 26 30 27 20 29 20 33 20 27 21 21 23 27 23 23 21
leaf_count=21 21 36 35 25 23 30 22 33 20 37 29 23 34 26 21 35 35 21 31 30 25 20 34 28 33 35 32 25 34 23 20 27 32 21 26 30 27 20 29 20 33 20 27 21 21 23 27 23 23 21
internal_value=-0.000336257 -0.000215293 0.000378378 -0.000379009 0.0025523 -0.000810811 -0.00151659 -0.00507246 -0.0014346 0.00198113 0.00108571 -0.00121951 -4.21941e-05 -0.00082153 -0.00266187 -0.002827 -0.00490196 0.000373832 0.00218182 -0.00322034 -0.00153846 0.00406061 0.00290323 0.00444444 -0.00125926 0 -0.00223881 -0.00130435 -0.00392857 0.00125 0.00170732 -0.000599078 -0.00146341 -0.00341176 0.00207547 -0.0053125 0.000632911 -0.00115385 -0.0044898 -0.00217391 0.0046875 0.00311828 0.00424658 0.0025 -0.00454545 -0.00283582 0.00672727 -0.00653846 -0.00454545 0.00756098
internal_weight=1368 1347 925 686 239 74 422 69 474 212 175 82 237 353 139 237 102 214 110 59 104 165 124 90 135 102 67 46 56 48 41 217 164 85 53 64 79 52 98 46 64 93 73 48 44 67 55 52 44 41
internal_count=1368 1347 925 686 239 74 422 69 474 212 175 82 237 353 139 237 102 214 110 59 104 165 124 90 135 102 67 46 56 48 41 217 164 85 53 64 79 52 98 46 64 93 73 48 44 67 55 52 44 41
is_linear=0
shrinkage=0.01


Tree=28
num_leaves=54
num_cat=0
split_feature=6 60 40 72 59 13 38 72 32 38 32 23 24 38 3 22 62 79 45 27 16 33 67 67 100 33 1 81 31 31 2 23 93 33 16 36 22 38 98 80 19 93 16 60 19 2 33 99 1 24 27 22 6
split_gain=12.1059 19.5665 11.5926 9.36119 13.0665 11.1941 11.2522 8.99994 11.2225 14.3963 8.83271 8.62447 7.74029 7.42029 7.35211 7.09851 6.99375 6.97423 6.86488 7.64091 8.3004 6.64178 9.77829 8.18182 9.04548 6.55515 6.5482 6.48185 11.6602 7.51654 6.29814 6.01615 9.60091 8.78961 5.92421 5.43017 5.05442 8.37934 6.6054 6.235 4.67188 6.05568 4.34295 4.26718 3.94182 4.08333 3.80501 3.60943 3.8912 3.28943 2.67857 1.77778 0.981818
threshold=3827.7900000000004 1395.4000000000003 54.250000000000007 963.64250000000015 1.0000000180025095e-35 11962.750000000002 9.4750000000000014 1301.1500000000003 210.75000000000003 4.9750000000000005 265.25000000000006 94.750000000000014 11.975000000000001 5.4250000000000016 15282.230500000003 88.250000000000014 1602.1500000000003 446.91132531714862 23562.500000000004 83.250000000000014 5954.3500000000013 97.750000000000014 29423.500000000004 32631.150000000005 0.51041666666666674 182.25000000000003 19085.541000000001 3706.4734567875917 8.7750000000000021 12.625000000000002 2679.6500000000005 80.250000000000014 419.05207681365579 106.75000000000001 5890.7000000000007 88.250000000000014 93.250000000000014 5.7750000000000012 0.76736111111111127 37310.647916666676 1556.9500000000003 414.1830263157895 5420.1500000000005 895.92400000000009 1663.7500000000002 3159.1000000000004 37.750000000000007 0.052083333333333336 15774.403500000002 14.325000000000001 81.750000000000014 84.750000000000014 6122.4750000000013
decision_type=2 2 2 2 2 2 2 2 2 2 2 2 2 2 2 2 2 2 2 2 2 2 2 2 2 2 2 2 2 2 2 2 2 2 2 2 2 2 2 2 2 2 2 2 2 2 2 2 2 2 2 2 2
left_child=11 3 13 5 34 6 12 18 9 16 14 31 21 -3 44 35 -9 -8 19 20 -4 22 -2 25 -25 -23 -16 28 -13 36 -17 32 33 -1 50 42 38 -38 39 47 41 -11 -6 -24 45 -7 -15 -29 -49 -14 -5 -20 -43
right_child=1 2 7 4 15 10 17 8 -10 40 -12 27 49 46 26 30 -18 -19 51 -21 -22 23 43 24 -26 -27 -28 29 -30 -31 -32 -33 -34 -35 -36 -37 37 -39 -40 -41 -42 52 -44 -45 -46 -47 -48 48 -50 -51 -52 -53 -54
leaf_value=-1.5875126000479407 0.98184790743491279 0.16356875188626219 1.2016887211864866 -4.4276767941641539 -1.2579870901523502 -6.7303404383622913 -2.66699974413776 0.10368003689932254 -0.0286891198239961 0.010895557061919395 0.022730432766494606 -2.100973882281497 1.0747565452697692 -1.4382344486364849 0.60335561797410031 -0.012155397468436762 -0.29038186815813022 0.0027588597492840465 6.3462934889753146 -0.16984646382900426 3.763850026896522 3.04488156265572 -0.0015168525761520301 5.5363136826831036 0.0026400091460462914 -0.053204077052684831 -0.50533493617979108 -3.3226104035211326 0.2087388408835531 -4.0819165095433059 1.1125096185923331 0.17660790478632601 0.17775893064922138 0.0043885665753958716 -0.10848428307251215 0.020841832715774316 -3.8499411172557298 1.5053475924121895 0.0066991635790331809 -0.0079056819737782433 0.068773796583488117 4.1048863636938853 -3.3091812500286188 -0.099491471372538526 -0.012938232885577864 -0.039443520356404721 -0.058967166622129544 -0.43718339443617388 -1.4877328720112781 0.33038988674362307 -5.9688881631153041 13.170423045417982 1.4583751979638957
leaf_weight=31 31 23 23 21 27 24 33 27 30 20 34 27 20 24 26 21 23 38 20 20 21 30 23 34 21 25 24 30 20 24 25 28 20 34 38 29 22 21 20 21 29 24 20 27 29 24 22 26 21 21 27 25 20
leaf_count=31 31 23 23 21 27 24 33 27 30 20 34 27 20 24 26 21 23 38 20 20 21 30 23 34 21 25 24 30 20 24 25 28 20 34 38 29 22 21 20 21 29 24 20 27 29 24 22 26 21 21 27 25 20
internal_value=-0.000380117 0.000166178 0.00207977 -0.000833333 -0.00259615 -4.31034e-05 0.00108911 0.00297872 0.00156069 0.00272727 -0.00217391 -0.002 0.00215517 -0.0015942 -0.00338583 -0.000491803 -0.0016 -0.00239437 0.00522936 0.003125 0.00545455 0.0013089 -0.000864198 0.00290909 0.00563636 0.000181818 -0.0004 -0.00310345 0.000212766 -0.00394595 0.0026087 0.000265487 -0.00105882 -0.00292308 -0.0055814 -0.00236842 -0.0031677 -0.000232558 -0.00423729 -0.00530612 0.00505376 0.0065625 -0.00446809 -0.0036 -0.00532468 -0.00708333 -0.00391304 -0.00662338 -0.00489362 0.00609756 -0.00791667 0.00822222 0.00863636
internal_weight=1368 1023 351 672 208 464 303 282 173 143 161 345 232 69 127 122 50 71 109 64 44 191 81 110 55 55 50 232 47 185 46 113 85 65 86 76 161 43 118 98 93 64 47 50 77 48 46 77 47 41 48 45 44
internal_count=1368 1023 351 672 208 464 303 282 173 143 161 345 232 69 127 122 50 71 109 64 44 191 81 110 55 55 50 232 47 185 46 113 85 65 86 76 161 43 118 98 93 64 47 50 77 48 46 77 47 41 48 45 44
is_linear=0
shrinkage=0.01


Tree=29
num_leaves=52
num_cat=0
split_feature=6 64 72 16 21 22 93 100 72 46 98 1 8 75 75 97 28 34 77 66 69 28 66 66 92 38 61 3 89 70 6 68 63 89 35 37 43 35 30 5 94 89 63 21 74 81 66 94 37 1 37
split_gain=9.95404 12.659 16.2759 12.6703 11.352 13.0574 8.63524 11.5164 8.14368 13.172 9.10702 7.96392 7.33645 6.42026 6.13328 9.88168 6.09023 6.05976 6.36364 6.00048 5.94692 5.77857 9.07563 6.05874 5.77237 10.0525 8.14279 6.96587 5.78513 5.57875 5.36705 9.87805 8.1 7.67436 7.18458 7.14072 7.04348 5.35714 5.30753 5.11748 4.50651 8.04188 4.13099 4.2964 3.8048 3.6 3.50462 3.27964 2.8637 1.67828 1.4359
threshold=2984.3400000000006 1067.5000000000002 1682.1500000000003 6495.3000000000002 26.875000000000004 93.250000000000014 416.47193812233292 0.14930555555555561 959.8850000000001 103.29500198364259 0.28125000000000006 13878.000000000002 404.78390873015877 659.99581856363466 516.37624582689762 0.94791666666666685 22.525000000000002 41.250000000000007 4136.8104261388826 1499.4500000000003 33200.05000000001 22.975000000000005 1483.9675000000004 1499.9500000000003 29587.068900000006 9.4250000000000025 33977.250000000007 10308.850000000002 904.94064375000005 1231.7500000000002 11887.640000000001 986.62100000000009 35135.05000000001 1559.57855625 27.075000000000006 98.750000000000014 77.430000305175795 28.175000000000004 84.250000000000014 5563.9900000000007 633658.13041625021 848.92884375000006 30926.350000000002 20.575000000000006 1106.4538437500003 3814.0189553576706 1099.9500000000003 621957.22813125025 79.750000000000014 15365.750000000002 57.250000000000007
decision_type=2 2 2 2 2 2 2 2 2 2 2 2 2 2 2 2 2 2 2 2 2 2 2 2 2 2 2 2 2 2 2 2 2 2 2 2 2 2 2 2 2 2 2 2 2 2 2 2 2 2 2
left_child=14 8 3 4 5 17 47 -8 10 11 13 12 -10 24 15 42 -16 18 -3 -7 -11 23 29 -19 25 28 49 -26 -2 -23 31 33 -32 34 35 48 -35 -18 -13 -24 41 -5 44 -44 -1 -6 -12 -4 -30 -27 -43
right_child=1 2 6 40 45 19 7 -9 9 20 46 38 -14 -15 16 -17 37 21 -20 -21 -22 22 39 -25 27 26 -28 -29 30 -31 32 -33 -34 36 -36 -37 -38 -39 -40 -41 -42 50 43 -45 -46 -47 -48 -49 -50 -51 -52
leaf_value=-4.4230520150046191 -0.16849169942849784 -0.0011050058115104108 -1.0353792352995614 2.8490155985304 7.4836908916121869 2.1714195234549716 0.068086058617653225 -4.2453915779522751 -3.8352719489349627 0.10226857089175359 0.26246460410927097 -0.50659660641886761 0.049843985780000127 -0.058339677867372632 -2.586752803400413 0.0089382840038223395 0.14022097780188034 2.2389845387371281 -2.3664826077634946 0.096532923237076532 -4.1054838803389 0.004090884621166746 -0.0090875129101971736 -0.042802209165043417 -0.012749688382542455 -2.504297448815211 -0.0017678875372060222 1.789811896103443 4.1441684603469886 -1.4195443902270555 0.030004499933461628 -0.15961435134601801 -3.3296055806130522 0.043404269444281572 1.543257684065642 2.7307396820856251 -0.066828739086398706 -0.014816368456291518 -6.7102064157917907 2.3224087567722407 0.011674965042777541 2.6776857840816337 -5.5416148418215201 0.0058856589843936128 -1.9488736147502566 2.4616211282902789 0.31301601574661875 -0.022160526617255396 -0.09332260479900327 -0.11785692602712419 5.9560882602228267
leaf_weight=23 37 33 26 20 20 25 39 20 30 37 23 29 27 38 20 21 24 30 30 26 25 20 38 22 22 21 36 21 23 31 20 20 20 23 35 20 23 32 38 32 23 24 20 21 39 20 30 23 20 20 28
leaf_count=23 37 33 26 20 20 25 39 20 30 37 23 29 27 38 20 21 24 30 30 26 25 20 38 22 22 21 36 21 23 31 20 20 20 23 35 20 23 32 38 32 23 24 20 21 39 20 30 23 20 20 28
internal_value=-0.000438596 -8.56164e-05 0.0010566 0.00194313 0.00100917 0.000313589 -0.00240741 0.000169492 -0.00103448 -0.0027957 -0.000309735 -0.00467742 -0.00192982 -0.000827068 -0.0025 -0.00387097 -0.000263158 -0.000677966 -0.00333333 0.00490196 0.000967742 0.000289017 -0.000909091 0.00307692 -0.000415512 -0.000880503 -0.00402597 0.00302326 0.000124481 -0.00411765 0.000784314 0.00158537 -0.0025 0.0025 0.00408163 0.00206349 -0.000869565 0.00142857 -0.00701493 0.00142857 0.00515789 0.00638889 -0.00514563 -0.00268293 -0.00677419 0.006 0.00358491 -0.0055102 -0.000232558 -0.00707317 0.00846154
internal_weight=1368 1168 530 422 327 287 108 59 638 186 452 124 57 399 200 124 76 236 63 51 62 173 121 52 361 318 77 43 241 51 204 164 40 144 98 63 46 56 67 70 95 72 103 41 62 40 53 49 43 41 52
internal_count=1368 1168 530 422 327 287 108 59 638 186 452 124 57 399 200 124 76 236 63 51 62 173 121 52 361 318 77 43 241 51 204 164 40 144 98 63 46 56 67 70 95 72 103 41 62 40 53 49 43 41 52
is_linear=0
shrinkage=0.01


Tree=30
num_leaves=50
num_cat=0
split_feature=29 19 72 96 73 80 5 11 83 10 10 89 79 80 40 8 42 89 98 83 37 29 44 24 78 2 24 8 66 11 79 79 66 36 89 27 31 65 31 13 36 36 73 43 63 31 4 37 68
split_gain=11.0538 16.5914 12.1787 11.4135 9.84254 10.3113 9.65832 7.7888 7.61151 9.3804 10.6514 8.71111 7.40821 7.11139 6.97633 7.76566 6.89687 9.12899 10.0622 6.80442 6.56179 7.94956 6.39844 6.24628 6.2349 5.95585 9.48349 8.79009 7.95687 5.31293 9.50303 5.18571 5.09102 5.08152 4.93884 9.65189 6.5356 5.33651 11.8578 9.03395 4.9197 5.58542 4.21277 3.83054 3.71212 3.44402 2.86355 2.35875 1.6
threshold=88.750000000000014 1395.6000000000001 963.64250000000015 1.0000000180025095e-35 1488.6360000000002 30733.697222222228 1887.6300000000003 42146.700000000004 2148.8500000000008 33266.450000000004 30576.450000000001 1335.5313562500003 593.25025366422835 34700.713541666672 43.750000000000007 407.50384615384615 108.12500000000001 1135.9893187500002 0.29513888888888895 2752.4000000000001 71.750000000000014 91.750000000000014 3.3355000019073491 10.075000000000001 515.63184722222229 2597.5000000000005 12.575000000000001 411.23119095816469 931.92050000000006 37873.05000000001 492.93845326491606 529.7515457657297 1.0000000180025095e-35 87.250000000000014 1297.0232437500001 67.750000000000014 4.4250000000000016 28985.300000000003 6.1750000000000016 2051.3000000000006 75.750000000000014 83.250000000000014 1342.4675000000002 85.405002593994155 27174.850000000002 12.375000000000002 14865.500000000002 98.250000000000014 1509.9500000000003
decision_type=2 2 2 2 2 2 2 2 2 2 2 2 2 2 2 2 2 2 2 2 2 2 2 2 2 2 2 2 2 2 2 2 2 2 2 2 2 2 2 2 2 2 2 2 2 2 2 2 2
left_child=2 7 3 8 5 -3 -4 34 12 10 -10 -11 14 25 -1 44 19 24 23 46 -7 -22 48 32 -18 28 27 -27 -8 43 -31 -13 -19 -34 36 -36 -2 38 -38 -40 -30 -42 -28 -29 -16 -43 47 -5 -15
right_child=1 4 6 16 -6 20 13 -9 9 11 -12 31 -14 22 15 -17 17 18 -20 -21 21 -23 -24 -25 -26 26 42 29 40 30 -32 -33 33 -35 35 -37 37 -39 39 -41 41 45 -44 -45 -46 -47 -48 -49 -50
leaf_value=-0.011607994245429918 -0.048632774932948396 1.8612826687435309 0.019006535975454347 -0.017614166556978401 -2.893002863145397 -2.6114210921891527 -5.8853419048360385 3.43955760061041 2.6616154117099202 -0.05450819800422041 -1.368355472142849 5.6855953999249031 -0.025202949583229186 -2.4783893693687213 4.401132377329863 7.2091029826408644 -0.0090672237812131854 0.0081382307373694604 1.9990897645031649 0.011633699955817095 0.13650678256588145 -1.4631918924263767 -1.9517432781199295 0.066386727907106147 -6.6766014080061273 0.10032034505801825 0.26867955321715964 -0.22429079437681623 0.05009306481254016 -0.34556596867938077 2.809976139002845 0.23774740533004379 -0.0012873857894238649 -0.065920996865420523 -0.077441674529350232 0.2363494890549698 3.3129069047813737 1.272164598938359 -0.75355698467076548 0.13229335377267012 -2.5625663221344706 0.021293385783679942 0.00023714712662711968 -0.033042410571890571 0.037009129237943854 -4.4286070056338094 -0.082501139297576909 -0.072970621162808696 -0.034605356623566008
leaf_weight=21 26 23 28 23 27 34 30 31 22 36 21 28 38 20 24 36 26 31 25 21 29 21 39 36 21 38 25 30 28 20 24 32 24 31 27 35 29 36 23 38 20 31 22 28 20 20 26 20 20
leaf_count=21 26 23 28 23 27 34 30 31 22 36 21 28 38 20 24 36 26 31 25 21 29 21 39 36 21 38 25 30 28 20 24 32 24 31 27 35 29 36 23 38 20 31 22 28 20 20 26 20 20
internal_value=-0.00026393 0.00118734 -0.000822335 0.000142349 -0.00164179 -0.000280374 -0.00210402 0.00273469 0.00158273 -7.19424e-05 -0.00395349 0.00166667 0.00323741 -0.00250633 0.00465347 0.006 -0.00126761 -0.000206186 0.00102041 -0.00355556 -0.00190476 0.0004 -0.00518987 -0.000163934 -0.00404255 -0.00183544 -0.000695187 -0.002 -0.00348837 -0.00352941 -0.000909091 0.004 -0.00162791 -0.00345455 0.00205607 -0.000322581 0.00302632 0.00396825 0.00266667 0.000163934 -0.00212121 -0.00352113 0.00319149 -0.00551724 0.00318182 -0.00176471 -0.00507246 -0.00348837 -0.008
internal_weight=1364 379 985 562 134 107 423 245 278 139 43 96 139 395 101 80 284 194 147 90 84 50 79 122 47 316 187 140 129 102 44 60 86 55 214 62 152 126 90 61 99 71 47 58 44 51 69 43 40
internal_count=1364 379 985 562 134 107 423 245 278 139 43 96 139 395 101 80 284 194 147 90 84 50 79 122 47 316 187 140 129 102 44 60 86 55 214 62 152 126 90 61 99 71 47 58 44 51 69 43 40
is_linear=0
shrinkage=0.01


Tree=31
num_leaves=50
num_cat=0
split_feature=16 71 73 73 91 38 34 88 73 81 97 88 35 38 83 93 21 17 16 61 38 27 66 79 29 79 21 19 2 17 37 45 30 23 17 34 19 29 81 66 41 37 77 29 35 6 35 21 2
split_gain=13.339 11.4409 10.9349 9.55664 8.89845 11.4993 8.05577 12.0033 14.8119 15.0485 10.8322 10.2439 10.4072 9.17069 11.2389 8.91545 9.86757 8.46033 9.08871 7.81835 7.59606 9.93898 8.82968 7.50807 7.48258 8.57373 8 7.33537 7.02661 5.92319 5.79696 5.47391 5.42155 5.41799 5.24787 5.07698 4.9 4.89372 6.93354 5.29833 4.87642 6.51738 7.44546 4.77494 4.6354 4.57143 4.26316 3.86908 2.58179
threshold=6611.2500000000009 1090.2030000000002 994.50000000000011 1682.3000000000002 31646.705356250004 3.7750000000000004 77.750000000000014 10537.723541666668 1393.1000000000001 4133.4101707823311 0.94791666666666685 8353.2475000000031 27.475000000000005 4.8250000000000011 1715.4000000000035 393.90722222222229 27.725000000000005 146.65000000000001 5696.9500000000007 31528.750000000004 7.075000000000002 22.750000000000004 1022.0265000000001 505.20637129908982 85.250000000000014 555.82095693518238 25.225000000000005 707.75000000000011 3085.0000000000005 182.65000000000001 64.750000000000014 23546.000000000004 92.250000000000014 81.750000000000014 253.35000000000002 69.250000000000014 891.75000000000011 87.250000000000014 4151.3369761662134 1395.4000000000003 61.250000000000007 84.750000000000014 4317.5303817361664 88.250000000000014 25.625000000000004 4119.0550000000012 26.725000000000005 25.625000000000004 2844.9485000000004
decision_type=2 2 2 2 2 2 2 2 2 2 2 2 2 2 2 2 2 2 2 2 2 2 2 2 2 2 2 2 2 2 2 2 2 2 2 2 2 2 2 2 2 2 2 2 2 2 2 2 2
left_child=6 2 4 46 23 -6 7 8 13 29 11 19 17 14 27 -15 20 24 -19 32 40 -22 -23 -2 25 -13 -26 -1 43 31 -9 -10 33 -8 -20 -32 -4 38 39 -21 41 42 -17 -16 -24 -11 -3 -7 -34
right_child=1 3 36 -5 5 47 10 30 9 45 -12 12 -14 15 28 16 -18 18 34 37 21 22 44 -25 26 -27 -28 -29 -30 -31 35 -33 48 -35 -36 -37 -38 -39 -40 -41 -42 -43 -44 -45 -46 -47 -48 -49 -50
leaf_value=0.20913268881831515 -0.075860141999776878 5.2105814729781539 -0.027551256652127033 -0.0050192827348149709 -0.061557041746936485 2.3032060748822611 0.037094298706177614 -0.11865040321767602 -0.073823352037736836 -2.967168704637952 0.031510935655828742 -0.0093394702365594377 1.0740181029986391 -0.59335889709023382 0.092278083130494654 2.8902799630850602 5.9834830400822483 -3.987507041748668 -0.092805065958287011 -0.088962797978492089 -1.2429742452729504 -0.12478506194616701 0.012604308872481568 0.009698105025591269 -0.060735116667164316 0.07609948518929209 0.0074707174469044717 -4.5107325371688258 -0.31596768032081435 0.082156707795785627 -0.093209575524481572 0.018537815800891432 -7.6244802013939372 -2.9813400393909859 1.8668862456350366 0.016441380700566565 -3.3596528600792865 0.020125112062214925 -4.9247008655041045 0.12050686298601751 3.1558217108356281 -0.061200806387541232 -0.21063765860467099 0.96086906483101775 2.4575504094751945 -0.63808517450578128 1.3426381245455019 0.54183886501692535 -6.125958226999999
leaf_weight=23 24 38 20 23 20 22 21 22 38 28 32 32 30 20 36 29 32 33 25 26 25 33 29 35 25 31 25 37 23 20 28 28 37 27 21 25 20 23 24 20 35 24 20 25 25 28 38 39 20
leaf_count=23 24 38 20 23 20 22 21 22 38 28 32 32 30 20 36 29 32 33 25 26 25 33 29 35 25 31 25 37 23 20 28 28 37 27 21 25 20 23 24 20 35 24 20 25 25 28 38 39 20
internal_value=-0.000337243 0.0016129 0.000111111 0.00434343 0.00142857 0.00358025 -0.00083871 -0.000110585 0.000394265 -0.00239437 -0.00185841 -0.00228571 -0.000810811 0.00134615 -0.000694444 0.00242647 0.00293651 -0.00166667 -0.00417722 -0.00393939 0.00218182 0.000357143 0.00195402 -0.00152542 8.84956e-05 0.00238095 -0.0028 -0.004 0.00166667 0.000232558 -0.00386667 -0.00121212 -0.00580952 -0.00333333 -0.00130435 -0.00207547 -0.0045 -0.00182796 -0.00314286 -0.000869565 0.00407407 0.00260274 0.00469388 0.00344262 0.00444444 -0.00642857 0.00605263 0.0057377 -0.00789474
internal_weight=1364 279 180 99 140 81 1085 633 558 142 452 420 222 416 144 272 252 192 79 198 220 112 87 59 113 63 50 60 84 86 75 66 105 48 46 53 40 93 70 46 108 73 49 61 54 56 76 61 57
internal_count=1364 279 180 99 140 81 1085 633 558 142 452 420 222 416 144 272 252 192 79 198 220 112 87 59 113 63 50 60 84 86 75 66 105 48 46 53 40 93 70 46 108 73 49 61 54 56 76 61 57
is_linear=0
shrinkage=0.01


Tree=32
num_leaves=51
num_cat=0
split_feature=19 11 29 82 33 33 62 93 67 68 72 27 92 32 72 45 25 65 2 19 19 19 37 37 14 69 32 31 28 100 36 68 75 21 31 64 69 46 72 32 65 93 67 100 40 39 75 79 82 87
split_gain=12.055 13.81 11.9282 10.6252 10.0082 8.36003 11.1128 9.6473 9.83796 8.23176 8.91756 8.21268 7.98786 7.97044 7.48321 11.2099 7.57895 9.52859 7.08988 7.0718 7.05955 6.95195 6.84389 6.82813 6.40684 7.80952 9.0947 5.83006 11.0095 6.98951 7.53255 6.50159 5.49129 4.9641 4.8 4.74864 4.72611 10.8336 5.63333 4.9 4.61092 4.42768 4.76802 3.95297 3.61204 3.6 3.6 3.18525 2.61905 1.48148
threshold=1745.0500000000004 44796.600000000006 88.750000000000014 885.26450000000011 45.250000000000007 127.25000000000001 1062.4400000000003 395.22375000000005 29102.100000000002 1681.0000000000002 0.96250000000000002 84.750000000000014 24486.502900000007 296.25000000000006 0.91350000000000009 25387.500000000004 112.75000000000001 28061.600000000002 2515.0500000000006 955.90000000000009 1395.6000000000001 793.90000000000009 98.250000000000014 90.250000000000014 17623.850000000002 30792.700000000001 122.75000000000001 9.9250000000000025 24.025000000000002 0.64236111111111127 87.750000000000014 1503.4000000000003 426.892120525297 26.925000000000004 6.0750000000000011 1479.1135000000002 30175.400000000005 96.06000137329103 1296.0300000000002 125.75000000000001 30616.700000000004 413.284564777328 34956.100000000013 0.10069444444444446 71.750000000000014 126.25000000000001 433.36829382676297 517.68518896121986 77.699999999999946 0.26041666666666669
decision_type=2 2 2 2 2 2 2 2 2 2 2 2 2 2 2 2 2 2 2 2 2 2 2 2 2 2 2 2 2 2 2 2 2 2 2 2 2 2 2 2 2 2 2 2 2 2 2 2 2 2
left_child=1 2 5 4 35 7 13 -1 24 10 -4 43 44 14 15 33 -16 18 -18 -13 27 -19 -17 -5 25 26 -9 29 -29 30 34 -30 -22 -7 46 47 37 -14 -38 -40 -25 -6 -43 -8 -12 -37 -10 -2 -11 -32
right_child=3 -3 9 23 41 6 11 8 20 48 12 19 36 -15 16 22 17 21 -20 -21 32 -23 -24 40 -26 -27 -28 28 31 -31 49 -33 -34 -35 -36 45 38 -39 39 -41 -42 42 -44 -45 -46 -47 -48 -49 -50 -51
leaf_value=-7.3435919456736576 -3.0155167473022151 3.1940901834262019 -0.029543382917264716 -3.8666045031644889 1.7139809272607605 0.81344864769262593 0.06373131605219115 0.49870710120867523 -1.120387994187019 0.0037961851156930759 0.19411773906108273 0.054303509191590264 -0.0025295798370013503 2.376738528243282 -4.6205790611480602 -0.11222681265803459 -1.1210640998812751 -3.3399165359221308 2.1521688891016804 -0.031677547874369084 -0.026208422553499366 -0.010318839951330726 0.0041947525616491876 0.010551270771724904 0.15175788488469785 -1.8248853088230157 -0.21262083684940339 -2.1496701221338528 -0.039075603133674579 0.00218920722264499 -1.7032870899203323 0.046695286741956381 0.27342668616745408 0.88150799256612844 -0.7489952018015924 -2.0544236205506734 1.5897522457367035 5.3807064522423369 -3.7757928837877932 0.013151247904028605 4.5326369311687733 -0.042448577665451709 0.030401231543867455 10.636884697030041 2.5663558712999941 0.0039400972425449165 1.8361198600299151 -0.19051725412420847 -2.6681400570030678 -1.9292445932330955
leaf_weight=22 27 21 30 28 32 26 31 32 20 22 30 31 39 21 36 32 20 31 33 25 24 30 31 23 21 28 22 24 36 25 30 20 27 39 20 20 20 37 20 20 20 36 22 22 39 20 20 35 20 24
leaf_count=22 27 21 30 28 32 26 31 32 20 22 30 31 39 21 36 32 20 31 33 25 24 30 31 23 21 28 22 24 36 25 30 20 27 39 20 20 20 37 20 20 20 36 22 22 39 20 20 35 20 24
internal_value=-0.000395894 6.35786e-05 -9.25926e-05 -0.00231939 -0.00354167 -0.000709838 0.000294118 -0.00174684 -0.00136729 0.00169675 0.00242553 0.00302752 0.00317073 -0.000702341 -0.00115108 0.000625 -0.00266667 -0.00140351 0.00169811 0.000357143 -0.00237037 -0.00409836 -0.00238095 0.000985915 0.00126214 0 0.00222222 -0.00315068 -0.001 -0.00438849 -0.0054386 0.00142857 0.000980392 0.00353846 -0.003 -0.00568627 0.00176471 0.00342105 -0.000333333 -0.0025 0.00348837 -0.00111111 -0.00275862 0.00584906 0.00594203 -0.003 -0.001 -0.00741935 -0.00238095 -0.00814815
internal_weight=1364 1101 1080 263 192 803 408 395 373 277 235 109 205 299 278 128 150 114 53 56 270 61 63 71 103 82 54 219 80 139 114 56 51 65 60 102 136 76 60 40 43 90 58 53 69 40 40 62 42 54
internal_count=1364 1101 1080 263 192 803 408 395 373 277 235 109 205 299 278 128 150 114 53 56 270 61 63 71 103 82 54 219 80 139 114 56 51 65 60 102 136 76 60 40 43 90 58 53 69 40 40 62 42 54
is_linear=0
shrinkage=0.01


Tree=33
num_leaves=52
num_cat=0
split_feature=16 45 73 59 82 71 72 87 70 33 34 65 16 81 33 72 42 39 10 98 10 16 14 36 98 17 45 14 25 46 27 36 93 32 16 45 75 23 34 91 71 29 11 75 39 93 29 39 6 11 72
split_gain=10.8143 13.8464 13.3364 10.6781 14.7509 10.4189 10.2405 8.43555 8.92829 13.8108 11.0048 8.51538 8.43428 8.19377 7.92593 7.61858 7.60001 7.24898 7.2435 7.6373 7.01076 6.9374 8.46018 9.0918 6.63115 6.54565 7.88182 6.51905 6.49821 6.66846 8.64274 6.47024 6.26962 6.01055 5.65987 6.37518 5.59529 5.71472 8.88578 9.66425 5.55185 7.32462 5.41548 5.36678 5.34545 4.88195 4.72028 4.10308 4.08467 3.42857 2.00835
threshold=6361.0000000000009 23648.500000000004 1305.5480000000002 -0.24999999999999994 963.10000000000014 1348.0445000000002 1385.4050000000002 0.80208333333333337 0.83200000000000007 109.75000000000001 92.750000000000014 29063.850000000002 6233.4000000000005 4320.2356289662157 99.750000000000014 0.9820000000000001 108.12500000000001 119.75000000000001 32625.550000000003 0.62847222222222232 33871.000000000007 6655.6000000000013 19968.400000000005 79.750000000000014 0.20486111111111113 138.65000000000001 25140.000000000004 17151.050000000007 25.750000000000004 106.81000137329103 78.750000000000014 88.250000000000014 412.94705128205135 137.25000000000003 4600.4000000000005 24577.500000000004 686.0101761161178 12.750000000000002 48.750000000000007 28830.398493750006 865.06600000000014 88.750000000000014 37932.850000000006 455.46855880737689 162.75000000000003 405.5818055555556 88.250000000000014 139.25000000000003 6040.2500000000009 39179.450000000004 1601.7
decision_type=2 2 2 2 2 2 2 2 2 2 2 2 2 2 2 2 2 2 2 2 2 2 2 2 2 2 2 2 2 2 2 2 2 2 2 2 2 2 2 2 2 2 2 2 2 2 2 2 2 2 2
left_child=3 18 5 4 7 13 17 8 10 11 42 -10 15 16 32 -11 43 40 50 27 24 -15 23 -23 -17 -18 -27 -20 -19 30 34 -22 47 36 48 44 37 -34 39 -39 45 -42 -1 -3 -36 -5 -40 -8 -30 -9 -2
right_child=1 2 -4 6 -6 -7 14 49 9 12 -12 -13 -14 21 -16 20 25 28 19 -21 31 22 -24 -25 -26 26 -28 -29 29 -31 -32 -33 33 -35 35 -37 -38 38 46 -41 41 -43 -44 -45 -46 -47 -48 -49 -50 -51 -52
leaf_value=0.0057794239263747969 4.8507799417833475 0.012127044827512239 -3.2943672923965388 0.70595178677412262 2.1306472002106638 4.7654350455118006 -3.6441103441237512 -11.83900826253679 -4.9426501818067266 4.050964733381254 2.1400767094929187 -0.039365773910236011 -0.054763080583855983 -0.71059269939963587 0.074765382868524549 -4.1611309711139608 6.035761351153508 -0.4773398012534415 4.0836848550146865 -0.021376633190481775 -0.013417136875974362 0.022354539275429578 0.018968696398203592 -0.16338188104118448 -0.0057396977714071684 -0.030990286948551757 5.5775002739261348 -0.0095703410803126242 -0.069943165177859909 -3.6085667617847514 -0.027730891240468632 0.089059693064566611 0.19251805359718543 -1.5664788113322914 1.8156488917251163 0.0068693827681638809 -3.2136259641906624 -2.650515420132082 -0.0023241764979366605 0.065150668327377675 -0.051829707194127515 2.9972544864638819 -0.081826805185334084 -0.03115675667798792 4.7118073424876856 0.60407082143192226 1.5692509528554239 -0.070372725250079857 0.06036606933031273 -0.10984392302910027 0.011429688435536663
leaf_weight=22 31 20 33 20 29 21 39 21 41 22 30 24 23 28 23 28 26 36 35 31 36 34 20 32 29 24 20 21 25 24 28 25 21 24 20 28 26 26 22 21 27 24 21 21 24 27 26 27 37 21 20
leaf_count=22 31 20 33 20 29 21 39 21 41 22 30 24 23 28 23 28 26 36 35 31 36 34 20 32 29 24 20 21 25 24 28 25 21 24 20 28 26 26 22 21 27 24 21 21 24 27 26 27 37 21 20
internal_value=-0.000454545 0.00088729 -0.000394265 -0.00104541 -0.00236559 0.000406504 -0.000191304 -0.00294461 -0.0023588 -0.00333333 0.000684932 -0.00723077 -0.00177914 -0.000222222 -0.00168627 -0.000857143 0.00171171 0.001 0.00347826 0.00172414 -0.00186441 -0.00210526 -0.000697674 -0.00242424 -0.00438596 0.00371429 0.00136364 0.00392857 0 0.000752688 0.00148148 0.000491803 -0.00224138 -0.00120482 0.00253731 0.00444444 -0.000422535 0.000517241 -0.000526316 -0.00361702 0.00326531 0.000980392 -0.00255814 -0.00170732 0.00681818 0.00574468 0.0025 -0.00484848 0.000322581 -0.00714286 0.00647059
internal_weight=1364 417 279 947 372 246 575 343 301 228 73 65 163 225 255 140 111 320 138 87 118 114 86 66 57 70 44 56 222 186 162 61 232 166 134 72 142 116 95 47 98 51 43 41 44 47 48 66 62 42 51
internal_count=1364 417 279 947 372 246 575 343 301 228 73 65 163 225 255 140 111 320 138 87 118 114 86 66 57 70 44 56 222 186 162 61 232 166 134 72 142 116 95 47 98 51 43 41 44 47 48 66 62 42 51
is_linear=0
shrinkage=0.01


Tree=34
num_leaves=50
num_cat=0
split_feature=20 59 16 5 17 65 76 32 65 67 38 26 88 94 26 10 70 16 69 1 69 74 16 32 62 7 83 34 32 7 1 0 65 2 5 88 38 29 58 69 70 11 63 20 30 69 69 70 20
split_gain=10.8169 18.9138 10.9082 13.2509 14.4261 12.3604 15.4122 10.5587 17.2372 11.2385 11.855 9.81558 8.58079 9.96905 9.00111 11.6972 8.21778 7.99976 10.9732 8.92801 9.16 7.79299 7.91244 7.48566 8.41754 7.44155 7.12525 6.90156 7.13843 8.26798 6.56749 11.8564 7.11648 6.38889 6.25159 6.22632 5.80492 5.87247 5.65411 7.83553 5.55652 4.95918 4.45122 4.14439 3.66959 3.1631 2.86404 2.06436 1.03404
threshold=2178.4000000000005 -0.24999999999999994 6223.7500000000009 3060.6700000000005 66.350000000000009 31349.000000000004 33755.575000000004 202.75000000000003 28708.450000000004 33084.350000000006 7.5250000000000012 168.75000000000003 4400.4758333333339 572829.09069562529 47.750000000000007 32496.050000000007 1293.9000000000003 6378.0500000000011 32561.650000000005 13813.450000000003 31060.300000000007 800.07512500000007 6655.6000000000013 254.25000000000003 808.29100000000005 26.565000000000005 602.95000000000084 41.750000000000007 81.750000000000014 368.40500000000003 13949.550000000001 29001.450000000001 28451.350000000002 3504.7500000000005 11042.150000000003 7932.3750000000018 5.2250000000000005 86.750000000000014 -0.93301270189221919 29593.850000000002 1503.4000000000003 43737.850000000006 30636.600000000002 896.70000000000016 73.750000000000014 32196.450000000004 34010.700000000004 1520.9655000000002 513.25000000000011
decision_type=2 2 2 2 2 2 2 2 2 2 2 2 2 2 2 2 2 2 2 2 2 2 2 2 2 2 2 2 2 2 2 2 2 2 2 2 2 2 2 2 2 2 2 2 2 2 2 2 2
left_child=1 7 5 -4 16 6 26 8 48 11 21 17 13 45 15 42 -5 19 -19 -9 -21 22 34 -22 -25 -10 -3 36 40 30 31 -30 -32 43 -11 -23 -28 -38 -31 -40 -29 -7 -14 -12 -45 -2 47 -6 -1
right_child=12 2 3 4 46 41 -8 9 25 10 33 -13 14 -15 -16 -17 -18 18 -20 20 23 35 -24 24 -26 -27 27 28 29 38 32 -33 -34 -35 -36 -37 37 -39 39 -41 -42 -43 -44 44 -46 -47 -48 -49 -50
leaf_value=-4.9109009885726618 -1.7072000815432871 0.066889043309722104 -0.018287517108453475 -0.040558010655757031 6.2692048494745052 3.1922377007454577 -0.54894321667027413 -2.5458283234111994 -0.033726240632034873 -0.022346611791797963 -0.058679350738608971 2.005913694198723 0.024744823738649849 -0.0204157371519889 -0.67624946891039162 0.32267463214500486 4.9846170336217668 3.8324675672786475 -0.0023596768405088602 1.9756629032623332 -0.379479715667907 -0.022326393355135914 0.019951374352111504 -0.11285532619470245 0.075712294210908151 0.014966265065264319 -0.018529982830744487 -0.020988362548546805 2.6195970284908721 -13.091494062762976 0.016789153426855066 -0.74286848517174608 0.69013850311729008 -0.00032349064539545681 -0.67515043120316309 2.4582679670549115 0.035755596310932045 1.423672261688449 -0.06974441753203485 0.13273521334013041 -4.5976086367822022 0.0042531529883831892 -3.0067713162474523 -0.13970867425834685 -0.014286280933324288 -4.019690772233993 2.8482279535695887 1.857829918361515 -7.5287126392385089
leaf_weight=27 22 26 20 25 34 28 29 30 35 23 29 22 35 37 28 32 20 34 37 33 23 32 34 25 23 38 30 33 39 20 22 26 21 20 26 38 21 20 27 32 21 21 22 22 21 34 20 27 20
leaf_count=27 22 26 20 25 34 28 29 30 35 23 29 22 35 37 28 32 20 34 37 33 23 32 34 25 23 38 30 33 39 20 22 26 21 20 26 38 21 20 27 32 21 21 22 22 21 34 20 27 20
internal_value=-0.000483871 -0.000103986 0.00120996 0.00356164 0.0047619 0.000384615 -0.000245232 -0.00135135 -0.004 -0.000677966 -0.00216327 0.00092511 -0.00257143 -0.00483871 -0.000769231 0.000786517 0.000222222 0.000243902 0.00295775 -0.00119403 0.000192308 -0.000457516 -0.00253012 -0.00183099 0.000416667 -0.000958904 0.00035503 -6.41026e-05 -0.000871369 5.34759e-05 0.00185185 -0.000153846 0.00488372 -0.005 -0.00510204 0.002 0.00267606 0.00512195 -0.00240506 -0.000847458 -0.00407407 0.00510204 -0.00192982 -0.00638889 -0.0044186 -0.0075 0.00728395 0.00836066 -0.0087234
internal_weight=1364 1154 562 146 126 416 367 592 120 472 245 227 210 93 117 89 45 205 71 134 104 153 83 71 48 73 338 312 241 187 108 65 43 92 49 70 71 41 79 59 54 49 57 72 43 56 81 61 47
internal_count=1364 1154 562 146 126 416 367 592 120 472 245 227 210 93 117 89 45 205 71 134 104 153 83 71 48 73 338 312 241 187 108 65 43 92 49 70 71 41 79 59 54 49 57 72 43 56 81 61 47
is_linear=0
shrinkage=0.01


Tree=35
num_leaves=53
num_cat=0
split_feature=80 21 64 33 22 28 27 77 76 24 94 39 41 79 5 39 40 24 28 17 27 60 69 23 20 7 81 38 76 17 24 97 76 20 4 94 4 82 0 74 0 91 40 23 69 79 32 39 40 30 38 97
split_gain=19.1949 13.2422 12.3445 13.1087 13.7193 10.6011 9.81761 8.89366 12.027 8.5008 8.48745 10.4864 8.47576 8.42374 8.62005 11.5049 11.4199 8.04367 7.52349 7.08588 7.1302 6.76929 7.06395 6.74682 6.58488 9.5805 10.5906 9.29192 9.81055 8.78451 12.9423 8.23319 6.80107 6.20191 6.11647 5.46306 6.41046 7.27735 5.15672 4.84848 4.61984 4.29343 4.50833 4.08333 4.04623 3.61 4.55 3.42602 3.27273 2.9403 2.78571 1.36825
threshold=34097.063888888901 27.575000000000006 1063.6240000000003 156.50000000000003 94.250000000000014 31.525000000000002 83.250000000000014 4226.9082860600438 28825.708333333339 12.025000000000002 640459.81931656273 113.25000000000001 78.750000000000014 239.65813367669145 2812.5350000000003 198.25000000000003 81.750000000000014 8.3250000000000028 25.375000000000004 178.25000000000003 94.750000000000014 1503.4000000000003 30293.550000000007 92.750000000000014 892.45000000000016 26.305000000000003 4226.5408541600927 5.9250000000000016 35367.914583333339 127.95 7.5750000000000011 0.052083333333333336 39494.828125000007 2201.9000000000005 10209.570000000002 613232.91718468769 3839.5000000000005 23.104500000000034 30826.550000000003 873.59410416666685 30946.500000000004 27430.901643750003 100.75000000000001 48.000000000000007 32479.700000000004 629.56029764491052 232.25000000000003 116.75000000000001 83.750000000000014 89.250000000000014 7.6750000000000016 0.052083333333333336
decision_type=2 2 2 2 2 2 2 2 2 2 2 2 2 2 2 2 2 2 2 2 2 2 2 2 2 2 2 2 2 2 2 2 2 2 2 2 2 2 2 2 2 2 2 2 2 2 2 2 2 2 2 2
left_child=1 2 7 4 13 10 43 8 12 38 11 -2 23 18 -15 16 21 39 -4 45 -21 22 -16 -1 25 26 -13 31 -29 -30 -31 -26 -27 41 -14 36 37 -23 51 -8 -9 -18 -43 -3 -40 46 -12 -6 -49 -33 -48 -10
right_child=5 6 3 -5 47 -7 17 40 9 -11 19 24 34 14 15 -17 33 -19 -20 20 -22 35 -24 -25 27 32 -28 28 29 30 -32 49 -34 -35 -36 -37 -38 -39 44 -41 -42 42 -44 -45 -46 -47 50 48 -50 -51 -52 -53
leaf_value=0.85670232146024861 -3.6628750351109933 3.3252536877486931 -0.22333318778428043 2.3081847642501083 0.34569920699604867 4.8629346016406227 -0.083988464967969453 0.19083764112064516 -2.8876612735579146 0.04623596523087635 -4.3254981951572589 0.03133910968520659 -2.2701736148108091 -1.9514352694984547 -0.042342868352947489 -0.42906027889592041 4.6441757491336748 1.3489942797669539 0.0017756594870774866 0.027021745121962308 -2.170693953513994 1.6741183619151705 1.8383364755133218 -0.02773751955509773 0.016433282963156711 3.1602932986108567 -0.07889511042847365 0.067880098963969321 0.051346319190128671 0.029696772367549303 -0.22506265654361809 -0.23665586878563133 -0.02106076111412674 -0.48220729471293683 0.026301778040557444 -0.76306664614768216 0.44802658546060775 -1.0177376046820561 -0.0036156932998418741 0.039500967435670852 -2.5982739722471262 3.3208181274707567 0.01742971240586615 6.5869632062368924 -4.8409101474894127 -0.031387168795511886 -0.016519341740225034 3.1347168759992385 1.5963659465930238 -3.1880137410580889 -0.9600113758215606 -2.2744863212422799
leaf_weight=32 25 24 38 27 24 25 20 25 20 24 28 24 27 22 24 28 20 24 31 30 31 21 38 29 20 38 25 28 39 24 27 26 25 22 20 21 23 20 26 24 28 24 23 24 27 20 24 22 22 35 28 31
leaf_count=32 25 24 38 27 24 25 20 25 20 24 28 24 27 22 24 28 20 24 31 30 31 21 38 29 20 38 25 28 39 24 27 26 25 22 20 21 23 20 26 24 28 24 23 24 27 20 24 22 22 35 28 31
internal_value=-0.000442992 0.000479532 -1.35318e-05 0.00102222 0.000591017 -0.00195402 0.00362069 -0.0016263 -0.00245763 -0.00453125 -0.00227364 -0.00136905 0 -0.000197183 0.000559441 0.00106061 0.00177966 0.00117647 -0.00333333 -0.00416149 -0.00147541 6.80272e-05 0.00258065 0.00245902 -0.000868167 0.00107143 -0.0022449 -0.0019598 -0.000169492 -0.00177778 -0.0045098 -0.0045679 0.00365079 0.00460674 -0.00319149 -0.00176471 -0.0003125 -0.00268293 -0.00576923 -0.00136364 0.00207547 0.0061194 0.00446809 0.00708333 -0.00358491 -0.0058 -0.00675 0.00470588 0.00636364 -0.00639344 -0.005 -0.00803922
internal_weight=1377 855 739 450 423 522 116 289 236 128 497 336 108 355 286 264 236 68 69 161 61 147 62 61 311 112 49 199 118 90 51 81 63 89 47 85 64 41 104 44 53 67 47 48 53 100 80 68 44 61 52 51
internal_count=1377 855 739 450 423 522 116 289 236 128 497 336 108 355 286 264 236 68 69 161 61 147 62 61 311 112 49 199 118 90 51 81 63 89 47 85 64 41 104 44 53 67 47 48 53 100 80 68 44 61 52 51
is_linear=0
shrinkage=0.01


Tree=36
num_leaves=54
num_cat=0
split_feature=17 96 68 7 19 2 21 2 31 7 2 77 47 76 62 95 31 8 36 0 87 83 83 17 7 37 88 34 83 87 8 98 17 17 98 68 8 67 67 2 66 88 61 60 21 76 8 66 19 100 21 37 34
split_gain=17.0475 10.7153 13.8331 12.5344 12.0081 10.7617 9.67792 9.2646 8.44688 8.00293 11.2714 7.97314 7.87082 7.80322 9.90583 6.35953 6.34446 10.4641 9.01241 7.11314 8.37626 6.49261 8.52518 7.04167 6.21775 8.61159 8.00012 7.37269 8.22884 6.51791 8.70593 6.60149 6.34668 8.53234 5.64354 13.548 8.55718 5.24355 6.07115 5.17695 4.90686 4.85796 4.81333 4.76044 6.60571 4.69444 6.19286 4.17164 3.43027 3.10303 3.01467 2.94186 1.08
threshold=278.30000000000001 1.0000000180025095e-35 1380.8500000000001 20.505000000000006 2082.0500000000006 2425.7000000000003 29.575000000000006 2397.2500000000005 7.3250000000000011 1296.4200000000003 3140.2585000000004 4101.6899105505945 1.0000000180025095e-35 29080.858333333334 1286.8000000000002 1.0000000180025095e-35 11.775000000000002 412.8120512820513 85.250000000000014 28374.500000000004 0.48958333333333343 1888.700000000001 1351.5000000000002 180.55000000000004 67.645000000000024 29.250000000000004 16995.527083333334 63.250000000000007 628.19999999999902 0.40625000000000006 415.82210526315794 0.052083333333333336 178.25000000000003 148.90000000000001 0.23958333333333334 997.60000000000014 418.37776315789478 31611.950000000004 33084.350000000006 2897.1290000000004 1682.5500000000002 5229.8825000000006 31728.600000000002 510.02700000000004 16.625000000000004 31976.041666666668 404.38928571428579 1355.7645000000002 1208.6500000000003 0.30902777777777785 17.725000000000005 91.750000000000014 77.750000000000014
decision_type=2 2 2 2 2 2 2 2 2 2 2 2 2 2 2 2 2 2 2 2 2 2 2 2 2 2 2 2 2 2 2 2 2 2 2 2 2 2 2 2 2 2 2 2 2 2 2 2 2 2 2 2 2
left_child=1 2 3 6 5 15 13 50 -2 11 -11 12 43 -1 45 -4 19 -18 -19 -7 21 22 -21 37 25 -3 27 -26 -29 -30 31 48 33 41 35 -13 -36 42 -39 -24 47 -27 -23 -9 -45 -15 -47 -6 -31 -43 -5 -33 -46
right_child=8 24 4 7 40 16 -8 9 -10 10 -12 34 -14 14 -16 -17 17 18 -20 20 -22 23 39 -25 26 32 -28 28 29 30 -32 51 -34 -35 36 -37 -38 38 -40 -41 -42 49 -44 44 52 46 -48 -49 -50 -51 -52 -53 -54
leaf_value=1.4031339636617393 2.4169895835755568 0.089598359606559638 -2.022561701524296 1.2925932755631535 -0.90927405767286917 1.0276276274815725 3.4121718571737052 0.0060055936201916802 0.097677278819156166 -0.04580142613833816 0.1046692071420684 0.043102911653649531 -0.070715367664894654 -1.4571010832766167 0.44354631960600166 -0.017851163102944264 -2.8782731115926965 0.036232327570373341 -2.8261528711196529 -0.017705894121616605 -8.0718369681670943 0.034605220737454992 3.2142049808999458 -0.014584669608021104 0.20953729844816449 -0.063693347268333034 -0.075376938043510852 0.019366262140133771 0.025366060147192865 -0.19590307160747256 0.10655148708051197 -0.20478569729387786 -7.7870497663938218 0.0058556895068798756 1.6631753505813016 -1.0315771061198611 -0.17421869446532193 1.385101769473738 0.0014079956408806595 1.0314737203565529 -1.1179177013726089 -4.0089716694646569 -0.014516373773360375 0.35273379707446367 9.227858060857141 -0.018479210647795234 -1.6079857766010184 -7.1687758632984027 0.024776011612552933 -0.024905116497214448 2.7398053477051998 -4.1900928946397658 8.6914118933682865
leaf_weight=25 33 21 32 23 20 22 23 21 28 25 37 25 24 24 37 29 22 29 25 30 22 30 20 32 21 28 20 20 33 21 24 23 24 31 28 21 26 22 24 23 28 22 20 20 30 28 20 33 23 33 22 30 20
leaf_count=25 33 21 32 23 20 22 23 21 28 25 37 25 24 24 37 29 22 29 25 30 22 30 20 32 21 28 20 20 33 21 24 23 24 31 28 21 26 22 24 23 28 22 20 20 30 28 20 33 23 33 22 30 20
internal_value=-0.000413943 -0.000653495 -8.49257e-05 0.00110647 -0.00131749 -0.000575916 -0.00121019 0.00223602 0.0047541 0.00155235 -0.0016129 0.00246512 0.00426087 -0.00223881 -0.0033945 -0.00442623 0.000155763 -0.00236842 0 0.000938776 0.000403587 0.00104478 0.00342466 -0.0003125 -0.00208556 -0.00358491 -0.000976744 -0.000358974 -0.00103448 -0.00181818 -0.00289256 -0.0042268 -0.00449275 -0.00350877 0.0004 -0.00217391 0.00259259 0.00104167 0.00347826 0.00627907 -0.00481481 -0.00518072 -0.0012 0.0056044 0.00685714 -0.00555556 -0.00375 -0.00660377 -0.00136364 -0.00345455 0.00644444 -0.00660377 0.0088
internal_weight=1377 1316 942 479 463 382 157 322 61 277 62 215 115 134 109 61 321 76 54 245 223 201 73 128 374 159 215 195 174 154 121 97 138 114 100 46 54 96 46 43 81 83 50 91 70 72 48 53 44 55 45 53 50
internal_count=1377 1316 942 479 463 382 157 322 61 277 62 215 115 134 109 61 321 76 54 245 223 201 73 128 374 159 215 195 174 154 121 97 138 114 100 46 54 96 46 43 81 83 50 91 70 72 48 53 44 55 45 53 50
is_linear=0
shrinkage=0.01


Tree=37
num_leaves=53
num_cat=0
split_feature=42 41 72 66 53 77 22 87 31 90 22 87 4 16 5 32 16 63 74 39 34 62 26 73 63 1 64 39 72 93 78 16 39 22 7 58 77 19 94 78 2 7 34 98 34 25 41 88 90 65 34 60
split_gain=13.1896 11.1383 10.8158 9.86747 9.18739 9.10584 11.4851 9.38199 9.83892 9.2762 9.1648 8.84048 8.69577 8.29739 7.53807 7.19472 7.40004 13.35 7.3306 13.6207 12.5559 9.1346 8.95267 8.61688 7.28438 7.27239 6.88231 8.1265 7.15424 6.80582 6.56121 6.42996 7.08651 6.40546 6.97484 7.64893 6.39122 6.14603 5.96314 5.47711 5.02564 4.91357 4.9 4.87558 4.8 3.91837 3.6 3.6 3.42857 3.23269 2.15111 1.82508
threshold=345.25000000000006 46.750000000000007 1456.5065000000002 1409.1010000000003 3.5000000000000004 2549.776923768261 88.250000000000014 0.82291666666666685 11.775000000000002 1459.0327500000003 65.750000000000014 0.86458333333333337 2992.0900000000006 6141.7000000000007 6695.5300000000007 269.75000000000006 5737.8000000000011 31887.950000000004 1508.1703645833338 205.25000000000003 79.750000000000014 1621.9460000000001 0.75000000000000011 0.99950000000000017 29872.900000000005 15695.100000000002 1191.8245000000002 198.25000000000003 959.8850000000001 418.1136842105264 1182.9558506944447 5405.8500000000013 194.25000000000003 92.250000000000014 3250.9000000000005 -0.93301270189221919 3984.9532746945038 773.55000000000007 668242.1912046877 1348.6250277777781 2660.8000000000006 70.220000000000013 42.750000000000007 0.21180555555555561 95.750000000000014 209.25000000000003 78.250000000000014 7463.7922916666676 1955.7247500000001 30258.900000000005 78.750000000000014 1398.6000000000001
decision_type=2 2 2 2 2 2 2 2 2 2 2 2 2 2 2 2 2 2 2 2 2 2 2 2 2 2 2 2 2 2 2 2 2 2 2 2 2 2 2 2 2 2 2 2 2 2 2 2 2 2 2 2
left_child=1 2 43 13 -4 6 -3 8 15 36 -11 -9 -12 -2 48 18 -17 25 21 20 24 22 23 -7 -20 -18 28 39 31 30 50 32 -24 34 35 -33 -10 -37 -13 41 -25 51 -6 -1 46 -19 -39 -8 -14 -42 -30 -28
right_child=3 5 4 -5 42 7 47 11 9 10 12 38 14 -15 -16 16 17 45 19 -21 -22 -23 26 40 -26 -27 27 -29 29 -31 -32 33 -34 -35 -36 37 -38 44 -40 -41 49 -43 -44 -45 -46 -47 -48 -49 -50 -51 -52 -53
leaf_value=0.83520936549001445 -0.33918600573139451 1.5239046864189905 1.1015421989753689 2.8576265929848721 -0.89831228680613451 0.056775187640774397 -0.88105792115931225 -3.1250091272323619 -0.02638869193620887 0.057117162794107106 0.061553522978777073 0.0033047870085381849 -1.6395967086153158 2.2891658308601595 -0.00021533675590539757 -1.9533190753995098 -0.060274882877160964 -0.0037758139179736279 -0.0047182843408308363 2.2729810515638276 -0.025531285099536248 -0.4593277074932271 0.0017902633625731155 -0.042880769745505171 1.1838517955407903 2.0372403210726722 2.2572283180325416 -0.11636074036087317 -2.5554093844405106 0.0784182572602002 -0.012248005629069881 0.069238323269407986 4.5135382509616022 -0.029079898713209019 -0.049509446508770295 -0.044409130570862328 -5.5006551365463183 0.092663121496460485 -6.7293666398097285 0.0010414555615128429 -1.990610642801566 1.5297631850531346 -2.3447316257145143 3.6538266306286267 5.6281655845080696 -0.2396517280022365 -0.016166234420641051 0.081956310867587381 -0.1751376358251448 -1.7246070294594031 -2.2615032182993184 5.2338190686745723
leaf_weight=32 21 33 22 24 20 22 20 25 36 31 22 39 21 22 27 34 26 21 22 31 35 26 33 26 30 21 20 27 20 23 29 21 28 27 29 21 34 20 25 32 32 39 20 31 20 28 20 20 21 20 25 23
leaf_count=32 21 33 22 24 20 22 20 25 36 31 22 39 21 22 27 34 26 21 22 31 35 26 33 26 30 21 20 27 20 23 29 21 28 27 29 21 34 20 25 32 32 39 20 31 20 28 20 20 21 20 25 23
internal_value=-0.000297749 -0.000519084 0.00232 0.00402985 -0.000645161 -0.000818565 0.00260274 -0.00104317 -0.000772239 -0.0028125 -0.00114754 -0.0041573 -0.00274725 0.00116279 -0.00449275 -0.000300842 -0.00246154 -0.00104167 9.98573e-05 0.00237288 0.000344828 -0.000360206 -8.97666e-05 -0.0028 0.00346154 0.00276596 0.000503282 0.00234043 -0.000316456 -0.00257732 -0.00405405 0.000684932 0.00344262 -0.000379747 0.000534351 0.00176471 -0.00571429 0.00037037 -0.0021875 0.00350877 -0.00435897 0.00487805 -0.0035 0.0052381 0.002 -0.00469388 0 -0.001 -0.00714286 -0.00615385 -0.00644444 0.0072093
internal_weight=1377 1310 125 67 62 1185 73 1112 1023 192 122 89 91 43 69 831 130 96 701 118 87 583 557 100 52 47 457 141 316 97 74 219 61 158 131 102 70 81 64 114 78 82 40 63 60 49 40 40 42 52 45 43
internal_count=1377 1310 125 67 62 1185 73 1112 1023 192 122 89 91 43 69 831 130 96 701 118 87 583 557 100 52 47 457 141 316 97 74 219 61 158 131 102 70 81 64 114 78 82 40 63 60 49 40 40 42 52 45 43
is_linear=0
shrinkage=0.01


Tree=38
num_leaves=51
num_cat=0
split_feature=69 0 100 2 2 29 93 30 4 24 88 88 6 4 2 25 4 68 76 46 2 4 83 30 64 42 79 19 76 34 66 13 2 2 81 30 92 2 4 92 92 68 2 2 24 83 94 13 46 24
split_gain=17.4656 26.4898 16.992 13.7953 13.1535 11.6837 10.2677 8.78802 8.2737 7.68094 8.51362 8.3151 9.10633 7.42357 7.43623 11.6286 7.98994 7.26286 6.89883 6.49814 6.38946 7.96555 7.02103 11.2905 9.29607 6.80858 6.09524 6.06087 5.89522 7.08128 15.6478 5.89474 5.70182 5.60983 5.47236 5.17145 7.32746 5.07686 5.05606 4.79202 4.7138 4.56053 4.51353 4.19303 3.81733 3.75566 3.64804 3.25952 3.13043 2.40803
threshold=32182.600000000002 31683.450000000001 0.010416666666666668 3009.4540000000002 2601.3500000000004 89.250000000000014 418.43631578947372 33.250000000000007 9803.7500000000018 17.025000000000002 4400.4758333333339 5330.8889583333339 4725.4850000000015 8768.3500000000004 2508.9500000000003 61.750000000000014 3391.1550000000007 1234.0500000000002 29813.255208333332 102.7050018310547 3438.5555000000004 15186.235000000002 2521.4500000000012 80.750000000000014 225.00000000000003 109.6800003051758 550.47013828753666 898.80000000000007 35144.296875000007 48.250000000000007 1128.1815000000004 10598.050000000001 3321.3500000000004 2687.2000000000003 4136.4604084679577 98.750000000000014 22252.888456250006 2433.3000000000006 3507.7250000000004 24426.077575000003 28083.857618750004 1148.2645000000002 2667.2500000000005 2487.4500000000003 7.375 2065.4000000000001 663301.9287790627 2864.2000000000003 103.62500000000001 9.4750000000000014
decision_type=2 2 2 2 2 2 2 2 2 2 2 2 2 2 2 2 2 2 2 2 2 2 2 2 2 2 2 2 2 2 2 2 2 2 2 2 2 2 2 2 2 2 2 2 2 2 2 2 2 2
left_child=1 2 43 5 39 8 17 34 13 10 28 12 -12 14 16 18 -4 -7 -16 27 22 25 23 26 31 -22 -13 38 29 -9 -31 -24 44 37 -6 -25 -37 -10 -3 -2 -41 -18 -17 -1 -21 -38 47 -45 -5 -46
right_child=4 19 3 48 7 6 -8 9 33 -11 11 20 -14 -15 15 42 41 -19 -20 32 21 -23 24 35 -26 -27 -28 -29 -30 30 -32 -33 -34 -35 -36 36 45 -39 -40 40 -42 -43 -44 46 49 -47 -48 -49 -50 -51
leaf_value=-0.022575588936065715 -0.030825035433599407 0.016241308695219649 0.18297730746153854 -0.017940353859356099 0.066926596705812524 1.318047299612801 3.9081657874740774 -2.127674157621366 0.11629112760596112 0.23505107110056955 -0.04260142548802337 -0.015421100598600791 0.89308435951070897 -3.4152749053580482 -1.8235114550388773 4.4245000573472693 -0.20126740731248863 -0.061953135163912099 0.052655363931032734 2.5108058964100088 -1.8903003117705668 -0.0011941129377678705 0.66664694035546845 -4.8847141108488801 3.3641292027492984 -0.080776029229593441 0.086708169948956443 -0.040706137668263392 -1.5832403933016153 -3.0863595762324998 0.80041126746286284 -0.17839732357647253 5.77319461081093 0.14049952316773809 -0.0033021132255263096 0.82430242114038532 -0.026980036715620201 -0.03828738048960359 0.90963253747205586 -2.2060678728123562 -4.2985963208903044 -5.1790526135515735 0.075122064222753124 -1.0859153928426295 0.00093906067956782467 -5.0623831484172968 -0.039111598609679742 -2.7379486745632984 -0.082661434146045029 1.0397006846992705
leaf_weight=21 24 23 37 23 31 39 27 25 22 26 29 21 23 25 29 26 37 31 27 29 31 32 21 37 30 23 21 29 38 22 25 36 24 22 35 20 35 23 30 33 21 22 33 28 20 22 20 20 23 26
leaf_count=21 24 23 37 23 31 39 27 25 22 26 29 21 23 25 29 26 37 31 27 29 31 32 21 37 30 23 21 29 38 22 25 36 24 22 35 20 35 23 30 33 21 22 33 28 20 22 20 20 23 26
internal_value=-0.000355846 0.000726257 -0.000392523 0.000403587 -0.00152799 0.001 0.00402062 -0.00101201 3.30033e-05 -0.00145068 -0.00173116 -0.00102362 0.00269231 -0.000847458 -0.000236967 0.00147826 -0.00229167 0.002 -0.00178571 0.00403315 -0.00161094 -0.00395349 -0.000781893 -0.00205128 0.00149425 -0.0062963 0.00238095 0.00195122 -0.00418182 -0.0025 -0.000212766 -0.000877193 0.00575758 0.00313433 0.00242424 -0.00368421 -0.00220779 0.00111111 0.00396226 -0.00538462 -0.00703704 -0.00457627 0.00457627 -0.00438202 0.0044 -0.00403509 -0.00558824 -0.00708333 -0.00478261 0.0026087
internal_weight=1377 716 535 446 661 400 97 583 303 517 491 381 52 236 211 115 96 70 56 181 329 86 243 156 87 54 42 82 110 72 47 57 99 67 66 114 77 45 53 78 54 59 59 89 75 57 68 48 46 46
internal_count=1377 716 535 446 661 400 97 583 303 517 491 381 52 236 211 115 96 70 56 181 329 86 243 156 87 54 42 82 110 72 47 57 99 67 66 114 77 45 53 78 54 59 59 89 75 57 68 48 46 46
is_linear=0
shrinkage=0.01


Tree=39
num_leaves=53
num_cat=0
split_feature=31 71 14 43 88 36 27 94 1 76 82 46 76 36 58 40 43 26 76 94 68 1 8 8 43 39 20 76 37 76 68 98 78 100 71 26 8 1 46 79 8 43 10 0 43 42 33 26 14 79 33 1
split_gain=12.2641 12.0152 10.8393 9.3706 8.85233 11.9958 9.70851 8.8037 10.612 15.0251 11.5968 10.445 9.2283 8.51475 12.968 10.6132 8.07692 7.62001 7.58642 7.23057 12.3094 9.10357 8.84097 7.33393 10.5144 7.06771 6.51271 7.8379 6.48772 6.26798 6.01654 6.30058 5.83333 5.74986 8.79513 5.73019 5.49147 5.4 5.3944 4.9373 4.84613 8.44264 4.79649 9.75238 4.58009 4.29078 4.20746 4.14816 3.33333 3.04621 2.5 0.942857
threshold=11.525000000000002 1348.0445000000002 13347.1 75.049999237060561 7999.2702083333343 79.250000000000014 22.750000000000004 515480.02760687511 15135.300000000001 34047.06354166667 1499.5000000000002 97.665000915527358 33057.500000000007 84.750000000000014 -0.93301270189221919 143.25000000000003 84.399997711181655 79.750000000000014 29764.226041666672 618513.94615687511 748.22150000000011 13619.250000000002 398.60444444444448 399.35972222222227 79.130001068115249 188.25000000000003 2419.3000000000006 37730.195833333339 96.250000000000014 28311.468750000004 1475.4665000000002 0.45486111111111116 1431.3193645833337 0.052083333333333336 888.37950000000012 39.250000000000007 415.18881578947372 14183.450000000003 104.11500167846681 382.62320753148515 415.85802275960174 83.68500137329103 39878.850000000013 34566.400000000009 79.009998321533217 99.875000000000014 137.25000000000003 65.250000000000014 16592.500000000004 524.67792257905819 69.250000000000014 15079.748000000001
decision_type=2 2 2 2 2 2 2 2 2 2 2 2 2 2 2 2 2 2 2 2 2 2 2 2 2 2 2 2 2 2 2 2 2 2 2 2 2 2 2 2 2 2 2 2 2 2 2 2 2 2 2 2
left_child=1 7 3 -3 5 6 -2 26 9 12 11 39 19 40 -15 42 -17 -6 -8 33 22 23 -21 -22 -25 -11 27 45 37 -23 31 51 50 -9 -35 -24 -5 -7 -20 -10 -13 -42 43 44 -16 -1 -44 -31 -30 -29 -32 -4
right_child=4 2 30 36 17 28 18 8 10 25 -12 13 -14 14 15 16 -18 -19 38 20 21 29 35 24 -26 -27 -28 49 48 47 32 -33 -34 34 -36 -37 -38 -39 -40 -41 41 -43 46 -45 -46 -47 -48 -49 -50 -51 -52 -53
leaf_value=1.2074512980844814 -1.3747927222978262 0.012660054149300911 2.9238662361922638 -0.00244480574220333 -0.0037845593658211475 -2.3907546758360954 1.6847226316658266 -0.3119286912795548 0.017244757068921601 -0.013360220325281922 11.05690167500984 1.6309630490282867 1.0532553014830015 1.7947155659913956 -3.15458729966935 0.080179698645813632 -0.12966403903908708 0.16626085815826652 0.0596759030346782 5.081157401136152 -6.8383478378165199 -0.038984035848400052 -0.11325219333527542 0.88693839239613925 -0.041006508920643142 -1.2010510365078788 -1.8498592103969975 -2.1457147627857682 -5.3889173731479154 -1.3389120175918954 -0.28591256581580354 1.3024014929955468 0.19391439291309504 0.25771510185205265 8.8013097376112555 0.028792599288281123 -0.020581463737424484 -0.0057247114419654802 -0.14382864041003704 1.3715130664499262 -0.04217541123314314 0.048381477860165577 -1.5645944048540952 0.029332680827369395 -0.079968268937297499 -0.031150451941332733 -0.04650620953715668 -1.7172444457514195 -7.8078706696260385 -0.45206298075764717 1.1040433001260124 4.1548969686699824
leaf_weight=20 22 28 22 38 33 30 24 26 23 20 33 24 21 27 21 39 21 21 26 22 20 22 21 25 39 37 34 21 30 34 20 26 30 22 21 25 20 30 27 31 27 23 22 30 33 27 30 23 24 22 20 20
leaf_count=20 22 28 22 38 33 30 24 26 23 20 33 24 21 27 21 39 21 21 26 22 20 22 21 25 39 37 34 21 30 34 20 26 30 22 21 25 20 30 27 31 27 23 22 30 33 27 30 23 24 22 20 20
internal_value=-0.000210603 0.000252252 0.00232143 -0.000465116 -0.00213483 -0.00305164 -0.000505051 -0.00027088 0.000131234 -0.0010582 0.00130208 0.000769231 -0.000218069 3.367e-05 -0.000941704 -0.00183673 0.00166667 0.00148148 0.00116883 -0.000666667 -0.00151515 -0.00300613 0.00205882 -0.000714286 0.0009375 -0.00578947 -0.00274194 -0.00133333 -0.00526316 -0.00544304 0.00405797 0.00617647 0.002 0.00217391 0.0044186 -0.000434783 -0.00275862 -0.003 -0.000943396 0.00481481 0.00297297 0.0012 -0.00338235 -0.00190476 -0.00444444 0.00148936 -0.00576923 -0.00719298 -0.00777778 -0.0044186 -0.0005 0.00857143
internal_weight=1377 1110 224 86 267 213 99 886 762 378 384 351 321 297 223 196 60 54 77 300 231 163 68 84 64 57 124 90 114 79 138 68 70 69 43 46 58 60 53 54 74 50 136 84 54 47 52 57 54 43 40 42
internal_count=1377 1110 224 86 267 213 99 886 762 378 384 351 321 297 223 196 60 54 77 300 231 163 68 84 64 57 124 90 114 79 138 68 70 69 43 46 58 60 53 54 74 50 136 84 54 47 52 57 54 43 40 42
is_linear=0
shrinkage=0.01


Tree=40
num_leaves=53
num_cat=0
split_feature=94 73 33 71 17 2 17 46 4 73 64 81 8 30 19 77 24 79 39 21 78 46 77 24 31 74 68 64 46 4 24 31 4 37 56 64 1 10 68 38 3 1 34 2 21 68 24 24 28 67 24 1
split_gain=14.9759 16.6759 10.7114 10.5926 11.8347 10.4581 10.7381 7.24289 7.89503 20.0918 12.3269 14.6929 10.6327 10.1344 10.0123 8.5321 9.55186 8.49864 9.53124 13.9197 9.31711 8.33222 7.29942 6.86599 6.90003 6.49963 5.98893 6.40346 5.853 5.75354 5.63568 5.60565 7.46699 6.61909 5.29303 5.26753 5.11537 4.96409 4.80871 4.80027 4.78025 7.1254 4.68387 4.61381 4.1166 4.03081 2.95662 3.70553 2.71033 2.52723 1.71163 0.9
threshold=515480.02760687511 1427.3000000000002 221.25000000000003 1358.2010000000002 16.850000000000005 3791.3005000000007 275.80000000000001 90.680000305175795 7056.9250000000011 1505.6875000000002 1540.3000000000004 4046.2909245482733 392.85416666666669 99.750000000000014 435.25000000000006 2634.8538486856883 6.9750000000000005 446.91132531714862 175.75000000000003 26.375000000000004 1173.7365416666669 104.22000122070314 3817.9723889574107 12.575000000000001 7.6750000000000016 1308.7880000000002 1503.4000000000003 1299.8000000000002 102.53499984741212 10539.385 10.425000000000002 6.1250000000000009 9880.9200000000019 68.250000000000014 -1.0000000180025095e-35 878.2555000000001 15511.250000000002 33099.950000000004 1355.7645000000002 7.1750000000000016 15137.600000000002 19085.541000000001 78.750000000000014 2886.6000000000004 20.575000000000006 1778.5500000000002 7.9250000000000016 11.925000000000002 28.225000000000005 29307.350000000002 10.125000000000002 14281.300000000001
decision_type=2 2 2 2 2 2 2 2 2 2 2 2 2 2 2 2 2 2 2 2 2 2 2 2 2 2 2 2 2 2 2 2 2 2 2 2 2 2 2 2 2 2 2 2 2 2 2 2 2 2 2 2
left_child=1 3 5 4 -1 6 7 35 9 17 44 45 -10 15 -15 48 21 23 26 20 36 42 49 24 34 40 46 -28 -8 -24 -31 33 -33 -18 -9 -2 -20 -26 -25 -35 -6 -42 -17 -13 -11 -12 51 -48 -14 -16 -3 -19
right_child=2 50 -4 -5 25 -7 28 8 12 10 11 43 13 14 22 16 31 18 19 -21 -22 -23 29 38 37 -27 27 -29 -30 30 -32 32 -34 39 -36 -37 -38 -39 -40 -41 41 -43 -44 -45 -46 -47 47 -49 -50 -51 -52 -53
leaf_value=0.069945668489151139 -3.8721088787564613 -2.9613840890380665 1.4993968666093909 3.1043214112564983 -1.5010540993654418 3.0975118150047467 1.7795969910992893 -0.91465394685687018 -7.6345383931949256 -2.929115057721313 0.0086598830104605267 -0.023914311425421216 1.5926448836284055 0.13485995518474961 -0.067440642894835479 -0.138222745213328 -0.006828591060057807 2.3012838975372749 -0.24420858157947606 2.5631836392578879 0.53974486499841168 0.10961496068944276 -0.11211967140192267 1.2064528967026598 -0.094364994617907955 0.0068111061418614565 -2.6005830474506961 2.7010457764433284 0.29360814710393784 0.048000574316780169 -0.03859380727861194 0.22426473149655202 -0.1639216068886665 6.1918569115059201 0.077349643811732441 -0.14137882260220791 -0.02379857413231198 -0.88608703250788357 0.0075637869830742777 0.032757937008377758 0.015193758129947067 -0.85292347725233797 -0.065912340829642591 -0.036155596100997611 -0.032120424895210012 0.015850391874326783 0.079744010732010859 3.6140182091936981 5.303747225285373 -3.4970418239574896 -2.6211309587724534 6.544454890760699
leaf_weight=24 20 23 31 24 36 30 26 36 24 30 25 35 23 22 20 32 20 20 22 27 21 25 39 24 34 31 22 20 35 33 20 22 38 38 38 22 31 22 25 25 24 21 30 22 23 21 22 24 21 29 20 20
leaf_count=24 20 23 31 24 36 30 26 36 24 30 25 35 23 22 20 32 20 20 22 27 21 25 39 24 34 31 22 20 35 33 20 22 38 38 38 22 31 22 25 25 24 21 30 22 23 21 22 24 21 29 20 20
internal_value=-0.000100575 -0.00261084 0.000328007 -0.001125 -0.00220588 0.000172712 1.77305e-05 -0.000215558 -4.87805e-05 0.000744681 -0.00230769 -0.000291262 -0.00101952 -0.000663616 -0.00263804 0.000510949 -0.00026087 0.00191176 0.00318777 0.000891089 -0.00135135 -0.00287356 -0.00361702 0.00027933 -0.000923077 -0.00357143 0.005 0.00190476 0.00409836 -0.00195652 0.000188679 0.00132867 -0.001 0.00301205 0.00108108 -0.00428571 -0.00358491 -0.00357143 0.00346939 0.00460317 -0.00506173 -0.00288889 -0.00483871 -0.00368421 -0.00622642 0.00391304 0.00651163 0.00478261 0.00454545 -0.00673469 -0.00813953 0.0085
internal_weight=1392 203 1189 160 136 1158 1128 1067 1025 564 156 103 461 437 163 274 230 408 229 101 74 87 141 179 130 112 128 42 61 92 53 143 60 83 74 42 53 56 49 63 81 45 62 57 53 46 86 46 44 49 43 40
internal_count=1392 203 1189 160 136 1158 1128 1067 1025 564 156 103 461 437 163 274 230 408 229 101 74 87 141 179 130 112 128 42 61 92 53 143 60 83 74 42 53 56 49 63 81 45 62 57 53 46 86 46 44 49 43 40
is_linear=0
shrinkage=0.01


Tree=41
num_leaves=53
num_cat=0
split_feature=73 94 96 69 16 29 81 0 29 77 38 72 92 79 27 94 3 88 75 62 62 16 46 64 92 22 67 81 3 87 94 72 76 94 32 75 16 67 73 75 65 83 79 88 46 57 45 17 22 75 35 88
split_gain=15.2846 18.1196 15.4438 10.1556 18.1284 13.224 10.0812 9.96267 11.3356 13.7115 9.98553 9.40418 15.2593 9.3892 8.89284 9.34807 13.0012 8.79055 8.05007 9.75238 7.79715 7.63886 7.29523 7.04613 6.4242 6.20677 6.66264 7.82609 10.4279 7.334 6.16155 6.09946 5.86955 5.71667 5.71345 7.37746 7.76989 6.7972 5.50005 5.30719 4.7778 4.66667 4.47383 6.94286 4.34295 3.78762 3.61417 3.66959 3.26168 3.00444 2.87234 1.74545
threshold=1427.3000000000002 517942.73033812508 1.0000000180025095e-35 32641.750000000004 6296.9000000000005 72.250000000000014 4046.2909245482733 24587.500000000004 89.750000000000014 3410.6535541864264 7.1750000000000016 938.20000000000016 23890.272493750006 678.32803238565305 100.75000000000001 432952.64450062515 15326.750000000002 16995.527083333334 460.72793809003559 1499.9900000000002 1503.2870000000003 6611.2500000000009 102.89500045776369 1251.0205000000003 25003.37467500001 93.250000000000014 34741.750000000007 4484.085677201022 13628.350000000002 0.57291666666666685 666487.8624037503 1509.0000000000002 26105.579166666666 724348.60855375021 266.75000000000006 288.45445189329837 5696.9500000000007 32978.950000000004 560.25000000000011 621.89908210915758 28864.900000000005 2238.1000000000026 429.68982969294552 8875.4402083333352 93.529998779296889 -0.22252093395631442 23439.000000000004 155.00000000000003 87.250000000000014 279.94733175813678 26.025000000000002 4294.9708333333338
decision_type=2 2 2 2 2 2 2 2 2 2 2 2 2 2 2 2 2 2 2 2 2 2 2 2 2 2 2 2 2 2 2 2 2 2 2 2 2 2 2 2 2 2 2 2 2 2 2 2 2 2 2 2
left_child=2 51 3 4 5 -1 20 -7 9 32 45 17 -13 14 15 -5 18 25 19 -17 33 31 -18 42 -25 26 34 28 -28 -30 41 -8 -9 -3 35 -4 -37 -38 -6 -20 -40 -22 49 -44 -34 -10 -33 -48 -16 -11 -14 -2
right_child=1 6 11 13 38 7 21 8 10 23 -12 12 50 -15 48 16 22 -19 39 -21 30 -23 -24 24 -26 -27 27 -29 29 -31 -32 46 44 -35 -36 36 37 -39 40 -41 -42 -43 43 -45 -46 -47 47 -49 -50 -51 -52 -53
leaf_value=5.2742500756423327 -3.6471110255894024 -2.2339518388681778 -0.069677776413954076 -1.9230744017435553 7.911940915454343 1.949956278403095 -0.017251845685339617 -0.057635903138511461 0.67539231031280578 -1.4827658524609075 -0.15325393889722858 0.035277600149232903 -8.3469747972687518 -3.7996799884960843 -0.034202055928948295 -3.4631508631393699 0.064156505334439354 -0.058379209710373026 0.72419928014095536 2.237564696653056 1.1201950720075819 0.011324516178627312 4.4369483473257034 -0.057265336231457249 0.043986232008531988 -0.061592908313485142 -0.035058111117963545 -0.10076639543019038 4.2617607943025657 -0.030311668160903801 0.015691887955583517 -2.8346507965871433 0.14103344792857939 0.013489491530835354 9.2640981365309436 -0.0087808312014274418 1.6872445602303117 0.0016178206669591594 0.38739840750056359 -0.0097968671356456222 2.2429257369395232 -0.013524138804434913 0.0082648084336101602 -0.78777533722941839 3.1796371329596469 2.9345835415606416 -1.6044831278173726 -0.012912542683984564 -0.32848771690229073 -1.4618817175121404 -8.37737900807244 -2.5464610906556806
leaf_weight=37 24 28 21 28 38 27 25 20 31 20 33 21 20 23 20 28 39 20 29 20 21 35 32 29 35 39 21 23 36 35 23 25 27 20 23 38 26 22 30 21 23 21 28 20 20 29 22 21 23 25 27 20
leaf_count=37 24 28 21 28 38 27 25 20 31 20 33 21 20 23 20 28 39 20 29 20 21 35 32 29 35 39 21 23 36 35 23 25 27 20 23 38 26 22 30 21 23 21 28 20 20 29 22 21 23 25 27 20
internal_value=-0.000215517 -0.0022807 0.00031617 0.00115646 0.0020339 0.00107612 -0.00120332 0.000465116 -3.15457e-05 -0.00125 0.00290323 -0.00134409 -0.00470588 -0.000418251 0.000166667 0.00106599 0.00195266 -0.000592105 -0.000408163 -0.00333333 0.000973451 -0.003125 0.00521127 -0.00286624 -0.0003125 -0.000140845 0.00044898 -0.00130435 0 0.00183099 0.00323077 -0.00462366 0.00253731 -0.00208333 0.002 0.00102804 0.00232558 0.005 0.00604396 0.0024 0.00396226 0.000952381 -0.00462366 -0.0025 0.00446809 0.00533333 -0.00617647 -0.0044186 -0.00395349 -0.00688889 -0.00787234 -0.00818182
internal_weight=1392 285 1107 735 472 381 241 344 317 224 93 372 68 263 240 197 169 304 98 48 113 128 71 157 64 284 245 115 92 71 65 93 67 48 130 107 86 48 91 50 53 42 93 48 47 60 68 43 43 45 47 44
internal_count=1392 285 1107 735 472 381 241 344 317 224 93 372 68 263 240 197 169 304 98 48 113 128 71 157 64 284 245 115 92 71 65 93 67 48 130 107 86 48 91 50 53 42 93 48 47 60 68 43 43 45 47 44
is_linear=0
shrinkage=0.01


Tree=42
num_leaves=54
num_cat=0
split_feature=80 26 8 72 88 28 78 88 5 77 28 69 83 77 75 1 86 11 68 13 78 41 28 20 82 4 8 80 1 78 67 4 31 45 31 77 31 6 35 1 65 84 26 8 69 89 80 40 42 13 33 83 11
split_gain=13.3988 11.5013 13.3375 12.3657 15.7195 11.1186 9.77265 9.33409 8.19376 8.11366 10.4966 7.90639 7.71116 7.78378 7.39297 7.36374 7.30739 7.12071 6.90128 14.2904 10.6078 11.2836 10.1933 9.09091 7.48444 7.47534 7.36917 7.22051 6.75 6.66829 6.48262 6.48148 6.20273 11.2078 7.23055 8.57448 7.44566 5.9645 5.67326 5.58878 5.45701 8.41187 5.84833 5.22667 4.87013 4.80159 4.66765 3.40409 4.26087 3.32814 1.92 1.64666 1.05
threshold=34097.063888888901 136.25000000000003 395.22375000000005 1503.1500000000003 4632.1172916666665 31.425000000000004 1131.6787013888891 3419.256041666667 2843.8300000000004 4651.5934787748156 22.725000000000005 27877.850000000002 1874.8500000000006 3919.2358028684534 346.59320019092439 13554.500000000002 956.7890000000001 37809.950000000004 1348.6445000000001 2481.7000000000003 603.5470034722224 96.750000000000014 23.275000000000002 1047.4500000000003 -0.053999999999986829 16047.420000000002 411.59644736842114 37033.331597222226 14242.000000000002 819.59330208333347 35043.30000000001 9880.9200000000019 4.6750000000000016 23391.000000000004 6.2250000000000005 2671.834551632342 7.2250000000000005 11928.690000000002 23.675000000000004 18285.659500000005 28683.750000000004 1213.8809166666667 54.750000000000007 417.85973684210529 30243.450000000004 1514.0689687500001 31549.965277777785 57.250000000000007 127.82500076293947 11026.400000000001 141.75000000000003 2405.4500000000012 37528.80000000001
decision_type=2 2 2 2 2 2 2 2 2 2 2 2 2 2 2 2 2 2 2 2 2 2 2 2 2 2 2 2 2 2 2 2 2 2 2 2 2 2 2 2 2 2 2 2 2 2 2 2 2 2 2 2 2
left_child=1 2 11 8 7 15 17 -5 -4 10 14 -1 28 -14 44 -2 32 -6 20 22 25 24 -20 -23 31 27 -26 30 -8 -3 49 -22 33 -12 -34 -36 -37 -27 -9 51 41 42 -38 50 -10 -28 52 -16 -49 -17 -21 -29 -40
right_child=5 29 3 4 6 -7 12 38 9 -11 16 -13 13 -15 47 18 -18 -19 19 43 21 23 -24 -25 26 37 45 39 -30 -31 -32 -33 34 -35 35 36 40 -39 46 -41 -42 -43 -44 -45 -46 -47 -48 48 -50 -51 -52 -53 -54
leaf_value=0.018170030491585644 -3.338939505493304 4.9589950140155272 -2.0458938751404907 0.012635259726343257 -3.4619422802910749 5.2173886772270075 0.015854385595671747 -0.1628247321927537 -0.26026542948660442 -0.15209397199520869 -1.733131275166873 -6.2992965828847147 0.043074311033419382 -0.13604888999293022 3.1331353852139534 0.089253138789157027 1.139019573368254 0.024453096997445148 -1.9739512318593655 -5.8842268926365726 -0.039448042372033656 -1.3199694544236464 0.069233342713219306 0.0015784019235337465 -0.11254236184957968 0.020383581451146712 0.094216743338968512 -0.036169652255206027 1.3406036516042941 0.030970821838409587 -0.062026082153109563 1.8279697248016149 3.2500694068522478 0.23929781909299397 0.7302725226569714 -0.15067327481936613 0.09715554141013906 -0.044367791910216683 -1.7776787125727251 -0.04106246259318521 0.76704509315132585 -0.30397675916092348 -0.0065405784483720947 -2.2449101760829042 1.9239781819165656 5.0175312059001342 -2.3504811328969484 0.13098192641750481 4.41184751262732 -0.048043673729719849 -0.28880566863734108 -0.047074824125300591 -0.56494987066647939
leaf_weight=20 20 26 31 32 33 33 24 20 22 21 35 31 37 37 22 22 32 29 21 30 27 22 22 22 20 22 36 33 24 28 23 21 36 39 22 20 31 20 28 25 31 21 30 25 20 20 20 23 23 20 20 20 20
leaf_count=20 20 26 31 32 33 33 24 20 22 21 35 31 37 37 22 22 32 29 21 30 27 22 22 22 20 22 36 33 24 28 23 21 36 39 22 20 31 20 28 25 31 21 30 25 20 20 20 23 23 20 20 20 20
internal_value=-0.000416667 0.000345622 4.914e-05 0.000380079 -0.00118421 -0.00167939 0.000652174 -0.004 0.00141612 0.0017757 0.00208845 -0.00490196 0.00229508 0.00027027 0.00472727 -0.00205703 0.00111111 -0.00258065 -0.00180467 -0.00389831 -0.00110482 0.000714286 0.000697674 -0.00363636 0.00225806 -0.00275676 0.00421053 -0.00384615 0.00541667 0.00481481 -0.00138462 -0.000833333 0.000566038 -0.00189189 0.00151832 0.000580645 -0.00037594 0.000952381 -0.00568182 -0.00589744 0.000619469 -0.000731707 0.00114754 -0.00653333 0.00142857 0.00607143 -0.00705882 0.00676471 0.00521739 0.000952381 -0.0084 -0.00773585 -0.00875
internal_weight=1392 868 814 763 304 524 184 120 459 428 407 51 122 74 110 491 297 62 471 118 353 168 43 44 124 185 76 143 48 54 65 48 265 74 191 155 133 42 88 78 113 82 61 75 42 56 68 68 46 42 50 53 48
internal_count=1392 868 814 763 304 524 184 120 459 428 407 51 122 74 110 491 297 62 471 118 353 168 43 44 124 185 76 143 48 54 65 48 265 74 191 155 133 42 88 78 113 82 61 75 42 56 68 68 46 42 50 53 48
is_linear=0
shrinkage=0.01


Tree=43
num_leaves=56
num_cat=0
split_feature=94 73 62 98 77 7 83 32 75 75 73 79 43 27 3 43 38 19 38 3 24 83 97 30 73 64 80 100 38 79 81 24 63 32 76 76 57 100 98 73 91 24 32 53 24 40 27 70 77 40 4 3 24 38 7
split_gain=11.7435 16.6759 11.9129 14.2274 11.2584 8.62224 13.5453 9.52381 8.43887 9.4635 11.9145 9.7154 8.76719 8.04348 7.93926 7.6719 9.33346 8.84889 8.32136 11.5513 6.87822 6.72819 6.52466 6.14103 6.49489 5.95832 8.29897 8.00672 8.40841 5.82781 5.74888 7.73571 5.43241 5.33333 4.99682 8.25241 8.07518 7.27921 9.70702 6.40048 8.05818 7.14286 4.97452 4.60909 3.9636 3.6 3.49898 3.27722 2.71515 2.67442 2.67147 2.5 1.71163 1.6 0.9
threshold=515480.02760687511 1427.3000000000002 937.39800000000014 0.072916666666666685 2671.834551632342 20.505000000000006 2525.3999999999983 252.75000000000003 112.01315862931951 464.14774777946667 1393.1000000000001 239.65813367669145 74.034999847412124 83.250000000000014 14791.048500000003 79.895000457763686 6.4750000000000005 717.50000000000011 4.3750000000000009 15311.600000000002 7.7750000000000012 2272.200000000003 0.71875000000000011 44.750000000000007 749.95000000000016 890.23800000000017 29671.561805555564 0.30902777777777785 3.7750000000000004 670.74973420661638 4118.6003527074963 7.9750000000000005 30962.200000000001 208.25000000000003 35731.382291666676 34748.615625000006 -0.22252093395631442 0.49652777777777785 0.010416666666666668 1.3660000000000003 34079.748400000011 10.225000000000001 214.75000000000003 2.5000000000000004 8.0750000000000028 87.250000000000014 27.250000000000004 1499.9500000000003 3995.0372167181936 135.25000000000003 3797.4350000000004 14126.700000000003 10.125000000000002 7.6750000000000016 1529.6650000000002
decision_type=2 2 2 2 2 2 2 2 2 2 2 2 2 2 2 2 2 2 2 2 2 2 2 2 2 2 2 2 2 2 2 2 2 2 2 2 2 2 2 2 2 2 2 2 2 2 2 2 2 2 2 2 2 2 2
left_child=1 15 5 -4 47 6 14 -8 13 10 11 51 53 32 23 16 17 -1 19 -19 -14 29 -12 -2 42 27 -27 33 54 30 46 -32 50 -7 35 36 -30 -38 -39 40 41 48 -25 -28 -40 -22 -11 -5 -36 -16 -6 -10 -3 -13 -29
right_child=2 52 3 4 8 25 7 -9 9 21 22 12 20 -15 49 -17 -18 18 -20 -21 45 -23 -24 24 -26 26 43 28 34 -31 31 -33 -34 -35 39 -37 37 38 44 -41 -42 -43 -44 -45 -46 -47 -48 -49 -50 -51 -52 -53 -54 -55 -56
leaf_value=0.015214747569905596 0.0096396589783538118 -2.8755596255731986 2.9969745236663905 3.6607491993500823 0.01503143181443104 0.062459574136367289 -0.051051808478655029 2.8206083983666916 -0.56592788561024587 2.1037615221335728 -2.7902237910181644 2.6450551060097398 -0.11072507222615403 -0.0095157761736786219 -4.9730429627452182 2.4163216765725624 0.54112399911678377 -2.8918307556639609 -1.9412810508026519 0.050727937924145899 6.5573226420799307 -0.03733011756078651 -0.0097588552497895383 0.0057251126722553817 -4.1907043970358302 -4.1648172240818893 -0.045567277907751898 -0.021058807169580755 -7.8409563617554294 -0.25280434309685235 2.3907082480875839 -0.38110665444098374 2.8221526476311225 2.8969872873933502 -0.11681103979026886 0.062043758901301052 -4.5286832219603914 -0.013019791376689785 0.16647538988690766 0.088933908130297043 0.51239732030421403 0.00026834020186443429 -1.1652250142240224 0.017957067403857527 0.37214830888610567 -0.078558660838424318 4.1843535061058272 0.016481610481895385 -0.062325379245309058 -0.036811249812887185 0.066453526647143171 -0.020128043603948948 -2.5393536593650241 0.64802592240538004 -0.057239958904011491
leaf_weight=22 35 23 32 26 25 24 21 21 20 20 35 20 34 38 23 26 38 23 31 20 20 39 36 20 33 21 20 20 34 32 20 28 25 24 20 22 26 23 23 24 20 21 29 24 20 20 27 21 22 20 21 20 20 20 20
leaf_count=22 35 23 32 26 25 24 21 21 20 20 35 20 34 38 23 26 38 23 31 20 20 39 36 20 33 21 20 20 34 32 20 28 25 24 20 22 26 23 23 24 20 21 29 24 20 20 27 21 22 20 21 20 20 20 20
internal_value=-0.000387931 -0.00261084 -8.41043e-06 0.001019 0.000639854 -0.000983607 -0.00267327 0.00238095 0.0002 -0.000485934 -0.00182222 -0.00025974 0.00122807 0.00266055 -0.004 -0.001125 -0.00208955 -0.00375 -0.00540541 -0.00255814 -0.000810811 0.0013253 -0.00521127 -0.00264957 -0.00414634 -0.000147059 -0.00292308 0.000379009 -0.000237288 0.00244094 0.00368421 0.00125 0.00464789 0.00416667 0.000431373 0.00162162 0.000634921 0.00217391 0.00393939 -0.00121495 -0.00253012 -0.00428571 -0.00183673 -0.000454545 0.00674419 0.002 0.00617021 0.00531915 -0.00666667 -0.00767442 0.0026087 -0.0045 -0.00813953 0.005 -0.0045
internal_weight=1392 203 1189 579 547 610 202 42 500 391 225 154 114 109 160 160 134 96 74 43 74 166 71 117 82 408 65 343 295 127 95 48 71 48 255 148 126 92 66 107 83 63 49 44 43 40 47 47 42 43 46 40 43 40 40
internal_count=1392 203 1189 579 547 610 202 42 500 391 225 154 114 109 160 160 134 96 74 43 74 166 71 117 82 408 65 343 295 127 95 48 71 48 255 148 126 92 66 107 83 63 49 44 43 40 47 47 42 43 46 40 43 40 40
is_linear=0
shrinkage=0.01


Tree=44
num_leaves=52
num_cat=0
split_feature=73 94 5 64 79 21 42 79 77 13 8 30 68 11 94 21 27 10 72 39 16 8 88 21 24 43 94 79 8 40 45 16 16 68 40 22 87 13 97 11 11 13 39 19 24 79 39 87 72 30 24
split_gain=16.1228 16.5237 11.3945 16.6491 11.8834 10.3239 9.32794 8.52101 8.80798 8.14955 10.5512 10.2826 7.47735 19.6592 7.38269 8.85836 10.298 10.8554 13.6272 10.7249 11.0458 9.40444 8.46511 8.17376 7.50441 7.40232 7.37989 7.36507 7.64976 10.2605 7.22593 7.20253 7.45437 8.43988 8.81633 6.89655 5.67983 8.81633 6.51905 5.41515 5.01059 4.57333 4.52665 4.06 3.96319 3.83546 3.01225 2.97619 2.94589 2.02341 1.74545
threshold=1398.9500000000003 517942.73033812508 2862.2600000000007 1054.9045000000003 446.91132531714862 17.975000000000005 108.60000228881837 708.15994062793311 4772.3338198908968 3173.4500000000003 422.85084637268852 58.250000000000007 1380.8500000000001 37932.850000000006 491346.38378750015 29.325000000000006 78.750000000000014 42756.500000000007 963.64250000000015 194.75000000000003 5687.2000000000007 413.284564777328 13109.822916666668 26.575000000000006 5.6250000000000009 74.655002593994155 621957.22813125025 226.57087423474147 422.41342105263163 98.750000000000014 23852.500000000004 6317.8000000000011 2720.0500000000006 899.68550000000016 82.750000000000014 90.250000000000014 0.32291666666666669 3641.4500000000003 0.65625000000000011 36033.55000000001 35334.55000000001 6916.1000000000013 202.75000000000003 1618.9000000000003 9.5750000000000011 524.67792257905819 221.25000000000003 0.093750000000000014 1271.1500000000003 92.250000000000014 10.125000000000002
decision_type=2 2 2 2 2 2 2 2 2 2 2 2 2 2 2 2 2 2 2 2 2 2 2 2 2 2 2 2 2 2 2 2 2 2 2 2 2 2 2 2 2 2 2 2 2 2 2 2 2 2 2
left_child=2 50 4 12 44 26 -6 8 27 39 11 -11 14 49 -4 16 23 18 19 20 30 -22 24 31 -21 -17 43 35 36 -30 -18 32 -16 45 -35 -5 37 40 41 -7 -29 -39 -25 -3 -1 -34 -26 -13 -42 -14 -2
right_child=1 5 3 7 6 9 -8 -9 -10 10 -12 47 13 -15 15 25 17 -19 -20 22 21 -23 -24 42 46 -27 -28 28 29 -31 -32 -33 33 34 -36 -37 -38 38 -40 -41 48 -43 -44 -45 -46 -47 -48 -49 -50 -51 -52
leaf_value=-4.142861666585345 -2.9658352692806567 0.075816673469778925 -0.94111435766439588 1.8626387525706185 -1.0606949414600113 -0.0088268940395248817 0.067833198657216889 -0.4321125510166951 -0.8565558344663583 0.0128931781350708 0.16481063598803858 -1.7386045123603355 -1.4318137948277079 0.068441814406575652 0.042367738972887328 6.1635063678862698 -5.3377265732195944 -0.32832952828848144 -4.1396279321671212 -0.020848219097884948 0.12378891897244841 -0.031012193260292833 -0.040654521369271994 0.21664168876586304 3.740621734283021 0.012560002367954307 -2.3890149529644624 1.7060378107837728 1.368656889601968 -0.14025184517718547 -0.0048854855387566514 0.21689270104797545 -3.3135433172857907 0.5037150848352826 -0.76125285002405718 -0.16801142907347619 4.1916794057904427 2.5071271429517057 8.015328607167481 0.032263471222412507 3.270921806025417 -0.13820987866177695 1.5306387754766337 -1.2001889281210572 -0.077762729926826701 -0.01375457150047265 0.42214120747664274 -2.3757909168811997 2.3857278394375663 -10.08799874400265 -2.5139601227713739
leaf_weight=31 24 22 26 29 26 34 38 27 22 26 21 21 20 21 21 23 31 23 30 22 25 20 29 36 26 25 29 39 37 21 20 34 27 28 21 29 23 35 24 39 34 25 22 21 20 20 25 35 39 26 20
leaf_count=31 24 22 26 29 26 34 38 27 22 26 21 21 20 21 21 23 31 23 30 22 25 20 29 36 26 25 29 39 37 21 20 34 27 28 21 29 23 35 24 39 34 25 22 21 20 20 25 35 39 26 20
internal_value=-0.000445402 -0.00253425 0.000109091 0.000456853 -0.00286957 -0.00153226 0 0.00208333 0.002493 -0.000227273 -0.00203883 -0.00365854 -0.000582363 -0.00373134 -0.000187266 7.87402e-05 -0.000347826 -0.00171315 -0.00105263 -0.00010101 -0.0025 0.00111111 0.00215686 0.00129187 0.0039726 0.00416667 -0.00472222 0.00289552 0.00357401 0.000344828 -0.00568627 6.62252e-05 -0.00111111 -0.00229167 0.000612245 -0.000344828 0.00442922 0.00387755 0.00142857 0.00232877 0.00571429 -0.000333333 0.00448276 -0.00209302 -0.00647059 -0.00531915 0.00607843 -0.00607143 0.00726027 -0.0073913 -0.00818182
internal_weight=1392 292 1100 985 115 248 64 384 357 176 103 82 601 67 534 508 460 251 228 198 96 45 102 209 73 48 72 335 277 58 51 151 117 96 49 58 219 196 84 73 112 60 58 43 51 47 51 56 73 46 44
internal_count=1392 292 1100 985 115 248 64 384 357 176 103 82 601 67 534 508 460 251 228 198 96 45 102 209 73 48 72 335 277 58 51 151 117 96 49 58 219 196 84 73 112 60 58 43 51 47 51 56 73 46 44
is_linear=0
shrinkage=0.01


Tree=45
num_leaves=53
num_cat=0
split_feature=94 96 68 91 2 45 69 35 88 2 73 36 42 30 27 32 69 100 5 91 30 44 8 2 97 66 44 42 64 6 39 31 40 66 59 35 21 30 27 21 88 75 62 14 91 100 36 44 75 8 17 94
split_gain=15.3498 16.7006 20.5836 14.4858 10.998 10.572 12.3355 9.38905 12.7025 9.53269 9.29563 9.12905 8.96263 10.3653 9.88193 8.87439 8.12236 7.97727 7.82488 12.5731 9.23756 7.71429 6.96334 6.81714 6.8076 6.61227 6.49152 14.754 6.45211 6.34556 6.89655 6.18822 7.0282 10.3714 8.74486 10.6379 8.33333 6.06188 5.53178 7.38005 5.39413 4.81667 4.58009 4.57619 3.84886 3.73778 2.92943 2.86957 2.67442 2.60999 1.67619 1.51515
threshold=500295.40816062532 1.0000000180025095e-35 1355.7645000000002 20910.570875000001 2601.3500000000004 25365.000000000004 37333.950000000004 27.375000000000004 4632.1172916666665 2869.9440000000004 1212.0175000000002 85.250000000000014 93.799999237060561 92.750000000000014 78.750000000000014 121.25000000000001 33173.950000000004 0.024305555555555556 7837.7500000000009 25875.008762500005 33.250000000000007 3.1345000267028813 417.1629302987198 2699.0625000000005 0.19791666666666671 1417.6400000000001 2.7655000686645512 107.92499923706056 1.0000000180025095e-35 4643.3950000000013 161.25000000000003 16.450000000000003 129.25000000000003 1602.1000000000001 1.0000000180025095e-35 26.575000000000006 26.375000000000004 62.250000000000007 70.750000000000014 20.675000000000001 7729.260416666667 651.58697009083528 1340.3580000000002 19911.250000000004 31082.954125 0.18402777777777782 84.750000000000014 2.7304999828338627 511.33972778071399 405.31888888888892 40.550000000000004 678829.32471718767
decision_type=2 2 2 2 2 2 2 2 2 2 2 2 2 2 2 2 2 2 2 2 2 2 2 2 2 2 2 2 2 2 2 2 2 2 2 2 2 2 2 2 2 2 2 2 2 2 2 2 2 2 2 2
left_child=5 2 3 -2 24 47 10 8 15 22 25 -11 37 14 38 42 45 -9 20 -20 -3 -13 -10 -21 49 -7 41 -28 46 30 -26 32 33 34 35 -15 -34 -5 39 -14 51 43 -6 -25 -29 -16 -22 -1 -36 -4 -24 -30
right_child=1 18 4 12 7 6 -8 17 9 11 -12 21 13 31 16 -17 -18 -19 19 23 28 -23 50 26 29 -27 27 44 40 -31 -32 -33 36 -35 48 -37 -38 -39 -40 -41 -42 -43 -44 -45 -46 -47 -48 -49 -50 -51 -52 -53
leaf_value=-1.8406836532248969 2.7719018408363088 0.017546731670283169 -2.2798945183670059 -0.30727970507836333 -4.3830996239375608 -0.033585105083332172 -2.6721476549039154 -0.0023223782268068037 1.8440123650449125 0.4528906058102487 -2.8171456766246599 0.081608248492488933 2.965137662178734 -0.67859628790675364 0.41791979540187635 0.052813266870967476 -0.15625369005454651 -0.086074731951754635 0.07873995999379689 -1.4862808997365542 0.0054467806566220909 -0.15453303226931675 0.9866530618005066 -0.070708938664883869 -1.4067126695426975 4.784105042024076 -0.029629733277534438 0.041628072432106714 -4.7858008959687979 -1.6947281415016051 0.047314787641414106 -0.056422279586716438 -0.18725343878649209 -0.1277849981028415 3.6665063408628562 1.4950362418791798 1.2959759923207583 0.4800785706231801 8.3978210764133028 0.028153908811982334 -2.6721681111519193 -0.061797145468896204 -0.087498020538906401 0.011271918132629753 4.7798653225353407 2.6238137162916817 -0.044331156759238786 -1.7971993853260018 9.5215544100872922 -0.85709179491149745 4.0724983689994483 -8.0846480614982337
leaf_weight=24 23 34 21 33 21 26 32 26 29 26 23 24 34 20 25 29 22 22 28 20 27 32 20 28 29 27 28 23 25 36 29 21 24 21 20 21 24 35 36 28 24 20 33 32 21 20 22 22 23 20 22 30
leaf_count=24 23 34 21 33 21 26 32 26 29 26 23 24 34 20 25 29 22 22 28 20 27 32 20 28 29 27 28 23 25 36 29 21 24 21 20 21 24 35 36 28 24 20 33 32 21 20 22 22 23 20 22 30
internal_value=-0.00040293 -2.47729e-05 0.000742049 0.00227907 -0.000835322 -0.00337662 -0.00166667 0.00028169 0.00110169 0.00281046 0.000526316 0.000487805 0.00184275 0.00250737 0.00430303 -0.00204819 0.00134328 -0.00375 -0.0018232 -0.0005 -0.00345679 -0.00178571 0.00549296 -0.00151163 -0.00318519 0.00283019 -0.000789474 0.00138889 -0.0046875 -0.00170213 0.000344828 0.000804598 0.00150327 0.00295238 0.00452381 0.00121951 -0.00166667 -0.00147059 0.00632653 0.00451613 -0.0064557 -0.00275 -0.00444444 -0.00133333 0.005 0.00377778 -0.00183673 -0.0073913 0.00767442 -0.00658537 0.00809524 -0.00818182
internal_weight=1365 1211 849 430 419 154 108 284 236 153 76 82 407 339 165 83 67 48 362 200 162 56 71 172 135 53 152 72 128 94 58 174 153 105 84 41 48 68 98 62 79 80 54 60 44 45 49 46 43 41 42 55
internal_count=1365 1211 849 430 419 154 108 284 236 153 76 82 407 339 165 83 67 48 362 200 162 56 71 172 135 53 152 72 128 94 58 174 153 105 84 41 48 68 98 62 79 80 54 60 44 45 49 46 43 41 42 55
is_linear=0
shrinkage=0.01


Tree=46
num_leaves=52
num_cat=0
split_feature=20 62 31 41 56 94 21 61 4 80 80 5 82 1 31 93 14 61 24 30 16 41 80 58 43 43 43 5 65 1 80 1 10 24 61 65 24 46 46 83 41 1 83 2 83 88 53 92 88 16 2
split_gain=16.3585 10.958 8.25082 8.67188 11.0329 9.38349 8.23627 15.0096 11.7285 12.0273 8.02028 9.64817 14.2489 11.6166 9.68864 8.20457 8.17558 8.00147 8.32084 7.11225 6.53333 6.33054 12.0004 9.39317 8.15016 8.20002 7.75758 6.11133 6.00357 7.50129 5.75804 5.85571 5.73553 6.47345 15.1839 8.54884 5.70998 6.56095 5.57067 6.10493 5.47597 5.39256 5.19149 4.80159 4.72286 3.6 3.13043 2.7398 2.66667 4.20779 0.9
threshold=2774.5500000000006 1047.2740000000001 22.800000000000004 48.250000000000007 1.0000000180025095e-35 802104.38341125019 29.575000000000006 32990.80000000001 10578.365000000002 32482.772222222226 27601.979861111115 3725.52 0.8069999999999028 16153.400000000001 6.1750000000000016 417.06602418207689 14707.550000000001 31681.750000000004 10.075000000000001 8.2500000000000018 5763.2000000000016 68.250000000000014 28354.973958333336 1.0000000180025095e-35 74.200000762939467 76.514999389648452 66.125000000000014 4913.5150000000003 24952.650000000005 13878.000000000002 29534.145138888893 14819.500000000002 42980.600000000013 7.5750000000000011 36125.55000000001 31037.950000000001 12.125000000000002 104.15500259399415 103.34499740600587 2476.4499999999994 73.750000000000014 13926.85 2222.3999999999983 2969.7500000000005 2384.1000000000026 9175.5043750000004 3.5000000000000004 25359.349593750008 6766.4004166666682 5501.5000000000009 3419.5145000000007
decision_type=2 2 2 2 2 2 2 2 2 2 2 2 2 2 2 2 2 2 2 2 2 2 2 2 2 2 2 2 2 2 2 2 2 2 2 2 2 2 2 2 2 2 2 2 2 2 2 2 2 2 2
left_child=1 6 3 4 46 10 8 -8 19 20 -5 12 14 15 -12 17 -17 41 44 -1 45 22 -21 -24 26 -26 -23 -15 -27 -30 -18 -32 33 34 -11 -35 37 50 -31 43 -14 -13 -37 -40 -19 -10 -3 -25 -28 -50 -2
right_child=36 2 -4 5 -6 -7 7 -9 9 32 11 13 40 27 -16 16 30 18 -20 21 -22 24 23 47 25 28 48 -29 29 38 31 -33 -34 35 -36 42 -38 -39 39 -41 -42 -43 -44 -45 -46 -47 -48 -49 49 -51 -52
leaf_value=0.071380372560182148 -3.6826531327785905 3.5136925339909237 -1.9736538899901173 -1.2424960510909782 0.020041433112934572 3.8480500995658198 5.1426266454790177 -0.27368632749066718 -0.014387323769313792 -0.016335757585439568 0.089523044604006161 -0.015887412800167165 -0.41407653391581817 1.6252835469594566 -0.0094661477312105204 2.5456880397721804 2.7813071509140452 -0.01681438918066774 0.014816223397180656 1.052015711535353 3.5190485398764939 -0.23378501645970567 0.18338191274585469 -1.672320781539099 0.12412861304802821 -8.6341387938439595 -5.4269102407347098 7.878973849524777 0.038370190927902413 -3.1678244461125291 -0.094063573486075108 3.019805569416282 -0.12093751378876373 0.05809077983929796 3.8142509523146546 -0.0011421631930164989 -0.0082936329807596753 -1.6018058999055926 0.040708979860826285 0.053858601698115134 -0.034429970164314719 0.93298496830023714 -0.27336054914122143 -0.049373356705849698 -0.14938403336772538 0.023694655178473634 1.7939760363459096 -0.98288479640589754 -7.1693328608096065 -0.013605923345110816 -3.0592285174263272
leaf_weight=21 20 23 26 25 36 21 28 27 20 39 21 21 39 22 39 22 20 25 32 26 20 33 24 20 22 20 25 31 27 28 38 25 28 29 28 21 27 35 20 29 20 26 32 36 29 20 23 26 28 22 20
leaf_count=21 20 23 26 25 36 21 28 27 20 39 21 21 39 22 39 22 20 25 32 26 20 33 24 20 22 20 25 31 27 28 38 25 28 29 28 21 27 35 20 29 20 26 32 36 29 20 23 26 28 22 20
internal_value=-0.000461538 -0.000150435 0.000886525 0.00115242 0.00414634 0.000614035 -0.000987124 0.00272727 -0.00130435 0.000464135 0.000298851 0.000634146 -0.00176471 0.00161512 0.00166667 0.000672269 0.0027619 -0.000977444 -0.0027907 -0.00233415 0.00433333 -0.00264249 -0.000416667 -0.00257143 -0.00337931 -0.00208791 -0.00555556 0.00584906 -0.002875 -0.00214286 0.0013253 -0.00015873 -0.000847458 -6.71141e-05 0.00223881 -0.00195122 -0.00431373 -0.00573333 -0.00327434 -0.002 -0.00525424 0.00234043 -0.00433962 -0.00392857 -0.00518519 0.002 0.0073913 -0.00521739 -0.00733333 -0.006 -0.0085
internal_weight=1365 1263 564 538 82 456 699 55 644 237 435 410 119 291 60 238 105 133 86 407 60 386 96 70 290 182 108 53 160 140 83 63 177 149 67 82 102 75 113 85 59 47 53 56 54 40 46 46 75 50 40
internal_count=1365 1263 564 538 82 456 699 55 644 237 435 410 119 291 60 238 105 133 86 407 60 386 96 70 290 182 108 53 160 140 83 63 177 149 67 82 102 75 113 85 59 47 53 56 54 40 46 46 75 50 40
is_linear=0
shrinkage=0.01


Tree=47
num_leaves=54
num_cat=0
split_feature=73 71 32 42 67 6 8 98 13 67 14 88 32 36 37 11 59 20 4 1 1 79 6 98 24 68 4 64 37 24 98 73 71 89 64 83 84 6 6 21 27 56 73 30 27 21 1 1 56 40 20 6 30
split_gain=14.6379 18.2368 16.5302 15.9171 16.0546 10.7231 10.1346 9.78141 10.3864 9.20048 8.87655 8.83861 8.81582 8.71881 8.47583 8.18877 8.09468 8.01099 6.43176 6.26635 6.01615 7.68706 5.84455 10.6606 14.7989 8.50402 10.0109 6.90384 5.83688 5.83481 6.81818 5.63333 13.4131 7.79867 5.63223 5.34964 5.14701 5.07937 4.68273 5.116 6.4 4.57143 4.37576 4.36735 4.17234 3.6 3.6 3.51967 3.39461 2.72727 2.71515 2.5 2.31481
threshold=1427.3000000000002 1505.6875000000002 297.25000000000006 117.57500076293947 25753.150000000005 1780.3000000000002 393.23111111111115 0.079861111111111119 7091.0500000000011 32219.600000000002 15021.750000000002 4632.1172916666665 227.75000000000003 89.250000000000014 92.250000000000014 44205.150000000001 -0.5 961.00000000000011 7640.6750000000011 14843.150000000001 13693.700000000003 196.62235677201627 3445.5550000000007 0.12847222222222224 11.375000000000002 965.30000000000007 2690.4000000000005 899.8565000000001 68.750000000000014 12.225000000000001 0.42708333333333343 906.25350000000014 1.026 1528.0719187500001 1398.6000000000001 1867.6000000000006 455.86353125000005 2650.5300000000002 4236.5900000000011 22.725000000000005 37.750000000000007 -0.60785761079279388 1.1355000000000002 98.250000000000014 91.750000000000014 25.875000000000004 14390.050000000001 15909.85 0.6078576107927941 75.750000000000014 619.30000000000007 6386.0500000000011 85.750000000000014
decision_type=2 2 2 2 2 2 2 2 2 2 2 2 2 2 2 2 2 2 2 2 2 2 2 2 2 2 2 2 2 2 2 2 2 2 2 2 2 2 2 2 2 2 2 2 2 2 2 2 2 2 2 2 2
left_child=1 2 3 4 -1 -2 46 9 12 10 -8 14 18 17 52 22 51 41 38 -15 -18 -22 27 24 31 47 -27 35 -17 30 -3 32 33 44 -28 -6 -12 -29 -9 40 -40 -10 -32 -16 -24 -33 -5 -25 -23 -34 -43 -13 -7
right_child=5 29 -4 6 15 11 7 8 13 -11 36 16 -14 19 43 28 20 -19 -20 -21 21 48 23 25 -26 26 34 37 -30 -31 42 45 49 -35 -36 -37 -38 -39 39 -41 -42 50 -44 -45 -46 -47 -48 -49 -50 -51 -52 -53 -54
leaf_value=1.4481927486725683 0.046741583074495961 3.0359959989170169 4.9416953057163804 -7.7254420730664108 0.090740646852418408 -0.96638073502885935 -0.046779796693339586 -0.017671863164526406 0.011570231576365482 0.77483431546295023 0.0077429494061215026 -1.791950117744646 6.1717698623876736 -0.014719341329029552 0.013162154219548569 2.3100564627382933 -0.21580550491738759 -2.9749093996438054 -0.097344074375067674 2.486279295186403 -0.016646245288861061 0.26595941004743734 -0.0095593354082543196 0.0014673068492465368 -1.1883043673440481 0.91577931950875024 -3.6516303122464024 -2.0039531250103244 -0.043809526879570342 4.5691792002417531 -0.069977173803506737 0.74579484069289836 -0.40647771078486827 -0.03555137277397645 -0.050041363295814212 -0.033487918400193523 0.37617768118911143 -0.1751271364600627 3.3050696153874259 5.1616962163558133 -0.009032476008516201 -0.13831264799864446 1.8431144241165771 -4.270243329469773 0.12801795895436027 -0.15344899568800754 -0.10671733854029274 6.1601820424809262 0.011430529618847029 -0.27749386341502108 -0.026465335548599641 -0.044735405866865807 -1.9975601716896267
leaf_weight=37 21 22 22 20 22 24 21 32 21 25 30 20 22 38 22 22 28 28 24 35 25 33 26 23 35 25 35 28 28 25 20 20 24 23 30 21 29 35 20 21 20 20 24 25 27 20 20 28 27 20 22 20 30
leaf_count=37 21 22 22 20 22 24 21 32 21 25 30 20 22 38 22 22 28 28 24 35 25 33 26 23 35 25 35 28 28 25 20 20 24 23 30 21 29 35 20 21 20 20 24 25 27 20 20 28 27 20 22 20 30
internal_value=-0.000520147 0 -0.00039039 -0.000583419 -0.00175803 -0.00258182 0.000803571 0.00127451 0.000363036 0.00390476 0.00225 -0.00314961 0.0023741 -0.00134146 -0.00544554 -0.00223577 -0.00163399 -0.00340659 0.00128205 0.00123288 -0.000265487 0.00105882 -0.00266968 -0.00202381 -0.00353846 7.0922e-05 -0.00177778 -0.00471698 0.0016 0.00428571 0.00272727 -0.00225 -0.00333333 -0.000789474 -0.00384615 -0.00162791 0.00423729 -0.0068254 0.00247312 0.00409836 0.002 -0.00142857 0.000454545 -0.00234043 0.00132075 0.001 -0.004 0.00333333 0.003 -0.00772727 -0.00333333 -0.0055 -0.00814815
internal_weight=1365 1090 999 977 529 275 448 408 303 105 80 254 139 164 101 492 153 91 117 73 113 85 442 336 195 141 90 106 50 91 66 160 120 76 65 43 59 63 93 61 40 63 44 47 53 40 40 51 60 44 42 40 54
internal_count=1365 1090 999 977 529 275 448 408 303 105 80 254 139 164 101 492 153 91 117 73 113 85 442 336 195 141 90 106 50 91 66 160 120 76 65 43 59 63 93 61 40 63 44 47 53 40 40 51 60 44 42 40 54
is_linear=0
shrinkage=0.01


Tree=48
num_leaves=54
num_cat=0
split_feature=94 33 69 94 1 76 70 4 100 22 62 14 14 33 5 27 94 33 69 68 83 70 35 69 61 91 21 39 39 81 11 7 62 19 22 7 27 91 11 46 65 25 62 68 25 96 83 63 36 5 81 38 66
split_gain=12.7666 11.4909 10.8655 14.9418 12.4046 10.4386 10.4505 9.31199 13.9634 11.4028 9.08149 16.404 9.06924 8.72492 9.1283 8.62552 8.36369 8.30346 9.56417 7.98387 8.29885 7.86636 7.72103 7.43604 6.88514 11.0861 7.63788 11.0738 6.79233 6.71443 6.58178 6.44329 6.43926 6.41212 6.1146 6.00147 5.88697 7.71429 5.86505 5.72944 5.71429 5.56522 5.31587 5.14286 4.58158 4.37913 5.73766 4.15385 3.60738 3.17303 2.89403 2.65947 1.53061
threshold=500295.40816062532 225.50000000000003 32739.650000000005 673237.25596343772 15341.700000000003 33990.11041666667 0.93000000000000016 7499.920000000001 0.010416666666666668 88.250000000000014 1284.2405000000001 15730.050000000001 13949.050000000001 48.750000000000007 3136.0250000000005 20.250000000000004 788754.53880125028 156.50000000000003 26809.900000000005 1367.9500000000003 2032.3500000000024 1503.4000000000003 26.775000000000002 30326.550000000003 31019.650000000005 31261.722206250004 27.475000000000005 187.25000000000003 121.25000000000001 4030.3375669901066 36163.650000000001 81.660000000000011 901.64250000000004 2020.6000000000001 88.250000000000014 345.40000000000003 37.750000000000007 27495.510543750006 35448.100000000006 93.944999694824233 32604.850000000002 226.25000000000003 864.03100000000006 1488.1000000000001 139.25000000000003 1.0000000180025095e-35 1858.9000000000017 28136.900000000005 80.250000000000014 5987.6900000000014 4010.9640379263492 5.8250000000000011 1371.8000000000002
decision_type=2 2 2 2 2 2 2 2 2 2 2 2 2 2 2 2 2 2 2 2 2 2 2 2 2 2 2 2 2 2 2 2 2 2 2 2 2 2 2 2 2 2 2 2 2 2 2 2 2 2 2 2 2
left_child=10 2 4 24 5 6 30 8 23 15 49 51 22 -5 -15 -10 34 18 -9 20 -6 50 28 48 -4 29 31 -28 -11 -26 -2 44 -17 -13 -16 43 52 -38 -22 -20 -33 -29 -41 -34 -27 46 -31 -45 -8 -1 -7 -12 -14
right_child=1 -3 3 13 19 21 7 17 9 12 11 33 36 14 16 32 -18 -19 39 -21 38 -23 -24 -25 25 26 27 41 -30 45 -32 40 35 -35 -36 -37 37 -39 -40 42 -42 -43 -44 47 -46 -47 -48 -49 -50 -51 -52 -53 -54
leaf_value=-1.8135621342587012 0.037157938619544632 1.7699268398721624 -4.2213824728509097 -2.4081647854739758 6.0383992996045324 -0.10832963479396485 -0.65378628932950056 0.045683231002462063 -1.8719498853275534 -0.6941742444262734 -2.6030115440590054 4.4548950323369017 4.1316147901776104 0.073678751570248169 -0.013619587597875292 -0.011557275615571223 0.011316224322658559 2.4368931606115267 -6.8764948929858489 -0.032200359379375348 -0.017915501596055605 0.0013874684722191394 -0.30408552186262106 0.0040857981846053795 -0.0058863617006072975 -0.33060731925153364 -0.078659406740721555 7.459960809809119 1.8345838309072346 0.27344942120448623 5.3127706631585898 -0.035519315720673052 2.10581953282328 -0.87382415942040792 -0.30157442538820817 -0.18346045852601742 4.8439598253243537 -0.012190233961026814 4.7608751139875549 -0.00044515861668138057 0.030966245123486755 0.012282948047434451 -0.053648365912067474 0.11116746004874059 -0.054942255691936878 0.09099545244448054 0.014257122132736421 -0.0033482211800769522 -1.2978332036312334 -1.9577111777982052 -0.024532589560811262 -0.33134268379504117 3.5476351978462084
leaf_weight=33 23 21 20 28 29 21 22 28 34 20 21 24 21 22 24 29 25 23 20 31 26 29 21 32 32 31 20 23 21 20 21 20 20 20 38 21 21 21 32 31 36 23 27 24 23 21 35 26 24 36 23 20 28
leaf_count=33 23 21 20 28 29 21 22 28 34 20 21 24 21 22 24 29 25 23 20 31 26 29 21 32 32 31 20 23 21 20 21 20 20 20 38 21 21 21 32 31 36 23 27 24 23 21 35 26 24 36 23 20 28
internal_value=-0.000534799 -0.000189926 -0.000319328 -0.00156463 0.000413885 -0.000142631 0.000322581 -7.7821e-05 0.000701299 0.00166124 -0.00324675 -0.00105882 0.00359477 -0.00430657 -0.00302752 -0.00025974 -0.00448276 -0.0024031 -0.00358491 0.00338983 0.00494253 -0.00369863 0.000645161 -0.00307692 -0.000328947 7.04225e-05 -0.00147727 0.00121212 0.00317073 0.00259259 0.005 -0.00309091 0.001 0.00318182 -0.00645161 0.00230769 0.0056044 0.00285714 0.00275862 -0.00538462 -0.000714286 0.00391304 -0.0037931 0.00371429 -0.00555556 0.00421053 0.00272727 0.002 -0.00565217 -0.00594203 -0.00636364 -0.00560976 0.00795918
internal_weight=1365 1211 1190 441 749 631 558 514 385 307 154 85 153 137 109 154 87 129 106 118 87 73 62 78 304 284 176 66 41 108 44 110 120 44 62 91 91 42 58 78 56 46 58 70 54 76 55 50 46 69 44 41 49
internal_count=1365 1211 1190 441 749 631 558 514 385 307 154 85 153 137 109 154 87 129 106 118 87 73 62 78 304 284 176 66 41 108 44 110 120 44 62 91 91 42 58 78 56 46 58 70 54 76 55 50 46 69 44 41 49
is_linear=0
shrinkage=0.01


Tree=49
num_leaves=51
num_cat=0
split_feature=67 73 64 16 97 11 66 68 4 10 27 59 94 79 21 21 98 38 79 40 46 84 100 22 76 27 1 36 30 16 16 83 40 1 67 16 16 61 21 67 43 21 36 24 65 79 47 22 36 28
split_gain=11.4189 11.9534 10.6385 10.3475 11.979 10.8921 10.2932 10.0727 8.47634 8.08501 7.89627 11.1651 12.1134 11.3792 10.6562 9.55071 7.91207 8.11804 10.4921 7.91152 12.1105 7.57576 7.53391 10.0329 7.51811 7.30169 7.46667 6.71746 6.27451 5.96529 5.92613 6.64561 5.7863 5.4808 5.46559 5.13283 6.15361 5.10014 5.13778 4.83557 4.76374 3.88658 3.81845 3.77912 3.41612 3.32814 3.10037 2.96882 2.84025 2.1164
threshold=26907.800000000003 1144.9860000000001 910.61400000000015 6343.1500000000005 0.57291666666666685 39445.700000000004 1503.4000000000003 1467.0000000000002 10355.565000000001 31206.300000000007 23.750000000000004 1.0000000180025095e-35 730839.26409031276 217.67514637832036 16.025000000000002 29.875000000000004 0.98958333333333348 7.9750000000000005 395.551123353994 136.75000000000003 97.774997711181655 1308.7880000000002 0.10763888888888891 66.250000000000014 33990.11041666667 79.250000000000014 16892.300000000003 84.250000000000014 49.750000000000007 6624.4000000000005 5098.5000000000009 2038.1000000000006 97.750000000000014 15213.800000000001 30912.500000000004 5392.3000000000011 6031.2000000000016 33042.850000000006 21.825000000000006 36543.200000000004 85.33499908447267 20.925000000000004 86.750000000000014 7.9250000000000016 28359.100000000002 594.37425965232001 1.0000000180025095e-35 85.750000000000014 86.250000000000014 28.475000000000005
decision_type=2 2 2 2 2 2 2 2 2 2 2 2 2 2 2 2 2 2 2 2 2 2 2 2 2 2 2 2 2 2 2 2 2 2 2 2 2 2 2 2 2 2 2 2 2 2 2 2 2 2
left_child=1 2 9 10 5 8 -6 25 34 -1 14 15 13 -13 44 16 17 18 28 20 -20 -16 27 -24 -22 26 45 47 -12 -27 31 43 -3 -32 -5 46 42 38 -8 -31 -36 -9 -37 -25 -2 -7 -19 -15 -4 -30
right_child=3 32 48 4 6 7 37 41 -10 -11 11 12 -14 22 21 -17 -18 35 19 -21 24 -23 23 30 -26 29 -28 -29 49 39 33 -33 -34 -35 40 36 -38 -39 -40 -41 -42 -43 -44 -45 -46 -47 -48 -49 -50 -51
leaf_value=-0.61953262992990421 -4.1249992441226331 0.0096769352716394065 2.833547129166301 0.084199000544761496 5.4546465117374918 -0.023566698591727612 0.081625827721829011 -3.572476378912917 -0.020363215663081764 1.1126184953637552 0.016749399240344548 -0.31369982685049325 0.10670581390966526 1.5960298644528521 -1.6522588011375001 1.5936119723513176 0.020567962893130644 -7.1584492485921123 0.94560076997197828 0.2251725187843224 0.13691746913102193 1.986976871598648 0.3719590720671957 0.17976301078136786 -0.11718611093961544 -0.071658872019897499 2.8666391198221381 -0.00044070703051456677 -4.2095571922845973 -0.079772544276771773 -0.49020070363204049 0.10800042572757715 -0.084289221028174821 -0.045164415701094161 0.03822399999440431 -0.10402921115154923 -0.25665566313907573 0.88178284654597239 -0.040186561618678909 0.011337990661724607 5.0250875765424805 -0.23568391516453935 0.013920534280023836 -0.11692075097509352 -1.4807851563322771 0.013969089596596531 -2.8536046449577803 1.9428659462115057 4.6410063448828174 -0.52456799964408685
leaf_weight=37 24 31 29 24 20 22 25 22 35 26 20 33 32 23 33 36 25 30 21 30 24 22 29 21 38 28 28 35 27 26 23 26 23 29 24 37 25 32 20 28 28 20 34 22 27 20 26 22 22 21
leaf_count=37 24 31 29 24 20 22 25 22 35 26 20 33 32 23 33 36 25 30 21 30 24 22 29 21 38 28 28 35 27 26 23 26 23 29 24 37 25 32 20 28 28 20 34 22 27 20 26 22 22 21
internal_value=-0.000417582 0.00202381 0.00385965 -0.000760234 0.000547264 -0.00042623 0.00360825 -0.00185567 0.00207207 0.00111111 -0.00142138 -0.00103048 0.000440678 -0.00026616 -0.00396226 -0.00213198 -0.0026257 -0.00303303 -0.00160221 0.000265487 -0.0013253 -0.000909091 0.000521739 -0.0008 -0.00354839 -0.000657895 0.00171429 0.003 -0.00470588 -0.00268293 -0.00206612 -0.000144928 -0.00185185 -0.00461538 0.00394737 -0.00473684 -0.00333333 0.00194805 -0.000222222 -0.000740741 0.00576923 -0.00619048 -0.00183099 -0.00255814 -0.0072549 -0.000952381 -0.00714286 0.00555556 0.0072549 -0.00666667
internal_weight=1365 168 114 1197 402 305 97 194 111 63 795 689 295 263 106 394 358 333 181 113 83 55 230 150 62 152 70 80 68 82 121 69 54 52 76 152 96 77 45 54 52 42 71 43 51 42 56 45 51 48
internal_count=1365 168 114 1197 402 305 97 194 111 63 795 689 295 263 106 394 358 333 181 113 83 55 230 150 62 152 70 80 68 82 121 69 54 52 76 152 96 77 45 54 52 42 71 43 51 42 56 45 51 48
is_linear=0
shrinkage=0.01


Tree=50
num_leaves=55
num_cat=0
split_feature=19 8 41 31 87 20 65 69 97 97 31 25 10 85 90 8 13 90 28 31 60 56 19 77 74 11 2 17 90 20 33 20 85 17 90 43 29 39 0 23 17 91 31 23 31 31 13 22 66 26 26 32 91 0
split_gain=15.4149 12.4363 11.9308 12.1449 11.8315 11.4082 10.1411 9.66476 13.4483 11.0664 8.846 7.51111 7.47503 7.34792 7.61396 7.09714 7.03834 6.77318 10.0113 8.45346 8.55619 8.37842 7.73005 7.42238 7.39369 7.35488 8.02344 11.184 6.72748 6.55663 6.55132 6.67191 6.4 5.76948 5.72624 6.4213 5.85224 7.78984 6.72787 6.91229 6.44101 5.40346 5.30752 5.18571 4.89312 5.17691 4.85971 4.10894 4.06 3.92567 3.60297 3.39411 2.72727 1.718
threshold=2153.2000000000003 392.85416666666669 96.250000000000014 17.525000000000002 0.11458333333333336 847.75000000000011 29579.600000000002 30175.400000000005 0.093750000000000014 0.11458333333333336 2.5750000000000006 142.75000000000003 37450.850000000006 1125.5520000000004 1396.9462500000004 413.16576923076929 1985.95 1893.6382500000002 26.375000000000004 8.2750000000000021 1587.9500000000003 1.0000000180025095e-35 972.70000000000016 4455.4385061556086 1364.7618437500003 41249.05000000001 2890.2000000000003 25.750000000000004 1744.6306500000003 1408.3000000000004 36.750000000000007 2419.3000000000006 1691.3000000000002 136.15000000000003 937.50615000000016 67.465000152587905 93.750000000000014 129.25000000000003 27099.750000000004 74.750000000000014 103.75000000000001 29303.536443750003 13.175000000000002 99.750000000000014 6.6250000000000009 4.1250000000000009 9956.6000000000022 90.250000000000014 1509.9500000000003 6.7500000000000009 48.750000000000007 73.250000000000014 26385.017512500002 29481.900000000005
decision_type=2 2 2 2 2 2 2 2 2 2 2 2 2 2 2 2 2 2 2 2 2 2 2 2 2 2 2 2 2 2 2 2 2 2 2 2 2 2 2 2 2 2 2 2 2 2 2 2 2 2 2 2 2 2
left_child=1 -1 3 7 43 11 -7 12 10 -10 -9 -6 34 -12 50 -8 -2 21 19 48 -21 22 44 25 49 26 27 -23 -16 -5 42 -32 -28 -20 -3 -36 37 40 47 -40 -37 -29 51 -4 45 -11 -30 -39 -19 -24 -15 -18 -41 -31
right_child=16 2 4 29 5 6 15 8 9 17 13 -13 -14 14 28 -17 30 18 33 20 -22 23 24 -25 -26 -27 32 41 46 53 31 -33 -34 -35 35 36 -38 38 39 52 -42 -43 -44 -45 -46 -47 -48 -49 -50 -51 -52 -53 -54 -55
leaf_value=-3.9510207883429165 -2.5550361763490317 3.3739468680227085 -0.31056282858198836 0.030568026899406544 -0.061612288307733271 -3.161230312563148 0.15454900797080079 0.10794234113348854 1.7393158884690969 2.2651065689707433 -1.7539871357394765 0.58266913655924735 7.0816965384841799 -0.19218389714215986 -1.8628088486256511 -0.049682975425516487 -5.6572360333191671 0.0075992071272359546 -0.84942736572679878 0.00024493002447601315 1.5127861216690932 -0.083446328817893073 0.0026204366361128949 -0.19145786773963608 -0.95773149732318408 2.2650423413497891 -0.18343087190372009 1.5828480099450082 0.004966958688659243 -1.2016159604129226 -0.08523560922803132 0.18328057247858379 0.0079126640032907598 -0.020294994858798363 -0.2926665403895643 0.034728327657980389 2.3356706299106667 0.085397555701827457 0.016281127679911186 5.9419390719524134 -2.88423926506825 0.34860844566571769 -0.91688326634424611 -1.8973120553253731 0.027359275105798633 3.2774665711590041 -0.50571522343492359 -1.6289668987782195 -0.034790993406152243 2.7797633947602707 1.4125329015447972 -2.1624308490293283 3.7530846872984545 -5.2400307630410667
leaf_weight=32 29 30 35 25 24 35 21 20 21 20 31 36 21 28 20 25 22 22 26 27 20 23 20 22 23 32 20 22 31 20 22 26 20 38 33 38 24 20 26 20 23 20 26 21 30 34 20 21 21 21 23 23 24 21
leaf_count=32 29 30 35 25 24 35 21 20 21 20 31 36 21 28 20 25 22 22 26 27 20 23 20 22 23 32 20 22 31 20 22 26 20 38 33 38 24 20 26 20 23 20 26 21 30 34 20 21 21 21 23 23 24 21
internal_value=-0.000464441 -9.7561e-05 6.6778e-05 0.000509491 -0.00218274 -0.000638298 -0.00308642 0.000802139 0.000137405 0.000995851 -0.00225434 0.00266667 0.00235714 -0.0030719 -0.00196721 0 -0.00351351 0.000672451 -0.00103896 0.00111111 0.00404255 0.00153094 0.00324324 -6.28931e-05 0.000625 0.00080292 -0.00047619 0.00169231 -0.00408451 -0.00363636 -0.00243697 0.000416667 -0.004 -0.0040625 0.00189189 0.00135371 0.00204082 0.00139535 0.00297297 0.00485714 -0.00147541 0.0047619 -0.0043662 -0.00607143 0.0052381 0.00703704 -0.00215686 -0.000243902 -0.00209302 0.00317073 0.000980392 -0.00644444 0.00727273 -0.00609756
internal_weight=1378 1230 1198 1001 197 141 81 935 655 482 173 60 280 153 122 46 148 461 154 90 47 307 148 159 64 137 105 65 71 66 119 48 40 64 259 229 196 172 111 70 61 42 71 56 84 54 51 41 43 41 51 45 44 41
internal_count=1378 1230 1198 1001 197 141 81 935 655 482 173 60 280 153 122 46 148 461 154 90 47 307 148 159 64 137 105 65 71 66 119 48 40 64 259 229 196 172 111 70 61 42 71 56 84 54 51 41 43 41 51 45 44 41
is_linear=0
shrinkage=0.01


Tree=51
num_leaves=54
num_cat=0
split_feature=73 71 65 86 78 10 37 68 33 20 6 16 39 65 3 16 42 63 42 26 66 16 72 27 10 68 13 13 26 40 34 39 39 22 38 91 28 28 16 3 42 22 38 0 37 43 30 2 10 26 38 13 3
split_gain=13.1254 15.7962 14.6359 10.9519 14.7607 14.3694 9.50902 9.36928 8.86705 8.81318 9.9645 11.9553 9.23096 8.15686 7.86462 7.83683 7.46087 7.85714 7.31636 7.23156 7.65085 13.046 11.3646 10.7009 10.1879 7.06207 6.36742 5.95515 6.07959 5.95238 5.91294 7.71877 7.28139 5.87414 6.7355 7.30606 5.82231 6.19409 8.2571 5.63268 5.19697 4.83654 4.7778 4.67453 4.62185 4.2449 4.14944 2.97636 2.87817 2.71515 2.44692 1.6 0.9
threshold=1427.3000000000002 1533.5000000000002 30963.450000000004 1336.8450000000003 1353.4368784722224 42672.55000000001 44.750000000000007 1778.5500000000002 54.250000000000007 73.500000000000014 2650.5300000000002 6917.4500000000007 219.25000000000003 26536.150000000005 15311.600000000002 6296.9000000000005 313.82499694824224 29349.950000000001 115.75000000000001 150.75000000000003 1231.4915000000003 2568.9000000000001 971.05050000000017 69.750000000000014 30664.800000000007 1405.9160000000004 7159.4500000000016 11962.750000000002 22.250000000000004 102.25000000000001 57.750000000000007 200.25000000000003 115.25000000000001 93.750000000000014 9.4750000000000014 27062.329100000003 26.625000000000004 27.775000000000002 5696.9500000000007 13606.500000000002 107.92499923706056 72.750000000000014 6.0750000000000011 31732.850000000002 70.250000000000014 74.49499893188478 97.250000000000014 2687.2000000000003 29847.150000000005 96.750000000000014 5.7250000000000005 3011.8000000000006 13876.950000000003
decision_type=2 2 2 2 2 2 2 2 2 2 2 2 2 2 2 2 2 2 2 2 2 2 2 2 2 2 2 2 2 2 2 2 2 2 2 2 2 2 2 2 2 2 2 2 2 2 2 2 2 2 2 2 2
left_child=1 3 6 4 5 7 43 9 41 48 12 19 39 -10 18 25 17 -15 52 20 21 -12 27 24 -24 -3 30 33 -29 -28 32 -32 -22 34 36 -36 47 -38 -39 -11 49 -8 -30 -2 -34 -13 -43 -23 -1 -7 -20 -4 -6
right_child=2 15 51 -5 14 40 8 -9 13 10 11 45 -14 16 -16 -17 -18 -19 50 -21 26 22 23 -25 -26 -27 29 28 42 -31 31 -33 44 -35 35 -37 37 38 -40 -41 -42 46 -44 -45 -46 -47 -48 -49 -50 -51 -52 -53 -54
leaf_value=-4.3914491248130654 -0.43827582531003856 -0.15377047401543265 -1.3698637475638118 5.0531309313866091 -4.9799858337582323 -1.8852637941542765 -2.2367983889317529 -7.1809052267849918 0.084049927437046909 -0.024407763020712209 0.079907830757209378 0.060187722095855802 0.040191597836194963 -0.02184986123844794 0.024309381500468269 3.3060762864809794 -0.018793520831359004 0.033324180824535303 -4.8545842558013801 6.6480741050994467 -0.99229724613002734 0.1792078242735754 -0.80862254477845885 -5.1335291234290343 0.40489818400403138 7.4373366144024251 -0.082885649649379223 0.0077753556482371084 -0.24913451913402423 0.011957652126768603 4.7616330389006247 2.9901978934819513 2.8614594945349658 -0.65481840607958619 0.12465260605400401 -0.10426313219326459 3.1594950200758616 -0.028702460667127467 4.9063512621367993 -0.16806010612980288 -0.034229415767635211 0.17796293137330943 -0.014803342593570856 -0.069633116051934632 -0.020221272669503288 6.3801429242382284 -0.80438044765870442 -0.046019621384396928 -0.025692166066683484 -0.085642603277585161 0.024248085378539713 -3.4717421108400766 -0.26114840527253813
leaf_weight=22 22 29 20 20 20 22 27 32 24 23 22 25 22 20 21 39 23 35 23 31 21 23 27 37 33 20 20 31 23 28 30 21 34 22 29 27 23 22 35 29 24 21 30 29 22 27 38 27 23 20 20 20 20
leaf_count=22 22 29 20 20 20 22 27 32 24 23 22 25 22 20 21 39 23 35 23 31 21 23 27 37 33 20 20 31 23 28 30 21 34 22 29 27 23 22 35 29 24 21 30 29 22 27 38 27 23 20 20 20 20
internal_value=-0.000464441 2.72975e-05 -0.00240143 -0.000326409 -0.000474268 -5.63698e-05 -0.00146444 0.000304507 -0.000425532 0.000519645 0.00077957 0.00116418 -0.0027027 0.00156863 -0.00403846 0.00409091 0 0.002 -0.00542169 0.000776699 0.000528109 -0.000218978 -0.000642674 -0.00360825 -0.001 0.00142857 0.00227273 0.000342466 -0.00190476 -0.000833333 0.0034375 0.00607843 0.00168831 0.00125 0.00182796 -0.00107143 0.00307692 0.00475 0.00298246 -0.005 -0.00454545 -0.0027907 -0.00396226 -0.00529412 0.00357143 0.00576923 -0.00118644 0.0004 -0.00377778 -0.00666667 -0.00255814 -0.008 -0.0085
internal_weight=1378 1099 279 1011 991 887 239 821 188 789 744 670 74 102 104 88 78 55 83 618 587 411 389 97 60 49 176 292 84 48 128 51 77 208 186 56 130 80 57 52 66 86 53 51 56 52 59 50 45 42 43 40 40
internal_count=1378 1099 279 1011 991 887 239 821 188 789 744 670 74 102 104 88 78 55 83 618 587 411 389 97 60 49 176 292 84 48 128 51 77 208 186 56 130 80 57 52 66 86 53 51 56 52 59 50 45 42 43 40 40
is_linear=0
shrinkage=0.01


Tree=52
num_leaves=51
num_cat=0
split_feature=63 42 77 14 25 28 53 31 32 28 37 32 74 82 72 62 72 90 90 94 94 83 25 72 22 79 80 32 41 80 72 89 14 43 74 67 32 36 25 83 28 42 57 25 35 79 80 67 30 0
split_gain=9.88443 9.49379 9.57934 8.59353 11.2986 9.95081 8.90505 11.5883 9.24653 8.72727 8.05664 7.97503 9.07059 9.84545 7.17572 11.1156 7.03827 6.96949 8.58203 8.51987 7.09658 6.94444 6.86531 6.79099 7.85544 7.50835 6.89655 6.52747 6.48214 6.47138 6.3913 6.23076 6.04776 6.9182 9.73687 8.68654 7.51349 6.03077 5.90209 5.69087 4.39641 5.81731 4.26688 4.12857 3.6 2.88 2.86263 2.84078 2.5 0.102439
threshold=20232.000000000004 350.25000000000006 2370.960352932972 16222.150000000001 207.25000000000003 30.475000000000005 1.5000000000000002 7.5750000000000011 64.250000000000014 29.675000000000004 81.250000000000014 27.250000000000004 387.71206250000012 -0.16949999999999996 1031.0225000000003 1162.1255000000003 0.92650000000000021 2216.4880500000004 689.16015000000027 664396.41036531271 732695.99141437525 2091.7500000000005 169.75000000000003 0.94200000000000006 88.750000000000014 564.02824773877865 36422.385069444448 89.750000000000014 74.250000000000014 33827.612847222226 1391.1220000000001 1262.0158687500002 14779.800000000001 82.45999908447267 1381.3456250000002 32193.400000000005 209.25000000000003 76.750000000000014 196.25000000000003 1723.1499999999999 24.975000000000005 95.83499908447267 -0.56174490092936669 25.250000000000004 25.575000000000006 431.74245424840541 31634.750347222227 32470.200000000004 99.750000000000014 29774.100000000002
decision_type=2 2 2 2 2 2 2 2 2 2 2 2 2 2 2 2 2 2 2 2 2 2 2 2 2 2 2 2 2 2 2 2 2 2 2 2 2 2 2 2 2 2 2 2 2 2 2 2 2 2
left_child=-1 2 -2 5 11 6 32 14 43 -6 -7 -5 13 -13 31 47 -15 18 48 -19 22 -3 23 26 25 30 -20 -26 -29 -17 -25 -8 33 34 40 -36 42 -34 -33 -27 41 -4 -35 -9 -41 -44 49 -16 -14 -10
right_child=1 21 3 4 9 10 7 8 46 -11 -12 12 17 16 15 29 -18 19 20 -21 -22 -23 -24 24 27 39 -28 28 -30 -31 -32 38 37 36 35 -37 -38 -39 -40 44 -42 -43 45 -45 -46 -47 -48 -49 -50 -51
leaf_value=0.96818369236764845 1.2580749561409053 1.5147332950400998 0.07647012068566271 -0.46537429256199958 -0.32923631896278671 -0.039977493891873522 0.95737892647494605 -4.1331872613871266 -6.9732827333231855 -0.020005966600969673 5.6335461232936028 0.13878323883782631 -0.24834239211668432 -0.01570064767567033 -4.8650167180811987 0.065491141494835176 -6.3765858339649322 0.025735982534952257 -0.13518991606636072 -0.17405608420620117 0.23646511571422149 0.06574285838411105 1.99394863121064 0.0031903684983821991 -0.022313532331703217 -0.12497785708666886 0.01042463068072582 6.1565778110145217 0.21770523040568912 -0.12246410653852013 -0.16249447445539542 0.036912788258533585 -0.19033370964734275 -0.032762482410792694 1.2393905201953308 -0.00047893916901176195 0.0042565394864143491 0.37740883297882605 -0.057432393050881658 0.22799958059378628 -1.3140507269247905 -1.5968052800480173 -0.81266335302595427 0.065529909395183092 0.76932827254197578 -0.038199049640730245 -1.3133321868144512 -1.6281368054168015 0.011614158726171617 -0.37224280338213694
leaf_weight=27 38 24 32 22 33 24 35 21 21 33 27 30 20 37 26 32 29 34 29 31 39 36 35 23 22 21 29 32 24 22 25 31 20 21 25 31 32 32 20 20 21 20 25 24 20 25 37 21 20 20
leaf_count=27 38 24 32 22 33 24 35 21 21 33 27 30 20 37 26 32 29 34 29 31 39 36 35 23 22 21 29 32 24 22 25 31 20 21 25 31 32 32 20 20 21 20 25 24 20 25 37 21 20 20
internal_value=-0.000435414 -0.000555144 -0.000735864 -0.000885874 -3.28947e-05 -0.00168992 -0.00205387 -0.00322581 -0.00560976 -0.00393939 0.00254902 0.000442804 0.000692308 -0.00208333 -0.00165775 -0.00346535 -0.00424242 0.00132075 0.0018663 -0.00169231 0.00241379 0.00333333 0.00185714 0.00126531 0.00219251 0.000458716 -0.00172414 0.00461538 0.00642857 -0.00037037 -0.0025 0.000465116 -0.000774648 -0.00146552 7.75194e-05 0.00321429 -0.00339806 0.00230769 -0.00176471 0.00278689 -0.00232877 -0.000769231 -0.00521127 -0.002 0.005 -0.0068 -0.00769231 -0.00702128 -0.0025 -0.0095122
internal_weight=1378 1351 1291 1253 608 645 594 310 123 66 51 542 520 96 187 101 66 424 359 65 319 60 280 245 187 109 58 78 56 54 48 86 284 232 129 56 103 52 51 61 73 52 71 45 40 50 78 47 40 41
internal_count=1378 1351 1291 1253 608 645 594 310 123 66 51 542 520 96 187 101 66 424 359 65 319 60 280 245 187 109 58 78 56 54 48 86 284 232 129 56 103 52 51 61 73 52 71 45 40 50 78 47 40 41
is_linear=0
shrinkage=0.01


Tree=53
num_leaves=52
num_cat=0
split_feature=68 80 43 8 98 21 43 59 60 4 43 93 33 34 43 16 81 76 20 4 0 14 81 98 25 22 25 25 22 16 67 22 16 99 0 63 80 3 39 80 31 16 60 22 3 81 33 3 14 4 16
split_gain=11.6908 14.8553 15.6024 11.2622 9.6471 9.28678 12.0476 10.8639 10.0273 10.2041 9.29674 9.59597 9.10222 11.8505 9.04018 8.96937 8.74113 12.0481 10.0812 7.91976 11.4124 7.71923 7.32299 7.22051 7.11698 7.05043 9.49254 6.95492 14.2253 9.857 7.44629 7.23693 7.64211 6.92386 6.84345 8.13689 6.21311 6.83426 5.86056 5.43742 4.98463 4.89983 4.75189 4.56279 4.29374 4.10966 3.60738 3.6 3.1094 2.53846 1.77778
threshold=1362.7500000000002 34097.063888888901 77.045001983642592 392.85416666666669 0.35069444444444448 29.775000000000002 75.174999237060561 -0.5 1018.5000000000001 10034.330000000002 71.615001678466811 416.93360241820773 37.750000000000007 71.250000000000014 75.974998474121108 6064.3000000000011 4170.2231238662762 40496.812500000007 1408.3000000000004 3119.5350000000003 30238.650000000005 19783.900000000005 4051.3922906507528 0.12847222222222224 148.25000000000003 90.250000000000014 174.50000000000003 30.250000000000004 93.250000000000014 4855.1500000000005 31700.450000000004 86.250000000000014 5763.2000000000016 0.052083333333333336 31193.900000000005 32555.300000000003 28354.973958333336 15681.688500000002 203.75000000000003 30805.748611111117 5.1750000000000016 5927.2000000000016 1509.9500000000003 77.250000000000014 14392.000000000002 3739.1029556432354 185.75000000000003 12135.269500000002 16725.600000000002 3578.1000000000004 6370.7000000000007
decision_type=2 2 2 2 2 2 2 2 2 2 2 2 2 2 2 2 2 2 2 2 2 2 2 2 2 2 2 2 2 2 2 2 2 2 2 2 2 2 2 2 2 2 2 2 2 2 2 2 2 2 2
left_child=3 2 4 -1 22 7 -7 8 9 25 36 15 50 -14 -13 19 18 24 21 -12 23 -11 -2 47 -18 26 -5 28 42 30 48 43 -33 -34 -16 44 -9 39 -10 -38 -28 -15 -4 -31 -36 -6 -40 -21 -29 -17 -3
right_child=1 12 27 5 45 6 -8 10 38 16 11 14 13 41 34 49 17 -19 -20 20 -22 -23 -24 -25 -26 -27 40 29 -30 31 -32 32 33 -35 35 -37 37 -39 46 -41 -42 -43 -44 -45 -46 -47 -48 -49 -50 -51 -52
leaf_value=-3.5080906872314905 -1.3408553207943772 -7.7734435460433593 -1.5477532745103435 0.097662702304840365 0.03083041013717689 6.057418247498437 -0.36901937637646298 0.68136348091359022 -0.11539346717014329 0.03654366037594825 2.7771838622573135 3.2564153495663666 0.57081601964634388 -3.7363709490752788 -0.15930277022059516 2.4639642694302841 0.06949880209160654 -4.5320448925219443 -0.063157017395219547 0.057104692470717637 -0.06230604246911664 6.2186328628375147 0.03997208737026809 -0.014337303792465726 -0.0236112418583335 -2.44504235942996 -0.1449999839287969 0.052822643207002321 1.4061417451055997 -0.1518258837583161 -0.94180717813342585 -0.24735659416718705 -0.043157379204758026 0.27119423409122606 0.0087093526188075053 -0.063046631128518008 -0.0065483438379279769 0.007593355784947479 4.6143859010753694 -0.12787678674219508 -0.046306705592892544 -0.028458622362975389 -3.1877203786714796 0.058799680050650574 0.12237310269125497 0.19506071894652233 0.11918983864984384 0.2676641390127884 2.1548599670390041 6.2691712407428124 -2.5560285028032581
leaf_weight=26 25 25 35 22 23 23 21 24 30 27 24 35 22 20 39 26 23 22 30 20 28 22 24 26 33 34 20 20 26 31 21 38 26 31 29 26 29 25 22 33 23 33 36 32 25 34 24 20 23 22 20
leaf_count=26 25 25 35 22 23 23 21 24 30 27 24 35 22 20 39 26 23 22 30 20 28 22 24 26 33 34 20 20 26 31 21 38 26 31 29 26 29 25 22 33 23 33 36 32 25 34 24 20 23 22 20
internal_value=-0.0004209 -0.00155963 -0.000682353 0.00032413 0.00264151 0.000532838 0.005 0.000275229 -0.00108434 -0.00203125 0.00132251 0.0021875 -0.00466667 -0.00253333 0.00038961 0.00385542 -0.00044586 -0.00282051 0.00189873 0.00237288 0.00106383 0.00469388 -0.000612245 0.00333333 -0.000357143 -0.00454545 -0.00261538 -0.00178683 -0.00402062 -0.000810811 0.0025 -0.0021519 -0.00389474 -0.00157895 -0.00092437 0.00075 -0.00117117 -0.00241379 0.00210526 -0.00419355 -0.00534884 -0.00509434 -0.00633803 0.00047619 0.00296296 0.0054386 0.00434783 0.006 0.00488372 0.0075 -0.00822222
internal_weight=1378 545 425 833 106 807 44 763 332 256 431 320 120 75 154 166 157 78 79 118 94 49 49 66 56 99 65 319 97 222 64 158 95 57 119 80 111 87 76 62 43 53 71 63 54 57 46 40 43 48 45
internal_count=1378 545 425 833 106 807 44 763 332 256 431 320 120 75 154 166 157 78 79 118 94 49 49 66 56 99 65 319 97 222 64 158 95 57 119 80 111 87 76 62 43 53 71 63 54 57 46 40 43 48 45
is_linear=0
shrinkage=0.01


Tree=54
num_leaves=55
num_cat=0
split_feature=69 16 21 45 76 24 14 3 0 63 69 76 25 74 0 21 11 6 68 14 24 3 7 23 46 39 11 38 75 74 25 66 38 81 3 82 79 1 46 66 14 3 20 14 7 65 17 3 0 28 17 7 23 11
split_gain=12.7715 16.5244 15.7526 10.0472 9.62807 9.5201 14.2022 8.96598 8.34861 11.7572 9.05749 8.26121 9.42098 9.81843 7.54557 7.53605 7.49723 7.49363 6.90291 10.3429 9.20411 6.7769 11.7315 10.1053 7.51887 6.94466 11.1918 10.2046 6.40762 6.16738 5.99655 6.62722 5.66274 5.23577 4.78217 5.40048 8.26101 5.96988 5.78934 8.19221 5.26754 5.54113 4.9 4.87243 4.48148 3.88658 3.4381 3.17979 3.01882 3.01385 2.65947 2.019 1.96 0.444444
threshold=32561.650000000005 6261.1000000000013 29.575000000000006 23244.500000000004 35607.498958333344 4.3750000000000009 13949.050000000001 12539.250000000002 27015.200000000004 20232.000000000004 26892.750000000004 41361.290625000009 21.750000000000004 62.937500000000007 29001.450000000001 13.575000000000001 40890.950000000004 6067.3300000000008 1682.1500000000003 13442.100000000002 7.625 15179.233500000002 26.875000000000004 50.250000000000007 105.01499938964845 147.25000000000003 42233.200000000004 11.625000000000002 392.90254017205922 1427.7866666666669 191.75000000000003 1151.7430000000002 5.0750000000000011 3623.1316547471383 15326.750000000002 -49.710999999999949 555.82095693518238 13797.950000000003 104.02999877929689 1182.2335000000003 17656.200000000001 13900.300000000001 1273.2000000000003 16457.650000000005 400.59500000000008 28715.100000000002 90.90000000000002 10402.050000000001 30160.250000000004 25.125000000000004 11.200000000000001 70.870000000000019 95.750000000000014 38059.500000000007
decision_type=2 2 2 2 2 2 2 2 2 2 2 2 2 2 2 2 2 2 2 2 2 2 2 2 2 2 2 2 2 2 2 2 2 2 2 2 2 2 2 2 2 2 2 2 2 2 2 2 2 2 2 2 2 2
left_child=1 2 4 45 8 -3 29 -8 9 -1 17 12 -5 -14 33 -16 34 47 21 20 -20 25 24 -24 28 32 27 30 -23 -7 31 -27 -15 -10 35 36 -17 43 39 -39 41 -40 -41 48 -25 -2 -46 -11 -37 -21 -35 53 -12 -9
right_child=3 5 -4 11 -6 6 7 51 14 10 52 -13 13 18 15 16 -18 -19 19 49 -22 22 23 44 -26 26 -28 -29 -30 -31 -32 -33 -34 50 -36 37 -38 38 40 42 -42 -43 -44 -45 46 -47 -48 -49 -50 -51 -52 -53 -54 -55
leaf_value=0.87258234696489378 -4.039770792465097 -0.036224031442116993 5.7453503460711417 -3.0053168349230921 -0.19422348262378347 0.070331854876035715 0.024595138389144077 2.9310412374119887 -0.0061850258605027396 -0.061803570670741159 -3.8101049154818338 -1.5714280392763462 -4.0607016782682246 -0.22555521351553837 -1.8238748698929215 0.97118915742628764 2.3296837698999586 0.060312578986195409 -0.018614668324026942 -2.4447556189811448 0.02030319637461404 0.0068787211507606114 -0.081673750976853018 4.4660751398802532 0.0162044428900773 2.938044080115255 -0.99644764385516915 -0.16608626384164296 -0.0597539450900052 -0.053082383810852146 -0.018179621390795646 -0.15173626318741801 0.14738607010913785 0.16351458676464781 -0.058551544153514996 0.023929890178389122 -0.12561318684200307 -0.044980913545482226 -3.2865926100556373 1.2627714909233698 0.026275713114135901 -0.0018505576958134584 0.032833396686898851 -0.10693606774709619 0.0096370115200480402 -0.0085950454348572795 5.5362482007543079 -3.9181596459502952 -1.1767510477432894 -11.472472915665456 0.11279974187144308 6.8902788850607344 -5.9520060432498774 1.7811302733542371
leaf_weight=21 22 21 33 37 37 31 33 20 28 21 20 31 27 20 29 26 23 25 21 22 26 25 20 27 21 33 27 20 35 28 32 21 34 21 20 21 23 34 22 20 27 20 20 21 20 20 28 20 20 20 20 34 25 25
leaf_count=21 22 21 33 37 37 31 33 20 28 21 20 31 27 20 29 26 23 25 21 22 26 25 20 27 21 33 27 20 35 28 32 21 34 21 20 21 23 34 22 20 27 20 20 21 20 20 28 20 20 20 20 34 25 25
internal_value=-0.000362845 0.000468948 -0.000351759 -0.00147708 -0.000744681 0.00302083 0.00380117 0.00589286 -0.000398482 -0.00257576 -0.00387387 -0.00111517 -0.000813953 -0.000438413 0.000329114 -0.000306748 0.00016835 -0.00151515 -8.84956e-05 -0.00258427 0.000638298 0.000523416 0.00193182 0.00431579 -0.000864198 -0.000802139 -0.00203008 -0.000566038 -0.00266667 -0.000169492 0.000930233 0.00296296 0.00222222 0.00333333 -0.000291971 7.87402e-05 0.00306122 -0.000634146 0.00048951 0.00243243 -0.0015942 -0.00380952 0.0055 -0.00322581 0.006 -0.00619048 0.00416667 -0.00414634 -0.00121951 -0.00619048 0.00560976 0.00772152 -0.00733333 0.00911111
internal_weight=1378 789 597 589 564 192 171 112 527 132 111 547 516 479 395 326 297 66 452 89 47 363 176 95 81 187 133 106 60 59 86 54 54 69 274 254 49 205 143 74 69 42 40 62 75 42 48 41 41 42 41 79 45 45
internal_count=1378 789 597 589 564 192 171 112 527 132 111 547 516 479 395 326 297 66 452 89 47 363 176 95 81 187 133 106 60 59 86 54 54 69 274 254 49 205 143 74 69 42 40 62 75 42 48 41 41 42 41 79 45 45
is_linear=0
shrinkage=0.01


Tree=55
num_leaves=54
num_cat=0
split_feature=80 21 16 79 43 7 71 89 45 71 32 62 6 7 38 84 38 72 32 29 7 80 25 69 29 13 95 40 43 29 13 38 38 43 76 81 32 69 16 99 72 92 32 99 69 92 40 92 21 71 63 81 6
split_gain=15.5569 14.9685 13.0212 17.6578 15.4386 10.9259 10.3583 10.0551 10.0478 8.35776 8.12312 7.83917 10.7037 7.76525 7.25622 7.15614 7.03855 6.8495 6.67722 15.8089 7.43157 6.6331 8.96206 6.4 6.28646 6.16455 6.10184 5.42067 5.30139 7.64595 9.43499 5.87982 8.91675 5.20945 5.01389 7.05712 5.61542 4.80711 5.55429 6.25108 9.51624 5.81934 8.0034 6.31579 4.92308 4.26087 4.07293 3.56074 6.77114 3.24967 2.97619 2.89499 2.70941
threshold=33827.612847222226 28.675000000000001 6267.6000000000013 451.50659503951812 93.509998321533217 16.820000000000004 687.30000000000007 645.88606875000005 23449.500000000004 906.25350000000014 192.75000000000003 1299.8000000000002 4683.3350000000009 17.605000000000004 3.5250000000000004 1485.2413645833337 3.3250000000000006 1177.6875000000002 125.75000000000001 87.750000000000014 81.660000000000011 29892.960763888888 34.750000000000007 27877.850000000002 77.250000000000014 3130.5000000000005 1.0000000180025095e-35 67.750000000000014 77.045001983642592 87.250000000000014 2412.6500000000001 5.8250000000000011 7.0250000000000012 110.03000259399415 37132.434375000004 4600.2688226511227 187.00000000000003 38668.400000000001 6962.0500000000011 0.63541666666666685 0.77400000000000013 23919.799875000004 269.75000000000006 0.40625000000000006 35559.600000000006 29371.067137500006 131.75000000000003 22312.895650000006 26.875000000000004 1184.4090000000003 29830.400000000005 4084.5342861184213 4164.8200000000006
decision_type=2 2 2 2 2 2 2 2 2 2 2 2 2 2 2 2 2 2 2 2 2 2 2 2 2 2 2 2 2 2 2 2 2 2 2 2 2 2 2 2 2 2 2 2 2 2 2 2 2 2 2 2 2
left_child=1 2 4 8 5 23 14 -2 25 -8 16 13 34 24 -7 33 -11 -14 20 37 -15 22 -16 -1 -9 -4 45 -23 29 -18 -31 -30 -33 49 35 36 -13 38 39 41 44 42 43 -20 -41 -24 -29 -5 51 -6 -3 -49 -10
right_child=7 50 3 47 15 6 9 11 52 10 -12 12 17 18 21 -17 28 -19 19 -21 -22 27 26 -25 -26 -27 -28 46 31 30 -32 32 -34 -35 -36 -37 -38 -39 -40 40 -42 -43 -44 -45 -46 -47 -48 48 -50 -51 -52 -53 -54
leaf_value=-0.14837826224673412 -6.7597087111643628 4.3499113025084482 0.11819377753755653 4.7814643502479726 -3.5385260785122599 -0.56912911830222856 -1.5155877939668951 -0.059726644832987716 -1.424066938977985 2.9383053707343323 0.046642207239498176 -4.6533875360362407 6.3893135833446397 -4.8203451620221873 -2.3200137136827279 0.039822302921330946 -0.13954007025331031 0.005200230209475647 4.9384565311381561 0.10906550325250908 -0.022179299542998798 0.86844659600986462 0.15611250610010693 -4.9170545611496097 -2.1245286334416615 -0.034084264395756216 1.9336154210085648 0.055476463985851085 -1.8314943119219365 -0.32005023258491294 2.1899975551608684 0.87540057889244927 -0.47035802408780164 -0.047969796371262988 0.03991892945634385 0.1325783642425693 -0.0096870211742518409 -1.7685357866086844 0.015958517398460676 -0.059423007626569463 0.61066254661491814 -0.18851402913432974 -0.16088924188611473 -0.061093198194479066 0.0085434963776232428 -0.043099572215900536 0.28733541283177066 4.6080185444392603 0.033511293499384857 -3.5842126810514299 0.61183875495305329 2.4198467546069446 -0.017657288055792055
leaf_weight=20 23 35 26 21 32 21 35 36 21 24 25 21 23 23 24 20 26 26 27 32 37 23 23 20 26 20 22 31 31 20 23 22 36 21 24 29 22 25 36 26 25 22 33 30 26 23 23 24 20 26 21 37 20
leaf_count=20 23 35 26 21 32 21 35 36 21 24 25 21 23 23 24 20 26 26 27 32 37 23 23 20 26 20 22 31 31 20 23 22 36 21 24 29 22 25 36 26 25 22 33 30 26 23 23 24 20 26 21 37 20
internal_value=-0.000518732 0.000367647 0 0.00227513 -0.000753065 0 0.000462963 -0.00178322 -0.00103448 -0.000909091 -0.000144928 -0.00151184 0.000482759 -0.00222772 0.00221053 -0.00434343 -0.000879121 0.00428571 -0.00163743 -0.000992908 -0.00466667 0.00289941 0.00108696 -0.005 -0.00548387 0.00217391 0.00294118 0.00506494 -0.00164557 0.000434783 0.00302326 -0.00325843 -0.00137931 -0.0056962 -0.00145833 -0.00277778 -0.00534884 -0.00184 -0.00137778 -0.00206349 0.00012987 -0.00357143 -0.00244444 -0.000175439 -0.00230769 0.000869565 0.00333333 0.00509804 0.00604938 -0.00724138 0.00535714 0.00770492 -0.00463415
internal_weight=1388 816 760 189 571 472 432 572 87 242 207 549 145 404 190 99 182 49 342 282 60 169 92 40 62 46 68 77 158 69 43 89 58 79 96 72 43 250 225 189 77 112 90 57 52 46 54 102 81 58 56 61 41
internal_count=1388 816 760 189 571 472 432 572 87 242 207 549 145 404 190 99 182 49 342 282 60 169 92 40 62 46 68 77 158 69 43 89 58 79 96 72 43 250 225 189 77 112 90 57 52 46 54 102 81 58 56 61 41
is_linear=0
shrinkage=0.01


Tree=56
num_leaves=55
num_cat=0
split_feature=97 11 19 3 19 80 11 76 17 91 97 5 43 78 7 71 63 71 100 11 2 91 63 79 71 30 26 30 44 7 100 1 29 17 94 11 5 24 64 71 26 30 74 1 75 34 2 76 75 26 2 16 26 2
split_gain=13.8236 10.9169 11.6214 10.5341 8.90084 11.8361 12.0235 11.6669 9.11325 8.51101 7.93899 9.17247 8.22369 7.8749 10.593 8.81516 8.09943 7.65616 7.54054 7.45628 7.89362 7.17095 6.83911 10.1175 6.61233 6.54779 6.30322 5.9937 6.50155 9.48623 5.94532 5.77245 5.49116 5.48487 7.06275 5.48107 5.40346 5.3312 5.20022 8.27841 4.98909 4.88498 4.80392 4.69535 6.2014 6.37952 4.38961 4.18585 4.14848 3.03576 2.91255 1.78416 1.67619 0.4
threshold=0.59375000000000011 41547.80000000001 910.00000000000011 15751.450000000003 1745.0500000000004 25006.911458333336 35448.100000000006 33990.11041666667 92.250000000000014 30877.896300000004 0.093750000000000014 3885.0750000000003 67.235000610351577 651.30453472222246 112.98500000000001 1207.1640000000002 28992.550000000007 927.41050000000007 0.21180555555555561 34722.400000000009 2758.3000000000006 23307.414575000006 30185.650000000005 293.17814318789078 880.20000000000016 89.750000000000014 0.75000000000000011 22.000000000000004 2.8270000219345097 32.685000000000009 0.40625000000000006 13619.250000000002 86.250000000000014 124.05000000000003 675709.77331531269 37105.450000000004 2959.4250000000006 11.025000000000002 1317.5220000000002 1035.1825000000001 63.250000000000007 99.250000000000014 1474.7934791666669 15847.500000000002 472.85636211782361 92.750000000000014 3166.0640000000003 33150.420833333344 514.69962759720613 83.250000000000014 2988.8235000000004 5501.5000000000009 18.750000000000004 2483.8000000000006
decision_type=2 2 2 2 2 2 2 2 2 2 2 2 2 2 2 2 2 2 2 2 2 2 2 2 2 2 2 2 2 2 2 2 2 2 2 2 2 2 2 2 2 2 2 2 2 2 2 2 2 2 2 2 2 2
left_child=4 2 3 25 5 -1 10 13 18 22 12 36 -7 31 15 17 37 -15 26 20 32 -14 23 -4 27 35 -6 -9 43 -30 -20 -8 -13 -10 46 52 -12 -16 39 -26 -33 -25 -27 -29 -45 -46 -35 51 -48 -31 -22 53 -2 -23
right_child=1 -3 9 -5 8 6 7 24 33 -11 11 19 21 14 16 -17 -18 -19 30 -21 50 47 -24 41 38 42 -28 28 29 49 -32 40 -34 34 -36 -37 -38 -39 -40 -41 -42 -43 -44 44 45 -47 48 -49 -50 -51 -52 -53 -54 -55
leaf_value=1.3857024956245187 0.81191649951778777 2.0868428969216 -0.96243991379606231 -0.023883573243138802 -2.6175276813463095 0.61431752119987348 0.59721318384947686 0.021875972401722298 -2.9765894502162866 -2.002225445760784 -0.15467786514510079 -3.1326201179956308 -0.00058039236601787898 0.70841534044166521 -1.3850595036090187 3.0273031664677399 0.12309799929441834 -0.055579502429316287 4.9333607090512013 -0.089110781564181382 3.3292471501280203 -6.855913646750305 0.060398169417684895 0.074669457855768229 0.018986503721563609 1.5615600828258167 0.12121125001713182 -0.087557653346861955 -0.23621291730193916 0.10932539588959647 -0.0061283738220247195 -0.0017788916536829902 0.66414077967571195 0.065702819934313691 -0.16813795026042727 0.0077580911146162904 -1.9229787056911705 -0.0014448303087714121 2.6053773186933906 -0.35472889943486008 2.6213327990802044 -1.0675534228748942 -0.015429284799228627 -0.29816921965004484 -0.27038408198415687 0.021265099555915982 -0.45526529840046975 -0.10030598293441483 -0.042086011813108011 -0.005603527844891684 5.0814793440484882 -3.513267335120112 5.7743021659137446 -6.1183947807283383
leaf_weight=37 20 33 36 20 21 20 21 24 21 21 20 26 27 31 37 37 21 33 22 29 20 20 25 23 23 20 23 24 23 23 24 28 27 28 35 36 22 22 22 25 22 24 34 20 34 20 20 33 24 21 22 22 22 20
leaf_count=37 20 33 36 20 21 20 21 24 21 21 20 26 27 31 37 37 21 33 22 29 20 20 25 23 23 20 23 24 23 23 24 28 27 28 35 36 22 22 22 25 22 24 34 20 34 20 20 33 24 21 22 22 22 20
internal_value=-0.000317003 0.00152866 0.00088968 0.00276316 -0.000856611 -0.000397196 -0.000647131 0.000293542 -0.00266055 -0.00131783 -0.00220779 -0.000722892 -0.00394366 0.0018254 0.000718232 0.00287129 -0.002 0.000625 -0.000222222 0.000645161 0.002 -0.00491803 -0.000185185 -0.00156627 -0.00119691 0.00378788 -0.00318182 -0.00216931 -0.00284848 -0.000447761 0.0026087 0.00464789 -0.000566038 -0.004375 -0.00345794 0.00564103 -0.0047619 -0.00389831 0.00142857 -0.000416667 0.0028 0.00148936 0.00111111 -0.0044898 -0.00324324 -0.00148148 -0.00166667 -0.00621053 -0.00363636 0.00227273 0.0052381 -0.00774194 0.00809524 -0.009
internal_weight=1388 314 281 152 1074 856 819 511 218 129 308 166 142 252 181 101 80 64 90 124 95 122 108 83 259 132 44 189 165 67 46 71 53 128 107 78 42 59 70 48 50 47 54 98 74 54 72 95 44 44 42 62 42 40
internal_count=1388 314 281 152 1074 856 819 511 218 129 308 166 142 252 181 101 80 64 90 124 95 122 108 83 259 132 44 189 165 67 46 71 53 128 107 78 42 59 70 48 50 47 54 98 74 54 72 95 44 44 42 62 42 40
is_linear=0
shrinkage=0.01


Tree=57
num_leaves=56
num_cat=0
split_feature=30 46 92 5 82 31 88 28 24 72 38 26 68 14 2 2 35 67 85 88 84 26 39 14 34 63 78 98 39 81 3 75 97 25 81 24 0 26 11 40 14 40 78 83 35 88 11 82 20 25 38 20 40 30 67
split_gain=11.6021 12.5232 12.2083 10.517 13.9187 12.7736 23.9215 17.9552 12.4111 13.0155 9.98132 9.3364 8.99269 8.58728 9.18908 7.33171 7.26355 11.9404 10.8651 9.22614 11.8044 6.75048 6.68941 6.65628 7.9872 6.61065 13.6571 5.98239 5.8312 5.37822 9.58678 9.05894 5.31926 8.40108 12.1696 8.2439 5.30718 5.26753 5.19373 4.66098 4.50889 4.44451 9.00324 4.23345 4.09091 4.08333 3.71212 3.6 3.34374 3.12567 2.38095 1.63902 1.63902 1.38528 1.30617
threshold=21.250000000000004 102.51499938964845 23488.529225000009 2862.2600000000007 638.05000000000007 14.625000000000002 8051.7702083333343 25.175000000000004 7.7750000000000012 1503.4000000000003 3.225000000000001 2.7500000000000004 1682.4000000000003 20740.000000000004 3030.3895000000007 2552.5500000000006 26.625000000000004 26555.000000000004 1401.7500000000002 7382.2564583333342 1172.0361875000001 37.250000000000007 122.75000000000001 10828.900000000001 90.250000000000014 31257.350000000002 448.35056250000008 0.61458333333333348 161.75000000000003 4126.8574008210599 15217.743000000002 329.14554610593734 0.69791666666666685 88.250000000000014 4205.260920873855 9.4750000000000014 31307.400000000005 100.75000000000001 36777.700000000004 104.25000000000001 13949.050000000001 119.25000000000001 1154.8894722222224 1693.9999999999984 27.375000000000004 4513.9975000000004 36033.55000000001 0.0044999999999999494 1113.2500000000002 142.75000000000003 9.3750000000000018 2666.2500000000005 82.250000000000014 98.750000000000014 31433.450000000001
decision_type=2 2 2 2 2 2 2 2 2 2 2 2 2 2 2 2 2 2 2 2 2 2 2 2 2 2 2 2 2 2 2 2 2 2 2 2 2 2 2 2 2 2 2 2 2 2 2 2 2 2 2 2 2 2 2
left_child=1 2 -1 11 5 7 40 8 9 15 -6 39 32 16 -15 -5 18 -18 53 41 25 -16 -20 24 -13 26 -21 29 -24 31 -31 -10 33 35 49 52 -17 -23 -30 51 -7 50 -43 -37 -27 -11 -28 -25 -3 -35 -19 -2 -12 -9 -42
right_child=3 48 -4 4 10 6 -8 13 27 45 12 23 -14 14 21 36 17 19 22 20 -22 37 28 47 -26 44 46 -29 38 30 -32 -33 -34 34 -36 43 -38 -39 -40 -41 54 42 -44 -45 -46 -47 -48 -49 -50 -51 -52 -53 -54 -55 -56
leaf_value=-0.12913922207791925 -2.9708116758033847 2.9233373580634017 0.13136075277190132 1.3729637223963864 -0.61985670150589078 -0.86197845007540408 0.041909042299110473 -6.6354928837995466 0.23078318225270061 -0.024136185564429084 7.7841388661037483 -0.056525601449986723 -3.9580282003603027 -0.093606566132219127 -0.0071854547236273438 -0.75335466457928502 1.2623515359645592 -0.070599115422690858 0.023052995858167814 1.2509390474897399 0.52446641541389794 3.1894053395774011 -0.21032972035190242 0.13935098101507035 0.0051316240232081875 -0.3948831617127519 -3.9731718773065983 1.7623758685777506 0.0091613743563224177 -0.68068421026784454 2.9083708600138314 3.4405999310780619 10.832841789260661 0.011843086797872566 -0.47540598121960026 -0.0089566099647870011 1.6757800927394397 0.032577424847667812 -0.13479153548564157 -0.61362381515168563 -4.8953701423636975 -0.1162132001193929 0.01276068780101512 0.089762145000225613 -0.037484177594119504 -1.9703499183460951 -0.0073253217593996257 -0.54586521788661457 0.0083461492312986146 3.2135572054906665 -0.15797654600966624 -1.7532166729192908 2.5149359831298876 -5.1145555677405392 -6.5579824733492664
leaf_weight=22 21 33 35 24 22 23 25 20 26 24 21 21 39 28 26 20 21 21 37 31 35 22 26 20 23 30 24 33 34 26 21 25 26 21 21 21 23 20 29 24 33 20 23 20 36 24 20 20 20 20 21 20 20 22 25
leaf_count=22 21 33 35 24 22 23 25 20 26 24 21 21 39 28 26 20 21 21 37 31 35 22 26 20 23 30 24 33 34 26 21 25 26 21 21 21 23 20 29 24 33 20 23 20 36 24 20 20 20 20 21 20 20 22 25
internal_value=-0.000389049 0.00272727 -0.000526316 -0.000657277 -0.000327724 -0.000890869 -0.00415094 -0.000454545 0.00178862 -0.000608696 0.00186147 -0.00315436 0.00253589 -0.0014652 0.00125 0.00223881 -0.00204444 -0.00106383 -0.00369048 -0.00164751 -0.000340909 0.00323529 -0.00222222 -0.000952381 -0.00363636 -0.00163121 0.0004 0.00389313 -0.00370787 0.00265306 0.000212766 0.00490196 0.00352941 0.00277778 0 0.00487805 -0.000232558 0.00571429 -0.00206349 -0.006 -0.00679012 -0.00435294 -0.00209302 0.00170732 -0.00393939 -0.00458333 -0.00318182 0.002 0.00622642 0.00317073 -0.00666667 -0.00804878 0.00804878 -0.00809524 -0.00827586
internal_weight=1388 110 57 1278 1129 898 106 792 246 115 231 149 209 546 96 67 450 282 168 261 176 68 126 84 44 141 75 131 89 98 47 51 170 144 62 82 43 42 63 65 81 85 43 41 66 48 44 40 53 41 42 41 41 42 58
internal_count=1388 110 57 1278 1129 898 106 792 246 115 231 149 209 546 96 67 450 282 168 261 176 68 126 84 44 141 75 131 89 98 47 51 170 144 62 82 43 42 63 65 81 85 43 41 66 48 44 40 53 41 42 41 41 42 58
is_linear=0
shrinkage=0.01


Tree=58
num_leaves=53
num_cat=0
split_feature=8 94 80 21 73 70 16 35 41 93 8 88 1 16 46 88 96 65 46 65 89 72 14 84 84 23 5 72 80 10 2 67 80 1 16 23 45 82 65 16 35 80 89 65 19 44 46 71 72 19 14 1
split_gain=13.2714 15.1088 14.7728 14.4382 14.2307 12.8599 10.5681 10.7712 10.3363 8.22716 10.4499 7.25494 8.97607 7.10662 10.2002 9.26565 7.5298 6.92308 6.86449 7.80739 14.3567 13.1699 11.1149 7.58612 8.68361 7.36787 6.71659 6.08546 6.64314 5.64654 6.61602 6.19506 6.51905 5.81528 8.09731 11.0508 5.43763 5.15852 5.04568 5.50556 5.02648 4.84076 4.50134 4.20574 4.07 3.6 3.32413 2.93212 2.61905 2.57501 2.1856 0.942857
threshold=392.85416666666669 527761.61091656273 33975.965625000004 28.675000000000001 1224.2965000000002 1682.1500000000003 6296.9000000000005 27.525000000000002 84.750000000000014 413.02562415654523 418.04631934566152 8383.6570833333335 14069.35 6692.2500000000009 97.665000915527358 5912.0716666666667 1.0000000180025095e-35 27198.100000000002 105.90500259399415 28916.950000000004 1244.5121812500001 979.58600000000013 17326.050000000003 1146.1298333333336 1238.3076145833336 66.250000000000014 3193.8650000000002 904.24250000000018 28888.100694444449 31053.800000000007 2995.9500000000003 33974.000000000007 36709.559722222235 15847.500000000002 6233.4000000000005 99.250000000000014 25411.000000000004 -25.656500000000047 26477.950000000001 5437.2000000000007 24.975000000000005 32161.356250000001 1542.0748687500002 26536.150000000005 424.50000000000006 3.4229999780654912 99.579998016357436 1114.1540000000002 951.00000000000011 1036.1500000000003 14415.600000000002 14908.950000000003
decision_type=2 2 2 2 2 2 2 2 2 2 2 2 2 2 2 2 2 2 2 2 2 2 2 2 2 2 2 2 2 2 2 2 2 2 2 2 2 2 2 2 2 2 2 2 2 2 2 2 2 2 2 2
left_child=-1 4 3 6 5 9 8 26 18 37 -11 12 48 14 -4 -15 -17 -13 19 21 -21 27 23 43 -25 -20 -8 28 -3 -16 31 -31 -33 -32 35 -35 -18 -2 -26 -40 -12 46 -36 -23 -5 -14 -28 -6 -10 -39 -49 -48
right_child=1 2 13 44 47 -7 7 -9 11 10 40 17 45 15 29 16 36 -19 25 20 -22 22 -24 24 38 -27 41 -29 -30 30 33 32 -34 34 42 -37 -38 49 39 -41 -42 -43 -44 -45 -46 -47 51 50 -50 -51 -52 -53
leaf_value=-3.9259086348373784 -0.15552138288734163 2.9720617204073254 1.7162298361699329 5.7573199221436315 -4.5968423555130071 2.7361783636708528 -0.021489609200222484 -0.017908653535549431 -5.241331543689598 2.8321662702713599 0.027933146699487585 0.033749237532275357 0.032638759800700579 -0.022019022302962786 0.025990542977745883 4.5489238919362149 3.7544204415867934 -0.023883953321566499 -0.0092355219085779091 0.40797256440819263 -0.0077405907179475264 -1.7548949353412855 0.38307419039485302 2.7821430948088581 -0.97472423356805082 3.9091012096913484 1.397191422379481 1.1271376203326913 -0.070281957204120865 -1.4904939893141675 -1.9027579125044509 0.023290362870756125 -0.074202155176745985 -0.087309198050737544 -0.11830581845370609 0.059044007600437494 -0.066230446046868549 -1.8860800195409035 -1.0524371576458207 0.043597526005207492 -2.6053622546180257 0.32478073844344196 -0.030475722567771459 -1.822842831570437 0.89058116930254427 -1.8991058054449286 2.4291290929554248 -0.80296904393161161 -5.9699457862191982 -0.76257152880615087 -2.2951139989452884 6.8761171436056223
leaf_weight=29 27 30 28 28 31 26 20 37 20 30 21 20 20 33 39 21 21 32 25 31 29 39 26 21 21 36 27 22 21 31 39 32 28 35 27 28 20 22 20 23 22 30 20 24 26 20 20 21 22 25 20 22
leaf_count=29 27 30 28 28 31 26 20 37 20 30 21 20 20 33 39 21 21 32 25 31 29 39 26 21 21 36 27 22 21 31 39 32 28 35 27 28 20 22 20 23 22 30 20 24 26 20 20 21 22 25 20 22
internal_value=-0.00054755 -0.000404709 8.97666e-05 0.000955056 -0.00265306 -0.00109827 0.000547112 0.00282051 -0.000159363 -0.0022449 0.000136986 -0.00253731 -0.00439024 -0.00144279 -0.00218241 0.000947368 0.00322581 0.000384615 0.000706522 9.77199e-05 0.00333333 -0.000688259 -0.00218391 -0.00324324 -0.00129412 0.00377049 0.00428571 0.00287671 0.000980392 -0.00275986 -0.00333333 -0.00120879 0.000666667 -0.00463087 -0.00345455 -0.00111111 0.000731707 -0.00459459 -0.003125 -0.00116279 -0.00302326 0.00535354 -0.00659574 -0.00587302 0.00592593 -0.001 0.00681159 -0.00638889 -0.00761905 -0.00659574 -0.00463415 0.00857143
internal_weight=1388 1359 1114 712 245 173 658 156 502 147 73 134 82 402 307 95 62 52 368 307 60 247 174 148 85 61 119 73 51 279 240 91 60 149 110 63 41 74 64 43 43 99 47 63 54 40 69 72 42 47 41 42
internal_count=1388 1359 1114 712 245 173 658 156 502 147 73 134 82 402 307 95 62 52 368 307 60 247 174 148 85 61 119 73 51 279 240 91 60 149 110 63 41 74 64 43 43 99 47 63 54 40 69 72 42 47 41 42
is_linear=0
shrinkage=0.01


Tree=59
num_leaves=57
num_cat=0
split_feature=80 8 94 45 72 43 97 81 6 26 68 68 29 62 30 81 60 68 30 62 8 19 79 89 27 66 10 30 7 35 3 20 45 5 66 26 20 43 79 20 94 37 80 67 30 19 14 27 3 89 63 36 5 10 89 10
split_gain=13.3211 12.4234 13.1616 12.3036 9.34577 10.5806 13.5887 12.7192 11.6923 9.82564 10.3432 8.95344 12.436 11.3923 11.7556 8.82361 8.53081 8.42382 11.1154 9.60177 12.4681 7.26571 7.1999 6.78373 6.6996 6.51176 5.93483 7.17073 10.035 8.98122 7.93292 8.845 6.74385 5.853 5.55259 5.45071 5.44444 5.33333 5.7971 5.2964 5.20255 7.75758 5.18738 5.32299 5.08235 4.95918 4.9581 4.62857 3.6878 3.6286 3.6 3.50303 3.49164 2.84078 2.76 2.0525
threshold=33975.965625000004 392.85416666666669 501613.72003406263 25365.000000000004 1361.0500000000002 76.954998016357436 0.38541666666666669 4026.9740668462559 5212.5550000000012 136.25000000000003 1266.1170000000004 1018.5000000000001 83.750000000000014 734.47200000000009 74.750000000000014 3814.0189553576706 1460.1105000000002 1457.2285000000004 89.750000000000014 1299.8000000000002 417.69184210526322 1001.35 395.551123353994 1370.5387312500002 77.750000000000014 1266.1170000000004 42756.500000000007 97.750000000000014 20.785000000000004 27.175000000000004 15217.743000000002 1295.2500000000002 25394.500000000004 4712.9900000000007 0.10200000000000002 20.750000000000004 2178.4000000000005 93.509998321533217 506.9867833474039 921.95000000000016 619935.09479437524 54.750000000000007 29426.132291666672 31189.050000000007 93.250000000000014 769.10000000000014 20740.000000000004 83.250000000000014 14392.000000000002 1269.01734375 32186.150000000005 81.750000000000014 4214.2800000000016 28667.100000000002 1016.96424375 31814.050000000007
decision_type=2 2 2 2 2 2 2 2 2 2 2 2 2 2 2 2 2 2 2 2 2 2 2 2 2 2 2 2 2 2 2 2 2 2 2 2 2 2 2 2 2 2 2 2 2 2 2 2 2 2 2 2 2 2 2 2
left_child=1 -1 3 36 9 6 7 -6 40 10 11 13 -13 23 54 -14 45 19 21 22 33 -19 44 24 -4 -10 27 29 -29 46 31 -30 39 -21 -28 -8 -3 38 -12 -31 41 -7 -27 -44 -2 -16 48 -25 -24 53 -33 -43 -20 -42 -15 -45
right_child=17 2 4 -5 5 8 35 -9 25 -11 37 12 15 14 16 -17 -18 18 52 20 -22 -23 26 47 -26 42 34 28 30 32 -32 50 -34 -35 -36 -37 -38 -39 -40 -41 49 51 43 55 -46 -47 -48 -49 -50 -51 -52 -53 -54 -55 -56 -57
leaf_value=-7.2706333501086373 -0.029261400558679495 -0.95022357550664738 0.0052101588512521091 2.5227493227415763 -1.4163252121295069 -0.76694753307477315 1.6011872563696636 0.077110945510692613 -0.054659254526506378 7.5488977373357358 0.63502171809590102 -2.2564040630140205 -1.1800486047815595 1.4074131693717817 0.017771875325112731 1.1145503715915031 -0.07980069004151083 0.011602812695807598 -2.3604552809534596 0.062593766214108587 -0.97008729753643796 -0.30979165474198328 -0.066428945903246162 -0.3361442946560616 -0.55236930619981539 -0.028103028488637039 -0.32359516601472621 -0.11782545820886502 -0.047252485330944526 6.1040141613785419 1.8676425145606794 0.12966483317801811 -0.05643866424763503 6.2136143136102806 -0.11712276026916904 0.019772789815502161 -3.0916257833009233 0.14282449027633193 5.1881113217930048 -0.0012689341715670674 -0.61255444274508475 0.65644853417239435 1.3988281212977853 -0.013173666992551951 -4.3339441794282711 3.0112747695686575 -0.018150891217082705 1.842893593133538 -0.26640552506924225 -0.017099779754606463 -0.010184688012571866 -0.94079005244562308 -5.8206356085365893 -1.3636490582648821 5.7858203810777287 0.096300799147264263
leaf_weight=22 30 20 27 21 21 22 26 20 32 26 23 24 25 25 28 36 23 23 23 35 20 29 20 21 29 28 22 21 23 21 39 20 21 26 31 21 25 27 25 20 21 20 20 21 34 21 20 24 21 23 20 24 29 26 23 20
leaf_count=22 30 20 27 21 21 22 26 20 32 26 23 24 25 25 28 36 23 23 23 35 20 29 20 21 29 28 22 21 23 21 39 20 21 26 31 21 25 27 25 20 21 20 20 21 34 21 20 24 21 23 20 24 29 26 23 20
internal_value=-0.000648415 0.000142857 0.000342298 -0.00393939 0.000718085 -0.000492754 0.0025 -0.00170732 -0.00151751 0.00174447 0.00133858 0.000522876 -0.00223529 0.00158371 0.00366667 0.000163934 0.00111111 -0.00186131 -0.00442308 -0.00126126 0.00185185 -0.00115385 -0.00195592 -0.000891089 -0.00321429 0.000743802 -0.00130435 -0.000650407 0.00105691 -0.00235772 0.00235294 0.00015873 0.000322581 0.00409836 -0.00433962 0.00617021 -0.00688889 0.00466667 0.00666667 0.00268293 -0.00352941 -0.00151515 0.00213483 0.00377049 -0.005 0.00346939 -0.00508197 0.002 -0.00707317 -0.00542857 0.003 0.000909091 -0.00769231 -0.00702128 0.0075 0.00170732
internal_weight=1388 840 818 66 752 345 88 41 257 407 381 306 85 221 120 61 72 548 104 444 81 52 363 101 56 121 299 246 123 123 102 63 62 61 53 47 45 75 48 41 136 66 89 61 64 49 61 45 41 70 40 44 52 47 48 41
internal_count=1388 840 818 66 752 345 88 41 257 407 381 306 85 221 120 61 72 548 104 444 81 52 363 101 56 121 299 246 123 123 102 63 62 61 53 47 45 75 48 41 136 66 89 61 64 49 61 45 41 70 40 44 52 47 48 41
is_linear=0
shrinkage=0.01


Tree=60
num_leaves=53
num_cat=0
split_feature=20 62 94 72 7 22 72 59 31 37 94 6 63 60 84 39 2 79 72 14 84 2 43 31 22 13 83 31 21 31 21 2 63 79 42 39 38 31 72 3 38 87 39 31 19 37 87 3 22 11 63 62
split_gain=10.5033 12.8866 12.3989 12.1436 17.3725 14.2112 12.4158 11.688 9.62046 9.62632 9.31634 8.30699 8.09663 10.0987 11.0852 7.68706 7.42304 9.48046 7.19723 6.85958 7.94872 7.51992 6.84651 6.80039 6.78625 6.78017 6.74437 6.69961 8.81232 14.881 8.33675 6.6746 6.38182 6.01588 5.60485 5.54505 5.5254 5.48638 5.40865 6.05568 5.16678 5.09143 5.00276 5.69407 5.12821 5.05157 4.43902 4.28571 4.14848 3.48444 3.18182 2.82576
threshold=2774.5500000000006 734.47200000000009 531875.78438812518 963.10000000000014 2608.4150000000004 93.750000000000014 661.75000000000011 0.25000000000000017 6.3250000000000011 71.750000000000014 630879.96120625024 5212.5550000000012 28168.550000000003 1104.9500000000003 1251.3440625000003 211.25000000000003 2580.4500000000003 239.65813367669145 1499.9500000000003 17326.050000000003 1172.0361875000001 2597.5000000000005 77.20999908447267 4.1250000000000009 84.750000000000014 3476.8000000000006 2556.7000000000012 6.0750000000000011 26.975000000000005 3.0250000000000004 28.075000000000006 2795.1500000000005 30408.450000000004 423.65714810405308 238.57499694824222 175.25000000000003 9.8250000000000011 6.6250000000000009 1301.1500000000003 14325.950000000003 6.4750000000000005 1.0000000180025095e-35 145.25000000000003 6.5250000000000012 898.80000000000007 88.250000000000014 0.69791666666666685 14343.700000000003 79.250000000000014 42936.750000000007 30359.700000000001 1393.8370000000002
decision_type=2 2 2 2 2 2 2 2 2 2 2 2 2 2 2 2 2 2 2 2 2 2 2 2 2 2 2 2 2 2 2 2 2 2 2 2 2 2 2 2 2 2 2 2 2 2 2 2 2 2 2 2
left_child=1 2 49 4 6 8 7 23 12 19 31 40 -5 -14 -15 35 25 -18 -7 20 -10 -22 -23 -3 38 -11 -25 28 29 -26 46 -4 -30 41 50 -16 -31 -20 39 48 51 -8 -33 45 -45 -44 47 -29 -12 -1 -19 -2
right_child=11 3 10 5 -6 18 33 -9 9 16 24 -13 13 14 15 -17 17 34 37 -21 21 22 -24 26 27 -27 -28 30 32 36 -32 42 -34 -35 -36 -37 -38 -39 -40 -41 -42 -43 43 44 -46 -47 -48 -49 -50 -51 -52 -53
leaf_value=-3.3537520412894413 -3.6710555903184705 10.422065713590987 -0.021612896106084478 3.0807125801792905 -0.033904776467855488 1.6941862488785924 2.8069790302176649 -0.12076396695360039 -1.3257442180632903 -0.0014847122088252149 0.04737643440122799 0.034672151225072091 -2.2030624683640982 2.1996401001585744 -0.036200707399310743 0.06185212345878352 -0.025840024559441961 1.5564541202891096 -1.7207022498533215 0.046840845551194166 0.0073387731002656567 -0.089105947068699301 -0.14206205398901203 0.3970749276230538 -0.40573554274927653 -1.430884859104913 -0.19234998127202688 -2.558090710197122 -0.010633385489163266 0.71811700392086952 0.085403395337451823 -0.040709668766645266 -0.2134829658084906 3.6822126973298523 -0.022342115325717223 -0.65421425373089193 -0.037473174663722367 3.1285776129809113 -3.7922852775024896 -0.12818081354636862 -0.12587451969539373 -0.015197735778346502 0.0067331425248341919 -0.040473260934676326 0.25334815094866425 1.6899703197878 -7.4555102507018276 -0.02977138962698397 0.80563999900661176 -0.13016105986164889 0.021209518284230438 -2.572371227914628
leaf_weight=25 29 24 24 27 22 38 28 38 31 26 24 25 20 27 39 25 28 35 21 21 22 20 23 36 28 32 23 35 30 36 21 20 22 37 20 21 20 25 26 20 30 22 22 24 26 34 26 21 20 20 20 27
leaf_count=25 29 24 24 27 22 38 28 38 31 26 24 25 20 27 39 25 28 35 21 21 22 20 23 36 28 32 23 35 30 36 21 20 22 37 20 21 20 25 26 20 30 22 22 24 26 34 26 21 20 20 20 27
internal_value=-0.000923521 -0.000666667 -0.00187023 0.000173103 0.00208696 -0.000671785 0.00298077 0.000909091 -0.00139588 -0.00251799 -0.00139875 -0.00387387 0.000566038 -0.000454545 0.000714286 -0.00105882 -0.000931677 0.000679612 0.00309524 -0.00470085 -0.00583333 -0.00384615 -0.00627907 0.00301205 -0.00234043 -0.0037931 0.00118644 -0.00322176 -0.00176471 0.000238095 -0.00514563 0.000666667 -0.005 0.00586207 0.00253333 -0.003 0.00321429 0.000434783 0 0.0015625 -0.00534884 0.0036 0.0015873 0.00245283 0 0.00464286 -0.00658537 -0.005 0.00363636 -0.00688889 0.00418182 -0.00714286
internal_weight=1386 1275 524 751 230 521 208 121 437 278 479 111 159 132 112 85 161 103 84 117 96 65 43 83 329 58 59 239 136 84 103 150 52 87 75 60 56 46 90 64 86 50 126 106 50 56 82 56 44 45 55 56
internal_count=1386 1275 524 751 230 521 208 121 437 278 479 111 159 132 112 85 161 103 84 117 96 65 43 83 329 58 59 239 136 84 103 150 52 87 75 60 56 46 90 64 86 50 126 106 50 56 82 56 44 45 55 56
is_linear=0
shrinkage=0.01


Tree=61
num_leaves=52
num_cat=0
split_feature=73 60 13 2 2 5 67 4 97 32 38 43 4 65 27 5 36 67 60 5 42 82 28 21 65 2 43 43 82 44 17 21 2 74 87 38 89 40 65 37 2 3 97 87 13 79 34 2 17 22 4
split_gain=16.478 21.1179 12.8561 11.7797 13.5017 10.8072 10.1876 10.1781 10.1082 9.6091 10.74 11.3271 9.13355 8.76812 8.73877 8.18743 8.28085 8.12698 8.0766 7.89543 9.44312 8.87653 7.62455 9.52947 7.32796 7.10245 7.688 7.2519 6.76412 9.97809 9.26471 8.1 6.5727 6.53874 6.44299 5.50556 5.27424 6.4 5.25952 5.1926 5.16248 5.41126 5.16236 4.54043 4.25997 3.83275 2.81299 2.7855 2.5 2.1645 0.514286
threshold=1427.3000000000002 1533.9000000000003 8492.5500000000011 2787.8500000000004 2297.6500000000005 2862.2600000000007 30063.100000000002 2352.5050000000006 0.26041666666666669 292.75000000000006 8.4750000000000032 85.969997406005874 10790.715000000002 27423.100000000002 28.750000000000004 7940.9350000000004 79.250000000000014 31494.650000000005 1236.3805000000002 4531.1750000000011 122.45000076293947 3.6934999999999722 24.825000000000006 25.175000000000004 33599.750000000007 3461.4240000000004 80.795001983642592 68.02500152587892 0.028500000000000029 3.8515000343322758 13.050000000000002 27.075000000000006 3012.6500000000001 1106.4538437500003 0.031250000000000007 5.9250000000000016 1405.5461062500001 39.250000000000007 32396.300000000003 79.750000000000014 3305.8500000000004 14379.85 0.76041666666666685 0.13541666666666671 3852.2500000000005 561.99498083480262 78.250000000000014 2923.1890000000008 125.55000000000001 89.250000000000014 3563.7800000000007
decision_type=2 2 2 2 2 2 2 2 2 2 2 2 2 2 2 2 2 2 2 2 2 2 2 2 2 2 2 2 2 2 2 2 2 2 2 2 2 2 2 2 2 2 2 2 2 2 2 2 2 2 2
left_child=1 2 5 4 -2 8 12 48 17 10 11 24 -4 -5 -6 16 -12 -1 -16 21 -21 -3 -22 -24 28 26 27 -8 29 30 -9 -32 34 -18 -30 -34 37 -29 -38 -28 41 -15 -20 -10 -36 -27 -13 -41 -7 -19 -43
right_child=3 19 6 13 14 7 25 9 43 -11 15 46 -14 40 18 -17 33 49 42 20 22 -23 23 -25 -26 45 39 36 32 -31 31 -33 35 -35 44 -37 38 -39 -40 47 -42 50 -44 -45 -46 -47 -48 -49 -50 -51 -52
leaf_value=-3.291953023187479 -1.9860722031469271 1.348435599921413 -0.039041490243965415 0.0034911854569843193 -0.4928644977950819 1.7489371924582355 -0.10257234378511403 0.53051691349973962 -4.7612988632689026 4.6413224085051938 0.0079362240778809712 2.4900748839003253 0.1277774583094258 -1.0364718580090757 -0.83454329587960974 0.019267950705132503 -5.5533036428336491 0.0031529470930446715 0.085905938471038723 6.0929035318355158 3.0499054543774968 -0.67761020658400239 -0.1840049303433707 6.8785438633107061 -0.39718689403346447 -0.59208615757013283 -0.053264290375344449 0.036009082629611451 0.20989255098068221 -7.3274327767507037 -1.5347028730570873 0.060597838925133263 -4.7220248415187225 -0.64900608052760067 1.7999744813870928 1.1158231212190097 -0.0095534754277898388 -0.038217442766624296 3.5064232822172166 -0.092504815862065617 -0.075152921806127676 -0.14934874721632033 0.024580062246092847 -0.050463779123775379 1.5296293481443648 -0.043890462314577598 0.35165707002458335 -0.21440340587463419 6.472974621148615 0.013776849197813036 -0.80870787716132353
leaf_weight=21 28 23 35 20 32 20 37 28 25 20 29 22 34 21 20 24 36 20 35 37 33 26 31 34 27 27 29 20 37 25 20 20 20 26 27 23 20 20 28 38 38 20 22 23 32 22 20 33 20 22 36
leaf_count=21 28 23 35 20 32 20 37 28 25 20 29 22 34 21 20 24 36 20 35 37 33 26 31 34 27 27 29 20 37 25 20 20 20 26 27 23 20 20 28 38 38 20 22 23 32 22 20 33 20 22 36
internal_value=-0.000808081 -0.0002693 -0.00088172 -0.00301471 -0.000948905 1.70358e-05 -0.00241983 0.000672269 -0.00279279 0.000229358 -9.61538e-05 0.00089701 0.00101449 -0.00511111 0.000642202 -0.00269565 -0.00406593 -0.00015873 0.00246753 0.00282609 0.00407407 -0.000612245 0.00244898 0.000461538 0.00011583 -0.00328467 -0.00253333 -0.00088 0.000689655 -0.00139785 0.000588235 -0.0025 0.00208633 -0.00612903 0.00354167 -0.00116279 0.000681818 -0.002 0.00291667 -0.0046 -0.00617391 -0.00766234 0.00438596 -0.00625 0.00559322 -0.00673469 0.00571429 -0.00605634 0.0055 0.00238095 -0.00928571
internal_weight=1386 1114 930 272 137 587 343 476 111 436 416 301 69 135 109 115 91 63 77 184 135 49 98 65 259 274 225 125 232 93 68 40 139 62 96 43 88 40 48 100 115 77 57 48 59 49 42 71 40 42 56
internal_count=1386 1114 930 272 137 587 343 476 111 436 416 301 69 135 109 115 91 63 77 184 135 49 98 65 259 274 225 125 232 93 68 40 139 62 96 43 88 40 48 100 115 77 57 48 59 49 42 71 40 42 56
is_linear=0
shrinkage=0.01


Tree=62
num_leaves=52
num_cat=0
split_feature=94 73 62 62 73 90 68 16 82 89 67 34 90 28 2 1 89 1 30 78 35 26 4 8 20 85 8 62 94 36 36 3 36 40 16 4 26 30 89 40 97 80 78 77 2 28 34 68 4 43 90
split_gain=12.6835 11.0321 12.4082 10.5819 10.5561 9.9681 8.30235 12.8845 8.8753 8.40919 8.32095 14.6713 9.23592 8.86995 8.24242 16.254 8.22294 8.08414 10.3056 9.93723 8.05497 8.90112 11.1399 11.0554 7.51307 10.3636 9.61756 7.87504 7.39633 7.32158 7.21984 7.16588 6.59216 5.93236 5.77642 7.32323 5.42919 5.31692 5.25062 5.0381 4.64015 4.12121 4.45455 3.88624 3.67411 4.50667 3.56166 3.29143 6.48 3.25681 2.25732
threshold=527761.61091656273 1348.0445000000002 1.0005000000000002 930.34250000000009 1579.9000000000003 2930.4828000000011 1467.0000000000002 2921.3000000000006 -0.050500000000000038 1640.0955187500001 28374.500000000004 87.750000000000014 1781.8825500000005 29.275000000000002 2699.0625000000005 13813.450000000003 880.43548125000007 13774.450000000003 34.750000000000007 803.99386458333345 28.225000000000005 86.750000000000014 7440.2450000000008 412.07890013495285 2217.7000000000003 1682.4000000000003 414.1830263157895 1369.3000000000004 742669.06285812519 79.250000000000014 89.250000000000014 10357.550000000001 79.250000000000014 89.750000000000014 6378.0500000000011 5293.8700000000008 74.250000000000014 95.250000000000014 890.93769374999999 53.750000000000007 0.072916666666666671 33116.416666666679 1377.2536041666669 3813.8160972606615 2818.3500000000008 29.925000000000001 75.250000000000014 834.05400000000009 3578.1000000000004 78.780002593994155 1471.4500500000006
decision_type=2 2 2 2 2 2 2 2 2 2 2 2 2 2 2 2 2 2 2 2 2 2 2 2 2 2 2 2 2 2 2 2 2 2 2 2 2 2 2 2 2 2 2 2 2 2 2 2 2 2 2
left_child=1 2 -1 6 17 14 7 -2 -8 10 11 31 13 30 15 -6 -14 18 -5 -20 21 22 33 -24 26 -26 27 -4 -10 -18 40 -9 -21 38 35 -35 -11 -3 -19 -32 -12 42 -16 -15 -31 49 -42 -34 -49 -46 -23
right_child=3 37 24 4 5 -7 8 9 28 36 12 -13 16 43 41 -17 29 20 19 32 -22 50 23 -25 25 -27 -28 -29 -30 44 39 -33 47 34 -36 -37 -38 -39 -40 -41 46 -43 -44 -45 45 -47 -48 48 -50 -51 -52
leaf_value=-1.7802322236755015 0.14264621129934296 -0.81501337644144078 -0.10030005531162026 2.1264841474986249 -1.6863625378460316 0.0063243105052028107 -7.3910166601967013 0.070715354925926649 -2.9099857747032036 0.58904851864769214 -0.053976917278172713 -4.8040513705125205 0.023528015009626133 -0.027711724133413496 -0.14629437407355658 0.042368632742042681 -0.00012456753737360841 2.1225733693556914 0.22853905317258835 0.86835426187896259 -0.032305738346129619 7.8602019277693396 1.8570164869601826 -1.0430634857348611 -1.8677257020105253 0.074877372048471294 4.5154525837944295 2.8433380207623489 0.091401845118404546 -2.53082332350992 -0.010049867068256467 4.5133262258013556 -0.21421280860077865 -0.1100205374793079 1.4575493021418797 2.2290157962191812 -0.017383769678679731 -3.410403469672544 2.9449237471524943 0.23392094689492379 -0.24174911080201256 -0.0086843655260064895 -0.080814579787498605 1.8757030058201665 -0.045434463354079045 -0.1261799353359476 -0.64286933243168021 -1.72945705857223 0.0041043572680203259 -0.0032096411993152354 11.082875782101414
leaf_weight=38 31 25 39 26 28 20 29 21 37 35 32 26 25 21 22 36 27 36 22 31 21 23 20 22 33 24 35 22 22 35 20 25 20 36 24 22 27 27 26 28 21 24 22 29 27 25 22 25 25 23 24
leaf_count=38 31 25 39 26 28 20 29 21 37 35 32 26 25 21 22 36 27 36 22 31 21 23 20 22 33 24 35 22 22 35 20 25 20 36 24 22 27 27 26 28 21 24 22 29 27 25 22 25 25 23 24
internal_value=-0.000764791 -0.00283951 -0.00172775 -0.00032371 0.000666667 -0.00157895 -0.0012585 -0.00076 -0.00409091 -0.00117271 -0.00169533 0.00138889 -0.00235821 -0.000751445 -0.00257576 0 -0.00407407 0.00151365 -0.00033557 -0.00154472 0.00259843 0.00313305 0.00215054 -0.00238095 -0.000457516 -0.00333333 0.00125 -0.00114754 -0.00186441 -0.0050365 -0.00219512 0.00478261 -0.00287129 0.00347222 0.00170732 0 0.00225806 -0.00692308 0.00580645 0.000833333 -0.00413333 -0.005 -0.00681818 0.0028 -0.00618182 -0.00493333 -0.00627907 -0.00457143 -0.0032 -0.0032 0.00702128
internal_weight=1386 243 191 1143 555 152 588 500 88 469 407 72 335 173 132 64 162 403 149 123 254 233 186 42 153 57 96 61 59 137 123 46 101 144 82 58 62 52 62 48 75 68 44 50 110 75 43 70 50 50 47
internal_count=1386 243 191 1143 555 152 588 500 88 469 407 72 335 173 132 64 162 403 149 123 254 233 186 42 153 57 96 61 59 137 123 46 101 144 82 58 62 52 62 48 75 68 44 50 110 75 43 70 50 50 47
is_linear=0
shrinkage=0.01


Tree=63
num_leaves=54
num_cat=0
split_feature=69 0 2 93 24 3 76 69 93 83 25 13 0 82 93 2 76 23 45 69 10 69 28 69 29 24 14 23 10 10 37 25 61 0 10 71 39 80 24 79 2 31 80 39 28 98 31 70 61 80 3 76 61
split_gain=15.5258 13.6096 11.2804 9.57252 8.62113 8.5819 8.311 7.8528 8.30658 13.0438 9.85594 7.44615 7.39331 12 8.27173 7.45009 7.38734 7.36383 7.34697 11.2765 7.08191 7.85776 8.96402 7.2 7.06028 6.93022 6.5352 6.37954 6.29145 6.78462 7.28438 7.1651 6.21429 6.13636 5.4658 5.34441 8.73542 7.90796 7.5643 5.36678 5.15714 7.97922 5.10331 4.9 4.68827 4.26087 3.87546 3.7285 3.38944 3.13043 2.87634 1.96 1.1983
threshold=32182.600000000002 30972.550000000003 3009.4540000000002 392.9500000000001 3.7750000000000004 14403.85 31144.761458333338 32390.250000000004 410.82950751879702 1919.200000000001 115.75000000000001 4063.4500000000003 26089.350000000002 0.028500000000000029 403.46514285714289 2923.1890000000008 34917.863541666673 87.250000000000014 25442.500000000004 36444.650000000001 29273.200000000001 30978.550000000003 24.975000000000005 28429.650000000005 84.750000000000014 11.925000000000002 14914.200000000003 97.250000000000014 38729.100000000013 34660.450000000004 95.250000000000014 143.75000000000003 34259.250000000007 34828.950000000004 23123.250000000004 1457.2285000000004 151.25000000000003 29534.145138888893 9.1750000000000025 447.96441450498969 2995.9500000000003 6.825000000000002 28111.163888888888 162.75000000000003 25.325000000000006 0.28125000000000006 9.4750000000000014 1365.6245000000001 31359.100000000002 31057.295833333334 14862.350000000002 35316.260416666672 32443.650000000005
decision_type=2 2 2 2 2 2 2 2 2 2 2 2 2 2 2 2 2 2 2 2 2 2 2 2 2 2 2 2 2 2 2 2 2 2 2 2 2 2 2 2 2 2 2 2 2 2 2 2 2 2 2 2 2
left_child=1 2 3 -1 11 12 26 -8 9 -9 -11 -2 13 17 42 35 25 -5 28 -20 43 23 46 -22 -21 32 -6 -28 29 31 -31 33 47 -18 -15 36 38 -37 39 -16 41 -24 -14 -3 -38 -4 -23 52 -25 -44 -12 -13 -10
right_child=4 20 45 5 6 -7 7 8 16 10 50 51 14 34 15 -17 18 -19 19 24 21 22 40 48 -26 -27 27 -29 -30 30 -32 -33 -34 -35 -36 37 44 -39 -40 -41 -42 -43 49 -45 -46 -47 -48 -49 -50 -51 -52 -53 -54
leaf_value=-6.4103676607481814 0.0097075116030385395 -0.17682307507922626 -0.045571414721097034 0.033977934212123952 -0.73528960914720443 -1.3831709924313995 -0.28783863317069591 0.053184780598124565 -2.880885916956172 0.035553034026477734 -0.08889034964229936 -1.898887382111081 0.069254281847496171 0.64147065225832522 -0.92716971178590168 0.065388352077589543 -4.1448908161033584 -4.7961998140684088 0.00904537807870078 -1.9315195223278152 2.3938169068103798 1.4138575491899115 1.4040488396287207 3.3300087202794897 -0.5089256735690284 0.0020163931216956254 3.5602460216566478 0.024480993665435956 0.085346015497609326 -0.088781683635801273 0.012577267185623853 1.2003693246716622 -0.040018523995652748 0.027206842608768659 -0.0090075242675239087 -1.803678449751386 -0.95862628823745955 1.6257424880059483 0.14153339268912618 0.079389967658809221 -0.055199127178328429 -0.061459360115015689 4.8369143647365433 1.1144219226053873 -0.024359547251509937 -0.31961944700370798 0.060759976175119912 -0.063786836900682847 5.0756335266720392 0.057085268558907387 -0.047095159016912733 -0.36774057826013468 -8.7408231220356942
leaf_weight=25 20 20 23 20 29 20 23 27 25 27 21 20 24 20 21 21 20 34 38 30 30 28 20 26 29 31 22 21 34 30 22 21 32 24 34 20 24 27 31 20 30 22 23 20 31 23 24 37 34 23 38 25 22
leaf_count=25 20 20 23 20 29 20 23 27 25 27 21 20 24 20 21 21 20 34 38 30 30 28 20 26 29 31 22 21 34 30 22 21 32 24 34 20 24 27 31 20 30 22 23 20 31 23 24 37 34 23 38 25 22
internal_value=-0.000519481 0.000501393 -0.000517241 0 -0.00161677 0.000381679 -0.00124378 -0.00167608 -0.00141732 0.000973451 -0.000930233 -0.00507692 0.000723861 -0.00148148 0.00162264 0.000564103 -0.00210127 -0.00481481 -0.00104839 -0.00319588 0.0023622 0.00308411 0.00145161 0.00533333 -0.0059322 -0.00387755 0.00194444 0.0044186 0.000331126 -0.000769231 -0.00346154 0.00138462 -0.005 -0.000909091 0.00185185 -0.000114943 -0.0011811 0.00276596 0.00111111 -0.00170732 -0.000833333 0.00142857 0.00457143 -0.0015 -0.00418182 -0.00521739 0.00461538 -0.00642857 0.00733333 0.00652174 -0.00322034 -0.00733333 -0.00829787
internal_weight=1386 718 464 418 668 393 603 531 508 113 86 65 373 108 265 195 395 54 248 97 254 214 124 90 59 147 72 43 151 117 52 65 116 44 54 174 127 47 72 41 72 42 70 40 55 46 52 84 60 46 59 45 47
internal_count=1386 718 464 418 668 393 603 531 508 113 86 65 373 108 265 195 395 54 248 97 254 214 124 90 59 147 72 43 151 117 52 65 116 44 54 174 127 47 72 41 72 42 70 40 55 46 52 84 60 46 59 45 47
is_linear=0
shrinkage=0.01


Tree=64
num_leaves=51
num_cat=0
split_feature=94 73 85 94 77 25 72 3 39 92 30 28 61 82 91 2 25 7 72 70 94 88 77 31 100 19 19 3 100 97 0 28 61 88 25 30 31 3 0 91 29 81 8 91 30 19 38 23 77 94
split_gain=11.2504 10.5216 9.72708 10.3619 10.2261 10.2676 9.47173 10.0434 9.16013 8.85014 9.92385 11.2113 8.24679 13.0178 13.4435 9.02564 8.03591 7.65756 7.65389 7.56999 7.56559 8.16125 7.2738 7.00245 6.86941 6.66667 6.49342 6.43405 6.33535 5.76416 5.74222 5.72727 5.69332 5.64796 6.45278 5.15456 5.1218 5.01807 4.47364 4.18841 4.9573 4.18736 4.17096 4.00476 3.99394 3.91007 3.22165 3.00198 2.61673 2.20909
threshold=524885.80778750021 1224.2965000000002 1399.2500000000002 597292.14625062526 2691.9567662805971 23.250000000000004 959.8850000000001 14038.250000000002 116.25000000000001 26175.987543750005 89.750000000000014 25.125000000000004 31900.000000000004 0.10799999999998545 28786.382381250001 2995.9500000000003 204.75000000000003 400.59500000000008 0.99700000000000011 1530.4560000000004 684084.06629687524 8307.2379166666669 4320.4594539783393 10.225000000000001 0.010416666666666668 1036.1500000000003 1155.1500000000003 16349.628500000003 0.25347222222222227 0.26041666666666669 28115.800000000007 22.275000000000002 33119.700000000004 10307.783958333335 193.25000000000003 92.250000000000014 13.025000000000002 14961.450000000003 35139.200000000004 28221.713331250005 88.750000000000014 4006.1846082693583 403.61159523809528 24833.884287500001 95.250000000000014 550.20000000000016 7.1750000000000016 87.750000000000014 4434.0657868111475 655851.94455187523
decision_type=2 2 2 2 2 2 2 2 2 2 2 2 2 2 2 2 2 2 2 2 2 2 2 2 2 2 2 2 2 2 2 2 2 2 2 2 2 2 2 2 2 2 2 2 2 2 2 2 2 2
left_child=1 19 6 8 28 49 7 16 31 12 23 26 17 14 -14 -15 42 45 22 27 21 32 47 25 -20 43 -12 35 29 -5 -13 -4 -16 -23 -35 48 39 -37 -9 -26 -41 -32 -2 -11 -3 -7 -40 -10 -1 -6
right_child=2 44 3 4 5 9 -8 38 18 10 11 30 13 15 20 -17 -18 -19 24 -21 -22 33 -24 -25 36 -27 -28 -29 -30 -31 41 -33 -34 34 -36 37 -38 -39 46 40 -42 -43 -44 -45 -46 -47 -48 -49 -50 -51
leaf_value=-0.0074302012440752895 -2.8852637778546684 -1.8846360668258466 -2.274364108887259 -1.1593451627435485 -1.398801258560697 -0.039923473844976097 -6.3903941164089328 -5.7753930921611083 -0.013238869666170884 0.013981788559859194 0.092850605538984096 -3.7277571843278792 0.043564151334938343 5.5201158374519492 -0.031216481209190763 0.00029637411087172604 0.58332188232221704 -0.038502744700745398 0.01428473073698644 2.4049890588385168 -0.049828727978551958 0.75884320931226568 -0.12774343179479902 2.9126915847962769 5.228685350537198 -0.13750109626370133 -0.065990803365253259 -0.69704633921506731 3.5797296676573742 1.3337514112847051 0.017156827156012154 0.0081303762230991762 -0.049216295483300955 0.060953429624137682 -0.37459020304734231 -0.08017401297240688 0.0081321021312708713 0.047335545352122782 0.008891411746406291 2.0568558017429592 2.5236216780854117 -3.0736572104337494 0.035728878751931287 2.1678439366675142 -3.3490982216173042 -0.65171980312413813 -0.06642028916527877 0.041695070653148231 -1.4617315472555554 -1.761489961893679
leaf_weight=21 20 31 28 21 20 24 34 23 24 32 21 23 20 27 26 39 20 38 37 30 33 20 20 23 23 20 25 25 36 23 24 22 38 38 27 38 25 35 20 34 35 27 21 28 30 31 22 38 22 24
leaf_count=21 20 31 28 21 20 24 34 23 24 32 21 23 20 27 26 39 20 38 37 30 33 20 20 23 23 20 25 25 36 23 24 22 38 38 27 38 25 35 20 34 35 27 21 28 30 31 22 38 22 24
internal_value=-0.00049062 -0.0025 -8.66551e-05 0.00028169 -0.000367232 -0.000796178 -0.002375 -0.00111111 0.00188811 -0.000445205 0.00112108 -0.000833333 -0.00141274 -0.000522388 -0.00178218 0.00333333 0.00180328 -0.00397849 0.00271186 -0.00122807 -0.00263736 -0.00167785 0.000243902 0.00339806 0.00402597 0.002 0.00304348 -0.00219858 0.003 0.000454545 -0.00324324 -0.002 -0.004375 0.000352941 -0.00107692 -0.0012069 0.00521368 0.000410959 -0.00384615 0.00630435 0.00507246 -0.00137255 -0.000731707 0.00366667 -0.00606557 -0.00636364 -0.00190476 0.00193548 -0.00395349 -0.00545455
internal_weight=1386 232 1154 994 708 628 160 126 286 584 223 120 361 268 202 66 61 93 236 171 182 149 82 103 154 80 46 141 80 44 74 50 64 85 65 116 117 73 65 92 69 51 41 60 61 55 42 62 43 44
internal_count=1386 232 1154 994 708 628 160 126 286 584 223 120 361 268 202 66 61 93 236 171 182 149 82 103 154 80 46 141 80 44 74 50 64 85 65 116 117 73 65 92 69 51 41 60 61 55 42 62 43 44
is_linear=0
shrinkage=0.01


Tree=65
num_leaves=56
num_cat=0
split_feature=24 6 4 72 42 2 6 16 78 39 39 38 6 37 21 78 2 33 34 42 22 6 40 37 99 65 16 16 14 68 71 67 11 70 68 67 92 24 77 20 2 78 33 24 38 24 67 34 70 43 2 57 41 33 72
split_gain=12.7668 12.4206 12.5677 16.16 14.7968 13.4989 14.6494 11.8053 11.2425 10.6299 10.4752 9.73574 9.57926 9.55496 9.72555 10.4516 9.39573 9.31374 9.44453 9.19157 9.17472 8.74024 8.1166 7.66006 7.4419 7.14652 9.15751 11.0095 7.14556 6.87453 9.72814 6.52322 8.33445 6.35796 6.23182 7.79221 6.09524 5.22711 5.2 6.31484 5.18754 5.16312 5.00122 4.92133 4.83839 4.34174 8.28683 4.29304 3.79665 3.11688 2.81299 2.61673 2.5 2.30501 1.74545
threshold=3.7250000000000005 2984.3400000000006 2788.4550000000004 979.58600000000013 111.20000076293947 2636.9500000000003 5486.505000000001 6182.9500000000007 1565.2354444444445 233.75000000000003 223.25000000000003 7.6750000000000016 1872.3500000000001 37.750000000000007 29.825000000000006 405.26730208333339 3218.5500000000006 183.25000000000003 80.750000000000014 117.07500076293947 86.250000000000014 6029.9400000000014 90.750000000000014 49.750000000000007 0.031250000000000007 27784.400000000005 4693.6000000000013 3522.4500000000003 17656.200000000001 1383.5500000000004 942.91100000000017 34668.100000000013 38695.700000000004 850.57450000000006 1494.7 30692.000000000004 26288.280843750006 7.375 3701.3903763145186 2259.3500000000004 3225.2000000000003 1236.6179409722224 50.250000000000007 7.8250000000000011 4.8250000000000011 7.9250000000000016 32342.400000000005 87.250000000000014 1134.7030000000002 83.68500137329103 2995.9500000000003 1.0000000180025095e-35 77.250000000000014 36.750000000000007 1520.9655000000002
decision_type=2 2 2 2 2 2 2 2 2 2 2 2 2 2 2 2 2 2 2 2 2 2 2 2 2 2 2 2 2 2 2 2 2 2 2 2 2 2 2 2 2 2 2 2 2 2 2 2 2 2 2 2 2 2 2
left_child=17 12 11 9 23 6 7 36 21 10 13 34 16 -4 15 45 -2 18 19 -1 -12 24 -10 -5 -7 26 27 -17 43 30 -14 42 -33 -28 35 -3 -6 -31 -26 -40 -34 -13 -27 -23 -44 50 -47 -11 -25 -18 -15 -46 -30 -8 -39
right_child=1 2 3 4 5 8 53 -9 22 47 20 41 29 14 -16 25 49 -19 -20 -21 -22 28 -24 48 38 31 33 -29 52 37 -32 32 40 -35 -36 -37 -38 54 39 -41 -42 -43 44 -45 51 46 -48 -49 -50 -51 -52 -53 -54 -55 -56
leaf_value=-0.30732318901987749 0.04064700069229861 2.889307739562486 5.5385799711670254 -0.027360413466044262 -0.011944376884667471 1.678831289666465 -1.9677683948981701 0.34761202428058552 0.0010712042464963518 1.1396303274447699 0.017006039452984491 1.5340835589212902 -3.5787564703006134 0.062651381923087335 5.2023347542086764 0.058011871214927541 -0.22364118922044207 -1.2500380726401716 -1.0434318612108218 1.5195941769237467 -0.28446195955920345 -0.1521463910249346 -0.04425236666523652 -5.6752484565451882 -1.825834718386272 -0.31290430312636669 0.013468614526224313 -1.2288949303302801 3.9487482399179807 -0.12620577969773003 1.4012362079253509 1.8977853496267572 0.0092855354593406846 2.8400843903012252 -2.2373750473224034 0.023673751869424199 -2.1458784663463422 -5.3534507873217034 0.14548357273289747 -6.3657932968390902 -0.17782970230408346 2.155466321369417 0.62512426598398552 1.4404205133061072 -0.055853257451438029 2.6604853701614077 -0.048272961203328482 1.180777199331823 -0.028737753509192561 -0.007243177503395524 1.1828340198887368 -0.081849270933080615 0.17352213458970814 -4.326452739196764 -0.81226168709583391
leaf_weight=25 37 21 30 20 32 31 24 23 22 34 20 21 20 20 22 20 22 23 38 27 23 20 24 33 20 28 29 28 20 27 22 27 29 27 29 33 24 24 29 23 28 26 20 23 21 21 30 25 24 20 22 22 20 27 20
leaf_count=25 37 21 30 20 32 31 24 23 22 34 20 21 20 20 22 20 22 23 38 27 23 20 24 33 20 28 29 28 20 27 22 27 29 27 29 33 24 24 29 23 28 26 20 23 21 21 30 25 24 20 22 22 20 27 20
internal_value=-0.000228571 5.43901e-05 0.000465753 7.25389e-05 -0.00134396 -0.000497238 -0.00307692 -0.000379747 0.000948276 0.00125475 0.000749465 0.00338462 -0.00229167 0.00122642 0.000812183 0.000430108 0.000379747 -0.00345133 -0.002 0.000769231 -0.00395349 0.00204301 -0.00347826 -0.00532468 9.70874e-05 -0.000537634 0.00153846 -0.00166667 0.00445783 -0.00415929 -0.000952381 -0.00177143 0.000238095 0.00428571 0.0013253 0.00333333 -0.00285714 -0.00605634 -0.00166667 0 -0.00192982 0.00702128 -0.00362637 0.00162791 -0.00206349 0.00333333 0.00137255 0.00525424 -0.00719298 -0.00285714 0.00571429 -0.00395349 0.0075 -0.0072549 -0.00818182
internal_weight=1400 1287 1095 965 439 362 130 79 232 526 467 130 192 424 394 372 79 113 90 52 43 186 46 77 103 279 104 48 83 113 42 175 84 56 83 54 56 71 72 52 57 47 91 43 63 93 51 59 57 42 42 43 40 51 44
internal_count=1400 1287 1095 965 439 362 130 79 232 526 467 130 192 424 394 372 79 113 90 52 43 186 46 77 103 279 104 48 83 113 42 175 84 56 83 54 56 71 72 52 57 47 91 43 63 93 51 59 57 42 42 43 40 51 44
is_linear=0
shrinkage=0.01


Tree=66
num_leaves=53
num_cat=0
split_feature=29 20 24 90 44 76 68 85 68 40 21 16 36 37 24 29 36 75 16 16 6 13 37 31 30 6 20 16 13 13 96 68 27 62 3 24 88 36 93 88 31 53 91 91 37 72 82 1 60 6 24 2
split_gain=12.5366 12.4257 10.5725 9.40655 9.50661 11.5734 9.82946 8.78788 8.77737 10.736 8.66299 7.90701 10.9494 6.86685 7.70685 6.84872 6.42049 7.98974 6.41693 7.25414 10.4434 8.95534 6.10806 6.34014 5.93965 6.5482 5.64614 5.58777 7.23471 14.3347 6.14603 5.25974 5.19697 5.17094 5.02926 7.75054 4.99299 6.6886 4.66667 4.57271 4.55219 4.47036 4.35092 8.20232 4.26803 4.11463 4.66667 3.69346 2.82095 2.5 1.96 0.921951
threshold=93.750000000000014 2799.2500000000005 3.6750000000000003 2402.7475500000005 2.7655000686645512 29209.254166666669 1014.7880000000001 1682.4000000000003 1098.5530000000001 107.75000000000001 28.925000000000004 5518.8500000000013 88.250000000000014 97.250000000000014 11.375000000000002 89.250000000000014 85.750000000000014 578.63263354438766 6522.4500000000007 4755.9500000000016 4357.4850000000006 4369.0500000000011 39.750000000000007 6.825000000000002 98.750000000000014 6592.9950000000008 780.45000000000016 6615.7500000000009 11201.050000000001 7972.3000000000011 1.0000000180025095e-35 1386.2 60.750000000000007 450.59250000000003 10700.550000000001 5.7250000000000005 8383.6570833333335 84.250000000000014 413.21987179487184 3210.9081250000008 6.4750000000000005 3.5000000000000004 33821.626543750004 27729.295506250004 92.750000000000014 1093.2 -1.0000000180025095e-35 14242.000000000002 962.50000000000011 7525.0800000000008 8.8750000000000018 3261.7275000000004
decision_type=2 2 2 2 2 2 2 2 2 2 2 2 2 2 2 2 2 2 2 2 2 2 2 2 2 2 2 2 2 2 2 2 2 2 2 2 2 2 2 2 2 2 2 2 2 2 2 2 2 2 2 2
left_child=1 2 15 4 5 -4 10 31 -8 18 16 36 22 14 51 45 48 34 19 21 -21 -10 -13 49 26 -26 -11 28 29 39 -29 -2 -25 -22 -18 -36 37 -5 -34 -7 -19 44 43 -37 50 46 -1 -35 -6 -24 -41 -3
right_child=7 13 3 11 6 27 8 -9 9 24 -12 12 -14 -15 -16 -17 17 40 -20 20 33 -23 23 32 25 -27 -28 30 -30 -31 -32 -33 38 47 35 42 -38 -39 -40 41 -42 -43 -44 -45 -46 -47 -48 -49 -50 -51 -52 -53
leaf_value=-1.1405145120344538 1.5609853924583035 -6.7112745666318414 0.28043642700082799 -0.16034593762097474 0.10402055200804075 0.011457267219705648 -1.3429331005050915 3.7402455799846481 1.4240412682077244 2.8833279314296196 5.2695250653913934 0.032805233069850115 0.014944692786616596 -0.01596686792158369 -0.6409112229663424 0.34376904144698672 0.15870309141597322 8.237488705639052 3.0126600266326422 -3.0976606380022593 -2.1834832787110394 -0.021913165449344865 0.043850593307445555 -0.0035008374034760092 -0.91727487607471891 0.2462235239772036 0.15245076557732051 2.0698081515561211 -0.20852233936967005 2.0840269605139419 -0.06129175477714436 -0.012428374757146929 -0.060645166967055388 -0.41230026205940412 1.7940108448386127 -0.12025275034726164 -0.013365423451062826 -7.2475386210867523 -4.7749369222119364 -0.14911820003725931 0.043329572710910681 -0.043056428012452824 -0.2924071851859914 0.16006986731606923 -0.030430913640790893 -1.5889777155820597 0.00032969778529082341 1.537509039939895 2.9507962406968375 -0.010308730499865778 -0.06883400497960121 -2.6315710563697907
leaf_weight=21 20 20 23 28 26 22 37 32 29 31 39 23 29 28 23 23 27 27 21 38 20 32 20 24 26 24 33 28 29 27 35 35 21 22 20 22 33 33 21 25 22 28 20 35 29 33 21 23 31 20 20 21
leaf_count=21 20 20 23 28 26 22 37 32 29 31 39 23 29 28 23 23 27 27 21 38 20 32 20 24 26 24 33 28 29 27 35 35 21 22 20 22 33 33 21 25 22 28 20 35 29 33 21 23 31 20 20 21
internal_value=-0.000342857 -0.000586443 -0.00031941 -4.45236e-05 0.000447761 -0.00112782 0.0011405 0.00333333 0 0.000568562 0.00256506 -0.00174603 -0.000379747 -0.00413043 -0.0059375 -0.00346939 0.00182609 0.000867052 -0.000918919 -0.00158537 -0.00320388 0.00114754 -0.00162791 -0.00264151 0.00298246 0.0004 0.005 -0.00176955 -0.00266667 -0.00178808 0.000793651 0.000909091 -0.00454545 -0.000769231 -0.000483871 -0.00154639 -0.00404255 -0.0057377 -0.00666667 -0.00322581 0.00428571 -0.00411765 -0.00298701 -0.00157895 -0.00540541 -0.00493333 -0.00285714 0.00111111 0.00473684 0.0005 -0.00733333 -0.00853659
internal_weight=1400 1313 1221 1123 871 266 605 87 336 299 269 252 158 92 64 98 230 173 185 164 103 61 129 106 114 50 64 243 180 151 63 55 66 65 124 97 94 61 42 124 49 102 77 57 74 75 42 45 57 40 45 41
internal_count=1400 1313 1221 1123 871 266 605 87 336 299 269 252 158 92 64 98 230 173 185 164 103 61 129 106 114 50 64 243 180 151 63 55 66 65 124 97 94 61 42 124 49 102 77 57 74 75 42 45 57 40 45 41
is_linear=0
shrinkage=0.01


Tree=67
num_leaves=54
num_cat=0
split_feature=73 81 17 16 34 27 34 21 3 26 22 11 8 21 69 27 90 42 72 41 11 3 81 90 43 8 76 8 68 5 72 83 8 34 5 33 34 13 81 21 22 61 87 33 11 17 80 83 86 22 35 22 33
split_gain=14.6994 16.1782 12.172 11.7956 11.6638 10.663 14.4126 12.5858 9.12393 9.95889 13.8639 10.5424 10.4619 10.3084 12.9001 8.73015 8.30097 7.42424 7.54499 7.58569 9.60631 13.9725 7.29175 7.24339 6.83789 12.7864 6.38967 9.42992 15.065 8.24265 7.36364 6.32675 6.24395 7.23965 5.84251 7.1279 10.5288 5.70758 5.36824 5.42212 5.28434 4.9 4.87983 5.45195 4.74719 8.1 4.62671 4.54301 3.91195 3.36623 2.76923 2.41472 1.67828
threshold=1427.3000000000002 4114.9914167279494 239.15000000000001 6662.6000000000013 102.75000000000001 79.250000000000014 116.25000000000001 29.575000000000006 15978.040500000001 2.7500000000000004 63.250000000000007 33136.700000000004 402.28128571428573 16.975000000000005 32561.650000000005 84.750000000000014 1471.4500500000006 229.37500000000003 985.40300000000013 73.250000000000014 39085.250000000007 14941.300000000001 4297.041591106582 1098.9310500000004 83.565002441406264 422.50394736842111 36690.06458333334 405.85069444444451 1299.8000000000002 4368.1050000000005 0.9195000000000001 1867.6000000000006 404.9815714285715 93.750000000000014 3424.1150000000002 17.250000000000004 70.750000000000014 2163.2500000000005 4242.1054912683094 19.475000000000005 86.750000000000014 32733.050000000007 0.072916666666666671 69.250000000000014 41755.500000000007 132.80000000000004 33534.710416666676 1558.6000000000006 0.15150000000000002 90.250000000000014 26.975000000000005 89.750000000000014 165.75000000000003
decision_type=2 2 2 2 2 2 2 2 2 2 2 2 2 2 2 2 2 2 2 2 2 2 2 2 2 2 2 2 2 2 2 2 2 2 2 2 2 2 2 2 2 2 2 2 2 2 2 2 2 2 2 2 2
left_child=2 32 3 5 16 8 7 17 9 12 -11 47 -1 40 38 -4 22 18 19 52 21 46 -5 -17 26 48 27 31 30 -30 -29 -13 -2 42 -3 -36 -37 -24 39 -15 -14 -38 43 -34 51 -46 -21 -12 -26 -22 -20 -18 -7
right_child=1 34 15 4 -6 6 -8 -9 -10 10 11 24 13 14 -16 23 44 -19 50 20 49 -23 37 -25 25 -27 -28 28 29 -31 -32 -33 33 -35 35 36 41 -39 -40 -41 -42 -43 -44 -45 45 -47 -48 -49 -50 -51 -52 -53 -54
leaf_value=-0.94362534781321483 -0.15278575979926332 -4.2575070219740381 1.6245196365699111 5.1854783771730908 -0.082075656410235662 -0.13466680584167653 0.13856760868362483 2.6291400317194866 1.3772177590891499 1.6424879525634999 3.2696228616940686 -1.0320059164732538 -4.6167125551529073 2.7829947241303556 -3.5651233240391411 2.1507220724558911 5.3376190570316844 0.11258022662369105 -6.2505318639189822 0.017741206334154862 -0.20643711597597336 0.15071632855525721 -1.3544529820753755 -0.17349067485715808 0.034331563850932757 -0.075637408516536539 -0.19914119022255342 0.0072069841017406147 -2.7576689147192348 0.003563198192500918 7.7818561519528373 -0.038269272963880809 0.014494327867241972 0.041980977945454717 -2.7731532481927368 0.086966884779320838 -0.028136863754963885 1.2190613481759229 -0.016401840924022387 0.0055061449035215745 -0.0101996371803952 -0.043969759425938955 0.040481712753705129 -0.011687795348837271 0.58313901925220879 -0.052737074194716932 -0.17949938119512804 0.17791617738920334 4.9290147019133368 -0.032068140060766005 -3.9389199443493648 0.3476839563953516 -0.11618486944051143
leaf_weight=27 36 27 37 26 27 20 31 37 22 30 30 24 37 28 35 21 26 20 26 22 35 21 20 27 22 26 24 22 20 29 22 22 25 21 35 29 20 23 24 23 21 20 35 29 20 20 29 32 25 20 26 23 21
leaf_count=27 36 27 37 26 27 20 31 37 22 30 30 24 37 28 35 21 26 20 26 22 35 21 20 27 22 26 24 22 20 29 22 22 25 21 35 29 20 23 24 23 21 20 35 29 20 20 29 32 25 20 26 23 21
internal_value=-0.0005 -0.00256318 8.90472e-06 -0.000289017 0.002 -0.000785463 -0.00227273 -0.00299639 5.50459e-05 -0.000210325 0.000853659 0.000201342 -0.002 -0.00107143 0.000727273 0.00364706 0.00303797 -0.00383333 -0.00436364 -0.00333333 -0.00212598 0.000277778 0.000434783 0.000833333 -0.000762712 0.00178082 -0.00190184 -0.00107914 0.000752688 -0.00306122 0.005 -0.00478261 -0.000273973 0.000909091 -0.0051145 -0.00403846 -0.00217391 -0.00209302 0.00306667 0.00490196 -0.00448276 -0.0055 -0.000337079 -0.00222222 0.00505618 0.0025 -0.00254902 0.00387097 0.00489362 -0.00527273 -0.00769231 0.00714286 -0.00707317
internal_weight=1400 277 1123 1038 185 853 308 277 545 523 328 298 195 168 110 85 158 240 220 168 127 72 69 48 236 73 163 139 93 49 44 46 146 110 131 104 69 43 75 51 58 40 89 54 89 40 51 62 47 55 52 49 41
internal_count=1400 277 1123 1038 185 853 308 277 545 523 328 298 195 168 110 85 158 240 220 168 127 72 69 48 236 73 163 139 93 49 44 46 146 110 131 104 69 43 75 51 58 40 89 54 89 40 51 62 47 55 52 49 41
is_linear=0
shrinkage=0.01


Tree=68
num_leaves=54
num_cat=0
split_feature=29 23 71 83 93 88 33 73 3 35 24 100 27 29 74 35 33 4 87 88 19 27 29 98 100 8 37 23 4 24 97 3 100 91 4 100 73 57 27 4 98 6 73 0 83 1 90 88 0 90 1 25 29
split_gain=11.7195 10.7621 11.4183 14.2635 9.1478 12.2182 8.45632 7.4638 7.44254 8.71111 7.42314 8.76144 8.12944 9.65749 10.809 7.03247 9.73502 7.01299 6.50251 7.5038 6.31998 8.29993 10.9577 13.1601 10.3714 9.33989 8.28949 8.71876 7.62028 11.5385 6.88501 7.36729 10.4284 10.8864 9.48197 9.20301 8.97399 8.09524 7.95581 5.4409 5.38468 5.36678 4.67018 4.55005 4.2917 4.00549 3.16129 3.12689 4.9 3.00991 2.62811 2.39172 1.59307
threshold=94.750000000000014 99.750000000000014 1234.7290000000003 2104.0000000000041 404.44289285714291 5962.0341666666664 37.750000000000007 1011.5380000000001 16190.038000000002 28.025000000000002 6.2250000000000005 0.70486111111111127 109.25000000000001 85.250000000000014 1128.7973750000003 26.725000000000005 33.250000000000007 3355.1150000000002 0.63541666666666685 4632.1172916666665 1745.0500000000004 84.750000000000014 80.750000000000014 0.072916666666666685 0.48263888888888895 424.46243243243248 92.250000000000014 50.250000000000007 5992.0550000000012 7.6750000000000016 0.69791666666666685 14984.950000000003 0.024305555555555556 30726.665450000008 7359.380000000001 0.51736111111111127 967.25000000000011 1.0000000180025095e-35 30.250000000000004 7440.2450000000008 0.32291666666666669 4725.4850000000015 1234.7290000000003 32739.650000000005 1997.5499999999995 14390.050000000001 1446.6154500000005 8581.6470833333351 33443.55000000001 1583.2057500000003 15178.800000000001 166.75000000000003 87.250000000000014
decision_type=2 2 2 2 2 2 2 2 2 2 2 2 2 2 2 2 2 2 2 2 2 2 2 2 2 2 2 2 2 2 2 2 2 2 2 2 2 2 2 2 2 2 2 2 2 2 2 2 2 2 2 2 2
left_child=1 20 6 15 -5 17 7 18 9 10 40 12 13 47 -15 16 -4 -6 19 -3 21 25 23 -23 51 30 27 -22 29 -25 31 32 -1 34 38 45 49 -37 -34 -21 -8 -29 -2 -35 -28 -36 -40 -12 -49 -33 -32 -24 -9
right_child=42 2 3 4 5 -7 8 52 -10 -11 11 -13 -14 14 -16 -17 -18 -19 -20 39 26 22 24 28 -26 -27 44 41 -30 -31 50 36 33 43 35 37 -38 -39 46 -41 -42 -43 -44 -45 -46 -47 -48 48 -50 -51 -52 -53 -54
leaf_value=-0.30189711911469946 3.7537837834142884 -4.60410279469634 0.097245232698951675 -0.5511854886504618 0.0027743108886375501 0.042919483182090649 -0.41748848860635923 -1.602695054118346 -0.68630741235822357 0.15405271209408811 -6.4020355521440617 0.12215296002091687 0.068945082142996703 0.3427234159253762 -0.13819076455875456 -0.020393336865098026 2.7072528012595147 -0.5236079772048936 -1.6871120228636827 0.070266285198122891 -4.8154142968605038 -0.08103270899274051 -0.47042802211719137 -1.3473520646172898 0.0038101902452770818 -1.0382182806587932 0.10438032127073436 -2.4639014472726184 4.0097252291380805 0.068630560540098473 2.9560020283989794 -0.0085701290440131223 -0.27774693408477508 0.016794118649719077 -0.20132940368722621 0.0045826787179361998 3.1549342248276631 1.123975998152414 4.9421317220055379 -0.014291686853718049 -0.031904624551028105 0.10148378199667932 0.0067189279510564553 -1.8164131286623046 -0.07039671388356368 0.60376381109398847 0.19558402436160613 0.0013997720647213109 -0.31323194947314487 0.15612941509167233 2.8766523013283432 -0.17175576810858645 -3.1031490361488507
leaf_weight=32 38 20 31 21 20 35 33 21 29 25 28 21 29 33 21 21 25 22 21 29 25 29 25 24 30 26 34 21 39 26 20 23 23 20 39 30 27 21 31 24 20 20 22 23 33 24 31 20 20 20 23 29 23
leaf_count=32 38 20 31 21 20 35 33 21 29 25 28 21 29 33 21 21 25 22 21 29 25 29 25 24 30 26 34 21 39 26 20 23 23 20 39 30 27 21 31 24 20 20 22 23 33 24 31 20 20 20 23 29 23
internal_value=-0.000657143 -0.000850746 -0.00185811 0.000285714 -0.0022449 -0.000649351 -0.00275779 -0.00478261 -0.00175627 -0.0012 -0.00182222 -0.000813953 -0.00165563 -0.00278689 0.00037037 0.00350649 0.00535714 -0.00428571 -0.00319149 -0.00178082 -5.34759e-05 0.000373984 -0.00128713 0.000677966 -0.00404762 0.00118644 -0.00203008 -0.00454545 0.00258427 0 0.00157623 0.00110465 0.000364964 0.00107438 0.0020603 0.000175439 0.004 0.00333333 0.00458824 0.000188679 -0.00509434 -0.00170732 0.00366667 -0.00348837 0.000447761 -0.00238095 0.00645161 -0.00529412 -0.0035 0.00116279 0.00534884 -0.00666667 -0.00818182
internal_weight=1400 1340 592 175 98 77 417 138 279 250 225 172 151 122 54 77 56 42 94 73 748 615 202 118 84 413 133 66 89 50 387 344 274 242 199 114 70 51 85 53 53 41 60 43 67 63 62 68 40 43 43 54 44
internal_count=1400 1340 592 175 98 77 417 138 279 250 225 172 151 122 54 77 56 42 94 73 748 615 202 118 84 413 133 66 89 50 387 344 274 242 199 114 70 51 85 53 53 41 60 43 67 63 62 68 40 43 43 54 44
is_linear=0
shrinkage=0.01


Tree=69
num_leaves=55
num_cat=0
split_feature=73 81 76 94 43 68 32 76 21 8 20 73 57 20 30 33 17 14 37 40 64 97 37 36 41 41 41 78 33 62 82 68 94 93 93 32 30 72 78 1 5 79 8 74 38 77 43 41 33 43 1 40 37 0
split_gain=11.9579 15.0724 11.8497 9.60165 12.6691 10.3718 8.45817 7.57267 16.1615 13.0067 10.5716 9.56098 7.47556 7.68866 7.27177 7.05115 9.93338 7.00316 6.38251 8.80935 6.37484 12.5347 8.48571 6.44134 6.36913 8.21778 6.03205 6.2935 5.97136 6.7826 5.75513 7.81723 5.65442 5.52382 7.24094 7.81714 10.2343 6.79448 10.7468 5.45201 5.09102 5.00361 4.00545 4.00346 3.96825 3.74657 3.6878 3.65801 3.60738 3.17647 2.96609 2.5008 2.17779 1.03404
threshold=1427.3000000000002 4114.9914167279494 41087.19062500001 627267.11529625021 91.715000152587891 1646.4500000000003 297.25000000000006 34047.06354166667 28.675000000000001 402.28128571428573 817.45000000000016 1.1040000000000003 1.0000000180025095e-35 1454.1500000000003 47.750000000000007 186.75000000000003 178.25000000000003 11226.600000000002 39.750000000000007 114.25000000000001 1682.2000000000003 0.32291666666666669 65.750000000000014 69.750000000000014 64.250000000000014 76.250000000000014 75.250000000000014 430.98357638888893 117.75000000000001 1444.1500000000003 929.74250000000006 813.40300000000013 501613.72003406263 412.8120512820513 415.73035603715175 71.250000000000014 60.750000000000007 1037.7275000000002 418.68524652777779 14487.100000000002 3912.7500000000005 313.51703309567023 411.45783281733753 605.04143750000014 7.7250000000000005 2949.4569294603957 87.944999694824233 88.250000000000014 42.250000000000007 86.569999694824233 13541.500000000002 81.750000000000014 95.250000000000014 32390.250000000004
decision_type=2 2 2 2 2 2 2 2 2 2 2 2 2 2 2 2 2 2 2 2 2 2 2 2 2 2 2 2 2 2 2 2 2 2 2 2 2 2 2 2 2 2 2 2 2 2 2 2 2 2 2 2 2 2
left_child=2 18 3 4 15 6 7 8 9 30 11 50 42 47 -9 16 20 -16 -2 41 21 23 -22 -1 32 -26 -19 -28 29 53 31 -5 -23 37 -35 -36 -37 38 -25 -31 -33 -20 -12 -4 -18 -10 -13 -14 -40 -43 -11 -29 -38 -3
right_child=1 28 43 5 -6 -7 -8 14 45 10 12 46 13 -15 17 -17 44 26 19 -21 22 24 -24 33 25 -27 27 51 -30 39 -32 40 -34 34 35 36 52 -39 48 -41 -42 49 -44 -45 -46 -47 -48 -49 -50 -51 -52 -53 -54 -55
leaf_value=-0.068352341909770478 -0.047945834499443923 -4.7019050755924248 -2.7992169195896612 -0.0030717336055444966 2.9046298626395761 -11.15650085437097 2.5571677974223004 -0.22633736142770766 2.6656152850649653 1.0161376313942785 -0.042563162572800115 0.49845804997915416 0.0037055126194555127 0.12037946022508111 0.087865084121544076 -0.094037627437489349 2.8742176407290931 0.056502650485727328 -0.019934185186063377 0.03902610889256266 0.48120821310234901 -2.8814600533882375 3.4370776771444516 -0.043986019957950789 0.3304330035960959 -0.022560166782302764 -0.0093714625416889061 -0.17820095579367917 -0.0086303624898671737 -0.91125386040365297 0.77665827759251838 -0.079592919485880848 -0.30747915110888402 5.0005216352137785 -0.069692746744728043 -0.01702216090119037 1.0804848323301568 -1.0148804129215054 0.033282610491271208 -0.017406373700887847 -5.7191641516623877 0.088544287823215453 -6.3534808963863423 -0.050794973274523265 2.7331013047374904 1.1127362381708898 2.8134268531388331 -4.0145096981462345 1.9406395471598858 -0.36905255618116728 -0.013631745838065788 -2.6960742302149288 0.10255716003538443 -5.6491477987218017
leaf_weight=35 21 20 22 27 34 35 20 24 20 20 23 20 22 33 22 39 21 30 36 38 22 25 20 21 20 25 28 24 28 26 24 20 39 32 25 27 21 20 24 30 33 27 22 20 24 21 21 20 22 24 21 33 22 27
leaf_count=35 21 20 22 27 34 35 20 24 20 20 23 20 22 33 22 39 21 30 36 38 22 25 20 21 20 25 28 24 28 26 24 20 39 32 25 27 21 20 24 30 33 27 22 20 24 21 21 20 22 24 21 33 22 27
internal_value=-0.000485714 -0.00234657 -2.67142e-05 0.000175763 0.0011583 -0.000728242 -0.000378788 -0.000629921 0.000201729 -0.000588235 0.000891089 0.00365854 -0.001 0.000933333 -0.00242236 0.000743802 0.00110112 -0.00153285 -0.000136986 0.00072 0.0006 0.000167598 0.00428571 0.00140562 -0.00266055 0.000222222 -0.00252174 -0.00388235 -0.00480916 -0.00592233 -0.00346154 -0.00475 -0.0046875 0.00205607 0.00338583 0.002 0.00371429 0.000114943 0.00164179 -0.00357143 -0.00698113 -0.00103448 -0.00422222 -0.0052381 0.00555556 0.00609756 0.00707317 -0.00190476 0.00434783 0.000980392 0.000243902 -0.00578947 0.00674419 -0.0087234
internal_weight=1400 277 1123 1081 518 563 528 508 347 306 202 82 120 75 161 484 445 137 146 125 400 358 42 249 109 45 115 85 131 103 104 80 64 214 127 95 70 87 67 56 53 87 45 42 45 41 41 42 46 51 41 57 43 47
internal_count=1400 277 1123 1081 518 563 528 508 347 306 202 82 120 75 161 484 445 137 146 125 400 358 42 249 109 45 115 85 131 103 104 80 64 214 127 95 70 87 67 56 53 87 45 42 45 41 41 42 46 51 41 57 43 47
is_linear=0
shrinkage=0.01


Tree=70
num_leaves=53
num_cat=0
split_feature=29 69 21 10 7 16 16 32 27 22 29 14 78 72 72 65 69 93 78 93 6 26 43 43 40 75 38 43 11 16 21 40 25 57 73 79 16 83 79 10 35 30 29 69 21 29 38 77 26 77 29 56
split_gain=15.5081 12.5134 14.0473 12.0646 11.5596 11.3399 8.59091 8.27727 9.59842 9.90597 9.26363 9.69889 9.02363 8.3587 12.2916 8.86412 8.27405 10.5 10.1955 8.19127 8.60334 14.2015 8.02459 8.32335 12.556 9.10499 8.13112 10.5538 7.5522 7.25804 7.23684 6.84378 6.81588 9.71191 6.2764 6.20887 5.75267 5.67806 6.62333 5.34488 5.15714 4.96769 5.99292 4.6041 4.45455 4.28571 3.84886 3.46843 2.78327 2.5 2.22017 2.08713
threshold=96.750000000000014 36629.850000000013 29.875000000000004 43039.150000000009 1491.8400000000004 6305.5500000000011 7136.9000000000005 27.250000000000004 39.750000000000007 92.750000000000014 81.750000000000014 17202.500000000004 1496.9241631944444 661.75000000000011 979.58600000000013 31624.700000000004 27275.700000000004 402.99322619047626 1459.9962256944445 414.88486842105266 6095.9400000000014 56.750000000000007 87.639999389648452 81.880001068115249 91.750000000000014 161.19028889149425 4.7250000000000014 70.36999893188478 33873.80000000001 4946.6000000000013 25.725000000000005 87.250000000000014 25.250000000000004 -0.56174490092936669 1431.6615000000004 573.4400217600305 4134.2000000000007 1283.200000000001 418.08064797876744 33594.250000000007 27.925000000000004 94.750000000000014 86.750000000000014 30839.600000000002 27.375000000000004 89.750000000000014 6.6250000000000009 3389.6560310920145 4.2500000000000009 4024.8944701773935 83.750000000000014 1.0000000180025095e-35
decision_type=2 2 2 2 2 2 2 2 2 2 2 2 2 2 2 2 2 2 2 2 2 2 2 2 2 2 2 2 2 2 2 2 2 2 2 2 2 2 2 2 2 2 2 2 2 2 2 2 2 2 2 2
left_child=1 2 5 4 6 7 40 49 12 16 -11 -12 13 -9 48 32 17 -10 19 20 47 -22 23 25 -25 -7 35 -28 -23 36 46 -20 37 -34 39 -27 -21 -16 -39 -24 -3 42 -26 -35 -41 -29 -31 -18 -15 -1 -49 -30
right_child=-2 3 -4 -5 -6 22 -8 8 9 10 11 -13 -14 14 15 -17 18 -19 31 29 21 28 34 24 41 26 27 45 51 30 -32 -33 33 43 -36 -37 -38 38 -40 44 -42 -43 -44 -45 -46 -47 -48 50 -50 -51 -52 -53
leaf_value=-0.23148640829256686 4.1585654541191959 -4.8870659244878238 5.3580266231027336 -1.702623064594095 0.12810361412890733 1.0299248995654771 0.031188284560806495 -0.036917402133621643 4.1533060679492326 -7.0472332249172496 -3.0783924490198946 0.017442273639277642 -0.61521675958116673 1.4488787997517278 -3.259851316610376 2.3470683081227799 -0.10623197872124773 -0.076549000436454476 -0.20425394286984977 -0.050341302045712084 0.11137547868890604 -0.011969813274269291 4.2623290452656404 0.089652658760426204 -0.043966288780233925 -0.25897157075147642 -0.071284609341887809 0.66594642762255318 -0.09639355060888366 -0.031249955556039856 0.0070070704835819234 0.055117042190884313 -0.12872706084311492 0.62563972678657542 -0.0068233707341858723 3.0619809797143898 0.19660737173086582 -0.73557587725234841 0.099347571883051003 0.0028122707047539609 -0.025921019361614391 -0.0032714478426138882 -0.11133288336261833 0.053443433698977957 7.2263026183381385 0.083991720897914596 -1.231412869611425 -2.0028942318420806 1.3187206864694117 -6.9480076642878217 -2.8916176408774499 -1.237774247865034
leaf_weight=20 21 36 35 28 32 23 21 29 32 30 23 20 32 22 20 23 35 24 25 31 36 29 23 26 32 23 35 35 23 23 32 38 25 39 29 22 22 20 27 22 20 20 21 25 22 21 21 24 24 20 23 22
leaf_count=20 21 36 35 28 32 23 21 29 32 30 23 20 32 22 20 23 35 24 25 31 36 29 23 26 32 23 35 35 23 23 32 38 25 39 29 22 22 20 27 22 20 20 21 25 22 21 21 24 24 20 23 22
internal_value=-0.0004329 -0.000564103 -0.0002443 -0.00343066 -0.00192661 -0.000427494 -0.00402597 -0.00106079 -0.000838548 -0.00165692 -0.00506849 -0.00209302 0.000629371 0.00125984 0.00191111 0.000726257 -0.00109091 0.0025 -0.00161458 -0.00233645 -0.00364583 -0.00181818 0.00107345 0.000155039 -0.00212121 0.00157233 0.000588235 0.00230769 -0.00432432 -0.000387597 -0.00236842 0.00206349 -0.000128205 0.00168539 0.00354167 -0.00288889 0.00245283 -0.00253731 -0.000638298 0.00522388 -0.00607143 -0.00424658 -0.00584906 0.00375 0.00318182 0.005 -0.005 -0.00609756 0.00652174 -0.0055 -0.00787234 -0.00688889
internal_weight=1386 1365 1228 137 109 1193 77 839 799 513 73 43 286 254 225 179 440 56 384 321 192 110 354 258 99 159 136 91 74 129 76 63 156 89 96 45 53 67 47 67 56 73 53 64 44 56 44 82 46 40 47 45
internal_count=1386 1365 1228 137 109 1193 77 839 799 513 73 43 286 254 225 179 440 56 384 321 192 110 354 258 99 159 136 91 74 129 76 63 156 89 96 45 53 67 47 67 56 73 53 64 44 56 44 82 46 40 47 45
is_linear=0
shrinkage=0.01


Tree=71
num_leaves=54
num_cat=0
split_feature=96 33 41 28 58 94 71 7 26 39 26 42 17 26 34 41 79 92 80 79 88 92 31 24 74 88 82 75 79 66 79 38 24 77 31 83 83 24 26 34 92 94 75 41 7 88 79 26 88 66 41 41 39
split_gain=11.3052 12.8293 13.0779 11.4519 12.4927 13.8657 10.8942 9.87292 9.64856 11.6377 13.8528 9.01979 9.40444 8.9068 7.85707 7.2514 7.18916 7.59401 8.37692 6.9479 6.97837 13.9589 7.5264 6.87548 6.81514 6.80628 7.1487 6.76049 8.43879 7.70162 7.10673 7.40096 6.63438 6.09524 6.05093 5.65625 6.00968 5.75941 5.48928 5.45455 5.39229 5.73442 5.26251 5.74359 5.07698 4.90909 4.79111 4.95368 6.23371 3.88658 3.85873 3.34873 2.96077
threshold=1.0000000180025095e-35 34.250000000000007 92.750000000000014 24.475000000000005 0.25000000000000011 578292.66198343772 1358.2010000000002 17.645000000000007 92.750000000000014 205.25000000000003 6.7500000000000009 103.52500152587892 68.100000000000009 138.75000000000003 116.25000000000001 98.750000000000014 692.04359553917038 21082.637550000007 38018.241319444453 685.88820762080411 4314.9381250000015 22746.977000000006 4.0250000000000012 10.125000000000002 899.42678125000009 3718.0579166666671 -6.2805000000000168 659.99581856363466 410.77407752775144 929.90000000000009 516.90924566878755 7.4750000000000014 8.6250000000000018 3899.0406976205813 7.2250000000000005 2369.5500000000015 2148.8500000000008 6.6250000000000009 23.250000000000004 60.250000000000007 26568.138250000007 651990.79045625008 479.91240134097876 80.750000000000014 21.295000000000005 6426.2900000000009 564.02824773877865 15.250000000000002 5127.7443750000002 1368.6500000000003 85.250000000000014 54.750000000000007 202.75000000000003
decision_type=2 2 2 2 2 2 2 2 2 2 2 2 2 2 2 2 2 2 2 2 2 2 2 2 2 2 2 2 2 2 2 2 2 2 2 2 2 2 2 2 2 2 2 2 2 2 2 2 2 2 2 2 2
left_child=1 2 19 6 5 -5 25 42 9 10 -6 12 -9 15 16 23 17 18 -13 20 21 -1 -22 34 -23 -3 -27 28 -19 30 -30 -32 -17 -12 40 36 37 -24 51 -8 41 -7 43 -2 -26 -11 47 48 -39 -36 -15 -28 -33
right_child=7 3 -4 4 8 13 39 11 -10 45 33 14 -14 50 -16 32 -18 27 -20 -21 22 24 35 -25 44 26 38 -29 29 -31 31 52 -34 -35 49 -37 -38 46 -40 -41 -42 -43 -44 -45 -46 -47 -48 -49 -50 -51 -52 -53 -54
leaf_value=-2.4057521704343641 -4.7534482118826258 -0.10880839810162801 -2.9377736214277741 -0.24234259569351374 -0.066263459425419169 1.1082722313243476 1.0795362880099435 -0.026643056011708841 -0.078803569892155603 -0.020518733076523361 -0.016469276593312543 1.4852159708724844 -6.0840074604756822 7.8158380925784439 0.10846104920178533 2.5303170224721345 0.024129223465154434 -6.1814971921473472 -0.025182498218703039 -4.4786489665769524 2.3235976250415522 0.56889336135188739 -0.56344728833824609 4.0723928340594249 0.10178576779011782 -0.1163586003419856 1.6313501972629245 -0.16704606910718067 0.067431315979683437 0.13233722983628243 0.25436518015497461 -4.6491554298608362 0.045719549003014108 0.05363432238783622 -0.15535579750653686 -0.45727685162008458 0.1241584500169341 -1.5613727968158884 -0.00021139366536454762 3.8759588729604433 3.6244779565052938 -0.37420595264982631 -5.5905024318501164 -0.014202215394273439 -1.6315353798292018 0.070613006558272254 0.28703289787036468 0.055745719865966839 0.025520823885117696 -0.097520332944977611 0.09626102539999494 2.4086252975943778 -0.041117675037958872
leaf_weight=27 24 30 38 33 33 26 33 20 38 33 21 20 25 28 22 21 27 25 32 21 25 22 22 35 25 21 33 27 23 23 21 23 20 21 20 27 20 21 22 27 26 25 27 28 28 33 24 29 25 22 23 21 20
leaf_count=27 24 30 38 33 33 26 33 20 38 33 21 20 25 28 22 21 27 25 32 21 25 22 22 35 25 21 33 27 23 23 21 23 20 21 20 27 20 21 22 27 26 25 27 28 28 33 24 29 25 22 23 21 20
internal_value=-0.00033189 0.00023023 -0.00129944 0.00106977 0.000218341 0.00154122 0.00315508 -0.00178295 -0.00184358 -0.000638298 -0.00333333 -0.000974026 -0.00511111 0.00235772 -0.00026616 0.00138462 -0.000788382 -0.00140187 0.00192308 -0.000632911 -0.000237288 -0.00235294 0.000880829 0.00038961 -0.000133333 0.00149606 0.00278351 -0.00246914 -0.00155556 -0.000363636 -0.00172414 -0.0034375 0.00512195 0.00047619 -0.000756303 0.000119048 0.000921986 8.26446e-05 0.00421053 0.00666667 0.000909091 -0.000980392 -0.00493671 -0.00307692 -0.00207547 0.00242424 0.00111111 -0.000133333 -0.00217391 -0.00380952 0.00607843 0.00592593 -0.00581395
internal_weight=1386 999 354 645 458 279 187 387 179 141 75 308 45 246 263 195 241 214 52 316 295 102 193 154 75 127 97 162 135 110 87 64 41 42 119 168 141 121 76 60 77 51 79 52 53 66 99 75 46 42 51 54 43
internal_count=1386 999 354 645 458 279 187 387 179 141 75 308 45 246 263 195 241 214 52 316 295 102 193 154 75 127 97 162 135 110 87 64 41 42 119 168 141 121 76 60 77 51 79 52 53 66 99 75 46 42 51 54 43
is_linear=0
shrinkage=0.01


Tree=72
num_leaves=53
num_cat=0
split_feature=29 68 71 3 88 44 21 24 82 13 5 67 76 31 8 1 35 21 59 29 8 44 13 20 74 74 40 68 3 38 43 23 1 88 38 31 13 77 31 24 17 44 64 78 13 13 39 79 78 39 94 39
split_gain=8.83188 8.53648 12.3173 9.96419 8.64871 14.3561 11.0542 10.7909 7.57066 10.7921 13.9333 8.81349 8.6525 8.1566 7.73251 10.9658 8.4829 7.23714 8.17759 8.9728 11.5925 8.76376 8.20586 6.11586 5.93224 10.2263 7.77715 7.0359 8.31758 7.51598 6.7448 6.70476 6.64827 6.59293 6.38882 11.5167 6.3189 5.65163 7.50043 5.51117 5.37568 5.02648 4.65646 4.32273 4.11189 4 3.90718 3.43323 6.31432 3.18462 3.07875 1.67619
threshold=96.750000000000014 1533.9000000000003 1505.6875000000002 8901.3500000000022 2759.9627083333339 2.307999968528748 29.875000000000004 7.2750000000000012 929.74250000000006 8282.2000000000025 4892.880000000001 25753.150000000005 33722.146875000006 8.4750000000000014 399.92000000000002 14112.750000000002 27.225000000000005 17.875000000000004 -0.5 84.750000000000014 419.57561522048371 2.5830000638961796 3364.7500000000005 2882.9000000000005 1065.2472604166669 982.48011458333337 104.25000000000001 1.0000000180025095e-35 15165.731500000002 8.6750000000000025 81.224998474121108 94.750000000000014 18452.209500000001 10955.157083333334 5.8250000000000011 5.3750000000000009 2102.0000000000005 4061.9134943493136 6.3250000000000011 8.7250000000000014 15.700000000000001 4.0290000438690194 1778.5500000000002 448.35056250000008 4143.4500000000007 1985.95 193.75000000000003 346.98829651124771 1127.1574097222224 117.25000000000001 613232.91718468769 193.25000000000003
decision_type=2 2 2 2 2 2 2 2 2 2 2 2 2 2 2 2 2 2 2 2 2 2 2 2 2 2 2 2 2 2 2 2 2 2 2 2 2 2 2 2 2 2 2 2 2 2 2 2 2 2 2 2
left_child=1 2 3 -1 -5 7 8 46 11 10 12 41 -10 -12 15 51 -17 45 21 -20 22 -19 42 24 25 26 27 31 29 30 49 -16 33 43 35 -26 -36 38 -4 -35 -22 -7 -21 -28 -38 -3 -6 -47 -49 -29 -9 -13
right_child=-2 17 37 4 5 6 -8 50 9 -11 13 14 -14 -15 23 16 -18 18 19 20 40 -23 -24 -25 34 -27 32 28 -30 -31 -32 -33 -34 39 36 -37 44 -39 -40 -41 -42 -43 -44 -45 -46 47 -48 48 -50 -51 -52 -53
leaf_value=1.0990868028051486 4.1410373212823472 -1.520692640767356 2.658971741624315 -1.1505875200311195 -0.014946829231453662 1.8942791022518082 5.0325417836838486 0.066098285018500527 0.22431547597468351 -0.27616232768589982 8.3112304978054041 -4.487527414136288 -0.31119125154048893 0.054155674802583431 0.0052722981140137784 0.1816579096150239 -0.26973817964623881 0.0013205921387098396 0.16783935498321434 0.04707475909972457 -0.01604574821733876 -2.7036363454731331 -2.1873310356347861 -2.8402803518366433 0.21576097490214141 -1.434257791530744 -0.037470537385591127 0.37595317072978002 -0.71408087892977834 -0.067395429291044778 0.32779722727376592 0.058146644591950764 -0.64831589698839054 -0.026715987559791127 -0.020866979749062528 -1.8380980355061405 1.6450870566015443 1.8601647990942762 -0.083589041973176126 7.9060025934228229 1.0687409251298441 -0.0060576233521049943 -0.043898270273836741 -2.6082177992063258 0.026508126816703493 -1.5812094888186699 2.0264295480394066 -2.8166611851916139 0.044812516291840722 -0.039083705329238834 0.11526230730173583 -2.2350985472171727
leaf_weight=25 21 20 24 37 23 22 35 28 20 30 36 22 21 26 22 27 20 31 38 25 21 38 23 31 28 22 27 20 36 31 27 20 25 28 25 27 22 33 29 22 23 21 24 34 26 22 20 26 32 26 24 20
leaf_count=25 21 20 24 37 23 22 35 28 20 30 36 22 21 26 22 27 20 31 38 25 21 38 23 31 28 22 27 20 36 31 27 20 25 28 25 27 22 33 29 22 23 21 24 34 26 22 20 26 32 26 24 20
internal_value=-0.00024531 -0.000344322 9.59693e-05 -0.000230126 -0.000397422 -0.000201342 -0.000638298 0.00347368 -0.000890052 0.0012782 0.00281553 -0.00134707 -0.00170732 0.00580645 -0.00166667 -0.00438202 -0.00106383 -0.00176471 -0.000762332 0.000519481 -0.000862069 -0.00362319 -0.00333333 -0.00118236 -0.000897436 -0.00158824 -0.00113208 0.00021978 -0.000857143 0.000576923 0.00232877 0.00380952 -0.00294118 -0.00189189 0.0009375 -0.00163636 0.00287671 0.00372093 0.00169811 0.0008 0.00318182 0.00302326 -0.00102041 -0.00409836 0.005 -0.004 -0.000232558 -0.003 -0.00172414 0 0.00653846 -0.00809524
internal_weight=1386 1365 1042 956 931 894 799 95 764 133 103 631 41 62 588 89 47 323 223 154 116 69 72 499 468 340 318 182 140 104 73 42 136 111 128 55 73 86 53 50 44 43 49 61 48 100 43 80 58 46 52 42
internal_count=1386 1365 1042 956 931 894 799 95 764 133 103 631 41 62 588 89 47 323 223 154 116 69 72 499 468 340 318 182 140 104 73 42 136 111 128 55 73 86 53 50 44 43 49 61 48 100 43 80 58 46 52 42
is_linear=0
shrinkage=0.01


Tree=73
num_leaves=53
num_cat=0
split_feature=73 4 11 42 16 22 75 22 72 59 40 21 14 71 16 33 6 80 40 14 0 2 42 40 6 22 4 67 40 72 64 13 44 43 3 11 72 42 4 6 40 10 17 0 16 88 78 67 10 44 88 0
split_gain=12.7868 13.61 13.4396 9.84362 9.46472 8.90402 8.66275 8.39279 10.866 15.2335 11.696 11.2383 15.1679 11.4653 10.951 10.4239 12.7191 11.0268 10.1681 10.3446 9.03201 8.32754 7.84305 8.91495 7.52813 7.47282 7.3037 6.76 6.66776 6.62474 6.58144 7.93603 6.3679 6.23677 6.19286 5.82836 5.58772 5.55556 5.44444 7.46667 5.23708 5.19201 4.95238 4.41379 4.32577 4.15915 3.88658 3.65766 3.6 2.28571 3 0.102439
threshold=1427.3000000000002 2870.0650000000005 39919.55000000001 121.60000228881837 6820.1000000000013 93.750000000000014 544.61804158914117 63.250000000000007 793.15600000000006 1.0000000180025095e-35 104.25000000000001 25.525000000000002 16119.750000000002 929.62700000000007 5788.1500000000005 166.75000000000003 10430.235000000002 40039.965277777788 115.75000000000001 17514.250000000004 32995.700000000004 3412.7500000000005 112.70000076293947 135.25000000000003 5300.5800000000008 66.750000000000014 2184.5650000000005 33557.900000000009 52.250000000000007 1399.1000000000001 1631.4700000000003 3985.1500000000005 2.962999939918519 72.319999694824233 14106.642500000002 35582.000000000007 0.92250000000000021 145.62500000000003 7359.380000000001 5380.005000000001 86.750000000000014 31661.050000000007 158.25000000000003 33541.150000000009 5780.5000000000009 4929.6054166666672 1100.347840277778 30160.250000000004 35498.900000000009 2.7304999828338627 8259.0756250000013 31322.850000000002
decision_type=2 2 2 2 2 2 2 2 2 2 2 2 2 2 2 2 2 2 2 2 2 2 2 2 2 2 2 2 2 2 2 2 2 2 2 2 2 2 2 2 2 2 2 2 2 2 2 2 2 2 2 2
left_child=1 3 25 5 7 6 21 -3 11 10 44 18 13 49 29 17 43 33 19 -9 32 26 23 -6 -16 -2 -1 -8 34 37 31 35 -12 -14 -27 -30 42 38 39 -11 -33 46 -35 -17 51 -32 -31 -28 -21 -13 -51 -10
right_child=2 4 -4 -5 22 -7 27 8 9 14 20 12 15 -15 24 16 -18 -19 -20 48 -22 -23 -24 -25 -26 28 47 -29 30 41 45 40 -34 36 -36 -37 -38 -39 -40 -41 -42 -43 -44 -45 -46 -47 -48 -49 -50 50 -52 -53
leaf_value=-2.7653894881189576 -1.9445741974269239 0.047396548530627226 -2.612608636282955 2.4375685181285003 -0.048388312043286183 1.573626322077472 0.13962626055114846 -0.11524773731970588 -5.216614265693952 -0.0025853377635722177 -3.5155378915647297 0.093212049526071719 0.058049296317900567 -0.038196722838584621 0.35518261351564351 0.26547585194448414 -0.22675934575089401 -0.14618423221248983 -0.23377932533954543 0.06283814133060435 0.39808171685673999 1.0265766550990221 3.2546757704886682 1.9643138822870527 3.653681642974246 -0.0084561732214071521 0.79677395278959529 0.011197204675398309 0.010983292536174369 -6.7589504309556308 -0.058554659071949892 -1.3741722807923111 -0.030648026830618704 0.020067349903295232 -2.5274302334752021 0.15065475016665286 0.66062991823417183 -0.045288972534403581 -0.59574738932042681 4.4393474656289289 0.021665100870538762 0.027963077479043249 -0.023176732978958246 -0.12076785571274845 -2.0011816812267358 0.0027458136812510748 -0.06722229586105824 -0.13463526733358017 0.0016076027862164744 5.4124663167491622 1.4353474176694843 -13.149930094869418
leaf_weight=27 29 33 35 22 25 35 20 25 20 28 25 20 25 28 37 29 36 22 33 20 20 23 36 21 28 28 21 25 26 22 23 20 33 24 20 34 24 24 24 20 37 20 28 29 24 30 20 37 20 30 20 21
leaf_count=27 29 33 35 22 25 35 20 25 20 28 25 20 25 28 37 29 36 22 33 20 20 23 36 21 28 28 21 25 26 22 23 20 33 24 20 34 24 24 24 20 37 20 28 29 24 30 20 37 20 30 20 21
internal_value=-1.443e-05 0.000471014 -0.00191489 0.0027619 -6.71141e-05 0.00202128 0.000980392 -0.000394089 -0.000603338 -0.00185792 -0.00440559 0.000508475 0.00142857 0.00469388 -0.000224215 -4.60829e-05 -0.00255319 0.00186992 -0.00244898 -0.000153846 -0.00179487 -0.000555556 0.00317073 0.000434783 0.00323077 -0.00109312 -0.002 0.00466667 -0.000458716 -0.00164557 0.000470588 0.00179487 -0.0037931 0.00326733 -0.00375 0.00433333 0.00184211 0 0.00138889 0.00333333 -0.000877193 -0.00419355 0 0.000344828 -0.00753846 -0.00245283 -0.00619048 0 0.003 0.00685714 0.008 -0.0095122
internal_weight=1386 1104 282 210 894 188 153 812 779 366 143 413 315 98 223 217 94 123 98 65 78 108 82 46 65 247 85 45 218 158 170 117 58 101 48 60 76 96 72 48 57 62 52 58 65 53 42 58 40 70 50 41
internal_count=1386 1104 282 210 894 188 153 812 779 366 143 413 315 98 223 217 94 123 98 65 78 108 82 46 65 247 85 45 218 158 170 117 58 101 48 60 76 96 72 48 57 62 52 58 65 53 42 58 40 70 50 41
is_linear=0
shrinkage=0.01


Tree=74
num_leaves=52
num_cat=0
split_feature=69 16 36 20 21 5 72 64 59 22 19 14 56 14 20 36 60 21 24 24 24 44 44 88 76 73 72 46 4 14 46 11 24 77 34 90 34 20 5 8 76 40 76 14 19 41 20 14 41 27 20
split_gain=8.92082 14.2447 12.777 10.8074 10.5413 11.7619 9.88596 11.1398 10.8478 9.89353 9.75626 9.23567 13.6766 8.71081 15.4134 8.05926 8.03987 8.11422 10.2564 14.4958 7.23921 8.04223 10.2849 12.0473 8.98553 14.169 8.92748 8.16762 7.11239 6.91429 6.68518 9.21284 6.09076 5.94692 5.90209 5.86574 5.60303 5.25405 5.08235 4.87198 6.00725 7.58305 7.48 8.86555 5.7933 4.78675 4.14405 3.96589 3.42857 2.73684 2.5008
threshold=36629.850000000013 6019.0500000000011 89.250000000000014 675.25000000000011 28.225000000000005 13182.180000000002 994.78700000000015 963.10000000000014 -0.5 93.250000000000014 1403.3500000000001 17623.850000000002 0.6078576107927941 15038.150000000001 1101.7500000000002 84.750000000000014 1098.5530000000001 28.875000000000004 4.4750000000000005 6.4750000000000005 4.5750000000000011 3.5145000219345097 2.5159999132156377 4906.7166666666672 31307.895833333339 344.35000000000008 0.92650000000000021 100.26499938964845 4173.5700000000006 10947.85 103.37500000000001 34827.750000000007 7.7750000000000012 4013.7397041409272 71.750000000000014 1310.0251500000004 82.750000000000014 1485.9000000000003 8995.4100000000017 425.37000000000006 33023.28437500001 115.75000000000001 29159.000000000004 14106.650000000001 1235.4000000000003 75.750000000000014 1113.2500000000002 12891.000000000002 68.250000000000014 34.250000000000007 912.15000000000009
decision_type=2 2 2 2 2 2 2 2 2 2 2 2 2 2 2 2 2 2 2 2 2 2 2 2 2 2 2 2 2 2 2 2 2 2 2 2 2 2 2 2 2 2 2 2 2 2 2 2 2 2 2
left_child=1 6 20 -4 5 10 7 16 29 11 33 39 34 32 -15 -11 17 18 -1 -20 35 22 24 47 -22 46 -25 48 -28 -8 31 36 -9 -2 -13 -3 -21 38 -29 40 41 42 43 -10 -42 -27 -26 -24 -23 -44 -5
right_child=4 2 3 50 -6 -7 8 13 9 15 -12 12 -14 14 -16 -17 -18 -19 19 30 21 27 23 26 25 45 28 37 -30 -31 -32 -33 -34 -35 -36 -37 -38 -39 -40 -41 44 -43 49 -45 -46 -47 -48 -49 -50 -51 -52
leaf_value=5.1143297229347322 0.11486164595058343 -0.23731421660758525 -0.015829050904903563 5.0453675506821245 -2.520486184476181 0.057468803354721557 -0.0079431370675845624 2.102165498130117 0.18445794838329349 1.533969870716591 -2.2802374663624243 0.046922583045320952 0.33647712769723775 -0.20431936830055417 4.6131730794430545 0.0013633646103852926 -0.28868633335424221 3.8688256369861085 -0.22340094514215153 0.13289845526088173 1.5409933031481473 2.3876955795248929 -3.2701847191205209 -0.086293534484103762 0.0088014825566399262 -0.59127988948123522 -0.0034662570541261562 -0.02464171405674196 2.8877192298340884 -6.2000581368363674 0.052901136731803328 -0.29443769003439813 3.8944319375732852 -0.075104770707415044 -0.16673050664806549 0.012247050792513689 -4.4790628262962766 0.68158942961089286 4.2647920615016934 0.067280651158287685 0.080274509931287472 0.01753921496635158 -1.1519836715296274 -1.5267614520363788 -0.59483320047803789 0.02381875261413827 0.22893381137136762 -0.56615327241622437 0.023717313476487274 -3.7782069153844891 1.4489831617134177
leaf_weight=20 25 25 20 24 28 29 20 24 30 20 20 31 27 21 34 34 33 26 22 24 26 21 20 31 32 25 30 34 23 36 36 28 29 37 20 37 20 20 20 20 20 21 38 39 31 21 28 26 21 26 33
leaf_count=20 25 25 20 24 28 29 20 24 30 20 20 31 27 21 34 34 33 26 22 24 26 21 20 31 32 25 30 34 23 36 36 28 29 37 20 37 20 20 20 20 20 21 38 39 31 21 28 26 21 26 33
internal_value=2.886e-05 0.000296712 0.00156673 0.00532468 -0.0023741 -0.000990991 -0.00060274 0.000725552 -0.00162228 -0.000980392 -0.00292683 -0.00168317 0.00128205 0.00333333 0.000545455 0.00296296 -0.00062201 0.000227273 -0.000666667 -0.00169231 0.000909091 0.00142857 0.000458015 -0.00153846 0.00242424 0.00113208 0.000714286 0.00362069 0.00320755 -0.00571429 -0.000185185 -0.00194444 0.00622642 -0.000967742 -0.00176471 -0.00225806 0.000909091 0.00162162 0 -0.00271111 -0.00317073 -0.00415584 -0.00503759 -0.00275362 -0.000196078 -0.00304348 0.00433333 -0.00565217 0.00714286 -0.0075 0.00754386
internal_weight=1386 1247 517 77 139 111 730 317 413 357 82 303 78 108 55 54 209 176 150 130 440 378 262 130 132 106 84 116 53 56 108 72 53 62 51 62 44 74 54 225 205 154 133 69 51 46 60 46 42 64 57
internal_count=1386 1247 517 77 139 111 730 317 413 357 82 303 78 108 55 54 209 176 150 130 440 378 262 130 132 106 84 116 53 56 108 72 53 62 51 62 44 74 54 225 205 154 133 69 51 46 60 46 42 64 57
is_linear=0
shrinkage=0.01


Tree=75
num_leaves=50
num_cat=0
split_feature=63 42 63 94 73 81 94 24 26 3 98 2 80 42 81 72 42 43 5 82 31 69 31 34 38 31 76 31 69 94 42 76 69 31 56 80 25 62 66 38 38 34 38 17 83 31 5 95 72
split_gain=12.7308 12.5824 10.4437 10.7873 19.7251 8.27085 8.84838 10.474 9.56382 11.5383 10.4612 8.79781 8.37069 7.24564 7.15532 6.87904 6.82577 9.0269 6.43549 10.2083 10.1957 10.7533 7.5427 9.22018 6.17017 7.57501 6.77321 5.91958 7.64642 7.13173 10.621 6.67497 6.75584 5.85341 6.94707 5.82967 5.40254 5.18396 6.4381 4.61385 4.57333 4.27111 4.14819 3.25031 6.44774 3.85116 2.60999 2.38022 2.2683
threshold=20232.000000000004 350.25000000000006 24556.450000000001 515480.02760687511 1224.2965000000002 2871.2513777103081 628132.51020093751 3.7250000000000005 135.75000000000003 15901.815000000001 0.35069444444444448 2487.4500000000003 34075.42673611112 108.87500000000001 4927.1166601616296 1020.2010000000001 104.47499847412111 67.83499908447267 4368.1050000000005 257.82900000000006 4.4750000000000005 36691.600000000013 5.9250000000000016 53.250000000000007 4.0250000000000012 6.1250000000000009 30698.155208333341 10.225000000000001 30627.850000000002 562364.5653525003 121.97499847412111 30120.979166666668 32898.850000000013 3.1750000000000007 -0.8783796973249266 36538.861805555563 22.250000000000004 711.04750000000013 1276.8195000000003 6.6750000000000016 5.0250000000000012 53.750000000000007 6.7750000000000012 32.850000000000009 1863.7500000000002 6.5250000000000012 3136.0250000000005 1.0000000180025095e-35 1600.0905000000002
decision_type=2 2 2 2 2 2 2 2 2 2 2 2 2 2 2 2 2 2 2 2 2 2 2 2 2 2 2 2 2 2 2 2 2 2 2 2 2 2 2 2 2 2 2 2 2 2 2 2 2
left_child=-1 2 15 4 14 -5 18 -8 9 10 33 -12 -10 -13 16 -2 17 -4 19 22 42 27 -7 -24 -15 -26 -27 28 -22 -30 -31 -29 -33 -9 -35 46 -18 43 39 -39 -3 -17 47 -36 -45 -46 -25 -20 -6
right_child=1 40 3 5 48 6 7 8 12 -11 11 13 -14 24 -16 41 36 -19 20 -21 21 -23 23 35 25 26 -28 31 29 30 -32 32 -34 34 37 -37 -38 38 -40 -41 -42 -43 -44 44 45 -47 -48 -49 -50
leaf_value=1.0017664195259002 -0.0007723905316460672 2.5651498844665697 -0.12659007682257409 3.9870545948268821 -4.3227897848611194 -1.1339772134492803 -0.26654980592218375 0.034019510684736756 0.76937861208577007 0.059445523367436436 0.055930248096612643 -0.21999067255627736 -0.0013216814449793807 -1.0474864688747201 4.1334343186203863 -0.79889594308331091 -2.2596875452826546 0.72795606949886971 1.9599061562352995 -2.9824038037843681 3.6973343166719417 -0.64826333614671727 -0.28160933416659611 0.05114603043040325 0.066952707859907368 0.029125031127236127 -0.05764825327635064 -0.0025075196118794032 -2.0827524019453465 1.8644281818454598 -0.092536034643085227 0.50951810782431295 0.019114173721807428 0.050565032576808326 -1.4023769593466779 0.0050855644818008422 -0.063054645956046734 0.57034817416332029 -0.8636318211536389 -0.199227033634123 0.085952299872714716 -4.4240809156339482 0.05051276689204099 -0.010740993566098866 -0.064178096924070518 -6.6099215089453223 2.109427489354422 3.4174503029454537 -2.3465723617751131
leaf_weight=26 31 25 35 22 25 33 38 32 32 24 28 20 33 28 23 20 20 31 39 29 31 23 27 20 35 26 27 34 28 27 22 35 20 24 21 20 38 22 28 20 35 25 32 35 20 23 21 21 29
leaf_count=26 31 25 35 22 25 33 38 32 32 24 28 20 33 28 23 20 20 31 39 29 31 23 27 20 35 26 27 34 28 27 22 35 20 24 21 20 38 22 28 20 35 25 32 35 20 23 21 21 29
internal_value=-7.33676e-06 -0.000142109 -0.000352388 -0.000124896 -0.00223881 0.0003 0.000163599 -0.000736434 -0.000334728 -0.000895884 -0.00131105 0.000609756 0.00323077 -0.000441176 -0.000340136 -0.00394737 -0.00129032 0.000909091 0.00116883 -0.000533333 0.00198718 0.000818182 0.000743802 0.00227273 0.000517241 0.00181818 -0.000566038 0.0015736 0 -0.00168831 0.000612245 0.00348315 0.00563636 -0.00271111 -0.00336788 0.00442623 -0.0037931 -0.00408284 -0.002 0.00047619 0.00433333 -0.00644444 0.00478261 -0.00555556 -0.00461538 -0.0072093 0.00658537 0.00633333 -0.00740741
internal_weight=1363 1337 1277 1201 201 1000 978 516 478 413 389 164 65 136 147 76 124 66 462 150 312 220 121 88 116 88 53 197 108 77 49 89 55 225 193 61 58 169 70 42 60 45 92 99 78 43 41 60 54
internal_count=1363 1337 1277 1201 201 1000 978 516 478 413 389 164 65 136 147 76 124 66 462 150 312 220 121 88 116 88 53 197 108 77 49 89 55 225 193 61 58 169 70 42 60 45 92 99 78 43 41 60 54
is_linear=0
shrinkage=0.01


Tree=76
num_leaves=53
num_cat=0
split_feature=69 69 94 69 1 59 6 26 1 58 14 3 37 83 67 14 69 26 3 43 17 41 45 6 1 69 69 89 76 69 97 56 22 76 38 14 20 65 3 1 93 26 26 83 3 27 38 45 71 41 5 1
split_gain=15.8849 8.11607 14.0823 11.8533 9.2983 7.9726 8.54189 8.69153 7.97993 12.0554 10.4836 7.88269 7.97438 8.40728 7.77321 7.39737 7.13636 6.95733 6.81236 6.79709 8.42462 7.49778 6.65236 6.5109 8.53874 9.33336 11.0095 8.79114 8.58881 8.02122 6.53724 6.31846 6.09439 5.97592 7.66992 8.45873 5.86654 5.41023 5.35172 5.26756 5.1807 5.14053 6.65501 7.44974 5.13712 5.54683 4.60606 4.11225 3.92727 3.13043 3.07892 1.67828
threshold=36564.750000000007 35282.250000000007 501613.72003406263 34093.850000000006 16481.601500000004 -0.24999999999999994 2854.0550000000007 1.2500000000000002 14563.750000000002 0.68301270189221941 17691.150000000005 13812.550000000001 95.750000000000014 1785.4499999999991 32046.400000000005 10776.35 32683.200000000004 93.250000000000014 14809.775000000001 77.20999908447267 31.150000000000002 88.250000000000014 23667.500000000004 1872.3500000000001 14415.400000000001 31901.800000000007 32390.250000000004 1234.0099687500001 34863.771875000013 32834.000000000007 0.38541666666666669 -1.0000000180025095e-35 90.750000000000014 38011.26666666667 5.0250000000000012 12764.450000000003 1645.3500000000001 32945.500000000007 12284.950000000003 13797.950000000003 411.30882352941182 95.250000000000014 13.750000000000002 2369.5500000000015 10929.950000000003 28.250000000000004 8.4750000000000032 26104.000000000004 882.39800000000014 77.250000000000014 5657.9100000000008 13098.231500000002
decision_type=2 2 2 2 2 2 2 2 2 2 2 2 2 2 2 2 2 2 2 2 2 2 2 2 2 2 2 2 2 2 2 2 2 2 2 2 2 2 2 2 2 2 2 2 2 2 2 2 2 2 2 2
left_child=1 2 36 4 5 23 7 -7 11 10 31 19 13 -13 -12 -5 -6 18 -17 32 21 38 -14 -4 27 28 -27 -25 49 -28 46 -10 51 34 -3 -36 -1 48 -21 -15 -31 42 -2 -44 -22 -46 -29 -43 -38 -26 -20 -8
right_child=41 33 3 15 16 6 8 -9 9 -11 14 12 22 39 -16 17 -18 -19 50 20 44 -23 -24 24 25 26 29 30 -30 40 -32 -33 -34 -35 35 -37 37 -39 -40 -41 -42 47 43 -45 45 -47 -48 -49 -50 -51 -52 -53
leaf_value=0.03304753256438378 -1.9279063332740523 -0.33076031361984437 0.034552716808727998 0.021033738434780094 5.5085442933748903 -1.1226374413147875 3.7082160950111702 0.049874221308374163 0.99339521999404878 2.9502197313378611 2.3724348204404841 1.1235222219409979 -1.311792590470082 -1.3844849691627668 0.0030232272222951453 -7.3501684474391578 0.024366069313399605 0.12832137087518439 -1.9111395236467796 -2.3789030726534324 0.0015783312110255398 0.065064939902263919 -0.16862436949026566 -3.6300941182739521 1.2397200383817251 -0.20120088535550765 1.7389436255411199 -0.024862273017765186 -0.072755137920703192 0.012655448274950026 0.043689876978330239 -0.12191470967428548 0.2395400151630149 1.3987986798153804 -0.023278255573676847 2.099619464076047 -1.5790491003059888 -0.042915669618582709 -0.0044868033158919508 0.0075216627574810511 -0.029932212394844809 -0.46648079924342145 -0.30089224350347327 0.058939463646034418 0.069961827922199155 0.38497517063210185 -4.3246055313921339 -0.12532417605434837 -1.4335152997433414 1.1043412418311718 -0.016019986429838803 0.47696071289431385
leaf_weight=25 37 20 22 20 34 25 21 22 24 30 37 31 23 22 23 26 23 21 23 23 32 23 21 33 23 21 26 33 26 32 25 26 32 37 20 36 20 20 26 29 26 22 21 33 21 25 24 23 24 23 28 20
leaf_count=25 37 20 22 20 34 25 21 22 24 30 37 31 23 22 23 26 23 21 23 23 32 23 21 33 23 21 26 33 26 32 25 26 32 37 20 36 20 20 26 29 26 22 21 33 21 25 24 23 24 23 28 20
internal_value=7.33676e-06 0.000366748 0.00010772 0.000439024 0.000826902 0.000564706 0.00130597 -0.00276596 0.00169734 0.00371429 0.00218182 0.000888252 -0.00111111 0.000731707 0.005 -0.00254237 0.00473684 -0.00367347 -0.00506494 0.00201794 0.0008 -0.00166667 -0.00454545 -0.000700637 -0.00109589 0.000282486 -0.00161905 -0.00321739 0.00305556 0 -0.00146341 -0.0012 0.00452055 0.00292035 0.00131579 0.00321429 -0.00370787 -0.0053125 -0.00387755 -0.00176471 -0.00206897 -0.00323529 -0.00186813 0.00037037 0.00307692 0.00521739 -0.00333333 -0.006 -0.00727273 0.00565217 -0.00294118 0.00707317
internal_weight=1363 1227 1114 1025 907 850 536 47 489 140 110 349 126 82 60 118 57 98 77 223 150 72 44 314 292 177 105 115 72 84 82 50 73 113 76 56 89 64 49 51 58 136 91 54 78 46 57 45 44 46 51 41
internal_count=1363 1227 1114 1025 907 850 536 47 489 140 110 349 126 82 60 118 57 98 77 223 150 72 44 314 292 177 105 115 72 84 82 50 73 113 76 56 89 64 49 51 58 136 91 54 78 46 57 45 44 46 51 41
is_linear=0
shrinkage=0.01


Tree=77
num_leaves=54
num_cat=0
split_feature=94 4 7 43 72 30 90 7 72 89 4 24 83 94 90 41 61 79 35 86 35 84 16 90 72 8 6 98 41 17 77 7 3 30 81 30 17 17 41 16 5 34 63 84 0 29 8 40 4 90 16 7 8
split_gain=13.5973 10.0597 9.61473 15.5836 13.9822 12.4512 10.7151 11.77 9.56133 8.92924 8.37963 7.47877 12.987 12.0711 8.20092 9.73392 7.47692 7.41026 7.3003 7.0652 6.86186 7.35585 8.3093 7.71429 6.72359 7.83783 6.46873 8.5361 8.71111 8.19605 6.41778 6.39843 7.08376 6.14667 8.64933 6.07097 6.61925 5.80265 5.73793 5.71375 5.66712 5.2722 6.85801 5.10145 5.03595 5.01879 5.05051 4.02042 4.00346 3.92734 2.65947 2.52723 2.35932
threshold=515480.02760687511 2788.4550000000004 40.250000000000007 77.20999908447267 971.05050000000017 98.750000000000014 2303.4091500000009 2186.0900000000006 1530.4560000000004 880.43548125000007 6773.3850000000011 6.325000000000002 2521.4500000000012 587600.12942718773 1185.8521500000004 67.750000000000014 30884.200000000004 516.90924566878755 26.525000000000002 1221.2515000000001 28.225000000000005 1081.809072916667 5801.8500000000013 1632.8749500000004 802.73850000000004 421.18381578947373 3827.7900000000004 0.14930555555555561 66.250000000000014 143.00000000000003 3929.2913865803307 410.10500000000008 13998.300000000001 45.250000000000007 4304.5684618698315 82.750000000000014 145.05000000000004 54.050000000000004 72.250000000000014 5554.4000000000005 9746.9600000000009 87.250000000000014 28910.550000000003 1345.3095520833335 30361.100000000002 91.250000000000014 413.02562415654523 122.25000000000001 15186.235000000002 2042.6458500000001 5221.3000000000011 563.31500000000017 415.92919274537707
decision_type=2 2 2 2 2 2 2 2 2 2 2 2 2 2 2 2 2 2 2 2 2 2 2 2 2 2 2 2 2 2 2 2 2 2 2 2 2 2 2 2 2 2 2 2 2 2 2 2 2 2 2 2 2
left_child=8 19 4 9 5 20 7 11 24 -4 -7 31 13 50 -15 -16 38 -8 -9 26 21 22 23 -3 48 45 27 -2 30 -30 -29 44 -33 -18 39 -11 52 -28 -6 -35 -19 42 -17 -10 -5 46 -26 -23 -1 -41 -13 -14 -37
right_child=1 2 3 6 16 10 17 18 43 35 -12 12 51 14 15 41 33 40 -20 -21 -22 47 -24 -25 25 -27 37 28 29 -31 -32 32 -34 34 -36 36 -38 -39 -40 49 -42 -43 -44 -45 -46 -47 -48 -49 -50 -51 -52 -53 -54
leaf_value=-0.18504635545762471 0.036613242467787029 0.081303374075761464 -0.03474443942223495 0.0087785520128342218 -0.30055328190030461 0.0054557866964573976 0.029060541884761322 0.001073687581065016 -2.2146903047483084 2.122415567445219 -6.0384943990217765 2.9577928862510716 0.1223507343879114 -3.7223364879125889 -0.084928853323899031 6.5149647537264253 -0.063979358590960114 -2.228433544508833 -0.42144222503680728 0.037196065972355336 -0.08516298933930333 2.170342327954069 0.10878215900506703 -1.1377201019736807 -0.41459923420127243 -2.3250666922296666 0.20238864873586523 0.021918721662794995 -0.076757228885883003 0.18494830527625347 -2.304109956042514 -0.019017515648512857 4.8416372107687726 -0.20565299061807274 -0.31364181193340829 8.5031778475154915 0.045924319474808607 2.7326967089077998 -2.0308330838976509 0.0097003483332278369 -0.090850897293505692 -0.0074577365551829391 0.027212814144186137 -1.1030906856147973 -0.22139601538175513 1.788152395002619 0.19861115723658465 4.8986489146577563 -0.26675399727698168 0.043252978208546934 2.865077208496126 3.2415381399637324 2.5185749411838425
leaf_weight=20 37 21 21 23 36 21 26 20 22 37 23 21 20 37 29 22 35 27 23 20 25 20 37 21 30 22 23 20 23 22 25 21 23 21 21 29 21 24 29 32 25 20 20 24 36 27 36 23 22 21 20 29 30
leaf_count=20 37 21 21 23 36 21 26 20 22 37 23 21 20 37 29 22 35 27 23 20 25 20 37 21 30 22 23 20 23 22 25 21 23 21 21 29 21 24 29 32 25 20 20 24 36 27 36 23 22 21 20 29 30
internal_value=-0.000124725 0.000293103 -0.000124224 0.000689655 -0.00134715 0.000575916 -0.000226244 0.000494505 -0.00251232 0.00362319 -0.00409091 0.00115265 0.00220183 0.000887574 -0.000625 0.000989011 -0.00323077 -0.00358974 -0.0044186 0.00237113 0.00197279 0.00295082 0.00113924 -0.00190476 -0.00133758 -8.69565e-05 0.00172414 0.000551181 -0.00111111 0.002 -0.00422222 -0.00106796 0.00181818 -0.00184615 -0.000526316 0.00470085 0.00625 0.00489362 -0.006 0.00108108 -0.00576923 0.00322581 0.0052381 -0.00652174 -0.00322034 0.0011828 -0.00030303 0.00627907 -0.0047619 0.00283019 0.00560976 0.00673469 0.0079661
internal_weight=1363 1160 966 580 386 191 442 364 203 138 44 321 218 169 128 91 195 78 43 194 147 122 79 42 157 115 174 127 90 45 45 103 44 130 95 117 80 47 65 74 52 62 42 46 59 93 66 43 42 53 41 49 59
internal_count=1363 1160 966 580 386 191 442 364 203 138 44 321 218 169 128 91 195 78 43 194 147 122 79 42 157 115 174 127 90 45 45 103 44 130 95 117 80 47 65 74 52 62 42 46 59 93 66 43 42 53 41 49 59
is_linear=0
shrinkage=0.01


Tree=78
num_leaves=55
num_cat=0
split_feature=63 73 81 44 71 24 86 83 20 39 77 7 13 6 13 82 13 24 2 26 74 41 24 38 13 67 71 74 36 74 1 91 26 16 93 69 13 22 69 81 38 67 39 26 44 39 23 43 67 13 71 2 44 6
split_gain=13.2756 12.3215 13.8296 12.0365 8.71989 12.1519 10.8393 10.0833 10.6881 8.66197 9.19578 9.43208 9.25864 10.2451 8.48085 9.16618 7.4984 9.83889 7.36191 7.14693 7.18623 6.87619 6.46786 6.36728 15.9112 7.89025 6.28429 5.92887 5.81432 8.691 8.2571 7.9987 9.27273 6.2918 5.81818 5.583 5.43903 5.21805 5.14506 8.6276 5.00192 4.81279 4.72138 4.52948 4.26087 4.20779 3.95356 3.6 3.29143 5.62877 2.91667 2.61673 2.43632 1
threshold=20232.000000000004 1427.3000000000002 4290.9896414423802 1.7544999718666081 1505.6875000000002 3.7750000000000004 1331.5500000000004 2183.6500000000019 954.25000000000011 233.75000000000003 3189.0902185087102 20.485000000000003 7243.0500000000011 5836.4700000000003 2240.1000000000008 508.90000000000003 7769.6500000000005 11.975000000000001 3085.0000000000005 64.500000000000014 706.02140625000015 73.250000000000014 6.4750000000000005 7.625 1985.95 30692.000000000004 1332.2380000000003 941.2665208333334 88.250000000000014 743.40869791666671 15774.403500000002 28523.763450000006 94.750000000000014 4928.9500000000007 414.39894736842115 32357.800000000007 5103.4000000000005 87.750000000000014 27777.150000000005 3949.0053326473258 5.7250000000000005 33701.05000000001 100.25000000000001 1.2500000000000002 3.748499989509583 121.25000000000001 73.250000000000014 73.235000610351577 33425.750000000007 13487.200000000003 678.78550000000007 2699.0625000000005 3.342000007629395 5262.3900000000012
decision_type=2 2 2 2 2 2 2 2 2 2 2 2 2 2 2 2 2 2 2 2 2 2 2 2 2 2 2 2 2 2 2 2 2 2 2 2 2 2 2 2 2 2 2 2 2 2 2 2 2 2 2 2 2 2
left_child=-1 3 23 -2 5 21 9 45 -9 10 19 16 14 -14 15 -13 17 41 36 38 44 -5 27 24 -3 40 50 -16 33 31 -31 -30 34 -15 -33 51 -11 -27 -7 -40 -26 53 -24 -44 -21 -6 -45 -23 -35 -50 -4 -25 -48 -12
right_child=1 2 26 4 7 6 -8 8 -10 18 11 12 13 28 22 -17 -18 -19 -20 20 -22 47 42 35 25 37 -28 -29 29 30 -32 32 -34 48 -36 -37 -38 -39 39 -41 -42 -43 43 46 -46 -47 52 -49 49 -51 -52 -53 -54 -55
leaf_value=0.9911672565595222 0.045354511561687155 -0.32721532008113502 -5.3983071961909266 -0.028003785743878622 2.4786659238356594 1.0267518993614702 4.436550149512704 1.9263573463874302 -0.51366994290279344 0.10842073516947512 -2.1356363638501281 0.021162849524505013 -8.7477722795585962 0.068823115929181264 0.85858484830715853 -4.2797129052809977 0.0057437903306486746 0.0077562530397030831 -0.00012756862592353015 0.12089091783459173 4.4737118151148483 -0.042623572079773651 -0.0055495410380606057 0.15304322336589443 -0.004202207703050834 -0.026958926149330157 -0.022473027212456115 -0.2998694326408044 0.093457101791113134 -0.16686354842981119 0.044427616300594358 -0.02708590032171939 -0.087819586316856754 -2.3800440101264804 3.0263711180013662 -0.004961268436367035 2.4130021481202513 0.12613404983504775 -1.7035663944647652 0.0097051434059316419 -1.0352429761409512 -0.3751548326170715 0.062924805030031741 4.7454918782187665 -0.014170817710631382 3.3870907847915079 1.2324445134024546 -1.0483348203842393 -0.019776826526987916 -0.41722780278643923 -4.3397355518536145 0.0083760244345387532 6.7077226998970598 -1.3836946377700312
leaf_weight=26 29 21 20 30 22 26 21 28 20 20 25 34 22 27 21 25 20 27 37 23 25 20 20 22 32 22 37 31 31 35 22 22 24 20 22 29 23 24 21 22 20 23 38 21 23 28 21 20 29 21 28 21 22 20
leaf_count=26 29 21 20 30 22 26 21 28 20 20 25 34 22 27 21 25 20 27 37 23 25 20 20 22 32 22 37 31 31 35 22 22 24 20 22 29 23 24 21 22 20 23 38 21 23 28 21 20 29 21 28 21 22 20
internal_value=-0.000154072 -0.000291698 -0.00217391 0.000197926 1.93798e-05 -0.000278373 4.62963e-05 0.00285714 -0.000416667 -0.000130486 -0.000458716 -0.000979133 -0.000393701 -0.00163636 0.00107296 -0.00220339 -0.00356522 -0.00473684 0.003 0.00185714 0.00408451 -0.00428571 0.00218391 -0.000680628 -0.00210084 -0.000408163 -0.00552941 -0.000769231 -0.00106719 0.000128205 -0.00298246 0.00191919 0 -0.00298969 0.00272727 0.00166667 0.00581395 0.0026087 -0.000434783 -0.00255814 -0.00307692 -0.00676471 0.00344262 0.00431373 0.00173913 0.006 0.0059375 -0.007 -0.00457143 -0.0032 -0.00791667 0.00395349 0.00767442 -0.00866667
internal_weight=1363 1337 276 1061 1032 934 864 98 48 843 763 623 508 275 233 59 115 95 80 140 71 70 174 191 119 98 85 52 253 156 57 99 68 97 44 72 43 46 69 43 52 68 122 102 46 50 64 40 70 50 48 43 43 45
internal_count=1363 1337 276 1061 1032 934 864 98 48 843 763 623 508 275 233 59 115 95 80 140 71 70 174 191 119 98 85 52 253 156 57 99 68 97 44 72 43 46 69 43 52 68 122 102 46 50 64 40 70 50 48 43 43 45
is_linear=0
shrinkage=0.01


Tree=79
num_leaves=53
num_cat=0
split_feature=63 42 2 19 69 44 21 14 27 69 72 19 64 100 36 4 64 28 42 42 27 37 13 19 27 14 76 21 35 38 13 19 19 68 28 31 98 68 17 38 6 100 70 21 35 27 71 39 27 63 68 2
split_gain=13.2756 9.84291 9.41077 9.77354 9.0337 9.76884 15.8231 12.2969 12.0273 9.46055 9.02144 8.83019 8.4683 8.04225 8.6832 8.0169 11.3396 7.84418 7.60334 12.5581 8.13942 7.26328 7.94547 7.03275 6.93879 6.62745 6.28843 6.26411 6.2312 6.16578 16.1435 5.65385 5.7152 5.63316 5.54077 5.52133 5.51778 10.7365 5.44705 5.39256 5.363 4.86546 4.36623 3.97633 3.96592 3.79522 3.63094 3.30449 2.48918 2.264 2.13892 0.111111
threshold=20232.000000000004 350.25000000000006 3809.1545000000006 1745.0500000000004 31984.200000000004 2.586499929428101 27.275000000000002 15970.600000000002 94.250000000000014 26809.900000000005 0.94200000000000006 726.50000000000011 1074.9500000000003 0.13541666666666671 84.750000000000014 3119.5350000000003 1544.7560000000003 24.925000000000004 169.17500305175784 219.55000305175784 72.250000000000014 76.250000000000014 3204.1500000000005 259.20000000000005 111.75000000000001 12395.700000000003 29413.645833333336 18.575000000000006 26.975000000000005 8.9250000000000025 5700.5500000000011 936.30000000000007 1186.5000000000002 916.50000000000011 25.025000000000002 3.2250000000000005 0.21875000000000003 1059.7215000000003 45.300000000000004 5.325000000000002 9890.8500000000022 0.30208333333333343 0.96850000000000003 25.975000000000005 27.625000000000004 79.750000000000014 1257.4950000000001 200.25000000000003 27.750000000000004 30526.050000000007 1290.5500000000002 2536.6000000000004
decision_type=2 2 2 2 2 2 2 2 2 2 2 2 2 2 2 2 2 2 2 2 2 2 2 2 2 2 2 2 2 2 2 2 2 2 2 2 2 2 2 2 2 2 2 2 2 2 2 2 2 2 2 2
left_child=-1 2 3 4 5 12 7 9 42 33 -9 17 -2 34 25 23 43 -6 26 -20 -21 38 39 -11 31 -15 -12 -28 48 30 -24 -16 47 -7 -13 -19 49 -38 -5 -23 -34 -3 -8 51 -39 -31 50 -33 -14 -37 -40 -17
right_child=1 41 -4 21 11 6 8 10 -10 15 18 13 28 14 24 16 -18 35 19 20 -22 22 29 -25 -26 -27 27 -29 -30 45 -32 32 40 -35 -36 36 37 44 46 -41 -42 -43 -44 -45 -46 -47 -48 -49 -50 -51 -52 -53
leaf_value=0.98125558399392709 -0.028661884311566913 1.964726207179661 1.8149797452803704 0.0007624056872854812 0.20971019937361909 2.3550372675294984 0.098183987657516889 -0.088550722143979674 -0.013829962200287029 0.81197330730983719 2.7542714307253631 -1.8038987812396794 2.8938368049356415 0.012019608410179761 0.53121388873975162 -3.6785258408602979 -0.047253542633640351 0.017104050924656857 -0.21519560394382672 -0.0067728953364173151 1.2317076432400211 -2.4878539847282757 -1.8726578763441766 -0.2143708818846119 -0.80079134446960099 4.3891695122505778 -0.051577279424689135 1.9277837089634258 0.01756012236472344 -0.026234622093516343 0.30451184747031301 -2.6371725684879164 -0.14814725689905564 -0.31041637993674798 -0.017791397220641436 -2.0085704751580544 1.2113113334804484 -0.0087164065523426381 -0.084310083759651072 0.18229735167519651 0.083500481929085602 0.11506424141007854 7.1846330232845936 -2.6573561032283277 -0.042676886217942418 -3.3808887946173254 -0.66203561291822288 -0.030556403303934287 2.3304359381212998 -0.52593517327740724 -2.7778511120395701 -2.3431354292540676
leaf_weight=26 27 26 39 20 24 23 20 23 33 20 25 25 21 27 24 25 32 24 20 37 24 21 33 21 22 24 20 23 23 21 26 23 26 21 39 23 25 37 25 26 30 34 35 21 23 23 21 25 23 37 27 20
leaf_count=26 27 26 39 20 24 23 20 23 33 20 25 25 21 27 24 25 32 24 20 37 24 21 33 21 22 24 20 23 23 21 26 23 26 21 39 23 25 37 25 26 30 34 35 21 23 23 21 25 23 37 27 20
internal_value=-0.000154072 -0.000291698 -0.000477682 -0.000630048 -0.000190955 0.000689013 6.77201e-05 -0.000873239 0.00386364 -0.0026776 0.00104651 -0.00122271 0.00361702 -3.77358e-05 0.000945274 -0.00395683 -0.0055102 -0.00284974 0.00194631 -0.000123457 0.00213115 -0.00242798 -0.00106667 -0.000243902 -0.000266667 0.0045098 0.00441176 0.00209302 0.00552239 -0.00262136 -0.000508475 0.000625 -0.000384615 0.00136364 -0.003125 -0.00360947 -0.00434483 -0.00270588 -0.00462366 0.00234043 0.00178571 0.00366667 0.00672727 -0.00787879 -0.005 -0.00545455 -0.00589041 -0.00291667 0.00772727 -0.00666667 -0.00730769 -0.00955556
internal_weight=1363 1337 1277 1238 995 537 443 355 88 183 172 458 94 265 201 139 98 193 149 81 61 243 150 41 150 51 68 43 67 103 59 128 104 44 64 169 145 85 93 47 56 60 55 66 60 44 73 48 44 60 52 45
internal_count=1363 1337 1277 1238 995 537 443 355 88 183 172 458 94 265 201 139 98 193 149 81 61 243 150 41 150 51 68 43 67 103 59 128 104 44 64 169 145 85 93 47 56 60 55 66 60 44 73 48 44 60 52 45
is_linear=0
shrinkage=0.01


Tree=80
num_leaves=53
num_cat=0
split_feature=46 84 98 24 19 69 100 76 28 13 76 38 0 43 94 68 13 26 20 17 10 28 20 19 46 19 20 75 43 56 84 82 53 32 94 63 32 1 13 38 32 78 82 78 11 19 26 24 32 0 39 46
split_gain=8.6703 9.51588 13.6898 10.0702 9.73075 10.401 11.1461 9.60571 8.89017 11.3197 8.71811 8.67363 9.05194 8.24142 7.76476 7.50054 11.4078 7.95158 7.57373 7.36835 7.06905 13.3636 10.2964 6.97529 9.17802 9.07639 7.66627 6.85121 8.81852 14.4273 10.668 7.82099 6.79892 11.488 7.77045 8.60444 7.22253 6.47857 5.6362 5.49948 8.67809 5.42904 4.9 4.66667 4.16039 5.64818 3.75325 3.6878 3.13043 2.83862 2.67442 2.38695
threshold=110.91499710083009 1172.0361875000001 0.42708333333333343 4.0750000000000011 88.100000000000009 29805.600000000002 0.12847222222222224 29962.614583333339 27.575000000000006 3553.8500000000004 29209.254166666669 10.575000000000001 32594.900000000005 70.99499893188478 854762.41323812527 1509.9500000000003 11542.050000000001 76.250000000000014 970.60000000000014 109.80000000000003 31632.150000000005 22.925000000000004 269.00000000000006 789.50000000000011 104.28499984741212 891.75000000000011 1153.2500000000002 493.67373647313809 72.70999908447267 -1.0000000180025095e-35 1371.0417812500002 360.76400000000012 1.5000000000000002 272.25000000000006 585225.35270406271 29998.000000000004 214.75000000000003 17365.657000000003 5313.1500000000005 9.8750000000000018 82.750000000000014 519.68573263888902 24.054499999999965 1487.5106944444444 36799.30000000001 1409.6000000000001 1.2500000000000002 8.6750000000000025 102.25000000000001 32062.100000000002 187.75000000000003 104.02999877929689
decision_type=2 2 2 2 2 2 2 2 2 2 2 2 2 2 2 2 2 2 2 2 2 2 2 2 2 2 2 2 2 2 2 2 2 2 2 2 2 2 2 2 2 2 2 2 2 2 2 2 2 2 2 2
left_child=1 3 8 10 -5 20 7 -7 9 13 -1 27 43 -3 15 16 23 37 -19 -17 21 46 -23 24 -8 -25 -27 28 29 -4 -30 -29 34 36 35 -32 38 -18 -34 40 -28 -22 -11 -13 -12 -46 -6 -20 -21 -9 -42 -15
right_child=-2 2 11 4 5 6 14 49 -10 42 44 12 -14 51 -16 19 17 18 47 48 41 22 -24 25 -26 26 39 31 30 -31 32 -33 33 -35 -36 -37 -38 -39 -40 -41 50 -43 -44 -45 45 -47 -48 -49 -50 -51 -52 -53
leaf_value=0.82974739923264507 0.079025252024919668 0.025584823820124284 -0.11429641902180065 -1.1783927468476358 0.28649899992258071 0.058462257990771607 0.27128952972830039 -4.5355889554647186 3.2399520802758732 -1.2927344825445073 -3.4561382643730827 -0.04618378486615711 1.0890093690061442 1.346061322701994 -3.3248097078155681 0.011017174412254915 -0.072106072883266065 -0.0065002296578717898 -0.068000466549242425 -4.485125437059537 2.5026266565184052 0.027806772226213711 -0.14397477413223669 2.5838492657058074 -0.04161190578728019 -0.063997189169996679 0.0059764016124992372 2.8223345554978327 -5.4410538173162601 2.5222115905625659 -0.84316017194925363 -0.089234271038572496 0.038904162286408549 -0.058020077455755902 -0.068761769932501104 0.40295958010714999 1.1498018394645937 0.052817637215986972 -0.16670064575898436 -0.0051995063966608791 5.1909734759257287 0.017316924215365841 3.7410058912779598 0.024414309585978199 -0.013167922086861954 -0.524574280453178 1.311499721253425 -6.2825355268326861 -0.034053957230456004 -0.27883175050199954 3.0476759075482653 5.3815939932463381
leaf_weight=23 34 35 20 25 22 20 34 21 34 20 24 21 25 26 25 39 31 24 20 23 23 28 32 21 38 37 30 23 27 24 20 22 30 22 37 25 23 36 23 22 23 38 20 21 30 21 28 21 23 29 20 22
leaf_count=23 34 35 20 25 22 20 34 21 34 20 24 21 25 26 25 39 31 24 20 23 23 28 32 21 38 37 30 23 27 24 20 22 30 22 37 25 23 36 23 22 23 38 20 21 30 21 28 21 23 29 20 22
internal_value=-0.000281588 -0.000407106 0.000653846 -0.001071 -0.000668486 -0.000451977 -0.00113594 -0.00485714 0.00312102 0.00186992 -0.00408163 -0.000413223 0.00283582 0.0039759 -0.000578158 -0.000271493 0.000364146 -0.0019697 -0.00446154 -0.00294118 0.00169591 0.000181818 -0.003 0.00173333 -0.000833333 0.00294118 0.0019697 -0.00114865 -0.00179283 0.00227273 -0.002657 0.00244444 -0.00177778 0 -0.00390244 -0.00111111 0.00184211 0.000447761 -0.000188679 0.00347368 0.00479452 0.00442623 -0.0025 0 -0.00573333 -0.00411765 0.004 -0.00707317 -0.00565217 -0.0072 0.00767442 0.00666667
internal_weight=1385 1351 520 831 733 708 537 70 157 123 98 363 67 83 467 442 357 132 65 85 171 110 60 225 72 153 132 296 251 44 207 45 180 98 82 45 76 67 53 95 73 61 40 42 75 51 50 41 46 50 43 48
internal_count=1385 1351 520 831 733 708 537 70 157 123 98 363 67 83 467 442 357 132 65 85 171 110 60 225 72 153 132 296 251 44 207 45 180 98 82 45 76 67 53 95 73 61 40 42 75 51 50 41 46 50 43 48
is_linear=0
shrinkage=0.01


Tree=81
num_leaves=54
num_cat=0
split_feature=59 20 96 31 73 68 23 64 21 24 64 71 21 24 68 43 87 41 20 63 2 79 89 21 89 37 69 69 73 2 21 30 89 16 34 88 90 24 30 86 78 29 73 23 20 31 44 29 2 41 2 2 37
split_gain=10.4112 15.4276 10.3343 10.2658 10.2503 10.0954 8.99856 9.87238 9.07089 8.54355 8.32905 8.27197 9.11161 8.76138 8.34923 11.3611 11.2277 7.83613 7.63063 7.15625 7.11716 7.20669 6.84045 7.07699 6.89604 8.64812 6.59433 7.27735 7.12443 6.51674 6.51362 6.36025 7.57371 7.33464 7.76569 6.6881 5.98742 6.76469 6.59184 5.81465 6.29814 4.87121 6.26949 4.74797 4.66667 4.30407 6.79825 4.26989 4.18739 3.6878 3.12567 3.01385 2.60732
threshold=-0.24999999999999994 2259.3500000000004 1.0000000180025095e-35 14.875000000000002 1202.3975000000003 959.65000000000009 45.750000000000007 1099.4500000000003 29.025000000000002 8.8750000000000018 711.05000000000007 1264.8500000000001 26.225000000000005 5.4750000000000005 791.98750000000007 77.045001983642592 0.44791666666666669 79.250000000000014 1182.9000000000003 31018.850000000002 2699.0625000000005 375.44189097297891 1622.59183125 28.975000000000005 1552.5770812500002 69.250000000000014 31836.550000000003 28577.600000000002 678.78550000000007 2636.9500000000003 26.925000000000004 50.750000000000007 1227.0084937500001 6223.7500000000009 41.750000000000007 4845.4316666666664 1074.0964500000002 10.575000000000001 98.250000000000014 1.0625000000000002 1027.1700694444446 87.750000000000014 846.00400000000013 99.250000000000014 1425.2000000000003 7.8250000000000011 2.8890000581741337 81.250000000000014 2327.0000000000005 91.750000000000014 2837.8500000000004 2764.4500000000003 95.250000000000014
decision_type=2 2 2 2 2 2 2 2 2 2 2 2 2 2 2 2 2 2 2 2 2 2 2 2 2 2 2 2 2 2 2 2 2 2 2 2 2 2 2 2 2 2 2 2 2 2 2 2 2 2 2 2 2
left_child=2 3 5 11 26 6 -1 8 10 18 30 12 14 -14 16 41 -2 51 39 -19 47 -22 23 24 25 -23 27 -3 43 48 -8 -13 33 34 -33 -36 -17 38 -38 40 -7 -16 -43 -28 -31 46 -27 -4 -5 -15 -44 -11 -6
right_child=1 4 20 29 52 9 7 -9 -10 17 -12 31 13 49 15 36 -18 19 -20 -21 21 22 -24 -25 -26 45 28 -29 -30 44 -32 32 -34 -35 35 -37 37 -39 -40 -41 -42 42 50 -45 -46 -47 -48 -49 -50 -51 -52 -53 -54
leaf_value=-0.054500249543663129 -0.30942455175261246 -0.013907120653069828 -0.72966872924002157 -0.011122466514593199 -1.7990710361227207 -1.054836612419302 0.76079750037075766 4.5823933142138378 5.0923108245182815 0.010950051536901163 -0.30420968676408278 2.5909929070896465 -0.0094426979347878286 10.316324736190948 0.046991828603906438 -0.29733872892306723 0.020347436378591412 0.0033436999207724226 0.0077940042813383981 -0.076700118768761746 -5.6550398072276735 5.3568211852637697 0.12638885451654908 -0.51932853764864617 -0.56957278497581154 -0.047225946485398476 -4.1717583286664279 0.58604262999861212 0.036909631991535567 0.05862321350238181 -0.35459996554394613 2.7907315786073559 -0.0078896097760218324 2.68904091878554 0.64879674217359362 -0.21038342488435879 -0.0069860413226805465 -0.11735693836199755 0.12410898290225782 -0.14582671043511883 0.043248704657793853 7.0173957071004498 1.2747121559864589 -0.019383021397530169 -0.060493204638566 -0.037222809302307772 0.11074854157789706 -6.3348622076039671 -2.3608041099178885 0.19942843220986309 0.19192899222819393 0.16312142037222022 -2.5204627411708667
leaf_weight=21 39 21 31 20 33 25 25 36 23 20 23 33 20 21 37 33 33 39 27 22 29 20 23 25 21 38 25 20 25 21 23 20 20 37 20 28 32 28 26 38 21 20 20 23 21 21 24 24 27 20 21 22 20
leaf_count=21 39 21 31 20 33 25 25 36 23 20 23 33 20 21 37 33 33 39 27 22 29 20 23 25 21 38 25 20 25 21 23 20 20 37 20 28 32 28 26 38 21 20 20 23 21 21 24 24 27 20 21 22 20
internal_value=-0.000310469 0.000471204 -0.00127214 0.00122278 -0.00221557 -0.000191781 0.00178808 0.00276923 0.00106383 -0.00158879 -0.000704225 0.00177165 0.000914286 0.00442623 0.00017301 0.00115207 -0.00277778 0.000485437 -0.00351351 -0.00180328 -0.0028125 -0.0019403 -0.00116279 -0.00194631 -0.000967742 9.70874e-05 -0.000526316 0.00268293 -0.00232877 -0.00191011 0.00166667 0.00367089 0.00264 0.00371429 0.00176471 -0.000416667 -0.00092437 0.000465116 0.00241379 -0.005 -0.0026087 0.00367347 0.00540984 -0.00458333 0.000952381 -0.0013253 0 -0.006 -0.00446809 0.00707317 0.00317073 0.00380952 -0.00584906
internal_weight=1385 764 621 597 167 365 151 130 94 214 71 508 350 61 289 217 72 103 111 61 256 201 172 149 124 103 114 41 73 89 48 158 125 105 68 48 119 86 58 84 46 98 61 48 42 83 62 55 47 41 41 42 53
internal_count=1385 764 621 597 167 365 151 130 94 214 71 508 350 61 289 217 72 103 111 61 256 201 172 149 124 103 114 41 73 89 48 158 125 105 68 48 119 86 58 84 46 98 61 48 42 83 62 55 47 41 41 42 53
is_linear=0
shrinkage=0.01


Tree=82
num_leaves=53
num_cat=0
split_feature=24 59 19 88 33 37 31 82 5 35 92 88 3 45 35 75 24 93 19 19 33 68 19 10 79 5 10 33 80 98 87 26 85 41 19 79 19 38 40 32 85 41 88 26 88 79 5 26 83 3 7 3
split_gain=9.0029 8.95372 12.2309 12.4446 10.4839 9.11848 7.97862 7.93824 9.24849 8.82376 7.91839 7.59216 10.2221 10.747 8.86989 10.0144 7.84575 8.87877 8.70471 10.9859 12.978 6.68343 16.7438 12.0698 9.46386 8.29622 9.01245 7.84496 7.09714 6.52174 6.33946 6.28554 12.5565 6.1766 5.98214 5.85732 5.81731 5.60222 5.46263 5.44584 5.2964 5.00961 4.51393 4.26087 4.11575 3.50635 3.20727 7.05333 2.5 1.92001 1.83995 0.962791
threshold=20.175000000000001 -0.24999999999999994 1784.6000000000001 4400.4758333333339 7.7500000000000009 66.750000000000014 11.175000000000002 41.639000000000017 5096.1450000000013 28.975000000000005 33082.932950000009 3292.680416666667 15282.230500000003 24752.500000000004 24.425000000000004 475.23071588944146 11.975000000000001 422.74342105263162 1385.4000000000003 744.4000000000002 131.75000000000003 791.98750000000007 1630.9000000000003 34881.100000000006 610.27689489066722 3411.1700000000005 32717.750000000004 187.75000000000003 34213.563888888893 0.21875000000000003 1.0000000180025095e-35 45.750000000000007 1333.7985000000001 57.750000000000007 1084.5000000000002 505.20637129908982 306.65000000000003 6.2750000000000012 86.750000000000014 156.25000000000003 1509.9500000000003 79.750000000000014 3828.9079166666666 92.750000000000014 6851.3543750000017 619.75692165551743 8498.1200000000008 4.7500000000000009 785.05000000000121 14961.450000000003 17.655000000000005 14379.85
decision_type=2 2 2 2 2 2 2 2 2 2 2 2 2 2 2 2 2 2 2 2 2 2 2 2 2 2 2 2 2 2 2 2 2 2 2 2 2 2 2 2 2 2 2 2 2 2 2 2 2 2 2 2
left_child=1 4 10 42 -1 -5 -7 9 30 21 11 -3 13 14 15 36 17 18 19 20 33 23 25 29 31 -23 51 34 -29 43 -9 40 -33 -16 44 -15 -13 -21 -14 -35 -25 -34 -4 -6 -28 -37 47 -18 -12 -26 -11 -27
right_child=-2 2 3 5 7 6 -8 8 -10 50 48 12 38 35 16 -17 46 -19 -20 37 -22 22 -24 24 49 26 27 28 -30 -31 -32 32 41 39 -36 45 -38 -39 -40 -41 -42 -43 -44 -45 -46 -47 -48 -49 -50 -51 -52 -53
leaf_value=-4.4887747988057205 -0.11195560871546632 -0.051971562570287164 -1.7372580603132355 -1.9153343154665436 -0.0097414614700540077 0.73725707464132539 -0.023618297032314675 -0.30412896336702416 5.0084410715291323 0.02865370967296273 0.36773065034829289 0.054746374864039493 2.5513872673350697 1.8864565476850066 1.4079254589856403 0.022946406681601025 0.9897260469295972 0.79976456784779548 -1.4413045314004267 0.046654083731686724 6.5724095454485001 0.0039604572075316044 0.039605687689085636 -0.019111110318500282 -0.18659417975698561 -5.4982394819789606 -0.22952397838836092 0.94547309887382569 -3.7587034554950227 4.334177601773586 0.12214340138384902 0.18030226552428771 -0.054684120386343765 -0.95179079982250669 -0.017035366064479023 -0.11577279389554662 -1.780312457512589 2.9374703179407136 0.13192290429415365 -0.014819875207454794 0.12614399733964299 -0.13960560064006988 -2.4167210355402777 4.874101725644338 -0.047438291978786719 -0.040404560407500942 0.28792762082979134 -0.069359990738552868 1.1807369854816328 -0.35105396588850668 0.0098800771356565547 -0.21023050657109224
leaf_weight=31 26 30 38 30 23 29 34 37 20 21 20 20 30 28 21 29 30 25 22 26 27 38 22 20 21 23 30 25 21 23 24 21 20 35 21 21 32 29 36 33 21 31 34 23 35 24 22 20 20 23 20 20
leaf_count=31 26 30 38 30 23 29 34 37 20 21 20 20 30 28 21 29 30 25 22 26 27 38 22 20 21 23 30 25 21 23 24 21 20 35 21 21 32 29 36 33 21 31 34 23 35 24 22 20 20 23 20 20
internal_value=-0.00032491 -0.000213392 0.00052349 -0.00187879 -0.00110749 0.000537634 0.00269841 -0.000806175 0.00209877 -0.0012749 0.0012069 0.000888889 0.00117647 0.000630631 0.00132075 -0.00160494 0.00213793 0.00119266 0.000466321 0.00122807 -0.000517241 -0.00167028 -0.00285106 -0.000442478 -0.00197452 -0.00370892 -0.00462857 -0.00333333 0 0.00304348 0.000163934 -0.000442478 -0.00222222 -0.00235955 -0.00511628 -0.00287671 -0.00423077 0.00490909 0.00484848 -0.00382353 0.00268293 -0.00490196 -0.005 0.000869565 -0.00661538 -0.00511111 0.005 0.0036 0.0055 -0.00590909 0.00317073 -0.00860465
internal_weight=1385 1359 745 165 614 93 63 583 81 502 580 540 510 444 371 81 290 218 193 171 116 461 235 226 157 213 175 132 46 69 61 113 72 89 86 73 52 55 66 68 41 51 72 46 65 45 72 50 40 44 41 43
internal_count=1385 1359 745 165 614 93 63 583 81 502 580 540 510 444 371 81 290 218 193 171 116 461 235 226 157 213 175 132 46 69 61 113 72 89 86 73 52 55 66 68 41 51 72 46 65 45 72 50 40 44 41 43
is_linear=0
shrinkage=0.01


Tree=83
num_leaves=56
num_cat=0
split_feature=60 94 41 33 73 11 76 27 74 38 68 79 82 43 46 16 16 27 3 94 43 79 46 73 16 38 92 94 37 40 67 43 8 92 88 23 41 26 33 56 94 40 40 68 68 74 43 88 38 92 8 94 23 20 2
split_gain=10.2208 10.8021 10.7162 10.6623 9.65357 8.86175 11.3423 10.1175 11.1865 13.4162 9.24583 8.53612 10.4495 8.24265 7.85377 7.58609 7.38998 8.47361 7.35448 8.1459 12.6752 9.38638 9.32284 7.71857 7.19149 7.03275 6.96512 9.67022 6.49645 6.65417 6.31846 6.20513 6.0376 8.0379 6.03295 7.08665 7.88182 6.01958 6.28912 5.87464 5.50184 5.43763 5.17094 4.88658 4.66667 4.5773 4.29206 4.28571 4.23893 4.15243 3.99645 3.54632 3.3 1.83995 0.102439
threshold=1282.5740000000003 517942.73033812508 46.750000000000007 106.75000000000001 1224.2965000000002 35254.55000000001 28457.655208333337 81.250000000000014 366.70290625000013 8.9750000000000014 683.20000000000016 287.51274085888821 400.31350000000003 77.430000305175795 104.02999877929689 5900.8000000000011 6296.9000000000005 25.750000000000004 16054.800500000001 747080.09521031275 82.090000152587905 510.55534246852932 103.40500259399415 1081.8975000000003 6064.3000000000011 7.9750000000000005 19611.814012500006 681874.88841281272 54.750000000000007 77.750000000000014 32174.000000000004 86.884998321533217 411.59644736842114 22664.979850000007 7359.5443750000004 75.750000000000014 61.250000000000007 0.75000000000000011 128.75000000000003 0.6078576107927941 569982.40548062522 113.75000000000001 64.250000000000014 1.2160000000000002 1269.1995000000002 1467.8694062500001 74.270000457763686 5299.0150000000012 4.6750000000000016 23890.272493750006 412.14865384615388 690000.49954156287 64.750000000000014 538.40000000000009 2515.0500000000006
decision_type=2 2 2 2 2 2 2 2 2 2 2 2 2 2 2 2 2 2 2 2 2 2 2 2 2 2 2 2 2 2 2 2 2 2 2 2 2 2 2 2 2 2 2 2 2 2 2 2 2 2 2 2 2 2 2
left_child=1 24 16 4 11 7 52 8 -3 37 51 13 47 -4 32 54 17 -2 19 20 23 25 41 26 48 -22 -8 40 -6 49 -31 -23 33 -5 35 -14 -37 -10 -39 53 -28 -21 -42 -20 -34 -16 -44 -13 -1 -30 -26 -9 -7 -35 -12
right_child=2 5 3 14 28 6 18 10 9 -11 15 12 34 -15 45 -17 -18 -19 43 22 21 31 -24 -25 50 -27 27 -29 29 30 -32 -33 44 39 -36 36 -38 38 -40 -41 42 -43 46 -45 -46 -47 -48 -49 -50 -51 -52 -53 -54 -55 -56
leaf_value=0.030325730897712545 -1.4824319895280098 -5.7903044618513579 0.0041561645478169849 -0.050880916258093503 -0.21360781146628127 0.021270302990227207 0.025375383039832215 -0.41186933379809648 -0.0089312868007433259 -1.2596169015461629 -5.3897630262917957 3.8123939161511817 -0.41696881784568685 -3.3161068425439635 1.8281480016911684 -0.0094389224970041884 2.7095037545230354 1.1803404495926804 0.060468650399106497 -0.15596893808515583 -0.11736967916587869 -0.11549416763943234 0.12022657079946948 0.25587061696922747 -1.9622200994292076 0.086395448601689837 0.084985073501438371 0.03405923198536312 -1.3769914450719591 0.15160588060269997 -0.013742449317014835 -0.035012791714803343 4.4149191890716528 0.48293415135688222 -0.16488468893509425 -0.73516349632836209 0.62363459312707359 1.7598768406617873 4.2469830875150389 -0.08807950883260629 -3.916405988260061 0.051405335450772971 -0.0827641143775419 -0.086279655838595593 0.00085797153111619108 1.9074760833329389 0.020248743981061454 0.048631971970776934 -0.04859118554908496 -2.3819441245362021 -0.14446602716258208 1.3429204065885012 1.0284552069397186 0.014165875096653716 -4.4095507972812369
leaf_weight=20 25 26 29 21 38 20 31 20 20 29 21 32 30 20 33 20 22 26 37 21 21 39 26 20 23 20 24 21 28 26 24 39 21 21 23 20 24 24 25 21 20 20 21 20 21 25 24 28 27 38 24 22 24 20 20
leaf_count=20 25 26 29 21 38 20 31 20 20 29 21 32 30 20 33 20 22 26 37 21 21 39 26 20 23 20 24 21 28 26 24 39 21 21 23 20 24 24 25 21 20 20 21 20 21 25 24 28 27 38 24 22 24 20 20
internal_value=-0.000310469 -0.00107932 0.000649351 0.000165746 -0.000833333 -0.000637037 0.000178571 -0.0022467 -0.000322581 0.00122449 -0.00456311 0.000582524 0.00171975 -0.00306122 0.00213115 -0.00704918 0.00424658 0.00215686 -0.000346535 -0.000893372 -0.00164286 -0.00411765 0.00223881 0.000186335 -0.00425532 -0.000243902 -0.000638298 -0.00181818 -0.00272727 -0.00155172 0.0012 -0.00615385 0.00072 -0.000843373 -0.000309278 0.00108108 0.00363636 0.00362319 0.0055102 0.000967742 -0.00325843 -0.000731707 -0.00476923 0.00298246 0.00380952 0.00517241 -0.00288889 0.005 -0.00148936 -0.00363636 -0.00702128 -0.000952381 0.005 0.00317073 -0.0095122
internal_weight=1385 769 616 543 360 675 448 227 124 98 103 206 157 49 183 61 73 51 404 347 280 119 67 161 94 41 141 110 154 116 50 78 125 83 97 74 44 69 49 62 89 41 65 57 42 58 45 60 47 66 47 42 44 41 41
internal_count=1385 769 616 543 360 675 448 227 124 98 103 206 157 49 183 61 73 51 404 347 280 119 67 161 94 41 141 110 154 116 50 78 125 83 97 74 44 69 49 62 89 41 65 57 42 58 45 60 47 66 47 42 44 41 41
is_linear=0
shrinkage=0.01


Tree=84
num_leaves=54
num_cat=0
split_feature=8 20 84 16 4 11 78 42 76 94 78 35 77 94 30 44 70 10 22 19 20 16 16 85 65 26 70 30 91 8 38 11 63 39 42 65 88 2 56 42 20 70 35 44 13 23 19 85 45 67 38 68 11
split_gain=8.06499 9.0093 6.83931 10.3136 10.8694 9.85191 9.54592 9.26001 14.0459 10.1619 9.01504 8.29885 7.30811 7.28508 8 7.6925 6.95944 8.93221 8.11627 7.47161 8.51493 7.09099 9.00067 8.52532 6.95458 6.94286 6.73684 6.70974 6.42857 6.3906 8.05592 8.78908 6.9396 6.3799 6.03589 5.76201 12.5911 10.1447 10.0706 12.7059 9.92501 7.15941 5.36876 5.16386 6.05151 5.33968 4.9 4.9 4.88006 2.94327 2.5 2.02807 1.00087
threshold=392.9500000000001 2419.3000000000006 1172.0361875000001 6502.7000000000007 2309.4150000000004 36618.600000000013 1480.4941805555557 111.20000076293947 29080.858333333334 643378.13952375029 1284.1620069444446 27.625000000000004 3465.963612588333 506799.66237187502 98.750000000000014 2.7565000057220463 0.93700000000000017 31317.300000000003 91.750000000000014 782.05000000000007 892.45000000000016 6317.8000000000011 6573.3500000000013 1461.3500000000001 34492.700000000004 76.250000000000014 1486.6485000000002 98.750000000000014 28850.118456250002 422.50394736842111 6.1750000000000016 37484.500000000007 32730.400000000005 231.75000000000003 171.60000610351565 26639.900000000005 8383.6570833333335 2527.1000000000004 -1.0000000180025095e-35 173.59999847412112 921.95000000000016 1455.6435000000004 25.125000000000004 2.9190000295639043 3422.9000000000001 95.250000000000014 655.6500000000002 1682.4000000000003 23697.500000000004 32678.050000000003 5.0250000000000012 886.18300000000011 43580.100000000006
decision_type=2 2 2 2 2 2 2 2 2 2 2 2 2 2 2 2 2 2 2 2 2 2 2 2 2 2 2 2 2 2 2 2 2 2 2 2 2 2 2 2 2 2 2 2 2 2 2 2 2 2 2 2 2
left_child=-1 2 7 4 -4 10 11 8 -2 13 28 49 -12 14 -10 25 17 -9 19 -19 -21 23 -23 -18 -17 -15 -14 -22 -6 30 42 -32 -33 51 -28 36 38 -37 -25 -40 -39 -42 47 45 -45 -7 -8 -3 -46 -5 -50 -11 -44
right_child=1 29 3 6 5 43 46 16 9 33 12 -13 26 15 -16 24 21 18 -20 20 27 22 -24 35 -26 -27 34 -29 -30 -31 31 32 -34 -35 -36 37 -38 40 39 -41 41 -43 52 44 48 -47 -48 -49 50 -51 -52 -53 -54
leaf_value=-0.84357846673841697 0.91595550166021555 -5.5564939281235119 0.059083938859843886 3.9633378238824375 3.6076729405556307 -0.26080591577028717 -0.017660613630370352 0.33104563625777239 -1.46760766963273 -0.13705460295727484 -0.15490591240465879 0.012877478378657017 -0.73803719303738913 0.0017612051315916387 -0.0021787958974164843 1.7839556301217261 -6.5054422598555242 -0.096668908711186954 1.2512871742800016 4.0244528029570743 -0.046378604219735935 1.8471567268547795 -0.03404991261028819 -2.9405751295051812 -0.032148366929316927 -0.066260781611412037 0.1102526877889909 0.019486739714753162 0.21454578255347989 0.082354442173498799 -1.9095473635240763 0.2034854462879791 -0.53663176972000548 -0.025656922120119337 -0.035221633849020363 -0.16532596791701906 0.053955439451065387 -0.47207654802859034 0.90177433864249179 -0.075995913143363791 0.46397984649383672 -1.78200405884244 -2.757359301193353 0.055410581874447237 -1.041488209091576 -0.016873592119145395 0.47385709031019058 0.22821645754132333 -0.025758664706125992 5.6267193282935315 0.018156222826552111 -4.4067101267443274 -1.7790342595467075
leaf_weight=33 38 20 21 27 35 24 20 28 25 27 30 29 24 28 25 25 28 32 34 20 34 26 20 20 22 20 33 31 28 20 20 21 26 23 24 22 27 35 24 27 39 20 22 24 22 21 20 20 20 31 20 30 20
leaf_count=33 38 20 21 27 35 24 20 28 25 27 30 29 24 28 25 25 28 32 34 20 34 26 20 20 22 20 33 31 28 20 20 21 26 23 24 22 27 35 24 27 39 20 22 24 22 21 20 20 20 31 20 30 20
internal_value=-0.000267148 -0.000147929 0.000160609 0.00112583 0.000184049 -0.000295082 0.00354331 -0.000438356 -0.00193916 -0.00288889 0.00126437 0.0054023 -0.00045045 -0.00131034 -0.0044 0.000315789 0.000406852 0.00195531 0.000993377 -0.00025641 0.00129412 -0.000555556 0.00304348 -0.00123967 0.00319149 -0.0025 0.00111111 -0.000461538 0.00428571 -0.00230769 -0.00302013 -0.000447761 0.00191489 -0.00575 0.00298246 -0.000560748 0.00122449 -0.00206897 -0.000985915 0.00137255 -0.000638298 0.00186441 -0.00512195 -0.00236641 -0.000930233 -0.00511111 -0.0005 -0.0025 -0.00258065 0.00758621 -0.0005 -0.00754386 -0.00761905
internal_weight=1385 1352 1183 453 326 305 127 730 263 225 174 87 111 145 50 95 467 179 151 117 85 288 46 242 47 48 81 65 63 169 149 67 47 80 57 214 98 116 71 51 94 59 82 131 86 45 40 40 62 58 40 57 42
internal_count=1385 1352 1183 453 326 305 127 730 263 225 174 87 111 145 50 95 467 179 151 117 85 288 46 242 47 48 81 65 63 169 149 67 47 80 57 214 98 116 71 51 94 59 82 131 86 45 40 40 62 58 40 57 42
is_linear=0
shrinkage=0.01


Tree=85
num_leaves=51
num_cat=0
split_feature=73 64 6 31 31 44 23 88 63 34 69 39 43 78 42 81 61 88 24 6 64 82 72 57 42 44 20 42 97 88 90 70 20 31 69 44 34 11 35 90 34 68 19 11 8 78 83 32 42 61
split_gain=22.6125 14.6898 17.2959 12.0019 13.4246 10.9461 12.7851 10.3498 11.3281 11.3201 9.73269 8.70856 7.79726 12.96 9.37212 7.31429 7.01245 6.38665 7.27032 7.47071 6.30383 6.05311 8.19084 6.08222 9.00442 11.1191 8.91746 5.92593 5.41138 5.32273 5.72458 7.55533 8.16668 5.19701 4.65944 7.85038 4.96294 4.58009 4.4493 4.25007 4 3.95297 3.74657 3.65505 5.84841 3.19655 3.13043 3.11688 2.84972 0.921951
threshold=1393.1000000000001 915.30000000000007 2827.7500000000005 11.925000000000002 10.075000000000001 2.2530000209808354 7.0000000000000009 8051.7702083333343 26267.850000000002 112.25000000000001 34926.80000000001 233.75000000000003 69.290000915527358 937.81581597222237 99.415000915527358 4205.260920873855 26965.100000000002 4061.842916666666 10.175000000000002 4096.4250000000011 1682.2000000000003 1568.1000000000001 0.92450000000000021 1.0000000180025095e-35 228.57499694824222 3.9490000009536748 2217.7000000000003 112.20000076293947 0.46875000000000006 14560.377291666668 800.91585000000021 0.83200000000000007 1311.1000000000001 5.0750000000000011 32775.100000000006 2.9190000295639043 71.250000000000014 37559.900000000009 27.225000000000005 1210.6867500000003 60.750000000000007 963.64250000000015 1107.6000000000001 36999.000000000007 419.05207681365579 624.11106944444452 1990.0000000000002 218.25000000000003 116.37500000000001 31460.100000000002
decision_type=2 2 2 2 2 2 2 2 2 2 2 2 2 2 2 2 2 2 2 2 2 2 2 2 2 2 2 2 2 2 2 2 2 2 2 2 2 2 2 2 2 2 2 2 2 2 2 2 2 2
left_child=1 5 27 4 17 10 -7 34 -9 11 -1 29 13 -4 -14 40 -16 42 19 -19 21 22 -18 24 25 26 -24 -3 -5 30 -10 32 33 -32 35 -8 -37 47 -36 -22 -15 -38 -2 -25 -45 -33 -41 -21 -12 -30
right_child=3 2 12 28 -6 6 7 8 9 -11 48 -13 14 15 16 -17 20 18 -20 37 39 -23 23 43 -26 -27 -28 -29 49 -31 31 45 -34 -35 38 36 41 -39 -40 46 -42 -43 -44 44 -46 -47 -48 -49 -50 -51
leaf_value=-0.02188009714052061 -0.29429658937060543 -1.0062123827845364 1.2571897969208412 -1.4479676515702173 0.043953420292207071 0.60206768541544786 0.29736837302437819 0.10773622079001531 0.089132975957465915 0.046337170531699487 0.10206436462639182 0.055407969002269075 6.5236496328517912 -0.33760021921115596 3.6425104860254089 -0.30648458995608474 -0.19745557506174674 0.0067289217427599062 0.033946374340249455 -3.9536049193758709 1.0714481890368566 -0.2128776353393198 4.7083598457225193 0.015705350609363348 1.5973251322747282 -0.79365256651027927 -1.349721590050371 0.004457242836487017 -1.3823896821451251 -0.14158567081867768 -2.3243679442629732 -0.039070310030393948 0.041231193538694269 0.0033865271976479226 -5.678308970718752 -0.052745072158532483 -0.088802187491255347 -0.52667443092223376 -0.036384197395355415 2.8239174383893295 0.066495167776479389 -3.6342037679499519 -2.5496285169025272 1.8417174653517083 0.37795862265228236 -0.32053731973363403 3.9237044456436125 -0.0053345342552298704 0.04547813720285715 -1.8154624171734737
leaf_weight=33 20 30 20 39 39 24 28 30 20 32 22 31 23 25 29 35 29 24 38 22 20 22 35 21 33 30 28 24 20 37 22 37 22 23 34 33 31 24 21 23 20 22 21 29 21 23 23 20 27 21
leaf_count=33 20 30 20 39 39 24 28 30 20 32 22 31 23 25 29 35 29 24 38 22 20 22 35 21 33 30 28 24 20 37 22 37 22 23 34 33 31 24 21 23 20 22 21 29 21 23 23 20 27 21
internal_value=-0.000220588 0.000447761 0.00165385 -0.00270833 -0.00144231 -0.000688406 -0.0012766 -0.00165919 -0.000469314 -0.00117409 0.00268293 -0.002 0.00227468 -0.0002 0.00295082 -0.002 0.00253644 -0.00266272 -0.0015625 -0.00311111 0.00210191 0.00137097 0.00185841 0.00258883 0.00126984 -0.000322581 0.00206349 -0.0037037 -0.006 -0.00282609 -0.00197279 -0.00275591 -0.000447761 -0.00288889 -0.00360947 -0.00245614 -0.00395349 -0.00484848 -0.006 0.00484848 0.000666667 -0.00584906 -0.00609756 0.00492958 0.0064 -0.00533333 0.00652174 -0.00285714 0.0055102 -0.00853659
internal_weight=1360 1072 520 288 208 552 470 446 277 247 82 215 466 100 366 80 343 169 128 90 314 248 226 197 126 93 63 54 80 184 147 127 67 45 169 114 86 66 55 66 45 53 41 71 50 60 46 42 49 41
internal_count=1360 1072 520 288 208 552 470 446 277 247 82 215 466 100 366 80 343 169 128 90 314 248 226 197 126 93 63 54 80 184 147 127 67 45 169 114 86 66 55 66 45 53 41 71 50 60 46 42 49 41
is_linear=0
shrinkage=0.01


Tree=86
num_leaves=51
num_cat=0
split_feature=68 28 19 26 34 81 44 36 46 78 28 98 20 85 19 86 47 78 20 26 39 5 81 38 28 71 21 97 81 8 63 33 26 81 100 87 38 100 19 71 68 34 83 21 7 97 39 64 7 34
split_gain=12.5277 13.7388 11.6872 9.84939 10.7944 9.02422 9.17194 8.99421 9.24508 10.6832 10.0037 11.8667 9.05844 8.26901 8.09365 7.68036 15.1704 9.25706 9.03701 15.6775 8.88344 8.06484 10.1147 9.1616 8.15049 7.89369 7.77043 7.35126 7.19171 6.97612 6.7788 6.3962 7.46351 6.09524 5.74121 8.51744 5.6852 5.54029 5.26753 5.18182 4.9268 4.8774 4.69029 4.36623 3.81818 3.29521 3.27361 3.0129 4.90003 1.96923
threshold=1362.7500000000002 21.975000000000005 2082.0500000000006 169.75000000000003 114.25000000000001 2795.0711772835471 1.7879999876022341 77.750000000000014 110.56999969482423 1177.7423055555557 22.275000000000002 0.62847222222222232 2259.3500000000004 1505.8000000000002 525.50000000000011 989.62000000000012 1.0000000180025095e-35 1327.707920138889 1454.1500000000003 45.750000000000007 233.75000000000003 9615.4150000000027 3651.0551123338532 4.0750000000000011 26.275000000000002 1090.2030000000002 27.625000000000004 0.093750000000000014 4355.0145251271724 412.8497132253712 33179.30000000001 58.750000000000007 37.750000000000007 4030.3375669901066 0.6840277777777779 0.63541666666666685 8.9750000000000014 0.46875000000000006 525.50000000000011 0.98050000000000004 939.00900000000013 81.750000000000014 1948.3000000000013 16.475000000000005 24.98 0.30208333333333343 149.25000000000003 1.0935000000000004 118.99500000000002 84.250000000000014
decision_type=2 2 2 2 2 2 2 2 2 2 2 2 2 2 2 2 2 2 2 2 2 2 2 2 2 2 2 2 2 2 2 2 2 2 2 2 2 2 2 2 2 2 2 2 2 2 2 2 2 2
left_child=1 13 7 4 5 -3 -7 12 9 36 -11 14 29 43 -12 17 -17 18 20 40 21 22 26 -24 -23 -19 -8 -22 33 -2 -6 -13 38 -21 35 37 41 -26 -33 -4 -20 42 -9 -1 -41 -15 -31 48 -25 -49
right_child=2 3 39 -5 30 6 15 8 -10 10 11 31 -14 45 -16 16 -18 25 19 28 27 24 23 47 34 -27 -28 -29 -30 46 -32 32 -34 -35 -36 -37 -38 -39 -40 44 -42 -43 -44 -45 -46 -47 -48 49 -50 -51
leaf_value=-0.0291675129943261 -0.0017899528147209238 4.8752906632382791 -0.010830475812140051 5.7283288490166333 0.12062479354910816 0.031640120448135835 -0.48406400955990381 -0.45154005241004785 0.13311832009473742 -1.6486309206706569 0.22521286987683506 0.058089549324606471 -2.524132231733502 1.2830365197260261 2.396436570760164 4.0675275722629411 -0.53199653833027183 -4.5921516113208405 0.033734198673518526 -0.0061295868532315013 -0.040353872007071134 0.034000603350723538 -0.02935976197663176 -5.5586411588120805 0.017489812685675125 -0.12700737572091583 1.9020676431576184 0.45621961929306126 2.066549589716244 2.9064119205493695 -0.0033383429729984117 -0.0091802359380006946 0.0031061924752867876 -0.049392102615403957 -3.7307756676613666 0.056956020519900036 -3.7789672542782711 -0.2366902946464888 -0.17974280852197896 -2.0452667885498483 1.5200261136974615 -0.0019000301288167167 -3.5371445927443164 0.81467420749782382 -3.3372608424933992 2.1192464044200237 0.090320754964201971 -1.1045044310698919 -0.014498423355388677 -0.17882847299253551
leaf_weight=35 39 23 22 26 39 30 39 37 20 32 20 36 21 24 26 30 24 22 31 21 21 26 35 22 28 21 28 30 20 31 23 20 34 21 30 21 26 24 22 21 22 32 28 20 33 27 24 32 21 20
leaf_count=35 39 23 22 26 39 30 39 37 20 32 20 36 21 24 26 30 24 22 31 21 21 26 35 22 28 21 28 30 20 31 23 20 34 21 30 21 26 24 22 21 22 32 28 20 33 27 24 32 21 20
internal_value=-0.000161765 0.000598086 -0.00137405 0.000109589 -0.000113636 -0.000498442 -0.000726979 -0.000758929 -0.00159159 -0.00201278 -0.000526316 0.000506329 0.00165217 0.00396226 0.00478261 -0.0010017 0.00259259 -0.00136449 -0.00097561 0.00147826 -0.00172414 -0.00233129 -0.00360406 -0.00523077 -0.000387597 -0.00581395 -0.000447761 0.00215686 -0.00193548 0.00297872 0.00387097 -0.00125 -0.00289474 -0.00428571 -0.00165049 -0.000136986 -0.00430894 -0.00230769 -0.00571429 -0.005 0.0054717 -0.00319588 -0.00476923 0.00127273 -0.00666667 0.00686275 0.00527273 -0.00684211 -0.00488372 -0.00846154
internal_weight=1360 836 524 730 704 642 619 448 333 313 190 158 115 106 46 589 54 535 492 115 377 326 197 130 129 43 67 51 62 94 62 112 76 42 103 73 123 52 42 76 53 97 65 55 54 51 55 95 43 52
internal_count=1360 836 524 730 704 642 619 448 333 313 190 158 115 106 46 589 54 535 492 115 377 326 197 130 129 43 67 51 62 94 62 112 76 42 103 73 123 52 42 76 53 97 65 55 54 51 55 95 43 52
is_linear=0
shrinkage=0.01


Tree=87
num_leaves=50
num_cat=0
split_feature=68 69 8 76 21 21 29 40 34 76 94 99 16 75 13 8 8 8 68 63 17 38 57 36 38 10 2 40 75 76 43 8 88 34 91 13 43 23 60 88 5 34 0 26 43 28 5 30 26
split_gain=13.7122 11.617 10.7598 9.74847 9.71984 8.48952 8.76861 9.97253 9.82831 9.59351 10.5058 11.6678 7.85813 10.2403 10.1333 7.81119 7.32228 10.2816 7.19511 7.1423 6.77849 9.31341 6.69087 8.25284 6.59385 7.91664 7.48936 6.55375 5.98344 5.89139 5.88395 5.78454 6.32227 5.48571 5.45702 5.40639 8.13415 6.22222 5.12505 4.59422 4.47109 4.26087 4.24363 4.04211 3.84213 3.08388 3.01882 2.82609 2.81299
threshold=1362.7500000000002 32196.450000000004 392.69958333333335 41361.290625000009 17.875000000000004 29.575000000000006 90.750000000000014 95.250000000000014 114.25000000000001 28825.708333333339 666487.8624037503 0.63541666666666685 6361.0000000000009 620.34307792491506 3049.2500000000005 422.61828947368429 404.44289285714291 411.37088235294124 1014.7880000000001 24440.850000000002 178.25000000000003 5.0750000000000011 -0.56174490092936669 89.250000000000014 9.9750000000000014 34940.55000000001 2834.1500000000005 132.75000000000003 258.10596929874441 36318.256250000006 75.174999237060561 425.37000000000006 3683.9027083333335 74.750000000000014 30726.665450000008 6706.0500000000002 71.615001678466811 75.750000000000014 967.25000000000011 4845.4316666666664 5223.5350000000008 82.250000000000014 32775.100000000006 26.250000000000004 74.844997406005874 23.475000000000005 11265.330000000002 89.250000000000014 1.7500000000000002
decision_type=2 2 2 2 2 2 2 2 2 2 2 2 2 2 2 2 2 2 2 2 2 2 2 2 2 2 2 2 2 2 2 2 2 2 2 2 2 2 2 2 2 2 2 2 2 2 2 2 2
left_child=2 4 -1 5 31 6 8 28 9 18 11 22 13 14 -6 -16 -3 42 19 -4 21 40 23 43 25 27 -26 -12 -8 -13 -7 32 -2 -14 -10 36 -24 -38 46 -34 -19 -27 -18 -11 -23 -46 -37 -30 -39
right_child=1 16 3 -5 12 30 7 -9 34 10 24 29 33 -15 15 -17 17 20 -20 -21 -22 44 35 -25 26 41 -28 -29 47 -31 -32 -33 39 -35 -36 38 37 48 -40 -41 -42 -43 -44 -45 45 -47 -48 -49 -50
leaf_value=-0.97254995585402926 0.039170743770163996 -2.9500504683539703 0.038325788659208271 -1.8400749269991894 0.052384225139929831 5.229558460900936 1.373631291241278 -0.023428376365872482 0.34886526406663942 0.55213511229134837 -0.036430515951401773 0.19007487512249696 0.083194176053387886 0.14421761975982589 -0.73062666507154062 0.0083554514096199125 -0.0074075153121761304 -5.9840319088661502 -0.027379455350656508 4.2060098610484768 -2.5464210905492557 -1.1102861173194978 -0.12573730196370669 1.8315712332259673 -3.754904428210732 -0.01435343912183479 -0.075764962639815595 0.55835850275789045 1.1870262211795288 0.015646460507498263 2.5609801259989231 0.035018117262255045 -2.0721968225397047 1.0384636069244055 0.042612869547747803 0.001490338928022581 -0.069274280117338383 0.0062614033367800704 -0.30044882412758284 -1.6220095522633593 -0.005083173871101754 -2.8971435674699602 0.062827149949855665 -0.03927715248540338 0.1335665243118862 -0.010146082897317346 -0.05608473636083202 1.373212005457662 0.75261729080638862
leaf_weight=24 24 31 24 37 38 22 24 26 23 30 32 38 28 30 37 20 21 31 36 37 36 27 31 33 22 23 25 27 20 31 25 21 34 20 32 21 21 22 34 25 20 23 26 27 21 34 20 26 20
leaf_count=24 24 31 24 37 38 22 24 26 23 30 32 38 28 30 37 20 21 31 36 37 36 27 31 33 22 23 25 27 20 31 25 21 34 20 32 21 21 22 34 25 20 23 26 27 21 34 20 26 20
internal_value=-2.94118e-05 -0.00129771 0.00076555 0.000960591 0.000108303 0.0012 0.000934066 0.00375 0.000506329 0.000121317 -0.000458333 0.00054878 0.00156069 0.00024 -0.00136842 -0.00403509 -0.00287449 -0.00222222 0.00298969 0.00508197 -0.00337278 -0.00233083 -0.00042471 0.00177778 -0.00263158 -0.0012381 -0.00574468 0.00118644 0.00571429 0.0042029 0.00531915 -0.00230769 -0.00349398 0.005 0.00454545 -0.00159763 0 0.00206349 -0.0036 -0.00525424 -0.00568627 -0.00434783 0.00191489 -0.000526316 -0.000243902 0.00127273 -0.00121951 0.00782609 0.00428571
internal_weight=1360 524 836 812 277 775 728 96 632 577 480 328 173 125 95 57 247 216 97 61 169 133 259 90 152 105 47 59 70 69 47 104 83 48 55 169 94 63 75 59 51 46 47 57 82 55 41 46 42
internal_count=1360 524 836 812 277 775 728 96 632 577 480 328 173 125 95 57 247 216 97 61 169 133 259 90 152 105 47 59 70 69 47 104 83 48 55 169 94 63 75 59 51 46 47 57 82 55 41 46 42
is_linear=0
shrinkage=0.01


Tree=88
num_leaves=52
num_cat=0
split_feature=19 62 78 66 78 34 67 35 88 40 94 67 21 26 43 30 88 28 71 20 74 44 71 89 0 44 94 94 90 72 67 78 44 44 26 63 7 34 63 58 6 19 94 42 45 0 66 6 6 7 14
split_gain=8.70646 7.5174 12.5931 8.97274 11.9742 8.96146 10.3373 11.3752 8.41512 7.67929 11.4 8.12622 9.25318 12.0253 13.2485 9.47149 8.50174 14.6444 8.21267 7.63676 7.07107 7.56403 6.6163 8.70932 6.25142 7.14742 6.13784 8.01631 11.3465 8.94275 9.85347 6.70991 6.01447 7.67343 7.42029 5.72541 6.4 5.36112 5.20346 5.08271 5.03178 5.00087 4.95006 5.54653 4.92133 4.64362 4.63118 3.76573 2.67857 2.54675 1.718
threshold=2335.4500000000003 1153.4340000000002 1367.4134479166671 1469.1795000000002 461.4358645833334 99.250000000000014 31016.150000000005 26.525000000000002 4561.4856250000012 59.250000000000007 594416.73712343758 25616.500000000004 26.775000000000002 29.250000000000004 77.604999542236342 69.750000000000014 4799.0831250000001 25.575000000000006 1503.2500000000002 1617.45 1177.4658229166669 2.9190000295639043 678.78550000000007 1034.4679312500002 27742.800000000003 5.1099998950958261 503546.05499000015 621957.22813125025 1893.6382500000002 793.15600000000006 29202.800000000003 864.97609375000013 2.7894999980926518 2.6024999618530282 101.75000000000001 29796.950000000004 37.725000000000001 90.250000000000014 26493.650000000005 0.68301270189221941 10022.355000000001 510.75000000000006 666487.8624037503 107.12500000000001 24990.000000000004 35105.350000000013 1541.7500000000002 5504.2000000000016 3827.7900000000004 70.545000000000016 12527.400000000001
decision_type=2 2 2 2 2 2 2 2 2 2 2 2 2 2 2 2 2 2 2 2 2 2 2 2 2 2 2 2 2 2 2 2 2 2 2 2 2 2 2 2 2 2 2 2 2 2 2 2 2 2 2
left_child=1 2 3 4 5 6 7 -1 -5 10 39 50 13 14 15 -13 19 47 -14 -16 21 32 23 -2 -12 -26 -23 28 -28 30 -29 -32 33 34 49 -15 -37 38 -31 -3 -7 -19 43 -8 -45 -24 -10 -18 -17 -6 -11
right_child=22 9 -4 8 20 40 42 -9 46 11 24 12 18 35 16 48 17 41 -20 -21 -22 26 45 -25 25 -27 27 29 -30 37 31 -33 -34 -35 -36 36 -38 -39 -40 -41 -42 -43 -44 44 -46 -47 -48 -49 -50 -51 -52
leaf_value=-0.03282499918693986 0.11823910712332734 0.0002527913186087849 -1.6184634518300665 -0.019426283135017163 0.037247530251044013 0.035740769437363443 -0.11276542909686152 4.6457848486772111 2.1753748737708229 0.43948700466915319 -1.1077783190535835 0.031102138345151981 5.5477088877390104 -1.3931897322448668 0.012460045389248031 0.11984997619124046 0.96987310454056064 -0.044369221339292324 0.0028117252152712285 -2.7623198203160304 1.6140881715773503 -0.25545621464824791 -2.3058178013301909 -0.65011038164534585 0.029027740622675335 -0.27075019854504767 0.30303797631848217 2.1720024953812529 -0.1363783556012293 -0.030790276831422068 -0.0037647656658629969 -4.8285457651593466 0.25053104719585162 -2.4696867293225906 -0.057824997775702339 -0.13280771130493041 3.0148223232374343 -5.2782314004448176 -0.76379345270970589 1.1533940995613901 0.12614446156677361 0.0026466736270856993 -0.11308135935051088 -0.0096325680329698311 0.12100504087629826 -0.11371032688438659 0.083140645648709322 1.3239934494537868 3.8596710937190415 0.060578982458997878 1.3984187707952409
leaf_weight=32 22 36 36 20 21 34 22 38 22 20 22 39 34 39 23 21 25 20 26 32 36 21 25 34 23 20 33 22 20 26 37 20 30 30 23 20 20 29 27 21 24 22 27 20 23 23 25 22 27 25 21
leaf_count=32 22 36 36 20 21 34 22 38 22 20 22 39 34 39 23 21 25 20 26 32 36 21 25 34 23 20 33 22 20 26 37 20 30 30 23 20 20 29 27 21 24 22 27 20 23 23 25 22 27 25 21
internal_value=8.82353e-05 0.000318471 -0.000345781 -4.36681e-05 -0.000419355 0.00145455 0.000246914 0.00314286 0.00343284 0.00121951 -0.000983607 0.00187348 0.00140541 0.000709677 0.00186147 0.00494253 0 0.00191011 0.005 -0.00309091 -0.00145 -0.00186813 -0.00269231 -0.000357143 -0.00384615 -0.00162791 -0.00293617 -0.00242991 0.000943396 -0.00354037 -0.00113924 -0.00333333 7.75194e-05 -0.00111111 0.000724638 -0.00265823 0 -0.00585366 -0.00396226 0.0022807 0.00482759 -0.00238095 -0.00195652 -0.000461538 0.00162791 -0.00541667 0.00574468 0.00574468 0.00791667 0.00304348 0.00609756
internal_weight=1360 1256 723 687 620 220 162 70 67 533 122 411 370 310 231 87 144 89 60 55 400 364 104 56 65 43 235 214 53 161 79 57 129 99 69 79 40 82 53 57 58 42 92 65 43 48 47 47 48 46 41
internal_count=1360 1256 723 687 620 220 162 70 67 533 122 411 370 310 231 87 144 89 60 55 400 364 104 56 65 43 235 214 53 161 79 57 129 99 69 79 40 82 53 57 58 42 92 65 43 48 47 47 48 46 41
is_linear=0
shrinkage=0.01


Tree=89
num_leaves=51
num_cat=0
split_feature=80 73 68 68 31 31 34 28 83 31 17 33 27 39 2 19 10 39 25 28 82 80 45 38 33 80 56 38 68 94 2 62 19 31 98 17 68 2 0 19 80 2 27 41 41 25 25 10 33 41
split_gain=10.3816 13.5375 12.2606 11.9162 10.0613 11.9643 9.91135 10.1646 9.36946 9.16618 9.09496 8.85734 8.97003 16.948 8.6938 10.0213 8.18936 7.89101 7.84071 9.2894 10.4565 8.54458 8.49231 7.14742 7.06395 6.35185 6.32331 6.30806 6.2751 6.26411 6.00368 5.94865 7.00182 5.93551 10.6302 5.83612 5.5521 5.18627 5.07037 4.80374 7.97888 5.90175 5.89474 5.84024 3.79414 3 2.70941 2.67442 1.96 1.56148
threshold=34097.063888888901 0.15000000000000005 1685.5500000000002 1355.7645000000002 11.925000000000002 10.225000000000001 116.25000000000001 31.475000000000005 2752.4000000000001 4.7250000000000005 34.050000000000004 198.75000000000003 83.250000000000014 196.25000000000003 3159.1000000000004 862.35000000000014 34974.05000000001 177.75000000000003 126.75000000000001 25.575000000000006 400.31350000000003 29510.970486111113 23386.500000000004 7.4250000000000016 26.750000000000004 28888.100694444449 -1.0000000180025095e-35 7.0250000000000012 960.50000000000011 567726.73491500015 2844.9485000000004 1286.8000000000002 1107.6000000000001 3.4250000000000007 0.19791666666666671 25.750000000000004 1488.1000000000001 2709.3500000000004 31222.800000000003 852.70000000000016 39612.930902777785 3523.3500000000004 92.750000000000014 95.750000000000014 73.750000000000014 169.75000000000003 60.750000000000007 35095.100000000013 3.7500000000000004 68.250000000000014
decision_type=2 2 2 2 2 2 2 2 2 2 2 2 2 2 2 2 2 2 2 2 2 2 2 2 2 2 2 2 2 2 2 2 2 2 2 2 2 2 2 2 2 2 2 2 2 2 2 2 2 2
left_child=1 2 10 6 5 11 7 8 16 -10 28 12 18 45 47 -16 33 25 19 20 21 27 -21 -19 -22 35 -15 29 -1 -3 36 -23 -33 -2 -35 -6 -7 -20 48 42 41 43 -18 44 -41 -14 -17 -5 -27 -12
right_child=3 4 -4 14 17 30 -8 -9 9 -11 49 -13 13 26 15 46 39 23 37 22 24 31 -24 -25 -26 38 -28 -29 -30 -31 -32 32 -34 34 -36 -37 -38 -39 -40 40 -42 -43 -44 -45 -46 -47 -48 -49 -50 -51
leaf_value=-0.044584144150926076 -0.020060127566202866 -0.55011843460820353 -0.024975539107576692 -8.3026542959165273 -0.097826089596390733 0.030791116961700452 0.089521188232933091 4.0955206967120832 2.6294902014048915 -0.013868680000004324 6.0402014303441618 0.9714617696247837 -0.14192024023093752 0.48507512416061671 0.045082250311353336 -1.3100861603607539 -0.047169815575962309 0.091878834531413572 2.779641191736633 -0.32782395625542549 0.025300333110191336 -0.0033358826992682467 0.0059169260800194488 -0.1518288513676028 -0.13363527354351615 -0.50401406022366591 -0.046577615480048497 -1.1435314684288045 2.1054774802302809 0.38332154046693573 0.00054764411017463874 1.693404897744561 0.10039202170138387 -0.018209609005835136 1.1233460167920428 0.64020456884817789 0.7005770578238244 0.056514946272726532 -0.13624658510202664 -0.027380806589322428 -1.6063645672956812 1.0480847678244032 -2.7201744983262417 0.027991711430901824 -0.091829027344079286 -5.2202138867424575 -4.6643975796443495 -1.536609921899655 -3.8235135372777855 4.8699159375527348
leaf_weight=22 21 20 30 23 29 27 39 25 25 34 29 38 21 21 20 20 36 20 24 39 24 22 30 23 38 20 36 27 23 23 24 36 25 28 38 25 32 27 27 21 34 20 21 21 34 28 21 20 25 24
leaf_count=22 21 20 30 23 29 27 39 25 25 34 29 38 21 21 20 20 36 20 24 39 24 22 30 23 38 20 36 27 23 23 24 36 25 28 38 25 32 27 27 21 34 20 21 21 34 28 21 20 25 24
internal_value=-7.35294e-05 0.000593714 0.00359375 -0.00121756 6.83995e-05 0.000711744 -0.000428212 -0.000949721 -0.00141141 0.00220339 0.00530612 0.000104384 -0.000294785 -0.00283019 -0.00423077 -0.00180328 -0.00218978 -0.00207101 0.000507463 -0.000140845 0.000883721 0.00228758 -0.00333333 0.00162791 -0.00258065 -0.00333333 0.000877193 -0.000285714 0.002 0.00209302 0.00421687 0.00445783 0.00606557 0.000344828 0.00181818 -0.000740741 0.0059322 0.00411765 -0.00527778 -0.00336898 -0.00230769 -0.000833333 -0.00578947 -0.00210526 -0.00381818 -0.00714286 -0.00463415 -0.00767442 -0.00733333 0.00811321
internal_weight=1360 859 128 501 731 562 397 358 333 59 98 479 441 106 104 61 274 169 335 284 215 153 69 43 62 126 57 70 45 43 83 83 61 87 66 54 59 51 72 187 130 96 57 76 55 49 41 43 45 53
internal_count=1360 859 128 501 731 562 397 358 333 59 98 479 441 106 104 61 274 169 335 284 215 153 69 43 62 126 57 70 45 43 83 83 61 87 66 54 59 51 72 187 130 96 57 76 55 49 41 43 45 53
is_linear=0
shrinkage=0.01


Tree=90
num_leaves=52
num_cat=0
split_feature=89 66 66 8 72 10 11 19 38 94 79 38 21 30 20 44 85 94 30 66 98 17 66 2 8 63 25 30 25 80 100 3 23 56 79 3 10 29 20 44 91 11 38 89 89 0 10 8 87 79 81
split_gain=12.8039 15.3663 14.4704 11.4449 10.6738 12.8887 10.7143 10.4011 8.88616 7.91485 11.6013 16.4433 7.88352 9.9056 11.6939 10.5453 8.09239 7.19969 13.4845 8.85903 7.46667 7.13375 11.4063 7.67581 7.05971 6.8751 6.82834 6.55742 9.00915 6.50865 6.1343 6.05591 6.20606 5.85111 5.71835 5.60303 5.59393 5.48571 5.68052 5.38655 5.18561 4.7018 8.48906 4.55285 4.16256 3.93195 3.90288 3.76573 3.1094 2.5 1.67619
threshold=1636.5947812500003 1266.1170000000004 1338.2810000000002 392.85416666666669 1600.0905000000002 26414.300000000007 37038.150000000009 2283.9000000000005 5.9250000000000016 625474.06285750039 476.38351572361688 6.0250000000000012 29.675000000000001 97.750000000000014 524.15000000000009 3.6944999694824223 1469.7500000000002 686320.2421350003 33.250000000000007 1602.2500000000002 0.39930555555555564 94.350000000000009 927.41650000000016 3009.4540000000002 415.47881578947374 30497.000000000004 201.75000000000003 39.250000000000007 183.25000000000003 36538.861805555563 0.12152777777777779 13910.200000000003 92.750000000000014 -1.0000000180025095e-35 590.79706133312391 14226.400000000001 31758.350000000002 77.750000000000014 716.05000000000007 2.8270000219345097 26321.553275000006 37092.600000000006 6.2250000000000014 1220.00701875 869.93326875000002 32390.250000000004 31957.350000000002 412.36881578947379 0.65625000000000011 278.36521667954111 4297.041591106582
decision_type=2 2 2 2 2 2 2 2 2 2 2 2 2 2 2 2 2 2 2 2 2 2 2 2 2 2 2 2 2 2 2 2 2 2 2 2 2 2 2 2 2 2 2 2 2 2 2 2 2 2 2
left_child=1 3 40 -1 5 -5 -6 9 39 10 11 44 13 15 -15 16 50 18 -11 20 -19 23 26 47 -9 49 33 -18 29 30 -29 32 -17 -23 45 -26 -36 -10 -39 -2 -3 42 -20 -43 -4 -12 -21 -16 -35 -13 -7
right_child=8 2 7 4 6 12 -8 24 37 17 34 25 -14 14 21 31 27 19 41 46 -22 22 -24 -25 35 -27 -28 28 -30 -31 -32 -33 -34 48 36 -37 -38 38 -40 -41 -42 43 -44 -45 -46 -47 -48 -49 -50 -51 -52
leaf_value=-4.3649015977015502 -0.040136551268481514 0.0041134735994904836 -1.3873469467832527 0.89028478985325987 -8.0088324186420117 -2.753085114868203 -0.025341665038050954 0.054940771312727905 1.2498624767234643 0.059235552599838003 5.4091721179762269 -0.050163420419152019 1.6378785938693847 -0.17040372870486437 0.035293830697780956 0.028129878046732528 0.012118885408266635 -1.1892607035585678 -1.737445669223016 0.59542940529014121 0.25403304337482041 -0.003265958166184042 -0.25198336222832468 -0.0018882474732922505 -0.017085828661519691 0.82285390937034864 -0.24997472137130394 -0.016462775194371389 -1.3861557904732698 0.017531587597107521 -1.0687267837537515 0.99338574037099625 -0.29152993489028917 1.830105047274682 -0.15614231571603596 -5.4199127378820302 0.53951653580047132 -0.012330655628380762 0.79977341578993699 0.11468403250588484 0.93663550246880511 -0.65373275416913867 0.021517402711582943 -0.020808459122060228 -0.061585368510525318 3.8479425341067652 0.0066145440207294164 2.4869688637803735 0.056933177788884688 0.10592629953902039 -0.045225533375607883
leaf_weight=28 23 22 29 28 27 22 36 24 28 20 28 20 38 35 22 33 31 28 26 23 20 25 33 39 20 31 20 20 27 26 38 33 27 23 32 24 27 20 22 34 32 20 27 21 35 22 21 25 20 20 20
leaf_count=28 23 22 29 28 27 22 36 24 28 20 28 20 38 35 22 33 31 28 26 23 20 25 33 39 20 31 20 20 27 26 38 33 27 23 32 24 27 20 22 34 32 20 27 21 35 22 21 25 20 20 20
internal_value=-0.000269091 -0.000576923 0.000629371 -0.00159763 -0.00132716 -0.000905983 -0.0052381 0.00011583 0.00275591 0.000666667 0.00188525 -7.40741e-05 -0.00123878 -0.00156069 -8.26446e-05 -0.00285199 -0.00423913 -0.000776699 -0.00245614 0.00130435 -0.00166667 0.000821256 -0.000743802 0.00302326 -0.00352941 0.00323944 0.00113636 -0.00309859 -0.00423423 -0.00261905 -0.00448276 -0.000107527 -0.002 0.00264706 0.00431193 -0.00590909 0.00220339 0.00514286 0.00285714 -0.000175439 0.00555556 -0.00404255 -0.00207547 -0.00658537 -0.00375 0.0068 0.00454545 0.00574468 0.00488372 0.0005 -0.00809524
internal_weight=1375 1248 572 676 648 585 63 518 127 450 244 135 557 519 242 277 184 206 114 92 48 207 121 86 68 71 88 142 111 84 58 93 60 68 109 44 59 70 42 57 54 94 53 41 64 50 44 47 43 40 42
internal_count=1375 1248 572 676 648 585 63 518 127 450 244 135 557 519 242 277 184 206 114 92 48 207 121 86 68 71 88 142 111 84 58 93 60 68 109 44 59 70 42 57 54 94 53 41 64 50 44 47 43 40 42
is_linear=0
shrinkage=0.01


end of trees

feature_importances:
disp_solar_midday_mw=112
wind_speed_hanoi=107
wind_speed_hcmc=95
disp_wind_evening_mw=88
margin_temp_interaction=87
load_central_mw=85
disp_wind_midday_mw=85
temperature_hanoi=85
smp_lag_336=85
smp_north_lag_336=85
hydro_water_level_m=81
wind_speed_danang=80
brent_price=79
load_lag_336=79
diffuse_radiation_danang=77
direct_radiation_hanoi=76
smp_rolling_std_72h=76
load_north_mw=75
direct_radiation_danang=74
smp_south_lag_336=74
hydro_discharge_rolling_24h=71
load_south_mw=69
hydro_total_discharge_m3s=69
disp_hydro_midday_mw=68
load_rolling_std_72h=68
hydro_inflow_m3s=66
hydro_spill_discharge_m3s=64
disp_hydro_evening_mw=64
cloud_cover_danang=64
humidity_hanoi=62
load_lag_96=62
load_rolling_mean_24h=62
shortwave_radiation_hcmc=61
direct_radiation_hcmc=61
disp_solar_evening_mw=60
diffuse_radiation_hcmc=60
load_ramp_lag48=59
hydro_plant_discharge_m3s=58
disp_total_evening_mw=58
cloud_cover_hcmc=55
coal_proxy_price=55
smp_rolling_std_24h=55
load_rolling_mean_72h=55
temperature_danang=54
humidity_danang=54
shortwave_radiation_hanoi=53
diffuse_radiation_hanoi=53
load_total_mw=51
disp_total_midday_mw=51
shortwave_radiation_danang=51
humidity_hcmc=50
gas_proxy_price=49
smp_south_lag_48=49
temperature_hcmc=47
load_lag_49=47
load_rolling_std_24h=46
residual_load_proxy=46
smp_rolling_mean_72h=45
wind_gen_proxy=44
dxy_index=43
smp_lag_49=43
spike_prob_72h=42
smp_lag_50=40
smp_lag_96=40
price_spread_ns_lag48=40
cloud_cover_hanoi=39
hydro_depletion_index=39
zero_prob_72h=37
load_lag_50=36
solar_gen_proxy=36
smp_rolling_mean_24h=33
spike_prob_24h=32
usd_vnd=30
load_lag_48=30
smp_north_lag_48=30
thermal_margin_proxy=29
smp_yesterday_zero_ratio=27
smp_lag_48=23
smp_yesterday_mean=20
sin_dow=19
cos_month=19
smp_yesterday_max=15
cos_dow=13
is_zero=12
sin_month=9
smp_yesterday_min=9
zero_prob_24h=9
season=7
is_spike=6
is_weekend=3

parameters:
[boosting: gbdt]
[objective: regression_l1]
[metric: l1]
[tree_learner: serial]
[device_type: cpu]
[data_sample_strategy: bagging]
[data: ]
[valid: ]
[num_iterations: 3000]
[learning_rate: 0.01]
[num_leaves: 127]
[num_threads: -1]
[seed: 42]
[deterministic: 0]
[force_col_wise: 0]
[force_row_wise: 0]
[histogram_pool_size: -1]
[max_depth: -1]
[min_data_in_leaf: 20]
[min_sum_hessian_in_leaf: 0.001]
[bagging_fraction: 0.8]
[pos_bagging_fraction: 1]
[neg_bagging_fraction: 1]
[bagging_freq: 5]
[bagging_seed: 400]
[bagging_by_query: 0]
[feature_fraction: 0.5]
[feature_fraction_bynode: 1]
[feature_fraction_seed: 30056]
[extra_trees: 0]
[extra_seed: 12879]
[early_stopping_round: 0]
[early_stopping_min_delta: 0]
[first_metric_only: 0]
[max_delta_step: 0]
[lambda_l1: 0]
[lambda_l2: 0]
[linear_lambda: 0]
[min_gain_to_split: 0]
[drop_rate: 0.1]
[max_drop: 50]
[skip_drop: 0.5]
[xgboost_dart_mode: 0]
[uniform_drop: 0]
[drop_seed: 17869]
[top_rate: 0.2]
[other_rate: 0.1]
[min_data_per_group: 100]
[max_cat_threshold: 32]
[cat_l2: 10]
[cat_smooth: 10]
[max_cat_to_onehot: 4]
[top_k: 20]
[monotone_constraints: ]
[monotone_constraints_method: basic]
[monotone_penalty: 0]
[feature_contri: ]
[forcedsplits_filename: ]
[refit_decay_rate: 0.9]
[cegb_tradeoff: 1]
[cegb_penalty_split: 0]
[cegb_penalty_feature_lazy: ]
[cegb_penalty_feature_coupled: ]
[path_smooth: 0]
[interaction_constraints: ]
[verbosity: -1]
[saved_feature_importance_type: 0]
[use_quantized_grad: 0]
[num_grad_quant_bins: 4]
[quant_train_renew_leaf: 0]
[stochastic_rounding: 1]
[linear_tree: 0]
[max_bin: 255]
[max_bin_by_feature: ]
[min_data_in_bin: 3]
[bin_construct_sample_cnt: 200000]
[data_random_seed: 175]
[is_enable_sparse: 1]
[enable_bundle: 1]
[use_missing: 1]
[zero_as_missing: 0]
[feature_pre_filter: 1]
[pre_partition: 0]
[two_round: 0]
[header: 0]
[label_column: ]
[weight_column: ]
[group_column: ]
[ignore_column: ]
[categorical_feature: ]
[forcedbins_filename: ]
[precise_float_parser: 0]
[parser_config_file: ]
[objective_seed: 16083]
[num_class: 1]
[is_unbalance: 0]
[scale_pos_weight: 1]
[sigmoid: 1]
[boost_from_average: 1]
[reg_sqrt: 0]
[alpha: 0.9]
[fair_c: 1]
[poisson_max_delta_step: 0.7]
[tweedie_variance_power: 1.5]
[lambdarank_truncation_level: 30]
[lambdarank_norm: 1]
[label_gain: ]
[lambdarank_position_bias_regularization: 0]
[eval_at: ]
[multi_error_top_k: 1]
[auc_mu_weights: ]
[num_machines: 1]
[local_listen_port: 12400]
[time_out: 120]
[machine_list_filename: ]
[machines: ]
[gpu_platform_id: -1]
[gpu_device_id: -1]
[gpu_use_dp: 0]
[num_gpu: 1]

end of parameters

pandas_categorical:null
